abs_minute,interval_start,spill_kwh,grid_paid_kwh,demand_kwh,soc_start_kwh,soc_end_kwh,charge_kwh,capacity_limited,power_limited
1330,2025-01-01 22:10:00,0.6057666766667956,1384.8989000000001,550.9598,1952.8235462931116,2702.8235462831117,749.99999999,False,True
1370,2025-01-01 22:50:00,2.4027666766667073,1400.0807666666667,564.3446666666666,4162.324384606112,4912.324384596112,749.99999999,False,True
1380,2025-01-01 23:00:00,18.208766676666635,1399.8737666666666,548.3316666666666,4912.324384596112,5662.3243845861125,749.99999999,False,True
1500,2025-01-02 01:00:00,23.81166667666684,1464.5016666666668,607.3566666666666,8523.264180415965,9273.264180406964,749.999999991,False,True
1530,2025-01-02 01:30:00,5.5833333433332575,1469.5466666666666,630.63,9331.352016838964,10081.352016828963,749.99999999,False,True
1580,2025-01-02 02:20:00,3.640838886667658,660.0496641666666,655.2810166666666,10798.984972239,10799.999999991,1.0150277519991462,True,False
1590,2025-01-02 02:30:00,50.94643332523297,726.9431,675.9966666666667,10799.999999991,10799.999999991,0.0,True,False
1600,2025-01-02 02:40:00,11.3821274918997,705.5457941666666,694.1636666666666,10799.999999991,10799.999999991,0.0,True,False
1610,2025-01-02 02:50:00,8.228122491899716,686.1335558333334,677.9054333333333,10799.999999991,10799.999999991,0.0,True,False
1620,2025-01-02 03:00:00,50.969283325232915,704.2092833333332,653.24,10799.999999991,10799.999999991,0.0,True,False
1630,2025-01-02 03:10:00,23.38607182523308,701.4399051666667,678.0538333333333,10799.999999991,10799.999999991,0.0,True,False
1640,2025-01-02 03:20:00,19.549379658566387,709.6292463333333,690.0798666666666,10799.999999991,10799.999999991,0.0,True,False
1650,2025-01-02 03:30:00,40.57256665856651,717.4259000000001,676.8533333333332,10799.999999991,10799.999999991,0.0,True,False
1730,2025-01-02 04:50:00,23.66902215547152,731.618785,678.2314166666666,10773.253488430924,10799.999999991,26.746511560075664,True,False
1740,2025-01-02 05:00:00,73.53449999189976,745.3595,671.8249999999999,10799.999999991,10799.999999991,0.0,True,False
1750,2025-01-02 05:10:00,11.918337325233058,722.4108873333333,710.4925499999999,10799.999999991,10799.999999991,0.0,True,False
1760,2025-01-02 05:20:00,16.779733158566366,738.5311665,721.7514333333334,10799.999999991,10799.999999991,0.0,True,False
1770,2025-01-02 05:30:00,73.52628332523304,765.04795,691.5216666666666,10799.999999991,10799.999999991,0.0,True,False
1780,2025-01-02 05:40:00,77.74004540329828,766.1291454113986,688.3891,10799.999999991,10799.999999991,0.0,True,False
1800,2025-01-02 06:00:00,18.031796925925384,921.7435666666667,901.9316666666666,10798.397907224333,10799.999999991,1.6020927666671874,True,False
2870,2025-01-02 23:50:00,44.8186833433333,1449.5190166666666,571.367,6457.493466088176,7207.493466079176,749.999999991,False,True
2880,2025-01-03 00:00:00,129.5966666766667,1449.45,486.52,7207.493466079176,7957.493466069176,749.99999999,False,True
2890,2025-01-03 00:10:00,103.63155834333348,1429.3567083333335,492.3918166666666,7957.493466069176,8707.493466060176,749.999999991,False,True
2900,2025-01-03 00:20:00,25.67928475535893,1352.4476514120256,493.4350333333333,8707.493466060176,9457.493466051175,749.999999991,False,True
2930,2025-01-03 00:50:00,158.99984167666662,1432.2888583333333,439.95568333333335,9770.518806858176,10520.518806849175,749.999999991,False,True
2950,2025-01-03 01:10:00,74.6411205268608,661.7422545833333,483.7801833333333,10707.011144340175,10799.999999991,92.98885565082529,True,False
2960,2025-01-03 01:20:00,145.25141715856634,667.0932505,521.8418333333333,10799.999999991,10799.999999991,0.0,True,False
2970,2025-01-03 01:30:00,957.2849999918998,1466.755,509.47,10799.999999991,10799.999999991,0.0,True,False
2980,2025-01-03 01:40:00,151.37733790856637,638.6342045833334,487.25686666666667,10799.999999991,10799.999999991,0.0,True,False
2990,2025-01-03 01:50:00,167.62312774189976,657.7323444166667,490.1092166666666,10799.999999991,10799.999999991,0.0,True,False
3000,2025-01-03 02:00:00,174.6354166585663,682.50375,507.86833333333334,10799.999999991,10799.999999991,0.0,True,False
3010,2025-01-03 02:10:00,158.757961075233,658.8619110833333,500.10395,10799.999999991,10799.999999991,0.0,True,False
3020,2025-01-03 02:20:00,190.73997232523297,667.4945556666667,476.75458333333336,10799.999999991,10799.999999991,0.0,True,False
3030,2025-01-03 02:30:00,244.92649999189982,711.6098333333334,466.6833333333333,10799.999999991,10799.999999991,0.0,True,False
3040,2025-01-03 02:40:00,218.0518020752331,710.2671854166667,492.2153833333333,10799.999999991,10799.999999991,0.0,True,False
3050,2025-01-03 02:50:00,165.35372607523308,692.1880760833334,526.83435,10799.999999991,10799.999999991,0.0,True,False
3060,2025-01-03 03:00:00,139.5232416585662,688.5232416666665,549.0,10799.999999991,10799.999999991,0.0,True,False
3070,2025-01-03 03:10:00,142.12851007523304,699.91767675,557.7891666666667,10799.999999991,10799.999999991,0.0,True,False
3080,2025-01-03 03:20:00,145.10947115856638,710.2057545,565.0962833333333,10799.999999991,10799.999999991,0.0,True,False
3090,2025-01-03 03:30:00,136.1890833252331,707.2924166666667,571.1033333333332,10799.999999991,10799.999999991,0.0,True,False
3100,2025-01-03 03:40:00,131.92303799189958,694.5697879999999,562.64675,10799.999999991,10799.999999991,0.0,True,False
3110,2025-01-03 03:50:00,169.28775174189954,703.3226850833332,534.0349333333334,10799.999999991,10799.999999991,0.0,True,False
3120,2025-01-03 04:00:00,197.74322499189984,723.5998916666667,525.8566666666666,10799.999999991,10799.999999991,0.0,True,False
3130,2025-01-03 04:10:00,138.2335686585662,716.6242853333332,578.3907166666667,10799.999999991,10799.999999991,0.0,True,False
3140,2025-01-03 04:20:00,156.60603949189974,718.5104728333333,561.9044333333333,10799.999999991,10799.999999991,0.0,True,False
3150,2025-01-03 04:30:00,241.58368332523307,732.5136833333333,490.92999999999995,10799.999999991,10799.999999991,0.0,True,False
3160,2025-01-03 04:40:00,211.61527682523305,724.1120935,512.4968166666666,10799.999999991,10799.999999991,0.0,True,False
3170,2025-01-03 04:50:00,157.95473874189983,715.0985720833335,557.1438333333333,10799.999999991,10799.999999991,0.0,True,False
3180,2025-01-03 05:00:00,161.74462499189949,718.6696249999998,556.925,10799.999999991,10799.999999991,0.0,True,False
3190,2025-01-03 05:10:00,205.36952357523316,727.1089235833334,521.7393999999999,10799.999999991,10799.999999991,0.0,True,False
3200,2025-01-03 05:20:00,203.57378807523295,740.9675714166666,537.3937833333333,10799.999999991,10799.999999991,0.0,True,False
3210,2025-01-03 05:30:00,137.34929999189987,738.6576333333335,601.3083333333333,10799.999999991,10799.999999991,0.0,True,False
3220,2025-01-03 05:40:00,88.3234956585664,710.606679,622.2831833333332,10799.999999991,10799.999999991,0.0,True,False
3230,2025-01-03 05:50:00,200.60951307523325,784.5048130833335,583.8952999999999,10799.999999991,10799.999999991,0.0,True,False
3240,2025-01-03 06:00:00,382.5699249918998,925.3665916666667,542.7966666666666,10799.999999991,10799.999999991,0.0,True,False
3250,2025-01-03 06:10:00,389.3122004918997,959.5205338333333,570.2083333333333,10799.999999991,10799.999999991,0.0,True,False
3260,2025-01-03 06:20:00,358.61083024189975,945.22088025,586.61005,10799.999999991,10799.999999991,0.0,True,False
3270,2025-01-03 06:30:00,377.81703332523284,938.8003666666665,560.9833333333333,10799.999999991,10799.999999991,0.0,True,False
3280,2025-01-03 06:40:00,389.69222990856645,935.3732299166667,545.6809999999999,10799.999999991,10799.999999991,0.0,True,False
3290,2025-01-03 06:50:00,360.9584787418996,937.9867954166665,577.0283166666666,10799.999999991,10799.999999991,0.0,True,False
3300,2025-01-03 07:00:00,309.9677333252331,941.1694,631.2016666666666,10799.999999991,10799.999999991,0.0,True,False
3310,2025-01-03 07:10:00,266.4065879085664,915.58362125,649.1770333333333,10799.999999991,10799.999999991,0.0,True,False
3320,2025-01-03 07:20:00,236.52781040856652,887.3540270833334,650.8262166666666,10799.999999991,10799.999999991,0.0,True,False
3330,2025-01-03 07:30:00,180.63477499189966,832.9564416666666,652.3216666666666,10799.999999991,10799.999999991,0.0,True,False
3340,2025-01-03 07:40:00,83.48215057523313,733.0272672500001,649.5451166666667,10799.999999991,10799.999999991,0.0,True,False
3350,2025-01-03 07:50:00,152.18826082523285,805.2417274999998,653.0534666666666,10799.999999991,10799.999999991,0.0,True,False
3790,2025-01-03 15:10:00,18.579483593333514,1460.2690335833336,608.3562166666666,6613.762904756743,7363.7629047467435,749.99999999,False,True
3800,2025-01-03 15:20:00,25.206119630368555,1476.607802953702,618.06835,7363.7629047467435,8113.762904736744,749.99999999,False,True
3810,2025-01-03 15:30:00,42.41537501000004,1519.2370416666668,643.4883333333332,8113.762904736744,8863.762904726744,749.99999999,False,True
3820,2025-01-03 15:40:00,123.6182964266669,1579.6429297500003,622.6913,8863.762904726744,9613.762904716743,749.99999999,False,True
3870,2025-01-03 16:30:00,300.99507751610344,953.5862833333329,567.71,10723.606914755494,10799.999999991,76.39308523550645,True,False
3880,2025-01-03 16:40:00,405.45658249189984,996.1501825,590.6936,10799.999999991,10799.999999991,0.0,True,False
3890,2025-01-03 16:50:00,487.39496874189956,1051.6502354166664,564.2552666666666,10799.999999991,10799.999999991,0.0,True,False
3900,2025-01-03 17:00:00,590.4413999919,1089.8647333333336,499.4233333333333,10799.999999991,10799.999999991,0.0,True,False
3910,2025-01-03 17:10:00,577.3457794918996,1076.4282628333333,499.08248333333336,10799.999999991,10799.999999991,0.0,True,False
3920,2025-01-03 17:20:00,559.1228229919001,1055.2569896666669,496.1341666666666,10799.999999991,10799.999999991,0.0,True,False
3930,2025-01-03 17:30:00,587.8413833252333,1062.3780500000003,474.53666666666663,10799.999999991,10799.999999991,0.0,True,False
3940,2025-01-03 17:40:00,605.0797080752326,1093.5595747499995,488.4798666666666,10799.999999991,10799.999999991,0.0,True,False
3950,2025-01-03 17:50:00,493.0350801585662,988.1589468333332,495.12386666666663,10799.999999991,10799.999999991,0.0,True,False
3960,2025-01-03 18:00:00,326.4435166585662,802.9485166666665,476.505,10799.999999991,10799.999999991,0.0,True,False
3970,2025-01-03 18:10:00,307.17650065856657,768.4876006666668,461.31109999999995,10799.999999991,10799.999999991,0.0,True,False
3980,2025-01-03 18:20:00,320.67317482523316,783.7916415000001,463.1184666666666,10799.999999991,10799.999999991,0.0,True,False
3990,2025-01-03 18:30:00,304.23473332523275,772.5480666666664,468.31333333333333,10799.999999991,10799.999999991,0.0,True,False
4000,2025-01-03 18:40:00,312.24200424189985,764.2369709166668,451.99496666666664,10799.999999991,10799.999999991,0.0,True,False
4010,2025-01-03 18:50:00,333.9011819085663,768.8144485833333,434.9132666666667,10799.999999991,10799.999999991,0.0,True,False
4210,2025-01-03 22:10:00,162.31530000999987,1404.6072833333333,408.95865000000003,6983.255502306706,7733.255502297706,749.999999991,False,True
4220,2025-01-03 22:20:00,170.55298334333327,1419.9657166666666,416.07939999999996,7733.255502297706,8483.255502287706,749.99999999,False,True
4230,2025-01-03 22:30:00,177.04000001000009,1420.7166666666667,410.3433333333333,8483.255502287706,9233.255502277705,749.99999999,False,True
4260,2025-01-03 23:00:00,129.11322301377425,1384.3532230037742,421.90666666666664,9575.025258184705,10325.025258175705,749.999999991,False,True
4290,2025-01-03 23:30:00,845.7022060185608,1435.5083333333334,448.15666666666664,10672.515485407705,10799.999999991,127.48451458329541,True,False
4300,2025-01-03 23:40:00,991.5468416585664,1443.6099916666667,452.06315,10799.999999991,10799.999999991,0.0,True,False
4310,2025-01-03 23:50:00,967.9235416585666,1427.1096750000002,459.18613333333326,10799.999999991,10799.999999991,0.0,True,False
4320,2025-01-04 00:00:00,90.72833333523138,551.3183333433317,460.59,10799.999999991,10799.999999991,0.0,True,False
4330,2025-01-04 00:10:00,127.484022214122,576.949738888889,449.46571666666665,10799.999999991,10799.999999991,0.0,True,False
4340,2025-01-04 00:20:00,108.77967221412197,568.4776222222223,459.69795,10799.999999991,10799.999999991,0.0,True,False
4350,2025-01-04 00:30:00,99.40296899189954,573.8696356666666,474.4666666666667,10799.999999991,10799.999999991,0.0,True,False
4360,2025-01-04 00:40:00,140.22386432523294,584.0305643333332,443.8067,10799.999999991,10799.999999991,0.0,True,False
4370,2025-01-04 00:50:00,149.64121110301082,576.3457944444444,426.7045833333333,10799.999999991,10799.999999991,0.0,True,False
4380,2025-01-04 01:00:00,100.09888888078862,556.3838888888889,456.28499999999997,10799.999999991,10799.999999991,0.0,True,False
4390,2025-01-04 01:10:00,95.5587841585664,597.3424175,501.7836333333333,10799.999999991,10799.999999991,0.0,True,False
4400,2025-01-04 01:20:00,127.60816310301092,623.8945297777778,496.2863666666666,10799.999999991,10799.999999991,0.0,True,False
4410,2025-01-04 01:30:00,198.84576705774552,661.7141003991792,462.86833333333334,10799.999999991,10799.999999991,0.0,True,False
4420,2025-01-04 01:40:00,109.00397726967739,593.047660611111,484.0436833333333,10799.999999991,10799.999999991,0.0,True,False
4430,2025-01-04 01:50:00,116.08562732523305,606.7590606666666,490.67343333333326,10799.999999991,10799.999999991,0.0,True,False
4440,2025-01-04 02:00:00,156.13729443634404,629.3706277777777,473.23333333333335,10799.999999991,10799.999999991,0.0,True,False
4450,2025-01-04 02:10:00,117.34891354745534,610.9436302222223,493.5947166666666,10799.999999991,10799.999999991,0.0,True,False
4460,2025-01-04 02:20:00,101.2640107141219,608.6821107222222,507.4181,10799.999999991,10799.999999991,0.0,True,False
4470,2025-01-04 02:30:00,131.7144999918996,634.6344999999999,502.91999999999996,10799.999999991,10799.999999991,0.0,True,False
4480,2025-01-04 02:40:00,127.76922188078854,642.5054052222222,514.7361833333333,10799.999999991,10799.999999991,0.0,True,False
4490,2025-01-04 02:50:00,118.85571088078868,642.338510888889,523.4828,10799.999999991,10799.999999991,0.0,True,False
4500,2025-01-04 03:00:00,127.49549443634416,647.5054944444445,520.01,10799.999999991,10799.999999991,0.0,True,False
4510,2025-01-04 03:10:00,139.4690983807886,658.119398388889,518.6503,10799.999999991,10799.999999991,0.0,True,False
4520,2025-01-04 03:20:00,138.40761026967752,667.4868936111111,529.0792833333333,10799.999999991,10799.999999991,0.0,True,False
4530,2025-01-04 03:30:00,130.4687555474553,667.6070888888889,537.1383333333333,10799.999999991,10799.999999991,0.0,True,False
4540,2025-01-04 03:40:00,132.7633761585664,656.2219095,523.4585333333333,10799.999999991,10799.999999991,0.0,True,False
4550,2025-01-04 03:50:00,118.31418382523302,652.2337838333333,533.9196,10799.999999991,10799.999999991,0.0,True,False
4560,2025-01-04 04:00:00,112.00738332523312,662.9440500000001,550.9366666666666,10799.999999991,10799.999999991,0.0,True,False
4570,2025-01-04 04:10:00,162.5018196030106,676.3303362777776,513.8285166666667,10799.999999991,10799.999999991,0.0,True,False
4580,2025-01-04 04:20:00,166.99112065856625,671.9275039999999,504.9363833333333,10799.999999991,10799.999999991,0.0,True,False
4590,2025-01-04 04:30:00,120.22008888078867,656.895088888889,536.675,10799.999999991,10799.999999991,0.0,True,False
4600,2025-01-04 04:40:00,118.66370271412197,658.6986360555557,540.0349333333334,10799.999999991,10799.999999991,0.0,True,False
4610,2025-01-04 04:50:00,123.26499749189972,668.0184308333334,544.7534333333333,10799.999999991,10799.999999991,0.0,True,False
4620,2025-01-04 05:00:00,104.92066665856632,670.324,565.4033333333333,10799.999999991,10799.999999991,0.0,True,False
4630,2025-01-04 05:10:00,86.37933749189968,663.8697041666667,577.4903666666667,10799.999999991,10799.999999991,0.0,True,False
4640,2025-01-04 05:20:00,112.85304654745548,678.483579888889,565.6305333333332,10799.999999991,10799.999999991,0.0,True,False
4650,2025-01-04 05:30:00,152.36094999189967,698.8876166666666,546.5266666666666,10799.999999991,10799.999999991,0.0,True,False
4660,2025-01-04 05:40:00,135.20534004745505,687.3868400555554,552.1814999999999,10799.999999991,10799.999999991,0.0,True,False
4670,2025-01-04 05:50:00,164.10311171412192,723.4739283888889,559.3708166666667,10799.999999991,10799.999999991,0.0,True,False
4680,2025-01-04 06:00:00,249.6212499918997,803.27125,553.65,10799.999999991,10799.999999991,0.0,True,False
4690,2025-01-04 06:10:00,288.4987614363441,835.430928111111,546.9321666666666,10799.999999991,10799.999999991,0.0,True,False
4700,2025-01-04 06:20:00,268.84030399189976,831.5500373333334,562.7097333333334,10799.999999991,10799.999999991,0.0,True,False
4710,2025-01-04 06:30:00,241.75952221412192,818.4711888888888,576.7116666666666,10799.999999991,10799.999999991,0.0,True,False
4720,2025-01-04 06:40:00,262.0218521585665,810.6407688333334,548.6189166666666,10799.999999991,10799.999999991,0.0,True,False
4730,2025-01-04 06:50:00,253.45260232523296,823.4375856666666,569.9849833333333,10799.999999991,10799.999999991,0.0,True,False
4740,2025-01-04 07:00:00,204.22425554745556,843.5942555555557,639.3699999999999,10799.999999991,10799.999999991,0.0,True,False
4750,2025-01-04 07:10:00,164.2403344918997,822.7689511666666,658.5286166666666,10799.999999991,10799.999999991,0.0,True,False
4760,2025-01-04 07:20:00,143.65961354745534,790.4616135555556,646.8019999999999,10799.999999991,10799.999999991,0.0,True,False
4770,2025-01-04 07:30:00,114.37848332523295,740.1868166666666,625.8083333333333,10799.999999991,10799.999999991,0.0,True,False
4780,2025-01-04 07:40:00,58.48985154745518,657.6755348888887,599.1856833333333,10799.999999991,10799.999999991,0.0,True,False
5330,2025-01-04 16:50:00,294.8967459649594,883.7045985,537.80945,10754.101437709463,10799.999999991,45.89856228153655,True,False
5340,2025-01-04 17:00:00,425.59516665856654,897.5035000000001,471.9083333333333,10799.999999991,10799.999999991,0.0,True,False
5350,2025-01-04 17:10:00,409.7717944918997,888.9704945,479.1987,10799.999999991,10799.999999991,0.0,True,False
5360,2025-01-04 17:20:00,379.1346069918994,873.5236736666664,494.3890666666667,10799.999999991,10799.999999991,0.0,True,False
5370,2025-01-04 17:30:00,388.5112888807886,871.1762888888888,482.66499999999996,10799.999999991,10799.999999991,0.0,True,False
5380,2025-01-04 17:40:00,425.71813738078885,896.7511373888891,471.03299999999996,10799.999999991,10799.999999991,0.0,True,False
5390,2025-01-04 17:50:00,357.7248587696774,828.7421587777776,471.0173,10799.999999991,10799.999999991,0.0,True,False
5400,2025-01-04 18:00:00,223.03072776967767,698.8990611111113,475.86833333333334,10799.999999991,10799.999999991,0.0,True,False
5410,2025-01-04 18:10:00,194.91432810301077,670.7085447777778,475.79421666666667,10799.999999991,10799.999999991,0.0,True,False
5420,2025-01-04 18:20:00,180.9743678807886,681.5301178888889,500.55575,10799.999999991,10799.999999991,0.0,True,False
5430,2025-01-04 18:30:00,154.34462221412204,675.8196222222223,521.4749999999999,10799.999999991,10799.999999991,0.0,True,False
5440,2025-01-04 18:40:00,189.2559524918996,664.6762524999999,475.4203,10799.999999991,10799.999999991,0.0,True,False
5640,2025-01-04 22:00:00,134.65621959824648,1363.1845529215798,395.195,5034.697051575891,5784.697051566891,749.999999991,False,True
5650,2025-01-04 22:10:00,97.32028334333357,1350.5021833333335,419.8485666666666,5784.697051566891,6534.697051556891,749.99999999,False,True
5660,2025-01-04 22:20:00,94.1396222322221,1363.114722222222,435.6417666666667,6534.697051556891,7284.697051546891,749.99999999,False,True
5670,2025-01-04 22:30:00,111.02333334333342,1361.7033333333334,417.34666666666664,7284.697051546891,8034.697051536891,749.99999999,False,True
5680,2025-01-04 22:40:00,101.67718889888896,1366.3430555555556,431.3325333333333,8034.697051536891,8784.697051526891,749.99999999,False,True
5700,2025-01-04 23:00:00,114.56611112111112,1341.391111111111,393.4916666666666,8889.934679517892,9639.93467950789,749.99999999,False,True
5730,2025-01-04 23:30:00,94.6872222322222,1384.168888888889,456.1483333333333,9842.744906939892,10592.744906929891,749.99999999,False,True
5740,2025-01-04 23:40:00,743.9307854876566,1390.8721555555555,416.6579333333333,10592.744906929891,10799.999999991,207.25509306110905,True,False
5750,2025-01-04 23:50:00,904.4339055474552,1382.2462722222222,477.81236666666666,10799.999999991,10799.999999991,0.0,True,False
8720,2025-01-07 01:20:00,281.8921073557671,1435.0271138888888,641.8623,10339.85456411119,10799.999999991,460.14543587980955,True,False
8730,2025-01-07 01:30:00,71.80930554745507,676.6993055555554,604.89,10799.999999991,10799.999999991,0.0,True,False
8740,2025-01-07 01:40:00,55.90011779423978,661.4049844690068,605.5048666666667,10799.999999991,10799.999999991,0.0,True,False
8750,2025-01-07 01:50:00,4.987866658566395,637.8130166666666,632.8251499999999,10799.999999991,10799.999999991,0.0,True,False
8760,2025-01-07 02:00:00,5.393472214121834,665.7968055555555,660.4033333333333,10799.999999991,10799.999999991,0.0,True,False
8770,2025-01-07 02:10:00,51.427134714122055,722.1221513888889,670.6950166666666,10799.999999991,10799.999999991,0.0,True,False
8780,2025-01-07 02:20:00,59.5607569363443,734.0225569444445,674.4617999999999,10799.999999991,10799.999999991,0.0,True,False
8790,2025-01-07 02:30:00,34.91638888078851,711.9463888888888,677.03,10799.999999991,10799.999999991,0.0,True,False
8800,2025-01-07 02:40:00,58.39470693634414,730.5576569444444,672.1629499999999,10799.999999991,10799.999999991,0.0,True,False
8810,2025-01-07 02:50:00,74.86594165856636,732.7450583333333,657.8791166666666,10799.999999991,10799.999999991,0.0,True,False
8820,2025-01-07 03:00:00,55.5156944363441,701.0656944444444,645.55,10799.999999991,10799.999999991,0.0,True,False
8830,2025-01-07 03:10:00,34.28001804745518,683.7581347222222,649.4781166666667,10799.999999991,10799.999999991,0.0,True,False
8840,2025-01-07 03:20:00,47.22041943634404,695.7376694444444,648.51725,10799.999999991,10799.999999991,0.0,True,False
8850,2025-01-07 03:30:00,68.17708332523316,713.3487500000001,645.1716666666666,10799.999999991,10799.999999991,0.0,True,False
8860,2025-01-07 03:40:00,42.49824582523318,703.9500625000002,661.4518166666667,10799.999999991,10799.999999991,0.0,True,False
8870,2025-01-07 03:50:00,45.05059026967738,713.830823611111,668.7802333333333,10799.999999991,10799.999999991,0.0,True,False
8880,2025-01-07 04:00:00,74.09347221412165,744.5434722222219,670.4499999999999,10799.999999991,10799.999999991,0.0,True,False
8890,2025-01-07 04:10:00,48.12866388078849,743.6926638888888,695.564,10799.999999991,10799.999999991,0.0,True,False
8900,2025-01-07 04:20:00,4.719734714122046,704.4185347222223,699.6987999999999,10799.999999991,10799.999999991,0.0,True,False
8920,2025-01-07 04:40:00,46.6244676220855,737.2356541666667,689.5033333333333,10799.002932100877,10799.999999991,0.9970678901230648,True,False
8930,2025-01-07 04:50:00,68.36790415856657,782.6033708333335,714.2354666666666,10799.999999991,10799.999999991,0.0,True,False
8940,2025-01-07 05:00:00,27.842499991899878,761.9208333333336,734.0783333333334,10799.999999991,10799.999999991,0.0,True,False
9000,2025-01-07 06:00:00,85.1624877861851,991.7068055555554,893.7950000000001,10788.525613998567,10799.999999991,11.474385992433238,True,False
9010,2025-01-07 06:10:00,120.57216665856643,1003.9341666666667,883.3619999999999,10799.999999991,10799.999999991,0.0,True,False
9020,2025-01-07 06:20:00,72.89295832523325,959.9020083333335,887.0090499999999,10799.999999991,10799.999999991,0.0,True,False
9030,2025-01-07 06:30:00,20.30569443634429,954.1923611111112,933.8866666666665,10799.999999991,10799.999999991,0.0,True,False
9040,2025-01-07 06:40:00,44.66226804745553,974.7611180555558,930.09885,10799.999999991,10799.999999991,0.0,True,False
9050,2025-01-07 06:50:00,45.08979860301074,954.2101152777776,909.1203166666666,10799.999999991,10799.999999991,0.0,True,False
9060,2025-01-07 07:00:00,18.59774304745497,918.084409722222,899.4866666666667,10799.999999991,10799.999999991,0.0,True,False
9070,2025-01-07 07:10:00,39.499648603011074,936.2114486111115,896.7118,10799.999999991,10799.999999991,0.0,True,False
10120,2025-01-08 00:40:00,137.08171677384135,922.8242919714976,566.1060166666666,10602.32709731311,10799.999999991,197.67290267789065,True,False
10130,2025-01-08 00:50:00,120.91305415856638,688.0860041666666,567.1729499999999,10799.999999991,10799.999999991,0.0,True,False
10140,2025-01-08 01:00:00,96.58416665856643,716.4008333333334,619.8166666666666,10799.999999991,10799.999999991,0.0,True,False
10150,2025-01-08 01:10:00,98.83265832523293,720.2767916666666,621.4441333333333,10799.999999991,10799.999999991,0.0,True,False
10160,2025-01-08 01:20:00,311.7145179102797,909.16651791838,597.452,10799.999999991,10799.999999991,0.0,True,False
10170,2025-01-08 01:30:00,116.69458332523308,719.40625,602.7116666666666,10799.999999991,10799.999999991,0.0,True,False
10180,2025-01-08 01:40:00,4.225391658566286,659.8834583333332,655.6580666666666,10799.999999991,10799.999999991,0.0,True,False
10190,2025-01-08 01:50:00,17.05589165856643,668.8603083333334,651.8044166666666,10799.999999991,10799.999999991,0.0,True,False
10200,2025-01-08 02:00:00,120.36541665856643,740.9454166666667,620.5799999999999,10799.999999991,10799.999999991,0.0,True,False
10210,2025-01-08 02:10:00,67.82745415856638,752.0432875,684.2158333333333,10799.999999991,10799.999999991,0.0,True,False
10220,2025-01-08 02:20:00,78.70569582523316,766.3335958333334,687.6279,10799.999999991,10799.999999991,0.0,True,False
10230,2025-01-08 02:30:00,168.9308333252329,798.5941666666665,629.6633333333333,10799.999999991,10799.999999991,0.0,True,False
10240,2025-01-08 02:40:00,121.63006249189968,789.4791624999999,667.8490999999999,10799.999999991,10799.999999991,0.0,True,False
10250,2025-01-08 02:50:00,74.60226665856632,774.1787166666667,699.57645,10799.999999991,10799.999999991,0.0,True,False
10260,2025-01-08 03:00:00,84.83624999189962,762.8645833333333,678.0283333333333,10799.999999991,10799.999999991,0.0,True,False
10270,2025-01-08 03:10:00,67.16872082523307,735.1451875,667.9764666666666,10799.999999991,10799.999999991,0.0,True,False
10280,2025-01-08 03:20:00,56.914083325233015,743.2221166666667,686.3080333333334,10799.999999991,10799.999999991,0.0,True,False
10290,2025-01-08 03:30:00,52.25374999189987,765.0887500000002,712.835,10799.999999991,10799.999999991,0.0,True,False
10300,2025-01-08 03:40:00,11.421129158566464,728.9174458333334,717.4963166666666,10799.999999991,10799.999999991,0.0,True,False
10310,2025-01-08 03:50:00,5.228787491899629,729.5932541666666,724.3644666666667,10799.999999991,10799.999999991,0.0,True,False
10320,2025-01-08 04:00:00,36.844583325232726,776.9512499999997,740.1066666666667,10799.999999991,10799.999999991,0.0,True,False
10330,2025-01-08 04:10:00,38.582558325232846,780.2108083333331,741.62825,10799.999999991,10799.999999991,0.0,True,False
10340,2025-01-08 04:20:00,43.50723749189988,757.1069708333334,713.5997333333332,10799.999999991,10799.999999991,0.0,True,False
10350,2025-01-08 04:30:00,64.68958332523297,753.4979166666667,688.8083333333334,10799.999999991,10799.999999991,0.0,True,False
10360,2025-01-08 04:40:00,80.59127082523307,796.3545375,715.7632666666666,10799.999999991,10799.999999991,0.0,True,False
10370,2025-01-08 04:50:00,113.18877082523315,839.2081541666668,726.0193833333333,10799.999999991,10799.999999991,0.0,True,False
10380,2025-01-08 05:00:00,127.2208333252332,827.9541666666668,700.7333333333332,10799.999999991,10799.999999991,0.0,True,False
10390,2025-01-08 05:10:00,66.51132320618544,754.724806547619,688.2134833333332,10799.999999991,10799.999999991,0.0,True,False
10400,2025-01-08 05:20:00,57.543991658566235,745.6712583333332,688.1272666666666,10799.999999991,10799.999999991,0.0,True,False
10410,2025-01-08 05:30:00,87.09791665856662,777.1295833333335,690.0316666666665,10799.999999991,10799.999999991,0.0,True,False
10420,2025-01-08 05:40:00,30.187447610947597,735.8101309523812,705.6226833333333,10799.999999991,10799.999999991,0.0,True,False
10430,2025-01-08 05:50:00,49.39994165856613,865.1728249999998,815.7728833333333,10799.999999991,10799.999999991,0.0,True,False
10440,2025-01-08 06:00:00,156.4945833252327,1100.0962499999996,943.6016666666666,10799.999999991,10799.999999991,0.0,True,False
10450,2025-01-08 06:10:00,183.1194476109475,1104.074930952381,920.9554833333333,10799.999999991,10799.999999991,0.0,True,False
10460,2025-01-08 06:20:00,141.1148999918997,1046.96065,905.84575,10799.999999991,10799.999999991,0.0,True,False
10470,2025-01-08 06:30:00,119.96291665856629,1059.4212499999999,939.4583333333333,10799.999999991,10799.999999991,0.0,True,False
10480,2025-01-08 06:40:00,181.0596053490425,1092.0774720238096,911.0178666666667,10799.999999991,10799.999999991,0.0,True,False
10490,2025-01-08 06:50:00,166.7260791585663,1064.8414958333333,898.1154166666666,10799.999999991,10799.999999991,0.0,True,False
10500,2025-01-08 07:00:00,95.8862351109471,1010.9362351190474,915.05,10799.999999991,10799.999999991,0.0,True,False
10510,2025-01-08 07:10:00,121.75077677761418,1019.2020934523812,897.4513166666667,10799.999999991,10799.999999991,0.0,True,False
10520,2025-01-08 07:20:00,87.09681249190044,998.4279458333341,911.3311333333332,10799.999999991,10799.999999991,0.0,True,False
11400,2025-01-08 22:00:00,26.61666667666679,1393.8333333333335,533.8833333333333,3505.489759789949,4255.489759779949,749.99999999,False,True
11410,2025-01-08 22:10:00,44.04568334333339,1384.2931333333333,506.91411666666664,4255.489759779949,5005.489759769949,749.99999999,False,True
11430,2025-01-08 22:30:00,33.141666676666766,1420.2283333333335,553.7533333333333,5088.753814760948,5838.753814750949,749.99999999,False,True
11440,2025-01-08 22:40:00,56.29330001000016,1426.9213166666668,537.2946833333333,5838.753814750949,6588.753814740949,749.99999999,False,True
11450,2025-01-08 22:50:00,10.435750010000099,1397.678,553.9089166666666,6588.753814740949,7338.753814730949,749.99999999,False,True
11480,2025-01-08 23:20:00,81.5857000100002,1480.6033333333335,565.6842999999999,8290.92732471295,9040.927324702949,749.99999999,False,True
12870,2025-01-09 22:30:00,35.4033866626886,1420.8733866526886,552.1366666666667,1908.1211719603211,2658.1211719503212,749.99999999,False,True
12880,2025-01-09 22:40:00,11.138571383733726,1429.2940380404004,584.8221333333333,2658.1211719503212,3408.1211719403213,749.99999999,False,True
12920,2025-01-09 23:20:00,37.04728871441886,1439.8679720377522,569.48735,4830.9818390559085,5580.981839045909,749.99999999,False,True
12930,2025-01-09 23:30:00,9.314295371771316,1449.8792953617713,607.2316666666666,5580.981839045909,6330.981839035909,749.99999999,False,True
12940,2025-01-09 23:40:00,3.47566875544475,1461.3484854121114,624.5394833333332,6330.981839035909,7080.981839025909,749.99999999,False,True
13040,2025-01-10 01:20:00,32.26262695493539,1346.3254769449354,480.72951666666665,9213.044452054228,9963.044452044227,749.99999999,False,True
14330,2025-01-10 22:50:00,3.4354296649465743,1246.1557963216133,409.3870333333333,3218.5380466385036,3968.5380466285037,749.99999999,False,True
14340,2025-01-10 23:00:00,9.857532078277693,1255.000865401611,411.81,3968.5380466285037,4718.538046618503,749.99999999,False,True
14370,2025-01-10 23:30:00,38.38665222507415,1281.2699855484075,409.55,6198.414606083659,6948.414606073659,749.99999999,False,True
14380,2025-01-10 23:40:00,54.44094630268432,1285.1824962926844,397.4082166666667,6948.414606073659,7698.414606063659,749.99999999,False,True
15760,2025-01-11 22:40:00,3.5184910499605087,1264.6507743732939,427.79895,1960.6234939356993,2710.623493925699,749.99999999,False,True
15770,2025-01-11 22:50:00,3.5951045112288886,1250.9992711678956,414.0708333333333,2710.623493925699,3460.6234939156993,749.99999999,False,True
15790,2025-01-11 23:10:00,31.55726442977845,1276.051331086445,411.16073333333327,4175.767144878659,4925.767144868659,749.99999999,False,True
15810,2025-01-11 23:30:00,30.181864813908184,1289.4685314705748,425.95333333333326,5606.653325310125,6356.653325300125,749.99999999,False,True
17200,2025-01-12 22:40:00,4.5160670131672225,1422.9624670031671,585.1130666666666,2650.2451824880654,3400.2451824780655,749.99999999,False,True
17240,2025-01-12 23:20:00,5.436600185639114,1437.2055168423058,598.4355833333333,5473.675600749035,6223.6756007400345,749.999999991,False,True
17250,2025-01-12 23:30:00,32.586799859526074,1419.7701331828594,553.8499999999999,6223.6756007400345,6973.675600731034,749.999999991,False,True
17260,2025-01-12 23:40:00,8.566977405030904,1448.0614607283642,606.1611499999999,6973.675600731034,7723.675600722034,749.999999991,False,True
17320,2025-01-13 00:40:00,1.4288884181937567,1438.5129384081938,603.7507166666667,8468.278652894858,9218.278652884857,749.99999999,False,True
18400,2025-01-13 18:40:00,67.90896480261758,798.4777063057713,705.1073833333332,10777.084777638162,10799.999999991,22.915222352838462,True,False
18410,2025-01-13 18:50:00,82.62620612817827,779.1990728029452,696.5728666666666,10799.999999991,10799.999999991,0.0,True,False
18630,2025-01-13 22:30:00,36.14836309273311,1399.553363082733,530.0716666666666,2067.1224699209524,2817.1224699109525,749.99999999,False,True
18680,2025-01-13 23:20:00,43.42795305999538,1453.2099030499953,576.4486166666666,5646.921354336925,6396.921354327925,749.999999991,False,True
18760,2025-01-14 00:40:00,13.155963510266353,1461.0766135002664,614.5873166666667,7779.859153138377,8529.859153128376,749.99999999,False,True
18770,2025-01-14 00:50:00,53.139271992906735,1501.5883386495734,615.1157333333333,8529.859153128376,9279.859153118376,749.99999999,False,True
20070,2025-01-14 22:30:00,14.990908666008515,1396.5275753226751,548.2033333333333,1887.681304016458,2637.681304007458,749.999999991,False,True
21530,2025-01-15 22:50:00,22.84261117314258,1389.3448778298093,533.1689333333334,3270.7987104000695,4020.7987103910696,749.999999991,False,True
21540,2025-01-15 23:00:00,38.68397202453888,1414.6239720145388,542.6066666666666,4020.7987103910696,4770.79871038207,749.999999991,False,True
21550,2025-01-15 23:10:00,14.085667994630278,1413.1618013179636,565.7428,4770.79871038207,5520.798710373069,749.999999991,False,True
21570,2025-01-15 23:30:00,4.153085146937307,1427.034751803604,589.5483333333333,6270.050448229378,7020.050448220378,749.999999991,False,True
21640,2025-01-16 00:40:00,24.23509763869071,1464.4067476286907,606.8383166666666,7837.730285496877,8587.730285486876,749.99999999,False,True
21680,2025-01-16 01:20:00,2.3003009113248174,1493.4568175679915,657.8231833333333,8735.154589171218,9485.154589161217,749.99999999,False,True
22960,2025-01-16 22:40:00,19.19936152487559,1420.153694848209,567.621,3053.579318719189,3803.579318710189,749.999999991,False,True
22970,2025-01-16 22:50:00,30.086198341469633,1445.1163649981363,581.6968333333333,3803.579318710189,4553.579318701189,749.999999991,False,True
22980,2025-01-16 23:00:00,15.246211024036931,1440.721211014037,592.1416666666667,4553.579318701189,5303.579318692188,749.999999991,False,True
22990,2025-01-16 23:10:00,5.032869680434252,1411.6166696704342,573.2504666666666,5303.579318692188,6053.579318682188,749.99999999,False,True
23050,2025-01-17 00:10:00,63.194418069394594,1272.7405180593946,376.21276666666665,7936.470215797749,8686.47021578775,749.99999999,False,True
23160,2025-01-17 02:00:00,11.008808139452526,540.185651006698,467.7066666666666,10744.676841410479,10799.999999991,55.323158580520975,True,False
23170,2025-01-17 02:10:00,12.851632718167627,499.4278493929346,486.57621666666665,10799.999999991,10799.999999991,0.0,True,False
23180,2025-01-17 02:20:00,0.7550961827697961,490.83521285753676,490.08011666666664,10799.999999991,10799.999999991,0.0,True,False
23190,2025-01-17 02:30:00,34.45444230558028,512.9661089803473,478.51166666666666,10799.999999991,10799.999999991,0.0,True,False
23200,2025-01-17 02:40:00,5.316913145576711,505.8743464870103,500.5574333333333,10799.999999991,10799.999999991,0.0,True,False
23220,2025-01-17 03:00:00,24.561554594441834,524.2879256206052,494.0933333333333,10794.930266067453,10799.999999991,5.069733923547023,True,False
23230,2025-01-17 03:10:00,58.05739106446337,567.304524405897,509.24713333333335,10799.999999991,10799.999999991,0.0,True,False
23240,2025-01-17 03:20:00,15.010804512696245,549.4002545207965,534.3894499999999,10799.999999991,10799.999999991,0.0,True,False
24390,2025-01-17 22:30:00,32.85849516627285,1245.5451618229395,379.3533333333333,2291.681892898581,3041.681892889581,749.999999991,False,True
24400,2025-01-17 22:40:00,32.50805993926178,1250.8884932625951,385.0471,3041.681892889581,3791.681892880581,749.999999991,False,True
24430,2025-01-17 23:10:00,15.374768393329411,1282.3306517166627,433.62254999999993,5220.064915302147,5970.064915293146,749.999999991,False,True
24440,2025-01-17 23:20:00,20.699752259203926,1284.514802249204,430.48171666666667,5970.064915293146,6720.064915284146,749.999999991,False,True
24520,2025-01-18 00:40:00,14.325650790715137,1297.2073674473818,449.54838333333333,9032.369814504884,9782.369814494883,749.99999999,False,True
24560,2025-01-18 01:20:00,72.84286869479682,1334.5513353514634,428.3751333333333,9828.330684667253,10578.330684657252,749.99999999,False,True
24620,2025-01-18 02:20:00,40.32918952470166,524.1880535123837,472.83113333333336,10790.075042402086,10799.999999991,9.924957588913818,True,False
24630,2025-01-18 02:30:00,27.274633398398443,533.322966739832,506.0483333333333,10799.999999991,10799.999999991,0.0,True,False
24640,2025-01-18 02:40:00,12.707165138696586,517.9898651467969,505.2827,10799.999999991,10799.999999991,0.0,True,False
24650,2025-01-18 02:50:00,22.87329833645058,525.3193483445509,502.44605,10799.999999991,10799.999999991,0.0,True,False
24660,2025-01-18 03:00:00,34.45330856311771,549.1149752378847,514.6616666666666,10799.999999991,10799.999999991,0.0,True,False
24670,2025-01-18 03:10:00,34.638917036046884,552.2907837108138,517.6518666666666,10799.999999991,10799.999999991,0.0,True,False
24680,2025-01-18 03:20:00,46.29210117963519,546.6572845210688,500.36518333333333,10799.999999991,10799.999999991,0.0,True,False
24690,2025-01-18 03:30:00,114.6852986574713,593.7302986655716,479.04499999999996,10799.999999991,10799.999999991,0.0,True,False
24700,2025-01-18 03:40:00,46.629650649872964,534.3102339913066,487.68058333333335,10799.999999991,10799.999999991,0.0,True,False
25850,2025-01-18 22:50:00,13.885511429874775,1248.2752780865414,401.0564333333333,3732.3756827282523,4482.375682719252,749.999999991,False,True
25860,2025-01-18 23:00:00,28.77228564404185,1258.9356189673751,396.83,4482.375682719252,5232.375682710252,749.999999991,False,True
25890,2025-01-18 23:30:00,5.721336434954757,1264.824669758288,425.77,6699.765318006038,7449.765317996038,749.99999999,False,True
25930,2025-01-19 00:10:00,16.00783139910026,1486.2056313891003,636.8644666666667,7765.424274791248,8515.424274781248,749.99999999,False,True
25950,2025-01-19 00:30:00,15.56244735112761,1443.0691140077943,594.1733333333333,8568.018881704209,9318.018881694208,749.99999999,False,True
25960,2025-01-19 00:40:00,8.273876544689749,1462.270309868023,620.6631,9318.018881694208,10068.018881685208,749.999999991,False,True
26180,2025-01-19 04:20:00,36.416443983956334,701.9391909897519,663.4198666666666,10798.107407685784,10799.999999991,1.8925923052160178,True,False
26190,2025-01-19 04:30:00,5.039504328273642,691.1345043363739,686.0949999999999,10799.999999991,10799.999999991,0.0,True,False
26200,2025-01-19 04:40:00,2.6441592196081047,689.9422925610418,687.2981333333333,10799.999999991,10799.999999991,0.0,True,False
26210,2025-01-19 04:50:00,25.067959567633558,700.9866929090672,675.9187333333333,10799.999999991,10799.999999991,0.0,True,False
26220,2025-01-19 05:00:00,32.05696047984927,708.3902938212829,676.3333333333333,10799.999999991,10799.999999991,0.0,True,False
26260,2025-01-19 05:40:00,8.7122999643092,681.7569840346464,656.88555,10785.456779327696,10799.999999991,14.543220663303504,True,False
26270,2025-01-19 05:50:00,19.523894047128962,752.5785940552292,733.0546999999999,10799.999999991,10799.999999991,0.0,True,False
26280,2025-01-19 06:00:00,16.0111600638729,905.4111600719731,889.3999999999999,10799.999999991,10799.999999991,0.0,True,False
26290,2025-01-19 06:10:00,31.87634692083075,933.8522802622643,901.9759333333333,10799.999999991,10799.999999991,0.0,True,False
26300,2025-01-19 06:20:00,17.504410379920287,912.9618603880206,895.45745,10799.999999991,10799.999999991,0.0,True,False
27250,2025-01-19 22:10:00,8.879233051916565,1384.5652497085832,542.3526833333333,1545.629557609063,2295.629557599063,749.99999999,False,True
27280,2025-01-19 22:40:00,3.008144374939085,1419.2978110316058,582.9563333333333,3005.4487594136403,3755.4487594046404,749.999999991,False,True
27290,2025-01-19 22:50:00,1.6060074802639894,1415.7297741369307,580.7904333333333,3755.4487594046404,4505.448759394641,749.99999999,False,True
27310,2025-01-19 23:10:00,6.121975781514826,1445.8024424381815,606.3471333333333,5230.665720347684,5980.665720337684,749.99999999,False,True
27320,2025-01-19 23:20:00,7.3863312282921845,1432.7770478849588,592.0573833333333,5980.665720337684,6730.6657203276845,749.99999999,False,True
27370,2025-01-20 00:10:00,3.014135188002334,1442.5682685113356,606.2207999999999,8459.380904579293,9209.380904569292,749.99999999,False,True
28690,2025-01-20 22:10:00,23.26674184860007,1399.3840585052667,542.7839833333333,1679.9442915958887,2429.9442915858885,749.99999999,False,True
28730,2025-01-20 22:50:00,57.46799074182183,1439.4387073984885,548.6373833333333,3887.808890958476,4637.808890948476,749.99999999,False,True
28740,2025-01-20 23:00:00,63.49387524417374,1435.0055419008404,538.1783333333333,4637.808890948476,5387.808890938476,749.99999999,False,True
28770,2025-01-20 23:30:00,61.43608583840102,1474.2227524950677,579.4533333333333,6886.035326016998,7636.035326006998,749.99999999,False,True
28780,2025-01-20 23:40:00,40.55438405689494,1467.4058007135616,593.5180833333333,7636.035326006998,8386.035325996998,749.99999999,False,True
30130,2025-01-21 22:10:00,51.97404307638782,1411.0728263997212,525.76545,1509.4614587851697,2259.46145877517,749.99999999,False,True
30170,2025-01-21 22:50:00,41.28721381877971,1435.5057304754464,560.8851833333333,3770.2520051420497,4520.25200513205,749.99999999,False,True
30180,2025-01-21 23:00:00,78.0173814061826,1450.125714729516,538.775,4520.25200513205,5270.25200512205,749.99999999,False,True
30190,2025-01-21 23:10:00,8.790942544488637,1433.7897092011553,591.6654333333333,5270.25200512205,6020.25200511205,749.99999999,False,True
30200,2025-01-21 23:20:00,3.56499030528311,1434.2493569619498,597.3510333333334,6020.25200511205,6770.25200510205,749.99999999,False,True
30210,2025-01-21 23:30:00,58.59313514042389,1453.2114684637572,561.285,6770.25200510205,7520.25200509205,749.99999999,False,True
30220,2025-01-21 23:40:00,7.781211752098435,1448.873228408765,607.7586833333332,7520.25200509205,8270.25200508205,749.99999999,False,True
30270,2025-01-22 00:30:00,38.30247923172191,1463.5641458883886,591.9283333333333,8968.383153187468,9718.383153177467,749.99999999,False,True
30280,2025-01-22 00:40:00,26.745296681406664,1433.1510466714067,573.0724166666666,9718.383153177467,10468.383153168466,749.999999991,False,True
31570,2025-01-22 22:10:00,8.477252764048437,1394.0013360873818,552.19075,1522.009955133487,2272.009955123487,749.99999999,False,True
31650,2025-01-22 23:30:00,17.760232370625197,1423.3718990272919,572.2783333333333,6617.8899735573605,7367.88997354836,749.999999991,False,True
31690,2025-01-23 00:10:00,10.110251506967522,1437.1290681636342,593.6854833333333,8365.316975172245,9115.316975162244,749.99999999,False,True
31820,2025-01-23 02:20:00,8.485737648667275,700.3041335133013,602.6531333333332,10719.75126371283,10799.999999991,80.24873627817068,True,False
31830,2025-01-23 02:30:00,86.02296573714986,695.6862990785835,609.6633333333333,10799.999999991,10799.999999991,0.0,True,False
31840,2025-01-23 02:40:00,49.971348551380835,679.5439818928145,629.5726333333333,10799.999999991,10799.999999991,0.0,True,False
31850,2025-01-23 02:50:00,19.881212998885736,691.3886463403194,671.5074333333333,10799.999999991,10799.999999991,0.0,True,False
31860,2025-01-23 03:00:00,4.833424548428161,709.5967578898618,704.7633333333333,10799.999999991,10799.999999991,0.0,True,False
31870,2025-01-23 03:10:00,15.806121314304937,695.9375879890719,680.1314666666666,10799.999999991,10799.999999991,0.0,True,False
31880,2025-01-23 03:20:00,13.917781602175046,680.1491149436087,666.2313333333333,10799.999999991,10799.999999991,0.0,True,False
31890,2025-01-23 03:30:00,51.63563544277449,735.1439687842081,683.5083333333333,10799.999999991,10799.999999991,0.0,True,False
31900,2025-01-23 03:40:00,8.46619370007179,696.5597770415054,688.0935833333333,10799.999999991,10799.999999991,0.0,True,False
31950,2025-01-23 04:30:00,33.9173289008352,711.7222826811201,653.7533333333333,10778.353541588744,10799.999999991,21.64645840225639,True,False
32040,2025-01-23 06:00:00,40.02465141180194,921.975205260533,881.1983333333333,10799.323001527142,10799.999999991,0.6769984638580283,True,False
32050,2025-01-23 06:10:00,25.412762877556794,946.7753962189904,921.3626333333333,10799.999999991,10799.999999991,0.0,True,False
32060,2025-01-23 06:20:00,19.536218891504195,936.0883688996045,916.55215,10799.999999991,10799.999999991,0.0,True,False
32070,2025-01-23 06:30:00,23.989164432548,932.4474977739816,908.4583333333333,10799.999999991,10799.999999991,0.0,True,False
32080,2025-01-23 06:40:00,8.0391040280791,904.7477540361795,896.70865,10799.999999991,10799.999999991,0.0,True,False
33050,2025-01-23 22:50:00,19.528759023413947,1420.9669756800806,568.1048833333333,3728.7471651371893,4478.747165128189,749.999999991,False,True
33060,2025-01-23 23:00:00,20.414434578436378,1425.971101235103,572.2233333333334,4478.747165128189,5228.747165119189,749.999999991,False,True
33070,2025-01-23 23:10:00,21.280448543968525,1408.3056152006352,553.6918333333333,5228.747165119189,5978.747165110189,749.999999991,False,True
33080,2025-01-23 23:20:00,27.741409541221053,1420.700709531221,559.6259666666666,5978.747165110189,6728.747165101188,749.999999991,False,True
33090,2025-01-23 23:30:00,32.11607899533282,1464.1910789853328,598.7416666666666,6728.747165101188,7478.747165092188,749.999999991,False,True
34490,2025-01-24 22:50:00,0.4051305389118545,1260.9266971955785,427.1882333333333,3316.3478930391734,4066.3478930291735,749.99999999,False,True
34500,2025-01-24 23:00:00,40.16405741137918,1288.2973907347125,414.8,4066.3478930291735,4816.347893019173,749.99999999,False,True
34510,2025-01-24 23:10:00,23.853491368134648,1269.922724691468,412.73589999999996,4816.347893019173,5566.347893009173,749.99999999,False,True
34520,2025-01-24 23:20:00,41.27863054454587,1268.7006805345459,394.08871666666664,5566.347893009173,6316.347892999173,749.99999999,False,True
34530,2025-01-24 23:30:00,72.43435190621277,1287.5526852295461,381.78499999999997,6316.347892999173,7066.3478929891735,749.99999999,False,True
35890,2025-01-25 22:10:00,18.509177762204665,1249.700261085538,397.85774999999995,1544.1615485634477,2294.1615485534476,749.99999999,False,True
35910,2025-01-25 22:30:00,8.873140698663398,1283.4031406886634,441.1966666666666,2319.2300037225436,3069.2300037125437,749.99999999,False,True
35940,2025-01-25 23:00:00,7.220648431593864,1235.2023150882605,394.6483333333333,4554.050646354687,5304.050646344687,749.99999999,False,True
35950,2025-01-25 23:10:00,32.97719987771426,1260.0225998677142,393.7120666666666,5304.050646344687,6054.050646334687,749.99999999,False,True
35960,2025-01-25 23:20:00,32.63810817887951,1274.5871081688795,408.61566666666664,6054.050646334687,6804.0506463246875,749.99999999,False,True
35970,2025-01-25 23:30:00,5.575219458008397,1262.1502194480083,423.2416666666666,6804.0506463246875,7554.050646314688,749.99999999,False,True
36010,2025-01-26 00:10:00,32.66082491000031,1469.0178082333337,603.02365,7966.756757244421,8716.756757234421,749.99999999,False,True
36040,2025-01-26 00:40:00,32.4431103584543,1453.3871103484544,587.6106666666667,9720.600509135049,10470.600509126049,749.999999991,False,True
36170,2025-01-26 02:50:00,22.163635162873565,670.8106232158157,630.0451499999999,10783.258345743352,10799.999999991,16.74165424764796,True,False
36180,2025-01-26 03:00:00,108.78911770297108,721.8724510444047,613.0833333333333,10799.999999991,10799.999999991,0.0,True,False
36190,2025-01-26 03:10:00,63.661849676329304,701.0441663510962,637.3823166666666,10799.999999991,10799.999999991,0.0,True,False
36200,2025-01-26 03:20:00,2.6368145965894656,685.6412146046897,683.0043999999999,10799.999999991,10799.999999991,0.0,True,False
37350,2025-01-26 22:30:00,28.350845603194323,1425.507512259861,563.8233333333333,2393.740282320231,3143.740282310231,749.99999999,False,True
37360,2025-01-26 22:40:00,6.940854503751544,1417.2780544937516,577.0038666666667,3143.740282310231,3893.7402823002312,749.99999999,False,True
37380,2025-01-26 23:00:00,16.396153418661576,1427.6561534086616,577.9266666666666,4640.371216091071,5390.371216081071,749.99999999,False,True
37390,2025-01-26 23:10:00,36.399730825439626,1439.764914148773,570.03185,5390.371216081071,6140.371216071071,749.99999999,False,True
37400,2025-01-26 23:20:00,1.0567180952128785,1427.5926514185462,593.2026,6140.371216071071,6890.371216061071,749.99999999,False,True
37450,2025-01-27 00:10:00,13.747261495557488,1433.2360614855575,586.1554666666666,7896.177277364631,8646.17727735463,749.99999999,False,True
37470,2025-01-27 00:30:00,6.368374979903584,1443.201708303237,603.5,8928.971990839074,9678.971990829074,749.99999999,False,True
37480,2025-01-27 00:40:00,23.32188015970575,1441.7862968163724,585.1310833333333,9678.971990829074,10428.971990820073,749.999999991,False,True
37580,2025-01-27 02:20:00,10.459840407971399,686.3954181275427,630.7115166666666,10759.298345043386,10799.999999991,40.701654947614216,True,False
37590,2025-01-27 02:30:00,24.915307071155986,665.811973745923,640.8966666666666,10799.999999991,10799.999999991,0.0,True,False
38900,2025-01-28 00:20:00,0.5747062302669895,1458.248606220267,624.3405666666666,8147.3368741456525,8897.336874136652,749.999999991,False,True
38910,2025-01-28 00:30:00,43.351298202372156,1463.041298192372,586.3566666666666,8897.336874136652,9647.336874126651,749.99999999,False,True
38920,2025-01-28 00:40:00,27.322055870981778,1452.7642725276485,592.1088833333333,9647.336874126651,10397.336874117651,749.999999991,False,True
39240,2025-01-28 06:00:00,14.44194960457137,940.2309997953739,879.6766666666667,10758.498854819278,10799.999999991,41.50114517172223,True,False
39280,2025-01-28 06:40:00,36.771057757581296,948.4728251517812,895.5289666666665,10785.44447933622,10799.999999991,14.55552065478004,True,False
39290,2025-01-28 06:50:00,40.67277153452472,943.203521542625,902.53075,10799.999999991,10799.999999991,0.0,True,False
40210,2025-01-28 22:10:00,8.90775230407234,1371.656718960739,529.4156333333333,1454.1215405141013,2204.121540505101,749.999999991,False,True
40230,2025-01-28 22:30:00,40.57097955652761,1393.9576462131943,520.0533333333333,2237.7788472830434,2987.7788472740435,749.999999991,False,True
40240,2025-01-28 22:40:00,3.399541786374235,1408.5957751097076,571.8629,2987.7788472740435,3737.7788472650436,749.999999991,False,True
40270,2025-01-28 23:10:00,10.828976719975905,1426.4869433766426,582.3246333333333,5181.392713250534,5931.392713240534,749.99999999,False,True
40280,2025-01-28 23:20:00,7.197326109225734,1431.5493260992257,591.0186666666666,5931.392713240534,6681.392713230534,749.99999999,False,True
40340,2025-01-29 00:20:00,0.9846565569786129,1424.984389880312,590.6664,8103.961277787006,8853.961277777005,749.99999999,False,True
41670,2025-01-29 22:30:00,60.105870758205235,1426.217537414872,532.7783333333333,3146.65195548506,3896.6519554750603,749.99999999,False,True
41680,2025-01-29 22:40:00,14.237636061025334,1398.485602717692,550.9146333333333,3896.6519554750603,4646.65195546506,749.99999999,False,True
41700,2025-01-29 23:00:00,18.026693605042162,1423.6450269283755,572.285,5389.444212215378,6139.444212205378,749.99999999,False,True
41710,2025-01-29 23:10:00,22.30748935558608,1431.1563560122527,575.5155333333332,6139.444212205378,6889.444212195378,749.99999999,False,True
41720,2025-01-29 23:20:00,17.39595694227068,1422.0067735989373,571.2774833333333,6889.444212195378,7639.444212185378,749.99999999,False,True
41730,2025-01-29 23:30:00,10.461271223263331,1411.06793787993,567.2733333333333,7639.444212185378,8389.444212175378,749.99999999,False,True
41790,2025-01-30 00:30:00,2.1977871048466033,1431.79112042818,596.26,8865.104462261117,9615.104462251116,749.99999999,False,True
43090,2025-01-30 22:10:00,0.38127675699831004,1392.986193413665,559.2715833333333,1435.5825939375254,2185.5825939275255,749.99999999,False,True
43110,2025-01-30 22:30:00,46.36691863335158,1430.2669186233516,550.5666666666666,2213.8246463002706,2963.8246462902707,749.99999999,False,True
43120,2025-01-30 22:40:00,11.066905160812773,1413.7837551508128,569.3835166666667,2963.8246462902707,3713.824646280271,749.99999999,False,True
43130,2025-01-30 22:50:00,18.098323836484717,1408.6956238264847,557.2639666666666,3713.824646280271,4463.824646270271,749.99999999,False,True
43140,2025-01-30 23:00:00,46.12162877901573,1411.8866287690157,532.4316666666666,4463.824646270271,5213.824646260271,749.99999999,False,True
43170,2025-01-30 23:30:00,17.372920354642353,1439.274587011309,588.5683333333333,6675.098899373131,7425.098899363131,749.99999999,False,True
43240,2025-01-31 00:40:00,11.076722848995011,1298.784472838995,454.37441666666666,9397.087439798375,10147.087439788374,749.99999999,False,True
44530,2025-01-31 22:10:00,9.886673312273153,1230.4207899689397,387.2007833333333,1433.885949719956,2183.885949710956,749.999999991,False,True
44550,2025-01-31 22:30:00,33.79977542009771,1264.7764420767644,397.6433333333333,2220.9052468328364,2970.9052468238365,749.999999991,False,True
44560,2025-01-31 22:40:00,32.83173393990011,1262.1491005965668,395.9840333333333,2970.9052468238365,3720.9052468148366,749.999999991,False,True
44570,2025-01-31 22:50:00,34.3870076154053,1258.788374272072,391.0680333333333,3720.9052468148366,4470.905246804837,749.99999999,False,True
44580,2025-01-31 23:00:00,27.666038473970723,1256.1110384639708,395.1116666666667,4470.905246804837,5220.905246794837,749.99999999,False,True
44590,2025-01-31 23:10:00,11.853405896095175,1254.058222552762,408.87148333333334,5220.905246794837,5970.905246784837,749.99999999,False,True
44600,2025-01-31 23:20:00,0.6751016194420948,1241.0728349427754,407.0644,5970.905246784837,6720.905246774837,749.99999999,False,True
44660,2025-02-01 00:20:00,7.749872823555726,1256.4905228135558,415.4073166666667,8107.463680699943,8857.463680690944,749.999999991,False,True
44670,2025-02-01 00:30:00,25.91569239153818,1269.9656923815382,410.7166666666667,8857.463680690944,9607.463680680943,749.99999999,False,True
44680,2025-02-01 00:40:00,27.208173200482626,1290.836306523816,430.29479999999995,9607.463680680943,10357.463680671943,749.999999991,False,True
44770,2025-02-01 02:10:00,19.222426476027834,516.491094344172,434.0906333333333,10743.13976890967,10799.999999991,56.86023108132976,True,False
44780,2025-02-01 02:20:00,46.56806737261869,537.1289840473856,490.5609166666666,10799.999999991,10799.999999991,0.0,True,False
44790,2025-02-01 02:30:00,30.373524226536667,533.593524234637,503.22,10799.999999991,10799.999999991,0.0,True,False
44800,2025-02-01 02:40:00,59.31430380796949,533.3871204827365,474.07281666666665,10799.999999991,10799.999999991,0.0,True,False
44810,2025-02-01 02:50:00,69.49702104781832,530.8814210559186,461.38439999999997,10799.999999991,10799.999999991,0.0,True,False
44820,2025-02-01 03:00:00,42.549127350586026,519.490794025353,476.94166666666666,10799.999999991,10799.999999991,0.0,True,False
44830,2025-02-01 03:10:00,54.12133692440509,537.5208869325054,483.39955,10799.999999991,10799.999999991,0.0,True,False
44840,2025-02-01 03:20:00,27.40426787182978,514.0061845465967,486.6019166666666,10799.999999991,10799.999999991,0.0,True,False
44850,2025-02-01 03:30:00,31.674632211504196,530.5229655529379,498.84833333333336,10799.999999991,10799.999999991,0.0,True,False
44880,2025-02-01 04:00:00,20.181788233309412,527.2687994535693,483.6166666666666,10778.876689892766,10799.999999991,21.12331009823392,True,False
44890,2025-02-01 04:10:00,28.276075792368182,519.4628758004685,491.1868,10799.999999991,10799.999999991,0.0,True,False
44900,2025-02-01 04:20:00,10.25392149679866,514.8992048382323,504.64528333333334,10799.999999991,10799.999999991,0.0,True,False
44910,2025-02-01 04:30:00,21.19532439867053,526.7736577401041,505.57833333333326,10799.999999991,10799.999999991,0.0,True,False
44920,2025-02-01 04:40:00,36.163488561698024,539.394455236465,503.23096666666663,10799.999999991,10799.999999991,0.0,True,False
44930,2025-02-01 04:50:00,44.6069950911354,547.4539784325691,502.84698333333336,10799.999999991,10799.999999991,0.0,True,False
44940,2025-02-01 05:00:00,46.831574496298664,546.4732411710656,499.64166666666665,10799.999999991,10799.999999991,0.0,True,False
44950,2025-02-01 05:10:00,46.945775597949456,535.7293589393831,488.78358333333335,10799.999999991,10799.999999991,0.0,True,False
44960,2025-02-01 05:20:00,38.43997086157022,536.9587208696705,498.51875,10799.999999991,10799.999999991,0.0,True,False
44970,2025-02-01 05:30:00,24.96422648993562,554.1875598313693,529.2233333333334,10799.999999991,10799.999999991,0.0,True,False
44980,2025-02-01 05:40:00,20.110499775053405,567.5208164498204,547.4103166666666,10799.999999991,10799.999999991,0.0,True,False
44990,2025-02-01 05:50:00,25.32045942382866,556.5478594319289,531.2274,10799.999999991,10799.999999991,0.0,True,False
45970,2025-02-01 22:10:00,28.271788068766448,1233.3749380587665,371.76981666666666,1531.6924636349595,2281.6924636249596,749.99999999,False,True
45990,2025-02-01 22:30:00,84.13524626121294,1276.625246251213,359.15666666666664,2332.7819751933534,3082.7819751833536,749.99999999,False,True
46000,2025-02-01 22:40:00,52.2725590723985,1267.6566090623985,382.05071666666663,3082.7819751833536,3832.7819751733537,749.99999999,False,True
46040,2025-02-01 23:20:00,15.87325036278002,1250.16645035278,400.95986666666664,6044.622809792025,6794.622809782025,749.99999999,False,True
46050,2025-02-01 23:30:00,15.33247307370197,1258.6108063970353,409.945,6794.622809782025,7544.622809772025,749.99999999,False,True
46100,2025-02-02 00:20:00,9.057842116035879,1424.1256587727025,581.7344833333333,7939.5361226923915,8689.536122682392,749.99999999,False,True
46110,2025-02-02 00:30:00,0.8657141692790368,1418.7923808259457,584.5933333333332,8689.536122682392,9439.53612267239,749.99999999,False,True
46330,2025-02-02 04:10:00,17.187716014699674,691.722076940913,636.6545833333332,10765.908200157408,10799.999999991,34.09179983359208,True,False
46340,2025-02-02 04:20:00,37.30120266047809,683.207869335245,645.9066666666666,10799.999999991,10799.999999991,0.0,True,False
46350,2025-02-02 04:30:00,29.086716950653887,682.0517169587541,652.9649999999999,10799.999999991,10799.999999991,0.0,True,False
46360,2025-02-02 04:40:00,47.23300978585892,703.4884931272926,656.2554833333334,10799.999999991,10799.999999991,0.0,True,False
46370,2025-02-02 04:50:00,35.665042499690756,701.0523758411244,665.3873333333333,10799.999999991,10799.999999991,0.0,True,False
46380,2025-02-02 05:00:00,1.6804552903565537,682.7137886317902,681.0333333333333,10799.999999991,10799.999999991,0.0,True,False
46390,2025-02-02 05:10:00,10.634550087714251,701.6553167624812,691.0207666666666,10799.999999991,10799.999999991,0.0,True,False
46400,2025-02-02 05:20:00,34.95745686916199,714.1805735439289,679.2231166666666,10799.999999991,10799.999999991,0.0,True,False
46410,2025-02-02 05:30:00,51.301570091138366,699.2482367659053,647.9466666666666,10799.999999991,10799.999999991,0.0,True,False
46420,2025-02-02 05:40:00,61.36536856966493,694.8600685777652,633.4947,10799.999999991,10799.999999991,0.0,True,False
46430,2025-02-02 05:50:00,54.68561869096857,778.4676686990688,723.7820499999999,10799.999999991,10799.999999991,0.0,True,False
46440,2025-02-02 06:00:00,39.28354892846776,894.8168822699014,855.5333333333333,10799.999999991,10799.999999991,0.0,True,False
46450,2025-02-02 06:10:00,37.41773399954398,904.6672506743108,867.2495166666665,10799.999999991,10799.999999991,0.0,True,False
46460,2025-02-02 06:20:00,42.01191243282426,897.2934291075911,855.2815166666666,10799.999999991,10799.999999991,0.0,True,False
46470,2025-02-02 06:30:00,36.92379722295184,910.4254638977188,873.5016666666667,10799.999999991,10799.999999991,0.0,True,False
46480,2025-02-02 06:40:00,13.94845042321183,889.9608170979787,876.0123666666666,10799.999999991,10799.999999991,0.0,True,False
46490,2025-02-02 06:50:00,20.51385932332262,874.3637426647563,853.8498833333333,10799.999999991,10799.999999991,0.0,True,False
46500,2025-02-02 07:00:00,30.31421377503964,862.57921378314,832.265,10799.999999991,10799.999999991,0.0,True,False
47410,2025-02-02 22:10:00,10.181465608762885,1379.9364655987629,536.4216666666666,1615.217029734602,2365.217029724602,749.99999999,False,True
47430,2025-02-02 22:30:00,28.127866413580698,1403.0578664035806,541.5966666666666,2388.8623028311476,3138.8623028211478,749.99999999,False,True
47440,2025-02-02 22:40:00,32.40503822919742,1412.2890382191974,546.5506666666666,3138.8623028211478,3888.862302811148,749.99999999,False,True
47450,2025-02-02 22:50:00,39.541725528029126,1416.8157588513625,543.9407,3888.862302811148,4638.862302801148,749.99999999,False,True
47460,2025-02-02 23:00:00,38.86655246297607,1413.741552452976,541.5416666666666,4638.862302801148,5388.862302791148,749.99999999,False,True
47470,2025-02-02 23:10:00,24.152817125686504,1414.2326837823532,556.7465333333333,5388.862302791148,6138.862302781148,749.99999999,False,True
47480,2025-02-02 23:20:00,31.316145719466697,1427.0780123761333,562.4285333333332,6138.862302781148,6888.862302771148,749.99999999,False,True
47490,2025-02-02 23:30:00,55.08406839868757,1436.8757350553542,548.4583333333333,6888.862302771148,7638.862302761148,749.99999999,False,True
47540,2025-02-03 00:20:00,5.7870580648514,1398.6514580548514,559.5310666666667,7959.308698887666,8709.308698877665,749.99999999,False,True
47850,2025-02-03 05:30:00,2.174244802018385,700.524955842487,658.7149999999999,10764.327860054578,10799.999999991,35.6721399364218,True,False
47860,2025-02-03 05:40:00,18.177118073988005,682.3538514154216,664.1767333333332,10799.999999991,10799.999999991,0.0,True,False
47870,2025-02-03 05:50:00,7.458694223038655,757.3849608978056,749.9262666666666,10799.999999991,10799.999999991,0.0,True,False
47880,2025-02-03 06:00:00,21.183247266278592,886.1799139410455,864.9966666666666,10799.999999991,10799.999999991,0.0,True,False
47890,2025-02-03 06:10:00,34.756500687595214,908.3255840290288,873.5690833333333,10799.999999991,10799.999999991,0.0,True,False
47900,2025-02-03 06:20:00,31.431489756891335,911.3116897649917,879.8802000000001,10799.999999991,10799.999999991,0.0,True,False
47910,2025-02-03 06:30:00,15.61211126507735,929.3387779398442,913.7266666666666,10799.999999991,10799.999999991,0.0,True,False
47920,2025-02-03 06:40:00,2.132639623914065,902.003456298681,899.8708166666667,10799.999999991,10799.999999991,0.0,True,False
48850,2025-02-03 22:10:00,49.72683566571981,1400.5797356557198,517.5195666666666,1564.3026557392664,2314.3026557292665,749.99999999,False,True
48870,2025-02-03 22:30:00,10.83071578333601,1403.7740491066693,559.6099999999999,2356.475745787934,3106.475745777934,749.99999999,False,True
48890,2025-02-03 22:50:00,3.918257885231461,1405.1728745418982,567.9212833333333,3850.2318418693544,4600.231841859354,749.99999999,False,True
48900,2025-02-03 23:00:00,15.46448212655536,1391.4178154498886,542.6199999999999,4600.231841859354,5350.231841849354,749.99999999,False,True
48920,2025-02-03 23:20:00,32.42561725336122,1433.3286505766946,567.5697,6099.950451838111,6849.950451828111,749.99999999,False,True
48930,2025-02-03 23:30:00,98.01961593940472,1446.9696159294047,515.6166666666666,6849.950451828111,7599.950451818111,749.99999999,False,True
48980,2025-02-04 00:20:00,29.079870115886017,1430.5631367725528,568.1499333333334,7948.357958583981,8698.35795857398,749.99999999,False,True
49000,2025-02-04 00:40:00,0.2860374980448262,1407.5162041547114,573.8968333333332,9412.424909489124,10162.424909480123,749.999999991,False,True
49170,2025-02-04 03:30:00,47.76761342679091,712.588957326419,654.9766666666667,10791.139790481335,10799.999999991,8.860209509665216,True,False
49180,2025-02-04 03:40:00,16.874250878894465,674.7564508869948,657.8822,10799.999999991,10799.999999991,0.0,True,False
49190,2025-02-04 03:50:00,18.02955955821708,656.859626232984,638.8300666666667,10799.999999991,10799.999999991,0.0,True,False
49200,2025-02-04 04:00:00,37.22392077667153,662.3472541181051,625.1233333333332,10799.999999991,10799.999999991,0.0,True,False
49210,2025-02-04 04:10:00,52.61550182090182,680.9891184956688,628.3736166666666,10799.999999991,10799.999999991,0.0,True,False
49220,2025-02-04 04:20:00,60.67598294051832,703.3095162819519,642.6335333333333,10799.999999991,10799.999999991,0.0,True,False
49230,2025-02-04 04:30:00,52.03023339704291,711.8169000718099,659.7866666666666,10799.999999991,10799.999999991,0.0,True,False
49240,2025-02-04 04:40:00,21.23694834028138,692.3397650150483,671.1028166666666,10799.999999991,10799.999999991,0.0,True,False
49250,2025-02-04 04:50:00,18.80028819803156,677.3233215394652,658.5230333333333,10799.999999991,10799.999999991,0.0,True,False
49260,2025-02-04 05:00:00,49.133214612392045,685.184881287159,636.0516666666666,10799.999999991,10799.999999991,0.0,True,False
49270,2025-02-04 05:10:00,66.73598082349551,708.3251641649291,641.5891833333333,10799.999999991,10799.999999991,0.0,True,False
49280,2025-02-04 05:20:00,66.90986464255808,736.8653146506583,669.9554499999999,10799.999999991,10799.999999991,0.0,True,False
49290,2025-02-04 05:30:00,48.1920371821702,730.4787038569372,682.2866666666666,10799.999999991,10799.999999991,0.0,True,False
49300,2025-02-04 05:40:00,14.782661109967057,670.1466611180674,655.364,10799.999999991,10799.999999991,0.0,True,False
49310,2025-02-04 05:50:00,20.522539987945006,731.5896899960453,711.06715,10799.999999991,10799.999999991,0.0,True,False
49320,2025-02-04 06:00:00,49.59908367847513,883.9974170199088,834.3983333333333,10799.999999991,10799.999999991,0.0,True,False
49330,2025-02-04 06:10:00,32.1223548171482,911.9167714919151,879.7944166666666,10799.999999991,10799.999999991,0.0,True,False
49340,2025-02-04 06:20:00,9.961722630738544,882.1520226388388,872.1903,10799.999999991,10799.999999991,0.0,True,False
49350,2025-02-04 06:30:00,15.830406343714207,877.7870730184811,861.9566666666666,10799.999999991,10799.999999991,0.0,True,False
49360,2025-02-04 06:40:00,33.717445014941475,902.2978116897085,868.5803666666667,10799.999999991,10799.999999991,0.0,True,False
49370,2025-02-04 06:50:00,22.809776971353852,889.0225603127876,866.2127833333334,10799.999999991,10799.999999991,0.0,True,False
50330,2025-02-04 22:50:00,40.4312987979199,1426.5431321212532,552.7784999999999,3656.265765168826,4406.265765158826,749.99999999,False,True
50340,2025-02-04 23:00:00,26.23146393196884,1414.2664639219688,554.7016666666666,4406.265765158826,5156.265765148826,749.99999999,False,True
50350,2025-02-04 23:10:00,34.67956422659153,1418.8078642165915,550.7949666666666,5156.265765148826,5906.265765138826,749.99999999,False,True
50360,2025-02-04 23:20:00,48.46752895746385,1426.1338456141305,544.3329833333332,5906.265765138826,6656.265765128826,749.99999999,False,True
50370,2025-02-04 23:30:00,50.1319187443272,1429.0369187343272,545.5716666666666,6656.265765128826,7406.2657651188265,749.99999999,False,True
50440,2025-02-05 00:40:00,4.391951827755739,1411.736035151089,574.0107499999999,9365.515778288644,10115.515778279643,749.999999991,False,True
51730,2025-02-05 22:10:00,38.51030548080097,1403.375105470801,531.5314666666666,1659.0981186684812,2409.0981186584813,749.99999999,False,True
51770,2025-02-05 22:50:00,2.62451893578963,1398.0176689257896,562.0598166666666,4494.793699513644,5244.793699504644,749.999999991,False,True
51780,2025-02-05 23:00:00,16.89715456297801,1407.5388212196447,557.3083333333333,5244.793699504644,5994.793699494644,749.99999999,False,True
51790,2025-02-05 23:10:00,27.09043003447379,1411.5877300244738,551.1639666666666,5994.793699494644,6744.793699484644,749.99999999,False,True
51800,2025-02-05 23:20:00,25.338012819399175,1407.433579476066,548.7622333333334,6744.793699484644,7494.793699474644,749.99999999,False,True
51810,2025-02-05 23:30:00,16.1181191662863,1404.3431191562863,554.8916666666667,7494.793699474644,8244.793699464644,749.99999999,False,True
51880,2025-02-06 00:40:00,35.165955247905224,1447.9066052379053,579.4073166666667,9396.236493232886,10146.236493223885,749.999999991,False,True
52050,2025-02-06 03:30:00,54.46580700288192,705.6509972577079,643.4383333333333,10793.027828761657,10799.999999991,6.972171229343436,True,False
52060,2025-02-06 03:40:00,16.257444660990224,667.7668613357572,651.5094166666667,10799.999999991,10799.999999991,0.0,True,False
52090,2025-02-06 04:10:00,3.7147950371444685,684.0348664170107,661.1745833333333,10782.76906074912,10799.999999991,17.2309392418796,True,False
52100,2025-02-06 04:20:00,55.127478758644635,677.0575121000783,621.9300333333333,10799.999999991,10799.999999991,0.0,True,False
52110,2025-02-06 04:30:00,62.041223988016874,687.2912239961172,625.25,10799.999999991,10799.999999991,0.0,True,False
52120,2025-02-06 04:40:00,38.74276861805979,708.1405686261601,669.3978,10799.999999991,10799.999999991,0.0,True,False
52130,2025-02-06 04:50:00,17.078061095449222,688.8549777702162,671.7769166666667,10799.999999991,10799.999999991,0.0,True,False
52140,2025-02-06 05:00:00,14.569924742828311,655.9215914175953,641.3516666666667,10799.999999991,10799.999999991,0.0,True,False
52150,2025-02-06 05:10:00,23.456553864726153,687.1183372061597,663.6617833333332,10799.999999991,10799.999999991,0.0,True,False
52160,2025-02-06 05:20:00,29.18486817330311,715.7895515147367,686.6046833333332,10799.999999991,10799.999999991,0.0,True,False
52170,2025-02-06 05:30:00,36.15231432946755,701.8473143375678,665.6949999999999,10799.999999991,10799.999999991,0.0,True,False
52180,2025-02-06 05:40:00,57.576708438498684,686.879208446599,629.3025,10799.999999991,10799.999999991,0.0,True,False
52190,2025-02-06 05:50:00,61.06468355435127,775.7757502291183,714.7110666666667,10799.999999991,10799.999999991,0.0,True,False
52200,2025-02-06 06:00:00,39.41530898444976,909.3486423258835,869.9333333333334,10799.999999991,10799.999999991,0.0,True,False
52210,2025-02-06 06:10:00,19.68031347736677,917.1084301521337,897.4281166666666,10799.999999991,10799.999999991,0.0,True,False
52220,2025-02-06 06:20:00,23.45725782000998,901.0223911614436,877.5651333333333,10799.999999991,10799.999999991,0.0,True,False
52230,2025-02-06 06:30:00,39.87228847116999,912.0772884792702,872.2049999999999,10799.999999991,10799.999999991,0.0,True,False
52240,2025-02-06 06:40:00,34.41491718718703,895.2516505286206,860.8367333333333,10799.999999991,10799.999999991,0.0,True,False
52250,2025-02-06 06:50:00,9.376536872050712,863.595036880151,854.2185,10799.999999991,10799.999999991,0.0,True,False
53170,2025-02-06 22:10:00,10.25058293833444,1391.3537162616678,547.7698,1655.157806990639,2405.157806980639,749.99999999,False,True
53190,2025-02-06 22:30:00,8.33268292628508,1395.3443495829517,553.6783333333333,3015.9225289477977,3765.922528937798,749.99999999,False,True
53240,2025-02-06 23:20:00,27.431186656462152,1422.6031366464622,561.8386166666667,6739.266462336695,7489.266462326696,749.99999999,False,True
53250,2025-02-06 23:30:00,48.788924976351375,1428.9639249663514,546.8416666666667,7489.266462326696,8239.266462316695,749.99999999,False,True
53310,2025-02-07 00:30:00,29.159482747704708,1309.427816071038,446.935,8477.166832494751,9227.16683248475,749.99999999,False,True
53320,2025-02-07 00:40:00,33.840003043240806,1286.4265030332408,419.25316666666663,9227.16683248475,9977.16683247575,749.999999991,False,True
53590,2025-02-07 05:10:00,0.041006712586727785,538.4935113131205,511.0962666666667,10775.37938585052,10799.999999991,24.620614140480388,True,False
53600,2025-02-07 05:20:00,59.339158709826314,562.9884087179266,503.64925,10799.999999991,10799.999999991,0.0,True,False
53610,2025-02-07 05:30:00,75.8548810061886,568.6215476809556,492.76666666666665,10799.999999991,10799.999999991,0.0,True,False
53620,2025-02-07 05:40:00,41.23146190757561,553.0089952490092,511.7775333333333,10799.999999991,10799.999999991,0.0,True,False
53630,2025-02-07 05:50:00,21.99648664274148,532.8907533175085,510.8942666666667,10799.999999991,10799.999999991,0.0,True,False
54610,2025-02-07 22:10:00,37.25886425734961,1223.698297580683,353.10609999999997,1426.1995754732093,2176.1995754632094,749.99999999,False,True
54640,2025-02-07 22:40:00,9.476558901349328,1235.9824588913493,393.1725666666667,2924.6672492524704,3674.6672492424705,749.99999999,False,True
54650,2025-02-07 22:50:00,21.675908221577394,1234.8079082115773,379.79866666666663,3674.6672492424705,4424.667249232471,749.99999999,False,True
54660,2025-02-07 23:00:00,9.834308712054842,1239.4426420353882,396.275,4424.667249232471,5174.667249222471,749.99999999,False,True
54670,2025-02-07 23:10:00,13.738853057338922,1247.2096530473389,400.1374666666666,5174.667249222471,5924.667249212471,749.99999999,False,True
54680,2025-02-07 23:20:00,5.220627989449432,1242.871094646116,404.3171333333333,5924.667249212471,6674.667249202471,749.99999999,False,True
56070,2025-02-08 22:30:00,6.811866100586591,1218.96019942392,378.81499999999994,2571.546947300936,3321.5469472909363,749.99999999,False,True
56080,2025-02-08 22:40:00,26.690573333276,1230.423123323276,370.3992166666667,3321.5469472909363,4071.5469472819364,749.999999991,False,True
56090,2025-02-08 22:50:00,26.303522365306655,1248.0179890219733,388.3811333333333,4071.5469472819364,4821.546947272936,749.999999991,False,True
56100,2025-02-08 23:00:00,20.84350636625299,1255.8651730229196,401.68833333333333,4821.546947272936,5571.546947262937,749.99999999,False,True
56110,2025-02-08 23:10:00,25.371473373197652,1240.061456696531,381.35665,5571.546947262937,6321.546947252937,749.99999999,False,True
56120,2025-02-08 23:20:00,17.117217961028466,1239.7091846176952,389.25863333333336,6321.546947252937,7071.546947242937,749.99999999,False,True
56130,2025-02-08 23:30:00,2.8516429126356035,1247.4566429026356,411.27166666666665,7071.546947242937,7821.546947232937,749.99999999,False,True
56190,2025-02-09 00:30:00,1.1766995018501722,1410.4083661585169,575.8983333333333,8213.511911671269,8963.511911661268,749.99999999,False,True
56500,2025-02-09 05:40:00,38.53346764069726,1478.861361019694,637.7195999999999,10077.652535949903,10799.999999991,722.3474640410972,True,False
56520,2025-02-09 06:00:00,8.268408164384462,863.3994295362409,852.9933333333333,10798.07608075633,10799.999999991,1.9239192346707517,True,False
57510,2025-02-09 22:30:00,18.27401172875215,1385.3606783854189,533.7533333333333,2393.5787424997698,3143.57874249077,749.999999991,False,True
57520,2025-02-09 22:40:00,27.83227252975029,1389.7285725197503,528.5629666666666,3143.57874249077,3893.57874248177,749.999999991,False,True
57530,2025-02-09 22:50:00,22.05247043496967,1388.7373704249696,533.3515666666666,3893.57874248177,4643.57874247277,749.999999991,False,True
57540,2025-02-09 23:00:00,12.351107452578724,1388.0811074425787,542.3966666666666,4643.57874247277,5393.57874246277,749.99999999,False,True
57550,2025-02-09 23:10:00,7.467925421583565,1399.7670920782502,558.9658333333333,5393.57874246277,6143.57874245277,749.99999999,False,True
57560,2025-02-09 23:20:00,11.775686849794504,1404.8798368397945,559.7708166666666,6143.57874245277,6893.578742443769,749.999999991,False,True
57570,2025-02-09 23:30:00,10.568033251667423,1394.649699908334,550.7483333333332,6893.578742443769,7643.57874243377,749.99999999,False,True
57640,2025-02-10 00:40:00,28.877238932507787,1429.1797555891744,566.9691833333333,8962.20348776899,9712.203487759989,749.999999991,False,True
57940,2025-02-10 05:40:00,326.10905770052534,1505.8515385732076,655.9421833333333,10328.579732205586,10799.999999991,471.42026778541396,True,False
58950,2025-02-10 22:30:00,30.574233646375653,1395.7309003030423,531.8233333333333,2341.459641892599,3091.459641883599,749.999999991,False,True
58960,2025-02-10 22:40:00,34.402900789921766,1414.3632674465885,546.6270333333333,3091.459641883599,3841.459641874599,749.999999991,False,True
58970,2025-02-10 22:50:00,16.674853398133784,1402.361686721467,552.3534999999999,3841.459641874599,4591.459641864599,749.99999999,False,True
58990,2025-02-10 23:10:00,16.60798038914401,1408.8614970458107,558.9201833333333,5339.34172575156,6089.34172574156,749.99999999,False,True
59000,2025-02-10 23:20:00,3.2236991792510628,1408.8209158359177,572.2638833333333,6089.34172574156,6839.3417257315605,749.99999999,False,True
59080,2025-02-11 00:40:00,4.932923167556274,1421.595239824223,583.3289833333333,8007.085219341436,8757.085219331435,749.99999999,False,True
59090,2025-02-11 00:50:00,14.345675365769232,1415.451692022436,567.7726833333334,8757.085219331435,9507.085219322435,749.999999991,False,True
59380,2025-02-11 05:40:00,264.70285186236254,1500.37365358869,643.7508,10267.271998437305,10799.999999991,532.7280015536948,True,False
59390,2025-02-11 05:50:00,15.481803779737424,726.6275037878378,711.1457,10799.999999991,10799.999999991,0.0,True,False
59400,2025-02-11 06:00:00,31.35784624403025,858.8861795854639,827.5283333333333,10799.999999991,10799.999999991,0.0,True,False
60110,2025-02-11 17:50:00,12.13507519268828,933.3497932662164,893.0101166666666,10774.615858724825,10799.999999991,25.38414126617535,True,False
60120,2025-02-11 18:00:00,31.173787952539534,744.6387879606398,713.4649999999999,10799.999999991,10799.999999991,0.0,True,False
60370,2025-02-11 22:10:00,37.01947699042875,1386.7966269804288,516.4438166666666,1573.917004235712,2323.917004226712,749.999999991,False,True
60390,2025-02-11 22:30:00,27.91954061357614,1418.3462072702428,557.0933333333332,2354.2233839696237,3104.223383960624,749.999999991,False,True
60400,2025-02-11 22:40:00,39.97983087426859,1406.1576475309353,532.8444833333333,3104.223383960624,3854.223383951624,749.999999991,False,True
60410,2025-02-11 22:50:00,26.13391575430193,1397.4033824109686,537.9361333333333,3854.223383951624,4604.2233839426235,749.999999991,False,True
60430,2025-02-11 23:10:00,2.295752765712783,1395.7909694223795,560.1618833333333,5350.173817457041,6100.173817448041,749.999999991,False,True
60440,2025-02-11 23:20:00,6.677283917623519,1393.0438672409568,553.03325,6100.173817448041,6850.17381743904,749.999999991,False,True
60520,2025-02-12 00:40:00,15.056197172046488,1423.5227471620465,575.1332166666666,8869.812918849417,9619.812918840416,749.999999991,False,True
60820,2025-02-12 05:40:00,516.9404227899373,1524.092005312781,655.6220999999999,10483.62346572044,10799.999999991,316.37653427055955,True,False
60830,2025-02-12 05:50:00,37.528564325107915,750.7708143332081,713.2422499999999,10799.999999991,10799.999999991,0.0,True,False
60840,2025-02-12 06:00:00,42.464272646004,868.2959393207709,825.8316666666666,10799.999999991,10799.999999991,0.0,True,False
61810,2025-02-12 22:10:00,35.40256982929463,1376.3787198192947,507.6428166666667,1313.2646257706388,2063.264625761639,749.999999991,False,True
61830,2025-02-12 22:30:00,22.268699722983904,1392.9686997129838,537.3666666666666,2096.84698019221,2846.8469801832102,749.999999991,False,True
61840,2025-02-12 22:40:00,3.6443503853434924,1392.7130670420102,555.7353833333333,2846.8469801832102,3596.8469801742103,749.999999991,False,True
61850,2025-02-12 22:50:00,1.2924221609966855,1396.0575221509966,561.4317666666666,3596.8469801742103,4346.84698016521,749.999999991,False,True
61860,2025-02-12 23:00:00,5.230546515153711,1397.0255465051537,558.4616666666666,4346.84698016521,5096.84698015621,749.999999991,False,True
61900,2025-02-12 23:40:00,0.23490730780064611,1405.161790631134,571.5935499999999,7308.296548933565,8058.296548924564,749.999999991,False,True
61950,2025-02-13 00:30:00,47.83212427685134,1441.0671242668514,559.9016666666666,8233.878214312404,8983.878214302404,749.99999999,False,True
63250,2025-02-13 22:10:00,37.39973898919924,1385.225605645866,514.4925333333333,1695.837214591164,2445.837214581164,749.99999999,False,True
63270,2025-02-13 22:30:00,6.8222166074669905,1393.462216597467,553.3066666666666,2462.869105193941,3212.869105183941,749.99999999,False,True
63280,2025-02-13 22:40:00,0.6047113278485688,1408.998794651182,575.06075,3212.869105183941,3962.869105173941,749.99999999,False,True
63300,2025-02-13 23:00:00,7.664016797598371,1391.0140167875984,550.0166666666667,4711.431062739193,5461.431062729193,749.99999999,False,True
63320,2025-02-13 23:20:00,14.953752377692801,1401.7135857010262,553.4265,5773.95271719702,6523.95271718702,749.99999999,False,True
63340,2025-02-13 23:40:00,12.586130272993607,1426.8006802629936,580.8812166666667,7259.078119543164,8009.078119533164,749.99999999,False,True
64710,2025-02-14 22:30:00,51.727810343738376,1248.4061436670718,363.345,2484.3684125728473,3234.3684125628474,749.99999999,False,True
64720,2025-02-14 22:40:00,6.4998412562385885,1231.1854079129052,391.35223333333334,3234.3684125628474,3984.3684125528475,749.99999999,False,True
64740,2025-02-14 23:00:00,15.314032061315395,1234.7923653846487,386.145,4722.536979487883,5472.5369794778835,749.99999999,False,True
64780,2025-02-14 23:40:00,3.7922029602119585,1249.6400862835453,412.51455,6223.068550480648,6973.068550470648,749.99999999,False,True
66130,2025-02-15 22:10:00,54.349794420892856,1230.2550444108929,342.57191666666665,1340.6612559349162,2090.661255925916,749.999999991,False,True
66180,2025-02-15 23:00:00,3.502101007101934,1238.5354343304352,401.69999999999993,4271.46083094027,5021.46083093127,749.999999991,False,True
66210,2025-02-15 23:30:00,6.225127126071803,1246.2767937827384,406.7183333333333,6478.584112002033,7228.584111993033,749.999999991,False,True
66220,2025-02-15 23:40:00,4.632856830875077,1223.301256820875,385.33506666666665,7228.584111993033,7978.5841119840325,749.999999991,False,True
66270,2025-02-16 00:30:00,43.22719836589112,1426.5605316892245,550.0,8174.787041664608,8924.787041654608,749.99999999,False,True
66280,2025-02-16 00:40:00,8.558017551156574,1435.33515087449,593.4438,8924.787041654608,9674.787041645608,749.999999991,False,True
66490,2025-02-16 04:10:00,41.60933411262899,690.3912690467241,642.4384166666666,10794.290833550314,10799.999999991,5.70916644068565,True,False
66530,2025-02-16 04:50:00,10.863028207951455,692.1040078341612,658.2845,10779.339168327411,10799.999999991,20.660831663588755,True,False
66550,2025-02-16 05:10:00,32.76285053254134,688.9736214666939,638.3078166666667,10783.887341150263,10799.999999991,16.112658840737275,True,False
66560,2025-02-16 05:20:00,47.03195228875743,681.422685630191,634.3907333333333,10799.999999991,10799.999999991,0.0,True,False
67570,2025-02-16 22:10:00,23.010615939472466,1380.3899825961391,524.0460333333333,1331.3367610969701,2081.33676108797,749.999999991,False,True
67590,2025-02-16 22:30:00,2.9625148763702702,1374.944181533037,538.6483333333333,2092.2907956722815,2842.2907956632816,749.999999991,False,True
67630,2025-02-16 23:10:00,20.173968241262052,1395.7324015645954,542.2251,5050.128458583459,5800.128458574459,749.999999991,False,True
67710,2025-02-17 00:30:00,30.182275696424192,1426.4022756864242,562.8866666666667,8331.34766478112,9081.34766477112,749.99999999,False,True
67720,2025-02-17 00:40:00,11.051282093245838,1416.2754987499125,571.8908833333332,9081.34766477112,9831.34766476212,749.999999991,False,True
67930,2025-02-17 04:10:00,24.114162431944873,680.7971470497915,655.5692833333333,10798.997668834938,10799.999999991,1.0023311560620602,True,False
67940,2025-02-17 04:20:00,16.637081203895242,690.7321478786622,674.0950666666666,10799.999999991,10799.999999991,0.0,True,False
67950,2025-02-17 04:30:00,18.354703288226098,716.366369962993,698.0116666666665,10799.999999991,10799.999999991,0.0,True,False
67960,2025-02-17 04:40:00,64.52121042222605,727.2844437636597,662.7632333333333,10799.999999991,10799.999999991,0.0,True,False
67970,2025-02-17 04:50:00,61.141310119173546,686.0210767939406,624.8797666666667,10799.999999991,10799.999999991,0.0,True,False
67980,2025-02-17 05:00:00,54.10396253654208,675.0922958779756,620.9883333333332,10799.999999991,10799.999999991,0.0,True,False
67990,2025-02-17 05:10:00,46.58345322860084,683.2248199033678,636.6413666666666,10799.999999991,10799.999999991,0.0,True,False
68000,2025-02-17 05:20:00,29.309241631244255,686.2356916393445,656.9264499999999,10799.999999991,10799.999999991,0.0,True,False
68010,2025-02-17 05:30:00,13.69411996313247,671.6791199712327,657.9849999999999,10799.999999991,10799.999999991,0.0,True,False
68020,2025-02-17 05:40:00,24.987632689572,666.2330660310056,641.2454333333333,10799.999999991,10799.999999991,0.0,True,False
68030,2025-02-17 05:50:00,23.374002297563358,760.1548189723303,736.7808166666666,10799.999999991,10799.999999991,0.0,True,False
68040,2025-02-17 06:00:00,5.68925804863361,883.5659247234006,877.8766666666667,10799.999999991,10799.999999991,0.0,True,False
68760,2025-02-17 18:00:00,52.228204314897205,725.3407964359621,671.88,10798.890667082042,10799.999999991,1.109332908958452,True,False
68770,2025-02-17 18:10:00,0.18446574423953735,680.1873824190064,680.0029166666666,10799.999999991,10799.999999991,0.0,True,False
69010,2025-02-17 22:10:00,16.803213571748067,1367.7513802284147,517.6148333333333,1593.5601033972846,2343.5601033882845,749.999999991,False,True
69040,2025-02-17 22:40:00,3.3396312504132686,1390.30554790708,553.6325833333333,3074.6843634581496,3824.6843634481497,749.99999999,False,True
69100,2025-02-17 23:40:00,10.047878549425597,1419.4525285394257,576.0713166666667,7522.712070595411,8272.71207058641,749.999999991,False,True
69140,2025-02-18 00:20:00,3.7782084753817946,1407.6084417987151,570.4969,8493.66725412664,9243.66725411764,749.999999991,False,True
69150,2025-02-18 00:30:00,33.52950228864142,1421.6528356119748,554.79,9243.66725411764,9993.66725410864,749.999999991,False,True
70470,2025-02-18 22:30:00,51.79501121335215,1394.2266778700189,509.09833333333336,2244.981683627802,2994.981683617802,749.99999999,False,True
70480,2025-02-18 22:40:00,30.401408165078912,1378.4422248217456,514.7074833333334,2994.981683617802,3744.981683607802,749.99999999,False,True
70490,2025-02-18 22:50:00,1.2315540189354044,1381.0723540089355,546.5074666666667,3744.981683607802,4494.981683597802,749.99999999,False,True
70500,2025-02-18 23:00:00,3.264795528898154,1398.4197955188981,561.8216666666666,4494.981683597802,5244.981683588801,749.999999991,False,True
70510,2025-02-18 23:10:00,11.03361951503961,1395.9866361717063,551.6196833333333,5244.981683588801,5994.9816835788015,749.99999999,False,True
70520,2025-02-18 23:20:00,0.9566686950524775,1391.1781020183857,556.8880999999999,5994.9816835788015,6744.981683568802,749.99999999,False,True
70540,2025-02-18 23:40:00,26.794237151705936,1417.3755704750392,557.2479999999999,7489.483430565039,8239.48343055604,749.999999991,False,True
70590,2025-02-19 00:30:00,28.118494547694347,1408.995161204361,547.5433333333333,8950.879648591746,9700.879648581746,749.99999999,False,True
70600,2025-02-19 00:40:00,32.29472746598241,1410.9359274559824,545.3078666666667,9700.879648581746,10450.879648572745,749.999999991,False,True
71950,2025-02-19 23:10:00,15.9851771613205,1404.8668938179871,555.5483833333333,5392.307945186913,6142.307945177912,749.999999991,False,True
71960,2025-02-19 23:20:00,37.717488183566836,1407.0879881735668,536.0371666666666,6142.307945177912,6892.307945168912,749.999999991,False,True
71970,2025-02-19 23:30:00,20.888514727093018,1401.818514717093,547.5966666666666,6892.307945168912,7642.3079451599115,749.999999991,False,True
72030,2025-02-20 00:30:00,0.43456723243183776,1420.2945672224319,586.5266666666666,9324.337123352756,10074.337123343756,749.999999991,False,True
72120,2025-02-20 02:00:00,13.268164638659982,633.0882682321553,572.0666666666666,10757.021906756854,10799.999999991,42.97809323414585,True,False
72130,2025-02-20 02:10:00,61.06353844780583,639.2278384559061,578.1642999999999,10799.999999991,10799.999999991,0.0,True,False
72140,2025-02-20 02:20:00,63.65430182972555,663.8472685044925,600.1929666666666,10799.999999991,10799.999999991,0.0,True,False
72150,2025-02-20 02:30:00,17.927153306021957,629.8421533141222,611.915,10799.999999991,10799.999999991,0.0,True,False
72160,2025-02-20 02:40:00,24.790297279166886,624.5095139539338,599.7192166666666,10799.999999991,10799.999999991,0.0,True,False
72170,2025-02-20 02:50:00,14.47731779051603,628.146584465283,613.6692666666667,10799.999999991,10799.999999991,0.0,True,False
72190,2025-02-20 03:10:00,27.518616582834227,653.9631313505923,617.4041333333332,10791.863656700018,10799.999999991,8.136343290982397,True,False
72200,2025-02-20 03:20:00,94.59773930076537,673.5169559755324,578.9192166666667,10799.999999991,10799.999999991,0.0,True,False
72210,2025-02-20 03:30:00,102.49954725174413,682.0678805931777,579.5683333333333,10799.999999991,10799.999999991,0.0,True,False
72220,2025-02-20 03:40:00,52.787205634476756,690.7372723092437,637.9500666666667,10799.999999991,10799.999999991,0.0,True,False
72230,2025-02-20 03:50:00,9.844433097466185,684.6134831055665,674.76905,10799.999999991,10799.999999991,0.0,True,False
72240,2025-02-20 04:00:00,3.8765980009519354,674.8249313423855,670.9483333333333,10799.999999991,10799.999999991,0.0,True,False
72270,2025-02-20 04:30:00,30.330620615620916,676.9912793625416,632.8166666666666,10787.540407118771,10799.999999991,12.459592872228674,True,False
72280,2025-02-20 04:40:00,25.324315074061406,689.592898415495,664.2685833333333,10799.999999991,10799.999999991,0.0,True,False
72310,2025-02-20 05:10:00,33.68834934471457,690.4192699128989,647.0283499999999,10791.267686479634,10799.999999991,8.732313511366003,True,False
72320,2025-02-20 05:20:00,26.24899941224121,688.3393160870082,662.0903166666667,10799.999999991,10799.999999991,0.0,True,False
72350,2025-02-20 05:50:00,11.22502390064107,755.8421146959921,729.9441166666667,10786.794323275184,10799.999999991,13.20567671581593,True,False
72360,2025-02-20 06:00:00,19.040272933667303,864.2452729417676,845.2049999999999,10799.999999991,10799.999999991,0.0,True,False
73360,2025-02-20 22:40:00,30.522931009938695,1408.7463976666054,544.8901333333333,3272.2217017193643,4022.2217017103644,749.999999991,False,True
73410,2025-02-20 23:30:00,24.65962816369869,1410.0596281536987,552.0666666666666,4909.045828863982,5659.045828854982,749.999999991,False,True
73420,2025-02-20 23:40:00,35.60102710793489,1418.3587104312683,549.42435,5659.045828854982,6409.045828845981,749.999999991,False,True
73470,2025-02-21 00:30:00,10.638956707666232,1245.3939566976662,401.4216666666667,7005.5627843968705,7755.56278438787,749.999999991,False,True
74850,2025-02-21 23:30:00,29.11640730305691,1242.326407293057,379.87666666666667,4840.338127603783,5590.338127594782,749.999999991,False,True
74860,2025-02-21 23:40:00,7.073662858905769,1247.8047628489057,407.3977666666666,5590.338127594782,6340.338127585782,749.999999991,False,True
74910,2025-02-22 00:30:00,5.252357985668133,1253.1706913090015,414.58500000000004,6822.501832938674,7572.501832929674,749.999999991,False,True
76230,2025-02-22 22:30:00,26.908307390077418,1251.8633073800775,391.62166666666667,2587.7249394348446,3337.7249394248447,749.99999999,False,True
76240,2025-02-22 22:40:00,52.76644813013831,1245.2532814534716,359.15349999999995,3337.7249394248447,4087.724939414845,749.99999999,False,True
76250,2025-02-22 22:50:00,31.085984632578622,1235.3837846225786,370.9644666666666,4087.724939414845,4837.724939404845,749.99999999,False,True
76270,2025-02-22 23:10:00,1.6048008934698066,1240.1689175501365,405.2307833333333,5574.857598706247,6324.857598696247,749.99999999,False,True
76290,2025-02-22 23:30:00,15.284059189895167,1242.1757258465618,393.5583333333333,6945.800285267398,7695.800285257398,749.99999999,False,True
77680,2025-02-23 22:40:00,34.38666022434517,1377.4498435476785,509.72985,3862.16348189631,4612.16348188731,749.999999991,False,True
77690,2025-02-23 22:50:00,49.26957933282551,1391.2664793228255,508.66356666666667,4612.16348188731,5362.1634818783095,749.999999991,False,True
77700,2025-02-23 23:00:00,5.370972080098787,1396.2226387367655,557.5183333333333,5362.1634818783095,6112.163481869309,749.999999991,False,True
77740,2025-02-23 23:40:00,3.822371733099991,1408.6179883897667,571.4622833333333,7557.195983238909,8307.195983229909,749.999999991,False,True
77750,2025-02-23 23:50:00,10.841489298724575,1403.4437559553912,559.2689333333333,8307.195983229909,9057.195983220909,749.999999991,False,True
77790,2025-02-24 00:30:00,4.565194248861977,1413.0618609055286,575.1633333333333,9716.178643414774,10466.178643405774,749.999999991,False,True
77930,2025-02-24 02:50:00,4.669933610796082,627.2742034596067,597.0741333333333,10777.02287712707,10799.999999991,22.977122863929612,True,False
77940,2025-02-24 03:00:00,28.8886079813934,645.501941322827,616.6133333333332,10799.999999991,10799.999999991,0.0,True,False
77960,2025-02-24 03:20:00,6.446118299757351,645.0803609310174,638.4950333333334,10799.874711622866,10799.999999991,0.12528836813398395,True,False
77970,2025-02-24 03:30:00,38.53659098998728,646.0532576647543,607.5166666666667,10799.999999991,10799.999999991,0.0,True,False
77980,2025-02-24 03:40:00,20.920087850253346,636.566121191687,615.6460333333333,10799.999999991,10799.999999991,0.0,True,False
77990,2025-02-24 03:50:00,12.353996723947807,646.2018800653815,633.8478833333334,10799.999999991,10799.999999991,0.0,True,False
78000,2025-02-24 04:00:00,26.822335770287374,668.0973357783877,641.275,10799.999999991,10799.999999991,0.0,True,False
78010,2025-02-24 04:10:00,21.695891840293577,667.4979751817272,645.8020833333333,10799.999999991,10799.999999991,0.0,True,False
78020,2025-02-24 04:20:00,40.67419539848115,683.7146620732481,643.0404666666666,10799.999999991,10799.999999991,0.0,True,False
78030,2025-02-24 04:30:00,69.66077294669603,705.077439621463,635.4166666666666,10799.999999991,10799.999999991,0.0,True,False
78040,2025-02-24 04:40:00,42.3160732270994,676.0942399018663,633.7781666666666,10799.999999991,10799.999999991,0.0,True,False
78050,2025-02-24 04:50:00,2.7251940981403218,644.161427439574,641.4362333333333,10799.999999991,10799.999999991,0.0,True,False
78090,2025-02-24 05:30:00,40.330159689972135,664.8347227603707,624.0383333333333,10799.580393227641,10799.999999991,0.4196067633587489,True,False
78100,2025-02-24 05:40:00,27.44650611077075,652.3867561188711,624.94025,10799.999999991,10799.999999991,0.0,True,False
78110,2025-02-24 05:50:00,33.49699767646,745.8795810178937,712.3825833333333,10799.999999991,10799.999999991,0.0,True,False
78120,2025-02-24 06:00:00,39.75156976625997,881.053236441027,841.3016666666667,10799.999999991,10799.999999991,0.0,True,False
79110,2025-02-24 22:30:00,18.776369802870924,1382.0180364595376,529.9083333333333,3156.934152362034,3906.9341523530343,749.999999991,False,True
79120,2025-02-24 22:40:00,8.400786561399507,1390.5078532180662,548.7737333333333,3906.9341523530343,4656.934152344034,749.999999991,False,True
79130,2025-02-24 22:50:00,1.0686996656790972,1392.2831496556792,557.8811166666667,4656.934152344034,5406.934152335034,749.999999991,False,True
79140,2025-02-24 23:00:00,12.666103051722182,1391.6727697083888,545.6733333333333,5406.934152335034,6156.934152326034,749.999999991,False,True
79160,2025-02-24 23:20:00,8.387947845511114,1420.8588645021778,579.1375833333333,6175.206848506439,6925.206848497439,749.999999991,False,True
79180,2025-02-24 23:40:00,7.744505614757819,1410.2083722714244,569.1305333333332,7669.403306672493,8419.403306663493,749.999999991,False,True
79190,2025-02-24 23:50:00,24.900562719172505,1409.4213960425059,551.1875,8419.403306663493,9169.403306654493,749.999999991,False,True
79230,2025-02-25 00:30:00,26.212570659100486,1396.0092373157672,536.4633333333334,9643.654222453255,10393.654222443254,749.99999999,False,True
80550,2025-02-25 22:30:00,7.2298238929702086,1359.6648238829703,519.1016666666667,2564.0406161528635,3314.0406161438636,749.999999991,False,True
80580,2025-02-25 23:00:00,39.38161879101482,1396.2166187810149,523.5016666666667,4650.089941383626,5400.089941374626,749.999999991,False,True
80630,2025-02-25 23:50:00,1.6830330336751933,1383.6745330236752,548.6581666666666,7584.189510060875,8334.189510051876,749.999999991,False,True
80670,2025-02-26 00:30:00,22.475239073674167,1412.7235723970075,556.915,8986.319978649142,9736.319978640142,749.999999991,False,True
80980,2025-02-26 05:40:00,382.0060494882154,1465.6023378795137,626.7719999999999,10388.858140438831,10799.999999991,411.1418595521685,True,False
80990,2025-02-26 05:50:00,5.857382138342808,709.0023154797764,703.1449333333333,10799.999999991,10799.999999991,0.0,True,False
81970,2025-02-26 22:10:00,28.337785402991578,1362.036318726325,500.3652,1930.9022970843291,2680.902297074329,749.99999999,False,True
82000,2025-02-26 22:40:00,18.760168834064295,1403.3966188240643,551.3031166666666,3436.1993977353604,4186.1993977253605,749.99999999,False,True
82010,2025-02-26 22:50:00,37.108897049677005,1400.378697039677,529.9364666666667,4186.1993977253605,4936.199397715361,749.99999999,False,True
82020,2025-02-26 23:00:00,24.596772014821333,1400.9417720048214,543.0116666666667,4936.199397715361,5686.199397705361,749.99999999,False,True
82060,2025-02-26 23:40:00,32.77673635047358,1431.878819673807,565.76875,7158.526950224944,7908.526950214944,749.99999999,False,True
82070,2025-02-26 23:50:00,41.62782490422466,1435.131958227558,560.1708,7908.526950214944,8658.526950204943,749.99999999,False,True
82110,2025-02-27 00:30:00,34.5665514233982,1400.3065514133982,532.4066666666666,9057.178009509118,9807.178009499117,749.99999999,False,True
83410,2025-02-27 22:10:00,1.0104986510536866,1366.9126486410537,532.5688166666666,1858.632799575123,2608.632799566123,749.999999991,False,True
83430,2025-02-27 22:30:00,23.666041211899703,1389.0127078685664,532.0133333333333,2621.0795669243125,3371.0795669153126,749.999999991,False,True
83440,2025-02-27 22:40:00,9.532417580890062,1386.69671757089,543.8309666666667,3371.0795669153126,4121.079566906313,749.999999991,False,True
83490,2025-02-27 23:30:00,23.45941786240507,1390.4227511857384,533.63,4171.466228354834,4921.466228344834,749.99999999,False,True
83500,2025-02-27 23:40:00,9.469672206977627,1393.0008388636443,550.1978333333333,4921.466228344834,5671.466228334834,749.99999999,False,True
83510,2025-02-27 23:50:00,9.98815439604288,1335.936004386043,492.61451666666665,5671.466228334834,6421.466228325834,749.999999991,False,True
84870,2025-02-28 22:30:00,30.06064326927821,1215.0789765926115,351.685,2610.6514709634416,3360.6514709544417,749.999999991,False,True
84880,2025-02-28 22:40:00,47.882398577925635,1236.042181901259,354.82645,3360.6514709544417,4110.651470945441,749.999999991,False,True
84940,2025-02-28 23:40:00,10.657267267855325,1242.6196672578553,398.62906666666663,4850.6258360388,5600.6258360288,749.99999999,False,True
84950,2025-02-28 23:50:00,29.566087906481805,1268.0425045631484,405.14308333333327,5600.6258360288,6350.6258360188,749.9999999899999,False,True
86290,2025-03-01 22:10:00,2.240190648695026,1207.937090638695,372.36356666666666,1903.5689228462447,2653.568922837245,749.999999991,False,True
86330,2025-03-01 22:50:00,5.383547251774636,1212.882780575108,374.16589999999997,4141.868156798501,4891.868156788501,749.99999999,False,True
86380,2025-03-01 23:40:00,8.768296417545223,1223.2945130742119,381.19288333333327,5652.231909115269,6402.23190910527,749.99999999,False,True
86390,2025-03-01 23:50:00,22.532516225572856,1291.410966215573,435.5451166666667,6402.23190910527,7152.23190909527,749.9999999899999,False,True
86410,2025-03-02 00:10:00,40.45680620933705,1434.0371228660038,560.2469833333333,7784.139589245808,8534.139589235807,749.99999999,False,True
86420,2025-03-02 00:20:00,23.287444522221783,1415.9252278455551,559.30445,8534.139589235807,9284.139589226806,749.999999991,False,True
86740,2025-03-02 05:40:00,795.9070373831398,1468.2666087394023,607.8733666666667,10741.962415770364,10799.999999991,58.03758422063618,True,False
86750,2025-03-02 05:50:00,35.90363227455346,712.0043822826538,676.10075,10799.999999991,10799.999999991,0.0,True,False
87720,2025-03-02 22:00:00,17.00492301409121,1367.7632563374245,517.425,1220.3846119156867,1970.3846119066866,749.999999991,False,True
87730,2025-03-02 22:10:00,23.804308296661127,1367.495508286661,510.3578666666666,1970.3846119066866,2720.3846118966867,749.99999999,False,True
87750,2025-03-02 22:30:00,22.785150895330382,1386.556817551997,530.4383333333333,2736.090817176119,3486.090817166119,749.99999999,False,True
87810,2025-03-02 23:30:00,9.80035002000249,1414.9203500100025,571.7866666666666,4946.931988754179,5696.931988744179,749.99999999,False,True
87870,2025-03-03 00:30:00,8.539811128078092,1414.2648111180781,572.3916666666667,9258.851596788327,10008.851596778326,749.99999999,False,True
88180,2025-03-03 05:40:00,771.1307880246219,1339.128473163054,553.4757166666666,10786.930228366411,10799.999999991,13.06977162458894,True,False
88190,2025-03-03 05:50:00,84.7295116006612,724.4424616087615,639.71295,10799.999999991,10799.999999991,0.0,True,False
89170,2025-03-03 22:10:00,2.3142539692506636,1372.515637292584,536.8680499999999,1945.9833735524853,2695.9833735434854,749.999999991,False,True
89250,2025-03-03 23:30:00,30.50847541427469,1415.2034754042747,551.3616666666667,4973.823384091457,5723.823384082457,749.999999991,False,True
89290,2025-03-04 00:10:00,21.101347776740106,1422.2842144334068,567.8495333333333,7795.526282023431,8545.52628201343,749.99999999,False,True
89300,2025-03-04 00:20:00,4.498336208802804,1411.4767528654695,573.6450833333333,8545.52628201343,9295.52628200443,749.999999991,False,True
89620,2025-03-04 05:40:00,495.11787269863026,1478.9935293235717,612.7403666666667,10465.978239028553,10799.999999991,334.0217609624473,True,False
89630,2025-03-04 05:50:00,61.360235484110525,742.9784854922108,681.61825,10799.999999991,10799.999999991,0.0,True,False
90610,2025-03-04 22:10:00,46.32016955664982,1393.0507028799832,513.3972,1928.1696395360977,2678.169639527098,749.999999991,False,True
90640,2025-03-04 22:40:00,7.933004652587775,1371.7079379759211,530.4416,3414.953892740859,4164.953892731859,749.999999991,False,True
90650,2025-03-04 22:50:00,28.66098697503707,1380.3717369650371,518.3774166666667,4164.953892731859,4914.953892722859,749.999999991,False,True
90690,2025-03-04 23:30:00,9.147821941965724,1422.856155265299,580.375,5451.455833625541,6201.455833616541,749.999999991,False,True
90740,2025-03-05 00:20:00,5.780171692331684,1408.2247716823317,569.1112666666667,8385.471384433771,9135.47138442377,749.99999999,False,True
90750,2025-03-05 00:30:00,3.369795696268276,1394.6681290196016,557.9649999999999,9135.47138442377,9885.47138441377,749.99999999,False,True
91040,2025-03-05 05:20:00,5.168732556120644,675.7409317419438,630.3058,10763.76024072376,10799.999999991,36.23975926724088,True,False
91050,2025-03-05 05:30:00,55.2874420225671,667.7924420306674,612.505,10799.999999991,10799.999999991,0.0,True,False
91060,2025-03-05 05:40:00,867.5229136218971,1463.4913969633308,595.9684833333333,10799.999999991,10799.999999991,0.0,True,False
91070,2025-03-05 05:50:00,11.150440461960418,704.2416738033941,693.0912333333333,10799.999999991,10799.999999991,0.0,True,False
92070,2025-03-05 22:30:00,20.320718646205016,1406.400718636205,552.7466666666667,2679.065970261562,3429.0659702525622,749.999999991,False,True
92130,2025-03-05 23:30:00,15.115791147811017,1401.640791137811,553.1916666666666,4922.211470251721,5672.211470242721,749.999999991,False,True
92140,2025-03-05 23:40:00,18.20161908422255,1406.3567357408892,554.8217833333333,5672.211470242721,6422.211470232721,749.99999999,False,True
92500,2025-03-06 05:40:00,411.64390267947414,1479.4763687723093,628.5495,10404.645330507448,10799.999999991,395.3546694835517,True,False
92510,2025-03-06 05:50:00,22.73752161006283,716.1098549514965,693.3723333333334,10799.999999991,10799.999999991,0.0,True,False
93490,2025-03-06 22:10:00,5.34377250404281,1365.0000724940428,526.3229666666666,1947.1853943766193,2697.185394366619,749.99999999,False,True
94930,2025-03-07 22:10:00,3.6659146657292387,1212.1671646557293,375.16791666666666,1832.727118072905,2582.727118063905,749.999999991,False,True
96390,2025-03-08 22:30:00,17.613871830484747,1234.587205153818,383.64,2642.940292394796,3392.940292384796,749.99999999,False,True
96450,2025-03-08 23:30:00,18.90560897484942,1236.6439422981828,384.405,4880.702997014457,5630.702997004457,749.99999999,False,True
96460,2025-03-08 23:40:00,8.163502461044907,1216.776702451045,375.27986666666663,5630.702997004457,6380.702996994457,749.99999999,False,True
96490,2025-03-09 00:10:00,16.110421721107734,1398.1900883777744,548.7463333333333,7721.453223411334,8471.453223401333,749.99999999,False,True
96500,2025-03-09 00:20:00,19.661623409273822,1392.5640900659405,539.5691333333333,8471.453223401333,9221.453223391332,749.99999999,False,True
96820,2025-03-09 05:40:00,42.479553982867166,1447.6426873062005,571.8298,9910.718357113605,10660.718357103604,749.99999999,False,True
97830,2025-03-09 22:30:00,1.3970463233796329,1369.0320463133796,534.3016666666666,2610.408640948822,3360.408640938822,749.99999999,False,True
97890,2025-03-09 23:30:00,8.649491796926547,1406.4944917869266,564.5116666666667,4914.921293415867,5664.921293406866,749.999999991,False,True
97900,2025-03-09 23:40:00,7.84935938331511,1413.8136927066485,572.631,5664.921293406866,6414.9212933968665,749.99999999,False,True
97910,2025-03-09 23:50:00,8.938256871209994,1411.0622735278766,568.7906833333333,6414.9212933968665,7164.921293386867,749.9999999899999,False,True
99250,2025-03-10 22:10:00,11.383351953126741,1369.2838186097933,524.5671333333332,1959.2382479940748,2709.238247984075,749.99999999,False,True
99340,2025-03-10 23:40:00,33.03992926867408,1410.2634792586741,543.8902166666667,5578.211864290148,6328.211864281147,749.999999991,False,True
99350,2025-03-10 23:50:00,40.47483404948604,1411.588584039486,537.7804166666666,6328.211864281147,7078.211864272147,749.999999991,False,True
99700,2025-03-11 05:40:00,392.6452554968105,1455.424583768242,604.9340166666666,10387.939219546712,10799.999999991,412.0607804442883,True,False
99710,2025-03-11 05:50:00,36.46753389970181,697.0674005744688,660.5998666666667,10799.999999991,10799.999999991,0.0,True,False
100710,2025-03-11 22:30:00,7.278828067577925,1383.6921613909112,543.0799999999999,2639.674333947233,3389.6743339372333,749.99999999,False,True
100770,2025-03-11 23:30:00,52.27074145638732,1415.162408113054,529.5583333333333,4901.075548081764,5651.075548071764,749.99999999,False,True
100780,2025-03-11 23:40:00,64.6316748175809,1423.0249414742475,525.0599333333332,5651.075548071764,6401.0755480617645,749.99999999,False,True
100790,2025-03-11 23:50:00,49.896304342109254,1412.6963543321092,529.4667166666666,6401.0755480617645,7151.075548051765,749.9999999899999,False,True
102220,2025-03-12 23:40:00,15.303428350556935,1395.7122616738902,547.0754999999999,5482.7693055915515,6232.769305582551,749.999999991,False,True
102230,2025-03-12 23:50:00,30.0833099241297,1408.415743247463,544.9991,6232.769305582551,6982.769305573551,749.999999991,False,True
102270,2025-03-13 00:30:00,4.006917535507902,1423.0419175255079,585.7016666666666,9092.618987449621,9842.61898743962,749.99999999,False,True
102580,2025-03-13 05:40:00,634.9547520723937,1476.5601314401047,600.5139666666666,10583.01772856006,10799.999999991,216.98227143093976,True,False
102590,2025-03-13 05:50:00,12.228759816346928,708.6924098244472,696.4636499999999,10799.999999991,10799.999999991,0.0,True,False
103600,2025-03-13 22:40:00,4.51042700076504,1400.3692603240984,562.5255,2742.3516168671417,3492.351616858142,749.999999991,False,True
104020,2025-03-14 05:40:00,5.562823323069657,1291.1489899797364,452.2528333333333,5346.596501088962,6096.596501079962,749.999999991,False,True
105010,2025-03-14 22:10:00,9.718912935778341,1209.4044462591116,366.3521999999999,2048.446855912216,2798.446855902216,749.99999999,False,True
105030,2025-03-14 22:30:00,14.687879072105027,1231.1112123954383,383.09,2810.9541132291197,3560.95411322012,749.999999991,False,True
106470,2025-03-15 22:30:00,11.997666018981583,1222.435999342315,377.105,3137.759188097909,3887.759188088909,749.999999991,False,True
106900,2025-03-16 05:40:00,26.77229020865274,1423.166362981325,586.01305,10070.657079495595,10799.999999991,729.3429204954049,True,False
107980,2025-03-16 23:40:00,5.4466475031248285,1408.1350474931248,569.3550666666666,7048.710337027002,7798.710337018002,749.999999991,False,True
108340,2025-03-17 05:40:00,193.3721788552548,1420.2071548428771,575.9375,10214.19227160214,10799.999999991,585.80772838886,True,False
108350,2025-03-17 05:50:00,30.406310681373363,665.2000273561403,634.7937166666666,10799.999999991,10799.999999991,0.0,True,False
109330,2025-03-17 22:10:00,22.503144665771735,1361.7358779891051,505.8994,1903.7119714400387,2653.711971430039,749.99999999,False,True
109340,2025-03-17 22:20:00,14.771267086839309,1379.988533743506,531.8839333333333,2653.711971430039,3403.711971420039,749.99999999,False,True
109350,2025-03-17 22:30:00,23.691296499573802,1410.1229631562405,553.0983333333334,3403.711971420039,4153.711971410039,749.99999999,False,True
109360,2025-03-17 22:40:00,19.61562268981742,1414.0702060131507,561.1212499999999,4153.711971410039,4903.711971400039,749.99999999,False,True
109370,2025-03-17 22:50:00,22.777898873929523,1397.9678321972629,541.8566,4903.711971400039,5653.711971390039,749.99999999,False,True
109380,2025-03-17 23:00:00,34.768163362793295,1382.7264966861267,514.625,5653.711971390039,6403.711971380039,749.99999999,False,True
109780,2025-03-18 05:40:00,53.11723378774024,1437.4523671110737,551.0018,9647.854966289457,10397.854966279456,749.99999999,False,True
110800,2025-03-18 22:40:00,21.011498356988334,1393.3485316803217,539.0037,4130.1730654516605,4880.173065441661,749.99999999,False,True
110810,2025-03-18 22:50:00,3.537702768233536,1384.0784194249002,547.2073833333333,4880.173065441661,5630.173065431661,749.99999999,False,True
110850,2025-03-18 23:30:00,13.554762238159803,1379.2764288948265,532.3883333333333,6941.887408419256,7691.887408410255,749.999999991,False,True
111220,2025-03-19 05:40:00,417.01678745378894,1444.3474722243072,589.90905,10406.320528697534,10799.999999991,393.67947129346646,True,False
111230,2025-03-19 05:50:00,14.751433816182134,697.3641504909491,682.6127166666666,10799.999999991,10799.999999991,0.0,True,False
112230,2025-03-19 22:30:00,41.84279590530809,1401.0211292286415,525.845,3244.310500055474,3994.3105000454743,749.99999999,False,True
112240,2025-03-19 22:40:00,45.81951620203085,1419.5181495253642,540.3652999999999,3994.3105000454743,4744.310500035474,749.99999999,False,True
112250,2025-03-19 22:50:00,32.28439019530912,1418.8324735186425,553.21475,4744.310500035474,5494.3105000254745,749.99999999,False,True
112260,2025-03-19 23:00:00,15.228290569402127,1399.2782905594022,550.7166666666667,5494.3105000254745,6244.310500015475,749.99999999,False,True
112290,2025-03-19 23:30:00,12.429755260400263,1403.7797552504003,558.0166666666667,6251.301010655569,7001.3010106455695,749.99999999,False,True
112300,2025-03-19 23:40:00,16.589020076714398,1386.6362534000477,536.7139,7001.3010106455695,7751.30101063557,749.99999999,False,True
112310,2025-03-19 23:50:00,9.46423394603493,1387.965733936035,545.1681666666666,7751.30101063557,8501.30101062557,749.99999999,False,True
112660,2025-03-20 05:40:00,32.695467359871934,1442.3354340165388,576.3066333333334,9861.766822976386,10611.766822966385,749.99999999,False,True
113650,2025-03-20 22:10:00,13.356722155486516,1385.5915221454866,538.9014666666667,1840.9058579277935,2590.9058579177936,749.99999999,False,True
113730,2025-03-20 23:30:00,18.47194603012985,1396.42694602013,544.6216666666667,3207.9860461228664,3957.9860461128665,749.99999999,False,True
115180,2025-03-21 23:40:00,9.51282434990366,1245.6367743399037,402.79061666666666,3548.389887764431,4298.389887755431,749.999999991,False,True
116530,2025-03-22 22:10:00,26.255703903383157,1223.9899205600498,364.4008833333333,1946.7581270922228,2696.758127082223,749.99999999,False,True
116540,2025-03-22 22:20:00,11.564322131239116,1227.075722121239,382.17806666666667,2696.758127082223,3446.758127072223,749.99999999,False,True
116560,2025-03-22 22:40:00,6.335763121614256,1239.054029778281,399.3849333333333,4172.302542177663,4922.302542167663,749.99999999,False,True
116570,2025-03-22 22:50:00,23.4209512337245,1246.3115012237245,389.55721666666665,4922.302542167663,5672.302542157663,749.99999999,False,True
116620,2025-03-22 23:40:00,14.106431056060266,1241.715247712727,394.27548333333334,7109.744897370237,7859.744897360237,749.99999999,False,True
116630,2025-03-22 23:50:00,21.414241297971778,1308.5001912879718,453.75261666666665,7859.744897360237,8609.744897350236,749.99999999,False,True
116980,2025-03-23 05:40:00,8.77252438325285,1413.1565077065861,571.0506499999999,9359.590399172845,10109.590399162844,749.99999999,False,True
118010,2025-03-23 22:50:00,0.05202208721265495,1378.4565387438793,545.0711833333332,4645.751091513505,5395.751091504505,749.999999991,False,True
118020,2025-03-23 23:00:00,5.24491090188939,1372.8982442252227,534.3199999999999,5395.751091504505,6145.751091494505,749.99999999,False,True
118030,2025-03-23 23:10:00,11.666404302222524,1387.9833209588892,542.9835833333333,6145.751091494505,6895.751091484505,749.99999999,False,True
118050,2025-03-23 23:30:00,32.88716210617189,1406.9904954295052,540.77,6919.179701525316,7669.179701515316,749.99999999,False,True
118060,2025-03-23 23:40:00,11.49420326205324,1404.3251532520533,559.4976166666667,7669.179701515316,8419.179701505316,749.99999999,False,True
118070,2025-03-23 23:50:00,12.682822521692167,1411.9800891783589,565.9639333333333,8419.179701505316,9169.179701495315,749.99999999,False,True
119440,2025-03-24 22:40:00,19.52528612809055,1398.8001861180906,545.9415666666666,4090.8156470559184,4840.815647045918,749.99999999,False,True
119490,2025-03-24 23:30:00,44.90793765456214,1413.2079376445622,534.9666666666667,6858.467034292205,7608.467034283205,749.999999991,False,True
120870,2025-03-25 22:30:00,14.167549392174685,1389.545882715508,542.045,2605.0579812366095,3355.0579812276096,749.999999991,False,True
120900,2025-03-25 23:00:00,19.08854373082351,1392.8518770541568,540.43,4785.5125835788185,5535.512583569818,749.999999991,False,True
120940,2025-03-25 23:40:00,12.745660715831484,1398.1842940391648,552.1052999999999,7554.79403503305,8304.79403502405,749.999999991,False,True
120950,2025-03-25 23:50:00,27.731767972581785,1407.188701295915,546.1235999999999,8304.79403502405,9054.79403501505,749.999999991,False,True
121050,2025-03-26 01:30:00,8.382765422355298,1413.1760987456887,571.46,9012.572271386141,9762.57227137614,749.99999999,False,True
122340,2025-03-26 23:00:00,9.636872068396535,1385.36520539173,542.395,4757.279839732214,5507.279839723214,749.999999991,False,True
123730,2025-03-27 22:10:00,14.07214059486568,1374.2748072515324,526.8693333333333,1771.3037728971503,2521.3037728881504,749.999999991,False,True
124180,2025-03-28 05:40:00,4.0484602379314,1299.9607435612647,462.57894999999996,4683.626890749627,5433.626890740627,749.999999991,False,True
125170,2025-03-28 22:10:00,19.991374849499714,1211.1271748394997,357.80246666666665,1818.145579836841,2568.145579826841,749.99999999,False,True
125190,2025-03-28 22:30:00,31.18742604645228,1250.724092703119,386.20333333333326,2589.8959280964077,3339.895928086408,749.99999999,False,True
125620,2025-03-29 05:40:00,13.273832540072355,1289.409299196739,442.80213333333336,3789.467032386132,4539.467032376132,749.99999999,False,True
126690,2025-03-29 23:30:00,24.841786748837983,1259.5984534055046,401.4233333333333,6163.277757170891,6913.277757161891,749.999999991,False,True
126700,2025-03-29 23:40:00,12.511405931443612,1228.888939254777,383.04419999999993,6913.277757161891,7663.27775715289,749.999999991,False,True
126710,2025-03-29 23:50:00,10.5295269430461,1290.0144935997128,446.1516333333333,7663.27775715289,8413.277757143891,749.999999991,False,True
126760,2025-03-30 00:40:00,10.435519566854161,1417.5193528901875,573.7505,8848.429205947908,9598.429205937908,749.99999999,False,True
128070,2025-03-30 22:30:00,4.168871682381897,1383.1188716723818,545.6166666666666,2610.3933323119177,3360.393332301918,749.99999999,False,True
128110,2025-03-30 23:10:00,11.568929354813456,1379.1488793448134,534.2466166666666,5462.857900262596,6212.857900252596,749.99999999,False,True
129490,2025-03-31 22:10:00,1.1533641643669545,1358.0931974877003,523.6065,1779.4398471096729,2529.439847100673,749.999999991,False,True
129510,2025-03-31 22:30:00,30.197494543825194,1397.4474945338252,533.9166666666666,2553.5366884786954,3303.5366884696955,749.999999991,False,True
129520,2025-03-31 22:40:00,2.8212199622191667,1386.7312699522192,550.5767166666667,3303.5366884696955,4053.5366884606956,749.999999991,False,True
129530,2025-03-31 22:50:00,2.9513285626071513,1384.1554618859404,547.8707999999999,4053.5366884606956,4803.536688451695,749.999999991,False,True
129540,2025-03-31 23:00:00,36.162573594384405,1396.369240251051,526.8733333333332,4803.536688451695,5553.536688442695,749.999999991,False,True
129550,2025-03-31 23:10:00,47.45124807537217,1398.7621647320389,517.9775833333333,5553.536688442695,6303.5366884336945,749.999999991,False,True
129560,2025-03-31 23:20:00,2.64556615313517,1384.3879661431351,548.4090666666666,6303.5366884336945,7053.536688424694,749.999999991,False,True
129580,2025-03-31 23:40:00,27.93435980536855,1421.2584264620352,559.9907333333333,7771.479152955426,8521.479152945425,749.99999999,False,True
130930,2025-04-01 22:10:00,21.42841340867607,1385.4241967320095,530.66245,1805.4736632508257,2555.4736632408258,749.99999999,False,True
130950,2025-04-01 22:30:00,18.466354295399007,1379.2696876187324,527.47,2564.445180080529,3314.445180070529,749.99999999,False,True
130960,2025-04-01 22:40:00,47.295864353870904,1406.9373810105376,526.3081833333333,3314.445180070529,4064.4451800605293,749.99999999,False,True
130970,2025-04-01 22:50:00,29.41691815521846,1405.2612848118852,542.5110333333333,4064.4451800605293,4814.445180050529,749.99999999,False,True
130990,2025-04-01 23:10:00,0.05526813807454462,1396.8958847947413,563.5072833333334,5550.720029234116,6300.720029224116,749.99999999,False,True
131000,2025-04-01 23:20:00,18.059574473257832,1414.8829577965912,563.49005,6300.720029224116,7050.720029214116,749.99999999,False,True
131010,2025-04-01 23:30:00,12.100035692118233,1402.6200356821182,557.1866666666666,7050.720029214116,7800.720029204116,749.99999999,False,True
131020,2025-04-01 23:40:00,12.639462699664243,1387.253929356331,541.2811333333333,7800.720029204116,8550.720029194115,749.99999999,False,True
132370,2025-04-02 22:10:00,13.843177403045608,1388.5692273930456,541.3927166666666,1680.911603323095,2430.911603314095,749.999999991,False,True
132390,2025-04-02 22:30:00,15.00349806308008,1385.0218313864134,536.685,2452.5545608519924,3202.5545608429925,749.999999991,False,True
132400,2025-04-02 22:40:00,37.44098631246219,1392.2550529691289,521.4807333333333,3202.5545608429925,3952.5545608339926,749.999999991,False,True
132410,2025-04-02 22:50:00,41.829565092237196,1399.0610150822372,523.8981166666666,3952.5545608339926,4702.554560824992,749.999999991,False,True
132420,2025-04-02 23:00:00,2.0437614536896183,1379.4454281103563,544.0683333333333,4702.554560824992,5452.554560815992,749.999999991,False,True
132450,2025-04-02 23:30:00,30.189758180332085,1413.7380915036654,550.2149999999999,6891.6126851817135,7641.612685172713,749.999999991,False,True
132820,2025-04-03 05:40:00,7.8691473026363985,1426.3022472926364,585.0997666666666,9896.840629203667,10646.840629193666,749.99999999,False,True
134260,2025-04-04 05:40:00,15.668650587635959,1290.5014339109694,441.49945,3387.320399910437,4137.320399900437,749.99999999,False,True
136740,2025-04-05 23:00:00,13.890900508197085,1232.0759004981971,384.8516666666667,2842.070071810264,3592.070071801264,749.999999991,False,True
136790,2025-04-05 23:50:00,0.8280816352716932,1284.4745316252718,450.3131166666667,6502.094723203766,7252.094723194766,749.999999991,False,True
137140,2025-04-06 05:40:00,1.2837242196004501,1423.9429408762671,589.3258833333333,9991.496762963707,10741.496762954706,749.999999991,False,True
138130,2025-04-06 22:10:00,25.980839492032366,1383.8007894820323,524.4866166666666,1333.034634161257,2083.034634152257,749.999999991,False,True
138180,2025-04-06 23:00:00,8.38744561507189,1371.722445605072,530.0016666666667,2728.425102339536,3478.425102330536,749.999999991,False,True
138210,2025-04-06 23:30:00,0.528215371731327,1406.179882028398,572.3183333333333,4961.756161782789,5711.756161772789,749.99999999,False,True
138230,2025-04-06 23:50:00,5.4805555374526795,1406.9063555274527,568.0924666666666,6450.45484572468,7200.45484571468,749.99999999,False,True
138580,2025-04-07 05:40:00,18.91951639200635,1430.4218663820063,578.1690166666666,9646.263395772827,10396.263395762826,749.99999999,False,True
139660,2025-04-07 23:40:00,9.542427161058747,1398.8607771510588,555.9850166666666,5563.833687955503,6313.833687946502,749.999999991,False,True
139670,2025-04-07 23:50:00,10.561286718361877,1387.0955200416952,543.2008999999999,6313.833687946502,7063.833687937502,749.999999991,False,True
139720,2025-04-08 00:40:00,32.39129536712448,1412.1650286904578,546.4404,7388.721114429201,8138.7211144192015,749.99999999,False,True
139750,2025-04-08 01:10:00,12.16388915727088,1416.4768058139375,570.9795833333333,8181.669017774237,8931.669017765236,749.999999991,False,True
139760,2025-04-08 01:20:00,20.704272719623866,1423.6562727096239,569.6186666666666,8931.669017765236,9681.669017756236,749.999999991,False,True
140020,2025-04-08 05:40:00,331.01321007353533,1448.4984658100284,584.6939666666666,10320.487839828156,10799.999999991,479.51216016284377,True,False
141190,2025-04-09 01:10:00,14.041053189542701,1411.2500198462094,563.8756333333333,8235.178284554135,8985.178284545134,749.999999991,False,True
141460,2025-04-09 05:40:00,442.1692174599123,1459.6771933344044,589.2235,10414.543971703957,10799.999999991,385.4560282870429,True,False
142500,2025-04-09 23:00:00,22.003679531624577,1379.867012854958,524.53,2096.6191394724788,2846.619139463479,749.999999991,False,True
142510,2025-04-09 23:10:00,19.570158587832672,1396.1131085778327,543.2096166666666,2846.619139463479,3596.619139453479,749.99999999,False,True
142590,2025-04-10 00:30:00,12.500876132896444,1424.277542789563,578.4433333333333,6659.814118335744,7409.8141183267435,749.999999991,False,True
142630,2025-04-10 01:10:00,3.835014036643762,1398.7199473599771,561.5516,8126.950933078188,8876.950933068189,749.99999999,False,True
142640,2025-04-10 01:20:00,13.15773973426041,1407.462506390927,560.9714333333333,8876.950933068189,9626.950933058188,749.99999999,False,True
142900,2025-04-10 05:40:00,31.595352659100847,1420.2779193157676,555.3492333333334,9932.87274089276,10682.87274088276,749.99999999,False,True
143950,2025-04-10 23:10:00,39.0224640277604,1418.687780684427,546.3319833333333,2421.9330063673237,3171.933006358324,749.999999991,False,True
145780,2025-04-12 05:40:00,13.213268324724702,1290.7576349813912,444.2110333333333,3641.8252642655407,4391.82526425654,749.999999991,False,True
146840,2025-04-12 23:20:00,6.83225709494524,1255.4705904182786,415.30499999999995,4444.226305511619,5194.226305502619,749.999999991,False,True
146850,2025-04-12 23:30:00,27.27702868102596,1259.8186953376926,399.2083333333333,5194.226305502619,5944.226305492619,749.99999999,False,True
146860,2025-04-12 23:40:00,26.431453947751145,1232.9648372710844,373.20005,5944.226305492619,6694.226305482619,749.99999999,False,True
146870,2025-04-12 23:50:00,5.668236578153247,1285.4952699014866,446.4937,6694.226305482619,7444.226305472619,749.99999999,False,True
147220,2025-04-13 05:40:00,30.23727907305544,1417.8962790630553,554.3256666666666,9827.544773912614,10577.544773903614,749.999999991,False,True
148210,2025-04-13 22:10:00,7.601385273408929,1365.2361019300756,524.3013833333333,1447.8916480018488,2197.891647992849,749.999999991,False,True
148270,2025-04-13 23:10:00,16.854363983871046,1378.3988806405378,528.2111833333333,3501.2820658720925,4251.282065863093,749.999999991,False,True
148280,2025-04-13 23:20:00,43.67958738981405,1393.7280707131474,516.71515,4251.282065863093,5001.282065854092,749.999999991,False,True
148290,2025-04-13 23:30:00,23.144030283853674,1403.6906969405204,547.2133333333334,5001.282065854092,5751.282065845092,749.999999991,False,True
148300,2025-04-13 23:40:00,7.170868467582742,1414.2120517909161,573.70785,5751.282065845092,6501.2820658360915,749.999999991,False,True
148310,2025-04-13 23:50:00,7.0980735311368255,1402.75205685447,562.3206499999999,6501.2820658360915,7251.282065827091,749.999999991,False,True
149650,2025-04-14 22:10:00,5.712553493027591,1362.0487201496942,523.0028333333332,1483.0928007868922,2233.092800777892,749.999999991,False,True
149690,2025-04-14 22:50:00,29.040283458860806,1392.5299501155275,530.1563333333334,2837.319987463316,3587.319987453316,749.99999999,False,True
149700,2025-04-14 23:00:00,18.747883309735464,1392.6878832997354,540.6066666666666,3587.319987453316,4337.319987443316,749.99999999,False,True
149730,2025-04-14 23:30:00,31.835350719640807,1419.8453507096408,554.6766666666666,5824.445827066489,6574.445827056489,749.99999999,False,True
151090,2025-04-15 22:10:00,18.804170743298407,1378.736187399965,526.5986833333333,1350.5721358937542,2100.572135884754,749.999999991,False,True
151150,2025-04-15 23:10:00,30.865014097725172,1412.2171807543918,548.0188333333333,2933.185808088344,3683.185808078344,749.99999999,False,True
151160,2025-04-15 23:20:00,41.341250777497514,1407.1160174341642,532.4414333333333,3683.185808078344,4433.185808068344,749.99999999,False,True
151170,2025-04-15 23:30:00,10.067891540397333,1395.974558197064,552.5733333333333,4433.185808068344,5183.185808058344,749.99999999,False,True
151190,2025-04-15 23:50:00,19.58000957182025,1397.5151095618203,544.6017666666667,5930.948439454369,6680.948439444369,749.99999999,False,True
151540,2025-04-16 05:40:00,16.74123167755055,1418.4982150008839,568.42365,8804.460657421145,9554.460657411144,749.99999999,False,True
152560,2025-04-16 22:40:00,21.258409180263918,1404.2822925035973,549.69055,1927.4169221938512,2677.416922184851,749.999999991,False,True
152600,2025-04-16 23:20:00,12.663992633018772,1399.3690926230188,553.3717666666666,4103.915925694311,4853.915925685311,749.999999991,False,True
154040,2025-04-17 23:20:00,29.238149351154895,1406.4504160078216,543.8789333333333,2270.501531194203,3020.501531184203,749.99999999,False,True
155480,2025-04-18 23:20:00,5.844395957212092,1251.8279792805454,412.65024999999997,1924.7572573626624,2674.7572573526622,749.99999999,False,True
156880,2025-04-19 22:40:00,35.93976374676571,1243.206047070099,373.93294999999995,1321.2100536735752,2071.2100536635753,749.99999999,False,True
156910,2025-04-19 23:10:00,10.250215643007884,1235.0770322996746,391.4934833333333,2112.5760885907803,2862.5760885807804,749.99999999,False,True
156920,2025-04-19 23:20:00,35.244445661186994,1247.8441123178536,379.2663333333333,2862.5760885807804,3612.5760885707805,749.99999999,False,True
156930,2025-04-19 23:30:00,35.51352654015647,1239.165193196823,370.31833333333327,3612.5760885707805,4362.576088560781,749.99999999,False,True
158320,2025-04-20 22:40:00,1.8455529975806177,1381.0313029875806,545.8524166666666,1733.3609841056145,2483.3609840956146,749.99999999,False,True
158330,2025-04-20 22:50:00,8.755550539579865,1388.4522171962465,546.3633333333332,2483.3609840956146,3233.3609840856147,749.99999999,False,True
158340,2025-04-20 23:00:00,20.791219219989095,1387.9528858766557,533.8283333333333,3233.3609840856147,3983.360984075615,749.99999999,False,True
158370,2025-04-20 23:30:00,3.9611748567743836,1387.1095081801077,549.8149999999999,5430.429784998536,6180.429784988536,749.99999999,False,True
158380,2025-04-20 23:40:00,27.543410482870506,1408.2928271395372,547.4160833333333,6180.429784988536,6930.429784978536,749.99999999,False,True
159750,2025-04-21 22:30:00,3.447502259878653,1387.4241689165453,550.6433333333333,1405.4019360196482,2155.401936010648,749.999999991,False,True
159800,2025-04-21 23:20:00,17.41410361928296,1401.8426202759497,551.0951833333334,5028.9584667818235,5778.958466772823,749.999999991,False,True
159810,2025-04-21 23:30:00,25.425706653454192,1395.7823733101209,537.0233333333333,5778.958466772823,6528.958466763823,749.999999991,False,True
159820,2025-04-21 23:40:00,6.3866402511298395,1402.4238069077965,562.7038333333333,6528.958466763823,7278.958466754822,749.999999991,False,True
161220,2025-04-22 23:00:00,33.31050733575534,1410.7888406590887,544.145,3203.58817676858,3953.58817675958,749.999999991,False,True
161260,2025-04-22 23:40:00,9.488512696195805,1388.2127293528624,545.3908833333332,6151.456296346536,6901.456296337536,749.999999991,False,True
162640,2025-04-23 22:40:00,10.732650790715745,1386.684234114049,542.61825,2187.481973684611,2937.4819736746113,749.99999999,False,True
162660,2025-04-23 23:00:00,1.1457149920467975,1395.7490483153802,561.27,2942.4065915143055,3692.4065915043057,749.99999999,False,True
162690,2025-04-23 23:30:00,19.582465106230977,1407.4491317628977,554.5333333333333,5185.295319181004,5935.295319171004,749.99999999,False,True
162700,2025-04-23 23:40:00,43.694444368230386,1420.057111024897,543.0293333333333,5935.295319171004,6685.295319161004,749.99999999,False,True
162710,2025-04-23 23:50:00,31.48166362196354,1417.6288302786302,552.8138333333333,6685.295319161004,7435.295319151004,749.99999999,False,True
167380,2025-04-27 05:40:00,4.55513179090348,1390.5001484475702,552.6116833333333,8531.370132280088,9281.370132271088,749.999999991,False,True
168370,2025-04-27 22:10:00,16.549949654614686,1374.0495496446147,524.1662666666666,1324.65339876128,2074.65339875228,749.999999991,False,True
168400,2025-04-27 22:40:00,1.2780043891952948,1379.215821045862,544.6044833333333,2135.1098199301405,2885.1098199211406,749.999999991,False,True
168450,2025-04-27 23:30:00,11.311307018078416,1386.7996403414118,542.155,5089.180700404808,5839.180700395807,749.999999991,False,True
168460,2025-04-27 23:40:00,34.03403897544671,1390.2715389654468,522.9041666666667,5839.180700395807,6589.180700386807,749.999999991,False,True
168470,2025-04-27 23:50:00,12.046195146161146,1402.6864451361612,557.3069166666667,6589.180700386807,7339.180700377807,749.999999991,False,True
168820,2025-04-28 05:40:00,6.425383811355792,1401.379017134689,561.6202999999999,8278.844948609181,9028.844948600181,749.999999991,False,True
169830,2025-04-28 22:30:00,4.961333494383772,1384.6563334843838,546.3616666666667,2207.4460349777078,2957.446034968708,749.999999991,False,True
169870,2025-04-28 23:10:00,28.292283974664763,1395.5287006313315,533.9030833333334,3345.5214711297604,4095.5214711197605,749.99999999,False,True
169880,2025-04-28 23:20:00,10.176553383827688,1390.1154533738277,546.6055666666666,4095.5214711197605,4845.521471109761,749.99999999,False,True
169900,2025-04-28 23:40:00,29.72274512897956,1396.5220617856462,533.4659833333333,5578.211073345272,6328.211073335272,749.99999999,False,True
169910,2025-04-28 23:50:00,29.029100063360822,1396.8052333866942,534.4428,6328.211073335272,7078.211073325272,749.99999999,False,True
171300,2025-04-29 23:00:00,8.196272922082237,1387.687939578749,546.1583333333333,2951.6927916922505,3701.6927916822506,749.99999999,False,True
171310,2025-04-29 23:10:00,34.79716175277405,1402.6841450761074,534.55365,3701.6927916822506,4451.692791672251,749.99999999,False,True
171320,2025-04-29 23:20:00,42.42398019764402,1406.8781468543107,531.1208333333333,4451.692791672251,5201.692791662251,749.99999999,False,True
171330,2025-04-29 23:30:00,13.345860207778053,1392.5975268644447,545.9183333333333,5201.692791662251,5951.692791652251,749.99999999,False,True
171350,2025-04-29 23:50:00,6.24439746239124,1398.923164119058,559.3454333333333,6682.325772946981,7432.325772936981,749.99999999,False,True
172720,2025-04-30 22:40:00,22.852976918012466,1380.160943574679,523.9746333333333,2871.956308191217,3621.956308182217,749.999999991,False,True
172760,2025-04-30 23:20:00,18.60950495150768,1392.8880216081743,540.9451833333333,4328.161161826914,5078.161161817914,749.999999991,False,True
172770,2025-04-30 23:30:00,1.2578138149652807,1392.889480471632,558.2983333333333,5078.161161817914,5828.161161807914,749.99999999,False,True
177050,2025-05-03 22:50:00,1.5743233640649725,1244.790273354065,409.88261666666665,2098.8037875903588,2848.803787581359,749.999999991,False,True
177160,2025-05-04 00:40:00,20.193811758318127,1476.6305284149848,623.1033833333333,7269.004285186309,8019.004285176309,749.99999999,False,True
178600,2025-05-05 00:40:00,83.29011499735337,1481.1368149873533,564.5133666666666,7132.797727111231,7882.797727101231,749.99999999,False,True
180140,2025-05-06 02:20:00,15.747816598000888,1450.4345999213342,601.35345,7244.151360413653,7994.151360404652,749.999999991,False,True
181580,2025-05-07 02:20:00,61.86521027878063,1478.8954769354473,583.6969333333333,7621.015116799875,8371.015116789875,749.99999999,False,True
181610,2025-05-07 02:50:00,43.06348287511707,1477.1425661984504,600.7457499999999,8524.523680764063,9274.523680755063,749.999999991,False,True
182860,2025-05-07 23:40:00,8.597526750345871,1401.9527600736792,560.0219,5617.071008118635,6367.071008109635,749.999999991,False,True
182870,2025-05-07 23:50:00,1.7026332563705102,1426.1588832463706,591.1229166666667,6367.071008109635,7117.071008100635,749.999999991,False,True
183020,2025-05-08 02:20:00,62.545283795095195,1489.4786004517618,593.5999833333333,7949.26858456864,8699.26858455864,749.99999999,False,True
183050,2025-05-08 02:50:00,19.496075096015595,1451.3736250860156,598.5442166666667,8814.626345749328,9564.626345740327,749.999999991,False,True
183220,2025-05-08 05:40:00,73.77025701197896,1355.6265657980318,584.4572,10172.340802083552,10799.999999991,627.6591979074477,True,False
184290,2025-05-08 23:30:00,45.006333950414835,1455.3780006070815,577.0383333333333,1297.3690593676088,2047.3690593576089,749.99999999,False,True
185730,2025-05-09 23:30:00,2.422775223138834,1229.6677752131388,393.91166666666663,1272.0446218036354,2022.0446217936355,749.99999999,False,True
187180,2025-05-10 23:40:00,32.42734917712982,1239.7840325004631,374.02335,4926.044485422748,5676.044485413748,749.999999991,False,True
187190,2025-05-10 23:50:00,41.586825074296705,1304.60805839763,429.68789999999996,5676.044485413748,6426.044485404747,749.999999991,False,True
188560,2025-05-11 22:40:00,8.543824005600293,1420.8156573289336,578.9385,1419.8581857266752,2169.858185716675,749.99999999,False,True
188570,2025-05-11 22:50:00,25.896312580417764,1415.8387292370844,556.6090833333333,2169.858185716675,2919.858185706675,749.99999999,False,True
190000,2025-05-12 22:40:00,25.406629595751603,1422.388112919085,563.64815,1331.5382879509225,2081.5382879409226,749.99999999,False,True
190010,2025-05-12 22:50:00,16.825652081001287,1421.7338020710013,571.5748166666666,2081.5382879409226,2831.5382879309227,749.99999999,False,True
190040,2025-05-12 23:20:00,21.237708675809237,1429.2104586658093,574.6394166666666,3562.7811406411306,4312.781140632131,749.999999991,False,True
190050,2025-05-12 23:30:00,15.781189283159726,1443.744522606493,594.63,4312.781140632131,5062.78114062313,749.999999991,False,True
190060,2025-05-12 23:40:00,11.906262992965587,1426.949146316299,581.70955,5062.78114062313,5812.78114061313,749.99999999,False,True
190070,2025-05-12 23:50:00,14.17348921755967,1409.924472540893,562.41765,5812.78114061313,6562.781140603131,749.99999999,False,True
190220,2025-05-13 02:20:00,5.359168654435158,1412.0358686444351,573.3433666666666,6985.593819260833,7735.593819250833,749.99999999,False,True
191440,2025-05-13 22:40:00,20.9334202782129,1454.715620268213,600.4488666666666,1685.6566218498879,2435.656621839888,749.99999999,False,True
191450,2025-05-13 22:50:00,11.835454369584106,1444.0882710262508,598.9194833333333,2435.656621839888,3185.656621829888,749.99999999,False,True
191510,2025-05-13 23:50:00,18.123680140990693,1408.9892467976574,557.5322333333334,6031.711070514529,6781.711070504529,749.9999999899999,False,True
192930,2025-05-14 23:30:00,8.092298013961674,1397.2522980039616,555.8266666666666,3394.785270482512,4144.785270472512,749.99999999,False,True
193060,2025-05-15 01:40:00,3.705764404545781,1407.145497727879,570.1063999999999,5682.923324164747,6432.923324154747,749.99999999,False,True
193100,2025-05-15 02:20:00,14.115172055702594,1426.5581720457026,579.1096666666666,6709.311669214285,7459.311669204285,749.99999999,False,True
197250,2025-05-17 23:30:00,5.055333920271543,1281.4453339102715,443.0566666666667,1246.600233433722,1996.6002334237219,749.99999999,False,True
198700,2025-05-18 23:40:00,34.335051153698025,1433.0745844770313,565.4061999999999,1270.4968219713724,2020.4968219623725,749.999999991,False,True
198710,2025-05-18 23:50:00,18.14312674431971,1439.9946934009863,588.5182333333332,2020.4968219623725,2770.4968219533725,749.999999991,False,True
198820,2025-05-19 01:40:00,24.977918933037692,1452.8288355897043,594.5175833333333,3615.65168496769,4365.65168495769,749.99999999,False,True
198860,2025-05-19 02:20:00,3.0484384664990705,1431.5062051231657,595.1244333333333,4388.941273943122,5138.941273933122,749.99999999,False,True
198890,2025-05-19 02:50:00,19.950139705524172,1427.4341396955242,574.1506666666667,5183.008805755358,5933.008805745358,749.99999999,False,True
198900,2025-05-19 03:00:00,16.619174324237967,1454.959174314238,605.0066666666667,5933.008805745358,6683.008805735358,749.99999999,False,True
200250,2025-05-20 01:30:00,8.109546451922704,1416.6462131085893,575.2033333333333,3252.235634012134,4002.2356340021342,749.99999999,False,True
200260,2025-05-20 01:40:00,14.176847802522154,1420.4643644591888,572.9541833333333,4002.2356340021342,4752.235633992134,749.99999999,False,True
200330,2025-05-20 02:50:00,6.533798237656575,1435.9804648943232,596.1133333333332,5617.202834733219,6367.202834723219,749.99999999,False,True
201700,2025-05-21 01:40:00,34.698213305099664,1439.3239799617663,571.2924333333333,2994.755892613597,3744.755892603597,749.99999999,False,True
201730,2025-05-21 02:10:00,15.962516880908304,1431.7573668709083,582.4615166666666,3814.7378148025937,4564.737814792594,749.99999999,False,True
201740,2025-05-21 02:20:00,30.275395042595953,1435.9835116992626,572.3747833333333,4564.737814792594,5314.737814782594,749.99999999,False,True
203090,2025-05-22 00:50:00,9.222957858079205,1411.974924514746,569.4186333333333,2866.571575146701,3616.571575136701,749.99999999,False,True
203100,2025-05-22 01:00:00,8.071011161492144,1412.4343444848255,571.03,3616.571575136701,4366.571575126701,749.99999999,False,True
207450,2025-05-25 01:30:00,4.461498234427828,1439.1281648910945,601.3333333333333,2463.9473674756405,3213.9473674656406,749.99999999,False,True
207460,2025-05-25 01:40:00,39.16024057079937,1454.6851738941327,582.1916,3213.9473674656406,3963.9473674556407,749.99999999,False,True
207470,2025-05-25 01:50:00,31.849402849614187,1446.0572528396142,580.8745166666666,3963.9473674556407,4713.94736744564,749.99999999,False,True
207500,2025-05-25 02:20:00,50.73632797241452,1456.8239779624146,572.7543166666667,4740.3821247026035,5490.382124692604,749.99999999,False,True
207540,2025-05-25 03:00:00,30.625720768262674,1443.0323874249293,579.0733333333333,5560.890179705819,6310.890179696818,749.999999991,False,True
208850,2025-05-26 00:50:00,31.251548847545443,1409.9681488375454,545.3832666666666,1769.3331337435263,2519.333133733526,749.99999999,False,True
208940,2025-05-26 02:20:00,14.943901788064515,1424.0995684447312,575.8223333333333,4133.497166440842,4883.497166430842,749.99999999,False,True
210230,2025-05-26 23:50:00,31.136589575244322,1417.5639895652444,553.0940666666667,1562.373041893794,2312.373041883794,749.99999999,False,True
210290,2025-05-27 00:50:00,16.645921861484105,1410.073021851484,560.0937666666666,2538.979384475367,3288.9793844653673,749.99999999,False,True
211780,2025-05-28 01:40:00,9.435205187509148,1401.9794385108426,559.2109,2756.955015820737,3506.955015810737,749.99999999,False,True
213260,2025-05-29 02:20:00,8.289240399723774,1419.764923723057,578.14235,5164.774825174295,5914.774825164295,749.99999999,False,True
218970,2025-06-02 01:30:00,21.906253556131894,1517.1962535461319,661.9566666666666,2743.8779625308375,3493.8779625208376,749.99999999,False,True
218980,2025-06-02 01:40:00,16.560766437627073,1524.1233830942938,674.2292833333333,3493.8779625208376,4243.877962510837,749.99999999,False,True
218990,2025-06-02 01:50:00,14.692986542324654,1517.074869865658,669.04855,4243.877962510837,4993.877962500837,749.99999999,False,True
219010,2025-06-02 02:10:00,7.272531262153726,1509.8894979188203,669.2836333333332,5015.830345270662,5765.830345260662,749.99999999,False,True
219050,2025-06-02 02:50:00,17.85626875718207,1490.7885687471821,639.5989666666667,6514.637713563244,7264.637713553244,749.99999999,False,True
220450,2025-06-03 02:10:00,23.55574294749794,1487.126942937498,630.2378666666666,4596.925480626842,5346.925480616842,749.99999999,False,True
220460,2025-06-03 02:20:00,43.26753367928665,1506.4074003359533,629.8065333333333,5346.925480616842,6096.925480606842,749.99999999,False,True
220590,2025-06-03 04:30:00,88.03711305776208,1512.1237797144288,590.7533333333333,6620.353554261301,7370.3535542523005,749.999999991,False,True
220630,2025-06-03 05:10:00,23.52396954729499,1464.6191028706285,607.7618,7558.913966941354,8308.913966932354,749.999999991,False,True
221810,2025-06-04 00:50:00,2.3165419046394993,1513.5708418946394,677.9209666666666,1409.8349623264073,2159.834962316407,749.99999999,False,True
221820,2025-06-04 01:00:00,19.971740653411864,1502.9334073100786,649.6283333333333,2159.834962316407,2909.8349623064073,749.99999999,False,True
223250,2025-06-05 00:50:00,3.0399140788134593,1494.54263073548,658.1693833333333,1338.6436861163725,2088.6436861063726,749.99999999,False,True
223260,2025-06-05 01:00:00,32.78797168441155,1495.9713050077448,629.8499999999999,2088.6436861063726,2838.6436860963727,749.99999999,False,True
223470,2025-06-05 04:30:00,59.4777746391428,1499.9461079624762,607.135,5849.8654729433965,6599.865472933397,749.99999999,False,True
227570,2025-06-08 00:50:00,71.9422184366192,1574.3558017599526,669.08025,1607.2110350267837,2357.2110350177836,749.999999991,False,True
227620,2025-06-08 01:40:00,52.90325470075549,1528.6896046907555,642.4530166666666,2710.593966079854,3460.593966069854,749.99999999,False,True
227680,2025-06-08 02:40:00,43.91568154435094,1528.4702982010176,651.2212833333333,3924.309262783307,4674.309262773307,749.99999999,False,True
227690,2025-06-08 02:50:00,57.21734178709493,1520.6922584437616,630.1415833333333,4674.309262773307,5424.309262763307,749.99999999,False,True
227790,2025-06-08 04:30:00,62.09097730675307,1501.9243106300864,606.5,6433.609959595412,7183.609959585412,749.99999999,False,True
227830,2025-06-08 05:10:00,41.91932098460722,1467.5778209746072,592.3251666666666,7414.421997647222,8164.421997637222,749.99999999,False,True
227840,2025-06-08 05:20:00,2.7494840966646654,1445.3548840866647,609.2720666666667,8164.421997637222,8914.421997628222,749.999999991,False,True
229120,2025-06-09 02:40:00,22.2214166481292,1456.9243499714626,601.3696,2863.2045746647527,3613.204574654753,749.99999999,False,True
229230,2025-06-09 04:30:00,0.6685279092317763,1468.4451945658984,634.4433333333333,4071.387819967829,4821.3878199578285,749.99999999,False,True
230660,2025-06-10 04:20:00,28.755033675046995,1444.533683665047,582.4453166666666,3274.8931701895744,4024.8931701795746,749.99999999,False,True
232060,2025-06-11 03:40:00,16.11475160760778,1466.825484930941,617.3774,2837.375737179757,3587.375737169757,749.99999999,False,True
232110,2025-06-11 04:30:00,18.65536297531616,1460.8020296319828,608.8133333333333,4280.924999234716,5030.924999224716,749.99999999,False,True
233440,2025-06-12 02:40:00,16.190938938405672,1467.4257389284057,617.9014666666667,1493.8250758032757,2243.8250757932756,749.99999999,False,True
233450,2025-06-12 02:50:00,29.200041748778624,1472.281975072112,609.7485999999999,2243.8250757932756,2993.8250757832757,749.99999999,False,True
233550,2025-06-12 04:30:00,11.544648774396585,1442.2563154310633,597.3783333333333,4390.158525755045,5140.158525745045,749.99999999,False,True
233590,2025-06-12 05:10:00,30.884911456290858,1457.7528281129576,593.5345833333333,5910.110154476675,6660.110154466675,749.99999999,False,True
237860,2025-06-15 04:20:00,13.425979916832368,1478.6002632401658,631.84095,3027.5160770452535,3777.5160770352536,749.99999999,False,True
239310,2025-06-16 04:30:00,25.22831440476829,1461.1016477281016,602.54,2751.9244671807974,3501.9244671717975,749.999999991,False,True
239320,2025-06-16 04:40:00,48.99496095218864,1484.5510276088553,602.2227333333333,3501.9244671717975,4251.924467161797,749.99999999,False,True
240750,2025-06-17 04:30:00,18.286993226946258,1442.5603265502796,590.9399999999999,3194.387937237536,3944.387937227536,749.99999999,False,True
240780,2025-06-17 05:00:00,2.8741873745708437,1474.6858540312373,638.4783333333332,4061.7648281645465,4811.764828154546,749.99999999,False,True
242180,2025-06-18 04:20:00,12.89698883621599,1441.9827721595493,595.75245,2131.865975955915,2881.865975945915,749.99999999,False,True
242220,2025-06-18 05:00:00,4.534282534279888,1467.6826158576132,629.8149999999999,4419.031722590025,5169.031722580025,749.99999999,False,True
243620,2025-06-19 04:20:00,12.241678966438023,1430.7891956231047,585.2141833333333,2039.529071992683,2789.529071982683,749.99999999,False,True
247950,2025-06-22 04:30:00,45.95642283379322,1443.3047561571266,564.015,2106.1534043459333,2856.1534043359334,749.99999999,False,True
247960,2025-06-22 04:40:00,23.35964333627873,1419.0994266596122,562.40645,2856.1534043359334,3606.1534043259335,749.99999999,False,True
247980,2025-06-22 05:00:00,1.543674876359538,1432.6153415330261,597.7383333333332,3651.5461067108927,4401.546106700893,749.99999999,False,True
249380,2025-06-23 04:20:00,17.496712133816224,1465.2370787904829,614.4070333333333,1668.14829649326,2418.14829648326,749.99999999,False,True
249400,2025-06-23 04:40:00,24.005772718652672,1447.2698227086526,589.9307166666666,3137.6210058630627,3887.621005853063,749.99999999,False,True
249430,2025-06-23 05:10:00,2.015538393892249,1423.0153217172256,587.6664499999999,5171.109863185495,5921.109863175495,749.99999999,False,True
250820,2025-06-24 04:20:00,33.752678144236135,1436.9270781342361,569.8410666666666,1593.8061114731747,2343.8061114641746,749.999999991,False,True
250860,2025-06-24 05:00:00,13.130382812410168,1467.1503828024101,620.6866666666666,4436.465438805939,5186.465438795939,749.99999999,False,True
252280,2025-06-25 04:40:00,39.87778051134409,1460.3192638346775,587.10815,3158.1638303863397,3908.16383037634,749.99999999,False,True
252300,2025-06-25 05:00:00,16.86179385817706,1458.1534605148436,607.9583333333333,4440.966182345919,5190.966182335919,749.99999999,False,True
253720,2025-06-26 04:40:00,16.573218780080417,1453.998635436747,604.0920833333332,2824.0142309713087,3574.014230961309,749.99999999,False,True
253730,2025-06-26 04:50:00,43.2938782490662,1466.1167782390662,589.4895666666666,3574.014230961309,4324.0142309513085,749.99999999,False,True
253740,2025-06-26 05:00:00,63.29500981090154,1476.9983431342348,580.3699999999999,4324.0142309513085,5074.014230941309,749.99999999,False,True
253750,2025-06-26 05:10:00,19.236556804544414,1432.080340127878,579.51045,5074.014230941309,5824.014230931309,749.99999999,False,True
258060,2025-06-29 05:00:00,8.046789734789847,1435.11678972479,593.7366666666667,3564.4119165964203,4314.41191658642,749.99999999,False,True
259500,2025-06-30 05:00:00,22.006914708568154,1452.3602480319014,597.02,3665.584753390146,4415.584753380146,749.99999999,False,True
270970,2025-07-08 04:10:00,94.21461934111981,1585.7070359977865,658.1590833333332,2740.568914843688,3490.5689148336883,749.99999999,False,True
270980,2025-07-08 04:20:00,81.24756581705013,1567.9317491403835,653.35085,3490.5689148336883,4240.568914823688,749.99999999,False,True
270990,2025-07-08 04:30:00,29.538675663017322,1562.5620089863507,699.69,4240.568914823688,4990.568914813688,749.99999999,False,True
271000,2025-07-08 04:40:00,51.94882358841027,1576.2966235784102,691.0144666666666,4990.568914813688,5740.568914803688,749.99999999,False,True
272420,2025-07-09 04:20:00,10.9839718510135,1546.1252551743469,701.80795,1897.0873248467838,2647.087324836784,749.99999999,False,True
272430,2025-07-09 04:30:00,9.66913346569492,1543.504133455695,700.5016666666667,2647.087324836784,3397.087324826784,749.99999999,False,True
272460,2025-07-09 05:00:00,1.7124373968609836,1515.2391040535276,680.1933333333333,4121.993075019998,4871.993075009998,749.99999999,False,True
273850,2025-07-10 04:10:00,7.603663790940337,1520.854780447607,679.9177833333333,1459.222977192027,2209.222977182027,749.99999999,False,True
273900,2025-07-10 05:00:00,7.591192220732856,1526.1128588773995,685.1883333333333,4963.657997387996,5713.657997377996,749.99999999,False,True
278190,2025-07-13 04:30:00,33.645754492474445,1525.8674211491411,658.8883333333333,2324.605877493588,3074.6058774835883,749.99999999,False,True
278200,2025-07-13 04:40:00,15.887938453817007,1534.1182717771503,684.8969999999999,3074.6058774835883,3824.6058774735884,749.99999999,False,True
279620,2025-07-14 04:20:00,7.990665471971275,1530.034882128638,688.7108833333333,1404.9273707501638,2154.927370740164,749.99999999,False,True
279630,2025-07-14 04:30:00,4.710729787140045,1527.0573964438067,689.0133333333333,2154.927370740164,2904.927370730164,749.99999999,False,True
279650,2025-07-14 04:50:00,5.288215261890051,1521.9760819185567,683.3545333333333,3643.186123050242,4393.186123040242,749.99999999,False,True
279660,2025-07-14 05:00:00,24.52256048717026,1525.9458938105035,668.0899999999999,4393.186123040242,5143.186123030242,749.99999999,False,True
281090,2025-07-15 04:50:00,28.446296676130707,1540.5664633327974,678.7868333333333,3413.9863212866376,4163.986321276638,749.99999999,False,True
281100,2025-07-15 05:00:00,140.40088491807887,1576.220884908079,602.4866666666667,4163.986321276638,4913.986321266638,749.99999999,False,True
281110,2025-07-15 05:10:00,39.225676531547826,1520.1152098548812,647.5562,4913.986321266638,5663.986321256638,749.99999999,False,True
283940,2025-07-17 04:20:00,6.320050613606887,1548.6162339369403,708.96285,1905.074583839813,2655.074583829813,749.99999999,False,True
283950,2025-07-17 04:30:00,27.825492646920445,1550.3854926369204,689.2266666666666,2655.074583829813,3405.074583819813,749.99999999,False,True
283960,2025-07-17 04:40:00,8.820620273335514,1546.5063369300024,704.3523833333334,3405.074583819813,4155.074583809813,749.99999999,False,True
288290,2025-07-20 04:50:00,4.835770682791,1524.7710873394576,686.6019833333332,3986.7310429951394,4736.7310429851395,749.99999999,False,True
288300,2025-07-20 05:00:00,26.388009542709476,1510.3746761993762,650.6533333333333,4736.7310429851395,5486.73104297514,749.99999999,False,True
289710,2025-07-21 04:30:00,11.305002996606497,1514.0916696532731,669.4533333333333,2283.2646760987327,3033.264676088733,749.99999999,False,True
289740,2025-07-21 05:00:00,32.728975203004545,1497.8439751930046,631.7816666666666,4479.059160154113,5229.059160144113,749.99999999,False,True
291150,2025-07-22 04:30:00,2.2986230197538964,1520.5452896764205,684.9133333333332,2122.0576314835976,2872.0576314735977,749.99999999,False,True
291160,2025-07-22 04:40:00,31.38471090362031,1546.4412108936203,681.7231666666667,2872.0576314735977,3622.0576314635978,749.99999999,False,True
292580,2025-07-23 04:20:00,46.03039477857259,1579.950828101906,700.5871,2021.7851784058344,2771.7851783958345,749.99999999,False,True
292600,2025-07-23 04:40:00,16.8596226282475,1539.9745559515807,689.7815999999999,3513.9996673963387,4263.999667386339,749.99999999,False,True
292610,2025-07-23 04:50:00,13.235525540656106,1531.6007088639894,685.03185,4263.999667386339,5013.999667376339,749.99999999,False,True
292630,2025-07-23 05:10:00,27.438950294141243,1529.2131502841412,668.4408666666666,5748.472095221544,6498.472095211544,749.99999999,False,True
294010,2025-07-24 04:10:00,12.530354693905899,1541.269904683906,695.4062166666665,1264.725104875299,2014.7251048652988,749.99999999,False,True
294030,2025-07-24 04:30:00,47.42208201934681,1524.8254153426801,644.0699999999999,2566.0707463056588,3316.070746295659,749.99999999,False,True
294060,2025-07-24 05:00:00,22.592487372455473,1566.8608206957888,710.935,4805.607599804922,5555.607599794922,749.99999999,False,True
298350,2025-07-27 04:30:00,9.985136330312791,1545.7668029869794,702.4483333333333,2344.7748315872814,3094.7748315772815,749.99999999,False,True
299780,2025-07-28 04:20:00,7.3508430283841255,1526.901909685051,686.2177333333334,1966.9609525480973,2716.9609525380974,749.99999999,False,True
299790,2025-07-28 04:30:00,3.9313764160061657,1502.6680430726728,665.4033333333333,2716.9609525380974,3466.9609525280976,749.99999999,False,True
299800,2025-07-28 04:40:00,13.845143427482746,1538.710376750816,691.5319,3466.9609525280976,4216.960952518098,749.99999999,False,True
301220,2025-07-29 04:20:00,29.021355331652664,1543.5635386549861,681.20885,2322.285916020139,3072.2859160101393,749.99999999,False,True
301230,2025-07-29 04:30:00,18.310100373962193,1529.0401003639622,677.3966666666666,3072.2859160101393,3822.2859160001394,749.99999999,False,True
301240,2025-07-29 04:40:00,31.954624173627614,1532.0016408302943,666.7136833333333,3822.2859160001394,4572.285915990139,749.99999999,False,True
301250,2025-07-29 04:50:00,29.175989228214,1529.8440225515474,667.3347,4572.285915990139,5322.285915980139,749.99999999,False,True
301260,2025-07-29 05:00:00,9.641830654223433,1520.3301639775568,677.355,5322.285915980139,6072.285915970139,749.99999999,False,True
301270,2025-07-29 05:10:00,12.850967422202068,1520.7682507455354,674.58395,6072.285915970139,6822.285915960139,749.99999999,False,True
301280,2025-07-29 05:20:00,1.081493779103531,1510.799727102437,676.3849,6822.285915960139,7572.2859159501395,749.99999999,False,True
302700,2025-07-30 05:00:00,24.37549549560469,1520.243828818938,662.535,4413.214017916671,5163.214017906671,749.99999999,False,True
304130,2025-07-31 04:50:00,7.4268706314469375,1558.3439039547802,717.5836999999999,3891.7903305285336,4641.790330518534,749.99999999,False,True
308450,2025-08-03 04:50:00,6.047936061925603,1548.2008527185922,708.8195833333332,3579.632019327937,4329.632019317937,749.99999999,False,True
308460,2025-08-03 05:00:00,2.673972131721249,1518.0989721217213,682.0916666666667,4329.632019317937,5079.632019307937,749.99999999,False,True
308470,2025-08-03 05:10:00,1.2533092548163642,1496.498975911483,661.9123333333333,5079.632019307937,5829.632019297937,749.99999999,False,True
309850,2025-08-04 04:10:00,8.348618894884787,1533.4699188848847,691.7879666666665,2025.6866374985054,2775.6866374885053,749.99999999,False,True
309880,2025-08-04 04:40:00,0.07760725270826813,1536.8476572427082,703.4367166666666,4182.727190016108,4932.727190006108,749.99999999,False,True
309890,2025-08-04 04:50:00,48.89481149396453,1540.7544614839644,658.5263166666666,4932.727190006108,5682.727189996108,749.99999999,False,True
309900,2025-08-04 05:00:00,34.76918308765732,1516.785849744324,648.6833333333333,5682.727189996108,6432.727189986108,749.99999999,False,True
309910,2025-08-04 05:10:00,38.78289652416333,1525.8995798474966,653.7833499999999,6432.727189986108,7182.727189976108,749.99999999,False,True
309920,2025-08-04 05:20:00,32.53401066343542,1522.989577320102,657.1222333333333,7182.727189976108,7932.727189967108,749.999999991,False,True
311300,2025-08-05 04:20:00,37.40748978812473,1511.3946064447914,640.6537833333333,2025.1523955749526,2775.1523955649527,749.99999999,False,True
311340,2025-08-05 05:00:00,3.6962404486605385,1504.1279071053273,667.0983333333334,4941.018560051501,5691.018560041501,749.99999999,False,True
311350,2025-08-05 05:10:00,12.242403078476393,1505.1429364018097,659.5672,5691.018560041501,6441.018560031501,749.99999999,False,True
311360,2025-08-05 05:20:00,13.790971671692311,1499.0124049950255,651.8880999999999,6441.018560031501,7191.018560021501,749.99999999,False,True
312750,2025-08-06 04:30:00,54.60357433983358,1551.8985743298335,663.9616666666666,2968.164080959813,3718.164080949813,749.99999999,False,True
312760,2025-08-06 04:40:00,68.37530670844477,1545.0905400317781,643.3819,3718.164080949813,4468.164080939813,749.99999999,False,True
312770,2025-08-06 04:50:00,45.07765974677317,1528.3165597367731,649.9055666666666,4468.164080939813,5218.164080929813,749.99999999,False,True
312780,2025-08-06 05:00:00,14.440086027661657,1511.5567526843283,663.7833333333333,5218.164080929813,5968.164080919813,749.99999999,False,True
312790,2025-08-06 05:10:00,19.399599545327185,1522.7946662019938,670.0617333333332,5968.164080919813,6718.1640809098135,749.99999999,False,True
312800,2025-08-06 05:20:00,16.601720105651104,1528.550620095651,678.6155666666666,6718.1640809098135,7468.164080900813,749.999999991,False,True
314190,2025-08-07 04:30:00,56.02670960361069,1552.855042926944,663.4949999999999,3185.0359159061923,3935.0359158971924,749.999999991,False,True
314200,2025-08-07 04:40:00,102.24428528709937,1561.0257186104327,625.4481,3935.0359158971924,4685.035915888192,749.999999991,False,True
314210,2025-08-07 04:50:00,85.43181377434426,1562.9517470976775,644.1866,4685.035915888192,5435.035915878192,749.99999999,False,True
314220,2025-08-07 05:00:00,24.830543445724054,1557.0922101023907,698.9283333333333,5435.035915878192,6185.035915868192,749.99999999,False,True
314250,2025-08-07 05:30:00,3.0347498606700958,1475.3364165173366,638.9683333333332,7634.239233739176,8384.239233730175,749.999999991,False,True
318500,2025-08-10 04:20:00,56.6050645258889,1561.9956478492222,672.05725,2201.5895885388563,2951.5895885288564,749.99999999,False,True
318510,2025-08-10 04:30:00,35.28567484442157,1552.3306748344216,683.7116666666667,2951.5895885288564,3701.5895885188565,749.99999999,False,True
318520,2025-08-10 04:40:00,15.267946909206778,1562.51953023254,713.91825,3701.5895885188565,4451.589588508857,749.99999999,False,True
318530,2025-08-10 04:50:00,29.042066167278556,1557.1254828239453,694.7500833333334,4451.589588508857,5201.589588498857,749.99999999,False,True
318540,2025-08-10 05:00:00,44.307849260957816,1529.5278492509578,651.8866666666667,5201.589588498857,5951.589588488857,749.99999999,False,True
318550,2025-08-10 05:10:00,6.470353796143505,1510.2916871194768,670.4879999999999,5951.589588488857,6701.589588478857,749.99999999,False,True
318560,2025-08-10 05:20:00,9.791103900806085,1501.4755205574727,658.3510833333332,6701.589588478857,7451.589588469857,749.999999991,False,True
318570,2025-08-10 05:30:00,25.64719602909019,1471.61219601909,612.6316666666667,7451.589588469857,8201.589588460856,749.999999991,False,True
319940,2025-08-11 04:20:00,14.058098441065447,1545.054165097732,697.6627333333332,1602.878658529345,2352.878658519345,749.99999999,False,True
319950,2025-08-11 04:30:00,8.407488259363724,1551.2041549160303,709.4633333333333,2352.878658519345,3102.8786585093453,749.99999999,False,True
319960,2025-08-11 04:40:00,8.972406022785655,1528.935789346119,686.63005,3102.8786585093453,3852.8786584993454,749.99999999,False,True
319970,2025-08-11 04:50:00,0.37541081302185036,1496.8066774696886,663.0979333333332,3852.8786584993454,4602.878658489345,749.99999999,False,True
319980,2025-08-11 05:00:00,0.37407460644907703,1479.869074596449,646.1616666666666,4602.878658489345,5352.878658479345,749.99999999,False,True
319990,2025-08-11 05:10:00,34.15940542382804,1489.683155413828,622.1904166666666,5352.878658479345,6102.878658469345,749.99999999,False,True
320000,2025-08-11 05:20:00,16.62052906009955,1491.7633290500994,641.8094666666666,6102.878658469345,6852.878658460345,749.999999991,False,True
321390,2025-08-12 04:30:00,55.24346580651285,1521.2117991298462,632.635,2252.196209034349,3002.196209024349,749.99999999,False,True
321400,2025-08-12 04:40:00,59.35911182710219,1534.7200118171022,642.0275666666666,3002.196209024349,3752.1962090143493,749.99999999,False,True
321410,2025-08-12 04:50:00,5.843772105276336,1517.2912887619432,678.1141833333334,3752.1962090143493,4502.196209004349,749.99999999,False,True
322820,2025-08-13 04:20:00,8.311561729743737,1515.7805783864105,674.1356833333333,1349.4485428145088,2099.4485428045086,749.99999999,False,True
322870,2025-08-13 05:10:00,17.340156248778946,1500.3938229054456,649.7203333333333,4962.839380474688,5712.8393804646885,749.99999999,False,True
322880,2025-08-13 05:20:00,4.095098649267121,1506.6758653059337,669.2474333333332,5712.8393804646885,6462.839380454689,749.99999999,False,True
324260,2025-08-14 04:20:00,11.588985682353261,1539.7604856723533,694.8381666666667,1440.0467931139162,2190.046793103916,749.99999999,False,True
324280,2025-08-14 04:40:00,13.120259809925976,1474.446609799926,627.9930166666666,2912.2790145260096,3662.2790145160097,749.99999999,False,True
324290,2025-08-14 04:50:00,58.47365863928086,1491.8628252959475,600.0558333333333,3662.2790145160097,4412.27901450601,749.99999999,False,True
324300,2025-08-14 05:00:00,60.52301580727089,1528.333015797271,634.4766666666667,4412.27901450601,5162.27901449601,749.99999999,False,True
324310,2025-08-14 05:10:00,50.886131509022555,1550.6499481656892,666.4304833333333,5162.27901449601,5912.27901448601,749.99999999,False,True
324320,2025-08-14 05:20:00,12.860027636176817,1523.5165609595101,677.3231999999999,5912.27901448601,6662.27901447601,749.99999999,False,True
327210,2025-08-16 05:30:00,33.24028053695678,1351.3652805269567,484.79166666666663,1435.7878694394465,2185.7878694294463,749.99999999,False,True
328580,2025-08-17 04:20:00,8.163768025732104,1511.959968015732,670.4628666666666,1538.0467658863415,2288.0467658763414,749.99999999,False,True
328590,2025-08-17 04:30:00,21.297119207250937,1519.4637858639176,664.8333333333333,2288.0467658763414,3038.0467658663415,749.99999999,False,True
328600,2025-08-17 04:40:00,47.703079215923474,1544.7813125392568,663.7448999999999,3038.0467658663415,3788.0467658563416,749.99999999,False,True
328610,2025-08-17 04:50:00,26.77324266540699,1529.5747759887404,669.4682,3788.0467658563416,4538.046765846341,749.99999999,False,True
330020,2025-08-18 04:20:00,28.886069583477017,1528.2998862401437,666.0804833333333,1731.2892195596198,2481.2892195496197,749.99999999,False,True
330030,2025-08-18 04:30:00,11.929487702225849,1535.5944876922258,690.3316666666666,2481.2892195496197,3231.28921953962,749.99999999,False,True
331500,2025-08-19 05:00:00,39.2120217535554,1525.863688410222,653.3183333333333,4523.393004612322,5273.393004602322,749.99999999,False,True
331510,2025-08-19 05:10:00,45.06414534298357,1520.3020453329837,641.9045666666666,5273.393004602322,6023.3930045923225,749.99999999,False,True
331520,2025-08-19 05:20:00,17.489245492225784,1511.6882954822258,660.8657166666667,6023.3930045923225,6773.393004582323,749.99999999,False,True
332900,2025-08-20 04:20:00,70.60287019574092,1518.842570185741,614.9063666666666,2163.0893397455684,2913.0893397355685,749.99999999,False,True
332910,2025-08-20 04:30:00,69.64743395948061,1539.9324339494806,636.9516666666666,2913.0893397355685,3663.0893397255686,749.99999999,False,True
332940,2025-08-20 05:00:00,64.16670085586223,1512.6983675125289,615.1983333333333,5159.810160280478,5909.810160270478,749.99999999,False,True
332950,2025-08-20 05:10:00,55.71829841802661,1489.43453174136,600.3829,5909.810160270478,6659.810160260478,749.99999999,False,True
332960,2025-08-20 05:20:00,15.302578517767635,1506.814661841101,658.17875,6659.810160260478,7409.8101602504785,749.99999999,False,True
334340,2025-08-21 04:20:00,20.676113679990515,1534.0886470033238,680.0791999999999,2299.6186548164305,3049.6186548064306,749.99999999,False,True
334350,2025-08-21 04:30:00,17.67751003609373,1523.6725100260937,672.6616666666666,3049.6186548064306,3799.6186547964307,749.99999999,False,True
334360,2025-08-21 04:40:00,2.05913599013683,1475.8421193134702,640.44965,3799.6186547964307,4549.618654786431,749.99999999,False,True
334400,2025-08-21 05:20:00,24.156788903227373,1519.303455559894,661.8133333333333,6691.360100349467,7441.360100339467,749.99999999,False,True
334410,2025-08-21 05:30:00,6.572833253424839,1487.5961665767582,647.6899999999999,7441.360100339467,8191.360100329467,749.99999999,False,True
338660,2025-08-24 04:20:00,23.649256772110554,1514.829090095444,657.8465,1805.3301345319028,2555.330134521903,749.99999999,False,True
338670,2025-08-24 04:30:00,45.47893519074113,1510.4072685140745,631.595,2555.330134521903,3305.330134511903,749.99999999,False,True
338680,2025-08-24 04:40:00,46.36345482067133,1516.2814548106712,636.5846666666666,3305.330134511903,4055.330134501903,749.99999999,False,True
338690,2025-08-24 04:50:00,39.03940928609767,1517.479642609431,645.1069,4055.330134501903,4805.330134491903,749.99999999,False,True
338700,2025-08-24 05:00:00,41.99508596972441,1512.4534192930578,637.125,4805.330134491903,5555.330134481903,749.99999999,False,True
338710,2025-08-24 05:10:00,55.857982852533944,1514.3053161758673,625.114,5555.330134481903,6305.330134471903,749.99999999,False,True
338720,2025-08-24 05:20:00,29.715444956036656,1499.39612827937,636.34735,6305.330134471903,7055.330134461903,749.99999999,False,True
340110,2025-08-25 04:30:00,30.6039688945716,1533.4189688845715,669.4816666666666,3679.5622140778387,4429.562214067839,749.99999999,False,True
340120,2025-08-25 04:40:00,78.625996518262,1539.1840465082619,627.2247166666666,4429.562214067839,5179.562214057839,749.99999999,False,True
340130,2025-08-25 04:50:00,35.72081779363838,1515.5077177836383,646.4535666666666,5179.562214057839,5929.562214047839,749.99999999,False,True
340160,2025-08-25 05:20:00,18.373282114360443,1501.005948771027,649.2993333333333,7392.050048707464,8142.050048697464,749.99999999,False,True
341560,2025-08-26 04:40:00,23.9397981394469,1527.6599814627803,670.38685,3697.5148135165364,4447.514813507536,749.999999991,False,True
341570,2025-08-26 04:50:00,46.67059992242525,1521.8189499124253,641.8150166666667,4447.514813507536,5197.514813497536,749.99999999,False,True
341580,2025-08-26 05:00:00,26.157504735240074,1493.3591713919068,633.8683333333333,5197.514813497536,5947.514813487536,749.99999999,False,True
341590,2025-08-26 05:10:00,18.02339349506962,1482.752026818403,631.3952999999999,5947.514813487536,6697.514813477536,749.99999999,False,True
341600,2025-08-26 05:20:00,3.691242538804878,1494.7601425288049,657.7355666666666,6697.514813477536,7447.514813467536,749.99999999,False,True
341610,2025-08-26 05:30:00,3.1625167496842925,1501.434183406351,664.9383333333333,7447.514813467536,8197.514813458536,749.999999991,False,True
341620,2025-08-26 05:40:00,38.84138366104195,1464.1665503177087,591.9918333333333,8197.514813458536,8947.514813449536,749.999999991,False,True
343000,2025-08-27 04:40:00,27.294642337256157,1512.8872256605896,652.25925,3919.612520321544,4669.612520311543,749.99999999,False,True
343010,2025-08-27 04:50:00,27.628602486700395,1504.1377358100337,643.1758,4669.612520311543,5419.612520301544,749.99999999,False,True
344410,2025-08-28 04:10:00,48.91843257728271,1513.4924492339494,631.2406833333333,1522.505327294396,2272.505327285396,749.999999991,False,True
344420,2025-08-28 04:20:00,35.129372860410164,1518.3016561837435,649.83895,2272.505327285396,3022.505327275396,749.99999999,False,True
344450,2025-08-28 04:50:00,27.933105245582958,1486.9026885689163,625.63625,4467.795175271151,5217.795175261151,749.99999999,False,True
344460,2025-08-28 05:00:00,69.56205949839703,1537.6953928217304,634.8,5217.795175261151,5967.795175251151,749.99999999,False,True
344470,2025-08-28 05:10:00,22.468638712974318,1527.7430220363076,671.9410499999999,5967.795175251151,6717.795175241151,749.99999999,False,True
344490,2025-08-28 05:30:00,20.52353115903258,1480.6651978156992,626.8083333333333,7462.12812465313,8212.12812464413,749.999999991,False,True
344500,2025-08-28 05:40:00,17.455157852245854,1444.6339245089125,593.8454333333333,8212.12812464413,8962.12812463513,749.999999991,False,True
345940,2025-08-29 05:40:00,13.634139134002332,1328.851055790669,481.8835833333333,3296.205765521359,4046.205765512359,749.9999999910001,False,True
348770,2025-08-31 04:50:00,29.799198389388373,1487.648615046055,624.5160833333333,4467.206801488428,5217.206801478428,749.99999999,False,True
348780,2025-08-31 05:00:00,5.4325965837476735,1477.745929907081,638.98,5217.206801478428,5967.206801468428,749.99999999,False,True
348800,2025-08-31 05:20:00,27.95512019572856,1474.6080201857285,613.3195666666666,6710.362171128728,7460.362171118728,749.99999999,False,True
348810,2025-08-31 05:30:00,64.91037339296848,1476.6003733829684,578.3566666666666,7460.362171118728,8210.362171108727,749.99999999,False,True
348820,2025-08-31 05:40:00,8.557439553335136,1458.5354062100018,616.6446333333333,8210.362171108727,8960.362171099727,749.999999991,False,True
350170,2025-09-01 04:10:00,120.07299499270947,1528.7430949827094,575.3367666666666,3627.6302112916396,4377.630211281639,749.99999999,False,True
350180,2025-09-01 04:20:00,85.96995607729637,1517.676472733963,598.3731833333333,4377.630211281639,5127.630211271639,749.99999999,False,True
350190,2025-09-01 04:30:00,45.105307127419785,1498.8003071174198,620.3616666666667,5127.630211271639,5877.6302112616395,749.99999999,False,True
350200,2025-09-01 04:40:00,27.376131617596904,1467.7505649409302,607.0410999999999,5877.6302112616395,6627.63021125164,749.99999999,False,True
350210,2025-09-01 04:50:00,48.90243254221945,1473.560849198886,591.3250833333333,6627.63021125164,7377.63021124164,749.99999999,False,True
350220,2025-09-01 05:00:00,68.89417507014012,1495.6325083934735,593.405,7377.63021124164,8127.63021123164,749.99999999,False,True
350230,2025-09-01 05:10:00,31.553652073806795,1467.9732187304735,603.0862333333333,8127.63021123164,8877.63021122164,749.99999999,False,True
350240,2025-09-01 05:20:00,30.84772350329046,1472.2708901599572,608.0898333333333,8877.63021122164,9627.63021121164,749.99999999,False,True
350250,2025-09-01 05:30:00,63.690570546679275,1495.3105705366793,598.2866666666666,9627.63021121164,10377.630211201638,749.99999999,False,True
350260,2025-09-01 05:40:00,390.6451364714159,1446.5178351262623,586.5729333333334,10377.630211201638,10799.999999991,422.3697887893617,True,False
350270,2025-09-01 05:50:00,31.713742928848305,693.5880096036153,661.8742666666667,10799.999999991,10799.999999991,0.0,True,False
351040,2025-09-01 18:40:00,13.199936180013587,899.7342308088547,775.6846166666666,10700.235289825043,10799.999999991,99.76471016595714,True,False
351050,2025-09-01 18:50:00,102.50737139027328,896.7641213983736,794.25675,10799.999999991,10799.999999991,0.0,True,False
351690,2025-09-02 05:30:00,13.150918971774892,1443.1592522951082,596.675,6932.410403272801,7682.410403262801,749.99999999,False,True
352480,2025-09-02 18:40:00,47.75775244155297,912.8777037706552,801.4342833333333,10742.682898793808,10799.99999999,57.31710119619209,True,False
353130,2025-09-03 05:30:00,53.44036224223236,1489.892028898899,603.1183333333333,6760.870073038056,7510.870073028056,749.99999999,False,True
353140,2025-09-03 05:40:00,0.2616478952594355,1425.332714551926,591.7377333333333,7510.870073028056,8260.870073019056,749.999999991,False,True
353920,2025-09-03 18:40:00,103.79375907517746,955.0598070925395,804.3406833333333,10757.767171774374,10799.99999999,42.23282821562578,True,False
355360,2025-09-04 18:40:00,105.67525090156457,939.2521180202274,786.65325,10757.768744583203,10799.99999999,42.231255406796556,True,False
356800,2025-09-05 18:40:00,88.66033404319076,666.489242405192,490.5403166666666,10721.440267464199,10799.99999999,78.55973252580124,True,False
359680,2025-09-07 18:40:00,83.79792257993682,930.5567758561396,803.3929499999999,10760.970687041417,10799.99999999,39.02931294858252,True,False
361670,2025-09-09 03:50:00,62.381508980002984,1449.248458970003,553.5336166666666,3051.9001234824505,3801.9001234734505,749.999999991,False,True
361680,2025-09-09 04:00:00,19.8734596747588,1451.4184596647588,598.2116666666666,3801.9001234734505,4551.90012346445,749.999999991,False,True
361720,2025-09-09 04:40:00,26.942543616006553,1476.1401936060065,615.8643166666666,5291.802063991011,6041.802063982011,749.999999991,False,True
361730,2025-09-09 04:50:00,8.900331069140854,1462.8617810591409,620.6281166666666,6041.802063982011,6791.80206397301,749.999999991,False,True
361740,2025-09-09 05:00:00,6.05846181162132,1453.3517951349547,613.96,6791.80206397301,7541.80206396401,749.999999991,False,True
361750,2025-09-09 05:10:00,34.778965333529975,1456.0830819901967,587.9707833333333,7541.80206396401,8291.80206395501,749.999999991,False,True
361780,2025-09-09 05:40:00,7.303977995354322,1434.0789279853543,593.4416166666666,9045.330215945827,9795.330215936827,749.999999991,False,True
363110,2025-09-10 03:50:00,1.9051497649011173,1444.753449754901,609.5149666666666,2810.934157129705,3560.934157120705,749.999999991,False,True
363120,2025-09-10 04:00:00,49.43375767972474,1464.2187576697247,581.4516666666666,3560.934157120705,4310.934157111705,749.999999991,False,True
363130,2025-09-10 04:10:00,18.87159508349577,1448.8144450734958,596.6095166666667,4310.934157111705,5060.934157102704,749.999999991,False,True
363160,2025-09-10 04:40:00,11.036187042164777,1441.2566870321648,596.8871666666666,5101.371255815551,5851.371255805551,749.99999999,False,True
363170,2025-09-10 04:50:00,20.571914361989563,1453.5183810186563,599.6131333333333,5851.371255805551,6601.371255795551,749.99999999,False,True
363180,2025-09-10 05:00:00,49.962080798680965,1467.5587474553477,584.2633333333333,6601.371255795551,7351.3712557855515,749.99999999,False,True
363190,2025-09-10 05:10:00,28.918227578660883,1456.498777568661,594.2472166666666,7351.3712557855515,8101.371255775552,749.99999999,False,True
363220,2025-09-10 05:40:00,46.88167842802135,1443.0119284180214,562.7969166666667,8709.75208730751,9459.75208729851,749.999999991,False,True
364550,2025-09-11 03:50:00,33.975093807970204,1441.3854937979702,574.0770666666666,2418.562255970555,3168.562255961555,749.999999991,False,True
364560,2025-09-11 04:00:00,24.905281837330442,1440.551948493997,582.3133333333333,3168.562255961555,3918.562255952555,749.999999991,False,True
364600,2025-09-11 04:40:00,11.28227265215525,1437.5617226421552,592.9461166666666,4671.4125478197,5421.4125478107,749.999999991,False,True
364610,2025-09-11 04:50:00,9.831923919724765,1429.169457243058,586.0042,5421.4125478107,6171.4125478016995,749.999999991,False,True
364620,2025-09-11 05:00:00,7.079560363631791,1449.2695603536317,608.8566666666666,6171.4125478016995,6921.412547792699,749.999999991,False,True
364630,2025-09-11 05:10:00,7.398206038799223,1468.0621226954659,627.3305833333333,6921.412547792699,7671.412547783699,749.999999991,False,True
364650,2025-09-11 05:30:00,8.959470672536092,1449.9078039958695,607.615,7681.526982083345,8431.526982074345,749.999999991,False,True
366100,2025-09-12 05:40:00,24.693686485610776,1279.490519808944,421.46349999999995,3873.5186336546353,4623.518633645635,749.999999991,False,True
367510,2025-09-13 05:10:00,12.560100340195838,1312.0018336635292,466.10839999999996,3935.0062343010136,4685.006234291013,749.99999999,False,True
367540,2025-09-13 05:40:00,21.51456236844694,1316.106162358447,461.2582666666666,4716.796715847725,5466.796715838725,749.999999991,False,True
368940,2025-09-14 05:00:00,12.32686800712542,1442.4752013304587,596.8149999999999,5657.747364485162,6407.747364476161,749.999999991,False,True
368950,2025-09-14 05:10:00,36.27844010968828,1454.753356766355,585.1415833333333,6407.747364476161,7157.747364467161,749.999999991,False,True
368960,2025-09-14 05:20:00,9.17242189037028,1462.1453218803704,619.6395666666666,7157.747364467161,7907.7473644581605,749.999999991,False,True
368980,2025-09-14 05:40:00,10.639629351328828,1428.9189793413288,584.9460166666667,8639.57085000451,9389.570849995509,749.999999991,False,True
370320,2025-09-15 04:00:00,31.750048527076608,1457.0967151837433,592.0133333333333,3089.754340437819,3839.754340427819,749.99999999,False,True
370330,2025-09-15 04:10:00,23.6506752316319,1457.3722085549653,600.3882,3839.754340427819,4589.754340417819,749.99999999,False,True
370360,2025-09-15 04:40:00,55.77458858080603,1495.4660052374727,606.3580833333333,4648.7011309287855,5398.701130918786,749.99999999,False,True
370370,2025-09-15 04:50:00,42.82435438217919,1486.0070043721792,609.8493166666666,5398.701130918786,6148.701130908786,749.99999999,False,True
370380,2025-09-15 05:00:00,25.712705312834593,1461.5943719695013,602.5483333333333,6148.701130908786,6898.701130898786,749.99999999,False,True
370390,2025-09-15 05:10:00,78.85829131418016,1480.1177246375134,567.9260999999999,6898.701130898786,7648.701130888786,749.99999999,False,True
370400,2025-09-15 05:20:00,78.72961228017446,1485.232845603508,573.1699,7648.701130888786,8398.701130878786,749.99999999,False,True
370410,2025-09-15 05:30:00,15.718692807142354,1459.035359463809,609.9833333333333,8398.701130878786,9148.701130868785,749.99999999,False,True
370420,2025-09-15 05:40:00,1.6055159837162511,1453.0345159737162,618.0956666666666,9148.701130868785,9898.701130859785,749.999999991,False,True
371820,2025-09-16 05:00:00,14.25406436551679,1438.9490643555168,591.3616666666667,5417.922242377481,6167.922242367481,749.99999999,False,True
371830,2025-09-16 05:10:00,2.804102594642351,1421.219719251309,585.0822833333333,6167.922242367481,6917.922242357481,749.99999999,False,True
373180,2025-09-17 03:40:00,14.342189029211902,1450.9944890192119,603.3189666666666,2562.767134957548,3312.767134947548,749.99999999,False,True
373210,2025-09-17 04:10:00,20.827899338094078,1440.197199328094,586.0359666666666,4080.041702791775,4830.041702781775,749.99999999,False,True
373240,2025-09-17 04:40:00,14.725928687906723,1438.6450953445733,590.5858333333333,4863.113518545453,5613.113518535453,749.99999999,False,True
373250,2025-09-17 04:50:00,9.1188926343168,1442.4077426243168,599.9555166666667,5613.113518535453,6363.113518525453,749.99999999,False,True
373270,2025-09-17 05:10:00,15.01133979134476,1436.987623114678,588.6429499999999,7102.431379641869,7852.431379631869,749.99999999,False,True
373280,2025-09-17 05:20:00,2.129627843866607,1446.4552778338666,610.9923166666666,7852.431379631869,8602.431379621868,749.99999999,False,True
374610,2025-09-18 03:30:00,2.2825902250032106,1453.0625902150032,617.4466666666666,2276.437014325985,3026.437014315985,749.99999999,False,True
374650,2025-09-18 04:10:00,7.860299552214761,1446.142182875548,604.94855,5243.499775111693,5993.499775102693,749.999999991,False,True
374680,2025-09-18 04:40:00,23.368475837784437,1436.495542494451,579.7937333333333,6078.738592135579,6828.738592126579,749.999999991,False,True
374690,2025-09-18 04:50:00,3.3351147909233907,1427.88693144759,591.2184833333333,6828.738592126579,7578.738592116579,749.99999999,False,True
374710,2025-09-18 05:10:00,25.311648289635393,1468.4285149463021,609.7835333333333,8325.165121182934,9075.165121173934,749.999999991,False,True
374740,2025-09-18 05:40:00,27.0990513006385,1441.210967957305,580.7785833333332,9014.067371481466,9764.067371472465,749.999999991,False,True
376150,2025-09-19 05:10:00,26.14010576807231,1292.9313890914057,433.45795,3415.542856286033,4165.542856276033,749.99999999,False,True
377590,2025-09-20 05:10:00,9.913719363330976,1294.8287360199977,451.58168333333333,2697.420304949804,3447.4203049398043,749.99999999,False,True
377620,2025-09-20 05:40:00,36.24520287201846,1294.137969528685,424.55943333333335,3502.693649690117,4252.693649680117,749.99999999,False,True
378940,2025-09-21 03:40:00,23.143728118868914,1449.8726281088689,593.3955666666666,3140.055219129982,3890.055219119982,749.99999999,False,True
379010,2025-09-21 04:50:00,5.763350290146142,1456.4744336134795,617.37775,6078.468569230577,6828.468569220577,749.99999999,False,True
379020,2025-09-21 05:00:00,3.8820121300883477,1429.6120121200884,592.3966666666666,6828.468569220577,7578.468569210577,749.99999999,False,True
379030,2025-09-21 05:10:00,0.8056022770124321,1424.2207522670124,590.0818166666666,7578.468569210577,8328.468569200577,749.99999999,False,True
380300,2025-09-22 02:20:00,10.498313650362995,1424.9548303070296,581.1231833333333,1685.5658478808955,2435.5658478708956,749.99999999,False,True
380400,2025-09-22 04:00:00,4.594963896902974,1424.494963886903,586.5666666666666,3901.9275029015434,4651.927502891544,749.99999999,False,True
380440,2025-09-22 04:40:00,36.74399090601184,1443.3142075626783,573.2368833333333,4694.9689455487705,5444.968945538771,749.99999999,False,True
380450,2025-09-22 04:50:00,29.8593694105466,1443.68360273388,580.4909,5444.968945538771,6194.968945528771,749.99999999,False,True
380460,2025-09-22 05:00:00,5.968512719157721,1435.3301793758244,596.0283333333333,6194.968945528771,6944.968945518771,749.99999999,False,True
380500,2025-09-22 05:40:00,3.5967876938823258,1442.8923710172157,605.9622499999999,7609.325055666568,8359.325055656567,749.99999999,False,True
381810,2025-09-23 03:30:00,15.54804594687834,1435.7313792702116,586.8499999999999,3473.866236939282,4223.8662369292815,749.99999999,False,True
381840,2025-09-23 04:00:00,9.094108288297996,1465.5557749449647,623.1283333333333,4286.710643460636,5036.710643450636,749.99999999,False,True
381850,2025-09-23 04:10:00,54.594377713938336,1483.4507110372715,595.5229999999999,5036.710643450636,5786.710643440636,749.99999999,False,True
381880,2025-09-23 04:40:00,37.15812248311283,1475.3922224731127,604.9007666666666,5887.676555649708,6637.676555639708,749.99999999,False,True
381890,2025-09-23 04:50:00,32.718849705068344,1466.4679996950683,600.4158166666666,6637.676555639708,7387.676555629708,749.99999999,False,True
381940,2025-09-23 05:40:00,18.575434432041327,1436.7528344220414,584.8440666666667,8895.362321931516,9645.362321922516,749.999999991,False,True
383280,2025-09-24 04:00:00,21.861512823704963,1429.926512813705,574.7316666666666,4120.40026796767,4870.40026795767,749.99999999,False,True
384700,2025-09-25 03:40:00,9.999984497222265,1434.2123344872223,590.8790166666666,3110.8502112711835,3860.8502112611836,749.99999999,False,True
384720,2025-09-25 04:00:00,10.472190774884886,1437.9338574315516,594.1283333333333,3882.1399366124956,4632.139936602495,749.99999999,False,True
384730,2025-09-25 04:10:00,2.9528624927662497,1433.0709958160996,596.7847999999999,4632.139936602495,5382.139936592495,749.99999999,False,True
384820,2025-09-25 05:40:00,49.272571357458666,1415.3614880141254,532.7555833333333,7704.398642741229,8454.398642731228,749.99999999,False,True
386140,2025-09-26 03:40:00,28.195807863922816,1273.8839411872561,412.35479999999995,3496.1165088667135,4246.116508856713,749.99999999,False,True
387570,2025-09-27 03:30:00,32.2526944653498,1284.7610277886831,419.175,3274.0579901596957,4024.057990149696,749.99999999,False,True
388870,2025-09-28 01:10:00,16.238792740197816,1428.4534260635312,578.8813,1721.4068898147143,2471.4068898047144,749.99999999,False,True
388880,2025-09-28 01:20:00,38.02897239030107,1426.3610890469677,554.9987833333332,2471.4068898047144,3221.4068897947145,749.99999999,False,True
388900,2025-09-28 01:40:00,22.000780700415923,1456.5872473570826,601.2531333333333,3636.731374901624,4386.731374891624,749.99999999,False,True
388910,2025-09-28 01:50:00,13.190374344336071,1457.809774334336,611.2860666666666,4386.731374891624,5136.731374881624,749.99999999,False,True
389010,2025-09-28 03:30:00,2.5360293765423796,1447.387696033209,611.5183333333333,6846.232452051954,7596.232452041954,749.99999999,False,True
389040,2025-09-28 04:00:00,8.525490672531753,1452.8421573291985,610.9833333333333,7616.7930119570465,8366.793011947046,749.99999999,False,True
389140,2025-09-28 05:40:00,42.998717883178635,1452.7969012065118,576.46485,8593.315185098943,9343.315185089943,749.999999991,False,True
390300,2025-09-29 01:00:00,9.967818923317388,1418.2178189133174,574.9166666666666,1742.4413105626322,2492.4413105526323,749.99999999,False,True
390310,2025-09-29 01:10:00,7.488819322114288,1414.4091693121143,573.5870166666666,2492.4413105526323,3242.4413105426324,749.99999999,False,True
390340,2025-09-29 01:40:00,29.952544983015507,1445.7260783063489,582.4402,4002.227018318772,4752.227018308772,749.99999999,False,True
390350,2025-09-29 01:50:00,58.49049905942092,1455.5731157160876,563.7492833333333,4752.227018308772,5502.227018298772,749.99999999,False,True
390450,2025-09-29 03:30:00,48.74442712278243,1450.6194271127824,568.5416666666666,5620.904016227224,6370.904016217224,749.99999999,False,True
390580,2025-09-29 05:40:00,8.662874505499637,1439.4027911621663,597.4065833333333,7894.32666449583,8644.32666448583,749.99999999,False,True
391780,2025-09-30 01:40:00,6.431939532194057,1400.0165561888607,560.2512833333333,3667.5665632566725,4417.566563246673,749.99999999,False,True
391790,2025-09-30 01:50:00,17.044411710966976,1416.8889783676336,566.5112333333333,4417.566563246673,5167.566563236673,749.99999999,False,True
391810,2025-09-30 02:10:00,17.09666443089531,1416.5387977542287,566.1088,5177.11342736569,5927.11342735569,749.99999999,False,True
391920,2025-09-30 04:00:00,0.22042845790405524,1440.9020951145708,607.3483333333334,6468.171768112147,7218.171768102147,749.99999999,False,True
392020,2025-09-30 05:40:00,8.811532059167568,1411.3406320491677,569.1957666666666,7045.9761026217475,7795.976102611748,749.99999999,False,True
393190,2025-10-01 01:10:00,4.7605154635081055,1423.2237821201747,585.1299333333333,2000.6391925997743,2750.639192589774,749.99999999,False,True
393200,2025-10-01 01:20:00,3.1611628646173733,1421.4435128546174,584.9490166666667,2750.639192589774,3500.6391925797743,749.99999999,False,True
393220,2025-10-01 01:40:00,39.59458463032001,1438.92053462032,565.9926166666667,3571.9446665160767,4321.944666507076,749.999999991,False,True
393250,2025-10-01 02:10:00,4.008332380401604,1430.3160490370683,592.9743833333333,5790.451648621811,6540.451648611811,749.99999999,False,True
393460,2025-10-01 05:40:00,20.823842216319342,1418.528308872986,564.3711333333333,8223.830539182194,8973.830539173194,749.999999991,False,True
397780,2025-10-04 05:40:00,15.538050605096025,1278.1870672617626,429.3156833333333,2940.8951478621775,3690.8951478521776,749.99999999,False,True
398870,2025-10-04 23:50:00,15.566513598820954,1340.432763588821,491.53291666666667,3799.576944351683,4549.576944341683,749.99999999,False,True
399950,2025-10-05 17:50:00,1.3236934787991563,985.5370852316111,933.8992333333333,10754.71725741347,10799.999999991,45.282742577530726,True,False
399960,2025-10-05 18:00:00,48.80752756692434,749.0058609083579,700.1983333333333,10799.999999991,10799.999999991,0.0,True,False
400310,2025-10-05 23:50:00,65.2712434518346,1445.772276775168,547.1677,3938.7910210717114,4688.791021061711,749.9999999899999,False,True
403180,2025-10-07 23:40:00,30.681534085950936,1396.5231007426175,532.5082333333332,2271.384469645784,3021.384469636784,749.999999991,False,True
403190,2025-10-07 23:50:00,42.55956418265179,1438.5918808393185,562.6989833333333,3021.384469636784,3771.3844696267843,749.99999999,False,True
404630,2025-10-08 23:50:00,46.174588767313246,1427.7810887573132,548.2731666666666,2180.855001180286,2930.855001171286,749.999999991,False,True
404740,2025-10-09 01:40:00,20.769351841046493,1429.6771684977132,575.5744833333333,5244.017418634046,5994.0174186240465,749.99999999,False,True
404750,2025-10-09 01:50:00,14.763562591283282,1416.4434625812833,568.3465666666666,5994.0174186240465,6744.017418614047,749.99999999,False,True
404850,2025-10-09 03:30:00,17.116760805215442,1438.778427461882,588.3283333333333,7767.042022310089,8517.04202230109,749.999999991,False,True
406420,2025-10-10 05:40:00,16.28389048770645,1280.7070904777065,431.0898666666667,4203.7479965173625,4953.747996507363,749.99999999,False,True
407630,2025-10-11 01:50:00,17.310463611777088,1269.080613601777,418.43681666666663,3058.0490744528606,3808.0490744428607,749.99999999,False,True
407640,2025-10-11 02:00:00,25.49294296564539,1256.0112762889787,397.185,3808.0490744428607,4558.04907443386,749.999999991,False,True
407860,2025-10-11 05:40:00,12.163188525911885,1277.0451885159118,431.54866666666663,5345.012189718813,6095.012189709812,749.999999991,False,True
408880,2025-10-11 22:40:00,6.750835681293657,1249.734069004627,409.64989999999995,2313.670683910851,3063.670683900851,749.99999999,False,True
408910,2025-10-11 23:10:00,34.9932840634849,1257.8630340534849,389.53641666666664,3093.3055809566176,3843.3055809466177,749.99999999,False,True
409030,2025-10-12 01:10:00,19.095052476150606,1431.618035799484,579.18965,4692.3186320964805,5442.318632086481,749.99999999,False,True
409040,2025-10-12 01:20:00,25.218282910020655,1414.9442829000207,556.3926666666666,5442.318632086481,6192.318632076481,749.99999999,False,True
410320,2025-10-12 22:40:00,6.131979712733702,1402.8581797027337,563.3928666666666,2121.2202978676187,2871.220297857619,749.99999999,False,True
410350,2025-10-12 23:10:00,4.197155111084149,1389.7312217677509,552.2007333333333,2849.4768918087575,3599.4768917987576,749.99999999,False,True
410480,2025-10-13 01:20:00,17.68143632560008,1406.0433029822668,555.0285333333334,4948.958264369225,5698.958264359225,749.99999999,False,True
410500,2025-10-13 01:40:00,27.716097764049657,1430.1578477540497,569.1084166666667,6434.909189539618,7184.909189529618,749.99999999,False,True
410510,2025-10-13 01:50:00,34.97246611174841,1443.2816494350818,574.97585,7184.909189529618,7934.909189519618,749.99999999,False,True
410740,2025-10-13 05:40:00,15.841962529942741,1442.2877291866093,593.1124333333332,9552.057368028696,10302.057368019696,749.999999991,False,True
411760,2025-10-13 22:40:00,15.779170291778534,1386.7069369484452,537.5944333333333,2044.4487593511692,2794.448759342169,749.999999991,False,True
411790,2025-10-13 23:10:00,20.786490053009054,1406.984090043009,552.8642666666666,2873.098732109989,3623.0987320999893,749.99999999,False,True
411920,2025-10-14 01:20:00,0.2335975668506683,1423.3328642235174,589.7659333333334,5191.454509412874,5941.4545094028745,749.99999999,False,True
411930,2025-10-14 01:30:00,5.20804157873271,1416.811374902066,578.27,5941.4545094028745,6691.454509392875,749.99999999,False,True
411960,2025-10-14 02:00:00,3.3239393700703124,1416.3089393600703,579.6516666666666,7473.363367966057,8223.363367957058,749.999999991,False,True
413200,2025-10-14 22:40:00,20.98302011617306,1385.2541367728397,530.9377833333333,2044.7918703780501,2794.7918703690502,749.999999991,False,True
413220,2025-10-14 23:00:00,18.739339130907403,1410.0243391209074,557.9516666666666,2818.723986287383,3568.723986278383,749.999999991,False,True
413230,2025-10-14 23:10:00,41.80467926724122,1420.4931459239078,545.3551333333332,3568.723986278383,4318.723986269383,749.999999991,False,True
413390,2025-10-15 01:50:00,3.6017577580507725,1424.7534410813842,587.81835,7090.661725229987,7840.661725219987,749.99999999,False,True
414640,2025-10-15 22:40:00,45.98728568865453,1394.7649523453213,515.4443333333334,1954.7840189479873,2704.784018937987,749.99999999,False,True
414650,2025-10-15 22:50:00,40.25046560125087,1386.3587489245842,512.77495,2704.784018937987,3454.7840189279873,749.99999999,False,True
414660,2025-10-15 23:00:00,11.70626359797415,1379.4712635879741,534.4316666666666,3454.7840189279873,4204.784018917987,749.99999999,False,True
414810,2025-10-16 01:30:00,2.1864219829070555,1433.2230886395737,597.7033333333333,6203.998942667443,6953.998942657443,749.99999999,False,True
415060,2025-10-16 05:40:00,14.414469865637322,1435.402886522304,587.6550833333333,9042.40190680491,9792.401906794908,749.99999999,False,True
416050,2025-10-16 22:10:00,74.47590456462773,1375.5993712212944,467.7901333333333,1275.0603993812779,2025.060399372278,749.999999991,False,True
416100,2025-10-16 23:00:00,22.502904184481615,1413.846237507815,558.01,4157.207261463962,4907.207261454962,749.999999991,False,True
417490,2025-10-17 22:10:00,32.46760691504232,1224.039723571709,358.2387833333333,1235.2997114868201,1985.29971147782,749.999999991,False,True
417510,2025-10-17 22:30:00,47.888720394964814,1269.7187203849649,388.49666666666667,2040.8512093290906,2790.8512093200907,749.999999991,False,True
417520,2025-10-17 22:40:00,9.551276181393057,1254.3119928380597,411.4273833333333,2790.8512093200907,3540.8512093110908,749.999999991,False,True
418970,2025-10-18 22:50:00,0.4329869546523844,1235.932903611319,402.1665833333333,2992.4551613677017,3742.455161358702,749.999999991,False,True
418980,2025-10-18 23:00:00,18.531898997894352,1232.8068989878943,380.94166666666666,3742.455161358702,4492.4551613497015,749.999999991,False,True
418990,2025-10-18 23:10:00,20.945751015758667,1235.122534339092,380.84344999999996,4492.4551613497015,5242.455161340701,749.999999991,False,True
419160,2025-10-19 02:00:00,46.67660778163417,1452.7899411049675,572.78,7801.29192112542,8551.29192111542,749.99999999,False,True
420400,2025-10-19 22:40:00,19.31651249667754,1397.8480291533442,545.1981833333333,2337.7249982247113,3087.7249982157114,749.999999991,False,True
420410,2025-10-19 22:50:00,39.59253573429475,1407.6768357242947,534.7509666666666,3087.7249982157114,3837.7249982067115,749.999999991,False,True
420420,2025-10-19 23:00:00,21.081722225744777,1403.0883888824114,548.6733333333333,3837.7249982067115,4587.724998196712,749.99999999,False,True
420430,2025-10-19 23:10:00,0.4562819165009762,1391.3248652398343,557.5352499999999,4587.724998196712,5337.724998186712,749.99999999,False,True
420600,2025-10-20 02:00:00,12.980850256888964,1426.9825169135556,580.6683333333333,7520.622593288787,8270.622593278787,749.99999999,False,True
421830,2025-10-20 22:30:00,6.8310544914535205,1387.6793878147869,547.515,1550.68520967916,2300.68520966916,749.99999999,False,True
421870,2025-10-20 23:10:00,11.023395714690984,1393.4054123713577,549.0486833333333,4518.2499553178395,5268.249955308839,749.999999991,False,True
421880,2025-10-20 23:20:00,10.467625074658592,1399.867258397992,556.0663,5268.249955308839,6018.249955299839,749.999999991,False,True
422000,2025-10-21 01:20:00,45.05319925633716,1436.2875825796705,557.9010499999999,6254.758057870027,7004.758057861027,749.999999991,False,True
422040,2025-10-21 02:00:00,4.6786613715819305,1424.0253280282486,586.0133333333333,7212.7924235957125,7962.792423586712,749.999999991,False,True
422130,2025-10-21 03:30:00,28.956866639068373,1437.9701999624017,575.68,8304.893656491218,9054.893656482218,749.999999991,False,True
423270,2025-10-21 22:30:00,13.2513872832427,1358.774720606576,512.1899999999999,1360.7963212520594,2110.7963212430595,749.999999991,False,True
423300,2025-10-21 23:00:00,19.339608047729364,1397.1329413710628,544.46,3580.5268005054672,4330.526800495467,749.99999999,False,True
423480,2025-10-22 02:00:00,34.603461620512,1419.368461610512,551.4316666666666,6894.453638081628,7644.453638071628,749.99999999,False,True
424720,2025-10-22 22:40:00,3.4471376877327122,1360.6786376777327,523.8981666666666,1953.5152071714406,2703.5152071614407,749.99999999,False,True
424880,2025-10-23 01:20:00,47.20869524205647,1440.4685952320565,559.9265666666666,5661.082336374092,6411.082336364092,749.99999999,False,True
424890,2025-10-23 01:30:00,17.8866976960827,1440.285031019416,589.0649999999999,6411.082336364092,7161.082336354092,749.99999999,False,True
426150,2025-10-23 22:30:00,8.139642416116423,1388.6979757394497,547.2249999999999,1961.037849557075,2711.037849547075,749.99999999,False,True
426160,2025-10-23 22:40:00,12.92221483497405,1387.0800148249741,540.8244666666667,2711.037849547075,3461.037849537075,749.99999999,False,True
426170,2025-10-23 22:50:00,10.002371262227136,1390.1684545855605,546.83275,3461.037849537075,4211.037849527075,749.99999999,False,True
426180,2025-10-23 23:00:00,9.602328974233266,1398.8856622975666,555.9499999999999,4211.037849527075,4961.037849517075,749.99999999,False,True
427600,2025-10-24 22:40:00,35.18252361551708,1245.1468902721838,376.63103333333333,2654.1921378990596,3404.1921378900597,749.999999991,False,True
427610,2025-10-24 22:50:00,20.103946993979655,1250.4974636506463,397.0601833333333,3404.1921378900597,4154.192137881059,749.999999991,False,True
429040,2025-10-25 22:40:00,30.046676130128837,1254.4742427867955,391.0942333333333,1862.8971793693063,2612.8971793603064,749.999999991,False,True
429050,2025-10-25 22:50:00,13.267510159681471,1237.0218934830148,390.42105,2612.8971793603064,3362.8971793513065,749.999999991,False,True
429090,2025-10-25 23:30:00,7.777777444758377,1247.7261107680918,406.615,5539.088628971344,6289.088628962344,749.999999991,False,True
429200,2025-10-26 01:20:00,8.634889257713887,1423.6145892477139,581.6463666666666,6809.763480832907,7559.763480822907,749.99999999,False,True
430500,2025-10-26 23:00:00,5.335157212446453,1386.6701572024465,548.0016666666667,3498.3499082880753,4248.349908278075,749.99999999,False,True
430510,2025-10-26 23:10:00,4.528123941330128,1390.7363405979968,552.8748833333333,4248.349908278075,4998.3499082680755,749.99999999,False,True
430520,2025-10-26 23:20:00,15.162368518562964,1407.1442518418962,558.6485499999999,4998.3499082680755,5748.349908258076,749.99999999,False,True
430530,2025-10-26 23:30:00,25.254154222065146,1421.2824875453985,562.6949999999999,5748.349908258076,6498.349908248076,749.99999999,False,True
430900,2025-10-27 05:40:00,2.7481084977871353,1452.2142084877871,616.1327666666666,9012.712513904273,9762.712513894272,749.99999999,False,True
431940,2025-10-27 23:00:00,11.251903755666483,1398.7902370789998,554.2049999999999,4017.9161259324383,4767.916125922438,749.99999999,False,True
431970,2025-10-27 23:30:00,30.62738290338688,1412.1323828933869,548.1716666666666,6218.548200706357,6968.5482006963575,749.99999999,False,True
432340,2025-10-28 05:40:00,54.449599157985396,1459.5080991479854,571.7251666666666,9031.805853847132,9781.805853837132,749.99999999,False,True
433390,2025-10-28 23:10:00,27.209604571240554,1404.9971378945738,544.4541999999999,4877.6723909876355,5627.672390978635,749.999999991,False,True
433410,2025-10-28 23:30:00,44.83830810865947,1423.7149747653261,545.5433333333333,6269.3555042241815,7019.355504215181,749.999999991,False,True
434820,2025-10-29 23:00:00,14.450260311653999,1381.970260301654,534.1866666666666,4085.8022060798,4835.8022060708,749.999999991,False,True
434830,2025-10-29 23:10:00,20.182903563747566,1397.7458535537476,544.2296166666666,4835.8022060708,5585.8022060618,749.999999991,False,True
434840,2025-10-29 23:20:00,23.1182163148112,1406.6524829714779,550.2009333333333,5585.8022060618,6335.802206052799,749.999999991,False,True
434850,2025-10-29 23:30:00,19.650719742669473,1405.1123863993362,552.1283333333333,6335.802206052799,7085.802206043799,749.999999991,False,True
435000,2025-10-30 02:00:00,19.36862909997364,1430.881962423307,578.18,7711.338517558321,8461.33851754932,749.999999991,False,True
435220,2025-10-30 05:40:00,9.005114571325286,1430.402181227992,588.0637333333333,9268.577677991818,10018.577677982817,749.999999991,False,True
436210,2025-10-30 22:10:00,3.5164348760460973,1360.2224681993794,523.3726999999999,1236.4546071910347,1986.4546071810346,749.99999999,False,True
436230,2025-10-30 22:30:00,24.040530371111792,1382.5555303611118,525.1816666666666,2015.9796305910672,2765.9796305810673,749.99999999,False,True
436260,2025-10-30 23:00:00,0.1928736308800501,1391.31287362088,557.7866666666666,4251.482050738054,5001.482050729053,749.999999991,False,True
437670,2025-10-31 22:30:00,16.130733847680055,1245.8874005043467,396.4233333333333,1960.1144875571804,2710.1144875471805,749.99999999,False,True
437690,2025-10-31 22:50:00,9.298817330464878,1235.3632006537982,392.73105,3445.5288773965012,4195.528877386501,749.99999999,False,True
437700,2025-10-31 23:00:00,75.60876771376,1276.7854343704266,367.8433333333333,4195.528877386501,4945.528877376501,749.99999999,False,True
438100,2025-11-01 05:40:00,10.679840771978654,1306.6717907619786,462.65861666666666,5469.280980575541,6219.2809805655415,749.99999999,False,True
439110,2025-11-01 22:30:00,37.50846397037957,1241.4701306270463,370.62833333333333,1863.929654837802,2613.929654827802,749.99999999,False,True
439120,2025-11-01 22:40:00,14.116919620706078,1231.5159362773727,384.0656833333333,2613.929654827802,3363.929654817802,749.99999999,False,True
439140,2025-11-01 23:00:00,0.7404141967092449,1237.107080853376,403.0333333333333,4107.536914194432,4857.536914184432,749.99999999,False,True
439150,2025-11-01 23:10:00,5.731501092446698,1248.2855510824468,409.2207166666667,4857.536914184432,5607.536914174432,749.99999999,False,True
439180,2025-11-01 23:40:00,6.111384812275211,1230.4264348022753,390.98171666666667,6954.53293800789,7704.53293799789,749.99999999,False,True
439540,2025-11-02 05:40:00,6.0161243157092406,1415.590974305709,576.2415166666666,8453.096439273908,9203.096439263907,749.99999999,False,True
440550,2025-11-02 22:30:00,10.418054588679517,1374.749721245346,530.9983333333332,1850.837697022008,2600.837697013008,749.999999991,False,True
440560,2025-11-02 22:40:00,29.725347022012095,1387.7695136786788,524.7108333333333,2600.837697013008,3350.837697004008,749.999999991,False,True
440570,2025-11-02 22:50:00,13.898248995030137,1390.51439898503,543.2828166666666,3350.837697004008,4100.837696995008,749.999999991,False,True
440600,2025-11-02 23:20:00,25.728882272231424,1394.4794655955648,535.41725,5586.424595717421,6336.42459570842,749.999999991,False,True
440610,2025-11-02 23:30:00,27.679486349445362,1402.9994863394454,541.9866666666667,6336.42459570842,7086.42459569942,749.999999991,False,True
440980,2025-11-03 05:40:00,35.47904457800052,1446.6809945680006,577.8686166666666,8347.212477066672,9097.212477056672,749.99999999,False,True
441990,2025-11-03 22:30:00,2.579926829038633,1386.0915934857053,550.1783333333333,1888.6639002174684,2638.6639002074685,749.99999999,False,True
442000,2025-11-03 22:40:00,13.202665549104601,1395.621798872438,549.0858,2638.6639002074685,3388.6639001974686,749.99999999,False,True
442030,2025-11-03 23:10:00,44.819813482277475,1407.5129968056108,529.3598499999999,4878.433785998616,5628.433785988616,749.99999999,False,True
442040,2025-11-03 23:20:00,58.87568465673484,1409.6026513134016,517.3936333333334,5628.433785988616,6378.4337859786165,749.99999999,False,True
442050,2025-11-03 23:30:00,1.9200963978714674,1389.606763054538,554.3533333333332,6378.4337859786165,7128.433785968617,749.99999999,False,True
443430,2025-11-04 22:30:00,9.899554740823753,1381.582888064157,538.3499999999999,1794.8651170726262,2544.8651170636263,749.999999991,False,True
443440,2025-11-04 22:40:00,19.73504162022754,1390.3339416102276,537.2655666666667,2544.8651170636263,3294.8651170546264,749.999999991,False,True
443450,2025-11-04 22:50:00,18.91056621570487,1396.817466205705,544.5735666666667,3294.8651170546264,4044.8651170456264,749.999999991,False,True
443460,2025-11-04 23:00:00,13.581882356815633,1388.3835490134823,541.4683333333332,4044.8651170456264,4794.8651170366265,749.999999991,False,True
443490,2025-11-04 23:30:00,0.8310374704305935,1390.0827041270973,555.9183333333333,6290.109748552681,7040.109748542681,749.99999999,False,True
443860,2025-11-05 05:40:00,12.604300533275925,1442.6129338566093,596.6753,8469.734586784747,9219.734586775747,749.999999991,False,True
444910,2025-11-05 23:10:00,11.98770223191422,1381.4631522219142,536.1421166666667,4601.549062444091,5351.549062434091,749.99999999,False,True
444920,2025-11-05 23:20:00,15.381954922852621,1389.359688246186,540.6443999999999,5351.549062434091,6101.549062424091,749.99999999,False,True
446320,2025-11-06 22:40:00,9.561600318396351,1379.249566975063,536.3546333333334,2123.5377978355764,2873.5377978265765,749.999999991,False,True
446330,2025-11-06 22:50:00,15.823972152435651,1389.0535221424357,539.8962166666666,2873.5377978265765,3623.5377978175766,749.999999991,False,True
446740,2025-11-07 05:40:00,29.88537396111189,1316.7401239511119,453.5214166666666,6495.794798445608,7245.794798436607,749.999999991,False,True
448180,2025-11-08 05:40:00,4.018529942904471,1294.2163299329045,456.86446666666666,5994.290514968254,6744.290514958254,749.99999999,False,True
449210,2025-11-08 22:50:00,4.524122977760036,1231.5551396344267,393.6976833333333,3026.237067662757,3776.237067653757,749.999999991,False,True
449220,2025-11-08 23:00:00,7.098175607634622,1234.806508930968,394.375,3776.237067653757,4526.237067643757,749.99999999,False,True
449230,2025-11-08 23:10:00,25.814357626112717,1241.0469242827794,381.8992333333333,4526.237067643757,5276.237067633757,749.99999999,False,True
449240,2025-11-08 23:20:00,18.775262748339735,1247.6637627383398,395.55516666666665,5276.237067633757,6026.237067623757,749.99999999,False,True
449620,2025-11-09 05:40:00,13.738700822318826,1408.2386341456522,561.1666,8324.202378149046,9074.202378139045,749.99999999,False,True
450660,2025-11-09 23:00:00,8.619207808303138,1394.4158744649699,552.4633333333334,3764.0429726942266,4514.042972685226,749.999999991,False,True
450680,2025-11-09 23:20:00,34.579874801110456,1377.7198081244437,509.80659999999995,4545.072292105082,5295.072292095082,749.99999999,False,True
450690,2025-11-09 23:30:00,19.428679580707914,1385.5353462373746,532.7733333333333,5295.072292095082,6045.072292085082,749.99999999,False,True
450700,2025-11-09 23:40:00,24.00636799344874,1404.8444179834487,547.5047166666666,6045.072292085082,6795.072292075082,749.99999999,False,True
450790,2025-11-10 01:10:00,11.896005555980075,1404.1703888793134,558.9410499999999,7207.646183839872,7957.646183829872,749.99999999,False,True
452070,2025-11-10 22:30:00,20.10387527799093,1384.3038752679909,530.8666666666666,1591.341077177702,2341.3410771687018,749.999999991,False,True
452080,2025-11-10 22:40:00,16.206363595634905,1385.6227635856349,536.0830666666666,2341.3410771687018,3091.341077159702,749.999999991,False,True
452090,2025-11-10 22:50:00,12.360000936580484,1395.8368009265805,550.1434666666667,3091.341077159702,3841.341077150702,749.999999991,False,True
452100,2025-11-10 23:00:00,2.097030957597318,1396.5103642809306,561.0799999999999,3841.341077150702,4591.341077141702,749.999999991,False,True
452140,2025-11-10 23:40:00,2.938965767320602,1418.8618824239873,582.5895833333333,6662.427779252685,7412.427779242685,749.99999999,False,True
453530,2025-11-11 22:50:00,16.53015508500925,1382.792071741676,532.9285833333333,3008.8498474334388,3758.849847424439,749.999999991,False,True
453540,2025-11-11 23:00:00,14.833542096667195,1377.8702087533338,529.7033333333333,3758.849847424439,4508.849847414439,749.99999999,False,True
453940,2025-11-12 05:40:00,24.020438169246624,1434.8562548259133,577.5024833333333,8749.578918372887,9499.578918363886,749.999999991,False,True
454950,2025-11-12 22:30:00,17.163389347885634,1407.4283893378856,556.9316666666666,1606.7611662151717,2356.7611662061718,749.999999991,False,True
454980,2025-11-12 23:00:00,22.146859142680675,1391.3118591326806,535.8316666666666,3838.2531933098358,4588.253193300836,749.999999991,False,True
455010,2025-11-12 23:30:00,30.225424078884082,1404.3970907355508,540.8383333333334,5328.3910980597075,6078.391098049708,749.99999999,False,True
455020,2025-11-12 23:40:00,25.509579858611566,1386.8858298486116,528.0429166666667,6078.391098049708,6828.391098039708,749.99999999,False,True
455380,2025-11-13 05:40:00,66.62990376793833,1457.3201870912717,557.35695,8125.471095714676,8875.471095704675,749.99999999,False,True
456390,2025-11-13 22:30:00,29.88735723830404,1391.3306905616373,528.1099999999999,1455.9006876249518,2205.900687615952,749.999999991,False,True
456440,2025-11-13 23:20:00,3.8832651543393615,1411.760381811006,574.5437833333333,3695.3780752520674,4445.378075242067,749.99999999,False,True
456450,2025-11-13 23:30:00,53.4684578779952,1405.3517912013285,518.55,4445.378075242067,5195.378075232067,749.99999999,False,True
456820,2025-11-14 05:40:00,4.227727567274079,1290.4466108906074,452.88554999999997,6393.7605743106005,7143.760574300601,749.99999999,False,True
457830,2025-11-14 22:30:00,62.810220540222865,1240.995220530223,344.8516666666667,1458.2710155355915,2208.2710155265913,749.999999991,False,True
457840,2025-11-14 22:40:00,51.62995852990945,1240.9622585199095,355.99896666666666,2208.2710155265913,2958.2710155165914,749.99999999,False,True
457850,2025-11-14 22:50:00,41.49010767191748,1248.8463909952509,374.02295000000004,2958.2710155165914,3708.2710155065915,749.99999999,False,True
457880,2025-11-14 23:20:00,6.258572254019433,1233.1015889106861,393.5096833333333,3761.68263954793,4511.68263953793,749.99999999,False,True
457890,2025-11-14 23:30:00,1.2866563416702013,1227.6616563316702,393.04166666666663,4511.68263953793,5261.68263952793,749.99999999,False,True
458260,2025-11-15 05:40:00,0.955461607975841,1292.4096782646425,458.1208833333333,6224.793880275233,6974.793880265233,749.99999999,False,True
459270,2025-11-15 22:30:00,23.630740746015128,1233.8790740693485,376.91499999999996,1441.7768032579654,2191.7768032479653,749.99999999,False,True
459280,2025-11-15 22:40:00,11.110582773489561,1227.2957994301562,382.8518833333333,2191.7768032479653,2941.7768032379654,749.99999999,False,True
459330,2025-11-15 23:30:00,8.983670044450712,1242.8103367011174,400.49333333333334,5111.97113147608,5861.97113146608,749.99999999,False,True
459340,2025-11-15 23:40:00,16.605567746385752,1212.055201069719,362.11629999999997,5861.97113146608,6611.97113145608,749.99999999,False,True
460730,2025-11-16 22:50:00,0.9155355574812268,1388.5741855474812,554.3253166666666,2900.374112382022,3650.374112372022,749.99999999,False,True
460780,2025-11-16 23:40:00,14.258558903382202,1387.7619422267155,540.17005,5805.204537534293,6555.204537525293,749.999999991,False,True
461140,2025-11-17 05:40:00,33.106776379190585,1435.0383263691906,568.5982166666666,8008.424377707707,8758.424377697707,749.99999999,False,True
462160,2025-11-17 22:40:00,2.570870414651032,1375.751720404651,539.8475166666666,1996.7982986213356,2746.7982986113357,749.99999999,False,True
462170,2025-11-17 22:50:00,20.388449046102544,1387.9338157027692,534.2120333333332,2746.7982986113357,3496.798298601336,749.99999999,False,True
462180,2025-11-17 23:00:00,18.648036436482577,1394.746369759816,542.765,3496.798298601336,4246.798298591336,749.99999999,False,True
462210,2025-11-17 23:30:00,17.897993546188893,1401.197993536189,549.9666666666667,4949.773789488274,5699.773789479274,749.999999991,False,True
462220,2025-11-17 23:40:00,28.43684919217366,1414.2592991821737,552.4891166666666,5699.773789479274,6449.773789470273,749.999999991,False,True
462580,2025-11-18 05:40:00,20.345154680660123,1421.89280467066,568.2143166666666,7707.581685358481,8457.581685348481,749.99999999,False,True
463640,2025-11-18 23:20:00,85.32365583717727,1421.280922493844,502.6239333333333,4221.6161275376935,4971.616127528693,749.999999991,False,True
463650,2025-11-18 23:30:00,45.26252194527569,1410.430855268609,531.835,4971.616127528693,5721.616127519693,749.999999991,False,True
464020,2025-11-19 05:40:00,10.526224564049464,1420.9011745540495,577.0416166666666,8217.525862495046,8967.525862486045,749.999999991,False,True
465150,2025-11-20 00:30:00,8.4995377636319,1424.5528710869653,582.72,6821.049078570059,7571.049078560059,749.99999999,False,True
465160,2025-11-20 00:40:00,23.54686602636945,1411.9477160163694,555.0675166666666,7571.049078560059,8321.049078550059,749.99999999,False,True
466490,2025-11-20 22:50:00,17.78965154898537,1390.3104848723187,539.1875,2875.4265332619248,3625.426533251925,749.99999999,False,True
468040,2025-11-22 00:40:00,0.2083101830471526,1262.5596935063804,429.01804999999996,6159.88916377836,6909.88916376936,749.999999991,False,True
468340,2025-11-22 05:40:00,29.728803742150596,1298.3167537321506,435.25461666666666,7183.394021944918,7933.394021935917,749.999999991,False,True
469370,2025-11-22 22:50:00,17.57295936244622,1235.0355426857795,384.12925,2969.601042602365,3719.601042593365,749.999999991,False,True
469410,2025-11-22 23:30:00,9.577161196706918,1236.6038278533736,393.69333333333327,5176.3883257085245,5926.388325699524,749.999999991,False,True
469420,2025-11-22 23:40:00,3.474040635886346,1201.3939739592197,364.5866,5926.388325699524,6676.388325690524,749.999999991,False,True
470800,2025-11-23 22:40:00,0.8382774518457757,1382.7817274418458,548.6101166666666,2093.6522735574426,2843.6522735474427,749.99999999,False,True
470810,2025-11-23 22:50:00,19.27554781754838,1387.5543478075483,534.9454666666666,2843.6522735474427,3593.652273537443,749.99999999,False,True
470850,2025-11-23 23:30:00,8.549110049103312,1388.38577670577,546.5033333333333,4365.692648081927,5115.692648071927,749.99999999,False,True
471010,2025-11-24 02:10:00,23.825041796202065,1435.3062084528688,578.1478333333333,7797.966053823334,8547.966053813334,749.99999999,False,True
471220,2025-11-24 05:40:00,6.247343539671411,1409.275310196338,569.6946333333333,8608.914396770257,9358.914396760256,749.99999999,False,True
472230,2025-11-24 22:30:00,14.511606771362942,1381.8299400946962,533.9849999999999,1310.2802992710851,2060.280299262085,749.999999991,False,True
472360,2025-11-25 00:40:00,2.5281850009079028,1385.518534990908,549.6570166666667,6909.851043239936,7659.851043230936,749.999999991,False,True
472450,2025-11-25 02:10:00,16.533379026990126,1421.5048956836567,571.6381833333332,7897.456492797125,8647.456492788126,749.999999991,False,True
472660,2025-11-25 05:40:00,1.1847222625783536,1413.5318222525784,579.0137666666667,8569.52039537671,9319.52039536671,749.99999999,False,True
473670,2025-11-25 22:30:00,17.491911838128992,1405.956911828129,555.1316666666667,1395.4735504448654,2145.4735504348655,749.99999999,False,True
473680,2025-11-25 22:40:00,5.739572163935001,1385.6622554872683,546.58935,2145.4735504348655,2895.4735504248656,749.99999999,False,True
473690,2025-11-25 22:50:00,5.366174669022704,1390.688507992356,551.989,2895.4735504248656,3645.4735504148657,749.99999999,False,True
473700,2025-11-25 23:00:00,13.247066211904205,1406.8503995352376,560.27,3645.4735504148657,4395.473550404866,749.99999999,False,True
473860,2025-11-26 01:40:00,39.13961804650284,1434.0198680365029,561.5469166666667,7917.473331260954,8667.473331251955,749.999999991,False,True
475120,2025-11-26 22:40:00,33.337688361564226,1391.7572216848976,525.0862,2021.0360011318567,2771.0360011218568,749.99999999,False,True
475130,2025-11-26 22:50:00,53.22492669872974,1391.216110022063,504.65784999999994,2771.0360011218568,3521.036001111857,749.99999999,False,True
475140,2025-11-26 23:00:00,38.888860248813664,1401.772193572147,529.55,3521.036001111857,4271.0360011018565,749.99999999,False,True
475540,2025-11-27 05:40:00,3.982301728249687,1430.814835051583,593.4992,8526.550641962349,9276.550641952348,749.99999999,False,True
476550,2025-11-27 22:30:00,33.582253812380706,1379.4522538023807,512.5366666666666,1820.3277869397534,2570.3277869307535,749.999999991,False,True
476560,2025-11-27 22:40:00,3.257488464487884,1391.6439384544879,555.0531166666666,2570.3277869307535,3320.3277869217536,749.999999991,False,True
476580,2025-11-27 23:00:00,5.577285111758093,1359.0789517684248,520.1683333333333,4058.5251832084523,4808.525183199452,749.999999991,False,True
476610,2025-11-27 23:30:00,16.736420978674907,1400.4680876353416,550.3983333333333,5555.276803691294,6305.276803682294,749.999999991,False,True
476980,2025-11-28 05:40:00,17.438248096657382,1299.9563980866574,449.1848166666667,7084.94242467144,7834.94242466144,749.99999999,False,True
477990,2025-11-28 22:30:00,42.75022727057432,1218.151893927241,342.06833333333327,1928.6478469121096,2678.6478469031094,749.999999991,False,True
478000,2025-11-28 22:40:00,19.599745860065006,1237.506945850065,384.5738666666667,2678.6478469031094,3428.6478468931095,749.99999999,False,True
478010,2025-11-28 22:50:00,2.2288661886855072,1241.6047995120189,406.0426,3428.6478468931095,4178.647846883109,749.99999999,False,True
478020,2025-11-28 23:00:00,6.705602169674754,1227.9189354930081,387.88,4178.647846883109,4928.647846873109,749.99999999,False,True
478040,2025-11-28 23:20:00,8.094375261769066,1228.700675251769,387.27296666666666,4930.946684682722,5680.946684672722,749.99999999,False,True
478050,2025-11-28 23:30:00,25.456167896662798,1225.7461678866628,366.9566666666666,5680.946684672722,6430.946684662722,749.99999999,False,True
478180,2025-11-29 01:40:00,2.1293864154972573,1237.2373864054973,401.7746666666667,6316.099847988805,7066.099847978805,749.99999999,False,True
479430,2025-11-29 22:30:00,44.69933657147396,1242.439336561474,364.40666666666664,1235.6011506333568,1985.6011506233567,749.99999999,False,True
479470,2025-11-29 23:10:00,11.09783492911901,1261.691634919119,417.2604666666667,4175.948067459869,4925.948067449869,749.99999999,False,True
479480,2025-11-29 23:20:00,18.534150237537112,1254.3059335608705,402.43845,4925.948067449869,5675.948067439869,749.99999999,False,True
479560,2025-11-30 00:40:00,24.31635172090386,1429.6331517109038,571.9834666666666,6764.271300411353,7514.271300401353,749.99999999,False,True
480870,2025-11-30 22:30:00,28.852398007531512,1394.9990646641982,532.8133333333333,1281.630049848679,2031.630049839679,749.999999991,False,True
482350,2025-12-01 23:10:00,11.009322143359434,1429.3642054666927,585.0215499999999,4034.8395081272392,4784.839508118239,749.999999991,False,True
482360,2025-12-01 23:20:00,14.694703853358526,1421.3018205100252,573.2737833333333,4784.839508118239,5534.8395081092385,749.999999991,False,True
482370,2025-12-01 23:30:00,2.362017743031621,1395.930351066365,560.2349999999999,5534.8395081092385,6284.839508100238,749.999999991,False,True
483770,2025-12-02 22:50:00,6.52475483837383,1384.8120714950405,544.9539833333333,2725.590354882206,3475.5903548732063,749.999999991,False,True
483780,2025-12-02 23:00:00,12.523582026577166,1393.9019153499105,548.045,3475.5903548732063,4225.590354864206,749.999999991,False,True
486810,2025-12-05 01:30:00,10.901935011210405,1282.388601667877,438.1533333333333,3901.739119022956,4651.739119012956,749.99999999,False,True
493880,2025-12-09 23:20:00,2.2749097034745693,1408.2081430268079,572.5998999999999,1685.661321850705,2435.661321840705,749.99999999,False,True
494020,2025-12-10 01:40:00,9.670282107913287,1443.43674876458,600.4331333333333,3188.1814509297387,3938.181450919739,749.99999999,False,True
495320,2025-12-10 23:20:00,5.323221825666898,1421.0328384823335,582.3762833333333,1360.4276009634086,2110.4276009544087,749.999999991,False,True
496760,2025-12-11 23:20:00,54.597772619419054,1426.945022609419,539.0139166666667,1845.8379903548075,2595.8379903448076,749.99999999,False,True
498200,2025-12-12 23:20:00,14.447667372035532,1247.0106340287023,399.22963333333337,1752.8460533930186,2502.8460533840184,749.999999991,False,True
498370,2025-12-13 02:10:00,5.790907173332008,1328.350507163332,489.2262666666666,3892.5486621960563,4642.548662186056,749.99999999,False,True
499640,2025-12-13 23:20:00,19.05845548751676,1250.4779221441834,398.0861333333333,1443.5969140300879,2193.5969140210877,749.999999991,False,True
499780,2025-12-14 01:40:00,1.6899072608928156,1435.3946739175594,600.3714333333332,2659.2083690341724,3409.2083690241725,749.99999999,False,True
501080,2025-12-14 23:20:00,1.155819241917917,1422.4524858985847,587.9633333333334,1363.2395920212691,2113.239592011269,749.99999999,False,True
501220,2025-12-15 01:40:00,32.96772126039206,1458.171871250392,591.8708166666667,2914.5473380474486,3664.5473380374488,749.99999999,False,True
501460,2025-12-15 05:40:00,0.37658570115626505,1495.8698356911564,662.1599166666666,5995.27658855675,6745.27658854675,749.99999999,False,True
504090,2025-12-17 01:30:00,7.696602277490107,1462.8082689341568,621.7783333333333,2317.816743824675,3067.816743814675,749.99999999,False,True
505400,2025-12-17 23:20:00,3.404074044826408,1417.4207240348264,580.6833166666667,1467.4528667425761,2217.4528667325762,749.99999999,False,True
506960,2025-12-19 01:20:00,33.87506840126661,1295.9104850579333,428.70208333333335,3051.014796973449,3801.014796963449,749.99999999,False,True
506970,2025-12-19 01:30:00,6.8440902203734515,1314.2590902103734,474.0816666666666,3801.014796963449,4551.014796953449,749.99999999,False,True
506980,2025-12-19 01:40:00,31.74443262047111,1315.0416492771378,449.96388333333334,4551.014796953449,5301.014796943449,749.99999999,False,True
507220,2025-12-19 05:40:00,17.71467494643013,1353.54037493643,502.49236666666667,6484.531399237569,7234.531399227569,749.99999999,False,True
508410,2025-12-20 01:30:00,20.965961266668266,1321.9942945900016,467.695,3310.6222340604854,4060.6222340504855,749.99999999,False,True
509720,2025-12-20 23:20:00,4.00388496020934,1236.779001616876,399.4417833333333,1338.8845786064194,2088.8845785974195,749.999999991,False,True
511160,2025-12-21 23:20:00,20.975999954636784,1420.2531332779702,565.9438,1425.2532630102576,2175.2532630002574,749.99999999,False,True
511170,2025-12-21 23:30:00,29.63917905707421,1413.9041790470742,550.9316666666666,2175.2532630002574,2925.2532629902576,749.99999999,False,True
511540,2025-12-22 05:40:00,7.0310622673648515,1489.5700955906982,649.2057,5713.391414279552,6463.391414269552,749.99999999,False,True
512600,2025-12-22 23:20:00,20.862406340141654,1408.208889663475,554.01315,1441.3459195188132,2191.345919508813,749.99999999,False,True
512610,2025-12-22 23:30:00,19.954228088643383,1418.72089474531,565.4333333333333,2191.345919508813,2941.345919498813,749.99999999,False,True
512730,2025-12-23 01:30:00,33.24883891064996,1458.14883890065,591.5666666666666,3471.7302299565745,4221.730229946575,749.99999999,False,True
512740,2025-12-23 01:40:00,2.8280575949506703,1450.7638075849507,614.6024166666666,4221.730229946575,4971.730229937574,749.999999991,False,True
512980,2025-12-23 05:40:00,22.742494623761097,1482.7325779470946,626.65675,6206.8431222109675,6956.843122200968,749.99999999,False,True
514040,2025-12-23 23:20:00,24.458378156189603,1426.340161479523,568.54845,1400.6262376184623,2150.6262376094624,749.999999991,False,True
514170,2025-12-24 01:30:00,27.49177654770903,1455.511776537709,594.6866666666666,3474.8725340282317,4224.872534018232,749.99999999,False,True
514180,2025-12-24 01:40:00,35.159358564832694,1449.098991888166,580.6062999999999,4224.872534018232,4974.872534008232,749.99999999,False,True
514420,2025-12-24 05:40:00,15.183892206277157,1540.4681088629438,691.9508833333332,6258.1103838559375,7008.110383845938,749.99999999,False,True
515480,2025-12-24 23:20:00,36.56428725532373,1416.274820578657,546.3771999999999,1390.8569326223014,2140.8569326133015,749.999999991,False,True
515620,2025-12-25 01:40:00,42.166133171376025,1462.111783161376,586.6123166666666,4032.1652051783594,4782.1652051683595,749.99999999,False,True
515860,2025-12-25 05:40:00,50.19409373583982,1525.535477059173,642.0080499999999,6031.652926302665,6781.652926292665,749.99999999,False,True
516920,2025-12-25 23:20:00,6.5221481291946395,1405.6157647858613,565.7602833333333,1829.537966913387,2579.537966903387,749.99999999,False,True
517050,2025-12-26 01:30:00,3.9608371617666682,1298.6375038184333,461.3433333333333,3838.4472125960874,4588.4472125860875,749.99999999,False,True
518490,2025-12-27 01:30:00,20.67448157854664,1301.8644815685466,447.8566666666666,4038.892671259045,4788.892671249045,749.99999999,False,True
518500,2025-12-27 01:40:00,32.54491718680412,1326.8625505101375,460.98429999999996,4788.892671249045,5538.892671240044,749.999999991,False,True
518740,2025-12-27 05:40:00,24.329768116724942,1369.9700847733916,512.3069833333333,6881.118941064745,7631.1189410557445,749.999999991,False,True
519820,2025-12-27 23:40:00,6.321401539994773,1239.1797515299947,399.5250166666666,2327.070146277126,3077.070146267126,749.99999999,False,True
519940,2025-12-28 01:40:00,18.739604753714495,1453.8104214103812,601.7374833333333,3935.1292956169627,4685.129295606963,749.99999999,False,True
520180,2025-12-28 05:40:00,35.01005124621121,1501.1641845695447,632.8208,5694.16626151092,6444.16626150092,749.99999999,False,True
521260,2025-12-28 23:40:00,15.100092270372095,1418.0075255937054,569.5740999999999,1581.4695795707776,2331.4695795617777,749.999999991,False,True
521270,2025-12-28 23:50:00,20.731486382465384,1424.071753039132,570.0069333333333,2331.4695795617777,3081.4695795517778,749.99999999,False,True
521370,2025-12-29 01:30:00,34.13485058369644,1456.266517240363,588.7983333333333,3479.8499955390917,4229.849995529092,749.99999999,False,True
522710,2025-12-29 23:50:00,22.160100345577455,1435.9374003355774,580.4439666666666,2808.2069848217793,3558.2069848117794,749.99999999,False,True
524140,2025-12-30 23:40:00,11.154874444342447,1420.8007577676758,576.31255,1819.8100109780735,2569.8100109690736,749.999999991,False,True
524150,2025-12-30 23:50:00,3.6802162088413217,1419.602182865508,582.5886333333333,2569.8100109690736,3319.8100109600737,749.999999991,False,True
524220,2025-12-31 01:00:00,37.351312032427465,1435.3346453557608,564.65,3562.7227683939295,4312.722768383929,749.99999999,False,True
524250,2025-12-31 01:30:00,14.196976281172958,1438.6103096045063,591.0799999999999,4363.221564859778,5113.221564849778,749.99999999,False,True
524500,2025-12-31 05:40:00,55.980867229877155,1528.2528172198772,638.9386166666666,7101.076595502459,7851.076595493459,749.999999991,False,True
525570,2025-12-31 23:30:00,12.869648803758302,1406.1179821270916,559.915,1728.1469339757186,2478.1469339667187,749.999999991,False,True
525580,2025-12-31 23:40:00,5.6506917206262335,1421.1930250439596,582.209,2478.1469339667187,3228.146933957719,749.999999991,False,True
