开始时间,结束时间,归属日期,日内时段,日初计划购电_kWh,保留原计划执行_kWh,调整增购执行_kWh,调整后普通购电_kWh,相对日初净调整_kWh,紧急购电_kWh,实际外网总购电_kWh,普通电价_元每kWh,原计划执行费_元,调整增购单价_元每kWh,调整增购费_元,紧急单价_元每kWh,紧急购电费_元,本时刻调减总量_kWh,本时刻违约费_元,本段总费用_元,费用标签,弃购电_kWh,购电利用量_kWh
2025-02-01T00:10:00,2025-02-01T00:20:00,2025-02-01,1,1001.2192040214234,1001.2192040214234,0.0,1001.2192040214234,0.0,0.0,1001.2192040214234,0.4248,425.31791786830064,0.6372,0.0,2.124,0.0,0.0,0.0,425.31791786830064,425.32元,0.0,1001.2192040214234
2025-02-01T00:20:00,2025-02-01T00:30:00,2025-02-01,2,1269.708129525176,1269.708129525176,0.0,1269.708129525176,0.0,0.0,1269.708129525176,0.4245,538.9911009834371,0.6367499999999999,0.0,2.1225,0.0,0.0,0.0,538.9911009834371,538.99元,20.96747953517592,1248.74064999
2025-02-01T00:30:00,2025-02-01T00:40:00,2025-02-01,3,436.632359048205,436.632359048205,0.0,436.632359048205,0.0,0.0,436.632359048205,0.4269,186.3983540776787,0.64035,0.0,2.1345,0.0,0.0,0.0,186.3983540776787,186.40元,0.0,436.632359048205
2025-02-01T00:40:00,2025-02-01T00:50:00,2025-02-01,4,457.5029731904826,457.5029731904826,0.0,457.5029731904826,0.0,0.0,457.5029731904826,0.4272,195.44527014697417,0.6408,0.0,2.136,0.0,0.0,0.0,195.44527014697417,195.45元,0.0,457.5029731904826
2025-02-01T00:50:00,2025-02-01T01:00:00,2025-02-01,5,466.51842341893683,466.51842341893683,0.0,466.51842341893683,0.0,0.0,466.51842341893683,0.4271,199.2500186422279,0.6406499999999999,0.0,2.1355,0.0,0.0,0.0,199.2500186422279,199.25元,0.0,466.51842341893683
2025-02-01T01:00:00,2025-02-01T01:10:00,2025-02-01,6,463.4415834096056,463.4415834096056,0.0,463.4415834096056,0.0,0.0,463.4415834096056,0.4285,198.584718491016,0.6427499999999999,0.0,2.1425,0.0,0.0,0.0,198.584718491016,198.58元,0.0,463.4415834096056
2025-02-01T01:10:00,2025-02-01T01:20:00,2025-02-01,7,476.32244757157594,476.32244757157594,0.0,476.32244757157594,0.0,0.0,476.32244757157594,0.4311,205.34260714810637,0.64665,0.0,2.1555,0.0,0.0,0.0,205.34260714810637,205.34元,0.0,476.32244757157594
2025-02-01T01:20:00,2025-02-01T01:30:00,2025-02-01,8,468.86709789903483,468.86709789903483,0.0,468.86709789903483,0.0,0.0,468.86709789903483,0.4302,201.7066255161648,0.6453,0.0,2.1510000000000002,0.0,0.0,0.0,201.7066255161648,201.71元,0.0,468.86709789903483
2025-02-01T01:30:00,2025-02-01T01:40:00,2025-02-01,9,452.5262558182414,452.5262558182414,0.0,452.5262558182414,0.0,0.0,452.5262558182414,0.4279,193.6359848646255,0.64185,0.0,2.1395,0.0,0.0,0.0,193.6359848646255,193.64元,0.0,452.5262558182414
2025-02-01T01:40:00,2025-02-01T01:50:00,2025-02-01,10,477.46070319622567,477.46070319622567,0.0,477.46070319622567,0.0,0.0,477.46070319622567,0.4312,205.8810552182125,0.6468,0.0,2.156,0.0,0.0,0.0,205.8810552182125,205.88元,0.0,477.46070319622567
2025-02-01T01:50:00,2025-02-01T02:00:00,2025-02-01,11,494.00180334468456,494.00180334468456,0.0,494.00180334468456,0.0,0.0,494.00180334468456,0.4333,214.05098138925183,0.64995,0.0,2.1665,0.0,0.0,0.0,214.05098138925183,214.05元,0.0,494.00180334468456
2025-02-01T02:00:00,2025-02-01T02:10:00,2025-02-01,12,486.73893368586994,486.73893368586994,0.0,486.73893368586994,0.0,0.0,486.73893368586994,0.4311,209.83315431197852,0.64665,0.0,2.1555,0.0,0.0,0.0,209.83315431197852,209.83元,0.0,486.73893368586994
2025-02-01T02:10:00,2025-02-01T02:20:00,2025-02-01,13,490.0645575806002,490.0645575806002,0.0,490.0645575806002,0.0,0.0,490.0645575806002,0.4293,210.38471456935167,0.64395,0.0,2.1465,0.0,0.0,0.0,210.38471456935167,210.38元,0.0,490.0645575806002
2025-02-01T02:20:00,2025-02-01T02:30:00,2025-02-01,14,498.11994281851764,498.11994281851764,0.0,498.11994281851764,0.0,0.0,498.11994281851764,0.4324,215.38706327472704,0.6486000000000001,0.0,2.162,0.0,0.0,0.0,215.38706327472704,215.39元,0.0,498.11994281851764
2025-02-01T02:30:00,2025-02-01T02:40:00,2025-02-01,15,499.4546001040474,499.4546001040474,0.0,499.4546001040474,0.0,0.0,499.4546001040474,0.4367,218.1118238654375,0.6550499999999999,0.0,2.1835,0.0,0.0,0.0,218.1118238654375,218.11元,0.0,499.4546001040474
2025-02-01T02:40:00,2025-02-01T02:50:00,2025-02-01,16,492.7778907048412,492.7778907048412,0.0,492.7778907048412,0.0,0.0,492.7778907048412,0.4348,214.25982687846496,0.6522,0.0,2.174,0.0,0.0,0.0,214.25982687846496,214.26元,0.0,492.7778907048412
2025-02-01T02:50:00,2025-02-01T03:00:00,2025-02-01,17,495.9155132628215,495.9155132628215,0.0,495.9155132628215,0.0,0.0,495.9155132628215,0.4335,214.9793749994331,0.65025,0.0,2.1675,0.0,0.0,0.0,214.9793749994331,214.98元,0.0,495.9155132628215
2025-02-01T03:00:00,2025-02-01T03:10:00,2025-02-01,18,508.55270310127014,508.55270310127014,0.0,508.55270310127014,0.0,0.0,508.55270310127014,0.4357,221.57641274122338,0.65355,0.0,2.1784999999999997,0.0,0.0,0.0,221.57641274122338,221.58元,0.0,508.55270310127014
2025-02-01T03:10:00,2025-02-01T03:20:00,2025-02-01,19,512.8085973614035,512.8085973614035,0.0,512.8085973614035,0.0,0.0,512.8085973614035,0.4374,224.30248048587788,0.6561,0.0,2.1870000000000003,0.0,0.0,0.0,224.30248048587788,224.30元,0.0,512.8085973614035
2025-02-01T03:20:00,2025-02-01T03:30:00,2025-02-01,20,511.69235763520555,511.69235763520555,0.0,511.69235763520555,0.0,0.0,511.69235763520555,0.4371,223.66072952234833,0.65565,0.0,2.1854999999999998,0.0,0.0,0.0,223.66072952234833,223.66元,0.0,511.69235763520555
2025-02-01T03:30:00,2025-02-01T03:40:00,2025-02-01,21,506.9093584279571,506.9093584279571,0.0,506.9093584279571,0.0,0.0,506.9093584279571,0.4356,220.8097165312181,0.6534,0.0,2.178,0.0,0.0,0.0,220.8097165312181,220.81元,0.0,506.9093584279571
2025-02-01T03:40:00,2025-02-01T03:50:00,2025-02-01,22,499.02232561722235,499.02232561722235,0.0,499.02232561722235,0.0,0.0,499.02232561722235,0.4353,217.2244183411769,0.65295,0.0,2.1765,0.0,0.0,0.0,217.2244183411769,217.22元,0.0,499.02232561722235
2025-02-01T03:50:00,2025-02-01T04:00:00,2025-02-01,23,509.47473657506293,509.47473657506293,0.0,509.47473657506293,0.0,0.0,509.47473657506293,0.436,222.13098514672743,0.654,0.0,2.18,0.0,0.0,0.0,222.13098514672743,222.13元,0.0,509.47473657506293
2025-02-01T04:00:00,2025-02-01T04:10:00,2025-02-01,24,527.2687994535693,527.2687994535693,0.0,527.2687994535693,0.0,0.0,527.2687994535693,0.4378,230.83828040077265,0.6567000000000001,0.0,2.189,0.0,0.0,0.0,230.83828040077265,230.84元,0.0,527.2687994535693
2025-02-01T04:10:00,2025-02-01T04:20:00,2025-02-01,25,519.4628758004685,519.4628758004685,0.0,519.4628758004685,0.0,0.0,519.4628758004685,0.4401,228.61561163978618,0.66015,0.0,2.2005,0.0,0.0,0.0,228.61561163978618,228.62元,0.0,519.4628758004685
2025-02-01T04:20:00,2025-02-01T04:30:00,2025-02-01,26,514.8992048382323,514.8992048382323,0.0,514.8992048382323,0.0,0.0,514.8992048382323,0.4389,225.98926100350016,0.65835,0.0,2.1945,0.0,0.0,0.0,225.98926100350016,225.99元,0.0,514.8992048382323
2025-02-01T04:30:00,2025-02-01T04:40:00,2025-02-01,27,526.7736577401041,526.7736577401041,0.0,526.7736577401041,0.0,0.0,526.7736577401041,0.4364,229.88402423778143,0.6546000000000001,0.0,2.182,0.0,0.0,0.0,229.88402423778143,229.88元,0.0,526.7736577401041
2025-02-01T04:40:00,2025-02-01T04:50:00,2025-02-01,28,539.394455236465,539.394455236465,0.0,539.394455236465,0.0,0.0,539.394455236465,0.4393,236.95598418537907,0.65895,0.0,2.1965000000000003,0.0,0.0,0.0,236.95598418537907,236.96元,0.0,539.394455236465
2025-02-01T04:50:00,2025-02-01T05:00:00,2025-02-01,29,547.4539784325691,547.4539784325691,0.0,547.4539784325691,0.0,0.0,547.4539784325691,0.4422,242.08414926288205,0.6633,0.0,2.211,0.0,0.0,0.0,242.08414926288205,242.08元,0.0,547.4539784325691
2025-02-01T05:00:00,2025-02-01T05:10:00,2025-02-01,30,546.4732411710656,546.4732411710656,0.0,546.4732411710656,0.0,0.0,546.4732411710656,0.4395,240.17498949468336,0.65925,0.0,2.1975,0.0,0.0,0.0,240.17498949468336,240.17元,0.0,546.4732411710656
2025-02-01T05:10:00,2025-02-01T05:20:00,2025-02-01,31,535.7293589393831,535.7293589393831,0.0,535.7293589393831,0.0,0.0,535.7293589393831,0.4333,232.1315312284347,0.64995,0.0,2.1665,0.0,0.0,0.0,232.1315312284347,232.13元,12.863879096836541,522.8654798425466
2025-02-01T05:20:00,2025-02-01T05:30:00,2025-02-01,32,536.9587208696705,536.9587208696705,0.0,536.9587208696705,0.0,0.0,536.9587208696705,0.4439,238.35597619404675,0.66585,0.0,2.2195,0.0,0.0,0.0,238.35597619404675,238.36元,38.43997086157022,498.5187500081003
2025-02-01T05:30:00,2025-02-01T05:40:00,2025-02-01,33,554.1875598313693,554.1875598313693,0.0,554.1875598313693,0.0,0.0,554.1875598313693,0.4301,238.3560694834719,0.64515,0.0,2.1505,0.0,0.0,0.0,238.3560694834719,238.36元,24.96422648993562,529.2233333414337
2025-02-01T05:40:00,2025-02-01T05:50:00,2025-02-01,34,1400.8541497831538,1400.8541497831538,0.0,1400.8541497831538,0.0,0.0,1400.8541497831538,0.3713,520.137145814485,0.5569500000000001,0.0,1.8565,0.0,0.0,0.0,520.137145814485,520.14元,853.4438331083869,547.4103166747669
2025-02-01T05:50:00,2025-02-01T06:00:00,2025-02-01,35,556.5478594319289,556.5478594319289,0.0,556.5478594319289,0.0,0.0,556.5478594319289,0.5708,317.67751816374505,0.8562,0.0,2.854,0.0,0.0,0.0,317.67751816374505,317.68元,25.32045942382866,531.2274000081003
2025-02-01T06:00:00,2025-02-01T06:10:00,2025-02-01,36,0.0,0.0,0.0,0.0,0.0,0.0,0.0,0.9099,0.0,1.3648500000000001,0.0,4.5495,0.0,903.7020607909294,411.13925255683336,411.13925255683336,411.14元,0.0,0.0
2025-02-01T06:10:00,2025-02-01T06:20:00,2025-02-01,37,0.0,0.0,0.0,0.0,0.0,0.0,0.0,0.9368,0.0,1.4052,0.0,4.684,0.0,0.0,0.0,0.0,0.00元,0.0,0.0
2025-02-01T06:20:00,2025-02-01T06:30:00,2025-02-01,38,0.0,0.0,0.0,0.0,0.0,0.0,0.0,0.8758,0.0,1.3137,0.0,4.3790000000000004,0.0,0.0,0.0,0.0,0.00元,0.0,0.0
2025-02-01T06:30:00,2025-02-01T06:40:00,2025-02-01,39,0.0,0.0,0.0,0.0,0.0,0.0,0.0,0.8759,0.0,1.31385,0.0,4.3795,0.0,0.0,0.0,0.0,0.00元,0.0,0.0
2025-02-01T06:40:00,2025-02-01T06:50:00,2025-02-01,40,0.0,0.0,0.0,0.0,0.0,0.0,0.0,0.8601,0.0,1.29015,0.0,4.3004999999999995,0.0,0.0,0.0,0.0,0.00元,0.0,0.0
2025-02-01T06:50:00,2025-02-01T07:00:00,2025-02-01,41,325.5802173292448,165.83677475067344,0.0,165.83677475067344,-159.74344257857138,0.0,165.83677475067344,0.8442,139.9994052445185,1.2663,0.0,4.221,0.0,0.0,0.0,139.9994052445185,140.00元,0.0,165.83677475067344
2025-02-01T07:00:00,2025-02-01T07:10:00,2025-02-01,42,566.3798036274862,476.00902408947127,0.0,476.00902408947127,-90.37077953801497,0.0,476.00902408947127,0.8334,396.70592067616536,1.2501,0.0,4.167,0.0,0.0,0.0,396.70592067616536,396.71元,0.0,476.00902408947127
2025-02-01T07:10:00,2025-02-01T07:20:00,2025-02-01,43,536.4486005838955,491.8973508527645,0.0,491.8973508527645,-44.551249731131065,0.0,491.8973508527645,0.8092,398.04333631005704,1.2138,0.0,4.046,0.0,0.0,0.0,398.04333631005704,398.04元,0.0,491.8973508527645
2025-02-01T07:20:00,2025-02-01T07:30:00,2025-02-01,44,492.43994833101954,468.1947380587783,0.0,468.1947380587783,-24.245210272241252,0.0,468.1947380587783,0.7972,373.24484518045807,1.1958,0.0,3.986,0.0,0.0,0.0,373.24484518045807,373.24元,0.0,468.1947380587783
2025-02-01T07:30:00,2025-02-01T07:40:00,2025-02-01,45,470.98130193601935,446.8594076548392,0.0,446.8594076548392,-24.121894281180175,0.0,446.8594076548392,0.7644,341.57933121135903,1.1465999999999998,0.0,3.822,0.0,0.0,0.0,341.57933121135903,341.58元,0.0,446.8594076548392
2025-02-01T07:40:00,2025-02-01T07:50:00,2025-02-01,46,416.4460892023913,416.4460892023913,0.0,416.4460892023913,0.0,0.0,416.4460892023913,0.6899,287.30615694072975,1.03485,0.0,3.4494999999999996,0.0,0.0,0.0,287.30615694072975,287.31元,0.0,416.4460892023913
2025-02-01T07:50:00,2025-02-01T08:00:00,2025-02-01,47,0.0,0.0,0.0,0.0,0.0,0.0,0.0,0.86,0.0,1.29,0.0,4.3,0.0,0.0,0.0,0.0,0.00元,0.0,0.0
2025-02-01T08:00:00,2025-02-01T08:10:00,2025-02-01,48,0.0,0.0,0.0,0.0,0.0,0.0,0.0,1.1617,0.0,1.74255,0.0,5.8084999999999996,0.0,0.0,0.0,0.0,0.00元,0.0,0.0
2025-02-01T08:10:00,2025-02-01T08:20:00,2025-02-01,49,0.0,0.0,0.0,0.0,0.0,0.0,0.0,1.1683,0.0,1.7524499999999998,0.0,5.8415,0.0,0.0,0.0,0.0,0.00元,0.0,0.0
2025-02-01T08:20:00,2025-02-01T08:30:00,2025-02-01,50,0.0,0.0,0.0,0.0,0.0,0.0,0.0,1.0956,0.0,1.6433999999999997,0.0,5.478,0.0,0.0,0.0,0.0,0.00元,0.0,0.0
2025-02-01T08:30:00,2025-02-01T08:40:00,2025-02-01,51,0.0,0.0,0.0,0.0,0.0,0.0,0.0,1.0849,0.0,1.6273499999999999,0.0,5.4245,0.0,0.0,0.0,0.0,0.00元,0.0,0.0
2025-02-01T08:40:00,2025-02-01T08:50:00,2025-02-01,52,0.0,0.0,0.0,0.0,0.0,0.0,0.0,1.061,0.0,1.5915,0.0,5.305,0.0,0.0,0.0,0.0,0.00元,0.0,0.0
2025-02-01T08:50:00,2025-02-01T09:00:00,2025-02-01,53,0.0,0.0,0.0,0.0,0.0,0.0,0.0,1.043,0.0,1.5644999999999998,0.0,5.215,0.0,0.0,0.0,0.0,0.00元,0.0,0.0
2025-02-01T09:00:00,2025-02-01T09:10:00,2025-02-01,54,0.0,0.0,0.0,0.0,0.0,0.0,0.0,1.036,0.0,1.554,0.0,5.18,0.0,0.0,0.0,0.0,0.00元,0.0,0.0
2025-02-01T09:10:00,2025-02-01T09:20:00,2025-02-01,55,0.0,0.0,0.0,0.0,0.0,0.0,0.0,1.0147,0.0,1.52205,0.0,5.073499999999999,0.0,0.0,0.0,0.0,0.00元,0.0,0.0
2025-02-01T09:20:00,2025-02-01T09:30:00,2025-02-01,56,0.0,0.0,0.0,0.0,0.0,0.0,0.0,0.9922,0.0,1.4883,0.0,4.961,0.0,0.0,0.0,0.0,0.00元,0.0,0.0
2025-02-01T09:30:00,2025-02-01T09:40:00,2025-02-01,57,0.0,0.0,0.0,0.0,0.0,0.0,0.0,0.97,0.0,1.455,0.0,4.85,0.0,0.0,0.0,0.0,0.00元,0.0,0.0
2025-02-01T09:40:00,2025-02-01T09:50:00,2025-02-01,58,0.0,0.0,0.0,0.0,0.0,0.0,0.0,0.9422,0.0,1.4133,0.0,4.711,0.0,0.0,0.0,0.0,0.00元,0.0,0.0
2025-02-01T09:50:00,2025-02-01T10:00:00,2025-02-01,59,0.0,0.0,0.0,0.0,0.0,0.0,0.0,0.9569,0.0,1.43535,0.0,4.7844999999999995,0.0,0.0,0.0,0.0,0.00元,0.0,0.0
2025-02-01T10:00:00,2025-02-01T10:10:00,2025-02-01,60,0.0,0.0,0.0,0.0,0.0,0.0,0.0,0.9977,0.0,1.49655,0.0,4.9885,0.0,0.0,0.0,0.0,0.00元,0.0,0.0
2025-02-01T10:10:00,2025-02-01T10:20:00,2025-02-01,61,0.0,0.0,0.0,0.0,0.0,0.0,0.0,0.9919,0.0,1.48785,0.0,4.9595,0.0,0.0,0.0,0.0,0.00元,0.0,0.0
2025-02-01T10:20:00,2025-02-01T10:30:00,2025-02-01,62,0.0,0.0,0.0,0.0,0.0,0.0,0.0,0.9588,0.0,1.4382,0.0,4.794,0.0,0.0,0.0,0.0,0.00元,0.0,0.0
2025-02-01T10:30:00,2025-02-01T10:40:00,2025-02-01,63,0.0,0.0,0.0,0.0,0.0,0.0,0.0,0.9549,0.0,1.43235,0.0,4.7745,0.0,0.0,0.0,0.0,0.00元,0.0,0.0
2025-02-01T10:40:00,2025-02-01T10:50:00,2025-02-01,64,0.0,0.0,0.0,0.0,0.0,0.0,0.0,0.9839,0.0,1.4758499999999999,0.0,4.9195,0.0,0.0,0.0,0.0,0.00元,0.0,0.0
2025-02-01T10:50:00,2025-02-01T11:00:00,2025-02-01,65,0.0,0.0,0.0,0.0,0.0,0.0,0.0,0.799,0.0,1.1985000000000001,0.0,3.995,0.0,0.0,0.0,0.0,0.00元,0.0,0.0
2025-02-01T11:00:00,2025-02-01T11:10:00,2025-02-01,66,0.0,0.0,0.0,0.0,0.0,0.0,0.0,0.5025,0.0,0.7537499999999999,0.0,2.5124999999999997,0.0,0.0,0.0,0.0,0.00元,0.0,0.0
2025-02-01T11:10:00,2025-02-01T11:20:00,2025-02-01,67,0.0,0.0,0.0,0.0,0.0,0.0,0.0,0.4662,0.0,0.6993,0.0,2.331,0.0,0.0,0.0,0.0,0.00元,0.0,0.0
2025-02-01T11:20:00,2025-02-01T11:30:00,2025-02-01,68,0.0,0.0,0.0,0.0,0.0,0.0,0.0,0.5007,0.0,0.75105,0.0,2.5035000000000003,0.0,0.0,0.0,0.0,0.00元,0.0,0.0
2025-02-01T11:30:00,2025-02-01T11:40:00,2025-02-01,69,0.0,0.0,0.0,0.0,0.0,0.0,0.0,0.4827,0.0,0.7240500000000001,0.0,2.4135,0.0,0.0,0.0,0.0,0.00元,0.0,0.0
2025-02-01T11:40:00,2025-02-01T11:50:00,2025-02-01,70,0.0,0.0,0.0,0.0,0.0,0.0,0.0,0.4785,0.0,0.71775,0.0,2.3925,0.0,0.0,0.0,0.0,0.00元,0.0,0.0
2025-02-01T11:50:00,2025-02-01T12:00:00,2025-02-01,71,83.52082207697975,0.0,0.0,0.0,-83.52082207697975,0.0,0.0,0.4662,0.0,0.6993,0.0,2.331,0.0,0.0,0.0,0.0,0.00元,0.0,0.0
2025-02-01T12:00:00,2025-02-01T12:10:00,2025-02-01,72,0.0,0.0,0.0,0.0,0.0,0.0,0.0,0.4432,0.0,0.6648,0.0,2.2159999999999997,0.0,330.00632017256805,73.12940055024107,73.12940055024107,73.13元,0.0,0.0
2025-02-01T12:10:00,2025-02-01T12:20:00,2025-02-01,73,0.0,0.0,0.0,0.0,0.0,0.0,0.0,0.4411,0.0,0.66165,0.0,2.2055,0.0,0.0,0.0,0.0,0.00元,0.0,0.0
2025-02-01T12:20:00,2025-02-01T12:30:00,2025-02-01,74,0.0,0.0,0.0,0.0,0.0,0.0,0.0,0.4551,0.0,0.68265,0.0,2.2755,0.0,0.0,0.0,0.0,0.00元,0.0,0.0
2025-02-01T12:30:00,2025-02-01T12:40:00,2025-02-01,75,0.0,0.0,0.0,0.0,0.0,0.0,0.0,0.4463,0.0,0.66945,0.0,2.2315,0.0,0.0,0.0,0.0,0.00元,0.0,0.0
2025-02-01T12:40:00,2025-02-01T12:50:00,2025-02-01,76,0.0,0.0,0.0,0.0,0.0,0.0,0.0,0.4113,0.0,0.61695,0.0,2.0564999999999998,0.0,0.0,0.0,0.0,0.00元,0.0,0.0
2025-02-01T12:50:00,2025-02-01T13:00:00,2025-02-01,77,0.0,0.0,0.0,0.0,0.0,0.0,0.0,0.5682,0.0,0.8523000000000001,0.0,2.841,0.0,0.0,0.0,0.0,0.00元,0.0,0.0
2025-02-01T13:00:00,2025-02-01T13:10:00,2025-02-01,78,0.0,0.0,0.0,0.0,0.0,0.0,0.0,0.8279,0.0,1.24185,0.0,4.1395,0.0,0.0,0.0,0.0,0.00元,0.0,0.0
2025-02-01T13:10:00,2025-02-01T13:20:00,2025-02-01,79,0.0,0.0,0.0,0.0,0.0,0.0,0.0,0.8636,0.0,1.2954,0.0,4.3180000000000005,0.0,0.0,0.0,0.0,0.00元,0.0,0.0
2025-02-01T13:20:00,2025-02-01T13:30:00,2025-02-01,80,0.0,0.0,0.0,0.0,0.0,0.0,0.0,0.8416,0.0,1.2624,0.0,4.208,0.0,0.0,0.0,0.0,0.00元,0.0,0.0
2025-02-01T13:30:00,2025-02-01T13:40:00,2025-02-01,81,0.0,0.0,0.0,0.0,0.0,0.0,0.0,0.8618,0.0,1.2927,0.0,4.309,0.0,0.0,0.0,0.0,0.00元,0.0,0.0
2025-02-01T13:40:00,2025-02-01T13:50:00,2025-02-01,82,0.0,0.0,0.0,0.0,0.0,0.0,0.0,0.8623,0.0,1.29345,0.0,4.3115,0.0,0.0,0.0,0.0,0.00元,0.0,0.0
2025-02-01T13:50:00,2025-02-01T14:00:00,2025-02-01,83,0.0,0.0,0.0,0.0,0.0,0.0,0.0,0.9026,0.0,1.3538999999999999,0.0,4.513,0.0,0.0,0.0,0.0,0.00元,0.0,0.0
2025-02-01T14:00:00,2025-02-01T14:10:00,2025-02-01,84,0.0,0.0,0.0,0.0,0.0,0.0,0.0,0.9754,0.0,1.4631,0.0,4.877000000000001,0.0,0.0,0.0,0.0,0.00元,0.0,0.0
2025-02-01T14:10:00,2025-02-01T14:20:00,2025-02-01,85,0.0,0.0,0.0,0.0,0.0,0.0,0.0,1.0002,0.0,1.5003,0.0,5.0009999999999994,0.0,0.0,0.0,0.0,0.00元,0.0,0.0
2025-02-01T14:20:00,2025-02-01T14:30:00,2025-02-01,86,0.0,0.0,0.0,0.0,0.0,0.0,0.0,0.9978,0.0,1.4967000000000001,0.0,4.989,0.0,0.0,0.0,0.0,0.00元,0.0,0.0
2025-02-01T14:30:00,2025-02-01T14:40:00,2025-02-01,87,0.0,0.0,0.0,0.0,0.0,0.0,0.0,1.0271,0.0,1.5406499999999999,0.0,5.1354999999999995,0.0,0.0,0.0,0.0,0.00元,0.0,0.0
2025-02-01T14:40:00,2025-02-01T14:50:00,2025-02-01,88,0.0,0.0,0.0,0.0,0.0,0.0,0.0,1.0906,0.0,1.6359,0.0,5.453,0.0,0.0,0.0,0.0,0.00元,0.0,0.0
2025-02-01T14:50:00,2025-02-01T15:00:00,2025-02-01,89,0.0,0.0,0.0,0.0,0.0,0.0,0.0,0.9376,0.0,1.4064,0.0,4.688,0.0,0.0,0.0,0.0,0.00元,0.0,0.0
2025-02-01T15:00:00,2025-02-01T15:10:00,2025-02-01,90,44.3239450251815,0.0,0.0,0.0,-44.3239450251815,0.0,0.0,0.6694,0.0,1.0041,0.0,3.347,0.0,0.0,0.0,0.0,0.00元,0.0,0.0
2025-02-01T15:10:00,2025-02-01T15:20:00,2025-02-01,91,107.27717988358529,36.96588008489948,0.0,36.96588008489948,-70.31129979868581,0.0,36.96588008489948,0.66,24.39748085603366,0.99,0.0,3.3000000000000003,0.0,0.0,0.0,24.39748085603366,24.40元,0.0,36.96588008489948
2025-02-01T15:20:00,2025-02-01T15:30:00,2025-02-01,92,149.502778508991,83.91880721289442,0.0,83.91880721289442,-65.58397129609659,0.0,83.91880721289442,0.7217,60.564203165545905,1.08255,0.0,3.6085000000000003,0.0,0.0,0.0,60.564203165545905,60.56元,0.0,83.91880721289442
2025-02-01T15:30:00,2025-02-01T15:40:00,2025-02-01,93,165.1060391186021,105.020937915882,0.0,105.020937915882,-60.0851012027201,0.0,105.020937915882,0.7308,76.74930142892657,1.0962,0.0,3.654,0.0,0.0,0.0,76.74930142892657,76.75元,0.0,105.020937915882
2025-02-01T15:40:00,2025-02-01T15:50:00,2025-02-01,94,202.41241245347402,147.71593174403435,0.0,147.71593174403435,-54.69648070943967,0.0,147.71593174403435,0.7534,111.28918297595547,1.1300999999999999,0.0,3.767,0.0,0.0,0.0,111.28918297595547,111.29元,0.0,147.71593174403435
2025-02-01T15:50:00,2025-02-01T16:00:00,2025-02-01,95,252.10583131475545,203.23045822421003,0.0,203.23045822421003,-48.87537309054542,0.0,203.23045822421003,0.7823,158.9871874687995,1.1734499999999999,0.0,3.9115,0.0,0.0,0.0,158.9871874687995,158.99元,0.0,203.23045822421003
2025-02-01T16:00:00,2025-02-01T16:10:00,2025-02-01,96,255.6027195808162,250.21995066199685,0.0,250.21995066199685,-5.382768918819352,0.0,250.21995066199685,0.8055,201.55217025823845,1.20825,0.0,4.0275,0.0,0.0,0.0,201.55217025823845,201.55元,0.0,250.21995066199685
2025-02-01T16:10:00,2025-02-01T16:20:00,2025-02-01,97,286.4251984236771,278.20211523735674,0.0,278.20211523735674,-8.223083186320366,0.0,278.20211523735674,0.8271,230.10096951281776,1.24065,0.0,4.1354999999999995,0.0,0.0,0.0,230.10096951281776,230.10元,0.0,278.20211523735674
2025-02-01T16:20:00,2025-02-01T16:30:00,2025-02-01,98,338.1467238303352,320.40796942298766,0.0,320.40796942298766,-17.73875440734753,0.0,320.40796942298766,0.8519,272.95554915144317,1.27785,0.0,4.2595,0.0,0.0,0.0,272.95554915144317,272.96元,0.0,320.40796942298766
2025-02-01T16:30:00,2025-02-01T16:40:00,2025-02-01,99,410.66783409825086,393.4150421431974,0.0,393.4150421431974,-17.252791955053453,0.0,393.4150421431974,0.8791,345.85116354808486,1.3186499999999999,0.0,4.3955,0.0,0.0,0.0,345.85116354808486,345.85元,0.0,393.4150421431974
2025-02-01T16:40:00,2025-02-01T16:50:00,2025-02-01,100,457.3674009424036,440.5872582441617,0.0,440.5872582441617,-16.78014269824189,0.0,440.5872582441617,0.9024,397.58594183953153,1.3536,0.0,4.512,0.0,0.0,0.0,397.58594183953153,397.59元,0.0,440.5872582441617
2025-02-01T16:50:00,2025-02-01T17:00:00,2025-02-01,101,441.42949808072063,425.10905616575934,0.0,425.10905616575934,-16.320441914961293,0.0,425.10905616575934,0.9163,389.52742816468526,1.37445,0.0,4.5815,0.0,0.0,0.0,389.52742816468526,389.53元,0.0,425.10905616575934
2025-02-01T17:00:00,2025-02-01T17:10:00,2025-02-01,102,409.1979698191226,393.3246349441139,0.0,393.3246349441139,-15.873334875008709,0.0,393.3246349441139,0.9264,364.3759418122271,1.3896,0.0,4.632,0.0,0.0,0.0,364.3759418122271,364.38元,0.0,393.3246349441139
2025-02-01T17:10:00,2025-02-01T17:20:00,2025-02-01,103,444.9632491600058,429.5247725938052,0.0,429.5247725938052,-15.438476566200563,0.0,429.5247725938052,0.9462,406.4163398282585,1.4193,0.0,4.731,0.0,0.0,0.0,406.4163398282585,406.42元,0.0,429.5247725938052
2025-02-01T17:20:00,2025-02-01T17:30:00,2025-02-01,104,464.746508767504,449.7309773393615,0.0,449.7309773393615,-15.01553142814248,0.0,449.7309773393615,0.9742,438.127918124006,1.4613,0.0,4.8709999999999996,0.0,0.0,0.0,438.127918124006,438.13元,0.0,449.7309773393615
2025-02-01T17:30:00,2025-02-01T17:40:00,2025-02-01,105,454.87640002763646,440.27222693434385,0.0,440.27222693434385,-14.604173093292616,0.0,440.27222693434385,0.9862,434.1964702026499,1.4792999999999998,0.0,4.931,0.0,0.0,0.0,434.1964702026499,434.20元,0.0,440.27222693434385
2025-02-01T17:40:00,2025-02-01T17:50:00,2025-02-01,106,458.7651986557299,444.56111452061134,0.0,444.56111452061134,-14.204084135118535,0.0,444.56111452061134,0.976,433.89164777211664,1.464,0.0,4.88,0.0,0.0,0.0,433.89164777211664,433.89元,0.0,444.56111452061134
2025-02-01T17:50:00,2025-02-01T18:00:00,2025-02-01,107,459.94574006541336,446.1307842422598,0.0,446.1307842422598,-13.814955823153582,0.0,446.1307842422598,1.0742,479.23368843303547,1.6113,0.0,5.371,0.0,0.0,0.0,479.23368843303547,479.23元,0.0,446.1307842422598
2025-02-01T18:00:00,2025-02-01T18:10:00,2025-02-01,108,454.0205633087163,440.5840754239526,0.0,440.5840754239526,-13.436487884763721,0.0,440.5840754239526,1.2313,542.4911720695128,1.84695,0.0,6.1565,0.0,9.606546321650399,5.9142702429240686,548.4054423124369,548.41元,0.0,440.5840754239526
2025-02-01T18:10:00,2025-02-01T18:20:00,2025-02-01,109,0.0,0.0,0.0,0.0,0.0,0.0,0.0,1.2561,0.0,1.88415,0.0,6.2805,0.0,0.0,0.0,0.0,0.00元,0.0,0.0
2025-02-01T18:20:00,2025-02-01T18:30:00,2025-02-01,110,217.72283257664657,46.556396950014175,408.38496623860203,454.9413631886162,237.21853061196964,0.0,454.9413631886162,1.2447,57.94874728368264,1.8670499999999999,762.4751512157819,6.2235,0.0,0.0,0.0,820.4238984994647,820.42元,0.0,454.9413631886162
2025-02-01T18:30:00,2025-02-01T18:40:00,2025-02-01,111,0.0,0.0,0.0,0.0,0.0,0.0,0.0,1.2545,0.0,1.8817499999999998,0.0,6.2725,0.0,0.0,0.0,0.0,0.00元,0.0,0.0
2025-02-01T18:40:00,2025-02-01T18:50:00,2025-02-01,112,0.0,0.0,49.36752788706451,49.36752788706451,49.36752788706451,0.0,49.36752788706451,1.2522,0.0,1.8782999999999999,92.72702763027327,6.261,0.0,0.0,0.0,92.72702763027327,92.73元,0.0,49.36752788706451
2025-02-01T18:50:00,2025-02-01T19:00:00,2025-02-01,113,0.0,0.0,0.0,0.0,0.0,0.0,0.0,1.2881,0.0,1.93215,0.0,6.4405,0.0,0.0,0.0,0.0,0.00元,0.0,0.0
2025-02-01T19:00:00,2025-02-01T19:10:00,2025-02-01,114,0.0,0.0,0.0,0.0,0.0,0.0,0.0,1.3466,0.0,2.0199,0.0,6.7330000000000005,0.0,0.0,0.0,0.0,0.00元,0.0,0.0
2025-02-01T19:10:00,2025-02-01T19:20:00,2025-02-01,115,0.0,0.0,0.0,0.0,0.0,0.0,0.0,1.3523,0.0,2.0284500000000003,0.0,6.7615,0.0,0.0,0.0,0.0,0.00元,0.0,0.0
2025-02-01T19:20:00,2025-02-01T19:30:00,2025-02-01,116,0.0,0.0,0.0,0.0,0.0,0.0,0.0,1.3445,0.0,2.01675,0.0,6.7225,0.0,0.0,0.0,0.0,0.00元,0.0,0.0
2025-02-01T19:30:00,2025-02-01T19:40:00,2025-02-01,117,0.0,0.0,0.0,0.0,0.0,0.0,0.0,1.3483,0.0,2.02245,0.0,6.7415,0.0,0.0,0.0,0.0,0.00元,0.0,0.0
2025-02-01T19:40:00,2025-02-01T19:50:00,2025-02-01,118,0.0,0.0,0.0,0.0,0.0,0.0,0.0,1.349,0.0,2.0235,0.0,6.745,0.0,0.0,0.0,0.0,0.00元,0.0,0.0
2025-02-01T19:50:00,2025-02-01T20:00:00,2025-02-01,119,0.0,0.0,0.0,0.0,0.0,0.0,0.0,1.3473,0.0,2.02095,0.0,6.7364999999999995,0.0,0.0,0.0,0.0,0.00元,0.0,0.0
2025-02-01T20:00:00,2025-02-01T20:10:00,2025-02-01,120,0.0,0.0,0.0,0.0,0.0,0.0,0.0,1.3482,0.0,2.0223,0.0,6.7410000000000005,0.0,0.0,0.0,0.0,0.00元,0.0,0.0
2025-02-01T20:10:00,2025-02-01T20:20:00,2025-02-01,121,0.0,0.0,0.0,0.0,0.0,0.0,0.0,1.3513,0.0,2.02695,0.0,6.7565,0.0,0.0,0.0,0.0,0.00元,0.0,0.0
2025-02-01T20:20:00,2025-02-01T20:30:00,2025-02-01,122,0.0,0.0,0.0,0.0,0.0,0.0,0.0,1.34,0.0,2.0100000000000002,0.0,6.7,0.0,0.0,0.0,0.0,0.00元,0.0,0.0
2025-02-01T20:30:00,2025-02-01T20:40:00,2025-02-01,123,0.0,0.0,0.0,0.0,0.0,0.0,0.0,1.3489,0.0,2.0233499999999998,0.0,6.7445,0.0,0.0,0.0,0.0,0.00元,0.0,0.0
2025-02-01T20:40:00,2025-02-01T20:50:00,2025-02-01,124,0.0,0.0,0.0,0.0,0.0,0.0,0.0,1.3952,0.0,2.0928,0.0,6.976,0.0,0.0,0.0,0.0,0.00元,0.0,0.0
2025-02-01T20:50:00,2025-02-01T21:00:00,2025-02-01,125,369.02440251542987,359.3567208253636,0.0,359.3567208253636,-9.667681690066274,0.0,359.3567208253636,1.2226,439.3495268810895,1.8338999999999999,0.0,6.1129999999999995,0.0,0.0,0.0,439.3495268810895,439.35元,0.0,359.3567208253636
2025-02-01T21:00:00,2025-02-01T21:10:00,2025-02-01,126,518.5055257147543,510.3558838537877,0.0,510.3558838537877,-8.149641860966597,0.0,510.3558838537877,0.9332,476.2641108123547,1.3998,0.0,4.666,0.0,0.0,0.0,476.2641108123547,476.26元,0.0,510.3558838537877
2025-02-01T21:10:00,2025-02-01T21:20:00,2025-02-01,127,501.6398179781423,493.7134398172714,0.0,493.7134398172714,-7.926378160870854,0.0,493.7134398172714,0.9068,447.69934722630177,1.3602,0.0,4.534000000000001,0.0,0.0,0.0,447.69934722630177,447.70元,0.0,493.7134398172714
2025-02-01T21:20:00,2025-02-01T21:30:00,2025-02-01,128,461.97874651451895,446.9768956727896,0.0,446.9768956727896,-15.001850841729322,0.0,446.9768956727896,0.9371,418.8620489349712,1.40565,0.0,4.6855,0.0,0.0,0.0,418.8620489349712,418.86元,0.0,446.9768956727896
2025-02-01T21:30:00,2025-02-01T21:40:00,2025-02-01,129,467.27871947788054,459.78068700246894,0.0,459.78068700246894,-7.4980324754116054,0.0,459.78068700246894,0.9371,430.86048179001364,1.40565,0.0,4.6855,0.0,0.0,0.0,430.86048179001364,430.86元,0.0,459.78068700246894
2025-02-01T21:40:00,2025-02-01T21:50:00,2025-02-01,130,0.0,0.0,0.0,0.0,0.0,0.0,0.0,0.9871,0.0,1.48065,0.0,4.9355,0.0,0.0,0.0,0.0,0.00元,0.0,0.0
2025-02-01T21:50:00,2025-02-01T22:00:00,2025-02-01,131,361.00125599663284,353.9084211783469,0.0,353.9084211783469,-7.092834818285951,0.0,353.9084211783469,0.7764,274.77449820286853,1.1646,0.0,3.8819999999999997,0.0,0.0,0.0,274.77449820286853,274.77元,0.0,353.9084211783469
2025-02-01T22:00:00,2025-02-01T22:10:00,2025-02-01,132,1249.1956424735545,1241.236318297213,0.0,1241.236318297213,-7.959324176341397,0.0,1241.236318297213,0.4209,522.436366371297,0.63135,0.0,2.1045,0.0,0.0,0.0,522.436366371297,522.44元,15.817984973879668,1225.4183333233334
2025-02-01T22:10:00,2025-02-01T22:20:00,2025-02-01,133,1233.3749380587665,1225.6336637300365,0.0,1225.6336637300365,-7.7412743287300145,0.0,1225.6336637300365,0.3859,472.9720308334211,0.5788500000000001,0.0,1.9295,0.0,0.0,0.0,472.9720308334211,472.97元,20.530513740036433,1205.10314999
2025-02-01T22:20:00,2025-02-01T22:30:00,2025-02-01,134,420.3443406415487,420.3443406415487,0.0,420.3443406415487,0.0,0.0,420.3443406415487,0.4368,183.60640799222847,0.6552,0.0,2.184,0.0,0.0,0.0,183.60640799222847,183.61元,0.0,420.3443406415487
2025-02-01T22:30:00,2025-02-01T22:40:00,2025-02-01,135,1276.625246251213,1269.302314498546,0.0,1269.302314498546,-7.322931752667046,0.0,1269.302314498546,0.4198,532.8531116264896,0.6297,0.0,2.099,0.0,0.0,0.0,532.8531116264896,532.85元,76.8123145085459,1192.4899999900001
2025-02-01T22:40:00,2025-02-01T22:50:00,2025-02-01,136,1267.6566090623985,1260.534292854137,0.0,1260.534292854137,-7.122316208261509,0.0,1260.534292854137,0.4186,527.6596549887417,0.6279,0.0,2.093,0.0,0.0,0.0,527.6596549887417,527.66元,45.15024286413699,1215.38404999
2025-02-01T22:50:00,2025-02-01T23:00:00,2025-02-01,137,1245.085526688473,1238.2722872686293,0.0,1238.2722872686293,-6.81323941984374,0.0,1238.2722872686293,0.4241,525.1512770306257,0.63615,0.0,2.1205,0.0,0.0,0.0,525.1512770306257,525.15元,0.0,1238.2722872686293
2025-02-01T23:00:00,2025-02-01T23:10:00,2025-02-01,138,1231.724382911957,1224.9869604542039,0.0,1224.9869604542039,-6.737422457753155,0.0,1224.9869604542039,0.4237,519.0269751444462,0.6355500000000001,0.0,2.1185,0.0,0.0,0.0,519.0269751444462,519.03元,0.0,1224.9869604542039
2025-02-01T23:10:00,2025-02-01T23:20:00,2025-02-01,139,402.7737605718995,402.7737605718995,0.0,402.7737605718995,0.0,0.0,402.7737605718995,0.4248,171.09829349094292,0.6372,0.0,2.124,0.0,0.0,0.0,171.09829349094292,171.10元,0.0,402.7737605718995
2025-02-01T23:20:00,2025-02-01T23:30:00,2025-02-01,140,1250.16645035278,1243.7931217828434,0.0,1243.7931217828434,-6.373328569936575,0.0,1243.7931217828434,0.424,527.3682836359255,0.636,0.0,2.12,0.0,0.0,0.0,527.3682836359255,527.37元,9.499921792843445,1234.29319999
2025-02-01T23:30:00,2025-02-01T23:40:00,2025-02-01,141,1258.6108063970353,1252.4120784957813,0.0,1252.4120784957813,-6.19872790125396,0.0,1252.4120784957813,0.422,528.5178971252197,0.633,0.0,2.11,0.0,0.0,0.0,528.5178971252197,528.52元,9.133745172448009,1243.2783333233333
2025-02-01T23:40:00,2025-02-01T23:50:00,2025-02-01,142,1261.1756101879587,1255.146699678773,0.0,1255.146699678773,-6.028910509185607,0.0,1255.146699678773,0.424,532.1822006637998,0.636,0.0,2.12,0.0,0.0,0.0,532.1822006637998,532.18元,34.57666635543978,1220.5700333233333
2025-02-01T23:50:00,2025-02-02T00:00:00,2025-02-01,143,491.2817030540603,491.2817030540603,0.0,491.2817030540603,0.0,0.0,491.2817030540603,0.4271,209.82641537438914,0.6406499999999999,0.0,2.1355,0.0,0.0,0.0,209.82641537438914,209.83元,0.0,491.2817030540603
2025-02-02T00:00:00,2025-02-02T00:10:00,2025-02-01,144,571.0104583333333,571.0104583333333,0.0,571.0104583333333,0.0,0.0,571.0104583333333,0.4276,244.16407198333332,0.6414,0.0,2.138,0.0,0.0,0.0,244.16407198333332,244.16元,0.0,571.0104583333333
2025-02-02T00:10:00,2025-02-02T00:20:00,2025-02-02,1,1039.429993724535,1039.429993724535,0.0,1039.429993724535,0.0,0.0,1039.429993724535,0.4248,441.5498613341825,0.6372,0.0,2.124,0.0,0.0,0.0,441.5498613341825,441.55元,0.0,1039.429993724535
2025-02-02T00:20:00,2025-02-02T00:30:00,2025-02-02,2,1424.1256587727025,1424.1256587727025,0.0,1424.1256587727025,0.0,0.0,1424.1256587727025,0.4245,604.5413421490122,0.6367499999999999,0.0,2.1225,0.0,0.0,0.0,604.5413421490122,604.54元,9.057842116035879,1415.0678166566668
2025-02-02T00:30:00,2025-02-02T00:40:00,2025-02-02,3,585.4590474926123,585.4590474926123,0.0,585.4590474926123,0.0,0.0,585.4590474926123,0.4269,249.93246737459617,0.64035,0.0,2.1345,0.0,0.0,0.0,249.93246737459617,249.93元,0.0,585.4590474926123
2025-02-02T00:40:00,2025-02-02T00:50:00,2025-02-02,4,583.4192477528553,583.4192477528553,0.0,583.4192477528553,0.0,0.0,583.4192477528553,0.4272,249.23670264001981,0.6408,0.0,2.136,0.0,0.0,0.0,249.23670264001981,249.24元,0.0,583.4192477528553
2025-02-02T00:50:00,2025-02-02T01:00:00,2025-02-02,5,593.0409633598704,593.0409633598704,0.0,593.0409633598704,0.0,0.0,593.0409633598704,0.4271,253.28779545100062,0.6406499999999999,0.0,2.1355,0.0,0.0,0.0,253.28779545100062,253.29元,0.0,593.0409633598704
2025-02-02T01:00:00,2025-02-02T01:10:00,2025-02-02,6,609.5997272857996,609.5997272857996,0.0,609.5997272857996,0.0,0.0,609.5997272857996,0.4285,261.2134831419651,0.6427499999999999,0.0,2.1425,0.0,0.0,0.0,261.2134831419651,261.21元,0.0,609.5997272857996
2025-02-02T01:10:00,2025-02-02T01:20:00,2025-02-02,7,618.3919294196381,618.3919294196381,0.0,618.3919294196381,0.0,0.0,618.3919294196381,0.4311,266.588760772806,0.64665,0.0,2.1555,0.0,0.0,0.0,266.588760772806,266.59元,0.0,618.3919294196381
2025-02-02T01:20:00,2025-02-02T01:30:00,2025-02-02,8,625.0253926448399,625.0253926448399,0.0,625.0253926448399,0.0,0.0,625.0253926448399,0.4302,268.88592391581017,0.6453,0.0,2.1510000000000002,0.0,0.0,0.0,268.88592391581017,268.89元,0.0,625.0253926448399
2025-02-02T01:30:00,2025-02-02T01:40:00,2025-02-02,9,625.8452089102309,625.8452089102309,0.0,625.8452089102309,0.0,0.0,625.8452089102309,0.4279,267.7991648926878,0.64185,0.0,2.1395,0.0,0.0,0.0,267.7991648926878,267.80元,0.0,625.8452089102309
2025-02-02T01:40:00,2025-02-02T01:50:00,2025-02-02,10,610.9646011277463,610.9646011277463,0.0,610.9646011277463,0.0,0.0,610.9646011277463,0.4312,263.44793600628424,0.6468,0.0,2.156,0.0,0.0,0.0,263.44793600628424,263.45元,0.0,610.9646011277463
2025-02-02T01:50:00,2025-02-02T02:00:00,2025-02-02,11,602.9834892305054,602.9834892305054,0.0,602.9834892305054,0.0,0.0,602.9834892305054,0.4333,261.272745883578,0.64995,0.0,2.1665,0.0,0.0,0.0,261.272745883578,261.27元,0.0,602.9834892305054
2025-02-02T02:00:00,2025-02-02T02:10:00,2025-02-02,12,618.7397503913941,618.7397503913941,0.0,618.7397503913941,0.0,0.0,618.7397503913941,0.4311,266.73870639372996,0.64665,0.0,2.1555,0.0,0.0,0.0,266.73870639372996,266.74元,0.0,618.7397503913941
2025-02-02T02:10:00,2025-02-02T02:20:00,2025-02-02,13,653.0813875689952,653.0813875689952,0.0,653.0813875689952,0.0,0.0,653.0813875689952,0.4293,280.36783968336965,0.64395,0.0,2.1465,0.0,0.0,0.0,280.36783968336965,280.37元,0.0,653.0813875689952
2025-02-02T02:20:00,2025-02-02T02:30:00,2025-02-02,14,670.5799572143596,670.5799572143596,0.0,670.5799572143596,0.0,0.0,670.5799572143596,0.4324,289.9587734994891,0.6486000000000001,0.0,2.162,0.0,0.0,0.0,289.9587734994891,289.96元,0.0,670.5799572143596
2025-02-02T02:30:00,2025-02-02T02:40:00,2025-02-02,15,662.7525461387792,662.7525461387792,0.0,662.7525461387792,0.0,0.0,662.7525461387792,0.4367,289.42403689880484,0.6550499999999999,0.0,2.1835,0.0,0.0,0.0,289.42403689880484,289.42元,0.0,662.7525461387792
2025-02-02T02:40:00,2025-02-02T02:50:00,2025-02-02,16,650.1222433760513,650.1222433760513,0.0,650.1222433760513,0.0,0.0,650.1222433760513,0.4348,282.67315141990713,0.6522,0.0,2.174,0.0,0.0,0.0,282.67315141990713,282.67元,0.0,650.1222433760513
2025-02-02T02:50:00,2025-02-02T03:00:00,2025-02-02,17,632.5646045393844,632.5646045393844,0.0,632.5646045393844,0.0,0.0,632.5646045393844,0.4335,274.21675606782316,0.65025,0.0,2.1675,0.0,0.0,0.0,274.21675606782316,274.22元,0.0,632.5646045393844
2025-02-02T03:00:00,2025-02-02T03:10:00,2025-02-02,18,621.9309453397584,621.9309453397584,0.0,621.9309453397584,0.0,0.0,621.9309453397584,0.4357,270.97531288453274,0.65355,0.0,2.1784999999999997,0.0,0.0,0.0,270.97531288453274,270.98元,0.0,621.9309453397584
2025-02-02T03:10:00,2025-02-02T03:20:00,2025-02-02,19,639.3963967658835,639.3963967658835,0.0,639.3963967658835,0.0,0.0,639.3963967658835,0.4374,279.67198394539747,0.6561,0.0,2.1870000000000003,0.0,0.0,0.0,279.67198394539747,279.67元,0.0,639.3963967658835
2025-02-02T03:20:00,2025-02-02T03:30:00,2025-02-02,20,672.8428419258946,672.8428419258946,0.0,672.8428419258946,0.0,0.0,672.8428419258946,0.4371,294.0996062058085,0.65565,0.0,2.1854999999999998,0.0,0.0,0.0,294.0996062058085,294.10元,0.0,672.8428419258946
2025-02-02T03:30:00,2025-02-02T03:40:00,2025-02-02,21,689.6458328842511,689.6458328842511,0.0,689.6458328842511,0.0,0.0,689.6458328842511,0.4356,300.4097248043798,0.6534,0.0,2.178,0.0,0.0,0.0,300.4097248043798,300.41元,0.0,689.6458328842511
2025-02-02T03:40:00,2025-02-02T03:50:00,2025-02-02,22,666.3563333273073,666.3563333273073,0.0,666.3563333273073,0.0,0.0,666.3563333273073,0.4353,290.0649118973769,0.65295,0.0,2.1765,0.0,0.0,0.0,290.0649118973769,290.06元,0.0,666.3563333273073
2025-02-02T03:50:00,2025-02-02T04:00:00,2025-02-02,23,661.1977437243454,661.1977437243454,0.0,661.1977437243454,0.0,0.0,661.1977437243454,0.436,288.2822162638146,0.654,0.0,2.18,0.0,0.0,0.0,288.2822162638146,288.28元,0.0,661.1977437243454
2025-02-02T04:00:00,2025-02-02T04:10:00,2025-02-02,24,684.8764231508648,684.8764231508648,0.0,684.8764231508648,0.0,0.0,684.8764231508648,0.4378,299.8388980554486,0.6567000000000001,0.0,2.189,0.0,0.0,0.0,299.8388980554486,299.84元,0.0,684.8764231508648
2025-02-02T04:10:00,2025-02-02T04:20:00,2025-02-02,25,691.722076940913,691.722076940913,0.0,691.722076940913,0.0,0.0,691.722076940913,0.4401,304.4268860616958,0.66015,0.0,2.2005,0.0,0.0,0.0,304.4268860616958,304.43元,0.0,691.722076940913
2025-02-02T04:20:00,2025-02-02T04:30:00,2025-02-02,26,683.207869335245,683.207869335245,0.0,683.207869335245,0.0,0.0,683.207869335245,0.4389,299.8599338512391,0.65835,0.0,2.1945,0.0,0.0,0.0,299.8599338512391,299.86元,0.0,683.207869335245
2025-02-02T04:30:00,2025-02-02T04:40:00,2025-02-02,27,682.0517169587541,682.0517169587541,0.0,682.0517169587541,0.0,0.0,682.0517169587541,0.4364,297.6473692808003,0.6546000000000001,0.0,2.182,0.0,0.0,0.0,297.6473692808003,297.65元,0.0,682.0517169587541
2025-02-02T04:40:00,2025-02-02T04:50:00,2025-02-02,28,703.4884931272926,703.4884931272926,0.0,703.4884931272926,0.0,0.0,703.4884931272926,0.4393,309.0424950308197,0.65895,0.0,2.1965000000000003,0.0,0.0,0.0,309.0424950308197,309.04元,0.0,703.4884931272926
2025-02-02T04:50:00,2025-02-02T05:00:00,2025-02-02,29,701.0523758411244,701.0523758411244,0.0,701.0523758411244,0.0,0.0,701.0523758411244,0.4422,310.0053605969452,0.6633,0.0,2.211,0.0,0.0,0.0,310.0053605969452,310.01元,0.0,701.0523758411244
2025-02-02T05:00:00,2025-02-02T05:10:00,2025-02-02,30,682.7137886317902,682.7137886317902,0.0,682.7137886317902,0.0,0.0,682.7137886317902,0.4395,300.0527101036718,0.65925,0.0,2.1975,0.0,0.0,0.0,300.0527101036718,300.05元,0.0,682.7137886317902
2025-02-02T05:10:00,2025-02-02T05:20:00,2025-02-02,31,701.6553167624812,701.6553167624812,0.0,701.6553167624812,0.0,0.0,701.6553167624812,0.4333,304.02724875318313,0.64995,0.0,2.1665,0.0,0.0,0.0,304.02724875318313,304.03元,0.0,701.6553167624812
2025-02-02T05:20:00,2025-02-02T05:30:00,2025-02-02,32,714.1805735439289,714.1805735439289,0.0,714.1805735439289,0.0,0.0,714.1805735439289,0.4439,317.02475659615004,0.66585,0.0,2.2195,0.0,0.0,0.0,317.02475659615004,317.02元,0.0,714.1805735439289
2025-02-02T05:30:00,2025-02-02T05:40:00,2025-02-02,33,699.2482367659053,699.2482367659053,0.0,699.2482367659053,0.0,0.0,699.2482367659053,0.4301,300.7466666330159,0.64515,0.0,2.1505,0.0,0.0,0.0,300.7466666330159,300.75元,0.0,699.2482367659053
2025-02-02T05:40:00,2025-02-02T05:50:00,2025-02-02,34,1528.1934019110986,1528.1934019110986,0.0,1528.1934019110986,0.0,0.0,1528.1934019110986,0.3713,567.418210129591,0.5569500000000001,0.0,1.8565,0.0,0.0,0.0,567.418210129591,567.42元,643.9980687744488,884.1953331366498
2025-02-02T05:50:00,2025-02-02T06:00:00,2025-02-02,35,778.4676686990688,778.4676686990688,0.0,778.4676686990688,0.0,0.0,778.4676686990688,0.5708,444.3493452934284,0.8562,0.0,2.854,0.0,0.0,0.0,444.3493452934284,444.35元,54.68561869096857,723.7820500081002
2025-02-02T06:00:00,2025-02-02T06:10:00,2025-02-02,36,837.1390622699006,708.7390531112445,0.0,708.7390531112445,-128.40000915865608,0.0,708.7390531112445,0.9099,644.8816644259214,1.3648500000000001,0.0,4.5495,0.0,2027.892489224928,922.589687972881,1567.4713523988025,1567.47元,0.0,708.7390531112445
2025-02-02T06:10:00,2025-02-02T06:20:00,2025-02-02,37,287.34507067431105,244.5963573316982,0.0,244.5963573316982,-42.74871334261286,0.0,244.5963573316982,0.9368,229.13786754833484,1.4052,0.0,4.684,0.0,0.0,0.0,229.13786754833484,229.14元,0.0,244.5963573316982
2025-02-02T06:20:00,2025-02-02T06:30:00,2025-02-02,38,897.2934291075911,855.7063322358379,0.0,855.7063322358379,-41.58709687175326,0.0,855.7063322358379,0.8758,749.4276057721469,1.3137,0.0,4.3790000000000004,0.0,0.0,0.0,749.4276057721469,749.43元,0.0,855.7063322358379
2025-02-02T06:30:00,2025-02-02T06:40:00,2025-02-02,39,910.4254638977188,869.9869137276933,0.0,869.9869137276933,-40.438550170025565,0.0,869.9869137276933,0.8759,762.0215377340866,1.31385,0.0,4.3795,0.0,0.0,0.0,762.0215377340866,762.02元,0.0,869.9869137276933
2025-02-02T06:40:00,2025-02-02T06:50:00,2025-02-02,40,889.9608170979787,850.6301021545179,0.0,850.6301021545179,-39.33071494346086,0.0,850.6301021545179,0.8601,731.6269508631008,1.29015,0.0,4.3004999999999995,0.0,0.0,0.0,731.6269508631008,731.63元,0.0,850.6301021545179
2025-02-02T06:50:00,2025-02-02T07:00:00,2025-02-02,41,874.3637426647563,835.9429312480563,0.0,835.9429312480563,-38.42081141669996,0.0,835.9429312480563,0.8442,705.703022559609,1.2663,0.0,4.221,0.0,0.0,0.0,705.703022559609,705.70元,0.0,835.9429312480563
2025-02-02T07:00:00,2025-02-02T07:10:00,2025-02-02,42,862.57921378314,825.5355795695787,0.0,825.5355795695787,-37.04363421356129,0.0,825.5355795695787,0.8334,688.0013520132869,1.2501,0.0,4.167,0.0,0.0,0.0,688.0013520132869,688.00元,0.0,825.5355795695787
2025-02-02T07:10:00,2025-02-02T07:20:00,2025-02-02,43,821.4037084722298,821.4037084722298,0.0,821.4037084722298,0.0,0.0,821.4037084722298,0.8092,664.6798808957284,1.2138,0.0,4.046,0.0,0.0,0.0,664.6798808957284,664.68元,0.0,821.4037084722298
2025-02-02T07:20:00,2025-02-02T07:30:00,2025-02-02,44,784.1926739636133,784.1926739636133,0.0,784.1926739636133,0.0,0.0,784.1926739636133,0.7972,625.1583996837925,1.1958,0.0,3.986,0.0,0.0,0.0,625.1583996837925,625.16元,0.0,784.1926739636133
2025-02-02T07:30:00,2025-02-02T07:40:00,2025-02-02,45,728.62283446265,728.62283446265,0.0,728.62283446265,0.0,0.0,728.62283446265,0.7644,556.9592946632496,1.1465999999999998,0.0,3.822,0.0,0.0,0.0,556.9592946632496,556.96元,0.0,728.62283446265
2025-02-02T07:40:00,2025-02-02T07:50:00,2025-02-02,46,1462.4006061392133,1429.8672947786904,0.0,1429.8672947786904,-32.53331136052293,0.0,1429.8672947786904,0.6899,986.4654466678185,1.03485,0.0,3.4494999999999996,0.0,0.0,0.0,986.4654466678185,986.47元,0.0,1429.8672947786904
2025-02-02T07:50:00,2025-02-02T08:00:00,2025-02-02,47,706.2181152728533,674.757945270933,0.0,674.757945270933,-31.460170001920346,0.0,674.757945270933,0.86,580.2918329330023,1.29,0.0,4.3,0.0,0.0,0.0,580.2918329330023,580.29元,0.0,674.757945270933
2025-02-02T08:00:00,2025-02-02T08:10:00,2025-02-02,48,351.5922177650773,323.813751004564,0.0,323.813751004564,-27.77846676051331,0.0,323.813751004564,1.1617,376.17443454200196,1.74255,0.0,5.8084999999999996,0.0,0.0,0.0,376.17443454200196,376.17元,0.0,323.813751004564
2025-02-02T08:10:00,2025-02-02T08:20:00,2025-02-02,49,298.76247351057964,272.43415405635767,0.0,272.43415405635767,-26.32831945422197,0.0,272.43415405635767,1.1683,318.28482218404264,1.7524499999999998,0.0,5.8415,0.0,0.0,0.0,318.28482218404264,318.28元,0.0,272.43415405635767
2025-02-02T08:20:00,2025-02-02T08:30:00,2025-02-02,50,235.55029750373353,210.61367723346268,0.0,210.61367723346268,-24.93662027027085,0.0,210.61367723346268,1.0956,230.7483447769817,1.6433999999999997,0.0,5.478,0.0,0.0,0.0,230.7483447769817,230.75元,0.0,210.61367723346268
2025-02-02T08:30:00,2025-02-02T08:40:00,2025-02-02,51,273.98362716152224,250.41359478054665,0.0,250.41359478054665,-23.57003238097559,0.0,250.41359478054665,1.0849,271.67370897741506,1.6273499999999999,0.0,5.4245,0.0,0.0,0.0,271.67370897741506,271.67元,0.0,250.41359478054665
2025-02-02T08:40:00,2025-02-02T08:50:00,2025-02-02,52,195.30661356365295,173.15480747702793,0.0,173.15480747702793,-22.151806086625015,0.0,173.15480747702793,1.061,183.71725073312663,1.5915,0.0,5.305,0.0,0.0,0.0,183.71725073312663,183.72元,0.0,173.15480747702793
2025-02-02T08:50:00,2025-02-02T09:00:00,2025-02-02,53,66.58322240057214,45.761292772602474,0.0,45.761292772602474,-20.821929627969666,0.0,45.761292772602474,1.043,47.729028361824376,1.5644999999999998,0.0,5.215,0.0,0.0,0.0,47.729028361824376,47.73元,0.0,45.761292772602474
2025-02-02T09:00:00,2025-02-02T09:10:00,2025-02-02,54,9.148061677812962,0.0,0.0,0.0,-9.148061677812962,0.0,0.0,1.036,0.0,1.554,0.0,5.18,0.0,0.0,0.0,0.0,0.00元,0.0,0.0
2025-02-02T09:10:00,2025-02-02T09:20:00,2025-02-02,55,0.0,0.0,0.0,0.0,0.0,0.0,0.0,1.0147,0.0,1.52205,0.0,5.073499999999999,0.0,0.0,0.0,0.0,0.00元,0.0,0.0
2025-02-02T09:20:00,2025-02-02T09:30:00,2025-02-02,56,0.0,0.0,0.0,0.0,0.0,0.0,0.0,0.9922,0.0,1.4883,0.0,4.961,0.0,0.0,0.0,0.0,0.00元,0.0,0.0
2025-02-02T09:30:00,2025-02-02T09:40:00,2025-02-02,57,322.48247675506826,25.535702306831524,0.0,25.535702306831524,-296.94677444823674,0.0,25.535702306831524,0.97,24.769631237626577,1.455,0.0,4.85,0.0,0.0,0.0,24.769631237626577,24.77元,0.0,25.535702306831524
2025-02-02T09:40:00,2025-02-02T09:50:00,2025-02-02,58,378.2204296708637,335.81645192434473,0.0,335.81645192434473,-42.40397774651899,0.0,335.81645192434473,0.9422,316.4062610031176,1.4133,0.0,4.711,0.0,0.0,0.0,316.4062610031176,316.41元,0.0,335.81645192434473
2025-02-02T09:50:00,2025-02-02T10:00:00,2025-02-02,59,344.7514552762957,302.2277811892185,0.0,302.2277811892185,-42.52367408707721,0.0,302.2277811892185,0.9569,289.20176381996316,1.43535,0.0,4.7844999999999995,0.0,0.0,0.0,289.20176381996316,289.20元,0.0,302.2277811892185
2025-02-02T10:00:00,2025-02-02T10:10:00,2025-02-02,60,0.0,0.0,0.0,0.0,0.0,0.0,0.0,0.9977,0.0,1.49655,0.0,4.9885,0.0,0.0,0.0,0.0,0.00元,0.0,0.0
2025-02-02T10:10:00,2025-02-02T10:20:00,2025-02-02,61,0.0,0.0,0.0,0.0,0.0,0.0,0.0,0.9919,0.0,1.48785,0.0,4.9595,0.0,0.0,0.0,0.0,0.00元,0.0,0.0
2025-02-02T10:20:00,2025-02-02T10:30:00,2025-02-02,62,229.8496311723893,192.83646139116286,0.0,192.83646139116286,-37.01316978122645,0.0,192.83646139116286,0.9588,184.89159918184694,1.4382,0.0,4.794,0.0,0.0,0.0,184.89159918184694,184.89元,0.0,192.83646139116286
2025-02-02T10:30:00,2025-02-02T10:40:00,2025-02-02,63,194.5319126176223,157.6818920327038,0.0,157.6818920327038,-36.850020584918525,0.0,157.6818920327038,0.9549,150.57043870202884,1.43235,0.0,4.7745,0.0,0.0,0.0,150.57043870202884,150.57元,0.0,157.6818920327038
2025-02-02T10:40:00,2025-02-02T10:50:00,2025-02-02,64,0.0,0.0,0.0,0.0,0.0,0.0,0.0,0.9839,0.0,1.4758499999999999,0.0,4.9195,0.0,0.0,0.0,0.0,0.00元,0.0,0.0
2025-02-02T10:50:00,2025-02-02T11:00:00,2025-02-02,65,184.28711664863192,184.28711664863192,0.0,184.28711664863192,0.0,0.0,184.28711664863192,0.799,147.2454062022569,1.1985000000000001,0.0,3.995,0.0,0.0,0.0,147.2454062022569,147.25元,0.0,184.28711664863192
2025-02-02T11:00:00,2025-02-02T11:10:00,2025-02-02,66,948.8194674605843,900.5475156037834,0.0,900.5475156037834,-48.27195185680091,0.0,900.5475156037834,0.5025,452.5251265909011,0.7537499999999999,0.0,2.5124999999999997,0.0,0.0,0.0,452.5251265909011,452.53元,0.0,900.5475156037834
2025-02-02T11:10:00,2025-02-02T11:20:00,2025-02-02,67,944.8394684103704,896.7229462521158,0.0,896.7229462521158,-48.11652215825461,0.0,896.7229462521158,0.4662,418.05223754273635,0.6993,0.0,2.331,0.0,0.0,0.0,418.05223754273635,418.05元,0.0,896.7229462521158
2025-02-02T11:20:00,2025-02-02T11:30:00,2025-02-02,68,963.0421702761715,915.360165022064,0.0,915.360165022064,-47.68200525410748,0.0,915.360165022064,0.5007,458.3208346265475,0.75105,0.0,2.5035000000000003,0.0,0.0,0.0,458.3208346265475,458.32元,0.0,915.360165022064
2025-02-02T11:30:00,2025-02-02T11:40:00,2025-02-02,69,956.3499901138406,909.00206023203,0.0,909.00206023203,-47.347929881810614,0.0,909.00206023203,0.4827,438.7752944740009,0.7240500000000001,0.0,2.4135,0.0,0.0,0.0,438.7752944740009,438.78元,0.0,909.00206023203
2025-02-02T11:40:00,2025-02-02T11:50:00,2025-02-02,70,919.5559051883703,872.1427286145171,0.0,872.1427286145171,-47.41317657385321,0.0,872.1427286145171,0.4785,417.3202956420464,0.71775,0.0,2.3925,0.0,0.0,0.0,417.3202956420464,417.32元,0.0,872.1427286145171
2025-02-02T11:50:00,2025-02-02T12:00:00,2025-02-02,71,884.325591619226,837.1554145564629,0.0,837.1554145564629,-47.17017706276306,0.0,837.1554145564629,0.4662,390.28185426622304,0.6993,0.0,2.331,0.0,0.0,0.0,390.28185426622304,390.28元,0.0,837.1554145564629
2025-02-02T12:00:00,2025-02-02T12:10:00,2025-02-02,72,104.16654712130025,104.16654712130025,0.0,104.16654712130025,0.0,0.0,104.16654712130025,0.4432,46.16661368416027,0.6648,0.0,2.2159999999999997,0.0,678.3561040957654,150.3237126676216,196.49032635178187,196.49元,0.0,104.16654712130025
2025-02-02T12:10:00,2025-02-02T12:20:00,2025-02-02,73,880.045325308086,812.0321782237946,0.0,812.0321782237946,-68.0131470842914,0.0,812.0321782237946,0.4411,358.1873938145158,0.66165,0.0,2.2055,0.0,0.0,0.0,358.1873938145158,358.19元,0.0,812.0321782237946
2025-02-02T12:20:00,2025-02-02T12:30:00,2025-02-02,74,54.491868609850144,0.0,0.0,0.0,-54.491868609850144,0.0,0.0,0.4551,0.0,0.68265,0.0,2.2755,0.0,0.0,0.0,0.0,0.00元,0.0,0.0
2025-02-02T12:30:00,2025-02-02T12:40:00,2025-02-02,75,54.771185280669556,54.75955651100573,0.0,54.75955651100573,-0.01162876966382953,0.0,54.75955651100573,0.4463,24.439190070861855,0.66945,0.0,2.2315,0.0,0.0,0.0,24.439190070861855,24.44元,0.0,54.75955651100573
2025-02-02T12:40:00,2025-02-02T12:50:00,2025-02-02,76,886.0257522225295,822.0400213438276,0.0,822.0400213438276,-63.98573087870193,0.0,822.0400213438276,0.4113,338.1050607787163,0.61695,0.0,2.0564999999999998,0.0,0.0,0.0,338.1050607787163,338.11元,0.0,822.0400213438276
2025-02-02T12:50:00,2025-02-02T13:00:00,2025-02-02,77,82.69417325858149,55.74862133638101,0.0,55.74862133638101,-26.94555192220048,0.0,55.74862133638101,0.5682,31.67636664333169,0.8523000000000001,0.0,2.841,0.0,0.0,0.0,31.67636664333169,31.68元,0.0,55.74862133638101
2025-02-02T13:00:00,2025-02-02T13:10:00,2025-02-02,78,127.26835220714668,57.21544329934568,0.0,57.21544329934568,-70.052908907801,0.0,57.21544329934568,0.8279,47.368665507528284,1.24185,0.0,4.1395,0.0,0.0,0.0,47.368665507528284,47.37元,0.0,57.21544329934568
2025-02-02T13:10:00,2025-02-02T13:20:00,2025-02-02,79,116.2080348415011,0.0,0.0,0.0,-116.2080348415011,0.0,0.0,0.8636,0.0,1.2954,0.0,4.3180000000000005,0.0,0.0,0.0,0.0,0.00元,0.0,0.0
2025-02-02T13:20:00,2025-02-02T13:30:00,2025-02-02,80,125.99922524003,58.236165386756966,0.0,58.236165386756966,-67.76305985327303,0.0,58.236165386756966,0.8416,49.01155678949466,1.2624,0.0,4.208,0.0,0.0,0.0,49.01155678949466,49.01元,0.0,58.236165386756966
2025-02-02T13:30:00,2025-02-02T13:40:00,2025-02-02,81,164.95998961942485,76.39482656039863,0.0,76.39482656039863,-88.56516305902622,0.0,76.39482656039863,0.8618,65.83706152975154,1.2927,0.0,4.309,0.0,0.0,0.0,65.83706152975154,65.84元,0.0,76.39482656039863
2025-02-02T13:40:00,2025-02-02T13:50:00,2025-02-02,82,172.07689512160812,0.0,0.0,0.0,-172.07689512160812,0.0,0.0,0.8623,0.0,1.29345,0.0,4.3115,0.0,0.0,0.0,0.0,0.00元,0.0,0.0
2025-02-02T13:50:00,2025-02-02T14:00:00,2025-02-02,83,0.0,0.0,0.0,0.0,0.0,0.0,0.0,0.9026,0.0,1.3538999999999999,0.0,4.513,0.0,0.0,0.0,0.0,0.00元,0.0,0.0
2025-02-02T14:00:00,2025-02-02T14:10:00,2025-02-02,84,0.0,0.0,0.0,0.0,0.0,0.0,0.0,0.9754,0.0,1.4631,0.0,4.877000000000001,0.0,0.0,0.0,0.0,0.00元,0.0,0.0
2025-02-02T14:10:00,2025-02-02T14:20:00,2025-02-02,85,0.0,0.0,0.0,0.0,0.0,0.0,0.0,1.0002,0.0,1.5003,0.0,5.0009999999999994,0.0,0.0,0.0,0.0,0.00元,0.0,0.0
2025-02-02T14:20:00,2025-02-02T14:30:00,2025-02-02,86,0.0,0.0,0.0,0.0,0.0,0.0,0.0,0.9978,0.0,1.4967000000000001,0.0,4.989,0.0,0.0,0.0,0.0,0.00元,0.0,0.0
2025-02-02T14:30:00,2025-02-02T14:40:00,2025-02-02,87,0.0,0.0,0.0,0.0,0.0,0.0,0.0,1.0271,0.0,1.5406499999999999,0.0,5.1354999999999995,0.0,0.0,0.0,0.0,0.00元,0.0,0.0
2025-02-02T14:40:00,2025-02-02T14:50:00,2025-02-02,88,0.0,0.0,0.0,0.0,0.0,0.0,0.0,1.0906,0.0,1.6359,0.0,5.453,0.0,0.0,0.0,0.0,0.00元,0.0,0.0
2025-02-02T14:50:00,2025-02-02T15:00:00,2025-02-02,89,0.0,0.0,0.0,0.0,0.0,0.0,0.0,0.9376,0.0,1.4064,0.0,4.688,0.0,0.0,0.0,0.0,0.00元,0.0,0.0
2025-02-02T15:00:00,2025-02-02T15:10:00,2025-02-02,90,1277.1799375821206,1259.9555968932505,0.0,1259.9555968932505,-17.224340688870143,0.0,1259.9555968932505,0.6694,843.4142765603418,1.0041,0.0,3.347,0.0,0.0,0.0,843.4142765603418,843.41元,0.0,1259.9555968932505
2025-02-02T15:10:00,2025-02-02T15:20:00,2025-02-02,91,1318.0907786434705,1301.0135841729502,0.0,1301.0135841729502,-17.077194470520226,0.0,1301.0135841729502,0.66,858.6689655541472,0.99,0.0,3.3000000000000003,0.0,0.0,0.0,858.6689655541472,858.67元,0.0,1301.0135841729502
2025-02-02T15:20:00,2025-02-02T15:30:00,2025-02-02,92,1329.7004397397154,1329.7004397397154,0.0,1329.7004397397154,0.0,0.0,1329.7004397397154,0.7217,959.6448073601526,1.08255,0.0,3.6085000000000003,0.0,0.0,0.0,959.6448073601526,959.64元,0.0,1329.7004397397154
2025-02-02T15:30:00,2025-02-02T15:40:00,2025-02-02,93,583.4489123559537,583.4489123559537,0.0,583.4489123559537,0.0,0.0,583.4489123559537,0.7308,426.38446514973094,1.0962,0.0,3.654,0.0,0.0,0.0,426.38446514973094,426.38元,0.0,583.4489123559537
2025-02-02T15:40:00,2025-02-02T15:50:00,2025-02-02,94,635.7922141687454,618.7042586441894,0.0,618.7042586441894,-17.087955524556037,0.0,618.7042586441894,0.7534,466.13178846253226,1.1300999999999999,0.0,3.767,0.0,0.0,0.0,466.13178846253226,466.13元,0.0,618.7042586441894
2025-02-02T15:50:00,2025-02-02T16:00:00,2025-02-02,95,680.6486698029349,663.4560692542473,0.0,663.4560692542473,-17.192600548687665,0.0,663.4560692542473,0.7823,519.0216829775976,1.1734499999999999,0.0,3.9115,0.0,0.0,0.0,519.0216829775976,519.02元,0.0,663.4560692542473
2025-02-02T16:00:00,2025-02-02T16:10:00,2025-02-02,96,719.6934458513203,697.3009621562887,0.0,697.3009621562887,-22.392483695031615,0.0,697.3009621562887,0.8055,561.6759250168906,1.20825,0.0,4.0275,0.0,0.0,0.0,561.6759250168906,561.68元,0.0,697.3009621562887
2025-02-02T16:10:00,2025-02-02T16:20:00,2025-02-02,97,767.928900861197,746.1498709656539,0.0,746.1498709656539,-21.77902989554309,0.0,746.1498709656539,0.8271,617.1405582756923,1.24065,0.0,4.1354999999999995,0.0,0.0,0.0,617.1405582756923,617.14元,0.0,746.1498709656539
2025-02-02T16:20:00,2025-02-02T16:30:00,2025-02-02,98,807.9540431586246,786.7716611749687,0.0,786.7716611749687,-21.182381983655887,0.0,786.7716611749687,0.8519,670.2507781549558,1.27785,0.0,4.2595,0.0,0.0,0.0,670.2507781549558,670.25元,0.0,786.7716611749687
2025-02-02T16:30:00,2025-02-02T16:40:00,2025-02-02,99,849.1904728000496,828.5883932467572,0.0,828.5883932467572,-20.60207955329247,0.0,828.5883932467572,0.8791,728.4120565032242,1.3186499999999999,0.0,4.3955,0.0,0.0,0.0,728.4120565032242,728.41元,0.0,828.5883932467572
2025-02-02T16:40:00,2025-02-02T16:50:00,2025-02-02,100,913.3027258351974,893.2650510237579,0.0,893.2650510237579,-20.0376748114395,0.0,893.2650510237579,0.9024,806.0823820438391,1.3536,0.0,4.512,0.0,0.0,0.0,806.0823820438391,806.08元,0.0,893.2650510237579
2025-02-02T16:50:00,2025-02-02T17:00:00,2025-02-02,101,962.3820283731366,942.893296140529,0.0,942.893296140529,-19.488732232607617,0.0,942.893296140529,0.9163,863.9731272535666,1.37445,0.0,4.5815,0.0,0.0,0.0,863.9731272535666,863.97元,0.0,942.893296140529
2025-02-02T17:00:00,2025-02-02T17:10:00,2025-02-02,102,988.7587975526044,969.8039693298487,0.0,969.8039693298487,-18.954828222755737,0.0,969.8039693298487,0.9264,898.4263971871718,1.3896,0.0,4.632,0.0,0.0,0.0,898.4263971871718,898.43元,0.0,969.8039693298487
2025-02-02T17:10:00,2025-02-02T17:20:00,2025-02-02,103,1019.0483446546949,1000.6127938622712,0.0,1000.6127938622712,-18.43555079242367,0.0,1000.6127938622712,0.9462,946.779825552481,1.4193,0.0,4.731,0.0,0.0,0.0,946.779825552481,946.78元,0.0,1000.6127938622712
2025-02-02T17:20:00,2025-02-02T17:30:00,2025-02-02,104,1033.3185135722138,1015.3880143333968,0.0,1015.3880143333968,-17.930499238816992,0.0,1015.3880143333968,0.9742,989.1910035635951,1.4613,0.0,4.8709999999999996,0.0,0.0,0.0,989.1910035635951,989.19元,0.0,1015.3880143333968
2025-02-02T17:30:00,2025-02-02T17:40:00,2025-02-02,105,1055.1812811833267,1037.741997346722,0.0,1037.741997346722,-17.439283836604773,0.0,1037.741997346722,0.9862,1023.4211577833372,1.4792999999999998,0.0,4.931,0.0,0.0,0.0,1023.4211577833372,1023.42元,0.0,1037.741997346722
2025-02-02T17:40:00,2025-02-02T17:50:00,2025-02-02,106,1079.233948558094,1062.2724230209094,0.0,1062.2724230209094,-16.96152553718457,0.0,1062.2724230209094,0.976,1036.7778848684075,1.464,0.0,4.88,0.0,0.0,0.0,1036.7778848684075,1036.78元,0.0,1062.2724230209094
2025-02-02T17:50:00,2025-02-02T18:00:00,2025-02-02,107,940.6365265693221,924.1396708931331,0.0,924.1396708931331,-16.496855676188943,0.0,924.1396708931331,1.0742,992.7108344734037,1.6113,0.0,5.371,0.0,0.0,0.0,992.7108344734037,992.71元,0.0,924.1396708931331
2025-02-02T18:00:00,2025-02-02T18:10:00,2025-02-02,108,728.1256406696579,712.0807249806542,0.0,712.0807249806542,-16.044915689003687,0.0,712.0807249806542,1.2313,876.7849966686795,1.84695,0.0,6.1565,0.0,140.93664350435438,86.76764457345578,963.5526412421352,963.55元,0.0,712.0807249806542
2025-02-02T18:10:00,2025-02-02T18:20:00,2025-02-02,109,717.1040791206459,684.081167333474,0.0,684.081167333474,-33.02291178717189,0.0,684.081167333474,1.2561,859.2743542875767,1.88415,0.0,6.2805,0.0,0.0,0.0,859.2743542875767,859.27元,0.0,684.081167333474
2025-02-02T18:20:00,2025-02-02T18:30:00,2025-02-02,110,745.1931706261423,729.9862890951082,0.0,729.9862890951082,-15.206881531034128,0.0,729.9862890951082,1.2447,908.6139340366811,1.8670499999999999,0.0,6.2235,0.0,0.0,0.0,908.6139340366811,908.61元,0.0,729.9862890951082
2025-02-02T18:30:00,2025-02-02T18:40:00,2025-02-02,111,728.0683813700994,696.8300452741512,0.0,696.8300452741512,-31.23833609594817,0.0,696.8300452741512,1.2545,874.1732917964226,1.8817499999999998,0.0,6.2725,0.0,0.0,0.0,874.1732917964226,874.17元,0.0,696.8300452741512
2025-02-02T18:40:00,2025-02-02T18:50:00,2025-02-02,112,743.3419671730123,712.9594216284279,0.0,712.9594216284279,-30.382545544584445,0.0,712.9594216284279,1.2522,892.7677877631174,1.8782999999999999,0.0,6.261,0.0,0.0,0.0,892.7677877631174,892.77元,0.0,712.9594216284279
2025-02-02T18:50:00,2025-02-02T19:00:00,2025-02-02,113,595.5631339416466,581.5988470935947,0.0,581.5988470935947,-13.96428684805187,0.0,581.5988470935947,1.2881,749.1574749412594,1.93215,0.0,6.4405,0.0,0.0,0.0,749.1574749412594,749.16元,0.0,581.5988470935947
2025-02-02T19:00:00,2025-02-02T19:10:00,2025-02-02,114,82.82125696760568,69.2395290594535,0.0,69.2395290594535,-13.581727908152175,0.0,69.2395290594535,1.3466,93.23794983146009,2.0199,0.0,6.7330000000000005,0.0,0.0,0.0,93.23794983146009,93.24元,0.0,69.2395290594535
2025-02-02T19:10:00,2025-02-02T19:20:00,2025-02-02,115,77.8283822493654,64.61873287892047,0.0,64.61873287892047,-13.209649370444936,0.0,64.61873287892047,1.3523,87.38391247216416,2.0284500000000003,0.0,6.7615,0.0,0.0,0.0,87.38391247216416,87.38元,0.0,64.61873287892047
2025-02-02T19:20:00,2025-02-02T19:30:00,2025-02-02,116,71.88025781395197,59.03249369512014,0.0,59.03249369512014,-12.847764118831833,0.0,59.03249369512014,1.3445,79.36918777308902,2.01675,0.0,6.7225,0.0,0.0,0.0,79.36918777308902,79.37元,0.0,59.03249369512014
2025-02-02T19:30:00,2025-02-02T19:40:00,2025-02-02,117,82.06520531607691,69.56941241316622,0.0,69.56941241316622,-12.495792902910694,0.0,69.56941241316622,1.3483,93.80043875667202,2.02245,0.0,6.7415,0.0,0.0,0.0,93.80043875667202,93.80元,0.0,69.56941241316622
2025-02-02T19:40:00,2025-02-02T19:50:00,2025-02-02,118,104.66380163693952,92.51033751444993,0.0,92.51033751444993,-12.153464122489595,0.0,92.51033751444993,1.349,124.79644530699295,2.0235,0.0,6.745,0.0,0.0,0.0,124.79644530699295,124.80元,0.0,92.51033751444993
2025-02-02T19:50:00,2025-02-02T20:00:00,2025-02-02,119,104.22453393510295,92.40402031709664,0.0,92.40402031709664,-11.820513618006316,0.0,92.40402031709664,1.3473,124.4959365732243,2.02095,0.0,6.7364999999999995,0.0,0.0,0.0,124.4959365732243,124.50元,0.0,92.40402031709664
2025-02-02T20:00:00,2025-02-02T20:10:00,2025-02-02,120,79.96462926054676,68.46794479385903,0.0,68.46794479385903,-11.496684466687725,0.0,68.46794479385903,1.3482,92.30848317108075,2.0223,0.0,6.7410000000000005,0.0,0.0,0.0,92.30848317108075,92.31元,0.0,68.46794479385903
2025-02-02T20:10:00,2025-02-02T20:20:00,2025-02-02,121,47.542373731921316,36.36064694762695,0.0,36.36064694762695,-11.18172678429437,0.0,36.36064694762695,1.3513,49.13414222032829,2.02695,0.0,6.7565,0.0,0.0,0.0,49.13414222032829,49.13元,0.0,36.36064694762695
2025-02-02T20:20:00,2025-02-02T20:30:00,2025-02-02,122,80.29269449128515,69.41729695898857,0.0,69.41729695898857,-10.875397532296574,0.0,69.41729695898857,1.34,93.01917792504469,2.0100000000000002,0.0,6.7,0.0,0.0,0.0,93.01917792504469,93.02元,0.0,69.41729695898857
2025-02-02T20:30:00,2025-02-02T20:40:00,2025-02-02,123,81.67264943634098,71.09518910600923,0.0,71.09518910600923,-10.577460330331746,0.0,71.09518910600923,1.3489,95.90030058509585,2.0233499999999998,0.0,6.7445,0.0,0.0,0.0,95.90030058509585,95.90元,0.0,71.09518910600923
2025-02-02T20:40:00,2025-02-02T20:50:00,2025-02-02,124,105.6149722301717,87.60193745975323,0.0,87.60193745975323,-18.01303477041847,0.0,87.60193745975323,1.3952,122.22222314384771,2.0928,0.0,6.976,0.0,0.0,0.0,122.22222314384771,122.22元,0.0,87.60193745975323
2025-02-02T20:50:00,2025-02-02T21:00:00,2025-02-02,125,622.5846439773819,601.4110005705949,0.0,601.4110005705949,-21.17364340678705,0.0,601.4110005705949,1.2226,735.2850892976093,1.8338999999999999,0.0,6.1129999999999995,0.0,0.0,0.0,735.2850892976093,735.29元,0.0,601.4110005705949
2025-02-02T21:00:00,2025-02-02T21:10:00,2025-02-02,126,730.1111068444181,720.3793735465332,0.0,720.3793735465332,-9.731733297884944,0.0,720.3793735465332,0.9332,672.2580313936248,1.3998,0.0,4.666,0.0,0.0,0.0,672.2580313936248,672.26元,0.0,720.3793735465332
2025-02-02T21:10:00,2025-02-02T21:20:00,2025-02-02,127,733.8968146240848,724.4316872484596,0.0,724.4316872484596,-9.465127375625116,0.0,724.4316872484596,0.9068,656.9146539969032,1.3602,0.0,4.534000000000001,0.0,0.0,0.0,656.9146539969032,656.91元,0.0,724.4316872484596
2025-02-02T21:20:00,2025-02-02T21:30:00,2025-02-02,128,729.2896307998141,720.0838055378046,0.0,720.0838055378046,-9.205825262009512,0.0,720.0838055378046,0.9371,674.7905341694767,1.40565,0.0,4.6855,0.0,0.0,0.0,674.7905341694767,674.79元,0.0,720.0838055378046
2025-02-02T21:30:00,2025-02-02T21:40:00,2025-02-02,129,724.8999818874746,715.9463550220934,0.0,715.9463550220934,-8.953626865381239,0.0,715.9463550220934,0.9371,670.9133292912037,1.40565,0.0,4.6855,0.0,0.0,0.0,670.9133292912037,670.91元,0.0,715.9463550220934
2025-02-02T21:40:00,2025-02-02T21:50:00,2025-02-02,130,245.1705916102818,236.46225403458288,0.0,236.46225403458288,-8.70833757569892,0.0,236.46225403458288,0.9871,233.41189095753677,1.48065,0.0,4.9355,0.0,0.0,0.0,233.41189095753677,233.41元,0.0,236.46225403458288
2025-02-02T21:50:00,2025-02-02T22:00:00,2025-02-02,131,569.7058884068146,561.2361202924492,0.0,561.2361202924492,-8.469768114365365,0.0,561.2361202924492,0.7764,435.7437237950575,1.1646,0.0,3.8819999999999997,0.0,0.0,0.0,435.7437237950575,435.74元,0.0,561.2361202924492
2025-02-02T22:00:00,2025-02-02T22:10:00,2025-02-02,132,1395.1527854388128,1377.7206960018966,0.0,1377.7206960018966,-17.432089436916158,0.0,1377.7206960018966,0.4209,579.8826409471983,0.63135,0.0,2.1045,0.0,0.0,0.0,579.8826409471983,579.88元,0.0,1377.7206960018966
2025-02-02T22:10:00,2025-02-02T22:20:00,2025-02-02,133,1379.9364655987629,1362.9819373669256,0.0,1362.9819373669256,-16.95452823183723,0.0,1362.9819373669256,0.3859,525.9747296298966,0.5788500000000001,0.0,1.9295,0.0,0.0,0.0,525.9747296298966,525.97元,0.0,1362.9819373669256
2025-02-02T22:20:00,2025-02-02T22:30:00,2025-02-02,134,565.2123423506063,565.2123423506063,0.0,565.2123423506063,0.0,0.0,565.2123423506063,0.4368,246.88475113874483,0.6552,0.0,2.184,0.0,0.0,0.0,246.88475113874483,246.88元,0.0,565.2123423506063
2025-02-02T22:30:00,2025-02-02T22:40:00,2025-02-02,135,1403.0578664035806,1387.019569881827,0.0,1387.019569881827,-16.038296521753637,0.0,1387.019569881827,0.4198,582.270815436391,0.6297,0.0,2.099,0.0,0.0,0.0,582.270815436391,582.27元,12.089569891827061,1374.92999999
2025-02-02T22:40:00,2025-02-02T22:50:00,2025-02-02,136,1412.2890382191974,1396.6901192168202,0.0,1396.6901192168202,-15.598919002377215,0.0,1396.6901192168202,0.4186,584.654483904161,0.6279,0.0,2.093,0.0,0.0,0.0,584.654483904161,584.65元,16.806119226820208,1379.8839999900001
2025-02-02T22:50:00,2025-02-02T23:00:00,2025-02-02,137,1416.654999850222,1401.6441803914754,0.0,1401.6441803914754,-15.01081945874671,0.0,1401.6441803914754,0.4241,594.4372969040247,0.63615,0.0,2.1205,0.0,0.0,0.0,594.4372969040247,594.44元,24.37014706814204,1377.2740333233335
2025-02-02T23:00:00,2025-02-02T23:10:00,2025-02-02,138,1413.741552452976,1398.985607317968,0.0,1398.985607317968,-14.755945135008005,0.0,1398.985607317968,0.4237,592.7502018206231,0.6355500000000001,0.0,2.1185,0.0,0.0,0.0,592.7502018206231,592.75元,24.11060732796806,1374.87499999
2025-02-02T23:10:00,2025-02-02T23:20:00,2025-02-02,139,580.8993504490198,580.8993504490198,0.0,580.8993504490198,0.0,0.0,580.8993504490198,0.4248,246.76604407074362,0.6372,0.0,2.124,0.0,0.0,0.0,246.76604407074362,246.77元,0.0,580.8993504490198
2025-02-02T23:20:00,2025-02-02T23:30:00,2025-02-02,140,1427.0780123761333,1413.1194863530036,0.0,1413.1194863530036,-13.958526023129707,0.0,1413.1194863530036,0.424,599.1626622136735,0.636,0.0,2.12,0.0,0.0,0.0,599.1626622136735,599.16元,17.35761969633699,1395.7618666566666
2025-02-02T23:30:00,2025-02-02T23:40:00,2025-02-02,141,1436.8757350553542,1423.2996101513131,0.0,1423.2996101513131,-13.57612490404108,0.0,1423.2996101513131,0.422,600.6324354838541,0.633,0.0,2.11,0.0,0.0,0.0,600.6324354838541,600.63元,41.50794349464649,1381.7916666566666
2025-02-02T23:40:00,2025-02-02T23:50:00,2025-02-02,142,1422.181325931358,1408.9771260677971,0.0,1408.9771260677971,-13.204199863560916,0.0,1408.9771260677971,0.424,597.406301452746,0.636,0.0,2.12,0.0,0.0,0.0,597.406301452746,597.41元,38.49587607779721,1370.48124999
2025-02-02T23:50:00,2025-02-03T00:00:00,2025-02-02,143,594.7124972448702,594.7124972448702,0.0,594.7124972448702,0.0,0.0,594.7124972448702,0.4271,254.00170757328405,0.6406499999999999,0.0,2.1355,0.0,0.0,0.0,254.00170757328405,254.00元,0.0,594.7124972448702
2025-02-03T00:00:00,2025-02-03T00:10:00,2025-02-02,144,587.9167249999999,587.9167249999999,0.0,587.9167249999999,0.0,0.0,587.9167249999999,0.4276,251.39319160999995,0.6414,0.0,2.138,0.0,0.0,0.0,251.39319160999995,251.39元,0.0,587.9167249999999
2025-02-03T00:10:00,2025-02-03T00:20:00,2025-02-03,1,1381.0526671538396,1381.0526671538396,0.0,1381.0526671538396,0.0,0.0,1381.0526671538396,0.4248,586.6711730069511,0.6372,0.0,2.124,0.0,0.0,0.0,586.6711730069511,586.67元,0.0,1381.0526671538396
2025-02-03T00:20:00,2025-02-03T00:30:00,2025-02-03,2,1398.6514580548514,1398.6514580548514,0.0,1398.6514580548514,0.0,0.0,1398.6514580548514,0.4245,593.7275439442844,0.6367499999999999,0.0,2.1225,0.0,0.0,0.0,593.7275439442844,593.73元,5.7870580648514,1392.86439999
2025-02-03T00:30:00,2025-02-03T00:40:00,2025-02-03,3,583.2984213263794,583.2984213263794,0.0,583.2984213263794,0.0,0.0,583.2984213263794,0.4269,249.01009606423136,0.64035,0.0,2.1345,0.0,0.0,0.0,249.01009606423136,249.01元,0.0,583.2984213263794
2025-02-03T00:40:00,2025-02-03T00:50:00,2025-02-03,4,570.5770501095,570.5770501095,0.0,570.5770501095,0.0,0.0,570.5770501095,0.4272,243.7505158067784,0.6408,0.0,2.136,0.0,0.0,0.0,243.7505158067784,243.75元,0.0,570.5770501095
2025-02-03T00:50:00,2025-02-03T01:00:00,2025-02-03,5,569.5748633887079,569.5748633887079,0.0,569.5748633887079,0.0,0.0,569.5748633887079,0.4271,243.2654241533171,0.6406499999999999,0.0,2.1355,0.0,0.0,0.0,243.2654241533171,243.27元,0.0,569.5748633887079
2025-02-03T01:00:00,2025-02-03T01:10:00,2025-02-03,6,592.8384883506897,592.8384883506897,0.0,592.8384883506897,0.0,0.0,592.8384883506897,0.4285,254.03129225827053,0.6427499999999999,0.0,2.1425,0.0,0.0,0.0,254.03129225827053,254.03元,0.0,592.8384883506897
2025-02-03T01:10:00,2025-02-03T01:20:00,2025-02-03,7,607.3901599198574,607.3901599198574,0.0,607.3901599198574,0.0,0.0,607.3901599198574,0.4311,261.8458979414505,0.64665,0.0,2.1555,0.0,0.0,0.0,261.8458979414505,261.85元,0.0,607.3901599198574
2025-02-03T01:20:00,2025-02-03T01:30:00,2025-02-03,8,614.8819986171084,614.8819986171084,0.0,614.8819986171084,0.0,0.0,614.8819986171084,0.4302,264.52223580508,0.6453,0.0,2.1510000000000002,0.0,0.0,0.0,264.52223580508,264.52元,0.0,614.8819986171084
2025-02-03T01:30:00,2025-02-03T01:40:00,2025-02-03,9,622.6776759087589,622.6776759087589,0.0,622.6776759087589,0.0,0.0,622.6776759087589,0.4279,266.44377752135796,0.64185,0.0,2.1395,0.0,0.0,0.0,266.44377752135796,266.44元,0.0,622.6776759087589
2025-02-03T01:40:00,2025-02-03T01:50:00,2025-02-03,10,631.1304820459173,631.1304820459173,0.0,631.1304820459173,0.0,0.0,631.1304820459173,0.4312,272.1434638581996,0.6468,0.0,2.156,0.0,0.0,0.0,272.1434638581996,272.14元,0.0,631.1304820459173
2025-02-03T01:50:00,2025-02-03T02:00:00,2025-02-03,11,627.7265438945595,627.7265438945595,0.0,627.7265438945595,0.0,0.0,627.7265438945595,0.4333,271.9939114695127,0.64995,0.0,2.1665,0.0,0.0,0.0,271.9939114695127,271.99元,0.0,627.7265438945595
2025-02-03T02:00:00,2025-02-03T02:10:00,2025-02-03,12,619.6885344232302,619.6885344232302,0.0,619.6885344232302,0.0,0.0,619.6885344232302,0.4311,267.1477271898545,0.64665,0.0,2.1555,0.0,0.0,0.0,267.1477271898545,267.15元,0.0,619.6885344232302
2025-02-03T02:10:00,2025-02-03T02:20:00,2025-02-03,13,626.3768121819473,626.3768121819473,0.0,626.3768121819473,0.0,0.0,626.3768121819473,0.4293,268.90356546971003,0.64395,0.0,2.1465,0.0,0.0,0.0,268.90356546971003,268.90元,0.0,626.3768121819473
2025-02-03T02:20:00,2025-02-03T02:30:00,2025-02-03,14,625.9397624392203,625.9397624392203,0.0,625.9397624392203,0.0,0.0,625.9397624392203,0.4324,270.6563532787189,0.6486000000000001,0.0,2.162,0.0,0.0,0.0,270.6563532787189,270.66元,0.0,625.9397624392203
2025-02-03T02:30:00,2025-02-03T02:40:00,2025-02-03,15,629.0805808107483,629.0805808107483,0.0,629.0805808107483,0.0,0.0,629.0805808107483,0.4367,274.7194896400538,0.6550499999999999,0.0,2.1835,0.0,0.0,0.0,274.7194896400538,274.72元,0.0,629.0805808107483
2025-02-03T02:40:00,2025-02-03T02:50:00,2025-02-03,16,666.5854593800273,666.5854593800273,0.0,666.5854593800273,0.0,0.0,666.5854593800273,0.4348,289.8313577384359,0.6522,0.0,2.174,0.0,0.0,0.0,289.8313577384359,289.83元,0.0,666.5854593800273
2025-02-03T02:50:00,2025-02-03T03:00:00,2025-02-03,17,680.1512719777529,680.1512719777529,0.0,680.1512719777529,0.0,0.0,680.1512719777529,0.4335,294.8455764023559,0.65025,0.0,2.1675,0.0,0.0,0.0,294.8455764023559,294.85元,0.0,680.1512719777529
2025-02-03T03:00:00,2025-02-03T03:10:00,2025-02-03,18,657.3759577869034,657.3759577869034,0.0,657.3759577869034,0.0,0.0,657.3759577869034,0.4357,286.4187048077538,0.65355,0.0,2.1784999999999997,0.0,0.0,0.0,286.4187048077538,286.42元,0.0,657.3759577869034
2025-02-03T03:10:00,2025-02-03T03:20:00,2025-02-03,19,643.4669382737103,643.4669382737103,0.0,643.4669382737103,0.0,0.0,643.4669382737103,0.4374,281.4524388009209,0.6561,0.0,2.1870000000000003,0.0,0.0,0.0,281.4524388009209,281.45元,0.0,643.4669382737103
2025-02-03T03:20:00,2025-02-03T03:30:00,2025-02-03,20,639.6655924447216,639.6655924447216,0.0,639.6655924447216,0.0,0.0,639.6655924447216,0.4371,279.5978304575878,0.65565,0.0,2.1854999999999998,0.0,0.0,0.0,279.5978304575878,279.60元,0.0,639.6655924447216
2025-02-03T03:30:00,2025-02-03T03:40:00,2025-02-03,21,639.6666704301563,639.6666704301563,0.0,639.6666704301563,0.0,0.0,639.6666704301563,0.4356,278.6388016393761,0.6534,0.0,2.178,0.0,0.0,0.0,278.6388016393761,278.64元,0.0,639.6666704301563
2025-02-03T03:40:00,2025-02-03T03:50:00,2025-02-03,22,645.3865245604102,645.3865245604102,0.0,645.3865245604102,0.0,0.0,645.3865245604102,0.4353,280.93675414114654,0.65295,0.0,2.1765,0.0,0.0,0.0,280.93675414114654,280.94元,0.0,645.3865245604102
2025-02-03T03:50:00,2025-02-03T04:00:00,2025-02-03,23,672.9371737692314,672.9371737692314,0.0,672.9371737692314,0.0,0.0,672.9371737692314,0.436,293.4006077633849,0.654,0.0,2.18,0.0,0.0,0.0,293.4006077633849,293.40元,0.0,672.9371737692314
2025-02-03T04:00:00,2025-02-03T04:10:00,2025-02-03,24,698.8538171570847,698.8538171570847,0.0,698.8538171570847,0.0,0.0,698.8538171570847,0.4378,305.95820115137167,0.6567000000000001,0.0,2.189,0.0,0.0,0.0,305.95820115137167,305.96元,0.0,698.8538171570847
2025-02-03T04:10:00,2025-02-03T04:20:00,2025-02-03,25,683.0482733815468,683.0482733815468,0.0,683.0482733815468,0.0,0.0,683.0482733815468,0.4401,300.60954511521874,0.66015,0.0,2.2005,0.0,0.0,0.0,300.60954511521874,300.61元,0.0,683.0482733815468
2025-02-03T04:20:00,2025-02-03T04:30:00,2025-02-03,26,687.3946900415729,687.3946900415729,0.0,687.3946900415729,0.0,0.0,687.3946900415729,0.4389,301.6975294592463,0.65835,0.0,2.1945,0.0,0.0,0.0,301.6975294592463,301.70元,0.0,687.3946900415729
2025-02-03T04:30:00,2025-02-03T04:40:00,2025-02-03,27,711.8593988891342,711.8593988891342,0.0,711.8593988891342,0.0,0.0,711.8593988891342,0.4364,310.6554416752182,0.6546000000000001,0.0,2.182,0.0,0.0,0.0,310.6554416752182,310.66元,0.0,711.8593988891342
2025-02-03T04:40:00,2025-02-03T04:50:00,2025-02-03,28,696.3634568683931,696.3634568683931,0.0,696.3634568683931,0.0,0.0,696.3634568683931,0.4393,305.9124666022851,0.65895,0.0,2.1965000000000003,0.0,0.0,0.0,305.9124666022851,305.91元,0.0,696.3634568683931
2025-02-03T04:50:00,2025-02-03T05:00:00,2025-02-03,29,689.2924245301883,689.2924245301883,0.0,689.2924245301883,0.0,0.0,689.2924245301883,0.4422,304.8051101272493,0.6633,0.0,2.211,0.0,0.0,0.0,304.8051101272493,304.81元,0.0,689.2924245301883
2025-02-03T05:00:00,2025-02-03T05:10:00,2025-02-03,30,702.4753734886577,702.4753734886577,0.0,702.4753734886577,0.0,0.0,702.4753734886577,0.4395,308.7379266482651,0.65925,0.0,2.1975,0.0,0.0,0.0,308.7379266482651,308.74元,0.0,702.4753734886577
2025-02-03T05:10:00,2025-02-03T05:20:00,2025-02-03,31,698.5719254201435,698.5719254201435,0.0,698.5719254201435,0.0,0.0,698.5719254201435,0.4333,302.6912152845482,0.64995,0.0,2.1665,0.0,0.0,0.0,302.6912152845482,302.69元,0.0,698.5719254201435
2025-02-03T05:20:00,2025-02-03T05:30:00,2025-02-03,32,700.1489622473875,700.1489622473875,0.0,700.1489622473875,0.0,0.0,700.1489622473875,0.4439,310.7961243416153,0.66585,0.0,2.2195,0.0,0.0,0.0,310.7961243416153,310.80元,0.0,700.1489622473875
2025-02-03T05:30:00,2025-02-03T05:40:00,2025-02-03,33,700.524955842487,700.524955842487,0.0,700.524955842487,0.0,0.0,700.524955842487,0.4301,301.2957835078536,0.64515,0.0,2.1505,0.0,0.0,0.0,301.2957835078536,301.30元,0.0,700.524955842487
2025-02-03T05:40:00,2025-02-03T05:50:00,2025-02-03,34,1515.687184748755,1515.687184748755,0.0,1515.687184748755,0.0,0.0,1515.687184748755,0.3713,562.7746516972128,0.5569500000000001,0.0,1.8565,0.0,0.0,0.0,562.7746516972128,562.77元,317.3671176559177,1198.3200670928372
2025-02-03T05:50:00,2025-02-03T06:00:00,2025-02-03,35,757.3849608978056,757.3849608978056,0.0,757.3849608978056,0.0,0.0,757.3849608978056,0.5708,432.31533568046746,0.8562,0.0,2.854,0.0,0.0,0.0,432.31533568046746,432.32元,7.458694223038655,749.926266674767
2025-02-03T06:00:00,2025-02-03T06:10:00,2025-02-03,36,884.4776639410452,529.462167690738,0.0,529.462167690738,-355.01549625030714,0.0,529.462167690738,0.9099,481.7576263818026,1.3648500000000001,0.0,4.5495,0.0,1453.732213934743,661.3754707296114,1143.133097111414,1143.13元,0.0,529.462167690738
2025-02-03T06:10:00,2025-02-03T06:20:00,2025-02-03,37,235.02783402902878,209.67035211379664,0.0,209.67035211379664,-25.357481915232142,0.0,209.67035211379664,0.9368,196.4191858602047,1.4052,0.0,4.684,0.0,0.0,0.0,196.4191858602047,196.42元,0.0,209.67035211379664
2025-02-03T06:20:00,2025-02-03T06:30:00,2025-02-03,38,911.3116897649917,886.6296385077572,0.0,886.6296385077572,-24.682051257234434,0.0,886.6296385077572,0.8758,776.5102374050938,1.3137,0.0,4.3790000000000004,0.0,0.0,0.0,776.5102374050938,776.51元,0.0,886.6296385077572
2025-02-03T06:30:00,2025-02-03T06:40:00,2025-02-03,39,929.3387779398442,905.3516278144983,0.0,905.3516278144983,-23.98715012534592,0.0,905.3516278144983,0.8759,792.9974908027191,1.31385,0.0,4.3795,0.0,0.0,0.0,792.9974908027191,793.00元,0.0,905.3516278144983
2025-02-03T06:40:00,2025-02-03T06:50:00,2025-02-03,40,902.003456298681,878.6734466935077,0.0,878.6734466935077,-23.33000960517336,0.0,878.6734466935077,0.8601,755.747031501086,1.29015,0.0,4.3004999999999995,0.0,0.0,0.0,755.747031501086,755.75元,0.0,878.6734466935077
2025-02-03T06:50:00,2025-02-03T07:00:00,2025-02-03,41,877.4772505907822,854.4114384423469,0.0,854.4114384423469,-23.06581214843527,0.0,854.4114384423469,0.8442,721.2941363330292,1.2663,0.0,4.221,0.0,0.0,0.0,721.2941363330292,721.29元,0.0,854.4114384423469
2025-02-03T07:00:00,2025-02-03T07:10:00,2025-02-03,42,861.8049437493823,837.316326600312,0.0,837.316326600312,-24.488617149070365,0.0,837.316326600312,0.8334,697.8194265887,1.2501,0.0,4.167,0.0,0.0,0.0,697.8194265887,697.82元,0.0,837.316326600312
2025-02-03T07:10:00,2025-02-03T07:20:00,2025-02-03,43,816.0128762932155,816.0128762932155,0.0,816.0128762932155,0.0,0.0,816.0128762932155,0.8092,660.31761949647,1.2138,0.0,4.046,0.0,0.0,0.0,660.31761949647,660.32元,0.0,816.0128762932155
2025-02-03T07:20:00,2025-02-03T07:30:00,2025-02-03,44,766.0872396907225,766.0872396907225,0.0,766.0872396907225,0.0,0.0,766.0872396907225,0.7972,610.7247474814441,1.1958,0.0,3.986,0.0,0.0,0.0,610.7247474814441,610.72元,0.0,766.0872396907225
2025-02-03T07:30:00,2025-02-03T07:40:00,2025-02-03,45,696.1042587963988,696.1042587963988,0.0,696.1042587963988,0.0,0.0,696.1042587963988,0.7644,532.1020954239672,1.1465999999999998,0.0,3.822,0.0,0.0,0.0,532.1020954239672,532.10元,0.0,696.1042587963988
2025-02-03T07:40:00,2025-02-03T07:50:00,2025-02-03,46,1428.8541854925975,1398.2488376956449,0.0,1398.2488376956449,-30.60534779695263,0.0,1398.2488376956449,0.6899,964.6518731262253,1.03485,0.0,3.4494999999999996,0.0,0.0,0.0,964.6518731262253,964.65元,0.0,1398.2488376956449
2025-02-03T07:50:00,2025-02-03T08:00:00,2025-02-03,47,675.3858086513223,643.1478744352646,0.0,643.1478744352646,-32.23793421605774,0.0,643.1478744352646,0.86,553.1071720143276,1.29,0.0,4.3,0.0,0.0,0.0,553.1071720143276,553.11元,0.0,643.1478744352646
2025-02-03T08:00:00,2025-02-03T08:10:00,2025-02-03,48,294.4474876258121,267.365180824709,0.0,267.365180824709,-27.082306801103073,0.0,267.365180824709,1.1617,310.59813056406443,1.74255,0.0,5.8084999999999996,0.0,0.0,0.0,310.59813056406443,310.60元,0.0,267.365180824709
2025-02-03T08:10:00,2025-02-03T08:20:00,2025-02-03,49,228.88314456821013,201.07804237102812,0.0,201.07804237102812,-27.80510219718201,0.0,201.07804237102812,1.1683,234.91947690207212,1.7524499999999998,0.0,5.8415,0.0,0.0,0.0,234.91947690207212,234.92元,0.0,201.07804237102812
2025-02-03T08:20:00,2025-02-03T08:30:00,2025-02-03,50,136.66180321512684,108.12596736588034,0.0,108.12596736588034,-28.535835849246496,0.0,108.12596736588034,1.0956,118.46280984605849,1.6433999999999997,0.0,5.478,0.0,0.0,0.0,118.46280984605849,118.46元,0.0,108.12596736588034
2025-02-03T08:30:00,2025-02-03T08:40:00,2025-02-03,51,145.619247587284,116.29943796459747,0.0,116.29943796459747,-29.319809622686535,0.0,116.29943796459747,1.0849,126.1732602477918,1.6273499999999999,0.0,5.4245,0.0,0.0,0.0,126.1732602477918,126.17元,0.0,116.29943796459747
2025-02-03T08:40:00,2025-02-03T08:50:00,2025-02-03,52,100.02837080608901,69.8173092577382,0.0,69.8173092577382,-30.211061548350813,0.0,69.8173092577382,1.061,74.07616512246022,1.5915,0.0,5.305,0.0,0.0,0.0,74.07616512246022,74.08元,0.0,69.8173092577382
2025-02-03T08:50:00,2025-02-03T09:00:00,2025-02-03,53,0.0,0.0,0.0,0.0,0.0,0.0,0.0,1.043,0.0,1.5644999999999998,0.0,5.215,0.0,0.0,0.0,0.0,0.00元,0.0,0.0
2025-02-03T09:00:00,2025-02-03T09:10:00,2025-02-03,54,0.0,0.0,0.0,0.0,0.0,0.0,0.0,1.036,0.0,1.554,0.0,5.18,0.0,0.0,0.0,0.0,0.00元,0.0,0.0
2025-02-03T09:10:00,2025-02-03T09:20:00,2025-02-03,55,0.0,0.0,0.0,0.0,0.0,0.0,0.0,1.0147,0.0,1.52205,0.0,5.073499999999999,0.0,0.0,0.0,0.0,0.00元,0.0,0.0
2025-02-03T09:20:00,2025-02-03T09:30:00,2025-02-03,56,0.0,0.0,0.0,0.0,0.0,0.0,0.0,0.9922,0.0,1.4883,0.0,4.961,0.0,0.0,0.0,0.0,0.00元,0.0,0.0
2025-02-03T09:30:00,2025-02-03T09:40:00,2025-02-03,57,0.0,0.0,0.0,0.0,0.0,0.0,0.0,0.97,0.0,1.455,0.0,4.85,0.0,0.0,0.0,0.0,0.00元,0.0,0.0
2025-02-03T09:40:00,2025-02-03T09:50:00,2025-02-03,58,64.4391803479578,0.0,0.0,0.0,-64.4391803479578,0.0,0.0,0.9422,0.0,1.4133,0.0,4.711,0.0,0.0,0.0,0.0,0.00元,0.0,0.0
2025-02-03T09:50:00,2025-02-03T10:00:00,2025-02-03,59,0.0,0.0,0.0,0.0,0.0,0.0,0.0,0.9569,0.0,1.43535,0.0,4.7844999999999995,0.0,0.0,0.0,0.0,0.00元,0.0,0.0
2025-02-03T10:00:00,2025-02-03T10:10:00,2025-02-03,60,0.0,0.0,0.0,0.0,0.0,0.0,0.0,0.9977,0.0,1.49655,0.0,4.9885,0.0,0.0,0.0,0.0,0.00元,0.0,0.0
2025-02-03T10:10:00,2025-02-03T10:20:00,2025-02-03,61,0.0,0.0,0.0,0.0,0.0,0.0,0.0,0.9919,0.0,1.48785,0.0,4.9595,0.0,0.0,0.0,0.0,0.00元,0.0,0.0
2025-02-03T10:20:00,2025-02-03T10:30:00,2025-02-03,62,0.0,0.0,0.0,0.0,0.0,0.0,0.0,0.9588,0.0,1.4382,0.0,4.794,0.0,0.0,0.0,0.0,0.00元,0.0,0.0
2025-02-03T10:30:00,2025-02-03T10:40:00,2025-02-03,63,0.0,0.0,0.0,0.0,0.0,0.0,0.0,0.9549,0.0,1.43235,0.0,4.7745,0.0,0.0,0.0,0.0,0.00元,0.0,0.0
2025-02-03T10:40:00,2025-02-03T10:50:00,2025-02-03,64,0.0,0.0,0.0,0.0,0.0,0.0,0.0,0.9839,0.0,1.4758499999999999,0.0,4.9195,0.0,0.0,0.0,0.0,0.00元,0.0,0.0
2025-02-03T10:50:00,2025-02-03T11:00:00,2025-02-03,65,146.32932407197666,146.32932407197666,0.0,146.32932407197666,0.0,0.0,146.32932407197666,0.799,116.91712993350936,1.1985000000000001,0.0,3.995,0.0,0.0,0.0,116.91712993350936,116.92元,0.0,146.32932407197666
2025-02-03T11:00:00,2025-02-03T11:10:00,2025-02-03,66,943.6236358662804,921.2140691624735,0.0,921.2140691624735,-22.409566703806945,0.0,921.2140691624735,0.5025,462.91006975414285,0.7537499999999999,0.0,2.5124999999999997,0.0,0.0,0.0,462.91006975414285,462.91元,0.0,921.2140691624735
2025-02-03T11:10:00,2025-02-03T11:20:00,2025-02-03,67,952.090712566334,929.8931276820164,0.0,929.8931276820164,-22.19758488431762,0.0,929.8931276820164,0.4662,433.516176125356,0.6993,0.0,2.331,0.0,0.0,0.0,433.516176125356,433.52元,0.0,929.8931276820164
2025-02-03T11:20:00,2025-02-03T11:30:00,2025-02-03,68,961.9186743056017,939.9377578826412,0.0,939.9377578826412,-21.98091642296049,0.0,939.9377578826412,0.5007,470.62683537183847,0.75105,0.0,2.5035000000000003,0.0,0.0,0.0,470.62683537183847,470.63元,0.0,939.9377578826412
2025-02-03T11:30:00,2025-02-03T11:40:00,2025-02-03,69,940.5511298024254,918.700347792444,0.0,918.700347792444,-21.850782009981458,0.0,918.700347792444,0.4827,443.4566578794127,0.7240500000000001,0.0,2.4135,0.0,0.0,0.0,443.4566578794127,443.46元,0.0,918.700347792444
2025-02-03T11:40:00,2025-02-03T11:50:00,2025-02-03,70,893.2950405048558,871.5648384153786,0.0,871.5648384153786,-21.73020208947719,0.0,871.5648384153786,0.4785,417.04377518175863,0.71775,0.0,2.3925,0.0,0.0,0.0,417.04377518175863,417.04元,0.0,871.5648384153786
2025-02-03T11:50:00,2025-02-03T12:00:00,2025-02-03,71,848.8470772972784,827.3147271107533,0.0,827.3147271107533,-21.532350186525036,0.0,827.3147271107533,0.4662,385.6941257790332,0.6993,0.0,2.331,0.0,0.0,0.0,385.6941257790332,385.69元,0.0,827.3147271107533
2025-02-03T12:00:00,2025-02-03T12:10:00,2025-02-03,72,848.8756189482448,824.1353532199261,0.0,824.1353532199261,-24.740265728318718,0.0,824.1353532199261,0.4432,365.2567885470712,0.6648,0.0,2.2159999999999997,0.0,97.83040270247386,21.67921723886821,386.9360057859394,386.94元,0.0,824.1353532199261
2025-02-03T12:10:00,2025-02-03T12:20:00,2025-02-03,73,854.317005312571,829.9834616533564,0.0,829.9834616533564,-24.333543659214683,0.0,829.9834616533564,0.4411,366.1057049352955,0.66165,0.0,2.2055,0.0,0.0,0.0,366.1057049352955,366.11元,0.0,829.9834616533564
2025-02-03T12:20:00,2025-02-03T12:30:00,2025-02-03,74,593.2291538686358,588.689736655865,239.36574206245814,828.0554787183231,234.82632484968735,0.0,828.0554787183231,0.4551,267.91269915208414,0.68265,163.40302381893704,2.2755,0.0,0.0,0.0,431.3157229710212,431.32元,0.0,828.0554787183231
2025-02-03T12:30:00,2025-02-03T12:40:00,2025-02-03,75,840.9883263414946,817.2743870833582,0.0,817.2743870833582,-23.713939258136406,0.0,817.2743870833582,0.4463,364.74955895530275,0.66945,0.0,2.2315,0.0,0.0,0.0,364.74955895530275,364.75元,0.0,817.2743870833582
2025-02-03T12:40:00,2025-02-03T12:50:00,2025-02-03,76,854.4689371476636,831.0567340095523,0.0,831.0567340095523,-23.412203138111295,0.0,831.0567340095523,0.4113,341.81363469812885,0.61695,0.0,2.0564999999999998,0.0,0.0,0.0,341.81363469812885,341.81元,0.0,831.0567340095523
2025-02-03T12:50:00,2025-02-03T13:00:00,2025-02-03,77,67.35646832697593,63.44185087751055,110.71260258329485,174.1544534608054,106.79798513382947,0.0,174.1544534608054,0.5682,36.0476596686015,0.8523000000000001,94.36035118174222,2.841,0.0,0.0,0.0,130.40801085034371,130.41元,0.0,174.1544534608054
2025-02-03T13:00:00,2025-02-03T13:10:00,2025-02-03,78,124.1396139051343,92.7114446834222,0.0,92.7114446834222,-31.428169221712096,0.0,92.7114446834222,0.8279,76.75580505340524,1.24185,0.0,4.1395,0.0,0.0,0.0,76.75580505340524,76.76元,0.0,92.7114446834222
2025-02-03T13:10:00,2025-02-03T13:20:00,2025-02-03,79,123.61392203603339,0.0,0.0,0.0,-123.61392203603339,0.0,0.0,0.8636,0.0,1.2954,0.0,4.3180000000000005,0.0,0.0,0.0,0.0,0.00元,0.0,0.0
2025-02-03T13:20:00,2025-02-03T13:30:00,2025-02-03,80,117.34047871854511,86.70130345192047,0.0,86.70130345192047,-30.639175266624648,0.0,86.70130345192047,0.8416,72.96781698513627,1.2624,0.0,4.208,0.0,0.0,0.0,72.96781698513627,72.97元,0.0,86.70130345192047
2025-02-03T13:30:00,2025-02-03T13:40:00,2025-02-03,81,133.3526440244692,103.43419009678803,0.0,103.43419009678803,-29.918453927681185,0.0,103.43419009678803,0.8618,89.13958502541192,1.2927,0.0,4.309,0.0,0.0,0.0,89.13958502541192,89.14元,0.0,103.43419009678803
2025-02-03T13:40:00,2025-02-03T13:50:00,2025-02-03,82,164.59337800285027,7.52769032038519,0.0,7.52769032038519,-157.06568768246507,0.0,7.52769032038519,0.8623,6.491127363268149,1.29345,0.0,4.3115,0.0,0.0,0.0,6.491127363268149,6.49元,0.0,7.52769032038519
2025-02-03T13:50:00,2025-02-03T14:00:00,2025-02-03,83,0.28972957214681344,0.0,0.0,0.0,-0.28972957214681344,0.0,0.0,0.9026,0.0,1.3538999999999999,0.0,4.513,0.0,0.0,0.0,0.0,0.00元,0.0,0.0
2025-02-03T14:00:00,2025-02-03T14:10:00,2025-02-03,84,0.0,0.0,0.0,0.0,0.0,0.0,0.0,0.9754,0.0,1.4631,0.0,4.877000000000001,0.0,0.0,0.0,0.0,0.00元,0.0,0.0
2025-02-03T14:10:00,2025-02-03T14:20:00,2025-02-03,85,0.0,0.0,0.0,0.0,0.0,0.0,0.0,1.0002,0.0,1.5003,0.0,5.0009999999999994,0.0,0.0,0.0,0.0,0.00元,0.0,0.0
2025-02-03T14:20:00,2025-02-03T14:30:00,2025-02-03,86,0.0,0.0,0.0,0.0,0.0,0.0,0.0,0.9978,0.0,1.4967000000000001,0.0,4.989,0.0,0.0,0.0,0.0,0.00元,0.0,0.0
2025-02-03T14:30:00,2025-02-03T14:40:00,2025-02-03,87,0.0,0.0,0.0,0.0,0.0,0.0,0.0,1.0271,0.0,1.5406499999999999,0.0,5.1354999999999995,0.0,0.0,0.0,0.0,0.00元,0.0,0.0
2025-02-03T14:40:00,2025-02-03T14:50:00,2025-02-03,88,0.0,0.0,0.0,0.0,0.0,0.0,0.0,1.0906,0.0,1.6359,0.0,5.453,0.0,0.0,0.0,0.0,0.00元,0.0,0.0
2025-02-03T14:50:00,2025-02-03T15:00:00,2025-02-03,89,0.0,0.0,0.0,0.0,0.0,0.0,0.0,0.9376,0.0,1.4064,0.0,4.688,0.0,0.0,0.0,0.0,0.00元,0.0,0.0
2025-02-03T15:00:00,2025-02-03T15:10:00,2025-02-03,90,1292.3238977228614,1276.6363309993624,0.0,1276.6363309993624,-15.687566723499003,0.0,1276.6363309993624,0.6694,854.5803599709732,1.0041,0.0,3.347,0.0,0.0,0.0,854.5803599709732,854.58元,0.0,1276.6363309993624
2025-02-03T15:10:00,2025-02-03T15:20:00,2025-02-03,91,1296.89236209595,1282.0665585314996,0.0,1282.0665585314996,-14.825803564450325,0.0,1282.0665585314996,0.66,846.1639286307898,0.99,0.0,3.3000000000000003,0.0,0.0,0.0,846.1639286307898,846.16元,0.0,1282.0665585314996
2025-02-03T15:20:00,2025-02-03T15:30:00,2025-02-03,92,1326.4998545743351,1312.5313700538322,0.0,1312.5313700538322,-13.968484520502898,0.0,1312.5313700538322,0.7217,947.2538897678508,1.08255,0.0,3.6085000000000003,0.0,0.0,0.0,947.2538897678508,947.25元,0.0,1312.5313700538322
2025-02-03T15:30:00,2025-02-03T15:40:00,2025-02-03,93,672.7467799512148,672.7467799512148,0.0,672.7467799512148,0.0,0.0,672.7467799512148,0.7308,491.64334678834774,1.0962,0.0,3.654,0.0,0.0,0.0,491.64334678834774,491.64元,0.0,672.7467799512148
2025-02-03T15:40:00,2025-02-03T15:50:00,2025-02-03,94,634.2718728470174,634.2718728470174,0.0,634.2718728470174,0.0,0.0,634.2718728470174,0.7534,477.8604290029429,1.1300999999999999,0.0,3.767,0.0,0.0,0.0,477.8604290029429,477.86元,0.0,634.2718728470174
2025-02-03T15:50:00,2025-02-03T16:00:00,2025-02-03,95,686.78243265364,686.78243265364,0.0,686.78243265364,0.0,0.0,686.78243265364,0.7823,537.2698970649425,1.1734499999999999,0.0,3.9115,0.0,0.0,0.0,537.2698970649425,537.27元,0.0,686.78243265364
2025-02-03T16:00:00,2025-02-03T16:10:00,2025-02-03,96,723.1975018305229,718.2731879949727,0.5838613469657048,718.8570493419384,-4.34045248858456,0.0,718.8570493419384,0.8055,578.5690529299504,1.20825,0.7054504724713128,4.0275,0.0,0.0,0.0,579.2745034024218,579.27元,0.0,718.8570493419384
2025-02-03T16:10:00,2025-02-03T16:20:00,2025-02-03,97,764.6623268788818,759.8729171956999,0.5678661600738906,760.4407833557738,-4.221543523108039,0.0,760.4407833557738,0.8271,628.4908898125633,1.24065,0.7045231514956722,4.1354999999999995,0.0,0.0,0.0,629.195412964059,629.20元,0.0,760.4407833557738
2025-02-03T16:20:00,2025-02-03T16:30:00,2025-02-03,98,800.5569174922005,795.8987161915934,0.5523091696907159,796.4510253612841,-4.105892130916345,0.0,796.4510253612841,0.8519,678.0261163236185,1.27785,0.7057682724892813,4.2595,0.0,0.0,0.0,678.7318845961076,678.73元,0.0,796.4510253612841
2025-02-03T16:30:00,2025-02-03T16:40:00,2025-02-03,99,834.6122703666709,830.0816829263912,0.5371783711934768,830.6188612975847,-3.993409069086283,0.0,830.6188612975847,0.8791,729.7248074605905,1.3186499999999999,0.7083502591742782,4.3955,0.0,0.0,0.0,730.4331577197647,730.43元,0.0,830.6188612975847
2025-02-03T16:40:00,2025-02-03T16:50:00,2025-02-03,100,878.4227548999568,874.0162852715736,0.522462088832981,874.5387473604065,-3.8840075395502254,0.0,874.5387473604065,0.9024,788.712295829068,1.3536,0.707204683444323,4.512,0.0,0.0,0.0,789.4195005125123,789.42元,0.0,874.5387473604065
2025-02-03T16:50:00,2025-02-03T17:00:00,2025-02-03,101,927.6399596468581,923.3542075580154,0.5081489667225014,923.862356524738,-3.7776031221201265,0.0,923.862356524738,0.9163,846.0694603854096,1.37445,0.6984253473117421,4.5815,0.0,0.0,0.0,846.7678857327213,846.77元,0.0,923.862356524738
2025-02-03T17:00:00,2025-02-03T17:10:00,2025-02-03,102,971.0603022266185,966.8919605571994,0.4942279600763868,967.3861885172757,-3.674113709342805,0.0,967.3861885172757,0.9264,895.7287122601895,1.3896,0.6867791733221471,4.632,0.0,0.0,0.0,896.4154914335116,896.42元,0.0,967.3861885172757
2025-02-03T17:10:00,2025-02-03T17:20:00,2025-02-03,103,998.4000386342661,994.3458908644384,0.4806883266862769,994.8265791911247,-3.5734594431414735,0.0,994.8265791911247,0.9462,940.8500819359316,1.4193,0.6822409420658329,4.731,0.0,0.0,0.0,941.5323228779974,941.53元,0.0,994.8265791911247
2025-02-03T17:20:00,2025-02-03T17:30:00,2025-02-03,104,1011.0176120750682,1007.0745298032425,0.4675196186327639,1007.5420494218753,-3.475562653192924,0.0,1007.5420494218753,0.9742,981.0920069343188,1.4613,0.6831864187080579,4.8709999999999996,0.0,0.0,0.0,981.7751933530269,981.78元,0.0,1007.5420494218753
2025-02-03T17:30:00,2025-02-03T17:40:00,2025-02-03,105,1042.2417329887744,1038.406673517557,0.0,1038.406673517557,-3.8350594712173915,0.0,1038.406673517557,0.9862,1024.0766614230147,1.4792999999999998,0.0,4.931,0.0,0.0,0.0,1024.0766614230147,1024.08元,0.0,1038.406673517557
2025-02-03T17:40:00,2025-02-03T17:50:00,2025-02-03,106,1074.60618300177,1070.8761869900582,0.3690623776940356,1071.2452493677522,-3.3609336340177833,0.0,1071.2452493677522,0.976,1045.1751585022967,1.464,0.5403073209440681,4.88,0.0,0.0,0.0,1045.715465823241,1045.72元,0.0,1071.2452493677522
2025-02-03T17:50:00,2025-02-03T18:00:00,2025-02-03,107,945.634098997629,942.0062881770133,0.0,942.0062881770133,-3.627810820615764,0.0,942.0062881770133,1.0742,1011.9031547597477,1.6113,0.0,5.371,0.0,0.0,0.0,1011.9031547597477,1011.90元,0.0,942.0062881770133
2025-02-03T18:00:00,2025-02-03T18:10:00,2025-02-03,108,737.1146502822792,733.5862252360165,0.0,733.5862252360165,-3.5284250462626687,0.0,733.5862252360165,1.2313,903.2647191331072,1.84695,0.0,6.1565,0.0,2.613122839308744,1.6087690760204283,904.8734882091276,904.87元,0.0,733.5862252360165
2025-02-03T18:10:00,2025-02-03T18:20:00,2025-02-03,109,712.1595005104573,708.7277385132905,0.0,708.7277385132905,-3.4317619971667455,0.0,708.7277385132905,1.2561,890.2329123465443,1.88415,0.0,6.2805,0.0,0.0,0.0,890.2329123465443,890.23元,0.0,708.7277385132905
2025-02-03T18:20:00,2025-02-03T18:30:00,2025-02-03,110,727.651548659193,724.3138015763524,0.0,724.3138015763524,-3.3377470828406786,0.0,724.3138015763524,1.2447,901.5533888220857,1.8670499999999999,0.0,6.2235,0.0,0.0,0.0,901.5533888220857,901.55元,0.0,724.3138015763524
2025-02-03T18:30:00,2025-02-03T18:40:00,2025-02-03,111,706.0987423816642,702.8524346254114,0.0,702.8524346254114,-3.246307756252804,0.0,702.8524346254114,1.2545,881.7283792375786,1.8817499999999998,0.0,6.2725,0.0,0.0,0.0,881.7283792375786,881.73元,0.0,702.8524346254114
2025-02-03T18:40:00,2025-02-03T18:50:00,2025-02-03,112,714.1189265985863,710.9615531407574,0.0,710.9615531407574,-3.157373457828953,0.0,710.9615531407574,1.2522,890.2660568428563,1.8782999999999999,0.0,6.261,0.0,0.0,0.0,890.2660568428563,890.27元,0.0,710.9615531407574
2025-02-03T18:50:00,2025-02-03T19:00:00,2025-02-03,113,439.40414150428694,438.3347699768136,273.13237382151965,711.4671437983333,272.0630022940463,0.0,711.4671437983333,1.2881,564.6190172071337,1.93215,527.7327160792493,6.4405,0.0,0.0,0.0,1092.3517332863828,1092.35元,0.0,711.4671437983333
2025-02-03T19:00:00,2025-02-03T19:10:00,2025-02-03,114,38.88220824752602,35.895460928217744,0.3541298079557009,36.249590736173445,-2.632617511352578,0.0,36.249590736173445,1.3466,48.33682768593801,2.0199,0.7153067990897203,6.7330000000000005,0.0,0.0,0.0,49.052134485027736,49.05元,0.0,36.249590736173445
2025-02-03T19:10:00,2025-02-03T19:20:00,2025-02-03,115,50.108350364077296,47.20342654930289,0.344428236698036,47.547854786000926,-2.5604955780763703,0.0,47.547854786000926,1.3523,63.8331937226223,2.0284500000000003,0.6986554567301312,6.7615,0.0,0.0,0.0,64.53184917935243,64.53元,0.0,47.547854786000926
2025-02-03T19:20:00,2025-02-03T19:30:00,2025-02-03,116,90.27832249942185,87.45298059149025,0.3349924450578783,87.78797303654812,-2.4903494628737235,0.0,87.78797303654812,1.3445,117.58053240525864,2.01675,0.675596013570476,6.7225,0.0,0.0,0.0,118.2561284188291,118.26元,0.0,87.78797303654812
2025-02-03T19:30:00,2025-02-03T19:40:00,2025-02-03,117,77.55938539910164,74.81144521006297,0.3258151518634804,75.13726036192645,-2.422125037175192,0.0,75.13726036192645,1.3483,100.8682715767279,2.02245,0.658944853886296,6.7415,0.0,0.0,0.0,101.5272164306142,101.53元,0.0,75.13726036192645
2025-02-03T19:40:00,2025-02-03T19:50:00,2025-02-03,118,56.21369944689138,53.54104051618447,0.31688927541472367,53.85792979159919,-2.3557696552921925,0.0,53.85792979159919,1.349,72.22686365633284,2.0235,0.6412254488016933,6.745,0.0,0.0,0.0,72.86808910513454,72.87元,0.0,53.85792979159919
2025-02-03T19:50:00,2025-02-03T20:00:00,2025-02-03,119,41.9568585596553,38.13730337319453,16.213032868181585,54.35033624137611,12.39347768172081,0.0,54.35033624137611,1.3473,51.38238883470498,2.02095,32.765728774951576,6.7364999999999995,0.0,0.0,0.0,84.14811760965655,84.15元,0.0,54.35033624137611
2025-02-03T20:00:00,2025-02-03T20:10:00,2025-02-03,120,24.406282160429214,21.09666624887973,9.959724889440054,31.056391138319782,6.650108977890568,0.0,31.056391138319782,1.3482,28.44252543673965,2.0223,20.14155164391462,6.7410000000000005,0.0,0.0,0.0,48.584077080654275,48.58元,0.0,31.056391138319782
2025-02-03T20:10:00,2025-02-03T20:20:00,2025-02-03,121,61.43768945436773,58.978724532961564,0.29155220790119074,59.270276740862755,-2.167412713504973,0.0,59.270276740862755,1.3513,79.69795046139096,2.02695,0.5909617478053185,6.7565,0.0,0.0,0.0,80.28891220919628,80.29元,0.0,59.270276740862755
2025-02-03T20:20:00,2025-02-03T20:30:00,2025-02-03,122,69.47621212790966,67.08461183627799,58.01104073440308,125.09565257068107,55.619440442771406,0.0,125.09565257068107,1.34,89.89337986061251,2.0100000000000002,116.6021918761502,6.7,0.0,0.0,0.0,206.4955717367627,206.50元,0.0,125.09565257068107
2025-02-03T20:30:00,2025-02-03T20:40:00,2025-02-03,123,49.93477621590171,47.60869506478798,0.27579657174487693,47.88449163653286,-2.0502845793688493,0.0,47.88449163653286,1.3489,64.21936877289251,2.0233499999999998,0.5580329934399967,6.7445,0.0,0.0,0.0,64.7774017663325,64.78元,0.0,47.88449163653286
2025-02-03T20:40:00,2025-02-03T20:50:00,2025-02-03,124,78.50994113430818,76.24758419259899,0.26824098045233313,76.51582517305133,-1.9941159612568526,0.0,76.51582517305133,1.3952,106.38062946551412,2.0928,0.5613747238906428,6.976,0.0,0.0,0.0,106.94200418940476,106.94元,0.0,76.51582517305133
2025-02-03T20:50:00,2025-02-03T21:00:00,2025-02-03,125,643.6254819163447,641.2052582336161,0.0,641.2052582336161,-2.420223682728647,0.0,641.2052582336161,1.2226,783.937548716419,1.8338999999999999,0.0,6.1129999999999995,0.0,0.0,0.0,783.937548716419,783.94元,0.0,641.2052582336161
2025-02-03T21:00:00,2025-02-03T21:10:00,2025-02-03,126,726.4378406148932,724.2977426438365,0.0,724.2977426438365,-2.1400979710566617,0.0,724.2977426438365,0.9332,675.9146534352283,1.3998,0.0,4.666,0.0,0.0,0.0,675.9146534352283,675.91元,0.0,724.2977426438365
2025-02-03T21:10:00,2025-02-03T21:20:00,2025-02-03,127,744.1189804823314,742.0375116142139,0.0,742.0375116142139,-2.0814688681174403,0.0,742.0375116142139,0.9068,672.8796155317692,1.3602,0.0,4.534000000000001,0.0,0.0,0.0,672.8796155317692,672.88元,0.0,742.0375116142139
2025-02-03T21:20:00,2025-02-03T21:30:00,2025-02-03,128,748.5357309833288,746.5112850432195,0.0,746.5112850432195,-2.024445940109331,0.0,746.5112850432195,0.9371,699.555725214001,1.40565,0.0,4.6855,0.0,0.0,0.0,699.555725214001,699.56元,0.0,746.5112850432195
2025-02-03T21:30:00,2025-02-03T21:40:00,2025-02-03,129,751.8046861406284,749.8357009555981,0.0,749.8357009555981,-1.9689851850303057,0.0,749.8357009555981,0.9371,702.671035365491,1.40565,0.0,4.6855,0.0,0.0,0.0,702.671035365491,702.67元,0.0,749.8357009555981
2025-02-03T21:40:00,2025-02-03T21:50:00,2025-02-03,130,450.066715102709,448.15167129637274,0.0,448.15167129637274,-1.9150438063362571,0.0,448.15167129637274,0.9871,442.3705147366495,1.48065,0.0,4.9355,0.0,0.0,0.0,442.3705147366495,442.37元,0.0,448.15167129637274
2025-02-03T21:50:00,2025-02-03T22:00:00,2025-02-03,131,616.4173363222277,614.7755967729036,0.0,614.7755967729036,-1.641739549324143,0.0,614.7755967729036,0.7764,477.3117733344823,1.1646,0.0,3.8819999999999997,0.0,0.0,0.0,477.3117733344823,477.31元,0.0,614.7755967729036
2025-02-03T22:00:00,2025-02-03T22:10:00,2025-02-03,132,1403.7442367341387,1401.7516861426263,0.0,1401.7516861426263,-1.9925505915123267,0.0,1401.7516861426263,0.4209,589.9972846974314,0.63135,0.0,2.1045,0.0,0.0,0.0,589.9972846974314,590.00元,19.523352819292988,1382.2283333233333
2025-02-03T22:10:00,2025-02-03T22:20:00,2025-02-03,133,1400.5797356557198,1398.641772029534,0.0,1398.641772029534,-1.9379636261858195,0.0,1398.641772029534,0.3859,539.7358598261972,0.5788500000000001,0.0,1.9295,0.0,0.0,0.0,539.7358598261972,539.74元,47.78887203953399,1350.85289999
2025-02-03T22:20:00,2025-02-03T22:30:00,2025-02-03,134,585.1241056307416,585.1241056307416,0.0,585.1241056307416,0.0,0.0,585.1241056307416,0.4368,255.58220933950795,0.6552,0.0,2.184,0.0,0.0,0.0,255.58220933950795,255.58元,0.0,585.1241056307416
2025-02-03T22:30:00,2025-02-03T22:40:00,2025-02-03,135,1403.7740491066693,1401.9408140640817,0.0,1401.9408140640817,-1.833235042587603,0.0,1401.9408140640817,0.4198,588.5347537441015,0.6297,0.0,2.099,0.0,0.0,0.0,588.5347537441015,588.53元,8.997480740748408,1392.9433333233333
2025-02-03T22:40:00,2025-02-03T22:50:00,2025-02-03,136,1409.9916790004668,1408.2086663904397,0.0,1408.2086663904397,-1.7830126100270718,0.0,1408.2086663904397,0.4186,589.4761477510381,0.6279,0.0,2.093,0.0,0.0,0.0,589.4761477510381,589.48元,0.0,1408.2086663904397
2025-02-03T22:50:00,2025-02-03T23:00:00,2025-02-03,137,1405.1728745418982,1403.438708494631,0.0,1403.438708494631,-1.734166047267081,0.0,1403.438708494631,0.4241,595.198356272573,0.63615,0.0,2.1205,0.0,0.0,0.0,595.198356272573,595.20元,2.18409183796438,1401.2546166566667
2025-02-03T23:00:00,2025-02-03T23:10:00,2025-02-03,138,1391.4178154498886,1389.7311577882533,0.0,1389.7311577882533,-1.6866576616353086,0.0,1389.7311577882533,0.4237,588.829091554883,0.6355500000000001,0.0,2.1185,0.0,0.0,0.0,588.829091554883,588.83元,13.777824464920052,1375.9533333233333
2025-02-03T23:10:00,2025-02-03T23:20:00,2025-02-03,139,640.1627074049138,640.1627074049138,0.0,640.1627074049138,0.0,0.0,640.1627074049138,0.4248,271.9411181056074,0.6372,0.0,2.124,0.0,0.0,0.0,271.9411181056074,271.94元,0.0,640.1627074049138
2025-02-03T23:20:00,2025-02-03T23:30:00,2025-02-03,140,1433.3286505766946,1431.7331407908666,0.0,1431.7331407908666,-1.5955097858279714,0.0,1431.7331407908666,0.424,607.0548516953274,0.636,0.0,2.12,0.0,0.0,0.0,607.0548516953274,607.05元,30.830107467533246,1400.9030333233334
2025-02-03T23:30:00,2025-02-03T23:40:00,2025-02-03,141,1446.9696159294047,1445.4178159684252,0.0,1445.4178159684252,-1.5517999609794515,0.0,1445.4178159684252,0.422,609.9663183386754,0.633,0.0,2.11,0.0,0.0,0.0,609.9663183386754,609.97元,96.46781597842526,1348.94999999
2025-02-03T23:40:00,2025-02-03T23:50:00,2025-02-03,142,1458.335644767389,1456.8263571777516,0.0,1456.8263571777516,-1.5092875896375517,0.0,1456.8263571777516,0.424,617.6943754433667,0.636,0.0,2.12,0.0,0.0,0.0,617.6943754433667,617.69元,90.3432405210849,1366.4831166566667
2025-02-03T23:50:00,2025-02-04T00:00:00,2025-02-03,143,606.0768502250797,606.0768502250797,0.0,606.0768502250797,0.0,0.0,606.0768502250797,0.4271,258.85542273113157,0.6406499999999999,0.0,2.1355,0.0,0.0,0.0,258.85542273113157,258.86元,0.0,606.0768502250797
2025-02-04T00:00:00,2025-02-04T00:10:00,2025-02-03,144,558.2781666666666,558.2781666666666,0.0,558.2781666666666,0.0,0.0,558.2781666666666,0.4276,238.71974406666664,0.6414,0.0,2.138,0.0,0.0,0.0,238.71974406666664,238.72元,0.0,558.2781666666666
2025-02-04T00:10:00,2025-02-04T00:20:00,2025-02-04,1,1141.408956009618,1141.408956009618,0.0,1141.408956009618,0.0,0.0,1141.408956009618,0.4248,484.8705245128857,0.6372,0.0,2.124,0.0,0.0,0.0,484.8705245128857,484.87元,0.0,1141.408956009618
2025-02-04T00:20:00,2025-02-04T00:30:00,2025-02-04,2,1430.5631367725528,1430.5631367725528,0.0,1430.5631367725528,0.0,0.0,1430.5631367725528,0.4245,607.2740515599486,0.6367499999999999,0.0,2.1225,0.0,0.0,0.0,607.2740515599486,607.27元,29.079870115886017,1401.4832666566667
2025-02-04T00:30:00,2025-02-04T00:40:00,2025-02-04,3,570.137723249047,570.137723249047,0.0,570.137723249047,0.0,0.0,570.137723249047,0.4269,243.39179405501815,0.64035,0.0,2.1345,0.0,0.0,0.0,243.39179405501815,243.39元,0.0,570.137723249047
2025-02-04T00:40:00,2025-02-04T00:50:00,2025-02-04,4,574.182870821378,574.182870821378,0.0,574.182870821378,0.0,0.0,574.182870821378,0.4272,245.29092241489266,0.6408,0.0,2.136,0.0,0.0,0.0,245.29092241489266,245.29元,0.0,574.182870821378
2025-02-04T00:50:00,2025-02-04T01:00:00,2025-02-04,5,597.2598968706908,597.2598968706908,0.0,597.2598968706908,0.0,0.0,597.2598968706908,0.4271,255.08970195347203,0.6406499999999999,0.0,2.1355,0.0,0.0,0.0,255.08970195347203,255.09元,0.0,597.2598968706908
2025-02-04T01:00:00,2025-02-04T01:10:00,2025-02-04,6,620.4792000607952,620.4792000607952,0.0,620.4792000607952,0.0,0.0,620.4792000607952,0.4285,265.8753372260507,0.6427499999999999,0.0,2.1425,0.0,0.0,0.0,265.8753372260507,265.88元,0.0,620.4792000607952
2025-02-04T01:10:00,2025-02-04T01:20:00,2025-02-04,7,638.1256015472927,638.1256015472927,0.0,638.1256015472927,0.0,0.0,638.1256015472927,0.4311,275.0959468270379,0.64665,0.0,2.1555,0.0,0.0,0.0,275.0959468270379,275.10元,0.0,638.1256015472927
2025-02-04T01:20:00,2025-02-04T01:30:00,2025-02-04,8,642.1306961764092,642.1306961764092,0.0,642.1306961764092,0.0,0.0,642.1306961764092,0.4302,276.24462549509127,0.6453,0.0,2.1510000000000002,0.0,0.0,0.0,276.24462549509127,276.24元,0.0,642.1306961764092
2025-02-04T01:30:00,2025-02-04T01:40:00,2025-02-04,9,632.1660061738125,632.1660061738125,0.0,632.1660061738125,0.0,0.0,632.1660061738125,0.4279,270.5038340417744,0.64185,0.0,2.1395,0.0,0.0,0.0,270.5038340417744,270.50元,0.0,632.1660061738125
2025-02-04T01:40:00,2025-02-04T01:50:00,2025-02-04,10,620.9664748236937,620.9664748236937,0.0,620.9664748236937,0.0,0.0,620.9664748236937,0.4312,267.76074394397676,0.6468,0.0,2.156,0.0,0.0,0.0,267.76074394397676,267.76元,0.0,620.9664748236937
2025-02-04T01:50:00,2025-02-04T02:00:00,2025-02-04,11,636.9918851383745,636.9918851383745,0.0,636.9918851383745,0.0,0.0,636.9918851383745,0.4333,276.00858383045767,0.64995,0.0,2.1665,0.0,0.0,0.0,276.00858383045767,276.01元,0.0,636.9918851383745
2025-02-04T02:00:00,2025-02-04T02:10:00,2025-02-04,12,653.2364151853699,653.2364151853699,0.0,653.2364151853699,0.0,0.0,653.2364151853699,0.4311,281.61021858641294,0.64665,0.0,2.1555,0.0,0.0,0.0,281.61021858641294,281.61元,0.0,653.2364151853699
2025-02-04T02:10:00,2025-02-04T02:20:00,2025-02-04,13,618.7441259054907,618.7441259054907,0.0,618.7441259054907,0.0,0.0,618.7441259054907,0.4293,265.62685325122715,0.64395,0.0,2.1465,0.0,0.0,0.0,265.62685325122715,265.63元,0.0,618.7441259054907
2025-02-04T02:20:00,2025-02-04T02:30:00,2025-02-04,14,618.8530072555646,618.8530072555646,0.0,618.8530072555646,0.0,0.0,618.8530072555646,0.4324,267.5920403373062,0.6486000000000001,0.0,2.162,0.0,0.0,0.0,267.5920403373062,267.59元,0.0,618.8530072555646
2025-02-04T02:30:00,2025-02-04T02:40:00,2025-02-04,15,657.1457326760146,657.1457326760146,0.0,657.1457326760146,0.0,0.0,657.1457326760146,0.4367,286.97554145961556,0.6550499999999999,0.0,2.1835,0.0,0.0,0.0,286.97554145961556,286.98元,0.0,657.1457326760146
2025-02-04T02:40:00,2025-02-04T02:50:00,2025-02-04,16,653.4000752168611,653.4000752168611,0.0,653.4000752168611,0.0,0.0,653.4000752168611,0.4348,284.0983527042912,0.6522,0.0,2.174,0.0,0.0,0.0,284.0983527042912,284.10元,0.0,653.4000752168611
2025-02-04T02:50:00,2025-02-04T03:00:00,2025-02-04,17,654.8680328223719,654.8680328223719,0.0,654.8680328223719,0.0,0.0,654.8680328223719,0.4335,283.8852922284982,0.65025,0.0,2.1675,0.0,0.0,0.0,283.8852922284982,283.89元,0.0,654.8680328223719
2025-02-04T03:00:00,2025-02-04T03:10:00,2025-02-04,18,668.5027902745812,668.5027902745812,0.0,668.5027902745812,0.0,0.0,668.5027902745812,0.4357,291.266665722635,0.65355,0.0,2.1784999999999997,0.0,0.0,0.0,291.266665722635,291.27元,0.0,668.5027902745812
2025-02-04T03:10:00,2025-02-04T03:20:00,2025-02-04,19,652.5954836292253,652.5954836292253,0.0,652.5954836292253,0.0,0.0,652.5954836292253,0.4374,285.4452645394232,0.6561,0.0,2.1870000000000003,0.0,0.0,0.0,285.4452645394232,285.45元,0.0,652.5954836292253
2025-02-04T03:20:00,2025-02-04T03:30:00,2025-02-04,20,660.9301929776321,660.9301929776321,0.0,660.9301929776321,0.0,0.0,660.9301929776321,0.4371,288.892587350523,0.65565,0.0,2.1854999999999998,0.0,0.0,0.0,288.892587350523,288.89元,0.0,660.9301929776321
2025-02-04T03:30:00,2025-02-04T03:40:00,2025-02-04,21,688.9753502014382,688.9753502014382,0.0,688.9753502014382,0.0,0.0,688.9753502014382,0.4356,300.1176625477465,0.6534,0.0,2.178,0.0,0.0,0.0,300.1176625477465,300.12元,0.0,688.9753502014382
2025-02-04T03:40:00,2025-02-04T03:50:00,2025-02-04,22,674.7564508869948,674.7564508869948,0.0,674.7564508869948,0.0,0.0,674.7564508869948,0.4353,293.7214830711088,0.65295,0.0,2.1765,0.0,0.0,0.0,293.7214830711088,293.72元,0.0,674.7564508869948
2025-02-04T03:50:00,2025-02-04T04:00:00,2025-02-04,23,656.859626232984,656.859626232984,0.0,656.859626232984,0.0,0.0,656.859626232984,0.436,286.390797037581,0.654,0.0,2.18,0.0,0.0,0.0,286.390797037581,286.39元,0.0,656.859626232984
2025-02-04T04:00:00,2025-02-04T04:10:00,2025-02-04,24,662.3472541181051,662.3472541181051,0.0,662.3472541181051,0.0,0.0,662.3472541181051,0.4378,289.9756278529064,0.6567000000000001,0.0,2.189,0.0,0.0,0.0,289.9756278529064,289.98元,0.0,662.3472541181051
2025-02-04T04:10:00,2025-02-04T04:20:00,2025-02-04,25,680.9891184956688,680.9891184956688,0.0,680.9891184956688,0.0,0.0,680.9891184956688,0.4401,299.7033110499438,0.66015,0.0,2.2005,0.0,0.0,0.0,299.7033110499438,299.70元,0.0,680.9891184956688
2025-02-04T04:20:00,2025-02-04T04:30:00,2025-02-04,26,703.3095162819519,703.3095162819519,0.0,703.3095162819519,0.0,0.0,703.3095162819519,0.4389,308.6825466961487,0.65835,0.0,2.1945,0.0,0.0,0.0,308.6825466961487,308.68元,0.0,703.3095162819519
2025-02-04T04:30:00,2025-02-04T04:40:00,2025-02-04,27,711.8169000718099,711.8169000718099,0.0,711.8169000718099,0.0,0.0,711.8169000718099,0.4364,310.6368951913378,0.6546000000000001,0.0,2.182,0.0,0.0,0.0,310.6368951913378,310.64元,0.0,711.8169000718099
2025-02-04T04:40:00,2025-02-04T04:50:00,2025-02-04,28,692.3397650150483,692.3397650150483,0.0,692.3397650150483,0.0,0.0,692.3397650150483,0.4393,304.14485877111076,0.65895,0.0,2.1965000000000003,0.0,0.0,0.0,304.14485877111076,304.14元,0.0,692.3397650150483
2025-02-04T04:50:00,2025-02-04T05:00:00,2025-02-04,29,677.3233215394652,677.3233215394652,0.0,677.3233215394652,0.0,0.0,677.3233215394652,0.4422,299.5123727847515,0.6633,0.0,2.211,0.0,0.0,0.0,299.5123727847515,299.51元,0.0,677.3233215394652
2025-02-04T05:00:00,2025-02-04T05:10:00,2025-02-04,30,685.184881287159,685.184881287159,0.0,685.184881287159,0.0,0.0,685.184881287159,0.4395,301.13875532570637,0.65925,0.0,2.1975,0.0,0.0,0.0,301.13875532570637,301.14元,0.0,685.184881287159
2025-02-04T05:10:00,2025-02-04T05:20:00,2025-02-04,31,708.3251641649291,708.3251641649291,0.0,708.3251641649291,0.0,0.0,708.3251641649291,0.4333,306.9172936326638,0.64995,0.0,2.1665,0.0,0.0,0.0,306.9172936326638,306.92元,0.0,708.3251641649291
2025-02-04T05:20:00,2025-02-04T05:30:00,2025-02-04,32,736.8653146506583,736.8653146506583,0.0,736.8653146506583,0.0,0.0,736.8653146506583,0.4439,327.09451317342723,0.66585,0.0,2.2195,0.0,0.0,0.0,327.09451317342723,327.09元,0.0,736.8653146506583
2025-02-04T05:30:00,2025-02-04T05:40:00,2025-02-04,33,730.4787038569372,730.4787038569372,0.0,730.4787038569372,0.0,0.0,730.4787038569372,0.4301,314.17889052886864,0.64515,0.0,2.1505,0.0,0.0,0.0,314.17889052886864,314.18元,31.994211846780967,698.4844920101561
2025-02-04T05:40:00,2025-02-04T05:50:00,2025-02-04,34,1503.4799944514007,1503.4799944514007,0.0,1503.4799944514007,0.0,0.0,1503.4799944514007,0.3713,558.2421219398051,0.5569500000000001,0.0,1.8565,0.0,0.0,0.0,558.2421219398051,558.24元,848.1159944433003,655.3640000081003
2025-02-04T05:50:00,2025-02-04T06:00:00,2025-02-04,35,731.5896899960453,731.5896899960453,0.0,731.5896899960453,0.0,0.0,731.5896899960453,0.5708,417.59139504974263,0.8562,0.0,2.854,0.0,0.0,0.0,417.59139504974263,417.59元,20.522539987945006,711.0671500081003
2025-02-04T06:00:00,2025-02-04T06:10:00,2025-02-04,36,685.6668903682815,272.61962896377224,0.0,272.61962896377224,-413.0472614045093,0.0,272.61962896377224,0.9099,248.05660039413638,1.3648500000000001,0.0,4.5495,0.0,1694.6622302030255,770.9865816308665,1019.0431820250028,1019.04元,0.0,272.61962896377224
2025-02-04T06:10:00,2025-02-04T06:20:00,2025-02-04,37,188.31026083594747,158.62791125174192,0.0,158.62791125174192,-29.682349584205554,0.0,158.62791125174192,0.9368,148.60262726063183,1.4052,0.0,4.684,0.0,0.0,0.0,148.60262726063183,148.60元,0.0,158.62791125174192
2025-02-04T06:20:00,2025-02-04T06:30:00,2025-02-04,38,882.1520226388388,842.040975366742,0.0,842.040975366742,-40.11104727209681,0.0,842.040975366742,0.8758,737.4594862261927,1.3137,0.0,4.3790000000000004,0.0,0.0,0.0,737.4594862261927,737.46元,0.0,842.040975366742
2025-02-04T06:30:00,2025-02-04T06:40:00,2025-02-04,39,877.7870730184811,838.7863132869777,0.0,838.7863132869777,-39.00075973150342,0.0,838.7863132869777,0.8759,734.6929318080638,1.31385,0.0,4.3795,0.0,0.0,0.0,734.6929318080638,734.69元,0.0,838.7863132869777
2025-02-04T06:40:00,2025-02-04T06:50:00,2025-02-04,40,902.2978116897085,864.3654981639094,0.0,864.3654981639094,-37.932313525799145,0.0,864.3654981639094,0.8601,743.4407649707784,1.29015,0.0,4.3004999999999995,0.0,0.0,0.0,743.4407649707784,743.44元,0.0,864.3654981639094
2025-02-04T06:50:00,2025-02-04T07:00:00,2025-02-04,41,889.0225603127876,851.8586651087878,0.0,851.8586651087878,-37.1638952039998,0.0,851.8586651087878,0.8442,719.1390850848386,1.2663,0.0,4.221,0.0,0.0,0.0,719.1390850848386,719.14元,0.0,851.8586651087878
2025-02-04T07:00:00,2025-02-04T07:10:00,2025-02-04,42,832.411148630928,796.5256094493374,0.0,796.5256094493374,-35.885539181590616,0.0,796.5256094493374,0.8334,663.8244429150778,1.2501,0.0,4.167,0.0,0.0,0.0,663.8244429150778,663.82元,0.0,796.5256094493374
2025-02-04T07:10:00,2025-02-04T07:20:00,2025-02-04,43,793.2839326966066,793.2839326966066,0.0,793.2839326966066,0.0,0.0,793.2839326966066,0.8092,641.925358338094,1.2138,0.0,4.046,0.0,0.0,0.0,641.925358338094,641.93元,0.0,793.2839326966066
2025-02-04T07:20:00,2025-02-04T07:30:00,2025-02-04,44,762.8599143313274,762.8599143313274,0.0,762.8599143313274,0.0,0.0,762.8599143313274,0.7972,608.1519237049342,1.1958,0.0,3.986,0.0,0.0,0.0,608.1519237049342,608.15元,0.0,762.8599143313274
2025-02-04T07:30:00,2025-02-04T07:40:00,2025-02-04,45,699.3622189263388,699.3622189263388,0.0,699.3622189263388,0.0,0.0,699.3622189263388,0.7644,534.5924801472934,1.1465999999999998,0.0,3.822,0.0,0.0,0.0,534.5924801472934,534.59元,0.0,699.3622189263388
2025-02-04T07:40:00,2025-02-04T07:50:00,2025-02-04,46,1439.8008506972415,1407.6785010549766,0.0,1407.6785010549766,-32.12234964226491,0.0,1407.6785010549766,0.6899,971.1573978778283,1.03485,0.0,3.4494999999999996,0.0,0.0,0.0,971.1573978778283,971.16元,0.0,1407.6785010549766
2025-02-04T07:50:00,2025-02-04T08:00:00,2025-02-04,47,694.0174871970062,662.7721182303067,0.0,662.7721182303067,-31.245368966699516,0.0,662.7721182303067,0.86,569.9840216780638,1.29,0.0,4.3,0.0,0.0,0.0,569.9840216780638,569.98元,0.0,662.7721182303067
2025-02-04T08:00:00,2025-02-04T08:10:00,2025-02-04,48,184.39098141821387,167.96556346902787,0.0,167.96556346902787,-16.425417949186,0.0,167.96556346902787,1.1617,195.12559508196966,1.74255,0.0,5.8084999999999996,0.0,0.0,0.0,195.12559508196966,195.13元,0.0,167.96556346902787
2025-02-04T08:10:00,2025-02-04T08:20:00,2025-02-04,49,160.08309999375797,127.56118129416268,0.0,127.56118129416268,-32.52191869959529,0.0,127.56118129416268,1.1683,149.02972810597024,1.7524499999999998,0.0,5.8415,0.0,0.0,0.0,149.02972810597024,149.03元,0.0,127.56118129416268
2025-02-04T08:20:00,2025-02-04T08:30:00,2025-02-04,50,70.90815031494856,38.885861785228144,0.0,38.885861785228144,-32.02228852972041,0.0,38.885861785228144,1.0956,42.603350171895954,1.6433999999999997,0.0,5.478,0.0,0.0,0.0,42.603350171895954,42.60元,0.0,38.885861785228144
2025-02-04T08:30:00,2025-02-04T08:40:00,2025-02-04,51,0.0,0.0,0.0,0.0,0.0,0.0,0.0,1.0849,0.0,1.6273499999999999,0.0,5.4245,0.0,0.0,0.0,0.0,0.00元,0.0,0.0
2025-02-04T08:40:00,2025-02-04T08:50:00,2025-02-04,52,0.0,0.0,0.0,0.0,0.0,0.0,0.0,1.061,0.0,1.5915,0.0,5.305,0.0,0.0,0.0,0.0,0.00元,0.0,0.0
2025-02-04T08:50:00,2025-02-04T09:00:00,2025-02-04,53,0.0,0.0,0.0,0.0,0.0,0.0,0.0,1.043,0.0,1.5644999999999998,0.0,5.215,0.0,0.0,0.0,0.0,0.00元,0.0,0.0
2025-02-04T09:00:00,2025-02-04T09:10:00,2025-02-04,54,0.0,0.0,0.0,0.0,0.0,0.0,0.0,1.036,0.0,1.554,0.0,5.18,0.0,0.0,0.0,0.0,0.00元,0.0,0.0
2025-02-04T09:10:00,2025-02-04T09:20:00,2025-02-04,55,0.0,0.0,0.0,0.0,0.0,0.0,0.0,1.0147,0.0,1.52205,0.0,5.073499999999999,0.0,0.0,0.0,0.0,0.00元,0.0,0.0
2025-02-04T09:20:00,2025-02-04T09:30:00,2025-02-04,56,0.0,0.0,0.0,0.0,0.0,0.0,0.0,0.9922,0.0,1.4883,0.0,4.961,0.0,0.0,0.0,0.0,0.00元,0.0,0.0
2025-02-04T09:30:00,2025-02-04T09:40:00,2025-02-04,57,0.0,0.0,0.0,0.0,0.0,0.0,0.0,0.97,0.0,1.455,0.0,4.85,0.0,0.0,0.0,0.0,0.00元,0.0,0.0
2025-02-04T09:40:00,2025-02-04T09:50:00,2025-02-04,58,0.0,0.0,0.0,0.0,0.0,0.0,0.0,0.9422,0.0,1.4133,0.0,4.711,0.0,0.0,0.0,0.0,0.00元,0.0,0.0
2025-02-04T09:50:00,2025-02-04T10:00:00,2025-02-04,59,0.0,0.0,0.0,0.0,0.0,0.0,0.0,0.9569,0.0,1.43535,0.0,4.7844999999999995,0.0,0.0,0.0,0.0,0.00元,0.0,0.0
2025-02-04T10:00:00,2025-02-04T10:10:00,2025-02-04,60,0.0,0.0,0.0,0.0,0.0,0.0,0.0,0.9977,0.0,1.49655,0.0,4.9885,0.0,0.0,0.0,0.0,0.00元,0.0,0.0
2025-02-04T10:10:00,2025-02-04T10:20:00,2025-02-04,61,0.0,0.0,0.0,0.0,0.0,0.0,0.0,0.9919,0.0,1.48785,0.0,4.9595,0.0,0.0,0.0,0.0,0.00元,0.0,0.0
2025-02-04T10:20:00,2025-02-04T10:30:00,2025-02-04,62,0.0,0.0,0.0,0.0,0.0,0.0,0.0,0.9588,0.0,1.4382,0.0,4.794,0.0,0.0,0.0,0.0,0.00元,0.0,0.0
2025-02-04T10:30:00,2025-02-04T10:40:00,2025-02-04,63,0.0,0.0,0.0,0.0,0.0,0.0,0.0,0.9549,0.0,1.43235,0.0,4.7745,0.0,0.0,0.0,0.0,0.00元,0.0,0.0
2025-02-04T10:40:00,2025-02-04T10:50:00,2025-02-04,64,0.0,0.0,0.0,0.0,0.0,5.956618556975079,5.956618556975079,0.9839,0.0,1.4758499999999999,0.0,4.9195,29.303584991038903,0.0,0.0,29.303584991038903,29.30元,0.0,5.956618556975079
2025-02-04T10:50:00,2025-02-04T11:00:00,2025-02-04,65,168.91763683243278,164.96701800529036,0.0,164.96701800529036,-3.9506188271424207,0.0,164.96701800529036,0.799,131.808647386227,1.1985000000000001,0.0,3.995,0.0,0.0,0.0,131.808647386227,131.81元,0.0,164.96701800529036
2025-02-04T11:00:00,2025-02-04T11:10:00,2025-02-04,66,965.1048143726388,947.3193124405944,0.0,947.3193124405944,-17.785501932044326,0.0,947.3193124405944,0.5025,476.02795450139865,0.7537499999999999,0.0,2.5124999999999997,0.0,0.0,0.0,476.02795450139865,476.03元,0.0,947.3193124405944
2025-02-04T11:10:00,2025-02-04T11:20:00,2025-02-04,67,951.6655381935353,934.3909165174522,0.0,934.3909165174522,-17.274621676083143,0.0,934.3909165174522,0.4662,435.6130452804362,0.6993,0.0,2.331,0.0,0.0,0.0,435.6130452804362,435.61元,0.0,934.3909165174522
2025-02-04T11:20:00,2025-02-04T11:30:00,2025-02-04,68,935.9298007447807,919.1463199149758,0.0,919.1463199149758,-16.78348082980483,0.0,919.1463199149758,0.5007,460.21656238142845,0.75105,0.0,2.5035000000000003,0.0,0.0,0.0,460.21656238142845,460.22元,0.0,919.1463199149758
2025-02-04T11:30:00,2025-02-04T11:40:00,2025-02-04,69,921.9146841421274,905.6152416544165,0.0,905.6152416544165,-16.29944248771085,0.0,905.6152416544165,0.4827,437.1404771465869,0.7240500000000001,0.0,2.4135,0.0,0.0,0.0,437.1404771465869,437.14元,0.0,905.6152416544165
2025-02-04T11:40:00,2025-02-04T11:50:00,2025-02-04,70,931.3409433409769,915.5200446098582,0.0,915.5200446098582,-15.820898731118632,0.0,915.5200446098582,0.4785,438.0763413458171,0.71775,0.0,2.3925,0.0,0.0,0.0,438.0763413458171,438.08元,0.0,915.5200446098582
2025-02-04T11:50:00,2025-02-04T12:00:00,2025-02-04,71,887.5757516260902,872.209539045872,0.0,872.209539045872,-15.366212580218189,0.0,872.209539045872,0.4662,406.62408710318556,0.6993,0.0,2.331,0.0,0.0,0.0,406.62408710318556,406.62元,0.0,872.209539045872
2025-02-04T12:00:00,2025-02-04T12:10:00,2025-02-04,72,850.3204868586744,775.6792558139458,0.0,775.6792558139458,-74.64123104472856,0.0,775.6792558139458,0.4432,343.78104617674074,0.6648,0.0,2.2159999999999997,0.0,686.660913050441,152.1640583319777,495.9451045087185,495.95元,0.0,775.6792558139458
2025-02-04T12:10:00,2025-02-04T12:20:00,2025-02-04,73,871.4202484729848,798.5059941355404,0.0,798.5059941355404,-72.91425433744439,0.0,798.5059941355404,0.4411,352.22099401318684,0.66165,0.0,2.2055,0.0,0.0,0.0,352.22099401318684,352.22元,0.0,798.5059941355404
2025-02-04T12:20:00,2025-02-04T12:30:00,2025-02-04,74,893.8937522774194,822.4436870345454,0.0,822.4436870345454,-71.45006524287396,0.0,822.4436870345454,0.4551,374.2941219694216,0.68265,0.0,2.2755,0.0,0.0,0.0,374.2941219694216,374.29元,0.0,822.4436870345454
2025-02-04T12:30:00,2025-02-04T12:40:00,2025-02-04,75,875.8479006503566,805.7602699014768,0.0,805.7602699014768,-70.08763074887975,0.0,805.7602699014768,0.4463,359.61080845702907,0.66945,0.0,2.2315,0.0,0.0,0.0,359.61080845702907,359.61元,0.0,805.7602699014768
2025-02-04T12:40:00,2025-02-04T12:50:00,2025-02-04,76,868.2668848274674,799.6974254141617,0.0,799.6974254141617,-68.56945941330571,0.0,799.6974254141617,0.4113,328.9155510728447,0.61695,0.0,2.0564999999999998,0.0,0.0,0.0,328.9155510728447,328.92元,0.0,799.6974254141617
2025-02-04T12:50:00,2025-02-04T13:00:00,2025-02-04,77,905.5571449452101,838.4840803389494,0.0,838.4840803389494,-67.07306460626069,0.0,838.4840803389494,0.5682,476.4266544485911,0.8523000000000001,0.0,2.841,0.0,0.0,0.0,476.4266544485911,476.43元,0.0,838.4840803389494
2025-02-04T13:00:00,2025-02-04T13:10:00,2025-02-04,78,123.48803812138374,123.48803812138374,0.0,123.48803812138374,0.0,0.0,123.48803812138374,0.8279,102.23574676069359,1.24185,0.0,4.1395,0.0,0.0,0.0,102.23574676069359,102.24元,0.0,123.48803812138374
2025-02-04T13:10:00,2025-02-04T13:20:00,2025-02-04,79,120.26118168684206,0.0,0.0,0.0,-120.26118168684206,0.0,0.0,0.8636,0.0,1.2954,0.0,4.3180000000000005,0.0,0.0,0.0,0.0,0.00元,0.0,0.0
2025-02-04T13:20:00,2025-02-04T13:30:00,2025-02-04,80,134.43199143071752,134.43199143071752,0.0,134.43199143071752,0.0,0.0,134.43199143071752,0.8416,113.13796398809187,1.2624,0.0,4.208,0.0,0.0,0.0,113.13796398809187,113.14元,0.0,134.43199143071752
2025-02-04T13:30:00,2025-02-04T13:40:00,2025-02-04,81,174.66795994311917,61.90051508784188,0.0,61.90051508784188,-112.76744485527729,0.0,61.90051508784188,0.8618,53.345863902702135,1.2927,0.0,4.309,0.0,0.0,0.0,53.345863902702135,53.35元,0.0,61.90051508784188
2025-02-04T13:40:00,2025-02-04T13:50:00,2025-02-04,82,182.7208248767489,0.0,0.0,0.0,-182.7208248767489,0.0,0.0,0.8623,0.0,1.29345,0.0,4.3115,0.0,0.0,0.0,0.0,0.00元,0.0,0.0
2025-02-04T13:50:00,2025-02-04T14:00:00,2025-02-04,83,0.2872610092827671,0.0,0.0,0.0,-0.2872610092827671,0.0,0.0,0.9026,0.0,1.3538999999999999,0.0,4.513,0.0,0.0,0.0,0.0,0.00元,0.0,0.0
2025-02-04T14:00:00,2025-02-04T14:10:00,2025-02-04,84,0.0,0.0,0.0,0.0,0.0,0.0,0.0,0.9754,0.0,1.4631,0.0,4.877000000000001,0.0,0.0,0.0,0.0,0.00元,0.0,0.0
2025-02-04T14:10:00,2025-02-04T14:20:00,2025-02-04,85,0.0,0.0,0.0,0.0,0.0,0.0,0.0,1.0002,0.0,1.5003,0.0,5.0009999999999994,0.0,0.0,0.0,0.0,0.00元,0.0,0.0
2025-02-04T14:20:00,2025-02-04T14:30:00,2025-02-04,86,0.0,0.0,0.0,0.0,0.0,0.0,0.0,0.9978,0.0,1.4967000000000001,0.0,4.989,0.0,0.0,0.0,0.0,0.00元,0.0,0.0
2025-02-04T14:30:00,2025-02-04T14:40:00,2025-02-04,87,0.0,0.0,0.0,0.0,0.0,0.0,0.0,1.0271,0.0,1.5406499999999999,0.0,5.1354999999999995,0.0,0.0,0.0,0.0,0.00元,0.0,0.0
2025-02-04T14:40:00,2025-02-04T14:50:00,2025-02-04,88,0.0,0.0,0.0,0.0,0.0,0.0,0.0,1.0906,0.0,1.6359,0.0,5.453,0.0,0.0,0.0,0.0,0.00元,0.0,0.0
2025-02-04T14:50:00,2025-02-04T15:00:00,2025-02-04,89,0.0,0.0,0.0,0.0,0.0,0.0,0.0,0.9376,0.0,1.4064,0.0,4.688,0.0,0.0,0.0,0.0,0.00元,0.0,0.0
2025-02-04T15:00:00,2025-02-04T15:10:00,2025-02-04,90,1277.8068277545726,1211.350873758112,0.0,1211.350873758112,-66.45595399646072,0.0,1211.350873758112,0.6694,810.8782748936801,1.0041,0.0,3.347,0.0,0.0,0.0,810.8782748936801,810.88元,0.0,1211.350873758112
2025-02-04T15:10:00,2025-02-04T15:20:00,2025-02-04,91,1313.782297611669,1250.6176408906085,0.0,1250.6176408906085,-63.16465672106051,0.0,1250.6176408906085,0.66,825.4076429878016,0.99,0.0,3.3000000000000003,0.0,0.0,0.0,825.4076429878016,825.41元,0.0,1250.6176408906085
2025-02-04T15:20:00,2025-02-04T15:30:00,2025-02-04,92,1351.8981220500677,1292.202380893315,0.0,1292.202380893315,-59.695741156752774,0.0,1292.202380893315,0.7217,932.5824582907054,1.08255,0.0,3.6085000000000003,0.0,0.0,0.0,932.5824582907054,932.58元,0.0,1292.202380893315
2025-02-04T15:30:00,2025-02-04T15:40:00,2025-02-04,93,964.9459865742698,964.9459865742698,0.0,964.9459865742698,0.0,0.0,964.9459865742698,0.7308,705.1825269884764,1.0962,0.0,3.654,0.0,0.0,0.0,705.1825269884764,705.18元,0.0,964.9459865742698
2025-02-04T15:40:00,2025-02-04T15:50:00,2025-02-04,94,657.2341049429145,657.2341049429145,0.0,657.2341049429145,0.0,0.0,657.2341049429145,0.7534,495.16017466399177,1.1300999999999999,0.0,3.767,0.0,0.0,0.0,495.16017466399177,495.16元,0.0,657.2341049429145
2025-02-04T15:50:00,2025-02-04T16:00:00,2025-02-04,95,704.6356925424369,704.6356925424369,0.0,704.6356925424369,0.0,0.0,704.6356925424369,0.7823,551.2365022759484,1.1734499999999999,0.0,3.9115,0.0,0.0,0.0,551.2365022759484,551.24元,0.0,704.6356925424369
2025-02-04T16:00:00,2025-02-04T16:10:00,2025-02-04,96,695.5873493082877,687.580896697651,0.0,687.580896697651,-8.006452610636643,0.0,687.580896697651,0.8055,553.8464122899579,1.20825,0.0,4.0275,0.0,0.0,0.0,553.8464122899579,553.85元,0.0,687.580896697651
2025-02-04T16:10:00,2025-02-04T16:20:00,2025-02-04,97,720.6271676952705,712.8400560403454,0.0,712.8400560403454,-7.78711165492507,0.0,712.8400560403454,0.8271,589.5900103509697,1.24065,0.0,4.1354999999999995,0.0,0.0,0.0,589.5900103509697,589.59元,0.0,712.8400560403454
2025-02-04T16:20:00,2025-02-04T16:30:00,2025-02-04,98,776.6240852331126,769.0503055737277,0.0,769.0503055737277,-7.573779659384968,0.0,769.0503055737277,0.8519,655.1539553182586,1.27785,0.0,4.2595,0.0,0.0,0.0,655.1539553182586,655.15元,0.0,769.0503055737277
2025-02-04T16:30:00,2025-02-04T16:40:00,2025-02-04,99,848.396468581689,841.0301765762784,0.0,841.0301765762784,-7.366292005410514,0.0,841.0301765762784,0.8791,739.3496282282064,1.3186499999999999,0.0,4.3955,0.0,0.0,0.0,739.3496282282064,739.35元,0.0,841.0301765762784
2025-02-04T16:40:00,2025-02-04T16:50:00,2025-02-04,100,903.4595708932968,896.295082309088,0.0,896.295082309088,-7.1644885842088115,0.0,896.295082309088,0.9024,808.816682275721,1.3536,0.0,4.512,0.0,0.0,0.0,808.816682275721,808.82元,0.0,896.295082309088
2025-02-04T16:50:00,2025-02-04T17:00:00,2025-02-04,101,936.8329331497821,929.8647194765317,0.0,929.8647194765317,-6.968213673250375,0.0,929.8647194765317,0.9163,852.035042456346,1.37445,0.0,4.5815,0.0,0.0,0.0,852.035042456346,852.04元,0.0,929.8647194765317
2025-02-04T17:00:00,2025-02-04T17:10:00,2025-02-04,102,966.0709141893874,959.2935983732805,0.0,959.2935983732805,-6.7773158161069205,0.0,959.2935983732805,0.9264,888.689589533007,1.3896,0.0,4.632,0.0,0.0,0.0,888.689589533007,888.69元,0.0,959.2935983732805
2025-02-04T17:10:00,2025-02-04T17:20:00,2025-02-04,103,1009.5723071614331,1002.9806594558564,0.0,1002.9806594558564,-6.591647705576634,0.0,1002.9806594558564,0.9462,949.0202999771313,1.4193,0.0,4.731,0.0,0.0,0.0,949.0202999771313,949.02元,0.0,1002.9806594558564
2025-02-04T17:20:00,2025-02-04T17:30:00,2025-02-04,104,1027.348032766002,1020.9369666959844,0.0,1020.9369666959844,-6.411066070017569,0.0,1020.9369666959844,0.9742,994.596792955228,1.4613,0.0,4.8709999999999996,0.0,0.0,0.0,994.596792955228,994.60元,0.0,1020.9369666959844
2025-02-04T17:30:00,2025-02-04T17:40:00,2025-02-04,105,1048.0745528500654,1041.8391212872773,0.0,1041.8391212872773,-6.235431562788108,0.0,1041.8391212872773,0.9862,1027.4617414135128,1.4792999999999998,0.0,4.931,0.0,0.0,0.0,1027.4617414135128,1027.46元,0.0,1041.8391212872773
2025-02-04T17:40:00,2025-02-04T17:50:00,2025-02-04,106,1090.6791174553173,1084.6145088005972,0.0,1084.6145088005972,-6.064608654720132,0.0,1084.6145088005972,0.976,1058.5837605893828,1.464,0.0,4.88,0.0,0.0,0.0,1058.5837605893828,1058.58元,0.0,1084.6145088005972
2025-02-04T17:50:00,2025-02-04T18:00:00,2025-02-04,107,961.699168293921,955.8007027643816,0.0,955.8007027643816,-5.898465529539408,0.0,955.8007027643816,1.0742,1026.7211149094987,1.6113,0.0,5.371,0.0,0.0,0.0,1026.7211149094987,1026.72元,0.0,955.8007027643816
2025-02-04T18:00:00,2025-02-04T18:10:00,2025-02-04,108,738.0967734140929,718.5424031904793,2.3246468095208,720.8670500000001,-17.22972341409286,0.0,720.8670500000001,1.2313,884.7412610484372,1.84695,4.293506424844442,6.1565,0.0,0.0,0.0,889.0347674732816,889.03元,0.0,720.8670500000001
2025-02-04T18:10:00,2025-02-04T18:20:00,2025-02-04,109,712.4292744841076,693.4106064574304,2.2609618946540877,695.6715683520845,-16.757706132023145,0.0,695.6715683520845,1.2561,870.9930627711783,1.88415,4.2599913538125,6.2805,0.0,0.0,0.0,875.2530541249907,875.25元,0.0,695.6715683520845
2025-02-04T18:20:00,2025-02-04T18:30:00,2025-02-04,110,736.1071952661782,717.6095535946424,2.1990216613301072,719.8085752559725,-16.298620010205696,0.0,719.8085752559725,1.2447,893.2086113592513,1.8670499999999999,4.105683392786377,6.2235,0.0,0.0,0.0,897.3142947520378,897.31元,0.0,719.8085752559725
2025-02-04T18:30:00,2025-02-04T18:40:00,2025-02-04,111,716.3482546135543,698.3573655077247,2.1387783130854814,700.4961438208102,-15.852110792744156,0.0,700.4961438208102,1.2545,876.0893150294406,1.8817499999999998,4.024646090648605,6.2725,0.0,0.0,0.0,880.1139611200891,880.11元,0.0,700.4961438208102
2025-02-04T18:40:00,2025-02-04T18:50:00,2025-02-04,112,713.7716770860955,696.2736577944619,2.080185362866132,698.353843157328,-15.417833928767436,0.0,698.353843157328,1.2522,871.8738742902251,1.8782999999999999,3.9072121670714557,6.261,0.0,0.0,0.0,875.7810864572966,875.78元,0.0,698.353843157328
2025-02-04T18:50:00,2025-02-04T19:00:00,2025-02-04,113,49.5011667771638,31.55436768880736,676.1642029984974,707.7185706873048,658.217403910141,0.0,707.7185706873048,1.2881,40.64518101995276,1.93215,1306.450664823547,6.4405,0.0,0.0,0.0,1347.0958458434998,1347.10元,0.0,707.7185706873048
2025-02-04T19:00:00,2025-02-04T19:10:00,2025-02-04,114,28.2154355458905,22.818531685176254,5.580158302566474,28.398689987742728,0.1832544418522275,0.0,28.398689987742728,1.3466,30.727434767258345,2.0199,11.271361755354022,6.7330000000000005,0.0,0.0,0.0,41.998796522612366,42.00元,0.0,28.398689987742728
2025-02-04T19:10:00,2025-02-04T19:20:00,2025-02-04,115,13.237016734024337,0.0,6.857832274287603,6.857832274287603,-6.379184459736734,0.0,6.857832274287603,1.3523,0.0,2.0284500000000003,13.910769876778687,6.7615,0.0,0.0,0.0,13.910769876778687,13.91元,0.0,6.857832274287603
2025-02-04T19:20:00,2025-02-04T19:30:00,2025-02-04,116,29.47755087787732,24.598981196956856,0.014069582776755851,24.613050779733612,-4.864500098143708,0.0,24.613050779733612,1.3445,33.073330219308495,2.01675,0.028374831065022362,6.7225,0.0,0.0,0.0,33.10170505037352,33.10元,0.0,24.613050779733612
2025-02-04T19:30:00,2025-02-04T19:40:00,2025-02-04,117,24.70956996810287,22.376825542677125,0.0,22.376825542677125,-2.3327444254257443,0.0,22.376825542677125,1.3483,30.17067387919157,2.02245,0.0,6.7415,0.0,0.0,0.0,30.17067387919157,30.17元,0.0,22.376825542677125
2025-02-04T19:40:00,2025-02-04T19:50:00,2025-02-04,118,27.29369571497034,15.242590558241886,5.874265050665485,21.116855608907372,-6.1768401060629685,0.0,21.116855608907372,1.349,20.562254663068305,2.0235,11.886575330021609,6.745,0.0,0.0,0.0,32.448829993089916,32.45元,0.0,21.116855608907372
2025-02-04T19:50:00,2025-02-04T20:00:00,2025-02-04,119,31.959856247908647,28.058776486568377,0.0,28.058776486568377,-3.90107976134027,0.0,28.058776486568377,1.3473,37.80358956035357,2.02095,0.0,6.7364999999999995,0.0,0.0,0.0,37.80358956035357,37.80元,0.0,28.058776486568377
2025-02-04T20:00:00,2025-02-04T20:10:00,2025-02-04,120,40.90104721404714,36.25897572846509,0.0,36.25897572846509,-4.642071485582051,0.0,36.25897572846509,1.3482,48.884351077116634,2.0223,0.0,6.7410000000000005,0.0,0.0,0.0,48.884351077116634,48.88元,0.0,36.25897572846509
2025-02-04T20:10:00,2025-02-04T20:20:00,2025-02-04,121,28.42356173609437,18.156814088938404,0.0,18.156814088938404,-10.266747647155967,0.0,18.156814088938404,1.3513,24.535302878382463,2.02695,0.0,6.7565,0.0,0.0,0.0,24.535302878382463,24.54元,0.0,18.156814088938404
2025-02-04T20:20:00,2025-02-04T20:30:00,2025-02-04,122,56.384026459676306,54.93802762901066,623.7179816360582,678.6560092650689,622.2719828053926,0.0,678.6560092650689,1.34,73.61695702287429,2.0100000000000002,1253.6731430884772,6.7,0.0,0.0,0.0,1327.2901001113514,1327.29元,0.0,678.6560092650689
2025-02-04T20:30:00,2025-02-04T20:40:00,2025-02-04,123,64.05429098104526,62.64790604443499,0.0,62.64790604443499,-1.4063849366102659,0.0,62.64790604443499,1.3489,84.50576046333836,2.0233499999999998,0.0,6.7445,0.0,0.0,0.0,84.50576046333836,84.51元,0.0,62.64790604443499
2025-02-04T20:40:00,2025-02-04T20:50:00,2025-02-04,124,51.57789243832883,41.65346111673966,0.11696129305209979,41.77042240979176,-9.807470028537068,0.0,41.77042240979176,1.3952,58.114908950075176,2.0928,0.24477659409943445,6.976,0.0,0.0,0.0,58.35968554417461,58.36元,0.0,41.77042240979176
2025-02-04T20:50:00,2025-02-04T21:00:00,2025-02-04,125,720.9151536822483,708.720756729483,0.0,708.720756729483,-12.19439695276526,0.0,708.720756729483,1.2226,866.4819971774658,1.8338999999999999,0.0,6.1129999999999995,0.0,0.0,0.0,866.4819971774658,866.48元,0.0,708.720756729483
2025-02-04T21:00:00,2025-02-04T21:10:00,2025-02-04,126,754.996980261223,739.8593350083128,0.0,739.8593350083128,-15.13764525291026,0.0,739.8593350083128,0.9332,690.4367314297575,1.3998,0.0,4.666,0.0,0.0,0.0,690.4367314297575,690.44元,0.0,739.8593350083128
2025-02-04T21:10:00,2025-02-04T21:20:00,2025-02-04,127,743.0120659850644,731.4766607199882,1.3713427095497082,732.8480034295379,-10.16406255552647,0.0,732.8480034295379,0.9068,663.3030359408854,1.3602,1.8653003535295132,4.534000000000001,0.0,0.0,0.0,665.1683362944149,665.17元,0.0,732.8480034295379
2025-02-04T21:20:00,2025-02-04T21:30:00,2025-02-04,128,726.4712533202189,715.2518665140544,1.3337740589688565,716.5856405730233,-9.885612747195637,0.0,716.5856405730233,0.9371,670.2625241103204,1.40565,1.8748195059895731,4.6855,0.0,0.0,0.0,672.13734361631,672.14元,0.0,716.5856405730233
2025-02-04T21:30:00,2025-02-04T21:40:00,2025-02-04,129,719.668001517796,708.7559756796203,1.297234621214784,710.0532103008351,-9.614791216960953,0.0,710.0532103008351,0.9371,664.1752248093723,1.40565,1.8234578453105612,4.6855,0.0,0.0,0.0,665.9986826546827,666.00元,0.0,710.0532103008351
2025-02-04T21:40:00,2025-02-04T21:50:00,2025-02-04,130,667.2653434517256,646.7413384987229,27.094156342715678,673.8354948414386,6.570151389713033,0.0,673.8354948414386,0.9871,638.3983752320894,1.48065,40.116962588841965,4.9355,0.0,0.0,0.0,678.5153378209313,678.52元,0.0,673.8354948414386
2025-02-04T21:50:00,2025-02-04T22:00:00,2025-02-04,131,727.3635475439155,679.650731303912,65.49647097443687,745.1472022783489,17.783654734433412,0.0,745.1472022783489,0.7764,527.6808277843573,1.1646,76.27719009682919,3.8819999999999997,0.0,0.0,0.0,603.9580178811864,603.96元,0.0,745.1472022783489
2025-02-04T22:00:00,2025-02-04T22:10:00,2025-02-04,132,1389.4449396288762,1379.4053912041718,0.0,1379.4053912041718,-10.039548424704435,0.0,1379.4053912041718,0.4209,580.5917291578359,0.63135,0.0,2.1045,0.0,0.0,0.0,580.5917291578359,580.59元,0.0,1379.4053912041718
2025-02-04T22:10:00,2025-02-04T22:20:00,2025-02-04,133,1368.2451158701654,1358.4806061240715,0.0,1358.4806061240715,-9.764509746093836,0.0,1358.4806061240715,0.3859,524.2376659032792,0.5788500000000001,0.0,1.9295,0.0,0.0,0.0,524.2376659032792,524.24元,0.0,1358.4806061240715
2025-02-04T22:20:00,2025-02-04T22:30:00,2025-02-04,134,539.3960082274897,539.3960082274897,0.0,539.3960082274897,0.0,0.0,539.3960082274897,0.4368,235.6081763937675,0.6552,0.0,2.184,0.0,0.0,0.0,235.6081763937675,235.61元,0.0,539.3960082274897
2025-02-04T22:30:00,2025-02-04T22:40:00,2025-02-04,135,1364.104388564392,1354.8675581108419,0.0,1354.8675581108419,-9.236830453550056,0.0,1354.8675581108419,0.4198,568.7734008949315,0.6297,0.0,2.099,0.0,0.0,0.0,568.7734008949315,568.77元,0.0,1354.8675581108419
2025-02-04T22:40:00,2025-02-04T22:50:00,2025-02-04,136,1404.358610040414,1395.3748273869269,0.0,1395.3748273869269,-8.983782653487197,0.0,1395.3748273869269,0.4186,584.1039027441676,0.6279,0.0,2.093,0.0,0.0,0.0,584.1039027441676,584.10元,0.0,1395.3748273869269
2025-02-04T22:50:00,2025-02-04T23:00:00,2025-02-04,137,1426.5431321212532,1417.805464891031,0.0,1417.805464891031,-8.737667230222087,0.0,1417.805464891031,0.4241,601.2912976602862,0.63615,0.0,2.1205,0.0,0.0,0.0,601.2912976602862,601.29元,31.693631567697814,1386.1118333233333
2025-02-04T23:00:00,2025-02-04T23:10:00,2025-02-04,138,1414.2664639219688,1405.7681696543023,0.0,1405.7681696543023,-8.498294267666552,0.0,1405.7681696543023,0.4237,595.6239734825278,0.6355500000000001,0.0,2.1185,0.0,0.0,0.0,595.6239734825278,595.62元,17.733169664302288,1388.03499999
2025-02-04T23:10:00,2025-02-04T23:20:00,2025-02-04,139,940.5418888751784,940.5418888751784,0.0,940.5418888751784,0.0,0.0,940.5418888751784,0.4248,399.5421943941758,0.6372,0.0,2.124,0.0,0.0,0.0,399.5421943941758,399.54元,0.0,940.5418888751784
2025-02-04T23:20:00,2025-02-04T23:30:00,2025-02-04,140,1426.1338456141305,1418.094803682075,0.0,1418.094803682075,-8.039041932055397,0.0,1418.094803682075,0.424,601.2721967611998,0.636,0.0,2.12,0.0,0.0,0.0,601.2721967611998,601.27元,40.42848702540845,1377.6663166566666
2025-02-04T23:30:00,2025-02-04T23:40:00,2025-02-04,141,1429.0369187343272,1421.218110559484,0.0,1421.218110559484,-7.8188081748430704,0.0,1421.218110559484,0.422,599.7540426561022,0.633,0.0,2.11,0.0,0.0,0.0,599.7540426561022,599.75元,42.31311056948413,1378.90499999
2025-02-04T23:40:00,2025-02-04T23:50:00,2025-02-04,142,1438.652238049827,1431.0476302132606,0.0,1431.0476302132606,-7.604607836566402,0.0,1431.0476302132606,0.424,606.7641952104225,0.636,0.0,2.12,0.0,0.0,0.0,606.7641952104225,606.76元,40.99784688992735,1390.0497833233333
2025-02-04T23:50:00,2025-02-05T00:00:00,2025-02-04,143,610.147499394775,610.147499394775,0.0,610.147499394775,0.0,0.0,610.147499394775,0.4271,260.5939969915084,0.6406499999999999,0.0,2.1355,0.0,0.0,0.0,260.5939969915084,260.59元,0.0,610.147499394775
2025-02-05T00:00:00,2025-02-05T00:10:00,2025-02-04,144,569.5260333333332,569.5260333333332,0.0,569.5260333333332,0.0,0.0,569.5260333333332,0.4276,243.52933185333328,0.6414,0.0,2.138,0.0,0.0,0.0,243.52933185333328,243.53元,0.0,569.5260333333332
2025-02-05T00:10:00,2025-02-05T00:20:00,2025-02-05,1,1202.6975796445972,1202.6975796445972,0.0,1202.6975796445972,0.0,0.0,1202.6975796445972,0.4248,510.9059318330249,0.6372,0.0,2.124,0.0,0.0,0.0,510.9059318330249,510.91元,0.0,1202.6975796445972
2025-02-05T00:20:00,2025-02-05T00:30:00,2025-02-05,2,1399.9403397681767,1399.9403397681767,0.0,1399.9403397681767,0.0,0.0,1399.9403397681767,0.4245,594.274674231591,0.6367499999999999,0.0,2.1225,0.0,0.0,0.0,594.274674231591,594.27元,0.0,1399.9403397681767
2025-02-05T00:30:00,2025-02-05T00:40:00,2025-02-05,3,594.9685547488103,594.9685547488103,0.0,594.9685547488103,0.0,0.0,594.9685547488103,0.4269,253.99207602226713,0.64035,0.0,2.1345,0.0,0.0,0.0,253.99207602226713,253.99元,0.0,594.9685547488103
2025-02-05T00:40:00,2025-02-05T00:50:00,2025-02-05,4,578.4027018177557,578.4027018177557,0.0,578.4027018177557,0.0,0.0,578.4027018177557,0.4272,247.09363421654524,0.6408,0.0,2.136,0.0,0.0,0.0,247.09363421654524,247.09元,0.0,578.4027018177557
2025-02-05T00:50:00,2025-02-05T01:00:00,2025-02-05,5,578.2570853773963,578.2570853773963,0.0,578.2570853773963,0.0,0.0,578.2570853773963,0.4271,246.97360116468593,0.6406499999999999,0.0,2.1355,0.0,0.0,0.0,246.97360116468593,246.97元,0.0,578.2570853773963
2025-02-05T01:00:00,2025-02-05T01:10:00,2025-02-05,6,603.276760863515,603.276760863515,0.0,603.276760863515,0.0,0.0,603.276760863515,0.4285,258.5040920300162,0.6427499999999999,0.0,2.1425,0.0,0.0,0.0,258.5040920300162,258.50元,0.0,603.276760863515
2025-02-05T01:10:00,2025-02-05T01:20:00,2025-02-05,7,600.7040676964051,600.7040676964051,0.0,600.7040676964051,0.0,0.0,600.7040676964051,0.4311,258.9635235839202,0.64665,0.0,2.1555,0.0,0.0,0.0,258.9635235839202,258.96元,0.0,600.7040676964051
2025-02-05T01:20:00,2025-02-05T01:30:00,2025-02-05,8,602.7409088862894,602.7409088862894,0.0,602.7409088862894,0.0,0.0,602.7409088862894,0.4302,259.2991390028817,0.6453,0.0,2.1510000000000002,0.0,0.0,0.0,259.2991390028817,259.30元,0.0,602.7409088862894
2025-02-05T01:30:00,2025-02-05T01:40:00,2025-02-05,9,614.7484481267193,614.7484481267193,0.0,614.7484481267193,0.0,0.0,614.7484481267193,0.4279,263.0508609534232,0.64185,0.0,2.1395,0.0,0.0,0.0,263.0508609534232,263.05元,0.0,614.7484481267193
2025-02-05T01:40:00,2025-02-05T01:50:00,2025-02-05,10,606.2329943762851,606.2329943762851,0.0,606.2329943762851,0.0,0.0,606.2329943762851,0.4312,261.40766717505414,0.6468,0.0,2.156,0.0,0.0,0.0,261.40766717505414,261.41元,0.0,606.2329943762851
2025-02-05T01:50:00,2025-02-05T02:00:00,2025-02-05,11,598.38329059562,598.38329059562,0.0,598.38329059562,0.0,0.0,598.38329059562,0.4333,259.27947981508214,0.64995,0.0,2.1665,0.0,0.0,0.0,259.27947981508214,259.28元,0.0,598.38329059562
2025-02-05T02:00:00,2025-02-05T02:10:00,2025-02-05,12,605.7898999733471,605.7898999733471,0.0,605.7898999733471,0.0,0.0,605.7898999733471,0.4311,261.1560258785099,0.64665,0.0,2.1555,0.0,0.0,0.0,261.1560258785099,261.16元,0.0,605.7898999733471
2025-02-05T02:10:00,2025-02-05T02:20:00,2025-02-05,13,622.3024479746036,622.3024479746036,0.0,622.3024479746036,0.0,0.0,622.3024479746036,0.4293,267.15444091549733,0.64395,0.0,2.1465,0.0,0.0,0.0,267.15444091549733,267.15元,0.0,622.3024479746036
2025-02-05T02:20:00,2025-02-05T02:30:00,2025-02-05,14,638.8985502124369,638.8985502124369,0.0,638.8985502124369,0.0,0.0,638.8985502124369,0.4324,276.2597331118577,0.6486000000000001,0.0,2.162,0.0,0.0,0.0,276.2597331118577,276.26元,0.0,638.8985502124369
2025-02-05T02:30:00,2025-02-05T02:40:00,2025-02-05,15,642.9324878090256,642.9324878090256,0.0,642.9324878090256,0.0,0.0,642.9324878090256,0.4367,280.76861742620144,0.6550499999999999,0.0,2.1835,0.0,0.0,0.0,280.76861742620144,280.77元,0.0,642.9324878090256
2025-02-05T02:40:00,2025-02-05T02:50:00,2025-02-05,16,630.1342402470059,630.1342402470059,0.0,630.1342402470059,0.0,0.0,630.1342402470059,0.4348,273.98236765939816,0.6522,0.0,2.174,0.0,0.0,0.0,273.98236765939816,273.98元,0.0,630.1342402470059
2025-02-05T02:50:00,2025-02-05T03:00:00,2025-02-05,17,639.5575432111725,639.5575432111725,0.0,639.5575432111725,0.0,0.0,639.5575432111725,0.4335,277.2481949820433,0.65025,0.0,2.1675,0.0,0.0,0.0,277.2481949820433,277.25元,0.0,639.5575432111725
2025-02-05T03:00:00,2025-02-05T03:10:00,2025-02-05,18,660.0970972541511,660.0970972541511,0.0,660.0970972541511,0.0,0.0,660.0970972541511,0.4357,287.6043052736336,0.65355,0.0,2.1784999999999997,0.0,0.0,0.0,287.6043052736336,287.60元,0.0,660.0970972541511
2025-02-05T03:10:00,2025-02-05T03:20:00,2025-02-05,19,644.827876452968,644.827876452968,0.0,644.827876452968,0.0,0.0,644.827876452968,0.4374,282.0477131605282,0.6561,0.0,2.1870000000000003,0.0,0.0,0.0,282.0477131605282,282.05元,0.0,644.827876452968
2025-02-05T03:20:00,2025-02-05T03:30:00,2025-02-05,20,644.3893637234295,644.3893637234295,0.0,644.3893637234295,0.0,0.0,644.3893637234295,0.4371,281.66259088351103,0.65565,0.0,2.1854999999999998,0.0,0.0,0.0,281.66259088351103,281.66元,0.0,644.3893637234295
2025-02-05T03:30:00,2025-02-05T03:40:00,2025-02-05,21,660.4556302925561,660.4556302925561,0.0,660.4556302925561,0.0,0.0,660.4556302925561,0.4356,287.6944725554374,0.6534,0.0,2.178,0.0,0.0,0.0,287.6944725554374,287.69元,0.0,660.4556302925561
2025-02-05T03:40:00,2025-02-05T03:50:00,2025-02-05,22,645.8208934959738,645.8208934959738,0.0,645.8208934959738,0.0,0.0,645.8208934959738,0.4353,281.1258349387974,0.65295,0.0,2.1765,0.0,0.0,0.0,281.1258349387974,281.13元,0.0,645.8208934959738
2025-02-05T03:50:00,2025-02-05T04:00:00,2025-02-05,23,650.8480295671566,650.8480295671566,0.0,650.8480295671566,0.0,0.0,650.8480295671566,0.436,283.76974089128026,0.654,0.0,2.18,0.0,0.0,0.0,283.76974089128026,283.77元,0.0,650.8480295671566
2025-02-05T04:00:00,2025-02-05T04:10:00,2025-02-05,24,682.3938339187473,682.3938339187473,0.0,682.3938339187473,0.0,0.0,682.3938339187473,0.4378,298.75202048962757,0.6567000000000001,0.0,2.189,0.0,0.0,0.0,298.75202048962757,298.75元,0.0,682.3938339187473
2025-02-05T04:10:00,2025-02-05T04:20:00,2025-02-05,25,692.1420247495032,692.1420247495032,0.0,692.1420247495032,0.0,0.0,692.1420247495032,0.4401,304.61170509225633,0.66015,0.0,2.2005,0.0,0.0,0.0,304.61170509225633,304.61元,0.0,692.1420247495032
2025-02-05T04:20:00,2025-02-05T04:30:00,2025-02-05,26,685.7721591437463,685.7721591437463,0.0,685.7721591437463,0.0,0.0,685.7721591437463,0.4389,300.98540064819025,0.65835,0.0,2.1945,0.0,0.0,0.0,300.98540064819025,300.99元,0.0,685.7721591437463
2025-02-05T04:30:00,2025-02-05T04:40:00,2025-02-05,27,679.6017891635227,679.6017891635227,0.0,679.6017891635227,0.0,0.0,679.6017891635227,0.4364,296.57822079096127,0.6546000000000001,0.0,2.182,0.0,0.0,0.0,296.57822079096127,296.58元,0.0,679.6017891635227
2025-02-05T04:40:00,2025-02-05T04:50:00,2025-02-05,28,681.7620429336732,681.7620429336732,0.0,681.7620429336732,0.0,0.0,681.7620429336732,0.4393,299.4980654607627,0.65895,0.0,2.1965000000000003,0.0,0.0,0.0,299.4980654607627,299.50元,0.0,681.7620429336732
2025-02-05T04:50:00,2025-02-05T05:00:00,2025-02-05,29,682.6904383158746,682.6904383158746,0.0,682.6904383158746,0.0,0.0,682.6904383158746,0.4422,301.88571182327973,0.6633,0.0,2.211,0.0,0.0,0.0,301.88571182327973,301.89元,0.0,682.6904383158746
2025-02-05T05:00:00,2025-02-05T05:10:00,2025-02-05,30,681.828811000755,681.828811000755,0.0,681.828811000755,0.0,0.0,681.828811000755,0.4395,299.6637624348318,0.65925,0.0,2.1975,0.0,0.0,0.0,299.6637624348318,299.66元,0.0,681.828811000755
2025-02-05T05:10:00,2025-02-05T05:20:00,2025-02-05,31,690.3393423648705,690.3393423648705,0.0,690.3393423648705,0.0,0.0,690.3393423648705,0.4333,299.1240370466984,0.64995,0.0,2.1665,0.0,0.0,0.0,299.1240370466984,299.12元,0.0,690.3393423648705
2025-02-05T05:20:00,2025-02-05T05:30:00,2025-02-05,32,711.3627746647578,711.3627746647578,0.0,711.3627746647578,0.0,0.0,711.3627746647578,0.4439,315.773935673686,0.66585,0.0,2.2195,0.0,0.0,0.0,315.773935673686,315.77元,0.0,711.3627746647578
2025-02-05T05:30:00,2025-02-05T05:40:00,2025-02-05,33,715.0736762645864,715.0736762645864,0.0,715.0736762645864,0.0,0.0,715.0736762645864,0.4301,307.5531881613986,0.64515,0.0,2.1505,0.0,0.0,0.0,307.5531881613986,307.55元,0.0,715.0736762645864
2025-02-05T05:40:00,2025-02-05T05:50:00,2025-02-05,34,1517.7870193616263,1517.7870193616263,0.0,1517.7870193616263,0.0,0.0,1517.7870193616263,0.3713,563.5543202889719,0.5569500000000001,0.0,1.8565,0.0,0.0,0.0,563.5543202889719,563.55元,64.26532496477772,1453.5216943968487
2025-02-05T05:50:00,2025-02-05T06:00:00,2025-02-05,35,766.259568914118,766.259568914118,0.0,766.259568914118,0.0,0.0,766.259568914118,0.5708,437.3809619361785,0.8562,0.0,2.854,0.0,0.0,0.0,437.3809619361785,437.38元,28.166702239351043,738.0928666747669
2025-02-05T06:00:00,2025-02-05T06:10:00,2025-02-05,36,643.7788563462216,643.7788563462216,0.0,643.7788563462216,0.0,0.0,643.7788563462216,0.9099,585.774381389427,1.3648500000000001,0.0,4.5495,0.0,128.24900796182396,58.34688617223181,644.1212675616589,644.12元,0.0,643.7788563462216
2025-02-05T06:10:00,2025-02-05T06:20:00,2025-02-05,37,153.57157286256472,153.57157286256472,0.0,153.57157286256472,0.0,0.0,153.57157286256472,0.9368,143.86584945765063,1.4052,0.0,4.684,0.0,0.0,0.0,143.86584945765063,143.87元,0.0,153.57157286256472
2025-02-05T06:20:00,2025-02-05T06:30:00,2025-02-05,38,844.876352907496,844.876352907496,0.0,844.876352907496,0.0,0.0,844.876352907496,0.8758,739.942709876385,1.3137,0.0,4.3790000000000004,0.0,0.0,0.0,739.942709876385,739.94元,0.0,844.876352907496
2025-02-05T06:30:00,2025-02-05T06:40:00,2025-02-05,39,878.1408539901341,868.3113504820011,0.0,868.3113504820011,-9.82950350813303,0.0,868.3113504820011,0.8759,760.5539118871848,1.31385,0.0,4.3795,0.0,0.0,0.0,760.5539118871848,760.55元,0.0,868.3113504820011
2025-02-05T06:40:00,2025-02-05T06:50:00,2025-02-05,40,916.0795613192911,916.0795613192911,0.0,916.0795613192911,0.0,0.0,916.0795613192911,0.8601,787.9200306907222,1.29015,0.0,4.3004999999999995,0.0,0.0,0.0,787.9200306907222,787.92元,0.0,916.0795613192911
2025-02-05T06:50:00,2025-02-05T07:00:00,2025-02-05,41,893.711417920457,893.711417920457,0.0,893.711417920457,0.0,0.0,893.711417920457,0.8442,754.4711790084498,1.2663,0.0,4.221,0.0,0.0,0.0,754.4711790084498,754.47元,0.0,893.711417920457
2025-02-05T07:00:00,2025-02-05T07:10:00,2025-02-05,42,819.0799012038092,819.0799012038092,0.0,819.0799012038092,0.0,0.0,819.0799012038092,0.8334,682.6211896632547,1.2501,0.0,4.167,0.0,0.0,0.0,682.6211896632547,682.62元,0.0,819.0799012038092
2025-02-05T07:10:00,2025-02-05T07:20:00,2025-02-05,43,755.9107687136043,755.9107687136043,0.0,755.9107687136043,0.0,0.0,755.9107687136043,0.8092,611.6829940430487,1.2138,0.0,4.046,0.0,0.0,0.0,611.6829940430487,611.68元,0.0,755.9107687136043
2025-02-05T07:20:00,2025-02-05T07:30:00,2025-02-05,44,735.4525148717717,735.4525148717717,0.0,735.4525148717717,0.0,0.0,735.4525148717717,0.7972,586.3027448557764,1.1958,0.0,3.986,0.0,0.0,0.0,586.3027448557764,586.30元,0.0,735.4525148717717
2025-02-05T07:30:00,2025-02-05T07:40:00,2025-02-05,45,701.2429165161459,701.2429165161459,0.0,701.2429165161459,0.0,0.0,701.2429165161459,0.7644,536.0300853849419,1.1465999999999998,0.0,3.822,0.0,0.0,0.0,536.0300853849419,536.03元,0.0,701.2429165161459
2025-02-05T07:40:00,2025-02-05T07:50:00,2025-02-05,46,1434.9382794468847,1430.2678085706484,0.0,1430.2678085706484,-4.6704708762363225,0.0,1430.2678085706484,0.6899,986.7417611328902,1.03485,0.0,3.4494999999999996,0.0,0.0,0.0,986.7417611328902,986.74元,0.0,1430.2678085706484
2025-02-05T07:50:00,2025-02-05T08:00:00,2025-02-05,47,677.0477974635867,677.0477974635867,0.0,677.0477974635867,0.0,0.0,677.0477974635867,0.86,582.2611058186845,1.29,0.0,4.3,0.0,0.0,0.0,582.2611058186845,582.26元,0.0,677.0477974635867
2025-02-05T08:00:00,2025-02-05T08:10:00,2025-02-05,48,163.97489954359708,163.97489954359708,5.503802558938901,169.47870210253598,5.503802558938901,0.0,169.47870210253598,1.1617,190.48964079979672,1.74255,9.590651149078981,5.8084999999999996,0.0,0.0,0.0,200.0802919488757,200.08元,0.0,169.47870210253598
2025-02-05T08:10:00,2025-02-05T08:20:00,2025-02-05,49,149.61818675088796,149.61818675088796,8.644082752126224,158.26226950301418,8.644082752126224,0.0,158.26226950301418,1.1683,174.79892758106237,1.7524499999999998,15.1483228189636,5.8415,0.0,0.0,0.0,189.94725040002598,189.95元,0.0,158.26226950301418
2025-02-05T08:20:00,2025-02-05T08:30:00,2025-02-05,50,55.20071999403115,55.20071999403115,8.765541765580338,63.966261759611484,8.765541765580338,0.0,63.966261759611484,1.0956,60.47790882546052,1.6433999999999997,14.405291337554726,5.478,0.0,0.0,0.0,74.88320016301525,74.88元,0.0,63.966261759611484
2025-02-05T08:30:00,2025-02-05T08:40:00,2025-02-05,51,11.263051919585678,8.965745371660091,0.0,8.965745371660091,-2.2973065479255865,0.0,8.965745371660091,1.0849,9.726937153714033,1.6273499999999999,0.0,5.4245,0.0,0.0,0.0,9.726937153714033,9.73元,0.0,8.965745371660091
2025-02-05T08:40:00,2025-02-05T08:50:00,2025-02-05,52,0.0,0.0,0.0,0.0,0.0,0.0,0.0,1.061,0.0,1.5915,0.0,5.305,0.0,0.0,0.0,0.0,0.00元,0.0,0.0
2025-02-05T08:50:00,2025-02-05T09:00:00,2025-02-05,53,0.0,0.0,0.0,0.0,0.0,0.0,0.0,1.043,0.0,1.5644999999999998,0.0,5.215,0.0,0.0,0.0,0.0,0.00元,0.0,0.0
2025-02-05T09:00:00,2025-02-05T09:10:00,2025-02-05,54,0.0,0.0,0.0,0.0,0.0,0.0,0.0,1.036,0.0,1.554,0.0,5.18,0.0,0.0,0.0,0.0,0.00元,0.0,0.0
2025-02-05T09:10:00,2025-02-05T09:20:00,2025-02-05,55,0.0,0.0,0.0,0.0,0.0,0.0,0.0,1.0147,0.0,1.52205,0.0,5.073499999999999,0.0,0.0,0.0,0.0,0.00元,0.0,0.0
2025-02-05T09:20:00,2025-02-05T09:30:00,2025-02-05,56,0.0,0.0,0.0,0.0,0.0,0.0,0.0,0.9922,0.0,1.4883,0.0,4.961,0.0,0.0,0.0,0.0,0.00元,0.0,0.0
2025-02-05T09:30:00,2025-02-05T09:40:00,2025-02-05,57,0.0,0.0,0.0,0.0,0.0,0.0,0.0,0.97,0.0,1.455,0.0,4.85,0.0,0.0,0.0,0.0,0.00元,0.0,0.0
2025-02-05T09:40:00,2025-02-05T09:50:00,2025-02-05,58,0.0,0.0,0.0,0.0,0.0,0.0,0.0,0.9422,0.0,1.4133,0.0,4.711,0.0,0.0,0.0,0.0,0.00元,0.0,0.0
2025-02-05T09:50:00,2025-02-05T10:00:00,2025-02-05,59,0.0,0.0,0.0,0.0,0.0,0.0,0.0,0.9569,0.0,1.43535,0.0,4.7844999999999995,0.0,0.0,0.0,0.0,0.00元,0.0,0.0
2025-02-05T10:00:00,2025-02-05T10:10:00,2025-02-05,60,0.0,0.0,0.0,0.0,0.0,0.0,0.0,0.9977,0.0,1.49655,0.0,4.9885,0.0,0.0,0.0,0.0,0.00元,0.0,0.0
2025-02-05T10:10:00,2025-02-05T10:20:00,2025-02-05,61,0.0,0.0,0.0,0.0,0.0,0.0,0.0,0.9919,0.0,1.48785,0.0,4.9595,0.0,0.0,0.0,0.0,0.00元,0.0,0.0
2025-02-05T10:20:00,2025-02-05T10:30:00,2025-02-05,62,0.0,0.0,0.0,0.0,0.0,0.0,0.0,0.9588,0.0,1.4382,0.0,4.794,0.0,0.0,0.0,0.0,0.00元,0.0,0.0
2025-02-05T10:30:00,2025-02-05T10:40:00,2025-02-05,63,0.0,0.0,0.0,0.0,0.0,0.0,0.0,0.9549,0.0,1.43235,0.0,4.7745,0.0,0.0,0.0,0.0,0.00元,0.0,0.0
2025-02-05T10:40:00,2025-02-05T10:50:00,2025-02-05,64,0.0,0.0,0.0,0.0,0.0,157.67933472117102,157.67933472117102,0.9839,0.0,1.4758499999999999,0.0,4.9195,775.7034871608008,0.0,0.0,775.7034871608008,775.70元,0.0,157.67933472117102
2025-02-05T10:50:00,2025-02-05T11:00:00,2025-02-05,65,156.92570242547072,156.92570242547072,0.0,156.92570242547072,0.0,0.11224757452945712,157.03795000000017,0.799,125.38363623795111,1.1985000000000001,0.0,3.995,0.44842906024518125,0.0,0.0,125.8320652981963,125.83元,0.0,157.03795000000017
2025-02-05T11:00:00,2025-02-05T11:10:00,2025-02-05,66,976.3472230298545,976.3472230298545,0.0,976.3472230298545,0.0,0.0,976.3472230298545,0.5025,490.6144795725018,0.7537499999999999,0.0,2.5124999999999997,0.0,0.0,0.0,490.6144795725018,490.61元,0.0,976.3472230298545
2025-02-05T11:10:00,2025-02-05T11:20:00,2025-02-05,67,962.4956148491327,962.4956148491327,0.0,962.4956148491327,0.0,0.0,962.4956148491327,0.4662,448.7154556426657,0.6993,0.0,2.331,0.0,0.0,0.0,448.7154556426657,448.72元,0.0,962.4956148491327
2025-02-05T11:20:00,2025-02-05T11:30:00,2025-02-05,68,937.0410659825301,937.0410659825301,0.0,937.0410659825301,0.0,0.0,937.0410659825301,0.5007,469.1764617374528,0.75105,0.0,2.5035000000000003,0.0,0.0,0.0,469.1764617374528,469.18元,0.0,937.0410659825301
2025-02-05T11:30:00,2025-02-05T11:40:00,2025-02-05,69,908.3745230543306,908.3745230543306,0.0,908.3745230543306,0.0,0.0,908.3745230543306,0.4827,438.47238227832537,0.7240500000000001,0.0,2.4135,0.0,0.0,0.0,438.47238227832537,438.47元,0.0,908.3745230543306
2025-02-05T11:40:00,2025-02-05T11:50:00,2025-02-05,70,897.9395153266661,897.9395153266661,0.0,897.9395153266661,0.0,0.0,897.9395153266661,0.4785,429.6640580838097,0.71775,0.0,2.3925,0.0,0.0,0.0,429.6640580838097,429.66元,0.0,897.9395153266661
2025-02-05T11:50:00,2025-02-05T12:00:00,2025-02-05,71,867.5486333182411,867.5486333182411,0.0,867.5486333182411,0.0,0.0,867.5486333182411,0.4662,404.45117285296396,0.6993,0.0,2.331,0.0,0.0,0.0,404.45117285296396,404.45元,0.0,867.5486333182411
2025-02-05T12:00:00,2025-02-05T12:10:00,2025-02-05,72,827.8131309551567,787.6848890787293,0.0,787.6848890787293,-40.12824187642741,0.0,787.6848890787293,0.4432,349.1019428396928,0.6648,0.0,2.2159999999999997,0.0,523.1077916626152,115.92068663243553,465.02262947212836,465.02元,0.0,787.6848890787293
2025-02-05T12:10:00,2025-02-05T12:20:00,2025-02-05,73,816.7008263930087,777.6494007077084,0.0,777.6494007077084,-39.05142568530027,0.0,777.6494007077084,0.4411,343.0211506521702,0.66165,0.0,2.2055,0.0,0.0,0.0,343.0211506521702,343.02元,0.0,777.6494007077084
2025-02-05T12:20:00,2025-02-05T12:30:00,2025-02-05,74,811.3431387803229,773.3286679633983,0.0,773.3286679633983,-38.014470816924586,0.0,773.3286679633983,0.4551,351.94187679014254,0.68265,0.0,2.2755,0.0,0.0,0.0,351.94187679014254,351.94元,0.0,773.3286679633983
2025-02-05T12:30:00,2025-02-05T12:40:00,2025-02-05,75,808.6334415363091,771.6210836901857,0.0,771.6210836901857,-37.01235784612334,0.0,771.6210836901857,0.4463,344.3744896509299,0.66945,0.0,2.2315,0.0,0.0,0.0,344.3744896509299,344.37元,0.0,771.6210836901857
2025-02-05T12:40:00,2025-02-05T12:50:00,2025-02-05,76,838.1667009646245,802.1403226258736,0.0,802.1403226258736,-36.026378338750874,0.0,802.1403226258736,0.4113,329.9203146960218,0.61695,0.0,2.0564999999999998,0.0,0.0,0.0,329.9203146960218,329.92元,0.0,802.1403226258736
2025-02-05T12:50:00,2025-02-05T13:00:00,2025-02-05,77,886.724899672802,851.6646952760101,0.0,851.6646952760101,-35.06020439679196,0.0,851.6646952760101,0.5682,483.91587985582896,0.8523000000000001,0.0,2.841,0.0,0.0,0.0,483.91587985582896,483.92元,0.0,851.6646952760101
2025-02-05T13:00:00,2025-02-05T13:10:00,2025-02-05,78,91.20317971065606,91.20317971065606,0.0,91.20317971065606,0.0,0.0,91.20317971065606,0.8279,75.50711248245214,1.24185,0.0,4.1395,0.0,0.0,0.0,75.50711248245214,75.51元,0.0,91.20317971065606
2025-02-05T13:10:00,2025-02-05T13:20:00,2025-02-05,79,108.54135366041851,108.54135366041851,0.0,108.54135366041851,0.0,0.0,108.54135366041851,0.8636,93.73631302113743,1.2954,0.0,4.3180000000000005,0.0,0.0,0.0,93.73631302113743,93.74元,0.0,108.54135366041851
2025-02-05T13:20:00,2025-02-05T13:30:00,2025-02-05,80,113.07039819418651,113.07039819418651,0.0,113.07039819418651,0.0,0.0,113.07039819418651,0.8416,95.16004712022736,1.2624,0.0,4.208,0.0,0.0,0.0,95.16004712022736,95.16元,0.0,113.07039819418651
2025-02-05T13:30:00,2025-02-05T13:40:00,2025-02-05,81,117.23124694961007,117.23124694961007,0.0,117.23124694961007,0.0,0.0,117.23124694961007,0.8618,101.02988862117395,1.2927,0.0,4.309,0.0,0.0,0.0,101.02988862117395,101.03元,0.0,117.23124694961007
2025-02-05T13:40:00,2025-02-05T13:50:00,2025-02-05,82,125.8234705958281,125.8234705958281,0.0,125.8234705958281,0.0,0.0,125.8234705958281,0.8623,108.49757869478256,1.29345,0.0,4.3115,0.0,0.0,0.0,108.49757869478256,108.50元,0.0,125.8234705958281
2025-02-05T13:50:00,2025-02-05T14:00:00,2025-02-05,83,0.2847985046537198,0.2847985046537198,0.0,0.2847985046537198,0.0,0.0,0.2847985046537198,0.9026,0.25705913030044747,1.3538999999999999,0.0,4.513,0.0,0.0,0.0,0.25705913030044747,0.26元,0.0,0.2847985046537198
2025-02-05T14:00:00,2025-02-05T14:10:00,2025-02-05,84,0.0,0.0,0.0,0.0,0.0,0.0,0.0,0.9754,0.0,1.4631,0.0,4.877000000000001,0.0,0.0,0.0,0.0,0.00元,0.0,0.0
2025-02-05T14:10:00,2025-02-05T14:20:00,2025-02-05,85,0.0,0.0,0.0,0.0,0.0,0.0,0.0,1.0002,0.0,1.5003,0.0,5.0009999999999994,0.0,0.0,0.0,0.0,0.00元,0.0,0.0
2025-02-05T14:20:00,2025-02-05T14:30:00,2025-02-05,86,0.0,0.0,0.0,0.0,0.0,0.0,0.0,0.9978,0.0,1.4967000000000001,0.0,4.989,0.0,0.0,0.0,0.0,0.00元,0.0,0.0
2025-02-05T14:30:00,2025-02-05T14:40:00,2025-02-05,87,0.0,0.0,0.0,0.0,0.0,0.0,0.0,1.0271,0.0,1.5406499999999999,0.0,5.1354999999999995,0.0,0.0,0.0,0.0,0.00元,0.0,0.0
2025-02-05T14:40:00,2025-02-05T14:50:00,2025-02-05,88,0.0,0.0,0.0,0.0,0.0,0.0,0.0,1.0906,0.0,1.6359,0.0,5.453,0.0,0.0,0.0,0.0,0.00元,0.0,0.0
2025-02-05T14:50:00,2025-02-05T15:00:00,2025-02-05,89,0.0,0.0,0.0,0.0,0.0,0.0,0.0,0.9376,0.0,1.4064,0.0,4.688,0.0,0.0,0.0,0.0,0.00元,0.0,0.0
2025-02-05T15:00:00,2025-02-05T15:10:00,2025-02-05,90,1279.92669306855,1242.628255898932,0.0,1242.628255898932,-37.29843716961818,0.0,1242.628255898932,0.6694,831.815354498745,1.0041,0.0,3.347,0.0,0.0,0.0,831.815354498745,831.82元,0.0,1242.628255898932
2025-02-05T15:10:00,2025-02-05T15:20:00,2025-02-05,91,1302.7799861022772,1267.1017314274268,0.0,1267.1017314274268,-35.67825467485045,0.0,1267.1017314274268,0.66,836.2871427421018,0.99,0.0,3.3000000000000003,0.0,0.0,0.0,836.2871427421018,836.29元,0.0,1267.1017314274268
2025-02-05T15:20:00,2025-02-05T15:30:00,2025-02-05,92,1349.7312230705909,1315.674006023808,0.0,1315.674006023808,-34.05721704678285,0.0,1315.674006023808,0.7217,949.5219301473822,1.08255,0.0,3.6085000000000003,0.0,0.0,0.0,949.5219301473822,949.52元,0.0,1315.674006023808
2025-02-05T15:30:00,2025-02-05T15:40:00,2025-02-05,93,581.2941042026548,581.2941042026548,0.0,581.2941042026548,0.0,0.0,581.2941042026548,0.7308,424.8097313513001,1.0962,0.0,3.654,0.0,0.0,0.0,424.8097313513001,424.81元,0.0,581.2941042026548
2025-02-05T15:40:00,2025-02-05T15:50:00,2025-02-05,94,611.3340068285371,611.3340068285371,0.0,611.3340068285371,0.0,0.0,611.3340068285371,0.7534,460.5790407446198,1.1300999999999999,0.0,3.767,0.0,0.0,0.0,460.5790407446198,460.58元,0.0,611.3340068285371
2025-02-05T15:50:00,2025-02-05T16:00:00,2025-02-05,95,646.9251163739173,646.9251163739173,0.0,646.9251163739173,0.0,0.0,646.9251163739173,0.7823,506.08951853931546,1.1734499999999999,0.0,3.9115,0.0,0.0,0.0,506.08951853931546,506.09元,0.0,646.9251163739173
2025-02-05T16:00:00,2025-02-05T16:10:00,2025-02-05,96,688.2576558155274,688.2576558155274,0.0,688.2576558155274,0.0,0.0,688.2576558155274,0.8055,554.3915417594073,1.20825,0.0,4.0275,0.0,0.0,0.0,554.3915417594073,554.39元,0.0,688.2576558155274
2025-02-05T16:10:00,2025-02-05T16:20:00,2025-02-05,97,723.5862795967178,723.5862795967178,0.0,723.5862795967178,0.0,0.0,723.5862795967178,0.8271,598.4782118544452,1.24065,0.0,4.1354999999999995,0.0,0.0,0.0,598.4782118544452,598.48元,0.0,723.5862795967178
2025-02-05T16:20:00,2025-02-05T16:30:00,2025-02-05,98,780.2770798866297,780.2770798866297,0.0,780.2770798866297,0.0,0.0,780.2770798866297,0.8519,664.7180443554199,1.27785,0.0,4.2595,0.0,0.0,0.0,664.7180443554199,664.72元,0.0,780.2770798866297
2025-02-05T16:30:00,2025-02-05T16:40:00,2025-02-05,99,843.6888570259944,841.5679046296,0.0,841.5679046296,-2.1209523963943866,0.0,841.5679046296,0.8791,739.8223449598813,1.3186499999999999,0.0,4.3955,0.0,0.0,0.0,739.8223449598813,739.82元,0.0,841.5679046296
2025-02-05T16:40:00,2025-02-05T16:50:00,2025-02-05,100,863.431065265072,861.3682174685881,0.0,861.3682174685881,-2.0628477964838794,0.0,861.3682174685881,0.9024,777.2986794436539,1.3536,0.0,4.512,0.0,0.0,0.0,777.2986794436539,777.30元,0.0,861.3682174685881
2025-02-05T16:50:00,2025-02-05T17:00:00,2025-02-05,101,909.4055607729765,907.3992257705065,0.0,907.3992257705065,-2.0063350024699957,0.0,907.3992257705065,0.9163,831.4499105735151,1.37445,0.0,4.5815,0.0,0.0,0.0,831.4499105735151,831.45元,0.0,907.3992257705065
2025-02-05T17:00:00,2025-02-05T17:10:00,2025-02-05,102,990.0400688127603,988.0886984067628,0.0,988.0886984067628,-1.9513704059975225,0.0,988.0886984067628,0.9264,915.365370204025,1.3896,0.0,4.632,0.0,0.0,0.0,915.365370204025,915.37元,0.0,988.0886984067628
2025-02-05T17:10:00,2025-02-05T17:20:00,2025-02-05,103,1034.8331959156176,1032.935284322232,0.0,1032.935284322232,-1.8979115933855155,0.0,1032.935284322232,0.9462,977.363366025696,1.4193,0.0,4.731,0.0,0.0,0.0,977.363366025696,977.36元,0.0,1032.935284322232
2025-02-05T17:20:00,2025-02-05T17:30:00,2025-02-05,104,1026.0941939589877,1024.24827664609,0.0,1024.24827664609,-1.8459173128976545,0.0,1024.24827664609,0.9742,997.8226711086209,1.4613,0.0,4.8709999999999996,0.0,0.0,0.0,997.8226711086209,997.82元,0.0,1024.24827664609
2025-02-05T17:30:00,2025-02-05T17:40:00,2025-02-05,105,1019.6819244819226,1017.8865770390117,0.0,1017.8865770390117,-1.7953474429108383,0.0,1017.8865770390117,0.9862,1003.8397422758734,1.4792999999999998,0.0,4.931,0.0,0.0,0.0,1003.8397422758734,1003.84元,0.0,1017.8865770390117
2025-02-05T17:40:00,2025-02-05T17:50:00,2025-02-05,106,1045.959615618684,1044.2134526577295,0.0,1044.2134526577295,-1.746162960954507,0.0,1044.2134526577295,0.976,1019.152329793944,1.464,0.0,4.88,0.0,0.0,0.0,1019.152329793944,1019.15元,0.0,1044.2134526577295
2025-02-05T17:50:00,2025-02-05T18:00:00,2025-02-05,107,930.073329507747,921.79597837433,0.0,921.79597837433,-8.277351133416914,0.0,921.79597837433,1.0742,990.1932399697054,1.6113,0.0,5.371,0.0,0.0,0.0,990.1932399697054,990.19元,0.0,921.79597837433
2025-02-05T18:00:00,2025-02-05T18:10:00,2025-02-05,108,730.4791362476508,716.2345692848294,7.807214048503965,724.0417833333333,-6.437352914317444,0.0,724.0417833333333,1.2313,881.8996251604104,1.84695,14.4195339868844,6.1565,0.0,0.0,0.0,896.3191591472948,896.32元,0.0,724.0417833333333
2025-02-05T18:10:00,2025-02-05T18:20:00,2025-02-05,109,698.6106246445443,684.7562950419206,7.593331337380619,692.3496263793012,-6.2609982652430745,0.0,692.3496263793012,1.2561,860.1223822021565,1.88415,14.306975239325693,6.2805,0.0,0.0,0.0,874.429357441482,874.43元,0.0,692.3496263793012
2025-02-05T18:20:00,2025-02-05T18:30:00,2025-02-05,110,713.0259779186418,699.5511949196845,7.3853080549641845,706.9365029746486,-6.089474943993196,0.0,706.9365029746486,1.2447,870.7313723165312,1.8670499999999999,13.78873940402088,6.2235,0.0,0.0,0.0,884.5201117205521,884.52元,0.0,706.9365029746486
2025-02-05T18:30:00,2025-02-05T18:40:00,2025-02-05,111,704.5869070108793,691.481272737922,7.182983679141557,698.6642564170636,-5.922650593815661,0.0,698.6642564170636,1.2545,867.4632566497231,1.8817499999999998,13.516579538224624,6.2725,0.0,0.0,0.0,880.9798361879479,880.98元,0.0,698.6642564170636
2025-02-05T18:40:00,2025-02-05T18:50:00,2025-02-05,112,725.2189390398554,712.4723404705278,6.986202085386822,719.4585425559146,-5.760396483940781,0.0,719.4585425559146,1.2522,892.1578647371949,1.8782999999999999,13.122183376982067,6.261,0.0,0.0,0.0,905.2800481141769,905.28元,0.0,719.4585425559146
2025-02-05T18:50:00,2025-02-05T19:00:00,2025-02-05,113,41.52951018486465,5.220388715287754,322.16744154405313,327.3878302593409,285.85832007447624,0.0,327.3878302593409,1.2881,6.724382704162156,1.93215,622.4758221793422,6.4405,0.0,0.0,0.0,629.2002048835044,629.20元,0.0,327.3878302593409
2025-02-05T19:00:00,2025-02-05T19:10:00,2025-02-05,114,0.0,0.0,0.0,0.0,0.0,0.0,0.0,1.3466,0.0,2.0199,0.0,6.7330000000000005,0.0,0.0,0.0,0.0,0.00元,0.0,0.0
2025-02-05T19:10:00,2025-02-05T19:20:00,2025-02-05,115,3.1583453695694743,0.0,7.042097414760406,7.042097414760406,3.8837520451909313,0.0,7.042097414760406,1.3523,0.0,2.0284500000000003,14.284542500970746,6.7615,0.0,0.0,0.0,14.284542500970746,14.28元,0.0,7.042097414760406
2025-02-05T19:20:00,2025-02-05T19:30:00,2025-02-05,116,36.45424869372869,25.22663331475701,1.746040396493754,26.972673711250764,-9.481574982477923,0.0,26.972673711250764,1.3445,33.9172084916908,2.01675,3.521326969628779,6.7225,0.0,0.0,0.0,37.43853546131958,37.44元,0.0,26.972673711250764
2025-02-05T19:30:00,2025-02-05T19:40:00,2025-02-05,117,29.92811074240842,22.697977056788318,6.391326027599689,29.089303084388007,-0.8388076580204142,0.0,29.089303084388007,1.3483,30.603682465667692,2.02245,12.926137324518992,6.7415,0.0,0.0,0.0,43.52981979018668,43.53元,0.0,29.089303084388007
2025-02-05T19:40:00,2025-02-05T19:50:00,2025-02-05,118,20.902177604147482,8.644239136469878,7.405530442630493,16.04976957910037,-4.8524080250471116,0.0,16.04976957910037,1.349,11.661078595097864,2.0235,14.985090850662802,6.745,0.0,0.0,0.0,26.646169445760666,26.65元,0.0,16.04976957910037
2025-02-05T19:50:00,2025-02-05T20:00:00,2025-02-05,119,0.7095055490237883,0.0,0.44663896510110135,0.44663896510110135,-0.2628665839226869,0.0,0.44663896510110135,1.3473,0.0,2.02095,0.9026350165210707,6.7364999999999995,0.0,0.0,0.0,0.9026350165210707,0.90元,0.0,0.44663896510110135
2025-02-05T20:00:00,2025-02-05T20:10:00,2025-02-05,120,0.0,0.0,0.0,0.0,0.0,0.0,0.0,1.3482,0.0,2.0223,0.0,6.7410000000000005,0.0,0.0,0.0,0.0,0.00元,0.0,0.0
2025-02-05T20:10:00,2025-02-05T20:20:00,2025-02-05,121,13.926467391973688,8.036447633411399,4.186058662253572,12.22250629566497,-1.703961096308717,0.0,12.22250629566497,1.3513,10.859651687028823,2.02695,8.484931605454877,6.7565,0.0,0.0,0.0,19.3445832924837,19.34元,0.0,12.22250629566497
2025-02-05T20:20:00,2025-02-05T20:30:00,2025-02-05,122,20.544288612256764,10.838192396544855,1.9573017097604861,12.795494106305341,-7.748794505951423,0.0,12.795494106305341,1.34,14.523177811370106,2.0100000000000002,3.934176436618577,6.7,0.0,0.0,0.0,18.457354247988683,18.46元,0.0,12.795494106305341
2025-02-05T20:30:00,2025-02-05T20:40:00,2025-02-05,123,24.49202948441723,11.21123081725932,14.428478189527937,25.639709006787257,1.1476795223700265,0.0,25.639709006787257,1.3489,15.122829249401097,2.0233499999999998,29.19386134478135,6.7445,0.0,0.0,0.0,44.31669059418245,44.32元,0.0,25.639709006787257
2025-02-05T20:40:00,2025-02-05T20:50:00,2025-02-05,124,8.857854862112617,1.7178392834907754,1.9034164908960065,3.621255774386782,-5.2365990877258355,0.0,3.621255774386782,1.3952,2.39672936832633,2.0928,3.9834700321471623,6.976,0.0,0.0,0.0,6.380199400473492,6.38元,0.0,3.621255774386782
2025-02-05T20:50:00,2025-02-05T21:00:00,2025-02-05,125,736.9590250134166,728.0759005773697,4.868695136379074,732.9445957137488,-4.014429299667881,0.0,732.9445957137488,1.2226,890.1455960458921,1.8338999999999999,8.928700010605583,6.1129999999999995,0.0,0.0,0.0,899.0742960564977,899.07元,0.0,732.9445957137488
2025-02-05T21:00:00,2025-02-05T21:10:00,2025-02-05,126,793.8052106721092,779.0090365755084,0.0,779.0090365755084,-14.796174096600794,0.0,779.0090365755084,0.9332,726.9712329322645,1.3998,0.0,4.666,0.0,0.0,0.0,726.9712329322645,726.97元,0.0,779.0090365755084
2025-02-05T21:10:00,2025-02-05T21:20:00,2025-02-05,127,726.2478528707103,725.2734325682558,0.0,725.2734325682558,-0.9744203024545186,0.0,725.2734325682558,0.9068,657.6779486528943,1.3602,0.0,4.534000000000001,0.0,0.0,0.0,657.6779486528943,657.68元,0.0,725.2734325682558
2025-02-05T21:20:00,2025-02-05T21:30:00,2025-02-05,128,722.7502625963959,714.5773935745538,0.0,714.5773935745538,-8.172869021842189,0.0,714.5773935745538,0.9371,669.6304755187143,1.40565,0.0,4.6855,0.0,0.0,0.0,669.6304755187143,669.63元,0.0,714.5773935745538
2025-02-05T21:30:00,2025-02-05T21:40:00,2025-02-05,129,753.7820661170907,745.8330971155615,0.0,745.8330971155615,-7.948969001529235,0.0,745.8330971155615,0.9371,698.9201953069927,1.40565,0.0,4.6855,0.0,0.0,0.0,698.9201953069927,698.92元,0.0,745.8330971155615
2025-02-05T21:40:00,2025-02-05T21:50:00,2025-02-05,130,743.0543389162561,740.039179860248,0.0,740.039179860248,-3.0151590560080876,0.0,740.039179860248,0.9871,730.4926744400508,1.48065,0.0,4.9355,0.0,0.0,0.0,730.4926744400508,730.49元,0.0,740.039179860248
2025-02-05T21:50:00,2025-02-05T22:00:00,2025-02-05,131,710.290714365658,710.290714365658,0.0,710.290714365658,0.0,0.0,710.290714365658,0.7764,551.4697106334969,1.1646,0.0,3.8819999999999997,0.0,0.0,0.0,551.4697106334969,551.47元,0.0,710.290714365658
2025-02-05T22:00:00,2025-02-05T22:10:00,2025-02-05,132,1440.3871326932983,1433.0737281613797,0.0,1433.0737281613797,-7.31340453191865,0.0,1433.0737281613797,0.4209,603.1807321831247,0.63135,0.0,2.1045,0.0,0.0,0.0,603.1807321831247,603.18元,70.24872817137974,1362.82499999
2025-02-05T22:10:00,2025-02-05T22:20:00,2025-02-05,133,1403.375105470801,1396.262055480094,0.0,1396.262055480094,-7.113049990706941,0.0,1396.262055480094,0.3859,538.8175272097683,0.5788500000000001,0.0,1.9295,0.0,0.0,0.0,538.8175272097683,538.82元,31.397255490094032,1364.86479999
2025-02-05T22:20:00,2025-02-05T22:30:00,2025-02-05,134,561.9539503787565,561.9539503787565,0.0,561.9539503787565,0.0,0.0,561.9539503787565,0.4368,245.46148552544088,0.6552,0.0,2.184,0.0,0.0,0.0,245.46148552544088,245.46元,0.0,561.9539503787565
2025-02-05T22:30:00,2025-02-05T22:40:00,2025-02-05,135,1381.630960325803,1374.9023033342864,0.0,1374.9023033342864,-6.728656991516573,0.0,1374.9023033342864,0.4198,577.1839869397335,0.6297,0.0,2.099,0.0,0.0,0.0,577.1839869397335,577.18元,0.0,1374.9023033342864
2025-02-05T22:40:00,2025-02-05T22:50:00,2025-02-05,136,1385.8034069422872,1379.2590850273582,0.0,1379.2590850273582,-6.544321914929014,0.0,1379.2590850273582,0.4186,577.3578529924522,0.6279,0.0,2.093,0.0,0.0,0.0,577.3578529924522,577.36元,0.0,1379.2590850273582
2025-02-05T22:50:00,2025-02-05T23:00:00,2025-02-05,137,1398.0176689257896,1391.6526321316387,0.0,1391.6526321316387,-6.36503679415091,0.0,1391.6526321316387,0.4241,590.1998812870279,0.63615,0.0,2.1205,0.0,0.0,0.0,590.1998812870279,590.20元,0.0,1391.6526321316387
2025-02-05T23:00:00,2025-02-05T23:10:00,2025-02-05,138,1407.5388212196447,1401.3481579366435,0.0,1401.3481579366435,-6.190663283001186,0.0,1401.3481579366435,0.4237,593.7512145177559,0.6355500000000001,0.0,2.1185,0.0,0.0,0.0,593.7512145177559,593.75元,10.706491279976824,1390.6416666566668
2025-02-05T23:10:00,2025-02-05T23:20:00,2025-02-05,139,1019.9471152173587,1019.9471152173587,0.0,1019.9471152173587,0.0,0.0,1019.9471152173587,0.4248,433.273534544334,0.6372,0.0,2.124,0.0,0.0,0.0,433.273534544334,433.27元,0.0,1019.9471152173587
2025-02-05T23:20:00,2025-02-05T23:30:00,2025-02-05,140,1407.433579476066,1401.5774629246973,0.0,1401.5774629246973,-5.856116551368586,0.0,1401.5774629246973,0.424,594.2688442800717,0.636,0.0,2.12,0.0,0.0,0.0,594.2688442800717,594.27元,19.48189626803059,1382.0955666566667
2025-02-05T23:30:00,2025-02-05T23:40:00,2025-02-05,141,1404.3431191562863,1398.6474339799101,0.0,1398.6474339799101,-5.695685176376173,0.0,1398.6474339799101,0.422,590.229217139522,0.633,0.0,2.11,0.0,0.0,0.0,590.229217139522,590.23元,10.422433989910125,1388.22499999
2025-02-05T23:40:00,2025-02-05T23:50:00,2025-02-05,142,1416.5145766036853,1410.9749277008966,0.0,1410.9749277008966,-5.539648902788713,0.0,1410.9749277008966,0.424,598.2533693451802,0.636,0.0,2.12,0.0,0.0,0.0,598.2533693451802,598.25元,9.700427710896626,1401.27449999
2025-02-05T23:50:00,2025-02-06T00:00:00,2025-02-05,143,596.4472248238166,596.4472248238166,0.0,596.4472248238166,0.0,0.0,596.4472248238166,0.4271,254.74260972225204,0.6406499999999999,0.0,2.1355,0.0,0.0,0.0,254.74260972225204,254.74元,0.0,596.4472248238166
2025-02-06T00:00:00,2025-02-06T00:10:00,2025-02-05,144,579.8109166666667,579.8109166666667,0.0,579.8109166666667,0.0,0.0,579.8109166666667,0.4276,247.92714796666667,0.6414,0.0,2.138,0.0,0.0,0.0,247.92714796666667,247.93元,0.0,579.8109166666667
2025-02-06T00:10:00,2025-02-06T00:20:00,2025-02-06,1,1082.6481246853514,1082.6481246853514,0.0,1082.6481246853514,0.0,0.0,1082.6481246853514,0.4248,459.90892336633726,0.6372,0.0,2.124,0.0,0.0,0.0,459.90892336633726,459.91元,0.0,1082.6481246853514
2025-02-06T00:20:00,2025-02-06T00:30:00,2025-02-06,2,1393.8264972809811,1393.8264972809811,0.0,1393.8264972809811,0.0,0.0,1393.8264972809811,0.4245,591.6793480957765,0.6367499999999999,0.0,2.1225,0.0,0.0,0.0,591.6793480957765,591.68元,0.0,1393.8264972809811
2025-02-06T00:30:00,2025-02-06T00:40:00,2025-02-06,3,588.004140923913,588.004140923913,0.0,588.004140923913,0.0,0.0,588.004140923913,0.4269,251.0189677604185,0.64035,0.0,2.1345,0.0,0.0,0.0,251.0189677604185,251.02元,0.0,588.004140923913
2025-02-06T00:40:00,2025-02-06T00:50:00,2025-02-06,4,614.5732719045719,614.5732719045719,0.0,614.5732719045719,0.0,0.0,614.5732719045719,0.4272,262.54570175763314,0.6408,0.0,2.136,0.0,0.0,0.0,262.54570175763314,262.55元,0.0,614.5732719045719
2025-02-06T00:50:00,2025-02-06T01:00:00,2025-02-06,5,625.020045505904,625.020045505904,0.0,625.020045505904,0.0,0.0,625.020045505904,0.4271,266.9460614355716,0.6406499999999999,0.0,2.1355,0.0,0.0,0.0,266.9460614355716,266.95元,0.0,625.020045505904
2025-02-06T01:00:00,2025-02-06T01:10:00,2025-02-06,6,624.446249937394,624.446249937394,0.0,624.446249937394,0.0,0.0,624.446249937394,0.4285,267.5752180981733,0.6427499999999999,0.0,2.1425,0.0,0.0,0.0,267.5752180981733,267.58元,0.0,624.446249937394
2025-02-06T01:10:00,2025-02-06T01:20:00,2025-02-06,7,628.7514390516776,628.7514390516776,0.0,628.7514390516776,0.0,0.0,628.7514390516776,0.4311,271.0547453751782,0.64665,0.0,2.1555,0.0,0.0,0.0,271.0547453751782,271.05元,0.0,628.7514390516776
2025-02-06T01:20:00,2025-02-06T01:30:00,2025-02-06,8,631.2557467218836,631.2557467218836,0.0,631.2557467218836,0.0,0.0,631.2557467218836,0.4302,271.5662222397543,0.6453,0.0,2.1510000000000002,0.0,0.0,0.0,271.5662222397543,271.57元,0.0,631.2557467218836
2025-02-06T01:30:00,2025-02-06T01:40:00,2025-02-06,9,631.3434120465396,631.3434120465396,0.0,631.3434120465396,0.0,0.0,631.3434120465396,0.4279,270.1518460147143,0.64185,0.0,2.1395,0.0,0.0,0.0,270.1518460147143,270.15元,0.0,631.3434120465396
2025-02-06T01:40:00,2025-02-06T01:50:00,2025-02-06,10,636.014140382196,636.014140382196,0.0,636.014140382196,0.0,0.0,636.014140382196,0.4312,274.24929733280294,0.6468,0.0,2.156,0.0,0.0,0.0,274.24929733280294,274.25元,0.0,636.014140382196
2025-02-06T01:50:00,2025-02-06T02:00:00,2025-02-06,11,635.8632085372587,635.8632085372587,0.0,635.8632085372587,0.0,0.0,635.8632085372587,0.4333,275.5195282591942,0.64995,0.0,2.1665,0.0,0.0,0.0,275.5195282591942,275.52元,0.0,635.8632085372587
2025-02-06T02:00:00,2025-02-06T02:10:00,2025-02-06,12,633.1318557938437,633.1318557938437,0.0,633.1318557938437,0.0,0.0,633.1318557938437,0.4311,272.94314303272597,0.64665,0.0,2.1555,0.0,0.0,0.0,272.94314303272597,272.94元,0.0,633.1318557938437
2025-02-06T02:10:00,2025-02-06T02:20:00,2025-02-06,13,639.8951099244674,639.8951099244674,0.0,639.8951099244674,0.0,0.0,639.8951099244674,0.4293,274.7069706905739,0.64395,0.0,2.1465,0.0,0.0,0.0,274.7069706905739,274.71元,0.0,639.8951099244674
2025-02-06T02:20:00,2025-02-06T02:30:00,2025-02-06,14,644.3355740370474,644.3355740370474,0.0,644.3355740370474,0.0,0.0,644.3355740370474,0.4324,278.61070221361933,0.6486000000000001,0.0,2.162,0.0,0.0,0.0,278.61070221361933,278.61元,0.0,644.3355740370474
2025-02-06T02:30:00,2025-02-06T02:40:00,2025-02-06,15,634.9291684150172,634.9291684150172,0.0,634.9291684150172,0.0,0.0,634.9291684150172,0.4367,277.273567846838,0.6550499999999999,0.0,2.1835,0.0,0.0,0.0,277.273567846838,277.27元,0.0,634.9291684150172
2025-02-06T02:40:00,2025-02-06T02:50:00,2025-02-06,16,619.2811481860232,619.2811481860232,0.0,619.2811481860232,0.0,0.0,619.2811481860232,0.4348,269.2634432312829,0.6522,0.0,2.174,0.0,0.0,0.0,269.2634432312829,269.26元,0.0,619.2811481860232
2025-02-06T02:50:00,2025-02-06T03:00:00,2025-02-06,17,651.3055976526658,651.3055976526658,0.0,651.3055976526658,0.0,0.0,651.3055976526658,0.4335,282.34097658243064,0.65025,0.0,2.1675,0.0,0.0,0.0,282.34097658243064,282.34元,0.0,651.3055976526658
2025-02-06T03:00:00,2025-02-06T03:10:00,2025-02-06,18,695.2924237854143,695.2924237854143,0.0,695.2924237854143,0.0,0.0,695.2924237854143,0.4357,302.938909043305,0.65355,0.0,2.1784999999999997,0.0,0.0,0.0,302.938909043305,302.94元,0.0,695.2924237854143
2025-02-06T03:10:00,2025-02-06T03:20:00,2025-02-06,19,662.8040913778133,662.8040913778133,0.0,662.8040913778133,0.0,0.0,662.8040913778133,0.4374,289.9105095686555,0.6561,0.0,2.1870000000000003,0.0,0.0,0.0,289.9105095686555,289.91元,0.0,662.8040913778133
2025-02-06T03:20:00,2025-02-06T03:30:00,2025-02-06,20,653.2162548641072,653.2162548641072,0.0,653.2162548641072,0.0,0.0,653.2162548641072,0.4371,285.52082500110123,0.65565,0.0,2.1854999999999998,0.0,0.0,0.0,285.52082500110123,285.52元,0.0,653.2162548641072
2025-02-06T03:30:00,2025-02-06T03:40:00,2025-02-06,21,682.0373901327272,682.0373901327272,0.0,682.0373901327272,0.0,0.0,682.0373901327272,0.4356,297.09548714181597,0.6534,0.0,2.178,0.0,0.0,0.0,297.09548714181597,297.10元,0.0,682.0373901327272
2025-02-06T03:40:00,2025-02-06T03:50:00,2025-02-06,22,667.7668613357572,667.7668613357572,0.0,667.7668613357572,0.0,0.0,667.7668613357572,0.4353,290.67891473945514,0.65295,0.0,2.1765,0.0,0.0,0.0,290.67891473945514,290.68元,0.0,667.7668613357572
2025-02-06T03:50:00,2025-02-06T04:00:00,2025-02-06,23,665.1722368611524,665.1722368611524,0.0,665.1722368611524,0.0,0.0,665.1722368611524,0.436,290.0150952714625,0.654,0.0,2.18,0.0,0.0,0.0,290.0150952714625,290.02元,0.0,665.1722368611524
2025-02-06T04:00:00,2025-02-06T04:10:00,2025-02-06,24,686.676901134489,686.676901134489,0.0,686.676901134489,0.0,0.0,686.676901134489,0.4378,300.62714731667927,0.6567000000000001,0.0,2.189,0.0,0.0,0.0,300.62714731667927,300.63元,0.0,686.676901134489
2025-02-06T04:10:00,2025-02-06T04:20:00,2025-02-06,25,684.0348664170107,684.0348664170107,0.0,684.0348664170107,0.0,0.0,684.0348664170107,0.4401,301.0437447101264,0.66015,0.0,2.2005,0.0,0.0,0.0,301.0437447101264,301.04元,0.0,684.0348664170107
2025-02-06T04:20:00,2025-02-06T04:30:00,2025-02-06,26,677.0575121000783,677.0575121000783,0.0,677.0575121000783,0.0,0.0,677.0575121000783,0.4389,297.16054206072437,0.65835,0.0,2.1945,0.0,0.0,0.0,297.16054206072437,297.16元,0.0,677.0575121000783
2025-02-06T04:30:00,2025-02-06T04:40:00,2025-02-06,27,687.2912239961172,687.2912239961172,0.0,687.2912239961172,0.0,0.0,687.2912239961172,0.4364,299.93389015190553,0.6546000000000001,0.0,2.182,0.0,0.0,0.0,299.93389015190553,299.93元,0.0,687.2912239961172
2025-02-06T04:40:00,2025-02-06T04:50:00,2025-02-06,28,708.1405686261601,708.1405686261601,0.0,708.1405686261601,0.0,0.0,708.1405686261601,0.4393,311.08615179747216,0.65895,0.0,2.1965000000000003,0.0,0.0,0.0,311.08615179747216,311.09元,0.0,708.1405686261601
2025-02-06T04:50:00,2025-02-06T05:00:00,2025-02-06,29,688.8549777702162,688.8549777702162,0.0,688.8549777702162,0.0,0.0,688.8549777702162,0.4422,304.6116711699896,0.6633,0.0,2.211,0.0,0.0,0.0,304.6116711699896,304.61元,0.0,688.8549777702162
2025-02-06T05:00:00,2025-02-06T05:10:00,2025-02-06,30,655.9215914175953,655.9215914175953,0.0,655.9215914175953,0.0,0.0,655.9215914175953,0.4395,288.27753942803315,0.65925,0.0,2.1975,0.0,0.0,0.0,288.27753942803315,288.28元,0.0,655.9215914175953
2025-02-06T05:10:00,2025-02-06T05:20:00,2025-02-06,31,687.1183372061597,687.1183372061597,0.0,687.1183372061597,0.0,0.0,687.1183372061597,0.4333,297.728375511429,0.64995,0.0,2.1665,0.0,0.0,0.0,297.728375511429,297.73元,0.0,687.1183372061597
2025-02-06T05:20:00,2025-02-06T05:30:00,2025-02-06,32,715.7895515147367,715.7895515147367,0.0,715.7895515147367,0.0,0.0,715.7895515147367,0.4439,317.73898191739164,0.66585,0.0,2.2195,0.0,0.0,0.0,317.73898191739164,317.74元,0.0,715.7895515147367
2025-02-06T05:30:00,2025-02-06T05:40:00,2025-02-06,33,701.8473143375678,701.8473143375678,0.0,701.8473143375678,0.0,0.0,701.8473143375678,0.4301,301.8645298965879,0.64515,0.0,2.1505,0.0,0.0,0.0,301.8645298965879,301.86元,0.0,701.8473143375678
2025-02-06T05:40:00,2025-02-06T05:50:00,2025-02-06,34,1520.0910205767034,1520.0910205767034,0.0,1520.0910205767034,0.0,0.0,1520.0910205767034,0.3713,564.40979594013,0.5569500000000001,0.0,1.8565,0.0,0.0,0.0,564.40979594013,564.41元,761.0031129826137,759.0879075940896
2025-02-06T05:50:00,2025-02-06T06:00:00,2025-02-06,35,775.7757502291183,775.7757502291183,0.0,775.7757502291183,0.0,0.0,775.7757502291183,0.5708,442.81279823078074,0.8562,0.0,2.854,0.0,0.0,0.0,442.81279823078074,442.81元,61.06468355435127,714.711066674767
2025-02-06T06:00:00,2025-02-06T06:10:00,2025-02-06,36,835.5965393544321,236.45351192279736,0.0,236.45351192279736,-599.1430274316348,0.0,236.45351192279736,0.9099,215.14905049855332,1.3648500000000001,0.0,4.5495,0.0,1422.045138421146,646.9594357247004,862.1084862232537,862.11元,0.0,236.45351192279736
2025-02-06T06:10:00,2025-02-06T06:20:00,2025-02-06,37,188.8500276273678,164.5300053294368,0.0,164.5300053294368,-24.32002229793102,0.0,164.5300053294368,0.9368,154.13170899261638,1.4052,0.0,4.684,0.0,0.0,0.0,154.13170899261638,154.13元,0.0,164.5300053294368
2025-02-06T06:20:00,2025-02-06T06:30:00,2025-02-06,38,901.0223911614436,872.2001221583173,0.0,872.2001221583173,-28.82226900312628,0.0,872.2001221583173,0.8758,763.8728669862543,1.3137,0.0,4.3790000000000004,0.0,0.0,0.0,763.8728669862543,763.87元,0.0,872.2001221583173
2025-02-06T06:30:00,2025-02-06T06:40:00,2025-02-06,39,912.0772884792702,884.0516309498547,0.0,884.0516309498547,-28.025657529415525,0.0,884.0516309498547,0.8759,774.3408235489777,1.31385,0.0,4.3795,0.0,0.0,0.0,774.3408235489777,774.34元,0.0,884.0516309498547
2025-02-06T06:40:00,2025-02-06T06:50:00,2025-02-06,40,895.2516505286206,867.9859601800106,0.0,867.9859601800106,-27.265690348610065,0.0,867.9859601800106,0.8601,746.5547243508271,1.29015,0.0,4.3004999999999995,0.0,0.0,0.0,746.5547243508271,746.55元,0.0,867.9859601800106
2025-02-06T06:50:00,2025-02-06T07:00:00,2025-02-06,41,863.595036880151,836.8164357375781,0.0,836.8164357375781,-26.77860114257294,0.0,836.8164357375781,0.8442,706.4404350496634,1.2663,0.0,4.221,0.0,0.0,0.0,706.4404350496634,706.44元,0.0,836.8164357375781
2025-02-06T07:00:00,2025-02-06T07:10:00,2025-02-06,42,832.0899433398237,805.4985652423653,0.0,805.4985652423653,-26.591378097458346,0.0,805.4985652423653,0.8334,671.3025042729873,1.2501,0.0,4.167,0.0,0.0,0.0,671.3025042729873,671.30元,0.0,805.4985652423653
2025-02-06T07:10:00,2025-02-06T07:20:00,2025-02-06,43,783.9142356486444,783.9142356486444,0.0,783.9142356486444,0.0,0.0,783.9142356486444,0.8092,634.3433994868831,1.2138,0.0,4.046,0.0,0.0,0.0,634.3433994868831,634.34元,0.0,783.9142356486444
2025-02-06T07:20:00,2025-02-06T07:30:00,2025-02-06,44,735.8803010909621,735.8803010909621,0.0,735.8803010909621,0.0,0.0,735.8803010909621,0.7972,586.643776029715,1.1958,0.0,3.986,0.0,0.0,0.0,586.643776029715,586.64元,0.0,735.8803010909621
2025-02-06T07:30:00,2025-02-06T07:40:00,2025-02-06,45,681.7179764683526,681.7179764683526,0.0,681.7179764683526,0.0,0.0,681.7179764683526,0.7644,521.1052212124088,1.1465999999999998,0.0,3.822,0.0,0.0,0.0,521.1052212124088,521.11元,0.0,681.7179764683526
2025-02-06T07:40:00,2025-02-06T07:50:00,2025-02-06,46,1459.7987907958943,1433.494971315179,0.0,1433.494971315179,-26.30381948071522,0.0,1433.494971315179,0.6899,988.968180710342,1.03485,0.0,3.4494999999999996,0.0,0.0,0.0,988.968180710342,988.97元,0.0,1433.494971315179
2025-02-06T07:50:00,2025-02-06T08:00:00,2025-02-06,47,704.859648738377,678.5194882987178,0.0,678.5194882987178,-26.340160439659257,0.0,678.5194882987178,0.86,583.5267599368973,1.29,0.0,4.3,0.0,0.0,0.0,583.5267599368973,583.53元,0.0,678.5194882987178
2025-02-06T08:00:00,2025-02-06T08:10:00,2025-02-06,48,134.45733982201534,118.62162988164675,0.0,118.62162988164675,-15.835709940368588,0.0,118.62162988164675,1.1617,137.80274743350904,1.74255,0.0,5.8084999999999996,0.0,0.0,0.0,137.80274743350904,137.80元,0.0,118.62162988164675
2025-02-06T08:10:00,2025-02-06T08:20:00,2025-02-06,49,139.05349905519142,125.54970032746292,0.0,125.54970032746292,-13.503798727728508,0.0,125.54970032746292,1.1683,146.6797148925749,1.7524499999999998,0.0,5.8415,0.0,0.0,0.0,146.6797148925749,146.68元,0.0,125.54970032746292
2025-02-06T08:20:00,2025-02-06T08:30:00,2025-02-06,50,69.85337390598704,55.709978459111994,0.0,55.709978459111994,-14.143395446875047,0.0,55.709978459111994,1.0956,61.0358523998031,1.6433999999999997,0.0,5.478,0.0,0.0,0.0,61.0358523998031,61.04元,0.0,55.709978459111994
2025-02-06T08:30:00,2025-02-06T08:40:00,2025-02-06,51,26.668928526233117,0.6805420485952709,0.0,0.6805420485952709,-25.988386477637846,0.0,0.6805420485952709,1.0849,0.7383200685210094,1.6273499999999999,0.0,5.4245,0.0,0.0,0.0,0.7383200685210094,0.74元,0.0,0.6805420485952709
2025-02-06T08:40:00,2025-02-06T08:50:00,2025-02-06,52,0.0,0.0,0.0,0.0,0.0,0.0,0.0,1.061,0.0,1.5915,0.0,5.305,0.0,0.0,0.0,0.0,0.00元,0.0,0.0
2025-02-06T08:50:00,2025-02-06T09:00:00,2025-02-06,53,0.0,0.0,0.0,0.0,0.0,0.0,0.0,1.043,0.0,1.5644999999999998,0.0,5.215,0.0,0.0,0.0,0.0,0.00元,0.0,0.0
2025-02-06T09:00:00,2025-02-06T09:10:00,2025-02-06,54,0.0,0.0,0.0,0.0,0.0,0.0,0.0,1.036,0.0,1.554,0.0,5.18,0.0,0.0,0.0,0.0,0.00元,0.0,0.0
2025-02-06T09:10:00,2025-02-06T09:20:00,2025-02-06,55,0.0,0.0,0.0,0.0,0.0,0.0,0.0,1.0147,0.0,1.52205,0.0,5.073499999999999,0.0,0.0,0.0,0.0,0.00元,0.0,0.0
2025-02-06T09:20:00,2025-02-06T09:30:00,2025-02-06,56,0.0,0.0,0.0,0.0,0.0,0.0,0.0,0.9922,0.0,1.4883,0.0,4.961,0.0,0.0,0.0,0.0,0.00元,0.0,0.0
2025-02-06T09:30:00,2025-02-06T09:40:00,2025-02-06,57,0.0,0.0,0.0,0.0,0.0,0.0,0.0,0.97,0.0,1.455,0.0,4.85,0.0,0.0,0.0,0.0,0.00元,0.0,0.0
2025-02-06T09:40:00,2025-02-06T09:50:00,2025-02-06,58,0.0,0.0,0.0,0.0,0.0,0.0,0.0,0.9422,0.0,1.4133,0.0,4.711,0.0,0.0,0.0,0.0,0.00元,0.0,0.0
2025-02-06T09:50:00,2025-02-06T10:00:00,2025-02-06,59,0.0,0.0,0.0,0.0,0.0,0.0,0.0,0.9569,0.0,1.43535,0.0,4.7844999999999995,0.0,0.0,0.0,0.0,0.00元,0.0,0.0
2025-02-06T10:00:00,2025-02-06T10:10:00,2025-02-06,60,0.0,0.0,0.0,0.0,0.0,0.0,0.0,0.9977,0.0,1.49655,0.0,4.9885,0.0,0.0,0.0,0.0,0.00元,0.0,0.0
2025-02-06T10:10:00,2025-02-06T10:20:00,2025-02-06,61,0.0,0.0,0.0,0.0,0.0,0.0,0.0,0.9919,0.0,1.48785,0.0,4.9595,0.0,0.0,0.0,0.0,0.00元,0.0,0.0
2025-02-06T10:20:00,2025-02-06T10:30:00,2025-02-06,62,0.0,0.0,0.0,0.0,0.0,0.0,0.0,0.9588,0.0,1.4382,0.0,4.794,0.0,0.0,0.0,0.0,0.00元,0.0,0.0
2025-02-06T10:30:00,2025-02-06T10:40:00,2025-02-06,63,0.0,0.0,0.0,0.0,0.0,0.0,0.0,0.9549,0.0,1.43235,0.0,4.7745,0.0,0.0,0.0,0.0,0.00元,0.0,0.0
2025-02-06T10:40:00,2025-02-06T10:50:00,2025-02-06,64,0.0,0.0,0.0,0.0,0.0,0.0,0.0,0.9839,0.0,1.4758499999999999,0.0,4.9195,0.0,0.0,0.0,0.0,0.00元,0.0,0.0
2025-02-06T10:50:00,2025-02-06T11:00:00,2025-02-06,65,166.6434882722076,153.21179737146667,0.0,153.21179737146667,-13.431690900740932,0.0,153.21179737146667,0.799,122.41622609980188,1.1985000000000001,0.0,3.995,0.0,0.0,0.0,122.41622609980188,122.42元,0.0,153.21179737146667
2025-02-06T11:00:00,2025-02-06T11:10:00,2025-02-06,66,976.3269446378696,976.3269446378696,0.0,976.3269446378696,0.0,0.0,976.3269446378696,0.5025,490.6042896805294,0.7537499999999999,0.0,2.5124999999999997,0.0,0.0,0.0,490.6042896805294,490.60元,0.0,976.3269446378696
2025-02-06T11:10:00,2025-02-06T11:20:00,2025-02-06,67,982.3068012237541,982.3068012237541,0.0,982.3068012237541,0.0,0.0,982.3068012237541,0.4662,457.9514307305142,0.6993,0.0,2.331,0.0,0.0,0.0,457.9514307305142,457.95元,0.0,982.3068012237541
2025-02-06T11:20:00,2025-02-06T11:30:00,2025-02-06,68,975.9352318881162,975.9352318881162,0.0,975.9352318881162,0.0,0.0,975.9352318881162,0.5007,488.6507706063798,0.75105,0.0,2.5035000000000003,0.0,0.0,0.0,488.6507706063798,488.65元,0.0,975.9352318881162
2025-02-06T11:30:00,2025-02-06T11:40:00,2025-02-06,69,945.4562674680473,945.4562674680473,0.0,945.4562674680473,0.0,0.0,945.4562674680473,0.4827,456.37174030682644,0.7240500000000001,0.0,2.4135,0.0,0.0,0.0,456.37174030682644,456.37元,0.0,945.4562674680473
2025-02-06T11:40:00,2025-02-06T11:50:00,2025-02-06,70,926.4447832697609,926.4447832697609,0.0,926.4447832697609,0.0,0.0,926.4447832697609,0.4785,443.30382879458057,0.71775,0.0,2.3925,0.0,0.0,0.0,443.30382879458057,443.30元,0.0,926.4447832697609
2025-02-06T11:50:00,2025-02-06T12:00:00,2025-02-06,71,901.9234728662053,901.9234728662053,0.0,901.9234728662053,0.0,0.0,901.9234728662053,0.4662,420.4767230502249,0.6993,0.0,2.331,0.0,0.0,0.0,420.4767230502249,420.48元,0.0,901.9234728662053
2025-02-06T12:00:00,2025-02-06T12:10:00,2025-02-06,72,892.1128664427443,804.3548541597182,0.0,804.3548541597182,-87.75801228302612,0.0,804.3548541597182,0.4432,356.4900713635871,0.6648,0.0,2.2159999999999997,0.0,740.1070160502971,164.00771475674586,520.497786120333,520.50元,0.0,804.3548541597182
2025-02-06T12:10:00,2025-02-06T12:20:00,2025-02-06,73,867.178381417218,780.8450863382287,0.0,780.8450863382287,-86.3332950789893,0.0,780.8450863382287,0.4411,344.43076758379266,0.66165,0.0,2.2055,0.0,0.0,0.0,344.43076758379266,344.43元,0.0,780.8450863382287
2025-02-06T12:20:00,2025-02-06T12:30:00,2025-02-06,74,882.7432069354226,797.389661884618,0.0,797.389661884618,-85.35354505080454,0.0,797.389661884618,0.4551,362.89203512368965,0.68265,0.0,2.2755,0.0,0.0,0.0,362.89203512368965,362.89元,0.0,797.389661884618
2025-02-06T12:30:00,2025-02-06T12:40:00,2025-02-06,75,903.4844177217418,818.697608689267,0.0,818.697608689267,-84.78680903247482,0.0,818.697608689267,0.4463,365.38474275801985,0.66945,0.0,2.2315,0.0,0.0,0.0,365.38474275801985,365.38元,0.0,818.697608689267
2025-02-06T12:40:00,2025-02-06T12:50:00,2025-02-06,76,868.5904024838461,784.7192620416214,0.0,784.7192620416214,-83.87114044222471,0.0,784.7192620416214,0.4113,322.7550324777189,0.61695,0.0,2.0564999999999998,0.0,0.0,0.0,322.7550324777189,322.76元,0.0,784.7192620416214
2025-02-06T12:50:00,2025-02-06T13:00:00,2025-02-06,77,876.239959239127,793.909628779693,0.0,793.909628779693,-82.33033045943398,0.0,793.909628779693,0.5682,451.0994510726216,0.8523000000000001,0.0,2.841,0.0,0.0,0.0,451.0994510726216,451.10元,0.0,793.909628779693
2025-02-06T13:00:00,2025-02-06T13:10:00,2025-02-06,78,136.48570935050736,107.01056627726905,0.0,107.01056627726905,-29.475143073238314,0.0,107.01056627726905,0.8279,88.59404782095105,1.24185,0.0,4.1395,0.0,0.0,0.0,88.59404782095105,88.59元,0.0,107.01056627726905
2025-02-06T13:10:00,2025-02-06T13:20:00,2025-02-06,79,175.1825306735002,60.7729888657981,0.0,60.7729888657981,-114.4095418077021,0.0,60.7729888657981,0.8636,52.483553184503236,1.2954,0.0,4.3180000000000005,0.0,0.0,0.0,52.483553184503236,52.48元,0.0,60.7729888657981
2025-02-06T13:20:00,2025-02-06T13:30:00,2025-02-06,80,177.36821654150572,148.97205797087702,0.0,148.97205797087702,-28.3961585706287,0.0,148.97205797087702,0.8416,125.3748839882901,1.2624,0.0,4.208,0.0,0.0,0.0,125.3748839882901,125.37元,0.0,148.97205797087702
2025-02-06T13:30:00,2025-02-06T13:40:00,2025-02-06,81,167.51979102374742,139.7424912402031,0.0,139.7424912402031,-27.777299783544322,0.0,139.7424912402031,0.8618,120.43007895080703,1.2927,0.0,4.309,0.0,0.0,0.0,120.43007895080703,120.43元,0.0,139.7424912402031
2025-02-06T13:40:00,2025-02-06T13:50:00,2025-02-06,82,178.10581751474376,150.87705442301967,0.0,150.87705442301967,-27.22876309172409,0.0,150.87705442301967,0.8623,130.10128402896984,1.29345,0.0,4.3115,0.0,0.0,0.0,130.10128402896984,130.10元,0.0,150.87705442301967
2025-02-06T13:50:00,2025-02-06T14:00:00,2025-02-06,83,0.19878100246440922,0.0,0.0,0.0,-0.19878100246440922,0.0,0.0,0.9026,0.0,1.3538999999999999,0.0,4.513,0.0,0.0,0.0,0.0,0.00元,0.0,0.0
2025-02-06T14:00:00,2025-02-06T14:10:00,2025-02-06,84,0.0,0.0,0.0,0.0,0.0,0.0,0.0,0.9754,0.0,1.4631,0.0,4.877000000000001,0.0,0.0,0.0,0.0,0.00元,0.0,0.0
2025-02-06T14:10:00,2025-02-06T14:20:00,2025-02-06,85,0.0,0.0,0.0,0.0,0.0,0.0,0.0,1.0002,0.0,1.5003,0.0,5.0009999999999994,0.0,0.0,0.0,0.0,0.00元,0.0,0.0
2025-02-06T14:20:00,2025-02-06T14:30:00,2025-02-06,86,0.0,0.0,0.0,0.0,0.0,0.0,0.0,0.9978,0.0,1.4967000000000001,0.0,4.989,0.0,0.0,0.0,0.0,0.00元,0.0,0.0
2025-02-06T14:30:00,2025-02-06T14:40:00,2025-02-06,87,0.0,0.0,0.0,0.0,0.0,0.0,0.0,1.0271,0.0,1.5406499999999999,0.0,5.1354999999999995,0.0,0.0,0.0,0.0,0.00元,0.0,0.0
2025-02-06T14:40:00,2025-02-06T14:50:00,2025-02-06,88,0.0,0.0,0.0,0.0,0.0,0.0,0.0,1.0906,0.0,1.6359,0.0,5.453,0.0,0.0,0.0,0.0,0.00元,0.0,0.0
2025-02-06T14:50:00,2025-02-06T15:00:00,2025-02-06,89,0.0,0.0,0.0,0.0,0.0,0.0,0.0,0.9376,0.0,1.4064,0.0,4.688,0.0,0.0,0.0,0.0,0.00元,0.0,0.0
2025-02-06T15:00:00,2025-02-06T15:10:00,2025-02-06,90,1297.3576237154243,1240.6767376461519,0.0,1240.6767376461519,-56.68088606927245,0.0,1240.6767376461519,0.6694,830.509008180334,1.0041,0.0,3.347,0.0,0.0,0.0,830.509008180334,830.51元,0.0,1240.6767376461519
2025-02-06T15:10:00,2025-02-06T15:20:00,2025-02-06,91,1330.7751216113006,1277.0601901134994,0.0,1277.0601901134994,-53.71493149780122,0.0,1277.0601901134994,0.66,842.8597254749096,0.99,0.0,3.3000000000000003,0.0,0.0,0.0,842.8597254749096,842.86元,0.0,1277.0601901134994
2025-02-06T15:20:00,2025-02-06T15:30:00,2025-02-06,92,1361.5872245043374,1310.8305924241695,0.0,1310.8305924241695,-50.75663208016795,0.0,1310.8305924241695,0.7217,946.0264385525231,1.08255,0.0,3.6085000000000003,0.0,0.0,0.0,946.0264385525231,946.03元,0.0,1310.8305924241695
2025-02-06T15:30:00,2025-02-06T15:40:00,2025-02-06,93,1013.7564099707963,1013.7564099707963,0.0,1013.7564099707963,0.0,0.0,1013.7564099707963,0.7308,740.853184406658,1.0962,0.0,3.654,0.0,0.0,0.0,740.853184406658,740.85元,0.0,1013.7564099707963
2025-02-06T15:40:00,2025-02-06T15:50:00,2025-02-06,94,632.4511272413936,632.4511272413936,0.0,632.4511272413936,0.0,0.0,632.4511272413936,0.7534,476.4886792636659,1.1300999999999999,0.0,3.767,0.0,0.0,0.0,476.4886792636659,476.49元,0.0,632.4511272413936
2025-02-06T15:50:00,2025-02-06T16:00:00,2025-02-06,95,668.1697608607918,668.1697608607918,0.0,668.1697608607918,0.0,0.0,668.1697608607918,0.7823,522.7092039213975,1.1734499999999999,0.0,3.9115,0.0,0.0,0.0,522.7092039213975,522.71元,0.0,668.1697608607918
2025-02-06T16:00:00,2025-02-06T16:10:00,2025-02-06,96,683.1239592010152,677.3705815633496,0.0,677.3705815633496,-5.753377637665608,0.0,677.3705815633496,0.8055,545.622003449278,1.20825,0.0,4.0275,0.0,0.0,0.0,545.622003449278,545.62元,0.0,677.3705815633496
2025-02-06T16:10:00,2025-02-06T16:20:00,2025-02-06,97,767.3487869145627,761.7530260656281,0.0,761.7530260656281,-5.59576084893456,0.0,761.7530260656281,0.8271,630.045927858881,1.24065,0.0,4.1354999999999995,0.0,0.0,0.0,630.045927858881,630.05元,0.0,761.7530260656281
2025-02-06T16:20:00,2025-02-06T16:30:00,2025-02-06,98,814.8299849567234,809.3875229021771,0.0,809.3875229021771,-5.44246205454624,0.0,809.3875229021771,0.8519,689.5172307603647,1.27785,0.0,4.2595,0.0,0.0,0.0,689.5172307603647,689.52元,0.0,809.3875229021771
2025-02-06T16:30:00,2025-02-06T16:40:00,2025-02-06,99,822.4251495271955,817.1317865664081,0.0,817.1317865664081,-5.293362960787363,0.0,817.1317865664081,0.8791,718.3405535705293,1.3186499999999999,0.0,4.3955,0.0,0.0,0.0,718.3405535705293,718.34元,0.0,817.1317865664081
2025-02-06T16:40:00,2025-02-06T16:50:00,2025-02-06,100,878.1839196972817,863.4317047842142,0.0,863.4317047842142,-14.752214913067519,0.0,863.4317047842142,0.9024,779.1607703972749,1.3536,0.0,4.512,0.0,0.0,0.0,779.1607703972749,779.16元,0.0,863.4317047842142
2025-02-06T16:50:00,2025-02-06T17:00:00,2025-02-06,101,941.5283144496077,926.9991067315887,0.0,926.9991067315887,-14.529207718019052,0.0,926.9991067315887,0.9163,849.4092814981547,1.37445,0.0,4.5815,0.0,0.0,0.0,849.4092814981547,849.41元,0.0,926.9991067315887
2025-02-06T17:00:00,2025-02-06T17:10:00,2025-02-06,102,984.7204982888385,970.5893258133395,0.0,970.5893258133395,-14.131172475498943,0.0,970.5893258133395,0.9264,899.1539514334778,1.3896,0.0,4.632,0.0,0.0,0.0,899.1539514334778,899.15元,0.0,970.5893258133395
2025-02-06T17:10:00,2025-02-06T17:20:00,2025-02-06,103,1019.7349336376772,1005.9908920211035,0.0,1005.9908920211035,-13.744041616573668,0.0,1005.9908920211035,0.9462,951.8685820303682,1.4193,0.0,4.731,0.0,0.0,0.0,951.8685820303682,951.87元,0.0,1005.9908920211035
2025-02-06T17:20:00,2025-02-06T17:30:00,2025-02-06,104,1031.467439899127,1018.0999234891741,0.0,1018.0999234891741,-13.367516409952827,0.0,1018.0999234891741,0.9742,991.8329454631534,1.4613,0.0,4.8709999999999996,0.0,0.0,0.0,991.8329454631534,991.83元,0.0,1018.0999234891741
2025-02-06T17:30:00,2025-02-06T17:40:00,2025-02-06,105,1044.827163470725,1031.8258571624788,0.0,1031.8258571624788,-13.001306308246285,0.0,1031.8258571624788,0.9862,1017.5866603336365,1.4792999999999998,0.0,4.931,0.0,0.0,0.0,1017.5866603336365,1017.59元,0.0,1031.8258571624788
2025-02-06T17:40:00,2025-02-06T17:50:00,2025-02-06,106,1064.4709576393454,1051.825828915584,0.0,1051.825828915584,-12.645128723761445,0.0,1051.825828915584,0.976,1026.58200902161,1.464,0.0,4.88,0.0,0.0,0.0,1026.58200902161,1026.58元,0.0,1051.825828915584
2025-02-06T17:50:00,2025-02-06T18:00:00,2025-02-06,107,934.43052235657,922.131813546127,0.0,922.131813546127,-12.298708810443031,0.0,922.131813546127,1.0742,990.5539941112496,1.6113,0.0,5.371,0.0,0.0,0.0,990.5539941112496,990.55元,0.0,922.131813546127
2025-02-06T18:00:00,2025-02-06T18:10:00,2025-02-06,108,731.0919513946446,719.1301721428575,0.787461190475824,719.9176333333334,-11.174318061311283,0.0,719.9176333333334,1.2313,885.4649809595005,1.84695,1.454401445749323,6.1565,0.0,0.0,0.0,886.9193824052498,886.92元,0.0,719.9176333333334
2025-02-06T18:10:00,2025-02-06T18:20:00,2025-02-06,109,709.6690763451902,698.0349962906246,0.7658882794122519,698.8008845700368,-10.868191775153377,0.0,698.8008845700368,1.2561,876.8017588406535,1.88415,1.4430484016545944,6.2805,0.0,0.0,0.0,878.2448072423082,878.24元,0.0,698.8008845700368
2025-02-06T18:20:00,2025-02-06T18:30:00,2025-02-06,110,746.5545097969821,735.2391514487816,0.7449063695272571,735.9840578183089,-10.57045197867319,0.0,735.9840578183089,1.2447,915.1521718082985,1.8670499999999999,1.3907774372258652,6.2235,0.0,0.0,0.0,916.5429492455243,916.54元,0.0,735.9840578183089
2025-02-06T18:30:00,2025-02-06T18:40:00,2025-02-06,111,746.6314391362732,735.6260709466376,0.7244992700346984,736.3505702166723,-10.280868919600948,0.0,736.3505702166723,1.2545,922.8429060025568,1.8817499999999998,1.3633265013877935,6.2725,0.0,0.0,0.0,924.2062325039445,924.21元,0.0,736.3505702166723
2025-02-06T18:40:00,2025-02-06T18:50:00,2025-02-06,112,736.5117871241714,725.807916750618,0.7046512337032027,726.5125679843212,-9.999219139850197,0.0,726.5125679843212,1.2522,908.8566733551238,1.8782999999999999,1.3235464122647256,6.261,0.0,0.0,0.0,910.1802197673885,910.18元,0.0,726.5125679843212
2025-02-06T18:50:00,2025-02-06T19:00:00,2025-02-06,113,68.1572064047898,50.76031396252961,419.2812887434724,470.041602706002,401.8843963012122,0.0,470.041602706002,1.2881,65.3843604151344,1.93215,810.1143420457001,6.4405,0.0,0.0,0.0,875.4987024608345,875.50元,0.0,470.041602706002
2025-02-06T19:00:00,2025-02-06T19:10:00,2025-02-06,114,16.328617960266456,8.813488266465356,0.0,8.813488266465356,-7.5151296938011,0.0,8.813488266465356,1.3466,11.868243299622248,2.0199,0.0,6.7330000000000005,0.0,0.0,0.0,11.868243299622248,11.87元,0.0,8.813488266465356
2025-02-06T19:10:00,2025-02-06T19:20:00,2025-02-06,115,15.176679046974868,1.6866994404360867,13.47382654255614,15.160525982992226,-0.01615306398264238,0.0,15.160525982992226,1.3523,2.2809236533017203,2.0284500000000003,27.330983450248002,6.7615,0.0,0.0,0.0,29.611907103549722,29.61元,0.0,15.160525982992226
2025-02-06T19:20:00,2025-02-06T19:30:00,2025-02-06,116,40.05601643067928,33.816772486225204,0.0,33.816772486225204,-6.239243944454074,0.0,33.816772486225204,1.3445,45.46665060772979,2.01675,0.0,6.7225,0.0,0.0,0.0,45.46665060772979,45.47元,0.0,33.816772486225204
2025-02-06T19:30:00,2025-02-06T19:40:00,2025-02-06,117,46.41959073853286,40.96729390985206,0.9243370047996677,41.89163091465173,-4.527959823881133,0.0,41.89163091465173,1.3483,55.23620237865354,2.02245,1.8694253753570882,6.7415,0.0,0.0,0.0,57.10562775401062,57.11元,0.0,41.89163091465173
2025-02-06T19:40:00,2025-02-06T19:50:00,2025-02-06,118,48.68585552049228,38.157049139456376,2.088312442709139,40.245361582165515,-8.440493938326767,0.0,40.245361582165515,1.349,51.47385928912665,2.0235,4.225700227821942,6.745,0.0,0.0,0.0,55.69955951694859,55.70元,0.0,40.245361582165515
2025-02-06T19:50:00,2025-02-06T20:00:00,2025-02-06,119,36.097788045341304,29.575697268336057,2.7694357695487497,32.34513303788481,-3.7526550074564966,0.0,32.34513303788481,1.3473,39.847336929629165,2.02095,5.596891218469546,6.7364999999999995,0.0,0.0,0.0,45.444228148098716,45.44元,0.0,32.34513303788481
2025-02-06T20:00:00,2025-02-06T20:10:00,2025-02-06,120,17.240967052377982,6.124125153705563,10.531757750486463,16.655882904192026,-0.5850841481859561,0.0,16.655882904192026,1.3482,8.256545532225841,2.0223,21.298373698808774,6.7410000000000005,0.0,0.0,0.0,29.554919231034617,29.55元,0.0,16.655882904192026
2025-02-06T20:10:00,2025-02-06T20:20:00,2025-02-06,121,17.69968148281862,13.400540042727243,0.0,13.400540042727243,-4.299141440091375,0.0,13.400540042727243,1.3513,18.108149759737323,2.02695,0.0,6.7565,0.0,0.0,0.0,18.108149759737323,18.11元,0.0,13.400540042727243
2025-02-06T20:20:00,2025-02-06T20:30:00,2025-02-06,122,17.3263684795229,15.713236508482169,0.0,15.713236508482169,-1.6131319710407297,0.0,15.713236508482169,1.34,21.05573692136611,2.0100000000000002,0.0,6.7,0.0,0.0,0.0,21.05573692136611,21.06元,0.0,15.713236508482169
2025-02-06T20:30:00,2025-02-06T20:40:00,2025-02-06,123,35.35763345929843,23.581741201376644,9.800771891550198,33.38251309292684,-1.9751203663715842,0.0,33.38251309292684,1.3489,31.809410706536955,2.0233499999999998,19.830391806768095,6.7445,0.0,0.0,0.0,51.63980251330505,51.64元,0.0,33.38251309292684
2025-02-06T20:40:00,2025-02-06T20:50:00,2025-02-06,124,17.55761398206755,11.881277114709974,0.0,11.881277114709974,-5.676336867357577,0.0,11.881277114709974,1.3952,16.576757830443356,2.0928,0.0,6.976,0.0,0.0,0.0,16.576757830443356,16.58元,0.0,11.881277114709974
2025-02-06T20:50:00,2025-02-06T21:00:00,2025-02-06,125,741.0793216694655,733.619777701054,0.4910725444874515,734.1108502455414,-6.968471423924029,0.0,734.1108502455414,1.2226,896.9235402173085,1.8338999999999999,0.9005779393355373,6.1129999999999995,0.0,0.0,0.0,897.8241181566441,897.82元,0.0,734.1108502455414
2025-02-06T21:00:00,2025-02-06T21:10:00,2025-02-06,126,797.6659064141969,795.435769216815,0.0,795.435769216815,-2.230137197381964,0.0,795.435769216815,0.9332,742.3006598331317,1.3998,0.0,4.666,0.0,0.0,0.0,742.3006598331317,742.30元,0.0,795.435769216815
2025-02-06T21:10:00,2025-02-06T21:20:00,2025-02-06,127,723.3397637047026,720.9078560645215,0.0,720.9078560645215,-2.431907640181066,0.0,720.9078560645215,0.9068,653.7192438793081,1.3602,0.0,4.534000000000001,0.0,0.0,0.0,653.7192438793081,653.72元,0.0,720.9078560645215
2025-02-06T21:20:00,2025-02-06T21:30:00,2025-02-06,128,707.7693034396079,700.906191675789,0.0,700.906191675789,-6.8631117638188925,0.0,700.906191675789,0.9371,656.819192219382,1.40565,0.0,4.6855,0.0,0.0,0.0,656.819192219382,656.82元,0.0,700.906191675789
2025-02-06T21:30:00,2025-02-06T21:40:00,2025-02-06,129,735.7494744125659,730.7641351464002,0.0,730.7641351464002,-4.985339266165624,0.0,730.7641351464002,0.9371,684.7990710456917,1.40565,0.0,4.6855,0.0,0.0,0.0,684.7990710456917,684.80元,0.0,730.7641351464002
2025-02-06T21:40:00,2025-02-06T21:50:00,2025-02-06,130,741.7345349060172,736.0742057919839,0.0,736.0742057919839,-5.6603291140332885,0.0,736.0742057919839,0.9871,726.5788485372673,1.48065,0.0,4.9355,0.0,0.0,0.0,726.5788485372673,726.58元,0.0,736.0742057919839
2025-02-06T21:50:00,2025-02-06T22:00:00,2025-02-06,131,704.9184305231388,704.9184305231388,0.0,704.9184305231388,0.0,0.0,704.9184305231388,0.7764,547.2986694581649,1.1646,0.0,3.8819999999999997,0.0,0.0,0.0,547.2986694581649,547.30元,0.0,704.9184305231388
2025-02-06T22:00:00,2025-02-06T22:10:00,2025-02-06,132,1415.954188148493,1409.8128059065366,0.0,1409.8128059065366,-6.1413822419563076,0.0,1409.8128059065366,0.4209,593.3902100060612,0.63135,0.0,2.1045,0.0,0.0,0.0,593.3902100060612,593.39元,7.55113924986994,1402.2616666566666
2025-02-06T22:10:00,2025-02-06T22:20:00,2025-02-06,133,1391.3537162616678,1385.3805803974583,0.0,1385.3805803974583,-5.973135864209553,0.0,1385.3805803974583,0.3859,534.6183659753792,0.5788500000000001,0.0,1.9295,0.0,0.0,0.0,534.6183659753792,534.62元,4.277447074124885,1381.1031333233334
2025-02-06T22:20:00,2025-02-06T22:30:00,2025-02-06,134,567.6523521957319,567.6523521957319,0.0,567.6523521957319,0.0,0.0,567.6523521957319,0.4368,247.9505474390957,0.6552,0.0,2.184,0.0,0.0,0.0,247.9505474390957,247.95元,0.0,567.6523521957319
2025-02-06T22:30:00,2025-02-06T22:40:00,2025-02-06,135,1395.3443495829517,1389.694005153136,0.0,1389.694005153136,-5.650344429815732,0.0,1389.694005153136,0.4198,583.3935433632865,0.6297,0.0,2.099,0.0,0.0,0.0,583.3935433632865,583.39元,2.682338496469348,1387.0116666566666
2025-02-06T22:40:00,2025-02-06T22:50:00,2025-02-06,136,1404.8746310086049,1399.3790807189166,0.0,1399.3790807189166,-5.4955502896882535,0.0,1399.3790807189166,0.4186,585.7800831889385,0.6279,0.0,2.093,0.0,0.0,0.0,585.7800831889385,585.78元,0.0,1399.3790807189166
2025-02-06T22:50:00,2025-02-06T23:00:00,2025-02-06,137,1397.4076571834985,1392.06266036753,0.0,1392.06266036753,-5.344996815968443,0.0,1392.06266036753,0.4241,590.3737742618695,0.63615,0.0,2.1205,0.0,0.0,0.0,590.3737742618695,590.37元,0.0,1392.06266036753
2025-02-06T23:00:00,2025-02-06T23:10:00,2025-02-06,138,1381.7055861163317,1376.5070182829477,0.0,1376.5070182829477,-5.198567833384004,0.0,1376.5070182829477,0.4237,583.2260236464849,0.6355500000000001,0.0,2.1185,0.0,0.0,0.0,583.2260236464849,583.23元,0.0,1376.5070182829477
2025-02-06T23:10:00,2025-02-06T23:20:00,2025-02-06,139,1011.1942758121143,1011.1942758121143,0.0,1011.1942758121143,0.0,0.0,1011.1942758121143,0.4248,429.55532836498617,0.6372,0.0,2.124,0.0,0.0,0.0,429.55532836498617,429.56元,0.0,1011.1942758121143
2025-02-06T23:20:00,2025-02-06T23:30:00,2025-02-06,140,1422.6031366464622,1417.6855021797187,0.0,1417.6855021797187,-4.917634466743493,0.0,1417.6855021797187,0.424,601.0986529242007,0.636,0.0,2.12,0.0,0.0,0.0,601.0986529242007,601.10元,22.51355218971866,1395.17194999
2025-02-06T23:30:00,2025-02-06T23:40:00,2025-02-06,141,1428.9639249663514,1424.181011667175,0.0,1424.181011667175,-4.782913299176471,0.0,1424.181011667175,0.422,601.0043869235478,0.633,0.0,2.11,0.0,0.0,0.0,601.0043869235478,601.00元,44.006011677174904,1380.17499999
2025-02-06T23:40:00,2025-02-06T23:50:00,2025-02-06,142,1436.693336999696,1432.0414541112575,0.0,1432.0414541112575,-4.651882888438422,0.0,1432.0414541112575,0.424,607.1855765431732,0.636,0.0,2.12,0.0,0.0,0.0,607.1855765431732,607.19元,12.321070787924207,1419.7203833233334
2025-02-06T23:50:00,2025-02-07T00:00:00,2025-02-06,143,548.8825756580592,548.8825756580592,0.0,548.8825756580592,0.0,0.0,548.8825756580592,0.4271,234.42774806355706,0.6406499999999999,0.0,2.1355,0.0,0.0,0.0,234.42774806355706,234.43元,0.0,548.8825756580592
2025-02-07T00:00:00,2025-02-07T00:10:00,2025-02-06,144,447.25447500000007,447.25447500000007,0.0,447.25447500000007,0.0,0.0,447.25447500000007,0.4276,191.24601351,0.6414,0.0,2.138,0.0,0.0,0.0,191.24601351,191.25元,0.0,447.25447500000007
2025-02-07T00:10:00,2025-02-07T00:20:00,2025-02-07,1,763.5249871328402,763.5249871328402,0.0,763.5249871328402,0.0,0.0,763.5249871328402,0.4248,324.34541453403057,0.6372,0.0,2.124,0.0,0.0,0.0,324.34541453403057,324.35元,0.0,763.5249871328402
2025-02-07T00:20:00,2025-02-07T00:30:00,2025-02-07,2,1282.3984363480656,1282.3984363480656,0.0,1282.3984363480656,0.0,0.0,1282.3984363480656,0.4245,544.3781362297539,0.6367499999999999,0.0,2.1225,0.0,0.0,0.0,544.3781362297539,544.38元,23.79898635806557,1258.59944999
2025-02-07T00:30:00,2025-02-07T00:40:00,2025-02-07,3,476.0944827377046,476.0944827377046,0.0,476.0944827377046,0.0,0.0,476.0944827377046,0.4269,203.24473468072608,0.64035,0.0,2.1345,0.0,0.0,0.0,203.24473468072608,203.24元,0.0,476.0944827377046
2025-02-07T00:40:00,2025-02-07T00:50:00,2025-02-07,4,453.0931696999075,453.0931696999075,0.0,453.0931696999075,0.0,0.0,453.0931696999075,0.4272,193.5614020958005,0.6408,0.0,2.136,0.0,0.0,0.0,193.5614020958005,193.56元,0.0,453.0931696999075
2025-02-07T00:50:00,2025-02-07T01:00:00,2025-02-07,5,438.21479968474404,438.21479968474404,0.0,438.21479968474404,0.0,0.0,438.21479968474404,0.4271,187.16154094535418,0.6406499999999999,0.0,2.1355,0.0,0.0,0.0,187.16154094535418,187.16元,0.0,438.21479968474404
2025-02-07T01:00:00,2025-02-07T01:10:00,2025-02-07,6,450.39459271245846,450.39459271245846,0.0,450.39459271245846,0.0,0.0,450.39459271245846,0.4285,192.99408297728846,0.6427499999999999,0.0,2.1425,0.0,0.0,0.0,192.99408297728846,192.99元,0.0,450.39459271245846
2025-02-07T01:10:00,2025-02-07T01:20:00,2025-02-07,7,451.6801698418566,451.6801698418566,0.0,451.6801698418566,0.0,0.0,451.6801698418566,0.4311,194.71932121882438,0.64665,0.0,2.1555,0.0,0.0,0.0,194.71932121882438,194.72元,0.0,451.6801698418566
2025-02-07T01:20:00,2025-02-07T01:30:00,2025-02-07,8,441.4136608016618,441.4136608016618,0.0,441.4136608016618,0.0,0.0,441.4136608016618,0.4302,189.89615687687493,0.6453,0.0,2.1510000000000002,0.0,0.0,0.0,189.89615687687493,189.90元,0.0,441.4136608016618
2025-02-07T01:30:00,2025-02-07T01:40:00,2025-02-07,9,445.36011745160516,445.36011745160516,0.0,445.36011745160516,0.0,0.0,445.36011745160516,0.4279,190.56959425754184,0.64185,0.0,2.1395,0.0,0.0,0.0,190.56959425754184,190.57元,0.0,445.36011745160516
2025-02-07T01:40:00,2025-02-07T01:50:00,2025-02-07,10,483.60550807334903,483.60550807334903,0.0,483.60550807334903,0.0,0.0,483.60550807334903,0.4312,208.53069508122812,0.6468,0.0,2.156,0.0,0.0,0.0,208.53069508122812,208.53元,0.0,483.60550807334903
2025-02-07T01:50:00,2025-02-07T02:00:00,2025-02-07,11,491.5572283246722,491.5572283246722,0.0,491.5572283246722,0.0,0.0,491.5572283246722,0.4333,212.9917470330805,0.64995,0.0,2.1665,0.0,0.0,0.0,212.9917470330805,212.99元,0.0,491.5572283246722
2025-02-07T02:00:00,2025-02-07T02:10:00,2025-02-07,12,463.62415802367934,463.62415802367934,0.0,463.62415802367934,0.0,0.0,463.62415802367934,0.4311,199.86837452400815,0.64665,0.0,2.1555,0.0,0.0,0.0,199.86837452400815,199.87元,0.0,463.62415802367934
2025-02-07T02:10:00,2025-02-07T02:20:00,2025-02-07,13,458.6546104297887,458.6546104297887,0.0,458.6546104297887,0.0,0.0,458.6546104297887,0.4293,196.9004242575083,0.64395,0.0,2.1465,0.0,0.0,0.0,196.9004242575083,196.90元,0.0,458.6546104297887
2025-02-07T02:20:00,2025-02-07T02:30:00,2025-02-07,14,472.11775652158923,472.11775652158923,0.0,472.11775652158923,0.0,0.0,472.11775652158923,0.4324,204.1437179199352,0.6486000000000001,0.0,2.162,0.0,0.0,0.0,204.1437179199352,204.14元,0.0,472.11775652158923
2025-02-07T02:30:00,2025-02-07T02:40:00,2025-02-07,15,488.83855093831727,488.83855093831727,0.0,488.83855093831727,0.0,0.0,488.83855093831727,0.4367,213.47579519476315,0.6550499999999999,0.0,2.1835,0.0,0.0,0.0,213.47579519476315,213.48元,0.0,488.83855093831727
2025-02-07T02:40:00,2025-02-07T02:50:00,2025-02-07,16,501.897011251704,501.897011251704,0.0,501.897011251704,0.0,0.0,501.897011251704,0.4348,218.2248204922409,0.6522,0.0,2.174,0.0,0.0,0.0,218.2248204922409,218.22元,0.0,501.897011251704
2025-02-07T02:50:00,2025-02-07T03:00:00,2025-02-07,17,513.0815930682758,513.0815930682758,0.0,513.0815930682758,0.0,0.0,513.0815930682758,0.4335,222.42087059509754,0.65025,0.0,2.1675,0.0,0.0,0.0,222.42087059509754,222.42元,0.0,513.0815930682758
2025-02-07T03:00:00,2025-02-07T03:10:00,2025-02-07,18,526.806645962184,526.806645962184,0.0,526.806645962184,0.0,0.0,526.806645962184,0.4357,229.52965564572355,0.65355,0.0,2.1784999999999997,0.0,0.0,0.0,229.52965564572355,229.53元,0.0,526.806645962184
2025-02-07T03:10:00,2025-02-07T03:20:00,2025-02-07,19,542.1091935719761,542.1091935719761,0.0,542.1091935719761,0.0,0.0,542.1091935719761,0.4374,237.11856126838236,0.6561,0.0,2.1870000000000003,0.0,0.0,0.0,237.11856126838236,237.12元,0.0,542.1091935719761
2025-02-07T03:20:00,2025-02-07T03:30:00,2025-02-07,20,535.8107220280501,535.8107220280501,0.0,535.8107220280501,0.0,0.0,535.8107220280501,0.4371,234.2028665984607,0.65565,0.0,2.1854999999999998,0.0,0.0,0.0,234.2028665984607,234.20元,0.0,535.8107220280501
2025-02-07T03:30:00,2025-02-07T03:40:00,2025-02-07,21,510.0276650441947,510.0276650441947,0.0,510.0276650441947,0.0,0.0,510.0276650441947,0.4356,222.1680508932512,0.6534,0.0,2.178,0.0,0.0,0.0,222.1680508932512,222.17元,0.0,510.0276650441947
2025-02-07T03:40:00,2025-02-07T03:50:00,2025-02-07,22,494.2676740066248,494.2676740066248,0.0,494.2676740066248,0.0,0.0,494.2676740066248,0.4353,215.15471849508378,0.65295,0.0,2.1765,0.0,0.0,0.0,215.15471849508378,215.15元,0.0,494.2676740066248
2025-02-07T03:50:00,2025-02-07T04:00:00,2025-02-07,23,503.5379813939083,503.5379813939083,0.0,503.5379813939083,0.0,0.0,503.5379813939083,0.436,219.542559887744,0.654,0.0,2.18,0.0,0.0,0.0,219.542559887744,219.54元,0.0,503.5379813939083
2025-02-07T04:00:00,2025-02-07T04:10:00,2025-02-07,24,534.1603091945224,534.1603091945224,0.0,534.1603091945224,0.0,0.0,534.1603091945224,0.4378,233.85538336536192,0.6567000000000001,0.0,2.189,0.0,0.0,0.0,233.85538336536192,233.86元,0.0,534.1603091945224
2025-02-07T04:10:00,2025-02-07T04:20:00,2025-02-07,25,562.816811488769,562.816811488769,0.0,562.816811488769,0.0,0.0,562.816811488769,0.4401,247.6956787362072,0.66015,0.0,2.2005,0.0,0.0,0.0,247.6956787362072,247.70元,0.0,562.816811488769
2025-02-07T04:20:00,2025-02-07T04:30:00,2025-02-07,26,549.4385745284446,549.4385745284446,0.0,549.4385745284446,0.0,0.0,549.4385745284446,0.4389,241.14859036053434,0.65835,0.0,2.1945,0.0,0.0,0.0,241.14859036053434,241.15元,0.0,549.4385745284446
2025-02-07T04:30:00,2025-02-07T04:40:00,2025-02-07,27,516.3932801476635,516.3932801476635,0.0,516.3932801476635,0.0,0.0,516.3932801476635,0.4364,225.35402745644038,0.6546000000000001,0.0,2.182,0.0,0.0,0.0,225.35402745644038,225.35元,0.0,516.3932801476635
2025-02-07T04:40:00,2025-02-07T04:50:00,2025-02-07,28,524.872263338222,524.872263338222,0.0,524.872263338222,0.0,0.0,524.872263338222,0.4393,230.57638528448092,0.65895,0.0,2.1965000000000003,0.0,0.0,0.0,230.57638528448092,230.58元,0.0,524.872263338222
2025-02-07T04:50:00,2025-02-07T05:00:00,2025-02-07,29,528.4185416250385,528.4185416250385,0.0,528.4185416250385,0.0,0.0,528.4185416250385,0.4422,233.66667910659203,0.6633,0.0,2.211,0.0,0.0,0.0,233.66667910659203,233.67元,0.0,528.4185416250385
2025-02-07T05:00:00,2025-02-07T05:10:00,2025-02-07,30,519.0728836267532,519.0728836267532,0.0,519.0728836267532,0.0,0.0,519.0728836267532,0.4395,228.13253235395803,0.65925,0.0,2.1975,0.0,0.0,0.0,228.13253235395803,228.13元,0.0,519.0728836267532
2025-02-07T05:10:00,2025-02-07T05:20:00,2025-02-07,31,538.4935113131205,538.4935113131205,0.0,538.4935113131205,0.0,0.0,538.4935113131205,0.4333,233.32923845197513,0.64995,0.0,2.1665,0.0,0.0,0.0,233.32923845197513,233.33元,0.0,538.4935113131205
2025-02-07T05:20:00,2025-02-07T05:30:00,2025-02-07,32,562.9884087179266,562.9884087179266,0.0,562.9884087179266,0.0,0.0,562.9884087179266,0.4439,249.91055462988763,0.66585,0.0,2.2195,0.0,0.0,0.0,249.91055462988763,249.91元,41.264756874118824,521.7236518438078
2025-02-07T05:30:00,2025-02-07T05:40:00,2025-02-07,33,568.6215476809556,568.6215476809556,0.0,568.6215476809556,0.0,0.0,568.6215476809556,0.4301,244.56412765757898,0.64515,0.0,2.1505,0.0,0.0,0.0,244.56412765757898,244.56元,75.8548810061886,492.76666667476695
2025-02-07T05:40:00,2025-02-07T05:50:00,2025-02-07,34,1386.3423285823426,1386.3423285823426,0.0,1386.3423285823426,0.0,0.0,1386.3423285823426,0.3713,514.7489066026238,0.5569500000000001,0.0,1.8565,0.0,0.0,0.0,514.7489066026238,514.75元,874.564795240909,511.7775333414336
2025-02-07T05:50:00,2025-02-07T06:00:00,2025-02-07,35,10.389189881111292,10.389189881111292,0.0,10.389189881111292,0.0,0.0,10.389189881111292,0.5708,5.930149584138325,0.8562,0.0,2.854,0.0,0.0,0.0,5.930149584138325,5.93元,0.0,10.389189881111292
2025-02-07T06:00:00,2025-02-07T06:10:00,2025-02-07,36,0.0,0.0,0.0,0.0,0.0,0.0,0.0,0.9099,0.0,1.3648500000000001,0.0,4.5495,0.0,218.63512929205638,99.46805207142106,99.46805207142106,99.47元,0.0,0.0
2025-02-07T06:10:00,2025-02-07T06:20:00,2025-02-07,37,0.0,0.0,0.0,0.0,0.0,0.0,0.0,0.9368,0.0,1.4052,0.0,4.684,0.0,0.0,0.0,0.0,0.00元,0.0,0.0
2025-02-07T06:20:00,2025-02-07T06:30:00,2025-02-07,38,0.0,0.0,0.0,0.0,0.0,0.0,0.0,0.8758,0.0,1.3137,0.0,4.3790000000000004,0.0,0.0,0.0,0.0,0.00元,0.0,0.0
2025-02-07T06:30:00,2025-02-07T06:40:00,2025-02-07,39,0.0,0.0,0.0,0.0,0.0,0.0,0.0,0.8759,0.0,1.31385,0.0,4.3795,0.0,0.0,0.0,0.0,0.00元,0.0,0.0
2025-02-07T06:40:00,2025-02-07T06:50:00,2025-02-07,40,0.0,0.0,0.0,0.0,0.0,0.0,0.0,0.8601,0.0,1.29015,0.0,4.3004999999999995,0.0,0.0,0.0,0.0,0.00元,0.0,0.0
2025-02-07T06:50:00,2025-02-07T07:00:00,2025-02-07,41,0.0,0.0,0.0,0.0,0.0,0.0,0.0,0.8442,0.0,1.2663,0.0,4.221,0.0,0.0,0.0,0.0,0.00元,0.0,0.0
2025-02-07T07:00:00,2025-02-07T07:10:00,2025-02-07,42,0.0,0.0,0.0,0.0,0.0,0.0,0.0,0.8334,0.0,1.2501,0.0,4.167,0.0,0.0,0.0,0.0,0.00元,0.0,0.0
2025-02-07T07:10:00,2025-02-07T07:20:00,2025-02-07,43,0.0,0.0,0.0,0.0,0.0,0.0,0.0,0.8092,0.0,1.2138,0.0,4.046,0.0,0.0,0.0,0.0,0.00元,0.0,0.0
2025-02-07T07:20:00,2025-02-07T07:30:00,2025-02-07,44,0.0,0.0,0.0,0.0,0.0,0.0,0.0,0.7972,0.0,1.1958,0.0,3.986,0.0,0.0,0.0,0.0,0.00元,0.0,0.0
2025-02-07T07:30:00,2025-02-07T07:40:00,2025-02-07,45,0.0,0.0,0.0,0.0,0.0,0.0,0.0,0.7644,0.0,1.1465999999999998,0.0,3.822,0.0,0.0,0.0,0.0,0.00元,0.0,0.0
2025-02-07T07:40:00,2025-02-07T07:50:00,2025-02-07,46,0.0,0.0,0.0,0.0,0.0,0.0,0.0,0.6899,0.0,1.03485,0.0,3.4494999999999996,0.0,0.0,0.0,0.0,0.00元,0.0,0.0
2025-02-07T07:50:00,2025-02-07T08:00:00,2025-02-07,47,0.0,0.0,0.0,0.0,0.0,0.0,0.0,0.86,0.0,1.29,0.0,4.3,0.0,0.0,0.0,0.0,0.00元,0.0,0.0
2025-02-07T08:00:00,2025-02-07T08:10:00,2025-02-07,48,0.0,0.0,0.0,0.0,0.0,0.0,0.0,1.1617,0.0,1.74255,0.0,5.8084999999999996,0.0,0.0,0.0,0.0,0.00元,0.0,0.0
2025-02-07T08:10:00,2025-02-07T08:20:00,2025-02-07,49,0.0,0.0,0.0,0.0,0.0,0.0,0.0,1.1683,0.0,1.7524499999999998,0.0,5.8415,0.0,0.0,0.0,0.0,0.00元,0.0,0.0
2025-02-07T08:20:00,2025-02-07T08:30:00,2025-02-07,50,0.0,0.0,0.0,0.0,0.0,0.0,0.0,1.0956,0.0,1.6433999999999997,0.0,5.478,0.0,0.0,0.0,0.0,0.00元,0.0,0.0
2025-02-07T08:30:00,2025-02-07T08:40:00,2025-02-07,51,0.0,0.0,0.0,0.0,0.0,0.0,0.0,1.0849,0.0,1.6273499999999999,0.0,5.4245,0.0,0.0,0.0,0.0,0.00元,0.0,0.0
2025-02-07T08:40:00,2025-02-07T08:50:00,2025-02-07,52,0.0,0.0,0.0,0.0,0.0,0.0,0.0,1.061,0.0,1.5915,0.0,5.305,0.0,0.0,0.0,0.0,0.00元,0.0,0.0
2025-02-07T08:50:00,2025-02-07T09:00:00,2025-02-07,53,0.0,0.0,0.0,0.0,0.0,0.0,0.0,1.043,0.0,1.5644999999999998,0.0,5.215,0.0,0.0,0.0,0.0,0.00元,0.0,0.0
2025-02-07T09:00:00,2025-02-07T09:10:00,2025-02-07,54,0.0,0.0,0.0,0.0,0.0,0.0,0.0,1.036,0.0,1.554,0.0,5.18,0.0,0.0,0.0,0.0,0.00元,0.0,0.0
2025-02-07T09:10:00,2025-02-07T09:20:00,2025-02-07,55,0.0,0.0,0.0,0.0,0.0,0.0,0.0,1.0147,0.0,1.52205,0.0,5.073499999999999,0.0,0.0,0.0,0.0,0.00元,0.0,0.0
2025-02-07T09:20:00,2025-02-07T09:30:00,2025-02-07,56,0.0,0.0,0.0,0.0,0.0,0.0,0.0,0.9922,0.0,1.4883,0.0,4.961,0.0,0.0,0.0,0.0,0.00元,0.0,0.0
2025-02-07T09:30:00,2025-02-07T09:40:00,2025-02-07,57,0.0,0.0,0.0,0.0,0.0,0.0,0.0,0.97,0.0,1.455,0.0,4.85,0.0,0.0,0.0,0.0,0.00元,0.0,0.0
2025-02-07T09:40:00,2025-02-07T09:50:00,2025-02-07,58,0.0,0.0,0.0,0.0,0.0,0.0,0.0,0.9422,0.0,1.4133,0.0,4.711,0.0,0.0,0.0,0.0,0.00元,0.0,0.0
2025-02-07T09:50:00,2025-02-07T10:00:00,2025-02-07,59,0.0,0.0,0.0,0.0,0.0,0.0,0.0,0.9569,0.0,1.43535,0.0,4.7844999999999995,0.0,0.0,0.0,0.0,0.00元,0.0,0.0
2025-02-07T10:00:00,2025-02-07T10:10:00,2025-02-07,60,0.0,0.0,0.0,0.0,0.0,0.0,0.0,0.9977,0.0,1.49655,0.0,4.9885,0.0,0.0,0.0,0.0,0.00元,0.0,0.0
2025-02-07T10:10:00,2025-02-07T10:20:00,2025-02-07,61,0.0,0.0,0.0,0.0,0.0,0.0,0.0,0.9919,0.0,1.48785,0.0,4.9595,0.0,0.0,0.0,0.0,0.00元,0.0,0.0
2025-02-07T10:20:00,2025-02-07T10:30:00,2025-02-07,62,0.0,0.0,0.0,0.0,0.0,0.0,0.0,0.9588,0.0,1.4382,0.0,4.794,0.0,0.0,0.0,0.0,0.00元,0.0,0.0
2025-02-07T10:30:00,2025-02-07T10:40:00,2025-02-07,63,0.0,0.0,0.0,0.0,0.0,0.0,0.0,0.9549,0.0,1.43235,0.0,4.7745,0.0,0.0,0.0,0.0,0.00元,0.0,0.0
2025-02-07T10:40:00,2025-02-07T10:50:00,2025-02-07,64,0.0,0.0,0.0,0.0,0.0,0.0,0.0,0.9839,0.0,1.4758499999999999,0.0,4.9195,0.0,0.0,0.0,0.0,0.00元,0.0,0.0
2025-02-07T10:50:00,2025-02-07T11:00:00,2025-02-07,65,0.0,0.0,0.0,0.0,0.0,0.0,0.0,0.799,0.0,1.1985000000000001,0.0,3.995,0.0,0.0,0.0,0.0,0.00元,0.0,0.0
2025-02-07T11:00:00,2025-02-07T11:10:00,2025-02-07,66,0.0,0.0,0.0,0.0,0.0,0.0,0.0,0.5025,0.0,0.7537499999999999,0.0,2.5124999999999997,0.0,0.0,0.0,0.0,0.00元,0.0,0.0
2025-02-07T11:10:00,2025-02-07T11:20:00,2025-02-07,67,0.0,0.0,0.0,0.0,0.0,0.0,0.0,0.4662,0.0,0.6993,0.0,2.331,0.0,0.0,0.0,0.0,0.00元,0.0,0.0
2025-02-07T11:20:00,2025-02-07T11:30:00,2025-02-07,68,0.0,0.0,0.0,0.0,0.0,0.0,0.0,0.5007,0.0,0.75105,0.0,2.5035000000000003,0.0,0.0,0.0,0.0,0.00元,0.0,0.0
2025-02-07T11:30:00,2025-02-07T11:40:00,2025-02-07,69,0.0,0.0,0.0,0.0,0.0,0.0,0.0,0.4827,0.0,0.7240500000000001,0.0,2.4135,0.0,0.0,0.0,0.0,0.00元,0.0,0.0
2025-02-07T11:40:00,2025-02-07T11:50:00,2025-02-07,70,0.0,0.0,0.0,0.0,0.0,0.0,0.0,0.4785,0.0,0.71775,0.0,2.3925,0.0,0.0,0.0,0.0,0.00元,0.0,0.0
2025-02-07T11:50:00,2025-02-07T12:00:00,2025-02-07,71,0.0,0.0,0.0,0.0,0.0,0.0,0.0,0.4662,0.0,0.6993,0.0,2.331,0.0,0.0,0.0,0.0,0.00元,0.0,0.0
2025-02-07T12:00:00,2025-02-07T12:10:00,2025-02-07,72,437.9860132670459,245.36267801927647,0.0,245.36267801927647,-192.62333524776943,0.0,245.36267801927647,0.4432,108.74473889814332,0.6648,0.0,2.2159999999999997,0.0,739.5231512448139,163.87833031585075,272.6230692139941,272.62元,0.0,245.36267801927647
2025-02-07T12:10:00,2025-02-07T12:20:00,2025-02-07,73,468.77698522625053,379.2878174561142,0.0,379.2878174561142,-89.4891677701363,0.0,379.2878174561142,0.4411,167.303856279892,0.66165,0.0,2.2055,0.0,0.0,0.0,167.303856279892,167.30元,0.0,379.2878174561142
2025-02-07T12:20:00,2025-02-07T12:30:00,2025-02-07,74,0.0,0.0,0.0,0.0,0.0,0.0,0.0,0.4551,0.0,0.68265,0.0,2.2755,0.0,0.0,0.0,0.0,0.00元,0.0,0.0
2025-02-07T12:30:00,2025-02-07T12:40:00,2025-02-07,75,5.143322594703875,0.0,0.0,0.0,-5.143322594703875,0.0,0.0,0.4463,0.0,0.66945,0.0,2.2315,0.0,0.0,0.0,0.0,0.00元,0.0,0.0
2025-02-07T12:40:00,2025-02-07T12:50:00,2025-02-07,76,441.88000185188855,355.6345419116245,0.0,355.6345419116245,-86.24545994026403,0.0,355.6345419116245,0.4113,146.27248708825115,0.61695,0.0,2.0564999999999998,0.0,0.0,0.0,146.27248708825115,146.27元,0.0,355.6345419116245
2025-02-07T12:50:00,2025-02-07T13:00:00,2025-02-07,77,0.0,0.0,0.0,0.0,0.0,0.0,0.0,0.5682,0.0,0.8523000000000001,0.0,2.841,0.0,0.0,0.0,0.0,0.00元,0.0,0.0
2025-02-07T13:00:00,2025-02-07T13:10:00,2025-02-07,78,0.0,0.0,0.0,0.0,0.0,0.0,0.0,0.8279,0.0,1.24185,0.0,4.1395,0.0,0.0,0.0,0.0,0.00元,0.0,0.0
2025-02-07T13:10:00,2025-02-07T13:20:00,2025-02-07,79,0.0,0.0,0.0,0.0,0.0,0.0,0.0,0.8636,0.0,1.2954,0.0,4.3180000000000005,0.0,0.0,0.0,0.0,0.00元,0.0,0.0
2025-02-07T13:20:00,2025-02-07T13:30:00,2025-02-07,80,0.0,0.0,0.0,0.0,0.0,0.0,0.0,0.8416,0.0,1.2624,0.0,4.208,0.0,0.0,0.0,0.0,0.00元,0.0,0.0
2025-02-07T13:30:00,2025-02-07T13:40:00,2025-02-07,81,0.0,0.0,0.0,0.0,0.0,0.0,0.0,0.8618,0.0,1.2927,0.0,4.309,0.0,0.0,0.0,0.0,0.00元,0.0,0.0
2025-02-07T13:40:00,2025-02-07T13:50:00,2025-02-07,82,0.0,0.0,0.0,0.0,0.0,0.0,0.0,0.8623,0.0,1.29345,0.0,4.3115,0.0,0.0,0.0,0.0,0.00元,0.0,0.0
2025-02-07T13:50:00,2025-02-07T14:00:00,2025-02-07,83,0.0,0.0,0.0,0.0,0.0,0.0,0.0,0.9026,0.0,1.3538999999999999,0.0,4.513,0.0,0.0,0.0,0.0,0.00元,0.0,0.0
2025-02-07T14:00:00,2025-02-07T14:10:00,2025-02-07,84,0.0,0.0,0.0,0.0,0.0,0.0,0.0,0.9754,0.0,1.4631,0.0,4.877000000000001,0.0,0.0,0.0,0.0,0.00元,0.0,0.0
2025-02-07T14:10:00,2025-02-07T14:20:00,2025-02-07,85,0.0,0.0,0.0,0.0,0.0,0.0,0.0,1.0002,0.0,1.5003,0.0,5.0009999999999994,0.0,0.0,0.0,0.0,0.00元,0.0,0.0
2025-02-07T14:20:00,2025-02-07T14:30:00,2025-02-07,86,0.0,0.0,0.0,0.0,0.0,0.0,0.0,0.9978,0.0,1.4967000000000001,0.0,4.989,0.0,0.0,0.0,0.0,0.00元,0.0,0.0
2025-02-07T14:30:00,2025-02-07T14:40:00,2025-02-07,87,0.0,0.0,0.0,0.0,0.0,0.0,0.0,1.0271,0.0,1.5406499999999999,0.0,5.1354999999999995,0.0,0.0,0.0,0.0,0.00元,0.0,0.0
2025-02-07T14:40:00,2025-02-07T14:50:00,2025-02-07,88,0.0,0.0,0.0,0.0,0.0,0.0,0.0,1.0906,0.0,1.6359,0.0,5.453,0.0,0.0,0.0,0.0,0.00元,0.0,0.0
2025-02-07T14:50:00,2025-02-07T15:00:00,2025-02-07,89,0.0,0.0,0.0,0.0,0.0,0.0,0.0,0.9376,0.0,1.4064,0.0,4.688,0.0,0.0,0.0,0.0,0.00元,0.0,0.0
2025-02-07T15:00:00,2025-02-07T15:10:00,2025-02-07,90,0.0,0.0,0.0,0.0,0.0,0.0,0.0,0.6694,0.0,1.0041,0.0,3.347,0.0,0.0,0.0,0.0,0.00元,0.0,0.0
2025-02-07T15:10:00,2025-02-07T15:20:00,2025-02-07,91,51.16811066535536,18.118356709308955,0.0,18.118356709308955,-33.0497539560464,0.0,18.118356709308955,0.66,11.95811542814391,0.99,0.0,3.3000000000000003,0.0,0.0,0.0,11.95811542814391,11.96元,0.0,18.118356709308955
2025-02-07T15:20:00,2025-02-07T15:30:00,2025-02-07,92,98.50093325985017,66.87904461306061,0.0,66.87904461306061,-31.621888646789557,0.0,66.87904461306061,0.7217,48.266606497245846,1.08255,0.0,3.6085000000000003,0.0,0.0,0.0,48.266606497245846,48.27元,0.0,66.87904461306061
2025-02-07T15:30:00,2025-02-07T15:40:00,2025-02-07,93,132.5560048308493,102.42562406529572,0.0,102.42562406529572,-30.130380765553582,0.0,102.42562406529572,0.7308,74.85264606691811,1.0962,0.0,3.654,0.0,0.0,0.0,74.85264606691811,74.85元,0.0,102.42562406529572
2025-02-07T15:40:00,2025-02-07T15:50:00,2025-02-07,94,161.5006492946955,132.97045964731825,0.0,132.97045964731825,-28.530189647377256,0.0,132.97045964731825,0.7534,100.17994429828957,1.1300999999999999,0.0,3.767,0.0,0.0,0.0,100.17994429828957,100.18元,0.0,132.97045964731825
2025-02-07T15:50:00,2025-02-07T16:00:00,2025-02-07,95,193.52850817419875,166.56012848297087,0.0,166.56012848297087,-26.96837969122788,0.0,166.56012848297087,0.7823,130.2999885122281,1.1734499999999999,0.0,3.9115,0.0,0.0,0.0,130.2999885122281,130.30元,0.0,166.56012848297087
2025-02-07T16:00:00,2025-02-07T16:10:00,2025-02-07,96,225.55403634381747,207.91583254355083,0.0,207.91583254355083,-17.638203800266638,0.0,207.91583254355083,0.8055,167.4762031138302,1.20825,0.0,4.0275,0.0,0.0,0.0,167.4762031138302,167.48元,0.0,207.91583254355083
2025-02-07T16:10:00,2025-02-07T16:20:00,2025-02-07,97,279.1594332983716,262.0044373139417,0.0,262.0044373139417,-17.15499598442989,0.0,262.0044373139417,0.8271,216.70387010236118,1.24065,0.0,4.1354999999999995,0.0,0.0,0.0,216.70387010236118,216.70元,0.0,262.0044373139417
2025-02-07T16:20:00,2025-02-07T16:30:00,2025-02-07,98,344.28508277074445,327.60005687137505,0.0,327.60005687137505,-16.685025899369407,0.0,327.60005687137505,0.8519,279.0824884487244,1.27785,0.0,4.2595,0.0,0.0,0.0,279.0824884487244,279.08元,0.0,327.60005687137505
2025-02-07T16:30:00,2025-02-07T16:40:00,2025-02-07,99,406.6032229787878,390.3752920882588,0.0,390.3752920882588,-16.227930890529024,0.0,390.3752920882588,0.8791,343.1789192747883,1.3186499999999999,0.0,4.3955,0.0,0.0,0.0,343.1789192747883,343.18元,0.0,390.3752920882588
2025-02-07T16:40:00,2025-02-07T16:50:00,2025-02-07,100,439.7756730877668,423.9923148493036,0.0,423.9923148493036,-15.783358238463165,0.0,423.9923148493036,0.9024,382.6106649200116,1.3536,0.0,4.512,0.0,0.0,0.0,382.6106649200116,382.61元,0.0,423.9923148493036
2025-02-07T16:50:00,2025-02-07T17:00:00,2025-02-07,101,425.6059028631384,410.25493797647783,0.0,410.25493797647783,-15.350964886660563,0.0,410.25493797647783,0.9163,375.91659966784664,1.37445,0.0,4.5815,0.0,0.0,0.0,375.91659966784664,375.92元,0.0,410.25493797647783
2025-02-07T17:00:00,2025-02-07T17:10:00,2025-02-07,102,402.7410736325798,387.81065645575796,0.0,387.81065645575796,-14.930417176821834,0.0,387.81065645575796,0.9264,359.2677921406142,1.3896,0.0,4.632,0.0,0.0,0.0,359.2677921406142,359.27元,0.0,387.81065645575796
2025-02-07T17:10:00,2025-02-07T17:20:00,2025-02-07,103,435.50539258108716,420.9840019896954,0.0,420.9840019896954,-14.521390591391764,0.0,420.9840019896954,0.9462,398.3350626826498,1.4193,0.0,4.731,0.0,0.0,0.0,398.3350626826498,398.34元,0.0,420.9840019896954
2025-02-07T17:20:00,2025-02-07T17:30:00,2025-02-07,104,472.3433175220074,458.21974801886455,0.0,458.21974801886455,-14.123569503142846,0.0,458.21974801886455,0.9742,446.39767851997783,1.4613,0.0,4.8709999999999996,0.0,0.0,0.0,446.39767851997783,446.40元,0.0,458.21974801886455
2025-02-07T17:30:00,2025-02-07T17:40:00,2025-02-07,105,475.4361669059152,461.6995199742945,0.0,461.6995199742945,-13.736646931620669,0.0,461.6995199742945,0.9862,455.32806659864923,1.4792999999999998,0.0,4.931,0.0,0.0,0.0,455.32806659864923,455.33元,0.0,461.6995199742945
2025-02-07T17:40:00,2025-02-07T17:50:00,2025-02-07,106,447.6472079244846,434.28688361822384,0.0,434.28688361822384,-13.360324306260736,0.0,434.28688361822384,0.976,423.86399841138643,1.464,0.0,4.88,0.0,0.0,0.0,423.86399841138643,423.86元,0.0,434.28688361822384
2025-02-07T17:50:00,2025-02-07T18:00:00,2025-02-07,107,249.3443084855473,64.37243203964107,0.0,64.37243203964107,-184.97187644590622,0.0,64.37243203964107,1.0742,69.14886649698244,1.6113,0.0,5.371,0.0,0.0,0.0,69.14886649698244,69.15元,0.0,64.37243203964107
2025-02-07T18:00:00,2025-02-07T18:10:00,2025-02-07,108,0.0,0.0,0.0,0.0,0.0,0.0,0.0,1.2313,0.0,1.84695,0.0,6.1565,0.0,42.508037816242904,26.170073481569947,26.170073481569947,26.17元,0.0,0.0
2025-02-07T18:10:00,2025-02-07T18:20:00,2025-02-07,109,0.0,0.0,0.0,0.0,0.0,0.0,0.0,1.2561,0.0,1.88415,0.0,6.2805,0.0,0.0,0.0,0.0,0.00元,0.0,0.0
2025-02-07T18:20:00,2025-02-07T18:30:00,2025-02-07,110,0.0,0.0,0.0,0.0,0.0,0.0,0.0,1.2447,0.0,1.8670499999999999,0.0,6.2235,0.0,0.0,0.0,0.0,0.00元,0.0,0.0
2025-02-07T18:30:00,2025-02-07T18:40:00,2025-02-07,111,0.0,0.0,0.0,0.0,0.0,0.0,0.0,1.2545,0.0,1.8817499999999998,0.0,6.2725,0.0,0.0,0.0,0.0,0.00元,0.0,0.0
2025-02-07T18:40:00,2025-02-07T18:50:00,2025-02-07,112,0.0,0.0,0.0,0.0,0.0,0.0,0.0,1.2522,0.0,1.8782999999999999,0.0,6.261,0.0,0.0,0.0,0.0,0.00元,0.0,0.0
2025-02-07T18:50:00,2025-02-07T19:00:00,2025-02-07,113,0.0,0.0,0.0,0.0,0.0,0.0,0.0,1.2881,0.0,1.93215,0.0,6.4405,0.0,0.0,0.0,0.0,0.00元,0.0,0.0
2025-02-07T19:00:00,2025-02-07T19:10:00,2025-02-07,114,0.0,0.0,0.0,0.0,0.0,0.0,0.0,1.3466,0.0,2.0199,0.0,6.7330000000000005,0.0,0.0,0.0,0.0,0.00元,0.0,0.0
2025-02-07T19:10:00,2025-02-07T19:20:00,2025-02-07,115,0.0,0.0,0.0,0.0,0.0,0.0,0.0,1.3523,0.0,2.0284500000000003,0.0,6.7615,0.0,0.0,0.0,0.0,0.00元,0.0,0.0
2025-02-07T19:20:00,2025-02-07T19:30:00,2025-02-07,116,0.0,0.0,0.0,0.0,0.0,0.0,0.0,1.3445,0.0,2.01675,0.0,6.7225,0.0,0.0,0.0,0.0,0.00元,0.0,0.0
2025-02-07T19:30:00,2025-02-07T19:40:00,2025-02-07,117,0.0,0.0,0.0,0.0,0.0,0.0,0.0,1.3483,0.0,2.02245,0.0,6.7415,0.0,0.0,0.0,0.0,0.00元,0.0,0.0
2025-02-07T19:40:00,2025-02-07T19:50:00,2025-02-07,118,0.0,0.0,0.0,0.0,0.0,0.0,0.0,1.349,0.0,2.0235,0.0,6.745,0.0,0.0,0.0,0.0,0.00元,0.0,0.0
2025-02-07T19:50:00,2025-02-07T20:00:00,2025-02-07,119,0.0,0.0,0.0,0.0,0.0,0.0,0.0,1.3473,0.0,2.02095,0.0,6.7364999999999995,0.0,0.0,0.0,0.0,0.00元,0.0,0.0
2025-02-07T20:00:00,2025-02-07T20:10:00,2025-02-07,120,0.0,0.0,0.0,0.0,0.0,0.0,0.0,1.3482,0.0,2.0223,0.0,6.7410000000000005,0.0,0.0,0.0,0.0,0.00元,0.0,0.0
2025-02-07T20:10:00,2025-02-07T20:20:00,2025-02-07,121,0.0,0.0,0.0,0.0,0.0,0.0,0.0,1.3513,0.0,2.02695,0.0,6.7565,0.0,0.0,0.0,0.0,0.00元,0.0,0.0
2025-02-07T20:20:00,2025-02-07T20:30:00,2025-02-07,122,0.0,0.0,0.0,0.0,0.0,0.0,0.0,1.34,0.0,2.0100000000000002,0.0,6.7,0.0,0.0,0.0,0.0,0.00元,0.0,0.0
2025-02-07T20:30:00,2025-02-07T20:40:00,2025-02-07,123,0.0,0.0,0.0,0.0,0.0,0.0,0.0,1.3489,0.0,2.0233499999999998,0.0,6.7445,0.0,0.0,0.0,0.0,0.00元,0.0,0.0
2025-02-07T20:40:00,2025-02-07T20:50:00,2025-02-07,124,0.0,0.0,0.0,0.0,0.0,0.0,0.0,1.3952,0.0,2.0928,0.0,6.976,0.0,0.0,0.0,0.0,0.00元,0.0,0.0
2025-02-07T20:50:00,2025-02-07T21:00:00,2025-02-07,125,0.0,0.0,198.8773578405657,198.8773578405657,198.8773578405657,5.745178125701094,204.6225359662668,1.2226,0.0,1.8338999999999999,364.7211865438134,6.1129999999999995,35.120273882410785,0.0,0.0,399.84146042622416,399.84元,0.0,204.6225359662668
2025-02-07T21:00:00,2025-02-07T21:10:00,2025-02-07,126,443.61119387052685,435.9456620976482,13.456693089365785,449.402355187014,5.791161316487148,16.559311467307015,465.961666654321,0.9332,406.82449186952533,1.3998,18.836678986494228,4.666,77.26574730645453,0.0,0.0,502.92691816247407,502.93元,0.0,465.961666654321
2025-02-07T21:10:00,2025-02-07T21:20:00,2025-02-07,127,459.2234403909486,457.15202418654474,0.0,457.15202418654474,-2.0714162044038744,11.844559134442951,468.99658332098767,0.9068,414.5454555323588,1.3602,0.0,4.534000000000001,53.70323111556434,0.0,0.0,468.2486866479231,468.25元,0.0,468.99658332098767
2025-02-07T21:20:00,2025-02-07T21:30:00,2025-02-07,128,493.61719472547867,486.36591236071854,0.0,486.36591236071854,-7.251282364760129,0.0,486.36591236071854,0.9371,455.7734964732294,1.40565,0.0,4.6855,0.0,0.0,0.0,455.7734964732294,455.77元,0.0,486.36591236071854
2025-02-07T21:30:00,2025-02-07T21:40:00,2025-02-07,129,514.0121159519052,506.9594862591046,0.0,506.9594862591046,-7.052629692800622,0.0,506.9594862591046,0.9371,475.07173457340696,1.40565,0.0,4.6855,0.0,0.0,0.0,475.07173457340696,475.07元,0.0,506.9594862591046
2025-02-07T21:40:00,2025-02-07T21:50:00,2025-02-07,130,460.76404981213864,455.75797074022216,0.0,455.75797074022216,-5.006079071916474,0.48518822725438243,456.2431589674765,0.9871,449.8786929176733,1.48065,0.0,4.9355,2.3946464956140048,0.0,0.0,452.27333941328726,452.27元,0.0,456.2431589674765
2025-02-07T21:50:00,2025-02-07T22:00:00,2025-02-07,131,443.1988544612535,443.1988544612535,0.0,443.1988544612535,0.0,0.0,443.1988544612535,0.7764,344.0995906037172,1.1646,0.0,3.8819999999999997,0.0,0.0,0.0,344.0995906037172,344.10元,0.0,443.1988544612535
2025-02-07T22:00:00,2025-02-07T22:10:00,2025-02-07,132,1238.0217519256073,1226.1119732661107,0.0,1226.1119732661107,-11.909778659496624,0.0,1226.1119732661107,0.4209,516.070529547706,0.63135,0.0,2.1045,0.0,0.0,0.0,516.070529547706,516.07元,21.498639942777338,1204.6133333233333
2025-02-07T22:10:00,2025-02-07T22:20:00,2025-02-07,133,1223.698297580683,1212.1147935349918,0.0,1212.1147935349918,-11.583504045691143,0.0,1212.1147935349918,0.3859,467.75509882515337,0.5788500000000001,0.0,1.9295,0.0,0.0,0.0,467.75509882515337,467.76元,25.675360211658464,1186.4394333233333
2025-02-07T22:20:00,2025-02-07T22:30:00,2025-02-07,134,397.39698740715,397.39698740715,0.0,397.39698740715,0.0,0.0,397.39698740715,0.4368,173.58300409944312,0.6552,0.0,2.184,0.0,0.0,0.0,173.58300409944312,173.58元,0.0,397.39698740715
2025-02-07T22:30:00,2025-02-07T22:40:00,2025-02-07,135,1237.1109112675845,1226.1533859324431,0.0,1226.1533859324431,-10.957525335141327,0.0,1226.1533859324431,0.4198,514.7391914144397,0.6297,0.0,2.099,0.0,0.0,0.0,514.7391914144397,514.74元,0.0,1226.1533859324431
2025-02-07T22:40:00,2025-02-07T22:50:00,2025-02-07,136,1235.9824588913493,1225.3251206922748,0.0,1225.3251206922748,-10.657338199074502,0.0,1225.3251206922748,0.4186,512.9210955217862,0.6279,0.0,2.093,0.0,0.0,0.0,512.9210955217862,512.92元,0.0,1225.3251206922748
2025-02-07T22:50:00,2025-02-07T23:00:00,2025-02-07,137,1234.7525812736399,1224.4425333650147,0.0,1224.4425333650147,-10.310047908625165,0.0,1224.4425333650147,0.4241,519.2860784001027,0.63615,0.0,2.1205,0.0,0.0,0.0,519.2860784001027,519.29元,11.31053337501475,1213.13199999
2025-02-07T23:00:00,2025-02-07T23:10:00,2025-02-07,138,1239.4426420353882,1229.361232052632,0.0,1229.361232052632,-10.081409982756213,0.0,1229.361232052632,0.4237,520.8803540207002,0.6355500000000001,0.0,2.1185,0.0,0.0,0.0,520.8803540207002,520.88元,0.0,1229.361232052632
2025-02-07T23:10:00,2025-02-07T23:20:00,2025-02-07,139,413.87631971400543,413.87631971400543,0.0,413.87631971400543,0.0,0.0,413.87631971400543,0.4248,175.8146606145095,0.6372,0.0,2.124,0.0,0.0,0.0,175.8146606145095,175.81元,0.0,413.87631971400543
2025-02-07T23:20:00,2025-02-07T23:30:00,2025-02-07,140,1242.871094646116,1233.3344894129966,0.0,1233.3344894129966,-9.536605233119417,0.0,1233.3344894129966,0.424,522.9338235111105,0.636,0.0,2.12,0.0,0.0,0.0,522.9338235111105,522.93元,0.0,1233.3344894129966
2025-02-07T23:30:00,2025-02-07T23:40:00,2025-02-07,141,1238.226565114468,1228.951220168245,0.0,1228.951220168245,-9.275344946222958,0.0,1228.951220168245,0.422,518.6174149109994,0.633,0.0,2.11,0.0,0.0,0.0,518.6174149109994,518.62元,0.0,1228.951220168245
2025-02-07T23:40:00,2025-02-07T23:50:00,2025-02-07,142,1259.3032476223811,1250.2820056008861,0.0,1250.2820056008861,-9.021242021495027,0.0,1250.2820056008861,0.424,530.1195703747757,0.636,0.0,2.12,0.0,0.0,0.0,530.1195703747757,530.12元,5.830805610886151,1244.45119999
2025-02-07T23:50:00,2025-02-08T00:00:00,2025-02-07,143,437.1142652301682,437.1142652301682,0.0,437.1142652301682,0.0,0.0,437.1142652301682,0.4271,186.69150267980484,0.6406499999999999,0.0,2.1355,0.0,0.0,0.0,186.69150267980484,186.69元,0.0,437.1142652301682
2025-02-08T00:00:00,2025-02-08T00:10:00,2025-02-07,144,420.24689166666667,420.24689166666667,0.0,420.24689166666667,0.0,0.0,420.24689166666667,0.4276,179.69757087666665,0.6414,0.0,2.138,0.0,0.0,0.0,179.69757087666665,179.70元,0.0,420.24689166666667
2025-02-08T00:10:00,2025-02-08T00:20:00,2025-02-08,1,848.511845617041,848.511845617041,0.0,848.511845617041,0.0,0.0,848.511845617041,0.4248,360.447832018119,0.6372,0.0,2.124,0.0,0.0,0.0,360.447832018119,360.45元,0.0,848.511845617041
2025-02-08T00:20:00,2025-02-08T00:30:00,2025-02-08,2,1249.3937150628308,1249.3937150628308,0.0,1249.3937150628308,0.0,0.0,1249.3937150628308,0.4245,530.3676320441716,0.6367499999999999,0.0,2.1225,0.0,0.0,0.0,530.3676320441716,530.37元,4.325781739497407,1245.0679333233334
2025-02-08T00:30:00,2025-02-08T00:40:00,2025-02-08,3,413.2202494452387,413.2202494452387,0.0,413.2202494452387,0.0,0.0,413.2202494452387,0.4269,176.4037244881724,0.64035,0.0,2.1345,0.0,0.0,0.0,176.4037244881724,176.40元,0.0,413.2202494452387
2025-02-08T00:40:00,2025-02-08T00:50:00,2025-02-08,4,431.5963588953453,431.5963588953453,0.0,431.5963588953453,0.0,0.0,431.5963588953453,0.4272,184.37796452009152,0.6408,0.0,2.136,0.0,0.0,0.0,184.37796452009152,184.38元,0.0,431.5963588953453
2025-02-08T00:50:00,2025-02-08T01:00:00,2025-02-08,5,432.03833710900483,432.03833710900483,0.0,432.03833710900483,0.0,0.0,432.03833710900483,0.4271,184.52357377925594,0.6406499999999999,0.0,2.1355,0.0,0.0,0.0,184.52357377925594,184.52元,0.0,432.03833710900483
2025-02-08T01:00:00,2025-02-08T01:10:00,2025-02-08,6,420.9824174528426,420.9824174528426,0.0,420.9824174528426,0.0,0.0,420.9824174528426,0.4285,180.39096587854306,0.6427499999999999,0.0,2.1425,0.0,0.0,0.0,180.39096587854306,180.39元,0.0,420.9824174528426
2025-02-08T01:10:00,2025-02-08T01:20:00,2025-02-08,7,442.0891164435851,442.0891164435851,0.0,442.0891164435851,0.0,0.0,442.0891164435851,0.4311,190.58461809882954,0.64665,0.0,2.1555,0.0,0.0,0.0,190.58461809882954,190.58元,0.0,442.0891164435851
2025-02-08T01:20:00,2025-02-08T01:30:00,2025-02-08,8,448.7710388900586,448.7710388900586,0.0,448.7710388900586,0.0,0.0,448.7710388900586,0.4302,193.06130093050322,0.6453,0.0,2.1510000000000002,0.0,0.0,0.0,193.06130093050322,193.06元,0.0,448.7710388900586
2025-02-08T01:30:00,2025-02-08T01:40:00,2025-02-08,9,442.3157580312946,442.3157580312946,0.0,442.3157580312946,0.0,0.0,442.3157580312946,0.4279,189.26691286159095,0.64185,0.0,2.1395,0.0,0.0,0.0,189.26691286159095,189.27元,0.0,442.3157580312946
2025-02-08T01:40:00,2025-02-08T01:50:00,2025-02-08,10,466.7351156708548,466.7351156708548,0.0,466.7351156708548,0.0,0.0,466.7351156708548,0.4312,201.25618187727258,0.6468,0.0,2.156,0.0,0.0,0.0,201.25618187727258,201.26元,0.0,466.7351156708548
2025-02-08T01:50:00,2025-02-08T02:00:00,2025-02-08,11,457.041000640808,457.041000640808,0.0,457.041000640808,0.0,0.0,457.041000640808,0.4333,198.03586557766212,0.64995,0.0,2.1665,0.0,0.0,0.0,198.03586557766212,198.04元,0.0,457.041000640808
2025-02-08T02:00:00,2025-02-08T02:10:00,2025-02-08,12,422.8858914287951,422.8858914287951,0.0,422.8858914287951,0.0,0.0,422.8858914287951,0.4311,182.30610779495356,0.64665,0.0,2.1555,0.0,0.0,0.0,182.30610779495356,182.31元,0.0,422.8858914287951
2025-02-08T02:10:00,2025-02-08T02:20:00,2025-02-08,13,445.922148801612,445.922148801612,0.0,445.922148801612,0.0,0.0,445.922148801612,0.4293,191.43437848053205,0.64395,0.0,2.1465,0.0,0.0,0.0,191.43437848053205,191.43元,0.0,445.922148801612
2025-02-08T02:20:00,2025-02-08T02:30:00,2025-02-08,14,486.24861842540935,486.24861842540935,0.0,486.24861842540935,0.0,0.0,486.24861842540935,0.4324,210.253902607147,0.6486000000000001,0.0,2.162,0.0,0.0,0.0,210.253902607147,210.25元,0.0,486.24861842540935
2025-02-08T02:30:00,2025-02-08T02:40:00,2025-02-08,15,498.2613951492628,498.2613951492628,0.0,498.2613951492628,0.0,0.0,498.2613951492628,0.4367,217.59075126168304,0.6550499999999999,0.0,2.1835,0.0,0.0,0.0,217.59075126168304,217.59元,0.0,498.2613951492628
2025-02-08T02:40:00,2025-02-08T02:50:00,2025-02-08,16,476.18498395221,476.18498395221,0.0,476.18498395221,0.0,0.0,476.18498395221,0.4348,207.04523102242092,0.6522,0.0,2.174,0.0,0.0,0.0,207.04523102242092,207.05元,0.0,476.18498395221
2025-02-08T02:50:00,2025-02-08T03:00:00,2025-02-08,17,468.02292422050465,468.02292422050465,0.0,468.02292422050465,0.0,0.0,468.02292422050465,0.4335,202.88793764958876,0.65025,0.0,2.1675,0.0,0.0,0.0,202.88793764958876,202.89元,0.0,468.02292422050465
2025-02-08T03:00:00,2025-02-08T03:10:00,2025-02-08,18,483.08375068850756,483.08375068850756,0.0,483.08375068850756,0.0,0.0,483.08375068850756,0.4357,210.47959017498275,0.65355,0.0,2.1784999999999997,0.0,0.0,0.0,210.47959017498275,210.48元,0.0,483.08375068850756
2025-02-08T03:10:00,2025-02-08T03:20:00,2025-02-08,19,488.50010937663217,488.50010937663217,0.0,488.50010937663217,0.0,0.0,488.50010937663217,0.4374,213.6699478413389,0.6561,0.0,2.1870000000000003,0.0,0.0,0.0,213.6699478413389,213.67元,0.0,488.50010937663217
2025-02-08T03:20:00,2025-02-08T03:30:00,2025-02-08,20,489.85791602642223,489.85791602642223,0.0,489.85791602642223,0.0,0.0,489.85791602642223,0.4371,214.11689509514915,0.65565,0.0,2.1854999999999998,0.0,0.0,0.0,214.11689509514915,214.12元,0.0,489.85791602642223
2025-02-08T03:30:00,2025-02-08T03:40:00,2025-02-08,21,496.8362045328446,496.8362045328446,0.0,496.8362045328446,0.0,0.0,496.8362045328446,0.4356,216.4218506945071,0.6534,0.0,2.178,0.0,0.0,0.0,216.4218506945071,216.42元,0.0,496.8362045328446
2025-02-08T03:40:00,2025-02-08T03:50:00,2025-02-08,22,508.45885787386874,508.45885787386874,0.0,508.45885787386874,0.0,0.0,508.45885787386874,0.4353,221.33214083249507,0.65295,0.0,2.1765,0.0,0.0,0.0,221.33214083249507,221.33元,0.0,508.45885787386874
2025-02-08T03:50:00,2025-02-08T04:00:00,2025-02-08,23,506.65921570407795,506.65921570407795,0.0,506.65921570407795,0.0,0.0,506.65921570407795,0.436,220.90341804697798,0.654,0.0,2.18,0.0,0.0,0.0,220.90341804697798,220.90元,0.0,506.65921570407795
2025-02-08T04:00:00,2025-02-08T04:10:00,2025-02-08,24,495.77729361238096,495.77729361238096,0.0,495.77729361238096,0.0,0.0,495.77729361238096,0.4378,217.0512991435004,0.6567000000000001,0.0,2.189,0.0,0.0,0.0,217.0512991435004,217.05元,0.0,495.77729361238096
2025-02-08T04:10:00,2025-02-08T04:20:00,2025-02-08,25,498.4937732105649,498.4937732105649,0.0,498.4937732105649,0.0,0.0,498.4937732105649,0.4401,219.3871095899696,0.66015,0.0,2.2005,0.0,0.0,0.0,219.3871095899696,219.39元,0.0,498.4937732105649
2025-02-08T04:20:00,2025-02-08T04:30:00,2025-02-08,26,504.9101688860861,504.9101688860861,0.0,504.9101688860861,0.0,0.0,504.9101688860861,0.4389,221.6050731241032,0.65835,0.0,2.1945,0.0,0.0,0.0,221.6050731241032,221.61元,0.0,504.9101688860861
2025-02-08T04:30:00,2025-02-08T04:40:00,2025-02-08,27,508.23853538583796,508.23853538583796,0.0,508.23853538583796,0.0,0.0,508.23853538583796,0.4364,221.79529684237968,0.6546000000000001,0.0,2.182,0.0,0.0,0.0,221.79529684237968,221.80元,0.0,508.23853538583796
2025-02-08T04:40:00,2025-02-08T04:50:00,2025-02-08,28,511.95254373095503,511.95254373095503,0.0,511.95254373095503,0.0,0.0,511.95254373095503,0.4393,224.90075246100855,0.65895,0.0,2.1965000000000003,0.0,0.0,0.0,224.90075246100855,224.90元,0.0,511.95254373095503
2025-02-08T04:50:00,2025-02-08T05:00:00,2025-02-08,29,514.3192733472476,514.3192733472476,0.0,514.3192733472476,0.0,0.0,514.3192733472476,0.4422,227.4319826741529,0.6633,0.0,2.211,0.0,0.0,0.0,227.4319826741529,227.43元,0.0,514.3192733472476
2025-02-08T05:00:00,2025-02-08T05:10:00,2025-02-08,30,510.77236605295974,510.77236605295974,0.0,510.77236605295974,0.0,0.0,510.77236605295974,0.4395,224.48445488027582,0.65925,0.0,2.1975,0.0,0.0,0.0,224.48445488027582,224.48元,0.0,510.77236605295974
2025-02-08T05:10:00,2025-02-08T05:20:00,2025-02-08,31,501.3627292878667,501.3627292878667,0.0,501.3627292878667,0.0,0.0,501.3627292878667,0.4333,217.24047060043267,0.64995,0.0,2.1665,0.0,0.0,0.0,217.24047060043267,217.24元,0.0,501.3627292878667
2025-02-08T05:20:00,2025-02-08T05:30:00,2025-02-08,32,508.9858380167461,508.9858380167461,0.0,508.9858380167461,0.0,0.0,508.9858380167461,0.4439,225.93881349563358,0.66585,0.0,2.2195,0.0,0.0,0.0,225.93881349563358,225.94元,0.0,508.9858380167461
2025-02-08T05:30:00,2025-02-08T05:40:00,2025-02-08,33,533.9374103775529,533.9374103775529,0.0,533.9374103775529,0.0,0.0,533.9374103775529,0.4301,229.64648020338547,0.64515,0.0,2.1505,0.0,0.0,0.0,229.64648020338547,229.65元,0.0,533.9374103775529
2025-02-08T05:40:00,2025-02-08T05:50:00,2025-02-08,34,1382.79042716323,1382.79042716323,0.0,1382.79042716323,0.0,0.0,1382.79042716323,0.3713,513.4300856057074,0.5569500000000001,0.0,1.8565,0.0,0.0,0.0,513.4300856057074,513.43元,30.968527173230193,1351.82189999
2025-02-08T05:50:00,2025-02-08T06:00:00,2025-02-08,35,0.0,0.0,0.0,0.0,0.0,0.0,0.0,0.5708,0.0,0.8562,0.0,2.854,0.0,0.0,0.0,0.0,0.00元,0.0,0.0
2025-02-08T06:00:00,2025-02-08T06:10:00,2025-02-08,36,0.0,0.0,0.0,0.0,0.0,0.0,0.0,0.9099,0.0,1.3648500000000001,0.0,4.5495,0.0,0.0,0.0,0.0,0.00元,0.0,0.0
2025-02-08T06:10:00,2025-02-08T06:20:00,2025-02-08,37,0.0,0.0,0.0,0.0,0.0,0.0,0.0,0.9368,0.0,1.4052,0.0,4.684,0.0,0.0,0.0,0.0,0.00元,0.0,0.0
2025-02-08T06:20:00,2025-02-08T06:30:00,2025-02-08,38,0.0,0.0,0.0,0.0,0.0,0.0,0.0,0.8758,0.0,1.3137,0.0,4.3790000000000004,0.0,0.0,0.0,0.0,0.00元,0.0,0.0
2025-02-08T06:30:00,2025-02-08T06:40:00,2025-02-08,39,0.0,0.0,0.0,0.0,0.0,0.0,0.0,0.8759,0.0,1.31385,0.0,4.3795,0.0,0.0,0.0,0.0,0.00元,0.0,0.0
2025-02-08T06:40:00,2025-02-08T06:50:00,2025-02-08,40,0.0,0.0,0.0,0.0,0.0,0.0,0.0,0.8601,0.0,1.29015,0.0,4.3004999999999995,0.0,0.0,0.0,0.0,0.00元,0.0,0.0
2025-02-08T06:50:00,2025-02-08T07:00:00,2025-02-08,41,0.0,0.0,0.0,0.0,0.0,0.0,0.0,0.8442,0.0,1.2663,0.0,4.221,0.0,0.0,0.0,0.0,0.00元,0.0,0.0
2025-02-08T07:00:00,2025-02-08T07:10:00,2025-02-08,42,0.0,0.0,0.0,0.0,0.0,0.0,0.0,0.8334,0.0,1.2501,0.0,4.167,0.0,0.0,0.0,0.0,0.00元,0.0,0.0
2025-02-08T07:10:00,2025-02-08T07:20:00,2025-02-08,43,0.0,0.0,0.0,0.0,0.0,0.0,0.0,0.8092,0.0,1.2138,0.0,4.046,0.0,0.0,0.0,0.0,0.00元,0.0,0.0
2025-02-08T07:20:00,2025-02-08T07:30:00,2025-02-08,44,0.0,0.0,0.0,0.0,0.0,0.0,0.0,0.7972,0.0,1.1958,0.0,3.986,0.0,0.0,0.0,0.0,0.00元,0.0,0.0
2025-02-08T07:30:00,2025-02-08T07:40:00,2025-02-08,45,0.0,0.0,0.0,0.0,0.0,0.0,0.0,0.7644,0.0,1.1465999999999998,0.0,3.822,0.0,0.0,0.0,0.0,0.00元,0.0,0.0
2025-02-08T07:40:00,2025-02-08T07:50:00,2025-02-08,46,0.0,0.0,0.0,0.0,0.0,0.0,0.0,0.6899,0.0,1.03485,0.0,3.4494999999999996,0.0,0.0,0.0,0.0,0.00元,0.0,0.0
2025-02-08T07:50:00,2025-02-08T08:00:00,2025-02-08,47,0.0,0.0,0.0,0.0,0.0,0.0,0.0,0.86,0.0,1.29,0.0,4.3,0.0,0.0,0.0,0.0,0.00元,0.0,0.0
2025-02-08T08:00:00,2025-02-08T08:10:00,2025-02-08,48,0.0,0.0,0.0,0.0,0.0,0.0,0.0,1.1617,0.0,1.74255,0.0,5.8084999999999996,0.0,0.0,0.0,0.0,0.00元,0.0,0.0
2025-02-08T08:10:00,2025-02-08T08:20:00,2025-02-08,49,0.0,0.0,0.0,0.0,0.0,0.0,0.0,1.1683,0.0,1.7524499999999998,0.0,5.8415,0.0,0.0,0.0,0.0,0.00元,0.0,0.0
2025-02-08T08:20:00,2025-02-08T08:30:00,2025-02-08,50,0.0,0.0,0.0,0.0,0.0,0.0,0.0,1.0956,0.0,1.6433999999999997,0.0,5.478,0.0,0.0,0.0,0.0,0.00元,0.0,0.0
2025-02-08T08:30:00,2025-02-08T08:40:00,2025-02-08,51,0.0,0.0,0.0,0.0,0.0,0.0,0.0,1.0849,0.0,1.6273499999999999,0.0,5.4245,0.0,0.0,0.0,0.0,0.00元,0.0,0.0
2025-02-08T08:40:00,2025-02-08T08:50:00,2025-02-08,52,0.0,0.0,0.0,0.0,0.0,0.0,0.0,1.061,0.0,1.5915,0.0,5.305,0.0,0.0,0.0,0.0,0.00元,0.0,0.0
2025-02-08T08:50:00,2025-02-08T09:00:00,2025-02-08,53,0.0,0.0,0.0,0.0,0.0,0.0,0.0,1.043,0.0,1.5644999999999998,0.0,5.215,0.0,0.0,0.0,0.0,0.00元,0.0,0.0
2025-02-08T09:00:00,2025-02-08T09:10:00,2025-02-08,54,0.0,0.0,0.0,0.0,0.0,0.0,0.0,1.036,0.0,1.554,0.0,5.18,0.0,0.0,0.0,0.0,0.00元,0.0,0.0
2025-02-08T09:10:00,2025-02-08T09:20:00,2025-02-08,55,0.0,0.0,0.0,0.0,0.0,0.0,0.0,1.0147,0.0,1.52205,0.0,5.073499999999999,0.0,0.0,0.0,0.0,0.00元,0.0,0.0
2025-02-08T09:20:00,2025-02-08T09:30:00,2025-02-08,56,0.0,0.0,0.0,0.0,0.0,0.0,0.0,0.9922,0.0,1.4883,0.0,4.961,0.0,0.0,0.0,0.0,0.00元,0.0,0.0
2025-02-08T09:30:00,2025-02-08T09:40:00,2025-02-08,57,0.0,0.0,0.0,0.0,0.0,0.0,0.0,0.97,0.0,1.455,0.0,4.85,0.0,0.0,0.0,0.0,0.00元,0.0,0.0
2025-02-08T09:40:00,2025-02-08T09:50:00,2025-02-08,58,0.0,0.0,0.0,0.0,0.0,0.0,0.0,0.9422,0.0,1.4133,0.0,4.711,0.0,0.0,0.0,0.0,0.00元,0.0,0.0
2025-02-08T09:50:00,2025-02-08T10:00:00,2025-02-08,59,0.0,0.0,0.0,0.0,0.0,0.0,0.0,0.9569,0.0,1.43535,0.0,4.7844999999999995,0.0,0.0,0.0,0.0,0.00元,0.0,0.0
2025-02-08T10:00:00,2025-02-08T10:10:00,2025-02-08,60,0.0,0.0,0.0,0.0,0.0,0.0,0.0,0.9977,0.0,1.49655,0.0,4.9885,0.0,0.0,0.0,0.0,0.00元,0.0,0.0
2025-02-08T10:10:00,2025-02-08T10:20:00,2025-02-08,61,0.0,0.0,0.0,0.0,0.0,0.0,0.0,0.9919,0.0,1.48785,0.0,4.9595,0.0,0.0,0.0,0.0,0.00元,0.0,0.0
2025-02-08T10:20:00,2025-02-08T10:30:00,2025-02-08,62,0.0,0.0,0.0,0.0,0.0,0.0,0.0,0.9588,0.0,1.4382,0.0,4.794,0.0,0.0,0.0,0.0,0.00元,0.0,0.0
2025-02-08T10:30:00,2025-02-08T10:40:00,2025-02-08,63,0.0,0.0,0.0,0.0,0.0,0.0,0.0,0.9549,0.0,1.43235,0.0,4.7745,0.0,0.0,0.0,0.0,0.00元,0.0,0.0
2025-02-08T10:40:00,2025-02-08T10:50:00,2025-02-08,64,0.0,0.0,0.0,0.0,0.0,0.0,0.0,0.9839,0.0,1.4758499999999999,0.0,4.9195,0.0,0.0,0.0,0.0,0.00元,0.0,0.0
2025-02-08T10:50:00,2025-02-08T11:00:00,2025-02-08,65,0.0,0.0,0.0,0.0,0.0,0.0,0.0,0.799,0.0,1.1985000000000001,0.0,3.995,0.0,0.0,0.0,0.0,0.00元,0.0,0.0
2025-02-08T11:00:00,2025-02-08T11:10:00,2025-02-08,66,0.0,0.0,0.0,0.0,0.0,0.0,0.0,0.5025,0.0,0.7537499999999999,0.0,2.5124999999999997,0.0,0.0,0.0,0.0,0.00元,0.0,0.0
2025-02-08T11:10:00,2025-02-08T11:20:00,2025-02-08,67,0.0,0.0,0.0,0.0,0.0,0.0,0.0,0.4662,0.0,0.6993,0.0,2.331,0.0,0.0,0.0,0.0,0.00元,0.0,0.0
2025-02-08T11:20:00,2025-02-08T11:30:00,2025-02-08,68,0.0,0.0,0.0,0.0,0.0,0.0,0.0,0.5007,0.0,0.75105,0.0,2.5035000000000003,0.0,0.0,0.0,0.0,0.00元,0.0,0.0
2025-02-08T11:30:00,2025-02-08T11:40:00,2025-02-08,69,0.0,0.0,0.0,0.0,0.0,0.0,0.0,0.4827,0.0,0.7240500000000001,0.0,2.4135,0.0,0.0,0.0,0.0,0.00元,0.0,0.0
2025-02-08T11:40:00,2025-02-08T11:50:00,2025-02-08,70,0.0,0.0,0.0,0.0,0.0,0.0,0.0,0.4785,0.0,0.71775,0.0,2.3925,0.0,0.0,0.0,0.0,0.00元,0.0,0.0
2025-02-08T11:50:00,2025-02-08T12:00:00,2025-02-08,71,0.0,0.0,0.0,0.0,0.0,0.0,0.0,0.4662,0.0,0.6993,0.0,2.331,0.0,0.0,0.0,0.0,0.00元,0.0,0.0
2025-02-08T12:00:00,2025-02-08T12:10:00,2025-02-08,72,0.0,0.0,187.48478555813392,187.48478555813392,187.48478555813392,0.0,187.48478555813392,0.4432,0.0,0.6648,124.63988543904743,2.2159999999999997,0.0,141.1305974494008,31.274540394787216,155.91442583383466,155.91元,0.0,187.48478555813392
2025-02-08T12:10:00,2025-02-08T12:20:00,2025-02-08,73,0.0,0.0,397.08728454791424,397.08728454791424,397.08728454791424,0.0,397.08728454791424,0.4411,0.0,0.66165,262.73280182112745,2.2055,0.0,0.0,0.0,262.73280182112745,262.73元,0.0,397.08728454791424
2025-02-08T12:20:00,2025-02-08T12:30:00,2025-02-08,74,0.0,0.0,0.0,0.0,0.0,0.0,0.0,0.4551,0.0,0.68265,0.0,2.2755,0.0,0.0,0.0,0.0,0.00元,0.0,0.0
2025-02-08T12:30:00,2025-02-08T12:40:00,2025-02-08,75,0.0,0.0,0.0,0.0,0.0,0.0,0.0,0.4463,0.0,0.66945,0.0,2.2315,0.0,0.0,0.0,0.0,0.00元,0.0,0.0
2025-02-08T12:40:00,2025-02-08T12:50:00,2025-02-08,76,0.0,0.0,358.9090941260479,358.9090941260479,358.9090941260479,0.0,358.9090941260479,0.4113,0.0,0.61695,221.42896562106523,2.0564999999999998,0.0,0.0,0.0,221.42896562106523,221.43元,0.0,358.9090941260479
2025-02-08T12:50:00,2025-02-08T13:00:00,2025-02-08,77,0.0,0.0,0.0,0.0,0.0,0.0,0.0,0.5682,0.0,0.8523000000000001,0.0,2.841,0.0,0.0,0.0,0.0,0.00元,0.0,0.0
2025-02-08T13:00:00,2025-02-08T13:10:00,2025-02-08,78,0.0,0.0,0.0,0.0,0.0,0.0,0.0,0.8279,0.0,1.24185,0.0,4.1395,0.0,0.0,0.0,0.0,0.00元,0.0,0.0
2025-02-08T13:10:00,2025-02-08T13:20:00,2025-02-08,79,0.0,0.0,0.0,0.0,0.0,0.0,0.0,0.8636,0.0,1.2954,0.0,4.3180000000000005,0.0,0.0,0.0,0.0,0.00元,0.0,0.0
2025-02-08T13:20:00,2025-02-08T13:30:00,2025-02-08,80,0.0,0.0,0.0,0.0,0.0,0.0,0.0,0.8416,0.0,1.2624,0.0,4.208,0.0,0.0,0.0,0.0,0.00元,0.0,0.0
2025-02-08T13:30:00,2025-02-08T13:40:00,2025-02-08,81,0.0,0.0,0.0,0.0,0.0,0.0,0.0,0.8618,0.0,1.2927,0.0,4.309,0.0,0.0,0.0,0.0,0.00元,0.0,0.0
2025-02-08T13:40:00,2025-02-08T13:50:00,2025-02-08,82,0.0,0.0,0.0,0.0,0.0,0.0,0.0,0.8623,0.0,1.29345,0.0,4.3115,0.0,0.0,0.0,0.0,0.00元,0.0,0.0
2025-02-08T13:50:00,2025-02-08T14:00:00,2025-02-08,83,0.0,0.0,0.0,0.0,0.0,0.0,0.0,0.9026,0.0,1.3538999999999999,0.0,4.513,0.0,0.0,0.0,0.0,0.00元,0.0,0.0
2025-02-08T14:00:00,2025-02-08T14:10:00,2025-02-08,84,0.0,0.0,0.0,0.0,0.0,0.0,0.0,0.9754,0.0,1.4631,0.0,4.877000000000001,0.0,0.0,0.0,0.0,0.00元,0.0,0.0
2025-02-08T14:10:00,2025-02-08T14:20:00,2025-02-08,85,0.0,0.0,0.0,0.0,0.0,0.0,0.0,1.0002,0.0,1.5003,0.0,5.0009999999999994,0.0,0.0,0.0,0.0,0.00元,0.0,0.0
2025-02-08T14:20:00,2025-02-08T14:30:00,2025-02-08,86,0.0,0.0,0.0,0.0,0.0,0.0,0.0,0.9978,0.0,1.4967000000000001,0.0,4.989,0.0,0.0,0.0,0.0,0.00元,0.0,0.0
2025-02-08T14:30:00,2025-02-08T14:40:00,2025-02-08,87,0.0,0.0,0.0,0.0,0.0,0.0,0.0,1.0271,0.0,1.5406499999999999,0.0,5.1354999999999995,0.0,0.0,0.0,0.0,0.00元,0.0,0.0
2025-02-08T14:40:00,2025-02-08T14:50:00,2025-02-08,88,0.0,0.0,0.0,0.0,0.0,0.0,0.0,1.0906,0.0,1.6359,0.0,5.453,0.0,0.0,0.0,0.0,0.00元,0.0,0.0
2025-02-08T14:50:00,2025-02-08T15:00:00,2025-02-08,89,0.0,0.0,0.0,0.0,0.0,0.0,0.0,0.9376,0.0,1.4064,0.0,4.688,0.0,0.0,0.0,0.0,0.00元,0.0,0.0
2025-02-08T15:00:00,2025-02-08T15:10:00,2025-02-08,90,0.0,0.0,0.0,0.0,0.0,0.0,0.0,0.6694,0.0,1.0041,0.0,3.347,0.0,0.0,0.0,0.0,0.00元,0.0,0.0
2025-02-08T15:10:00,2025-02-08T15:20:00,2025-02-08,91,4.945771150172732,4.945771150172732,0.0,4.945771150172732,0.0,0.0,4.945771150172732,0.66,3.264208959114003,0.99,0.0,3.3000000000000003,0.0,0.0,0.0,3.264208959114003,3.26元,0.0,4.945771150172732
2025-02-08T15:20:00,2025-02-08T15:30:00,2025-02-08,92,53.35842377802942,53.35842377802942,0.0,53.35842377802942,0.0,0.0,53.35842377802942,0.7217,38.50877444060383,1.08255,0.0,3.6085000000000003,0.0,0.0,0.0,38.50877444060383,38.51元,0.0,53.35842377802942
2025-02-08T15:30:00,2025-02-08T15:40:00,2025-02-08,93,94.23380699816539,94.23380699816539,0.0,94.23380699816539,0.0,0.0,94.23380699816539,0.7308,68.86606615425927,1.0962,0.0,3.654,0.0,0.0,0.0,68.86606615425927,68.87元,0.0,94.23380699816539
2025-02-08T15:40:00,2025-02-08T15:50:00,2025-02-08,94,138.23191249544033,138.23191249544033,0.0,138.23191249544033,0.0,0.0,138.23191249544033,0.7534,104.14392287406474,1.1300999999999999,0.0,3.767,0.0,0.0,0.0,104.14392287406474,104.14元,0.0,138.23191249544033
2025-02-08T15:50:00,2025-02-08T16:00:00,2025-02-08,95,171.12575078352558,171.12575078352558,0.0,171.12575078352558,0.0,0.0,171.12575078352558,0.7823,133.87167483795204,1.1734499999999999,0.0,3.9115,0.0,0.0,0.0,133.87167483795204,133.87元,0.0,171.12575078352558
2025-02-08T16:00:00,2025-02-08T16:10:00,2025-02-08,96,205.31516699255275,205.31516699255275,0.0,205.31516699255275,0.0,0.0,205.31516699255275,0.8055,165.38136701250124,1.20825,0.0,4.0275,0.0,0.0,0.0,165.38136701250124,165.38元,0.0,205.31516699255275
2025-02-08T16:10:00,2025-02-08T16:20:00,2025-02-08,97,254.39121187700414,254.39121187700414,0.0,254.39121187700414,0.0,0.0,254.39121187700414,0.8271,210.4069713434701,1.24065,0.0,4.1354999999999995,0.0,0.0,0.0,210.4069713434701,210.41元,0.0,254.39121187700414
2025-02-08T16:20:00,2025-02-08T16:30:00,2025-02-08,98,309.722706856407,309.722706856407,0.0,309.722706856407,0.0,0.0,309.722706856407,0.8519,263.85277397097315,1.27785,0.0,4.2595,0.0,0.0,0.0,263.85277397097315,263.85元,0.0,309.722706856407
2025-02-08T16:30:00,2025-02-08T16:40:00,2025-02-08,99,367.31162514806283,367.31162514806283,0.0,367.31162514806283,0.0,0.0,367.31162514806283,0.8791,322.903649667662,1.3186499999999999,0.0,4.3955,0.0,0.0,0.0,322.903649667662,322.90元,0.0,367.31162514806283
2025-02-08T16:40:00,2025-02-08T16:50:00,2025-02-08,100,426.20922767306376,422.8033195530122,0.0,422.8033195530122,-3.4059081200515493,0.0,422.8033195530122,0.9024,381.53771556463823,1.3536,0.0,4.512,0.0,0.0,0.0,381.53771556463823,381.54元,0.0,422.8033195530122
2025-02-08T16:50:00,2025-02-08T17:00:00,2025-02-08,101,420.05635663844515,416.743755152236,0.0,416.743755152236,-3.3126014862091324,0.0,416.743755152236,0.9163,381.86230284599384,1.37445,0.0,4.5815,0.0,0.0,0.0,381.86230284599384,381.86元,0.0,416.743755152236
2025-02-08T17:00:00,2025-02-08T17:10:00,2025-02-08,102,382.0420095952349,378.82015855884566,0.0,378.82015855884566,-3.221851036389239,0.0,378.82015855884566,0.9264,350.93899488891464,1.3896,0.0,4.632,0.0,0.0,0.0,350.93899488891464,350.94元,0.0,378.82015855884566
2025-02-08T17:10:00,2025-02-08T17:20:00,2025-02-08,103,415.7939263533601,412.660339610766,0.0,412.660339610766,-3.1335867425941046,0.0,412.660339610766,0.9462,390.4592133397068,1.4193,0.0,4.731,0.0,0.0,0.0,390.4592133397068,390.46元,0.0,412.660339610766
2025-02-08T17:20:00,2025-02-08T17:30:00,2025-02-08,104,445.3224255391316,442.2746850438521,0.0,442.2746850438521,-3.04774049527947,0.0,442.2746850438521,0.9742,430.86399816972073,1.4613,0.0,4.8709999999999996,0.0,0.0,0.0,430.86399816972073,430.86元,0.0,442.2746850438521
2025-02-08T17:30:00,2025-02-08T17:40:00,2025-02-08,105,443.1835207953172,440.21927474451957,0.0,440.21927474451957,-2.9642460507976125,0.0,440.21927474451957,0.9862,434.1442487530452,1.4792999999999998,0.0,4.931,0.0,0.0,0.0,434.1442487530452,434.14元,0.0,440.21927474451957
2025-02-08T17:40:00,2025-02-08T17:50:00,2025-02-08,106,450.63756436190323,447.754525381623,0.0,447.754525381623,-2.8830389802802188,0.0,447.754525381623,0.976,437.00841677246405,1.464,0.0,4.88,0.0,0.0,0.0,437.00841677246405,437.01元,0.0,447.754525381623
2025-02-08T17:50:00,2025-02-08T18:00:00,2025-02-08,107,171.99837561779242,148.22812236827713,0.0,148.22812236827713,-23.770253249515292,0.0,148.22812236827713,1.0742,159.2266490480033,1.6113,0.0,5.371,0.0,0.0,0.0,159.2266490480033,159.23元,0.0,148.22812236827713
2025-02-08T18:00:00,2025-02-08T18:10:00,2025-02-08,108,0.0,0.0,158.76155397317325,158.76155397317325,158.76155397317325,0.0,158.76155397317325,1.2313,0.0,1.84695,293.22465211075234,6.1565,0.0,0.0,0.0,293.22465211075234,293.22元,0.0,158.76155397317325
2025-02-08T18:10:00,2025-02-08T18:20:00,2025-02-08,109,0.0,0.0,0.0,0.0,0.0,0.0,0.0,1.2561,0.0,1.88415,0.0,6.2805,0.0,0.0,0.0,0.0,0.00元,0.0,0.0
2025-02-08T18:20:00,2025-02-08T18:30:00,2025-02-08,110,0.0,0.0,0.0,0.0,0.0,0.0,0.0,1.2447,0.0,1.8670499999999999,0.0,6.2235,0.0,0.0,0.0,0.0,0.00元,0.0,0.0
2025-02-08T18:30:00,2025-02-08T18:40:00,2025-02-08,111,0.0,0.0,0.0,0.0,0.0,0.0,0.0,1.2545,0.0,1.8817499999999998,0.0,6.2725,0.0,0.0,0.0,0.0,0.00元,0.0,0.0
2025-02-08T18:40:00,2025-02-08T18:50:00,2025-02-08,112,0.0,0.0,0.0,0.0,0.0,0.0,0.0,1.2522,0.0,1.8782999999999999,0.0,6.261,0.0,0.0,0.0,0.0,0.00元,0.0,0.0
2025-02-08T18:50:00,2025-02-08T19:00:00,2025-02-08,113,0.0,0.0,0.0,0.0,0.0,0.0,0.0,1.2881,0.0,1.93215,0.0,6.4405,0.0,0.0,0.0,0.0,0.00元,0.0,0.0
2025-02-08T19:00:00,2025-02-08T19:10:00,2025-02-08,114,0.0,0.0,0.0,0.0,0.0,0.0,0.0,1.3466,0.0,2.0199,0.0,6.7330000000000005,0.0,0.0,0.0,0.0,0.00元,0.0,0.0
2025-02-08T19:10:00,2025-02-08T19:20:00,2025-02-08,115,0.0,0.0,0.0,0.0,0.0,0.0,0.0,1.3523,0.0,2.0284500000000003,0.0,6.7615,0.0,0.0,0.0,0.0,0.00元,0.0,0.0
2025-02-08T19:20:00,2025-02-08T19:30:00,2025-02-08,116,0.0,0.0,0.0,0.0,0.0,0.0,0.0,1.3445,0.0,2.01675,0.0,6.7225,0.0,0.0,0.0,0.0,0.00元,0.0,0.0
2025-02-08T19:30:00,2025-02-08T19:40:00,2025-02-08,117,0.0,0.0,0.0,0.0,0.0,0.0,0.0,1.3483,0.0,2.02245,0.0,6.7415,0.0,0.0,0.0,0.0,0.00元,0.0,0.0
2025-02-08T19:40:00,2025-02-08T19:50:00,2025-02-08,118,0.0,0.0,0.0,0.0,0.0,0.0,0.0,1.349,0.0,2.0235,0.0,6.745,0.0,0.0,0.0,0.0,0.00元,0.0,0.0
2025-02-08T19:50:00,2025-02-08T20:00:00,2025-02-08,119,0.0,0.0,0.0,0.0,0.0,0.0,0.0,1.3473,0.0,2.02095,0.0,6.7364999999999995,0.0,0.0,0.0,0.0,0.00元,0.0,0.0
2025-02-08T20:00:00,2025-02-08T20:10:00,2025-02-08,120,0.0,0.0,0.0,0.0,0.0,0.0,0.0,1.3482,0.0,2.0223,0.0,6.7410000000000005,0.0,0.0,0.0,0.0,0.00元,0.0,0.0
2025-02-08T20:10:00,2025-02-08T20:20:00,2025-02-08,121,0.0,0.0,0.0,0.0,0.0,0.0,0.0,1.3513,0.0,2.02695,0.0,6.7565,0.0,0.0,0.0,0.0,0.00元,0.0,0.0
2025-02-08T20:20:00,2025-02-08T20:30:00,2025-02-08,122,0.0,0.0,0.0,0.0,0.0,0.0,0.0,1.34,0.0,2.0100000000000002,0.0,6.7,0.0,0.0,0.0,0.0,0.00元,0.0,0.0
2025-02-08T20:30:00,2025-02-08T20:40:00,2025-02-08,123,0.0,0.0,0.0,0.0,0.0,0.0,0.0,1.3489,0.0,2.0233499999999998,0.0,6.7445,0.0,0.0,0.0,0.0,0.00元,0.0,0.0
2025-02-08T20:40:00,2025-02-08T20:50:00,2025-02-08,124,0.0,0.0,0.0,0.0,0.0,0.0,0.0,1.3952,0.0,2.0928,0.0,6.976,0.0,0.0,0.0,0.0,0.00元,0.0,0.0
2025-02-08T20:50:00,2025-02-08T21:00:00,2025-02-08,125,0.0,0.0,471.2177018976601,471.2177018976601,471.2177018976601,0.0,471.2177018976601,1.2226,0.0,1.8338999999999999,864.1661435101188,6.1129999999999995,0.0,0.0,0.0,864.1661435101188,864.17元,0.0,471.2177018976601
2025-02-08T21:00:00,2025-02-08T21:10:00,2025-02-08,126,477.34122508186977,475.6870716048146,26.5710427847107,502.2581143895253,24.916889307655538,0.0,502.2581143895253,0.9332,443.911175221613,1.3998,37.194145690038035,4.666,0.0,0.0,0.0,481.10532091165106,481.11元,0.0,502.2581143895253
2025-02-08T21:10:00,2025-02-08T21:20:00,2025-02-08,127,498.1042325457592,498.1042325457592,0.0,498.1042325457592,0.0,0.0,498.1042325457592,0.9068,451.6809180724945,1.3602,0.0,4.534000000000001,0.0,0.0,0.0,451.6809180724945,451.68元,0.0,498.1042325457592
2025-02-08T21:20:00,2025-02-08T21:30:00,2025-02-08,128,493.9665733355156,492.40181119087026,0.0,492.40181119087026,-1.5647621446453286,0.0,492.40181119087026,0.9371,461.42973726696454,1.40565,0.0,4.6855,0.0,0.0,0.0,461.42973726696454,461.43元,0.0,492.40181119087026
2025-02-08T21:30:00,2025-02-08T21:40:00,2025-02-08,129,475.23379032766206,473.71189566015784,0.0,473.71189566015784,-1.5218946675042275,0.0,473.71189566015784,0.9371,443.91541742313393,1.40565,0.0,4.6855,0.0,0.0,0.0,443.91541742313393,443.92元,0.0,473.71189566015784
2025-02-08T21:40:00,2025-02-08T21:50:00,2025-02-08,130,438.3300713834277,438.3300713834277,0.0,438.3300713834277,0.0,0.0,438.3300713834277,0.9871,432.67561346258145,1.48065,0.0,4.9355,0.0,0.0,0.0,432.67561346258145,432.68元,0.0,438.3300713834277
2025-02-08T21:50:00,2025-02-08T22:00:00,2025-02-08,131,440.3010534314714,440.3010534314714,0.0,440.3010534314714,0.0,0.0,440.3010534314714,0.7764,341.8497378841944,1.1646,0.0,3.8819999999999997,0.0,0.0,0.0,341.8497378841944,341.85元,0.0,440.3010534314714
2025-02-08T22:00:00,2025-02-08T22:10:00,2025-02-08,132,1232.031008093008,1230.6307974045167,0.0,1230.6307974045167,-1.40021068849137,0.0,1230.6307974045167,0.4209,517.9725026275611,0.63135,0.0,2.1045,0.0,0.0,0.0,517.9725026275611,517.97元,17.50246408118334,1213.1283333233334
2025-02-08T22:10:00,2025-02-08T22:20:00,2025-02-08,133,1214.0950586599797,1212.7332074754468,0.0,1212.7332074754468,-1.3618511845329522,0.0,1212.7332074754468,0.3859,467.99374476477493,0.5788500000000001,0.0,1.9295,0.0,0.0,0.0,467.99374476477493,467.99元,0.0,1212.7332074754468
2025-02-08T22:20:00,2025-02-08T22:30:00,2025-02-08,134,382.0926923514403,382.0926923514403,0.0,382.0926923514403,0.0,0.0,382.0926923514403,0.4368,166.89808801910914,0.6552,0.0,2.184,0.0,0.0,0.0,166.89808801910914,166.90元,0.0,382.0926923514403
2025-02-08T22:30:00,2025-02-08T22:40:00,2025-02-08,135,1218.96019942392,1217.671943400669,0.0,1217.671943400669,-1.288256023250824,0.0,1217.671943400669,0.4198,511.17868183960087,0.6297,0.0,2.099,0.0,0.0,0.0,511.17868183960087,511.18元,5.523610077335767,1212.1483333233334
2025-02-08T22:40:00,2025-02-08T22:50:00,2025-02-08,136,1230.423123323276,1229.1701597473902,0.0,1229.1701597473902,-1.2529635758858149,0.0,1229.1701597473902,0.4186,514.5306288702576,0.6279,0.0,2.093,0.0,0.0,0.0,514.5306288702576,514.53元,25.437609757390184,1203.73254999
2025-02-08T22:50:00,2025-02-08T23:00:00,2025-02-08,137,1248.0179890219733,1246.799351038403,0.0,1246.799351038403,-1.218637983570261,0.0,1246.799351038403,0.4241,528.7676047753868,0.63615,0.0,2.1205,0.0,0.0,0.0,528.7676047753868,528.77元,25.084884381736394,1221.7144666566667
2025-02-08T23:00:00,2025-02-08T23:10:00,2025-02-08,138,1255.8651730229196,1254.679920264115,0.0,1254.679920264115,-1.1852527588046087,0.0,1254.679920264115,0.4237,531.6078822159055,0.6355500000000001,0.0,2.1185,0.0,0.0,0.0,531.6078822159055,531.61元,19.65825360744838,1235.0216666566666
2025-02-08T23:10:00,2025-02-08T23:20:00,2025-02-08,139,848.4075243824794,848.4075243824794,0.0,848.4075243824794,0.0,0.0,848.4075243824794,0.4248,360.4035163576773,0.6372,0.0,2.124,0.0,0.0,0.0,360.4035163576773,360.40元,0.0,848.4075243824794
2025-02-08T23:20:00,2025-02-08T23:30:00,2025-02-08,140,1239.7091846176952,1238.5879835474561,0.0,1238.5879835474561,-1.1212010702390671,0.0,1238.5879835474561,0.424,525.1613050241214,0.636,0.0,2.12,0.0,0.0,0.0,525.1613050241214,525.16元,15.996016890789399,1222.5919666566667
2025-02-08T23:30:00,2025-02-08T23:40:00,2025-02-08,141,1247.4566429026356,1246.3661577219737,0.0,1246.3661577219737,-1.0904851806619718,0.0,1246.3661577219737,0.422,525.9665185586729,0.633,0.0,2.11,0.0,0.0,0.0,525.9665185586729,525.97元,1.7611577319736318,1244.6049999900001
2025-02-08T23:40:00,2025-02-08T23:50:00,2025-02-08,142,1232.3426958790112,1231.28208511007,0.0,1231.28208511007,-1.0606107689411601,0.0,1231.28208511007,0.424,522.0636040866697,0.636,0.0,2.12,0.0,0.0,0.0,522.0636040866697,522.06元,14.973701786736676,1216.3083833233334
2025-02-08T23:50:00,2025-02-09T00:00:00,2025-02-08,143,467.3483219225883,467.3483219225883,0.0,467.3483219225883,0.0,0.0,467.3483219225883,0.4271,199.60446829313744,0.6406499999999999,0.0,2.1355,0.0,0.0,0.0,199.60446829313744,199.60元,0.0,467.3483219225883
2025-02-09T00:00:00,2025-02-09T00:10:00,2025-02-08,144,574.1873333333334,574.1873333333334,0.0,574.1873333333334,0.0,0.0,574.1873333333334,0.4276,245.52250373333337,0.6414,0.0,2.138,0.0,0.0,0.0,245.52250373333337,245.52元,0.0,574.1873333333334
2025-02-09T00:10:00,2025-02-09T00:20:00,2025-02-09,1,986.9977365085043,986.9977365085043,0.0,986.9977365085043,0.0,0.0,986.9977365085043,0.4248,419.2766384688126,0.6372,0.0,2.124,0.0,0.0,0.0,419.2766384688126,419.28元,0.0,986.9977365085043
2025-02-09T00:20:00,2025-02-09T00:30:00,2025-02-09,2,1410.5234717487274,1410.5234717487274,0.0,1410.5234717487274,0.0,0.0,1410.5234717487274,0.4245,598.7672137573347,0.6367499999999999,0.0,2.1225,0.0,0.0,0.0,598.7672137573347,598.77元,8.733621758727388,1401.78984999
2025-02-09T00:30:00,2025-02-09T00:40:00,2025-02-09,3,577.0750328251835,577.0750328251835,0.0,577.0750328251835,0.0,0.0,577.0750328251835,0.4269,246.35333151307083,0.64035,0.0,2.1345,0.0,0.0,0.0,246.35333151307083,246.35元,0.0,577.0750328251835
2025-02-09T00:40:00,2025-02-09T00:50:00,2025-02-09,4,580.4069410909472,580.4069410909472,0.0,580.4069410909472,0.0,0.0,580.4069410909472,0.4272,247.94984523405265,0.6408,0.0,2.136,0.0,0.0,0.0,247.94984523405265,247.95元,0.0,580.4069410909472
2025-02-09T00:50:00,2025-02-09T01:00:00,2025-02-09,5,584.2851024177743,584.2851024177743,0.0,584.2851024177743,0.0,0.0,584.2851024177743,0.4271,249.5481672426314,0.6406499999999999,0.0,2.1355,0.0,0.0,0.0,249.5481672426314,249.55元,0.0,584.2851024177743
2025-02-09T01:00:00,2025-02-09T01:10:00,2025-02-09,6,592.8246783731468,592.8246783731468,0.0,592.8246783731468,0.0,0.0,592.8246783731468,0.4285,254.02537468289339,0.6427499999999999,0.0,2.1425,0.0,0.0,0.0,254.02537468289339,254.03元,0.0,592.8246783731468
2025-02-09T01:10:00,2025-02-09T01:20:00,2025-02-09,7,606.826055573346,606.826055573346,0.0,606.826055573346,0.0,0.0,606.826055573346,0.4311,261.60271255766946,0.64665,0.0,2.1555,0.0,0.0,0.0,261.60271255766946,261.60元,0.0,606.826055573346
2025-02-09T01:20:00,2025-02-09T01:30:00,2025-02-09,8,600.6147091980856,600.6147091980856,0.0,600.6147091980856,0.0,0.0,600.6147091980856,0.4302,258.38444789701646,0.6453,0.0,2.1510000000000002,0.0,0.0,0.0,258.38444789701646,258.38元,0.0,600.6147091980856
2025-02-09T01:30:00,2025-02-09T01:40:00,2025-02-09,9,583.7337973335115,583.7337973335115,0.0,583.7337973335115,0.0,0.0,583.7337973335115,0.4279,249.77969187900956,0.64185,0.0,2.1395,0.0,0.0,0.0,249.77969187900956,249.78元,0.0,583.7337973335115
2025-02-09T01:40:00,2025-02-09T01:50:00,2025-02-09,10,593.956266143704,593.956266143704,0.0,593.956266143704,0.0,0.0,593.956266143704,0.4312,256.1139419611652,0.6468,0.0,2.156,0.0,0.0,0.0,256.1139419611652,256.11元,0.0,593.956266143704
2025-02-09T01:50:00,2025-02-09T02:00:00,2025-02-09,11,614.7234133708158,614.7234133708158,0.0,614.7234133708158,0.0,0.0,614.7234133708158,0.4333,266.3596550135745,0.64995,0.0,2.1665,0.0,0.0,0.0,266.3596550135745,266.36元,0.0,614.7234133708158
2025-02-09T02:00:00,2025-02-09T02:10:00,2025-02-09,12,621.3498951639726,621.3498951639726,0.0,621.3498951639726,0.0,0.0,621.3498951639726,0.4311,267.8639398051886,0.64665,0.0,2.1555,0.0,0.0,0.0,267.8639398051886,267.86元,0.0,621.3498951639726
2025-02-09T02:10:00,2025-02-09T02:20:00,2025-02-09,13,608.6927845703958,608.6927845703958,0.0,608.6927845703958,0.0,0.0,608.6927845703958,0.4293,261.31181241607095,0.64395,0.0,2.1465,0.0,0.0,0.0,261.31181241607095,261.31元,0.0,608.6927845703958
2025-02-09T02:20:00,2025-02-09T02:30:00,2025-02-09,14,622.7829325222037,622.7829325222037,0.0,622.7829325222037,0.0,0.0,622.7829325222037,0.4324,269.2913400226009,0.6486000000000001,0.0,2.162,0.0,0.0,0.0,269.2913400226009,269.29元,0.0,622.7829325222037
2025-02-09T02:30:00,2025-02-09T02:40:00,2025-02-09,15,646.6236638190069,646.6236638190069,0.0,646.6236638190069,0.0,0.0,646.6236638190069,0.4367,282.3805539897603,0.6550499999999999,0.0,2.1835,0.0,0.0,0.0,282.3805539897603,282.38元,0.0,646.6236638190069
2025-02-09T02:40:00,2025-02-09T02:50:00,2025-02-09,16,622.6221622730828,622.6221622730828,0.0,622.6221622730828,0.0,0.0,622.6221622730828,0.4348,270.71611615633645,0.6522,0.0,2.174,0.0,0.0,0.0,270.71611615633645,270.72元,0.0,622.6221622730828
2025-02-09T02:50:00,2025-02-09T03:00:00,2025-02-09,17,628.7907525172377,628.7907525172377,0.0,628.7907525172377,0.0,0.0,628.7907525172377,0.4335,272.58079121622256,0.65025,0.0,2.1675,0.0,0.0,0.0,272.58079121622256,272.58元,0.0,628.7907525172377
2025-02-09T03:00:00,2025-02-09T03:10:00,2025-02-09,18,663.3434368088031,663.3434368088031,0.0,663.3434368088031,0.0,0.0,663.3434368088031,0.4357,289.01873541759545,0.65355,0.0,2.1784999999999997,0.0,0.0,0.0,289.01873541759545,289.02元,0.0,663.3434368088031
2025-02-09T03:10:00,2025-02-09T03:20:00,2025-02-09,19,645.7866034965336,645.7866034965336,0.0,645.7866034965336,0.0,0.0,645.7866034965336,0.4374,282.46706036938383,0.6561,0.0,2.1870000000000003,0.0,0.0,0.0,282.46706036938383,282.47元,0.0,645.7866034965336
2025-02-09T03:20:00,2025-02-09T03:30:00,2025-02-09,20,635.6532729838495,635.6532729838495,0.0,635.6532729838495,0.0,0.0,635.6532729838495,0.4371,277.84404562124064,0.65565,0.0,2.1854999999999998,0.0,0.0,0.0,277.84404562124064,277.84元,0.0,635.6532729838495
2025-02-09T03:30:00,2025-02-09T03:40:00,2025-02-09,21,654.3129745218498,654.3129745218498,0.0,654.3129745218498,0.0,0.0,654.3129745218498,0.4356,285.01873170171774,0.6534,0.0,2.178,0.0,0.0,0.0,285.01873170171774,285.02元,0.0,654.3129745218498
2025-02-09T03:40:00,2025-02-09T03:50:00,2025-02-09,22,659.6699129988662,659.6699129988662,0.0,659.6699129988662,0.0,0.0,659.6699129988662,0.4353,287.15431312840644,0.65295,0.0,2.1765,0.0,0.0,0.0,287.15431312840644,287.15元,0.0,659.6699129988662
2025-02-09T03:50:00,2025-02-09T04:00:00,2025-02-09,23,653.3927757266505,653.3927757266505,0.0,653.3927757266505,0.0,0.0,653.3927757266505,0.436,284.8792502168196,0.654,0.0,2.18,0.0,0.0,0.0,284.8792502168196,284.88元,0.0,653.3927757266505
2025-02-09T04:00:00,2025-02-09T04:10:00,2025-02-09,24,646.8845800566205,646.8845800566205,0.0,646.8845800566205,0.0,0.0,646.8845800566205,0.4378,283.20606914878846,0.6567000000000001,0.0,2.189,0.0,0.0,0.0,283.20606914878846,283.21元,0.0,646.8845800566205
2025-02-09T04:10:00,2025-02-09T04:20:00,2025-02-09,25,647.1887334929205,647.1887334929205,0.0,647.1887334929205,0.0,0.0,647.1887334929205,0.4401,284.8277616102343,0.66015,0.0,2.2005,0.0,0.0,0.0,284.8277616102343,284.83元,0.0,647.1887334929205
2025-02-09T04:20:00,2025-02-09T04:30:00,2025-02-09,26,652.0709538023867,652.0709538023867,0.0,652.0709538023867,0.0,0.0,652.0709538023867,0.4389,286.19394162386754,0.65835,0.0,2.1945,0.0,0.0,0.0,286.19394162386754,286.19元,0.0,652.0709538023867
2025-02-09T04:30:00,2025-02-09T04:40:00,2025-02-09,27,658.4165457881641,658.4165457881641,0.0,658.4165457881641,0.0,0.0,658.4165457881641,0.4364,287.3329805819548,0.6546000000000001,0.0,2.182,0.0,0.0,0.0,287.3329805819548,287.33元,0.0,658.4165457881641
2025-02-09T04:40:00,2025-02-09T04:50:00,2025-02-09,28,664.5931205603946,664.5931205603946,0.0,664.5931205603946,0.0,0.0,664.5931205603946,0.4393,291.9557578621814,0.65895,0.0,2.1965000000000003,0.0,0.0,0.0,291.9557578621814,291.96元,0.0,664.5931205603946
2025-02-09T04:50:00,2025-02-09T05:00:00,2025-02-09,29,669.4586994073454,669.4586994073454,0.0,669.4586994073454,0.0,0.0,669.4586994073454,0.4422,296.0346368779281,0.6633,0.0,2.211,0.0,0.0,0.0,296.0346368779281,296.03元,0.0,669.4586994073454
2025-02-09T05:00:00,2025-02-09T05:10:00,2025-02-09,30,677.1765975440311,677.1765975440311,0.0,677.1765975440311,0.0,0.0,677.1765975440311,0.4395,297.6191146206017,0.65925,0.0,2.1975,0.0,0.0,0.0,297.6191146206017,297.62元,0.0,677.1765975440311
2025-02-09T05:10:00,2025-02-09T05:20:00,2025-02-09,31,690.6071075566671,690.6071075566671,0.0,690.6071075566671,0.0,0.0,690.6071075566671,0.4333,299.24005970430386,0.64995,0.0,2.1665,0.0,0.0,0.0,299.24005970430386,299.24元,0.0,690.6071075566671
2025-02-09T05:20:00,2025-02-09T05:30:00,2025-02-09,32,687.5768425589341,687.5768425589341,0.0,687.5768425589341,0.0,0.0,687.5768425589341,0.4439,305.21536041191086,0.66585,0.0,2.2195,0.0,0.0,0.0,305.21536041191086,305.22元,0.0,687.5768425589341
2025-02-09T05:30:00,2025-02-09T05:40:00,2025-02-09,33,661.6572532473494,661.6572532473494,0.0,661.6572532473494,0.0,0.0,661.6572532473494,0.4301,284.578784621685,0.64515,0.0,2.1505,0.0,0.0,0.0,284.578784621685,284.58元,0.0,661.6572532473494
2025-02-09T05:40:00,2025-02-09T05:50:00,2025-02-09,34,1478.861361019694,1478.861361019694,0.0,1478.861361019694,0.0,0.0,1478.861361019694,0.3713,549.1012233466124,0.5569500000000001,0.0,1.8565,0.0,0.0,0.0,549.1012233466124,549.10元,231.00432113836803,1247.8570398813258
2025-02-09T05:50:00,2025-02-09T06:00:00,2025-02-09,35,732.6999393454635,732.6999393454635,0.0,732.6999393454635,0.0,0.0,732.6999393454635,0.5708,418.22512537839054,0.8562,0.0,2.854,0.0,0.0,0.0,418.22512537839054,418.23元,0.0,732.6999393454635
2025-02-09T06:00:00,2025-02-09T06:10:00,2025-02-09,36,628.2566466657734,628.2566466657734,0.0,628.2566466657734,0.0,0.0,628.2566466657734,0.9099,571.6507228011872,1.3648500000000001,0.0,4.5495,0.0,47.91970224369186,21.801068535767612,593.4517913369548,593.45元,0.0,628.2566466657734
2025-02-09T06:10:00,2025-02-09T06:20:00,2025-02-09,37,142.3565346579246,142.3565346579246,0.0,142.3565346579246,0.0,0.0,142.3565346579246,0.9368,133.35960166754379,1.4052,0.0,4.684,0.0,0.0,0.0,133.35960166754379,133.36元,0.0,142.3565346579246
2025-02-09T06:20:00,2025-02-09T06:30:00,2025-02-09,38,864.9141281002177,864.9141281002177,0.0,864.9141281002177,0.0,0.0,864.9141281002177,0.8758,757.4917933901706,1.3137,0.0,4.3790000000000004,0.0,0.0,0.0,757.4917933901706,757.49元,0.0,864.9141281002177
2025-02-09T06:30:00,2025-02-09T06:40:00,2025-02-09,39,882.751796521387,882.751796521387,0.0,882.751796521387,0.0,0.0,882.751796521387,0.8759,773.2022985730829,1.31385,0.0,4.3795,0.0,0.0,0.0,773.2022985730829,773.20元,0.0,882.751796521387
2025-02-09T06:40:00,2025-02-09T06:50:00,2025-02-09,40,875.5639400079552,875.5639400079552,0.0,875.5639400079552,0.0,0.0,875.5639400079552,0.8601,753.0725448008423,1.29015,0.0,4.3004999999999995,0.0,0.0,0.0,753.0725448008423,753.07元,0.0,875.5639400079552
2025-02-09T06:50:00,2025-02-09T07:00:00,2025-02-09,41,829.3491080101973,829.3491080101973,0.0,829.3491080101973,0.0,0.0,829.3491080101973,0.8442,700.1365169822085,1.2663,0.0,4.221,0.0,0.0,0.0,700.1365169822085,700.14元,0.0,829.3491080101973
2025-02-09T07:00:00,2025-02-09T07:10:00,2025-02-09,42,779.8079329944358,779.8079329944358,0.0,779.8079329944358,0.0,0.0,779.8079329944358,0.8334,649.8919313575628,1.2501,0.0,4.167,0.0,0.0,0.0,649.8919313575628,649.89元,0.0,779.8079329944358
2025-02-09T07:10:00,2025-02-09T07:20:00,2025-02-09,43,745.2011020671694,745.2011020671694,0.0,745.2011020671694,0.0,0.0,745.2011020671694,0.8092,603.0167317927535,1.2138,0.0,4.046,0.0,0.0,0.0,603.0167317927535,603.02元,0.0,745.2011020671694
2025-02-09T07:20:00,2025-02-09T07:30:00,2025-02-09,44,715.7396057738607,715.7396057738607,0.0,715.7396057738607,0.0,0.0,715.7396057738607,0.7972,570.5876137229218,1.1958,0.0,3.986,0.0,0.0,0.0,570.5876137229218,570.59元,0.0,715.7396057738607
2025-02-09T07:30:00,2025-02-09T07:40:00,2025-02-09,45,662.4545201076065,662.4545201076065,0.0,662.4545201076065,0.0,0.0,662.4545201076065,0.7644,506.3802351702544,1.1465999999999998,0.0,3.822,0.0,0.0,0.0,506.3802351702544,506.38元,0.0,662.4545201076065
2025-02-09T07:40:00,2025-02-09T07:50:00,2025-02-09,46,1426.872867910201,1412.062975928943,0.0,1412.062975928943,-14.809891981258033,0.0,1412.062975928943,0.6899,974.1822470933777,1.03485,0.0,3.4494999999999996,0.0,0.0,0.0,974.1822470933777,974.18元,0.0,1412.062975928943
2025-02-09T07:50:00,2025-02-09T08:00:00,2025-02-09,47,660.3173425333059,660.3173425333059,0.0,660.3173425333059,0.0,0.0,660.3173425333059,0.86,567.8729145786431,1.29,0.0,4.3,0.0,0.0,0.0,567.8729145786431,567.87元,0.0,660.3173425333059
2025-02-09T08:00:00,2025-02-09T08:10:00,2025-02-09,48,104.31030711178573,104.31030711178573,0.0,104.31030711178573,0.0,0.0,104.31030711178573,1.1617,121.17728377176148,1.74255,0.0,5.8084999999999996,0.0,0.0,0.0,121.17728377176148,121.18元,0.0,104.31030711178573
2025-02-09T08:10:00,2025-02-09T08:20:00,2025-02-09,49,112.1085304442339,112.1085304442339,0.0,112.1085304442339,0.0,0.0,112.1085304442339,1.1683,130.97639611799846,1.7524499999999998,0.0,5.8415,0.0,0.0,0.0,130.97639611799846,130.98元,0.0,112.1085304442339
2025-02-09T08:20:00,2025-02-09T08:30:00,2025-02-09,50,46.491524269393494,46.491524269393494,0.0,46.491524269393494,0.0,0.0,46.491524269393494,1.0956,50.93611398954751,1.6433999999999997,0.0,5.478,0.0,0.0,0.0,50.93611398954751,50.94元,0.0,46.491524269393494
2025-02-09T08:30:00,2025-02-09T08:40:00,2025-02-09,51,0.0,0.0,0.0,0.0,0.0,0.0,0.0,1.0849,0.0,1.6273499999999999,0.0,5.4245,0.0,0.0,0.0,0.0,0.00元,0.0,0.0
2025-02-09T08:40:00,2025-02-09T08:50:00,2025-02-09,52,0.0,0.0,0.0,0.0,0.0,0.0,0.0,1.061,0.0,1.5915,0.0,5.305,0.0,0.0,0.0,0.0,0.00元,0.0,0.0
2025-02-09T08:50:00,2025-02-09T09:00:00,2025-02-09,53,0.0,0.0,0.0,0.0,0.0,0.0,0.0,1.043,0.0,1.5644999999999998,0.0,5.215,0.0,0.0,0.0,0.0,0.00元,0.0,0.0
2025-02-09T09:00:00,2025-02-09T09:10:00,2025-02-09,54,0.0,0.0,0.0,0.0,0.0,0.0,0.0,1.036,0.0,1.554,0.0,5.18,0.0,0.0,0.0,0.0,0.00元,0.0,0.0
2025-02-09T09:10:00,2025-02-09T09:20:00,2025-02-09,55,0.0,0.0,0.0,0.0,0.0,0.0,0.0,1.0147,0.0,1.52205,0.0,5.073499999999999,0.0,0.0,0.0,0.0,0.00元,0.0,0.0
2025-02-09T09:20:00,2025-02-09T09:30:00,2025-02-09,56,0.0,0.0,0.0,0.0,0.0,0.0,0.0,0.9922,0.0,1.4883,0.0,4.961,0.0,0.0,0.0,0.0,0.00元,0.0,0.0
2025-02-09T09:30:00,2025-02-09T09:40:00,2025-02-09,57,0.0,0.0,0.0,0.0,0.0,0.0,0.0,0.97,0.0,1.455,0.0,4.85,0.0,0.0,0.0,0.0,0.00元,0.0,0.0
2025-02-09T09:40:00,2025-02-09T09:50:00,2025-02-09,58,0.0,0.0,0.0,0.0,0.0,0.0,0.0,0.9422,0.0,1.4133,0.0,4.711,0.0,0.0,0.0,0.0,0.00元,0.0,0.0
2025-02-09T09:50:00,2025-02-09T10:00:00,2025-02-09,59,0.0,0.0,0.0,0.0,0.0,0.0,0.0,0.9569,0.0,1.43535,0.0,4.7844999999999995,0.0,0.0,0.0,0.0,0.00元,0.0,0.0
2025-02-09T10:00:00,2025-02-09T10:10:00,2025-02-09,60,0.0,0.0,0.0,0.0,0.0,0.0,0.0,0.9977,0.0,1.49655,0.0,4.9885,0.0,0.0,0.0,0.0,0.00元,0.0,0.0
2025-02-09T10:10:00,2025-02-09T10:20:00,2025-02-09,61,0.0,0.0,0.0,0.0,0.0,0.0,0.0,0.9919,0.0,1.48785,0.0,4.9595,0.0,0.0,0.0,0.0,0.00元,0.0,0.0
2025-02-09T10:20:00,2025-02-09T10:30:00,2025-02-09,62,0.0,0.0,0.0,0.0,0.0,0.0,0.0,0.9588,0.0,1.4382,0.0,4.794,0.0,0.0,0.0,0.0,0.00元,0.0,0.0
2025-02-09T10:30:00,2025-02-09T10:40:00,2025-02-09,63,0.0,0.0,0.0,0.0,0.0,0.0,0.0,0.9549,0.0,1.43235,0.0,4.7745,0.0,0.0,0.0,0.0,0.00元,0.0,0.0
2025-02-09T10:40:00,2025-02-09T10:50:00,2025-02-09,64,0.0,0.0,0.0,0.0,0.0,0.0,0.0,0.9839,0.0,1.4758499999999999,0.0,4.9195,0.0,0.0,0.0,0.0,0.00元,0.0,0.0
2025-02-09T10:50:00,2025-02-09T11:00:00,2025-02-09,65,159.96474411741974,159.96474411741974,0.0,159.96474411741974,0.0,0.0,159.96474411741974,0.799,127.81183054981838,1.1985000000000001,0.0,3.995,0.0,0.0,0.0,127.81183054981838,127.81元,0.0,159.96474411741974
2025-02-09T11:00:00,2025-02-09T11:10:00,2025-02-09,66,928.8691535020738,928.8691535020738,0.0,928.8691535020738,0.0,0.0,928.8691535020738,0.5025,466.756749634792,0.7537499999999999,0.0,2.5124999999999997,0.0,0.0,0.0,466.756749634792,466.76元,0.0,928.8691535020738
2025-02-09T11:10:00,2025-02-09T11:20:00,2025-02-09,67,908.3118212080254,908.3118212080254,0.0,908.3118212080254,0.0,0.0,908.3118212080254,0.4662,423.45497104718146,0.6993,0.0,2.331,0.0,0.0,0.0,423.45497104718146,423.45元,0.0,908.3118212080254
2025-02-09T11:20:00,2025-02-09T11:30:00,2025-02-09,68,900.0449378909528,900.0449378909528,0.0,900.0449378909528,0.0,0.0,900.0449378909528,0.5007,450.6525004020001,0.75105,0.0,2.5035000000000003,0.0,0.0,0.0,450.6525004020001,450.65元,0.0,900.0449378909528
2025-02-09T11:30:00,2025-02-09T11:40:00,2025-02-09,69,907.0116730926817,907.0116730926817,0.0,907.0116730926817,0.0,0.0,907.0116730926817,0.4827,437.81453460183747,0.7240500000000001,0.0,2.4135,0.0,0.0,0.0,437.81453460183747,437.81元,0.0,907.0116730926817
2025-02-09T11:40:00,2025-02-09T11:50:00,2025-02-09,70,913.0449657903838,913.0449657903838,0.0,913.0449657903838,0.0,0.0,913.0449657903838,0.4785,436.8920161306986,0.71775,0.0,2.3925,0.0,0.0,0.0,436.8920161306986,436.89元,0.0,913.0449657903838
2025-02-09T11:50:00,2025-02-09T12:00:00,2025-02-09,71,860.8291540640531,860.8291540640531,0.0,860.8291540640531,0.0,0.0,860.8291540640531,0.4662,401.31855162466155,0.6993,0.0,2.331,0.0,0.0,0.0,401.31855162466155,401.32元,0.0,860.8291540640531
2025-02-09T12:00:00,2025-02-09T12:10:00,2025-02-09,72,783.1499750946874,783.1499750946874,64.4282619674998,847.5782370621872,64.4282619674998,0.0,847.5782370621872,0.4432,347.0920689619654,0.6648,42.83190855599386,2.2159999999999997,0.0,0.0,0.0,389.9239775179593,389.92元,0.0,847.5782370621872
2025-02-09T12:10:00,2025-02-09T12:20:00,2025-02-09,73,786.5567458066085,786.5567458066085,64.15499245482579,850.7117382614343,64.15499245482579,0.0,850.7117382614343,0.4411,346.950180575295,0.66165,42.44815075773548,2.2055,0.0,0.0,0.0,389.3983313330305,389.40元,0.0,850.7117382614343
2025-02-09T12:20:00,2025-02-09T12:30:00,2025-02-09,74,814.0633458929375,814.0633458929375,63.74926695698673,877.8126128499242,63.74926695698673,0.0,877.8126128499242,0.4551,370.48022871587585,0.68265,43.51843708818699,2.2755,0.0,0.0,0.0,413.99866580406285,414.00元,0.0,877.8126128499242
2025-02-09T12:30:00,2025-02-09T12:40:00,2025-02-09,75,812.8247329654752,812.8247329654752,63.14633376686629,875.9710667323415,63.14633376686629,0.0,875.9710667323415,0.4463,362.76367832249156,0.66945,42.27331314022864,2.2315,0.0,0.0,0.0,405.0369914627202,405.04元,0.0,875.9710667323415
2025-02-09T12:40:00,2025-02-09T12:50:00,2025-02-09,76,787.616159097172,787.616159097172,62.38500571348186,850.0011648106539,62.38500571348186,0.0,850.0011648106539,0.4113,323.94652623666684,0.61695,38.488429274932635,2.0564999999999998,0.0,0.0,0.0,362.43495551159947,362.43元,0.0,850.0011648106539
2025-02-09T12:50:00,2025-02-09T13:00:00,2025-02-09,77,806.7975837049183,806.7975837049183,61.73982040009321,868.5374041050115,61.73982040009321,0.0,868.5374041050115,0.5682,458.42238706113466,0.8523000000000001,52.62084892699944,2.841,0.0,0.0,0.0,511.0432359881341,511.04元,0.0,868.5374041050115
2025-02-09T13:00:00,2025-02-09T13:10:00,2025-02-09,78,31.709892537422547,31.709892537422547,45.142925382280964,76.85281791970351,45.142925382280964,0.0,76.85281791970351,0.8279,26.252620031732125,1.24185,56.060741885985614,4.1395,0.0,0.0,0.0,82.31336191771774,82.31元,0.0,76.85281791970351
2025-02-09T13:10:00,2025-02-09T13:20:00,2025-02-09,79,52.12711552016367,52.12711552016367,44.3065055976474,96.43362111781107,44.3065055976474,0.0,96.43362111781107,0.8636,45.016976963213345,1.2954,57.39464735119245,4.3180000000000005,0.0,0.0,0.0,102.4116243144058,102.41元,0.0,96.43362111781107
2025-02-09T13:20:00,2025-02-09T13:30:00,2025-02-09,80,62.38635537918367,62.38635537918367,43.38131633198509,105.76767171116876,43.38131633198509,0.0,105.76767171116876,0.8416,52.504356687120975,1.2624,54.764573737497976,4.208,0.0,0.0,0.0,107.26893042461896,107.27元,0.0,105.76767171116876
2025-02-09T13:30:00,2025-02-09T13:40:00,2025-02-09,81,88.0458809717095,88.0458809717095,42.40590588914017,130.45178686084967,42.40590588914017,0.0,130.45178686084967,0.8618,75.87794022141924,1.2927,54.8181145428915,4.309,0.0,0.0,0.0,130.69605476431073,130.70元,0.0,130.45178686084967
2025-02-09T13:40:00,2025-02-09T13:50:00,2025-02-09,82,123.82777470027384,123.82777470027384,41.185565113029156,165.013339813303,41.185565113029156,0.0,165.013339813303,0.8623,106.77669012404613,1.29345,53.27146919544756,4.3115,0.0,0.0,0.0,160.0481593194937,160.05元,0.0,165.013339813303
2025-02-09T13:50:00,2025-02-09T14:00:00,2025-02-09,83,0.0,0.0,0.14796735174203945,0.14796735174203945,0.14796735174203945,0.0,0.14796735174203945,0.9026,0.0,1.3538999999999999,0.20033299752354722,4.513,0.0,0.0,0.0,0.20033299752354722,0.20元,0.0,0.14796735174203945
2025-02-09T14:00:00,2025-02-09T14:10:00,2025-02-09,84,0.0,0.0,0.0,0.0,0.0,0.0,0.0,0.9754,0.0,1.4631,0.0,4.877000000000001,0.0,0.0,0.0,0.0,0.00元,0.0,0.0
2025-02-09T14:10:00,2025-02-09T14:20:00,2025-02-09,85,0.0,0.0,0.0,0.0,0.0,0.0,0.0,1.0002,0.0,1.5003,0.0,5.0009999999999994,0.0,0.0,0.0,0.0,0.00元,0.0,0.0
2025-02-09T14:20:00,2025-02-09T14:30:00,2025-02-09,86,0.0,0.0,0.0,0.0,0.0,0.0,0.0,0.9978,0.0,1.4967000000000001,0.0,4.989,0.0,0.0,0.0,0.0,0.00元,0.0,0.0
2025-02-09T14:30:00,2025-02-09T14:40:00,2025-02-09,87,0.0,0.0,0.0,0.0,0.0,0.0,0.0,1.0271,0.0,1.5406499999999999,0.0,5.1354999999999995,0.0,0.0,0.0,0.0,0.00元,0.0,0.0
2025-02-09T14:40:00,2025-02-09T14:50:00,2025-02-09,88,0.0,0.0,0.0,0.0,0.0,0.0,0.0,1.0906,0.0,1.6359,0.0,5.453,0.0,0.0,0.0,0.0,0.00元,0.0,0.0
2025-02-09T14:50:00,2025-02-09T15:00:00,2025-02-09,89,0.0,0.0,0.0,0.0,0.0,0.0,0.0,0.9376,0.0,1.4064,0.0,4.688,0.0,0.0,0.0,0.0,0.00元,0.0,0.0
2025-02-09T15:00:00,2025-02-09T15:10:00,2025-02-09,90,1237.4335779302442,1237.4335779302442,8.860634401517927,1246.294212331762,8.860634401517927,0.0,1246.294212331762,0.6694,828.3380370665054,1.0041,8.896963002564151,3.347,0.0,0.0,0.0,837.2350000690695,837.24元,0.0,1246.294212331762
2025-02-09T15:10:00,2025-02-09T15:20:00,2025-02-09,91,1259.9387650042597,1259.9387650042597,8.62577306569733,1268.564538069957,8.62577306569733,0.0,1268.564538069957,0.66,831.5595849028115,0.99,8.539515335040358,3.3000000000000003,0.0,0.0,0.0,840.0991002378518,840.10元,0.0,1268.564538069957
2025-02-09T15:20:00,2025-02-09T15:30:00,2025-02-09,92,1123.242480650085,1123.242480650085,178.6968237132014,1301.9393043632865,178.6968237132014,0.0,1301.9393043632865,0.7217,810.6440982851665,1.08255,193.4482465107262,3.6085000000000003,0.0,0.0,0.0,1004.0923447958926,1004.09元,0.0,1301.9393043632865
2025-02-09T15:30:00,2025-02-09T15:40:00,2025-02-09,93,515.8371068617028,515.8371068617028,314.36561924139187,830.2027261030946,314.36561924139187,0.0,830.2027261030946,0.7308,376.97375769453237,1.0962,344.6075918124138,3.654,0.0,0.0,0.0,721.5813495069461,721.58元,0.0,830.2027261030946
2025-02-09T15:40:00,2025-02-09T15:50:00,2025-02-09,94,571.673537816191,571.673537816191,7.964559610794822,579.6380974269858,7.964559610794822,0.0,579.6380974269858,0.7534,430.6988433907183,1.1300999999999999,9.000748816159229,3.767,0.0,0.0,0.0,439.6995922068775,439.70元,0.0,579.6380974269858
2025-02-09T15:50:00,2025-02-09T16:00:00,2025-02-09,95,627.9387038454604,627.9387038454604,7.760191249345894,635.6988950948063,7.760191249345894,0.0,635.6988950948063,0.7823,491.2364480183037,1.1734499999999999,9.10619642154494,3.9115,0.0,0.0,0.0,500.3426444398486,500.34元,0.0,635.6988950948063
2025-02-09T16:00:00,2025-02-09T16:10:00,2025-02-09,96,681.1002082326465,681.1002082326465,7.687727337501428,688.787935570148,7.687727337501428,0.0,688.787935570148,0.8055,548.6262177313968,1.20825,9.2886965555361,4.0275,0.0,0.0,0.0,557.9149142869329,557.91元,0.0,688.787935570148
2025-02-09T16:10:00,2025-02-09T16:20:00,2025-02-09,97,718.8386881664154,718.8386881664154,7.477118027303732,726.3158061937191,7.477118027303732,0.0,726.3158061937191,0.8271,594.5514789824422,1.24065,9.276486480574373,4.1354999999999995,0.0,0.0,0.0,603.8279654630165,603.83元,0.0,726.3158061937191
2025-02-09T16:20:00,2025-02-09T16:30:00,2025-02-09,98,769.100969189567,769.100969189567,7.27227846928281,776.3732476588498,7.27227846928281,0.0,776.3732476588498,0.8519,655.1971156525921,1.27785,9.292881041973038,4.2595,0.0,0.0,0.0,664.4899966945651,664.49元,0.0,776.3732476588498
2025-02-09T16:30:00,2025-02-09T16:40:00,2025-02-09,99,828.3948435933426,828.3948435933426,7.0730505980614,835.467894191404,7.0730505980614,0.0,835.467894191404,0.8791,728.2419070029074,1.3186499999999999,9.326878171133664,4.3955,0.0,0.0,0.0,737.5687851740411,737.57元,0.0,835.467894191404
2025-02-09T16:40:00,2025-02-09T16:50:00,2025-02-09,100,866.7983800739516,866.7983800739516,6.879280678545001,873.6776607524966,6.879280678545001,0.0,873.6776607524966,0.9024,782.198858178734,1.3536,9.311794326478513,4.512,0.0,0.0,0.0,791.5106525052124,791.51元,0.0,873.6776607524966
2025-02-09T16:50:00,2025-02-09T17:00:00,2025-02-09,101,899.5859854129305,899.5859854129305,6.6908191872928455,906.2768046002234,6.6908191872928455,0.0,906.2768046002234,0.9163,824.2906384338683,1.37445,9.196196431974652,4.5815,0.0,0.0,0.0,833.4868348658429,833.49元,0.0,906.2768046002234
2025-02-09T17:00:00,2025-02-09T17:10:00,2025-02-09,102,940.1874136571261,940.1874136571261,6.507520697136897,946.694934354263,6.507520697136897,0.0,946.694934354263,0.9264,870.9896200119616,1.3896,9.042850760741432,4.632,0.0,0.0,0.0,880.032470772703,880.03元,0.0,946.694934354263
2025-02-09T17:10:00,2025-02-09T17:20:00,2025-02-09,103,984.0687262506959,984.0687262506959,6.329243764962712,990.3979700156586,6.329243764962712,0.0,990.3979700156586,0.9462,931.1258287784085,1.4193,8.983095675611578,4.731,0.0,0.0,0.0,940.1089244540201,940.11元,0.0,990.3979700156586
2025-02-09T17:20:00,2025-02-09T17:30:00,2025-02-09,104,1010.3435230000872,1010.3435230000872,6.15585082256348,1016.4993738226507,6.15585082256348,0.0,1016.4993738226507,0.9742,984.2766601066849,1.4613,8.995544807012012,4.8709999999999996,0.0,0.0,0.0,993.2722049136969,993.27元,0.0,1016.4993738226507
2025-02-09T17:30:00,2025-02-09T17:40:00,2025-02-09,105,1033.8117172053344,1033.8117172053344,5.987208070485622,1039.79892527582,5.987208070485622,0.0,1039.79892527582,0.9862,1019.5451155079007,1.4792999999999998,8.85687689866938,4.931,0.0,0.0,0.0,1028.4019924065703,1028.40元,0.0,1039.79892527582
2025-02-09T17:40:00,2025-02-09T17:50:00,2025-02-09,106,1057.827835076741,1057.827835076741,5.82318537478136,1063.6510204515223,5.82318537478136,0.0,1063.6510204515223,0.976,1032.4399670348992,1.464,8.525143388679911,4.88,0.0,0.0,0.0,1040.965110423579,1040.97元,0.0,1063.6510204515223
2025-02-09T17:50:00,2025-02-09T18:00:00,2025-02-09,107,913.956554079799,913.956554079799,5.66365616659084,919.6202102463899,5.66365616659084,0.0,919.6202102463899,1.0742,981.7721303925201,1.6113,9.12584918122782,5.371,0.0,0.0,0.0,990.8979795737481,990.90元,0.0,919.6202102463899
2025-02-09T18:00:00,2025-02-09T18:10:00,2025-02-09,108,696.1845524702755,695.0026259716839,6.69042384306556,701.6930498147494,5.508497344473881,0.0,701.6930498147494,1.2313,855.7567333589344,1.84695,12.356878316949937,6.1565,0.0,39.32769725226842,24.212096813359054,892.3257084892434,892.33元,0.0,701.6930498147494
2025-02-09T18:10:00,2025-02-09T18:20:00,2025-02-09,109,692.3304708395594,691.1809238354066,6.507136183571674,697.6880600189783,5.357589179418824,0.0,697.6880600189783,1.2561,868.1923584296542,1.88415,12.26042064027657,6.2805,0.0,0.0,0.0,880.4527790699308,880.45元,0.0,697.6880600189783
2025-02-09T18:20:00,2025-02-09T18:30:00,2025-02-09,110,744.8252186868328,743.7071641239381,6.328869785347479,750.0360339092856,5.210815222452766,0.0,750.0360339092856,1.2447,925.6923071850657,1.8670499999999999,11.81631633273301,6.2235,0.0,0.0,0.0,937.5086235177987,937.51元,0.0,750.0360339092856
2025-02-09T18:30:00,2025-02-09T18:40:00,2025-02-09,111,747.8568867013489,746.7694618278172,6.15548708831534,752.9249489161325,5.068062214783595,0.0,752.9249489161325,1.2545,936.8222898629966,1.8817499999999998,11.58308782843739,6.2725,0.0,0.0,0.0,948.405377691434,948.41元,0.0,752.9249489161325
2025-02-09T18:40:00,2025-02-09T18:50:00,2025-02-09,112,748.4364239473542,747.3787896468295,5.986854300927462,753.365643947757,4.929220000402779,0.0,753.365643947757,1.2522,935.86772039576,1.8782999999999999,11.245108433432051,6.261,0.0,0.0,0.0,947.112828829192,947.11元,0.0,753.365643947757
2025-02-09T18:50:00,2025-02-09T19:00:00,2025-02-09,113,81.13386858074011,67.70805797651121,160.57642571798294,228.28448369449416,147.15061511375404,0.0,228.28448369449416,1.2881,87.2147494795441,1.93215,310.25774095100076,6.4405,0.0,0.0,0.0,397.47249043054484,397.47元,0.0,228.28448369449416
2025-02-09T19:00:00,2025-02-09T19:10:00,2025-02-09,114,26.149070596461115,26.149070596461115,7.273140173718048,33.42221077017916,7.273140173718048,0.0,33.42221077017916,1.3466,35.21233846519454,2.0199,14.691015836893085,6.7330000000000005,0.0,0.0,0.0,49.90335430208762,49.90元,0.0,33.42221077017916
2025-02-09T19:10:00,2025-02-09T19:20:00,2025-02-09,115,20.15391208827441,18.887978307908725,11.602716831899556,30.49069513980828,10.336783051533871,0.0,30.49069513980828,1.3523,25.54221306578497,2.0284500000000003,23.535530957666655,6.7615,0.0,0.0,0.0,49.07774402345163,49.08元,0.0,30.49069513980828
2025-02-09T19:20:00,2025-02-09T19:30:00,2025-02-09,116,1.1444800631373937,0.15401104447471425,10.03987477630119,10.193885820775904,9.04940575763851,0.0,10.193885820775904,1.3445,0.20706784929625333,2.01675,20.247917455105426,6.7225,0.0,0.0,0.0,20.454985304401678,20.45元,0.0,10.193885820775904
2025-02-09T19:30:00,2025-02-09T19:40:00,2025-02-09,117,0.0,0.0,0.0,0.0,0.0,0.0,0.0,1.3483,0.0,2.02245,0.0,6.7415,0.0,0.0,0.0,0.0,0.00元,0.0,0.0
2025-02-09T19:40:00,2025-02-09T19:50:00,2025-02-09,118,17.736255367889044,17.736255367889044,1.0846671097685885,18.820922477657632,1.0846671097685885,0.0,18.820922477657632,1.349,23.92620849128232,2.0235,2.1948238966167386,6.745,0.0,0.0,0.0,26.121032387899056,26.12元,0.0,18.820922477657632
2025-02-09T19:50:00,2025-02-09T20:00:00,2025-02-09,119,17.058701349122202,17.058701349122202,9.764750579832366,26.82345192895457,9.764750579832366,0.0,26.82345192895457,1.3473,22.98318832767234,2.02095,19.73407268431222,6.7364999999999995,0.0,0.0,0.0,42.71726101198456,42.72元,0.0,26.82345192895457
2025-02-09T20:00:00,2025-02-09T20:10:00,2025-02-09,120,0.0,0.0,0.125697961734204,0.125697961734204,0.125697961734204,0.0,0.125697961734204,1.3482,0.0,2.0223,0.2541989880150808,6.7410000000000005,0.0,0.0,0.0,0.2541989880150808,0.25元,0.0,0.125697961734204
2025-02-09T20:10:00,2025-02-09T20:20:00,2025-02-09,121,5.861793041534611,4.99976336442046,8.737951262085858,13.737714626506317,7.875921584971707,0.0,13.737714626506317,1.3513,6.756180234341367,2.02695,17.71139031068493,6.7565,0.0,0.0,0.0,24.467570545026295,24.47元,0.0,13.737714626506317
2025-02-09T20:20:00,2025-02-09T20:30:00,2025-02-09,122,2.46257905862376,2.46257905862376,3.682719966730474,6.145299025354234,3.682719966730474,0.0,6.145299025354234,1.34,3.2998559385558384,2.0100000000000002,7.4022671331282535,6.7,0.0,0.0,0.0,10.702123071684092,10.70元,0.0,6.145299025354234
2025-02-09T20:30:00,2025-02-09T20:40:00,2025-02-09,123,6.352130273985949,6.352130273985949,6.3148628113308405,12.66699308531679,6.3148628113308405,0.0,12.66699308531679,1.3489,8.568388526579646,2.0233499999999998,12.777177669306257,6.7445,0.0,0.0,0.0,21.345566195885905,21.35元,0.0,12.66699308531679
2025-02-09T20:40:00,2025-02-09T20:50:00,2025-02-09,124,7.886550013941246,7.404535194133359,6.531247749648628,13.935782943781987,6.049232929840741,0.0,13.935782943781987,1.3952,10.330807502854864,2.0928,13.66859529046465,6.976,0.0,0.0,0.0,23.99940279331951,24.00元,0.0,13.935782943781987
2025-02-09T20:50:00,2025-02-09T21:00:00,2025-02-09,125,725.3772009035523,724.6401339089111,4.172248105748963,728.8123820146601,3.435181111107795,0.0,728.8123820146601,1.2226,885.9450277170347,1.8338999999999999,7.651485801133023,6.1129999999999995,0.0,0.0,0.0,893.5965135181676,893.60元,0.0,728.8123820146601
2025-02-09T21:00:00,2025-02-09T21:10:00,2025-02-09,126,754.358473166728,753.9118689246176,0.0,753.9118689246176,-0.4466042421104248,0.0,753.9118689246176,0.9332,703.5505560804531,1.3998,0.0,4.666,0.0,0.0,0.0,703.5505560804531,703.55元,0.0,753.9118689246176
2025-02-09T21:10:00,2025-02-09T21:20:00,2025-02-09,127,712.1595245246267,711.4622890218272,0.0,711.4622890218272,-0.6972355027994581,0.0,711.4622890218272,0.9068,645.154003684993,1.3602,0.0,4.534000000000001,0.0,0.0,0.0,645.154003684993,645.15元,0.0,711.4622890218272
2025-02-09T21:20:00,2025-02-09T21:30:00,2025-02-09,128,715.3190810549812,714.640946683354,0.0,714.640946683354,-0.6781343716272659,0.0,714.640946683354,0.9371,669.690031136971,1.40565,0.0,4.6855,0.0,0.0,0.0,669.690031136971,669.69元,0.0,714.640946683354
2025-02-09T21:30:00,2025-02-09T21:40:00,2025-02-09,129,712.9897119334058,712.3301554074748,0.0,712.3301554074748,-0.6595565259310661,0.0,712.3301554074748,0.9371,667.5245886323446,1.40565,0.0,4.6855,0.0,0.0,0.0,667.5245886323446,667.52元,0.0,712.3301554074748
2025-02-09T21:40:00,2025-02-09T21:50:00,2025-02-09,130,682.9350216928311,680.4229208203202,0.0,680.4229208203202,-2.5121008725109277,0.0,680.4229208203202,0.9871,671.6454651417381,1.48065,0.0,4.9355,0.0,0.0,0.0,671.6454651417381,671.65元,0.0,680.4229208203202
2025-02-09T21:50:00,2025-02-09T22:00:00,2025-02-09,131,653.8689305544882,653.8689305544882,0.0,653.8689305544882,0.0,0.0,653.8689305544882,0.7764,507.6638376825046,1.1646,0.0,3.8819999999999997,0.0,0.0,0.0,507.6638376825046,507.66元,0.0,653.8689305544882
2025-02-09T22:00:00,2025-02-09T22:10:00,2025-02-09,132,1398.6249958876197,1398.0181745898044,0.0,1398.0181745898044,-0.6068212978152587,0.0,1398.0181745898044,0.4209,588.4258496848487,0.63135,0.0,2.1045,0.0,0.0,0.0,588.4258496848487,588.43元,12.056507933137702,1385.9616666566667
2025-02-09T22:10:00,2025-02-09T22:20:00,2025-02-09,133,1372.573889188875,1371.9836920778102,0.0,1371.9836920778102,-0.5901971110647537,0.0,1371.9836920778102,0.3859,529.448506772827,0.5788500000000001,0.0,1.9295,0.0,0.0,0.0,529.448506772827,529.45元,0.0,1371.9836920778102
2025-02-09T22:20:00,2025-02-09T22:30:00,2025-02-09,134,547.8236750065458,547.8236750065458,0.0,547.8236750065458,0.0,0.0,547.8236750065458,0.4368,239.28938124285924,0.6552,0.0,2.184,0.0,0.0,0.0,239.28938124285924,239.29元,0.0,547.8236750065458
2025-02-09T22:30:00,2025-02-09T22:40:00,2025-02-09,135,1385.3606783854189,1384.8023758396857,0.0,1384.8023758396857,-0.5583025457331132,0.0,1384.8023758396857,0.4198,581.3400373775,0.6297,0.0,2.099,0.0,0.0,0.0,581.3400373775,581.34元,17.715709183019037,1367.0866666566667
2025-02-09T22:40:00,2025-02-09T22:50:00,2025-02-09,136,1389.7285725197503,1389.1855649641848,0.0,1389.1855649641848,-0.5430075555655094,0.0,1389.1855649641848,0.4186,581.5130774940078,0.6279,0.0,2.093,0.0,0.0,0.0,581.5130774940078,581.51元,27.289264974184782,1361.89629999
2025-02-09T22:50:00,2025-02-09T23:00:00,2025-02-09,137,1388.7373704249696,1388.2092388453186,0.0,1388.2092388453186,-0.5281315796510171,0.0,1388.2092388453186,0.4241,588.7395381942996,0.63615,0.0,2.1205,0.0,0.0,0.0,588.7395381942996,588.74元,21.524338855318653,1366.68489999
2025-02-09T23:00:00,2025-02-09T23:10:00,2025-02-09,138,1388.0811074425787,1387.5674443037037,0.0,1387.5674443037037,-0.5136631388750175,0.0,1387.5674443037037,0.4237,587.9123261514793,0.6355500000000001,0.0,2.1185,0.0,0.0,0.0,587.9123261514793,587.91元,11.837444313703706,1375.7299999900001
2025-02-09T23:10:00,2025-02-09T23:20:00,2025-02-09,139,1008.1068956989873,1008.1068956989873,0.0,1008.1068956989873,0.0,0.0,1008.1068956989873,0.4248,428.2438092929298,0.6372,0.0,2.124,0.0,0.0,0.0,428.2438092929298,428.24元,0.0,1008.1068956989873
2025-02-09T23:20:00,2025-02-09T23:30:00,2025-02-09,140,1404.8798368397945,1404.3939323297473,0.0,1404.3939323297473,-0.48590451004724855,0.0,1404.3939323297473,0.424,595.4630273078128,0.636,0.0,2.12,0.0,0.0,0.0,595.4630273078128,595.46元,11.289782339747255,1393.10414999
2025-02-09T23:30:00,2025-02-09T23:40:00,2025-02-09,141,1394.649699908334,1394.177107006411,0.0,1394.177107006411,-0.47259290192300796,0.0,1394.177107006411,0.422,588.3427391567054,0.633,0.0,2.11,0.0,0.0,0.0,588.3427391567054,588.34元,10.095440349744415,1384.0816666566666
2025-02-09T23:40:00,2025-02-09T23:50:00,2025-02-09,142,1383.6901301426876,1383.230484170424,0.0,1383.230484170424,-0.4596459722636155,0.0,1383.230484170424,0.424,586.4897252882597,0.636,0.0,2.12,0.0,0.0,0.0,586.4897252882597,586.49元,0.0,1383.230484170424
2025-02-09T23:50:00,2025-02-10T00:00:00,2025-02-09,143,571.7484345836336,571.7484345836336,0.0,571.7484345836336,0.0,0.0,571.7484345836336,0.4271,244.19375641066992,0.6406499999999999,0.0,2.1355,0.0,0.0,0.0,244.19375641066992,244.19元,0.0,571.7484345836336
2025-02-10T00:00:00,2025-02-10T00:10:00,2025-02-09,144,598.0419,598.0419,0.0,598.0419,0.0,0.0,598.0419,0.4276,255.72271644,0.6414,0.0,2.138,0.0,0.0,0.0,255.72271644,255.72元,0.0,598.0419
2025-02-10T00:10:00,2025-02-10T00:20:00,2025-02-10,1,1184.7397995582528,1184.7397995582528,0.0,1184.7397995582528,0.0,0.0,1184.7397995582528,0.4248,503.2774668523458,0.6372,0.0,2.124,0.0,0.0,0.0,503.2774668523458,503.28元,0.0,1184.7397995582528
2025-02-10T00:20:00,2025-02-10T00:30:00,2025-02-10,2,1405.3882282642967,1405.3882282642967,0.0,1405.3882282642967,0.0,0.0,1405.3882282642967,0.4245,596.5873028981939,0.6367499999999999,0.0,2.1225,0.0,0.0,0.0,596.5873028981939,596.59元,8.138661607629949,1397.2495666566667
2025-02-10T00:30:00,2025-02-10T00:40:00,2025-02-10,3,610.9968296052807,610.9968296052807,0.0,610.9968296052807,0.0,0.0,610.9968296052807,0.4269,260.8345465584943,0.64035,0.0,2.1345,0.0,0.0,0.0,260.8345465584943,260.83元,0.0,610.9968296052807
2025-02-10T00:40:00,2025-02-10T00:50:00,2025-02-10,4,595.8464222558412,595.8464222558412,0.0,595.8464222558412,0.0,0.0,595.8464222558412,0.4272,254.54559158769536,0.6408,0.0,2.136,0.0,0.0,0.0,254.54559158769536,254.55元,0.0,595.8464222558412
2025-02-10T00:50:00,2025-02-10T01:00:00,2025-02-10,5,583.4812171523148,583.4812171523148,0.0,583.4812171523148,0.0,0.0,583.4812171523148,0.4271,249.20482784575364,0.6406499999999999,0.0,2.1355,0.0,0.0,0.0,249.20482784575364,249.20元,0.0,583.4812171523148
2025-02-10T01:00:00,2025-02-10T01:10:00,2025-02-10,6,595.5157527167489,595.5157527167489,0.0,595.5157527167489,0.0,0.0,595.5157527167489,0.4285,255.1785000391269,0.6427499999999999,0.0,2.1425,0.0,0.0,0.0,255.1785000391269,255.18元,0.0,595.5157527167489
2025-02-10T01:10:00,2025-02-10T01:20:00,2025-02-10,7,595.7286323344633,595.7286323344633,0.0,595.7286323344633,0.0,0.0,595.7286323344633,0.4311,256.8186133993871,0.64665,0.0,2.1555,0.0,0.0,0.0,256.8186133993871,256.82元,0.0,595.7286323344633
2025-02-10T01:20:00,2025-02-10T01:30:00,2025-02-10,8,606.8862218322269,606.8862218322269,0.0,606.8862218322269,0.0,0.0,606.8862218322269,0.4302,261.08245263222403,0.6453,0.0,2.1510000000000002,0.0,0.0,0.0,261.08245263222403,261.08元,0.0,606.8862218322269
2025-02-10T01:30:00,2025-02-10T01:40:00,2025-02-10,9,622.7368836236982,622.7368836236982,0.0,622.7368836236982,0.0,0.0,622.7368836236982,0.4279,266.46911250258046,0.64185,0.0,2.1395,0.0,0.0,0.0,266.46911250258046,266.47元,0.0,622.7368836236982
2025-02-10T01:40:00,2025-02-10T01:50:00,2025-02-10,10,611.5597208554487,611.5597208554487,0.0,611.5597208554487,0.0,0.0,611.5597208554487,0.4312,263.70455163286954,0.6468,0.0,2.156,0.0,0.0,0.0,263.70455163286954,263.70元,0.0,611.5597208554487
2025-02-10T01:50:00,2025-02-10T02:00:00,2025-02-10,11,615.6158440535506,615.6158440535506,0.0,615.6158440535506,0.0,0.0,615.6158440535506,0.4333,266.7463452284035,0.64995,0.0,2.1665,0.0,0.0,0.0,266.7463452284035,266.75元,0.0,615.6158440535506
2025-02-10T02:00:00,2025-02-10T02:10:00,2025-02-10,12,641.2605827707152,641.2605827707152,0.0,641.2605827707152,0.0,0.0,641.2605827707152,0.4311,276.44743723245534,0.64665,0.0,2.1555,0.0,0.0,0.0,276.44743723245534,276.45元,0.0,641.2605827707152
2025-02-10T02:10:00,2025-02-10T02:20:00,2025-02-10,13,650.1551730672988,650.1551730672988,0.0,650.1551730672988,0.0,0.0,650.1551730672988,0.4293,279.1116157977914,0.64395,0.0,2.1465,0.0,0.0,0.0,279.1116157977914,279.11元,0.0,650.1551730672988
2025-02-10T02:20:00,2025-02-10T02:30:00,2025-02-10,14,644.6788249928311,644.6788249928311,0.0,644.6788249928311,0.0,0.0,644.6788249928311,0.4324,278.75912392690014,0.6486000000000001,0.0,2.162,0.0,0.0,0.0,278.75912392690014,278.76元,0.0,644.6788249928311
2025-02-10T02:30:00,2025-02-10T02:40:00,2025-02-10,15,636.4119350680459,636.4119350680459,0.0,636.4119350680459,0.0,0.0,636.4119350680459,0.4367,277.92109204421564,0.6550499999999999,0.0,2.1835,0.0,0.0,0.0,277.92109204421564,277.92元,0.0,636.4119350680459
2025-02-10T02:40:00,2025-02-10T02:50:00,2025-02-10,16,633.4146762674084,633.4146762674084,0.0,633.4146762674084,0.0,0.0,633.4146762674084,0.4348,275.4087012410692,0.6522,0.0,2.174,0.0,0.0,0.0,275.4087012410692,275.41元,0.0,633.4146762674084
2025-02-10T02:50:00,2025-02-10T03:00:00,2025-02-10,17,636.1238363354511,636.1238363354511,0.0,636.1238363354511,0.0,0.0,636.1238363354511,0.4335,275.75968305141805,0.65025,0.0,2.1675,0.0,0.0,0.0,275.75968305141805,275.76元,0.0,636.1238363354511
2025-02-10T03:00:00,2025-02-10T03:10:00,2025-02-10,18,646.078245270244,646.078245270244,0.0,646.078245270244,0.0,0.0,646.078245270244,0.4357,281.4962914642453,0.65355,0.0,2.1784999999999997,0.0,0.0,0.0,281.4962914642453,281.50元,0.0,646.078245270244
2025-02-10T03:10:00,2025-02-10T03:20:00,2025-02-10,19,663.7417111406495,663.7417111406495,0.0,663.7417111406495,0.0,0.0,663.7417111406495,0.4374,290.3206244529201,0.6561,0.0,2.1870000000000003,0.0,0.0,0.0,290.3206244529201,290.32元,0.0,663.7417111406495
2025-02-10T03:20:00,2025-02-10T03:30:00,2025-02-10,20,673.7070425706866,673.7070425706866,0.0,673.7070425706866,0.0,0.0,673.7070425706866,0.4371,294.4773483076471,0.65565,0.0,2.1854999999999998,0.0,0.0,0.0,294.4773483076471,294.48元,0.0,673.7070425706866
2025-02-10T03:30:00,2025-02-10T03:40:00,2025-02-10,21,665.4637837243203,665.4637837243203,0.0,665.4637837243203,0.0,0.0,665.4637837243203,0.4356,289.8760241903139,0.6534,0.0,2.178,0.0,0.0,0.0,289.8760241903139,289.88元,0.0,665.4637837243203
2025-02-10T03:40:00,2025-02-10T03:50:00,2025-02-10,22,646.3799884573382,646.3799884573382,0.0,646.3799884573382,0.0,0.0,646.3799884573382,0.4353,281.36920897547935,0.65295,0.0,2.1765,0.0,0.0,0.0,281.36920897547935,281.37元,0.0,646.3799884573382
2025-02-10T03:50:00,2025-02-10T04:00:00,2025-02-10,23,657.1709403029616,657.1709403029616,0.0,657.1709403029616,0.0,0.0,657.1709403029616,0.436,286.5265299720913,0.654,0.0,2.18,0.0,0.0,0.0,286.5265299720913,286.53元,0.0,657.1709403029616
2025-02-10T04:00:00,2025-02-10T04:10:00,2025-02-10,24,688.1576157911876,688.1576157911876,0.0,688.1576157911876,0.0,0.0,688.1576157911876,0.4378,301.2754041933819,0.6567000000000001,0.0,2.189,0.0,0.0,0.0,301.2754041933819,301.28元,0.0,688.1576157911876
2025-02-10T04:10:00,2025-02-10T04:20:00,2025-02-10,25,692.3426569351786,692.3426569351786,0.0,692.3426569351786,0.0,0.0,692.3426569351786,0.4401,304.7000033171721,0.66015,0.0,2.2005,0.0,0.0,0.0,304.7000033171721,304.70元,0.0,692.3426569351786
2025-02-10T04:20:00,2025-02-10T04:30:00,2025-02-10,26,705.0909137180267,705.0909137180267,0.0,705.0909137180267,0.0,0.0,705.0909137180267,0.4389,309.46440203084194,0.65835,0.0,2.1945,0.0,0.0,0.0,309.46440203084194,309.46元,0.0,705.0909137180267
2025-02-10T04:30:00,2025-02-10T04:40:00,2025-02-10,27,717.0790982465459,717.0790982465459,0.0,717.0790982465459,0.0,0.0,717.0790982465459,0.4364,312.9333184747926,0.6546000000000001,0.0,2.182,0.0,0.0,0.0,312.9333184747926,312.93元,0.0,717.0790982465459
2025-02-10T04:40:00,2025-02-10T04:50:00,2025-02-10,28,681.3646905720835,681.3646905720835,0.0,681.3646905720835,0.0,0.0,681.3646905720835,0.4393,299.3235085683163,0.65895,0.0,2.1965000000000003,0.0,0.0,0.0,299.3235085683163,299.32元,0.0,681.3646905720835
2025-02-10T04:50:00,2025-02-10T05:00:00,2025-02-10,29,660.9761070116766,660.9761070116766,0.0,660.9761070116766,0.0,0.0,660.9761070116766,0.4422,292.2836345205634,0.6633,0.0,2.211,0.0,0.0,0.0,292.2836345205634,292.28元,0.0,660.9761070116766
2025-02-10T05:00:00,2025-02-10T05:10:00,2025-02-10,30,673.3515426362068,673.3515426362068,0.0,673.3515426362068,0.0,0.0,673.3515426362068,0.4395,295.9380029886129,0.65925,0.0,2.1975,0.0,0.0,0.0,295.9380029886129,295.94元,0.0,673.3515426362068
2025-02-10T05:10:00,2025-02-10T05:20:00,2025-02-10,31,675.3928923254532,675.3928923254532,0.0,675.3928923254532,0.0,0.0,675.3928923254532,0.4333,292.6477402446189,0.64995,0.0,2.1665,0.0,0.0,0.0,292.6477402446189,292.65元,0.0,675.3928923254532
2025-02-10T05:20:00,2025-02-10T05:30:00,2025-02-10,32,676.0727652194664,676.0727652194664,0.0,676.0727652194664,0.0,0.0,676.0727652194664,0.4439,300.10870048092113,0.66585,0.0,2.2195,0.0,0.0,0.0,300.10870048092113,300.11元,0.0,676.0727652194664
2025-02-10T05:30:00,2025-02-10T05:40:00,2025-02-10,33,675.0818788961762,675.0818788961762,0.0,675.0818788961762,0.0,0.0,675.0818788961762,0.4301,290.3527161132454,0.64515,0.0,2.1505,0.0,0.0,0.0,290.3527161132454,290.35元,0.0,675.0818788961762
2025-02-10T05:40:00,2025-02-10T05:50:00,2025-02-10,34,1505.8515385732076,1505.8515385732076,0.0,1505.8515385732076,0.0,0.0,1505.8515385732076,0.3713,559.122676272232,0.5569500000000001,0.0,1.8565,0.0,0.0,0.0,559.122676272232,559.12元,559.8357078323447,946.0158307408628
2025-02-10T05:50:00,2025-02-10T06:00:00,2025-02-10,35,755.622406400545,755.622406400545,0.0,755.622406400545,0.0,0.0,755.622406400545,0.5708,431.30926957343104,0.8562,0.0,2.854,0.0,0.0,0.0,431.30926957343104,431.31元,0.0,755.622406400545
2025-02-10T06:00:00,2025-02-10T06:10:00,2025-02-10,36,365.64684807606284,160.63723333333337,0.0,160.63723333333337,-205.00961474272947,0.0,160.63723333333337,0.9099,146.16381861000005,1.3648500000000001,0.0,4.5495,0.0,1649.446740475978,750.4157945795462,896.5796131895462,896.58元,0.0,160.63723333333337
2025-02-10T06:10:00,2025-02-10T06:20:00,2025-02-10,37,153.3914540292501,153.3914540292501,4.565482114101201,157.9569361433513,4.565482114101201,0.0,157.9569361433513,0.9368,143.6971141346015,1.4052,6.415415466735007,4.684,0.0,0.0,0.0,150.1125296013365,150.11元,0.0,157.9569361433513
2025-02-10T06:20:00,2025-02-10T06:30:00,2025-02-10,38,890.1598384118645,889.8737218052686,0.0,889.8737218052686,-0.2861166065958969,0.0,889.8737218052686,0.8758,779.3514055570542,1.3137,0.0,4.3790000000000004,0.0,0.0,0.0,779.3514055570542,779.35元,0.0,889.8737218052686
2025-02-10T06:30:00,2025-02-10T06:40:00,2025-02-10,39,920.0262721282027,385.0072460422756,0.0,385.0072460422756,-535.0190260859271,0.0,385.0072460422756,0.8759,337.2278468084292,1.31385,0.0,4.3795,0.0,0.0,0.0,337.2278468084292,337.23元,0.0,385.0072460422756
2025-02-10T06:40:00,2025-02-10T06:50:00,2025-02-10,40,900.7445655038389,900.5883667546997,0.0,900.5883667546997,-0.1561987491392074,0.0,900.5883667546997,0.8601,774.5960542457171,1.29015,0.0,4.3004999999999995,0.0,0.0,0.0,774.5960542457171,774.60元,0.0,900.5883667546997
2025-02-10T06:50:00,2025-02-10T07:00:00,2025-02-10,41,854.38654045044,854.38654045044,0.0,854.38654045044,0.0,0.0,854.38654045044,0.8442,721.2731174482614,1.2663,0.0,4.221,0.0,0.0,0.0,721.2731174482614,721.27元,0.0,854.38654045044
2025-02-10T07:00:00,2025-02-10T07:10:00,2025-02-10,42,824.3567311947671,823.9278174657471,0.0,823.9278174657471,-0.428913729019996,0.0,823.9278174657471,0.8334,686.6614430759537,1.2501,0.0,4.167,0.0,0.0,0.0,686.6614430759537,686.66元,0.0,823.9278174657471
2025-02-10T07:10:00,2025-02-10T07:20:00,2025-02-10,43,793.0385179482521,792.518628282455,0.0,792.518628282455,-0.519889665797109,0.0,792.518628282455,0.8092,641.3060740061626,1.2138,0.0,4.046,0.0,0.0,0.0,641.3060740061626,641.31元,0.0,792.518628282455
2025-02-10T07:20:00,2025-02-10T07:30:00,2025-02-10,44,746.857148398,746.239151402346,0.0,746.239151402346,-0.617996995654039,0.0,746.239151402346,0.7972,594.9018514979502,1.1958,0.0,3.986,0.0,0.0,0.0,594.9018514979502,594.90元,0.0,746.239151402346
2025-02-10T07:30:00,2025-02-10T07:40:00,2025-02-10,45,669.3082134542212,669.3082134542212,0.0,669.3082134542212,0.0,0.0,669.3082134542212,0.7644,511.6191983644067,1.1465999999999998,0.0,3.822,0.0,0.0,0.0,511.6191983644067,511.62元,0.0,669.3082134542212
2025-02-10T07:40:00,2025-02-10T07:50:00,2025-02-10,46,1419.344546389908,1418.5152050578467,0.0,1418.5152050578467,-0.8293413320611762,0.0,1418.5152050578467,0.6899,978.6336399694084,1.03485,0.0,3.4494999999999996,0.0,0.0,0.0,978.6336399694084,978.63元,0.0,1418.5152050578467
2025-02-10T07:50:00,2025-02-10T08:00:00,2025-02-10,47,648.0304259597535,647.0865293276076,0.0,647.0865293276076,-0.9438966321458793,0.0,647.0865293276076,0.86,556.4944152217425,1.29,0.0,4.3,0.0,0.0,0.0,556.4944152217425,556.49元,0.0,647.0865293276076
2025-02-10T08:00:00,2025-02-10T08:10:00,2025-02-10,48,87.72709800887651,86.97386203632743,0.0,86.97386203632743,-0.7532359725490778,0.0,86.97386203632743,1.1617,101.03753552760158,1.74255,0.0,5.8084999999999996,0.0,0.0,0.0,101.03753552760158,101.04元,0.0,86.97386203632743
2025-02-10T08:10:00,2025-02-10T08:20:00,2025-02-10,49,69.69619877091554,69.69619877091554,0.2545548557193342,69.95075362663488,0.2545548557193342,0.0,69.95075362663488,1.1683,81.42606902406062,1.7524499999999998,0.4460946569053472,5.8415,0.0,0.0,0.0,81.87216368096597,81.87元,0.0,69.95075362663488
2025-02-10T08:20:00,2025-02-10T08:30:00,2025-02-10,50,1.028520972727165,0.0,0.0,0.0,-1.028520972727165,0.0,0.0,1.0956,0.0,1.6433999999999997,0.0,5.478,0.0,0.0,0.0,0.0,0.00元,0.0,0.0
2025-02-10T08:30:00,2025-02-10T08:40:00,2025-02-10,51,0.0,0.0,0.0,0.0,0.0,0.0,0.0,1.0849,0.0,1.6273499999999999,0.0,5.4245,0.0,0.0,0.0,0.0,0.00元,0.0,0.0
2025-02-10T08:40:00,2025-02-10T08:50:00,2025-02-10,52,0.0,0.0,0.0,0.0,0.0,0.0,0.0,1.061,0.0,1.5915,0.0,5.305,0.0,0.0,0.0,0.0,0.00元,0.0,0.0
2025-02-10T08:50:00,2025-02-10T09:00:00,2025-02-10,53,0.0,0.0,0.0,0.0,0.0,0.0,0.0,1.043,0.0,1.5644999999999998,0.0,5.215,0.0,0.0,0.0,0.0,0.00元,0.0,0.0
2025-02-10T09:00:00,2025-02-10T09:10:00,2025-02-10,54,0.0,0.0,0.0,0.0,0.0,0.0,0.0,1.036,0.0,1.554,0.0,5.18,0.0,0.0,0.0,0.0,0.00元,0.0,0.0
2025-02-10T09:10:00,2025-02-10T09:20:00,2025-02-10,55,0.0,0.0,0.0,0.0,0.0,0.0,0.0,1.0147,0.0,1.52205,0.0,5.073499999999999,0.0,0.0,0.0,0.0,0.00元,0.0,0.0
2025-02-10T09:20:00,2025-02-10T09:30:00,2025-02-10,56,0.0,0.0,0.0,0.0,0.0,0.0,0.0,0.9922,0.0,1.4883,0.0,4.961,0.0,0.0,0.0,0.0,0.00元,0.0,0.0
2025-02-10T09:30:00,2025-02-10T09:40:00,2025-02-10,57,0.0,0.0,0.0,0.0,0.0,0.0,0.0,0.97,0.0,1.455,0.0,4.85,0.0,0.0,0.0,0.0,0.00元,0.0,0.0
2025-02-10T09:40:00,2025-02-10T09:50:00,2025-02-10,58,0.0,0.0,0.0,0.0,0.0,0.0,0.0,0.9422,0.0,1.4133,0.0,4.711,0.0,0.0,0.0,0.0,0.00元,0.0,0.0
2025-02-10T09:50:00,2025-02-10T10:00:00,2025-02-10,59,0.0,0.0,0.0,0.0,0.0,0.0,0.0,0.9569,0.0,1.43535,0.0,4.7844999999999995,0.0,0.0,0.0,0.0,0.00元,0.0,0.0
2025-02-10T10:00:00,2025-02-10T10:10:00,2025-02-10,60,0.0,0.0,0.0,0.0,0.0,0.0,0.0,0.9977,0.0,1.49655,0.0,4.9885,0.0,0.0,0.0,0.0,0.00元,0.0,0.0
2025-02-10T10:10:00,2025-02-10T10:20:00,2025-02-10,61,0.0,0.0,0.0,0.0,0.0,0.0,0.0,0.9919,0.0,1.48785,0.0,4.9595,0.0,0.0,0.0,0.0,0.00元,0.0,0.0
2025-02-10T10:20:00,2025-02-10T10:30:00,2025-02-10,62,0.0,0.0,0.0,0.0,0.0,0.0,0.0,0.9588,0.0,1.4382,0.0,4.794,0.0,0.0,0.0,0.0,0.00元,0.0,0.0
2025-02-10T10:30:00,2025-02-10T10:40:00,2025-02-10,63,0.0,0.0,0.0,0.0,0.0,0.0,0.0,0.9549,0.0,1.43235,0.0,4.7745,0.0,0.0,0.0,0.0,0.00元,0.0,0.0
2025-02-10T10:40:00,2025-02-10T10:50:00,2025-02-10,64,0.0,0.0,0.0,0.0,0.0,0.0,0.0,0.9839,0.0,1.4758499999999999,0.0,4.9195,0.0,0.0,0.0,0.0,0.00元,0.0,0.0
2025-02-10T10:50:00,2025-02-10T11:00:00,2025-02-10,65,124.42689577578858,84.7456040249333,0.0,84.7456040249333,-39.68129175085528,0.0,84.7456040249333,0.799,67.7117376159217,1.1985000000000001,0.0,3.995,0.0,0.0,0.0,67.7117376159217,67.71元,0.0,84.7456040249333
2025-02-10T11:00:00,2025-02-10T11:10:00,2025-02-10,66,914.7489823497391,833.5854835279275,0.0,833.5854835279275,-81.16349882181157,0.0,833.5854835279275,0.5025,418.87670547278356,0.7537499999999999,0.0,2.5124999999999997,0.0,0.0,0.0,418.87670547278356,418.88元,0.0,833.5854835279275
2025-02-10T11:10:00,2025-02-10T11:20:00,2025-02-10,67,910.1821006383813,828.6561513149401,0.0,828.6561513149401,-81.52594932344118,0.0,828.6561513149401,0.4662,386.31949774302507,0.6993,0.0,2.331,0.0,0.0,0.0,386.31949774302507,386.32元,0.0,828.6561513149401
2025-02-10T11:20:00,2025-02-10T11:30:00,2025-02-10,68,922.525027709854,840.2873041902598,0.0,840.2873041902598,-82.23772351959428,0.0,840.2873041902598,0.5007,420.7318532080631,0.75105,0.0,2.5035000000000003,0.0,0.0,0.0,420.7318532080631,420.73元,0.0,840.2873041902598
2025-02-10T11:30:00,2025-02-10T11:40:00,2025-02-10,69,925.8761760051153,842.4374930486346,0.0,842.4374930486346,-83.43868295648076,0.0,842.4374930486346,0.4827,406.64457789457595,0.7240500000000001,0.0,2.4135,0.0,0.0,0.0,406.64457789457595,406.64元,0.0,842.4374930486346
2025-02-10T11:40:00,2025-02-10T11:50:00,2025-02-10,70,909.269528166964,825.3699869532537,0.0,825.3699869532537,-83.89954121371034,0.0,825.3699869532537,0.4785,394.9395387571319,0.71775,0.0,2.3925,0.0,0.0,0.0,394.9395387571319,394.94元,0.0,825.3699869532537
2025-02-10T11:50:00,2025-02-10T12:00:00,2025-02-10,71,856.7346558240534,772.6857049049751,0.0,772.6857049049751,-84.04895091907838,0.0,772.6857049049751,0.4662,360.22607562669936,0.6993,0.0,2.331,0.0,0.0,0.0,360.22607562669936,360.23元,0.0,772.6857049049751
2025-02-10T12:00:00,2025-02-10T12:10:00,2025-02-10,72,803.7133072987393,745.1892008706855,0.0,745.1892008706855,-58.52410642805387,0.0,745.1892008706855,0.4432,330.26785382588776,0.6648,0.0,2.2159999999999997,0.0,295.56511824225356,65.4972302024834,395.7650840283711,395.77元,0.0,745.1892008706855
2025-02-10T12:10:00,2025-02-10T12:20:00,2025-02-10,73,795.8175798705284,737.6705275893037,0.0,737.6705275893037,-58.147052281224774,0.0,737.6705275893037,0.4411,325.38646971964187,0.66165,0.0,2.2055,0.0,0.0,0.0,325.38646971964187,325.39元,0.0,737.6705275893037
2025-02-10T12:20:00,2025-02-10T12:30:00,2025-02-10,74,799.3221837232601,741.2963919151006,0.40345267242787486,741.6998445875284,-57.622339135731636,0.0,741.6998445875284,0.4551,337.36398796056227,0.68265,0.2754169668328888,2.2755,0.0,0.0,0.0,337.63940492739516,337.64元,0.0,741.6998445875284
2025-02-10T12:30:00,2025-02-10T12:40:00,2025-02-10,75,791.2169742863488,734.3937679186355,0.0,734.3937679186355,-56.82320636771328,0.0,734.3937679186355,0.4463,327.759938622087,0.66945,0.0,2.2315,0.0,0.0,0.0,327.759938622087,327.76元,0.0,734.3937679186355
2025-02-10T12:40:00,2025-02-10T12:50:00,2025-02-10,76,790.578409513049,734.6926866163755,0.0,734.6926866163755,-55.88572289667354,0.0,734.6926866163755,0.4113,302.1791020053152,0.61695,0.0,2.0564999999999998,0.0,0.0,0.0,302.1791020053152,302.18元,0.0,734.6926866163755
2025-02-10T12:50:00,2025-02-10T13:00:00,2025-02-10,77,825.1271724351599,768.3627076708689,1.7068092421584424,770.0695169130273,-55.05765552213256,0.0,770.0695169130273,0.5682,436.5836904985877,0.8523000000000001,1.4547135170916405,2.841,0.0,0.0,0.0,438.03840401567936,438.04元,0.0,770.0695169130273
2025-02-10T13:00:00,2025-02-10T13:10:00,2025-02-10,78,41.08584642178403,0.0,15.50562796274562,15.50562796274562,-25.580218459038406,0.0,15.50562796274562,0.8279,0.0,1.24185,19.25566408553565,4.1395,0.0,0.0,0.0,19.25566408553565,19.26元,0.0,15.50562796274562
2025-02-10T13:10:00,2025-02-10T13:20:00,2025-02-10,79,42.50739185956991,0.0,17.58611318514727,17.58611318514727,-24.921278674422638,0.0,17.58611318514727,0.8636,0.0,1.2954,22.781051020039772,4.3180000000000005,0.0,0.0,0.0,22.781051020039772,22.78元,0.0,17.58611318514727
2025-02-10T13:20:00,2025-02-10T13:30:00,2025-02-10,80,57.99640818987882,4.121113778467816,29.57866975853767,33.69978353700549,-24.296624652873334,0.0,33.69978353700549,0.8416,3.468329355958514,1.2624,37.34011270317796,4.208,0.0,0.0,0.0,40.80844205913647,40.81元,0.0,33.69978353700549
2025-02-10T13:30:00,2025-02-10T13:40:00,2025-02-10,81,90.30121807318358,37.124734190632125,29.47086166433894,66.59559585497107,-23.70562221821251,0.0,66.59559585497107,0.8618,31.994095925486764,1.2927,38.09698287349095,4.309,0.0,0.0,0.0,70.09107879897772,70.09元,0.0,66.59559585497107
2025-02-10T13:40:00,2025-02-10T13:50:00,2025-02-10,82,91.32531045607925,39.60795712049878,28.66138303315006,68.26934015364884,-23.05597030243041,0.0,68.26934015364884,0.8623,34.153941425006096,1.29345,37.07206588422794,4.3115,0.0,0.0,0.0,71.22600730923403,71.23元,0.0,68.26934015364884
2025-02-10T13:50:00,2025-02-10T14:00:00,2025-02-10,83,0.0,0.0,0.14418619766013308,0.14418619766013308,0.14418619766013308,0.0,0.14418619766013308,0.9026,0.0,1.3538999999999999,0.19521369301205416,4.513,0.0,0.0,0.0,0.19521369301205416,0.20元,0.0,0.14418619766013308
2025-02-10T14:00:00,2025-02-10T14:10:00,2025-02-10,84,0.0,0.0,0.0,0.0,0.0,0.0,0.0,0.9754,0.0,1.4631,0.0,4.877000000000001,0.0,0.0,0.0,0.0,0.00元,0.0,0.0
2025-02-10T14:10:00,2025-02-10T14:20:00,2025-02-10,85,0.0,0.0,0.0,0.0,0.0,0.0,0.0,1.0002,0.0,1.5003,0.0,5.0009999999999994,0.0,0.0,0.0,0.0,0.00元,0.0,0.0
2025-02-10T14:20:00,2025-02-10T14:30:00,2025-02-10,86,0.0,0.0,0.0,0.0,0.0,0.0,0.0,0.9978,0.0,1.4967000000000001,0.0,4.989,0.0,0.0,0.0,0.0,0.00元,0.0,0.0
2025-02-10T14:30:00,2025-02-10T14:40:00,2025-02-10,87,0.0,0.0,0.0,0.0,0.0,0.0,0.0,1.0271,0.0,1.5406499999999999,0.0,5.1354999999999995,0.0,0.0,0.0,0.0,0.00元,0.0,0.0
2025-02-10T14:40:00,2025-02-10T14:50:00,2025-02-10,88,0.0,0.0,0.0,0.0,0.0,0.0,0.0,1.0906,0.0,1.6359,0.0,5.453,0.0,0.0,0.0,0.0,0.00元,0.0,0.0
2025-02-10T14:50:00,2025-02-10T15:00:00,2025-02-10,89,0.0,0.0,0.0,0.0,0.0,0.0,0.0,0.9376,0.0,1.4064,0.0,4.688,0.0,0.0,0.0,0.0,0.00元,0.0,0.0
2025-02-10T15:00:00,2025-02-10T15:10:00,2025-02-10,90,1268.2993907585617,1261.093575767794,0.0,1261.093575767794,-7.205814990767749,0.0,1261.093575767794,0.6694,844.1760396189612,1.0041,0.0,3.347,0.0,0.0,0.0,844.1760396189612,844.18元,0.0,1261.093575767794
2025-02-10T15:10:00,2025-02-10T15:20:00,2025-02-10,91,1288.9414264832626,1281.6883425509723,0.0,1281.6883425509723,-7.2530839322903375,0.0,1281.6883425509723,0.66,845.9143060836417,0.99,0.0,3.3000000000000003,0.0,0.0,0.0,845.9143060836417,845.91元,0.0,1281.6883425509723
2025-02-10T15:20:00,2025-02-10T15:30:00,2025-02-10,92,1260.427645315089,1260.427645315089,32.60370008625728,1293.0313454013462,32.60370008625728,0.0,1293.0313454013462,0.7217,909.6506316238997,1.08255,35.29513552837781,3.6085000000000003,0.0,0.0,0.0,944.9457671522774,944.95元,0.0,1293.0313454013462
2025-02-10T15:30:00,2025-02-10T15:40:00,2025-02-10,93,500.32937836488543,500.32937836488543,237.720915356732,738.0502937216174,237.720915356732,0.0,738.0502937216174,0.7308,365.6407097090583,1.0962,260.58966741404964,3.654,0.0,0.0,0.0,626.2303771231078,626.23元,0.0,738.0502937216174
2025-02-10T15:40:00,2025-02-10T15:50:00,2025-02-10,94,572.5076803409365,572.5076803409365,0.0,572.5076803409365,0.0,0.0,572.5076803409365,0.7534,431.32728636886156,1.1300999999999999,0.0,3.767,0.0,0.0,0.0,431.32728636886156,431.33元,0.0,572.5076803409365
2025-02-10T15:50:00,2025-02-10T16:00:00,2025-02-10,95,618.6495387416528,618.6495387416528,0.0,618.6495387416528,0.0,0.0,618.6495387416528,0.7823,483.969534157595,1.1734499999999999,0.0,3.9115,0.0,0.0,0.0,483.969534157595,483.97元,0.0,618.6495387416528
2025-02-10T16:00:00,2025-02-10T16:10:00,2025-02-10,96,644.65869934419,644.65869934419,0.0,644.65869934419,0.0,0.0,644.65869934419,0.8055,519.2725823217451,1.20825,0.0,4.0275,0.0,0.0,0.0,519.2725823217451,519.27元,0.0,644.65869934419
2025-02-10T16:10:00,2025-02-10T16:20:00,2025-02-10,97,716.1570254674873,716.1570254674873,0.0,716.1570254674873,0.0,0.0,716.1570254674873,0.8271,592.3334757641587,1.24065,0.0,4.1354999999999995,0.0,0.0,0.0,592.3334757641587,592.33元,0.0,716.1570254674873
2025-02-10T16:20:00,2025-02-10T16:30:00,2025-02-10,98,782.0388984172864,782.0388984172864,0.0,782.0388984172864,0.0,0.0,782.0388984172864,0.8519,666.2189375616863,1.27785,0.0,4.2595,0.0,0.0,0.0,666.2189375616863,666.22元,0.0,782.0388984172864
2025-02-10T16:30:00,2025-02-10T16:40:00,2025-02-10,99,820.6514214737587,820.6514214737587,0.0,820.6514214737587,0.0,0.0,820.6514214737587,0.8791,721.4346646175812,1.3186499999999999,0.0,4.3955,0.0,0.0,0.0,721.4346646175812,721.43元,0.0,820.6514214737587
2025-02-10T16:40:00,2025-02-10T16:50:00,2025-02-10,100,862.614366072472,862.614366072472,0.0,862.614366072472,0.0,0.0,862.614366072472,0.9024,778.4232039437987,1.3536,0.0,4.512,0.0,0.0,0.0,778.4232039437987,778.42元,0.0,862.614366072472
2025-02-10T16:50:00,2025-02-10T17:00:00,2025-02-10,101,906.727797993223,906.727797993223,0.0,906.727797993223,0.0,0.0,906.727797993223,0.9163,830.8346813011902,1.37445,0.0,4.5815,0.0,0.0,0.0,830.8346813011902,830.83元,0.0,906.727797993223
2025-02-10T17:00:00,2025-02-10T17:10:00,2025-02-10,102,949.6069216441472,949.6069216441472,0.0,949.6069216441472,0.0,0.0,949.6069216441472,0.9264,879.715852211138,1.3896,0.0,4.632,0.0,0.0,0.0,879.715852211138,879.72元,0.0,949.6069216441472
2025-02-10T17:10:00,2025-02-10T17:20:00,2025-02-10,103,990.9090397030153,990.9090397030153,0.0,990.9090397030153,0.0,0.0,990.9090397030153,0.9462,937.5981333669931,1.4193,0.0,4.731,0.0,0.0,0.0,937.5981333669931,937.60元,0.0,990.9090397030153
2025-02-10T17:20:00,2025-02-10T17:30:00,2025-02-10,104,1017.6920747823862,1017.6920747823862,0.0,1017.6920747823862,0.0,0.0,1017.6920747823862,0.9742,991.4356192530006,1.4613,0.0,4.8709999999999996,0.0,0.0,0.0,991.4356192530006,991.44元,0.0,1017.6920747823862
2025-02-10T17:30:00,2025-02-10T17:40:00,2025-02-10,105,1038.3757643090828,1038.3757643090828,0.0,1038.3757643090828,0.0,0.0,1038.3757643090828,0.9862,1024.0461787616175,1.4792999999999998,0.0,4.931,0.0,0.0,0.0,1024.0461787616175,1024.05元,0.0,1038.3757643090828
2025-02-10T17:40:00,2025-02-10T17:50:00,2025-02-10,106,1050.006916117996,1050.006916117996,0.0,1050.006916117996,0.0,0.0,1050.006916117996,0.976,1024.806750131164,1.464,0.0,4.88,0.0,0.0,0.0,1024.806750131164,1024.81元,0.0,1050.006916117996
2025-02-10T17:50:00,2025-02-10T18:00:00,2025-02-10,107,922.4742945221193,922.4742945221193,0.0,922.4742945221193,0.0,0.0,922.4742945221193,1.0742,990.9218871756606,1.6113,0.0,5.371,0.0,0.0,0.0,990.9218871756606,990.92元,0.0,922.4742945221193
2025-02-10T18:00:00,2025-02-10T18:10:00,2025-02-10,108,732.6714468588083,732.6301466964811,0.0,732.6301466964811,-0.04130016232716116,0.0,732.6301466964811,1.2313,902.0874996273773,1.84695,0.0,6.1565,0.0,74.79670218164233,46.048589698128104,948.1360893255054,948.14元,0.0,732.6301466964811
2025-02-10T18:10:00,2025-02-10T18:20:00,2025-02-10,109,709.9384252246449,689.6891353727493,0.0,689.6891353727493,-20.249289851895583,0.0,689.6891353727493,1.2561,866.3185229417104,1.88415,0.0,6.2805,0.0,0.0,0.0,866.3185229417104,866.32元,0.0,689.6891353727493
2025-02-10T18:20:00,2025-02-10T18:30:00,2025-02-10,110,734.5902959243051,734.5512276446844,0.0,734.5512276446844,-0.039068279620664725,0.0,734.5512276446844,1.2447,914.2959130493387,1.8670499999999999,0.0,6.2235,0.0,0.0,0.0,914.2959130493387,914.30元,0.0,734.5512276446844
2025-02-10T18:30:00,2025-02-10T18:40:00,2025-02-10,111,724.187577842497,722.0130286914346,0.0,722.0130286914346,-2.174549151062479,0.0,722.0130286914346,1.2545,905.7653444934047,1.8817499999999998,0.0,6.2725,0.0,0.0,0.0,905.7653444934047,905.77元,0.0,722.0130286914346
2025-02-10T18:40:00,2025-02-10T18:50:00,2025-02-10,112,714.1890399495996,714.1520829405586,0.0,714.1520829405586,-0.036957009041088895,0.0,714.1520829405586,1.2522,894.2612382581674,1.8782999999999999,0.0,6.261,0.0,0.0,0.0,894.2612382581674,894.26元,0.0,714.1520829405586
2025-02-10T18:50:00,2025-02-10T19:00:00,2025-02-10,113,64.47419836574966,58.93191331393177,0.0,58.93191331393177,-5.542285051817885,0.0,58.93191331393177,1.2881,75.91019753967552,1.93215,0.0,6.4405,0.0,0.0,0.0,75.91019753967552,75.91元,0.0,58.93191331393177
2025-02-10T19:00:00,2025-02-10T19:10:00,2025-02-10,114,0.0,0.0,0.0,0.0,0.0,0.0,0.0,1.3466,0.0,2.0199,0.0,6.7330000000000005,0.0,0.0,0.0,0.0,0.00元,0.0,0.0
2025-02-10T19:10:00,2025-02-10T19:20:00,2025-02-10,115,13.398381755618061,12.386107225829164,0.0,12.386107225829164,-1.0122745297888969,0.0,12.386107225829164,1.3523,16.74973280148878,2.0284500000000003,0.0,6.7615,0.0,0.0,0.0,16.74973280148878,16.75元,0.0,12.386107225829164
2025-02-10T19:20:00,2025-02-10T19:30:00,2025-02-10,116,22.02144250087997,21.94431565241632,0.0,21.94431565241632,-0.07712684846364937,0.0,21.94431565241632,1.3445,29.504132394673746,2.01675,0.0,6.7225,0.0,0.0,0.0,29.504132394673746,29.50元,0.0,21.94431565241632
2025-02-10T19:30:00,2025-02-10T19:40:00,2025-02-10,117,19.77188976442926,19.462688401758214,0.0,19.462688401758214,-0.3092013626710468,0.0,19.462688401758214,1.3483,26.2415427720906,2.02245,0.0,6.7415,0.0,0.0,0.0,26.2415427720906,26.24元,0.0,19.462688401758214
2025-02-10T19:40:00,2025-02-10T19:50:00,2025-02-10,118,21.1075986527743,21.1075986527743,0.0,21.1075986527743,0.0,0.0,21.1075986527743,1.349,28.47415058259253,2.0235,0.0,6.745,0.0,0.0,0.0,28.47415058259253,28.47元,0.0,21.1075986527743
2025-02-10T19:50:00,2025-02-10T20:00:00,2025-02-10,119,12.26542252479976,12.26542252479976,0.0,12.26542252479976,0.0,0.0,12.26542252479976,1.3473,16.525203767662717,2.02095,0.0,6.7364999999999995,0.0,0.0,0.0,16.525203767662717,16.53元,0.0,12.26542252479976
2025-02-10T20:00:00,2025-02-10T20:10:00,2025-02-10,120,8.223092330863778,7.006810019140289,0.0,7.006810019140289,-1.2162823117234893,0.0,7.006810019140289,1.3482,9.446581267804937,2.0223,0.0,6.7410000000000005,0.0,0.0,0.0,9.446581267804937,9.45元,0.0,7.006810019140289
2025-02-10T20:10:00,2025-02-10T20:20:00,2025-02-10,121,0.0,0.0,0.0,0.0,0.0,0.0,0.0,1.3513,0.0,2.02695,0.0,6.7565,0.0,0.0,0.0,0.0,0.00元,0.0,0.0
2025-02-10T20:20:00,2025-02-10T20:30:00,2025-02-10,122,7.819080314356597,7.819080314356597,0.0,7.819080314356597,0.0,0.0,7.819080314356597,1.34,10.47756762123784,2.0100000000000002,0.0,6.7,0.0,0.0,0.0,10.47756762123784,10.48元,0.0,7.819080314356597
2025-02-10T20:30:00,2025-02-10T20:40:00,2025-02-10,123,29.62188132958113,29.62188132958113,0.0,29.62188132958113,0.0,0.0,29.62188132958113,1.3489,39.956955725471985,2.0233499999999998,0.0,6.7445,0.0,0.0,0.0,39.956955725471985,39.96元,0.0,29.62188132958113
2025-02-10T20:40:00,2025-02-10T20:50:00,2025-02-10,124,18.067321078888426,17.278960882405613,0.0,17.278960882405613,-0.7883601964828131,0.0,17.278960882405613,1.3952,24.10760622313231,2.0928,0.0,6.976,0.0,0.0,0.0,24.10760622313231,24.11元,0.0,17.278960882405613
2025-02-10T20:50:00,2025-02-10T21:00:00,2025-02-10,125,709.8653345360431,705.8185123552333,0.0,705.8185123552333,-4.046822180809727,0.0,705.8185123552333,1.2226,862.9337132055082,1.8338999999999999,0.0,6.1129999999999995,0.0,0.0,0.0,862.9337132055082,862.93元,0.0,705.8185123552333
2025-02-10T21:00:00,2025-02-10T21:10:00,2025-02-10,126,755.897094994292,755.5422090916215,0.0,755.5422090916215,-0.35488590267050313,0.0,755.5422090916215,0.9332,705.0719895243012,1.3998,0.0,4.666,0.0,0.0,0.0,705.0719895243012,705.07元,0.0,755.5422090916215
2025-02-10T21:10:00,2025-02-10T21:20:00,2025-02-10,127,736.7260137650686,736.701650203138,0.0,736.701650203138,-0.024363561930613287,0.0,736.701650203138,0.9068,668.0410564042056,1.3602,0.0,4.534000000000001,0.0,0.0,0.0,668.0410564042056,668.04元,0.0,736.701650203138
2025-02-10T21:20:00,2025-02-10T21:30:00,2025-02-10,128,738.0604161261974,733.0171657670269,0.0,733.0171657670269,-5.043250359170543,0.0,733.0171657670269,0.9371,686.910386040281,1.40565,0.0,4.6855,0.0,0.0,0.0,686.910386040281,686.91元,0.0,733.0171657670269
2025-02-10T21:30:00,2025-02-10T21:40:00,2025-02-10,129,725.3080398702608,720.4029519917129,0.0,720.4029519917129,-4.905087878547874,0.0,720.4029519917129,0.9371,675.0896063114342,1.40565,0.0,4.6855,0.0,0.0,0.0,675.0896063114342,675.09元,0.0,720.4029519917129
2025-02-10T21:40:00,2025-02-10T21:50:00,2025-02-10,130,714.8639367238462,713.5730201901632,0.0,713.5730201901632,-1.2909165336830029,0.0,713.5730201901632,0.9871,704.3679282297101,1.48065,0.0,4.9355,0.0,0.0,0.0,704.3679282297101,704.37元,0.0,713.5730201901632
2025-02-10T21:50:00,2025-02-10T22:00:00,2025-02-10,131,677.103199338529,677.103199338529,0.0,677.103199338529,0.0,0.0,677.103199338529,0.7764,525.7029239664339,1.1646,0.0,3.8819999999999997,0.0,0.0,0.0,525.7029239664339,525.70元,0.0,677.103199338529
2025-02-10T22:00:00,2025-02-10T22:10:00,2025-02-10,132,1387.158958577435,1376.4697911894336,0.0,1376.4697911894336,-10.689167388001351,0.0,1376.4697911894336,0.4209,579.3561351116326,0.63135,0.0,2.1045,0.0,0.0,0.0,579.3561351116326,579.36元,0.0,1376.4697911894336
2025-02-10T22:10:00,2025-02-10T22:20:00,2025-02-10,133,1364.3703379883277,1353.9740059301116,0.0,1353.9740059301116,-10.396332058216103,0.0,1353.9740059301116,0.3859,522.4985688884301,0.5788500000000001,0.0,1.9295,0.0,0.0,0.0,522.4985688884301,522.50元,0.0,1353.9740059301116
2025-02-10T22:20:00,2025-02-10T22:30:00,2025-02-10,134,551.605581888376,551.605581888376,0.0,551.605581888376,0.0,0.0,551.605581888376,0.4368,240.94131816884266,0.6552,0.0,2.184,0.0,0.0,0.0,240.94131816884266,240.94元,0.0,551.605581888376
2025-02-10T22:30:00,2025-02-10T22:40:00,2025-02-10,135,1395.7309003030423,1385.8963915506738,0.0,1385.8963915506738,-9.834508752368492,0.0,1385.8963915506738,0.4198,581.7993051729728,0.6297,0.0,2.099,0.0,0.0,0.0,581.7993051729728,581.80元,20.73972489400716,1365.1566666566666
2025-02-10T22:40:00,2025-02-10T22:50:00,2025-02-10,136,1414.3632674465885,1404.7981802037948,0.0,1404.7981802037948,-9.565087242793652,0.0,1404.7981802037948,0.4186,588.0485182333085,0.6279,0.0,2.093,0.0,0.0,0.0,588.0485182333085,588.05元,24.837813547128114,1379.9603666566668
2025-02-10T22:50:00,2025-02-10T23:00:00,2025-02-10,137,1402.361686721467,1393.0586400451175,0.0,1393.0586400451175,-9.303046676349595,0.0,1393.0586400451175,0.4241,590.7961692431343,0.63615,0.0,2.1205,0.0,0.0,0.0,590.7961692431343,590.80元,7.371806721784188,1385.6868333233333
2025-02-10T23:00:00,2025-02-10T23:10:00,2025-02-10,138,1380.6517598844016,1371.6035750361616,0.0,1371.6035750361616,-9.048184848239998,0.0,1371.6035750361616,0.4237,581.1484347428217,0.6355500000000001,0.0,2.1185,0.0,0.0,0.0,581.1484347428217,581.15元,0.0,1371.6035750361616
2025-02-10T23:10:00,2025-02-10T23:20:00,2025-02-10,139,1017.2013225048435,1017.2013225048435,0.0,1017.2013225048435,0.0,0.0,1017.2013225048435,0.4248,432.10712180005754,0.6372,0.0,2.124,0.0,0.0,0.0,432.10712180005754,432.11元,0.0,1017.2013225048435
2025-02-10T23:20:00,2025-02-10T23:30:00,2025-02-10,140,1408.8209158359177,1400.2616997023065,0.0,1400.2616997023065,-8.559216133611244,0.0,1400.2616997023065,0.424,593.7109606737779,0.636,0.0,2.12,0.0,0.0,0.0,593.7109606737779,593.71元,0.0,1400.2616997023065
2025-02-10T23:30:00,2025-02-10T23:40:00,2025-02-10,141,1377.3256005708747,1369.000868638718,0.0,1369.000868638718,-8.324731932156737,0.0,1369.000868638718,0.422,577.718366565539,0.633,0.0,2.11,0.0,0.0,0.0,577.718366565539,577.72元,0.0,1369.000868638718
2025-02-10T23:40:00,2025-02-10T23:50:00,2025-02-10,142,1392.9925689189017,1384.8958973708927,0.0,1384.8958973708927,-8.096671548008999,0.0,1384.8958973708927,0.424,587.1958604852585,0.636,0.0,2.12,0.0,0.0,0.0,587.1958604852585,587.20元,0.0,1384.8958973708927
2025-02-10T23:50:00,2025-02-11T00:00:00,2025-02-10,143,588.5656352331061,588.5656352331061,0.0,588.5656352331061,0.0,0.0,588.5656352331061,0.4271,251.37638280805962,0.6406499999999999,0.0,2.1355,0.0,0.0,0.0,251.37638280805962,251.38元,0.0,588.5656352331061
2025-02-11T00:00:00,2025-02-11T00:10:00,2025-02-10,144,599.8652833333333,599.8652833333333,0.0,599.8652833333333,0.0,0.0,599.8652833333333,0.4276,256.50239515333334,0.6414,0.0,2.138,0.0,0.0,0.0,256.50239515333334,256.50元,0.0,599.8652833333333
2025-02-11T00:10:00,2025-02-11T00:20:00,2025-02-11,1,1413.196734665266,1413.196734665266,0.0,1413.196734665266,0.0,0.0,1413.196734665266,0.4248,600.325972885805,0.6372,0.0,2.124,0.0,0.0,0.0,600.325972885805,600.33元,11.001151341932648,1402.1955833233333
2025-02-11T00:20:00,2025-02-11T00:30:00,2025-02-11,2,1423.639080885144,1423.639080885144,0.0,1423.639080885144,0.0,0.0,1423.639080885144,0.4245,604.3347898357437,0.6367499999999999,0.0,2.1225,0.0,0.0,0.0,604.3347898357437,604.33元,31.002414228477384,1392.6366666566666
2025-02-11T00:30:00,2025-02-11T00:40:00,2025-02-11,3,779.668742341836,779.668742341836,0.0,779.668742341836,0.0,0.0,779.668742341836,0.4269,332.8405861057298,0.64035,0.0,2.1345,0.0,0.0,0.0,332.8405861057298,332.84元,0.0,779.668742341836
2025-02-11T00:40:00,2025-02-11T00:50:00,2025-02-11,4,588.2619064908896,588.2619064908896,0.0,588.2619064908896,0.0,0.0,588.2619064908896,0.4272,251.30548645290804,0.6408,0.0,2.136,0.0,0.0,0.0,251.30548645290804,251.31元,0.0,588.2619064908896
2025-02-11T00:50:00,2025-02-11T01:00:00,2025-02-11,5,582.1183586891027,582.1183586891027,0.0,582.1183586891027,0.0,0.0,582.1183586891027,0.4271,248.62275099611574,0.6406499999999999,0.0,2.1355,0.0,0.0,0.0,248.62275099611574,248.62元,0.0,582.1183586891027
2025-02-11T01:00:00,2025-02-11T01:10:00,2025-02-11,6,614.0518078430792,614.0518078430792,0.0,614.0518078430792,0.0,0.0,614.0518078430792,0.4285,263.12119966075943,0.6427499999999999,0.0,2.1425,0.0,0.0,0.0,263.12119966075943,263.12元,0.0,614.0518078430792
2025-02-11T01:10:00,2025-02-11T01:20:00,2025-02-11,7,627.1490613393123,627.1490613393123,0.0,627.1490613393123,0.0,0.0,627.1490613393123,0.4311,270.3639603433775,0.64665,0.0,2.1555,0.0,0.0,0.0,270.3639603433775,270.36元,0.0,627.1490613393123
2025-02-11T01:20:00,2025-02-11T01:30:00,2025-02-11,8,620.8956335991335,620.8956335991335,0.0,620.8956335991335,0.0,0.0,620.8956335991335,0.4302,267.1093015743472,0.6453,0.0,2.1510000000000002,0.0,0.0,0.0,267.1093015743472,267.11元,0.0,620.8956335991335
2025-02-11T01:30:00,2025-02-11T01:40:00,2025-02-11,9,617.6121126439748,617.6121126439748,0.0,617.6121126439748,0.0,0.0,617.6121126439748,0.4279,264.2762230003568,0.64185,0.0,2.1395,0.0,0.0,0.0,264.2762230003568,264.28元,0.0,617.6121126439748
2025-02-11T01:40:00,2025-02-11T01:50:00,2025-02-11,10,635.1383316634088,635.1383316634088,0.0,635.1383316634088,0.0,0.0,635.1383316634088,0.4312,273.8716486132619,0.6468,0.0,2.156,0.0,0.0,0.0,273.8716486132619,273.87元,0.0,635.1383316634088
2025-02-11T01:50:00,2025-02-11T02:00:00,2025-02-11,11,643.7610555858905,643.7610555858905,0.0,643.7610555858905,0.0,0.0,643.7610555858905,0.4333,278.9416653853664,0.64995,0.0,2.1665,0.0,0.0,0.0,278.9416653853664,278.94元,0.0,643.7610555858905
2025-02-11T02:00:00,2025-02-11T02:10:00,2025-02-11,12,633.9864076521275,633.9864076521275,0.0,633.9864076521275,0.0,0.0,633.9864076521275,0.4311,273.3115403388321,0.64665,0.0,2.1555,0.0,0.0,0.0,273.3115403388321,273.31元,0.0,633.9864076521275
2025-02-11T02:10:00,2025-02-11T02:20:00,2025-02-11,13,627.1128626576717,627.1128626576717,0.0,627.1128626576717,0.0,0.0,627.1128626576717,0.4293,269.2195519389385,0.64395,0.0,2.1465,0.0,0.0,0.0,269.2195519389385,269.22元,0.0,627.1128626576717
2025-02-11T02:20:00,2025-02-11T02:30:00,2025-02-11,14,637.6943676979987,637.6943676979987,0.0,637.6943676979987,0.0,0.0,637.6943676979987,0.4324,275.7390445926146,0.6486000000000001,0.0,2.162,0.0,0.0,0.0,275.7390445926146,275.74元,0.0,637.6943676979987
2025-02-11T02:30:00,2025-02-11T02:40:00,2025-02-11,15,652.2619320826695,652.2619320826695,0.0,652.2619320826695,0.0,0.0,652.2619320826695,0.4367,284.84278574050177,0.6550499999999999,0.0,2.1835,0.0,0.0,0.0,284.84278574050177,284.84元,0.0,652.2619320826695
2025-02-11T02:40:00,2025-02-11T02:50:00,2025-02-11,16,646.0685422518463,646.0685422518463,0.0,646.0685422518463,0.0,0.0,646.0685422518463,0.4348,280.9106021711028,0.6522,0.0,2.174,0.0,0.0,0.0,280.9106021711028,280.91元,0.0,646.0685422518463
2025-02-11T02:50:00,2025-02-11T03:00:00,2025-02-11,17,650.8030308617589,650.8030308617589,0.0,650.8030308617589,0.0,0.0,650.8030308617589,0.4335,282.1231138785725,0.65025,0.0,2.1675,0.0,0.0,0.0,282.1231138785725,282.12元,0.0,650.8030308617589
2025-02-11T03:00:00,2025-02-11T03:10:00,2025-02-11,18,658.305512539065,658.305512539065,0.0,658.305512539065,0.0,0.0,658.305512539065,0.4357,286.8237118132706,0.65355,0.0,2.1784999999999997,0.0,0.0,0.0,286.8237118132706,286.82元,0.0,658.305512539065
2025-02-11T03:10:00,2025-02-11T03:20:00,2025-02-11,19,632.5137079707064,632.5137079707064,0.0,632.5137079707064,0.0,0.0,632.5137079707064,0.4374,276.661495866387,0.6561,0.0,2.1870000000000003,0.0,0.0,0.0,276.661495866387,276.66元,0.0,632.5137079707064
2025-02-11T03:20:00,2025-02-11T03:30:00,2025-02-11,20,638.6402521625363,638.6402521625363,0.0,638.6402521625363,0.0,0.0,638.6402521625363,0.4371,279.1496542202446,0.65565,0.0,2.1854999999999998,0.0,0.0,0.0,279.1496542202446,279.15元,0.0,638.6402521625363
2025-02-11T03:30:00,2025-02-11T03:40:00,2025-02-11,21,674.8063760333249,674.8063760333249,0.0,674.8063760333249,0.0,0.0,674.8063760333249,0.4356,293.9456574001163,0.6534,0.0,2.178,0.0,0.0,0.0,293.9456574001163,293.95元,0.0,674.8063760333249
2025-02-11T03:40:00,2025-02-11T03:50:00,2025-02-11,22,670.735353010759,670.735353010759,0.0,670.735353010759,0.0,0.0,670.735353010759,0.4353,291.97109916558344,0.65295,0.0,2.1765,0.0,0.0,0.0,291.97109916558344,291.97元,0.0,670.735353010759
2025-02-11T03:50:00,2025-02-11T04:00:00,2025-02-11,23,653.4145439627079,653.4145439627079,0.0,653.4145439627079,0.0,0.0,653.4145439627079,0.436,284.88874116774065,0.654,0.0,2.18,0.0,0.0,0.0,284.88874116774065,284.89元,0.0,653.4145439627079
2025-02-11T04:00:00,2025-02-11T04:10:00,2025-02-11,24,648.5745479637062,648.5745479637062,0.0,648.5745479637062,0.0,0.0,648.5745479637062,0.4378,283.94593709851057,0.6567000000000001,0.0,2.189,0.0,0.0,0.0,283.94593709851057,283.95元,0.0,648.5745479637062
2025-02-11T04:10:00,2025-02-11T04:20:00,2025-02-11,25,654.7222472299366,654.7222472299366,0.0,654.7222472299366,0.0,0.0,654.7222472299366,0.4401,288.14326100589506,0.66015,0.0,2.2005,0.0,0.0,0.0,288.14326100589506,288.14元,0.0,654.7222472299366
2025-02-11T04:20:00,2025-02-11T04:30:00,2025-02-11,26,667.7031178893236,667.7031178893236,0.0,667.7031178893236,0.0,0.0,667.7031178893236,0.4389,293.0548984416241,0.65835,0.0,2.1945,0.0,0.0,0.0,293.0548984416241,293.05元,0.0,667.7031178893236
2025-02-11T04:30:00,2025-02-11T04:40:00,2025-02-11,27,679.6753349200309,679.6753349200309,0.0,679.6753349200309,0.0,0.0,679.6753349200309,0.4364,296.6103161591015,0.6546000000000001,0.0,2.182,0.0,0.0,0.0,296.6103161591015,296.61元,0.0,679.6753349200309
2025-02-11T04:40:00,2025-02-11T04:50:00,2025-02-11,28,681.1557662573059,681.1557662573059,0.0,681.1557662573059,0.0,0.0,681.1557662573059,0.4393,299.2317281168345,0.65895,0.0,2.1965000000000003,0.0,0.0,0.0,299.2317281168345,299.23元,0.0,681.1557662573059
2025-02-11T04:50:00,2025-02-11T05:00:00,2025-02-11,29,669.9195202353,669.9195202353,0.0,669.9195202353,0.0,0.0,669.9195202353,0.4422,296.2384118480496,0.6633,0.0,2.211,0.0,0.0,0.0,296.2384118480496,296.24元,0.0,669.9195202353
2025-02-11T05:00:00,2025-02-11T05:10:00,2025-02-11,30,658.4732255304801,658.4732255304801,0.0,658.4732255304801,0.0,0.0,658.4732255304801,0.4395,289.398982620646,0.65925,0.0,2.1975,0.0,0.0,0.0,289.398982620646,289.40元,0.0,658.4732255304801
2025-02-11T05:10:00,2025-02-11T05:20:00,2025-02-11,31,667.0764316804346,667.0764316804346,0.0,667.0764316804346,0.0,0.0,667.0764316804346,0.4333,289.0442178471323,0.64995,0.0,2.1665,0.0,0.0,0.0,289.0442178471323,289.04元,0.0,667.0764316804346
2025-02-11T05:20:00,2025-02-11T05:30:00,2025-02-11,32,694.1548996115839,694.1548996115839,0.0,694.1548996115839,0.0,0.0,694.1548996115839,0.4439,308.1353599375821,0.66585,0.0,2.2195,0.0,0.0,0.0,308.1353599375821,308.14元,0.0,694.1548996115839
2025-02-11T05:30:00,2025-02-11T05:40:00,2025-02-11,33,702.3438759066122,702.3438759066122,0.0,702.3438759066122,0.0,0.0,702.3438759066122,0.4301,302.0781010274339,0.64515,0.0,2.1505,0.0,0.0,0.0,302.0781010274339,302.08元,0.0,702.3438759066122
2025-02-11T05:40:00,2025-02-11T05:50:00,2025-02-11,34,1500.37365358869,1500.37365358869,0.0,1500.37365358869,0.0,0.0,1500.37365358869,0.3713,557.0887375774806,0.5569500000000001,0.0,1.8565,0.0,0.0,0.0,557.0887375774806,557.09元,703.788322324348,796.5853312643421
2025-02-11T05:50:00,2025-02-11T06:00:00,2025-02-11,35,726.6275037878378,726.6275037878378,0.0,726.6275037878378,0.0,0.0,726.6275037878378,0.5708,414.7589791620978,0.8562,0.0,2.854,0.0,0.0,0.0,414.7589791620978,414.76元,15.481803778837024,711.1457000090007
2025-02-11T06:00:00,2025-02-11T06:10:00,2025-02-11,36,142.44732288506577,142.44732288506577,1.1403271149341663,143.58764999999994,1.1403271149341663,0.0,143.58764999999994,0.9099,129.61281909312135,1.3648500000000001,1.556375462817897,4.5495,0.0,874.048432508044,397.64833436953467,528.8175289254739,528.82元,0.0,143.58764999999994
2025-02-11T06:10:00,2025-02-11T06:20:00,2025-02-11,37,161.0854481796656,161.0854481796656,3.8661339343342433,164.95158211399985,3.8661339343342433,0.0,164.95158211399985,0.9368,150.90484785471074,1.4052,5.432691404526478,4.684,0.0,0.0,0.0,156.33753925923722,156.34元,0.0,164.95158211399985
2025-02-11T06:20:00,2025-02-11T06:30:00,2025-02-11,38,877.4217898855081,877.4217898855081,0.0,877.4217898855081,0.0,0.0,877.4217898855081,0.8758,768.4460035817281,1.3137,0.0,4.3790000000000004,0.0,0.0,0.0,768.4460035817281,768.45元,0.0,877.4217898855081
2025-02-11T06:30:00,2025-02-11T06:40:00,2025-02-11,39,663.7168918025229,233.57472143575603,0.0,233.57472143575603,-430.1421703667669,0.0,233.57472143575603,0.8759,204.5880985055787,1.31385,0.0,4.3795,0.0,0.0,0.0,204.5880985055787,204.59元,0.0,233.57472143575603
2025-02-11T06:40:00,2025-02-11T06:50:00,2025-02-11,40,878.8164662438155,877.968774779082,0.0,877.968774779082,-0.8476914647335434,0.0,877.968774779082,0.8601,755.1409431874883,1.29015,0.0,4.3004999999999995,0.0,0.0,0.0,755.1409431874883,755.14元,0.0,877.968774779082
2025-02-11T06:50:00,2025-02-11T07:00:00,2025-02-11,41,845.6824643763647,845.1370076139601,0.0,845.1370076139601,-0.5454567624045694,0.0,845.1370076139601,0.8442,713.4646618277051,1.2663,0.0,4.221,0.0,0.0,0.0,713.4646618277051,713.46元,0.0,845.1370076139601
2025-02-11T07:00:00,2025-02-11T07:10:00,2025-02-11,42,791.2979829377798,791.2979829377798,0.0,791.2979829377798,0.0,0.0,791.2979829377798,0.8334,659.4677389803458,1.2501,0.0,4.167,0.0,0.0,0.0,659.4677389803458,659.47元,0.0,791.2979829377798
2025-02-11T07:10:00,2025-02-11T07:20:00,2025-02-11,43,755.4488534480773,755.4488534480773,0.0,755.4488534480773,0.0,0.0,755.4488534480773,0.8092,611.3092122101842,1.2138,0.0,4.046,0.0,0.0,0.0,611.3092122101842,611.31元,0.0,755.4488534480773
2025-02-11T07:20:00,2025-02-11T07:30:00,2025-02-11,44,715.4670918825918,715.4670918825918,0.0,715.4670918825918,0.0,0.0,715.4670918825918,0.7972,570.3703656488022,1.1958,0.0,3.986,0.0,0.0,0.0,570.3703656488022,570.37元,0.0,715.4670918825918
2025-02-11T07:30:00,2025-02-11T07:40:00,2025-02-11,45,647.1019012225032,647.1019012225032,0.0,647.1019012225032,0.0,0.0,647.1019012225032,0.7644,494.64469329448144,1.1465999999999998,0.0,3.822,0.0,0.0,0.0,494.64469329448144,494.64元,0.0,647.1019012225032
2025-02-11T07:40:00,2025-02-11T07:50:00,2025-02-11,46,1413.8430902176376,1413.8430902176376,0.0,1413.8430902176376,0.0,0.0,1413.8430902176376,0.6899,975.4103479411481,1.03485,0.0,3.4494999999999996,0.0,0.0,0.0,975.4103479411481,975.41元,0.0,1413.8430902176376
2025-02-11T07:50:00,2025-02-11T08:00:00,2025-02-11,47,655.6977435222266,655.6977435222266,0.0,655.6977435222266,0.0,0.0,655.6977435222266,0.86,563.9000594291149,1.29,0.0,4.3,0.0,0.0,0.0,563.9000594291149,563.90元,0.0,655.6977435222266
2025-02-11T08:00:00,2025-02-11T08:10:00,2025-02-11,48,99.93290730350691,99.93290730350691,13.114848485062794,113.0477557885697,13.114848485062794,0.0,113.0477557885697,1.1617,116.09205841448397,1.74255,22.85327922764617,5.8084999999999996,0.0,0.0,0.0,138.94533764213014,138.95元,0.0,113.0477557885697
2025-02-11T08:10:00,2025-02-11T08:20:00,2025-02-11,49,77.92375615394485,77.92375615394485,15.975710968514704,93.89946712245955,15.975710968514704,0.0,93.89946712245955,1.1683,91.03832431465376,1.7524499999999998,27.99663468677359,5.8415,0.0,0.0,0.0,119.03495900142735,119.03元,0.0,93.89946712245955
2025-02-11T08:20:00,2025-02-11T08:30:00,2025-02-11,50,2.5274849815655216,2.5274849815655216,15.827766331833118,18.35525131339864,15.827766331833118,0.0,18.35525131339864,1.0956,2.769112545803185,1.6433999999999997,26.011351189734544,5.478,0.0,0.0,0.0,28.78046373553773,28.78元,0.0,18.35525131339864
2025-02-11T08:30:00,2025-02-11T08:40:00,2025-02-11,51,0.0,0.0,0.0,0.0,0.0,0.0,0.0,1.0849,0.0,1.6273499999999999,0.0,5.4245,0.0,0.0,0.0,0.0,0.00元,0.0,0.0
2025-02-11T08:40:00,2025-02-11T08:50:00,2025-02-11,52,0.0,0.0,0.0,0.0,0.0,0.0,0.0,1.061,0.0,1.5915,0.0,5.305,0.0,0.0,0.0,0.0,0.00元,0.0,0.0
2025-02-11T08:50:00,2025-02-11T09:00:00,2025-02-11,53,0.0,0.0,0.0,0.0,0.0,0.0,0.0,1.043,0.0,1.5644999999999998,0.0,5.215,0.0,0.0,0.0,0.0,0.00元,0.0,0.0
2025-02-11T09:00:00,2025-02-11T09:10:00,2025-02-11,54,0.0,0.0,0.0,0.0,0.0,0.0,0.0,1.036,0.0,1.554,0.0,5.18,0.0,0.0,0.0,0.0,0.00元,0.0,0.0
2025-02-11T09:10:00,2025-02-11T09:20:00,2025-02-11,55,0.0,0.0,0.0,0.0,0.0,0.0,0.0,1.0147,0.0,1.52205,0.0,5.073499999999999,0.0,0.0,0.0,0.0,0.00元,0.0,0.0
2025-02-11T09:20:00,2025-02-11T09:30:00,2025-02-11,56,0.0,0.0,0.0,0.0,0.0,0.0,0.0,0.9922,0.0,1.4883,0.0,4.961,0.0,0.0,0.0,0.0,0.00元,0.0,0.0
2025-02-11T09:30:00,2025-02-11T09:40:00,2025-02-11,57,0.0,0.0,0.0,0.0,0.0,0.0,0.0,0.97,0.0,1.455,0.0,4.85,0.0,0.0,0.0,0.0,0.00元,0.0,0.0
2025-02-11T09:40:00,2025-02-11T09:50:00,2025-02-11,58,0.0,0.0,0.0,0.0,0.0,0.0,0.0,0.9422,0.0,1.4133,0.0,4.711,0.0,0.0,0.0,0.0,0.00元,0.0,0.0
2025-02-11T09:50:00,2025-02-11T10:00:00,2025-02-11,59,0.0,0.0,0.0,0.0,0.0,0.0,0.0,0.9569,0.0,1.43535,0.0,4.7844999999999995,0.0,0.0,0.0,0.0,0.00元,0.0,0.0
2025-02-11T10:00:00,2025-02-11T10:10:00,2025-02-11,60,0.0,0.0,0.0,0.0,0.0,0.0,0.0,0.9977,0.0,1.49655,0.0,4.9885,0.0,0.0,0.0,0.0,0.00元,0.0,0.0
2025-02-11T10:10:00,2025-02-11T10:20:00,2025-02-11,61,0.0,0.0,0.0,0.0,0.0,0.0,0.0,0.9919,0.0,1.48785,0.0,4.9595,0.0,0.0,0.0,0.0,0.00元,0.0,0.0
2025-02-11T10:20:00,2025-02-11T10:30:00,2025-02-11,62,0.0,0.0,0.0,0.0,0.0,0.0,0.0,0.9588,0.0,1.4382,0.0,4.794,0.0,0.0,0.0,0.0,0.00元,0.0,0.0
2025-02-11T10:30:00,2025-02-11T10:40:00,2025-02-11,63,0.0,0.0,0.0,0.0,0.0,0.0,0.0,0.9549,0.0,1.43235,0.0,4.7745,0.0,0.0,0.0,0.0,0.00元,0.0,0.0
2025-02-11T10:40:00,2025-02-11T10:50:00,2025-02-11,64,0.0,0.0,0.0,0.0,0.0,0.0,0.0,0.9839,0.0,1.4758499999999999,0.0,4.9195,0.0,0.0,0.0,0.0,0.00元,0.0,0.0
2025-02-11T10:50:00,2025-02-11T11:00:00,2025-02-11,65,68.26814122602332,44.63131644218174,0.0,44.63131644218174,-23.636824783841575,0.0,44.63131644218174,0.799,35.66042183730321,1.1985000000000001,0.0,3.995,0.0,0.0,0.0,35.66042183730321,35.66元,0.0,44.63131644218174
2025-02-11T11:00:00,2025-02-11T11:10:00,2025-02-11,66,899.2319259144027,890.1885698476393,0.0,890.1885698476393,-9.043356066763408,0.0,890.1885698476393,0.5025,447.3197563484387,0.7537499999999999,0.0,2.5124999999999997,0.0,0.0,0.0,447.3197563484387,447.32元,0.0,890.1885698476393
2025-02-11T11:10:00,2025-02-11T11:20:00,2025-02-11,67,905.5927220604859,896.4910152723888,0.0,896.4910152723888,-9.10170678809709,0.0,896.4910152723888,0.4662,417.94411131998766,0.6993,0.0,2.331,0.0,0.0,0.0,417.94411131998766,417.94元,0.0,896.4910152723888
2025-02-11T11:20:00,2025-02-11T11:30:00,2025-02-11,68,888.3864905016777,879.128246322551,0.0,879.128246322551,-9.258244179126677,0.0,879.128246322551,0.5007,440.17951293370135,0.75105,0.0,2.5035000000000003,0.0,0.0,0.0,440.17951293370135,440.18元,0.0,879.128246322551
2025-02-11T11:30:00,2025-02-11T11:40:00,2025-02-11,69,856.9914727457436,847.5873806226672,0.0,847.5873806226672,-9.404092123076452,0.0,847.5873806226672,0.4827,409.13042862656147,0.7240500000000001,0.0,2.4135,0.0,0.0,0.0,409.13042862656147,409.13元,0.0,847.5873806226672
2025-02-11T11:40:00,2025-02-11T11:50:00,2025-02-11,70,855.2441219272592,845.929198947778,0.0,845.929198947778,-9.314922979481253,0.0,845.929198947778,0.4785,404.77712169651176,0.71775,0.0,2.3925,0.0,0.0,0.0,404.77712169651176,404.78元,0.0,845.929198947778
2025-02-11T11:50:00,2025-02-11T12:00:00,2025-02-11,71,826.0935901676618,816.8082211255688,0.0,816.8082211255688,-9.285369042092952,0.0,816.8082211255688,0.4662,380.79599268874017,0.6993,0.0,2.331,0.0,0.0,0.0,380.79599268874017,380.80元,0.0,816.8082211255688
2025-02-11T12:00:00,2025-02-11T12:10:00,2025-02-11,72,801.9670920121706,770.8047559733228,0.0,770.8047559733228,-31.162336038847798,0.0,770.8047559733228,0.4432,341.62066784737664,0.6648,0.0,2.2159999999999997,0.0,144.14389549641407,31.942287242005357,373.562955089382,373.56元,0.0,770.8047559733228
2025-02-11T12:10:00,2025-02-11T12:20:00,2025-02-11,73,779.9811046921551,748.3907820924004,0.0,748.3907820924004,-31.5903225997547,0.0,748.3907820924004,0.4411,330.1151739809578,0.66165,0.0,2.2055,0.0,0.0,0.0,330.1151739809578,330.12元,0.0,748.3907820924004
2025-02-11T12:20:00,2025-02-11T12:30:00,2025-02-11,74,788.1466016922908,744.773888203723,11.637860625749681,756.4117488294727,-31.734852862818116,0.0,756.4117488294727,0.4551,338.9465965215143,0.68265,7.94458555616802,2.2755,0.0,0.0,0.0,346.89118207768234,346.89元,0.0,756.4117488294727
2025-02-11T12:30:00,2025-02-11T12:40:00,2025-02-11,75,794.4010131270555,762.6724115929177,0.0,762.6724115929177,-31.72860153413785,0.0,762.6724115929177,0.4463,340.3806972939191,0.66945,0.0,2.2315,0.0,0.0,0.0,340.3806972939191,340.38元,0.0,762.6724115929177
2025-02-11T12:40:00,2025-02-11T12:50:00,2025-02-11,76,779.5573387508485,747.8550789659117,0.0,747.8550789659117,-31.702259784936814,0.0,747.8550789659117,0.4113,307.5927939786795,0.61695,0.0,2.0564999999999998,0.0,0.0,0.0,307.5927939786795,307.59元,0.0,747.8550789659117
2025-02-11T12:50:00,2025-02-11T13:00:00,2025-02-11,77,808.6408870034801,765.9372179369121,11.272587860370095,777.2098057972822,-31.43108120619786,0.0,777.2098057972822,0.5682,435.2055272317535,0.8523000000000001,9.607626633393432,2.841,0.0,0.0,0.0,444.81315386514694,444.81元,0.0,777.2098057972822
2025-02-11T13:00:00,2025-02-11T13:10:00,2025-02-11,78,51.40179896189261,3.448875291122704,0.0,3.448875291122704,-47.952923670769906,0.0,3.448875291122704,0.8279,2.8553238535204866,1.24185,0.0,4.1395,0.0,0.0,0.0,2.8553238535204866,2.86元,0.0,3.448875291122704
2025-02-11T13:10:00,2025-02-11T13:20:00,2025-02-11,79,78.68770478259603,31.523603045503705,0.0,31.523603045503705,-47.164101737092324,0.0,31.523603045503705,0.8636,27.223783590097,1.2954,0.0,4.3180000000000005,0.0,0.0,0.0,27.223783590097,27.22元,0.0,31.523603045503705
2025-02-11T13:20:00,2025-02-11T13:30:00,2025-02-11,80,80.25722609014156,33.809129311381184,0.0,33.809129311381184,-46.44809677876037,0.0,33.809129311381184,0.8416,28.453763228458406,1.2624,0.0,4.208,0.0,0.0,0.0,28.453763228458406,28.45元,0.0,33.809129311381184
2025-02-11T13:30:00,2025-02-11T13:40:00,2025-02-11,81,82.04638780997027,36.44765032178907,0.0,36.44765032178907,-45.5987374881812,0.0,36.44765032178907,0.8618,31.41058504731782,1.2927,0.0,4.309,0.0,0.0,0.0,31.41058504731782,31.41元,0.0,36.44765032178907
2025-02-11T13:40:00,2025-02-11T13:50:00,2025-02-11,82,98.91597681763164,54.65142126330193,0.0,54.65142126330193,-44.26455555432972,0.0,54.65142126330193,0.8623,47.125920555345246,1.29345,0.0,4.3115,0.0,0.0,0.0,47.125920555345246,47.13元,0.0,54.65142126330193
2025-02-11T13:50:00,2025-02-11T14:00:00,2025-02-11,83,0.0,0.0,0.0,0.0,0.0,0.0,0.0,0.9026,0.0,1.3538999999999999,0.0,4.513,0.0,0.0,0.0,0.0,0.00元,0.0,0.0
2025-02-11T14:00:00,2025-02-11T14:10:00,2025-02-11,84,0.0,0.0,0.0,0.0,0.0,0.0,0.0,0.9754,0.0,1.4631,0.0,4.877000000000001,0.0,0.0,0.0,0.0,0.00元,0.0,0.0
2025-02-11T14:10:00,2025-02-11T14:20:00,2025-02-11,85,0.0,0.0,0.0,0.0,0.0,0.0,0.0,1.0002,0.0,1.5003,0.0,5.0009999999999994,0.0,0.0,0.0,0.0,0.00元,0.0,0.0
2025-02-11T14:20:00,2025-02-11T14:30:00,2025-02-11,86,0.0,0.0,0.0,0.0,0.0,0.0,0.0,0.9978,0.0,1.4967000000000001,0.0,4.989,0.0,0.0,0.0,0.0,0.00元,0.0,0.0
2025-02-11T14:30:00,2025-02-11T14:40:00,2025-02-11,87,0.0,0.0,0.0,0.0,0.0,0.0,0.0,1.0271,0.0,1.5406499999999999,0.0,5.1354999999999995,0.0,0.0,0.0,0.0,0.00元,0.0,0.0
2025-02-11T14:40:00,2025-02-11T14:50:00,2025-02-11,88,0.0,0.0,0.0,0.0,0.0,0.0,0.0,1.0906,0.0,1.6359,0.0,5.453,0.0,0.0,0.0,0.0,0.00元,0.0,0.0
2025-02-11T14:50:00,2025-02-11T15:00:00,2025-02-11,89,0.0,0.0,0.0,0.0,0.0,0.0,0.0,0.9376,0.0,1.4064,0.0,4.688,0.0,0.0,0.0,0.0,0.00元,0.0,0.0
2025-02-11T15:00:00,2025-02-11T15:10:00,2025-02-11,90,1245.8717662220965,1222.1541955870134,0.0,1222.1541955870134,-23.71757063508312,0.0,1222.1541955870134,0.6694,818.1100185259468,1.0041,0.0,3.347,0.0,0.0,0.0,818.1100185259468,818.11元,0.0,1222.1541955870134
2025-02-11T15:10:00,2025-02-11T15:20:00,2025-02-11,91,1296.9049199905267,1274.5693379664185,0.0,1274.5693379664185,-22.335582024108135,0.0,1274.5693379664185,0.66,841.2157630578363,0.99,0.0,3.3000000000000003,0.0,0.0,0.0,841.2157630578363,841.22元,0.0,1274.5693379664185
2025-02-11T15:20:00,2025-02-11T15:30:00,2025-02-11,92,957.6561776206189,957.6561776206189,135.19502468054554,1092.8512023011644,135.19502468054554,0.0,1092.8512023011644,0.7217,691.1404633888006,1.08255,146.35537396792458,3.6085000000000003,0.0,0.0,0.0,837.4958373567252,837.50元,0.0,1092.8512023011644
2025-02-11T15:30:00,2025-02-11T15:40:00,2025-02-11,93,522.1963598747332,522.1963598747332,0.0,522.1963598747332,0.0,0.0,522.1963598747332,0.7308,381.621099796455,1.0962,0.0,3.654,0.0,0.0,0.0,381.621099796455,381.62元,0.0,522.1963598747332
2025-02-11T15:40:00,2025-02-11T15:50:00,2025-02-11,94,575.7400759960739,575.7400759960739,0.0,575.7400759960739,0.0,0.0,575.7400759960739,0.7534,433.762573255442,1.1300999999999999,0.0,3.767,0.0,0.0,0.0,433.762573255442,433.76元,0.0,575.7400759960739
2025-02-11T15:50:00,2025-02-11T16:00:00,2025-02-11,95,625.1680313573833,625.1680313573833,0.0,625.1680313573833,0.0,0.0,625.1680313573833,0.7823,489.06895093088093,1.1734499999999999,0.0,3.9115,0.0,0.0,0.0,489.06895093088093,489.07元,0.0,625.1680313573833
2025-02-11T16:00:00,2025-02-11T16:10:00,2025-02-11,96,652.3787299064591,652.1854101389824,1.6013687563811345,653.7867788953636,1.4080489889045111,0.0,653.7867788953636,0.8055,525.3353478669503,1.20825,1.9348537998975057,4.0275,0.0,0.0,0.0,527.2702016668478,527.27元,0.0,653.7867788953636
2025-02-11T16:10:00,2025-02-11T16:20:00,2025-02-11,97,700.5669440082074,700.3789203368444,1.5574984219706494,701.9364187588151,1.369474750607651,0.0,701.9364187588151,0.8271,579.283405010604,1.24065,1.932310417217886,4.1354999999999995,0.0,0.0,0.0,581.2157154278219,581.22元,0.0,701.9364187588151
2025-02-11T16:20:00,2025-02-11T16:30:00,2025-02-11,98,758.0302247622678,757.8473520976963,1.5148299383101858,759.3621820360065,1.3319572737386807,0.0,759.3621820360065,0.8519,645.6101592520275,1.27785,1.9357254366696708,4.2595,0.0,0.0,0.0,647.5458846886971,647.55元,0.0,759.3621820360065
2025-02-11T16:30:00,2025-02-11T16:40:00,2025-02-11,99,813.5516575105345,813.37379473823,1.4733303800703652,814.8471251183004,1.295467607765886,0.0,814.8471251183004,0.8791,715.036902954378,1.3186499999999999,1.942807105679787,4.3955,0.0,0.0,0.0,716.9797100600578,716.98元,0.0,814.8471251183004
2025-02-11T16:40:00,2025-02-11T16:50:00,2025-02-11,100,857.8605566918419,857.6875665631866,1.432967723927959,859.1205342871145,1.2599775952726304,0.0,859.1205342871145,0.9024,773.9772600666196,1.3536,1.9396651111088852,4.512,0.0,0.0,0.0,775.9169251777284,775.92元,0.0,859.1205342871145
2025-02-11T16:50:00,2025-02-11T17:00:00,2025-02-11,101,901.7492067864771,901.5809558128499,1.393710823855372,902.9746666367053,1.2254598502281624,0.0,902.9746666367053,0.9163,826.1186298113143,1.37445,1.915585841848016,4.5815,0.0,0.0,0.0,828.0342156531624,828.03元,0.0,902.9746666367053
2025-02-11T17:00:00,2025-02-11T17:10:00,2025-02-11,102,949.2122043323243,949.0485626820953,1.355529387087472,950.4040920691828,1.1918877368584617,0.0,950.4040920691828,0.9264,879.1985884686931,1.3896,1.8836436362967512,4.632,0.0,0.0,0.0,881.0822321049898,881.08元,0.0,950.4040920691828
2025-02-11T17:10:00,2025-02-11T17:20:00,2025-02-11,103,990.0428547031362,989.8836961014807,1.3183939507418927,991.2020900522226,1.1592353490864298,0.0,991.2020900522226,0.9462,936.6279532512211,1.4193,1.8711965342879684,4.731,0.0,0.0,0.0,938.4991497855091,938.50元,0.0,991.2020900522226
2025-02-11T17:20:00,2025-02-11T17:30:00,2025-02-11,104,1006.3667904346197,1006.211992066078,1.2822758590966714,1007.4942679251747,1.127477490554952,0.0,1007.4942679251747,0.9742,980.2517226707731,1.4613,1.873789712897966,4.8709999999999996,0.0,0.0,0.0,982.1255123836711,982.13元,0.0,1007.4942679251747
2025-02-11T17:30:00,2025-02-11T17:40:00,2025-02-11,105,1018.1853952650106,1018.0348376787166,1.2471472414556501,1019.2819849201722,1.0965896551616652,0.0,1019.2819849201722,0.9862,1003.9859569187503,1.4792999999999998,1.844904914285343,4.931,0.0,0.0,0.0,1005.8308618330357,1005.83元,0.0,1019.2819849201722
2025-02-11T17:40:00,2025-02-11T17:50:00,2025-02-11,106,1041.8154297234578,1041.6689967409645,1.2129809906650735,1042.8819777316296,1.0665480081718215,0.0,1042.8819777316296,0.976,1016.6689408191813,1.464,1.7758041703336676,4.88,0.0,0.0,0.0,1018.444744989515,1018.44元,0.0,1042.8819777316296
2025-02-11T17:50:00,2025-02-11T18:00:00,2025-02-11,107,933.3497932662164,933.2073718918458,1.1797507421758837,934.3871226340217,1.0373293678053415,0.0,934.3871226340217,1.0742,1002.4513588862208,1.6113,1.9009323708680015,5.371,0.0,0.0,0.0,1004.3522912570888,1004.35元,0.0,934.3871226340217
2025-02-11T18:00:00,2025-02-11T18:10:00,2025-02-11,108,744.6387879606398,744.50026829429,1.1474308537216302,745.6476991480116,1.0089111873718366,0.0,745.6476991480116,1.2313,916.7031803507593,1.84695,2.119247415281165,6.1565,0.0,48.05916860690445,29.587627152840724,948.4100549188811,948.41元,0.0,745.6476991480116
2025-02-11T18:10:00,2025-02-11T18:20:00,2025-02-11,109,694.2372773619325,694.1025525142719,1.1159963855111528,695.2185488997831,0.9812715378506027,0.0,695.2185488997831,1.2561,871.8622162131769,1.88415,2.1027045897608385,6.2805,0.0,0.0,0.0,873.9649208029377,873.96元,0.0,695.2185488997831
2025-02-11T18:20:00,2025-02-11T18:30:00,2025-02-11,110,711.4622018356037,711.3311678455902,1.0854230809937917,712.416590926584,0.9543890909803849,0.0,712.416590926584,1.2447,885.3939046174061,1.8670499999999999,2.0265391633694585,6.2235,0.0,0.0,0.0,887.4204437807756,887.42元,0.0,712.416590926584
2025-02-11T18:30:00,2025-02-11T18:40:00,2025-02-11,111,722.2655544960562,722.1381102507147,1.0556873481399407,723.1937975988546,0.928243102798433,0.0,723.1937975988546,1.2545,905.9222593095216,1.8817499999999998,1.9865396673623332,6.2725,0.0,0.0,0.0,907.908798976884,907.91元,0.0,723.1937975988546
2025-02-11T18:40:00,2025-02-11T18:50:00,2025-02-11,112,724.2367801735693,724.1128273299674,1.0267662412359186,725.1395935712034,0.9028133976340769,0.0,725.1395935712034,1.2522,906.7340823825853,1.8782999999999999,1.928575030913426,6.261,0.0,0.0,0.0,908.6626574134987,908.66元,0.0,725.1395935712034
2025-02-11T18:50:00,2025-02-11T19:00:00,2025-02-11,113,38.83079529358349,29.589673680543683,31.038405679850598,60.62807936039428,21.79728406681079,0.0,60.62807936039428,1.2881,38.114458667908316,1.93215,59.970855534323334,6.4405,0.0,0.0,0.0,98.08531420223166,98.09元,0.0,60.62807936039428
2025-02-11T19:00:00,2025-02-11T19:10:00,2025-02-11,114,3.0990725549870604,3.0990725549870604,3.4643227221603183,6.563395277147379,3.4643227221603183,0.0,6.563395277147379,1.3466,4.173211102545576,2.0199,6.9975854664916275,6.7330000000000005,0.0,0.0,0.0,11.170796569037202,11.17元,0.0,6.563395277147379
2025-02-11T19:10:00,2025-02-11T19:20:00,2025-02-11,115,0.0,0.0,0.0,0.0,0.0,0.0,0.0,1.3523,0.0,2.0284500000000003,0.0,6.7615,0.0,0.0,0.0,0.0,0.00元,0.0,0.0
2025-02-11T19:20:00,2025-02-11T19:30:00,2025-02-11,116,2.2791735589669315,2.1241994173392413,5.601392965627838,7.725592382967079,5.446418824000148,0.0,7.725592382967079,1.3445,2.85598611661261,2.01675,11.296609263429943,6.7225,0.0,0.0,0.0,14.152595380042552,14.15元,0.0,7.725592382967079
2025-02-11T19:30:00,2025-02-11T19:40:00,2025-02-11,117,2.282284140914726,1.8973681523808636,0.6174672063008302,2.514835358681694,0.23255121776696797,0.0,2.514835358681694,1.3483,2.5582214798551184,2.02245,1.248796551383114,6.7415,0.0,0.0,0.0,3.8070180312382327,3.81元,0.0,2.514835358681694
2025-02-11T19:40:00,2025-02-11T19:50:00,2025-02-11,118,2.645582581341273,2.645582581341273,1.2908264545206976,3.9364090358619706,1.2908264545206976,0.0,3.9364090358619706,1.349,3.568890902229377,2.0235,2.6119873307226316,6.745,0.0,0.0,0.0,6.180878232952009,6.18元,0.0,3.9364090358619706
2025-02-11T19:50:00,2025-02-11T20:00:00,2025-02-11,119,18.53194414627376,18.53194414627376,1.2554635888470784,19.787407735120837,1.2554635888470784,0.0,19.787407735120837,1.3473,24.968088348274634,2.02095,2.537229139880503,6.7364999999999995,0.0,0.0,0.0,27.505317488155136,27.51元,0.0,19.787407735120837
2025-02-11T20:00:00,2025-02-11T20:10:00,2025-02-11,120,37.975068490267745,36.68912535991353,0.9288748421721493,37.61800020208568,-0.35706828818206304,0.0,37.61800020208568,1.3482,49.46427881023543,2.0223,1.8784635933247378,6.7410000000000005,0.0,0.0,0.0,51.342742403560166,51.34元,0.0,37.61800020208568
2025-02-11T20:10:00,2025-02-11T20:20:00,2025-02-11,121,0.0,0.0,0.0,0.0,0.0,0.0,0.0,1.3513,0.0,2.02695,0.0,6.7565,0.0,0.0,0.0,0.0,0.00元,0.0,0.0
2025-02-11T20:20:00,2025-02-11T20:30:00,2025-02-11,122,0.0,0.0,0.0,0.0,0.0,0.0,0.0,1.34,0.0,2.0100000000000002,0.0,6.7,0.0,0.0,0.0,0.0,0.00元,0.0,0.0
2025-02-11T20:30:00,2025-02-11T20:40:00,2025-02-11,123,10.685378596404462,10.685378596404462,1.123438180129142,11.808816776533604,1.123438180129142,0.0,11.808816776533604,1.3489,14.413507188689978,2.0233499999999998,2.2731086417642996,6.7445,0.0,0.0,0.0,16.68661583045428,16.69元,0.0,11.808816776533604
2025-02-11T20:40:00,2025-02-11T20:50:00,2025-02-11,124,11.27355812385224,10.422862688017176,3.2462410375320587,13.669103725549235,2.3955456016969947,0.0,13.669103725549235,1.3952,14.541978022321564,2.0928,6.793733243347092,6.976,0.0,0.0,0.0,21.335711265668657,21.34元,0.0,13.669103725549235
2025-02-11T20:50:00,2025-02-11T21:00:00,2025-02-11,125,722.6127709080466,722.6127709080466,1.1424655504322345,723.7552364584789,1.1424655504322345,0.0,723.7552364584789,1.2226,883.4663737121778,1.8338999999999999,2.0951675729376746,6.1129999999999995,0.0,0.0,0.0,885.5615412851154,885.56元,0.0,723.7552364584789
2025-02-11T21:00:00,2025-02-11T21:10:00,2025-02-11,126,728.8057605246383,728.8057605246383,13.27634710372115,742.0821076283595,13.27634710372115,0.0,742.0821076283595,0.9332,680.1215357215925,1.3998,18.584230675788866,4.666,0.0,0.0,0.0,698.7057663973815,698.71元,0.0,742.0821076283595
2025-02-11T21:10:00,2025-02-11T21:20:00,2025-02-11,127,734.5042631821836,734.5042631821836,0.0,734.5042631821836,0.0,0.0,734.5042631821836,0.9068,666.0484658536042,1.3602,0.0,4.534000000000001,0.0,0.0,0.0,666.0484658536042,666.05元,0.0,734.5042631821836
2025-02-11T21:20:00,2025-02-11T21:30:00,2025-02-11,128,710.8045523014447,710.8045523014447,0.0,710.8045523014447,0.0,0.0,710.8045523014447,0.9371,666.0949459616838,1.40565,0.0,4.6855,0.0,0.0,0.0,666.0949459616838,666.09元,0.0,710.8045523014447
2025-02-11T21:30:00,2025-02-11T21:40:00,2025-02-11,129,716.2881128654121,716.2881128654121,0.0,716.2881128654121,0.0,0.0,716.2881128654121,0.9371,671.2335905661778,1.40565,0.0,4.6855,0.0,0.0,0.0,671.2335905661778,671.23元,0.0,716.2881128654121
2025-02-11T21:40:00,2025-02-11T21:50:00,2025-02-11,130,737.3226163536117,734.5829100657138,0.0,734.5829100657138,-2.7397062878978886,0.0,734.5829100657138,0.9871,725.1067905258661,1.48065,0.0,4.9355,0.0,0.0,0.0,725.1067905258661,725.11元,0.0,734.5829100657138
2025-02-11T21:50:00,2025-02-11T22:00:00,2025-02-11,131,656.1317485200115,656.1317485200115,0.0,656.1317485200115,0.0,0.0,656.1317485200115,0.7764,509.42068955093686,1.1646,0.0,3.8819999999999997,0.0,0.0,0.0,509.42068955093686,509.42元,0.0,656.1317485200115
2025-02-11T22:00:00,2025-02-11T22:10:00,2025-02-11,132,1382.269299564742,1376.69559388155,0.0,1376.69559388155,-5.5737056831919745,0.0,1376.69559388155,0.4209,579.4511754647443,0.63135,0.0,2.1045,0.0,0.0,0.0,579.4511754647443,579.45元,23.735593891549904,1352.9599999900001
2025-02-11T22:10:00,2025-02-11T22:20:00,2025-02-11,133,1386.7966269804288,1381.3756158788274,0.0,1381.3756158788274,-5.42101110160138,0.0,1381.3756158788274,0.3859,533.0728501676396,0.5788500000000001,0.0,1.9295,0.0,0.0,0.0,533.0728501676396,533.07元,31.59846588882737,1349.77714999
2025-02-11T22:20:00,2025-02-11T22:30:00,2025-02-11,134,587.9405052799018,587.9405052799018,0.0,587.9405052799018,0.0,0.0,587.9405052799018,0.4368,256.8124127062611,0.6552,0.0,2.184,0.0,0.0,0.0,256.8124127062611,256.81元,0.0,587.9405052799018
2025-02-11T22:30:00,2025-02-11T22:40:00,2025-02-11,135,1418.3462072702428,1413.2181504876344,0.0,1413.2181504876344,-5.1280567826083825,0.0,1413.2181504876344,0.4198,593.268979574709,0.6297,0.0,2.099,0.0,0.0,0.0,593.268979574709,593.27元,22.791483830967756,1390.4266666566666
2025-02-11T22:40:00,2025-02-11T22:50:00,2025-02-11,136,1406.1576475309353,1401.1700765452633,0.0,1401.1700765452633,-4.987570985671937,0.0,1401.1700765452633,0.4186,586.5297940418473,0.6279,0.0,2.093,0.0,0.0,0.0,586.5297940418473,586.53元,34.99225988859666,1366.1778166566667
2025-02-11T22:50:00,2025-02-11T23:00:00,2025-02-11,137,1397.4033824109686,1392.5524485403685,0.0,1392.5524485403685,-4.850933870600102,0.0,1392.5524485403685,0.4241,590.5814934259703,0.63615,0.0,2.1205,0.0,0.0,0.0,590.5814934259703,590.58元,21.28298188370183,1371.2694666566667
2025-02-11T23:00:00,2025-02-11T23:10:00,2025-02-11,138,1394.9688150260195,1390.2507750252785,0.0,1390.2507750252785,-4.718040000740984,0.0,1390.2507750252785,0.4237,589.0492533782106,0.6355500000000001,0.0,2.1185,0.0,0.0,0.0,589.0492533782106,589.05元,0.0,1390.2507750252785
2025-02-11T23:10:00,2025-02-11T23:20:00,2025-02-11,139,1004.1503546152646,1004.1503546152646,0.0,1004.1503546152646,0.0,0.0,1004.1503546152646,0.4248,426.56307064056443,0.6372,0.0,2.124,0.0,0.0,0.0,426.56307064056443,426.56元,0.0,1004.1503546152646
2025-02-11T23:20:00,2025-02-11T23:30:00,2025-02-11,140,1393.0438672409568,1388.5807926275747,0.0,1388.5807926275747,-4.463074613382105,0.0,1388.5807926275747,0.424,588.7582560740917,0.636,0.0,2.12,0.0,0.0,0.0,588.7582560740917,588.76元,2.2142093042414137,1386.3665833233333
2025-02-11T23:30:00,2025-02-11T23:40:00,2025-02-11,141,1392.7882768813497,1388.4474705306702,0.0,1388.4474705306702,-4.340806350679486,0.0,1388.4474705306702,0.422,585.9248325639428,0.633,0.0,2.11,0.0,0.0,0.0,585.9248325639428,585.92元,0.0,1388.4474705306702
2025-02-11T23:40:00,2025-02-11T23:50:00,2025-02-11,142,1405.4670968326595,1401.2452091416935,0.0,1401.2452091416935,-4.221887690966014,0.0,1401.2452091416935,0.424,594.127968676078,0.636,0.0,2.12,0.0,0.0,0.0,594.127968676078,594.13元,0.0,1401.2452091416935
2025-02-11T23:50:00,2025-02-12T00:00:00,2025-02-11,143,572.419630671039,572.419630671039,0.0,572.419630671039,0.0,0.0,572.419630671039,0.4271,244.48042425960077,0.6406499999999999,0.0,2.1355,0.0,0.0,0.0,244.48042425960077,244.48元,0.0,572.419630671039
2025-02-12T00:00:00,2025-02-12T00:10:00,2025-02-11,144,575.6921749999999,575.6921749999999,0.0,575.6921749999999,0.0,0.0,575.6921749999999,0.4276,246.16597402999994,0.6414,0.0,2.138,0.0,0.0,0.0,246.16597402999994,246.17元,0.0,575.6921749999999
2025-02-12T00:10:00,2025-02-12T00:20:00,2025-02-12,1,1430.277704199441,1430.277704199441,0.0,1430.277704199441,0.0,0.0,1430.277704199441,0.4248,607.5819687439225,0.6372,0.0,2.124,0.0,0.0,0.0,607.5819687439225,607.58元,51.4521042094409,1378.82559999
2025-02-12T00:20:00,2025-02-12T00:30:00,2025-02-12,2,1454.7438490753207,1454.7438490753207,0.0,1454.7438490753207,0.0,0.0,1454.7438490753207,0.4245,617.5387639324736,0.6367499999999999,0.0,2.1225,0.0,0.0,0.0,617.5387639324736,617.54元,63.14333241865403,1391.6005166566667
2025-02-12T00:30:00,2025-02-12T00:40:00,2025-02-12,3,760.4198409598978,760.4198409598978,0.0,760.4198409598978,0.0,0.0,760.4198409598978,0.4269,324.62323010578035,0.64035,0.0,2.1345,0.0,0.0,0.0,324.62323010578035,324.62元,0.0,760.4198409598978
2025-02-12T00:40:00,2025-02-12T00:50:00,2025-02-12,4,590.1894138287132,590.1894138287132,0.0,590.1894138287132,0.0,0.0,590.1894138287132,0.4272,252.1289175876263,0.6408,0.0,2.136,0.0,0.0,0.0,252.1289175876263,252.13元,0.0,590.1894138287132
2025-02-12T00:50:00,2025-02-12T01:00:00,2025-02-12,5,583.2714647762073,583.2714647762073,0.0,583.2714647762073,0.0,0.0,583.2714647762073,0.4271,249.1152426059181,0.6406499999999999,0.0,2.1355,0.0,0.0,0.0,249.1152426059181,249.12元,0.0,583.2714647762073
2025-02-12T01:00:00,2025-02-12T01:10:00,2025-02-12,6,610.9429369226242,610.9429369226242,0.0,610.9429369226242,0.0,0.0,610.9429369226242,0.4285,261.7890484713445,0.6427499999999999,0.0,2.1425,0.0,0.0,0.0,261.7890484713445,261.79元,0.0,610.9429369226242
2025-02-12T01:10:00,2025-02-12T01:20:00,2025-02-12,7,635.8144829864244,635.8144829864244,0.0,635.8144829864244,0.0,0.0,635.8144829864244,0.4311,274.09962361544757,0.64665,0.0,2.1555,0.0,0.0,0.0,274.09962361544757,274.10元,0.0,635.8144829864244
2025-02-12T01:20:00,2025-02-12T01:30:00,2025-02-12,8,627.6961038968443,627.6961038968443,0.0,627.6961038968443,0.0,0.0,627.6961038968443,0.4302,270.03486389642245,0.6453,0.0,2.1510000000000002,0.0,0.0,0.0,270.03486389642245,270.03元,0.0,627.6961038968443
2025-02-12T01:30:00,2025-02-12T01:40:00,2025-02-12,9,608.427284930614,608.427284930614,0.0,608.427284930614,0.0,0.0,608.427284930614,0.4279,260.3460352218097,0.64185,0.0,2.1395,0.0,0.0,0.0,260.3460352218097,260.35元,0.0,608.427284930614
2025-02-12T01:40:00,2025-02-12T01:50:00,2025-02-12,10,625.1160098383441,625.1160098383441,0.0,625.1160098383441,0.0,0.0,625.1160098383441,0.4312,269.550023442294,0.6468,0.0,2.156,0.0,0.0,0.0,269.550023442294,269.55元,0.0,625.1160098383441
2025-02-12T01:50:00,2025-02-12T02:00:00,2025-02-12,11,633.8624848931938,633.8624848931938,0.0,633.8624848931938,0.0,0.0,633.8624848931938,0.4333,274.6526147042209,0.64995,0.0,2.1665,0.0,0.0,0.0,274.6526147042209,274.65元,0.0,633.8624848931938
2025-02-12T02:00:00,2025-02-12T02:10:00,2025-02-12,12,622.3859346094386,622.3859346094386,0.0,622.3859346094386,0.0,0.0,622.3859346094386,0.4311,268.31057641012893,0.64665,0.0,2.1555,0.0,0.0,0.0,268.31057641012893,268.31元,0.0,622.3859346094386
2025-02-12T02:10:00,2025-02-12T02:20:00,2025-02-12,13,626.2922632975148,626.2922632975148,0.0,626.2922632975148,0.0,0.0,626.2922632975148,0.4293,268.8672686336231,0.64395,0.0,2.1465,0.0,0.0,0.0,268.8672686336231,268.87元,0.0,626.2922632975148
2025-02-12T02:20:00,2025-02-12T02:30:00,2025-02-12,14,651.868977455457,651.868977455457,0.0,651.868977455457,0.0,0.0,651.868977455457,0.4324,281.8681458517396,0.6486000000000001,0.0,2.162,0.0,0.0,0.0,281.8681458517396,281.87元,0.0,651.868977455457
2025-02-12T02:30:00,2025-02-12T02:40:00,2025-02-12,15,669.1654773299734,669.1654773299734,0.0,669.1654773299734,0.0,0.0,669.1654773299734,0.4367,292.2245639499994,0.6550499999999999,0.0,2.1835,0.0,0.0,0.0,292.2245639499994,292.22元,0.0,669.1654773299734
2025-02-12T02:40:00,2025-02-12T02:50:00,2025-02-12,16,644.9501809804176,644.9501809804176,0.0,644.9501809804176,0.0,0.0,644.9501809804176,0.4348,280.4243386902856,0.6522,0.0,2.174,0.0,0.0,0.0,280.4243386902856,280.42元,0.0,644.9501809804176
2025-02-12T02:50:00,2025-02-12T03:00:00,2025-02-12,17,642.1540250122365,642.1540250122365,0.0,642.1540250122365,0.0,0.0,642.1540250122365,0.4335,278.3737698428045,0.65025,0.0,2.1675,0.0,0.0,0.0,278.3737698428045,278.37元,0.0,642.1540250122365
2025-02-12T03:00:00,2025-02-12T03:10:00,2025-02-12,18,658.5493169798245,658.5493169798245,0.0,658.5493169798245,0.0,0.0,658.5493169798245,0.4357,286.92993740810954,0.65355,0.0,2.1784999999999997,0.0,0.0,0.0,286.92993740810954,286.93元,0.0,658.5493169798245
2025-02-12T03:10:00,2025-02-12T03:20:00,2025-02-12,19,634.9662527920375,634.9662527920375,0.0,634.9662527920375,0.0,0.0,634.9662527920375,0.4374,277.73423897123723,0.6561,0.0,2.1870000000000003,0.0,0.0,0.0,277.73423897123723,277.73元,0.0,634.9662527920375
2025-02-12T03:20:00,2025-02-12T03:30:00,2025-02-12,20,638.0504974536286,638.0504974536286,0.0,638.0504974536286,0.0,0.0,638.0504974536286,0.4371,278.8918724369811,0.65565,0.0,2.1854999999999998,0.0,0.0,0.0,278.8918724369811,278.89元,0.0,638.0504974536286
2025-02-12T03:30:00,2025-02-12T03:40:00,2025-02-12,21,665.4736449758688,665.4736449758688,0.0,665.4736449758688,0.0,0.0,665.4736449758688,0.4356,289.8803197514884,0.6534,0.0,2.178,0.0,0.0,0.0,289.8803197514884,289.88元,0.0,665.4736449758688
2025-02-12T03:40:00,2025-02-12T03:50:00,2025-02-12,22,648.7810374562828,648.7810374562828,0.0,648.7810374562828,0.0,0.0,648.7810374562828,0.4353,282.4143856047199,0.65295,0.0,2.1765,0.0,0.0,0.0,282.4143856047199,282.41元,0.0,648.7810374562828
2025-02-12T03:50:00,2025-02-12T04:00:00,2025-02-12,23,656.5505341607657,656.5505341607657,0.0,656.5505341607657,0.0,0.0,656.5505341607657,0.436,286.25603289409383,0.654,0.0,2.18,0.0,0.0,0.0,286.25603289409383,286.26元,0.0,656.5505341607657
2025-02-12T04:00:00,2025-02-12T04:10:00,2025-02-12,24,699.2579172746833,699.2579172746833,0.0,699.2579172746833,0.0,0.0,699.2579172746833,0.4378,306.1351161828564,0.6567000000000001,0.0,2.189,0.0,0.0,0.0,306.1351161828564,306.14元,0.0,699.2579172746833
2025-02-12T04:10:00,2025-02-12T04:20:00,2025-02-12,25,711.3278659895587,711.3278659895587,0.0,711.3278659895587,0.0,0.0,711.3278659895587,0.4401,313.0553938220048,0.66015,0.0,2.2005,0.0,0.0,0.0,313.0553938220048,313.06元,0.0,711.3278659895587
2025-02-12T04:20:00,2025-02-12T04:30:00,2025-02-12,26,696.9091455919488,696.9091455919488,0.0,696.9091455919488,0.0,0.0,696.9091455919488,0.4389,305.87342400030633,0.65835,0.0,2.1945,0.0,0.0,0.0,305.87342400030633,305.87元,0.0,696.9091455919488
2025-02-12T04:30:00,2025-02-12T04:40:00,2025-02-12,27,679.2929998877866,679.2929998877866,0.0,679.2929998877866,0.0,0.0,679.2929998877866,0.4364,296.44346515103007,0.6546000000000001,0.0,2.182,0.0,0.0,0.0,296.44346515103007,296.44元,0.0,679.2929998877866
2025-02-12T04:40:00,2025-02-12T04:50:00,2025-02-12,28,676.646333175831,676.646333175831,0.0,676.646333175831,0.0,0.0,676.646333175831,0.4393,297.2507341641426,0.65895,0.0,2.1965000000000003,0.0,0.0,0.0,297.2507341641426,297.25元,0.0,676.646333175831
2025-02-12T04:50:00,2025-02-12T05:00:00,2025-02-12,29,683.7799824409207,683.7799824409207,0.0,683.7799824409207,0.0,0.0,683.7799824409207,0.4422,302.3675082353751,0.6633,0.0,2.211,0.0,0.0,0.0,302.3675082353751,302.37元,0.0,683.7799824409207
2025-02-12T05:00:00,2025-02-12T05:10:00,2025-02-12,30,686.8876494213845,686.8876494213845,0.0,686.8876494213845,0.0,0.0,686.8876494213845,0.4395,301.88712192069846,0.65925,0.0,2.1975,0.0,0.0,0.0,301.88712192069846,301.89元,0.0,686.8876494213845
2025-02-12T05:10:00,2025-02-12T05:20:00,2025-02-12,31,679.4692149204445,679.4692149204445,0.0,679.4692149204445,0.0,0.0,679.4692149204445,0.4333,294.41401082502864,0.64995,0.0,2.1665,0.0,0.0,0.0,294.41401082502864,294.41元,0.0,679.4692149204445
2025-02-12T05:20:00,2025-02-12T05:30:00,2025-02-12,32,692.7628860140472,692.7628860140472,0.0,692.7628860140472,0.0,0.0,692.7628860140472,0.4439,307.5174451016356,0.66585,0.0,2.2195,0.0,0.0,0.0,307.5174451016356,307.52元,0.0,692.7628860140472
2025-02-12T05:30:00,2025-02-12T05:40:00,2025-02-12,33,708.909828505409,708.909828505409,0.0,708.909828505409,0.0,0.0,708.909828505409,0.4301,304.9021172401764,0.64515,0.0,2.1505,0.0,0.0,0.0,304.9021172401764,304.90元,7.106386411668622,701.8034420937404
2025-02-12T05:40:00,2025-02-12T05:50:00,2025-02-12,34,1524.092005312781,1524.092005312781,0.0,1524.092005312781,0.0,0.0,1524.092005312781,0.3713,565.8953615726357,0.5569500000000001,0.0,1.8565,0.0,0.0,0.0,565.8953615726357,565.90元,868.469905304681,655.6221000081001
2025-02-12T05:50:00,2025-02-12T06:00:00,2025-02-12,35,750.7708143332081,750.7708143332081,0.0,750.7708143332081,0.0,0.0,750.7708143332081,0.5708,428.5399808213952,0.8562,0.0,2.854,0.0,0.0,0.0,428.5399808213952,428.54元,37.528564325107915,713.2422500081002
2025-02-12T06:00:00,2025-02-12T06:10:00,2025-02-12,36,151.8570826203728,143.77014999999994,0.0,143.77014999999994,-8.086932620372863,0.0,143.77014999999994,0.9099,130.81645948499997,1.3648500000000001,0.0,4.5495,0.0,1282.0295153495447,583.2593280082754,714.0757874932754,714.08元,0.0,143.77014999999994
2025-02-12T06:10:00,2025-02-12T06:20:00,2025-02-12,37,162.24667059399258,159.4230541789683,0.0,159.4230541789683,-2.8236164150242757,0.0,159.4230541789683,0.9368,149.34751715485748,1.4052,0.0,4.684,0.0,0.0,0.0,149.34751715485748,149.35元,0.0,159.4230541789683
2025-02-12T06:20:00,2025-02-12T06:30:00,2025-02-12,38,877.308505076469,867.6113196745744,0.0,867.6113196745744,-9.697185401894671,0.0,867.6113196745744,0.8758,759.8539937709922,1.3137,0.0,4.3790000000000004,0.0,0.0,0.0,759.8539937709922,759.85元,0.0,867.6113196745744
2025-02-12T06:30:00,2025-02-12T06:40:00,2025-02-12,39,868.523080395649,172.56029031726484,0.0,172.56029031726484,-695.9627900783842,0.0,172.56029031726484,0.8759,151.1455582888923,1.31385,0.0,4.3795,0.0,0.0,0.0,151.1455582888923,151.15元,0.0,172.56029031726484
2025-02-12T06:40:00,2025-02-12T06:50:00,2025-02-12,40,895.7362297015234,886.3633028267938,0.0,886.3633028267938,-9.372926874729615,0.0,886.3633028267938,0.8601,762.3610767613253,1.29015,0.0,4.3004999999999995,0.0,0.0,0.0,762.3610767613253,762.36元,0.0,886.3633028267938
2025-02-12T06:50:00,2025-02-12T07:00:00,2025-02-12,41,847.8537476136144,838.0622795057176,0.0,838.0622795057176,-9.791468107896776,0.0,838.0622795057176,0.8442,707.4921763587267,1.2663,0.0,4.221,0.0,0.0,0.0,707.4921763587267,707.49元,0.0,838.0622795057176
2025-02-12T07:00:00,2025-02-12T07:10:00,2025-02-12,42,767.1183541925063,755.2408991903309,0.0,755.2408991903309,-11.877455002175452,0.0,755.2408991903309,0.8334,629.4177653852217,1.2501,0.0,4.167,0.0,0.0,0.0,629.4177653852217,629.42元,0.0,755.2408991903309
2025-02-12T07:10:00,2025-02-12T07:20:00,2025-02-12,43,754.5763904404686,741.2185787284532,0.0,741.2185787284532,-13.357811712015405,0.0,741.2185787284532,0.8092,599.7940739070643,1.2138,0.0,4.046,0.0,0.0,0.0,599.7940739070643,599.79元,0.0,741.2185787284532
2025-02-12T07:20:00,2025-02-12T07:30:00,2025-02-12,44,745.2596949274541,730.325544446409,0.0,730.325544446409,-14.934150481045094,0.0,730.325544446409,0.7972,582.2155240326773,1.1958,0.0,3.986,0.0,0.0,0.0,582.2155240326773,582.22元,0.0,730.325544446409
2025-02-12T07:30:00,2025-02-12T07:40:00,2025-02-12,45,671.8345123560327,671.8345123560327,0.0,671.8345123560327,0.0,0.0,671.8345123560327,0.7644,513.5503012449514,1.1465999999999998,0.0,3.822,0.0,0.0,0.0,513.5503012449514,513.55元,0.0,671.8345123560327
2025-02-12T07:40:00,2025-02-12T07:50:00,2025-02-12,46,1402.6167011326115,1384.3676182075324,0.0,1384.3676182075324,-18.249082925079165,0.0,1384.3676182075324,0.6899,955.0752198013765,1.03485,0.0,3.4494999999999996,0.0,0.0,0.0,955.0752198013765,955.08元,0.0,1384.3676182075324
2025-02-12T07:50:00,2025-02-12T08:00:00,2025-02-12,47,653.7538569208621,633.7684689807137,0.0,633.7684689807137,-19.98538794014837,0.0,633.7684689807137,0.86,545.0408833234138,1.29,0.0,4.3,0.0,0.0,0.0,545.0408833234138,545.04元,0.0,633.7684689807137
2025-02-12T08:00:00,2025-02-12T08:10:00,2025-02-12,48,119.08182366851668,109.96701862277757,0.0,109.96701862277757,-9.114805045739104,0.0,109.96701862277757,1.1617,127.7486855340807,1.74255,0.0,5.8084999999999996,0.0,0.0,0.0,127.7486855340807,127.75元,0.0,109.96701862277757
2025-02-12T08:10:00,2025-02-12T08:20:00,2025-02-12,49,97.75717425995026,89.60542477287822,0.0,89.60542477287822,-8.151749487072038,0.0,89.60542477287822,1.1683,104.68601776215363,1.7524499999999998,0.0,5.8415,0.0,0.0,0.0,104.68601776215363,104.69元,0.0,89.60542477287822
2025-02-12T08:20:00,2025-02-12T08:30:00,2025-02-12,50,1.8965972791079366,0.0,0.0,0.0,-1.8965972791079366,0.0,0.0,1.0956,0.0,1.6433999999999997,0.0,5.478,0.0,0.0,0.0,0.0,0.00元,0.0,0.0
2025-02-12T08:30:00,2025-02-12T08:40:00,2025-02-12,51,0.0,0.0,0.0,0.0,0.0,0.0,0.0,1.0849,0.0,1.6273499999999999,0.0,5.4245,0.0,0.0,0.0,0.0,0.00元,0.0,0.0
2025-02-12T08:40:00,2025-02-12T08:50:00,2025-02-12,52,0.0,0.0,0.0,0.0,0.0,0.0,0.0,1.061,0.0,1.5915,0.0,5.305,0.0,0.0,0.0,0.0,0.00元,0.0,0.0
2025-02-12T08:50:00,2025-02-12T09:00:00,2025-02-12,53,0.0,0.0,0.0,0.0,0.0,0.0,0.0,1.043,0.0,1.5644999999999998,0.0,5.215,0.0,0.0,0.0,0.0,0.00元,0.0,0.0
2025-02-12T09:00:00,2025-02-12T09:10:00,2025-02-12,54,0.0,0.0,0.0,0.0,0.0,0.0,0.0,1.036,0.0,1.554,0.0,5.18,0.0,0.0,0.0,0.0,0.00元,0.0,0.0
2025-02-12T09:10:00,2025-02-12T09:20:00,2025-02-12,55,0.0,0.0,0.0,0.0,0.0,0.0,0.0,1.0147,0.0,1.52205,0.0,5.073499999999999,0.0,0.0,0.0,0.0,0.00元,0.0,0.0
2025-02-12T09:20:00,2025-02-12T09:30:00,2025-02-12,56,0.0,0.0,0.0,0.0,0.0,0.0,0.0,0.9922,0.0,1.4883,0.0,4.961,0.0,0.0,0.0,0.0,0.00元,0.0,0.0
2025-02-12T09:30:00,2025-02-12T09:40:00,2025-02-12,57,0.0,0.0,0.0,0.0,0.0,0.0,0.0,0.97,0.0,1.455,0.0,4.85,0.0,0.0,0.0,0.0,0.00元,0.0,0.0
2025-02-12T09:40:00,2025-02-12T09:50:00,2025-02-12,58,0.0,0.0,0.0,0.0,0.0,0.0,0.0,0.9422,0.0,1.4133,0.0,4.711,0.0,0.0,0.0,0.0,0.00元,0.0,0.0
2025-02-12T09:50:00,2025-02-12T10:00:00,2025-02-12,59,0.0,0.0,0.0,0.0,0.0,0.0,0.0,0.9569,0.0,1.43535,0.0,4.7844999999999995,0.0,0.0,0.0,0.0,0.00元,0.0,0.0
2025-02-12T10:00:00,2025-02-12T10:10:00,2025-02-12,60,0.0,0.0,0.0,0.0,0.0,0.0,0.0,0.9977,0.0,1.49655,0.0,4.9885,0.0,0.0,0.0,0.0,0.00元,0.0,0.0
2025-02-12T10:10:00,2025-02-12T10:20:00,2025-02-12,61,0.0,0.0,0.0,0.0,0.0,0.0,0.0,0.9919,0.0,1.48785,0.0,4.9595,0.0,0.0,0.0,0.0,0.00元,0.0,0.0
2025-02-12T10:20:00,2025-02-12T10:30:00,2025-02-12,62,0.0,0.0,0.0,0.0,0.0,0.0,0.0,0.9588,0.0,1.4382,0.0,4.794,0.0,0.0,0.0,0.0,0.00元,0.0,0.0
2025-02-12T10:30:00,2025-02-12T10:40:00,2025-02-12,63,0.0,0.0,0.0,0.0,0.0,0.0,0.0,0.9549,0.0,1.43235,0.0,4.7745,0.0,0.0,0.0,0.0,0.00元,0.0,0.0
2025-02-12T10:40:00,2025-02-12T10:50:00,2025-02-12,64,0.0,0.0,0.0,0.0,0.0,0.0,0.0,0.9839,0.0,1.4758499999999999,0.0,4.9195,0.0,0.0,0.0,0.0,0.00元,0.0,0.0
2025-02-12T10:50:00,2025-02-12T11:00:00,2025-02-12,65,98.17434004512256,48.344886887897246,0.0,48.344886887897246,-49.829453157225316,0.0,48.344886887897246,0.799,38.627564623429905,1.1985000000000001,0.0,3.995,0.0,0.0,0.0,38.627564623429905,38.63元,0.0,48.344886887897246
2025-02-12T11:00:00,2025-02-12T11:10:00,2025-02-12,66,904.7297063145696,854.431908681482,0.0,854.431908681482,-50.29779763308761,0.0,854.431908681482,0.5025,429.35203411244464,0.7537499999999999,0.0,2.5124999999999997,0.0,0.0,0.0,429.35203411244464,429.35元,0.0,854.431908681482
2025-02-12T11:10:00,2025-02-12T11:20:00,2025-02-12,67,887.9674875676,837.3677022165786,0.0,837.3677022165786,-50.59978535102141,0.0,837.3677022165786,0.4662,390.38082277336895,0.6993,0.0,2.331,0.0,0.0,0.0,390.38082277336895,390.38元,0.0,837.3677022165786
2025-02-12T11:20:00,2025-02-12T11:30:00,2025-02-12,68,843.8643890546219,792.5361925357985,0.0,792.5361925357985,-51.32819651882346,0.0,792.5361925357985,0.5007,396.8228716026743,0.75105,0.0,2.5035000000000003,0.0,0.0,0.0,396.8228716026743,396.82元,0.0,792.5361925357985
2025-02-12T11:30:00,2025-02-12T11:40:00,2025-02-12,69,818.3334843535232,766.5320773941024,0.0,766.5320773941024,-51.801406959420774,0.0,766.5320773941024,0.4827,370.00503375813327,0.7240500000000001,0.0,2.4135,0.0,0.0,0.0,370.00503375813327,370.01元,0.0,766.5320773941024
2025-02-12T11:40:00,2025-02-12T11:50:00,2025-02-12,70,860.1478100766434,809.0043137900769,0.0,809.0043137900769,-51.14349628656646,0.0,809.0043137900769,0.4785,387.1085641485518,0.71775,0.0,2.3925,0.0,0.0,0.0,387.1085641485518,387.11元,0.0,809.0043137900769
2025-02-12T11:50:00,2025-02-12T12:00:00,2025-02-12,71,837.1984392402429,786.3852805706334,0.0,786.3852805706334,-50.81315866960949,0.0,786.3852805706334,0.4662,366.6128178020293,0.6993,0.0,2.331,0.0,0.0,0.0,366.6128178020293,366.61元,0.0,786.3852805706334
2025-02-12T12:00:00,2025-02-12T12:10:00,2025-02-12,72,766.0158753615646,728.6422260999593,0.0,728.6422260999593,-37.37364926160524,0.0,728.6422260999593,0.4432,322.93423460750193,0.6648,0.0,2.2159999999999997,0.0,335.07656989679606,74.25296788913,397.1872024966319,397.19元,0.0,728.6422260999593
2025-02-12T12:10:00,2025-02-12T12:20:00,2025-02-12,73,757.4477911190967,720.3159047140587,0.0,720.3159047140587,-37.13188640503802,0.0,720.3159047140587,0.4411,317.7313455693713,0.66165,0.0,2.2055,0.0,0.0,0.0,317.7313455693713,317.73元,0.0,720.3159047140587
2025-02-12T12:20:00,2025-02-12T12:30:00,2025-02-12,74,762.6775273395793,725.9191332688932,0.0,725.9191332688932,-36.75839407068611,0.0,725.9191332688932,0.4551,330.36579755067334,0.68265,0.0,2.2755,0.0,0.0,0.0,330.36579755067334,330.37元,0.0,725.9191332688932
2025-02-12T12:30:00,2025-02-12T12:40:00,2025-02-12,75,757.4729114406226,721.171325155436,0.0,721.171325155436,-36.30158628518666,0.0,721.171325155436,0.4463,321.85876241687106,0.66945,0.0,2.2315,0.0,0.0,0.0,321.85876241687106,321.86元,0.0,721.171325155436
2025-02-12T12:40:00,2025-02-12T12:50:00,2025-02-12,76,784.0444900601377,748.2034350739774,0.0,748.2034350739774,-35.841054986160316,0.0,748.2034350739774,0.4113,307.7360728459269,0.61695,0.0,2.0564999999999998,0.0,0.0,0.0,307.7360728459269,307.74元,0.0,748.2034350739774
2025-02-12T12:50:00,2025-02-12T13:00:00,2025-02-12,77,800.4169233273368,765.0633929956203,0.0,765.0633929956203,-35.353530331716456,0.0,765.0633929956203,0.5682,434.7090199001115,0.8523000000000001,0.0,2.841,0.0,0.0,0.0,434.7090199001115,434.71元,0.0,765.0633929956203
2025-02-12T13:00:00,2025-02-12T13:10:00,2025-02-12,78,0.0,0.0,0.0,0.0,0.0,0.0,0.0,0.8279,0.0,1.24185,0.0,4.1395,0.0,0.0,0.0,0.0,0.00元,0.0,0.0
2025-02-12T13:10:00,2025-02-12T13:20:00,2025-02-12,79,0.0,0.0,0.0,0.0,0.0,0.0,0.0,0.8636,0.0,1.2954,0.0,4.3180000000000005,0.0,0.0,0.0,0.0,0.00元,0.0,0.0
2025-02-12T13:20:00,2025-02-12T13:30:00,2025-02-12,80,23.883963802783,18.05154389511995,0.0,18.05154389511995,-5.832419907663052,0.0,18.05154389511995,0.8416,15.192179342132949,1.2624,0.0,4.208,0.0,0.0,0.0,15.192179342132949,15.19元,0.0,18.05154389511995
2025-02-12T13:30:00,2025-02-12T13:40:00,2025-02-12,81,59.28926699117824,53.74021641499189,0.0,53.74021641499189,-5.549050576186346,0.0,53.74021641499189,0.8618,46.31331850644001,1.2927,0.0,4.309,0.0,0.0,0.0,46.31331850644001,46.31元,0.0,53.74021641499189
2025-02-12T13:40:00,2025-02-12T13:50:00,2025-02-12,82,77.63319296073212,72.19838175443078,0.0,72.19838175443078,-5.434811206301333,0.0,72.19838175443078,0.8623,62.25666458684566,1.29345,0.0,4.3115,0.0,0.0,0.0,62.25666458684566,62.26元,0.0,72.19838175443078
2025-02-12T13:50:00,2025-02-12T14:00:00,2025-02-12,83,0.0,0.0,0.0,0.0,0.0,0.0,0.0,0.9026,0.0,1.3538999999999999,0.0,4.513,0.0,0.0,0.0,0.0,0.00元,0.0,0.0
2025-02-12T14:00:00,2025-02-12T14:10:00,2025-02-12,84,0.0,0.0,0.0,0.0,0.0,0.0,0.0,0.9754,0.0,1.4631,0.0,4.877000000000001,0.0,0.0,0.0,0.0,0.00元,0.0,0.0
2025-02-12T14:10:00,2025-02-12T14:20:00,2025-02-12,85,0.0,0.0,0.0,0.0,0.0,0.0,0.0,1.0002,0.0,1.5003,0.0,5.0009999999999994,0.0,0.0,0.0,0.0,0.00元,0.0,0.0
2025-02-12T14:20:00,2025-02-12T14:30:00,2025-02-12,86,0.0,0.0,0.0,0.0,0.0,0.0,0.0,0.9978,0.0,1.4967000000000001,0.0,4.989,0.0,0.0,0.0,0.0,0.00元,0.0,0.0
2025-02-12T14:30:00,2025-02-12T14:40:00,2025-02-12,87,0.0,0.0,0.0,0.0,0.0,0.0,0.0,1.0271,0.0,1.5406499999999999,0.0,5.1354999999999995,0.0,0.0,0.0,0.0,0.00元,0.0,0.0
2025-02-12T14:40:00,2025-02-12T14:50:00,2025-02-12,88,0.0,0.0,0.0,0.0,0.0,0.0,0.0,1.0906,0.0,1.6359,0.0,5.453,0.0,0.0,0.0,0.0,0.00元,0.0,0.0
2025-02-12T14:50:00,2025-02-12T15:00:00,2025-02-12,89,0.0,0.0,0.0,0.0,0.0,0.0,0.0,0.9376,0.0,1.4064,0.0,4.688,0.0,0.0,0.0,0.0,0.00元,0.0,0.0
2025-02-12T15:00:00,2025-02-12T15:10:00,2025-02-12,90,1195.2871056928605,1192.999845430069,0.0,1192.999845430069,-2.2872602627915057,0.0,1192.999845430069,0.6694,798.5940965308881,1.0041,0.0,3.347,0.0,0.0,0.0,798.5940965308881,798.59元,0.0,1192.999845430069
2025-02-12T15:10:00,2025-02-12T15:20:00,2025-02-12,91,1230.4607842762823,1228.236184704361,0.0,1228.236184704361,-2.224599571921317,0.0,1228.236184704361,0.66,810.6358819048783,0.99,0.0,3.3000000000000003,0.0,0.0,0.0,810.6358819048783,810.64元,0.0,1228.236184704361
2025-02-12T15:20:00,2025-02-12T15:30:00,2025-02-12,92,726.1502885169202,726.1502885169202,0.0,726.1502885169202,0.0,0.0,726.1502885169202,0.7217,524.0626632226613,1.08255,0.0,3.6085000000000003,0.0,0.0,0.0,524.0626632226613,524.06元,0.0,726.1502885169202
2025-02-12T15:30:00,2025-02-12T15:40:00,2025-02-12,93,491.1043287433007,491.1043287433007,0.0,491.1043287433007,0.0,0.0,491.1043287433007,0.7308,358.89904344560415,1.0962,0.0,3.654,0.0,0.0,0.0,358.89904344560415,358.90元,0.0,491.1043287433007
2025-02-12T15:40:00,2025-02-12T15:50:00,2025-02-12,94,532.5898771711256,532.5898771711256,0.0,532.5898771711256,0.0,0.0,532.5898771711256,0.7534,401.25321346072604,1.1300999999999999,0.0,3.767,0.0,0.0,0.0,401.25321346072604,401.25元,0.0,532.5898771711256
2025-02-12T15:50:00,2025-02-12T16:00:00,2025-02-12,95,590.2041598871119,590.2041598871119,0.0,590.2041598871119,0.0,0.0,590.2041598871119,0.7823,461.71671427968766,1.1734499999999999,0.0,3.9115,0.0,0.0,0.0,461.71671427968766,461.72元,0.0,590.2041598871119
2025-02-12T16:00:00,2025-02-12T16:10:00,2025-02-12,96,653.1350303640327,648.0762612718052,0.0,648.0762612718052,-5.0587690922275215,0.0,648.0762612718052,0.8055,522.0254284544391,1.20825,0.0,4.0275,0.0,0.0,0.0,522.0254284544391,522.03元,0.0,648.0762612718052
2025-02-12T16:10:00,2025-02-12T16:20:00,2025-02-12,97,688.5083507922777,680.333888598115,0.0,680.333888598115,-8.174462194162743,0.0,680.333888598115,0.8271,562.7041592595009,1.24065,0.0,4.1354999999999995,0.0,0.0,0.0,562.7041592595009,562.70元,0.0,680.333888598115
2025-02-12T16:20:00,2025-02-12T16:30:00,2025-02-12,98,742.413410164563,734.462891636502,0.0,734.462891636502,-7.950518528060911,0.0,734.462891636502,0.8519,625.6889373851361,1.27785,0.0,4.2595,0.0,0.0,0.0,625.6889373851361,625.69元,0.0,734.462891636502
2025-02-12T16:30:00,2025-02-12T16:40:00,2025-02-12,99,812.5981529561694,804.8654430403807,0.0,804.8654430403807,-7.732709915788746,0.0,804.8654430403807,0.8791,707.5572109767986,1.3186499999999999,0.0,4.3955,0.0,0.0,0.0,707.5572109767986,707.56元,0.0,804.8654430403807
2025-02-12T16:40:00,2025-02-12T16:50:00,2025-02-12,100,850.5764910197448,843.0556227354067,0.0,843.0556227354067,-7.520868284338121,0.0,843.0556227354067,0.9024,760.7733939564309,1.3536,0.0,4.512,0.0,0.0,0.0,760.7733939564309,760.77元,0.0,843.0556227354067
2025-02-12T16:50:00,2025-02-12T17:00:00,2025-02-12,101,894.8371511946651,887.5223210295156,0.0,887.5223210295156,-7.314830165149488,0.0,887.5223210295156,0.9163,813.2367027593452,1.37445,0.0,4.5815,0.0,0.0,0.0,813.2367027593452,813.24元,0.0,887.5223210295156
2025-02-12T17:00:00,2025-02-12T17:10:00,2025-02-12,102,954.3029192261869,947.1884826582167,0.0,947.1884826582167,-7.114436567970188,0.0,947.1884826582167,0.9264,877.475410334572,1.3896,0.0,4.632,0.0,0.0,0.0,877.475410334572,877.48元,0.0,947.1884826582167
2025-02-12T17:10:00,2025-02-12T17:20:00,2025-02-12,103,993.4434529705699,986.5239201124017,0.0,986.5239201124017,-6.919532858168168,0.0,986.5239201124017,0.9462,933.4489332103545,1.4193,0.0,4.731,0.0,0.0,0.0,933.4489332103545,933.45元,0.0,986.5239201124017
2025-02-12T17:20:00,2025-02-12T17:30:00,2025-02-12,104,1008.2366347671166,1001.5066661297087,0.0,1001.5066661297087,-6.729968637407865,0.0,1001.5066661297087,0.9742,975.6677941435622,1.4613,0.0,4.8709999999999996,0.0,0.0,0.0,975.6677941435622,975.67元,0.0,1001.5066661297087
2025-02-12T17:30:00,2025-02-12T17:40:00,2025-02-12,105,1027.4173416676024,1020.8717440400069,0.0,1020.8717440400069,-6.545597627595498,0.0,1020.8717440400069,0.9862,1006.7837139722548,1.4792999999999998,0.0,4.931,0.0,0.0,0.0,1006.7837139722548,1006.78元,0.0,1020.8717440400069
2025-02-12T17:40:00,2025-02-12T17:50:00,2025-02-12,106,1055.8893467373684,1049.5230691793668,0.0,1049.5230691793668,-6.366277558001684,0.0,1049.5230691793668,0.976,1024.3345155190618,1.464,0.0,4.88,0.0,0.0,0.0,1024.3345155190618,1024.33元,0.0,1049.5230691793668
2025-02-12T17:50:00,2025-02-12T18:00:00,2025-02-12,107,923.317004880455,917.1251348249774,0.0,917.1251348249774,-6.19187005547758,0.0,917.1251348249774,1.0742,985.1758198289908,1.6113,0.0,5.371,0.0,0.0,0.0,985.1758198289908,985.18元,0.0,917.1251348249774
2025-02-12T18:00:00,2025-02-12T18:10:00,2025-02-12,108,717.1695060459158,711.1472655082356,0.5033178250977244,711.6505833333333,-5.51892271258248,0.0,711.6505833333333,1.2313,875.6356280202905,1.84695,0.9296028570642421,6.1565,0.0,1.316527864253203,0.8105203796274845,877.3757512569823,877.38元,0.0,711.6505833333333
2025-02-12T18:10:00,2025-02-12T18:20:00,2025-02-12,109,714.3283486274933,708.4710905182739,0.4895291701025144,708.9606196883764,-5.367728939116887,0.0,708.9606196883764,1.2561,889.9105368000038,1.88415,0.9223463858486525,6.2805,0.0,0.0,0.0,890.8328831858524,890.83元,0.0,708.9606196883764
2025-02-12T18:20:00,2025-02-12T18:30:00,2025-02-12,110,730.6544687423667,724.9576732817139,0.47611826252079936,725.4337915442347,-5.220677198131966,0.0,725.4337915442347,1.2447,902.3548159337493,1.8670499999999999,0.8889366020394583,6.2235,0.0,0.0,0.0,903.2437525357886,903.24元,0.0,725.4337915442347
2025-02-12T18:30:00,2025-02-12T18:40:00,2025-02-12,111,696.6187122046571,691.0779834344102,0.46307475376454477,691.5410581881747,-5.07765401648237,0.0,691.5410581881747,1.2545,866.9573302184675,1.8817499999999998,0.8713909178964321,6.2725,0.0,0.0,0.0,867.8287211363638,867.83元,0.0,691.5410581881747
2025-02-12T18:40:00,2025-02-12T18:50:00,2025-02-12,112,725.3505611245732,719.9616235161436,0.4503885787510171,720.4120120948946,-4.938549029678597,0.0,720.4120120948946,1.2522,901.535944966915,1.8782999999999999,0.8459648674680355,6.261,0.0,0.0,0.0,902.381909834383,902.38元,0.0,720.4120120948946
2025-02-12T18:50:00,2025-02-12T19:00:00,2025-02-12,113,74.95677452115979,64.57547424494499,662.5640276559482,727.1395019008932,652.1827273797334,0.0,727.1395019008932,1.2881,83.17966837491363,1.93215,1280.1730860354403,6.4405,0.0,0.0,0.0,1363.352754410354,1363.35元,0.0,727.1395019008932
2025-02-12T19:00:00,2025-02-12T19:10:00,2025-02-12,114,2.2503744182678247,2.2503744182678247,7.710928200929175,9.961302619197,7.710928200929175,0.0,9.961302619197,1.3466,3.0303541916394527,2.0199,15.575303873056841,6.7330000000000005,0.0,0.0,0.0,18.605658064696293,18.61元,0.0,9.961302619197
2025-02-12T19:10:00,2025-02-12T19:20:00,2025-02-12,115,8.091889508991244,0.0,4.071703479871417,4.071703479871417,-4.020186029119827,0.0,4.071703479871417,1.3523,0.0,2.0284500000000003,8.259246923745176,6.7615,0.0,0.0,0.0,8.259246923745176,8.26元,0.0,4.071703479871417
2025-02-12T19:20:00,2025-02-12T19:30:00,2025-02-12,116,17.328878401732595,16.17396436283468,0.9712266910659082,17.14519105390059,-0.1836873478320058,0.0,17.14519105390059,1.3445,21.74589508583123,2.01675,1.9587214292071704,6.7225,0.0,0.0,0.0,23.7046165150384,23.70元,0.0,17.14519105390059
2025-02-12T19:30:00,2025-02-12T19:40:00,2025-02-12,117,8.615225018277783,7.257763008811594,5.746608191808264,13.004371200619858,4.389146182342074,0.0,13.004371200619858,1.3483,9.785641864780672,2.02245,11.622227737522623,6.7415,0.0,0.0,0.0,21.407869602303297,21.41元,0.0,13.004371200619858
2025-02-12T19:40:00,2025-02-12T19:50:00,2025-02-12,118,14.608425888690817,12.13878376168691,0.0,12.13878376168691,-2.469642127003908,0.0,12.13878376168691,1.349,16.37521929451564,2.0235,0.0,6.745,0.0,0.0,0.0,16.37521929451564,16.38元,0.0,12.13878376168691
2025-02-12T19:50:00,2025-02-12T20:00:00,2025-02-12,119,0.0,0.0,0.0,0.0,0.0,0.0,0.0,1.3473,0.0,2.02095,0.0,6.7364999999999995,0.0,0.0,0.0,0.0,0.00元,0.0,0.0
2025-02-12T20:00:00,2025-02-12T20:10:00,2025-02-12,120,0.0,0.0,0.0,0.0,0.0,0.0,0.0,1.3482,0.0,2.0223,0.0,6.7410000000000005,0.0,0.0,0.0,0.0,0.00元,0.0,0.0
2025-02-12T20:10:00,2025-02-12T20:20:00,2025-02-12,121,0.0,0.0,0.0,0.0,0.0,0.0,0.0,1.3513,0.0,2.02695,0.0,6.7565,0.0,0.0,0.0,0.0,0.00元,0.0,0.0
2025-02-12T20:20:00,2025-02-12T20:30:00,2025-02-12,122,14.681597206137326,14.681597206137326,247.60834384998105,262.2899410561184,247.60834384998105,0.0,262.2899410561184,1.34,19.67334025622402,2.0100000000000002,497.6927711384619,6.7,0.0,0.0,0.0,517.366111394686,517.37元,0.0,262.2899410561184
2025-02-12T20:30:00,2025-02-12T20:40:00,2025-02-12,123,20.265510309963588,20.265510309963588,1.7531460273569337,22.01865633732052,1.7531460273569337,0.0,22.01865633732052,1.3489,27.336146857109885,2.0233499999999998,3.5472280144526516,6.7445,0.0,0.0,0.0,30.883374871562534,30.88元,0.0,22.01865633732052
2025-02-12T20:40:00,2025-02-12T20:50:00,2025-02-12,124,0.0,0.0,0.0,0.0,0.0,0.0,0.0,1.3952,0.0,2.0928,0.0,6.976,0.0,0.0,0.0,0.0,0.00元,0.0,0.0
2025-02-12T20:50:00,2025-02-12T21:00:00,2025-02-12,125,714.5722112456524,709.5001243517955,0.0,709.5001243517955,-5.072086893856863,0.0,709.5001243517955,1.2226,867.4348520325052,1.8338999999999999,0.0,6.1129999999999995,0.0,0.0,0.0,867.4348520325052,867.43元,0.0,709.5001243517955
2025-02-12T21:00:00,2025-02-12T21:10:00,2025-02-12,126,750.4505926008,744.0688395356219,0.0,744.0688395356219,-6.381753065178032,0.0,744.0688395356219,0.9332,694.3650410546423,1.3998,0.0,4.666,0.0,0.0,0.0,694.3650410546423,694.37元,0.0,744.0688395356219
2025-02-12T21:10:00,2025-02-12T21:20:00,2025-02-12,127,736.8996020058228,730.6926804027798,0.0,730.6926804027798,-6.206921603042929,0.0,730.6926804027798,0.9068,662.5921225892408,1.3602,0.0,4.534000000000001,0.0,0.0,0.0,662.5921225892408,662.59元,0.0,730.6926804027798
2025-02-12T21:20:00,2025-02-12T21:30:00,2025-02-12,128,719.275408236508,715.8201271275103,0.0,715.8201271275103,-3.455281108997724,0.0,715.8201271275103,0.9371,670.7950411311899,1.40565,0.0,4.6855,0.0,0.0,0.0,670.7950411311899,670.80元,0.0,715.8201271275103
2025-02-12T21:30:00,2025-02-12T21:40:00,2025-02-12,129,745.1101463473102,741.7495244710035,0.0,741.7495244710035,-3.360621876306709,0.0,741.7495244710035,0.9371,695.0934793817775,1.40565,0.0,4.6855,0.0,0.0,0.0,695.0934793817775,695.09元,0.0,741.7495244710035
2025-02-12T21:40:00,2025-02-12T21:50:00,2025-02-12,130,743.7144636995299,740.9591107407338,0.0,740.9591107407338,-2.755352958796152,0.0,740.9591107407338,0.9871,731.4007382121782,1.48065,0.0,4.9355,0.0,0.0,0.0,731.4007382121782,731.40元,0.0,740.9591107407338
2025-02-12T21:50:00,2025-02-12T22:00:00,2025-02-12,131,663.9805395277671,663.9805395277671,0.0,663.9805395277671,0.0,0.0,663.9805395277671,0.7764,515.5144908893583,1.1646,0.0,3.8819999999999997,0.0,0.0,0.0,515.5144908893583,515.51元,0.0,663.9805395277671
2025-02-12T22:00:00,2025-02-12T22:10:00,2025-02-12,132,1384.705745786695,1381.613824399718,0.0,1381.613824399718,-3.091921386976992,0.0,1381.613824399718,0.4209,581.5212586898413,0.63135,0.0,2.1045,0.0,0.0,0.0,581.5212586898413,581.52元,14.428824409717883,1367.18499999
2025-02-12T22:10:00,2025-02-12T22:20:00,2025-02-12,133,1376.3787198192947,1373.371503235429,0.0,1373.371503235429,-3.007216583865784,0.0,1373.371503235429,0.3859,529.984063098552,0.5788500000000001,0.0,1.9295,0.0,0.0,0.0,529.984063098552,529.98元,32.39535324542884,1340.97614999
2025-02-12T22:20:00,2025-02-12T22:30:00,2025-02-12,134,564.5482938217458,564.5482938217458,0.0,564.5482938217458,0.0,0.0,564.5482938217458,0.4368,246.59469474133857,0.6552,0.0,2.184,0.0,0.0,0.0,246.59469474133857,246.59元,0.0,564.5482938217458
2025-02-12T22:30:00,2025-02-12T22:40:00,2025-02-12,135,1392.9686997129838,1390.1239947104227,0.0,1390.1239947104227,-2.8447050025611134,0.0,1390.1239947104227,0.4198,583.5740529794355,0.6297,0.0,2.099,0.0,0.0,0.0,583.5740529794355,583.57元,19.42399472042279,1370.69999999
2025-02-12T22:40:00,2025-02-12T22:50:00,2025-02-12,136,1392.7130670420102,1389.9462942204436,0.0,1389.9462942204436,-2.7667728215665193,0.0,1389.9462942204436,0.4186,581.8315187606778,0.6279,0.0,2.093,0.0,0.0,0.0,581.8315187606778,581.83元,0.8775775637769733,1389.0687166566668
2025-02-12T22:50:00,2025-02-12T23:00:00,2025-02-12,137,1396.0575221509966,1393.3665465175775,0.0,1393.3665465175775,-2.690975633419157,0.0,1393.3665465175775,0.4241,590.9267523781045,0.63615,0.0,2.1205,0.0,0.0,0.0,590.9267523781045,590.93元,0.0,1393.3665465175775
2025-02-12T23:00:00,2025-02-12T23:10:00,2025-02-12,138,1397.0255465051537,1394.408291556279,0.0,1394.408291556279,-2.617254948874688,0.0,1394.408291556279,0.4237,590.8107931323955,0.6355500000000001,0.0,2.1185,0.0,0.0,0.0,590.8107931323955,590.81元,2.613291566279023,1391.79499999
2025-02-12T23:10:00,2025-02-12T23:20:00,2025-02-12,139,1017.460419773546,1017.460419773546,0.0,1017.460419773546,0.0,0.0,1017.460419773546,0.4248,432.21718631980235,0.6372,0.0,2.124,0.0,0.0,0.0,432.21718631980235,432.22元,0.0,1017.460419773546
2025-02-12T23:20:00,2025-02-12T23:30:00,2025-02-12,140,1391.3604210715393,1388.8846039701084,0.0,1388.8846039701084,-2.4758171014309482,0.0,1388.8846039701084,0.424,588.887072083326,0.636,0.0,2.12,0.0,0.0,0.0,588.887072083326,588.89元,0.0,1388.8846039701084
2025-02-12T23:30:00,2025-02-12T23:40:00,2025-02-12,141,1393.7335847994989,1391.3255940021259,0.0,1391.3255940021259,-2.4079907973730315,0.0,1391.3255940021259,0.422,587.1394006688971,0.633,0.0,2.11,0.0,0.0,0.0,587.1394006688971,587.14元,0.0,1391.3255940021259
2025-02-12T23:40:00,2025-02-12T23:50:00,2025-02-12,142,1405.161790631134,1402.819768000754,0.0,1402.819768000754,-2.3420226303799154,0.0,1402.819768000754,0.424,594.7955816323197,0.636,0.0,2.12,0.0,0.0,0.0,594.7955816323197,594.80元,0.0,1402.819768000754
2025-02-12T23:50:00,2025-02-13T00:00:00,2025-02-12,143,571.784808931425,571.784808931425,0.0,571.784808931425,0.0,0.0,571.784808931425,0.4271,244.2092918946116,0.6406499999999999,0.0,2.1355,0.0,0.0,0.0,244.2092918946116,244.21元,0.0,571.784808931425
2025-02-13T00:00:00,2025-02-13T00:10:00,2025-02-12,144,570.0634416666667,570.0634416666667,0.0,570.0634416666667,0.0,0.0,570.0634416666667,0.4276,243.75912765666666,0.6414,0.0,2.138,0.0,0.0,0.0,243.75912765666666,243.76元,0.0,570.0634416666667
2025-02-13T00:10:00,2025-02-13T00:20:00,2025-02-13,1,1419.205946617853,1419.205946617853,0.0,1419.205946617853,0.0,0.0,1419.205946617853,0.4248,602.878686123264,0.6372,0.0,2.124,0.0,0.0,0.0,602.878686123264,602.88元,0.0,1419.205946617853
2025-02-13T00:20:00,2025-02-13T00:30:00,2025-02-13,2,1438.1371099413386,1438.1371099413386,0.0,1438.1371099413386,0.0,0.0,1438.1371099413386,0.4245,610.4892031700982,0.6367499999999999,0.0,2.1225,0.0,0.0,0.0,610.4892031700982,610.49元,10.722126618005284,1427.4149833233334
2025-02-13T00:30:00,2025-02-13T00:40:00,2025-02-13,3,618.6460278713905,618.6460278713905,0.0,618.6460278713905,0.0,0.0,618.6460278713905,0.4269,264.09998929829663,0.64035,0.0,2.1345,0.0,0.0,0.0,264.09998929829663,264.10元,0.0,618.6460278713905
2025-02-13T00:40:00,2025-02-13T00:50:00,2025-02-13,4,596.8150919806941,596.8150919806941,0.0,596.8150919806941,0.0,0.0,596.8150919806941,0.4272,254.95940729415253,0.6408,0.0,2.136,0.0,0.0,0.0,254.95940729415253,254.96元,0.0,596.8150919806941
2025-02-13T00:50:00,2025-02-13T01:00:00,2025-02-13,5,612.735875997261,612.735875997261,0.0,612.735875997261,0.0,0.0,612.735875997261,0.4271,261.6994926384302,0.6406499999999999,0.0,2.1355,0.0,0.0,0.0,261.6994926384302,261.70元,0.0,612.735875997261
2025-02-13T01:00:00,2025-02-13T01:10:00,2025-02-13,6,640.8969180322423,640.8969180322423,0.0,640.8969180322423,0.0,0.0,640.8969180322423,0.4285,274.6243293768158,0.6427499999999999,0.0,2.1425,0.0,0.0,0.0,274.6243293768158,274.62元,0.0,640.8969180322423
2025-02-13T01:10:00,2025-02-13T01:20:00,2025-02-13,7,625.7321093774793,625.7321093774793,0.0,625.7321093774793,0.0,0.0,625.7321093774793,0.4311,269.7531123526313,0.64665,0.0,2.1555,0.0,0.0,0.0,269.7531123526313,269.75元,0.0,625.7321093774793
2025-02-13T01:20:00,2025-02-13T01:30:00,2025-02-13,8,605.6826441774202,605.6826441774202,0.0,605.6826441774202,0.0,0.0,605.6826441774202,0.4302,260.5646735251262,0.6453,0.0,2.1510000000000002,0.0,0.0,0.0,260.5646735251262,260.56元,0.0,605.6826441774202
2025-02-13T01:30:00,2025-02-13T01:40:00,2025-02-13,9,613.1401085404674,613.1401085404674,0.0,613.1401085404674,0.0,0.0,613.1401085404674,0.4279,262.362652444466,0.64185,0.0,2.1395,0.0,0.0,0.0,262.362652444466,262.36元,0.0,613.1401085404674
2025-02-13T01:40:00,2025-02-13T01:50:00,2025-02-13,10,639.2341688185079,639.2341688185079,0.0,639.2341688185079,0.0,0.0,639.2341688185079,0.4312,275.63777359454065,0.6468,0.0,2.156,0.0,0.0,0.0,275.63777359454065,275.64元,0.0,639.2341688185079
2025-02-13T01:50:00,2025-02-13T02:00:00,2025-02-13,11,634.0908923879164,634.0908923879164,0.0,634.0908923879164,0.0,0.0,634.0908923879164,0.4333,274.75158367168416,0.64995,0.0,2.1665,0.0,0.0,0.0,274.75158367168416,274.75元,0.0,634.0908923879164
2025-02-13T02:00:00,2025-02-13T02:10:00,2025-02-13,12,605.9367284319931,605.9367284319931,0.0,605.9367284319931,0.0,0.0,605.9367284319931,0.4311,261.2193236270322,0.64665,0.0,2.1555,0.0,0.0,0.0,261.2193236270322,261.22元,0.0,605.9367284319931
2025-02-13T02:10:00,2025-02-13T02:20:00,2025-02-13,13,610.1602478914622,610.1602478914622,0.0,610.1602478914622,0.0,0.0,610.1602478914622,0.4293,261.9417944198047,0.64395,0.0,2.1465,0.0,0.0,0.0,261.9417944198047,261.94元,0.0,610.1602478914622
2025-02-13T02:20:00,2025-02-13T02:30:00,2025-02-13,14,620.0172025829922,620.0172025829922,0.0,620.0172025829922,0.0,0.0,620.0172025829922,0.4324,268.09543839688587,0.6486000000000001,0.0,2.162,0.0,0.0,0.0,268.09543839688587,268.10元,0.0,620.0172025829922
2025-02-13T02:30:00,2025-02-13T02:40:00,2025-02-13,15,616.9110443190372,616.9110443190372,0.0,616.9110443190372,0.0,0.0,616.9110443190372,0.4367,269.4050530541235,0.6550499999999999,0.0,2.1835,0.0,0.0,0.0,269.4050530541235,269.41元,0.0,616.9110443190372
2025-02-13T02:40:00,2025-02-13T02:50:00,2025-02-13,16,616.6274031956248,616.6274031956248,0.0,616.6274031956248,0.0,0.0,616.6274031956248,0.4348,268.10959490945766,0.6522,0.0,2.174,0.0,0.0,0.0,268.10959490945766,268.11元,0.0,616.6274031956248
2025-02-13T02:50:00,2025-02-13T03:00:00,2025-02-13,17,651.5432733813955,651.5432733813955,0.0,651.5432733813955,0.0,0.0,651.5432733813955,0.4335,282.4440090108349,0.65025,0.0,2.1675,0.0,0.0,0.0,282.4440090108349,282.44元,0.0,651.5432733813955
2025-02-13T03:00:00,2025-02-13T03:10:00,2025-02-13,18,684.5080447411852,684.5080447411852,0.0,684.5080447411852,0.0,0.0,684.5080447411852,0.4357,298.2401550937344,0.65355,0.0,2.1784999999999997,0.0,0.0,0.0,298.2401550937344,298.24元,0.0,684.5080447411852
2025-02-13T03:10:00,2025-02-13T03:20:00,2025-02-13,19,646.8239802941235,646.8239802941235,0.0,646.8239802941235,0.0,0.0,646.8239802941235,0.4374,282.92080898064967,0.6561,0.0,2.1870000000000003,0.0,0.0,0.0,282.92080898064967,282.92元,0.0,646.8239802941235
2025-02-13T03:20:00,2025-02-13T03:30:00,2025-02-13,20,631.9612470062131,631.9612470062131,0.0,631.9612470062131,0.0,0.0,631.9612470062131,0.4371,276.2302610664157,0.65565,0.0,2.1854999999999998,0.0,0.0,0.0,276.2302610664157,276.23元,0.0,631.9612470062131
2025-02-13T03:30:00,2025-02-13T03:40:00,2025-02-13,21,659.8172624173577,659.8172624173577,0.0,659.8172624173577,0.0,0.0,659.8172624173577,0.4356,287.416399509001,0.6534,0.0,2.178,0.0,0.0,0.0,287.416399509001,287.42元,0.0,659.8172624173577
2025-02-13T03:40:00,2025-02-13T03:50:00,2025-02-13,22,662.3175137694777,662.3175137694777,0.0,662.3175137694777,0.0,0.0,662.3175137694777,0.4353,288.3068137438537,0.65295,0.0,2.1765,0.0,0.0,0.0,288.3068137438537,288.31元,0.0,662.3175137694777
2025-02-13T03:50:00,2025-02-13T04:00:00,2025-02-13,23,676.1491396356806,676.1491396356806,0.0,676.1491396356806,0.0,0.0,676.1491396356806,0.436,294.80102488115676,0.654,0.0,2.18,0.0,0.0,0.0,294.80102488115676,294.80元,0.0,676.1491396356806
2025-02-13T04:00:00,2025-02-13T04:10:00,2025-02-13,24,696.4346807171257,696.4346807171257,0.0,696.4346807171257,0.0,0.0,696.4346807171257,0.4378,304.89910321795765,0.6567000000000001,0.0,2.189,0.0,0.0,0.0,304.89910321795765,304.90元,0.0,696.4346807171257
2025-02-13T04:10:00,2025-02-13T04:20:00,2025-02-13,25,671.9934289742215,671.9934289742215,0.0,671.9934289742215,0.0,0.0,671.9934289742215,0.4401,295.7443080915549,0.66015,0.0,2.2005,0.0,0.0,0.0,295.7443080915549,295.74元,0.0,671.9934289742215
2025-02-13T04:20:00,2025-02-13T04:30:00,2025-02-13,26,641.5672792587945,641.5672792587945,0.0,641.5672792587945,0.0,0.0,641.5672792587945,0.4389,281.5838788666849,0.65835,0.0,2.1945,0.0,0.0,0.0,281.5838788666849,281.58元,0.0,641.5672792587945
2025-02-13T04:30:00,2025-02-13T04:40:00,2025-02-13,27,645.8526409472031,645.8526409472031,0.0,645.8526409472031,0.0,0.0,645.8526409472031,0.4364,281.85009250935946,0.6546000000000001,0.0,2.182,0.0,0.0,0.0,281.85009250935946,281.85元,0.0,645.8526409472031
2025-02-13T04:40:00,2025-02-13T04:50:00,2025-02-13,28,684.7065050129432,684.7065050129432,0.0,684.7065050129432,0.0,0.0,684.7065050129432,0.4393,300.79156765218596,0.65895,0.0,2.1965000000000003,0.0,0.0,0.0,300.79156765218596,300.79元,0.0,684.7065050129432
2025-02-13T04:50:00,2025-02-13T05:00:00,2025-02-13,29,684.2445868020469,684.2445868020469,0.0,684.2445868020469,0.0,0.0,684.2445868020469,0.4422,302.57295628386515,0.6633,0.0,2.211,0.0,0.0,0.0,302.57295628386515,302.57元,0.0,684.2445868020469
2025-02-13T05:00:00,2025-02-13T05:10:00,2025-02-13,30,654.2564170546027,654.2564170546027,0.0,654.2564170546027,0.0,0.0,654.2564170546027,0.4395,287.54569529549786,0.65925,0.0,2.1975,0.0,0.0,0.0,287.54569529549786,287.55元,0.0,654.2564170546027
2025-02-13T05:10:00,2025-02-13T05:20:00,2025-02-13,31,674.3416083253162,674.3416083253162,0.0,674.3416083253162,0.0,0.0,674.3416083253162,0.4333,292.1922188873595,0.64995,0.0,2.1665,0.0,0.0,0.0,292.1922188873595,292.19元,0.0,674.3416083253162
2025-02-13T05:20:00,2025-02-13T05:30:00,2025-02-13,32,697.5148562989608,697.5148562989608,0.0,697.5148562989608,0.0,0.0,697.5148562989608,0.4439,309.62684471110873,0.66585,0.0,2.2195,0.0,0.0,0.0,309.62684471110873,309.63元,0.0,697.5148562989608
2025-02-13T05:30:00,2025-02-13T05:40:00,2025-02-13,33,681.9793743531558,681.9793743531558,0.0,681.9793743531558,0.0,0.0,681.9793743531558,0.4301,293.31932890929227,0.64515,0.0,2.1505,0.0,0.0,0.0,293.31932890929227,293.32元,0.0,681.9793743531558
2025-02-13T05:40:00,2025-02-13T05:50:00,2025-02-13,34,1485.3376492935058,1485.3376492935058,0.0,1485.3376492935058,0.0,0.0,1485.3376492935058,0.3713,551.5058691826788,0.5569500000000001,0.0,1.8565,0.0,0.0,0.0,551.5058691826788,551.51元,360.3145508664674,1125.0230984270383
2025-02-13T05:50:00,2025-02-13T06:00:00,2025-02-13,35,735.4420490457001,735.4420490457001,0.0,735.4420490457001,0.0,0.0,735.4420490457001,0.5708,419.79032159528555,0.8562,0.0,2.854,0.0,0.0,0.0,419.79032159528555,419.79元,0.0,735.4420490457001
2025-02-13T06:00:00,2025-02-13T06:10:00,2025-02-13,36,165.76177218449425,165.76177218449425,7.29512781550568,173.05689999999993,7.29512781550568,0.0,173.05689999999993,0.9099,150.82663651067134,1.3648500000000001,9.956755198992928,4.5495,0.0,1158.1913337380151,526.9191472841101,687.7025389937743,687.70元,0.0,173.05689999999993
2025-02-13T06:10:00,2025-02-13T06:20:00,2025-02-13,37,170.96738269907553,170.96738269907553,12.140858774642425,183.10824147371795,12.140858774642425,0.0,183.10824147371795,0.9368,160.16224411249394,1.4052,17.060334750127534,4.684,0.0,0.0,0.0,177.22257886262148,177.22元,0.0,183.10824147371795
2025-02-13T06:20:00,2025-02-13T06:30:00,2025-02-13,38,889.4310400238967,353.4806610189032,0.0,353.4806610189032,-535.9503790049935,0.0,353.4806610189032,0.8758,309.57836292035546,1.3137,0.0,4.3790000000000004,0.0,0.0,0.0,309.57836292035546,309.58元,0.0,353.4806610189032
2025-02-13T06:30:00,2025-02-13T06:40:00,2025-02-13,39,310.41784428354504,172.20093244156806,0.0,172.20093244156806,-138.21691184197698,0.0,172.20093244156806,0.8759,150.83079672556946,1.31385,0.0,4.3795,0.0,0.0,0.0,150.83079672556946,150.83元,0.0,172.20093244156806
2025-02-13T06:40:00,2025-02-13T06:50:00,2025-02-13,40,861.0791435234056,861.0791435234056,0.0,861.0791435234056,0.0,0.0,861.0791435234056,0.8601,740.6141713444812,1.29015,0.0,4.3004999999999995,0.0,0.0,0.0,740.6141713444812,740.61元,0.0,861.0791435234056
2025-02-13T06:50:00,2025-02-13T07:00:00,2025-02-13,41,817.8550404415543,817.8550404415543,0.0,817.8550404415543,0.0,0.0,817.8550404415543,0.8442,690.4332251407601,1.2663,0.0,4.221,0.0,0.0,0.0,690.4332251407601,690.43元,0.0,817.8550404415543
2025-02-13T07:00:00,2025-02-13T07:10:00,2025-02-13,42,783.3982428582684,783.3982428582684,0.0,783.3982428582684,0.0,0.0,783.3982428582684,0.8334,652.8840955980809,1.2501,0.0,4.167,0.0,0.0,0.0,652.8840955980809,652.88元,0.0,783.3982428582684
2025-02-13T07:10:00,2025-02-13T07:20:00,2025-02-13,43,738.850159108973,738.850159108973,0.0,738.850159108973,0.0,0.0,738.850159108973,0.8092,597.877548750981,1.2138,0.0,4.046,0.0,0.0,0.0,597.877548750981,597.88元,0.0,738.850159108973
2025-02-13T07:20:00,2025-02-13T07:30:00,2025-02-13,44,699.3186621912951,699.3186621912951,0.0,699.3186621912951,0.0,0.0,699.3186621912951,0.7972,557.4968374989004,1.1958,0.0,3.986,0.0,0.0,0.0,557.4968374989004,557.50元,0.0,699.3186621912951
2025-02-13T07:30:00,2025-02-13T07:40:00,2025-02-13,45,637.572344836493,637.572344836493,0.0,637.572344836493,0.0,0.0,637.572344836493,0.7644,487.3603003930152,1.1465999999999998,0.0,3.822,0.0,0.0,0.0,487.3603003930152,487.36元,0.0,637.572344836493
2025-02-13T07:40:00,2025-02-13T07:50:00,2025-02-13,46,1379.9215701976993,1379.2734840282237,0.0,1379.2734840282237,-0.6480861694756186,0.0,1379.2734840282237,0.6899,951.5607766310715,1.03485,0.0,3.4494999999999996,0.0,0.0,0.0,951.5607766310715,951.56元,0.0,1379.2734840282237
2025-02-13T07:50:00,2025-02-13T08:00:00,2025-02-13,47,631.3718699398975,629.7780336785063,0.0,629.7780336785063,-1.593836261391175,0.0,629.7780336785063,0.86,541.6091089635154,1.29,0.0,4.3,0.0,0.0,0.0,541.6091089635154,541.61元,0.0,629.7780336785063
2025-02-13T08:00:00,2025-02-13T08:10:00,2025-02-13,48,98.00904806868687,98.00904806868687,5.118644674562802,103.12769274324967,5.118644674562802,0.0,103.12769274324967,1.1617,113.85711114139353,1.74255,8.91949427765941,5.8084999999999996,0.0,0.0,0.0,122.77660541905294,122.78元,0.0,103.12769274324967
2025-02-13T08:10:00,2025-02-13T08:20:00,2025-02-13,49,98.99397224162283,98.99397224162283,6.215734444478471,105.2097066861013,6.215734444478471,0.0,105.2097066861013,1.1683,115.65465776988793,1.7524499999999998,10.892763827226297,5.8415,0.0,0.0,0.0,126.54742159711424,126.55元,0.0,105.2097066861013
2025-02-13T08:20:00,2025-02-13T08:30:00,2025-02-13,50,3.3545018240552054,3.3545018240552054,4.322017679767555,7.67651950382276,4.322017679767555,0.0,7.67651950382276,1.0956,3.6751921984348828,1.6433999999999997,7.102803854929999,5.478,0.0,0.0,0.0,10.777996053364882,10.78元,0.0,7.67651950382276
2025-02-13T08:30:00,2025-02-13T08:40:00,2025-02-13,51,0.0,0.0,0.0,0.0,0.0,0.0,0.0,1.0849,0.0,1.6273499999999999,0.0,5.4245,0.0,0.0,0.0,0.0,0.00元,0.0,0.0
2025-02-13T08:40:00,2025-02-13T08:50:00,2025-02-13,52,0.0,0.0,0.0,0.0,0.0,0.0,0.0,1.061,0.0,1.5915,0.0,5.305,0.0,0.0,0.0,0.0,0.00元,0.0,0.0
2025-02-13T08:50:00,2025-02-13T09:00:00,2025-02-13,53,0.0,0.0,0.0,0.0,0.0,0.0,0.0,1.043,0.0,1.5644999999999998,0.0,5.215,0.0,0.0,0.0,0.0,0.00元,0.0,0.0
2025-02-13T09:00:00,2025-02-13T09:10:00,2025-02-13,54,0.0,0.0,0.0,0.0,0.0,0.0,0.0,1.036,0.0,1.554,0.0,5.18,0.0,0.0,0.0,0.0,0.00元,0.0,0.0
2025-02-13T09:10:00,2025-02-13T09:20:00,2025-02-13,55,0.0,0.0,0.0,0.0,0.0,0.0,0.0,1.0147,0.0,1.52205,0.0,5.073499999999999,0.0,0.0,0.0,0.0,0.00元,0.0,0.0
2025-02-13T09:20:00,2025-02-13T09:30:00,2025-02-13,56,0.0,0.0,0.0,0.0,0.0,0.0,0.0,0.9922,0.0,1.4883,0.0,4.961,0.0,0.0,0.0,0.0,0.00元,0.0,0.0
2025-02-13T09:30:00,2025-02-13T09:40:00,2025-02-13,57,0.0,0.0,0.0,0.0,0.0,0.0,0.0,0.97,0.0,1.455,0.0,4.85,0.0,0.0,0.0,0.0,0.00元,0.0,0.0
2025-02-13T09:40:00,2025-02-13T09:50:00,2025-02-13,58,0.0,0.0,0.0,0.0,0.0,0.0,0.0,0.9422,0.0,1.4133,0.0,4.711,0.0,0.0,0.0,0.0,0.00元,0.0,0.0
2025-02-13T09:50:00,2025-02-13T10:00:00,2025-02-13,59,0.0,0.0,0.0,0.0,0.0,0.0,0.0,0.9569,0.0,1.43535,0.0,4.7844999999999995,0.0,0.0,0.0,0.0,0.00元,0.0,0.0
2025-02-13T10:00:00,2025-02-13T10:10:00,2025-02-13,60,0.0,0.0,0.0,0.0,0.0,0.0,0.0,0.9977,0.0,1.49655,0.0,4.9885,0.0,0.0,0.0,0.0,0.00元,0.0,0.0
2025-02-13T10:10:00,2025-02-13T10:20:00,2025-02-13,61,0.0,0.0,0.0,0.0,0.0,0.0,0.0,0.9919,0.0,1.48785,0.0,4.9595,0.0,0.0,0.0,0.0,0.00元,0.0,0.0
2025-02-13T10:20:00,2025-02-13T10:30:00,2025-02-13,62,0.0,0.0,0.0,0.0,0.0,0.0,0.0,0.9588,0.0,1.4382,0.0,4.794,0.0,0.0,0.0,0.0,0.00元,0.0,0.0
2025-02-13T10:30:00,2025-02-13T10:40:00,2025-02-13,63,0.0,0.0,0.0,0.0,0.0,0.0,0.0,0.9549,0.0,1.43235,0.0,4.7745,0.0,0.0,0.0,0.0,0.00元,0.0,0.0
2025-02-13T10:40:00,2025-02-13T10:50:00,2025-02-13,64,0.0,0.0,0.0,0.0,0.0,0.0,0.0,0.9839,0.0,1.4758499999999999,0.0,4.9195,0.0,0.0,0.0,0.0,0.00元,0.0,0.0
2025-02-13T10:50:00,2025-02-13T11:00:00,2025-02-13,65,58.16694775287033,10.667816455606953,0.0,10.667816455606953,-47.499131297263375,0.0,10.667816455606953,0.799,8.523585348029956,1.1985000000000001,0.0,3.995,0.0,0.0,0.0,8.523585348029956,8.52元,0.0,10.667816455606953
2025-02-13T11:00:00,2025-02-13T11:10:00,2025-02-13,66,898.7307387255861,860.5837137474274,0.0,860.5837137474274,-38.1470249781587,0.0,860.5837137474274,0.5025,432.4433161580822,0.7537499999999999,0.0,2.5124999999999997,0.0,0.0,0.0,432.4433161580822,432.44元,0.0,860.5837137474274
2025-02-13T11:10:00,2025-02-13T11:20:00,2025-02-13,67,906.654633457205,867.865291859789,0.0,867.865291859789,-38.78934159741607,0.0,867.865291859789,0.4662,404.59879906503363,0.6993,0.0,2.331,0.0,0.0,0.0,404.59879906503363,404.60元,0.0,867.865291859789
2025-02-13T11:20:00,2025-02-13T11:30:00,2025-02-13,68,863.8716663714289,824.1160921597562,0.0,824.1160921597562,-39.75557421167264,0.0,824.1160921597562,0.5007,412.63492734439,0.75105,0.0,2.5035000000000003,0.0,0.0,0.0,412.63492734439,412.63元,0.0,824.1160921597562
2025-02-13T11:30:00,2025-02-13T11:40:00,2025-02-13,69,808.837437136128,768.3707586418585,0.0,768.3707586418585,-40.466678494269445,0.0,768.3707586418585,0.4827,370.8925651964251,0.7240500000000001,0.0,2.4135,0.0,0.0,0.0,370.8925651964251,370.89元,0.0,768.3707586418585
2025-02-13T11:40:00,2025-02-13T11:50:00,2025-02-13,70,829.9921972976925,789.7430181340802,0.0,789.7430181340802,-40.249179163612325,0.0,789.7430181340802,0.4785,377.89203417715737,0.71775,0.0,2.3925,0.0,0.0,0.0,377.89203417715737,377.89元,0.0,789.7430181340802
2025-02-13T11:50:00,2025-02-13T12:00:00,2025-02-13,71,813.3267247457962,773.2609758856828,0.0,773.2609758856828,-40.065748860113445,0.0,773.2609758856828,0.4662,360.4942669579053,0.6993,0.0,2.331,0.0,0.0,0.0,360.4942669579053,360.49元,0.0,773.2609758856828
2025-02-13T12:00:00,2025-02-13T12:10:00,2025-02-13,72,764.9270160367063,744.0589754255963,0.0,744.0589754255963,-20.86804061111002,0.0,744.0589754255963,0.4432,329.76693790862424,0.6648,0.0,2.2159999999999997,0.0,180.55956984253862,40.012000677106556,369.77893858573077,369.78元,0.0,744.0589754255963
2025-02-13T12:10:00,2025-02-13T12:20:00,2025-02-13,73,767.0933628156682,746.4987312008981,0.0,746.4987312008981,-20.59463161477015,0.0,746.4987312008981,0.4411,329.28059033271614,0.66165,0.0,2.2055,0.0,0.0,0.0,329.28059033271614,329.28元,0.0,746.4987312008981
2025-02-13T12:20:00,2025-02-13T12:30:00,2025-02-13,74,789.7257354627362,757.643700532948,11.849297227301122,769.4929977602491,-20.232737702487157,0.0,769.4929977602491,0.4551,344.80364811254464,0.68265,8.08892275221711,2.2755,0.0,0.0,0.0,352.89257086476175,352.89元,0.0,769.4929977602491
2025-02-13T12:30:00,2025-02-13T12:40:00,2025-02-13,75,784.2498431671755,764.4362239317242,0.0,764.4362239317242,-19.81361923545137,0.0,764.4362239317242,0.4463,341.1678867407285,0.66945,0.0,2.2315,0.0,0.0,0.0,341.1678867407285,341.17元,0.0,764.4362239317242
2025-02-13T12:40:00,2025-02-13T12:50:00,2025-02-13,76,755.7972954492756,736.322657518747,0.0,736.322657518747,-19.474637930528615,0.0,736.322657518747,0.4113,302.8495090374606,0.61695,0.0,2.0564999999999998,0.0,0.0,0.0,302.8495090374606,302.85元,0.0,736.322657518747
2025-02-13T12:50:00,2025-02-13T13:00:00,2025-02-13,77,776.2996117404547,744.5442555695375,12.601859695551184,757.1461152650887,-19.153496475365955,0.0,757.1461152650887,0.5682,423.05004601461127,0.8523000000000001,10.740565018518275,2.841,0.0,0.0,0.0,433.79061103312955,433.79元,0.0,757.1461152650887
2025-02-13T13:00:00,2025-02-13T13:10:00,2025-02-13,78,7.749968495670373,0.0,0.0,0.0,-7.749968495670373,0.0,0.0,0.8279,0.0,1.24185,0.0,4.1395,0.0,0.0,0.0,0.0,0.00元,0.0,0.0
2025-02-13T13:10:00,2025-02-13T13:20:00,2025-02-13,79,39.35958296601848,7.005010900961452,14.294809301828309,21.29982020278976,-18.05976276322872,0.0,21.29982020278976,0.8636,6.04952741407031,1.2954,18.517495969588392,4.3180000000000005,0.0,0.0,0.0,24.5670233836587,24.57元,0.0,21.29982020278976
2025-02-13T13:20:00,2025-02-13T13:30:00,2025-02-13,80,47.75231640489801,16.09819801718936,14.04776393502516,30.14596195221452,-17.60635445268349,0.0,30.14596195221452,0.8416,13.548243451266567,1.2624,17.73389719157576,4.208,0.0,0.0,0.0,31.28214064284233,31.28元,0.0,30.14596195221452
2025-02-13T13:30:00,2025-02-13T13:40:00,2025-02-13,81,64.47041616177944,33.361162128368505,13.91355083702706,47.274712965395565,-17.195703196383874,0.0,47.274712965395565,0.8618,28.750649522227977,1.2927,17.986047167024882,4.309,0.0,0.0,0.0,46.73669668925286,46.74元,0.0,47.274712965395565
2025-02-13T13:40:00,2025-02-13T13:50:00,2025-02-13,82,105.6100175827404,75.512438451952,13.408416747055412,88.9208551990074,-16.68916238373299,0.0,88.9208551990074,0.8623,65.1143756771182,1.29345,17.343116641478822,4.3115,0.0,0.0,0.0,82.45749231859702,82.46元,0.0,88.9208551990074
2025-02-13T13:50:00,2025-02-13T14:00:00,2025-02-13,83,0.0,0.0,0.0,0.0,0.0,0.0,0.0,0.9026,0.0,1.3538999999999999,0.0,4.513,0.0,0.0,0.0,0.0,0.00元,0.0,0.0
2025-02-13T14:00:00,2025-02-13T14:10:00,2025-02-13,84,0.0,0.0,0.0,0.0,0.0,0.0,0.0,0.9754,0.0,1.4631,0.0,4.877000000000001,0.0,0.0,0.0,0.0,0.00元,0.0,0.0
2025-02-13T14:10:00,2025-02-13T14:20:00,2025-02-13,85,0.0,0.0,0.0,0.0,0.0,0.0,0.0,1.0002,0.0,1.5003,0.0,5.0009999999999994,0.0,0.0,0.0,0.0,0.00元,0.0,0.0
2025-02-13T14:20:00,2025-02-13T14:30:00,2025-02-13,86,0.0,0.0,0.0,0.0,0.0,0.0,0.0,0.9978,0.0,1.4967000000000001,0.0,4.989,0.0,0.0,0.0,0.0,0.00元,0.0,0.0
2025-02-13T14:30:00,2025-02-13T14:40:00,2025-02-13,87,0.0,0.0,0.0,0.0,0.0,0.0,0.0,1.0271,0.0,1.5406499999999999,0.0,5.1354999999999995,0.0,0.0,0.0,0.0,0.00元,0.0,0.0
2025-02-13T14:40:00,2025-02-13T14:50:00,2025-02-13,88,0.0,0.0,0.0,0.0,0.0,0.0,0.0,1.0906,0.0,1.6359,0.0,5.453,0.0,0.0,0.0,0.0,0.00元,0.0,0.0
2025-02-13T14:50:00,2025-02-13T15:00:00,2025-02-13,89,0.0,0.0,0.0,0.0,0.0,0.0,0.0,0.9376,0.0,1.4064,0.0,4.688,0.0,0.0,0.0,0.0,0.00元,0.0,0.0
2025-02-13T15:00:00,2025-02-13T15:10:00,2025-02-13,90,1216.634514904112,1194.1195776162676,0.0,1194.1195776162676,-22.514937287844305,0.0,1194.1195776162676,0.6694,799.3436452563295,1.0041,0.0,3.347,0.0,0.0,0.0,799.3436452563295,799.34元,0.0,1194.1195776162676
2025-02-13T15:10:00,2025-02-13T15:20:00,2025-02-13,91,1254.9340097442218,1233.4813788329116,0.0,1233.4813788329116,-21.45263091131028,0.0,1233.4813788329116,0.66,814.0977100297216,0.99,0.0,3.3000000000000003,0.0,0.0,0.0,814.0977100297216,814.10元,0.0,1233.4813788329116
2025-02-13T15:20:00,2025-02-13T15:30:00,2025-02-13,92,695.7480640227977,695.7480640227977,134.46518532765003,830.2132493504478,134.46518532765003,0.0,830.2132493504478,0.7217,502.12137780525313,1.08255,145.56528637644755,3.6085000000000003,0.0,0.0,0.0,647.6866641817006,647.69元,0.0,830.2132493504478
2025-02-13T15:30:00,2025-02-13T15:40:00,2025-02-13,93,475.5117573650747,475.5117573650747,1.05339689017228,476.56515425524697,1.05339689017228,0.0,476.56515425524697,0.7308,347.5039922823966,1.0962,1.1547336710068534,3.654,0.0,0.0,0.0,348.65872595340346,348.66元,0.0,476.56515425524697
2025-02-13T15:40:00,2025-02-13T15:50:00,2025-02-13,94,531.8767650226073,531.8767650226073,1.0245385315599833,532.9013035541673,1.0245385315599833,0.0,532.9013035541673,0.7534,400.7159547680323,1.1300999999999999,1.157830994515937,3.767,0.0,0.0,0.0,401.87378576254827,401.87元,0.0,532.9013035541673
2025-02-13T15:50:00,2025-02-13T16:00:00,2025-02-13,95,592.9005547520953,592.9005547520953,0.9964707627732423,593.8970255148686,0.9964707627732423,0.0,593.8970255148686,0.7823,463.8261039825642,1.1734499999999999,1.1693086165762612,3.9115,0.0,0.0,0.0,464.9954125991404,465.00元,0.0,593.8970255148686
2025-02-13T16:00:00,2025-02-13T16:10:00,2025-02-13,96,650.4384235470695,650.4384235470695,0.9691719251889026,651.4075954722584,0.9691719251889026,0.0,651.4075954722584,0.8055,523.9281501671645,1.20825,1.1710019786094916,4.0275,0.0,0.0,0.0,525.099152145774,525.10元,0.0,651.4075954722584
2025-02-13T16:10:00,2025-02-13T16:20:00,2025-02-13,97,718.1724103571958,718.1724103571958,0.9426209535340604,719.1150313107298,0.9426209535340604,0.0,719.1150313107298,0.8271,594.0004006064365,1.24065,1.1694626860020318,4.1354999999999995,0.0,0.0,0.0,595.1698632924385,595.17元,0.0,719.1150313107298
2025-02-13T16:20:00,2025-02-13T16:30:00,2025-02-13,98,766.8511112026536,766.8511112026536,0.9167973596308912,767.7679085622844,0.9167973596308912,0.0,767.7679085622844,0.8519,653.2804616335405,1.27785,1.1715295060043343,4.2595,0.0,0.0,0.0,654.4519911395449,654.45元,0.0,767.7679085622844
2025-02-13T16:30:00,2025-02-13T16:40:00,2025-02-13,99,799.4150596457865,799.4150596457865,0.0,799.4150596457865,0.0,0.0,799.4150596457865,0.8791,702.7657789346109,1.3186499999999999,0.0,4.3955,0.0,0.0,0.0,702.7657789346109,702.77元,0.0,799.4150596457865
2025-02-13T16:40:00,2025-02-13T16:50:00,2025-02-13,100,849.7291102390665,849.7291102390665,0.0,849.7291102390665,0.0,0.0,849.7291102390665,0.9024,766.7955490797335,1.3536,0.0,4.512,0.0,0.0,0.0,766.7955490797335,766.80元,0.0,849.7291102390665
2025-02-13T16:50:00,2025-02-13T17:00:00,2025-02-13,101,902.9851735207969,902.9851735207969,0.0,902.9851735207969,0.0,0.0,902.9851735207969,0.9163,827.4053144971062,1.37445,0.0,4.5815,0.0,0.0,0.0,827.4053144971062,827.41元,0.0,902.9851735207969
2025-02-13T17:00:00,2025-02-13T17:10:00,2025-02-13,102,949.5475229156992,949.5475229156992,0.0,949.5475229156992,0.0,0.0,949.5475229156992,0.9264,879.6608252291038,1.3896,0.0,4.632,0.0,0.0,0.0,879.6608252291038,879.66元,0.0,949.5475229156992
2025-02-13T17:10:00,2025-02-13T17:20:00,2025-02-13,103,992.763064968943,992.763064968943,0.0,992.763064968943,0.0,0.0,992.763064968943,0.9462,939.3524120736139,1.4193,0.0,4.731,0.0,0.0,0.0,939.3524120736139,939.35元,0.0,992.763064968943
2025-02-13T17:20:00,2025-02-13T17:30:00,2025-02-13,104,1018.0345211279079,1018.0345211279079,0.0,1018.0345211279079,0.0,0.0,1018.0345211279079,0.9742,991.7692304828078,1.4613,0.0,4.8709999999999996,0.0,0.0,0.0,991.7692304828078,991.77元,0.0,1018.0345211279079
2025-02-13T17:30:00,2025-02-13T17:40:00,2025-02-13,105,1037.718790119294,1037.718790119294,0.0,1037.718790119294,0.0,0.0,1037.718790119294,0.9862,1023.3982708156477,1.4792999999999998,0.0,4.931,0.0,0.0,0.0,1023.3982708156477,1023.40元,0.0,1037.718790119294
2025-02-13T17:40:00,2025-02-13T17:50:00,2025-02-13,106,1054.791089373953,1054.791089373953,0.0,1054.791089373953,0.0,0.0,1054.791089373953,0.976,1029.476103228978,1.464,0.0,4.88,0.0,0.0,0.0,1029.476103228978,1029.48元,0.0,1054.791089373953
2025-02-13T17:50:00,2025-02-13T18:00:00,2025-02-13,107,925.0330733565876,925.0330733565876,0.0,925.0330733565876,0.0,0.0,925.0330733565876,1.0742,993.6705273996464,1.6113,0.0,5.371,0.0,0.0,0.0,993.6705273996464,993.67元,0.0,925.0330733565876
2025-02-13T18:00:00,2025-02-13T18:10:00,2025-02-13,108,724.5176232050696,724.5176232050696,0.0,724.5176232050696,0.0,0.0,724.5176232050696,1.2313,892.0985494524023,1.84695,0.0,6.1565,0.0,64.25969561330555,39.56148160433157,931.6600310567338,931.66元,0.0,724.5176232050696
2025-02-13T18:10:00,2025-02-13T18:20:00,2025-02-13,109,700.5594139889077,700.5594139889077,0.0,700.5594139889077,0.0,0.0,700.5594139889077,1.2561,879.972679911467,1.88415,0.0,6.2805,0.0,0.0,0.0,879.972679911467,879.97元,0.0,700.5594139889077
2025-02-13T18:20:00,2025-02-13T18:30:00,2025-02-13,110,731.3325486153094,731.3325486153094,0.0,731.3325486153094,0.0,0.0,731.3325486153094,1.2447,910.2896232614755,1.8670499999999999,0.0,6.2235,0.0,0.0,0.0,910.2896232614755,910.29元,0.0,731.3325486153094
2025-02-13T18:30:00,2025-02-13T18:40:00,2025-02-13,111,721.913508874119,721.913508874119,0.0,721.913508874119,0.0,0.0,721.913508874119,1.2545,905.6404968825822,1.8817499999999998,0.0,6.2725,0.0,0.0,0.0,905.6404968825822,905.64元,0.0,721.913508874119
2025-02-13T18:40:00,2025-02-13T18:50:00,2025-02-13,112,702.1254340525588,702.1254340525588,0.0,702.1254340525588,0.0,0.0,702.1254340525588,1.2522,879.2014685206142,1.8782999999999999,0.0,6.261,0.0,0.0,0.0,879.2014685206142,879.20元,0.0,702.1254340525588
2025-02-13T18:50:00,2025-02-13T19:00:00,2025-02-13,113,45.38007207918713,45.38007207918713,43.40714241171975,88.78721449090688,43.40714241171975,0.0,88.78721449090688,1.2881,58.454070845200945,1.93215,83.86911021080431,6.4405,0.0,0.0,0.0,142.32318105600524,142.32元,0.0,88.78721449090688
2025-02-13T19:00:00,2025-02-13T19:10:00,2025-02-13,114,31.33333379274268,31.33333379274268,0.0,31.33333379274268,0.0,0.0,31.33333379274268,1.3466,42.19346728530729,2.0199,0.0,6.7330000000000005,0.0,0.0,0.0,42.19346728530729,42.19元,0.0,31.33333379274268
2025-02-13T19:10:00,2025-02-13T19:20:00,2025-02-13,115,20.814994948021194,20.814994948021194,0.0,20.814994948021194,0.0,0.0,20.814994948021194,1.3523,28.148117668209064,2.0284500000000003,0.0,6.7615,0.0,0.0,0.0,28.148117668209064,28.15元,0.0,20.814994948021194
2025-02-13T19:20:00,2025-02-13T19:30:00,2025-02-13,116,6.167513647336818,6.167513647336818,0.8750542357535096,7.042567883090328,0.8750542357535096,0.0,7.042567883090328,1.3445,8.292222098844352,2.01675,1.7647656299558905,6.7225,0.0,0.0,0.0,10.056987728800243,10.06元,0.0,7.042567883090328
2025-02-13T19:30:00,2025-02-13T19:40:00,2025-02-13,117,0.0,0.0,0.0,0.0,0.0,0.0,0.0,1.3483,0.0,2.02245,0.0,6.7415,0.0,0.0,0.0,0.0,0.00元,0.0,0.0
2025-02-13T19:40:00,2025-02-13T19:50:00,2025-02-13,118,0.841901906761791,0.841901906761791,0.0,0.841901906761791,0.0,0.0,0.841901906761791,1.349,1.135725672221656,2.0235,0.0,6.745,0.0,0.0,0.0,1.135725672221656,1.14元,0.0,0.841901906761791
2025-02-13T19:50:00,2025-02-13T20:00:00,2025-02-13,119,0.0,0.0,0.0,0.0,0.0,0.0,0.0,1.3473,0.0,2.02095,0.0,6.7364999999999995,0.0,0.0,0.0,0.0,0.00元,0.0,0.0
2025-02-13T20:00:00,2025-02-13T20:10:00,2025-02-13,120,0.0,0.0,0.0,0.0,0.0,0.0,0.0,1.3482,0.0,2.0223,0.0,6.7410000000000005,0.0,0.0,0.0,0.0,0.00元,0.0,0.0
2025-02-13T20:10:00,2025-02-13T20:20:00,2025-02-13,121,0.0,0.0,0.0,0.0,0.0,0.0,0.0,1.3513,0.0,2.02695,0.0,6.7565,0.0,0.0,0.0,0.0,0.00元,0.0,0.0
2025-02-13T20:20:00,2025-02-13T20:30:00,2025-02-13,122,16.88606263590873,16.88606263590873,0.0,16.88606263590873,0.0,0.0,16.88606263590873,1.34,22.627323932117697,2.0100000000000002,0.0,6.7,0.0,0.0,0.0,22.627323932117697,22.63元,0.0,16.88606263590873
2025-02-13T20:30:00,2025-02-13T20:40:00,2025-02-13,123,19.116276997934392,19.116276997934392,0.0,19.116276997934392,0.0,0.0,19.116276997934392,1.3489,25.7859460425137,2.0233499999999998,0.0,6.7445,0.0,0.0,0.0,25.7859460425137,25.79元,0.0,19.116276997934392
2025-02-13T20:40:00,2025-02-13T20:50:00,2025-02-13,124,30.35217570799921,30.35217570799921,0.0,30.35217570799921,0.0,0.0,30.35217570799921,1.3952,42.3473555478005,2.0928,0.0,6.976,0.0,0.0,0.0,42.3473555478005,42.35元,0.0,30.35217570799921
2025-02-13T20:50:00,2025-02-13T21:00:00,2025-02-13,125,723.8558690725268,711.2873641258891,0.0,711.2873641258891,-12.568504946637745,0.0,711.2873641258891,1.2226,869.619931380312,1.8338999999999999,0.0,6.1129999999999995,0.0,0.0,0.0,869.619931380312,869.62元,0.0,711.2873641258891
2025-02-13T21:00:00,2025-02-13T21:10:00,2025-02-13,126,728.7224449420495,723.1426517064212,0.0,723.1426517064212,-5.5797932356282445,0.0,723.1426517064212,0.9332,674.8367225724323,1.3998,0.0,4.666,0.0,0.0,0.0,674.8367225724323,674.84元,0.0,723.1426517064212
2025-02-13T21:10:00,2025-02-13T21:20:00,2025-02-13,127,751.5637517132316,746.1368198308763,0.0,746.1368198308763,-5.426931882355234,0.0,746.1368198308763,0.9068,676.5968682226387,1.3602,0.0,4.534000000000001,0.0,0.0,0.0,676.5968682226387,676.60元,0.0,746.1368198308763
2025-02-13T21:20:00,2025-02-13T21:30:00,2025-02-13,128,736.4234013711971,733.726741756645,0.0,733.726741756645,-2.696659614552118,0.0,733.726741756645,0.9371,687.575329700152,1.40565,0.0,4.6855,0.0,0.0,0.0,687.575329700152,687.58元,0.0,733.726741756645
2025-02-13T21:30:00,2025-02-13T21:40:00,2025-02-13,129,723.0546370918158,720.4318538774436,0.0,720.4318538774436,-2.622783214372248,0.0,720.4318538774436,0.9371,675.1166902685524,1.40565,0.0,4.6855,0.0,0.0,0.0,675.1166902685524,675.12元,0.0,720.4318538774436
2025-02-13T21:40:00,2025-02-13T21:50:00,2025-02-13,130,736.6276842722908,735.2879219682638,0.0,735.2879219682638,-1.3397623040269764,0.0,735.2879219682638,0.9871,725.8027077748732,1.48065,0.0,4.9355,0.0,0.0,0.0,725.8027077748732,725.80元,0.0,735.2879219682638
2025-02-13T21:50:00,2025-02-13T22:00:00,2025-02-13,131,682.7812292666206,682.7812292666206,0.0,682.7812292666206,0.0,0.0,682.7812292666206,0.7764,530.1113464026042,1.1646,0.0,3.8819999999999997,0.0,0.0,0.0,530.1113464026042,530.11元,0.0,682.7812292666206
2025-02-13T22:00:00,2025-02-13T22:10:00,2025-02-13,132,1405.3002377346525,1396.2949879578885,0.0,1396.2949879578885,-9.005249776764003,0.0,1396.2949879578885,0.4209,587.7005604314752,0.63135,0.0,2.1045,0.0,0.0,0.0,587.7005604314752,587.70元,33.77998796788847,1362.51499999
2025-02-13T22:10:00,2025-02-13T22:20:00,2025-02-13,133,1385.225605645866,1376.4670593954345,0.0,1376.4670593954345,-8.758546250431436,0.0,1376.4670593954345,0.3859,531.1786382206982,0.5788500000000001,0.0,1.9295,0.0,0.0,0.0,531.1786382206982,531.18元,28.641192738767806,1347.8258666566667
2025-02-13T22:20:00,2025-02-13T22:30:00,2025-02-13,134,562.6126895797521,562.6126895797521,0.0,562.6126895797521,0.0,0.0,562.6126895797521,0.4368,245.74922280843572,0.6552,0.0,2.184,0.0,0.0,0.0,245.74922280843572,245.75元,0.0,562.6126895797521
2025-02-13T22:30:00,2025-02-13T22:40:00,2025-02-13,135,1393.462216597467,1385.1769868380134,0.0,1385.1769868380134,-8.285229759453614,0.0,1385.1769868380134,0.4198,581.497299074598,0.6297,0.0,2.099,0.0,0.0,0.0,581.497299074598,581.50元,0.0,1385.1769868380134
2025-02-13T22:40:00,2025-02-13T22:50:00,2025-02-13,136,1408.998794651182,1400.9405430931997,0.0,1400.9405430931997,-8.058251557982203,0.0,1400.9405430931997,0.4186,586.4337113388134,0.6279,0.0,2.093,0.0,0.0,0.0,586.4337113388134,586.43元,0.0,1400.9405430931997
2025-02-13T22:50:00,2025-02-13T23:00:00,2025-02-13,137,1406.5102189389206,1398.8430168728123,0.0,1398.8430168728123,-7.6672020661083025,0.0,1398.8430168728123,0.4241,593.2493234557596,0.63615,0.0,2.1205,0.0,0.0,0.0,593.2493234557596,593.25元,0.0,1398.8430168728123
2025-02-13T23:00:00,2025-02-13T23:10:00,2025-02-13,138,1391.0140167875984,1383.3912374234924,0.0,1383.3912374234924,-7.622779364106009,0.0,1383.3912374234924,0.4237,586.1428672963337,0.6355500000000001,0.0,2.1185,0.0,0.0,0.0,586.1428672963337,586.14元,0.041237433492361815,1383.34999999
2025-02-13T23:10:00,2025-02-13T23:20:00,2025-02-13,139,569.8678795490434,569.8678795490434,0.0,569.8678795490434,0.0,0.0,569.8678795490434,0.4248,242.07987523243366,0.6372,0.0,2.124,0.0,0.0,0.0,242.07987523243366,242.08元,0.0,569.8678795490434
2025-02-13T23:20:00,2025-02-13T23:30:00,2025-02-13,140,1401.7135857010262,1394.502745382163,0.0,1394.502745382163,-7.21084031886312,0.0,1394.502745382163,0.424,591.2691640420371,0.636,0.0,2.12,0.0,0.0,0.0,591.2691640420371,591.27元,7.74291205882968,1386.7598333233334
2025-02-13T23:30:00,2025-02-13T23:40:00,2025-02-13,141,1396.2393359612706,1389.2260403833734,0.0,1389.2260403833734,-7.013295577897225,0.0,1389.2260403833734,0.422,586.2533890417835,0.633,0.0,2.11,0.0,0.0,0.0,586.2533890417835,586.25元,0.0,1389.2260403833734
2025-02-13T23:40:00,2025-02-13T23:50:00,2025-02-13,142,1426.8006802629936,1419.9795175845904,0.0,1419.9795175845904,-6.821162678403198,0.0,1419.9795175845904,0.424,602.0713154558663,0.636,0.0,2.12,0.0,0.0,0.0,602.0713154558663,602.07元,5.764967594590408,1414.21454999
2025-02-13T23:50:00,2025-02-14T00:00:00,2025-02-13,143,539.3035360869007,539.3035360869007,0.0,539.3035360869007,0.0,0.0,539.3035360869007,0.4271,230.3365402627153,0.6406499999999999,0.0,2.1355,0.0,0.0,0.0,230.3365402627153,230.34元,0.0,539.3035360869007
2025-02-14T00:00:00,2025-02-14T00:10:00,2025-02-13,144,414.89396666666664,414.89396666666664,0.0,414.89396666666664,0.0,0.0,414.89396666666664,0.4276,177.40866014666665,0.6414,0.0,2.138,0.0,0.0,0.0,177.40866014666665,177.41元,0.0,414.89396666666664
2025-02-14T00:10:00,2025-02-14T00:20:00,2025-02-14,1,389.93232039712666,389.93232039712666,0.0,389.93232039712666,0.0,0.0,389.93232039712666,0.4248,165.6432497046994,0.6372,0.0,2.124,0.0,0.0,0.0,165.6432497046994,165.64元,0.0,389.93232039712666
2025-02-14T00:20:00,2025-02-14T00:30:00,2025-02-14,2,1053.1716147102238,1053.1716147102238,0.0,1053.1716147102238,0.0,0.0,1053.1716147102238,0.4245,447.07135044449,0.6367499999999999,0.0,2.1225,0.0,0.0,0.0,447.07135044449,447.07元,0.0,1053.1716147102238
2025-02-14T00:30:00,2025-02-14T00:40:00,2025-02-14,3,449.36364732193505,449.36364732193505,0.0,449.36364732193505,0.0,0.0,449.36364732193505,0.4269,191.83334104173406,0.64035,0.0,2.1345,0.0,0.0,0.0,191.83334104173406,191.83元,0.0,449.36364732193505
2025-02-14T00:40:00,2025-02-14T00:50:00,2025-02-14,4,428.13092912911134,428.13092912911134,0.0,428.13092912911134,0.0,0.0,428.13092912911134,0.4272,182.89753292395636,0.6408,0.0,2.136,0.0,0.0,0.0,182.89753292395636,182.90元,0.0,428.13092912911134
2025-02-14T00:50:00,2025-02-14T01:00:00,2025-02-14,5,406.29578123989455,406.29578123989455,0.0,406.29578123989455,0.0,0.0,406.29578123989455,0.4271,173.52892816755895,0.6406499999999999,0.0,2.1355,0.0,0.0,0.0,173.52892816755895,173.53元,0.0,406.29578123989455
2025-02-14T01:00:00,2025-02-14T01:10:00,2025-02-14,6,405.8017766062056,405.8017766062056,0.0,405.8017766062056,0.0,0.0,405.8017766062056,0.4285,173.8860612757591,0.6427499999999999,0.0,2.1425,0.0,0.0,0.0,173.8860612757591,173.89元,0.0,405.8017766062056
2025-02-14T01:10:00,2025-02-14T01:20:00,2025-02-14,7,410.47752814496664,410.47752814496664,0.0,410.47752814496664,0.0,0.0,410.47752814496664,0.4311,176.95686238329512,0.64665,0.0,2.1555,0.0,0.0,0.0,176.95686238329512,176.96元,0.0,410.47752814496664
2025-02-14T01:20:00,2025-02-14T01:30:00,2025-02-14,8,425.5680546637118,425.5680546637118,0.0,425.5680546637118,0.0,0.0,425.5680546637118,0.4302,183.07937711632883,0.6453,0.0,2.1510000000000002,0.0,0.0,0.0,183.07937711632883,183.08元,0.0,425.5680546637118
2025-02-14T01:30:00,2025-02-14T01:40:00,2025-02-14,9,447.717593450336,447.717593450336,0.0,447.717593450336,0.0,0.0,447.717593450336,0.4279,191.57835823739876,0.64185,0.0,2.1395,0.0,0.0,0.0,191.57835823739876,191.58元,0.0,447.717593450336
2025-02-14T01:40:00,2025-02-14T01:50:00,2025-02-14,10,460.7401595270523,460.7401595270523,0.0,460.7401595270523,0.0,0.0,460.7401595270523,0.4312,198.67115678806496,0.6468,0.0,2.156,0.0,0.0,0.0,198.67115678806496,198.67元,0.0,460.7401595270523
2025-02-14T01:50:00,2025-02-14T02:00:00,2025-02-14,11,455.8082807352908,455.8082807352908,0.0,455.8082807352908,0.0,0.0,455.8082807352908,0.4333,197.5017280426015,0.64995,0.0,2.1665,0.0,0.0,0.0,197.5017280426015,197.50元,0.0,455.8082807352908
2025-02-14T02:00:00,2025-02-14T02:10:00,2025-02-14,12,447.525321151606,447.525321151606,0.0,447.525321151606,0.0,0.0,447.525321151606,0.4311,192.92816594845735,0.64665,0.0,2.1555,0.0,0.0,0.0,192.92816594845735,192.93元,0.0,447.525321151606
2025-02-14T02:10:00,2025-02-14T02:20:00,2025-02-14,13,461.17792700132054,461.17792700132054,0.0,461.17792700132054,0.0,0.0,461.17792700132054,0.4293,197.9836840616669,0.64395,0.0,2.1465,0.0,0.0,0.0,197.9836840616669,197.98元,0.0,461.17792700132054
2025-02-14T02:20:00,2025-02-14T02:30:00,2025-02-14,14,479.62569090330277,479.62569090330277,0.0,479.62569090330277,0.0,0.0,479.62569090330277,0.4324,207.39014874658812,0.6486000000000001,0.0,2.162,0.0,0.0,0.0,207.39014874658812,207.39元,0.0,479.62569090330277
2025-02-14T02:30:00,2025-02-14T02:40:00,2025-02-14,15,487.85218861260523,487.85218861260523,0.0,487.85218861260523,0.0,0.0,487.85218861260523,0.4367,213.0450507671247,0.6550499999999999,0.0,2.1835,0.0,0.0,0.0,213.0450507671247,213.05元,0.0,487.85218861260523
2025-02-14T02:40:00,2025-02-14T02:50:00,2025-02-14,16,486.0253332610208,486.0253332610208,0.0,486.0253332610208,0.0,0.0,486.0253332610208,0.4348,211.32381490189186,0.6522,0.0,2.174,0.0,0.0,0.0,211.32381490189186,211.32元,0.0,486.0253332610208
2025-02-14T02:50:00,2025-02-14T03:00:00,2025-02-14,17,482.8774612622812,482.8774612622812,0.0,482.8774612622812,0.0,0.0,482.8774612622812,0.4335,209.3273794571989,0.65025,0.0,2.1675,0.0,0.0,0.0,209.3273794571989,209.33元,0.0,482.8774612622812
2025-02-14T03:00:00,2025-02-14T03:10:00,2025-02-14,18,482.1492832152874,482.1492832152874,0.0,482.1492832152874,0.0,0.0,482.1492832152874,0.4357,210.0724426969007,0.65355,0.0,2.1784999999999997,0.0,0.0,0.0,210.0724426969007,210.07元,0.0,482.1492832152874
2025-02-14T03:10:00,2025-02-14T03:20:00,2025-02-14,19,483.6713214720919,483.6713214720919,0.0,483.6713214720919,0.0,0.0,483.6713214720919,0.4374,211.55783601189302,0.6561,0.0,2.1870000000000003,0.0,0.0,0.0,211.55783601189302,211.56元,0.0,483.6713214720919
2025-02-14T03:20:00,2025-02-14T03:30:00,2025-02-14,20,498.5098335373513,498.5098335373513,0.0,498.5098335373513,0.0,0.0,498.5098335373513,0.4371,217.89864823917625,0.65565,0.0,2.1854999999999998,0.0,0.0,0.0,217.89864823917625,217.90元,0.0,498.5098335373513
2025-02-14T03:30:00,2025-02-14T03:40:00,2025-02-14,21,515.9424021326339,515.9424021326339,0.0,515.9424021326339,0.0,0.0,515.9424021326339,0.4356,224.7445103689753,0.6534,0.0,2.178,0.0,0.0,0.0,224.7445103689753,224.74元,0.0,515.9424021326339
2025-02-14T03:40:00,2025-02-14T03:50:00,2025-02-14,22,509.716867758967,509.716867758967,0.0,509.716867758967,0.0,0.0,509.716867758967,0.4353,221.87975253547833,0.65295,0.0,2.1765,0.0,0.0,0.0,221.87975253547833,221.88元,0.0,509.716867758967
2025-02-14T03:50:00,2025-02-14T04:00:00,2025-02-14,23,490.78683459100256,490.78683459100256,0.0,490.78683459100256,0.0,0.0,490.78683459100256,0.436,213.98305988167712,0.654,0.0,2.18,0.0,0.0,0.0,213.98305988167712,213.98元,0.0,490.78683459100256
2025-02-14T04:00:00,2025-02-14T04:10:00,2025-02-14,24,493.9463188695171,493.9463188695171,0.0,493.9463188695171,0.0,0.0,493.9463188695171,0.4378,216.2496984010746,0.6567000000000001,0.0,2.189,0.0,0.0,0.0,216.2496984010746,216.25元,0.0,493.9463188695171
2025-02-14T04:10:00,2025-02-14T04:20:00,2025-02-14,25,539.2305072922903,539.2305072922903,0.0,539.2305072922903,0.0,0.0,539.2305072922903,0.4401,237.31534625933696,0.66015,0.0,2.2005,0.0,0.0,0.0,237.31534625933696,237.32元,0.0,539.2305072922903
2025-02-14T04:20:00,2025-02-14T04:30:00,2025-02-14,26,536.1661929034076,536.1661929034076,0.0,536.1661929034076,0.0,0.0,536.1661929034076,0.4389,235.3233420653056,0.65835,0.0,2.1945,0.0,0.0,0.0,235.3233420653056,235.32元,0.0,536.1661929034076
2025-02-14T04:30:00,2025-02-14T04:40:00,2025-02-14,27,493.8502151476953,493.8502151476953,0.0,493.8502151476953,0.0,0.0,493.8502151476953,0.4364,215.51623389045423,0.6546000000000001,0.0,2.182,0.0,0.0,0.0,215.51623389045423,215.52元,0.0,493.8502151476953
2025-02-14T04:40:00,2025-02-14T04:50:00,2025-02-14,28,508.87830212247763,508.87830212247763,0.0,508.87830212247763,0.0,0.0,508.87830212247763,0.4393,223.55023812240444,0.65895,0.0,2.1965000000000003,0.0,0.0,0.0,223.55023812240444,223.55元,0.0,508.87830212247763
2025-02-14T04:50:00,2025-02-14T05:00:00,2025-02-14,29,521.8783338016771,521.8783338016771,0.0,521.8783338016771,0.0,0.0,521.8783338016771,0.4422,230.77459920710157,0.6633,0.0,2.211,0.0,0.0,0.0,230.77459920710157,230.77元,0.0,521.8783338016771
2025-02-14T05:00:00,2025-02-14T05:10:00,2025-02-14,30,511.61536157401724,511.61536157401724,0.0,511.61536157401724,0.0,0.0,511.61536157401724,0.4395,224.85495141178058,0.65925,0.0,2.1975,0.0,0.0,0.0,224.85495141178058,224.85元,0.0,511.61536157401724
2025-02-14T05:10:00,2025-02-14T05:20:00,2025-02-14,31,518.5698862469787,518.5698862469787,0.0,518.5698862469787,0.0,0.0,518.5698862469787,0.4333,224.6963317108159,0.64995,0.0,2.1665,0.0,0.0,0.0,224.6963317108159,224.70元,0.0,518.5698862469787
2025-02-14T05:20:00,2025-02-14T05:30:00,2025-02-14,32,517.8779110380813,517.8779110380813,0.0,517.8779110380813,0.0,0.0,517.8779110380813,0.4439,229.88600470980427,0.66585,0.0,2.2195,0.0,0.0,0.0,229.88600470980427,229.89元,0.0,517.8779110380813
2025-02-14T05:30:00,2025-02-14T05:40:00,2025-02-14,33,510.66104718912595,510.66104718912595,0.0,510.66104718912595,0.0,0.0,510.66104718912595,0.4301,219.63531639604307,0.64515,0.0,2.1505,0.0,0.0,0.0,219.63531639604307,219.64元,0.0,510.66104718912595
2025-02-14T05:40:00,2025-02-14T05:50:00,2025-02-14,34,1357.3203845926314,1357.3203845926314,0.0,1357.3203845926314,0.0,0.0,1357.3203845926314,0.3713,503.9730587992441,0.5569500000000001,0.0,1.8565,0.0,0.0,0.0,503.9730587992441,503.97元,0.0,1357.3203845926314
2025-02-14T05:50:00,2025-02-14T06:00:00,2025-02-14,35,0.0,0.0,0.0,0.0,0.0,0.0,0.0,0.5708,0.0,0.8562,0.0,2.854,0.0,0.0,0.0,0.0,0.00元,0.0,0.0
2025-02-14T06:00:00,2025-02-14T06:10:00,2025-02-14,36,0.0,0.0,0.0,0.0,0.0,0.0,0.0,0.9099,0.0,1.3648500000000001,0.0,4.5495,0.0,0.0,0.0,0.0,0.00元,0.0,0.0
2025-02-14T06:10:00,2025-02-14T06:20:00,2025-02-14,37,0.0,0.0,0.0,0.0,0.0,0.0,0.0,0.9368,0.0,1.4052,0.0,4.684,0.0,0.0,0.0,0.0,0.00元,0.0,0.0
2025-02-14T06:20:00,2025-02-14T06:30:00,2025-02-14,38,0.0,0.0,0.0,0.0,0.0,0.0,0.0,0.8758,0.0,1.3137,0.0,4.3790000000000004,0.0,0.0,0.0,0.0,0.00元,0.0,0.0
2025-02-14T06:30:00,2025-02-14T06:40:00,2025-02-14,39,0.0,0.0,0.0,0.0,0.0,0.0,0.0,0.8759,0.0,1.31385,0.0,4.3795,0.0,0.0,0.0,0.0,0.00元,0.0,0.0
2025-02-14T06:40:00,2025-02-14T06:50:00,2025-02-14,40,0.0,0.0,0.0,0.0,0.0,0.0,0.0,0.8601,0.0,1.29015,0.0,4.3004999999999995,0.0,0.0,0.0,0.0,0.00元,0.0,0.0
2025-02-14T06:50:00,2025-02-14T07:00:00,2025-02-14,41,0.0,0.0,0.0,0.0,0.0,0.0,0.0,0.8442,0.0,1.2663,0.0,4.221,0.0,0.0,0.0,0.0,0.00元,0.0,0.0
2025-02-14T07:00:00,2025-02-14T07:10:00,2025-02-14,42,0.0,0.0,0.0,0.0,0.0,0.0,0.0,0.8334,0.0,1.2501,0.0,4.167,0.0,0.0,0.0,0.0,0.00元,0.0,0.0
2025-02-14T07:10:00,2025-02-14T07:20:00,2025-02-14,43,0.0,0.0,0.0,0.0,0.0,0.0,0.0,0.8092,0.0,1.2138,0.0,4.046,0.0,0.0,0.0,0.0,0.00元,0.0,0.0
2025-02-14T07:20:00,2025-02-14T07:30:00,2025-02-14,44,0.0,0.0,0.0,0.0,0.0,0.0,0.0,0.7972,0.0,1.1958,0.0,3.986,0.0,0.0,0.0,0.0,0.00元,0.0,0.0
2025-02-14T07:30:00,2025-02-14T07:40:00,2025-02-14,45,0.0,0.0,0.0,0.0,0.0,0.0,0.0,0.7644,0.0,1.1465999999999998,0.0,3.822,0.0,0.0,0.0,0.0,0.00元,0.0,0.0
2025-02-14T07:40:00,2025-02-14T07:50:00,2025-02-14,46,0.0,0.0,0.0,0.0,0.0,0.0,0.0,0.6899,0.0,1.03485,0.0,3.4494999999999996,0.0,0.0,0.0,0.0,0.00元,0.0,0.0
2025-02-14T07:50:00,2025-02-14T08:00:00,2025-02-14,47,0.0,0.0,0.0,0.0,0.0,0.0,0.0,0.86,0.0,1.29,0.0,4.3,0.0,0.0,0.0,0.0,0.00元,0.0,0.0
2025-02-14T08:00:00,2025-02-14T08:10:00,2025-02-14,48,0.0,0.0,0.0,0.0,0.0,0.0,0.0,1.1617,0.0,1.74255,0.0,5.8084999999999996,0.0,0.0,0.0,0.0,0.00元,0.0,0.0
2025-02-14T08:10:00,2025-02-14T08:20:00,2025-02-14,49,0.0,0.0,0.0,0.0,0.0,0.0,0.0,1.1683,0.0,1.7524499999999998,0.0,5.8415,0.0,0.0,0.0,0.0,0.00元,0.0,0.0
2025-02-14T08:20:00,2025-02-14T08:30:00,2025-02-14,50,0.0,0.0,0.0,0.0,0.0,0.0,0.0,1.0956,0.0,1.6433999999999997,0.0,5.478,0.0,0.0,0.0,0.0,0.00元,0.0,0.0
2025-02-14T08:30:00,2025-02-14T08:40:00,2025-02-14,51,0.0,0.0,0.0,0.0,0.0,0.0,0.0,1.0849,0.0,1.6273499999999999,0.0,5.4245,0.0,0.0,0.0,0.0,0.00元,0.0,0.0
2025-02-14T08:40:00,2025-02-14T08:50:00,2025-02-14,52,0.0,0.0,0.0,0.0,0.0,0.0,0.0,1.061,0.0,1.5915,0.0,5.305,0.0,0.0,0.0,0.0,0.00元,0.0,0.0
2025-02-14T08:50:00,2025-02-14T09:00:00,2025-02-14,53,0.0,0.0,0.0,0.0,0.0,0.0,0.0,1.043,0.0,1.5644999999999998,0.0,5.215,0.0,0.0,0.0,0.0,0.00元,0.0,0.0
2025-02-14T09:00:00,2025-02-14T09:10:00,2025-02-14,54,0.0,0.0,0.0,0.0,0.0,0.0,0.0,1.036,0.0,1.554,0.0,5.18,0.0,0.0,0.0,0.0,0.00元,0.0,0.0
2025-02-14T09:10:00,2025-02-14T09:20:00,2025-02-14,55,0.0,0.0,0.0,0.0,0.0,0.0,0.0,1.0147,0.0,1.52205,0.0,5.073499999999999,0.0,0.0,0.0,0.0,0.00元,0.0,0.0
2025-02-14T09:20:00,2025-02-14T09:30:00,2025-02-14,56,0.0,0.0,0.0,0.0,0.0,0.0,0.0,0.9922,0.0,1.4883,0.0,4.961,0.0,0.0,0.0,0.0,0.00元,0.0,0.0
2025-02-14T09:30:00,2025-02-14T09:40:00,2025-02-14,57,0.0,0.0,0.0,0.0,0.0,0.0,0.0,0.97,0.0,1.455,0.0,4.85,0.0,0.0,0.0,0.0,0.00元,0.0,0.0
2025-02-14T09:40:00,2025-02-14T09:50:00,2025-02-14,58,0.0,0.0,0.0,0.0,0.0,0.0,0.0,0.9422,0.0,1.4133,0.0,4.711,0.0,0.0,0.0,0.0,0.00元,0.0,0.0
2025-02-14T09:50:00,2025-02-14T10:00:00,2025-02-14,59,0.0,0.0,0.0,0.0,0.0,0.0,0.0,0.9569,0.0,1.43535,0.0,4.7844999999999995,0.0,0.0,0.0,0.0,0.00元,0.0,0.0
2025-02-14T10:00:00,2025-02-14T10:10:00,2025-02-14,60,0.0,0.0,0.0,0.0,0.0,0.0,0.0,0.9977,0.0,1.49655,0.0,4.9885,0.0,0.0,0.0,0.0,0.00元,0.0,0.0
2025-02-14T10:10:00,2025-02-14T10:20:00,2025-02-14,61,0.0,0.0,0.0,0.0,0.0,0.0,0.0,0.9919,0.0,1.48785,0.0,4.9595,0.0,0.0,0.0,0.0,0.00元,0.0,0.0
2025-02-14T10:20:00,2025-02-14T10:30:00,2025-02-14,62,0.0,0.0,0.0,0.0,0.0,0.0,0.0,0.9588,0.0,1.4382,0.0,4.794,0.0,0.0,0.0,0.0,0.00元,0.0,0.0
2025-02-14T10:30:00,2025-02-14T10:40:00,2025-02-14,63,0.0,0.0,0.0,0.0,0.0,0.0,0.0,0.9549,0.0,1.43235,0.0,4.7745,0.0,0.0,0.0,0.0,0.00元,0.0,0.0
2025-02-14T10:40:00,2025-02-14T10:50:00,2025-02-14,64,0.0,0.0,0.0,0.0,0.0,0.0,0.0,0.9839,0.0,1.4758499999999999,0.0,4.9195,0.0,0.0,0.0,0.0,0.00元,0.0,0.0
2025-02-14T10:50:00,2025-02-14T11:00:00,2025-02-14,65,0.0,0.0,0.0,0.0,0.0,0.0,0.0,0.799,0.0,1.1985000000000001,0.0,3.995,0.0,0.0,0.0,0.0,0.00元,0.0,0.0
2025-02-14T11:00:00,2025-02-14T11:10:00,2025-02-14,66,0.0,0.0,0.0,0.0,0.0,0.0,0.0,0.5025,0.0,0.7537499999999999,0.0,2.5124999999999997,0.0,0.0,0.0,0.0,0.00元,0.0,0.0
2025-02-14T11:10:00,2025-02-14T11:20:00,2025-02-14,67,0.0,0.0,0.0,0.0,0.0,0.0,0.0,0.4662,0.0,0.6993,0.0,2.331,0.0,0.0,0.0,0.0,0.00元,0.0,0.0
2025-02-14T11:20:00,2025-02-14T11:30:00,2025-02-14,68,0.0,0.0,0.0,0.0,0.0,0.0,0.0,0.5007,0.0,0.75105,0.0,2.5035000000000003,0.0,0.0,0.0,0.0,0.00元,0.0,0.0
2025-02-14T11:30:00,2025-02-14T11:40:00,2025-02-14,69,0.0,0.0,0.0,0.0,0.0,0.0,0.0,0.4827,0.0,0.7240500000000001,0.0,2.4135,0.0,0.0,0.0,0.0,0.00元,0.0,0.0
2025-02-14T11:40:00,2025-02-14T11:50:00,2025-02-14,70,0.0,0.0,0.0,0.0,0.0,0.0,0.0,0.4785,0.0,0.71775,0.0,2.3925,0.0,0.0,0.0,0.0,0.00元,0.0,0.0
2025-02-14T11:50:00,2025-02-14T12:00:00,2025-02-14,71,0.0,0.0,0.0,0.0,0.0,0.0,0.0,0.4662,0.0,0.6993,0.0,2.331,0.0,0.0,0.0,0.0,0.00元,0.0,0.0
2025-02-14T12:00:00,2025-02-14T12:10:00,2025-02-14,72,0.0,0.0,0.0,0.0,0.0,0.0,0.0,0.4432,0.0,0.6648,0.0,2.2159999999999997,0.0,0.2658103256751474,0.05890356816961266,0.05890356816961266,0.06元,0.0,0.0
2025-02-14T12:10:00,2025-02-14T12:20:00,2025-02-14,73,0.0,0.0,216.29469250262048,216.29469250262048,216.29469250262048,0.0,216.29469250262048,0.4411,0.0,0.66165,143.11138329435883,2.2055,0.0,0.0,0.0,143.11138329435883,143.11元,0.0,216.29469250262048
2025-02-14T12:20:00,2025-02-14T12:30:00,2025-02-14,74,0.0,0.0,0.0,0.0,0.0,0.0,0.0,0.4551,0.0,0.68265,0.0,2.2755,0.0,0.0,0.0,0.0,0.00元,0.0,0.0
2025-02-14T12:30:00,2025-02-14T12:40:00,2025-02-14,75,0.0,0.0,0.0,0.0,0.0,0.0,0.0,0.4463,0.0,0.66945,0.0,2.2315,0.0,0.0,0.0,0.0,0.00元,0.0,0.0
2025-02-14T12:40:00,2025-02-14T12:50:00,2025-02-14,76,0.0,0.0,311.949031228178,311.949031228178,311.949031228178,0.0,311.949031228178,0.4113,0.0,0.61695,192.45695481622442,2.0564999999999998,0.0,0.0,0.0,192.45695481622442,192.46元,0.0,311.949031228178
2025-02-14T12:50:00,2025-02-14T13:00:00,2025-02-14,77,0.0,0.0,0.0,0.0,0.0,0.0,0.0,0.5682,0.0,0.8523000000000001,0.0,2.841,0.0,0.0,0.0,0.0,0.00元,0.0,0.0
2025-02-14T13:00:00,2025-02-14T13:10:00,2025-02-14,78,0.0,0.0,0.0,0.0,0.0,0.0,0.0,0.8279,0.0,1.24185,0.0,4.1395,0.0,0.0,0.0,0.0,0.00元,0.0,0.0
2025-02-14T13:10:00,2025-02-14T13:20:00,2025-02-14,79,0.0,0.0,0.0,0.0,0.0,0.0,0.0,0.8636,0.0,1.2954,0.0,4.3180000000000005,0.0,0.0,0.0,0.0,0.00元,0.0,0.0
2025-02-14T13:20:00,2025-02-14T13:30:00,2025-02-14,80,0.0,0.0,0.0,0.0,0.0,0.0,0.0,0.8416,0.0,1.2624,0.0,4.208,0.0,0.0,0.0,0.0,0.00元,0.0,0.0
2025-02-14T13:30:00,2025-02-14T13:40:00,2025-02-14,81,0.0,0.0,0.0,0.0,0.0,0.0,0.0,0.8618,0.0,1.2927,0.0,4.309,0.0,0.0,0.0,0.0,0.00元,0.0,0.0
2025-02-14T13:40:00,2025-02-14T13:50:00,2025-02-14,82,0.0,0.0,0.0,0.0,0.0,0.0,0.0,0.8623,0.0,1.29345,0.0,4.3115,0.0,0.0,0.0,0.0,0.00元,0.0,0.0
2025-02-14T13:50:00,2025-02-14T14:00:00,2025-02-14,83,0.0,0.0,0.0,0.0,0.0,0.0,0.0,0.9026,0.0,1.3538999999999999,0.0,4.513,0.0,0.0,0.0,0.0,0.00元,0.0,0.0
2025-02-14T14:00:00,2025-02-14T14:10:00,2025-02-14,84,0.0,0.0,0.0,0.0,0.0,0.0,0.0,0.9754,0.0,1.4631,0.0,4.877000000000001,0.0,0.0,0.0,0.0,0.00元,0.0,0.0
2025-02-14T14:10:00,2025-02-14T14:20:00,2025-02-14,85,0.0,0.0,0.0,0.0,0.0,0.0,0.0,1.0002,0.0,1.5003,0.0,5.0009999999999994,0.0,0.0,0.0,0.0,0.00元,0.0,0.0
2025-02-14T14:20:00,2025-02-14T14:30:00,2025-02-14,86,0.0,0.0,0.0,0.0,0.0,0.0,0.0,0.9978,0.0,1.4967000000000001,0.0,4.989,0.0,0.0,0.0,0.0,0.00元,0.0,0.0
2025-02-14T14:30:00,2025-02-14T14:40:00,2025-02-14,87,0.0,0.0,0.0,0.0,0.0,0.0,0.0,1.0271,0.0,1.5406499999999999,0.0,5.1354999999999995,0.0,0.0,0.0,0.0,0.00元,0.0,0.0
2025-02-14T14:40:00,2025-02-14T14:50:00,2025-02-14,88,0.0,0.0,0.0,0.0,0.0,0.0,0.0,1.0906,0.0,1.6359,0.0,5.453,0.0,0.0,0.0,0.0,0.00元,0.0,0.0
2025-02-14T14:50:00,2025-02-14T15:00:00,2025-02-14,89,0.0,0.0,0.0,0.0,0.0,0.0,0.0,0.9376,0.0,1.4064,0.0,4.688,0.0,0.0,0.0,0.0,0.00元,0.0,0.0
2025-02-14T15:00:00,2025-02-14T15:10:00,2025-02-14,90,0.0,0.0,0.0,0.0,0.0,0.0,0.0,0.6694,0.0,1.0041,0.0,3.347,0.0,0.0,0.0,0.0,0.00元,0.0,0.0
2025-02-14T15:10:00,2025-02-14T15:20:00,2025-02-14,91,0.0,0.0,0.0,0.0,0.0,0.0,0.0,0.66,0.0,0.99,0.0,3.3000000000000003,0.0,0.0,0.0,0.0,0.00元,0.0,0.0
2025-02-14T15:20:00,2025-02-14T15:30:00,2025-02-14,92,0.0,0.0,6.536971714960373,6.536971714960373,6.536971714960373,0.0,6.536971714960373,0.7217,0.0,1.08255,7.0765987300303514,3.6085000000000003,0.0,0.0,0.0,7.0765987300303514,7.08元,0.0,6.536971714960373
2025-02-14T15:30:00,2025-02-14T15:40:00,2025-02-14,93,10.432791123808443,10.432791123808443,40.45336213903829,50.88615326284673,40.45336213903829,0.0,50.88615326284673,0.7308,7.62428375327921,1.0962,44.34497557681377,3.654,0.0,0.0,0.0,51.96925933009298,51.97元,0.0,50.88615326284673
2025-02-14T15:40:00,2025-02-14T15:50:00,2025-02-14,94,86.14101415555922,86.14101415555922,36.84666881242083,122.98768296798005,36.84666881242083,0.0,122.98768296798005,0.7534,64.89864006479831,1.1300999999999999,41.640420424916776,3.767,0.0,0.0,0.0,106.53906048971508,106.54元,0.0,122.98768296798005
2025-02-14T15:50:00,2025-02-14T16:00:00,2025-02-14,95,142.8411790789748,142.8411790789748,33.02947602469311,175.8706551036679,33.02947602469311,0.0,175.8706551036679,0.7823,111.74465439348198,1.1734499999999999,38.75843864117613,3.9115,0.0,0.0,0.0,150.50309303465812,150.50元,0.0,175.8706551036679
2025-02-14T16:00:00,2025-02-14T16:10:00,2025-02-14,96,176.16794372618426,176.16794372618426,1.2957548323586252,177.4636985585429,1.2957548323586252,0.0,177.4636985585429,0.8055,141.90327867144143,1.20825,1.565595776197309,4.0275,0.0,0.0,0.0,143.46887444763874,143.47元,0.0,177.4636985585429
2025-02-14T16:10:00,2025-02-14T16:20:00,2025-02-14,97,222.8172575247218,222.8172575247218,1.2602569511972206,224.07751447591903,1.2602569511972206,0.0,224.07751447591903,0.8271,184.2921536986974,1.24065,1.5635377865028317,4.1354999999999995,0.0,0.0,0.0,185.85569148520023,185.86元,0.0,224.07751447591903
2025-02-14T16:20:00,2025-02-14T16:30:00,2025-02-14,98,292.3638391646903,292.3638391646903,1.225731553051446,293.58957071774176,1.225731553051446,0.0,293.58957071774176,0.8519,249.06475458439968,1.27785,1.5663010650667903,4.2595,0.0,0.0,0.0,250.63105564946648,250.63元,0.0,293.58957071774176
2025-02-14T16:30:00,2025-02-14T16:40:00,2025-02-14,99,365.9786719792651,365.9786719792651,1.192151996240682,367.17082397550575,1.192151996240682,0.0,367.17082397550575,0.8791,321.73185053697193,1.3186499999999999,1.5720312298427752,4.3955,0.0,0.0,0.0,323.3038817668147,323.30元,0.0,367.17082397550575
2025-02-14T16:40:00,2025-02-14T16:50:00,2025-02-14,100,408.4007185710474,408.4007185710474,1.1594923689467578,409.56021093999414,1.1594923689467578,0.0,409.56021093999414,0.9024,368.5408084385131,1.3536,1.5694888706063312,4.512,0.0,0.0,0.0,370.11029730911946,370.11元,0.0,409.56021093999414
2025-02-14T16:50:00,2025-02-14T17:00:00,2025-02-14,101,388.4146842714164,388.4146842714164,1.1277274692199626,389.54241174063634,1.1277274692199626,0.0,389.54241174063634,0.9163,355.90437519789884,1.37445,1.5500050200693776,4.5815,0.0,0.0,0.0,357.4543802179682,357.45元,0.0,389.54241174063634
2025-02-14T17:00:00,2025-02-14T17:10:00,2025-02-14,102,352.9937035758764,352.9937035758764,1.0968327855303528,354.09053636140675,1.0968327855303528,0.0,354.09053636140675,0.9264,327.0133669926919,1.3896,1.5241588387729783,4.632,0.0,0.0,0.0,328.53752583146485,328.54元,0.0,354.09053636140675
2025-02-14T17:10:00,2025-02-14T17:20:00,2025-02-14,103,388.48317669826986,388.48317669826986,1.0667844778548101,389.54996117612467,1.0667844778548101,0.0,389.54996117612467,0.9462,367.58278179190296,1.4193,1.514087209419332,4.731,0.0,0.0,0.0,369.0968690013223,369.10元,0.0,389.54996117612467
2025-02-14T17:20:00,2025-02-14T17:30:00,2025-02-14,104,433.009812910522,433.009812910522,1.0375593592797827,434.04737226980177,1.0375593592797827,0.0,434.04737226980177,0.9742,421.8381597374305,1.4613,1.5161854917155464,4.8709999999999996,0.0,0.0,0.0,423.354345229146,423.35元,0.0,434.04737226980177
2025-02-14T17:30:00,2025-02-14T17:40:00,2025-02-14,105,438.4539479298287,438.4539479298287,1.009134878109478,439.4630828079382,1.009134878109478,0.0,439.4630828079382,0.9862,432.4032834483971,1.4792999999999998,1.4928132251873507,4.931,0.0,0.0,0.0,433.8960966735844,433.90元,0.0,439.4630828079382
2025-02-14T17:40:00,2025-02-14T17:50:00,2025-02-14,106,418.01120678186567,418.01120678186567,0.9814891004635911,418.99269588232926,0.9814891004635911,0.0,418.99269588232926,0.976,407.9789378191009,1.464,1.4369000430786973,4.88,0.0,0.0,0.0,409.41583786217956,409.42元,0.0,418.99269588232926
2025-02-14T17:50:00,2025-02-14T18:00:00,2025-02-14,107,190.56219983763458,190.56219983763458,41.67811748091199,232.24031731854657,41.67811748091199,0.0,232.24031731854657,1.0742,204.7019150655871,1.6113,67.1559506969935,5.371,0.0,0.0,0.0,271.85786576258056,271.86元,0.0,232.24031731854657
2025-02-14T18:00:00,2025-02-14T18:10:00,2025-02-14,108,0.0,0.0,0.0,0.0,0.0,0.0,0.0,1.2313,0.0,1.84695,0.0,6.1565,0.0,28.39334841986107,17.48036495468747,17.48036495468747,17.48元,0.0,0.0
2025-02-14T18:10:00,2025-02-14T18:20:00,2025-02-14,109,0.0,0.0,0.0,0.0,0.0,0.0,0.0,1.2561,0.0,1.88415,0.0,6.2805,0.0,0.0,0.0,0.0,0.00元,0.0,0.0
2025-02-14T18:20:00,2025-02-14T18:30:00,2025-02-14,110,0.0,0.0,0.0,0.0,0.0,0.0,0.0,1.2447,0.0,1.8670499999999999,0.0,6.2235,0.0,0.0,0.0,0.0,0.00元,0.0,0.0
2025-02-14T18:30:00,2025-02-14T18:40:00,2025-02-14,111,0.0,0.0,0.0,0.0,0.0,0.0,0.0,1.2545,0.0,1.8817499999999998,0.0,6.2725,0.0,0.0,0.0,0.0,0.00元,0.0,0.0
2025-02-14T18:40:00,2025-02-14T18:50:00,2025-02-14,112,0.0,0.0,0.0,0.0,0.0,0.0,0.0,1.2522,0.0,1.8782999999999999,0.0,6.261,0.0,0.0,0.0,0.0,0.00元,0.0,0.0
2025-02-14T18:50:00,2025-02-14T19:00:00,2025-02-14,113,0.0,0.0,0.0,0.0,0.0,0.0,0.0,1.2881,0.0,1.93215,0.0,6.4405,0.0,0.0,0.0,0.0,0.00元,0.0,0.0
2025-02-14T19:00:00,2025-02-14T19:10:00,2025-02-14,114,0.0,0.0,0.0,0.0,0.0,0.0,0.0,1.3466,0.0,2.0199,0.0,6.7330000000000005,0.0,0.0,0.0,0.0,0.00元,0.0,0.0
2025-02-14T19:10:00,2025-02-14T19:20:00,2025-02-14,115,0.0,0.0,0.0,0.0,0.0,0.0,0.0,1.3523,0.0,2.0284500000000003,0.0,6.7615,0.0,0.0,0.0,0.0,0.00元,0.0,0.0
2025-02-14T19:20:00,2025-02-14T19:30:00,2025-02-14,116,0.0,0.0,0.0,0.0,0.0,0.0,0.0,1.3445,0.0,2.01675,0.0,6.7225,0.0,0.0,0.0,0.0,0.00元,0.0,0.0
2025-02-14T19:30:00,2025-02-14T19:40:00,2025-02-14,117,0.0,0.0,0.0,0.0,0.0,0.0,0.0,1.3483,0.0,2.02245,0.0,6.7415,0.0,0.0,0.0,0.0,0.00元,0.0,0.0
2025-02-14T19:40:00,2025-02-14T19:50:00,2025-02-14,118,0.0,0.0,0.0,0.0,0.0,0.0,0.0,1.349,0.0,2.0235,0.0,6.745,0.0,0.0,0.0,0.0,0.00元,0.0,0.0
2025-02-14T19:50:00,2025-02-14T20:00:00,2025-02-14,119,0.0,0.0,0.0,0.0,0.0,0.0,0.0,1.3473,0.0,2.02095,0.0,6.7364999999999995,0.0,0.0,0.0,0.0,0.00元,0.0,0.0
2025-02-14T20:00:00,2025-02-14T20:10:00,2025-02-14,120,0.0,0.0,0.0,0.0,0.0,0.0,0.0,1.3482,0.0,2.0223,0.0,6.7410000000000005,0.0,0.0,0.0,0.0,0.00元,0.0,0.0
2025-02-14T20:10:00,2025-02-14T20:20:00,2025-02-14,121,0.0,0.0,0.0,0.0,0.0,0.0,0.0,1.3513,0.0,2.02695,0.0,6.7565,0.0,0.0,0.0,0.0,0.00元,0.0,0.0
2025-02-14T20:20:00,2025-02-14T20:30:00,2025-02-14,122,0.0,0.0,0.0,0.0,0.0,0.0,0.0,1.34,0.0,2.0100000000000002,0.0,6.7,0.0,0.0,0.0,0.0,0.00元,0.0,0.0
2025-02-14T20:30:00,2025-02-14T20:40:00,2025-02-14,123,0.0,0.0,0.0,0.0,0.0,0.0,0.0,1.3489,0.0,2.0233499999999998,0.0,6.7445,0.0,0.0,0.0,0.0,0.00元,0.0,0.0
2025-02-14T20:40:00,2025-02-14T20:50:00,2025-02-14,124,0.0,0.0,0.0,0.0,0.0,0.0,0.0,1.3952,0.0,2.0928,0.0,6.976,0.0,0.0,0.0,0.0,0.00元,0.0,0.0
2025-02-14T20:50:00,2025-02-14T21:00:00,2025-02-14,125,0.0,0.0,389.6319333732299,389.6319333732299,389.6319333732299,0.0,389.6319333732299,1.2226,0.0,1.8338999999999999,714.5460026131663,6.1129999999999995,0.0,0.0,0.0,714.5460026131663,714.55元,0.0,389.6319333732299
2025-02-14T21:00:00,2025-02-14T21:10:00,2025-02-14,126,463.44356191675183,463.44356191675183,0.0,463.44356191675183,0.0,0.0,463.44356191675183,0.9332,432.48553198071284,1.3998,0.0,4.666,0.0,0.0,0.0,432.48553198071284,432.49元,0.0,463.44356191675183
2025-02-14T21:10:00,2025-02-14T21:20:00,2025-02-14,127,467.95676054150294,467.95676054150294,0.0,467.95676054150294,0.0,0.0,467.95676054150294,0.9068,424.3431904590349,1.3602,0.0,4.534000000000001,0.0,0.0,0.0,424.3431904590349,424.34元,0.0,467.95676054150294
2025-02-14T21:20:00,2025-02-14T21:30:00,2025-02-14,128,481.1600310283424,481.1600310283424,0.0,481.1600310283424,0.0,0.0,481.1600310283424,0.9371,450.8950650766597,1.40565,0.0,4.6855,0.0,0.0,0.0,450.8950650766597,450.90元,0.0,481.1600310283424
2025-02-14T21:30:00,2025-02-14T21:40:00,2025-02-14,129,489.3295882460895,489.3295882460895,0.0,489.3295882460895,0.0,0.0,489.3295882460895,0.9371,458.5507571454105,1.40565,0.0,4.6855,0.0,0.0,0.0,458.5507571454105,458.55元,0.0,489.3295882460895
2025-02-14T21:40:00,2025-02-14T21:50:00,2025-02-14,130,473.2335733581468,473.2335733581468,0.0,473.2335733581468,0.0,0.0,473.2335733581468,0.9871,467.12886026182673,1.48065,0.0,4.9355,0.0,0.0,0.0,467.12886026182673,467.13元,0.0,473.2335733581468
2025-02-14T21:50:00,2025-02-14T22:00:00,2025-02-14,131,432.5892380555338,432.5892380555338,0.0,432.5892380555338,0.0,0.0,432.5892380555338,0.7764,335.8622844263165,1.1646,0.0,3.8819999999999997,0.0,0.0,0.0,335.8622844263165,335.86元,0.0,432.5892380555338
2025-02-14T22:00:00,2025-02-14T22:10:00,2025-02-14,132,1211.5964431660786,1208.837470588689,0.0,1208.837470588689,-2.7589725773896134,0.0,1208.837470588689,0.4209,508.7996913707792,0.63135,0.0,2.1045,0.0,0.0,0.0,508.7996913707792,508.80元,20.602470598689017,1188.23499999
2025-02-14T22:10:00,2025-02-14T22:20:00,2025-02-14,133,1198.113400496166,1195.4300114151556,0.0,1195.4300114151556,-2.6833890810103185,0.0,1195.4300114151556,0.3859,461.31644140510855,0.5788500000000001,0.0,1.9295,0.0,0.0,0.0,461.31644140510855,461.32元,0.0,1195.4300114151556
2025-02-14T22:20:00,2025-02-14T22:30:00,2025-02-14,134,392.47331480228644,392.47331480228644,0.0,392.47331480228644,0.0,0.0,392.47331480228644,0.4368,171.43234390563873,0.6552,0.0,2.184,0.0,0.0,0.0,171.43234390563873,171.43元,0.0,392.47331480228644
2025-02-14T22:30:00,2025-02-14T22:40:00,2025-02-14,135,1248.4061436670718,1245.8677663571289,0.0,1245.8677663571289,-2.5383773099429163,0.0,1245.8677663571289,0.4198,523.0152883167227,0.6297,0.0,2.099,0.0,0.0,0.0,523.0152883167227,523.02元,49.18943303379546,1196.6783333233334
2025-02-14T22:40:00,2025-02-14T22:50:00,2025-02-14,136,1231.1854079129052,1228.7165707766442,0.0,1228.7165707766442,-2.4688371362610724,0.0,1228.7165707766442,0.4186,514.3407565271033,0.6279,0.0,2.093,0.0,0.0,0.0,514.3407565271033,514.34元,4.031004119977516,1224.6855666566667
2025-02-14T22:50:00,2025-02-14T23:00:00,2025-02-14,137,1222.0309696227946,1219.718227885819,0.0,1219.718227885819,-2.3127417369755676,0.0,1219.718227885819,0.4241,517.2825004463758,0.63615,0.0,2.1205,0.0,0.0,0.0,517.2825004463758,517.28元,0.0,1219.718227885819
2025-02-14T23:00:00,2025-02-14T23:10:00,2025-02-14,138,1234.7923653846487,1232.456945518414,0.0,1232.456945518414,-2.3354198662348153,0.0,1232.456945518414,0.4237,522.192007816152,0.6355500000000001,0.0,2.1185,0.0,0.0,0.0,522.192007816152,522.19元,12.97861219508058,1219.4783333233333
2025-02-14T23:10:00,2025-02-14T23:20:00,2025-02-14,139,404.2448848101385,404.2448848101385,0.0,404.2448848101385,0.0,0.0,404.2448848101385,0.4248,171.72322706734684,0.6372,0.0,2.124,0.0,0.0,0.0,171.72322706734684,171.72元,0.0,404.2448848101385
2025-02-14T23:20:00,2025-02-14T23:30:00,2025-02-14,140,1238.2149095206191,1236.0056969842813,0.0,1236.0056969842813,-2.2092125363378727,0.0,1236.0056969842813,0.424,524.0664155213352,0.636,0.0,2.12,0.0,0.0,0.0,524.0664155213352,524.07元,0.0,1236.0056969842813
2025-02-14T23:30:00,2025-02-14T23:40:00,2025-02-14,141,1243.7716932409758,1241.6230032372323,0.0,1241.6230032372323,-2.148690003743468,0.0,1241.6230032372323,0.422,523.964907366112,0.633,0.0,2.11,0.0,0.0,0.0,523.964907366112,523.96元,0.0,1241.6230032372323
2025-02-14T23:40:00,2025-02-14T23:50:00,2025-02-14,142,1249.6400862835453,1247.550260765969,0.0,1247.550260765969,-2.0898255175764007,0.0,1247.550260765969,0.424,528.9613105647708,0.636,0.0,2.12,0.0,0.0,0.0,528.9613105647708,528.96元,1.7023774426355578,1245.8478833233335
2025-02-14T23:50:00,2025-02-15T00:00:00,2025-02-14,143,415.9257863836184,415.9257863836184,0.0,415.9257863836184,0.0,0.0,415.9257863836184,0.4271,177.6419033644434,0.6406499999999999,0.0,2.1355,0.0,0.0,0.0,177.6419033644434,177.64元,0.0,415.9257863836184
2025-02-15T00:00:00,2025-02-15T00:10:00,2025-02-14,144,406.61762500000003,406.61762500000003,0.0,406.61762500000003,0.0,0.0,406.61762500000003,0.4276,173.86969645,0.6414,0.0,2.138,0.0,0.0,0.0,173.86969645,173.87元,0.0,406.61762500000003
2025-02-15T00:10:00,2025-02-15T00:20:00,2025-02-15,1,401.9223078442454,401.9223078442454,0.0,401.9223078442454,0.0,0.0,401.9223078442454,0.4248,170.73659637223545,0.6372,0.0,2.124,0.0,0.0,0.0,170.73659637223545,170.74元,0.0,401.9223078442454
2025-02-15T00:20:00,2025-02-15T00:30:00,2025-02-15,2,415.1633758355363,415.1633758355363,0.0,415.1633758355363,0.0,0.0,415.1633758355363,0.4245,176.23685304218517,0.6367499999999999,0.0,2.1225,0.0,0.0,0.0,176.23685304218517,176.24元,0.0,415.1633758355363
2025-02-15T00:30:00,2025-02-15T00:40:00,2025-02-15,3,437.6211209413814,437.6211209413814,0.0,437.6211209413814,0.0,0.0,437.6211209413814,0.4269,186.8204565298757,0.64035,0.0,2.1345,0.0,0.0,0.0,186.8204565298757,186.82元,0.0,437.6211209413814
2025-02-15T00:40:00,2025-02-15T00:50:00,2025-02-15,4,442.5772028494492,442.5772028494492,0.0,442.5772028494492,0.0,0.0,442.5772028494492,0.4272,189.0689810572847,0.6408,0.0,2.136,0.0,0.0,0.0,189.0689810572847,189.07元,0.0,442.5772028494492
2025-02-15T00:50:00,2025-02-15T01:00:00,2025-02-15,5,436.53721900719626,436.53721900719626,0.0,436.53721900719626,0.0,0.0,436.53721900719626,0.4271,186.44504623797351,0.6406499999999999,0.0,2.1355,0.0,0.0,0.0,186.44504623797351,186.45元,0.0,436.53721900719626
2025-02-15T01:00:00,2025-02-15T01:10:00,2025-02-15,6,434.63136632707574,434.63136632707574,0.0,434.63136632707574,0.0,0.0,434.63136632707574,0.4285,186.23954047115194,0.6427499999999999,0.0,2.1425,0.0,0.0,0.0,186.23954047115194,186.24元,0.0,434.63136632707574
2025-02-15T01:10:00,2025-02-15T01:20:00,2025-02-15,7,443.3175320573567,443.3175320573567,0.0,443.3175320573567,0.0,0.0,443.3175320573567,0.4311,191.11418806992646,0.64665,0.0,2.1555,0.0,0.0,0.0,191.11418806992646,191.11元,0.0,443.3175320573567
2025-02-15T01:20:00,2025-02-15T01:30:00,2025-02-15,8,436.19750048525117,436.19750048525117,0.0,436.19750048525117,0.0,0.0,436.19750048525117,0.4302,187.65216470875507,0.6453,0.0,2.1510000000000002,0.0,0.0,0.0,187.65216470875507,187.65元,0.0,436.19750048525117
2025-02-15T01:30:00,2025-02-15T01:40:00,2025-02-15,9,423.04734047237326,423.04734047237326,0.0,423.04734047237326,0.0,0.0,423.04734047237326,0.4279,181.02195698812852,0.64185,0.0,2.1395,0.0,0.0,0.0,181.02195698812852,181.02元,0.0,423.04734047237326
2025-02-15T01:40:00,2025-02-15T01:50:00,2025-02-15,10,440.16467215589614,440.16467215589614,0.0,440.16467215589614,0.0,0.0,440.16467215589614,0.4312,189.79900663362244,0.6468,0.0,2.156,0.0,0.0,0.0,189.79900663362244,189.80元,0.0,440.16467215589614
2025-02-15T01:50:00,2025-02-15T02:00:00,2025-02-15,11,453.9913611487623,453.9913611487623,0.0,453.9913611487623,0.0,0.0,453.9913611487623,0.4333,196.7144567857587,0.64995,0.0,2.1665,0.0,0.0,0.0,196.7144567857587,196.71元,0.0,453.9913611487623
2025-02-15T02:00:00,2025-02-15T02:10:00,2025-02-15,12,449.6987510723086,449.6987510723086,0.0,449.6987510723086,0.0,0.0,449.6987510723086,0.4311,193.86513158727223,0.64665,0.0,2.1555,0.0,0.0,0.0,193.86513158727223,193.87元,0.0,449.6987510723086
2025-02-15T02:10:00,2025-02-15T02:20:00,2025-02-15,13,447.0664585879983,447.0664585879983,0.0,447.0664585879983,0.0,0.0,447.0664585879983,0.4293,191.92563067182766,0.64395,0.0,2.1465,0.0,0.0,0.0,191.92563067182766,191.93元,0.0,447.0664585879983
2025-02-15T02:20:00,2025-02-15T02:30:00,2025-02-15,14,456.5238692616163,456.5238692616163,0.0,456.5238692616163,0.0,0.0,456.5238692616163,0.4324,197.4009210687229,0.6486000000000001,0.0,2.162,0.0,0.0,0.0,197.4009210687229,197.40元,0.0,456.5238692616163
2025-02-15T02:30:00,2025-02-15T02:40:00,2025-02-15,15,461.6827925932856,461.6827925932856,0.0,461.6827925932856,0.0,0.0,461.6827925932856,0.4367,201.6168755254878,0.6550499999999999,0.0,2.1835,0.0,0.0,0.0,201.6168755254878,201.62元,0.0,461.6827925932856
2025-02-15T02:40:00,2025-02-15T02:50:00,2025-02-15,16,441.2540762133291,441.2540762133291,0.0,441.2540762133291,0.0,0.0,441.2540762133291,0.4348,191.8572723375555,0.6522,0.0,2.174,0.0,0.0,0.0,191.8572723375555,191.86元,0.0,441.2540762133291
2025-02-15T02:50:00,2025-02-15T03:00:00,2025-02-15,17,447.690741743996,447.690741743996,0.0,447.690741743996,0.0,0.0,447.690741743996,0.4335,194.07393654602225,0.65025,0.0,2.1675,0.0,0.0,0.0,194.07393654602225,194.07元,0.0,447.690741743996
2025-02-15T03:00:00,2025-02-15T03:10:00,2025-02-15,18,484.76407066041384,484.76407066041384,0.0,484.76407066041384,0.0,0.0,484.76407066041384,0.4357,211.21170558674228,0.65355,0.0,2.1784999999999997,0.0,0.0,0.0,211.21170558674228,211.21元,0.0,484.76407066041384
2025-02-15T03:10:00,2025-02-15T03:20:00,2025-02-15,19,500.49401431744656,500.49401431744656,0.0,500.49401431744656,0.0,0.0,500.49401431744656,0.4374,218.91608186245114,0.6561,0.0,2.1870000000000003,0.0,0.0,0.0,218.91608186245114,218.92元,0.0,500.49401431744656
2025-02-15T03:20:00,2025-02-15T03:30:00,2025-02-15,20,489.9085406424872,489.9085406424872,0.0,489.9085406424872,0.0,0.0,489.9085406424872,0.4371,214.13902311483116,0.65565,0.0,2.1854999999999998,0.0,0.0,0.0,214.13902311483116,214.14元,0.0,489.9085406424872
2025-02-15T03:30:00,2025-02-15T03:40:00,2025-02-15,21,471.5852758275314,471.5852758275314,0.0,471.5852758275314,0.0,0.0,471.5852758275314,0.4356,205.42254615047267,0.6534,0.0,2.178,0.0,0.0,0.0,205.42254615047267,205.42元,0.0,471.5852758275314
2025-02-15T03:40:00,2025-02-15T03:50:00,2025-02-15,22,469.3242510205585,469.3242510205585,0.0,469.3242510205585,0.0,0.0,469.3242510205585,0.4353,204.29684646924912,0.65295,0.0,2.1765,0.0,0.0,0.0,204.29684646924912,204.30元,0.0,469.3242510205585
2025-02-15T03:50:00,2025-02-15T04:00:00,2025-02-15,23,483.2071931828988,483.2071931828988,0.0,483.2071931828988,0.0,0.0,483.2071931828988,0.436,210.67833622774387,0.654,0.0,2.18,0.0,0.0,0.0,210.67833622774387,210.68元,0.0,483.2071931828988
2025-02-15T04:00:00,2025-02-15T04:10:00,2025-02-15,24,498.64119011261096,498.64119011261096,0.0,498.64119011261096,0.0,0.0,498.64119011261096,0.4378,218.3051130313011,0.6567000000000001,0.0,2.189,0.0,0.0,0.0,218.3051130313011,218.31元,0.0,498.64119011261096
2025-02-15T04:10:00,2025-02-15T04:20:00,2025-02-15,25,501.1440488005525,501.1440488005525,0.0,501.1440488005525,0.0,0.0,501.1440488005525,0.4401,220.55349587712317,0.66015,0.0,2.2005,0.0,0.0,0.0,220.55349587712317,220.55元,0.0,501.1440488005525
2025-02-15T04:20:00,2025-02-15T04:30:00,2025-02-15,26,509.8075854524928,509.8075854524928,0.0,509.8075854524928,0.0,0.0,509.8075854524928,0.4389,223.75454925509908,0.65835,0.0,2.1945,0.0,0.0,0.0,223.75454925509908,223.75元,0.0,509.8075854524928
2025-02-15T04:30:00,2025-02-15T04:40:00,2025-02-15,27,521.1939430106213,521.1939430106213,0.0,521.1939430106213,0.0,0.0,521.1939430106213,0.4364,227.44903672983514,0.6546000000000001,0.0,2.182,0.0,0.0,0.0,227.44903672983514,227.45元,0.0,521.1939430106213
2025-02-15T04:40:00,2025-02-15T04:50:00,2025-02-15,28,512.6183150231743,512.6183150231743,0.0,512.6183150231743,0.0,0.0,512.6183150231743,0.4393,225.1932257896805,0.65895,0.0,2.1965000000000003,0.0,0.0,0.0,225.1932257896805,225.19元,0.0,512.6183150231743
2025-02-15T04:50:00,2025-02-15T05:00:00,2025-02-15,29,507.2029255879071,507.2029255879071,0.0,507.2029255879071,0.0,0.0,507.2029255879071,0.4422,224.2851336949725,0.6633,0.0,2.211,0.0,0.0,0.0,224.2851336949725,224.29元,0.0,507.2029255879071
2025-02-15T05:00:00,2025-02-15T05:10:00,2025-02-15,30,510.7971003589618,510.7971003589618,0.0,510.7971003589618,0.0,0.0,510.7971003589618,0.4395,224.49532560776373,0.65925,0.0,2.1975,0.0,0.0,0.0,224.49532560776373,224.50元,0.0,510.7971003589618
2025-02-15T05:10:00,2025-02-15T05:20:00,2025-02-15,31,507.8248792801167,507.8248792801167,0.0,507.8248792801167,0.0,0.0,507.8248792801167,0.4333,220.04052019207458,0.64995,0.0,2.1665,0.0,0.0,0.0,220.04052019207458,220.04元,0.0,507.8248792801167
2025-02-15T05:20:00,2025-02-15T05:30:00,2025-02-15,32,512.3544715082986,512.3544715082986,0.0,512.3544715082986,0.0,0.0,512.3544715082986,0.4439,227.43414990253376,0.66585,0.0,2.2195,0.0,0.0,0.0,227.43414990253376,227.43元,0.0,512.3544715082986
2025-02-15T05:30:00,2025-02-15T05:40:00,2025-02-15,33,525.0520027605735,525.0520027605735,0.0,525.0520027605735,0.0,0.0,525.0520027605735,0.4301,225.82486638732266,0.64515,0.0,2.1505,0.0,0.0,0.0,225.82486638732266,225.82元,0.0,525.0520027605735
2025-02-15T05:40:00,2025-02-15T05:50:00,2025-02-15,34,1125.5270048782331,1125.5270048782331,0.0,1125.5270048782331,0.0,0.0,1125.5270048782331,0.3713,417.90817691128797,0.5569500000000001,0.0,1.8565,0.0,0.0,0.0,417.90817691128797,417.91元,0.0,1125.5270048782331
2025-02-15T05:50:00,2025-02-15T06:00:00,2025-02-15,35,0.0,0.0,0.0,0.0,0.0,0.0,0.0,0.5708,0.0,0.8562,0.0,2.854,0.0,0.0,0.0,0.0,0.00元,0.0,0.0
2025-02-15T06:00:00,2025-02-15T06:10:00,2025-02-15,36,0.0,0.0,0.0,0.0,0.0,0.0,0.0,0.9099,0.0,1.3648500000000001,0.0,4.5495,0.0,52.41529649483834,23.8463391403267,23.8463391403267,23.85元,0.0,0.0
2025-02-15T06:10:00,2025-02-15T06:20:00,2025-02-15,37,0.0,0.0,0.0,0.0,0.0,0.0,0.0,0.9368,0.0,1.4052,0.0,4.684,0.0,0.0,0.0,0.0,0.00元,0.0,0.0
2025-02-15T06:20:00,2025-02-15T06:30:00,2025-02-15,38,0.0,0.0,0.0,0.0,0.0,0.0,0.0,0.8758,0.0,1.3137,0.0,4.3790000000000004,0.0,0.0,0.0,0.0,0.00元,0.0,0.0
2025-02-15T06:30:00,2025-02-15T06:40:00,2025-02-15,39,0.0,0.0,0.0,0.0,0.0,0.0,0.0,0.8759,0.0,1.31385,0.0,4.3795,0.0,0.0,0.0,0.0,0.00元,0.0,0.0
2025-02-15T06:40:00,2025-02-15T06:50:00,2025-02-15,40,0.0,0.0,0.0,0.0,0.0,0.0,0.0,0.8601,0.0,1.29015,0.0,4.3004999999999995,0.0,0.0,0.0,0.0,0.00元,0.0,0.0
2025-02-15T06:50:00,2025-02-15T07:00:00,2025-02-15,41,0.0,0.0,0.0,0.0,0.0,0.0,0.0,0.8442,0.0,1.2663,0.0,4.221,0.0,0.0,0.0,0.0,0.00元,0.0,0.0
2025-02-15T07:00:00,2025-02-15T07:10:00,2025-02-15,42,0.0,0.0,0.0,0.0,0.0,0.0,0.0,0.8334,0.0,1.2501,0.0,4.167,0.0,0.0,0.0,0.0,0.00元,0.0,0.0
2025-02-15T07:10:00,2025-02-15T07:20:00,2025-02-15,43,0.0,0.0,0.0,0.0,0.0,0.0,0.0,0.8092,0.0,1.2138,0.0,4.046,0.0,0.0,0.0,0.0,0.00元,0.0,0.0
2025-02-15T07:20:00,2025-02-15T07:30:00,2025-02-15,44,0.0,0.0,0.0,0.0,0.0,0.0,0.0,0.7972,0.0,1.1958,0.0,3.986,0.0,0.0,0.0,0.0,0.00元,0.0,0.0
2025-02-15T07:30:00,2025-02-15T07:40:00,2025-02-15,45,0.0,0.0,0.0,0.0,0.0,0.0,0.0,0.7644,0.0,1.1465999999999998,0.0,3.822,0.0,0.0,0.0,0.0,0.00元,0.0,0.0
2025-02-15T07:40:00,2025-02-15T07:50:00,2025-02-15,46,0.0,0.0,0.0,0.0,0.0,0.0,0.0,0.6899,0.0,1.03485,0.0,3.4494999999999996,0.0,0.0,0.0,0.0,0.00元,0.0,0.0
2025-02-15T07:50:00,2025-02-15T08:00:00,2025-02-15,47,0.0,0.0,0.0,0.0,0.0,0.0,0.0,0.86,0.0,1.29,0.0,4.3,0.0,0.0,0.0,0.0,0.00元,0.0,0.0
2025-02-15T08:00:00,2025-02-15T08:10:00,2025-02-15,48,0.0,0.0,0.0,0.0,0.0,0.0,0.0,1.1617,0.0,1.74255,0.0,5.8084999999999996,0.0,0.0,0.0,0.0,0.00元,0.0,0.0
2025-02-15T08:10:00,2025-02-15T08:20:00,2025-02-15,49,0.0,0.0,0.0,0.0,0.0,0.0,0.0,1.1683,0.0,1.7524499999999998,0.0,5.8415,0.0,0.0,0.0,0.0,0.00元,0.0,0.0
2025-02-15T08:20:00,2025-02-15T08:30:00,2025-02-15,50,0.0,0.0,0.0,0.0,0.0,0.0,0.0,1.0956,0.0,1.6433999999999997,0.0,5.478,0.0,0.0,0.0,0.0,0.00元,0.0,0.0
2025-02-15T08:30:00,2025-02-15T08:40:00,2025-02-15,51,0.0,0.0,0.0,0.0,0.0,0.0,0.0,1.0849,0.0,1.6273499999999999,0.0,5.4245,0.0,0.0,0.0,0.0,0.00元,0.0,0.0
2025-02-15T08:40:00,2025-02-15T08:50:00,2025-02-15,52,0.0,0.0,0.0,0.0,0.0,0.0,0.0,1.061,0.0,1.5915,0.0,5.305,0.0,0.0,0.0,0.0,0.00元,0.0,0.0
2025-02-15T08:50:00,2025-02-15T09:00:00,2025-02-15,53,0.0,0.0,0.0,0.0,0.0,0.0,0.0,1.043,0.0,1.5644999999999998,0.0,5.215,0.0,0.0,0.0,0.0,0.00元,0.0,0.0
2025-02-15T09:00:00,2025-02-15T09:10:00,2025-02-15,54,0.0,0.0,0.0,0.0,0.0,0.0,0.0,1.036,0.0,1.554,0.0,5.18,0.0,0.0,0.0,0.0,0.00元,0.0,0.0
2025-02-15T09:10:00,2025-02-15T09:20:00,2025-02-15,55,0.0,0.0,0.0,0.0,0.0,0.0,0.0,1.0147,0.0,1.52205,0.0,5.073499999999999,0.0,0.0,0.0,0.0,0.00元,0.0,0.0
2025-02-15T09:20:00,2025-02-15T09:30:00,2025-02-15,56,0.0,0.0,0.0,0.0,0.0,0.0,0.0,0.9922,0.0,1.4883,0.0,4.961,0.0,0.0,0.0,0.0,0.00元,0.0,0.0
2025-02-15T09:30:00,2025-02-15T09:40:00,2025-02-15,57,0.0,0.0,0.0,0.0,0.0,0.0,0.0,0.97,0.0,1.455,0.0,4.85,0.0,0.0,0.0,0.0,0.00元,0.0,0.0
2025-02-15T09:40:00,2025-02-15T09:50:00,2025-02-15,58,0.0,0.0,0.0,0.0,0.0,0.0,0.0,0.9422,0.0,1.4133,0.0,4.711,0.0,0.0,0.0,0.0,0.00元,0.0,0.0
2025-02-15T09:50:00,2025-02-15T10:00:00,2025-02-15,59,0.0,0.0,0.0,0.0,0.0,0.0,0.0,0.9569,0.0,1.43535,0.0,4.7844999999999995,0.0,0.0,0.0,0.0,0.00元,0.0,0.0
2025-02-15T10:00:00,2025-02-15T10:10:00,2025-02-15,60,0.0,0.0,0.0,0.0,0.0,0.0,0.0,0.9977,0.0,1.49655,0.0,4.9885,0.0,0.0,0.0,0.0,0.00元,0.0,0.0
2025-02-15T10:10:00,2025-02-15T10:20:00,2025-02-15,61,0.0,0.0,0.0,0.0,0.0,0.0,0.0,0.9919,0.0,1.48785,0.0,4.9595,0.0,0.0,0.0,0.0,0.00元,0.0,0.0
2025-02-15T10:20:00,2025-02-15T10:30:00,2025-02-15,62,0.0,0.0,0.0,0.0,0.0,0.0,0.0,0.9588,0.0,1.4382,0.0,4.794,0.0,0.0,0.0,0.0,0.00元,0.0,0.0
2025-02-15T10:30:00,2025-02-15T10:40:00,2025-02-15,63,0.0,0.0,0.0,0.0,0.0,0.0,0.0,0.9549,0.0,1.43235,0.0,4.7745,0.0,0.0,0.0,0.0,0.00元,0.0,0.0
2025-02-15T10:40:00,2025-02-15T10:50:00,2025-02-15,64,0.0,0.0,0.0,0.0,0.0,0.0,0.0,0.9839,0.0,1.4758499999999999,0.0,4.9195,0.0,0.0,0.0,0.0,0.00元,0.0,0.0
2025-02-15T10:50:00,2025-02-15T11:00:00,2025-02-15,65,0.0,0.0,0.0,0.0,0.0,0.0,0.0,0.799,0.0,1.1985000000000001,0.0,3.995,0.0,0.0,0.0,0.0,0.00元,0.0,0.0
2025-02-15T11:00:00,2025-02-15T11:10:00,2025-02-15,66,0.0,0.0,0.0,0.0,0.0,0.0,0.0,0.5025,0.0,0.7537499999999999,0.0,2.5124999999999997,0.0,0.0,0.0,0.0,0.00元,0.0,0.0
2025-02-15T11:10:00,2025-02-15T11:20:00,2025-02-15,67,0.0,0.0,0.0,0.0,0.0,0.0,0.0,0.4662,0.0,0.6993,0.0,2.331,0.0,0.0,0.0,0.0,0.00元,0.0,0.0
2025-02-15T11:20:00,2025-02-15T11:30:00,2025-02-15,68,0.0,0.0,0.0,0.0,0.0,0.0,0.0,0.5007,0.0,0.75105,0.0,2.5035000000000003,0.0,0.0,0.0,0.0,0.00元,0.0,0.0
2025-02-15T11:30:00,2025-02-15T11:40:00,2025-02-15,69,0.0,0.0,0.0,0.0,0.0,0.0,0.0,0.4827,0.0,0.7240500000000001,0.0,2.4135,0.0,0.0,0.0,0.0,0.00元,0.0,0.0
2025-02-15T11:40:00,2025-02-15T11:50:00,2025-02-15,70,0.0,0.0,0.0,0.0,0.0,0.0,0.0,0.4785,0.0,0.71775,0.0,2.3925,0.0,0.0,0.0,0.0,0.00元,0.0,0.0
2025-02-15T11:50:00,2025-02-15T12:00:00,2025-02-15,71,0.0,0.0,0.0,0.0,0.0,0.0,0.0,0.4662,0.0,0.6993,0.0,2.331,0.0,0.0,0.0,0.0,0.00元,0.0,0.0
2025-02-15T12:00:00,2025-02-15T12:10:00,2025-02-15,72,0.0,0.0,0.0,0.0,0.0,0.0,0.0,0.4432,0.0,0.6648,0.0,2.2159999999999997,0.0,0.0,0.0,0.0,0.00元,0.0,0.0
2025-02-15T12:10:00,2025-02-15T12:20:00,2025-02-15,73,0.0,0.0,0.0,0.0,0.0,0.0,0.0,0.4411,0.0,0.66165,0.0,2.2055,0.0,0.0,0.0,0.0,0.00元,0.0,0.0
2025-02-15T12:20:00,2025-02-15T12:30:00,2025-02-15,74,0.0,0.0,0.0,0.0,0.0,0.0,0.0,0.4551,0.0,0.68265,0.0,2.2755,0.0,0.0,0.0,0.0,0.00元,0.0,0.0
2025-02-15T12:30:00,2025-02-15T12:40:00,2025-02-15,75,0.0,0.0,0.0,0.0,0.0,0.0,0.0,0.4463,0.0,0.66945,0.0,2.2315,0.0,0.0,0.0,0.0,0.00元,0.0,0.0
2025-02-15T12:40:00,2025-02-15T12:50:00,2025-02-15,76,0.0,0.0,155.6307324227888,155.6307324227888,155.6307324227888,0.0,155.6307324227888,0.4113,0.0,0.61695,96.01638036823955,2.0564999999999998,0.0,0.0,0.0,96.01638036823955,96.02元,0.0,155.6307324227888
2025-02-15T12:50:00,2025-02-15T13:00:00,2025-02-15,77,0.0,0.0,0.0,0.0,0.0,0.0,0.0,0.5682,0.0,0.8523000000000001,0.0,2.841,0.0,0.0,0.0,0.0,0.00元,0.0,0.0
2025-02-15T13:00:00,2025-02-15T13:10:00,2025-02-15,78,0.0,0.0,0.0,0.0,0.0,0.0,0.0,0.8279,0.0,1.24185,0.0,4.1395,0.0,0.0,0.0,0.0,0.00元,0.0,0.0
2025-02-15T13:10:00,2025-02-15T13:20:00,2025-02-15,79,0.0,0.0,0.0,0.0,0.0,0.0,0.0,0.8636,0.0,1.2954,0.0,4.3180000000000005,0.0,0.0,0.0,0.0,0.00元,0.0,0.0
2025-02-15T13:20:00,2025-02-15T13:30:00,2025-02-15,80,0.0,0.0,0.0,0.0,0.0,0.0,0.0,0.8416,0.0,1.2624,0.0,4.208,0.0,0.0,0.0,0.0,0.00元,0.0,0.0
2025-02-15T13:30:00,2025-02-15T13:40:00,2025-02-15,81,0.0,0.0,0.0,0.0,0.0,0.0,0.0,0.8618,0.0,1.2927,0.0,4.309,0.0,0.0,0.0,0.0,0.00元,0.0,0.0
2025-02-15T13:40:00,2025-02-15T13:50:00,2025-02-15,82,0.0,0.0,0.0,0.0,0.0,0.0,0.0,0.8623,0.0,1.29345,0.0,4.3115,0.0,0.0,0.0,0.0,0.00元,0.0,0.0
2025-02-15T13:50:00,2025-02-15T14:00:00,2025-02-15,83,0.0,0.0,0.0,0.0,0.0,0.0,0.0,0.9026,0.0,1.3538999999999999,0.0,4.513,0.0,0.0,0.0,0.0,0.00元,0.0,0.0
2025-02-15T14:00:00,2025-02-15T14:10:00,2025-02-15,84,0.0,0.0,0.0,0.0,0.0,0.0,0.0,0.9754,0.0,1.4631,0.0,4.877000000000001,0.0,0.0,0.0,0.0,0.00元,0.0,0.0
2025-02-15T14:10:00,2025-02-15T14:20:00,2025-02-15,85,0.0,0.0,0.0,0.0,0.0,0.0,0.0,1.0002,0.0,1.5003,0.0,5.0009999999999994,0.0,0.0,0.0,0.0,0.00元,0.0,0.0
2025-02-15T14:20:00,2025-02-15T14:30:00,2025-02-15,86,0.0,0.0,0.0,0.0,0.0,0.0,0.0,0.9978,0.0,1.4967000000000001,0.0,4.989,0.0,0.0,0.0,0.0,0.00元,0.0,0.0
2025-02-15T14:30:00,2025-02-15T14:40:00,2025-02-15,87,0.0,0.0,0.0,0.0,0.0,0.0,0.0,1.0271,0.0,1.5406499999999999,0.0,5.1354999999999995,0.0,0.0,0.0,0.0,0.00元,0.0,0.0
2025-02-15T14:40:00,2025-02-15T14:50:00,2025-02-15,88,0.0,0.0,0.0,0.0,0.0,0.0,0.0,1.0906,0.0,1.6359,0.0,5.453,0.0,0.0,0.0,0.0,0.00元,0.0,0.0
2025-02-15T14:50:00,2025-02-15T15:00:00,2025-02-15,89,0.0,0.0,0.0,0.0,0.0,0.0,0.0,0.9376,0.0,1.4064,0.0,4.688,0.0,0.0,0.0,0.0,0.00元,0.0,0.0
2025-02-15T15:00:00,2025-02-15T15:10:00,2025-02-15,90,0.0,0.0,0.0,0.0,0.0,0.0,0.0,0.6694,0.0,1.0041,0.0,3.347,0.0,0.0,0.0,0.0,0.00元,0.0,0.0
2025-02-15T15:10:00,2025-02-15T15:20:00,2025-02-15,91,0.0,0.0,0.0,0.0,0.0,0.0,0.0,0.66,0.0,0.99,0.0,3.3000000000000003,0.0,0.0,0.0,0.0,0.00元,0.0,0.0
2025-02-15T15:20:00,2025-02-15T15:30:00,2025-02-15,92,0.0,0.0,0.0,0.0,0.0,0.0,0.0,0.7217,0.0,1.08255,0.0,3.6085000000000003,0.0,0.0,0.0,0.0,0.00元,0.0,0.0
2025-02-15T15:30:00,2025-02-15T15:40:00,2025-02-15,93,50.2941192236068,43.824689868612104,15.396304904467392,59.2209947730795,8.926875549472697,0.0,59.2209947730795,0.7308,32.02708335598172,1.0962,16.877429436277154,3.654,0.0,0.0,0.0,48.904512792258885,48.90元,0.0,59.2209947730795
2025-02-15T15:40:00,2025-02-15T15:50:00,2025-02-15,94,79.80722633646349,73.83529211367217,13.987660882582631,87.8229529962548,8.015726659791312,0.0,87.8229529962548,0.7534,55.62750907844061,1.1300999999999999,15.80745556340663,3.767,0.0,0.0,0.0,71.43496464184724,71.43元,0.0,87.8229529962548
2025-02-15T15:50:00,2025-02-15T16:00:00,2025-02-15,95,105.31520647534404,99.85624439836091,12.527919728290769,112.38416412665168,7.068957651307642,0.0,112.38416412665168,0.7823,78.11753999283775,1.1734499999999999,14.700887405162803,3.9115,0.0,0.0,0.0,92.81842739800055,92.82元,0.0,112.38416412665168
2025-02-15T16:00:00,2025-02-15T16:10:00,2025-02-15,96,156.28377788783024,154.9156378911465,0.04008221304633253,154.95572010419284,-1.328057783637405,0.0,154.95572010419284,0.8055,124.7845463213185,1.20825,0.04842933391323127,4.0275,0.0,0.0,0.0,124.83297565523173,124.83元,0.0,154.95572010419284
2025-02-15T16:10:00,2025-02-15T16:20:00,2025-02-15,97,228.34879517482318,227.01813608872507,0.038984139863174505,227.05712022858825,-1.2916749462349344,0.0,227.05712022858825,0.8271,187.7667003589845,1.24065,0.04836567312124745,4.1354999999999995,0.0,0.0,0.0,187.81506603210573,187.82元,0.0,227.05712022858825
2025-02-15T16:20:00,2025-02-15T16:30:00,2025-02-15,98,287.10320425696676,285.80899927231485,0.03791614896471174,285.84691542127956,-1.2562888356872008,0.0,285.84691542127956,0.8519,243.480686480085,1.27785,0.04845115095455689,4.2595,0.0,0.0,0.0,243.52913763103956,243.53元,0.0,285.84691542127956
2025-02-15T16:30:00,2025-02-15T16:40:00,2025-02-15,99,335.95434249352206,334.69559293114173,0.036877416239804006,334.73247034738154,-1.2218721461405266,0.0,334.73247034738154,0.8791,294.2308957457667,1.3186499999999999,0.04862840492461755,4.3955,0.0,0.0,0.0,294.2795241506913,294.28元,0.0,334.73247034738154
2025-02-15T16:40:00,2025-02-15T16:50:00,2025-02-15,100,394.5933248813369,393.36905942139754,0.03586714013931669,393.40492656153685,-1.1883983198000578,0.0,393.40492656153685,0.9024,354.97623922186915,1.3536,0.04854976089257907,4.512,0.0,0.0,0.0,355.0247889827617,355.02元,0.0,393.40492656153685
2025-02-15T16:50:00,2025-02-15T17:00:00,2025-02-15,101,400.8662615575997,399.6755354900838,0.03488454108071437,399.7104200311645,-1.1558415264352107,0.0,399.7104200311645,0.9163,366.2226931695638,1.37445,0.047947057488387866,4.5815,0.0,0.0,0.0,366.2706402270522,366.27元,0.0,399.7104200311645
2025-02-15T17:00:00,2025-02-15T17:10:00,2025-02-15,102,364.81731399299315,363.659208488708,0.03392886083730673,363.6931373495453,-1.1241766434478677,0.0,363.6931373495453,0.9264,336.8938907439391,1.3896,0.04714754501952143,4.632,0.0,0.0,0.0,336.94103828895857,336.94元,0.0,363.6931373495453
2025-02-15T17:10:00,2025-02-15T17:20:00,2025-02-15,103,368.9088604704901,367.7824818720493,0.032999361953841344,367.81548123400313,-1.0933792364869532,0.0,367.81548123400313,0.9462,347.99578434733303,1.4193,0.04683599442108702,4.731,0.0,0.0,0.0,348.0426203417541,348.04元,0.0,367.81548123400313
2025-02-15T17:20:00,2025-02-15T17:30:00,2025-02-15,104,412.2011090640773,411.1055881963057,0.032095327178296884,411.137683523484,-1.0634255405933004,0.0,411.137683523484,0.9742,400.499064020841,1.4613,0.04690090160564524,4.8709999999999996,0.0,0.0,0.0,400.5459649224467,400.55元,0.0,411.137683523484
2025-02-15T17:30:00,2025-02-15T17:40:00,2025-02-15,105,454.1872835935996,453.1217750928306,0.03121605890811452,453.1529911517387,-1.0342924418608845,0.0,453.1529911517387,0.9862,446.8686945965495,1.4792999999999998,0.0461779159427738,4.931,0.0,0.0,0.0,446.9148725124923,446.91元,0.0,453.1529911517387
2025-02-15T17:40:00,2025-02-15T17:50:00,2025-02-15,106,453.31581565096604,452.2794973127126,0.030360878651947587,452.3098581913645,-1.0059574596015182,0.0,452.3098581913645,0.976,441.42478937720745,1.464,0.04444832634645127,4.88,0.0,0.0,0.0,441.469237703554,441.47元,0.0,452.3098581913645
2025-02-15T17:50:00,2025-02-15T18:00:00,2025-02-15,107,205.62054153057005,188.20075586817592,29.240484652740378,217.4412405209163,11.820698990346244,0.0,217.4412405209163,1.0742,202.16525195359458,1.6113,47.115192920960574,5.371,0.0,0.0,0.0,249.28044487455514,249.28元,0.0,217.4412405209163
2025-02-15T18:00:00,2025-02-15T18:10:00,2025-02-15,108,0.0,0.0,0.0,0.0,0.0,0.0,0.0,1.2313,0.0,1.84695,0.0,6.1565,0.0,0.0,0.0,0.0,0.00元,0.0,0.0
2025-02-15T18:10:00,2025-02-15T18:20:00,2025-02-15,109,0.0,0.0,0.0,0.0,0.0,0.0,0.0,1.2561,0.0,1.88415,0.0,6.2805,0.0,0.0,0.0,0.0,0.00元,0.0,0.0
2025-02-15T18:20:00,2025-02-15T18:30:00,2025-02-15,110,0.0,0.0,0.0,0.0,0.0,0.0,0.0,1.2447,0.0,1.8670499999999999,0.0,6.2235,0.0,0.0,0.0,0.0,0.00元,0.0,0.0
2025-02-15T18:30:00,2025-02-15T18:40:00,2025-02-15,111,0.0,0.0,0.0,0.0,0.0,0.0,0.0,1.2545,0.0,1.8817499999999998,0.0,6.2725,0.0,0.0,0.0,0.0,0.00元,0.0,0.0
2025-02-15T18:40:00,2025-02-15T18:50:00,2025-02-15,112,0.0,0.0,0.0,0.0,0.0,0.0,0.0,1.2522,0.0,1.8782999999999999,0.0,6.261,0.0,0.0,0.0,0.0,0.00元,0.0,0.0
2025-02-15T18:50:00,2025-02-15T19:00:00,2025-02-15,113,0.0,0.0,0.0,0.0,0.0,0.0,0.0,1.2881,0.0,1.93215,0.0,6.4405,0.0,0.0,0.0,0.0,0.00元,0.0,0.0
2025-02-15T19:00:00,2025-02-15T19:10:00,2025-02-15,114,0.0,0.0,0.0,0.0,0.0,0.0,0.0,1.3466,0.0,2.0199,0.0,6.7330000000000005,0.0,0.0,0.0,0.0,0.00元,0.0,0.0
2025-02-15T19:10:00,2025-02-15T19:20:00,2025-02-15,115,0.0,0.0,0.0,0.0,0.0,0.0,0.0,1.3523,0.0,2.0284500000000003,0.0,6.7615,0.0,0.0,0.0,0.0,0.00元,0.0,0.0
2025-02-15T19:20:00,2025-02-15T19:30:00,2025-02-15,116,0.0,0.0,0.0,0.0,0.0,0.0,0.0,1.3445,0.0,2.01675,0.0,6.7225,0.0,0.0,0.0,0.0,0.00元,0.0,0.0
2025-02-15T19:30:00,2025-02-15T19:40:00,2025-02-15,117,0.0,0.0,0.0,0.0,0.0,0.0,0.0,1.3483,0.0,2.02245,0.0,6.7415,0.0,0.0,0.0,0.0,0.00元,0.0,0.0
2025-02-15T19:40:00,2025-02-15T19:50:00,2025-02-15,118,0.0,0.0,0.0,0.0,0.0,0.0,0.0,1.349,0.0,2.0235,0.0,6.745,0.0,0.0,0.0,0.0,0.00元,0.0,0.0
2025-02-15T19:50:00,2025-02-15T20:00:00,2025-02-15,119,0.0,0.0,0.0,0.0,0.0,0.0,0.0,1.3473,0.0,2.02095,0.0,6.7364999999999995,0.0,0.0,0.0,0.0,0.00元,0.0,0.0
2025-02-15T20:00:00,2025-02-15T20:10:00,2025-02-15,120,0.0,0.0,0.0,0.0,0.0,0.0,0.0,1.3482,0.0,2.0223,0.0,6.7410000000000005,0.0,0.0,0.0,0.0,0.00元,0.0,0.0
2025-02-15T20:10:00,2025-02-15T20:20:00,2025-02-15,121,0.0,0.0,0.0,0.0,0.0,0.0,0.0,1.3513,0.0,2.02695,0.0,6.7565,0.0,0.0,0.0,0.0,0.00元,0.0,0.0
2025-02-15T20:20:00,2025-02-15T20:30:00,2025-02-15,122,0.0,0.0,0.0,0.0,0.0,0.0,0.0,1.34,0.0,2.0100000000000002,0.0,6.7,0.0,0.0,0.0,0.0,0.00元,0.0,0.0
2025-02-15T20:30:00,2025-02-15T20:40:00,2025-02-15,123,0.0,0.0,0.0,0.0,0.0,0.0,0.0,1.3489,0.0,2.0233499999999998,0.0,6.7445,0.0,0.0,0.0,0.0,0.00元,0.0,0.0
2025-02-15T20:40:00,2025-02-15T20:50:00,2025-02-15,124,0.0,0.0,0.0,0.0,0.0,0.0,0.0,1.3952,0.0,2.0928,0.0,6.976,0.0,0.0,0.0,0.0,0.00元,0.0,0.0
2025-02-15T20:50:00,2025-02-15T21:00:00,2025-02-15,125,0.0,0.0,269.01204105045787,269.01204105045787,269.01204105045787,0.0,269.01204105045787,1.2226,0.0,1.8338999999999999,493.34118208243467,6.1129999999999995,0.0,0.0,0.0,493.34118208243467,493.34元,0.0,269.01204105045787
2025-02-15T21:00:00,2025-02-15T21:10:00,2025-02-15,126,438.18386852781384,438.18386852781384,8.79355162315062,446.97742015096446,8.79355162315062,0.0,446.97742015096446,0.9332,408.9131861101559,1.3998,12.309213562086239,4.666,0.0,0.0,0.0,421.22239967224215,421.22元,0.0,446.97742015096446
2025-02-15T21:10:00,2025-02-15T21:20:00,2025-02-15,127,442.36722883295965,442.36722883295965,9.085103433218535,451.4523322661782,9.085103433218535,0.0,451.4523322661782,0.9068,401.13860310572784,1.3602,12.357557689863851,4.534000000000001,0.0,0.0,0.0,413.49616079559166,413.50元,0.0,451.4523322661782
2025-02-15T21:20:00,2025-02-15T21:30:00,2025-02-15,128,457.94569843708945,457.94569843708945,0.4893238450000581,458.4350222820895,0.4893238450000581,0.0,458.4350222820895,0.9371,429.14091400539655,1.40565,0.6878180627243317,4.6855,0.0,0.0,0.0,429.82873206812087,429.83元,0.0,458.4350222820895
2025-02-15T21:30:00,2025-02-15T21:40:00,2025-02-15,129,466.51581893465027,466.51581893465027,0.4759185624068323,466.9917374970571,0.4759185624068323,0.0,466.9917374970571,0.9371,437.1719739236608,1.40565,0.6689749272471638,4.6855,0.0,0.0,0.0,437.840948850908,437.84元,0.0,466.9917374970571
2025-02-15T21:40:00,2025-02-15T21:50:00,2025-02-15,130,456.0010499482128,456.0010499482128,6.045043501004557,462.0460934492174,6.045043501004557,0.0,462.0460934492174,0.9871,450.1186364038809,1.48065,8.950593659762397,4.9355,0.0,0.0,0.0,459.06923006364326,459.07元,0.0,462.0460934492174
2025-02-15T21:50:00,2025-02-15T22:00:00,2025-02-15,131,424.94119002633965,424.94119002633965,28.27911191719238,453.22030194353204,28.27911191719238,0.0,453.22030194353204,0.7764,329.9243399364501,1.1646,32.933853738762245,3.8819999999999997,0.0,0.0,0.0,362.85819367521236,362.86元,0.0,453.22030194353204
2025-02-15T22:00:00,2025-02-15T22:10:00,2025-02-15,132,1221.084106917662,1220.5807963402374,0.0,1220.5807963402374,-0.5033105774245996,0.0,1220.5807963402374,0.4209,513.7424571796059,0.63135,0.0,2.1045,0.0,0.0,0.0,513.7424571796059,513.74元,26.43746301690407,1194.1433333233333
2025-02-15T22:10:00,2025-02-15T22:20:00,2025-02-15,133,1230.2550444108929,1229.7655222899098,0.0,1229.7655222899098,-0.48952212098311065,0.0,1229.7655222899098,0.3859,474.5665150516762,0.5788500000000001,0.0,1.9295,0.0,0.0,0.0,474.5665150516762,474.57元,53.860272299909745,1175.9052499900001
2025-02-15T22:20:00,2025-02-15T22:30:00,2025-02-15,134,404.2149859713606,404.2149859713606,0.0,404.2149859713606,0.0,0.0,404.2149859713606,0.4368,176.5611058722903,0.6552,0.0,2.184,0.0,0.0,0.0,176.5611058722903,176.56元,0.0,404.2149859713606
2025-02-15T22:30:00,2025-02-15T22:40:00,2025-02-15,135,1219.088438782069,1218.6253706964858,0.0,1218.6253706964858,-0.4630680855832452,0.0,1218.6253706964858,0.4198,511.57893061838473,0.6297,0.0,2.099,0.0,0.0,0.0,511.57893061838473,511.58元,0.0,1218.6253706964858
2025-02-15T22:40:00,2025-02-15T22:50:00,2025-02-15,136,1215.0311441557135,1214.5807620624655,0.0,1214.5807620624655,-0.4503820932479812,0.0,1214.5807620624655,0.4186,508.4235069993481,0.6279,0.0,2.093,0.0,0.0,0.0,508.4235069993481,508.42元,0.0,1214.5807620624655
2025-02-15T22:50:00,2025-02-15T23:00:00,2025-02-15,137,1229.157803369028,1228.7197597287218,0.0,1228.7197597287218,-0.4380436403062049,0.0,1228.7197597287218,0.4241,521.1000501009509,0.63615,0.0,2.1205,0.0,0.0,0.0,521.1000501009509,521.10元,0.0,1228.7197597287218
2025-02-15T23:00:00,2025-02-15T23:10:00,2025-02-15,138,1238.5354343304352,1238.1093911247012,0.0,1238.1093911247012,-0.426043205734004,0.0,1238.1093911247012,0.4237,524.586949019536,0.6355500000000001,0.0,2.1185,0.0,0.0,0.0,524.586949019536,524.59元,3.07605780136793,1235.0333333233334
2025-02-15T23:10:00,2025-02-15T23:20:00,2025-02-15,139,844.7964621651965,844.7964621651965,0.0,844.7964621651965,0.0,0.0,844.7964621651965,0.4248,358.8695371277755,0.6372,0.0,2.124,0.0,0.0,0.0,358.8695371277755,358.87元,0.0,844.7964621651965
2025-02-15T23:20:00,2025-02-15T23:30:00,2025-02-15,140,1228.9517771287292,1228.5487575241016,0.0,1228.5487575241016,-0.403019604627616,0.0,1228.5487575241016,0.424,520.904673190219,0.636,0.0,2.12,0.0,0.0,0.0,520.904673190219,520.90元,0.0,1228.5487575241016
2025-02-15T23:30:00,2025-02-15T23:40:00,2025-02-15,141,1246.2767937827384,1245.884815110912,0.0,1245.884815110912,-0.3919786718263367,0.0,1245.884815110912,0.422,525.7633919768049,0.633,0.0,2.11,0.0,0.0,0.0,525.7633919768049,525.76元,5.833148454245467,1240.0516666566666
2025-02-15T23:40:00,2025-02-15T23:50:00,2025-02-15,142,1223.301256820875,1222.9200166097226,0.0,1222.9200166097226,-0.38124021115254436,0.0,1222.9200166097226,0.424,518.5180870425223,0.636,0.0,2.12,0.0,0.0,0.0,518.5180870425223,518.52元,4.251616619722532,1218.6683999900001
2025-02-15T23:50:00,2025-02-16T00:00:00,2025-02-15,143,440.99180649053693,440.99180649053693,0.0,440.99180649053693,0.0,0.0,440.99180649053693,0.4271,188.3476005521083,0.6406499999999999,0.0,2.1355,0.0,0.0,0.0,188.3476005521083,188.35元,0.0,440.99180649053693
2025-02-16T00:00:00,2025-02-16T00:10:00,2025-02-15,144,564.7325166666667,564.7325166666667,0.0,564.7325166666667,0.0,0.0,564.7325166666667,0.4276,241.47962412666666,0.6414,0.0,2.138,0.0,0.0,0.0,241.47962412666666,241.48元,0.0,564.7325166666667
2025-02-16T00:10:00,2025-02-16T00:20:00,2025-02-16,1,1426.9005105210204,1426.9005105210204,0.0,1426.9005105210204,0.0,0.0,1426.9005105210204,0.4248,606.1473368693295,0.6372,0.0,2.124,0.0,0.0,0.0,606.1473368693295,606.15元,0.0,1426.9005105210204
2025-02-16T00:20:00,2025-02-16T00:30:00,2025-02-16,2,1421.820369012376,1421.820369012376,0.0,1421.820369012376,0.0,0.0,1421.820369012376,0.4245,603.5627466457536,0.6367499999999999,0.0,2.1225,0.0,0.0,0.0,603.5627466457536,603.56元,12.58498568904269,1409.2353833233333
2025-02-16T00:30:00,2025-02-16T00:40:00,2025-02-16,3,832.7324323466413,832.7324323466413,0.0,832.7324323466413,0.0,0.0,832.7324323466413,0.4269,355.49347536878116,0.64035,0.0,2.1345,0.0,0.0,0.0,355.49347536878116,355.49元,0.0,832.7324323466413
2025-02-16T00:40:00,2025-02-16T00:50:00,2025-02-16,4,602.0018175411565,602.0018175411565,0.0,602.0018175411565,0.0,0.0,602.0018175411565,0.4272,257.1751764535821,0.6408,0.0,2.136,0.0,0.0,0.0,257.1751764535821,257.18元,0.0,602.0018175411565
2025-02-16T00:50:00,2025-02-16T01:00:00,2025-02-16,5,616.742078518397,616.742078518397,0.0,616.742078518397,0.0,0.0,616.742078518397,0.4271,263.41054173520735,0.6406499999999999,0.0,2.1355,0.0,0.0,0.0,263.41054173520735,263.41元,0.0,616.742078518397
2025-02-16T01:00:00,2025-02-16T01:10:00,2025-02-16,6,626.4184498287335,626.4184498287335,0.0,626.4184498287335,0.0,0.0,626.4184498287335,0.4285,268.4203057516123,0.6427499999999999,0.0,2.1425,0.0,0.0,0.0,268.4203057516123,268.42元,0.0,626.4184498287335
2025-02-16T01:10:00,2025-02-16T01:20:00,2025-02-16,7,617.8618745612173,617.8618745612173,0.0,617.8618745612173,0.0,0.0,617.8618745612173,0.4311,266.3602541233408,0.64665,0.0,2.1555,0.0,0.0,0.0,266.3602541233408,266.36元,0.0,617.8618745612173
2025-02-16T01:20:00,2025-02-16T01:30:00,2025-02-16,8,608.7495928316985,608.7495928316985,0.0,608.7495928316985,0.0,0.0,608.7495928316985,0.4302,261.8840748361967,0.6453,0.0,2.1510000000000002,0.0,0.0,0.0,261.8840748361967,261.88元,0.0,608.7495928316985
2025-02-16T01:30:00,2025-02-16T01:40:00,2025-02-16,9,612.2091327548269,612.2091327548269,0.0,612.2091327548269,0.0,0.0,612.2091327548269,0.4279,261.96428790579046,0.64185,0.0,2.1395,0.0,0.0,0.0,261.96428790579046,261.96元,0.0,612.2091327548269
2025-02-16T01:40:00,2025-02-16T01:50:00,2025-02-16,10,623.235476526169,623.235476526169,0.0,623.235476526169,0.0,0.0,623.235476526169,0.4312,268.7391374780841,0.6468,0.0,2.156,0.0,0.0,0.0,268.7391374780841,268.74元,0.0,623.235476526169
2025-02-16T01:50:00,2025-02-16T02:00:00,2025-02-16,11,619.4654269085868,619.4654269085868,0.0,619.4654269085868,0.0,0.0,619.4654269085868,0.4333,268.4143694794907,0.64995,0.0,2.1665,0.0,0.0,0.0,268.4143694794907,268.41元,0.0,619.4654269085868
2025-02-16T02:00:00,2025-02-16T02:10:00,2025-02-16,12,612.0484228902221,612.0484228902221,0.0,612.0484228902221,0.0,0.0,612.0484228902221,0.4311,263.8540751079747,0.64665,0.0,2.1555,0.0,0.0,0.0,263.8540751079747,263.85元,0.0,612.0484228902221
2025-02-16T02:10:00,2025-02-16T02:20:00,2025-02-16,13,633.3702053472861,633.3702053472861,0.0,633.3702053472861,0.0,0.0,633.3702053472861,0.4293,271.9058291555899,0.64395,0.0,2.1465,0.0,0.0,0.0,271.9058291555899,271.91元,0.0,633.3702053472861
2025-02-16T02:20:00,2025-02-16T02:30:00,2025-02-16,14,651.2071177115187,651.2071177115187,0.0,651.2071177115187,0.0,0.0,651.2071177115187,0.4324,281.58195769846066,0.6486000000000001,0.0,2.162,0.0,0.0,0.0,281.58195769846066,281.58元,0.0,651.2071177115187
2025-02-16T02:30:00,2025-02-16T02:40:00,2025-02-16,15,645.5708483088613,645.5708483088613,0.0,645.5708483088613,0.0,0.0,645.5708483088613,0.4367,281.9207894564797,0.6550499999999999,0.0,2.1835,0.0,0.0,0.0,281.9207894564797,281.92元,0.0,645.5708483088613
2025-02-16T02:40:00,2025-02-16T02:50:00,2025-02-16,16,629.7244068692138,629.7244068692138,0.0,629.7244068692138,0.0,0.0,629.7244068692138,0.4348,273.80417210673414,0.6522,0.0,2.174,0.0,0.0,0.0,273.80417210673414,273.80元,0.0,629.7244068692138
2025-02-16T02:50:00,2025-02-16T03:00:00,2025-02-16,17,632.9231710404918,632.9231710404918,0.0,632.9231710404918,0.0,0.0,632.9231710404918,0.4335,274.3721946460532,0.65025,0.0,2.1675,0.0,0.0,0.0,274.3721946460532,274.37元,0.0,632.9231710404918
2025-02-16T03:00:00,2025-02-16T03:10:00,2025-02-16,18,647.0473312401964,647.0473312401964,0.0,647.0473312401964,0.0,0.0,647.0473312401964,0.4357,281.91852222135356,0.65355,0.0,2.1784999999999997,0.0,0.0,0.0,281.91852222135356,281.92元,0.0,647.0473312401964
2025-02-16T03:10:00,2025-02-16T03:20:00,2025-02-16,19,640.6564946777183,640.6564946777183,0.0,640.6564946777183,0.0,0.0,640.6564946777183,0.4374,280.223150772034,0.6561,0.0,2.1870000000000003,0.0,0.0,0.0,280.223150772034,280.22元,0.0,640.6564946777183
2025-02-16T03:20:00,2025-02-16T03:30:00,2025-02-16,20,650.5923110472635,650.5923110472635,0.0,650.5923110472635,0.0,0.0,650.5923110472635,0.4371,284.37389915875883,0.65565,0.0,2.1854999999999998,0.0,0.0,0.0,284.37389915875883,284.37元,0.0,650.5923110472635
2025-02-16T03:30:00,2025-02-16T03:40:00,2025-02-16,21,670.6354832246237,670.6354832246237,0.0,670.6354832246237,0.0,0.0,670.6354832246237,0.4356,292.1288164926461,0.6534,0.0,2.178,0.0,0.0,0.0,292.1288164926461,292.13元,0.0,670.6354832246237
2025-02-16T03:40:00,2025-02-16T03:50:00,2025-02-16,22,655.3110754676901,655.3110754676901,0.0,655.3110754676901,0.0,0.0,655.3110754676901,0.4353,285.2569111510855,0.65295,0.0,2.1765,0.0,0.0,0.0,285.2569111510855,285.26元,0.0,655.3110754676901
2025-02-16T03:50:00,2025-02-16T04:00:00,2025-02-16,23,643.0181891206053,643.0181891206053,0.0,643.0181891206053,0.0,0.0,643.0181891206053,0.436,280.3559304565839,0.654,0.0,2.18,0.0,0.0,0.0,280.3559304565839,280.36元,0.0,643.0181891206053
2025-02-16T04:00:00,2025-02-16T04:10:00,2025-02-16,24,661.1735699881195,661.1735699881195,0.0,661.1735699881195,0.0,0.0,661.1735699881195,0.4378,289.4617889407987,0.6567000000000001,0.0,2.189,0.0,0.0,0.0,289.4617889407987,289.46元,0.0,661.1735699881195
2025-02-16T04:10:00,2025-02-16T04:20:00,2025-02-16,25,690.3912690467241,690.3912690467241,0.0,690.3912690467241,0.0,0.0,690.3912690467241,0.4401,303.8411975074633,0.66015,0.0,2.2005,0.0,0.0,0.0,303.8411975074633,303.84元,0.0,690.3912690467241
2025-02-16T04:20:00,2025-02-16T04:30:00,2025-02-16,26,660.0493348257983,660.0493348257983,0.0,660.0493348257983,0.0,0.0,660.0493348257983,0.4389,289.6956530550429,0.65835,0.0,2.1945,0.0,0.0,0.0,289.6956530550429,289.70元,0.0,660.0493348257983
2025-02-16T04:30:00,2025-02-16T04:40:00,2025-02-16,27,612.3872291253455,612.3872291253455,0.0,612.3872291253455,0.0,0.0,612.3872291253455,0.4364,267.24578679030077,0.6546000000000001,0.0,2.182,0.0,0.0,0.0,267.24578679030077,267.25元,0.0,612.3872291253455
2025-02-16T04:40:00,2025-02-16T04:50:00,2025-02-16,28,658.8398964442713,658.8398964442713,0.0,658.8398964442713,0.0,0.0,658.8398964442713,0.4393,289.4283665079684,0.65895,0.0,2.1965000000000003,0.0,0.0,0.0,289.4283665079684,289.43元,0.0,658.8398964442713
2025-02-16T04:50:00,2025-02-16T05:00:00,2025-02-16,29,692.1040078341612,692.1040078341612,0.0,692.1040078341612,0.0,0.0,692.1040078341612,0.4422,306.04839226426606,0.6633,0.0,2.211,0.0,0.0,0.0,306.04839226426606,306.05元,0.0,692.1040078341612
2025-02-16T05:00:00,2025-02-16T05:10:00,2025-02-16,30,679.0986070333369,679.0986070333369,0.0,679.0986070333369,0.0,0.0,679.0986070333369,0.4395,298.46383779115155,0.65925,0.0,2.1975,0.0,0.0,0.0,298.46383779115155,298.46元,0.0,679.0986070333369
2025-02-16T05:10:00,2025-02-16T05:20:00,2025-02-16,31,688.9736214666939,688.9736214666939,0.0,688.9736214666939,0.0,0.0,688.9736214666939,0.4333,298.53227018151847,0.64995,0.0,2.1665,0.0,0.0,0.0,298.53227018151847,298.53元,0.0,688.9736214666939
2025-02-16T05:20:00,2025-02-16T05:30:00,2025-02-16,32,681.422685630191,681.422685630191,0.0,681.422685630191,0.0,0.0,681.422685630191,0.4439,302.48353015124184,0.66585,0.0,2.2195,0.0,0.0,0.0,302.48353015124184,302.48元,0.0,681.422685630191
2025-02-16T05:30:00,2025-02-16T05:40:00,2025-02-16,33,649.6989148891754,649.6989148891754,0.0,649.6989148891754,0.0,0.0,649.6989148891754,0.4301,279.4355032938343,0.64515,0.0,2.1505,0.0,0.0,0.0,279.4355032938343,279.44元,0.0,649.6989148891754
2025-02-16T05:40:00,2025-02-16T05:50:00,2025-02-16,34,1484.474532631827,1484.474532631827,0.0,1484.474532631827,0.0,0.0,1484.474532631827,0.3713,551.1853939661975,0.5569500000000001,0.0,1.8565,0.0,0.0,0.0,551.1853939661975,551.19元,550.4934327753136,933.9810998565134
2025-02-16T05:50:00,2025-02-16T06:00:00,2025-02-16,35,744.7382251342169,744.7382251342169,0.0,744.7382251342169,0.0,0.0,744.7382251342169,0.5708,425.096578906611,0.8562,0.0,2.854,0.0,0.0,0.0,425.096578906611,425.10元,15.83805845945003,728.9001666747669
2025-02-16T06:00:00,2025-02-16T06:10:00,2025-02-16,36,148.71971344783424,141.0103499999998,0.0,141.0103499999998,-7.709363447834448,0.0,141.0103499999998,0.9099,128.3053174649998,1.3648500000000001,0.0,4.5495,0.0,1206.3798060026768,548.8424927409178,677.1478102059176,677.15元,0.0,141.0103499999998
2025-02-16T06:10:00,2025-02-16T06:20:00,2025-02-16,37,143.24706117450899,140.79196232268146,0.0,140.79196232268146,-2.455098851827529,0.0,140.79196232268146,0.9368,131.893910303888,1.4052,0.0,4.684,0.0,0.0,0.0,131.893910303888,131.89元,0.0,140.79196232268146
2025-02-16T06:20:00,2025-02-16T06:30:00,2025-02-16,38,861.3907796450035,521.1930574963772,0.0,521.1930574963772,-340.1977221486263,0.0,521.1930574963772,0.8758,456.46087975532714,1.3137,0.0,4.3790000000000004,0.0,0.0,0.0,456.46087975532714,456.46元,0.0,521.1930574963772
2025-02-16T06:30:00,2025-02-16T06:40:00,2025-02-16,39,160.21901723045448,148.68197080352513,0.0,148.68197080352513,-11.53704642692935,0.0,148.68197080352513,0.8759,130.23053822680765,1.31385,0.0,4.3795,0.0,0.0,0.0,130.23053822680765,130.23元,0.0,148.68197080352513
2025-02-16T06:40:00,2025-02-16T06:50:00,2025-02-16,40,844.6101590842687,835.6670024834087,0.0,835.6670024834087,-8.943156600859993,0.0,835.6670024834087,0.8601,718.7571888359798,1.29015,0.0,4.3004999999999995,0.0,0.0,0.0,718.7571888359798,718.76元,0.0,835.6670024834087
2025-02-16T06:50:00,2025-02-16T07:00:00,2025-02-16,41,789.7214876598538,780.7966625939897,0.0,780.7966625939897,-8.92482506586407,0.0,780.7966625939897,0.8442,659.148542561846,1.2663,0.0,4.221,0.0,0.0,0.0,659.148542561846,659.15元,0.0,780.7966625939897
2025-02-16T07:00:00,2025-02-16T07:10:00,2025-02-16,42,761.2259135718621,750.2290614921064,0.0,750.2290614921064,-10.996852079755627,0.0,750.2290614921064,0.8334,625.2408998475215,1.2501,0.0,4.167,0.0,0.0,0.0,625.2408998475215,625.24元,0.0,750.2290614921064
2025-02-16T07:10:00,2025-02-16T07:20:00,2025-02-16,43,743.0321237775188,730.9921773913053,0.0,730.9921773913053,-12.0399463862135,0.0,730.9921773913053,0.8092,591.5188699450442,1.2138,0.0,4.046,0.0,0.0,0.0,591.5188699450442,591.52元,0.0,730.9921773913053
2025-02-16T07:20:00,2025-02-16T07:30:00,2025-02-16,44,713.4334618040057,700.3013104304212,0.0,700.3013104304212,-13.13215137358452,0.0,700.3013104304212,0.7972,558.2802046751318,1.1958,0.0,3.986,0.0,0.0,0.0,558.2802046751318,558.28元,0.0,700.3013104304212
2025-02-16T07:30:00,2025-02-16T07:40:00,2025-02-16,45,645.4348810275719,645.4348810275719,0.0,645.4348810275719,0.0,0.0,645.4348810275719,0.7644,493.37042305747593,1.1465999999999998,0.0,3.822,0.0,0.0,0.0,493.37042305747593,493.37元,0.0,645.4348810275719
2025-02-16T07:40:00,2025-02-16T07:50:00,2025-02-16,46,1394.3956829283056,1378.8609017257832,0.0,1378.8609017257832,-15.534781202522481,0.0,1378.8609017257832,0.6899,951.2761361006177,1.03485,0.0,3.4494999999999996,0.0,0.0,0.0,951.2761361006177,951.28元,0.0,1378.8609017257832
2025-02-16T07:50:00,2025-02-16T08:00:00,2025-02-16,47,629.5493259287003,612.7409567797497,0.0,612.7409567797497,-16.808369148950646,0.0,612.7409567797497,0.86,526.9572228305848,1.29,0.0,4.3,0.0,0.0,0.0,526.9572228305848,526.96元,0.0,612.7409567797497
2025-02-16T08:00:00,2025-02-16T08:10:00,2025-02-16,48,65.2135953509702,61.17107370550832,0.0,61.17107370550832,-4.042521645461875,0.0,61.17107370550832,1.1617,71.06243632368901,1.74255,0.0,5.8084999999999996,0.0,0.0,0.0,71.06243632368901,71.06元,0.0,61.17107370550832
2025-02-16T08:10:00,2025-02-16T08:20:00,2025-02-16,49,0.0,0.0,3.676391404969195,3.676391404969195,3.676391404969195,0.0,3.676391404969195,1.1683,0.0,1.7524499999999998,6.4426921176382645,5.8415,0.0,0.0,0.0,6.4426921176382645,6.44元,0.0,3.676391404969195
2025-02-16T08:20:00,2025-02-16T08:30:00,2025-02-16,50,0.0,0.0,0.0,0.0,0.0,0.0,0.0,1.0956,0.0,1.6433999999999997,0.0,5.478,0.0,0.0,0.0,0.0,0.00元,0.0,0.0
2025-02-16T08:30:00,2025-02-16T08:40:00,2025-02-16,51,0.0,0.0,0.0,0.0,0.0,0.0,0.0,1.0849,0.0,1.6273499999999999,0.0,5.4245,0.0,0.0,0.0,0.0,0.00元,0.0,0.0
2025-02-16T08:40:00,2025-02-16T08:50:00,2025-02-16,52,0.0,0.0,0.0,0.0,0.0,0.0,0.0,1.061,0.0,1.5915,0.0,5.305,0.0,0.0,0.0,0.0,0.00元,0.0,0.0
2025-02-16T08:50:00,2025-02-16T09:00:00,2025-02-16,53,0.0,0.0,0.0,0.0,0.0,0.0,0.0,1.043,0.0,1.5644999999999998,0.0,5.215,0.0,0.0,0.0,0.0,0.00元,0.0,0.0
2025-02-16T09:00:00,2025-02-16T09:10:00,2025-02-16,54,0.0,0.0,0.0,0.0,0.0,0.0,0.0,1.036,0.0,1.554,0.0,5.18,0.0,0.0,0.0,0.0,0.00元,0.0,0.0
2025-02-16T09:10:00,2025-02-16T09:20:00,2025-02-16,55,0.0,0.0,0.0,0.0,0.0,0.0,0.0,1.0147,0.0,1.52205,0.0,5.073499999999999,0.0,0.0,0.0,0.0,0.00元,0.0,0.0
2025-02-16T09:20:00,2025-02-16T09:30:00,2025-02-16,56,0.0,0.0,0.0,0.0,0.0,0.0,0.0,0.9922,0.0,1.4883,0.0,4.961,0.0,0.0,0.0,0.0,0.00元,0.0,0.0
2025-02-16T09:30:00,2025-02-16T09:40:00,2025-02-16,57,0.0,0.0,0.0,0.0,0.0,0.0,0.0,0.97,0.0,1.455,0.0,4.85,0.0,0.0,0.0,0.0,0.00元,0.0,0.0
2025-02-16T09:40:00,2025-02-16T09:50:00,2025-02-16,58,0.0,0.0,0.0,0.0,0.0,0.0,0.0,0.9422,0.0,1.4133,0.0,4.711,0.0,0.0,0.0,0.0,0.00元,0.0,0.0
2025-02-16T09:50:00,2025-02-16T10:00:00,2025-02-16,59,0.0,0.0,0.0,0.0,0.0,0.0,0.0,0.9569,0.0,1.43535,0.0,4.7844999999999995,0.0,0.0,0.0,0.0,0.00元,0.0,0.0
2025-02-16T10:00:00,2025-02-16T10:10:00,2025-02-16,60,0.0,0.0,0.0,0.0,0.0,0.0,0.0,0.9977,0.0,1.49655,0.0,4.9885,0.0,0.0,0.0,0.0,0.00元,0.0,0.0
2025-02-16T10:10:00,2025-02-16T10:20:00,2025-02-16,61,0.0,0.0,0.0,0.0,0.0,0.0,0.0,0.9919,0.0,1.48785,0.0,4.9595,0.0,0.0,0.0,0.0,0.00元,0.0,0.0
2025-02-16T10:20:00,2025-02-16T10:30:00,2025-02-16,62,0.0,0.0,0.0,0.0,0.0,0.0,0.0,0.9588,0.0,1.4382,0.0,4.794,0.0,0.0,0.0,0.0,0.00元,0.0,0.0
2025-02-16T10:30:00,2025-02-16T10:40:00,2025-02-16,63,0.0,0.0,0.0,0.0,0.0,0.0,0.0,0.9549,0.0,1.43235,0.0,4.7745,0.0,0.0,0.0,0.0,0.00元,0.0,0.0
2025-02-16T10:40:00,2025-02-16T10:50:00,2025-02-16,64,0.0,0.0,0.0,0.0,0.0,132.40994420414037,132.40994420414037,0.9839,0.0,1.4758499999999999,0.0,4.9195,651.3907205122686,0.0,0.0,651.3907205122686,651.39元,0.0,132.40994420414037
2025-02-16T10:50:00,2025-02-16T11:00:00,2025-02-16,65,110.42831037244764,5.3424845288663505,0.0,5.3424845288663505,-105.08582584358129,125.72158213780043,131.06406666666678,0.799,4.268645138564215,1.1985000000000001,0.0,3.995,502.25772064051273,0.0,0.0,506.52636577907685,506.53元,0.0,131.06406666666678
2025-02-16T11:00:00,2025-02-16T11:10:00,2025-02-16,66,928.6397206001346,878.3038705308874,0.0,878.3038705308874,-50.33585006924727,0.0,878.3038705308874,0.5025,441.34769494177084,0.7537499999999999,0.0,2.5124999999999997,0.0,0.0,0.0,441.34769494177084,441.35元,0.0,878.3038705308874
2025-02-16T11:10:00,2025-02-16T11:20:00,2025-02-16,67,890.1486453931788,839.0311125631498,0.0,839.0311125631498,-51.11753283002895,0.0,839.0311125631498,0.4662,391.15630467694047,0.6993,0.0,2.331,0.0,0.0,0.0,391.15630467694047,391.16元,0.0,839.0311125631498
2025-02-16T11:20:00,2025-02-16T11:30:00,2025-02-16,68,854.8878002531802,803.231517276531,0.0,803.231517276531,-51.65628297664921,0.0,803.231517276531,0.5007,402.1780207003591,0.75105,0.0,2.5035000000000003,0.0,0.0,0.0,402.1780207003591,402.18元,0.0,803.231517276531
2025-02-16T11:30:00,2025-02-16T11:40:00,2025-02-16,69,851.3225584933638,799.5900679922776,0.0,799.5900679922776,-51.732490501086204,0.0,799.5900679922776,0.4827,385.96212581987237,0.7240500000000001,0.0,2.4135,0.0,0.0,0.0,385.96212581987237,385.96元,0.0,799.5900679922776
2025-02-16T11:40:00,2025-02-16T11:50:00,2025-02-16,70,870.5864501221557,819.2380684920951,0.0,819.2380684920951,-51.34838163006066,0.0,819.2380684920951,0.4785,392.00541577346746,0.71775,0.0,2.3925,0.0,0.0,0.0,392.00541577346746,392.01元,0.0,819.2380684920951
2025-02-16T11:50:00,2025-02-16T12:00:00,2025-02-16,71,839.1237155472317,787.59728013488,0.0,787.59728013488,-51.5264354123517,0.0,787.59728013488,0.4662,367.177851998881,0.6993,0.0,2.331,0.0,0.0,0.0,367.177851998881,367.18元,0.0,787.59728013488
2025-02-16T12:00:00,2025-02-16T12:10:00,2025-02-16,72,745.7896651560796,712.3427142527659,0.0,712.3427142527659,-33.44695090331379,0.0,712.3427142527659,0.4432,315.7102909568258,0.6648,0.0,2.2159999999999997,0.0,631.7294772479933,139.9912521581553,455.7015431149811,455.70元,0.0,712.3427142527659
2025-02-16T12:10:00,2025-02-16T12:20:00,2025-02-16,73,722.4360485479707,689.9722305563025,0.0,689.9722305563025,-32.46381799166818,0.0,689.9722305563025,0.4411,304.34675089838504,0.66165,0.0,2.2055,0.0,0.0,0.0,304.34675089838504,304.35元,0.0,689.9722305563025
2025-02-16T12:20:00,2025-02-16T12:30:00,2025-02-16,74,727.9505206577593,696.4304640517586,0.0,696.4304640517586,-31.520056606000708,0.0,696.4304640517586,0.4551,316.94550418995533,0.68265,0.0,2.2755,0.0,0.0,0.0,316.94550418995533,316.95元,0.0,696.4304640517586
2025-02-16T12:30:00,2025-02-16T12:40:00,2025-02-16,75,727.0661927396906,696.4695704093174,0.0,696.4695704093174,-30.59662233037318,0.0,696.4695704093174,0.4463,310.8343692736783,0.66945,0.0,2.2315,0.0,0.0,0.0,310.8343692736783,310.83元,0.0,696.4695704093174
2025-02-16T12:40:00,2025-02-16T12:50:00,2025-02-16,76,713.258882597229,683.5616399099079,0.0,683.5616399099079,-29.697242687321136,0.0,683.5616399099079,0.4113,281.1489024949451,0.61695,0.0,2.0564999999999998,0.0,0.0,0.0,281.1489024949451,281.15元,0.0,683.5616399099079
2025-02-16T12:50:00,2025-02-16T13:00:00,2025-02-16,77,747.0798867190832,718.2462300115299,0.0,718.2462300115299,-28.83365670755336,0.0,718.2462300115299,0.5682,408.10750789255127,0.8523000000000001,0.0,2.841,0.0,0.0,0.0,408.10750789255127,408.11元,0.0,718.2462300115299
2025-02-16T13:00:00,2025-02-16T13:10:00,2025-02-16,78,0.0,0.0,0.0,0.0,0.0,0.0,0.0,0.8279,0.0,1.24185,0.0,4.1395,0.0,0.0,0.0,0.0,0.00元,0.0,0.0
2025-02-16T13:10:00,2025-02-16T13:20:00,2025-02-16,79,0.0,0.0,0.0,0.0,0.0,0.0,0.0,0.8636,0.0,1.2954,0.0,4.3180000000000005,0.0,0.0,0.0,0.0,0.00元,0.0,0.0
2025-02-16T13:20:00,2025-02-16T13:30:00,2025-02-16,80,0.0,0.0,0.0,0.0,0.0,0.0,0.0,0.8416,0.0,1.2624,0.0,4.208,0.0,0.0,0.0,0.0,0.00元,0.0,0.0
2025-02-16T13:30:00,2025-02-16T13:40:00,2025-02-16,81,18.117652965766865,0.0,0.0,0.0,-18.117652965766865,0.0,0.0,0.8618,0.0,1.2927,0.0,4.309,0.0,0.0,0.0,0.0,0.00元,0.0,0.0
2025-02-16T13:40:00,2025-02-16T13:50:00,2025-02-16,82,39.99991544948716,0.0,0.0,0.0,-39.99991544948716,0.0,0.0,0.8623,0.0,1.29345,0.0,4.3115,0.0,0.0,0.0,0.0,0.00元,0.0,0.0
2025-02-16T13:50:00,2025-02-16T14:00:00,2025-02-16,83,0.0,0.0,0.0,0.0,0.0,0.0,0.0,0.9026,0.0,1.3538999999999999,0.0,4.513,0.0,0.0,0.0,0.0,0.00元,0.0,0.0
2025-02-16T14:00:00,2025-02-16T14:10:00,2025-02-16,84,0.0,0.0,0.0,0.0,0.0,0.0,0.0,0.9754,0.0,1.4631,0.0,4.877000000000001,0.0,0.0,0.0,0.0,0.00元,0.0,0.0
2025-02-16T14:10:00,2025-02-16T14:20:00,2025-02-16,85,0.0,0.0,0.0,0.0,0.0,0.0,0.0,1.0002,0.0,1.5003,0.0,5.0009999999999994,0.0,0.0,0.0,0.0,0.00元,0.0,0.0
2025-02-16T14:20:00,2025-02-16T14:30:00,2025-02-16,86,0.0,0.0,0.0,0.0,0.0,0.0,0.0,0.9978,0.0,1.4967000000000001,0.0,4.989,0.0,0.0,0.0,0.0,0.00元,0.0,0.0
2025-02-16T14:30:00,2025-02-16T14:40:00,2025-02-16,87,0.0,0.0,0.0,0.0,0.0,0.0,0.0,1.0271,0.0,1.5406499999999999,0.0,5.1354999999999995,0.0,0.0,0.0,0.0,0.00元,0.0,0.0
2025-02-16T14:40:00,2025-02-16T14:50:00,2025-02-16,88,0.0,0.0,0.0,0.0,0.0,0.0,0.0,1.0906,0.0,1.6359,0.0,5.453,0.0,0.0,0.0,0.0,0.00元,0.0,0.0
2025-02-16T14:50:00,2025-02-16T15:00:00,2025-02-16,89,0.0,0.0,0.0,0.0,0.0,0.0,0.0,0.9376,0.0,1.4064,0.0,4.688,0.0,0.0,0.0,0.0,0.00元,0.0,0.0
2025-02-16T15:00:00,2025-02-16T15:10:00,2025-02-16,90,1137.6276354741958,966.5594862385373,0.0,966.5594862385373,-171.06814923565855,0.0,966.5594862385373,0.6694,647.0149200880768,1.0041,0.0,3.347,0.0,0.0,0.0,647.0149200880768,647.01元,0.0,966.5594862385373
2025-02-16T15:10:00,2025-02-16T15:20:00,2025-02-16,91,1187.7558027093805,1143.5816616521386,0.0,1143.5816616521386,-44.17414105724197,0.0,1143.5816616521386,0.66,754.7638966904115,0.99,0.0,3.3000000000000003,0.0,0.0,0.0,754.7638966904115,754.76元,0.0,1143.5816616521386
2025-02-16T15:20:00,2025-02-16T15:30:00,2025-02-16,92,419.36151650345005,408.2590401097382,0.0,408.2590401097382,-11.102476393711868,0.0,408.2590401097382,0.7217,294.64054924719807,1.08255,0.0,3.6085000000000003,0.0,0.0,0.0,294.64054924719807,294.64元,0.0,408.2590401097382
2025-02-16T15:30:00,2025-02-16T15:40:00,2025-02-16,93,473.2368866437839,463.00515544348514,0.0,463.00515544348514,-10.231731200298782,0.0,463.00515544348514,0.7308,338.36416759809896,1.0962,0.0,3.654,0.0,0.0,0.0,338.36416759809896,338.36元,0.0,463.00515544348514
2025-02-16T15:40:00,2025-02-16T15:50:00,2025-02-16,94,526.144378780284,516.7332889155697,0.0,516.7332889155697,-9.411089864714313,0.0,516.7332889155697,0.7534,389.30685986899016,1.1300999999999999,0.0,3.767,0.0,0.0,0.0,389.30685986899016,389.31元,0.0,516.7332889155697
2025-02-16T15:50:00,2025-02-16T16:00:00,2025-02-16,95,588.3693002232961,554.6366642163157,0.0,554.6366642163157,-33.73263600698044,0.0,554.6366642163157,0.7823,433.89226241642376,1.1734499999999999,0.0,3.9115,0.0,0.0,0.0,433.89226241642376,433.89元,0.0,554.6366642163157
2025-02-16T16:00:00,2025-02-16T16:10:00,2025-02-16,96,647.8801005512689,629.5067799399003,0.0,629.5067799399003,-18.373320611368626,0.0,629.5067799399003,0.8055,507.0677112415897,1.20825,0.0,4.0275,0.0,0.0,0.0,507.0677112415897,507.07元,0.0,629.5067799399003
2025-02-16T16:10:00,2025-02-16T16:20:00,2025-02-16,97,690.6423698279441,672.7723959418331,0.0,672.7723959418331,-17.869973886110984,0.0,672.7723959418331,0.8271,556.4500486834901,1.24065,0.0,4.1354999999999995,0.0,0.0,0.0,556.4500486834901,556.45元,0.0,672.7723959418331
2025-02-16T16:20:00,2025-02-16T16:30:00,2025-02-16,98,725.0067377986206,707.6263211910368,0.0,707.6263211910368,-17.38041660758381,0.0,707.6263211910368,0.8519,602.8268630226443,1.27785,0.0,4.2595,0.0,0.0,0.0,602.8268630226443,602.83元,0.0,707.6263211910368
2025-02-16T16:30:00,2025-02-16T16:40:00,2025-02-16,99,764.1162541497094,747.211983143026,0.0,747.211983143026,-16.904271006683416,0.0,747.211983143026,0.8791,656.8740543810342,1.3186499999999999,0.0,4.3955,0.0,0.0,0.0,656.8740543810342,656.87元,0.0,747.211983143026
2025-02-16T16:40:00,2025-02-16T16:50:00,2025-02-16,100,810.2367135125787,793.7955438490904,0.0,793.7955438490904,-16.441169663488267,0.0,793.7955438490904,0.9024,716.3210987694192,1.3536,0.0,4.512,0.0,0.0,0.0,716.3210987694192,716.32元,0.0,793.7955438490904
2025-02-16T16:50:00,2025-02-16T17:00:00,2025-02-16,101,850.0700598535159,834.0793046297777,0.0,834.0793046297777,-15.990755223738233,0.0,834.0793046297777,0.9163,764.2668668322652,1.37445,0.0,4.5815,0.0,0.0,0.0,764.2668668322652,764.27元,0.0,834.0793046297777
2025-02-16T17:00:00,2025-02-16T17:10:00,2025-02-16,102,894.6537291974298,879.1010490743503,0.0,879.1010490743503,-15.55268012307954,0.0,879.1010490743503,0.9264,814.3992118624781,1.3896,0.0,4.632,0.0,0.0,0.0,814.3992118624781,814.40元,0.0,879.1010490743503
2025-02-16T17:10:00,2025-02-16T17:20:00,2025-02-16,103,963.933194494803,948.8065881759376,0.0,948.8065881759376,-15.12660631886547,0.0,948.8065881759376,0.9462,897.7607937320722,1.4193,0.0,4.731,0.0,0.0,0.0,897.7607937320722,897.76元,0.0,948.8065881759376
2025-02-16T17:20:00,2025-02-16T17:30:00,2025-02-16,104,1004.204390250935,989.49218522163,0.0,989.49218522163,-14.712205029304982,0.0,989.49218522163,0.9742,963.963286842912,1.4613,0.0,4.8709999999999996,0.0,0.0,0.0,963.963286842912,963.96元,0.0,989.49218522163
2025-02-16T17:30:00,2025-02-16T17:40:00,2025-02-16,105,1018.824642631745,1004.5154861519892,0.0,1004.5154861519892,-14.309156479755757,0.0,1004.5154861519892,0.9862,990.6531724430918,1.4792999999999998,0.0,4.931,0.0,0.0,0.0,990.6531724430918,990.65元,0.0,1004.5154861519892
2025-02-16T17:40:00,2025-02-16T17:50:00,2025-02-16,106,1036.674675284227,1022.7575256282582,0.0,1022.7575256282582,-13.917149655968842,0.0,1022.7575256282582,0.976,998.21134501318,1.464,0.0,4.88,0.0,0.0,0.0,998.21134501318,998.21元,0.0,1022.7575256282582
2025-02-16T17:50:00,2025-02-16T18:00:00,2025-02-16,107,908.560745395351,895.0248633312575,0.0,895.0248633312575,-13.535882064093471,0.0,895.0248633312575,1.0742,961.4357081904368,1.6113,0.0,5.371,0.0,0.0,0.0,961.4357081904368,961.44元,0.0,895.0248633312575
2025-02-16T18:00:00,2025-02-16T18:10:00,2025-02-16,108,711.7100077274981,698.5449482302419,13.88778510309146,712.4327333333333,0.7227256058351941,0.0,712.4327333333333,1.2313,860.1183947558968,1.84695,25.650044696154772,6.1565,0.0,0.0,0.0,885.7684394520517,885.77元,0.0,712.4327333333333
2025-02-16T18:10:00,2025-02-16T18:20:00,2025-02-16,109,706.3335313923244,690.2058557845041,16.830601767782127,707.0364575522863,0.7029261599618621,0.0,707.0364575522863,1.2561,866.9675754509157,1.88415,31.711378320766695,6.2805,0.0,0.0,0.0,898.6789537716824,898.68元,0.0,707.0364575522863
2025-02-16T18:20:00,2025-02-16T18:30:00,2025-02-16,110,745.55690044301,733.1032877528595,13.137281820411658,746.2405695732712,0.6836691302611371,0.0,746.2405695732712,1.2447,912.4936622659842,1.8670499999999999,24.527962022799585,6.2235,0.0,0.0,0.0,937.0216242887839,937.02元,0.0,746.2405695732712
2025-02-16T18:30:00,2025-02-16T18:40:00,2025-02-16,111,736.2251476298942,724.1127081711809,12.777379115671579,736.8900872868525,0.6649396569582677,0.0,736.8900872868525,1.2545,908.3993924007464,1.8817499999999998,24.043833150914992,6.2725,0.0,0.0,0.0,932.4432255516615,932.44元,0.0,736.8900872868525
2025-02-16T18:40:00,2025-02-16T18:50:00,2025-02-16,112,730.0844373320734,718.3038244857281,12.427336133715016,730.7311606194431,0.6467232873696958,0.0,730.7311606194431,1.2522,899.4600490210287,1.8782999999999999,23.342265459956916,6.261,0.0,0.0,0.0,922.8023144809856,922.80元,0.0,730.7311606194431
2025-02-16T18:50:00,2025-02-16T19:00:00,2025-02-16,113,49.8290408003229,9.439249661806912,713.4259834386515,722.8652331004585,673.0361923001356,0.0,722.8652331004585,1.2881,12.158697489373484,1.93215,1378.4460139009905,6.4405,0.0,0.0,0.0,1390.6047113903642,1390.60元,0.0,722.8652331004585
2025-02-16T19:00:00,2025-02-16T19:10:00,2025-02-16,114,15.679511377881227,7.145826946368629,21.528053867176368,28.673880813544997,12.99436943566377,0.0,28.673880813544997,1.3466,9.622570565979997,2.0199,43.48451600630955,6.7330000000000005,0.0,0.0,0.0,53.10708657228954,53.11元,0.0,28.673880813544997
2025-02-16T19:10:00,2025-02-16T19:20:00,2025-02-16,115,18.463453282345426,3.9828227777203438,15.599143074989229,19.581965852709573,1.118512570364146,0.0,19.581965852709573,1.3523,5.385971242311221,2.0284500000000003,31.642081770461903,6.7615,0.0,0.0,0.0,37.02805301277312,37.03元,0.0,19.581965852709573
2025-02-16T19:20:00,2025-02-16T19:30:00,2025-02-16,116,0.0,0.0,10.695245589907245,10.695245589907245,10.695245589907245,0.0,10.695245589907245,1.3445,0.0,2.01675,21.569636543445437,6.7225,0.0,0.0,0.0,21.569636543445437,21.57元,0.0,10.695245589907245
2025-02-16T19:30:00,2025-02-16T19:40:00,2025-02-16,117,0.0,0.0,3.609523394191683,3.609523394191683,3.609523394191683,0.0,3.609523394191683,1.3483,0.0,2.02245,7.300080588582969,6.7415,0.0,0.0,0.0,7.300080588582969,7.30元,0.0,3.609523394191683
2025-02-16T19:40:00,2025-02-16T19:50:00,2025-02-16,118,31.113591174997623,24.647943028452914,15.991878849378395,40.63982187783131,9.526230702833686,0.0,40.63982187783131,1.349,33.25007514538298,2.0235,32.35956685171718,6.745,0.0,0.0,0.0,65.60964199710017,65.61元,0.0,40.63982187783131
2025-02-16T19:50:00,2025-02-16T20:00:00,2025-02-16,119,25.00648606026425,12.455404286411863,23.311512154141496,35.76691644055336,10.760430380289108,0.0,35.76691644055336,1.3473,16.7811661950827,2.02095,47.111400487912256,6.7364999999999995,0.0,0.0,0.0,63.89256668299496,63.89元,0.0,35.76691644055336
2025-02-16T20:00:00,2025-02-16T20:10:00,2025-02-16,120,0.0,0.0,0.0,0.0,0.0,0.0,0.0,1.3482,0.0,2.0223,0.0,6.7410000000000005,0.0,0.0,0.0,0.0,0.00元,0.0,0.0
2025-02-16T20:10:00,2025-02-16T20:20:00,2025-02-16,121,0.0,0.0,0.0,0.0,0.0,0.0,0.0,1.3513,0.0,2.02695,0.0,6.7565,0.0,0.0,0.0,0.0,0.00元,0.0,0.0
2025-02-16T20:20:00,2025-02-16T20:30:00,2025-02-16,122,0.0,0.0,299.56900125342577,299.56900125342577,299.56900125342577,0.0,299.56900125342577,1.34,0.0,2.0100000000000002,602.1336925193858,6.7,0.0,0.0,0.0,602.1336925193858,602.13元,0.0,299.56900125342577
2025-02-16T20:30:00,2025-02-16T20:40:00,2025-02-16,123,0.0,0.0,0.0,0.0,0.0,0.0,0.0,1.3489,0.0,2.0233499999999998,0.0,6.7445,0.0,0.0,0.0,0.0,0.00元,0.0,0.0
2025-02-16T20:40:00,2025-02-16T20:50:00,2025-02-16,124,1.0643724988674421,0.0,0.0,0.0,-1.0643724988674421,0.0,0.0,1.3952,0.0,2.0928,0.0,6.976,0.0,0.0,0.0,0.0,0.00元,0.0,0.0
2025-02-16T20:50:00,2025-02-16T21:00:00,2025-02-16,125,723.5197863690539,715.3098588909269,0.0,715.3098588909269,-8.209927478127042,0.0,715.3098588909269,1.2226,874.5378334800471,1.8338999999999999,0.0,6.1129999999999995,0.0,0.0,0.0,874.5378334800471,874.54元,0.0,715.3098588909269
2025-02-16T21:00:00,2025-02-16T21:10:00,2025-02-16,126,739.8906774415249,729.1765856805872,0.0,729.1765856805872,-10.714091760937663,0.0,729.1765856805872,0.9332,680.467589757124,1.3998,0.0,4.666,0.0,0.0,0.0,680.467589757124,680.47元,0.0,729.1765856805872
2025-02-16T21:10:00,2025-02-16T21:20:00,2025-02-16,127,723.7908301832898,713.3702565683667,0.0,713.3702565683667,-10.420573614923114,0.0,713.3702565683667,0.9068,646.884148656195,1.3602,0.0,4.534000000000001,0.0,0.0,0.0,646.884148656195,646.88元,0.0,713.3702565683667
2025-02-16T21:20:00,2025-02-16T21:30:00,2025-02-16,128,707.3040169926286,699.750519071866,7.968164209365,707.718683281231,0.41466628860246146,0.0,707.718683281231,0.9371,655.7362114222457,1.40565,11.200450020893912,4.6855,0.0,0.0,0.0,666.9366614431397,666.94元,0.0,707.718683281231
2025-02-16T21:30:00,2025-02-16T21:40:00,2025-02-16,129,725.2159674632172,717.8694015675944,7.749872184426749,725.6192737520212,0.4033062888039467,0.0,725.6192737520212,0.9371,672.7154162089928,1.40565,10.893607836039461,4.6855,0.0,0.0,0.0,683.6090240450322,683.61元,0.0,725.6192737520212
2025-02-16T21:40:00,2025-02-16T21:50:00,2025-02-16,130,713.9757960766909,703.5731546315684,1.8330344512431793,705.4061890828116,-8.569606993879347,0.0,705.4061890828116,0.9871,694.4970609368212,1.48065,2.714082460233213,4.9355,0.0,0.0,0.0,697.2111433970545,697.21元,0.0,705.4061890828116
2025-02-16T21:50:00,2025-02-16T22:00:00,2025-02-16,131,646.0624892668737,646.0624892668737,28.210423649418885,674.2729129162926,28.210423649418885,0.0,674.2729129162926,0.7764,501.60291666680075,1.1646,32.853859382113235,3.8819999999999997,0.0,0.0,0.0,534.456776048914,534.46元,0.0,674.2729129162926
2025-02-16T22:00:00,2025-02-16T22:10:00,2025-02-16,132,1389.9818904310584,1383.2227235120845,0.0,1383.2227235120845,-6.7591669189739605,0.0,1383.2227235120845,0.4209,582.1984443262363,0.63135,0.0,2.1045,0.0,0.0,0.0,582.1984443262363,582.20元,9.821056855417844,1373.4016666566667
2025-02-16T22:10:00,2025-02-16T22:20:00,2025-02-16,133,1380.3899825961391,1373.8159865891685,0.0,1373.8159865891685,-6.573996006970674,0.0,1373.8159865891685,0.3859,530.1555892247601,0.5788500000000001,0.0,1.9295,0.0,0.0,0.0,530.1555892247601,530.16元,16.43661993250179,1357.3793666566667
2025-02-16T22:20:00,2025-02-16T22:30:00,2025-02-16,134,555.6813995481237,555.6813995481237,0.0,555.6813995481237,0.0,0.0,555.6813995481237,0.4368,242.72163532262047,0.6552,0.0,2.184,0.0,0.0,0.0,242.72163532262047,242.72元,0.0,555.6813995481237
2025-02-16T22:30:00,2025-02-16T22:40:00,2025-02-16,135,1374.944181533037,1368.7254477616875,0.0,1368.7254477616875,-6.218733771349434,0.0,1368.7254477616875,0.4198,574.5909429703564,0.6297,0.0,2.099,0.0,0.0,0.0,574.5909429703564,574.59元,0.0,1368.7254477616875
2025-02-16T22:40:00,2025-02-16T22:50:00,2025-02-16,136,1372.473918995629,1366.42555068762,0.0,1366.42555068762,-6.048368308009003,0.0,1366.42555068762,0.4186,571.9857355178377,0.6279,0.0,2.093,0.0,0.0,0.0,571.9857355178377,571.99元,0.0,1366.42555068762
2025-02-16T22:50:00,2025-02-16T23:00:00,2025-02-16,137,1376.102645073933,1370.219974978315,0.0,1370.219974978315,-5.882670095618096,0.0,1370.219974978315,0.4241,581.1102913883033,0.63615,0.0,2.1205,0.0,0.0,0.0,581.1102913883033,581.11元,0.0,1370.219974978315
2025-02-16T23:00:00,2025-02-16T23:10:00,2025-02-16,138,1382.4803114273027,1376.7588001549059,0.0,1376.7588001549059,-5.7215112723968105,0.0,1376.7588001549059,0.4237,583.3327036256336,0.6355500000000001,0.0,2.1185,0.0,0.0,0.0,583.3327036256336,583.33元,0.0,1376.7588001549059
2025-02-16T23:10:00,2025-02-16T23:20:00,2025-02-16,139,1018.5598229821178,1018.5598229821178,0.0,1018.5598229821178,0.0,0.0,1018.5598229821178,0.4248,432.68421280280364,0.6372,0.0,2.124,0.0,0.0,0.0,432.68421280280364,432.68元,0.0,1018.5598229821178
2025-02-16T23:20:00,2025-02-16T23:30:00,2025-02-16,140,1398.7428200058298,1393.3305022412492,0.0,1393.3305022412492,-5.412317764580621,0.0,1393.3305022412492,0.424,590.7721329502897,0.636,0.0,2.12,0.0,0.0,0.0,590.7721329502897,590.77元,21.422018917915914,1371.9084833233333
2025-02-16T23:30:00,2025-02-16T23:40:00,2025-02-16,141,1391.8652664439815,1386.6012219545742,0.0,1386.6012219545742,-5.264044489407297,0.0,1386.6012219545742,0.422,585.1457156648303,0.633,0.0,2.11,0.0,0.0,0.0,585.1457156648303,585.15元,0.0,1386.6012219545742
2025-02-16T23:40:00,2025-02-16T23:50:00,2025-02-16,142,1394.4759390735776,1389.3561058354405,0.0,1389.3561058354405,-5.119833238137062,0.0,1389.3561058354405,0.424,589.0869888742268,0.636,0.0,2.12,0.0,0.0,0.0,589.0869888742268,589.09元,0.0,1389.3561058354405
2025-02-16T23:50:00,2025-02-17T00:00:00,2025-02-16,143,576.231635419422,576.231635419422,0.0,576.231635419422,0.0,0.0,576.231635419422,0.4271,246.10853148763513,0.6406499999999999,0.0,2.1355,0.0,0.0,0.0,246.10853148763513,246.11元,0.0,576.231635419422
2025-02-17T00:00:00,2025-02-17T00:10:00,2025-02-16,144,593.081025,593.081025,0.0,593.081025,0.0,0.0,593.081025,0.4276,253.60144628999996,0.6414,0.0,2.138,0.0,0.0,0.0,253.60144628999996,253.60元,0.0,593.081025
2025-02-17T00:10:00,2025-02-17T00:20:00,2025-02-17,1,1407.9809454768492,1407.9809454768492,0.0,1407.9809454768492,0.0,0.0,1407.9809454768492,0.4248,598.1103056385656,0.6372,0.0,2.124,0.0,0.0,0.0,598.1103056385656,598.11元,2.696278820182548,1405.2846666566668
2025-02-17T00:20:00,2025-02-17T00:30:00,2025-02-17,2,1408.318469716456,1408.318469716456,0.0,1408.318469716456,0.0,0.0,1408.318469716456,0.4245,597.8311903946355,0.6367499999999999,0.0,2.1225,0.0,0.0,0.0,597.8311903946355,597.83元,0.0,1408.318469716456
2025-02-17T00:30:00,2025-02-17T00:40:00,2025-02-17,3,644.0571331211643,644.0571331211643,0.0,644.0571331211643,0.0,0.0,644.0571331211643,0.4269,274.947990129425,0.64035,0.0,2.1345,0.0,0.0,0.0,274.947990129425,274.95元,0.0,644.0571331211643
2025-02-17T00:40:00,2025-02-17T00:50:00,2025-02-17,4,582.9421654165791,582.9421654165791,0.0,582.9421654165791,0.0,0.0,582.9421654165791,0.4272,249.0328930659626,0.6408,0.0,2.136,0.0,0.0,0.0,249.0328930659626,249.03元,0.0,582.9421654165791
2025-02-17T00:50:00,2025-02-17T01:00:00,2025-02-17,5,569.7982790315176,569.7982790315176,0.0,569.7982790315176,0.0,0.0,569.7982790315176,0.4271,243.36084497436116,0.6406499999999999,0.0,2.1355,0.0,0.0,0.0,243.36084497436116,243.36元,0.0,569.7982790315176
2025-02-17T01:00:00,2025-02-17T01:10:00,2025-02-17,6,578.5457554534988,578.5457554534988,0.0,578.5457554534988,0.0,0.0,578.5457554534988,0.4285,247.90685621182425,0.6427499999999999,0.0,2.1425,0.0,0.0,0.0,247.90685621182425,247.91元,0.0,578.5457554534988
2025-02-17T01:10:00,2025-02-17T01:20:00,2025-02-17,7,607.5267572755755,607.5267572755755,0.0,607.5267572755755,0.0,0.0,607.5267572755755,0.4311,261.9047850615006,0.64665,0.0,2.1555,0.0,0.0,0.0,261.9047850615006,261.90元,0.0,607.5267572755755
2025-02-17T01:20:00,2025-02-17T01:30:00,2025-02-17,8,624.9675373048691,624.9675373048691,0.0,624.9675373048691,0.0,0.0,624.9675373048691,0.4302,268.8610345485547,0.6453,0.0,2.1510000000000002,0.0,0.0,0.0,268.8610345485547,268.86元,0.0,624.9675373048691
2025-02-17T01:30:00,2025-02-17T01:40:00,2025-02-17,9,616.6471884425556,616.6471884425556,0.0,616.6471884425556,0.0,0.0,616.6471884425556,0.4279,263.86333193456954,0.64185,0.0,2.1395,0.0,0.0,0.0,263.86333193456954,263.86元,0.0,616.6471884425556
2025-02-17T01:40:00,2025-02-17T01:50:00,2025-02-17,10,598.0119127338082,598.0119127338082,0.0,598.0119127338082,0.0,0.0,598.0119127338082,0.4312,257.8627367708181,0.6468,0.0,2.156,0.0,0.0,0.0,257.8627367708181,257.86元,0.0,598.0119127338082
2025-02-17T01:50:00,2025-02-17T02:00:00,2025-02-17,11,601.8445554209376,601.8445554209376,0.0,601.8445554209376,0.0,0.0,601.8445554209376,0.4333,260.77924586389224,0.64995,0.0,2.1665,0.0,0.0,0.0,260.77924586389224,260.78元,0.0,601.8445554209376
2025-02-17T02:00:00,2025-02-17T02:10:00,2025-02-17,12,623.3765706663072,623.3765706663072,0.0,623.3765706663072,0.0,0.0,623.3765706663072,0.4311,268.73763961424504,0.64665,0.0,2.1555,0.0,0.0,0.0,268.73763961424504,268.74元,0.0,623.3765706663072
2025-02-17T02:10:00,2025-02-17T02:20:00,2025-02-17,13,629.2212389449422,629.2212389449422,0.0,629.2212389449422,0.0,0.0,629.2212389449422,0.4293,270.1246778790637,0.64395,0.0,2.1465,0.0,0.0,0.0,270.1246778790637,270.12元,0.0,629.2212389449422
2025-02-17T02:20:00,2025-02-17T02:30:00,2025-02-17,14,636.6184361067458,636.6184361067458,0.0,636.6184361067458,0.0,0.0,636.6184361067458,0.4324,275.2738117725569,0.6486000000000001,0.0,2.162,0.0,0.0,0.0,275.2738117725569,275.27元,0.0,636.6184361067458
2025-02-17T02:30:00,2025-02-17T02:40:00,2025-02-17,15,645.2302249415786,645.2302249415786,0.0,645.2302249415786,0.0,0.0,645.2302249415786,0.4367,281.7720392319874,0.6550499999999999,0.0,2.1835,0.0,0.0,0.0,281.7720392319874,281.77元,0.0,645.2302249415786
2025-02-17T02:40:00,2025-02-17T02:50:00,2025-02-17,16,636.6605425804515,636.6605425804515,0.0,636.6605425804515,0.0,0.0,636.6605425804515,0.4348,276.8200039139803,0.6522,0.0,2.174,0.0,0.0,0.0,276.8200039139803,276.82元,0.0,636.6605425804515
2025-02-17T02:50:00,2025-02-17T03:00:00,2025-02-17,17,640.9637728994285,640.9637728994285,0.0,640.9637728994285,0.0,0.0,640.9637728994285,0.4335,277.85779555190226,0.65025,0.0,2.1675,0.0,0.0,0.0,277.85779555190226,277.86元,0.0,640.9637728994285
2025-02-17T03:00:00,2025-02-17T03:10:00,2025-02-17,18,653.2261080928272,653.2261080928272,0.0,653.2261080928272,0.0,0.0,653.2261080928272,0.4357,284.6106152960448,0.65355,0.0,2.1784999999999997,0.0,0.0,0.0,284.6106152960448,284.61元,0.0,653.2261080928272
2025-02-17T03:10:00,2025-02-17T03:20:00,2025-02-17,19,638.3967694156468,638.3967694156468,0.0,638.3967694156468,0.0,0.0,638.3967694156468,0.4374,279.2347469424039,0.6561,0.0,2.1870000000000003,0.0,0.0,0.0,279.2347469424039,279.23元,0.0,638.3967694156468
2025-02-17T03:20:00,2025-02-17T03:30:00,2025-02-17,20,628.9217054284863,628.9217054284863,0.0,628.9217054284863,0.0,0.0,628.9217054284863,0.4371,274.90167744279137,0.65565,0.0,2.1854999999999998,0.0,0.0,0.0,274.90167744279137,274.90元,0.0,628.9217054284863
2025-02-17T03:30:00,2025-02-17T03:40:00,2025-02-17,21,637.6092035782193,637.6092035782193,0.0,637.6092035782193,0.0,0.0,637.6092035782193,0.4356,277.7425690786723,0.6534,0.0,2.178,0.0,0.0,0.0,277.7425690786723,277.74元,0.0,637.6092035782193
2025-02-17T03:40:00,2025-02-17T03:50:00,2025-02-17,22,646.3774242810223,646.3774242810223,0.0,646.3774242810223,0.0,0.0,646.3774242810223,0.4353,281.368092789529,0.65295,0.0,2.1765,0.0,0.0,0.0,281.368092789529,281.37元,0.0,646.3774242810223
2025-02-17T03:50:00,2025-02-17T04:00:00,2025-02-17,23,660.9819000076972,660.9819000076972,0.0,660.9819000076972,0.0,0.0,660.9819000076972,0.436,288.18810840335595,0.654,0.0,2.18,0.0,0.0,0.0,288.18810840335595,288.19元,0.0,660.9819000076972
2025-02-17T04:00:00,2025-02-17T04:10:00,2025-02-17,24,676.8513327045533,676.8513327045533,0.0,676.8513327045533,0.0,0.0,676.8513327045533,0.4378,296.3255134580535,0.6567000000000001,0.0,2.189,0.0,0.0,0.0,296.3255134580535,296.33元,0.0,676.8513327045533
2025-02-17T04:10:00,2025-02-17T04:20:00,2025-02-17,25,680.7971470497915,680.7971470497915,0.0,680.7971470497915,0.0,0.0,680.7971470497915,0.4401,299.6188244166132,0.66015,0.0,2.2005,0.0,0.0,0.0,299.6188244166132,299.62元,0.0,680.7971470497915
2025-02-17T04:20:00,2025-02-17T04:30:00,2025-02-17,26,690.7321478786622,690.7321478786622,0.0,690.7321478786622,0.0,0.0,690.7321478786622,0.4389,303.16233970394484,0.65835,0.0,2.1945,0.0,0.0,0.0,303.16233970394484,303.16元,0.0,690.7321478786622
2025-02-17T04:30:00,2025-02-17T04:40:00,2025-02-17,27,705.1803842773407,705.1803842773407,0.0,705.1803842773407,0.0,0.0,705.1803842773407,0.4364,307.7407196986315,0.6546000000000001,0.0,2.182,0.0,0.0,0.0,307.7407196986315,307.74元,0.0,705.1803842773407
2025-02-17T04:40:00,2025-02-17T04:50:00,2025-02-17,28,701.9977414168931,701.9977414168931,0.0,701.9977414168931,0.0,0.0,701.9977414168931,0.4393,308.38760780444113,0.65895,0.0,2.1965000000000003,0.0,0.0,0.0,308.38760780444113,308.39元,0.0,701.9977414168931
2025-02-17T04:50:00,2025-02-17T05:00:00,2025-02-17,29,686.0210767939406,686.0210767939406,0.0,686.0210767939406,0.0,0.0,686.0210767939406,0.4422,303.3585201582805,0.6633,0.0,2.211,0.0,0.0,0.0,303.3585201582805,303.36元,0.0,686.0210767939406
2025-02-17T05:00:00,2025-02-17T05:10:00,2025-02-17,30,675.0922958779756,675.0922958779756,0.0,675.0922958779756,0.0,0.0,675.0922958779756,0.4395,296.7030640383703,0.65925,0.0,2.1975,0.0,0.0,0.0,296.7030640383703,296.70元,0.0,675.0922958779756
2025-02-17T05:10:00,2025-02-17T05:20:00,2025-02-17,31,683.2248199033678,683.2248199033678,0.0,683.2248199033678,0.0,0.0,683.2248199033678,0.4333,296.0413144641293,0.64995,0.0,2.1665,0.0,0.0,0.0,296.0413144641293,296.04元,0.0,683.2248199033678
2025-02-17T05:20:00,2025-02-17T05:30:00,2025-02-17,32,686.2356916393445,686.2356916393445,0.0,686.2356916393445,0.0,0.0,686.2356916393445,0.4439,304.620023518705,0.66585,0.0,2.2195,0.0,0.0,0.0,304.620023518705,304.62元,0.0,686.2356916393445
2025-02-17T05:30:00,2025-02-17T05:40:00,2025-02-17,33,671.6791199712327,671.6791199712327,0.0,671.6791199712327,0.0,0.0,671.6791199712327,0.4301,288.88918949962715,0.64515,0.0,2.1505,0.0,0.0,0.0,288.88918949962715,288.89元,0.0,671.6791199712327
2025-02-17T05:40:00,2025-02-17T05:50:00,2025-02-17,34,1499.5663993643388,1499.5663993643388,0.0,1499.5663993643388,0.0,0.0,1499.5663993643388,0.3713,556.7890040839791,0.5569500000000001,0.0,1.8565,0.0,0.0,0.0,556.7890040839791,556.79元,542.4289887481522,957.1374106161867
2025-02-17T05:50:00,2025-02-17T06:00:00,2025-02-17,35,760.1548189723303,760.1548189723303,0.0,760.1548189723303,0.0,0.0,760.1548189723303,0.5708,433.8963706694061,0.8562,0.0,2.854,0.0,0.0,0.0,433.8963706694061,433.90元,23.374002297563358,736.7808166747669
2025-02-17T06:00:00,2025-02-17T06:10:00,2025-02-17,36,169.43623778997232,157.33157254901948,0.0,157.33157254901948,-12.10466524095284,0.0,157.33157254901948,0.9099,143.15599786235285,1.3648500000000001,0.0,4.5495,0.0,1961.2647997642264,892.2774206527348,1035.4334185150876,1035.43元,0.0,157.33157254901948
2025-02-17T06:10:00,2025-02-17T06:20:00,2025-02-17,37,136.53160821036784,130.4861296271506,0.0,130.4861296271506,-6.045478583217232,0.0,130.4861296271506,0.9368,122.23940623471468,1.4052,0.0,4.684,0.0,0.0,0.0,122.23940623471468,122.24元,0.0,130.4861296271506
2025-02-17T06:20:00,2025-02-17T06:30:00,2025-02-17,38,788.3027623831703,130.04992368685078,0.0,130.04992368685078,-658.2528386963195,0.0,130.04992368685078,0.8758,113.89772316494391,1.3137,0.0,4.3790000000000004,0.0,0.0,0.0,113.89772316494391,113.90元,0.0,130.04992368685078
2025-02-17T06:30:00,2025-02-17T06:40:00,2025-02-17,39,176.8242065966125,157.08446306526344,0.0,157.08446306526344,-19.739743531349063,0.0,157.08446306526344,0.8759,137.59028119886423,1.31385,0.0,4.3795,0.0,0.0,0.0,137.59028119886423,137.59元,0.0,157.08446306526344
2025-02-17T06:40:00,2025-02-17T06:50:00,2025-02-17,40,857.2679979429196,622.9491175556138,0.0,622.9491175556138,-234.31888038730574,0.0,622.9491175556138,0.8601,535.7985360095835,1.29015,0.0,4.3004999999999995,0.0,0.0,0.0,535.7985360095835,535.80元,0.0,622.9491175556138
2025-02-17T06:50:00,2025-02-17T07:00:00,2025-02-17,41,800.3898657744886,785.3063272520995,0.0,785.3063272520995,-15.083538522389063,0.0,785.3063272520995,0.8442,662.9556014662224,1.2663,0.0,4.221,0.0,0.0,0.0,662.9556014662224,662.96元,0.0,785.3063272520995
2025-02-17T07:00:00,2025-02-17T07:10:00,2025-02-17,42,770.2915162317806,754.3152399008584,0.0,754.3152399008584,-15.976276330922246,0.0,754.3152399008584,0.8334,628.6463209333754,1.2501,0.0,4.167,0.0,0.0,0.0,628.6463209333754,628.65元,0.0,754.3152399008584
2025-02-17T07:10:00,2025-02-17T07:20:00,2025-02-17,43,713.5948273340412,697.0820158313275,0.0,697.0820158313275,-16.512811502713703,0.0,697.0820158313275,0.8092,564.0787672107102,1.2138,0.0,4.046,0.0,0.0,0.0,564.0787672107102,564.08元,0.0,697.0820158313275
2025-02-17T07:20:00,2025-02-17T07:30:00,2025-02-17,44,669.2319287431256,652.1228406708483,0.0,652.1228406708483,-17.10908807227736,0.0,652.1228406708483,0.7972,519.8723285828003,1.1958,0.0,3.986,0.0,0.0,0.0,519.8723285828003,519.87元,0.0,652.1228406708483
2025-02-17T07:30:00,2025-02-17T07:40:00,2025-02-17,45,618.6172099523606,618.6172099523606,0.0,618.6172099523606,0.0,0.0,618.6172099523606,0.7644,472.8709952875844,1.1465999999999998,0.0,3.822,0.0,0.0,0.0,472.8709952875844,472.87元,0.0,618.6172099523606
2025-02-17T07:40:00,2025-02-17T07:50:00,2025-02-17,46,1365.5528547311546,1347.0733451717456,0.0,1347.0733451717456,-18.479509559409053,0.0,1347.0733451717456,0.6899,929.3459008339872,1.03485,0.0,3.4494999999999996,0.0,0.0,0.0,929.3459008339872,929.35元,0.0,1347.0733451717456
2025-02-17T07:50:00,2025-02-17T08:00:00,2025-02-17,47,591.6372137796819,572.4278376260922,0.0,572.4278376260922,-19.209376153589687,0.0,572.4278376260922,0.86,492.2879403584393,1.29,0.0,4.3,0.0,0.0,0.0,492.2879403584393,492.29元,0.0,572.4278376260922
2025-02-17T08:00:00,2025-02-17T08:10:00,2025-02-17,48,34.20346137349429,31.460493116161956,0.0,31.460493116161956,-2.742968257332336,0.0,31.460493116161956,1.1617,36.547654853045344,1.74255,0.0,5.8084999999999996,0.0,0.0,0.0,36.547654853045344,36.55元,0.0,31.460493116161956
2025-02-17T08:10:00,2025-02-17T08:20:00,2025-02-17,49,13.322353367842084,8.569059453259683,0.0,8.569059453259683,-4.7532939145824,0.0,8.569059453259683,1.1683,10.011232159243287,1.7524499999999998,0.0,5.8415,0.0,0.0,0.0,10.011232159243287,10.01元,0.0,8.569059453259683
2025-02-17T08:20:00,2025-02-17T08:30:00,2025-02-17,50,0.0,0.0,0.0,0.0,0.0,0.0,0.0,1.0956,0.0,1.6433999999999997,0.0,5.478,0.0,0.0,0.0,0.0,0.00元,0.0,0.0
2025-02-17T08:30:00,2025-02-17T08:40:00,2025-02-17,51,0.0,0.0,0.0,0.0,0.0,0.0,0.0,1.0849,0.0,1.6273499999999999,0.0,5.4245,0.0,0.0,0.0,0.0,0.00元,0.0,0.0
2025-02-17T08:40:00,2025-02-17T08:50:00,2025-02-17,52,0.0,0.0,0.0,0.0,0.0,0.0,0.0,1.061,0.0,1.5915,0.0,5.305,0.0,0.0,0.0,0.0,0.00元,0.0,0.0
2025-02-17T08:50:00,2025-02-17T09:00:00,2025-02-17,53,0.0,0.0,0.0,0.0,0.0,0.0,0.0,1.043,0.0,1.5644999999999998,0.0,5.215,0.0,0.0,0.0,0.0,0.00元,0.0,0.0
2025-02-17T09:00:00,2025-02-17T09:10:00,2025-02-17,54,0.0,0.0,0.0,0.0,0.0,0.0,0.0,1.036,0.0,1.554,0.0,5.18,0.0,0.0,0.0,0.0,0.00元,0.0,0.0
2025-02-17T09:10:00,2025-02-17T09:20:00,2025-02-17,55,0.0,0.0,0.0,0.0,0.0,0.0,0.0,1.0147,0.0,1.52205,0.0,5.073499999999999,0.0,0.0,0.0,0.0,0.00元,0.0,0.0
2025-02-17T09:20:00,2025-02-17T09:30:00,2025-02-17,56,0.0,0.0,0.0,0.0,0.0,0.0,0.0,0.9922,0.0,1.4883,0.0,4.961,0.0,0.0,0.0,0.0,0.00元,0.0,0.0
2025-02-17T09:30:00,2025-02-17T09:40:00,2025-02-17,57,0.0,0.0,0.0,0.0,0.0,0.0,0.0,0.97,0.0,1.455,0.0,4.85,0.0,0.0,0.0,0.0,0.00元,0.0,0.0
2025-02-17T09:40:00,2025-02-17T09:50:00,2025-02-17,58,0.0,0.0,0.0,0.0,0.0,0.0,0.0,0.9422,0.0,1.4133,0.0,4.711,0.0,0.0,0.0,0.0,0.00元,0.0,0.0
2025-02-17T09:50:00,2025-02-17T10:00:00,2025-02-17,59,0.0,0.0,0.0,0.0,0.0,0.0,0.0,0.9569,0.0,1.43535,0.0,4.7844999999999995,0.0,0.0,0.0,0.0,0.00元,0.0,0.0
2025-02-17T10:00:00,2025-02-17T10:10:00,2025-02-17,60,0.0,0.0,0.0,0.0,0.0,0.0,0.0,0.9977,0.0,1.49655,0.0,4.9885,0.0,0.0,0.0,0.0,0.00元,0.0,0.0
2025-02-17T10:10:00,2025-02-17T10:20:00,2025-02-17,61,0.0,0.0,0.0,0.0,0.0,0.0,0.0,0.9919,0.0,1.48785,0.0,4.9595,0.0,0.0,0.0,0.0,0.00元,0.0,0.0
2025-02-17T10:20:00,2025-02-17T10:30:00,2025-02-17,62,0.0,0.0,0.0,0.0,0.0,0.0,0.0,0.9588,0.0,1.4382,0.0,4.794,0.0,0.0,0.0,0.0,0.00元,0.0,0.0
2025-02-17T10:30:00,2025-02-17T10:40:00,2025-02-17,63,0.0,0.0,0.0,0.0,0.0,0.0,0.0,0.9549,0.0,1.43235,0.0,4.7745,0.0,0.0,0.0,0.0,0.00元,0.0,0.0
2025-02-17T10:40:00,2025-02-17T10:50:00,2025-02-17,64,0.0,0.0,0.0,0.0,0.0,0.0,0.0,0.9839,0.0,1.4758499999999999,0.0,4.9195,0.0,0.0,0.0,0.0,0.00元,0.0,0.0
2025-02-17T10:50:00,2025-02-17T11:00:00,2025-02-17,65,122.44806602624794,0.0,0.0,0.0,-122.44806602624794,0.0,0.0,0.799,0.0,1.1985000000000001,0.0,3.995,0.0,0.0,0.0,0.0,0.00元,0.0,0.0
2025-02-17T11:00:00,2025-02-17T11:10:00,2025-02-17,66,954.006696100724,846.5829348615779,0.0,846.5829348615779,-107.42376123914607,0.0,846.5829348615779,0.5025,425.40792476794286,0.7537499999999999,0.0,2.5124999999999997,0.0,0.0,0.0,425.40792476794286,425.41元,0.0,846.5829348615779
2025-02-17T11:10:00,2025-02-17T11:20:00,2025-02-17,67,943.5555632226741,834.4483325877994,0.0,834.4483325877994,-109.10723063487467,0.0,834.4483325877994,0.4662,389.0198126524321,0.6993,0.0,2.331,0.0,0.0,0.0,389.0198126524321,389.02元,0.0,834.4483325877994
2025-02-17T11:20:00,2025-02-17T11:30:00,2025-02-17,68,935.684688388436,825.9623996783818,0.0,825.9623996783818,-109.72228871005427,0.0,825.9623996783818,0.5007,413.5593735189658,0.75105,0.0,2.5035000000000003,0.0,0.0,0.0,413.5593735189658,413.56元,0.0,825.9623996783818
2025-02-17T11:30:00,2025-02-17T11:40:00,2025-02-17,69,914.7282554971531,805.3675032381694,0.0,805.3675032381694,-109.36075225898367,0.0,805.3675032381694,0.4827,388.7508938130644,0.7240500000000001,0.0,2.4135,0.0,0.0,0.0,388.7508938130644,388.75元,0.0,805.3675032381694
2025-02-17T11:40:00,2025-02-17T11:50:00,2025-02-17,70,889.763908721019,780.9068377785292,0.0,780.9068377785292,-108.85707094248983,0.0,780.9068377785292,0.4785,373.6639218770262,0.71775,0.0,2.3925,0.0,0.0,0.0,373.6639218770262,373.66元,0.0,780.9068377785292
2025-02-17T11:50:00,2025-02-17T12:00:00,2025-02-17,71,851.007863415916,741.200590444016,0.0,741.200590444016,-109.80727297189992,0.0,741.200590444016,0.4662,345.54771526500025,0.6993,0.0,2.331,0.0,0.0,0.0,345.54771526500025,345.55元,0.0,741.200590444016
2025-02-17T12:00:00,2025-02-17T12:10:00,2025-02-17,72,731.1128808075729,691.43944105755,0.0,691.43944105755,-39.67343975002291,0.0,691.43944105755,0.4432,306.44596027670616,0.6648,0.0,2.2159999999999997,0.0,206.19523141305592,45.69286328113319,352.1388235578394,352.14元,0.0,691.43944105755
2025-02-17T12:10:00,2025-02-17T12:20:00,2025-02-17,73,721.8613682765384,682.2809584632352,0.0,682.2809584632352,-39.58040981330328,0.0,682.2809584632352,0.4411,300.954130778133,0.66165,0.0,2.2055,0.0,0.0,0.0,300.954130778133,300.95元,0.0,682.2809584632352
2025-02-17T12:20:00,2025-02-17T12:30:00,2025-02-17,74,720.7572022027229,681.5813992085247,0.0,681.5813992085247,-39.17580299419819,0.0,681.5813992085247,0.4551,310.1876947797996,0.68265,0.0,2.2755,0.0,0.0,0.0,310.1876947797996,310.19元,0.0,681.5813992085247
2025-02-17T12:30:00,2025-02-17T12:40:00,2025-02-17,75,720.6163324508021,681.8695771401364,0.0,681.8695771401364,-38.746755310665776,0.0,681.8695771401364,0.4463,304.31839227764283,0.66945,0.0,2.2315,0.0,0.0,0.0,304.31839227764283,304.32元,0.0,681.8695771401364
2025-02-17T12:40:00,2025-02-17T12:50:00,2025-02-17,76,739.7521666346175,701.2602154874659,0.0,701.2602154874659,-38.49195114715167,0.0,701.2602154874659,0.4113,288.42832662999473,0.61695,0.0,2.0564999999999998,0.0,0.0,0.0,288.42832662999473,288.43元,0.0,701.2602154874659
2025-02-17T12:50:00,2025-02-17T13:00:00,2025-02-17,77,780.2187924270733,724.7873196238698,8.452503371523676,733.2398229953935,-46.97896943167973,0.0,733.2398229953935,0.5682,411.8241550102829,0.8523000000000001,7.204068623549629,2.841,0.0,0.0,0.0,419.02822363383245,419.03元,0.0,733.2398229953935
2025-02-17T13:00:00,2025-02-17T13:10:00,2025-02-17,78,0.0,0.0,0.0,0.0,0.0,0.0,0.0,0.8279,0.0,1.24185,0.0,4.1395,0.0,0.0,0.0,0.0,0.00元,0.0,0.0
2025-02-17T13:10:00,2025-02-17T13:20:00,2025-02-17,79,0.0,0.0,0.0,0.0,0.0,0.0,0.0,0.8636,0.0,1.2954,0.0,4.3180000000000005,0.0,0.0,0.0,0.0,0.00元,0.0,0.0
2025-02-17T13:20:00,2025-02-17T13:30:00,2025-02-17,80,0.0,0.0,0.0,0.0,0.0,0.0,0.0,0.8416,0.0,1.2624,0.0,4.208,0.0,0.0,0.0,0.0,0.00元,0.0,0.0
2025-02-17T13:30:00,2025-02-17T13:40:00,2025-02-17,81,0.0,0.0,0.0,0.0,0.0,0.0,0.0,0.8618,0.0,1.2927,0.0,4.309,0.0,0.0,0.0,0.0,0.00元,0.0,0.0
2025-02-17T13:40:00,2025-02-17T13:50:00,2025-02-17,82,0.0,0.0,0.0,0.0,0.0,0.0,0.0,0.8623,0.0,1.29345,0.0,4.3115,0.0,0.0,0.0,0.0,0.00元,0.0,0.0
2025-02-17T13:50:00,2025-02-17T14:00:00,2025-02-17,83,0.0,0.0,0.0,0.0,0.0,0.0,0.0,0.9026,0.0,1.3538999999999999,0.0,4.513,0.0,0.0,0.0,0.0,0.00元,0.0,0.0
2025-02-17T14:00:00,2025-02-17T14:10:00,2025-02-17,84,0.0,0.0,0.0,0.0,0.0,0.0,0.0,0.9754,0.0,1.4631,0.0,4.877000000000001,0.0,0.0,0.0,0.0,0.00元,0.0,0.0
2025-02-17T14:10:00,2025-02-17T14:20:00,2025-02-17,85,0.0,0.0,0.0,0.0,0.0,0.0,0.0,1.0002,0.0,1.5003,0.0,5.0009999999999994,0.0,0.0,0.0,0.0,0.00元,0.0,0.0
2025-02-17T14:20:00,2025-02-17T14:30:00,2025-02-17,86,0.0,0.0,0.0,0.0,0.0,0.0,0.0,0.9978,0.0,1.4967000000000001,0.0,4.989,0.0,0.0,0.0,0.0,0.00元,0.0,0.0
2025-02-17T14:30:00,2025-02-17T14:40:00,2025-02-17,87,0.0,0.0,0.0,0.0,0.0,0.0,0.0,1.0271,0.0,1.5406499999999999,0.0,5.1354999999999995,0.0,0.0,0.0,0.0,0.00元,0.0,0.0
2025-02-17T14:40:00,2025-02-17T14:50:00,2025-02-17,88,0.0,0.0,0.0,0.0,0.0,0.0,0.0,1.0906,0.0,1.6359,0.0,5.453,0.0,0.0,0.0,0.0,0.00元,0.0,0.0
2025-02-17T14:50:00,2025-02-17T15:00:00,2025-02-17,89,0.0,0.0,0.0,0.0,0.0,0.0,0.0,0.9376,0.0,1.4064,0.0,4.688,0.0,0.0,0.0,0.0,0.00元,0.0,0.0
2025-02-17T15:00:00,2025-02-17T15:10:00,2025-02-17,90,834.9099785461016,834.9099785461016,0.0,834.9099785461016,0.0,0.0,834.9099785461016,0.6694,558.8887396387604,1.0041,0.0,3.347,0.0,0.0,0.0,558.8887396387604,558.89元,0.0,834.9099785461016
2025-02-17T15:10:00,2025-02-17T15:20:00,2025-02-17,91,1181.7483843873624,1165.768193369421,0.0,1165.768193369421,-15.980191017941479,0.0,1165.768193369421,0.66,769.4070076238179,0.99,0.0,3.3000000000000003,0.0,0.0,0.0,769.4070076238179,769.41元,0.0,1165.768193369421
2025-02-17T15:20:00,2025-02-17T15:30:00,2025-02-17,92,398.08271148086794,398.08271148086794,0.0,398.08271148086794,0.0,0.0,398.08271148086794,0.7217,287.2962928757424,1.08255,0.0,3.6085000000000003,0.0,0.0,0.0,287.2962928757424,287.30元,0.0,398.08271148086794
2025-02-17T15:30:00,2025-02-17T15:40:00,2025-02-17,93,458.49409487795435,458.49409487795435,0.0,458.49409487795435,0.0,0.0,458.49409487795435,0.7308,335.06748453680905,1.0962,0.0,3.654,0.0,0.0,0.0,335.06748453680905,335.07元,0.0,458.49409487795435
2025-02-17T15:40:00,2025-02-17T15:50:00,2025-02-17,94,506.31338228001266,506.31338228001266,0.0,506.31338228001266,0.0,0.0,506.31338228001266,0.7534,381.45650220976154,1.1300999999999999,0.0,3.767,0.0,0.0,0.0,381.45650220976154,381.46元,0.0,506.31338228001266
2025-02-17T15:50:00,2025-02-17T16:00:00,2025-02-17,95,544.9700655354786,544.9700655354786,0.0,544.9700655354786,0.0,0.0,544.9700655354786,0.7823,426.3300822684049,1.1734499999999999,0.0,3.9115,0.0,0.0,0.0,426.3300822684049,426.33元,0.0,544.9700655354786
2025-02-17T16:00:00,2025-02-17T16:10:00,2025-02-17,96,594.7886378777646,594.7886378777646,0.0,594.7886378777646,0.0,0.0,594.7886378777646,0.8055,479.1022478105394,1.20825,0.0,4.0275,0.0,0.0,0.0,479.1022478105394,479.10元,0.0,594.7886378777646
2025-02-17T16:10:00,2025-02-17T16:20:00,2025-02-17,97,667.2954474179292,667.2954474179292,0.0,667.2954474179292,0.0,0.0,667.2954474179292,0.8271,551.9200645593692,1.24065,0.0,4.1354999999999995,0.0,0.0,0.0,551.9200645593692,551.92元,0.0,667.2954474179292
2025-02-17T16:20:00,2025-02-17T16:30:00,2025-02-17,98,720.4326986461233,720.4326986461233,0.0,720.4326986461233,0.0,0.0,720.4326986461233,0.8519,613.7366159766324,1.27785,0.0,4.2595,0.0,0.0,0.0,613.7366159766324,613.74元,0.0,720.4326986461233
2025-02-17T16:30:00,2025-02-17T16:40:00,2025-02-17,99,755.264650336195,755.264650336195,0.0,755.264650336195,0.0,0.0,755.264650336195,0.8791,663.953154110549,1.3186499999999999,0.0,4.3955,0.0,0.0,0.0,663.953154110549,663.95元,0.0,755.264650336195
2025-02-17T16:40:00,2025-02-17T16:50:00,2025-02-17,100,813.6440363640584,813.6440363640584,0.0,813.6440363640584,0.0,0.0,813.6440363640584,0.9024,734.2323784149263,1.3536,0.0,4.512,0.0,0.0,0.0,734.2323784149263,734.23元,0.0,813.6440363640584
2025-02-17T16:50:00,2025-02-17T17:00:00,2025-02-17,101,868.1862401031344,868.1862401031344,0.0,868.1862401031344,0.0,0.0,868.1862401031344,0.9163,795.519051806502,1.37445,0.0,4.5815,0.0,0.0,0.0,795.519051806502,795.52元,0.0,868.1862401031344
2025-02-17T17:00:00,2025-02-17T17:10:00,2025-02-17,102,906.3415115581454,906.3415115581454,0.0,906.3415115581454,0.0,0.0,906.3415115581454,0.9264,839.6347763074659,1.3896,0.0,4.632,0.0,0.0,0.0,839.6347763074659,839.63元,0.0,906.3415115581454
2025-02-17T17:10:00,2025-02-17T17:20:00,2025-02-17,103,945.0846235467768,942.6288761550895,0.0,942.6288761550895,-2.4557473916872823,0.0,942.6288761550895,0.9462,891.9154426179457,1.4193,0.0,4.731,0.0,0.0,0.0,891.9154426179457,891.92元,0.0,942.6288761550895
2025-02-17T17:20:00,2025-02-17T17:30:00,2025-02-17,104,988.1501862149108,985.6488230489033,0.0,985.6488230489033,-2.501363166007536,0.0,985.6488230489033,0.9742,960.2190834142416,1.4613,0.0,4.8709999999999996,0.0,0.0,0.0,960.2190834142416,960.22元,0.0,985.6488230489033
2025-02-17T17:30:00,2025-02-17T17:40:00,2025-02-17,105,1031.2423176235282,1028.8094806093752,0.0,1028.8094806093752,-2.4328370141529376,0.0,1028.8094806093752,0.9862,1014.6119097769658,1.4792999999999998,0.0,4.931,0.0,0.0,0.0,1014.6119097769658,1014.61元,0.0,1028.8094806093752
2025-02-17T17:40:00,2025-02-17T17:50:00,2025-02-17,106,1041.677744692977,1039.3115565209175,0.0,1039.3115565209175,-2.3661881720595375,0.0,1039.3115565209175,0.976,1014.3680791644155,1.464,0.0,4.88,0.0,0.0,0.0,1014.3680791644155,1014.37元,0.0,1039.3115565209175
2025-02-17T17:50:00,2025-02-17T18:00:00,2025-02-17,107,912.5502784331798,909.0353519270731,0.0,909.0353519270731,-3.51492650610669,0.0,909.0353519270731,1.0742,976.485775040062,1.6113,0.0,5.371,0.0,0.0,0.0,976.485775040062,976.49元,0.0,909.0353519270731
2025-02-17T18:00:00,2025-02-17T18:10:00,2025-02-17,108,725.3407964359621,721.6779761477056,6.662232185627545,728.3402083333332,2.999411897371033,0.0,728.3402083333332,1.2313,888.60209203067,1.84695,12.304809735244795,6.1565,0.0,0.0,0.0,900.9069017659148,900.91元,27.265113380606767,701.0750949527264
2025-02-17T18:10:00,2025-02-17T18:20:00,2025-02-17,109,698.9632745342569,695.400799123026,6.479716851330068,701.8805159743561,2.917241440099133,0.0,701.8805159743561,1.2561,873.492943778433,1.88415,12.208758505433547,6.2805,0.0,0.0,0.0,885.7017022838664,885.70元,21.877599299589157,680.0029166747669
2025-02-17T18:20:00,2025-02-17T18:30:00,2025-02-17,110,712.2890159615138,708.8241364269336,6.302201620049914,715.1263380469835,2.8373220854697365,0.0,715.1263380469835,1.2447,882.2734026106042,1.8670499999999999,11.76652553471419,6.2235,0.0,0.0,0.0,894.0399281453184,894.04元,0.0,715.1263380469835
2025-02-17T18:30:00,2025-02-17T18:40:00,2025-02-17,111,697.6141152732106,694.2441579252092,6.129549511350433,700.3737074365596,2.759592163348998,0.0,700.3737074365596,1.2545,870.9292961171749,1.8817499999999998,11.534279792983677,6.2725,0.0,0.0,0.0,882.4635759101585,882.46元,0.0,700.3737074365596
2025-02-17T18:40:00,2025-02-17T18:50:00,2025-02-17,112,710.1294578637998,706.8518222594424,5.961627297445716,712.8134495568881,2.6839916930883874,0.0,712.8134495568881,1.2522,885.1198518332737,1.8782999999999999,11.197724552792288,6.261,0.0,0.0,0.0,896.3175763860662,896.32元,0.0,712.8134495568881
2025-02-17T18:50:00,2025-02-17T19:00:00,2025-02-17,113,66.90272716796017,63.29315794553497,33.57797909219073,96.8711370377257,29.968409869765537,0.0,96.8711370377257,1.2881,81.5279167496436,1.93215,64.87769230297633,6.4405,0.0,0.0,0.0,146.40560905261992,146.41元,0.0,96.8711370377257
2025-02-17T19:00:00,2025-02-17T19:10:00,2025-02-17,114,31.013781211570517,31.013781211570517,14.921542774757995,45.93532398632851,14.921542774757995,0.0,45.93532398632851,1.3466,41.76315777950086,2.0199,30.140024250733674,6.7330000000000005,0.0,0.0,0.0,71.90318203023453,71.90元,0.0,45.93532398632851
2025-02-17T19:10:00,2025-02-17T19:20:00,2025-02-17,115,1.107492358234822,0.0,4.100382346381252,4.100382346381252,2.9928899881464304,0.0,4.100382346381252,1.3523,0.0,2.0284500000000003,8.31742057051705,6.7615,0.0,0.0,0.0,8.31742057051705,8.32元,0.0,4.100382346381252
2025-02-17T19:20:00,2025-02-17T19:30:00,2025-02-17,116,0.0,0.0,0.0,0.0,0.0,2.457116676666593,2.457116676666593,1.3445,0.0,2.01675,0.0,6.7225,16.517966858891175,0.0,0.0,16.517966858891175,16.52元,0.0,2.457116676666593
2025-02-17T19:30:00,2025-02-17T19:40:00,2025-02-17,117,5.121701960700307,3.101461302627058,13.043472505111367,16.144933807738425,11.023231847038119,0.0,16.144933807738425,1.3483,4.181700274332063,2.02245,26.379770967962486,6.7415,0.0,0.0,0.0,30.561471242294548,30.56元,0.0,16.144933807738425
2025-02-17T19:40:00,2025-02-17T19:50:00,2025-02-17,118,24.013510380037246,21.792046846835888,4.570761017986911,26.3628078648228,2.349297484785552,0.0,26.3628078648228,1.349,29.397471196381613,2.0235,9.248934919896513,6.745,0.0,0.0,0.0,38.64640611627812,38.65元,0.0,26.3628078648228
2025-02-17T19:50:00,2025-02-17T20:00:00,2025-02-17,119,12.66081087065811,10.50020549251576,12.175659966713965,22.675865459229726,10.015054588571616,0.0,22.675865459229726,1.3473,14.146926860066484,2.02095,24.60640000973059,6.7364999999999995,0.0,0.0,0.0,38.75332686979707,38.75元,0.0,22.675865459229726
2025-02-17T20:00:00,2025-02-17T20:10:00,2025-02-17,120,0.0,0.0,0.0,0.0,0.0,0.0,0.0,1.3482,0.0,2.0223,0.0,6.7410000000000005,0.0,0.0,0.0,0.0,0.00元,0.0,0.0
2025-02-17T20:10:00,2025-02-17T20:20:00,2025-02-17,121,0.0,0.0,0.0,0.0,0.0,0.0,0.0,1.3513,0.0,2.02695,0.0,6.7565,0.0,0.0,0.0,0.0,0.00元,0.0,0.0
2025-02-17T20:20:00,2025-02-17T20:30:00,2025-02-17,122,0.0,0.0,0.0,0.0,0.0,0.0,0.0,1.34,0.0,2.0100000000000002,0.0,6.7,0.0,0.0,0.0,0.0,0.00元,0.0,0.0
2025-02-17T20:30:00,2025-02-17T20:40:00,2025-02-17,123,0.0,0.0,0.4760935980286831,0.4760935980286831,0.4760935980286831,0.0,0.4760935980286831,1.3489,0.0,2.0233499999999998,0.963303981571336,6.7445,0.0,0.0,0.0,0.963303981571336,0.96元,0.0,0.4760935980286831
2025-02-17T20:40:00,2025-02-17T20:50:00,2025-02-17,124,15.420760242453525,13.223715227090338,1.5971680148762744,14.820883241966612,-0.599877000486913,0.0,14.820883241966612,1.3952,18.44972748483644,2.0928,3.342553221533067,6.976,0.0,0.0,0.0,21.792280706369507,21.79元,0.0,14.820883241966612
2025-02-17T20:50:00,2025-02-17T21:00:00,2025-02-17,125,721.303415511999,719.9075669530321,0.0,719.9075669530321,-1.395848558966918,0.0,719.9075669530321,1.2226,880.1589913567769,1.8338999999999999,0.0,6.1129999999999995,0.0,0.0,0.0,880.1589913567769,880.16元,0.0,719.9075669530321
2025-02-17T21:00:00,2025-02-17T21:10:00,2025-02-17,126,733.6468653610383,719.5787526996271,9.943727155448528,729.5224798550756,-4.124385505962664,0.0,729.5224798550756,0.9332,671.510892019292,1.3998,13.91922927219685,4.666,0.0,0.0,0.0,685.430121291489,685.43元,0.0,729.5224798550756
2025-02-17T21:10:00,2025-02-17T21:20:00,2025-02-17,127,740.5975764608938,735.782510921559,0.0,735.782510921559,-4.815065539334796,0.0,735.782510921559,0.9068,667.2075809036697,1.3602,0.0,4.534000000000001,0.0,0.0,0.0,667.2075809036697,667.21元,0.0,735.782510921559
2025-02-17T21:20:00,2025-02-17T21:30:00,2025-02-17,128,730.8463489561645,728.7447932862309,0.0,728.7447932862309,-2.1015556699336457,0.0,728.7447932862309,0.9371,682.906745788527,1.40565,0.0,4.6855,0.0,0.0,0.0,682.906745788527,682.91元,0.0,728.7447932862309
2025-02-17T21:30:00,2025-02-17T21:40:00,2025-02-17,129,740.636719119302,738.5927366658153,0.0,738.5927366658153,-2.0439824534867057,0.0,738.5927366658153,0.9371,692.1352535295356,1.40565,0.0,4.6855,0.0,0.0,0.0,692.1352535295356,692.14元,0.0,738.5927366658153
2025-02-17T21:40:00,2025-02-17T21:50:00,2025-02-17,130,744.0025861849892,743.773290152728,0.0,743.773290152728,-0.22929603226123163,0.0,743.773290152728,0.9871,734.1786147097578,1.48065,0.0,4.9355,0.0,0.0,0.0,734.1786147097578,734.18元,0.0,743.773290152728
2025-02-17T21:50:00,2025-02-17T22:00:00,2025-02-17,131,681.1474537555449,681.1474537555449,14.727207648950298,695.8746614044952,14.727207648950298,0.0,695.8746614044952,0.7764,528.8428830958051,1.1646,17.151306027967518,3.8819999999999997,0.0,0.0,0.0,545.9941891237726,545.99元,0.0,695.8746614044952
2025-02-17T22:00:00,2025-02-17T22:10:00,2025-02-17,132,1404.1996623145194,1402.3191076745884,0.0,1402.3191076745884,-1.880554639931006,0.0,1402.3191076745884,0.4209,590.2361124202342,0.63135,0.0,2.1045,0.0,0.0,0.0,590.2361124202342,590.24元,45.747441017921794,1356.5716666566666
2025-02-17T22:10:00,2025-02-17T22:20:00,2025-02-17,133,1367.7513802284147,1365.9223443661563,0.0,1365.9223443661563,-1.829035862258479,0.0,1365.9223443661563,0.3859,527.1094326908998,0.5788500000000001,0.0,1.9295,0.0,0.0,0.0,527.1094326908998,527.11元,14.974177709489588,1350.9481666566667
2025-02-17T22:20:00,2025-02-17T22:30:00,2025-02-17,134,538.2793998783872,538.2793998783872,0.0,538.2793998783872,0.0,0.0,538.2793998783872,0.4368,235.12044186687953,0.6552,0.0,2.184,0.0,0.0,0.0,235.12044186687953,235.12元,0.0,538.2793998783872
2025-02-17T22:30:00,2025-02-17T22:40:00,2025-02-17,135,1376.216482529948,1374.4862887370746,0.0,1374.4862887370746,-1.7301937928734787,0.0,1374.4862887370746,0.4198,577.0093440118239,0.6297,0.0,2.099,0.0,0.0,0.0,577.0093440118239,577.01元,0.0,1374.4862887370746
2025-02-17T22:40:00,2025-02-17T22:50:00,2025-02-17,136,1390.30554790708,1388.622753677852,0.0,1388.622753677852,-1.6827942292279658,0.0,1388.622753677852,0.4186,581.2774846895488,0.6279,0.0,2.093,0.0,0.0,0.0,581.2774846895488,581.28元,1.6568370211853027,1386.9659166566666
2025-02-17T22:50:00,2025-02-17T23:00:00,2025-02-17,137,1390.0000800221414,1388.363386820729,0.0,1388.363386820729,-1.6366932014125268,0.0,1388.363386820729,0.4241,588.8049123506711,0.63615,0.0,2.1205,0.0,0.0,0.0,588.8049123506711,588.80元,0.0,1388.363386820729
2025-02-17T23:00:00,2025-02-17T23:10:00,2025-02-17,138,1382.0886396725336,1380.4967845371739,0.0,1380.4967845371739,-1.591855135359765,0.0,1380.4967845371739,0.4237,584.9164876084006,0.6355500000000001,0.0,2.1185,0.0,0.0,0.0,584.9164876084006,584.92元,0.0,1380.4967845371739
2025-02-17T23:10:00,2025-02-17T23:20:00,2025-02-17,139,1020.5203033549784,1020.5203033549784,0.0,1020.5203033549784,0.0,0.0,1020.5203033549784,0.4248,433.51702486519486,0.6372,0.0,2.124,0.0,0.0,0.0,433.51702486519486,433.52元,0.0,1020.5203033549784
2025-02-17T23:20:00,2025-02-17T23:30:00,2025-02-17,140,1409.049702841421,1407.5438724029996,0.0,1407.5438724029996,-1.5058304384215262,0.0,1407.5438724029996,0.424,596.7986018988718,0.636,0.0,2.12,0.0,0.0,0.0,596.7986018988718,596.80元,0.0,1407.5438724029996
2025-02-17T23:30:00,2025-02-17T23:40:00,2025-02-17,141,1409.1970201845168,1407.73244275833,0.0,1407.73244275833,-1.464577426186679,0.0,1407.73244275833,0.422,594.0630908440153,0.633,0.0,2.11,0.0,0.0,0.0,594.0630908440153,594.06元,0.0,1407.73244275833
2025-02-17T23:40:00,2025-02-17T23:50:00,2025-02-17,142,1419.4525285394257,1418.028073977633,0.0,1418.028073977633,-1.4244545617925723,0.0,1418.028073977633,0.424,601.2439033665164,0.636,0.0,2.12,0.0,0.0,0.0,601.2439033665164,601.24元,8.623423987633025,1409.40464999
2025-02-17T23:50:00,2025-02-18T00:00:00,2025-02-17,143,597.1957517485222,597.1957517485222,0.0,597.1957517485222,0.0,0.0,597.1957517485222,0.4271,255.06230557179381,0.6406499999999999,0.0,2.1355,0.0,0.0,0.0,255.06230557179381,255.06元,0.0,597.1957517485222
2025-02-18T00:00:00,2025-02-18T00:10:00,2025-02-17,144,598.8421999999999,598.8421999999999,0.0,598.8421999999999,0.0,0.0,598.8421999999999,0.4276,256.06492471999996,0.6414,0.0,2.138,0.0,0.0,0.0,256.06492471999996,256.06元,0.0,598.8421999999999
2025-02-18T00:10:00,2025-02-18T00:20:00,2025-02-18,1,1411.5207051757611,1411.5207051757611,0.0,1411.5207051757611,0.0,0.0,1411.5207051757611,0.4248,599.6139955586633,0.6372,0.0,2.124,0.0,0.0,0.0,599.6139955586633,599.61元,3.129571852427822,1408.3911333233334
2025-02-18T00:20:00,2025-02-18T00:30:00,2025-02-18,2,1407.6084417987151,1407.6084417987151,0.0,1407.6084417987151,0.0,0.0,1407.6084417987151,0.4245,597.5297835435546,0.6367499999999999,0.0,2.1225,0.0,0.0,0.0,597.5297835435546,597.53元,3.7782084753817946,1403.8302333233335
2025-02-18T00:30:00,2025-02-18T00:40:00,2025-02-18,3,669.5668577950262,669.5668577950262,0.0,669.5668577950262,0.0,0.0,669.5668577950262,0.4269,285.8380915926967,0.64035,0.0,2.1345,0.0,0.0,0.0,285.8380915926967,285.84元,0.0,669.5668577950262
2025-02-18T00:40:00,2025-02-18T00:50:00,2025-02-18,4,588.299103502499,588.299103502499,0.0,588.299103502499,0.0,0.0,588.299103502499,0.4272,251.32137701626758,0.6408,0.0,2.136,0.0,0.0,0.0,251.32137701626758,251.32元,0.0,588.299103502499
2025-02-18T00:50:00,2025-02-18T01:00:00,2025-02-18,5,577.8981467574303,577.8981467574303,0.0,577.8981467574303,0.0,0.0,577.8981467574303,0.4271,246.82029848009844,0.6406499999999999,0.0,2.1355,0.0,0.0,0.0,246.82029848009844,246.82元,0.0,577.8981467574303
2025-02-18T01:00:00,2025-02-18T01:10:00,2025-02-18,6,573.3407859892095,573.3407859892095,0.0,573.3407859892095,0.0,0.0,573.3407859892095,0.4285,245.67652679637627,0.6427499999999999,0.0,2.1425,0.0,0.0,0.0,245.67652679637627,245.68元,0.0,573.3407859892095
2025-02-18T01:10:00,2025-02-18T01:20:00,2025-02-18,7,586.0285610627406,586.0285610627406,0.0,586.0285610627406,0.0,0.0,586.0285610627406,0.4311,252.63691267414745,0.64665,0.0,2.1555,0.0,0.0,0.0,252.63691267414745,252.64元,0.0,586.0285610627406
2025-02-18T01:20:00,2025-02-18T01:30:00,2025-02-18,8,596.6129010245504,596.6129010245504,0.0,596.6129010245504,0.0,0.0,596.6129010245504,0.4302,256.6628700207616,0.6453,0.0,2.1510000000000002,0.0,0.0,0.0,256.6628700207616,256.66元,0.0,596.6129010245504
2025-02-18T01:30:00,2025-02-18T01:40:00,2025-02-18,9,604.0201673672261,604.0201673672261,0.0,604.0201673672261,0.0,0.0,604.0201673672261,0.4279,258.46022961643604,0.64185,0.0,2.1395,0.0,0.0,0.0,258.46022961643604,258.46元,0.0,604.0201673672261
2025-02-18T01:40:00,2025-02-18T01:50:00,2025-02-18,10,623.2590714624017,623.2590714624017,0.0,623.2590714624017,0.0,0.0,623.2590714624017,0.4312,268.7493116145876,0.6468,0.0,2.156,0.0,0.0,0.0,268.7493116145876,268.75元,0.0,623.2590714624017
2025-02-18T01:50:00,2025-02-18T02:00:00,2025-02-18,11,631.0030544955836,631.0030544955836,0.0,631.0030544955836,0.0,0.0,631.0030544955836,0.4333,273.4136235129364,0.64995,0.0,2.1665,0.0,0.0,0.0,273.4136235129364,273.41元,0.0,631.0030544955836
2025-02-18T02:00:00,2025-02-18T02:10:00,2025-02-18,12,624.1740499027608,624.1740499027608,0.0,624.1740499027608,0.0,0.0,624.1740499027608,0.4311,269.08143291308016,0.64665,0.0,2.1555,0.0,0.0,0.0,269.08143291308016,269.08元,0.0,624.1740499027608
2025-02-18T02:10:00,2025-02-18T02:20:00,2025-02-18,13,624.7456133087524,624.7456133087524,0.0,624.7456133087524,0.0,0.0,624.7456133087524,0.4293,268.2032917934474,0.64395,0.0,2.1465,0.0,0.0,0.0,268.2032917934474,268.20元,0.0,624.7456133087524
2025-02-18T02:20:00,2025-02-18T02:30:00,2025-02-18,14,634.216941633909,634.216941633909,0.0,634.216941633909,0.0,0.0,634.216941633909,0.4324,274.23540556250225,0.6486000000000001,0.0,2.162,0.0,0.0,0.0,274.23540556250225,274.24元,0.0,634.216941633909
2025-02-18T02:30:00,2025-02-18T02:40:00,2025-02-18,15,643.8850247024587,643.8850247024587,0.0,643.8850247024587,0.0,0.0,643.8850247024587,0.4367,281.1845902875637,0.6550499999999999,0.0,2.1835,0.0,0.0,0.0,281.1845902875637,281.18元,0.0,643.8850247024587
2025-02-18T02:40:00,2025-02-18T02:50:00,2025-02-18,16,644.6691101857832,644.6691101857832,0.0,644.6691101857832,0.0,0.0,644.6691101857832,0.4348,280.30212910877856,0.6522,0.0,2.174,0.0,0.0,0.0,280.30212910877856,280.30元,0.0,644.6691101857832
2025-02-18T02:50:00,2025-02-18T03:00:00,2025-02-18,17,644.5250710472486,644.5250710472486,0.0,644.5250710472486,0.0,0.0,644.5250710472486,0.4335,279.40161829898227,0.65025,0.0,2.1675,0.0,0.0,0.0,279.40161829898227,279.40元,0.0,644.5250710472486
2025-02-18T03:00:00,2025-02-18T03:10:00,2025-02-18,18,645.1862721552131,645.1862721552131,0.0,645.1862721552131,0.0,0.0,645.1862721552131,0.4357,281.10765877802635,0.65355,0.0,2.1784999999999997,0.0,0.0,0.0,281.10765877802635,281.11元,0.0,645.1862721552131
2025-02-18T03:10:00,2025-02-18T03:20:00,2025-02-18,19,641.3511427308393,641.3511427308393,0.0,641.3511427308393,0.0,0.0,641.3511427308393,0.4374,280.5269898304691,0.6561,0.0,2.1870000000000003,0.0,0.0,0.0,280.5269898304691,280.53元,0.0,641.3511427308393
2025-02-18T03:20:00,2025-02-18T03:30:00,2025-02-18,20,641.3743979640019,641.3743979640019,0.0,641.3743979640019,0.0,0.0,641.3743979640019,0.4371,280.34474935006523,0.65565,0.0,2.1854999999999998,0.0,0.0,0.0,280.34474935006523,280.34元,0.0,641.3743979640019
2025-02-18T03:30:00,2025-02-18T03:40:00,2025-02-18,21,649.4271314639201,649.4271314639201,0.0,649.4271314639201,0.0,0.0,649.4271314639201,0.4356,282.8904584656836,0.6534,0.0,2.178,0.0,0.0,0.0,282.8904584656836,282.89元,0.0,649.4271314639201
2025-02-18T03:40:00,2025-02-18T03:50:00,2025-02-18,22,658.3661535444751,658.3661535444751,0.0,658.3661535444751,0.0,0.0,658.3661535444751,0.4353,286.58678663791,0.65295,0.0,2.1765,0.0,0.0,0.0,286.58678663791,286.59元,0.0,658.3661535444751
2025-02-18T03:50:00,2025-02-18T04:00:00,2025-02-18,23,648.1697220108435,648.1697220108435,0.0,648.1697220108435,0.0,0.0,648.1697220108435,0.436,282.6019987967278,0.654,0.0,2.18,0.0,0.0,0.0,282.6019987967278,282.60元,0.0,648.1697220108435
2025-02-18T04:00:00,2025-02-18T04:10:00,2025-02-18,24,630.3756712807436,630.3756712807436,0.0,630.3756712807436,0.0,0.0,630.3756712807436,0.4378,275.97846888670955,0.6567000000000001,0.0,2.189,0.0,0.0,0.0,275.97846888670955,275.98元,0.0,630.3756712807436
2025-02-18T04:10:00,2025-02-18T04:20:00,2025-02-18,25,639.0000606735914,639.0000606735914,0.0,639.0000606735914,0.0,0.0,639.0000606735914,0.4401,281.22392670244756,0.66015,0.0,2.2005,0.0,0.0,0.0,281.22392670244756,281.22元,0.0,639.0000606735914
2025-02-18T04:20:00,2025-02-18T04:30:00,2025-02-18,26,659.6466360342017,659.6466360342017,0.0,659.6466360342017,0.0,0.0,659.6466360342017,0.4389,289.51890855541114,0.65835,0.0,2.1945,0.0,0.0,0.0,289.51890855541114,289.52元,0.0,659.6466360342017
2025-02-18T04:30:00,2025-02-18T04:40:00,2025-02-18,27,675.7282613576657,675.7282613576657,0.0,675.7282613576657,0.0,0.0,675.7282613576657,0.4364,294.88781325648534,0.6546000000000001,0.0,2.182,0.0,0.0,0.0,294.88781325648534,294.89元,0.0,675.7282613576657
2025-02-18T04:40:00,2025-02-18T04:50:00,2025-02-18,28,681.9646124391828,681.9646124391828,0.0,681.9646124391828,0.0,0.0,681.9646124391828,0.4393,299.587054244533,0.65895,0.0,2.1965000000000003,0.0,0.0,0.0,299.587054244533,299.59元,0.0,681.9646124391828
2025-02-18T04:50:00,2025-02-18T05:00:00,2025-02-18,29,677.3816617154823,677.3816617154823,0.0,677.3816617154823,0.0,0.0,677.3816617154823,0.4422,299.5381708105863,0.6633,0.0,2.211,0.0,0.0,0.0,299.5381708105863,299.54元,0.0,677.3816617154823
2025-02-18T05:00:00,2025-02-18T05:10:00,2025-02-18,30,667.6803951311371,667.6803951311371,0.0,667.6803951311371,0.0,0.0,667.6803951311371,0.4395,293.44553366013474,0.65925,0.0,2.1975,0.0,0.0,0.0,293.44553366013474,293.45元,0.0,667.6803951311371
2025-02-18T05:10:00,2025-02-18T05:20:00,2025-02-18,31,663.1904266249791,663.1904266249791,0.0,663.1904266249791,0.0,0.0,663.1904266249791,0.4333,287.36041185660343,0.64995,0.0,2.1665,0.0,0.0,0.0,287.36041185660343,287.36元,0.0,663.1904266249791
2025-02-18T05:20:00,2025-02-18T05:30:00,2025-02-18,32,669.0372044032529,669.0372044032529,0.0,669.0372044032529,0.0,0.0,669.0372044032529,0.4439,296.98561503460394,0.66585,0.0,2.2195,0.0,0.0,0.0,296.98561503460394,296.99元,0.0,669.0372044032529
2025-02-18T05:30:00,2025-02-18T05:40:00,2025-02-18,33,668.7161798328133,668.7161798328133,0.0,668.7161798328133,0.0,0.0,668.7161798328133,0.4301,287.614828946093,0.64515,0.0,2.1505,0.0,0.0,0.0,287.614828946093,287.61元,0.0,668.7161798328133
2025-02-18T05:40:00,2025-02-18T05:50:00,2025-02-18,34,1486.5240226448163,1486.5240226448163,0.0,1486.5240226448163,0.0,0.0,1486.5240226448163,0.3713,551.9463696080203,0.5569500000000001,0.0,1.8565,0.0,0.0,0.0,551.9463696080203,551.95元,369.17586997403447,1117.348152670782
2025-02-18T05:50:00,2025-02-18T06:00:00,2025-02-18,35,718.2559020917324,718.2559020917324,0.0,718.2559020917324,0.0,0.0,718.2559020917324,0.5708,409.98046891396086,0.8562,0.0,2.854,0.0,0.0,0.0,409.98046891396086,409.98元,0.7974020836321415,717.4585000081003
2025-02-18T06:00:00,2025-02-18T06:10:00,2025-02-18,36,127.40689045756483,127.40689045756483,6.91090709145476,134.3177975490196,6.91090709145476,0.0,134.3177975490196,0.9099,115.92752962733825,1.3648500000000001,9.43235154377203,4.5495,0.0,119.01491350040362,54.14583489700863,179.50571606811891,179.51元,0.0,134.3177975490196
2025-02-18T06:10:00,2025-02-18T06:20:00,2025-02-18,37,157.7451584138064,157.7451584138064,12.476869559423449,170.22202797322984,12.476869559423449,0.0,170.22202797322984,0.9368,147.77566440205382,1.4052,17.53249710490183,4.684,0.0,0.0,0.0,165.30816150695566,165.31元,0.0,170.22202797322984
2025-02-18T06:20:00,2025-02-18T06:30:00,2025-02-18,38,210.81483960784658,210.81483960784658,152.93046727822014,363.7453068860667,152.93046727822014,0.0,363.7453068860667,0.8758,184.63163652855204,1.3137,200.90475486339778,4.3790000000000004,0.0,0.0,0.0,385.53639139194985,385.54元,0.0,363.7453068860667
2025-02-18T06:30:00,2025-02-18T06:40:00,2025-02-18,39,132.4325558146852,132.4325558146852,4.483196751623154,136.91575256630836,4.483196751623154,0.0,136.91575256630836,0.8759,115.99767563808277,1.31385,5.890248052120081,4.3795,0.0,0.0,0.0,121.88792369020285,121.89元,0.0,136.91575256630836
2025-02-18T06:40:00,2025-02-18T06:50:00,2025-02-18,40,864.4436937436133,864.4436937436133,2.824766439670384,867.2684601832837,2.824766439670384,0.0,867.2684601832837,0.8601,743.5080209888818,1.29015,3.6443724221407456,4.3004999999999995,0.0,0.0,0.0,747.1523934110224,747.15元,0.0,867.2684601832837
2025-02-18T06:50:00,2025-02-18T07:00:00,2025-02-18,41,818.044728312714,818.044728312714,3.8611983715687757,821.9059266842828,3.8611983715687757,0.0,821.9059266842828,0.8442,690.5933596415931,1.2663,4.889435497917541,4.221,0.0,0.0,0.0,695.4827951395106,695.48元,0.0,821.9059266842828
2025-02-18T07:00:00,2025-02-18T07:10:00,2025-02-18,42,747.2456540582319,747.2456540582319,4.777633989740025,752.023288047972,4.777633989740025,0.0,752.023288047972,0.8334,622.7545280921305,1.2501,5.972520250574005,4.167,0.0,0.0,0.0,628.7270483427045,628.73元,0.0,752.023288047972
2025-02-18T07:10:00,2025-02-18T07:20:00,2025-02-18,43,710.8362151017141,710.8362151017141,5.9233145946742525,716.7595296963883,5.9233145946742525,0.0,716.7595296963883,0.8092,575.208665260307,1.2138,7.189719255015608,4.046,0.0,0.0,0.0,582.3983845153227,582.40元,0.0,716.7595296963883
2025-02-18T07:20:00,2025-02-18T07:30:00,2025-02-18,44,688.3429089594902,688.3429089594902,7.121030619838621,695.4639395793288,7.121030619838621,0.0,695.4639395793288,0.7972,548.7469670225056,1.1958,8.515328415203022,3.986,0.0,0.0,0.0,557.2622954377086,557.26元,0.0,695.4639395793288
2025-02-18T07:30:00,2025-02-18T07:40:00,2025-02-18,45,624.4709294322574,624.4709294322574,8.405391804802548,632.87632123706,8.405391804802548,0.0,632.87632123706,0.7644,477.34557845801754,1.1465999999999998,9.637622243386602,3.822,0.0,0.0,0.0,486.98320070140414,486.98元,0.0,632.87632123706
2025-02-18T07:40:00,2025-02-18T07:50:00,2025-02-18,46,1353.618222737054,1353.618222737054,9.753892498473988,1363.372115235528,9.753892498473988,0.0,1363.372115235528,0.6899,933.8612118662936,1.03485,10.093815652045805,3.4494999999999996,0.0,0.0,0.0,943.9550275183394,943.96元,0.0,1363.372115235528
2025-02-18T07:50:00,2025-02-18T08:00:00,2025-02-18,47,574.1899541017863,574.1899541017863,11.11811257877298,585.3080666805593,11.11811257877298,0.0,585.3080666805593,0.86,493.8033605275362,1.29,14.342365226617144,4.3,0.0,0.0,0.0,508.1457257541533,508.15元,0.0,585.3080666805593
2025-02-18T08:00:00,2025-02-18T08:10:00,2025-02-18,48,16.444242834832266,16.444242834832266,20.096668131296838,36.540910966129104,20.096668131296838,0.0,36.540910966129104,1.1617,19.103276901224643,1.74255,35.019449052191305,5.8084999999999996,0.0,0.0,0.0,54.122725953415944,54.12元,0.0,36.540910966129104
2025-02-18T08:10:00,2025-02-18T08:20:00,2025-02-18,49,0.0,0.0,0.0,0.0,0.0,0.0,0.0,1.1683,0.0,1.7524499999999998,0.0,5.8415,0.0,0.0,0.0,0.0,0.00元,0.0,0.0
2025-02-18T08:20:00,2025-02-18T08:30:00,2025-02-18,50,0.0,0.0,0.0,0.0,0.0,0.0,0.0,1.0956,0.0,1.6433999999999997,0.0,5.478,0.0,0.0,0.0,0.0,0.00元,0.0,0.0
2025-02-18T08:30:00,2025-02-18T08:40:00,2025-02-18,51,0.0,0.0,0.0,0.0,0.0,0.0,0.0,1.0849,0.0,1.6273499999999999,0.0,5.4245,0.0,0.0,0.0,0.0,0.00元,0.0,0.0
2025-02-18T08:40:00,2025-02-18T08:50:00,2025-02-18,52,0.0,0.0,0.0,0.0,0.0,0.0,0.0,1.061,0.0,1.5915,0.0,5.305,0.0,0.0,0.0,0.0,0.00元,0.0,0.0
2025-02-18T08:50:00,2025-02-18T09:00:00,2025-02-18,53,0.0,0.0,0.0,0.0,0.0,0.0,0.0,1.043,0.0,1.5644999999999998,0.0,5.215,0.0,0.0,0.0,0.0,0.00元,0.0,0.0
2025-02-18T09:00:00,2025-02-18T09:10:00,2025-02-18,54,0.0,0.0,0.0,0.0,0.0,0.0,0.0,1.036,0.0,1.554,0.0,5.18,0.0,0.0,0.0,0.0,0.00元,0.0,0.0
2025-02-18T09:10:00,2025-02-18T09:20:00,2025-02-18,55,0.0,0.0,0.0,0.0,0.0,0.0,0.0,1.0147,0.0,1.52205,0.0,5.073499999999999,0.0,0.0,0.0,0.0,0.00元,0.0,0.0
2025-02-18T09:20:00,2025-02-18T09:30:00,2025-02-18,56,0.0,0.0,0.0,0.0,0.0,0.0,0.0,0.9922,0.0,1.4883,0.0,4.961,0.0,0.0,0.0,0.0,0.00元,0.0,0.0
2025-02-18T09:30:00,2025-02-18T09:40:00,2025-02-18,57,0.0,0.0,0.0,0.0,0.0,0.0,0.0,0.97,0.0,1.455,0.0,4.85,0.0,0.0,0.0,0.0,0.00元,0.0,0.0
2025-02-18T09:40:00,2025-02-18T09:50:00,2025-02-18,58,0.0,0.0,0.0,0.0,0.0,0.0,0.0,0.9422,0.0,1.4133,0.0,4.711,0.0,0.0,0.0,0.0,0.00元,0.0,0.0
2025-02-18T09:50:00,2025-02-18T10:00:00,2025-02-18,59,0.0,0.0,0.0,0.0,0.0,0.0,0.0,0.9569,0.0,1.43535,0.0,4.7844999999999995,0.0,0.0,0.0,0.0,0.00元,0.0,0.0
2025-02-18T10:00:00,2025-02-18T10:10:00,2025-02-18,60,0.0,0.0,0.0,0.0,0.0,0.0,0.0,0.9977,0.0,1.49655,0.0,4.9885,0.0,0.0,0.0,0.0,0.00元,0.0,0.0
2025-02-18T10:10:00,2025-02-18T10:20:00,2025-02-18,61,0.0,0.0,0.0,0.0,0.0,0.0,0.0,0.9919,0.0,1.48785,0.0,4.9595,0.0,0.0,0.0,0.0,0.00元,0.0,0.0
2025-02-18T10:20:00,2025-02-18T10:30:00,2025-02-18,62,0.0,0.0,0.0,0.0,0.0,0.0,0.0,0.9588,0.0,1.4382,0.0,4.794,0.0,0.0,0.0,0.0,0.00元,0.0,0.0
2025-02-18T10:30:00,2025-02-18T10:40:00,2025-02-18,63,0.0,0.0,0.0,0.0,0.0,0.0,0.0,0.9549,0.0,1.43235,0.0,4.7745,0.0,0.0,0.0,0.0,0.00元,0.0,0.0
2025-02-18T10:40:00,2025-02-18T10:50:00,2025-02-18,64,0.0,0.0,0.0,0.0,0.0,0.0,0.0,0.9839,0.0,1.4758499999999999,0.0,4.9195,0.0,0.0,0.0,0.0,0.00元,0.0,0.0
2025-02-18T10:50:00,2025-02-18T11:00:00,2025-02-18,65,0.0,0.0,0.0,0.0,0.0,0.0,0.0,0.799,0.0,1.1985000000000001,0.0,3.995,0.0,0.0,0.0,0.0,0.00元,0.0,0.0
2025-02-18T11:00:00,2025-02-18T11:10:00,2025-02-18,66,801.3908942676898,801.3908942676898,0.0,801.3908942676898,0.0,0.0,801.3908942676898,0.5025,402.6989243695141,0.7537499999999999,0.0,2.5124999999999997,0.0,0.0,0.0,402.6989243695141,402.70元,0.0,801.3908942676898
2025-02-18T11:10:00,2025-02-18T11:20:00,2025-02-18,67,781.3019668293665,781.3019668293665,0.0,781.3019668293665,0.0,0.0,781.3019668293665,0.4662,364.24297693585066,0.6993,0.0,2.331,0.0,0.0,0.0,364.24297693585066,364.24元,0.0,781.3019668293665
2025-02-18T11:20:00,2025-02-18T11:30:00,2025-02-18,68,765.5460178433751,765.5460178433751,0.0,765.5460178433751,0.0,0.0,765.5460178433751,0.5007,383.30889113417794,0.75105,0.0,2.5035000000000003,0.0,0.0,0.0,383.30889113417794,383.31元,0.0,765.5460178433751
2025-02-18T11:30:00,2025-02-18T11:40:00,2025-02-18,69,759.6805788539592,759.6805788539592,0.0,759.6805788539592,0.0,0.0,759.6805788539592,0.4827,366.6978154128061,0.7240500000000001,0.0,2.4135,0.0,0.0,0.0,366.6978154128061,366.70元,0.0,759.6805788539592
2025-02-18T11:40:00,2025-02-18T11:50:00,2025-02-18,70,771.4485881712709,771.4485881712709,0.0,771.4485881712709,0.0,0.0,771.4485881712709,0.4785,369.1381494399531,0.71775,0.0,2.3925,0.0,0.0,0.0,369.1381494399531,369.14元,0.0,771.4485881712709
2025-02-18T11:50:00,2025-02-18T12:00:00,2025-02-18,71,747.0404513278496,747.0404513278496,0.0,747.0404513278496,0.0,0.0,747.0404513278496,0.4662,348.2702584090435,0.6993,0.0,2.331,0.0,0.0,0.0,348.2702584090435,348.27元,0.0,747.0404513278496
2025-02-18T12:00:00,2025-02-18T12:10:00,2025-02-18,72,732.8924550200162,732.8924550200162,14.849475368616822,747.741930388633,14.849475368616822,0.0,747.741930388633,0.4432,324.81793606487116,0.6648,9.871931225056462,2.2159999999999997,0.0,61.27789132591295,13.57918071782231,348.2690480077499,348.27元,0.0,747.741930388633
2025-02-18T12:10:00,2025-02-18T12:20:00,2025-02-18,73,705.5221390556263,705.5221390556263,14.99729543603371,720.51943449166,14.99729543603371,0.0,720.51943449166,0.4411,311.20581553743676,0.66165,9.922960525251703,2.2055,0.0,0.0,0.0,321.1287760626885,321.13元,0.0,720.51943449166
2025-02-18T12:20:00,2025-02-18T12:30:00,2025-02-18,74,721.5252360975986,721.5252360975986,14.951933886565257,736.4771699841639,14.951933886565257,0.0,736.4771699841639,0.4551,328.36613494801713,0.68265,10.206937667663773,2.2755,0.0,0.0,0.0,338.5730726156809,338.57元,0.0,736.4771699841639
2025-02-18T12:30:00,2025-02-18T12:40:00,2025-02-18,75,741.5504954539816,741.5504954539816,14.991418710671496,756.5419141646531,14.991418710671496,0.0,756.5419141646531,0.4463,330.953986121112,0.66945,10.036005255859033,2.2315,0.0,0.0,0.0,340.98999137697103,340.99元,0.0,756.5419141646531
2025-02-18T12:40:00,2025-02-18T12:50:00,2025-02-18,76,718.0865461722846,718.0865461722846,15.242612046118438,733.329158218403,15.242612046118438,0.0,733.329158218403,0.4113,295.34899644066064,0.61695,9.40392950185277,2.0564999999999998,0.0,0.0,0.0,304.7529259425134,304.75元,0.0,733.329158218403
2025-02-18T12:50:00,2025-02-18T13:00:00,2025-02-18,77,723.3121383569576,723.3121383569576,20.245514753798602,743.5576531107562,20.245514753798602,0.0,743.5576531107562,0.5682,410.9859570144233,0.8523000000000001,17.25525222466255,2.841,0.0,0.0,0.0,428.2412092390859,428.24元,0.0,743.5576531107562
2025-02-18T13:00:00,2025-02-18T13:10:00,2025-02-18,78,0.0,0.0,0.0,0.0,0.0,0.0,0.0,0.8279,0.0,1.24185,0.0,4.1395,0.0,0.0,0.0,0.0,0.00元,0.0,0.0
2025-02-18T13:10:00,2025-02-18T13:20:00,2025-02-18,79,0.0,0.0,0.0,0.0,0.0,0.0,0.0,0.8636,0.0,1.2954,0.0,4.3180000000000005,0.0,0.0,0.0,0.0,0.00元,0.0,0.0
2025-02-18T13:20:00,2025-02-18T13:30:00,2025-02-18,80,0.0,0.0,0.0,0.0,0.0,0.0,0.0,0.8416,0.0,1.2624,0.0,4.208,0.0,0.0,0.0,0.0,0.00元,0.0,0.0
2025-02-18T13:30:00,2025-02-18T13:40:00,2025-02-18,81,0.0,0.0,0.0,0.0,0.0,0.0,0.0,0.8618,0.0,1.2927,0.0,4.309,0.0,0.0,0.0,0.0,0.00元,0.0,0.0
2025-02-18T13:40:00,2025-02-18T13:50:00,2025-02-18,82,0.0,0.0,0.0,0.0,0.0,0.0,0.0,0.8623,0.0,1.29345,0.0,4.3115,0.0,0.0,0.0,0.0,0.00元,0.0,0.0
2025-02-18T13:50:00,2025-02-18T14:00:00,2025-02-18,83,0.0,0.0,0.0,0.0,0.0,0.0,0.0,0.9026,0.0,1.3538999999999999,0.0,4.513,0.0,0.0,0.0,0.0,0.00元,0.0,0.0
2025-02-18T14:00:00,2025-02-18T14:10:00,2025-02-18,84,0.0,0.0,0.0,0.0,0.0,0.0,0.0,0.9754,0.0,1.4631,0.0,4.877000000000001,0.0,0.0,0.0,0.0,0.00元,0.0,0.0
2025-02-18T14:10:00,2025-02-18T14:20:00,2025-02-18,85,0.0,0.0,0.0,0.0,0.0,0.0,0.0,1.0002,0.0,1.5003,0.0,5.0009999999999994,0.0,0.0,0.0,0.0,0.00元,0.0,0.0
2025-02-18T14:20:00,2025-02-18T14:30:00,2025-02-18,86,0.0,0.0,0.0,0.0,0.0,0.0,0.0,0.9978,0.0,1.4967000000000001,0.0,4.989,0.0,0.0,0.0,0.0,0.00元,0.0,0.0
2025-02-18T14:30:00,2025-02-18T14:40:00,2025-02-18,87,0.0,0.0,0.0,0.0,0.0,0.0,0.0,1.0271,0.0,1.5406499999999999,0.0,5.1354999999999995,0.0,0.0,0.0,0.0,0.00元,0.0,0.0
2025-02-18T14:40:00,2025-02-18T14:50:00,2025-02-18,88,0.0,0.0,0.0,0.0,0.0,0.0,0.0,1.0906,0.0,1.6359,0.0,5.453,0.0,0.0,0.0,0.0,0.00元,0.0,0.0
2025-02-18T14:50:00,2025-02-18T15:00:00,2025-02-18,89,0.0,0.0,0.0,0.0,0.0,0.0,0.0,0.9376,0.0,1.4064,0.0,4.688,0.0,0.0,0.0,0.0,0.00元,0.0,0.0
2025-02-18T15:00:00,2025-02-18T15:10:00,2025-02-18,90,736.3256460475586,629.3261008988002,62.82201823458274,692.1481191333829,-44.1775269141757,0.0,692.1481191333829,0.6694,421.2708919416568,1.0041,63.07958850934453,3.347,0.0,0.0,0.0,484.35048045100143,484.35元,0.0,692.1481191333829
2025-02-18T15:10:00,2025-02-18T15:20:00,2025-02-18,91,1183.5755240090868,1156.9759486765124,0.0,1156.9759486765124,-26.59957533257443,0.0,1156.9759486765124,0.66,763.6041261264983,0.99,0.0,3.3000000000000003,0.0,0.0,0.0,763.6041261264983,763.60元,0.0,1156.9759486765124
2025-02-18T15:20:00,2025-02-18T15:30:00,2025-02-18,92,389.38991492648825,388.27414680200854,0.0,388.27414680200854,-1.1157681244797004,0.0,388.27414680200854,0.7217,280.2174517470096,1.08255,0.0,3.6085000000000003,0.0,0.0,0.0,280.2174517470096,280.22元,0.0,388.27414680200854
2025-02-18T15:30:00,2025-02-18T15:40:00,2025-02-18,93,436.9280845198275,435.95699794490247,0.0,435.95699794490247,-0.9710865749250388,0.0,435.95699794490247,0.7308,318.5973740981347,1.0962,0.0,3.654,0.0,0.0,0.0,318.5973740981347,318.60元,0.0,435.95699794490247
2025-02-18T15:40:00,2025-02-18T15:50:00,2025-02-18,94,521.05769967737,520.2140222490689,0.0,520.2140222490689,-0.8436774283011346,0.0,520.2140222490689,0.7534,391.92924436244846,1.1300999999999999,0.0,3.767,0.0,0.0,0.0,391.92924436244846,391.93元,0.0,520.2140222490689
2025-02-18T15:50:00,2025-02-18T16:00:00,2025-02-18,95,575.521001185552,574.8009627241463,0.0,574.8009627241463,-0.7200384614056929,0.0,574.8009627241463,0.7823,449.66679313909964,1.1734499999999999,0.0,3.9115,0.0,0.0,0.0,449.66679313909964,449.67元,0.0,574.8009627241463
2025-02-18T16:00:00,2025-02-18T16:10:00,2025-02-18,96,592.8253743577075,592.8253743577075,0.46775312675367786,593.2931274844611,0.46775312675367786,0.0,593.2931274844611,0.8055,477.52083904513336,1.20825,0.5651627154001313,4.0275,0.0,0.0,0.0,478.08600176053346,478.09元,0.0,593.2931274844611
2025-02-18T16:10:00,2025-02-18T16:20:00,2025-02-18,97,631.0234220405987,631.0234220405987,0.0,631.0234220405987,0.0,0.0,631.0234220405987,0.8271,521.9194723697791,1.24065,0.0,4.1354999999999995,0.0,0.0,0.0,521.9194723697791,521.92元,0.0,631.0234220405987
2025-02-18T16:20:00,2025-02-18T16:30:00,2025-02-18,98,689.0300233761463,689.0300233761463,0.0,689.0300233761463,0.0,0.0,689.0300233761463,0.8519,586.9846769141391,1.27785,0.0,4.2595,0.0,0.0,0.0,586.9846769141391,586.98元,0.0,689.0300233761463
2025-02-18T16:30:00,2025-02-18T16:40:00,2025-02-18,99,754.1939874265031,754.1939874265031,0.0,754.1939874265031,0.0,0.0,754.1939874265031,0.8791,663.0119343466389,1.3186499999999999,0.0,4.3955,0.0,0.0,0.0,663.0119343466389,663.01元,0.0,754.1939874265031
2025-02-18T16:40:00,2025-02-18T16:50:00,2025-02-18,100,817.5167361872029,817.5167361872029,0.0,817.5167361872029,0.0,0.0,817.5167361872029,0.9024,737.7271027353319,1.3536,0.0,4.512,0.0,0.0,0.0,737.7271027353319,737.73元,0.0,817.5167361872029
2025-02-18T16:50:00,2025-02-18T17:00:00,2025-02-18,101,865.3441516056168,865.3441516056168,0.0,865.3441516056168,0.0,0.0,865.3441516056168,0.9163,792.9148461162267,1.37445,0.0,4.5815,0.0,0.0,0.0,792.9148461162267,792.91元,0.0,865.3441516056168
2025-02-18T17:00:00,2025-02-18T17:10:00,2025-02-18,102,904.8713764090862,904.8713764090862,0.0,904.8713764090862,0.0,0.0,904.8713764090862,0.9264,838.2728431053774,1.3896,0.0,4.632,0.0,0.0,0.0,838.2728431053774,838.27元,0.0,904.8713764090862
2025-02-18T17:10:00,2025-02-18T17:20:00,2025-02-18,103,955.0272908855748,955.0272908855748,0.0,955.0272908855748,0.0,0.0,955.0272908855748,0.9462,903.6468226359309,1.4193,0.0,4.731,0.0,0.0,0.0,903.6468226359309,903.65元,0.0,955.0272908855748
2025-02-18T17:20:00,2025-02-18T17:30:00,2025-02-18,104,994.6780739501737,994.6780739501737,0.0,994.6780739501737,0.0,0.0,994.6780739501737,0.9742,969.0153796422592,1.4613,0.0,4.8709999999999996,0.0,0.0,0.0,969.0153796422592,969.02元,0.0,994.6780739501737
2025-02-18T17:30:00,2025-02-18T17:40:00,2025-02-18,105,1021.4955902831748,1021.4955902831748,0.0,1021.4955902831748,0.0,0.0,1021.4955902831748,0.9862,1007.398951137267,1.4792999999999998,0.0,4.931,0.0,0.0,0.0,1007.398951137267,1007.40元,0.0,1021.4955902831748
2025-02-18T17:40:00,2025-02-18T17:50:00,2025-02-18,106,1029.7194533016016,1029.7194533016016,0.0,1029.7194533016016,0.0,0.0,1029.7194533016016,0.976,1005.0061864223632,1.464,0.0,4.88,0.0,0.0,0.0,1005.0061864223632,1005.01元,0.0,1029.7194533016016
2025-02-18T17:50:00,2025-02-18T18:00:00,2025-02-18,107,907.408278488016,907.408278488016,0.0,907.408278488016,0.0,0.0,907.408278488016,1.0742,974.7379727518268,1.6113,0.0,5.371,0.0,0.0,0.0,974.7379727518268,974.74元,0.0,907.408278488016
2025-02-18T18:00:00,2025-02-18T18:10:00,2025-02-18,108,723.1195850527795,721.0817857364988,22.633022596834508,743.7148083333333,20.595223280553796,0.0,743.7148083333333,1.2313,887.868002777351,1.84695,41.80206108522349,6.1565,0.0,0.0,0.0,929.6700638625745,929.67元,0.0,743.7148083333333
2025-02-18T18:10:00,2025-02-18T18:20:00,2025-02-18,109,692.2868661678646,690.3048934293853,22.012979108356717,712.317872537742,20.031006369877446,0.0,712.317872537742,1.2561,867.0919766366509,1.88415,41.47575458701031,6.2805,0.0,0.0,0.0,908.5677312236612,908.57元,0.0,712.317872537742
2025-02-18T18:20:00,2025-02-18T18:30:00,2025-02-18,110,714.5644758674509,712.6368003084835,21.40992203545636,734.0467223439399,19.482246476488967,0.0,734.0467223439399,1.2447,887.0190253439694,1.8670499999999999,39.973394936298796,6.2235,0.0,0.0,0.0,926.9924202802681,926.99元,0.0,734.0467223439399
2025-02-18T18:30:00,2025-02-18T18:40:00,2025-02-18,111,715.179722615301,713.3048567362215,20.82338602639686,734.1282427626184,18.948520147317367,0.0,734.1282427626184,1.2545,894.8409427755898,1.8817499999999998,39.18440665517229,6.2725,0.0,0.0,0.0,934.025349430762,934.03元,0.0,734.1282427626184
2025-02-18T18:40:00,2025-02-18T18:50:00,2025-02-18,112,719.0758703722465,717.2523674242611,20.252918477995536,737.5052859022567,18.429415530010147,0.0,737.5052859022567,1.2522,898.1434144886598,1.8782999999999999,38.04105677721901,6.261,0.0,0.0,0.0,936.1844712658788,936.18元,0.0,737.5052859022567
2025-02-18T18:50:00,2025-02-18T19:00:00,2025-02-18,113,98.33906625506984,98.33906625506984,529.3183605557672,627.657426810837,529.3183605557672,0.0,627.657426810837,1.2881,126.67055124315546,1.93215,1022.7224703478256,6.4405,0.0,0.0,0.0,1149.393021590981,1149.39元,0.0,627.657426810837
2025-02-18T19:00:00,2025-02-18T19:10:00,2025-02-18,114,7.063416881587727,7.063416881587727,35.0569377657024,42.12035464729013,35.0569377657024,0.0,42.12035464729013,1.3466,9.511597172746034,2.0199,70.81150859294227,6.7330000000000005,0.0,0.0,0.0,80.32310576568831,80.32元,0.0,42.12035464729013
2025-02-18T19:10:00,2025-02-18T19:20:00,2025-02-18,115,2.0177823414046543,2.0177823414046543,17.479379245277755,19.49716158668241,17.479379245277755,0.0,19.49716158668241,1.3523,2.728647060281514,2.0284500000000003,35.456046830083665,6.7615,0.0,0.0,0.0,38.184693890365175,38.18元,0.0,19.49716158668241
2025-02-18T19:20:00,2025-02-18T19:30:00,2025-02-18,116,0.0,0.0,22.732040828946765,22.732040828946765,22.732040828946765,0.0,22.732040828946765,1.3445,0.0,2.01675,45.844843341778386,6.7225,0.0,0.0,0.0,45.844843341778386,45.84元,0.0,22.732040828946765
2025-02-18T19:30:00,2025-02-18T19:40:00,2025-02-18,117,11.7890064244948,11.7890064244948,24.72686353103768,36.51586995553248,24.72686353103768,0.0,36.51586995553248,1.3483,15.89511736214634,2.02245,50.008845148347156,6.7415,0.0,0.0,0.0,65.9039625104935,65.90元,0.0,36.51586995553248
2025-02-18T19:40:00,2025-02-18T19:50:00,2025-02-18,118,26.24441689226194,26.24441689226194,15.677511013396952,41.92192790565889,15.677511013396952,0.0,41.92192790565889,1.349,35.40371838766136,2.0235,31.72344353560873,6.745,0.0,0.0,0.0,67.12716192327008,67.13元,0.0,41.92192790565889
2025-02-18T19:50:00,2025-02-18T20:00:00,2025-02-18,119,21.465138377456356,21.465138377456356,22.97813473846179,44.443273115918146,22.97813473846179,0.0,44.443273115918146,1.3473,28.919980935946946,2.02095,46.437661399694356,6.7364999999999995,0.0,0.0,0.0,75.3576423356413,75.36元,0.0,44.443273115918146
2025-02-18T20:00:00,2025-02-18T20:10:00,2025-02-18,120,7.9185342491950905,7.9185342491950905,18.614887599869235,26.533421849064325,18.614887599869235,0.0,26.533421849064325,1.3482,10.675767874764821,2.0223,37.64488719321555,6.7410000000000005,0.0,0.0,0.0,48.320655067980375,48.32元,0.0,26.533421849064325
2025-02-18T20:10:00,2025-02-18T20:20:00,2025-02-18,121,0.0,0.0,2.9674933497335587,2.9674933497335587,2.9674933497335587,0.0,2.9674933497335587,1.3513,0.0,2.02695,6.014960645242437,6.7565,0.0,0.0,0.0,6.014960645242437,6.01元,0.0,2.9674933497335587
2025-02-18T20:20:00,2025-02-18T20:30:00,2025-02-18,122,6.807266945243214,6.807266945243214,10.574144557094428,17.38141150233764,10.574144557094428,0.0,17.38141150233764,1.34,9.121737706625908,2.0100000000000002,21.2540305597598,6.7,0.0,0.0,0.0,30.37576826638571,30.38元,0.0,17.38141150233764
2025-02-18T20:30:00,2025-02-18T20:40:00,2025-02-18,123,8.770126755186993,8.770126755186993,20.112512729587365,28.88263948477436,20.112512729587365,0.0,28.88263948477436,1.3489,11.830023980071735,2.0233499999999998,40.6946526314106,6.7445,0.0,0.0,0.0,52.52467661148233,52.52元,0.0,28.88263948477436
2025-02-18T20:40:00,2025-02-18T20:50:00,2025-02-18,124,13.91413075119874,13.91413075119874,7.860429173598391,21.77455992479713,7.860429173598391,0.0,21.77455992479713,1.3952,19.412995224072482,2.0928,16.45030617450671,6.976,0.0,0.0,0.0,35.863301398579196,35.86元,0.0,21.77455992479713
2025-02-18T20:50:00,2025-02-18T21:00:00,2025-02-18,125,725.3110632444278,725.3110632444278,0.0,725.3110632444278,0.0,0.0,725.3110632444278,1.2226,886.7653059226374,1.8338999999999999,0.0,6.1129999999999995,0.0,0.0,0.0,886.7653059226374,886.77元,0.0,725.3110632444278
2025-02-18T21:00:00,2025-02-18T21:10:00,2025-02-18,126,756.7706682983817,749.6514109628037,2.1918134347600926,751.8432243975637,-4.927443900817934,0.0,751.8432243975637,0.9332,699.5746967104884,1.3998,3.0681004459771777,4.666,0.0,0.0,0.0,702.6427971564656,702.64元,0.0,751.8432243975637
2025-02-18T21:10:00,2025-02-18T21:20:00,2025-02-18,127,736.7488541806335,734.7572191944346,0.0,734.7572191944346,-1.9916349861989602,0.0,734.7572191944346,0.9068,666.2778463655134,1.3602,0.0,4.534000000000001,0.0,0.0,0.0,666.2778463655134,666.28元,0.0,734.7572191944346
2025-02-18T21:20:00,2025-02-18T21:30:00,2025-02-18,128,715.761372565473,714.5921782369805,12.985774136561417,727.577952373542,11.816579808068923,0.0,727.577952373542,0.9371,669.6443302258745,1.40565,18.253453415057557,4.6855,0.0,0.0,0.0,687.8977836409321,687.90元,0.0,727.577952373542
2025-02-18T21:30:00,2025-02-18T21:40:00,2025-02-18,129,741.2922928569731,740.1551292184623,12.630022064041327,752.7851512825036,11.492858425530585,0.0,752.7851512825036,0.9371,693.5993715906211,1.40565,17.753390514319694,4.6855,0.0,0.0,0.0,711.3527621049408,711.35元,0.0,752.7851512825036
2025-02-18T21:40:00,2025-02-18T21:50:00,2025-02-18,130,733.4821590251418,733.4821590251418,14.812528461488569,748.2946874866303,14.812528461488569,0.0,748.2946874866303,0.9871,724.0202391737174,1.48065,21.93217026650305,4.9355,0.0,0.0,0.0,745.9524094402205,745.95元,0.0,748.2946874866303
2025-02-18T21:50:00,2025-02-18T22:00:00,2025-02-18,131,645.5960260130513,645.5960260130513,38.70069049909057,684.2967165121419,38.70069049909057,0.0,684.2967165121419,0.7764,501.240754596533,1.1646,45.07082415524088,3.8819999999999997,0.0,0.0,0.0,546.3115787517739,546.31元,0.0,684.2967165121419
2025-02-18T22:00:00,2025-02-18T22:10:00,2025-02-18,132,1362.4697089187794,1361.423467864648,0.0,1361.423467864648,-1.0462410541313147,0.0,1361.423467864648,0.4209,573.0231376242303,0.63135,0.0,2.1045,0.0,0.0,0.0,573.0231376242303,573.02元,5.8151345413146975,1355.6083333233335
2025-02-18T22:10:00,2025-02-18T22:20:00,2025-02-18,133,1358.2272014987595,1357.2096227653683,0.0,1357.2096227653683,-1.0175787333912467,0.0,1357.2096227653683,0.3859,523.7471934251556,0.5788500000000001,0.0,1.9295,0.0,0.0,0.0,523.7471934251556,523.75元,0.0,1357.2096227653683
2025-02-18T22:20:00,2025-02-18T22:30:00,2025-02-18,134,559.1793439677384,559.1793439677384,0.0,559.1793439677384,0.0,0.0,559.1793439677384,0.4368,244.24953744510816,0.6552,0.0,2.184,0.0,0.0,0.0,244.24953744510816,244.25元,0.0,559.1793439677384
2025-02-18T22:30:00,2025-02-18T22:40:00,2025-02-18,135,1394.2266778700189,1393.2640896318094,0.0,1393.2640896318094,-0.9625882382094915,0.0,1393.2640896318094,0.4198,584.8922648274336,0.6297,0.0,2.099,0.0,0.0,0.0,584.8922648274336,584.89元,50.832422975142656,1342.4316666566667
2025-02-18T22:40:00,2025-02-18T22:50:00,2025-02-18,136,1378.4422248217456,1377.5060071916432,0.0,1377.5060071916432,-0.9362176301024192,0.0,1377.5060071916432,0.4186,576.6240146104219,0.6279,0.0,2.093,0.0,0.0,0.0,576.6240146104219,576.62元,29.465190534976493,1348.0408166566667
2025-02-18T22:50:00,2025-02-18T23:00:00,2025-02-18,137,1381.0723540089355,1380.1617845503429,0.0,1380.1617845503429,-0.9105694585925903,0.0,1380.1617845503429,0.4241,585.3266128278004,0.63615,0.0,2.1205,0.0,0.0,0.0,585.3266128278004,585.33元,0.32098456034281414,1379.84079999
2025-02-18T23:00:00,2025-02-18T23:10:00,2025-02-18,138,1398.4197955188981,1397.5341715867457,0.0,1397.5341715867457,-0.8856239321523844,0.0,1397.5341715867457,0.4237,592.1352285013043,0.6355500000000001,0.0,2.1185,0.0,0.0,0.0,592.1352285013043,592.14元,2.3791715967457696,1395.15499999
2025-02-18T23:10:00,2025-02-18T23:20:00,2025-02-18,139,1018.8140575892287,1018.8140575892287,0.0,1018.8140575892287,0.0,0.0,1018.8140575892287,0.4248,432.79221166390437,0.6372,0.0,2.124,0.0,0.0,0.0,432.79221166390437,432.79元,0.0,1018.8140575892287
2025-02-18T23:20:00,2025-02-18T23:30:00,2025-02-18,140,1391.1781020183857,1390.3403376738756,0.0,1390.3403376738756,-0.8377643445101057,0.0,1390.3403376738756,0.424,589.5043031737232,0.636,0.0,2.12,0.0,0.0,0.0,589.5043031737232,589.50元,0.11890435054237175,1390.2214333233333
2025-02-18T23:30:00,2025-02-18T23:40:00,2025-02-18,141,1400.33583000582,1399.5210166535812,0.0,1399.5210166535812,-0.8148133522388434,0.0,1399.5210166535812,0.422,590.5978690278113,0.633,0.0,2.11,0.0,0.0,0.0,590.5978690278113,590.60元,0.0,1399.5210166535812
2025-02-18T23:40:00,2025-02-18T23:50:00,2025-02-18,142,1417.3755704750392,1416.5830793606374,0.0,1416.5830793606374,-0.7924911144018552,0.0,1416.5830793606374,0.424,600.6312256489102,0.636,0.0,2.12,0.0,0.0,0.0,600.6312256489102,600.63元,26.00174603730408,1390.5813333233334
2025-02-18T23:50:00,2025-02-19T00:00:00,2025-02-18,143,573.6829263262188,573.6829263262188,0.0,573.6829263262188,0.0,0.0,573.6829263262188,0.4271,245.019977833928,0.6406499999999999,0.0,2.1355,0.0,0.0,0.0,245.019977833928,245.02元,0.0,573.6829263262188
2025-02-19T00:00:00,2025-02-19T00:10:00,2025-02-18,144,547.0871166666667,547.0871166666667,0.0,547.0871166666667,0.0,0.0,547.0871166666667,0.4276,233.93445108666668,0.6414,0.0,2.138,0.0,0.0,0.0,233.93445108666668,233.93元,0.0,547.0871166666667
2025-02-19T00:10:00,2025-02-19T00:20:00,2025-02-19,1,846.9717371452965,846.9717371452965,0.0,846.9717371452965,0.0,0.0,846.9717371452965,0.4248,359.79359393932197,0.6372,0.0,2.124,0.0,0.0,0.0,359.79359393932197,359.79元,0.0,846.9717371452965
2025-02-19T00:20:00,2025-02-19T00:30:00,2025-02-19,2,1404.391902796361,1404.391902796361,0.0,1404.391902796361,0.0,0.0,1404.391902796361,0.4245,596.1643627370552,0.6367499999999999,0.0,2.1225,0.0,0.0,0.0,596.1643627370552,596.16元,18.83088613969425,1385.5610166566667
2025-02-19T00:30:00,2025-02-19T00:40:00,2025-02-19,3,575.6618278710276,575.6618278710276,0.0,575.6618278710276,0.0,0.0,575.6618278710276,0.4269,245.7500343181417,0.64035,0.0,2.1345,0.0,0.0,0.0,245.7500343181417,245.75元,0.0,575.6618278710276
2025-02-19T00:40:00,2025-02-19T00:50:00,2025-02-19,4,577.602594122649,577.602594122649,0.0,577.602594122649,0.0,0.0,577.602594122649,0.4272,246.75182820919565,0.6408,0.0,2.136,0.0,0.0,0.0,246.75182820919565,246.75元,0.0,577.602594122649
2025-02-19T00:50:00,2025-02-19T01:00:00,2025-02-19,5,575.2521517570542,575.2521517570542,0.0,575.2521517570542,0.0,0.0,575.2521517570542,0.4271,245.69019401543784,0.6406499999999999,0.0,2.1355,0.0,0.0,0.0,245.69019401543784,245.69元,0.0,575.2521517570542
2025-02-19T01:00:00,2025-02-19T01:10:00,2025-02-19,6,581.0367302667164,581.0367302667164,0.0,581.0367302667164,0.0,0.0,581.0367302667164,0.4285,248.97423891928798,0.6427499999999999,0.0,2.1425,0.0,0.0,0.0,248.97423891928798,248.97元,0.0,581.0367302667164
2025-02-19T01:10:00,2025-02-19T01:20:00,2025-02-19,7,608.0280776169612,608.0280776169612,0.0,608.0280776169612,0.0,0.0,608.0280776169612,0.4311,262.120904260672,0.64665,0.0,2.1555,0.0,0.0,0.0,262.120904260672,262.12元,0.0,608.0280776169612
2025-02-19T01:20:00,2025-02-19T01:30:00,2025-02-19,8,607.7278944316416,607.7278944316416,0.0,607.7278944316416,0.0,0.0,607.7278944316416,0.4302,261.44454018449227,0.6453,0.0,2.1510000000000002,0.0,0.0,0.0,261.44454018449227,261.44元,0.0,607.7278944316416
2025-02-19T01:30:00,2025-02-19T01:40:00,2025-02-19,9,586.8305081782906,586.8305081782906,0.0,586.8305081782906,0.0,0.0,586.8305081782906,0.4279,251.10477444949058,0.64185,0.0,2.1395,0.0,0.0,0.0,251.10477444949058,251.10元,0.0,586.8305081782906
2025-02-19T01:40:00,2025-02-19T01:50:00,2025-02-19,10,597.4171281861021,597.4171281861021,0.0,597.4171281861021,0.0,0.0,597.4171281861021,0.4312,257.60626567384725,0.6468,0.0,2.156,0.0,0.0,0.0,257.60626567384725,257.61元,0.0,597.4171281861021
2025-02-19T01:50:00,2025-02-19T02:00:00,2025-02-19,11,593.4255664967513,593.4255664967513,0.0,593.4255664967513,0.0,0.0,593.4255664967513,0.4333,257.13129796304236,0.64995,0.0,2.1665,0.0,0.0,0.0,257.13129796304236,257.13元,0.0,593.4255664967513
2025-02-19T02:00:00,2025-02-19T02:10:00,2025-02-19,12,580.5750412147372,580.5750412147372,0.0,580.5750412147372,0.0,0.0,580.5750412147372,0.4311,250.2859002676732,0.64665,0.0,2.1555,0.0,0.0,0.0,250.2859002676732,250.29元,0.0,580.5750412147372
2025-02-19T02:10:00,2025-02-19T02:20:00,2025-02-19,13,611.9696098572576,611.9696098572576,0.0,611.9696098572576,0.0,0.0,611.9696098572576,0.4293,262.7185535117207,0.64395,0.0,2.1465,0.0,0.0,0.0,262.7185535117207,262.72元,0.0,611.9696098572576
2025-02-19T02:20:00,2025-02-19T02:30:00,2025-02-19,14,625.5132510369663,625.5132510369663,0.0,625.5132510369663,0.0,0.0,625.5132510369663,0.4324,270.47192974838424,0.6486000000000001,0.0,2.162,0.0,0.0,0.0,270.47192974838424,270.47元,0.0,625.5132510369663
2025-02-19T02:30:00,2025-02-19T02:40:00,2025-02-19,15,612.280241977621,612.280241977621,0.0,612.280241977621,0.0,0.0,612.280241977621,0.4367,267.3827816716271,0.6550499999999999,0.0,2.1835,0.0,0.0,0.0,267.3827816716271,267.38元,0.0,612.280241977621
2025-02-19T02:40:00,2025-02-19T02:50:00,2025-02-19,16,625.3502543626366,625.3502543626366,0.0,625.3502543626366,0.0,0.0,625.3502543626366,0.4348,271.9022905968744,0.6522,0.0,2.174,0.0,0.0,0.0,271.9022905968744,271.90元,0.0,625.3502543626366
2025-02-19T02:50:00,2025-02-19T03:00:00,2025-02-19,17,636.0697893498887,636.0697893498887,0.0,636.0697893498887,0.0,0.0,636.0697893498887,0.4335,275.73625368317676,0.65025,0.0,2.1675,0.0,0.0,0.0,275.73625368317676,275.74元,0.0,636.0697893498887
2025-02-19T03:00:00,2025-02-19T03:10:00,2025-02-19,18,628.9104767527767,628.9104767527767,0.0,628.9104767527767,0.0,0.0,628.9104767527767,0.4357,274.0162947211848,0.65355,0.0,2.1784999999999997,0.0,0.0,0.0,274.0162947211848,274.02元,0.0,628.9104767527767
2025-02-19T03:10:00,2025-02-19T03:20:00,2025-02-19,19,622.6065550542281,622.6065550542281,0.0,622.6065550542281,0.0,0.0,622.6065550542281,0.4374,272.32810718071937,0.6561,0.0,2.1870000000000003,0.0,0.0,0.0,272.32810718071937,272.33元,0.0,622.6065550542281
2025-02-19T03:20:00,2025-02-19T03:30:00,2025-02-19,20,633.8196214203167,633.8196214203167,0.0,633.8196214203167,0.0,0.0,633.8196214203167,0.4371,277.0425565228204,0.65565,0.0,2.1854999999999998,0.0,0.0,0.0,277.0425565228204,277.04元,0.0,633.8196214203167
2025-02-19T03:30:00,2025-02-19T03:40:00,2025-02-19,21,649.9010692135098,649.9010692135098,0.0,649.9010692135098,0.0,0.0,649.9010692135098,0.4356,283.09690574940487,0.6534,0.0,2.178,0.0,0.0,0.0,283.09690574940487,283.10元,0.0,649.9010692135098
2025-02-19T03:40:00,2025-02-19T03:50:00,2025-02-19,22,643.8658005055506,643.8658005055506,0.0,643.8658005055506,0.0,0.0,643.8658005055506,0.4353,280.2747829600662,0.65295,0.0,2.1765,0.0,0.0,0.0,280.2747829600662,280.27元,0.0,643.8658005055506
2025-02-19T03:50:00,2025-02-19T04:00:00,2025-02-19,23,643.8136794233234,643.8136794233234,0.0,643.8136794233234,0.0,0.0,643.8136794233234,0.436,280.702764228569,0.654,0.0,2.18,0.0,0.0,0.0,280.702764228569,280.70元,0.0,643.8136794233234
2025-02-19T04:00:00,2025-02-19T04:10:00,2025-02-19,24,664.1227204943725,664.1227204943725,0.0,664.1227204943725,0.0,0.0,664.1227204943725,0.4378,290.7529270324363,0.6567000000000001,0.0,2.189,0.0,0.0,0.0,290.7529270324363,290.75元,0.0,664.1227204943725
2025-02-19T04:10:00,2025-02-19T04:20:00,2025-02-19,25,688.3125894920898,688.3125894920898,0.0,688.3125894920898,0.0,0.0,688.3125894920898,0.4401,302.92637063546874,0.66015,0.0,2.2005,0.0,0.0,0.0,302.92637063546874,302.93元,0.0,688.3125894920898
2025-02-19T04:20:00,2025-02-19T04:30:00,2025-02-19,26,689.4824601139105,689.4824601139105,0.0,689.4824601139105,0.0,0.0,689.4824601139105,0.4389,302.6138517439953,0.65835,0.0,2.1945,0.0,0.0,0.0,302.6138517439953,302.61元,0.0,689.4824601139105
2025-02-19T04:30:00,2025-02-19T04:40:00,2025-02-19,27,679.1891789925236,679.1891789925236,0.0,679.1891789925236,0.0,0.0,679.1891789925236,0.4364,296.3981577123373,0.6546000000000001,0.0,2.182,0.0,0.0,0.0,296.3981577123373,296.40元,0.0,679.1891789925236
2025-02-19T04:40:00,2025-02-19T04:50:00,2025-02-19,28,691.8164478496377,691.8164478496377,0.0,691.8164478496377,0.0,0.0,691.8164478496377,0.4393,303.91496554034586,0.65895,0.0,2.1965000000000003,0.0,0.0,0.0,303.91496554034586,303.91元,0.0,691.8164478496377
2025-02-19T04:50:00,2025-02-19T05:00:00,2025-02-19,29,691.9940419589666,691.9940419589666,0.0,691.9940419589666,0.0,0.0,691.9940419589666,0.4422,305.99976535425503,0.6633,0.0,2.211,0.0,0.0,0.0,305.99976535425503,306.00元,0.0,691.9940419589666
2025-02-19T05:00:00,2025-02-19T05:10:00,2025-02-19,30,671.1814932517841,671.1814932517841,0.0,671.1814932517841,0.0,0.0,671.1814932517841,0.4395,294.9842662841591,0.65925,0.0,2.1975,0.0,0.0,0.0,294.9842662841591,294.98元,0.0,671.1814932517841
2025-02-19T05:10:00,2025-02-19T05:20:00,2025-02-19,31,660.7487973507671,660.7487973507671,0.0,660.7487973507671,0.0,0.0,660.7487973507671,0.4333,286.3024538920874,0.64995,0.0,2.1665,0.0,0.0,0.0,286.3024538920874,286.30元,0.0,660.7487973507671
2025-02-19T05:20:00,2025-02-19T05:30:00,2025-02-19,32,671.6046920321356,671.6046920321356,0.0,671.6046920321356,0.0,0.0,671.6046920321356,0.4439,298.12532279306504,0.66585,0.0,2.2195,0.0,0.0,0.0,298.12532279306504,298.13元,0.0,671.6046920321356
2025-02-19T05:30:00,2025-02-19T05:40:00,2025-02-19,33,680.4025146160964,680.4025146160964,0.0,680.4025146160964,0.0,0.0,680.4025146160964,0.4301,292.641121536383,0.64515,0.0,2.1505,0.0,0.0,0.0,292.641121536383,292.64元,0.0,680.4025146160964
2025-02-19T05:40:00,2025-02-19T05:50:00,2025-02-19,34,1499.4865217379788,1499.4865217379788,0.0,1499.4865217379788,0.0,0.0,1499.4865217379788,0.3713,556.7593455213116,0.5569500000000001,0.0,1.8565,0.0,0.0,0.0,556.7593455213116,556.76元,62.97068841464556,1436.5158333233333
2025-02-19T05:50:00,2025-02-19T06:00:00,2025-02-19,35,725.7850235238801,725.7850235238801,0.0,725.7850235238801,0.0,0.0,725.7850235238801,0.5708,414.27809142743075,0.8562,0.0,2.854,0.0,0.0,0.0,414.27809142743075,414.28元,0.0,725.7850235238801
2025-02-19T06:00:00,2025-02-19T06:10:00,2025-02-19,36,124.1163763037614,120.8614666666665,0.0,120.8614666666665,-3.2549096370948973,0.0,120.8614666666665,0.9099,109.97184851999985,1.3648500000000001,0.0,4.5495,0.0,543.4272900272387,247.23224559789224,357.2040941178921,357.20元,0.0,120.8614666666665
2025-02-19T06:10:00,2025-02-19T06:20:00,2025-02-19,37,150.09587969971494,150.09587969971494,4.781363521170306,154.87724322088525,4.781363521170306,0.0,154.87724322088525,0.9368,140.60982010269296,1.4052,6.7187720199485135,4.684,0.0,0.0,0.0,147.32859212264145,147.33元,0.0,154.87724322088525
2025-02-19T06:20:00,2025-02-19T06:30:00,2025-02-19,38,159.425910143358,156.26021328993136,0.0,156.26021328993136,-3.1656968534266525,0.0,156.26021328993136,0.8758,136.85269479932188,1.3137,0.0,4.3790000000000004,0.0,0.0,0.0,136.85269479932188,136.85元,0.0,156.26021328993136
2025-02-19T06:30:00,2025-02-19T06:40:00,2025-02-19,39,138.1338555773492,135.35304349889736,0.0,135.35304349889736,-2.780812078451845,25.946539844435954,161.29958334333332,0.8759,118.5557308006842,1.31385,0.0,4.3795,113.63287124870726,0.0,0.0,232.1886020493915,232.19元,0.0,161.29958334333332
2025-02-19T06:40:00,2025-02-19T06:50:00,2025-02-19,40,632.4910243376621,538.5257199803181,0.0,538.5257199803181,-93.96530435734405,0.0,538.5257199803181,0.8601,463.18597175507153,1.29015,0.0,4.3004999999999995,0.0,0.0,0.0,463.18597175507153,463.19元,0.0,538.5257199803181
2025-02-19T06:50:00,2025-02-19T07:00:00,2025-02-19,41,810.9321729589735,806.5043299900659,0.0,806.5043299900659,-4.427842968907612,0.0,806.5043299900659,0.8442,680.8509553776136,1.2663,0.0,4.221,0.0,0.0,0.0,680.8509553776136,680.85元,0.0,806.5043299900659
2025-02-19T07:00:00,2025-02-19T07:10:00,2025-02-19,42,760.5167335612052,756.0957100696123,0.0,756.0957100696123,-4.421023491592905,0.0,756.0957100696123,0.8334,630.130164772015,1.2501,0.0,4.167,0.0,0.0,0.0,630.130164772015,630.13元,0.0,756.0957100696123
2025-02-19T07:10:00,2025-02-19T07:20:00,2025-02-19,43,688.4610402081105,684.2374869638703,0.0,684.2374869638703,-4.223553244240179,0.0,684.2374869638703,0.8092,553.6849744511638,1.2138,0.0,4.046,0.0,0.0,0.0,553.6849744511638,553.68元,0.0,684.2374869638703
2025-02-19T07:20:00,2025-02-19T07:30:00,2025-02-19,44,652.6863383306929,648.6624528109323,0.0,648.6624528109323,-4.023885519760597,0.0,648.6624528109323,0.7972,517.1137073808753,1.1958,0.0,3.986,0.0,0.0,0.0,517.1137073808753,517.11元,0.0,648.6624528109323
2025-02-19T07:30:00,2025-02-19T07:40:00,2025-02-19,45,613.9304249572505,613.9304249572505,0.0,613.9304249572505,0.0,0.0,613.9304249572505,0.7644,469.28841683732225,1.1465999999999998,0.0,3.822,0.0,0.0,0.0,469.28841683732225,469.29元,0.0,613.9304249572505
2025-02-19T07:40:00,2025-02-19T07:50:00,2025-02-19,46,1341.0227536995185,1337.3998235767156,0.0,1337.3998235767156,-3.622930122802927,0.0,1337.3998235767156,0.6899,922.672138285576,1.03485,0.0,3.4494999999999996,0.0,0.0,0.0,922.672138285576,922.67元,0.0,1337.3998235767156
2025-02-19T07:50:00,2025-02-19T08:00:00,2025-02-19,47,559.0206366957664,555.5912188597114,0.0,555.5912188597114,-3.429417836054995,0.0,555.5912188597114,0.86,477.80844821935176,1.29,0.0,4.3,0.0,0.0,0.0,477.80844821935176,477.81元,0.0,555.5912188597114
2025-02-19T08:00:00,2025-02-19T08:10:00,2025-02-19,48,14.13527631310535,14.13527631310535,3.5166803722380564,17.651956685343407,3.5166803722380564,0.0,17.651956685343407,1.1617,16.420950492934484,1.74255,6.127991382643425,5.8084999999999996,0.0,0.0,0.0,22.54894187557791,22.55元,0.0,17.651956685343407
2025-02-19T08:10:00,2025-02-19T08:20:00,2025-02-19,49,0.0,0.0,0.0,0.0,0.0,0.0,0.0,1.1683,0.0,1.7524499999999998,0.0,5.8415,0.0,0.0,0.0,0.0,0.00元,0.0,0.0
2025-02-19T08:20:00,2025-02-19T08:30:00,2025-02-19,50,0.0,0.0,0.0,0.0,0.0,0.0,0.0,1.0956,0.0,1.6433999999999997,0.0,5.478,0.0,0.0,0.0,0.0,0.00元,0.0,0.0
2025-02-19T08:30:00,2025-02-19T08:40:00,2025-02-19,51,0.0,0.0,0.0,0.0,0.0,0.0,0.0,1.0849,0.0,1.6273499999999999,0.0,5.4245,0.0,0.0,0.0,0.0,0.00元,0.0,0.0
2025-02-19T08:40:00,2025-02-19T08:50:00,2025-02-19,52,0.0,0.0,0.0,0.0,0.0,0.0,0.0,1.061,0.0,1.5915,0.0,5.305,0.0,0.0,0.0,0.0,0.00元,0.0,0.0
2025-02-19T08:50:00,2025-02-19T09:00:00,2025-02-19,53,0.0,0.0,0.0,0.0,0.0,0.0,0.0,1.043,0.0,1.5644999999999998,0.0,5.215,0.0,0.0,0.0,0.0,0.00元,0.0,0.0
2025-02-19T09:00:00,2025-02-19T09:10:00,2025-02-19,54,0.0,0.0,0.0,0.0,0.0,0.0,0.0,1.036,0.0,1.554,0.0,5.18,0.0,0.0,0.0,0.0,0.00元,0.0,0.0
2025-02-19T09:10:00,2025-02-19T09:20:00,2025-02-19,55,0.0,0.0,0.0,0.0,0.0,0.0,0.0,1.0147,0.0,1.52205,0.0,5.073499999999999,0.0,0.0,0.0,0.0,0.00元,0.0,0.0
2025-02-19T09:20:00,2025-02-19T09:30:00,2025-02-19,56,0.0,0.0,0.0,0.0,0.0,0.0,0.0,0.9922,0.0,1.4883,0.0,4.961,0.0,0.0,0.0,0.0,0.00元,0.0,0.0
2025-02-19T09:30:00,2025-02-19T09:40:00,2025-02-19,57,0.0,0.0,0.0,0.0,0.0,0.0,0.0,0.97,0.0,1.455,0.0,4.85,0.0,0.0,0.0,0.0,0.00元,0.0,0.0
2025-02-19T09:40:00,2025-02-19T09:50:00,2025-02-19,58,0.0,0.0,0.0,0.0,0.0,0.0,0.0,0.9422,0.0,1.4133,0.0,4.711,0.0,0.0,0.0,0.0,0.00元,0.0,0.0
2025-02-19T09:50:00,2025-02-19T10:00:00,2025-02-19,59,0.0,0.0,0.0,0.0,0.0,0.0,0.0,0.9569,0.0,1.43535,0.0,4.7844999999999995,0.0,0.0,0.0,0.0,0.00元,0.0,0.0
2025-02-19T10:00:00,2025-02-19T10:10:00,2025-02-19,60,0.0,0.0,0.0,0.0,0.0,0.0,0.0,0.9977,0.0,1.49655,0.0,4.9885,0.0,0.0,0.0,0.0,0.00元,0.0,0.0
2025-02-19T10:10:00,2025-02-19T10:20:00,2025-02-19,61,0.0,0.0,0.0,0.0,0.0,0.0,0.0,0.9919,0.0,1.48785,0.0,4.9595,0.0,0.0,0.0,0.0,0.00元,0.0,0.0
2025-02-19T10:20:00,2025-02-19T10:30:00,2025-02-19,62,0.0,0.0,0.0,0.0,0.0,0.0,0.0,0.9588,0.0,1.4382,0.0,4.794,0.0,0.0,0.0,0.0,0.00元,0.0,0.0
2025-02-19T10:30:00,2025-02-19T10:40:00,2025-02-19,63,0.0,0.0,0.0,0.0,0.0,0.0,0.0,0.9549,0.0,1.43235,0.0,4.7745,0.0,0.0,0.0,0.0,0.00元,0.0,0.0
2025-02-19T10:40:00,2025-02-19T10:50:00,2025-02-19,64,0.0,0.0,0.0,0.0,0.0,11.184046182339664,11.184046182339664,0.9839,0.0,1.4758499999999999,0.0,4.9195,55.01991519401997,0.0,0.0,55.01991519401997,55.02元,0.0,11.184046182339664
2025-02-19T10:50:00,2025-02-19T11:00:00,2025-02-19,65,0.0,0.0,0.0,0.0,0.0,0.0,0.0,0.799,0.0,1.1985000000000001,0.0,3.995,0.0,0.0,0.0,0.0,0.00元,0.0,0.0
2025-02-19T11:00:00,2025-02-19T11:10:00,2025-02-19,66,808.9371608162947,751.3776043966121,0.0,751.3776043966121,-57.55955641968262,0.0,751.3776043966121,0.5025,377.56724620929754,0.7537499999999999,0.0,2.5124999999999997,0.0,0.0,0.0,377.56724620929754,377.57元,0.0,751.3776043966121
2025-02-19T11:10:00,2025-02-19T11:20:00,2025-02-19,67,792.2132004098827,733.535834466708,0.0,733.535834466708,-58.677365943174664,0.0,733.535834466708,0.4662,341.9744060283793,0.6993,0.0,2.331,0.0,0.0,0.0,341.9744060283793,341.97元,0.0,733.535834466708
2025-02-19T11:20:00,2025-02-19T11:30:00,2025-02-19,68,790.5128996121713,731.661416093969,0.0,731.661416093969,-58.85148351820226,0.0,731.661416093969,0.5007,366.34287103825034,0.75105,0.0,2.5035000000000003,0.0,0.0,0.0,366.34287103825034,366.34元,0.0,731.661416093969
2025-02-19T11:30:00,2025-02-19T11:40:00,2025-02-19,69,787.4855466972355,728.9495961216059,0.0,728.9495961216059,-58.53595057562961,0.0,728.9495961216059,0.4827,351.86397004789916,0.7240500000000001,0.0,2.4135,0.0,0.0,0.0,351.86397004789916,351.86元,0.0,728.9495961216059
2025-02-19T11:40:00,2025-02-19T11:50:00,2025-02-19,70,769.3926902056716,710.619088408804,0.0,710.619088408804,-58.773601796867524,0.0,710.619088408804,0.4785,340.03123380361274,0.71775,0.0,2.3925,0.0,0.0,0.0,340.03123380361274,340.03元,0.0,710.619088408804
2025-02-19T11:50:00,2025-02-19T12:00:00,2025-02-19,71,730.9306339578601,671.3973401974182,0.0,671.3973401974182,-59.53329376044189,0.0,671.3973401974182,0.4662,313.00544000003634,0.6993,0.0,2.331,0.0,0.0,0.0,313.00544000003634,313.01元,0.0,671.3973401974182
2025-02-19T12:00:00,2025-02-19T12:10:00,2025-02-19,72,709.2305764478359,709.2305764478359,14.798306030304957,724.0288824781409,14.798306030304957,0.0,724.0288824781409,0.4432,314.3309914816809,0.6648,9.837913848946735,2.2159999999999997,0.0,0.0,0.0,324.1689053306276,324.17元,0.0,724.0288824781409
2025-02-19T12:10:00,2025-02-19T12:20:00,2025-02-19,73,691.6389440285724,691.6389440285724,14.486301256415118,706.1252452849875,14.486301256415118,0.0,706.1252452849875,0.4411,305.08193821100326,0.66165,9.584861226307062,2.2055,0.0,0.0,0.0,314.6667994373103,314.67元,0.0,706.1252452849875
2025-02-19T12:20:00,2025-02-19T12:30:00,2025-02-19,74,690.7258013004538,677.9427731315715,26.93842302378016,704.8811961553516,14.15539485489785,0.0,704.8811961553516,0.4551,308.5317560521782,0.68265,18.389514477183525,2.2755,0.0,0.0,0.0,326.9212705293617,326.92元,0.0,704.8811961553516
2025-02-19T12:30:00,2025-02-19T12:40:00,2025-02-19,75,698.8863525399469,698.876791643732,13.852888385442157,712.7296800291741,13.84332748922725,0.0,712.7296800291741,0.4463,311.90871211059755,0.66945,9.273816129634252,2.2315,0.0,0.0,0.0,321.1825282402318,321.18元,0.0,712.7296800291741
2025-02-19T12:40:00,2025-02-19T12:50:00,2025-02-19,76,717.3678546799787,717.3678546799787,13.570425678790116,730.9382803587688,13.570425678790116,0.0,730.9382803587688,0.4113,295.05339862987523,0.61695,8.372274122529562,2.0564999999999998,0.0,0.0,0.0,303.4256727524048,303.43元,0.0,730.9382803587688
2025-02-19T12:50:00,2025-02-19T13:00:00,2025-02-19,77,665.0010611849426,632.2831004100789,127.821943259813,760.1050436698919,95.10398248494926,0.0,760.1050436698919,0.5682,359.26325765300686,0.8523000000000001,108.94264224033863,2.841,0.0,0.0,0.0,468.2058998933455,468.21元,0.0,760.1050436698919
2025-02-19T13:00:00,2025-02-19T13:10:00,2025-02-19,78,0.0,0.0,0.0,0.0,0.0,0.0,0.0,0.8279,0.0,1.24185,0.0,4.1395,0.0,0.0,0.0,0.0,0.00元,0.0,0.0
2025-02-19T13:10:00,2025-02-19T13:20:00,2025-02-19,79,0.0,0.0,0.0,0.0,0.0,0.0,0.0,0.8636,0.0,1.2954,0.0,4.3180000000000005,0.0,0.0,0.0,0.0,0.00元,0.0,0.0
2025-02-19T13:20:00,2025-02-19T13:30:00,2025-02-19,80,0.0,0.0,0.0,0.0,0.0,0.0,0.0,0.8416,0.0,1.2624,0.0,4.208,0.0,0.0,0.0,0.0,0.00元,0.0,0.0
2025-02-19T13:30:00,2025-02-19T13:40:00,2025-02-19,81,0.0,0.0,22.40274601425017,22.40274601425017,22.40274601425017,0.0,22.40274601425017,0.8618,0.0,1.2927,28.960029772621194,4.309,0.0,0.0,0.0,28.960029772621194,28.96元,0.0,22.40274601425017
2025-02-19T13:40:00,2025-02-19T13:50:00,2025-02-19,82,0.0,0.0,55.017468886555434,55.017468886555434,55.017468886555434,0.0,55.017468886555434,0.8623,0.0,1.29345,71.16234513131512,4.3115,0.0,0.0,0.0,71.16234513131512,71.16元,0.0,55.017468886555434
2025-02-19T13:50:00,2025-02-19T14:00:00,2025-02-19,83,0.0,0.0,0.0,0.0,0.0,0.0,0.0,0.9026,0.0,1.3538999999999999,0.0,4.513,0.0,0.0,0.0,0.0,0.00元,0.0,0.0
2025-02-19T14:00:00,2025-02-19T14:10:00,2025-02-19,84,0.0,0.0,0.0,0.0,0.0,0.0,0.0,0.9754,0.0,1.4631,0.0,4.877000000000001,0.0,0.0,0.0,0.0,0.00元,0.0,0.0
2025-02-19T14:10:00,2025-02-19T14:20:00,2025-02-19,85,0.0,0.0,0.0,0.0,0.0,0.0,0.0,1.0002,0.0,1.5003,0.0,5.0009999999999994,0.0,0.0,0.0,0.0,0.00元,0.0,0.0
2025-02-19T14:20:00,2025-02-19T14:30:00,2025-02-19,86,0.0,0.0,0.0,0.0,0.0,0.0,0.0,0.9978,0.0,1.4967000000000001,0.0,4.989,0.0,0.0,0.0,0.0,0.00元,0.0,0.0
2025-02-19T14:30:00,2025-02-19T14:40:00,2025-02-19,87,0.0,0.0,0.0,0.0,0.0,0.0,0.0,1.0271,0.0,1.5406499999999999,0.0,5.1354999999999995,0.0,0.0,0.0,0.0,0.00元,0.0,0.0
2025-02-19T14:40:00,2025-02-19T14:50:00,2025-02-19,88,0.0,0.0,0.0,0.0,0.0,0.0,0.0,1.0906,0.0,1.6359,0.0,5.453,0.0,0.0,0.0,0.0,0.00元,0.0,0.0
2025-02-19T14:50:00,2025-02-19T15:00:00,2025-02-19,89,0.0,0.0,0.0,0.0,0.0,0.0,0.0,0.9376,0.0,1.4064,0.0,4.688,0.0,0.0,0.0,0.0,0.00元,0.0,0.0
2025-02-19T15:00:00,2025-02-19T15:10:00,2025-02-19,90,704.65053326716,704.65053326716,408.3690332547651,1113.019566521925,408.3690332547651,0.0,1113.019566521925,0.6694,471.69306696903686,1.0041,410.04334629110963,3.347,0.0,0.0,0.0,881.7364132601466,881.74元,0.0,1113.019566521925
2025-02-19T15:10:00,2025-02-19T15:20:00,2025-02-19,91,1144.1291542667523,1139.519696781771,13.818912792413812,1153.3386095741848,9.209455307432563,0.0,1153.3386095741848,0.66,752.0829998759689,0.99,13.680723664489674,3.3000000000000003,0.0,0.0,0.0,765.7637235404586,765.76元,0.0,1153.3386095741848
2025-02-19T15:20:00,2025-02-19T15:30:00,2025-02-19,92,356.25066175097925,356.25066175097925,831.2504552838551,1187.5011170348344,831.2504552838551,0.0,1187.5011170348344,0.7217,257.10610258568175,1.08255,899.8701803675374,3.6085000000000003,0.0,0.0,0.0,1156.9762829532192,1156.98元,0.0,1187.5011170348344
2025-02-19T15:30:00,2025-02-19T15:40:00,2025-02-19,93,414.71206988258825,414.71206988258825,8.406075364514663,423.1181452471029,8.406075364514663,0.0,423.1181452471029,0.7308,303.0715806701955,1.0962,9.214739814580973,3.654,0.0,0.0,0.0,312.28632048477647,312.29元,0.0,423.1181452471029
2025-02-19T15:40:00,2025-02-19T15:50:00,2025-02-19,94,513.2946034081019,513.2946034081019,8.023312578730042,521.317915986832,8.023312578730042,0.0,521.317915986832,0.7534,386.716154207664,1.1300999999999999,9.06714554522282,3.767,0.0,0.0,0.0,395.7832997528868,395.78元,0.0,521.317915986832
2025-02-19T15:50:00,2025-02-19T16:00:00,2025-02-19,95,563.874017607855,563.874017607855,7.666020083117132,571.5400376909721,7.666020083117132,0.0,571.5400376909721,0.7823,441.11864397462494,1.1734499999999999,8.995691266533798,3.9115,0.0,0.0,0.0,450.11433524115876,450.11元,0.0,571.5400376909721
2025-02-19T16:00:00,2025-02-19T16:10:00,2025-02-19,96,575.0384993650266,575.0384993650266,5.763716524212214,580.8022158892388,5.763716524212214,0.0,580.8022158892388,0.8055,463.1935112385289,1.20825,6.964010490379407,4.0275,0.0,0.0,0.0,470.15752172890836,470.16元,0.0,580.8022158892388
2025-02-19T16:10:00,2025-02-19T16:20:00,2025-02-19,97,640.4042292468961,640.4042292468961,5.60581649627818,646.0100457431743,5.60581649627818,0.0,646.0100457431743,0.8271,529.6783380101077,1.24065,6.954856236107524,4.1354999999999995,0.0,0.0,0.0,536.6331942462153,536.63元,0.0,646.0100457431743
2025-02-19T16:20:00,2025-02-19T16:30:00,2025-02-19,98,711.9072753839835,711.9072753839835,5.452242222172799,717.3595176061563,5.452242222172799,0.0,717.3595176061563,0.8519,606.4738078996155,1.27785,6.967147723603511,4.2595,0.0,0.0,0.0,613.440955623219,613.44元,0.0,717.3595176061563
2025-02-19T16:30:00,2025-02-19T16:40:00,2025-02-19,99,756.0618419508448,756.0618419508448,5.302875195608067,761.3647171464529,5.302875195608067,0.0,761.3647171464529,0.8791,664.6539652589877,1.3186499999999999,6.992636376688577,4.3955,0.0,0.0,0.0,671.6466016356762,671.65元,0.0,761.3647171464529
2025-02-19T16:40:00,2025-02-19T16:50:00,2025-02-19,100,794.0331549744011,794.0331549744011,5.157600156837589,799.1907551312387,5.157600156837589,0.0,799.1907551312387,0.9024,716.5355190488996,1.3536,6.98132757229536,4.512,0.0,0.0,0.0,723.5168466211949,723.52元,0.0,799.1907551312387
2025-02-19T16:50:00,2025-02-19T17:00:00,2025-02-19,101,850.7564437639425,850.7564437639425,5.0163050037162975,855.7727487676588,5.0163050037162975,0.0,855.7727487676588,0.9163,779.5481294209005,1.37445,6.894660412357865,4.5815,0.0,0.0,0.0,786.4427898332583,786.44元,0.0,855.7727487676588
2025-02-19T17:00:00,2025-02-19T17:10:00,2025-02-19,102,917.8043874601458,917.8043874601458,4.87888070519557,922.6832681653414,4.87888070519557,0.0,922.6832681653414,0.9264,850.253984543079,1.3896,6.779692627939764,4.632,0.0,0.0,0.0,857.0336771710188,857.03元,0.0,922.6832681653414
2025-02-19T17:10:00,2025-02-19T17:20:00,2025-02-19,103,962.7420515840513,962.7420515840513,4.745221217189737,967.487272801241,4.745221217189737,0.0,967.487272801241,0.9462,910.9465292088294,1.4193,6.7348924735573945,4.731,0.0,0.0,0.0,917.6814216823868,917.68元,0.0,967.487272801241
2025-02-19T17:20:00,2025-02-19T17:30:00,2025-02-19,104,992.021699228858,992.021699228858,4.615223400746345,996.6369226296043,4.615223400746345,0.0,996.6369226296043,0.9742,966.4275393887534,1.4613,6.744225955510633,4.8709999999999996,0.0,0.0,0.0,973.171765344264,973.17元,0.0,996.6369226296043
2025-02-19T17:30:00,2025-02-19T17:40:00,2025-02-19,105,1023.1431358231141,1023.1431358231141,4.488786942458091,1027.6319227655722,4.488786942458091,0.0,1027.6319227655722,0.9862,1009.0237605487551,1.4792999999999998,6.6402625239782544,4.931,0.0,0.0,0.0,1015.6640230727335,1015.66元,0.0,1027.6319227655722
2025-02-19T17:40:00,2025-02-19T17:50:00,2025-02-19,106,1038.9424605605382,1038.9424605605382,4.365814277055961,1043.3082748375941,4.365814277055961,0.0,1043.3082748375941,0.976,1014.0078415070852,1.464,6.391552101609927,4.88,0.0,0.0,0.0,1020.3993936086952,1020.40元,0.0,1043.3082748375941
2025-02-19T17:50:00,2025-02-19T18:00:00,2025-02-19,107,907.4419594964716,907.4419594964716,4.246210512123184,911.6881700085947,4.246210512123184,0.0,911.6881700085947,1.0742,974.7741528911098,1.6113,6.841918998184087,5.371,0.0,0.0,0.0,981.616071889294,981.62元,0.0,911.6881700085947
2025-02-19T18:00:00,2025-02-19T18:10:00,2025-02-19,108,713.5396784062023,713.5396784062023,4.129883354869548,717.6695617610718,4.129883354869548,0.0,717.6695617610718,1.2313,878.5814060215569,1.84695,7.627688062276313,6.1565,0.0,32.55485173144905,20.042394468466608,906.2514885522999,906.25元,0.0,717.6695617610718
2025-02-19T18:10:00,2025-02-19T18:20:00,2025-02-19,109,707.376766952784,707.376766952784,4.016743040914321,711.3935099936983,4.016743040914321,0.0,711.3935099936983,1.2561,888.535956969392,1.88415,7.568146400538717,6.2805,0.0,0.0,0.0,896.1041033699307,896.10元,0.0,711.3935099936983
2025-02-19T18:20:00,2025-02-19T18:30:00,2025-02-19,110,735.3824333310073,735.3824333310073,3.9067022650191348,739.2891355960264,3.9067022650191348,0.0,739.2891355960264,1.2447,915.3305147671047,1.8670499999999999,7.2940084639039755,6.2235,0.0,0.0,0.0,922.6245232310088,922.62元,0.0,739.2891355960264
2025-02-19T18:30:00,2025-02-19T18:40:00,2025-02-19,111,718.7428411732524,718.7428411732524,3.7996761137183057,722.5425172869707,3.7996761137183057,0.0,722.5425172869707,1.2545,901.662894251845,1.8817499999999998,7.150040526989422,6.2725,0.0,0.0,0.0,908.8129347788345,908.81元,0.0,722.5425172869707
2025-02-19T18:40:00,2025-02-19T18:50:00,2025-02-19,112,728.2483462172106,728.2483462172106,3.695581999794399,731.943928217005,3.695581999794399,0.0,731.943928217005,1.2522,911.9125791331911,1.8782999999999999,6.94141167021382,6.261,0.0,0.0,0.0,918.853990803405,918.85元,0.0,731.943928217005
2025-02-19T18:50:00,2025-02-19T19:00:00,2025-02-19,113,58.73720983089345,58.73720983089345,159.26919264729162,218.00640247818507,159.26919264729162,0.0,218.00640247818507,1.2881,75.65939998317386,1.93215,307.7319705734645,6.4405,0.0,0.0,0.0,383.3913705566383,383.39元,0.0,218.00640247818507
2025-02-19T19:00:00,2025-02-19T19:10:00,2025-02-19,114,0.0,0.0,1.459337733987013,1.459337733987013,1.459337733987013,0.0,1.459337733987013,1.3466,0.0,2.0199,2.947716288880368,6.7330000000000005,0.0,0.0,0.0,2.947716288880368,2.95元,0.0,1.459337733987013
2025-02-19T19:10:00,2025-02-19T19:20:00,2025-02-19,115,0.0,0.0,0.88197424697114,0.88197424697114,0.88197424697114,0.0,0.88197424697114,1.3523,0.0,2.0284500000000003,1.789040661268609,6.7615,0.0,0.0,0.0,1.789040661268609,1.79元,0.0,0.88197424697114
2025-02-19T19:20:00,2025-02-19T19:30:00,2025-02-19,116,31.750888387257078,31.750888387257078,6.239909276897038,37.990797664154115,6.239909276897038,0.0,37.990797664154115,1.3445,42.68906943666714,2.01675,12.5843370341821,6.7225,0.0,0.0,0.0,55.273406470849245,55.27元,0.0,37.990797664154115
2025-02-19T19:30:00,2025-02-19T19:40:00,2025-02-19,117,22.153960414749122,22.153960414749122,7.87427525239093,30.028235667140052,7.87427525239093,0.0,30.028235667140052,1.3483,29.87018482720624,2.02245,15.925327984198038,6.7415,0.0,0.0,0.0,45.79551281140428,45.80元,0.0,30.028235667140052
2025-02-19T19:40:00,2025-02-19T19:50:00,2025-02-19,118,7.481622344591415,7.481622344591415,6.688353201653854,14.169975546245269,6.688353201653854,0.0,14.169975546245269,1.349,10.092708542853819,2.0235,13.533882703546572,6.745,0.0,0.0,0.0,23.62659124640039,23.63元,0.0,14.169975546245269
2025-02-19T19:50:00,2025-02-19T20:00:00,2025-02-19,119,0.0,0.0,5.642447078418741,5.642447078418741,5.642447078418741,0.0,5.642447078418741,1.3473,0.0,2.02095,11.403103423130354,6.7364999999999995,0.0,0.0,0.0,11.403103423130354,11.40元,0.0,5.642447078418741
2025-02-19T20:00:00,2025-02-19T20:10:00,2025-02-19,120,8.67210768846303,8.67210768846303,7.177598984728206,15.849706673191235,7.177598984728206,0.0,15.849706673191235,1.3482,11.691735585585857,2.0223,14.515258426815851,6.7410000000000005,0.0,0.0,0.0,26.206994012401708,26.21元,0.0,15.849706673191235
2025-02-19T20:10:00,2025-02-19T20:20:00,2025-02-19,121,0.0,0.0,0.0,0.0,0.0,0.0,0.0,1.3513,0.0,2.02695,0.0,6.7565,0.0,0.0,0.0,0.0,0.00元,0.0,0.0
2025-02-19T20:20:00,2025-02-19T20:30:00,2025-02-19,122,0.21434306908599865,0.21434306908599865,2.7482822002043577,2.9626252692903563,2.7482822002043577,0.0,2.9626252692903563,1.34,0.2872197125752382,2.0100000000000002,5.5240472224107595,6.7,0.0,0.0,0.0,5.811266934985998,5.81元,0.0,2.9626252692903563
2025-02-19T20:30:00,2025-02-19T20:40:00,2025-02-19,123,0.0,0.0,0.0,0.0,0.0,0.0,0.0,1.3489,0.0,2.0233499999999998,0.0,6.7445,0.0,0.0,0.0,0.0,0.00元,0.0,0.0
2025-02-19T20:40:00,2025-02-19T20:50:00,2025-02-19,124,8.01700275516248,8.01700275516248,4.3966517483322605,12.41365450349474,4.3966517483322605,0.0,12.41365450349474,1.3952,11.185322244002691,2.0928,9.201312778909754,6.976,0.0,0.0,0.0,20.386635022912447,20.39元,0.0,12.41365450349474
2025-02-19T20:50:00,2025-02-19T21:00:00,2025-02-19,125,725.2360571598546,708.8534592814283,0.0,708.8534592814283,-16.38259787842628,0.0,708.8534592814283,1.2226,866.6442393174741,1.8338999999999999,0.0,6.1129999999999995,0.0,0.0,0.0,866.6442393174741,866.64元,0.0,708.8534592814283
2025-02-19T21:00:00,2025-02-19T21:10:00,2025-02-19,126,748.5897333405087,738.3114392848998,0.0,738.3114392848998,-10.278294055608853,0.0,738.3114392848998,0.9332,688.9922351406685,1.3998,0.0,4.666,0.0,0.0,0.0,688.9922351406685,688.99元,0.0,738.3114392848998
2025-02-19T21:10:00,2025-02-19T21:20:00,2025-02-19,127,734.015687885022,734.015687885022,0.0,734.015687885022,0.0,0.0,734.015687885022,0.9068,665.605425774138,1.3602,0.0,4.534000000000001,0.0,0.0,0.0,665.605425774138,665.61元,0.0,734.015687885022
2025-02-19T21:20:00,2025-02-19T21:30:00,2025-02-19,128,721.9198015075496,721.4990392774774,0.0,721.4990392774774,-0.4207622300721141,0.0,721.4990392774774,0.9371,676.1167497069241,1.40565,0.0,4.6855,0.0,0.0,0.0,676.1167497069241,676.12元,0.0,721.4990392774774
2025-02-19T21:30:00,2025-02-19T21:40:00,2025-02-19,129,754.422970874689,754.0137356459194,0.0,754.0137356459194,-0.40923522876960305,0.0,754.0137356459194,0.9371,706.5862716737911,1.40565,0.0,4.6855,0.0,0.0,0.0,706.5862716737911,706.59元,0.0,754.0137356459194
2025-02-19T21:40:00,2025-02-19T21:50:00,2025-02-19,130,756.8365096113298,756.8365096113298,0.0,756.8365096113298,0.0,0.0,756.8365096113298,0.9871,747.0733186373436,1.48065,0.0,4.9355,0.0,0.0,0.0,747.0733186373436,747.07元,0.0,756.8365096113298
2025-02-19T21:50:00,2025-02-19T22:00:00,2025-02-19,131,671.6490363774009,671.6490363774009,11.975286334697557,683.6243227120984,11.975286334697557,0.0,683.6243227120984,0.7764,521.468311843414,1.1646,13.946418465388774,3.8819999999999997,0.0,0.0,0.0,535.4147303088027,535.41元,0.0,683.6243227120984
2025-02-19T22:00:00,2025-02-19T22:10:00,2025-02-19,132,1377.7274448860098,1377.1914741712212,0.0,1377.1914741712212,-0.5359707147886184,0.0,1377.1914741712212,0.4209,579.659891478667,0.63135,0.0,2.1045,0.0,0.0,0.0,579.659891478667,579.66元,0.0,1377.1914741712212
2025-02-19T22:10:00,2025-02-19T22:20:00,2025-02-19,133,1353.8833699095849,1353.3620823927781,0.0,1353.3620823927781,-0.5212875168067512,0.0,1353.3620823927781,0.3859,522.2624275953731,0.5788500000000001,0.0,1.9295,0.0,0.0,0.0,522.2624275953731,522.26元,0.0,1353.3620823927781
2025-02-19T22:20:00,2025-02-19T22:30:00,2025-02-19,134,538.0928167492114,538.0928167492114,0.0,538.0928167492114,0.0,0.0,538.0928167492114,0.4368,235.03894235605554,0.6552,0.0,2.184,0.0,0.0,0.0,235.03894235605554,235.04元,0.0,538.0928167492114
2025-02-19T22:30:00,2025-02-19T22:40:00,2025-02-19,135,1376.444264441848,1375.9511475793015,0.0,1375.9511475793015,-0.4931168625464579,0.0,1375.9511475793015,0.4198,577.6242917537908,0.6297,0.0,2.099,0.0,0.0,0.0,577.6242917537908,577.62元,0.0,1375.9511475793015
2025-02-19T22:40:00,2025-02-19T22:50:00,2025-02-19,136,1389.9122645051768,1389.432656836923,0.0,1389.432656836923,-0.47960766825394785,0.0,1389.432656836923,0.4186,581.6165101519359,0.6279,0.0,2.093,0.0,0.0,0.0,581.6165101519359,581.62元,0.0,1389.432656836923
2025-02-19T22:50:00,2025-02-19T23:00:00,2025-02-19,137,1396.0749017714656,1395.6084332060623,0.0,1395.6084332060623,-0.46646856540337467,0.0,1395.6084332060623,0.4241,591.877536522691,0.63615,0.0,2.1205,0.0,0.0,0.0,591.877536522691,591.88元,0.0,1395.6084332060623
2025-02-19T23:00:00,2025-02-19T23:10:00,2025-02-19,138,1395.2561985547472,1394.802509139602,0.0,1394.802509139602,-0.45368941514516337,0.0,1394.802509139602,0.4237,590.9778231224494,0.6355500000000001,0.0,2.1185,0.0,0.0,0.0,590.9778231224494,590.98元,0.0,1394.802509139602
2025-02-19T23:10:00,2025-02-19T23:20:00,2025-02-19,139,1027.6943152355097,1027.6943152355097,0.0,1027.6943152355097,0.0,0.0,1027.6943152355097,0.4248,436.5645451120445,0.6372,0.0,2.124,0.0,0.0,0.0,436.5645451120445,436.56元,0.0,1027.6943152355097
2025-02-19T23:20:00,2025-02-19T23:30:00,2025-02-19,140,1407.0879881735668,1406.6588163753677,0.0,1406.6588163753677,-0.42917179819914963,0.0,1406.6588163753677,0.424,596.4233381431559,0.636,0.0,2.12,0.0,0.0,0.0,596.4233381431559,596.42元,37.288316385367686,1369.37049999
2025-02-19T23:30:00,2025-02-19T23:40:00,2025-02-19,141,1401.818514717093,1401.4011003047121,0.0,1401.4011003047121,-0.4174144123808219,0.0,1401.4011003047121,0.422,591.3912643285885,0.633,0.0,2.11,0.0,0.0,0.0,591.3912643285885,591.39元,20.471100314712196,1380.92999999
2025-02-19T23:40:00,2025-02-19T23:50:00,2025-02-19,142,1405.166276527854,1404.7602974015595,0.0,1404.7602974015595,-0.4059791262945964,0.0,1404.7602974015595,0.424,595.6183660982612,0.636,0.0,2.12,0.0,0.0,0.0,595.6183660982612,595.62元,0.0,1404.7602974015595
2025-02-19T23:50:00,2025-02-20T00:00:00,2025-02-19,143,559.8286416692691,559.8286416692691,0.0,559.8286416692691,0.0,0.0,559.8286416692691,0.4271,239.10281285694484,0.6406499999999999,0.0,2.1355,0.0,0.0,0.0,239.10281285694484,239.10元,0.0,559.8286416692691
2025-02-20T00:00:00,2025-02-20T00:10:00,2025-02-19,144,566.674875,566.674875,0.0,566.674875,0.0,0.0,566.674875,0.4276,242.31017655,0.6414,0.0,2.138,0.0,0.0,0.0,242.31017655,242.31元,0.0,566.674875
2025-02-20T00:10:00,2025-02-20T00:20:00,2025-02-20,1,1436.3066067228724,1436.3066067228724,0.0,1436.3066067228724,0.0,0.0,1436.3066067228724,0.4248,610.1430465358762,0.6372,0.0,2.124,0.0,0.0,0.0,610.1430465358762,610.14元,29.95904006620571,1406.3475666566667
2025-02-20T00:20:00,2025-02-20T00:30:00,2025-02-20,2,1441.216599763628,1441.216599763628,0.0,1441.216599763628,0.0,0.0,1441.216599763628,0.4245,611.79644659966,0.6367499999999999,0.0,2.1225,0.0,0.0,0.0,611.79644659966,611.80元,21.567533106961257,1419.6490666566667
2025-02-20T00:30:00,2025-02-20T00:40:00,2025-02-20,3,982.1329567392269,982.1329567392269,0.0,982.1329567392269,0.0,0.0,982.1329567392269,0.4269,419.27255923197595,0.64035,0.0,2.1345,0.0,0.0,0.0,419.27255923197595,419.27元,0.0,982.1329567392269
2025-02-20T00:40:00,2025-02-20T00:50:00,2025-02-20,4,619.3056057669376,619.3056057669376,0.0,619.3056057669376,0.0,0.0,619.3056057669376,0.4272,264.5673547836357,0.6408,0.0,2.136,0.0,0.0,0.0,264.5673547836357,264.57元,0.0,619.3056057669376
2025-02-20T00:50:00,2025-02-20T01:00:00,2025-02-20,5,633.8532020642438,633.8532020642438,0.0,633.8532020642438,0.0,0.0,633.8532020642438,0.4271,270.7187026016385,0.6406499999999999,0.0,2.1355,0.0,0.0,0.0,270.7187026016385,270.72元,0.0,633.8532020642438
2025-02-20T01:00:00,2025-02-20T01:10:00,2025-02-20,6,617.3773300526123,617.3773300526123,0.0,617.3773300526123,0.0,0.0,617.3773300526123,0.4285,264.54618592754434,0.6427499999999999,0.0,2.1425,0.0,0.0,0.0,264.54618592754434,264.55元,0.0,617.3773300526123
2025-02-20T01:10:00,2025-02-20T01:20:00,2025-02-20,7,628.0110707194418,628.0110707194418,0.0,628.0110707194418,0.0,0.0,628.0110707194418,0.4311,270.73557258715135,0.64665,0.0,2.1555,0.0,0.0,0.0,270.73557258715135,270.74元,0.0,628.0110707194418
2025-02-20T01:20:00,2025-02-20T01:30:00,2025-02-20,8,625.9598168853236,625.9598168853236,0.0,625.9598168853236,0.0,0.0,625.9598168853236,0.4302,269.2879132240662,0.6453,0.0,2.1510000000000002,0.0,0.0,0.0,269.2879132240662,269.29元,0.0,625.9598168853236
2025-02-20T01:30:00,2025-02-20T01:40:00,2025-02-20,9,615.7274721606792,615.7274721606792,0.0,615.7274721606792,0.0,0.0,615.7274721606792,0.4279,263.46978533755464,0.64185,0.0,2.1395,0.0,0.0,0.0,263.46978533755464,263.47元,0.0,615.7274721606792
2025-02-20T01:40:00,2025-02-20T01:50:00,2025-02-20,10,643.7593932414862,643.7593932414862,0.0,643.7593932414862,0.0,0.0,643.7593932414862,0.4312,277.5890503657289,0.6468,0.0,2.156,0.0,0.0,0.0,277.5890503657289,277.59元,0.0,643.7593932414862
2025-02-20T01:50:00,2025-02-20T02:00:00,2025-02-20,11,648.5788488772664,648.5788488772664,0.0,648.5788488772664,0.0,0.0,648.5788488772664,0.4333,281.02921521851954,0.64995,0.0,2.1665,0.0,0.0,0.0,281.02921521851954,281.03元,0.0,648.5788488772664
2025-02-20T02:00:00,2025-02-20T02:10:00,2025-02-20,12,624.6829238445172,624.6829238445172,0.0,624.6829238445172,0.0,0.0,624.6829238445172,0.4311,269.30080846937136,0.64665,0.0,2.1555,0.0,0.0,0.0,269.30080846937136,269.30元,0.0,624.6829238445172
2025-02-20T02:10:00,2025-02-20T02:20:00,2025-02-20,13,628.6430812587682,628.6430812587682,0.0,628.6430812587682,0.0,0.0,628.6430812587682,0.4293,269.8764747843892,0.64395,0.0,2.1465,0.0,0.0,0.0,269.8764747843892,269.88元,0.0,628.6430812587682
2025-02-20T02:20:00,2025-02-20T02:30:00,2025-02-20,14,632.1575323917916,632.1575323917916,0.0,632.1575323917916,0.0,0.0,632.1575323917916,0.4324,273.3449170062107,0.6486000000000001,0.0,2.162,0.0,0.0,0.0,273.3449170062107,273.34元,0.0,632.1575323917916
2025-02-20T02:30:00,2025-02-20T02:40:00,2025-02-20,15,623.8396039938135,623.8396039938135,0.0,623.8396039938135,0.0,0.0,623.8396039938135,0.4367,272.4307550640983,0.6550499999999999,0.0,2.1835,0.0,0.0,0.0,272.4307550640983,272.43元,0.0,623.8396039938135
2025-02-20T02:40:00,2025-02-20T02:50:00,2025-02-20,16,624.5095139539338,624.5095139539338,0.0,624.5095139539338,0.0,0.0,624.5095139539338,0.4348,271.53673666717043,0.6522,0.0,2.174,0.0,0.0,0.0,271.53673666717043,271.54元,0.0,624.5095139539338
2025-02-20T02:50:00,2025-02-20T03:00:00,2025-02-20,17,628.146584465283,628.146584465283,0.0,628.146584465283,0.0,0.0,628.146584465283,0.4335,272.3015443657002,0.65025,0.0,2.1675,0.0,0.0,0.0,272.3015443657002,272.30元,0.0,628.146584465283
2025-02-20T03:00:00,2025-02-20T03:10:00,2025-02-20,18,633.9939576947833,633.9939576947833,0.0,633.9939576947833,0.0,0.0,633.9939576947833,0.4357,276.23116736761705,0.65355,0.0,2.1784999999999997,0.0,0.0,0.0,276.23116736761705,276.23元,0.0,633.9939576947833
2025-02-20T03:10:00,2025-02-20T03:20:00,2025-02-20,19,648.5474772907271,648.5474772907271,0.0,648.5474772907271,0.0,0.0,648.5474772907271,0.4374,283.67466656696405,0.6561,0.0,2.1870000000000003,0.0,0.0,0.0,283.67466656696405,283.67元,0.0,648.5474772907271
2025-02-20T03:20:00,2025-02-20T03:30:00,2025-02-20,20,658.5301065613791,658.5301065613791,0.0,658.5301065613791,0.0,0.0,658.5301065613791,0.4371,287.84350957797875,0.65565,0.0,2.1854999999999998,0.0,0.0,0.0,287.84350957797875,287.84元,0.0,658.5301065613791
2025-02-20T03:30:00,2025-02-20T03:40:00,2025-02-20,21,664.4481641578179,664.4481641578179,0.0,664.4481641578179,0.0,0.0,664.4481641578179,0.4356,289.4336203071455,0.6534,0.0,2.178,0.0,0.0,0.0,289.4336203071455,289.43元,0.0,664.4481641578179
2025-02-20T03:40:00,2025-02-20T03:50:00,2025-02-20,22,678.468310594233,678.468310594233,0.0,678.468310594233,0.0,0.0,678.468310594233,0.4353,295.33725560166965,0.65295,0.0,2.1765,0.0,0.0,0.0,295.33725560166965,295.34元,0.0,678.468310594233
2025-02-20T03:50:00,2025-02-20T04:00:00,2025-02-20,23,684.6134831055665,684.6134831055665,0.0,684.6134831055665,0.0,0.0,684.6134831055665,0.436,298.491478634027,0.654,0.0,2.18,0.0,0.0,0.0,298.491478634027,298.49元,0.0,684.6134831055665
2025-02-20T04:00:00,2025-02-20T04:10:00,2025-02-20,24,674.8249313423855,674.8249313423855,0.0,674.8249313423855,0.0,0.0,674.8249313423855,0.4378,295.4383549416964,0.6567000000000001,0.0,2.189,0.0,0.0,0.0,295.4383549416964,295.44元,0.0,674.8249313423855
2025-02-20T04:10:00,2025-02-20T04:20:00,2025-02-20,25,658.998973069551,658.998973069551,0.0,658.998973069551,0.0,0.0,658.998973069551,0.4401,290.0254480479094,0.66015,0.0,2.2005,0.0,0.0,0.0,290.0254480479094,290.03元,0.0,658.998973069551
2025-02-20T04:20:00,2025-02-20T04:30:00,2025-02-20,26,657.0824615352398,657.0824615352398,0.0,657.0824615352398,0.0,0.0,657.0824615352398,0.4389,288.39349236781675,0.65835,0.0,2.1945,0.0,0.0,0.0,288.39349236781675,288.39元,0.0,657.0824615352398
2025-02-20T04:30:00,2025-02-20T04:40:00,2025-02-20,27,665.8052936768894,665.8052936768894,0.0,665.8052936768894,0.0,0.0,665.8052936768894,0.4364,290.55743016059455,0.6546000000000001,0.0,2.182,0.0,0.0,0.0,290.55743016059455,290.56元,0.0,665.8052936768894
2025-02-20T04:40:00,2025-02-20T04:50:00,2025-02-20,28,664.3061960687284,664.3061960687284,0.0,664.3061960687284,0.0,0.0,664.3061960687284,0.4393,291.8297119329924,0.65895,0.0,2.1965000000000003,0.0,0.0,0.0,291.8297119329924,291.83元,0.0,664.3061960687284
2025-02-20T04:50:00,2025-02-20T05:00:00,2025-02-20,29,663.2505386107948,663.2505386107948,0.0,663.2505386107948,0.0,0.0,663.2505386107948,0.4422,293.28938817369345,0.6633,0.0,2.211,0.0,0.0,0.0,293.28938817369345,293.29元,0.0,663.2505386107948
2025-02-20T05:00:00,2025-02-20T05:10:00,2025-02-20,30,673.2082459593527,673.2082459593527,0.0,673.2082459593527,0.0,0.0,673.2082459593527,0.4395,295.8750240991355,0.65925,0.0,2.1975,0.0,0.0,0.0,295.8750240991355,295.88元,0.0,673.2082459593527
2025-02-20T05:10:00,2025-02-20T05:20:00,2025-02-20,31,690.4192699128989,690.4192699128989,0.0,690.4192699128989,0.0,0.0,690.4192699128989,0.4333,299.1586696532591,0.64995,0.0,2.1665,0.0,0.0,0.0,299.1586696532591,299.16元,0.0,690.4192699128989
2025-02-20T05:20:00,2025-02-20T05:30:00,2025-02-20,32,688.3393160870082,688.3393160870082,0.0,688.3393160870082,0.0,0.0,688.3393160870082,0.4439,305.55382241102296,0.66585,0.0,2.2195,0.0,0.0,0.0,305.55382241102296,305.55元,0.0,688.3393160870082
2025-02-20T05:30:00,2025-02-20T05:40:00,2025-02-20,33,668.5046298779299,668.5046298779299,0.0,668.5046298779299,0.0,0.0,668.5046298779299,0.4301,287.52384131049763,0.64515,0.0,2.1505,0.0,0.0,0.0,287.52384131049763,287.52元,0.0,668.5046298779299
2025-02-20T05:40:00,2025-02-20T05:50:00,2025-02-20,34,1505.0063799291374,1505.0063799291374,0.0,1505.0063799291374,0.0,0.0,1505.0063799291374,0.3713,558.8088688676887,0.5569500000000001,0.0,1.8565,0.0,0.0,0.0,558.8088688676887,558.81元,706.9056269090615,798.1007530200759
2025-02-20T05:50:00,2025-02-20T06:00:00,2025-02-20,35,755.8421146959921,755.8421146959921,0.0,755.8421146959921,0.0,0.0,755.8421146959921,0.5708,431.4346790684723,0.8562,0.0,2.854,0.0,0.0,0.0,431.4346790684723,431.43元,25.897998021225114,729.944116674767
2025-02-20T06:00:00,2025-02-20T06:10:00,2025-02-20,36,147.80641624136945,137.82524166666644,0.0,137.82524166666644,-9.981174574703005,0.0,137.82524166666644,0.9099,125.40718739249981,1.3648500000000001,0.0,4.5495,0.0,796.358421201093,362.3032637254373,487.7104511179371,487.71元,0.0,137.82524166666644
2025-02-20T06:10:00,2025-02-20T06:20:00,2025-02-20,37,138.1884588786089,138.1884588786089,0.5230126246077589,138.71147150321667,0.5230126246077589,3.761061840116546,142.47253334333323,0.9368,129.45494827748084,1.4052,0.7349373400988227,4.684,17.6168136591059,0.0,0.0,147.80669927668555,147.81元,0.0,142.47253334333323
2025-02-20T06:20:00,2025-02-20T06:30:00,2025-02-20,38,260.78660793963127,141.95899330788848,0.0,141.95899330788848,-118.82761463174279,0.0,141.95899330788848,0.8758,124.32768633904873,1.3137,0.0,4.3790000000000004,0.0,0.0,0.0,124.32768633904873,124.33元,0.0,141.95899330788848
2025-02-20T06:30:00,2025-02-20T06:40:00,2025-02-20,39,158.88332466160068,149.9133754362182,0.0,149.9133754362182,-8.969949225382493,0.0,149.9133754362182,0.8759,131.3091255445835,1.31385,0.0,4.3795,0.0,0.0,0.0,131.3091255445835,131.31元,0.0,149.9133754362182
2025-02-20T06:40:00,2025-02-20T06:50:00,2025-02-20,40,855.1701112422356,543.9803035961138,0.0,543.9803035961138,-311.18980764612184,0.0,543.9803035961138,0.8601,467.87745912301745,1.29015,0.0,4.3004999999999995,0.0,0.0,0.0,467.87745912301745,467.88元,0.0,543.9803035961138
2025-02-20T06:50:00,2025-02-20T07:00:00,2025-02-20,41,799.2019226470578,788.3557626887889,0.0,788.3557626887889,-10.846159958268913,0.0,788.3557626887889,0.8442,665.5299348618755,1.2663,0.0,4.221,0.0,0.0,0.0,665.5299348618755,665.53元,0.0,788.3557626887889
2025-02-20T07:00:00,2025-02-20T07:10:00,2025-02-20,42,763.9730984357695,753.7483823091115,0.0,753.7483823091115,-10.224716126657995,0.0,753.7483823091115,0.8334,628.1739018164136,1.2501,0.0,4.167,0.0,0.0,0.0,628.1739018164136,628.17元,0.0,753.7483823091115
2025-02-20T07:10:00,2025-02-20T07:20:00,2025-02-20,43,718.2064833516262,708.2875249474256,0.0,708.2875249474256,-9.918958404200566,0.0,708.2875249474256,0.8092,573.1462651874568,1.2138,0.0,4.046,0.0,0.0,0.0,573.1462651874568,573.15元,0.0,708.2875249474256
2025-02-20T07:20:00,2025-02-20T07:30:00,2025-02-20,44,662.9727766747044,653.353684596435,0.0,653.353684596435,-9.619092078269432,0.0,653.353684596435,0.7972,520.8535573602779,1.1958,0.0,3.986,0.0,0.0,0.0,520.8535573602779,520.85元,0.0,653.353684596435
2025-02-20T07:30:00,2025-02-20T07:40:00,2025-02-20,45,586.2691877784011,586.2691877784011,0.0,586.2691877784011,0.0,0.0,586.2691877784011,0.7644,448.1441671378098,1.1465999999999998,0.0,3.822,0.0,0.0,0.0,448.1441671378098,448.14元,0.0,586.2691877784011
2025-02-20T07:40:00,2025-02-20T07:50:00,2025-02-20,46,1343.4352693419846,1334.3960045534054,0.0,1334.3960045534054,-9.039264788579203,0.0,1334.3960045534054,0.6899,920.5998035413943,1.03485,0.0,3.4494999999999996,0.0,0.0,0.0,920.5998035413943,920.60元,0.0,1334.3960045534054
2025-02-20T07:50:00,2025-02-20T08:00:00,2025-02-20,47,581.3870127844148,572.6265301877678,0.0,572.6265301877678,-8.760482596646966,0.0,572.6265301877678,0.86,492.4588159614803,1.29,0.0,4.3,0.0,0.0,0.0,492.4588159614803,492.46元,0.0,572.6265301877678
2025-02-20T08:00:00,2025-02-20T08:10:00,2025-02-20,48,0.0,0.0,0.0,0.0,0.0,0.0,0.0,1.1617,0.0,1.74255,0.0,5.8084999999999996,0.0,0.0,0.0,0.0,0.00元,0.0,0.0
2025-02-20T08:10:00,2025-02-20T08:20:00,2025-02-20,49,0.0,0.0,0.0,0.0,0.0,0.0,0.0,1.1683,0.0,1.7524499999999998,0.0,5.8415,0.0,0.0,0.0,0.0,0.00元,0.0,0.0
2025-02-20T08:20:00,2025-02-20T08:30:00,2025-02-20,50,0.0,0.0,0.0,0.0,0.0,0.0,0.0,1.0956,0.0,1.6433999999999997,0.0,5.478,0.0,0.0,0.0,0.0,0.00元,0.0,0.0
2025-02-20T08:30:00,2025-02-20T08:40:00,2025-02-20,51,0.0,0.0,0.0,0.0,0.0,0.0,0.0,1.0849,0.0,1.6273499999999999,0.0,5.4245,0.0,0.0,0.0,0.0,0.00元,0.0,0.0
2025-02-20T08:40:00,2025-02-20T08:50:00,2025-02-20,52,0.0,0.0,0.0,0.0,0.0,0.0,0.0,1.061,0.0,1.5915,0.0,5.305,0.0,0.0,0.0,0.0,0.00元,0.0,0.0
2025-02-20T08:50:00,2025-02-20T09:00:00,2025-02-20,53,0.0,0.0,0.0,0.0,0.0,0.0,0.0,1.043,0.0,1.5644999999999998,0.0,5.215,0.0,0.0,0.0,0.0,0.00元,0.0,0.0
2025-02-20T09:00:00,2025-02-20T09:10:00,2025-02-20,54,0.0,0.0,0.0,0.0,0.0,0.0,0.0,1.036,0.0,1.554,0.0,5.18,0.0,0.0,0.0,0.0,0.00元,0.0,0.0
2025-02-20T09:10:00,2025-02-20T09:20:00,2025-02-20,55,0.0,0.0,0.0,0.0,0.0,0.0,0.0,1.0147,0.0,1.52205,0.0,5.073499999999999,0.0,0.0,0.0,0.0,0.00元,0.0,0.0
2025-02-20T09:20:00,2025-02-20T09:30:00,2025-02-20,56,0.0,0.0,0.0,0.0,0.0,0.0,0.0,0.9922,0.0,1.4883,0.0,4.961,0.0,0.0,0.0,0.0,0.00元,0.0,0.0
2025-02-20T09:30:00,2025-02-20T09:40:00,2025-02-20,57,0.0,0.0,0.0,0.0,0.0,0.0,0.0,0.97,0.0,1.455,0.0,4.85,0.0,0.0,0.0,0.0,0.00元,0.0,0.0
2025-02-20T09:40:00,2025-02-20T09:50:00,2025-02-20,58,0.0,0.0,0.0,0.0,0.0,0.0,0.0,0.9422,0.0,1.4133,0.0,4.711,0.0,0.0,0.0,0.0,0.00元,0.0,0.0
2025-02-20T09:50:00,2025-02-20T10:00:00,2025-02-20,59,0.0,0.0,0.0,0.0,0.0,0.0,0.0,0.9569,0.0,1.43535,0.0,4.7844999999999995,0.0,0.0,0.0,0.0,0.00元,0.0,0.0
2025-02-20T10:00:00,2025-02-20T10:10:00,2025-02-20,60,0.0,0.0,0.0,0.0,0.0,0.0,0.0,0.9977,0.0,1.49655,0.0,4.9885,0.0,0.0,0.0,0.0,0.00元,0.0,0.0
2025-02-20T10:10:00,2025-02-20T10:20:00,2025-02-20,61,0.0,0.0,0.0,0.0,0.0,0.0,0.0,0.9919,0.0,1.48785,0.0,4.9595,0.0,0.0,0.0,0.0,0.00元,0.0,0.0
2025-02-20T10:20:00,2025-02-20T10:30:00,2025-02-20,62,0.0,0.0,0.0,0.0,0.0,0.0,0.0,0.9588,0.0,1.4382,0.0,4.794,0.0,0.0,0.0,0.0,0.00元,0.0,0.0
2025-02-20T10:30:00,2025-02-20T10:40:00,2025-02-20,63,0.0,0.0,0.0,0.0,0.0,0.0,0.0,0.9549,0.0,1.43235,0.0,4.7745,0.0,0.0,0.0,0.0,0.00元,0.0,0.0
2025-02-20T10:40:00,2025-02-20T10:50:00,2025-02-20,64,0.0,0.0,0.0,0.0,0.0,0.0,0.0,0.9839,0.0,1.4758499999999999,0.0,4.9195,0.0,0.0,0.0,0.0,0.00元,0.0,0.0
2025-02-20T10:50:00,2025-02-20T11:00:00,2025-02-20,65,9.635011342325406,0.0,0.0,0.0,-9.635011342325406,1.998356952120111,1.998356952120111,0.799,0.0,1.1985000000000001,0.0,3.995,7.983436023719845,0.0,0.0,7.983436023719845,7.98元,0.0,1.998356952120111
2025-02-20T11:00:00,2025-02-20T11:10:00,2025-02-20,66,853.4044485044398,824.9617140147562,0.0,824.9617140147562,-28.442734489683517,0.0,824.9617140147562,0.5025,414.54326129241497,0.7537499999999999,0.0,2.5124999999999997,0.0,0.0,0.0,414.54326129241497,414.54元,0.0,824.9617140147562
2025-02-20T11:10:00,2025-02-20T11:20:00,2025-02-20,67,843.613805030166,814.8732008564358,0.0,814.8732008564358,-28.740604173730162,0.0,814.8732008564358,0.4662,379.8938862392704,0.6993,0.0,2.331,0.0,0.0,0.0,379.8938862392704,379.89元,0.0,814.8732008564358
2025-02-20T11:20:00,2025-02-20T11:30:00,2025-02-20,68,831.9783818237137,803.2694038963424,0.0,803.2694038963424,-28.70897792737128,0.0,803.2694038963424,0.5007,402.1969905308987,0.75105,0.0,2.5035000000000003,0.0,0.0,0.0,402.1969905308987,402.20元,0.0,803.2694038963424
2025-02-20T11:30:00,2025-02-20T11:40:00,2025-02-20,69,815.3677284135064,786.8325866818783,0.0,786.8325866818783,-28.535141731628073,0.0,786.8325866818783,0.4827,379.8040895913427,0.7240500000000001,0.0,2.4135,0.0,0.0,0.0,379.8040895913427,379.80元,0.0,786.8325866818783
2025-02-20T11:40:00,2025-02-20T11:50:00,2025-02-20,70,795.6208220430386,767.1094319397852,0.0,767.1094319397852,-28.51139010325346,0.0,767.1094319397852,0.4785,367.0618631831872,0.71775,0.0,2.3925,0.0,0.0,0.0,367.0618631831872,367.06元,0.0,767.1094319397852
2025-02-20T11:50:00,2025-02-20T12:00:00,2025-02-20,71,752.5398973685554,723.8162372120302,0.0,723.8162372120302,-28.723660156525284,0.0,723.8162372120302,0.4662,337.4431297882485,0.6993,0.0,2.331,0.0,0.0,0.0,337.4431297882485,337.44元,0.0,723.8162372120302
2025-02-20T12:00:00,2025-02-20T12:10:00,2025-02-20,72,708.7262056542087,688.6251879385537,0.0,688.6251879385537,-20.10101771565496,0.0,688.6251879385537,0.4432,305.198683294367,0.6648,0.0,2.2159999999999997,0.0,143.16890562814672,31.726229487197312,336.92491278156433,336.92元,0.0,688.6251879385537
2025-02-20T12:10:00,2025-02-20T12:20:00,2025-02-20,73,715.9184478205799,696.0905278409901,0.0,696.0905278409901,-19.82791997958975,0.0,696.0905278409901,0.4411,307.04553183066076,0.66165,0.0,2.2055,0.0,0.0,0.0,307.04553183066076,307.05元,0.0,696.0905278409901
2025-02-20T12:20:00,2025-02-20T12:30:00,2025-02-20,74,730.3401260461948,708.5029896061957,2.3412641976092345,710.8442538038049,-19.49587224238985,0.0,710.8442538038049,0.4551,322.43971056977966,0.68265,1.598264004497944,2.2755,0.0,0.0,0.0,324.0379745742776,324.04元,0.0,710.8442538038049
2025-02-20T12:30:00,2025-02-20T12:40:00,2025-02-20,75,723.1088129696126,703.8971414327674,0.0,703.8971414327674,-19.211671536845188,0.0,703.8971414327674,0.4463,314.14929422144405,0.66945,0.0,2.2315,0.0,0.0,0.0,314.14929422144405,314.15元,0.0,703.8971414327674
2025-02-20T12:40:00,2025-02-20T12:50:00,2025-02-20,76,708.5215446787566,689.5497661302683,0.0,689.5497661302683,-18.971778548488373,0.0,689.5497661302683,0.4113,283.6118188093793,0.61695,0.0,2.0564999999999998,0.0,0.0,0.0,283.6118188093793,283.61元,0.0,689.5497661302683
2025-02-20T12:50:00,2025-02-20T13:00:00,2025-02-20,77,721.8652050360198,641.907412255015,61.26569719247186,703.1731094474868,-18.692095588532993,0.0,703.1731094474868,0.5682,364.7317916432995,0.8523000000000001,52.216753717143774,2.841,0.0,0.0,0.0,416.9485453604433,416.95元,0.0,703.1731094474868
2025-02-20T13:00:00,2025-02-20T13:10:00,2025-02-20,78,0.0,0.0,0.0,0.0,0.0,0.0,0.0,0.8279,0.0,1.24185,0.0,4.1395,0.0,0.0,0.0,0.0,0.00元,0.0,0.0
2025-02-20T13:10:00,2025-02-20T13:20:00,2025-02-20,79,0.0,0.0,0.0,0.0,0.0,0.0,0.0,0.8636,0.0,1.2954,0.0,4.3180000000000005,0.0,0.0,0.0,0.0,0.00元,0.0,0.0
2025-02-20T13:20:00,2025-02-20T13:30:00,2025-02-20,80,0.0,0.0,0.0,0.0,0.0,0.0,0.0,0.8416,0.0,1.2624,0.0,4.208,0.0,0.0,0.0,0.0,0.00元,0.0,0.0
2025-02-20T13:30:00,2025-02-20T13:40:00,2025-02-20,81,0.0,0.0,0.0,0.0,0.0,0.0,0.0,0.8618,0.0,1.2927,0.0,4.309,0.0,0.0,0.0,0.0,0.00元,0.0,0.0
2025-02-20T13:40:00,2025-02-20T13:50:00,2025-02-20,82,0.0,0.0,0.0,0.0,0.0,0.0,0.0,0.8623,0.0,1.29345,0.0,4.3115,0.0,0.0,0.0,0.0,0.00元,0.0,0.0
2025-02-20T13:50:00,2025-02-20T14:00:00,2025-02-20,83,0.0,0.0,0.0,0.0,0.0,0.0,0.0,0.9026,0.0,1.3538999999999999,0.0,4.513,0.0,0.0,0.0,0.0,0.00元,0.0,0.0
2025-02-20T14:00:00,2025-02-20T14:10:00,2025-02-20,84,0.0,0.0,0.0,0.0,0.0,0.0,0.0,0.9754,0.0,1.4631,0.0,4.877000000000001,0.0,0.0,0.0,0.0,0.00元,0.0,0.0
2025-02-20T14:10:00,2025-02-20T14:20:00,2025-02-20,85,0.0,0.0,0.0,0.0,0.0,0.0,0.0,1.0002,0.0,1.5003,0.0,5.0009999999999994,0.0,0.0,0.0,0.0,0.00元,0.0,0.0
2025-02-20T14:20:00,2025-02-20T14:30:00,2025-02-20,86,0.0,0.0,0.0,0.0,0.0,0.0,0.0,0.9978,0.0,1.4967000000000001,0.0,4.989,0.0,0.0,0.0,0.0,0.00元,0.0,0.0
2025-02-20T14:30:00,2025-02-20T14:40:00,2025-02-20,87,0.0,0.0,0.0,0.0,0.0,0.0,0.0,1.0271,0.0,1.5406499999999999,0.0,5.1354999999999995,0.0,0.0,0.0,0.0,0.00元,0.0,0.0
2025-02-20T14:40:00,2025-02-20T14:50:00,2025-02-20,88,0.0,0.0,0.0,0.0,0.0,0.0,0.0,1.0906,0.0,1.6359,0.0,5.453,0.0,0.0,0.0,0.0,0.00元,0.0,0.0
2025-02-20T14:50:00,2025-02-20T15:00:00,2025-02-20,89,0.0,0.0,0.0,0.0,0.0,0.0,0.0,0.9376,0.0,1.4064,0.0,4.688,0.0,0.0,0.0,0.0,0.00元,0.0,0.0
2025-02-20T15:00:00,2025-02-20T15:10:00,2025-02-20,90,549.3909831232577,549.3909831232577,45.45754147865489,594.8485246019126,45.45754147865489,0.0,594.8485246019126,0.6694,367.7623241027087,1.0041,45.64391739871737,3.347,0.0,0.0,0.0,413.40624150142605,413.41元,0.0,594.8485246019126
2025-02-20T15:10:00,2025-02-20T15:20:00,2025-02-20,91,1161.1025738947897,1136.8712565925607,0.0,1136.8712565925607,-24.231317302228945,0.0,1136.8712565925607,0.66,750.3350293510902,0.99,0.0,3.3000000000000003,0.0,0.0,0.0,750.3350293510902,750.34元,0.0,1136.8712565925607
2025-02-20T15:20:00,2025-02-20T15:30:00,2025-02-20,92,380.28395285060367,380.28395285060367,1.59793984674468,381.88189269734835,1.59793984674468,0.0,381.88189269734835,0.7217,274.4509287722807,1.08255,1.7298497810934532,3.6085000000000003,0.0,0.0,0.0,276.1807785533741,276.18元,0.0,381.88189269734835
2025-02-20T15:30:00,2025-02-20T15:40:00,2025-02-20,93,418.3313936901611,418.3313936901611,1.2633039860362487,419.59469767619737,1.2633039860362487,0.0,419.59469767619737,0.7308,305.71658250876976,1.0962,1.3848338294929359,3.654,0.0,0.0,0.0,307.1014163382627,307.10元,0.0,419.59469767619737
2025-02-20T15:40:00,2025-02-20T15:50:00,2025-02-20,94,492.5843834545043,492.5843834545043,0.990878342966198,493.5752617974705,0.990878342966198,0.0,493.5752617974705,0.7534,371.1130744946235,1.1300999999999999,1.1197916153861003,3.767,0.0,0.0,0.0,372.23286611000964,372.23元,0.0,493.5752617974705
2025-02-20T15:50:00,2025-02-20T16:00:00,2025-02-20,95,557.8460100132354,557.8460100132354,0.7450915812640915,558.5911015944995,0.7450915812640915,0.0,558.5911015944995,0.7823,436.40293363335405,1.1734499999999999,0.8743277160343481,3.9115,0.0,0.0,0.0,437.27726134938837,437.28元,0.0,558.5911015944995
2025-02-20T16:00:00,2025-02-20T16:10:00,2025-02-20,96,594.9695720545319,594.9695720545319,0.0,594.9695720545319,0.0,0.0,594.9695720545319,0.8055,479.24799028992544,1.20825,0.0,4.0275,0.0,0.0,0.0,479.24799028992544,479.25元,0.0,594.9695720545319
2025-02-20T16:10:00,2025-02-20T16:20:00,2025-02-20,97,632.7359859071514,632.7359859071514,0.0,632.7359859071514,0.0,0.0,632.7359859071514,0.8271,523.3359339438049,1.24065,0.0,4.1354999999999995,0.0,0.0,0.0,523.3359339438049,523.34元,0.0,632.7359859071514
2025-02-20T16:20:00,2025-02-20T16:30:00,2025-02-20,98,694.2081881851293,694.2081881851293,0.0,694.2081881851293,0.0,0.0,694.2081881851293,0.8519,591.3959555149116,1.27785,0.0,4.2595,0.0,0.0,0.0,591.3959555149116,591.40元,0.0,694.2081881851293
2025-02-20T16:30:00,2025-02-20T16:40:00,2025-02-20,99,758.9367608491634,758.9367608491634,0.0,758.9367608491634,0.0,0.0,758.9367608491634,0.8791,667.1813064624996,1.3186499999999999,0.0,4.3955,0.0,0.0,0.0,667.1813064624996,667.18元,0.0,758.9367608491634
2025-02-20T16:40:00,2025-02-20T16:50:00,2025-02-20,100,789.7252691933427,789.7252691933427,0.0,789.7252691933427,0.0,0.0,789.7252691933427,0.9024,712.6480829200724,1.3536,0.0,4.512,0.0,0.0,0.0,712.6480829200724,712.65元,0.0,789.7252691933427
2025-02-20T16:50:00,2025-02-20T17:00:00,2025-02-20,101,841.9335517097961,841.9335517097961,0.0,841.9335517097961,0.0,0.0,841.9335517097961,0.9163,771.4637134316862,1.37445,0.0,4.5815,0.0,0.0,0.0,771.4637134316862,771.46元,0.0,841.9335517097961
2025-02-20T17:00:00,2025-02-20T17:10:00,2025-02-20,102,915.8258012633034,915.8258012633034,0.0,915.8258012633034,0.0,0.0,915.8258012633034,0.9264,848.4210222903243,1.3896,0.0,4.632,0.0,0.0,0.0,848.4210222903243,848.42元,0.0,915.8258012633034
2025-02-20T17:10:00,2025-02-20T17:20:00,2025-02-20,103,952.9008769806322,952.9008769806322,0.0,952.9008769806322,0.0,0.0,952.9008769806322,0.9462,901.6348097990742,1.4193,0.0,4.731,0.0,0.0,0.0,901.6348097990742,901.63元,0.0,952.9008769806322
2025-02-20T17:20:00,2025-02-20T17:30:00,2025-02-20,104,973.8752434021986,973.8752434021986,0.0,973.8752434021986,0.0,0.0,973.8752434021986,0.9742,948.7492621224219,1.4613,0.0,4.8709999999999996,0.0,0.0,0.0,948.7492621224219,948.75元,0.0,973.8752434021986
2025-02-20T17:30:00,2025-02-20T17:40:00,2025-02-20,105,1009.8642602293788,1009.8642602293788,0.0,1009.8642602293788,0.0,0.0,1009.8642602293788,0.9862,995.9281334382134,1.4792999999999998,0.0,4.931,0.0,0.0,0.0,995.9281334382134,995.93元,0.0,1009.8642602293788
2025-02-20T17:40:00,2025-02-20T17:50:00,2025-02-20,106,1040.9637879055547,1040.9637879055547,0.0,1040.9637879055547,0.0,0.0,1040.9637879055547,0.976,1015.9806569958214,1.464,0.0,4.88,0.0,0.0,0.0,1015.9806569958214,1015.98元,0.0,1040.9637879055547
2025-02-20T17:50:00,2025-02-20T18:00:00,2025-02-20,107,914.7906748642121,914.7906748642121,0.0,914.7906748642121,0.0,0.0,914.7906748642121,1.0742,982.6681429391366,1.6113,0.0,5.371,0.0,0.0,0.0,982.6681429391366,982.67元,0.0,914.7906748642121
2025-02-20T18:00:00,2025-02-20T18:10:00,2025-02-20,108,709.3788550155143,706.2007327968727,10.076767203127247,716.2774999999999,6.8986449844856,0.0,716.2774999999999,1.2313,869.5449622927894,1.84695,18.61128518581587,6.1565,0.0,0.0,0.0,888.1562474786052,888.16元,0.0,716.2774999999999
2025-02-20T18:10:00,2025-02-20T18:20:00,2025-02-20,109,689.9242416618159,686.8254020448682,9.808492614894817,696.633894659763,6.709652997947046,0.0,696.633894659763,1.2561,862.7213875085589,1.88415,18.48067136035407,6.2805,0.0,0.0,0.0,881.202058868913,881.20元,0.0,696.633894659763
2025-02-20T18:20:00,2025-02-20T18:30:00,2025-02-20,110,721.8613798659131,718.8474345806043,9.539783831009231,728.3872184116135,6.525838545700367,0.0,728.3872184116135,1.2447,894.749401822478,1.8670499999999999,17.811253401685782,6.2235,0.0,0.0,0.0,912.5606552241638,912.56元,0.0,728.3872184116135
2025-02-20T18:30:00,2025-02-20T18:40:00,2025-02-20,111,716.3261402482143,713.3947635699392,9.27843646476174,722.6732000347009,6.347059786486625,0.0,722.6732000347009,1.2545,894.9537308984886,1.8817499999999998,17.459697817565402,6.2725,0.0,0.0,0.0,912.413428716054,912.41元,0.0,722.6732000347009
2025-02-20T18:40:00,2025-02-20T18:50:00,2025-02-20,112,718.5423098080591,715.6912397266543,9.024248846266914,724.7154885729212,6.173178764862087,0.0,724.7154885729212,1.2522,896.1885703857165,1.8782999999999999,16.950246607943146,6.261,0.0,0.0,0.0,913.1388169936596,913.14元,0.0,724.7154885729212
2025-02-20T18:50:00,2025-02-20T19:00:00,2025-02-20,113,54.075359688105436,54.075359688105436,245.79600514786614,299.8713648359716,245.79600514786614,0.0,299.8713648359716,1.2881,69.65447081424861,1.93215,474.9147513464496,6.4405,0.0,0.0,0.0,544.5692221606981,544.57元,0.0,299.8713648359716
2025-02-20T19:00:00,2025-02-20T19:10:00,2025-02-20,114,0.0,0.0,20.993936441907294,20.993936441907294,20.993936441907294,0.0,20.993936441907294,1.3466,0.0,2.0199,42.405652219008545,6.7330000000000005,0.0,0.0,0.0,42.405652219008545,42.41元,0.0,20.993936441907294
2025-02-20T19:10:00,2025-02-20T19:20:00,2025-02-20,115,14.34874797952898,14.34874797952898,6.2030970651285315,20.55184504465751,6.2030970651285315,0.0,20.55184504465751,1.3523,19.40381189271704,2.0284500000000003,12.58267224175997,6.7615,0.0,0.0,0.0,31.98648413447701,31.99元,0.0,20.55184504465751
2025-02-20T19:20:00,2025-02-20T19:30:00,2025-02-20,116,36.63146997868682,36.63146997868682,3.1222617755432793,39.7537317542301,3.1222617755432793,0.0,39.7537317542301,1.3445,49.25101138634444,2.01675,6.296821435826908,6.7225,0.0,0.0,0.0,55.547832822171344,55.55元,0.0,39.7537317542301
2025-02-20T19:30:00,2025-02-20T19:40:00,2025-02-20,117,23.087801769941393,23.087801769941393,14.059957628660868,37.14775939860226,14.059957628660868,0.0,37.14775939860226,1.3483,31.12928312641198,2.02245,28.435561306085173,6.7415,0.0,0.0,0.0,59.56484443249715,59.56元,0.0,37.14775939860226
2025-02-20T19:40:00,2025-02-20T19:50:00,2025-02-20,118,37.86348135283686,37.86348135283686,5.30283057576662,43.16631192860348,5.30283057576662,0.0,43.16631192860348,1.349,51.077836344976916,2.0235,10.730277670063757,6.745,0.0,0.0,0.0,61.80811401504067,61.81元,0.0,43.16631192860348
2025-02-20T19:50:00,2025-02-20T20:00:00,2025-02-20,119,20.279837711965115,20.279837711965115,12.887674096171054,33.16751180813617,12.887674096171054,0.0,33.16751180813617,1.3473,27.3230253493306,2.02095,26.04534496465689,6.7364999999999995,0.0,0.0,0.0,53.36837031398749,53.37元,0.0,33.16751180813617
2025-02-20T20:00:00,2025-02-20T20:10:00,2025-02-20,120,0.0,0.0,0.0,0.0,0.0,0.0,0.0,1.3482,0.0,2.0223,0.0,6.7410000000000005,0.0,0.0,0.0,0.0,0.00元,0.0,0.0
2025-02-20T20:10:00,2025-02-20T20:20:00,2025-02-20,121,0.0,0.0,0.0,0.0,0.0,0.0,0.0,1.3513,0.0,2.02695,0.0,6.7565,0.0,0.0,0.0,0.0,0.00元,0.0,0.0
2025-02-20T20:20:00,2025-02-20T20:30:00,2025-02-20,122,9.077140916451299,9.077140916451299,1.2904726021179158,10.367613518569215,1.2904726021179158,0.0,10.367613518569215,1.34,12.16336882804474,2.0100000000000002,2.593849930257011,6.7,0.0,0.0,0.0,14.757218758301752,14.76元,0.0,10.367613518569215
2025-02-20T20:30:00,2025-02-20T20:40:00,2025-02-20,123,6.973416856100016,6.973416856100016,11.083171822097597,18.056588678197613,11.083171822097597,0.0,18.056588678197613,1.3489,9.406441997193312,2.0233499999999998,22.42513570624117,6.7445,0.0,0.0,0.0,31.831577703434483,31.83元,0.0,18.056588678197613
2025-02-20T20:40:00,2025-02-20T20:50:00,2025-02-20,124,13.801687505225573,13.801687505225573,0.0,13.801687505225573,0.0,0.0,13.801687505225573,1.3952,19.25611440729072,2.0928,0.0,6.976,0.0,0.0,0.0,19.25611440729072,19.26元,0.0,13.801687505225573
2025-02-20T20:50:00,2025-02-20T21:00:00,2025-02-20,125,718.6657342501286,718.6657342501286,4.302097915453828,722.9678321655824,4.302097915453828,0.0,722.9678321655824,1.2226,878.6407266942072,1.8338999999999999,7.889617367150775,6.1129999999999995,0.0,0.0,0.0,886.530344061358,886.53元,0.0,722.9678321655824
2025-02-20T21:00:00,2025-02-20T21:10:00,2025-02-20,126,729.0518084929748,729.0518084929748,4.184239693563313,733.2360481865381,4.184239693563313,0.0,733.2360481865381,0.9332,680.3511476856442,1.3998,5.857098723049926,4.666,0.0,0.0,0.0,686.2082464086941,686.21元,0.0,733.2360481865381
2025-02-20T21:10:00,2025-02-20T21:20:00,2025-02-20,127,733.6426713299785,733.6426713299785,4.2962648194517215,737.9389361494302,4.2962648194517215,0.0,737.9389361494302,0.9068,665.2671743620245,1.3602,5.843779407418232,4.534000000000001,0.0,0.0,0.0,671.1109537694427,671.11元,0.0,737.9389361494302
2025-02-20T21:20:00,2025-02-20T21:30:00,2025-02-20,128,721.846552218079,721.846552218079,3.958121158301765,725.8046733763807,3.958121158301765,0.0,725.8046733763807,0.9371,676.4424040835618,1.40565,5.563733006166876,4.6855,0.0,0.0,0.0,682.0061370897287,682.01元,0.0,725.8046733763807
2025-02-20T21:30:00,2025-02-20T21:40:00,2025-02-20,129,723.9258342135533,723.9258342135533,3.8496863595332798,727.7755205730866,3.8496863595332798,0.0,727.7755205730866,0.9371,678.3908992415209,1.40565,5.411311631277955,4.6855,0.0,0.0,0.0,683.8022108727988,683.80元,0.0,727.7755205730866
2025-02-20T21:40:00,2025-02-20T21:50:00,2025-02-20,130,707.4859182736415,707.4859182736415,59.341786213195064,766.8277044868365,59.341786213195064,0.0,766.8277044868365,0.9871,698.3593499279115,1.48065,87.86441575656727,4.9355,0.0,0.0,0.0,786.2237656844787,786.22元,0.0,766.8277044868365
2025-02-20T21:50:00,2025-02-20T22:00:00,2025-02-20,131,737.5041146274865,719.294472411506,0.0,719.294472411506,-18.209642215980466,0.0,719.294472411506,0.7764,558.4602283802933,1.1646,0.0,3.8819999999999997,0.0,0.0,0.0,558.4602283802933,558.46元,0.0,719.294472411506
2025-02-20T22:00:00,2025-02-20T22:10:00,2025-02-20,132,1378.1201295787237,1376.4843183667556,0.0,1376.4843183667556,-1.6358112119680754,0.0,1376.4843183667556,0.4209,579.3622496005675,0.63135,0.0,2.1045,0.0,0.0,0.0,579.3622496005675,579.36元,2.839318376755606,1373.64499999
2025-02-20T22:10:00,2025-02-20T22:20:00,2025-02-20,133,1360.0695774689527,1358.4785801604753,0.0,1358.4785801604753,-1.5909973084774265,0.0,1358.4785801604753,0.3859,524.2368840839274,0.5788500000000001,0.0,1.9295,0.0,0.0,0.0,524.2368840839274,524.24元,0.0,1358.4785801604753
2025-02-20T22:20:00,2025-02-20T22:30:00,2025-02-20,134,549.6699554898025,549.6699554898025,0.0,549.6699554898025,0.0,0.0,549.6699554898025,0.4368,240.09583655794574,0.6552,0.0,2.184,0.0,0.0,0.0,240.09583655794574,240.10元,0.0,549.6699554898025
2025-02-20T22:30:00,2025-02-20T22:40:00,2025-02-20,135,1389.5072931473337,1388.0022741783741,0.0,1388.0022741783741,-1.5050189689595754,0.0,1388.0022741783741,0.4198,582.6833547000815,0.6297,0.0,2.099,0.0,0.0,0.0,582.6833547000815,582.68元,0.0,1388.0022741783741
2025-02-20T22:40:00,2025-02-20T22:50:00,2025-02-20,136,1408.7463976666054,1407.2826094792504,0.0,1407.2826094792504,-1.4637881873550214,0.0,1407.2826094792504,0.4186,589.0885003280142,0.6279,0.0,2.093,0.0,0.0,0.0,589.0885003280142,589.09元,29.059142822583674,1378.2234666566667
2025-02-20T22:50:00,2025-02-20T23:00:00,2025-02-20,137,1217.1876063134205,1217.1876063134205,0.0,1217.1876063134205,0.0,0.0,1217.1876063134205,0.4241,516.2092638375216,0.63615,0.0,2.1205,0.0,0.0,0.0,516.2092638375216,516.21元,0.0,1217.1876063134205
2025-02-20T23:00:00,2025-02-20T23:10:00,2025-02-20,138,1384.2926922497622,1382.9080079534601,0.0,1382.9080079534601,-1.3846842963021118,0.0,1382.9080079534601,0.4237,585.9381229698811,0.6355500000000001,0.0,2.1185,0.0,0.0,0.0,585.9381229698811,585.94元,0.0,1382.9080079534601
2025-02-20T23:10:00,2025-02-20T23:20:00,2025-02-20,139,548.3762011389111,548.3762011389111,0.0,548.3762011389111,0.0,0.0,548.3762011389111,0.4248,232.95021024380947,0.6372,0.0,2.124,0.0,0.0,0.0,232.95021024380947,232.95元,0.0,548.3762011389111
2025-02-20T23:20:00,2025-02-20T23:30:00,2025-02-20,140,1393.0648028624644,1391.7549476409308,0.0,1391.7549476409308,-1.309855221533553,0.0,1391.7549476409308,0.424,590.1040977997546,0.636,0.0,2.12,0.0,0.0,0.0,590.1040977997546,590.10元,0.0,1391.7549476409308
2025-02-20T23:30:00,2025-02-20T23:40:00,2025-02-20,141,1410.0596281536987,1408.7856571008608,0.0,1408.7856571008608,-1.273971052837851,0.0,1408.7856571008608,0.422,594.5075472965632,0.633,0.0,2.11,0.0,0.0,0.0,594.5075472965632,594.51元,23.38565711086084,1385.39999999
2025-02-20T23:40:00,2025-02-20T23:50:00,2025-02-20,142,1418.3587104312683,1417.1196404815616,0.0,1417.1196404815616,-1.239069949706618,0.0,1417.1196404815616,0.424,600.8587275641821,0.636,0.0,2.12,0.0,0.0,0.0,600.8587275641821,600.86元,34.36195715822827,1382.7576833233334
2025-02-20T23:50:00,2025-02-21T00:00:00,2025-02-20,143,512.8466016274605,512.8466016274605,0.0,512.8466016274605,0.0,0.0,512.8466016274605,0.4271,219.03678355508836,0.6406499999999999,0.0,2.1355,0.0,0.0,0.0,219.03678355508836,219.04元,0.0,512.8466016274605
2025-02-21T00:00:00,2025-02-21T00:10:00,2025-02-20,144,419.6825833333333,419.6825833333333,0.0,419.6825833333333,0.0,0.0,419.6825833333333,0.4276,179.4562726333333,0.6414,0.0,2.138,0.0,0.0,0.0,179.4562726333333,179.46元,0.0,419.6825833333333
2025-02-21T00:10:00,2025-02-21T00:20:00,2025-02-21,1,422.47364360938985,422.47364360938985,0.0,422.47364360938985,0.0,0.0,422.47364360938985,0.4248,179.46680380526882,0.6372,0.0,2.124,0.0,0.0,0.0,179.46680380526882,179.47元,0.0,422.47364360938985
2025-02-21T00:20:00,2025-02-21T00:30:00,2025-02-21,2,431.66505053403876,431.66505053403876,0.0,431.66505053403876,0.0,0.0,431.66505053403876,0.4245,183.24181395169944,0.6367499999999999,0.0,2.1225,0.0,0.0,0.0,183.24181395169944,183.24元,0.0,431.66505053403876
2025-02-21T00:30:00,2025-02-21T00:40:00,2025-02-21,3,412.0606233643329,412.0606233643329,0.0,412.0606233643329,0.0,0.0,412.0606233643329,0.4269,175.90868011423373,0.64035,0.0,2.1345,0.0,0.0,0.0,175.90868011423373,175.91元,0.0,412.0606233643329
2025-02-21T00:40:00,2025-02-21T00:50:00,2025-02-21,4,425.2182056696447,425.2182056696447,0.0,425.2182056696447,0.0,0.0,425.2182056696447,0.4272,181.65321746207223,0.6408,0.0,2.136,0.0,0.0,0.0,181.65321746207223,181.65元,0.0,425.2182056696447
2025-02-21T00:50:00,2025-02-21T01:00:00,2025-02-21,5,438.447300213526,438.447300213526,0.0,438.447300213526,0.0,0.0,438.447300213526,0.4271,187.26084192119694,0.6406499999999999,0.0,2.1355,0.0,0.0,0.0,187.26084192119694,187.26元,0.0,438.447300213526
2025-02-21T01:00:00,2025-02-21T01:10:00,2025-02-21,6,431.2212730054749,431.2212730054749,0.0,431.2212730054749,0.0,0.0,431.2212730054749,0.4285,184.778315482846,0.6427499999999999,0.0,2.1425,0.0,0.0,0.0,184.778315482846,184.78元,0.0,431.2212730054749
2025-02-21T01:10:00,2025-02-21T01:20:00,2025-02-21,7,420.5289665225138,420.5289665225138,0.0,420.5289665225138,0.0,0.0,420.5289665225138,0.4311,181.2900374678557,0.64665,0.0,2.1555,0.0,0.0,0.0,181.2900374678557,181.29元,0.0,420.5289665225138
2025-02-21T01:20:00,2025-02-21T01:30:00,2025-02-21,8,424.1951079338306,424.1951079338306,0.0,424.1951079338306,0.0,0.0,424.1951079338306,0.4302,182.48873543313394,0.6453,0.0,2.1510000000000002,0.0,0.0,0.0,182.48873543313394,182.49元,0.0,424.1951079338306
2025-02-21T01:30:00,2025-02-21T01:40:00,2025-02-21,9,436.7312023283975,436.7312023283975,0.0,436.7312023283975,0.0,0.0,436.7312023283975,0.4279,186.8772814763213,0.64185,0.0,2.1395,0.0,0.0,0.0,186.8772814763213,186.88元,0.0,436.7312023283975
2025-02-21T01:40:00,2025-02-21T01:50:00,2025-02-21,10,437.73854261215246,437.73854261215246,0.0,437.73854261215246,0.0,0.0,437.73854261215246,0.4312,188.75285957436014,0.6468,0.0,2.156,0.0,0.0,0.0,188.75285957436014,188.75元,0.0,437.73854261215246
2025-02-21T01:50:00,2025-02-21T02:00:00,2025-02-21,11,439.18767690799694,439.18767690799694,0.0,439.18767690799694,0.0,0.0,439.18767690799694,0.4333,190.30002040423508,0.64995,0.0,2.1665,0.0,0.0,0.0,190.30002040423508,190.30元,0.0,439.18767690799694
2025-02-21T02:00:00,2025-02-21T02:10:00,2025-02-21,12,451.15556095853447,451.15556095853447,0.0,451.15556095853447,0.0,0.0,451.15556095853447,0.4311,194.4931623292242,0.64665,0.0,2.1555,0.0,0.0,0.0,194.4931623292242,194.49元,0.0,451.15556095853447
2025-02-21T02:10:00,2025-02-21T02:20:00,2025-02-21,13,470.5401530314717,470.5401530314717,0.0,470.5401530314717,0.0,0.0,470.5401530314717,0.4293,202.0028876964108,0.64395,0.0,2.1465,0.0,0.0,0.0,202.0028876964108,202.00元,0.0,470.5401530314717
2025-02-21T02:20:00,2025-02-21T02:30:00,2025-02-21,14,483.19781632761334,483.19781632761334,0.0,483.19781632761334,0.0,0.0,483.19781632761334,0.4324,208.93473578006,0.6486000000000001,0.0,2.162,0.0,0.0,0.0,208.93473578006,208.93元,0.0,483.19781632761334
2025-02-21T02:30:00,2025-02-21T02:40:00,2025-02-21,15,488.6055363913761,488.6055363913761,0.0,488.6055363913761,0.0,0.0,488.6055363913761,0.4367,213.37403774211393,0.6550499999999999,0.0,2.1835,0.0,0.0,0.0,213.37403774211393,213.37元,0.0,488.6055363913761
2025-02-21T02:40:00,2025-02-21T02:50:00,2025-02-21,16,497.1539260237549,497.1539260237549,0.0,497.1539260237549,0.0,0.0,497.1539260237549,0.4348,216.16252703512862,0.6522,0.0,2.174,0.0,0.0,0.0,216.16252703512862,216.16元,0.0,497.1539260237549
2025-02-21T02:50:00,2025-02-21T03:00:00,2025-02-21,17,498.6918626976728,498.6918626976728,0.0,498.6918626976728,0.0,0.0,498.6918626976728,0.4335,216.18292247944115,0.65025,0.0,2.1675,0.0,0.0,0.0,216.18292247944115,216.18元,0.0,498.6918626976728
2025-02-21T03:00:00,2025-02-21T03:10:00,2025-02-21,18,497.7273309756499,497.7273309756499,0.0,497.7273309756499,0.0,0.0,497.7273309756499,0.4357,216.85979810609066,0.65355,0.0,2.1784999999999997,0.0,0.0,0.0,216.85979810609066,216.86元,0.0,497.7273309756499
2025-02-21T03:10:00,2025-02-21T03:20:00,2025-02-21,19,510.155283263063,510.155283263063,0.0,510.155283263063,0.0,0.0,510.155283263063,0.4374,223.14192089926377,0.6561,0.0,2.1870000000000003,0.0,0.0,0.0,223.14192089926377,223.14元,0.0,510.155283263063
2025-02-21T03:20:00,2025-02-21T03:30:00,2025-02-21,20,518.4441372302623,518.4441372302623,0.0,518.4441372302623,0.0,0.0,518.4441372302623,0.4371,226.61193238334764,0.65565,0.0,2.1854999999999998,0.0,0.0,0.0,226.61193238334764,226.61元,0.0,518.4441372302623
2025-02-21T03:30:00,2025-02-21T03:40:00,2025-02-21,21,517.3879740701578,517.3879740701578,0.0,517.3879740701578,0.0,0.0,517.3879740701578,0.4356,225.37420150496075,0.6534,0.0,2.178,0.0,0.0,0.0,225.37420150496075,225.37元,0.0,517.3879740701578
2025-02-21T03:40:00,2025-02-21T03:50:00,2025-02-21,22,515.6786417578796,515.6786417578796,0.0,515.6786417578796,0.0,0.0,515.6786417578796,0.4353,224.474912757205,0.65295,0.0,2.1765,0.0,0.0,0.0,224.474912757205,224.47元,0.0,515.6786417578796
2025-02-21T03:50:00,2025-02-21T04:00:00,2025-02-21,23,495.8749783124572,495.8749783124572,0.0,495.8749783124572,0.0,0.0,495.8749783124572,0.436,216.20149054423132,0.654,0.0,2.18,0.0,0.0,0.0,216.20149054423132,216.20元,0.0,495.8749783124572
2025-02-21T04:00:00,2025-02-21T04:10:00,2025-02-21,24,476.61496922712695,476.61496922712695,0.0,476.61496922712695,0.0,0.0,476.61496922712695,0.4378,208.6620335276362,0.6567000000000001,0.0,2.189,0.0,0.0,0.0,208.6620335276362,208.66元,0.0,476.61496922712695
2025-02-21T04:10:00,2025-02-21T04:20:00,2025-02-21,25,496.40122573488463,496.40122573488463,0.0,496.40122573488463,0.0,0.0,496.40122573488463,0.4401,218.46617944592273,0.66015,0.0,2.2005,0.0,0.0,0.0,218.46617944592273,218.47元,0.0,496.40122573488463
2025-02-21T04:20:00,2025-02-21T04:30:00,2025-02-21,26,504.76210057589225,504.76210057589225,0.0,504.76210057589225,0.0,0.0,504.76210057589225,0.4389,221.5400859427591,0.65835,0.0,2.1945,0.0,0.0,0.0,221.5400859427591,221.54元,0.0,504.76210057589225
2025-02-21T04:30:00,2025-02-21T04:40:00,2025-02-21,27,495.28869293335975,495.28869293335975,0.0,495.28869293335975,0.0,0.0,495.28869293335975,0.4364,216.1439855961182,0.6546000000000001,0.0,2.182,0.0,0.0,0.0,216.1439855961182,216.14元,0.0,495.28869293335975
2025-02-21T04:40:00,2025-02-21T04:50:00,2025-02-21,28,510.24566182356256,510.24566182356256,0.0,510.24566182356256,0.0,0.0,510.24566182356256,0.4393,224.15091923909105,0.65895,0.0,2.1965000000000003,0.0,0.0,0.0,224.15091923909105,224.15元,0.0,510.24566182356256
2025-02-21T04:50:00,2025-02-21T05:00:00,2025-02-21,29,520.7921787732835,520.7921787732835,0.0,520.7921787732835,0.0,0.0,520.7921787732835,0.4422,230.29430145354593,0.6633,0.0,2.211,0.0,0.0,0.0,230.29430145354593,230.29元,0.0,520.7921787732835
2025-02-21T05:00:00,2025-02-21T05:10:00,2025-02-21,30,509.2802114512954,509.2802114512954,0.0,509.2802114512954,0.0,0.0,509.2802114512954,0.4395,223.8286529328443,0.65925,0.0,2.1975,0.0,0.0,0.0,223.8286529328443,223.83元,0.0,509.2802114512954
2025-02-21T05:10:00,2025-02-21T05:20:00,2025-02-21,31,490.2149748014617,490.2149748014617,0.0,490.2149748014617,0.0,0.0,490.2149748014617,0.4333,212.41014858147338,0.64995,0.0,2.1665,0.0,0.0,0.0,212.41014858147338,212.41元,0.0,490.2149748014617
2025-02-21T05:20:00,2025-02-21T05:30:00,2025-02-21,32,487.31139717740785,487.31139717740785,0.0,487.31139717740785,0.0,0.0,487.31139717740785,0.4439,216.31752920705136,0.66585,0.0,2.2195,0.0,0.0,0.0,216.31752920705136,216.32元,0.0,487.31139717740785
2025-02-21T05:30:00,2025-02-21T05:40:00,2025-02-21,33,512.2751823120551,512.2751823120551,0.0,512.2751823120551,0.0,0.0,512.2751823120551,0.4301,220.3295559124149,0.64515,0.0,2.1505,0.0,0.0,0.0,220.3295559124149,220.33元,0.0,512.2751823120551
2025-02-21T05:40:00,2025-02-21T05:50:00,2025-02-21,34,993.0826102704623,993.0826102704623,0.0,993.0826102704623,0.0,0.0,993.0826102704623,0.3713,368.73157319342266,0.5569500000000001,0.0,1.8565,0.0,0.0,0.0,368.73157319342266,368.73元,0.0,993.0826102704623
2025-02-21T05:50:00,2025-02-21T06:00:00,2025-02-21,35,0.0,0.0,0.0,0.0,0.0,0.0,0.0,0.5708,0.0,0.8562,0.0,2.854,0.0,0.0,0.0,0.0,0.00元,0.0,0.0
2025-02-21T06:00:00,2025-02-21T06:10:00,2025-02-21,36,0.0,0.0,0.0,0.0,0.0,0.0,0.0,0.9099,0.0,1.3648500000000001,0.0,4.5495,0.0,7.284851285803541,3.314243092476321,3.314243092476321,3.31元,0.0,0.0
2025-02-21T06:10:00,2025-02-21T06:20:00,2025-02-21,37,0.0,0.0,0.0,0.0,0.0,0.0,0.0,0.9368,0.0,1.4052,0.0,4.684,0.0,0.0,0.0,0.0,0.00元,0.0,0.0
2025-02-21T06:20:00,2025-02-21T06:30:00,2025-02-21,38,0.0,0.0,0.0,0.0,0.0,0.0,0.0,0.8758,0.0,1.3137,0.0,4.3790000000000004,0.0,0.0,0.0,0.0,0.00元,0.0,0.0
2025-02-21T06:30:00,2025-02-21T06:40:00,2025-02-21,39,0.0,0.0,0.0,0.0,0.0,0.0,0.0,0.8759,0.0,1.31385,0.0,4.3795,0.0,0.0,0.0,0.0,0.00元,0.0,0.0
2025-02-21T06:40:00,2025-02-21T06:50:00,2025-02-21,40,0.0,0.0,0.0,0.0,0.0,0.0,0.0,0.8601,0.0,1.29015,0.0,4.3004999999999995,0.0,0.0,0.0,0.0,0.00元,0.0,0.0
2025-02-21T06:50:00,2025-02-21T07:00:00,2025-02-21,41,0.0,0.0,0.0,0.0,0.0,0.0,0.0,0.8442,0.0,1.2663,0.0,4.221,0.0,0.0,0.0,0.0,0.00元,0.0,0.0
2025-02-21T07:00:00,2025-02-21T07:10:00,2025-02-21,42,0.0,0.0,0.0,0.0,0.0,0.0,0.0,0.8334,0.0,1.2501,0.0,4.167,0.0,0.0,0.0,0.0,0.00元,0.0,0.0
2025-02-21T07:10:00,2025-02-21T07:20:00,2025-02-21,43,0.0,0.0,0.0,0.0,0.0,0.0,0.0,0.8092,0.0,1.2138,0.0,4.046,0.0,0.0,0.0,0.0,0.00元,0.0,0.0
2025-02-21T07:20:00,2025-02-21T07:30:00,2025-02-21,44,0.0,0.0,0.0,0.0,0.0,0.0,0.0,0.7972,0.0,1.1958,0.0,3.986,0.0,0.0,0.0,0.0,0.00元,0.0,0.0
2025-02-21T07:30:00,2025-02-21T07:40:00,2025-02-21,45,0.0,0.0,0.0,0.0,0.0,0.0,0.0,0.7644,0.0,1.1465999999999998,0.0,3.822,0.0,0.0,0.0,0.0,0.00元,0.0,0.0
2025-02-21T07:40:00,2025-02-21T07:50:00,2025-02-21,46,0.0,0.0,0.0,0.0,0.0,0.0,0.0,0.6899,0.0,1.03485,0.0,3.4494999999999996,0.0,0.0,0.0,0.0,0.00元,0.0,0.0
2025-02-21T07:50:00,2025-02-21T08:00:00,2025-02-21,47,0.0,0.0,0.0,0.0,0.0,0.0,0.0,0.86,0.0,1.29,0.0,4.3,0.0,0.0,0.0,0.0,0.00元,0.0,0.0
2025-02-21T08:00:00,2025-02-21T08:10:00,2025-02-21,48,0.0,0.0,0.0,0.0,0.0,0.0,0.0,1.1617,0.0,1.74255,0.0,5.8084999999999996,0.0,0.0,0.0,0.0,0.00元,0.0,0.0
2025-02-21T08:10:00,2025-02-21T08:20:00,2025-02-21,49,0.0,0.0,0.0,0.0,0.0,0.0,0.0,1.1683,0.0,1.7524499999999998,0.0,5.8415,0.0,0.0,0.0,0.0,0.00元,0.0,0.0
2025-02-21T08:20:00,2025-02-21T08:30:00,2025-02-21,50,0.0,0.0,0.0,0.0,0.0,0.0,0.0,1.0956,0.0,1.6433999999999997,0.0,5.478,0.0,0.0,0.0,0.0,0.00元,0.0,0.0
2025-02-21T08:30:00,2025-02-21T08:40:00,2025-02-21,51,0.0,0.0,0.0,0.0,0.0,0.0,0.0,1.0849,0.0,1.6273499999999999,0.0,5.4245,0.0,0.0,0.0,0.0,0.00元,0.0,0.0
2025-02-21T08:40:00,2025-02-21T08:50:00,2025-02-21,52,0.0,0.0,0.0,0.0,0.0,0.0,0.0,1.061,0.0,1.5915,0.0,5.305,0.0,0.0,0.0,0.0,0.00元,0.0,0.0
2025-02-21T08:50:00,2025-02-21T09:00:00,2025-02-21,53,0.0,0.0,0.0,0.0,0.0,0.0,0.0,1.043,0.0,1.5644999999999998,0.0,5.215,0.0,0.0,0.0,0.0,0.00元,0.0,0.0
2025-02-21T09:00:00,2025-02-21T09:10:00,2025-02-21,54,0.0,0.0,0.0,0.0,0.0,0.0,0.0,1.036,0.0,1.554,0.0,5.18,0.0,0.0,0.0,0.0,0.00元,0.0,0.0
2025-02-21T09:10:00,2025-02-21T09:20:00,2025-02-21,55,0.0,0.0,0.0,0.0,0.0,0.0,0.0,1.0147,0.0,1.52205,0.0,5.073499999999999,0.0,0.0,0.0,0.0,0.00元,0.0,0.0
2025-02-21T09:20:00,2025-02-21T09:30:00,2025-02-21,56,0.0,0.0,0.0,0.0,0.0,0.0,0.0,0.9922,0.0,1.4883,0.0,4.961,0.0,0.0,0.0,0.0,0.00元,0.0,0.0
2025-02-21T09:30:00,2025-02-21T09:40:00,2025-02-21,57,0.0,0.0,0.0,0.0,0.0,0.0,0.0,0.97,0.0,1.455,0.0,4.85,0.0,0.0,0.0,0.0,0.00元,0.0,0.0
2025-02-21T09:40:00,2025-02-21T09:50:00,2025-02-21,58,0.0,0.0,0.0,0.0,0.0,0.0,0.0,0.9422,0.0,1.4133,0.0,4.711,0.0,0.0,0.0,0.0,0.00元,0.0,0.0
2025-02-21T09:50:00,2025-02-21T10:00:00,2025-02-21,59,0.0,0.0,0.0,0.0,0.0,0.0,0.0,0.9569,0.0,1.43535,0.0,4.7844999999999995,0.0,0.0,0.0,0.0,0.00元,0.0,0.0
2025-02-21T10:00:00,2025-02-21T10:10:00,2025-02-21,60,0.0,0.0,0.0,0.0,0.0,0.0,0.0,0.9977,0.0,1.49655,0.0,4.9885,0.0,0.0,0.0,0.0,0.00元,0.0,0.0
2025-02-21T10:10:00,2025-02-21T10:20:00,2025-02-21,61,0.0,0.0,0.0,0.0,0.0,0.0,0.0,0.9919,0.0,1.48785,0.0,4.9595,0.0,0.0,0.0,0.0,0.00元,0.0,0.0
2025-02-21T10:20:00,2025-02-21T10:30:00,2025-02-21,62,0.0,0.0,0.0,0.0,0.0,0.0,0.0,0.9588,0.0,1.4382,0.0,4.794,0.0,0.0,0.0,0.0,0.00元,0.0,0.0
2025-02-21T10:30:00,2025-02-21T10:40:00,2025-02-21,63,0.0,0.0,0.0,0.0,0.0,0.0,0.0,0.9549,0.0,1.43235,0.0,4.7745,0.0,0.0,0.0,0.0,0.00元,0.0,0.0
2025-02-21T10:40:00,2025-02-21T10:50:00,2025-02-21,64,0.0,0.0,0.0,0.0,0.0,0.0,0.0,0.9839,0.0,1.4758499999999999,0.0,4.9195,0.0,0.0,0.0,0.0,0.00元,0.0,0.0
2025-02-21T10:50:00,2025-02-21T11:00:00,2025-02-21,65,0.0,0.0,0.0,0.0,0.0,0.0,0.0,0.799,0.0,1.1985000000000001,0.0,3.995,0.0,0.0,0.0,0.0,0.00元,0.0,0.0
2025-02-21T11:00:00,2025-02-21T11:10:00,2025-02-21,66,0.0,0.0,0.0,0.0,0.0,0.0,0.0,0.5025,0.0,0.7537499999999999,0.0,2.5124999999999997,0.0,0.0,0.0,0.0,0.00元,0.0,0.0
2025-02-21T11:10:00,2025-02-21T11:20:00,2025-02-21,67,0.0,0.0,0.0,0.0,0.0,0.0,0.0,0.4662,0.0,0.6993,0.0,2.331,0.0,0.0,0.0,0.0,0.00元,0.0,0.0
2025-02-21T11:20:00,2025-02-21T11:30:00,2025-02-21,68,0.0,0.0,0.0,0.0,0.0,0.0,0.0,0.5007,0.0,0.75105,0.0,2.5035000000000003,0.0,0.0,0.0,0.0,0.00元,0.0,0.0
2025-02-21T11:30:00,2025-02-21T11:40:00,2025-02-21,69,0.0,0.0,0.0,0.0,0.0,0.0,0.0,0.4827,0.0,0.7240500000000001,0.0,2.4135,0.0,0.0,0.0,0.0,0.00元,0.0,0.0
2025-02-21T11:40:00,2025-02-21T11:50:00,2025-02-21,70,0.0,0.0,0.0,0.0,0.0,0.0,0.0,0.4785,0.0,0.71775,0.0,2.3925,0.0,0.0,0.0,0.0,0.00元,0.0,0.0
2025-02-21T11:50:00,2025-02-21T12:00:00,2025-02-21,71,0.0,0.0,0.0,0.0,0.0,0.0,0.0,0.4662,0.0,0.6993,0.0,2.331,0.0,0.0,0.0,0.0,0.00元,0.0,0.0
2025-02-21T12:00:00,2025-02-21T12:10:00,2025-02-21,72,0.0,0.0,0.0,0.0,0.0,0.0,0.0,0.4432,0.0,0.6648,0.0,2.2159999999999997,0.0,12.305573236339058,2.726915029172735,2.726915029172735,2.73元,0.0,0.0
2025-02-21T12:10:00,2025-02-21T12:20:00,2025-02-21,73,0.0,0.0,0.0,0.0,0.0,0.0,0.0,0.4411,0.0,0.66165,0.0,2.2055,0.0,0.0,0.0,0.0,0.00元,0.0,0.0
2025-02-21T12:20:00,2025-02-21T12:30:00,2025-02-21,74,0.0,0.0,0.0,0.0,0.0,0.0,0.0,0.4551,0.0,0.68265,0.0,2.2755,0.0,0.0,0.0,0.0,0.00元,0.0,0.0
2025-02-21T12:30:00,2025-02-21T12:40:00,2025-02-21,75,0.0,0.0,0.0,0.0,0.0,0.0,0.0,0.4463,0.0,0.66945,0.0,2.2315,0.0,0.0,0.0,0.0,0.00元,0.0,0.0
2025-02-21T12:40:00,2025-02-21T12:50:00,2025-02-21,76,0.0,0.0,169.1685198433787,169.1685198433787,169.1685198433787,0.0,169.1685198433787,0.4113,0.0,0.61695,104.36851831737249,2.0564999999999998,0.0,0.0,0.0,104.36851831737249,104.37元,0.0,169.1685198433787
2025-02-21T12:50:00,2025-02-21T13:00:00,2025-02-21,77,0.0,0.0,0.0,0.0,0.0,0.0,0.0,0.5682,0.0,0.8523000000000001,0.0,2.841,0.0,0.0,0.0,0.0,0.00元,0.0,0.0
2025-02-21T13:00:00,2025-02-21T13:10:00,2025-02-21,78,0.0,0.0,0.0,0.0,0.0,0.0,0.0,0.8279,0.0,1.24185,0.0,4.1395,0.0,0.0,0.0,0.0,0.00元,0.0,0.0
2025-02-21T13:10:00,2025-02-21T13:20:00,2025-02-21,79,0.0,0.0,0.0,0.0,0.0,0.0,0.0,0.8636,0.0,1.2954,0.0,4.3180000000000005,0.0,0.0,0.0,0.0,0.00元,0.0,0.0
2025-02-21T13:20:00,2025-02-21T13:30:00,2025-02-21,80,0.0,0.0,0.0,0.0,0.0,0.0,0.0,0.8416,0.0,1.2624,0.0,4.208,0.0,0.0,0.0,0.0,0.00元,0.0,0.0
2025-02-21T13:30:00,2025-02-21T13:40:00,2025-02-21,81,0.0,0.0,0.0,0.0,0.0,0.0,0.0,0.8618,0.0,1.2927,0.0,4.309,0.0,0.0,0.0,0.0,0.00元,0.0,0.0
2025-02-21T13:40:00,2025-02-21T13:50:00,2025-02-21,82,0.0,0.0,0.0,0.0,0.0,0.0,0.0,0.8623,0.0,1.29345,0.0,4.3115,0.0,0.0,0.0,0.0,0.00元,0.0,0.0
2025-02-21T13:50:00,2025-02-21T14:00:00,2025-02-21,83,0.0,0.0,0.0,0.0,0.0,0.0,0.0,0.9026,0.0,1.3538999999999999,0.0,4.513,0.0,0.0,0.0,0.0,0.00元,0.0,0.0
2025-02-21T14:00:00,2025-02-21T14:10:00,2025-02-21,84,0.0,0.0,0.0,0.0,0.0,0.0,0.0,0.9754,0.0,1.4631,0.0,4.877000000000001,0.0,0.0,0.0,0.0,0.00元,0.0,0.0
2025-02-21T14:10:00,2025-02-21T14:20:00,2025-02-21,85,0.0,0.0,0.0,0.0,0.0,0.0,0.0,1.0002,0.0,1.5003,0.0,5.0009999999999994,0.0,0.0,0.0,0.0,0.00元,0.0,0.0
2025-02-21T14:20:00,2025-02-21T14:30:00,2025-02-21,86,0.0,0.0,0.0,0.0,0.0,0.0,0.0,0.9978,0.0,1.4967000000000001,0.0,4.989,0.0,0.0,0.0,0.0,0.00元,0.0,0.0
2025-02-21T14:30:00,2025-02-21T14:40:00,2025-02-21,87,0.0,0.0,0.0,0.0,0.0,0.0,0.0,1.0271,0.0,1.5406499999999999,0.0,5.1354999999999995,0.0,0.0,0.0,0.0,0.00元,0.0,0.0
2025-02-21T14:40:00,2025-02-21T14:50:00,2025-02-21,88,0.0,0.0,0.0,0.0,0.0,0.0,0.0,1.0906,0.0,1.6359,0.0,5.453,0.0,0.0,0.0,0.0,0.00元,0.0,0.0
2025-02-21T14:50:00,2025-02-21T15:00:00,2025-02-21,89,0.0,0.0,0.0,0.0,0.0,0.0,0.0,0.9376,0.0,1.4064,0.0,4.688,0.0,0.0,0.0,0.0,0.00元,0.0,0.0
2025-02-21T15:00:00,2025-02-21T15:10:00,2025-02-21,90,0.0,0.0,0.0,0.0,0.0,0.0,0.0,0.6694,0.0,1.0041,0.0,3.347,0.0,0.0,0.0,0.0,0.00元,0.0,0.0
2025-02-21T15:10:00,2025-02-21T15:20:00,2025-02-21,91,0.0,0.0,0.0,0.0,0.0,0.0,0.0,0.66,0.0,0.99,0.0,3.3000000000000003,0.0,0.0,0.0,0.0,0.00元,0.0,0.0
2025-02-21T15:20:00,2025-02-21T15:30:00,2025-02-21,92,0.0,0.0,0.0,0.0,0.0,0.0,0.0,0.7217,0.0,1.08255,0.0,3.6085000000000003,0.0,0.0,0.0,0.0,0.00元,0.0,0.0
2025-02-21T15:30:00,2025-02-21T15:40:00,2025-02-21,93,0.0,0.0,0.0,0.0,0.0,0.0,0.0,0.7308,0.0,1.0962,0.0,3.654,0.0,0.0,0.0,0.0,0.00元,0.0,0.0
2025-02-21T15:40:00,2025-02-21T15:50:00,2025-02-21,94,6.773750296302524,6.773750296302524,0.0,6.773750296302524,0.0,0.0,6.773750296302524,0.7534,5.103343473234321,1.1300999999999999,0.0,3.767,0.0,0.0,0.0,5.103343473234321,5.10元,0.0,6.773750296302524
2025-02-21T15:50:00,2025-02-21T16:00:00,2025-02-21,95,63.09217542924472,63.09217542924472,0.0,63.09217542924472,0.0,0.0,63.09217542924472,0.7823,49.35700883829814,1.1734499999999999,0.0,3.9115,0.0,0.0,0.0,49.35700883829814,49.36元,0.0,63.09217542924472
2025-02-21T16:00:00,2025-02-21T16:10:00,2025-02-21,96,125.1556322934153,125.1556322934153,0.0,125.1556322934153,0.0,0.0,125.1556322934153,0.8055,100.81286181234601,1.20825,0.0,4.0275,0.0,0.0,0.0,100.81286181234601,100.81元,0.0,125.1556322934153
2025-02-21T16:10:00,2025-02-21T16:20:00,2025-02-21,97,194.57458866686096,194.57458866686096,0.0,194.57458866686096,0.0,0.0,194.57458866686096,0.8271,160.9326422863607,1.24065,0.0,4.1354999999999995,0.0,0.0,0.0,160.9326422863607,160.93元,0.0,194.57458866686096
2025-02-21T16:20:00,2025-02-21T16:30:00,2025-02-21,98,248.23393844604772,246.5457492914182,0.0,246.5457492914182,-1.6881891546295265,0.0,246.5457492914182,0.8519,210.03232382135914,1.27785,0.0,4.2595,0.0,0.0,0.0,210.03232382135914,210.03元,0.0,246.5457492914182
2025-02-21T16:30:00,2025-02-21T16:40:00,2025-02-21,99,292.98767105075507,291.3457307207431,0.0,291.3457307207431,-1.6419403300119484,0.0,291.3457307207431,0.8791,256.12203187660526,1.3186499999999999,0.0,4.3955,0.0,0.0,0.0,256.12203187660526,256.12元,0.0,291.3457307207431
2025-02-21T16:40:00,2025-02-21T16:50:00,2025-02-21,100,353.3737037003973,351.7767451842699,0.0,351.7767451842699,-1.5969585161274154,0.0,351.7767451842699,0.9024,317.4433348542851,1.3536,0.0,4.512,0.0,0.0,0.0,317.4433348542851,317.44元,0.0,351.7767451842699
2025-02-21T16:50:00,2025-02-21T17:00:00,2025-02-21,101,354.78260688200584,353.22939787945114,0.0,353.22939787945114,-1.553209002554695,0.0,353.22939787945114,0.9163,323.6640972769411,1.37445,0.0,4.5815,0.0,0.0,0.0,323.6640972769411,323.66元,0.0,353.22939787945114
2025-02-21T17:00:00,2025-02-21T17:10:00,2025-02-21,102,329.57470577081585,328.06404774103373,0.0,328.06404774103373,-1.510658029782121,0.0,328.06404774103373,0.9264,303.91853382729363,1.3896,0.0,4.632,0.0,0.0,0.0,303.91853382729363,303.92元,0.0,328.06404774103373
2025-02-21T17:10:00,2025-02-21T17:20:00,2025-02-21,103,389.93695212726357,388.4676793641057,0.0,388.4676793641057,-1.4692727631578464,0.0,388.4676793641057,0.9462,367.5681182143168,1.4193,0.0,4.731,0.0,0.0,0.0,367.5681182143168,367.57元,0.0,388.4676793641057
2025-02-21T17:20:00,2025-02-21T17:30:00,2025-02-21,104,442.8886570275297,441.45963575997723,0.0,441.45963575997723,-1.4290212675524572,0.0,441.45963575997723,0.9742,430.0699771573698,1.4613,0.0,4.8709999999999996,0.0,0.0,0.0,430.0699771573698,430.07元,0.0,441.45963575997723
2025-02-21T17:30:00,2025-02-21T17:40:00,2025-02-21,105,444.6836669276218,443.2937944449058,0.0,443.2937944449058,-1.3898724827159867,0.0,443.2937944449058,0.9862,437.1763400815661,1.4792999999999998,0.0,4.931,0.0,0.0,0.0,437.1763400815661,437.18元,0.0,443.2937944449058
2025-02-21T17:40:00,2025-02-21T17:50:00,2025-02-21,106,442.2265047276591,440.8747085283487,0.0,440.8747085283487,-1.3517961993103995,0.0,440.8747085283487,0.976,430.29371552366837,1.464,0.0,4.88,0.0,0.0,0.0,430.29371552366837,430.29元,0.0,440.8747085283487
2025-02-21T17:50:00,2025-02-21T18:00:00,2025-02-21,107,160.11292051615447,158.7300617412178,0.0,158.7300617412178,-1.3828587749366648,0.0,158.7300617412178,1.0742,170.5078323224162,1.6113,0.0,5.371,0.0,0.0,0.0,170.5078323224162,170.51元,0.0,158.7300617412178
2025-02-21T18:00:00,2025-02-21T18:10:00,2025-02-21,108,0.0,0.0,0.0,0.0,0.0,0.0,0.0,1.2313,0.0,1.84695,0.0,6.1565,0.0,13.21519606089089,8.135935454887477,8.135935454887477,8.14元,0.0,0.0
2025-02-21T18:10:00,2025-02-21T18:20:00,2025-02-21,109,0.0,0.0,0.0,0.0,0.0,0.0,0.0,1.2561,0.0,1.88415,0.0,6.2805,0.0,0.0,0.0,0.0,0.00元,0.0,0.0
2025-02-21T18:20:00,2025-02-21T18:30:00,2025-02-21,110,0.0,0.0,0.0,0.0,0.0,0.0,0.0,1.2447,0.0,1.8670499999999999,0.0,6.2235,0.0,0.0,0.0,0.0,0.00元,0.0,0.0
2025-02-21T18:30:00,2025-02-21T18:40:00,2025-02-21,111,0.0,0.0,0.0,0.0,0.0,0.0,0.0,1.2545,0.0,1.8817499999999998,0.0,6.2725,0.0,0.0,0.0,0.0,0.00元,0.0,0.0
2025-02-21T18:40:00,2025-02-21T18:50:00,2025-02-21,112,0.0,0.0,0.0,0.0,0.0,0.0,0.0,1.2522,0.0,1.8782999999999999,0.0,6.261,0.0,0.0,0.0,0.0,0.00元,0.0,0.0
2025-02-21T18:50:00,2025-02-21T19:00:00,2025-02-21,113,0.0,0.0,0.0,0.0,0.0,0.0,0.0,1.2881,0.0,1.93215,0.0,6.4405,0.0,0.0,0.0,0.0,0.00元,0.0,0.0
2025-02-21T19:00:00,2025-02-21T19:10:00,2025-02-21,114,0.0,0.0,0.0,0.0,0.0,0.0,0.0,1.3466,0.0,2.0199,0.0,6.7330000000000005,0.0,0.0,0.0,0.0,0.00元,0.0,0.0
2025-02-21T19:10:00,2025-02-21T19:20:00,2025-02-21,115,0.0,0.0,0.0,0.0,0.0,0.0,0.0,1.3523,0.0,2.0284500000000003,0.0,6.7615,0.0,0.0,0.0,0.0,0.00元,0.0,0.0
2025-02-21T19:20:00,2025-02-21T19:30:00,2025-02-21,116,0.0,0.0,0.0,0.0,0.0,0.0,0.0,1.3445,0.0,2.01675,0.0,6.7225,0.0,0.0,0.0,0.0,0.00元,0.0,0.0
2025-02-21T19:30:00,2025-02-21T19:40:00,2025-02-21,117,0.0,0.0,0.0,0.0,0.0,0.0,0.0,1.3483,0.0,2.02245,0.0,6.7415,0.0,0.0,0.0,0.0,0.00元,0.0,0.0
2025-02-21T19:40:00,2025-02-21T19:50:00,2025-02-21,118,0.0,0.0,0.0,0.0,0.0,0.0,0.0,1.349,0.0,2.0235,0.0,6.745,0.0,0.0,0.0,0.0,0.00元,0.0,0.0
2025-02-21T19:50:00,2025-02-21T20:00:00,2025-02-21,119,0.0,0.0,0.0,0.0,0.0,0.0,0.0,1.3473,0.0,2.02095,0.0,6.7364999999999995,0.0,0.0,0.0,0.0,0.00元,0.0,0.0
2025-02-21T20:00:00,2025-02-21T20:10:00,2025-02-21,120,0.0,0.0,0.0,0.0,0.0,0.0,0.0,1.3482,0.0,2.0223,0.0,6.7410000000000005,0.0,0.0,0.0,0.0,0.00元,0.0,0.0
2025-02-21T20:10:00,2025-02-21T20:20:00,2025-02-21,121,0.0,0.0,0.0,0.0,0.0,0.0,0.0,1.3513,0.0,2.02695,0.0,6.7565,0.0,0.0,0.0,0.0,0.00元,0.0,0.0
2025-02-21T20:20:00,2025-02-21T20:30:00,2025-02-21,122,0.0,0.0,0.0,0.0,0.0,0.0,0.0,1.34,0.0,2.0100000000000002,0.0,6.7,0.0,0.0,0.0,0.0,0.00元,0.0,0.0
2025-02-21T20:30:00,2025-02-21T20:40:00,2025-02-21,123,0.0,0.0,0.0,0.0,0.0,0.0,0.0,1.3489,0.0,2.0233499999999998,0.0,6.7445,0.0,0.0,0.0,0.0,0.00元,0.0,0.0
2025-02-21T20:40:00,2025-02-21T20:50:00,2025-02-21,124,0.0,0.0,0.0,0.0,0.0,0.0,0.0,1.3952,0.0,2.0928,0.0,6.976,0.0,0.0,0.0,0.0,0.00元,0.0,0.0
2025-02-21T20:50:00,2025-02-21T21:00:00,2025-02-21,125,0.0,0.0,371.0885613375914,371.0885613375914,371.0885613375914,0.0,371.0885613375914,1.2226,0.0,1.8338999999999999,680.5393126370088,6.1129999999999995,0.0,0.0,0.0,680.5393126370088,680.54元,0.0,371.0885613375914
2025-02-21T21:00:00,2025-02-21T21:10:00,2025-02-21,126,454.30151946791733,454.30151946791733,7.674728729039259,461.9762481969566,7.674728729039259,0.0,461.9762481969566,0.9332,423.95417796746045,1.3998,10.743085274909156,4.666,0.0,0.0,0.0,434.6972632423697,434.70元,0.0,461.9762481969566
2025-02-21T21:10:00,2025-02-21T21:20:00,2025-02-21,127,457.41888183621035,457.41888183621035,7.534268034293348,464.9531498705037,7.534268034293348,0.0,464.9531498705037,0.9068,414.78744204907554,1.3602,10.248111380245811,4.534000000000001,0.0,0.0,0.0,425.03555342932134,425.04元,0.0,464.9531498705037
2025-02-21T21:20:00,2025-02-21T21:30:00,2025-02-21,128,473.721378546423,473.721378546423,7.259982312525494,480.9813608589485,7.259982312525494,0.0,480.9813608589485,0.9371,443.92430383585304,1.40565,10.204994137601462,4.6855,0.0,0.0,0.0,454.12929797345447,454.13元,0.0,480.9813608589485
2025-02-21T21:30:00,2025-02-21T21:40:00,2025-02-21,129,489.7789515118638,489.7789515118638,7.061091300947794,496.8400428128116,7.061091300947794,0.0,496.8400428128116,0.9371,458.9718554617676,1.40565,9.925422987177267,4.6855,0.0,0.0,0.0,468.8972784489448,468.90元,0.0,496.8400428128116
2025-02-21T21:40:00,2025-02-21T21:50:00,2025-02-21,130,454.74834016080416,454.74834016080416,38.87330412788634,493.6216442886905,38.87330412788634,0.0,493.6216442886905,0.9871,448.8820865727298,1.48065,57.55775775695491,4.9355,0.0,0.0,0.0,506.43984432968466,506.44元,0.0,493.6216442886905
2025-02-21T21:50:00,2025-02-21T22:00:00,2025-02-21,131,447.85304136827494,447.85304136827494,0.0,447.85304136827494,0.0,0.0,447.85304136827494,0.7764,347.71310131832865,1.1646,0.0,3.8819999999999997,0.0,0.0,0.0,347.71310131832865,347.71元,0.0,447.85304136827494
2025-02-21T22:00:00,2025-02-21T22:10:00,2025-02-21,132,1197.17561150464,1196.51908223123,0.0,1196.51908223123,-0.6565292734101149,0.0,1196.51908223123,0.4209,503.61488171112467,0.63135,0.0,2.1045,0.0,0.0,0.0,503.61488171112467,503.61元,0.0,1196.51908223123
2025-02-21T22:10:00,2025-02-21T22:20:00,2025-02-21,133,1202.2140078422283,1201.5754645315517,0.0,1201.5754645315517,-0.6385433106765959,0.0,1201.5754645315517,0.3859,463.6879717627258,0.5788500000000001,0.0,1.9295,0.0,0.0,0.0,463.6879717627258,463.69元,0.0,1201.5754645315517
2025-02-21T22:20:00,2025-02-21T22:30:00,2025-02-21,134,382.2535502183304,382.2535502183304,0.0,382.2535502183304,0.0,0.0,382.2535502183304,0.4368,166.96835073536673,0.6552,0.0,2.184,0.0,0.0,0.0,166.96835073536673,166.97元,0.0,382.2535502183304
2025-02-21T22:30:00,2025-02-21T22:40:00,2025-02-21,135,1212.5262979426493,1211.9222618516076,0.0,1211.9222618516076,-0.6040360910417348,0.0,1211.9222618516076,0.4198,508.7649655253049,0.6297,0.0,2.099,0.0,0.0,0.0,508.7649655253049,508.76元,0.0,1211.9222618516076
2025-02-21T22:40:00,2025-02-21T22:50:00,2025-02-21,136,1228.0942937684497,1227.5068055619627,0.0,1227.5068055619627,-0.5874882064870235,0.0,1227.5068055619627,0.4186,513.8343488082376,0.6279,0.0,2.093,0.0,0.0,0.0,513.8343488082376,513.83元,0.0,1227.5068055619627
2025-02-21T22:50:00,2025-02-21T23:00:00,2025-02-21,137,638.2755905769116,638.2755905769116,0.0,638.2755905769116,0.0,0.0,638.2755905769116,0.4241,270.6926779636682,0.63615,0.0,2.1205,0.0,0.0,0.0,270.6926779636682,270.69元,0.0,638.2755905769116
2025-02-21T23:00:00,2025-02-21T23:10:00,2025-02-21,138,1223.492902104,1222.9371620722027,0.0,1222.9371620722027,-0.5557400317973133,0.0,1222.9371620722027,0.4237,518.1584755699923,0.6355500000000001,0.0,2.1185,0.0,0.0,0.0,518.1584755699923,518.16元,0.0,1222.9371620722027
2025-02-21T23:10:00,2025-02-21T23:20:00,2025-02-21,139,399.4808789779941,399.4808789779941,0.0,399.4808789779941,0.0,0.0,399.4808789779941,0.4248,169.6994773898519,0.6372,0.0,2.124,0.0,0.0,0.0,169.6994773898519,169.70元,0.0,399.4808789779941
2025-02-21T23:20:00,2025-02-21T23:30:00,2025-02-21,140,1241.5126743429898,1240.9869667976604,0.0,1240.9869667976604,-0.5257075453293965,0.0,1240.9869667976604,0.424,526.178473922208,0.636,0.0,2.12,0.0,0.0,0.0,526.178473922208,526.18元,1.8994168076604785,1239.08754999
2025-02-21T23:30:00,2025-02-21T23:40:00,2025-02-21,141,1242.326407293057,1241.8151017808157,0.0,1241.8151017808157,-0.5113055122412788,0.0,1241.8151017808157,0.422,524.0459729515042,0.633,0.0,2.11,0.0,0.0,0.0,524.0459729515042,524.05元,28.60510179081563,1213.2099999900001
2025-02-21T23:40:00,2025-02-21T23:50:00,2025-02-21,142,1247.8047628489057,1247.3074648185257,0.0,1247.3074648185257,-0.4972980303800796,0.0,1247.3074648185257,0.424,528.8583650830549,0.636,0.0,2.12,0.0,0.0,0.0,528.8583650830549,528.86元,6.57636482852569,1240.73109999
2025-02-21T23:50:00,2025-02-22T00:00:00,2025-02-21,143,418.88270612199744,418.88270612199744,0.0,418.88270612199744,0.0,0.0,418.88270612199744,0.4271,178.9048037847051,0.6406499999999999,0.0,2.1355,0.0,0.0,0.0,178.9048037847051,178.90元,0.0,418.88270612199744
2025-02-22T00:00:00,2025-02-22T00:10:00,2025-02-21,144,432.1097166666666,432.1097166666666,0.0,432.1097166666666,0.0,0.0,432.1097166666666,0.4276,184.77011484666662,0.6414,0.0,2.138,0.0,0.0,0.0,184.77011484666662,184.77元,0.0,432.1097166666666
2025-02-22T00:10:00,2025-02-22T00:20:00,2025-02-22,1,425.9800887342673,425.9800887342673,0.0,425.9800887342673,0.0,0.0,425.9800887342673,0.4248,180.95634169431676,0.6372,0.0,2.124,0.0,0.0,0.0,180.95634169431676,180.96元,0.0,425.9800887342673
2025-02-22T00:20:00,2025-02-22T00:30:00,2025-02-22,2,417.4266336652563,417.4266336652563,0.0,417.4266336652563,0.0,0.0,417.4266336652563,0.4245,177.1976059909013,0.6367499999999999,0.0,2.1225,0.0,0.0,0.0,177.1976059909013,177.20元,0.0,417.4266336652563
2025-02-22T00:30:00,2025-02-22T00:40:00,2025-02-22,3,419.8373579756682,419.8373579756682,0.0,419.8373579756682,0.0,0.0,419.8373579756682,0.4269,179.22856811981276,0.64035,0.0,2.1345,0.0,0.0,0.0,179.22856811981276,179.23元,0.0,419.8373579756682
2025-02-22T00:40:00,2025-02-22T00:50:00,2025-02-22,4,445.45141061664646,445.45141061664646,0.0,445.45141061664646,0.0,0.0,445.45141061664646,0.4272,190.2968426154314,0.6408,0.0,2.136,0.0,0.0,0.0,190.2968426154314,190.30元,0.0,445.45141061664646
2025-02-22T00:50:00,2025-02-22T01:00:00,2025-02-22,5,458.54645774792607,458.54645774792607,0.0,458.54645774792607,0.0,0.0,458.54645774792607,0.4271,195.84519210413922,0.6406499999999999,0.0,2.1355,0.0,0.0,0.0,195.84519210413922,195.85元,0.0,458.54645774792607
2025-02-22T01:00:00,2025-02-22T01:10:00,2025-02-22,6,452.89084251752,452.89084251752,0.0,452.89084251752,0.0,0.0,452.89084251752,0.4285,194.06372601875734,0.6427499999999999,0.0,2.1425,0.0,0.0,0.0,194.06372601875734,194.06元,0.0,452.89084251752
2025-02-22T01:10:00,2025-02-22T01:20:00,2025-02-22,7,454.03331734744296,454.03331734744296,0.0,454.03331734744296,0.0,0.0,454.03331734744296,0.4311,195.73376310848266,0.64665,0.0,2.1555,0.0,0.0,0.0,195.73376310848266,195.73元,0.0,454.03331734744296
2025-02-22T01:20:00,2025-02-22T01:30:00,2025-02-22,8,449.37005372530336,449.37005372530336,0.0,449.37005372530336,0.0,0.0,449.37005372530336,0.4302,193.3189971126255,0.6453,0.0,2.1510000000000002,0.0,0.0,0.0,193.3189971126255,193.32元,0.0,449.37005372530336
2025-02-22T01:30:00,2025-02-22T01:40:00,2025-02-22,9,442.3905836682734,442.3905836682734,0.0,442.3905836682734,0.0,0.0,442.3905836682734,0.4279,189.29893075165418,0.64185,0.0,2.1395,0.0,0.0,0.0,189.29893075165418,189.30元,0.0,442.3905836682734
2025-02-22T01:40:00,2025-02-22T01:50:00,2025-02-22,10,450.92668452594427,450.92668452594427,0.0,450.92668452594427,0.0,0.0,450.92668452594427,0.4312,194.43958636758717,0.6468,0.0,2.156,0.0,0.0,0.0,194.43958636758717,194.44元,0.0,450.92668452594427
2025-02-22T01:50:00,2025-02-22T02:00:00,2025-02-22,11,447.8672162885823,447.8672162885823,0.0,447.8672162885823,0.0,0.0,447.8672162885823,0.4333,194.0608648178427,0.64995,0.0,2.1665,0.0,0.0,0.0,194.0608648178427,194.06元,0.0,447.8672162885823
2025-02-22T02:00:00,2025-02-22T02:10:00,2025-02-22,12,441.05951140063917,441.05951140063917,0.0,441.05951140063917,0.0,0.0,441.05951140063917,0.4311,190.14075536481553,0.64665,0.0,2.1555,0.0,0.0,0.0,190.14075536481553,190.14元,0.0,441.05951140063917
2025-02-22T02:10:00,2025-02-22T02:20:00,2025-02-22,13,466.454897912702,466.454897912702,0.0,466.454897912702,0.0,0.0,466.454897912702,0.4293,200.249087673923,0.64395,0.0,2.1465,0.0,0.0,0.0,200.249087673923,200.25元,0.0,466.454897912702
2025-02-22T02:20:00,2025-02-22T02:30:00,2025-02-22,14,487.991199305082,487.991199305082,0.0,487.991199305082,0.0,0.0,487.991199305082,0.4324,211.00739457951744,0.6486000000000001,0.0,2.162,0.0,0.0,0.0,211.00739457951744,211.01元,0.0,487.991199305082
2025-02-22T02:30:00,2025-02-22T02:40:00,2025-02-22,15,485.086857649568,485.086857649568,0.0,485.086857649568,0.0,0.0,485.086857649568,0.4367,211.83743073556633,0.6550499999999999,0.0,2.1835,0.0,0.0,0.0,211.83743073556633,211.84元,0.0,485.086857649568
2025-02-22T02:40:00,2025-02-22T02:50:00,2025-02-22,16,472.97882427587973,472.97882427587973,0.0,472.97882427587973,0.0,0.0,472.97882427587973,0.4348,205.65119279515253,0.6522,0.0,2.174,0.0,0.0,0.0,205.65119279515253,205.65元,0.0,472.97882427587973
2025-02-22T02:50:00,2025-02-22T03:00:00,2025-02-22,17,473.1740479426947,473.1740479426947,0.0,473.1740479426947,0.0,0.0,473.1740479426947,0.4335,205.12094978315815,0.65025,0.0,2.1675,0.0,0.0,0.0,205.12094978315815,205.12元,0.0,473.1740479426947
2025-02-22T03:00:00,2025-02-22T03:10:00,2025-02-22,18,485.0616121797863,485.0616121797863,0.0,485.0616121797863,0.0,0.0,485.0616121797863,0.4357,211.3413444267329,0.65355,0.0,2.1784999999999997,0.0,0.0,0.0,211.3413444267329,211.34元,0.0,485.0616121797863
2025-02-22T03:10:00,2025-02-22T03:20:00,2025-02-22,19,488.15580930115493,488.15580930115493,0.0,488.15580930115493,0.0,0.0,488.15580930115493,0.4374,213.5193509883252,0.6561,0.0,2.1870000000000003,0.0,0.0,0.0,213.5193509883252,213.52元,0.0,488.15580930115493
2025-02-22T03:20:00,2025-02-22T03:30:00,2025-02-22,20,476.59636358903094,476.59636358903094,0.0,476.59636358903094,0.0,0.0,476.59636358903094,0.4371,208.32027052476542,0.65565,0.0,2.1854999999999998,0.0,0.0,0.0,208.32027052476542,208.32元,0.0,476.59636358903094
2025-02-22T03:30:00,2025-02-22T03:40:00,2025-02-22,21,468.39914864863556,468.39914864863556,0.0,468.39914864863556,0.0,0.0,468.39914864863556,0.4356,204.03466915134564,0.6534,0.0,2.178,0.0,0.0,0.0,204.03466915134564,204.03元,0.0,468.39914864863556
2025-02-22T03:40:00,2025-02-22T03:50:00,2025-02-22,22,487.3292597669206,487.3292597669206,0.0,487.3292597669206,0.0,0.0,487.3292597669206,0.4353,212.13442677654055,0.65295,0.0,2.1765,0.0,0.0,0.0,212.13442677654055,212.13元,0.0,487.3292597669206
2025-02-22T03:50:00,2025-02-22T04:00:00,2025-02-22,23,501.7151296085117,501.7151296085117,0.0,501.7151296085117,0.0,0.0,501.7151296085117,0.436,218.7477965093111,0.654,0.0,2.18,0.0,0.0,0.0,218.7477965093111,218.75元,0.0,501.7151296085117
2025-02-22T04:00:00,2025-02-22T04:10:00,2025-02-22,24,498.1328539154151,498.1328539154151,0.0,498.1328539154151,0.0,0.0,498.1328539154151,0.4378,218.08256344416876,0.6567000000000001,0.0,2.189,0.0,0.0,0.0,218.08256344416876,218.08元,0.0,498.1328539154151
2025-02-22T04:10:00,2025-02-22T04:20:00,2025-02-22,25,492.60487804371866,492.60487804371866,0.0,492.60487804371866,0.0,0.0,492.60487804371866,0.4401,216.79540682704058,0.66015,0.0,2.2005,0.0,0.0,0.0,216.79540682704058,216.80元,0.0,492.60487804371866
2025-02-22T04:20:00,2025-02-22T04:30:00,2025-02-22,26,489.66019433718674,489.66019433718674,0.0,489.66019433718674,0.0,0.0,489.66019433718674,0.4389,214.91185929459127,0.65835,0.0,2.1945,0.0,0.0,0.0,214.91185929459127,214.91元,0.0,489.66019433718674
2025-02-22T04:30:00,2025-02-22T04:40:00,2025-02-22,27,491.18542700431783,491.18542700431783,0.0,491.18542700431783,0.0,0.0,491.18542700431783,0.4364,214.3533203446843,0.6546000000000001,0.0,2.182,0.0,0.0,0.0,214.3533203446843,214.35元,0.0,491.18542700431783
2025-02-22T04:40:00,2025-02-22T04:50:00,2025-02-22,28,499.6666812844848,499.6666812844848,0.0,499.6666812844848,0.0,0.0,499.6666812844848,0.4393,219.50357308827418,0.65895,0.0,2.1965000000000003,0.0,0.0,0.0,219.50357308827418,219.50元,0.0,499.6666812844848
2025-02-22T04:50:00,2025-02-22T05:00:00,2025-02-22,29,516.7550569030651,516.7550569030651,0.0,516.7550569030651,0.0,0.0,516.7550569030651,0.4422,228.5090861625354,0.6633,0.0,2.211,0.0,0.0,0.0,228.5090861625354,228.51元,0.0,516.7550569030651
2025-02-22T05:00:00,2025-02-22T05:10:00,2025-02-22,30,523.6114308154712,523.6114308154712,0.0,523.6114308154712,0.0,0.0,523.6114308154712,0.4395,230.12722384339958,0.65925,0.0,2.1975,0.0,0.0,0.0,230.12722384339958,230.13元,0.0,523.6114308154712
2025-02-22T05:10:00,2025-02-22T05:20:00,2025-02-22,31,501.9027675733275,501.9027675733275,0.0,501.9027675733275,0.0,0.0,501.9027675733275,0.4333,217.4744691895228,0.64995,0.0,2.1665,0.0,0.0,0.0,217.4744691895228,217.47元,0.0,501.9027675733275
2025-02-22T05:20:00,2025-02-22T05:30:00,2025-02-22,32,512.4396281460421,512.4396281460421,0.0,512.4396281460421,0.0,0.0,512.4396281460421,0.4439,227.4719509340281,0.66585,0.0,2.2195,0.0,0.0,0.0,227.4719509340281,227.47元,0.0,512.4396281460421
2025-02-22T05:30:00,2025-02-22T05:40:00,2025-02-22,33,544.9365963643577,544.9365963643577,0.0,544.9365963643577,0.0,0.0,544.9365963643577,0.4301,234.37723009631023,0.64515,0.0,2.1505,0.0,0.0,0.0,234.37723009631023,234.38元,0.0,544.9365963643577
2025-02-22T05:40:00,2025-02-22T05:50:00,2025-02-22,34,821.1003181679608,821.1003181679608,0.0,821.1003181679608,0.0,0.0,821.1003181679608,0.3713,304.87454813576386,0.5569500000000001,0.0,1.8565,0.0,0.0,0.0,304.87454813576386,304.87元,0.0,821.1003181679608
2025-02-22T05:50:00,2025-02-22T06:00:00,2025-02-22,35,0.0,0.0,0.0,0.0,0.0,0.0,0.0,0.5708,0.0,0.8562,0.0,2.854,0.0,0.0,0.0,0.0,0.00元,0.0,0.0
2025-02-22T06:00:00,2025-02-22T06:10:00,2025-02-22,36,0.0,0.0,0.0,0.0,0.0,0.0,0.0,0.9099,0.0,1.3648500000000001,0.0,4.5495,0.0,0.0,0.0,0.0,0.00元,0.0,0.0
2025-02-22T06:10:00,2025-02-22T06:20:00,2025-02-22,37,0.0,0.0,0.0,0.0,0.0,0.0,0.0,0.9368,0.0,1.4052,0.0,4.684,0.0,0.0,0.0,0.0,0.00元,0.0,0.0
2025-02-22T06:20:00,2025-02-22T06:30:00,2025-02-22,38,0.0,0.0,0.0,0.0,0.0,0.0,0.0,0.8758,0.0,1.3137,0.0,4.3790000000000004,0.0,0.0,0.0,0.0,0.00元,0.0,0.0
2025-02-22T06:30:00,2025-02-22T06:40:00,2025-02-22,39,0.0,0.0,0.0,0.0,0.0,0.0,0.0,0.8759,0.0,1.31385,0.0,4.3795,0.0,0.0,0.0,0.0,0.00元,0.0,0.0
2025-02-22T06:40:00,2025-02-22T06:50:00,2025-02-22,40,0.0,0.0,0.0,0.0,0.0,0.0,0.0,0.8601,0.0,1.29015,0.0,4.3004999999999995,0.0,0.0,0.0,0.0,0.00元,0.0,0.0
2025-02-22T06:50:00,2025-02-22T07:00:00,2025-02-22,41,0.0,0.0,0.0,0.0,0.0,0.0,0.0,0.8442,0.0,1.2663,0.0,4.221,0.0,0.0,0.0,0.0,0.00元,0.0,0.0
2025-02-22T07:00:00,2025-02-22T07:10:00,2025-02-22,42,0.0,0.0,0.0,0.0,0.0,0.0,0.0,0.8334,0.0,1.2501,0.0,4.167,0.0,0.0,0.0,0.0,0.00元,0.0,0.0
2025-02-22T07:10:00,2025-02-22T07:20:00,2025-02-22,43,0.0,0.0,0.0,0.0,0.0,0.0,0.0,0.8092,0.0,1.2138,0.0,4.046,0.0,0.0,0.0,0.0,0.00元,0.0,0.0
2025-02-22T07:20:00,2025-02-22T07:30:00,2025-02-22,44,0.0,0.0,0.0,0.0,0.0,0.0,0.0,0.7972,0.0,1.1958,0.0,3.986,0.0,0.0,0.0,0.0,0.00元,0.0,0.0
2025-02-22T07:30:00,2025-02-22T07:40:00,2025-02-22,45,0.0,0.0,0.0,0.0,0.0,0.0,0.0,0.7644,0.0,1.1465999999999998,0.0,3.822,0.0,0.0,0.0,0.0,0.00元,0.0,0.0
2025-02-22T07:40:00,2025-02-22T07:50:00,2025-02-22,46,0.0,0.0,0.0,0.0,0.0,0.0,0.0,0.6899,0.0,1.03485,0.0,3.4494999999999996,0.0,0.0,0.0,0.0,0.00元,0.0,0.0
2025-02-22T07:50:00,2025-02-22T08:00:00,2025-02-22,47,0.0,0.0,0.0,0.0,0.0,0.0,0.0,0.86,0.0,1.29,0.0,4.3,0.0,0.0,0.0,0.0,0.00元,0.0,0.0
2025-02-22T08:00:00,2025-02-22T08:10:00,2025-02-22,48,0.0,0.0,0.0,0.0,0.0,0.0,0.0,1.1617,0.0,1.74255,0.0,5.8084999999999996,0.0,0.0,0.0,0.0,0.00元,0.0,0.0
2025-02-22T08:10:00,2025-02-22T08:20:00,2025-02-22,49,0.0,0.0,0.0,0.0,0.0,0.0,0.0,1.1683,0.0,1.7524499999999998,0.0,5.8415,0.0,0.0,0.0,0.0,0.00元,0.0,0.0
2025-02-22T08:20:00,2025-02-22T08:30:00,2025-02-22,50,0.0,0.0,0.0,0.0,0.0,0.0,0.0,1.0956,0.0,1.6433999999999997,0.0,5.478,0.0,0.0,0.0,0.0,0.00元,0.0,0.0
2025-02-22T08:30:00,2025-02-22T08:40:00,2025-02-22,51,0.0,0.0,0.0,0.0,0.0,0.0,0.0,1.0849,0.0,1.6273499999999999,0.0,5.4245,0.0,0.0,0.0,0.0,0.00元,0.0,0.0
2025-02-22T08:40:00,2025-02-22T08:50:00,2025-02-22,52,0.0,0.0,0.0,0.0,0.0,0.0,0.0,1.061,0.0,1.5915,0.0,5.305,0.0,0.0,0.0,0.0,0.00元,0.0,0.0
2025-02-22T08:50:00,2025-02-22T09:00:00,2025-02-22,53,0.0,0.0,0.0,0.0,0.0,0.0,0.0,1.043,0.0,1.5644999999999998,0.0,5.215,0.0,0.0,0.0,0.0,0.00元,0.0,0.0
2025-02-22T09:00:00,2025-02-22T09:10:00,2025-02-22,54,0.0,0.0,0.0,0.0,0.0,0.0,0.0,1.036,0.0,1.554,0.0,5.18,0.0,0.0,0.0,0.0,0.00元,0.0,0.0
2025-02-22T09:10:00,2025-02-22T09:20:00,2025-02-22,55,0.0,0.0,0.0,0.0,0.0,0.0,0.0,1.0147,0.0,1.52205,0.0,5.073499999999999,0.0,0.0,0.0,0.0,0.00元,0.0,0.0
2025-02-22T09:20:00,2025-02-22T09:30:00,2025-02-22,56,0.0,0.0,0.0,0.0,0.0,0.0,0.0,0.9922,0.0,1.4883,0.0,4.961,0.0,0.0,0.0,0.0,0.00元,0.0,0.0
2025-02-22T09:30:00,2025-02-22T09:40:00,2025-02-22,57,0.0,0.0,0.0,0.0,0.0,0.0,0.0,0.97,0.0,1.455,0.0,4.85,0.0,0.0,0.0,0.0,0.00元,0.0,0.0
2025-02-22T09:40:00,2025-02-22T09:50:00,2025-02-22,58,0.0,0.0,0.0,0.0,0.0,0.0,0.0,0.9422,0.0,1.4133,0.0,4.711,0.0,0.0,0.0,0.0,0.00元,0.0,0.0
2025-02-22T09:50:00,2025-02-22T10:00:00,2025-02-22,59,0.0,0.0,0.0,0.0,0.0,0.0,0.0,0.9569,0.0,1.43535,0.0,4.7844999999999995,0.0,0.0,0.0,0.0,0.00元,0.0,0.0
2025-02-22T10:00:00,2025-02-22T10:10:00,2025-02-22,60,0.0,0.0,0.0,0.0,0.0,0.0,0.0,0.9977,0.0,1.49655,0.0,4.9885,0.0,0.0,0.0,0.0,0.00元,0.0,0.0
2025-02-22T10:10:00,2025-02-22T10:20:00,2025-02-22,61,0.0,0.0,0.0,0.0,0.0,0.0,0.0,0.9919,0.0,1.48785,0.0,4.9595,0.0,0.0,0.0,0.0,0.00元,0.0,0.0
2025-02-22T10:20:00,2025-02-22T10:30:00,2025-02-22,62,0.0,0.0,0.0,0.0,0.0,0.0,0.0,0.9588,0.0,1.4382,0.0,4.794,0.0,0.0,0.0,0.0,0.00元,0.0,0.0
2025-02-22T10:30:00,2025-02-22T10:40:00,2025-02-22,63,0.0,0.0,0.0,0.0,0.0,0.0,0.0,0.9549,0.0,1.43235,0.0,4.7745,0.0,0.0,0.0,0.0,0.00元,0.0,0.0
2025-02-22T10:40:00,2025-02-22T10:50:00,2025-02-22,64,0.0,0.0,0.0,0.0,0.0,0.0,0.0,0.9839,0.0,1.4758499999999999,0.0,4.9195,0.0,0.0,0.0,0.0,0.00元,0.0,0.0
2025-02-22T10:50:00,2025-02-22T11:00:00,2025-02-22,65,0.0,0.0,0.0,0.0,0.0,0.0,0.0,0.799,0.0,1.1985000000000001,0.0,3.995,0.0,0.0,0.0,0.0,0.00元,0.0,0.0
2025-02-22T11:00:00,2025-02-22T11:10:00,2025-02-22,66,0.0,0.0,0.0,0.0,0.0,0.0,0.0,0.5025,0.0,0.7537499999999999,0.0,2.5124999999999997,0.0,0.0,0.0,0.0,0.00元,0.0,0.0
2025-02-22T11:10:00,2025-02-22T11:20:00,2025-02-22,67,0.0,0.0,0.0,0.0,0.0,0.0,0.0,0.4662,0.0,0.6993,0.0,2.331,0.0,0.0,0.0,0.0,0.00元,0.0,0.0
2025-02-22T11:20:00,2025-02-22T11:30:00,2025-02-22,68,0.0,0.0,0.0,0.0,0.0,0.0,0.0,0.5007,0.0,0.75105,0.0,2.5035000000000003,0.0,0.0,0.0,0.0,0.00元,0.0,0.0
2025-02-22T11:30:00,2025-02-22T11:40:00,2025-02-22,69,0.0,0.0,0.0,0.0,0.0,0.0,0.0,0.4827,0.0,0.7240500000000001,0.0,2.4135,0.0,0.0,0.0,0.0,0.00元,0.0,0.0
2025-02-22T11:40:00,2025-02-22T11:50:00,2025-02-22,70,0.0,0.0,0.0,0.0,0.0,0.0,0.0,0.4785,0.0,0.71775,0.0,2.3925,0.0,0.0,0.0,0.0,0.00元,0.0,0.0
2025-02-22T11:50:00,2025-02-22T12:00:00,2025-02-22,71,0.0,0.0,0.0,0.0,0.0,0.0,0.0,0.4662,0.0,0.6993,0.0,2.331,0.0,0.0,0.0,0.0,0.00元,0.0,0.0
2025-02-22T12:00:00,2025-02-22T12:10:00,2025-02-22,72,0.0,0.0,0.0,0.0,0.0,0.0,0.0,0.4432,0.0,0.6648,0.0,2.2159999999999997,0.0,0.0,0.0,0.0,0.00元,0.0,0.0
2025-02-22T12:10:00,2025-02-22T12:20:00,2025-02-22,73,0.0,0.0,0.0,0.0,0.0,0.0,0.0,0.4411,0.0,0.66165,0.0,2.2055,0.0,0.0,0.0,0.0,0.00元,0.0,0.0
2025-02-22T12:20:00,2025-02-22T12:30:00,2025-02-22,74,0.0,0.0,0.0,0.0,0.0,0.0,0.0,0.4551,0.0,0.68265,0.0,2.2755,0.0,0.0,0.0,0.0,0.00元,0.0,0.0
2025-02-22T12:30:00,2025-02-22T12:40:00,2025-02-22,75,0.0,0.0,0.0,0.0,0.0,0.0,0.0,0.4463,0.0,0.66945,0.0,2.2315,0.0,0.0,0.0,0.0,0.00元,0.0,0.0
2025-02-22T12:40:00,2025-02-22T12:50:00,2025-02-22,76,0.0,0.0,0.0,0.0,0.0,0.0,0.0,0.4113,0.0,0.61695,0.0,2.0564999999999998,0.0,0.0,0.0,0.0,0.00元,0.0,0.0
2025-02-22T12:50:00,2025-02-22T13:00:00,2025-02-22,77,0.0,0.0,0.0,0.0,0.0,0.0,0.0,0.5682,0.0,0.8523000000000001,0.0,2.841,0.0,0.0,0.0,0.0,0.00元,0.0,0.0
2025-02-22T13:00:00,2025-02-22T13:10:00,2025-02-22,78,0.0,0.0,0.0,0.0,0.0,0.0,0.0,0.8279,0.0,1.24185,0.0,4.1395,0.0,0.0,0.0,0.0,0.00元,0.0,0.0
2025-02-22T13:10:00,2025-02-22T13:20:00,2025-02-22,79,0.0,0.0,0.0,0.0,0.0,0.0,0.0,0.8636,0.0,1.2954,0.0,4.3180000000000005,0.0,0.0,0.0,0.0,0.00元,0.0,0.0
2025-02-22T13:20:00,2025-02-22T13:30:00,2025-02-22,80,0.0,0.0,0.0,0.0,0.0,0.0,0.0,0.8416,0.0,1.2624,0.0,4.208,0.0,0.0,0.0,0.0,0.00元,0.0,0.0
2025-02-22T13:30:00,2025-02-22T13:40:00,2025-02-22,81,0.0,0.0,0.0,0.0,0.0,0.0,0.0,0.8618,0.0,1.2927,0.0,4.309,0.0,0.0,0.0,0.0,0.00元,0.0,0.0
2025-02-22T13:40:00,2025-02-22T13:50:00,2025-02-22,82,0.0,0.0,0.0,0.0,0.0,0.0,0.0,0.8623,0.0,1.29345,0.0,4.3115,0.0,0.0,0.0,0.0,0.00元,0.0,0.0
2025-02-22T13:50:00,2025-02-22T14:00:00,2025-02-22,83,0.0,0.0,0.0,0.0,0.0,0.0,0.0,0.9026,0.0,1.3538999999999999,0.0,4.513,0.0,0.0,0.0,0.0,0.00元,0.0,0.0
2025-02-22T14:00:00,2025-02-22T14:10:00,2025-02-22,84,0.0,0.0,0.0,0.0,0.0,0.0,0.0,0.9754,0.0,1.4631,0.0,4.877000000000001,0.0,0.0,0.0,0.0,0.00元,0.0,0.0
2025-02-22T14:10:00,2025-02-22T14:20:00,2025-02-22,85,0.0,0.0,0.0,0.0,0.0,0.0,0.0,1.0002,0.0,1.5003,0.0,5.0009999999999994,0.0,0.0,0.0,0.0,0.00元,0.0,0.0
2025-02-22T14:20:00,2025-02-22T14:30:00,2025-02-22,86,0.0,0.0,0.0,0.0,0.0,0.0,0.0,0.9978,0.0,1.4967000000000001,0.0,4.989,0.0,0.0,0.0,0.0,0.00元,0.0,0.0
2025-02-22T14:30:00,2025-02-22T14:40:00,2025-02-22,87,0.0,0.0,0.0,0.0,0.0,0.0,0.0,1.0271,0.0,1.5406499999999999,0.0,5.1354999999999995,0.0,0.0,0.0,0.0,0.00元,0.0,0.0
2025-02-22T14:40:00,2025-02-22T14:50:00,2025-02-22,88,0.0,0.0,0.0,0.0,0.0,0.0,0.0,1.0906,0.0,1.6359,0.0,5.453,0.0,0.0,0.0,0.0,0.00元,0.0,0.0
2025-02-22T14:50:00,2025-02-22T15:00:00,2025-02-22,89,0.0,0.0,0.0,0.0,0.0,0.0,0.0,0.9376,0.0,1.4064,0.0,4.688,0.0,0.0,0.0,0.0,0.00元,0.0,0.0
2025-02-22T15:00:00,2025-02-22T15:10:00,2025-02-22,90,0.0,0.0,0.0,0.0,0.0,0.0,0.0,0.6694,0.0,1.0041,0.0,3.347,0.0,0.0,0.0,0.0,0.00元,0.0,0.0
2025-02-22T15:10:00,2025-02-22T15:20:00,2025-02-22,91,0.0,0.0,0.0,0.0,0.0,0.0,0.0,0.66,0.0,0.99,0.0,3.3000000000000003,0.0,0.0,0.0,0.0,0.00元,0.0,0.0
2025-02-22T15:20:00,2025-02-22T15:30:00,2025-02-22,92,0.0,0.0,0.0,0.0,0.0,0.0,0.0,0.7217,0.0,1.08255,0.0,3.6085000000000003,0.0,0.0,0.0,0.0,0.00元,0.0,0.0
2025-02-22T15:30:00,2025-02-22T15:40:00,2025-02-22,93,0.0,0.0,9.814419429102486,9.814419429102486,9.814419429102486,0.0,9.814419429102486,0.7308,0.0,1.0962,10.758566578182146,3.654,0.0,0.0,0.0,10.758566578182146,10.76元,0.0,9.814419429102486
2025-02-22T15:40:00,2025-02-22T15:50:00,2025-02-22,94,15.732541229183994,15.732541229183994,21.781528791065398,37.51407002024939,21.781528791065398,0.0,37.51407002024939,0.7534,11.85289656206722,1.1300999999999999,24.615305686783003,3.767,0.0,0.0,0.0,36.468202248850226,36.47元,0.0,37.51407002024939
2025-02-22T15:50:00,2025-02-22T16:00:00,2025-02-22,95,53.415034105847326,53.415034105847326,19.97935889855296,73.39439300440029,19.97935889855296,0.0,73.39439300440029,0.7823,41.786581181004365,1.1734499999999999,23.44477869950697,3.9115,0.0,0.0,0.0,65.23135988051133,65.23元,0.0,73.39439300440029
2025-02-22T16:00:00,2025-02-22T16:10:00,2025-02-22,96,110.4142898541063,110.4142898541063,2.7207630328805408,113.13505288698684,2.7207630328805408,0.0,113.13505288698684,0.8055,88.93871047748263,1.20825,3.2873619344779135,4.0275,0.0,0.0,0.0,92.22607241196054,92.23元,0.0,113.13505288698684
2025-02-22T16:10:00,2025-02-22T16:20:00,2025-02-22,97,170.95799776195435,170.95799776195435,2.6462263069523715,173.60422406890672,2.6462263069523715,0.0,173.60422406890672,0.8271,141.39935994891243,1.24065,3.2830406677204595,4.1354999999999995,0.0,0.0,0.0,144.6824006166329,144.68元,0.0,173.60422406890672
2025-02-22T16:20:00,2025-02-22T16:30:00,2025-02-22,98,218.77250271869218,218.77250271869218,2.5737315536049437,221.34623427229712,2.5737315536049437,0.0,221.34623427229712,0.8519,186.37229506605388,1.27785,3.288842865774077,4.2595,0.0,0.0,0.0,189.66113793182794,189.66元,0.0,221.34623427229712
2025-02-22T16:30:00,2025-02-22T16:40:00,2025-02-22,99,270.7657019672972,270.7657019672972,2.5032228319317937,273.268924799229,2.5032228319317937,0.0,273.268924799229,0.8791,238.030128599451,1.3186499999999999,3.3008747873268596,4.3955,0.0,0.0,0.0,241.33100338677784,241.33元,0.0,273.268924799229
2025-02-22T16:40:00,2025-02-22T16:50:00,2025-02-22,100,348.38224273003027,348.38224273003027,2.4346457335567493,350.816888463587,2.4346457335567493,0.0,350.816888463587,0.9024,314.3801358395793,1.3536,3.295536464942416,4.512,0.0,0.0,0.0,317.6756723045217,317.68元,0.0,350.816888463587
2025-02-22T16:50:00,2025-02-22T17:00:00,2025-02-22,101,369.32910635936,369.32910635936,2.3679473406494935,371.6970537000095,2.3679473406494935,0.0,371.6970537000095,0.9163,338.4162601570816,1.37445,3.2546252223556964,4.5815,0.0,0.0,0.0,341.67088537943727,341.67元,0.0,371.6970537000095
2025-02-22T17:00:00,2025-02-22T17:10:00,2025-02-22,102,339.66917034646633,339.66917034646633,2.303076185091413,341.97224653155774,2.303076185091413,0.0,341.97224653155774,0.9264,314.66951940896644,1.3896,3.200354666803028,4.632,0.0,0.0,0.0,317.8698740757694,317.87元,0.0,341.97224653155774
2025-02-22T17:10:00,2025-02-22T17:20:00,2025-02-22,103,354.5003668777801,354.5003668777801,2.2399822087599546,356.74034908654005,2.2399822087599546,0.0,356.74034908654005,0.9462,335.4282471397555,1.4193,3.179206748893004,4.731,0.0,0.0,0.0,338.6074538886486,338.61元,0.0,356.74034908654005
2025-02-22T17:20:00,2025-02-22T17:30:00,2025-02-22,104,406.1699400824056,406.1699400824056,2.1786167249009054,408.3485568073065,2.1786167249009054,0.0,408.3485568073065,0.9742,395.69075562827953,1.4613,3.183612620097693,4.8709999999999996,0.0,0.0,0.0,398.8743682483772,398.87元,0.0,408.3485568073065
2025-02-22T17:30:00,2025-02-22T17:40:00,2025-02-22,105,452.45606649422893,452.45606649422893,2.1189323805591584,454.5749988747881,2.1189323805591584,0.0,454.5749988747881,0.9862,446.21217277660855,1.4792999999999998,3.134536670561163,4.931,0.0,0.0,0.0,449.3467094471697,449.35元,0.0,454.5749988747881
2025-02-22T17:40:00,2025-02-22T17:50:00,2025-02-22,106,455.33168634774194,455.33168634774194,2.060883120038625,457.39256946778056,2.060883120038625,0.0,457.39256946778056,0.976,444.4037258753961,1.464,3.0171328877365466,4.88,0.0,0.0,0.0,447.4208587631327,447.42元,0.0,457.39256946778056
2025-02-22T17:50:00,2025-02-22T18:00:00,2025-02-22,107,172.85365473745532,172.85365473745532,36.806181161092866,209.65983589854818,36.806181161092866,0.0,209.65983589854818,1.0742,185.6793959189745,1.6113,59.30579970486894,5.371,0.0,0.0,0.0,244.98519562384345,244.99元,0.0,209.65983589854818
2025-02-22T18:00:00,2025-02-22T18:10:00,2025-02-22,108,0.0,0.0,0.0,0.0,0.0,0.0,0.0,1.2313,0.0,1.84695,0.0,6.1565,0.0,36.928793554530614,22.735211751846773,22.735211751846773,22.74元,0.0,0.0
2025-02-22T18:10:00,2025-02-22T18:20:00,2025-02-22,109,0.0,0.0,0.0,0.0,0.0,0.0,0.0,1.2561,0.0,1.88415,0.0,6.2805,0.0,0.0,0.0,0.0,0.00元,0.0,0.0
2025-02-22T18:20:00,2025-02-22T18:30:00,2025-02-22,110,0.0,0.0,0.0,0.0,0.0,0.0,0.0,1.2447,0.0,1.8670499999999999,0.0,6.2235,0.0,0.0,0.0,0.0,0.00元,0.0,0.0
2025-02-22T18:30:00,2025-02-22T18:40:00,2025-02-22,111,0.0,0.0,0.0,0.0,0.0,0.0,0.0,1.2545,0.0,1.8817499999999998,0.0,6.2725,0.0,0.0,0.0,0.0,0.00元,0.0,0.0
2025-02-22T18:40:00,2025-02-22T18:50:00,2025-02-22,112,0.0,0.0,0.0,0.0,0.0,0.0,0.0,1.2522,0.0,1.8782999999999999,0.0,6.261,0.0,0.0,0.0,0.0,0.00元,0.0,0.0
2025-02-22T18:50:00,2025-02-22T19:00:00,2025-02-22,113,0.0,0.0,0.0,0.0,0.0,0.0,0.0,1.2881,0.0,1.93215,0.0,6.4405,0.0,0.0,0.0,0.0,0.00元,0.0,0.0
2025-02-22T19:00:00,2025-02-22T19:10:00,2025-02-22,114,0.0,0.0,0.0,0.0,0.0,0.0,0.0,1.3466,0.0,2.0199,0.0,6.7330000000000005,0.0,0.0,0.0,0.0,0.00元,0.0,0.0
2025-02-22T19:10:00,2025-02-22T19:20:00,2025-02-22,115,0.0,0.0,0.0,0.0,0.0,0.0,0.0,1.3523,0.0,2.0284500000000003,0.0,6.7615,0.0,0.0,0.0,0.0,0.00元,0.0,0.0
2025-02-22T19:20:00,2025-02-22T19:30:00,2025-02-22,116,0.0,0.0,0.0,0.0,0.0,0.0,0.0,1.3445,0.0,2.01675,0.0,6.7225,0.0,0.0,0.0,0.0,0.00元,0.0,0.0
2025-02-22T19:30:00,2025-02-22T19:40:00,2025-02-22,117,0.0,0.0,0.0,0.0,0.0,0.0,0.0,1.3483,0.0,2.02245,0.0,6.7415,0.0,0.0,0.0,0.0,0.00元,0.0,0.0
2025-02-22T19:40:00,2025-02-22T19:50:00,2025-02-22,118,0.0,0.0,0.0,0.0,0.0,0.0,0.0,1.349,0.0,2.0235,0.0,6.745,0.0,0.0,0.0,0.0,0.00元,0.0,0.0
2025-02-22T19:50:00,2025-02-22T20:00:00,2025-02-22,119,0.0,0.0,0.0,0.0,0.0,0.0,0.0,1.3473,0.0,2.02095,0.0,6.7364999999999995,0.0,0.0,0.0,0.0,0.00元,0.0,0.0
2025-02-22T20:00:00,2025-02-22T20:10:00,2025-02-22,120,0.0,0.0,0.0,0.0,0.0,0.0,0.0,1.3482,0.0,2.0223,0.0,6.7410000000000005,0.0,0.0,0.0,0.0,0.00元,0.0,0.0
2025-02-22T20:10:00,2025-02-22T20:20:00,2025-02-22,121,0.0,0.0,0.0,0.0,0.0,0.0,0.0,1.3513,0.0,2.02695,0.0,6.7565,0.0,0.0,0.0,0.0,0.00元,0.0,0.0
2025-02-22T20:20:00,2025-02-22T20:30:00,2025-02-22,122,0.0,0.0,0.0,0.0,0.0,0.0,0.0,1.34,0.0,2.0100000000000002,0.0,6.7,0.0,0.0,0.0,0.0,0.00元,0.0,0.0
2025-02-22T20:30:00,2025-02-22T20:40:00,2025-02-22,123,0.0,0.0,0.0,0.0,0.0,0.0,0.0,1.3489,0.0,2.0233499999999998,0.0,6.7445,0.0,0.0,0.0,0.0,0.00元,0.0,0.0
2025-02-22T20:40:00,2025-02-22T20:50:00,2025-02-22,124,0.0,0.0,0.0,0.0,0.0,0.0,0.0,1.3952,0.0,2.0928,0.0,6.976,0.0,0.0,0.0,0.0,0.00元,0.0,0.0
2025-02-22T20:50:00,2025-02-22T21:00:00,2025-02-22,125,0.0,0.0,238.66974135234733,238.66974135234733,238.66974135234733,0.0,238.66974135234733,1.2226,0.0,1.8338999999999999,437.69643866606975,6.1129999999999995,0.0,0.0,0.0,437.69643866606975,437.70元,0.0,238.66974135234733
2025-02-22T21:00:00,2025-02-22T21:10:00,2025-02-22,126,457.03060978380444,457.03060978380444,0.0,457.03060978380444,0.0,0.0,457.03060978380444,0.9332,426.5009650502463,1.3998,0.0,4.666,0.0,0.0,0.0,426.5009650502463,426.50元,0.0,457.03060978380444
2025-02-22T21:10:00,2025-02-22T21:20:00,2025-02-22,127,482.7239851603285,482.7239851603285,0.0,482.7239851603285,0.0,0.0,482.7239851603285,0.9068,437.7341097433859,1.3602,0.0,4.534000000000001,0.0,0.0,0.0,437.7341097433859,437.73元,0.0,482.7239851603285
2025-02-22T21:20:00,2025-02-22T21:30:00,2025-02-22,128,487.4872357223333,487.4872357223333,0.0,487.4872357223333,0.0,0.0,487.4872357223333,0.9371,456.82428859539857,1.40565,0.0,4.6855,0.0,0.0,0.0,456.82428859539857,456.82元,0.0,487.4872357223333
2025-02-22T21:30:00,2025-02-22T21:40:00,2025-02-22,129,473.2230840223927,473.2230840223927,0.0,473.2230840223927,0.0,0.0,473.2230840223927,0.9371,443.4573520373842,1.40565,0.0,4.6855,0.0,0.0,0.0,443.4573520373842,443.46元,0.0,473.2230840223927
2025-02-22T21:40:00,2025-02-22T21:50:00,2025-02-22,130,450.8755944141756,450.8755944141756,23.757558039248863,474.6331524534245,23.757558039248863,0.0,474.6331524534245,0.9871,445.05929924623274,1.48065,35.176628310813825,4.9355,0.0,0.0,0.0,480.2359275570465,480.24元,0.0,474.6331524534245
2025-02-22T21:50:00,2025-02-22T22:00:00,2025-02-22,131,461.462127980968,461.462127980968,0.0,461.462127980968,0.0,0.0,461.462127980968,0.7764,358.2791961644235,1.1646,0.0,3.8819999999999997,0.0,0.0,0.0,358.2791961644235,358.28元,0.0,461.462127980968
2025-02-22T22:00:00,2025-02-22T22:10:00,2025-02-22,132,1203.512892081065,1201.7572677295798,0.0,1201.7572677295798,-1.7556243514852667,0.0,1201.7572677295798,0.4209,505.81963398738014,0.63135,0.0,2.1045,0.0,0.0,0.0,505.81963398738014,505.82元,0.0,1201.7572677295798
2025-02-22T22:10:00,2025-02-22T22:20:00,2025-02-22,133,1190.5946325846382,1188.8871044802493,0.0,1188.8871044802493,-1.7075281043889845,0.0,1188.8871044802493,0.3859,458.7915336189282,0.5788500000000001,0.0,1.9295,0.0,0.0,0.0,458.7915336189282,458.79元,0.0,1188.8871044802493
2025-02-22T22:20:00,2025-02-22T22:30:00,2025-02-22,134,389.3348372003911,389.3348372003911,0.0,389.3348372003911,0.0,0.0,389.3348372003911,0.4368,170.06145688913085,0.6552,0.0,2.184,0.0,0.0,0.0,170.06145688913085,170.06元,0.0,389.3348372003911
2025-02-22T22:30:00,2025-02-22T22:40:00,2025-02-22,135,1251.8633073800775,1250.248055001306,0.0,1250.248055001306,-1.6152523787714017,0.0,1250.248055001306,0.4198,524.8541334895483,0.6297,0.0,2.099,0.0,0.0,0.0,524.8541334895483,524.85元,25.293055011306016,1224.95499999
2025-02-22T22:40:00,2025-02-22T22:50:00,2025-02-22,136,1245.2532814534716,1243.6822797582058,0.0,1243.6822797582058,-1.5710016952657497,0.0,1243.6822797582058,0.4186,520.605402306785,0.6279,0.0,2.093,0.0,0.0,0.0,520.605402306785,520.61元,51.19544643487256,1192.4868333233333
2025-02-22T22:50:00,2025-02-22T23:00:00,2025-02-22,137,1235.3837846225786,1233.8558213402057,0.0,1233.8558213402057,-1.5279632823728662,0.0,1233.8558213402057,0.4241,523.2782538303812,0.63615,0.0,2.1205,0.0,0.0,0.0,523.2782538303812,523.28元,29.558021350205756,1204.29779999
2025-02-22T23:00:00,2025-02-22T23:10:00,2025-02-22,138,1238.0062881226693,1236.520184193364,0.0,1236.520184193364,-1.4861039293052727,0.0,1236.520184193364,0.4237,523.9136020427284,0.6355500000000001,0.0,2.1185,0.0,0.0,0.0,523.9136020427284,523.91元,0.0,1236.520184193364
2025-02-22T23:10:00,2025-02-22T23:20:00,2025-02-22,139,879.4976490418695,879.4976490418695,0.0,879.4976490418695,0.0,0.0,879.4976490418695,0.4248,373.6106013129862,0.6372,0.0,2.124,0.0,0.0,0.0,373.6106013129862,373.61元,0.0,879.4976490418695
2025-02-22T23:20:00,2025-02-22T23:30:00,2025-02-22,140,1245.8847520238337,1244.4789579401277,0.0,1244.4789579401277,-1.4057940837060414,0.0,1244.4789579401277,0.424,527.6590781666141,0.636,0.0,2.12,0.0,0.0,0.0,527.6590781666141,527.66元,21.962874616794345,1222.5160833233333
2025-02-22T23:30:00,2025-02-22T23:40:00,2025-02-22,141,1242.1757258465618,1240.8084442268457,0.0,1240.8084442268457,-1.3672816197160955,0.0,1240.8084442268457,0.422,523.6211634637289,0.633,0.0,2.11,0.0,0.0,0.0,523.6211634637289,523.62元,13.916777570179072,1226.8916666566668
2025-02-22T23:40:00,2025-02-22T23:50:00,2025-02-22,142,1221.0057435000283,1219.6759192752138,0.0,1219.6759192752138,-1.3298242248145016,0.0,1219.6759192752138,0.424,517.1425897726906,0.636,0.0,2.12,0.0,0.0,0.0,517.1425897726906,517.14元,0.0,1219.6759192752138
2025-02-22T23:50:00,2025-02-23T00:00:00,2025-02-22,143,441.1778938066142,441.1778938066142,0.0,441.1778938066142,0.0,0.0,441.1778938066142,0.4271,188.42707844480492,0.6406499999999999,0.0,2.1355,0.0,0.0,0.0,188.42707844480492,188.43元,0.0,441.1778938066142
2025-02-23T00:00:00,2025-02-23T00:10:00,2025-02-22,144,543.8859333333332,543.8859333333332,0.0,543.8859333333332,0.0,0.0,543.8859333333332,0.4276,232.5656250933333,0.6414,0.0,2.138,0.0,0.0,0.0,232.5656250933333,232.57元,0.0,543.8859333333332
2025-02-23T00:10:00,2025-02-23T00:20:00,2025-02-23,1,1415.9593354171132,1415.9593354171132,0.0,1415.9593354171132,0.0,0.0,1415.9593354171132,0.4248,601.4995256851897,0.6372,0.0,2.124,0.0,0.0,0.0,601.4995256851897,601.50元,0.0,1415.9593354171132
2025-02-23T00:20:00,2025-02-23T00:30:00,2025-02-23,2,1403.9788775245263,1403.9788775245263,0.0,1403.9788775245263,0.0,0.0,1403.9788775245263,0.4245,595.9890335091613,0.6367499999999999,0.0,2.1225,0.0,0.0,0.0,595.9890335091613,595.99元,0.0,1403.9788775245263
2025-02-23T00:30:00,2025-02-23T00:40:00,2025-02-23,3,553.8767705497064,553.8767705497064,0.0,553.8767705497064,0.0,0.0,553.8767705497064,0.4269,236.44999334766968,0.64035,0.0,2.1345,0.0,0.0,0.0,236.44999334766968,236.45元,0.0,553.8767705497064
2025-02-23T00:40:00,2025-02-23T00:50:00,2025-02-23,4,585.8698197658138,585.8698197658138,0.0,585.8698197658138,0.0,0.0,585.8698197658138,0.4272,250.28358700395566,0.6408,0.0,2.136,0.0,0.0,0.0,250.28358700395566,250.28元,0.0,585.8698197658138
2025-02-23T00:50:00,2025-02-23T01:00:00,2025-02-23,5,609.9916621755976,609.9916621755976,0.0,609.9916621755976,0.0,0.0,609.9916621755976,0.4271,260.52743891519776,0.6406499999999999,0.0,2.1355,0.0,0.0,0.0,260.52743891519776,260.53元,0.0,609.9916621755976
2025-02-23T01:00:00,2025-02-23T01:10:00,2025-02-23,6,599.8503038253299,599.8503038253299,0.0,599.8503038253299,0.0,0.0,599.8503038253299,0.4285,257.03585518915384,0.6427499999999999,0.0,2.1425,0.0,0.0,0.0,257.03585518915384,257.04元,0.0,599.8503038253299
2025-02-23T01:10:00,2025-02-23T01:20:00,2025-02-23,7,583.357099066165,583.357099066165,0.0,583.357099066165,0.0,0.0,583.357099066165,0.4311,251.48524540742372,0.64665,0.0,2.1555,0.0,0.0,0.0,251.48524540742372,251.49元,0.0,583.357099066165
2025-02-23T01:20:00,2025-02-23T01:30:00,2025-02-23,8,577.7111873129021,577.7111873129021,0.0,577.7111873129021,0.0,0.0,577.7111873129021,0.4302,248.5313527820105,0.6453,0.0,2.1510000000000002,0.0,0.0,0.0,248.5313527820105,248.53元,0.0,577.7111873129021
2025-02-23T01:30:00,2025-02-23T01:40:00,2025-02-23,9,589.9446823002289,589.9446823002289,0.0,589.9446823002289,0.0,0.0,589.9446823002289,0.4279,252.43732955626797,0.64185,0.0,2.1395,0.0,0.0,0.0,252.43732955626797,252.44元,0.0,589.9446823002289
2025-02-23T01:40:00,2025-02-23T01:50:00,2025-02-23,10,612.4392255031743,612.4392255031743,0.0,612.4392255031743,0.0,0.0,612.4392255031743,0.4312,264.08379403696875,0.6468,0.0,2.156,0.0,0.0,0.0,264.08379403696875,264.08元,0.0,612.4392255031743
2025-02-23T01:50:00,2025-02-23T02:00:00,2025-02-23,11,608.6523937218434,608.6523937218434,0.0,608.6523937218434,0.0,0.0,608.6523937218434,0.4333,263.72908219967474,0.64995,0.0,2.1665,0.0,0.0,0.0,263.72908219967474,263.73元,0.0,608.6523937218434
2025-02-23T02:00:00,2025-02-23T02:10:00,2025-02-23,12,585.4623733304962,585.4623733304962,0.0,585.4623733304962,0.0,0.0,585.4623733304962,0.4311,252.39282914277692,0.64665,0.0,2.1555,0.0,0.0,0.0,252.39282914277692,252.39元,0.0,585.4623733304962
2025-02-23T02:10:00,2025-02-23T02:20:00,2025-02-23,13,587.5091078577035,587.5091078577035,0.0,587.5091078577035,0.0,0.0,587.5091078577035,0.4293,252.21766000331212,0.64395,0.0,2.1465,0.0,0.0,0.0,252.21766000331212,252.22元,0.0,587.5091078577035
2025-02-23T02:20:00,2025-02-23T02:30:00,2025-02-23,14,608.1163097309717,608.1163097309717,0.0,608.1163097309717,0.0,0.0,608.1163097309717,0.4324,262.94949232767215,0.6486000000000001,0.0,2.162,0.0,0.0,0.0,262.94949232767215,262.95元,0.0,608.1163097309717
2025-02-23T02:30:00,2025-02-23T02:40:00,2025-02-23,15,625.8936003525669,625.8936003525669,0.0,625.8936003525669,0.0,0.0,625.8936003525669,0.4367,273.3277352739659,0.6550499999999999,0.0,2.1835,0.0,0.0,0.0,273.3277352739659,273.33元,0.0,625.8936003525669
2025-02-23T02:40:00,2025-02-23T02:50:00,2025-02-23,16,626.4044093399282,626.4044093399282,0.0,626.4044093399282,0.0,0.0,626.4044093399282,0.4348,272.3606371810008,0.6522,0.0,2.174,0.0,0.0,0.0,272.3606371810008,272.36元,0.0,626.4044093399282
2025-02-23T02:50:00,2025-02-23T03:00:00,2025-02-23,17,627.107104597392,627.107104597392,0.0,627.107104597392,0.0,0.0,627.107104597392,0.4335,271.85092984296944,0.65025,0.0,2.1675,0.0,0.0,0.0,271.85092984296944,271.85元,0.0,627.107104597392
2025-02-23T03:00:00,2025-02-23T03:10:00,2025-02-23,18,625.2971957192885,625.2971957192885,0.0,625.2971957192885,0.0,0.0,625.2971957192885,0.4357,272.441988174894,0.65355,0.0,2.1784999999999997,0.0,0.0,0.0,272.441988174894,272.44元,0.0,625.2971957192885
2025-02-23T03:10:00,2025-02-23T03:20:00,2025-02-23,19,606.4026182244559,606.4026182244559,0.0,606.4026182244559,0.0,0.0,606.4026182244559,0.4374,265.240505211377,0.6561,0.0,2.1870000000000003,0.0,0.0,0.0,265.240505211377,265.24元,0.0,606.4026182244559
2025-02-23T03:20:00,2025-02-23T03:30:00,2025-02-23,20,617.9602411222332,617.9602411222332,0.0,617.9602411222332,0.0,0.0,617.9602411222332,0.4371,270.11042139452815,0.65565,0.0,2.1854999999999998,0.0,0.0,0.0,270.11042139452815,270.11元,0.0,617.9602411222332
2025-02-23T03:30:00,2025-02-23T03:40:00,2025-02-23,21,654.5130353099754,654.5130353099754,0.0,654.5130353099754,0.0,0.0,654.5130353099754,0.4356,285.1058781810253,0.6534,0.0,2.178,0.0,0.0,0.0,285.1058781810253,285.11元,0.0,654.5130353099754
2025-02-23T03:40:00,2025-02-23T03:50:00,2025-02-23,22,658.0324053021457,658.0324053021457,0.0,658.0324053021457,0.0,0.0,658.0324053021457,0.4353,286.44150602802404,0.65295,0.0,2.1765,0.0,0.0,0.0,286.44150602802404,286.44元,0.0,658.0324053021457
2025-02-23T03:50:00,2025-02-23T04:00:00,2025-02-23,23,636.0042959576964,636.0042959576964,0.0,636.0042959576964,0.0,0.0,636.0042959576964,0.436,277.29787303755563,0.654,0.0,2.18,0.0,0.0,0.0,277.29787303755563,277.30元,0.0,636.0042959576964
2025-02-23T04:00:00,2025-02-23T04:10:00,2025-02-23,24,623.9535550391208,623.9535550391208,0.0,623.9535550391208,0.0,0.0,623.9535550391208,0.4378,273.1668663961271,0.6567000000000001,0.0,2.189,0.0,0.0,0.0,273.1668663961271,273.17元,0.0,623.9535550391208
2025-02-23T04:10:00,2025-02-23T04:20:00,2025-02-23,25,649.117102436553,649.117102436553,0.0,649.117102436553,0.0,0.0,649.117102436553,0.4401,285.67643678232696,0.66015,0.0,2.2005,0.0,0.0,0.0,285.67643678232696,285.68元,0.0,649.117102436553
2025-02-23T04:20:00,2025-02-23T04:30:00,2025-02-23,26,664.0882868902945,664.0882868902945,0.0,664.0882868902945,0.0,0.0,664.0882868902945,0.4389,291.46834911615025,0.65835,0.0,2.1945,0.0,0.0,0.0,291.46834911615025,291.47元,0.0,664.0882868902945
2025-02-23T04:30:00,2025-02-23T04:40:00,2025-02-23,27,650.987766045145,650.987766045145,0.0,650.987766045145,0.0,0.0,650.987766045145,0.4364,284.09106110210126,0.6546000000000001,0.0,2.182,0.0,0.0,0.0,284.09106110210126,284.09元,0.0,650.987766045145
2025-02-23T04:40:00,2025-02-23T04:50:00,2025-02-23,28,640.7049148122334,640.7049148122334,0.0,640.7049148122334,0.0,0.0,640.7049148122334,0.4393,281.4616690770141,0.65895,0.0,2.1965000000000003,0.0,0.0,0.0,281.4616690770141,281.46元,0.0,640.7049148122334
2025-02-23T04:50:00,2025-02-23T05:00:00,2025-02-23,29,663.2372047087925,663.2372047087925,0.0,663.2372047087925,0.0,0.0,663.2372047087925,0.4422,293.28349192222805,0.6633,0.0,2.211,0.0,0.0,0.0,293.28349192222805,293.28元,0.0,663.2372047087925
2025-02-23T05:00:00,2025-02-23T05:10:00,2025-02-23,30,685.5683519980513,685.5683519980513,0.0,685.5683519980513,0.0,0.0,685.5683519980513,0.4395,301.30729070314356,0.65925,0.0,2.1975,0.0,0.0,0.0,301.30729070314356,301.31元,0.0,685.5683519980513
2025-02-23T05:10:00,2025-02-23T05:20:00,2025-02-23,31,650.2082069098495,650.2082069098495,0.0,650.2082069098495,0.0,0.0,650.2082069098495,0.4333,281.73521605403783,0.64995,0.0,2.1665,0.0,0.0,0.0,281.73521605403783,281.74元,0.0,650.2082069098495
2025-02-23T05:20:00,2025-02-23T05:30:00,2025-02-23,32,645.1979414233513,645.1979414233513,0.0,645.1979414233513,0.0,0.0,645.1979414233513,0.4439,286.4033661978256,0.66585,0.0,2.2195,0.0,0.0,0.0,286.4033661978256,286.40元,0.0,645.1979414233513
2025-02-23T05:30:00,2025-02-23T05:40:00,2025-02-23,33,667.4075986230926,667.4075986230926,0.0,667.4075986230926,0.0,0.0,667.4075986230926,0.4301,287.0520081677921,0.64515,0.0,2.1505,0.0,0.0,0.0,287.0520081677921,287.05元,0.0,667.4075986230926
2025-02-23T05:40:00,2025-02-23T05:50:00,2025-02-23,34,1477.9859703627567,1477.9859703627567,0.0,1477.9859703627567,0.0,0.0,1477.9859703627567,0.3713,548.7761907956916,0.5569500000000001,0.0,1.8565,0.0,0.0,0.0,548.7761907956916,548.78元,11.394387039423343,1466.5915833233335
2025-02-23T05:50:00,2025-02-23T06:00:00,2025-02-23,35,730.4171774277265,730.4171774277265,0.0,730.4171774277265,0.0,0.0,730.4171774277265,0.5708,416.9221248757463,0.8562,0.0,2.854,0.0,0.0,0.0,416.9221248757463,416.92元,0.0,730.4171774277265
2025-02-23T06:00:00,2025-02-23T06:10:00,2025-02-23,36,160.7912154960468,160.7912154960468,0.0,160.7912154960468,0.0,0.0,160.7912154960468,0.9099,146.30392697985297,1.3648500000000001,0.0,4.5495,0.0,24.912432101779473,11.333910984704572,157.63783796455755,157.64元,0.0,160.7912154960468
2025-02-23T06:10:00,2025-02-23T06:20:00,2025-02-23,37,138.14612674473744,138.14612674473744,2.8875195380976493,141.0336462828351,2.8875195380976493,0.0,141.0336462828351,0.9368,129.41529153447004,1.4052,4.057542454934817,4.684,0.0,0.0,0.0,133.47283398940485,133.47元,0.0,141.0336462828351
2025-02-23T06:20:00,2025-02-23T06:30:00,2025-02-23,38,130.8831047815354,130.8831047815354,0.0,130.8831047815354,0.0,0.0,130.8831047815354,0.8758,114.6274231676687,1.3137,0.0,4.3790000000000004,0.0,0.0,0.0,114.6274231676687,114.63元,0.0,130.8831047815354
2025-02-23T06:30:00,2025-02-23T06:40:00,2025-02-23,39,149.705576175509,149.705576175509,0.0,149.705576175509,0.0,0.0,149.705576175509,0.8759,131.12711417212833,1.31385,0.0,4.3795,0.0,0.0,0.0,131.12711417212833,131.13元,0.0,149.705576175509
2025-02-23T06:40:00,2025-02-23T06:50:00,2025-02-23,40,230.16256764478112,230.16256764478112,93.97488372092619,324.1374513657073,93.97488372092619,0.0,324.1374513657073,0.8601,197.96282443127623,1.29015,121.24169623255291,4.3004999999999995,0.0,0.0,0.0,319.20452066382916,319.20元,0.0,324.1374513657073
2025-02-23T06:50:00,2025-02-23T07:00:00,2025-02-23,41,759.511235791414,759.511235791414,0.0,759.511235791414,0.0,0.0,759.511235791414,0.8442,641.1793852551117,1.2663,0.0,4.221,0.0,0.0,0.0,641.1793852551117,641.18元,0.0,759.511235791414
2025-02-23T07:00:00,2025-02-23T07:10:00,2025-02-23,42,728.538712792966,728.538712792966,0.0,728.538712792966,0.0,0.0,728.538712792966,0.8334,607.1641632416579,1.2501,0.0,4.167,0.0,0.0,0.0,607.1641632416579,607.16元,0.0,728.538712792966
2025-02-23T07:10:00,2025-02-23T07:20:00,2025-02-23,43,688.0234035114421,688.0234035114421,0.0,688.0234035114421,0.0,0.0,688.0234035114421,0.8092,556.748538121459,1.2138,0.0,4.046,0.0,0.0,0.0,556.748538121459,556.75元,0.0,688.0234035114421
2025-02-23T07:20:00,2025-02-23T07:30:00,2025-02-23,44,632.6696928952417,632.6696928952417,0.0,632.6696928952417,0.0,0.0,632.6696928952417,0.7972,504.3642791760867,1.1958,0.0,3.986,0.0,0.0,0.0,504.3642791760867,504.36元,0.0,632.6696928952417
2025-02-23T07:30:00,2025-02-23T07:40:00,2025-02-23,45,560.6761142836285,560.6761142836285,0.0,560.6761142836285,0.0,0.0,560.6761142836285,0.7644,428.58082175840565,1.1465999999999998,0.0,3.822,0.0,0.0,0.0,428.58082175840565,428.58元,0.0,560.6761142836285
2025-02-23T07:40:00,2025-02-23T07:50:00,2025-02-23,46,1337.752519830723,1333.2864695402448,0.0,1333.2864695402448,-4.466050290478279,0.0,1333.2864695402448,0.6899,919.8343353358148,1.03485,0.0,3.4494999999999996,0.0,0.0,0.0,919.8343353358148,919.83元,0.0,1333.2864695402448
2025-02-23T07:50:00,2025-02-23T08:00:00,2025-02-23,47,574.5989251249796,574.5989251249796,0.0,574.5989251249796,0.0,0.0,574.5989251249796,0.86,494.15507560748244,1.29,0.0,4.3,0.0,0.0,0.0,494.15507560748244,494.16元,0.0,574.5989251249796
2025-02-23T08:00:00,2025-02-23T08:10:00,2025-02-23,48,0.0,0.0,0.0,0.0,0.0,0.0,0.0,1.1617,0.0,1.74255,0.0,5.8084999999999996,0.0,0.0,0.0,0.0,0.00元,0.0,0.0
2025-02-23T08:10:00,2025-02-23T08:20:00,2025-02-23,49,0.0,0.0,0.0,0.0,0.0,0.0,0.0,1.1683,0.0,1.7524499999999998,0.0,5.8415,0.0,0.0,0.0,0.0,0.00元,0.0,0.0
2025-02-23T08:20:00,2025-02-23T08:30:00,2025-02-23,50,0.0,0.0,0.0,0.0,0.0,0.0,0.0,1.0956,0.0,1.6433999999999997,0.0,5.478,0.0,0.0,0.0,0.0,0.00元,0.0,0.0
2025-02-23T08:30:00,2025-02-23T08:40:00,2025-02-23,51,0.0,0.0,0.0,0.0,0.0,0.0,0.0,1.0849,0.0,1.6273499999999999,0.0,5.4245,0.0,0.0,0.0,0.0,0.00元,0.0,0.0
2025-02-23T08:40:00,2025-02-23T08:50:00,2025-02-23,52,0.0,0.0,0.0,0.0,0.0,0.0,0.0,1.061,0.0,1.5915,0.0,5.305,0.0,0.0,0.0,0.0,0.00元,0.0,0.0
2025-02-23T08:50:00,2025-02-23T09:00:00,2025-02-23,53,0.0,0.0,0.0,0.0,0.0,0.0,0.0,1.043,0.0,1.5644999999999998,0.0,5.215,0.0,0.0,0.0,0.0,0.00元,0.0,0.0
2025-02-23T09:00:00,2025-02-23T09:10:00,2025-02-23,54,0.0,0.0,0.0,0.0,0.0,0.0,0.0,1.036,0.0,1.554,0.0,5.18,0.0,0.0,0.0,0.0,0.00元,0.0,0.0
2025-02-23T09:10:00,2025-02-23T09:20:00,2025-02-23,55,0.0,0.0,0.0,0.0,0.0,0.0,0.0,1.0147,0.0,1.52205,0.0,5.073499999999999,0.0,0.0,0.0,0.0,0.00元,0.0,0.0
2025-02-23T09:20:00,2025-02-23T09:30:00,2025-02-23,56,0.0,0.0,0.0,0.0,0.0,0.0,0.0,0.9922,0.0,1.4883,0.0,4.961,0.0,0.0,0.0,0.0,0.00元,0.0,0.0
2025-02-23T09:30:00,2025-02-23T09:40:00,2025-02-23,57,0.0,0.0,0.0,0.0,0.0,0.0,0.0,0.97,0.0,1.455,0.0,4.85,0.0,0.0,0.0,0.0,0.00元,0.0,0.0
2025-02-23T09:40:00,2025-02-23T09:50:00,2025-02-23,58,0.0,0.0,0.0,0.0,0.0,0.0,0.0,0.9422,0.0,1.4133,0.0,4.711,0.0,0.0,0.0,0.0,0.00元,0.0,0.0
2025-02-23T09:50:00,2025-02-23T10:00:00,2025-02-23,59,0.0,0.0,0.0,0.0,0.0,0.0,0.0,0.9569,0.0,1.43535,0.0,4.7844999999999995,0.0,0.0,0.0,0.0,0.00元,0.0,0.0
2025-02-23T10:00:00,2025-02-23T10:10:00,2025-02-23,60,0.0,0.0,0.0,0.0,0.0,0.0,0.0,0.9977,0.0,1.49655,0.0,4.9885,0.0,0.0,0.0,0.0,0.00元,0.0,0.0
2025-02-23T10:10:00,2025-02-23T10:20:00,2025-02-23,61,0.0,0.0,0.0,0.0,0.0,0.0,0.0,0.9919,0.0,1.48785,0.0,4.9595,0.0,0.0,0.0,0.0,0.00元,0.0,0.0
2025-02-23T10:20:00,2025-02-23T10:30:00,2025-02-23,62,0.0,0.0,0.0,0.0,0.0,0.0,0.0,0.9588,0.0,1.4382,0.0,4.794,0.0,0.0,0.0,0.0,0.00元,0.0,0.0
2025-02-23T10:30:00,2025-02-23T10:40:00,2025-02-23,63,0.0,0.0,0.0,0.0,0.0,17.835880580689874,17.835880580689874,0.9549,0.0,1.43235,0.0,4.7745,85.1574118325038,0.0,0.0,85.1574118325038,85.16元,0.0,17.835880580689874
2025-02-23T10:40:00,2025-02-23T10:50:00,2025-02-23,64,0.0,0.0,0.0,0.0,0.0,2.7593166666668285,2.7593166666668285,0.9839,0.0,1.4758499999999999,0.0,4.9195,13.574458341667462,0.0,0.0,13.574458341667462,13.57元,0.0,2.7593166666668285
2025-02-23T10:50:00,2025-02-23T11:00:00,2025-02-23,65,0.0,0.0,0.0,0.0,0.0,0.0,0.0,0.799,0.0,1.1985000000000001,0.0,3.995,0.0,0.0,0.0,0.0,0.00元,0.0,0.0
2025-02-23T11:00:00,2025-02-23T11:10:00,2025-02-23,66,859.540264624126,859.540264624126,8.254294733931602,867.7945593580577,8.254294733931602,0.0,867.7945593580577,0.5025,431.9189829736233,0.7537499999999999,6.221674655700944,2.5124999999999997,0.0,0.0,0.0,438.14065762932427,438.14元,0.0,867.7945593580577
2025-02-23T11:10:00,2025-02-23T11:20:00,2025-02-23,67,807.7558956189649,807.7558956189649,8.797531065708199,816.5534266846731,8.797531065708199,0.0,816.5534266846731,0.4662,376.57579853756147,0.6993,6.152113474249743,2.331,0.0,0.0,0.0,382.7279120118112,382.73元,0.0,816.5534266846731
2025-02-23T11:20:00,2025-02-23T11:30:00,2025-02-23,68,748.1672081852056,748.1672081852056,9.209112143709262,757.3763203289149,9.209112143709262,0.0,757.3763203289149,0.5007,374.60732113833245,0.75105,6.916503675532842,2.5035000000000003,0.0,0.0,0.0,381.5238248138653,381.52元,0.0,757.3763203289149
2025-02-23T11:30:00,2025-02-23T11:40:00,2025-02-23,69,728.3899028545496,728.3899028545496,9.373784709752726,737.7636875643024,9.373784709752726,0.0,737.7636875643024,0.4827,351.5938061078911,0.7240500000000001,6.787088819096462,2.4135,0.0,0.0,0.0,358.3808949269876,358.38元,0.0,737.7636875643024
2025-02-23T11:40:00,2025-02-23T11:50:00,2025-02-23,70,764.4177527844239,764.4177527844239,9.440613209511412,773.8583659939353,9.440613209511412,0.0,773.8583659939353,0.4785,365.7738947073468,0.71775,6.776000131126816,2.3925,0.0,0.0,0.0,372.5498948384736,372.55元,0.0,773.8583659939353
2025-02-23T11:50:00,2025-02-23T12:00:00,2025-02-23,71,760.5885723564935,760.5885723564935,9.585720700283218,770.1742930567767,9.585720700283218,0.0,770.1742930567767,0.4662,354.5863924325973,0.6993,6.703294485708055,2.331,0.0,0.0,0.0,361.28968691830534,361.29元,0.0,770.1742930567767
2025-02-23T12:00:00,2025-02-23T12:10:00,2025-02-23,72,708.8641712655962,694.7650738757048,0.0,694.7650738757048,-14.099097389891313,0.0,694.7650738757048,0.4432,307.91988074171235,0.6648,0.0,2.2159999999999997,0.0,76.58919817154504,16.97216631481438,324.89204705652674,324.89元,0.0,694.7650738757048
2025-02-23T12:10:00,2025-02-23T12:20:00,2025-02-23,73,689.5930839819613,675.2560026113907,0.0,675.2560026113907,-14.337081370570559,0.0,675.2560026113907,0.4411,297.8554227518844,0.66165,0.0,2.2055,0.0,0.0,0.0,297.8554227518844,297.86元,0.0,675.2560026113907
2025-02-23T12:20:00,2025-02-23T12:30:00,2025-02-23,74,693.7629803466124,679.2449908796315,0.0,679.2449908796315,-14.517989466980907,0.0,679.2449908796315,0.4551,309.1243953493203,0.68265,0.0,2.2755,0.0,0.0,0.0,309.1243953493203,309.12元,0.0,679.2449908796315
2025-02-23T12:30:00,2025-02-23T12:40:00,2025-02-23,75,702.1743433475455,687.4869605694565,0.0,687.4869605694565,-14.687382778088931,0.0,687.4869605694565,0.4463,306.82543050214844,0.66945,0.0,2.2315,0.0,0.0,0.0,306.82543050214844,306.83元,0.0,687.4869605694565
2025-02-23T12:40:00,2025-02-23T12:50:00,2025-02-23,76,714.595403618947,699.9174009812995,0.0,699.9174009812995,-14.678002637647523,0.0,699.9174009812995,0.4113,287.87602702360846,0.61695,0.0,2.0564999999999998,0.0,0.0,0.0,287.87602702360846,287.88元,0.0,699.9174009812995
2025-02-23T12:50:00,2025-02-23T13:00:00,2025-02-23,77,665.655557760274,665.655557760274,64.85270816723789,730.5082659275118,64.85270816723789,0.0,730.5082659275118,0.5682,378.22548791938766,0.8523000000000001,55.27396317093686,2.841,0.0,0.0,0.0,433.49945109032456,433.50元,0.0,730.5082659275118
2025-02-23T13:00:00,2025-02-23T13:10:00,2025-02-23,78,0.0,0.0,0.0,0.0,0.0,0.0,0.0,0.8279,0.0,1.24185,0.0,4.1395,0.0,0.0,0.0,0.0,0.00元,0.0,0.0
2025-02-23T13:10:00,2025-02-23T13:20:00,2025-02-23,79,0.0,0.0,0.0,0.0,0.0,0.0,0.0,0.8636,0.0,1.2954,0.0,4.3180000000000005,0.0,0.0,0.0,0.0,0.00元,0.0,0.0
2025-02-23T13:20:00,2025-02-23T13:30:00,2025-02-23,80,0.0,0.0,0.0,0.0,0.0,0.0,0.0,0.8416,0.0,1.2624,0.0,4.208,0.0,0.0,0.0,0.0,0.00元,0.0,0.0
2025-02-23T13:30:00,2025-02-23T13:40:00,2025-02-23,81,0.0,0.0,0.0,0.0,0.0,0.0,0.0,0.8618,0.0,1.2927,0.0,4.309,0.0,0.0,0.0,0.0,0.00元,0.0,0.0
2025-02-23T13:40:00,2025-02-23T13:50:00,2025-02-23,82,0.0,0.0,0.0,0.0,0.0,0.0,0.0,0.8623,0.0,1.29345,0.0,4.3115,0.0,0.0,0.0,0.0,0.00元,0.0,0.0
2025-02-23T13:50:00,2025-02-23T14:00:00,2025-02-23,83,0.0,0.0,0.0,0.0,0.0,0.0,0.0,0.9026,0.0,1.3538999999999999,0.0,4.513,0.0,0.0,0.0,0.0,0.00元,0.0,0.0
2025-02-23T14:00:00,2025-02-23T14:10:00,2025-02-23,84,0.0,0.0,0.0,0.0,0.0,0.0,0.0,0.9754,0.0,1.4631,0.0,4.877000000000001,0.0,0.0,0.0,0.0,0.00元,0.0,0.0
2025-02-23T14:10:00,2025-02-23T14:20:00,2025-02-23,85,0.0,0.0,0.0,0.0,0.0,0.0,0.0,1.0002,0.0,1.5003,0.0,5.0009999999999994,0.0,0.0,0.0,0.0,0.00元,0.0,0.0
2025-02-23T14:20:00,2025-02-23T14:30:00,2025-02-23,86,0.0,0.0,0.0,0.0,0.0,0.0,0.0,0.9978,0.0,1.4967000000000001,0.0,4.989,0.0,0.0,0.0,0.0,0.00元,0.0,0.0
2025-02-23T14:30:00,2025-02-23T14:40:00,2025-02-23,87,0.0,0.0,0.0,0.0,0.0,0.0,0.0,1.0271,0.0,1.5406499999999999,0.0,5.1354999999999995,0.0,0.0,0.0,0.0,0.00元,0.0,0.0
2025-02-23T14:40:00,2025-02-23T14:50:00,2025-02-23,88,0.0,0.0,0.0,0.0,0.0,0.0,0.0,1.0906,0.0,1.6359,0.0,5.453,0.0,0.0,0.0,0.0,0.00元,0.0,0.0
2025-02-23T14:50:00,2025-02-23T15:00:00,2025-02-23,89,0.0,0.0,0.0,0.0,0.0,0.0,0.0,0.9376,0.0,1.4064,0.0,4.688,0.0,0.0,0.0,0.0,0.00元,0.0,0.0
2025-02-23T15:00:00,2025-02-23T15:10:00,2025-02-23,90,529.2189875019525,529.2189875019525,295.79307013625885,825.0120576382113,295.79307013625885,0.0,825.0120576382113,0.6694,354.259190233807,1.0041,297.0058217238175,3.347,0.0,0.0,0.0,651.2650119576246,651.27元,0.0,825.0120576382113
2025-02-23T15:10:00,2025-02-23T15:20:00,2025-02-23,91,1155.2479502463189,1136.3814063499299,0.0,1136.3814063499299,-18.866543896388976,0.0,1136.3814063499299,0.66,750.0117281909537,0.99,0.0,3.3000000000000003,0.0,0.0,0.0,750.0117281909537,750.01元,0.0,1136.3814063499299
2025-02-23T15:20:00,2025-02-23T15:30:00,2025-02-23,92,363.019272741604,363.019272741604,0.0,363.019272741604,0.0,0.0,363.019272741604,0.7217,261.9910091376156,1.08255,0.0,3.6085000000000003,0.0,0.0,0.0,261.9910091376156,261.99元,0.0,363.019272741604
2025-02-23T15:30:00,2025-02-23T15:40:00,2025-02-23,93,415.3133148855494,415.3133148855494,0.0,415.3133148855494,0.0,0.0,415.3133148855494,0.7308,303.5109705183595,1.0962,0.0,3.654,0.0,0.0,0.0,303.5109705183595,303.51元,0.0,415.3133148855494
2025-02-23T15:40:00,2025-02-23T15:50:00,2025-02-23,94,452.3450105585249,452.3450105585249,0.0,452.3450105585249,0.0,0.0,452.3450105585249,0.7534,340.7967309547926,1.1300999999999999,0.0,3.767,0.0,0.0,0.0,340.7967309547926,340.80元,0.0,452.3450105585249
2025-02-23T15:50:00,2025-02-23T16:00:00,2025-02-23,95,506.49867967267,506.49867967267,0.0,506.49867967267,0.0,0.0,506.49867967267,0.7823,396.23391710792976,1.1734499999999999,0.0,3.9115,0.0,0.0,0.0,396.23391710792976,396.23元,0.0,506.49867967267
2025-02-23T16:00:00,2025-02-23T16:10:00,2025-02-23,96,570.2489762956893,570.2489762956893,5.729799769817873,575.9787760655072,5.729799769817873,0.0,575.9787760655072,0.8055,459.33555040617773,1.20825,6.923030571882445,4.0275,0.0,0.0,0.0,466.2585809780602,466.26元,0.0,575.9787760655072
2025-02-23T16:10:00,2025-02-23T16:20:00,2025-02-23,97,621.8874714033714,621.8874714033714,5.572828909105056,627.4603003124764,5.572828909105056,0.0,627.4603003124764,0.8271,514.3631275977284,1.24065,6.913930186081187,4.1354999999999995,0.0,0.0,0.0,521.2770577838096,521.28元,0.0,627.4603003124764
2025-02-23T16:20:00,2025-02-23T16:30:00,2025-02-23,98,672.540261320816,672.540261320816,5.4201583471988215,677.9604196680148,5.4201583471988215,0.0,677.9604196680148,0.8519,572.9370486192031,1.27785,6.926149343968014,4.2595,0.0,0.0,0.0,579.8631979631712,579.86元,0.0,677.9604196680148
2025-02-23T16:30:00,2025-02-23T16:40:00,2025-02-23,99,728.7454081726737,728.7454081726737,5.2716702751652065,734.0170784478389,5.2716702751652065,0.0,734.0170784478389,0.8791,640.6400883245974,1.3186499999999999,6.951488008346599,4.3955,0.0,0.0,0.0,647.5915763329441,647.59元,0.0,734.0170784478389
2025-02-23T16:40:00,2025-02-23T16:50:00,2025-02-23,100,778.0752946630392,778.0752946630392,5.127250111506783,783.202544774546,5.127250111506783,0.0,783.202544774546,0.9024,702.1351459039266,1.3536,6.94024575093558,4.512,0.0,0.0,0.0,709.0753916548622,709.08元,0.0,783.202544774546
2025-02-23T16:50:00,2025-02-23T17:00:00,2025-02-23,101,834.7039865824091,834.7039865824091,4.986786413746813,839.6907729961559,4.986786413746813,0.0,839.6907729961559,0.9163,764.8392629054615,1.37445,6.854088586374307,4.5815,0.0,0.0,0.0,771.6933514918358,771.69元,0.0,839.6907729961559
2025-02-23T17:00:00,2025-02-23T17:10:00,2025-02-23,102,895.370077576349,895.370077576349,4.850170792433232,900.2202483687822,4.850170792433232,0.0,900.2202483687822,0.9264,829.4708398667298,1.3896,6.739797333165219,4.632,0.0,0.0,0.0,836.210637199895,836.21元,0.0,900.2202483687822
2025-02-23T17:10:00,2025-02-23T17:20:00,2025-02-23,103,938.3866608187419,938.3866608187419,4.717297827499465,943.1039586462414,4.717297827499465,0.0,943.1039586462414,0.9462,887.9014584666936,1.4193,6.695260806569991,4.731,0.0,0.0,0.0,894.5967192732636,894.60元,0.0,943.1039586462414
2025-02-23T17:20:00,2025-02-23T17:30:00,2025-02-23,104,966.6469262800906,966.6469262800906,4.588064986917175,971.2349912670078,4.588064986917175,0.0,971.2349912670078,0.9742,941.7074355820642,1.4613,6.704539365382067,4.8709999999999996,0.0,0.0,0.0,948.4119749474462,948.41元,0.0,971.2349912670078
2025-02-23T17:30:00,2025-02-23T17:40:00,2025-02-23,105,1007.6775958527896,1007.6775958527896,4.462372547576365,1012.139968400366,4.462372547576365,0.0,1012.139968400366,0.9862,993.7716450300211,1.4792999999999998,6.601187709629716,4.931,0.0,0.0,0.0,1000.3728327396509,1000.37元,0.0,1012.139968400366
2025-02-23T17:40:00,2025-02-23T17:50:00,2025-02-23,106,1055.9203266905124,1055.9203266905124,4.3401235183339395,1060.2604502088464,4.3401235183339395,0.0,1060.2604502088464,0.976,1030.5782388499401,1.464,6.353940830840887,4.88,0.0,0.0,0.0,1036.932179680781,1036.93元,0.0,1060.2604502088464
2025-02-23T17:50:00,2025-02-23T18:00:00,2025-02-23,107,930.6569981188609,930.6569981188609,4.221223565169566,934.8782216840304,4.221223565169566,0.0,934.8782216840304,1.0742,999.7117473792804,1.6113,6.801657530557723,5.371,0.0,0.0,0.0,1006.5134049098381,1006.51元,0.0,934.8782216840304
2025-02-23T18:00:00,2025-02-23T18:10:00,2025-02-23,108,707.6681154506153,707.6681154506153,9.24843454938457,716.9165499999999,9.24843454938457,0.0,716.9165499999999,1.2313,871.3517505543427,1.84695,17.08139619098583,6.1565,0.0,19.348363846756,11.911820202255333,900.3449669475838,900.34元,0.0,716.9165499999999
2025-02-23T18:10:00,2025-02-23T18:20:00,2025-02-23,109,680.2723966579705,679.4247023463039,9.842763160715435,689.2674655070193,8.995068849048835,0.0,689.2674655070193,1.2561,853.4253686171924,1.88415,18.54524220926199,6.2805,0.0,0.0,0.0,871.9706108264544,871.97元,0.0,689.2674655070193
2025-02-23T18:20:00,2025-02-23T18:30:00,2025-02-23,110,725.2842447032646,725.2842447032646,8.748644234554718,734.0328889378193,8.748644234554718,0.0,734.0328889378193,1.2447,902.7612993821533,1.8670499999999999,16.334156218125383,6.2235,0.0,0.0,0.0,919.0954556002788,919.10元,0.0,734.0328889378193
2025-02-23T18:30:00,2025-02-23T18:40:00,2025-02-23,111,733.5911885367341,733.5911885367341,8.50897055122607,742.1001590879602,8.50897055122607,0.0,742.1001590879602,1.2545,920.2901460193328,1.8817499999999998,16.011755334769656,6.2725,0.0,0.0,0.0,936.3019013541026,936.30元,0.0,742.1001590879602
2025-02-23T18:40:00,2025-02-23T18:50:00,2025-02-23,112,722.582053973809,722.582053973809,8.275862853773674,730.8579168275827,8.275862853773674,0.0,730.8579168275827,1.2522,904.8172479860036,1.8782999999999999,15.544553198243092,6.261,0.0,0.0,0.0,920.3618011842468,920.36元,0.0,730.8579168275827
2025-02-23T18:50:00,2025-02-23T19:00:00,2025-02-23,113,68.13432778762524,68.13432778762524,82.01258782268053,150.14691561030577,82.01258782268053,0.0,150.14691561030577,1.2881,87.76382762324008,1.93215,158.46062156159218,6.4405,0.0,0.0,0.0,246.22444918483225,246.22元,0.0,150.14691561030577
2025-02-23T19:00:00,2025-02-23T19:10:00,2025-02-23,114,18.67884968974613,18.67884968974613,14.619281505933941,33.29813119568007,14.619281505933941,0.0,33.29813119568007,1.3466,25.15293899221214,2.0199,29.52948671383597,6.7330000000000005,0.0,0.0,0.0,54.68242570604811,54.68元,0.0,33.29813119568007
2025-02-23T19:10:00,2025-02-23T19:20:00,2025-02-23,115,34.42048214569115,34.42048214569115,8.137659816861742,42.558141962552895,8.137659816861742,0.0,42.558141962552895,1.3523,46.54681800561815,2.0284500000000003,16.5068360555132,6.7615,0.0,0.0,0.0,63.05365406113135,63.05元,0.0,42.558141962552895
2025-02-23T19:20:00,2025-02-23T19:30:00,2025-02-23,116,29.252657500267787,29.252657500267787,6.220449423043078,35.473106923310866,6.220449423043078,0.0,35.473106923310866,1.3445,39.33019800911004,2.01675,12.545091373922128,6.7225,0.0,0.0,0.0,51.87528938303217,51.88元,0.0,35.473106923310866
2025-02-23T19:30:00,2025-02-23T19:40:00,2025-02-23,117,2.271606697614857,2.271606697614857,13.661776936166802,15.93338363378166,13.661776936166802,0.0,15.93338363378166,1.3483,3.0628073103941116,2.02245,27.630260764550552,6.7415,0.0,0.0,0.0,30.693068074944662,30.69元,0.0,15.93338363378166
2025-02-23T19:40:00,2025-02-23T19:50:00,2025-02-23,118,7.580042552111195,7.580042552111195,7.0827142302484845,14.66275678235968,7.0827142302484845,0.0,14.66275678235968,1.349,10.225477402798,2.0235,14.331872244907808,6.745,0.0,0.0,0.0,24.55734964770581,24.56元,0.0,14.66275678235968
2025-02-23T19:50:00,2025-02-23T20:00:00,2025-02-23,119,10.56490179467346,10.56490179467346,14.618796907266415,25.183698701939875,14.618796907266415,0.0,25.183698701939875,1.3473,14.234092187963553,2.02095,29.54385760974006,6.7364999999999995,0.0,0.0,0.0,43.77794979770361,43.78元,0.0,25.183698701939875
2025-02-23T20:00:00,2025-02-23T20:10:00,2025-02-23,120,12.906927075349586,12.906927075349586,7.37480031746793,20.281727392817515,7.37480031746793,0.0,20.281727392817515,1.3482,17.401119082986312,2.0223,14.914058682015394,6.7410000000000005,0.0,0.0,0.0,32.31517776500171,32.32元,0.0,20.281727392817515
2025-02-23T20:10:00,2025-02-23T20:20:00,2025-02-23,121,0.0,0.0,4.910752241176169,4.910752241176169,4.910752241176169,0.0,4.910752241176169,1.3513,0.0,2.02695,9.953849255252036,6.7565,0.0,0.0,0.0,9.953849255252036,9.95元,0.0,4.910752241176169
2025-02-23T20:20:00,2025-02-23T20:30:00,2025-02-23,122,0.0,0.0,0.0,0.0,0.0,0.0,0.0,1.34,0.0,2.0100000000000002,0.0,6.7,0.0,0.0,0.0,0.0,0.00元,0.0,0.0
2025-02-23T20:30:00,2025-02-23T20:40:00,2025-02-23,123,0.0,0.0,0.0,0.0,0.0,0.0,0.0,1.3489,0.0,2.0233499999999998,0.0,6.7445,0.0,0.0,0.0,0.0,0.00元,0.0,0.0
2025-02-23T20:40:00,2025-02-23T20:50:00,2025-02-23,124,8.88296741473971,8.88296741473971,4.381069515495938,13.264036930235648,4.381069515495938,0.0,13.264036930235648,1.3952,12.393516137044843,2.0928,9.168702282029898,6.976,0.0,0.0,0.0,21.562218419074743,21.56元,0.0,13.264036930235648
2025-02-23T20:50:00,2025-02-23T21:00:00,2025-02-23,125,709.8418482441439,709.8418482441439,0.0,709.8418482441439,0.0,0.0,709.8418482441439,1.2226,867.8526436632902,1.8338999999999999,0.0,6.1129999999999995,0.0,0.0,0.0,867.8526436632902,867.85元,0.0,709.8418482441439
2025-02-23T21:00:00,2025-02-23T21:10:00,2025-02-23,126,692.9713791669899,692.9713791669899,2.024308291772968,694.9956874587629,2.024308291772968,0.0,694.9956874587629,0.9332,646.680891038635,1.3998,2.833626746823801,4.666,0.0,0.0,0.0,649.5145177854588,649.51元,0.0,694.9956874587629
2025-02-23T21:10:00,2025-02-23T21:20:00,2025-02-23,127,712.1379074172298,712.1379074172298,2.421941460213475,714.5598488774433,2.421941460213475,0.0,714.5598488774433,0.9068,645.766654445944,1.3602,3.2943247741823685,4.534000000000001,0.0,0.0,0.0,649.0609792201265,649.06元,0.0,714.5598488774433
2025-02-23T21:20:00,2025-02-23T21:30:00,2025-02-23,128,717.6260102391687,717.6260102391687,2.3555911075172844,719.981601346686,2.3555911075172844,0.0,719.981601346686,0.9371,672.4873341951251,1.40565,3.311136640281671,4.6855,0.0,0.0,0.0,675.7984708354068,675.80元,0.0,719.981601346686
2025-02-23T21:30:00,2025-02-23T21:40:00,2025-02-23,129,713.7097725704884,713.7097725704884,2.291058457426857,716.0008310279153,2.291058457426857,0.0,716.0008310279153,0.9371,668.8174278758047,1.40565,3.2204263206820616,4.6855,0.0,0.0,0.0,672.0378541964867,672.04元,0.0,716.0008310279153
2025-02-23T21:40:00,2025-02-23T21:50:00,2025-02-23,130,709.9005373799006,709.9005373799006,27.90134016659158,737.8018775464922,27.90134016659158,0.0,737.8018775464922,0.9871,700.7428204476998,1.48065,41.31211931766382,4.9355,0.0,0.0,0.0,742.0549397653637,742.05元,0.0,737.8018775464922
2025-02-23T21:50:00,2025-02-23T22:00:00,2025-02-23,131,691.3810106822401,691.3810106822401,0.0,691.3810106822401,0.0,0.0,691.3810106822401,0.7764,536.7882166936912,1.1646,0.0,3.8819999999999997,0.0,0.0,0.0,536.7882166936912,536.79元,0.0,691.3810106822401
2025-02-23T22:00:00,2025-02-23T22:10:00,2025-02-23,132,1378.936182760115,1378.2983051857125,0.0,1378.2983051857125,-0.6378775744024097,0.0,1378.2983051857125,0.4209,580.1257566526664,0.63135,0.0,2.1045,0.0,0.0,0.0,580.1257566526664,580.13元,0.0,1378.2983051857125
2025-02-23T22:10:00,2025-02-23T22:20:00,2025-02-23,133,1363.392393743438,1362.7719911587221,0.0,1362.7719911587221,-0.6204025847159755,0.0,1362.7719911587221,0.3859,525.8937113881509,0.5788500000000001,0.0,1.9295,0.0,0.0,0.0,525.8937113881509,525.89元,0.0,1362.7719911587221
2025-02-23T22:20:00,2025-02-23T22:30:00,2025-02-23,134,545.7076136118227,545.7076136118227,0.0,545.7076136118227,0.0,0.0,545.7076136118227,0.4368,238.36508562564416,0.6552,0.0,2.184,0.0,0.0,0.0,238.36508562564416,238.37元,0.0,545.7076136118227
2025-02-23T22:30:00,2025-02-23T22:40:00,2025-02-23,135,1372.6484407745945,1372.0615650750483,0.0,1372.0615650750483,-0.5868756995462263,0.0,1372.0615650750483,0.4198,575.9914450185053,0.6297,0.0,2.099,0.0,0.0,0.0,575.9914450185053,575.99元,0.0,1372.0615650750483
2025-02-23T22:40:00,2025-02-23T22:50:00,2025-02-23,136,1377.4498435476785,1376.879045614789,0.0,1376.879045614789,-0.5707979328894908,0.0,1376.879045614789,0.4186,576.3615684943508,0.6279,0.0,2.093,0.0,0.0,0.0,576.3615684943508,576.36元,33.81586229145568,1343.0631833233333
2025-02-23T22:50:00,2025-02-23T23:00:00,2025-02-23,137,1391.2664793228255,1390.711318697768,0.0,1390.711318697768,-0.5551606250573968,0.0,1390.711318697768,0.4241,589.8006702597235,0.63615,0.0,2.1205,0.0,0.0,0.0,589.8006702597235,589.80元,48.71441870776811,1341.99689999
2025-02-23T23:00:00,2025-02-23T23:10:00,2025-02-23,138,1396.2226387367655,1395.6826870273162,0.0,1395.6826870273162,-0.5399517094492694,0.0,1395.6826870273162,0.4237,591.3507544934739,0.6355500000000001,0.0,2.1185,0.0,0.0,0.0,591.3507544934739,591.35元,4.831020370649518,1390.8516666566668
2025-02-23T23:10:00,2025-02-23T23:20:00,2025-02-23,139,1020.0989254914765,1020.0989254914765,0.0,1020.0989254914765,0.0,0.0,1020.0989254914765,0.4248,433.33802354877923,0.6372,0.0,2.124,0.0,0.0,0.0,433.33802354877923,433.34元,0.0,1020.0989254914765
2025-02-23T23:20:00,2025-02-23T23:30:00,2025-02-23,140,1380.0717681006422,1379.5609956683363,0.0,1379.5609956683363,-0.5107724323058846,0.0,1379.5609956683363,0.424,584.9338621633746,0.636,0.0,2.12,0.0,0.0,0.0,584.9338621633746,584.93元,0.0,1379.5609956683363
2025-02-23T23:30:00,2025-02-23T23:40:00,2025-02-23,141,1399.3706947370642,1398.8739151826157,0.0,1398.8739151826157,-0.4967795544484943,0.0,1398.8739151826157,0.422,590.3247922070639,0.633,0.0,2.11,0.0,0.0,0.0,590.3247922070639,590.32元,0.0,1398.8739151826157
2025-02-23T23:40:00,2025-02-23T23:50:00,2025-02-23,142,1408.6179883897667,1408.1348183709704,0.0,1408.1348183709704,-0.4831700187962724,0.0,1408.1348183709704,0.424,597.0491629892914,0.636,0.0,2.12,0.0,0.0,0.0,597.0491629892914,597.05元,3.3392017143037185,1404.7956166566667
2025-02-23T23:50:00,2025-02-24T00:00:00,2025-02-23,143,570.1104226220577,570.1104226220577,0.0,570.1104226220577,0.0,0.0,570.1104226220577,0.4271,243.49416150188085,0.6406499999999999,0.0,2.1355,0.0,0.0,0.0,243.49416150188085,243.49元,0.0,570.1104226220577
2025-02-24T00:00:00,2025-02-24T00:10:00,2025-02-23,144,572.3560583333332,572.3560583333332,0.0,572.3560583333332,0.0,0.0,572.3560583333332,0.4276,244.73945054333325,0.6414,0.0,2.138,0.0,0.0,0.0,244.73945054333325,244.74元,0.0,572.3560583333332
2025-02-24T00:10:00,2025-02-24T00:20:00,2025-02-24,1,1411.6629932997844,1411.6629932997844,0.0,1411.6629932997844,0.0,0.0,1411.6629932997844,0.4248,599.6744395537485,0.6372,0.0,2.124,0.0,0.0,0.0,599.6744395537485,599.67元,28.51305997645101,1383.1499333233335
2025-02-24T00:20:00,2025-02-24T00:30:00,2025-02-24,2,1415.586978427918,1415.586978427918,0.0,1415.586978427918,0.0,0.0,1415.586978427918,0.4245,600.9166723426512,0.6367499999999999,0.0,2.1225,0.0,0.0,0.0,600.9166723426512,600.92元,34.139911771251256,1381.4470666566667
2025-02-24T00:30:00,2025-02-24T00:40:00,2025-02-24,3,604.3351503084575,604.3351503084575,0.0,604.3351503084575,0.0,0.0,604.3351503084575,0.4269,257.9906756666805,0.64035,0.0,2.1345,0.0,0.0,0.0,257.9906756666805,257.99元,0.0,604.3351503084575
2025-02-24T00:40:00,2025-02-24T00:50:00,2025-02-24,4,582.0049597094603,582.0049597094603,0.0,582.0049597094603,0.0,0.0,582.0049597094603,0.4272,248.63251878788145,0.6408,0.0,2.136,0.0,0.0,0.0,248.63251878788145,248.63元,0.0,582.0049597094603
2025-02-24T00:50:00,2025-02-24T01:00:00,2025-02-24,5,589.3183997082178,589.3183997082178,0.0,589.3183997082178,0.0,0.0,589.3183997082178,0.4271,251.69788851537982,0.6406499999999999,0.0,2.1355,0.0,0.0,0.0,251.69788851537982,251.70元,0.0,589.3183997082178
2025-02-24T01:00:00,2025-02-24T01:10:00,2025-02-24,6,597.3253003107787,597.3253003107787,0.0,597.3253003107787,0.0,0.0,597.3253003107787,0.4285,255.95389118316868,0.6427499999999999,0.0,2.1425,0.0,0.0,0.0,255.95389118316868,255.95元,0.0,597.3253003107787
2025-02-24T01:10:00,2025-02-24T01:20:00,2025-02-24,7,602.7529144299176,602.7529144299176,0.0,602.7529144299176,0.0,0.0,602.7529144299176,0.4311,259.8467814107375,0.64665,0.0,2.1555,0.0,0.0,0.0,259.8467814107375,259.85元,0.0,602.7529144299176
2025-02-24T01:20:00,2025-02-24T01:30:00,2025-02-24,8,593.9928059236904,593.9928059236904,0.0,593.9928059236904,0.0,0.0,593.9928059236904,0.4302,255.53570510837164,0.6453,0.0,2.1510000000000002,0.0,0.0,0.0,255.53570510837164,255.54元,0.0,593.9928059236904
2025-02-24T01:30:00,2025-02-24T01:40:00,2025-02-24,9,587.3398948512317,587.3398948512317,0.0,587.3398948512317,0.0,0.0,587.3398948512317,0.4279,251.32274100684208,0.64185,0.0,2.1395,0.0,0.0,0.0,251.32274100684208,251.32元,0.0,587.3398948512317
2025-02-24T01:40:00,2025-02-24T01:50:00,2025-02-24,10,610.0771006076806,610.0771006076806,0.0,610.0771006076806,0.0,0.0,610.0771006076806,0.4312,263.06524578203187,0.6468,0.0,2.156,0.0,0.0,0.0,263.06524578203187,263.07元,0.0,610.0771006076806
2025-02-24T01:50:00,2025-02-24T02:00:00,2025-02-24,11,619.7799259720591,619.7799259720591,0.0,619.7799259720591,0.0,0.0,619.7799259720591,0.4333,268.5506419236932,0.64995,0.0,2.1665,0.0,0.0,0.0,268.5506419236932,268.55元,0.0,619.7799259720591
2025-02-24T02:00:00,2025-02-24T02:10:00,2025-02-24,12,617.2358678250752,617.2358678250752,0.0,617.2358678250752,0.0,0.0,617.2358678250752,0.4311,266.0903826193899,0.64665,0.0,2.1555,0.0,0.0,0.0,266.0903826193899,266.09元,0.0,617.2358678250752
2025-02-24T02:10:00,2025-02-24T02:20:00,2025-02-24,13,643.0674320367525,643.0674320367525,0.0,643.0674320367525,0.0,0.0,643.0674320367525,0.4293,276.06884857337786,0.64395,0.0,2.1465,0.0,0.0,0.0,276.06884857337786,276.07元,0.0,643.0674320367525
2025-02-24T02:20:00,2025-02-24T02:30:00,2025-02-24,14,655.468598357142,655.468598357142,0.0,655.468598357142,0.0,0.0,655.468598357142,0.4324,283.4246219296282,0.6486000000000001,0.0,2.162,0.0,0.0,0.0,283.4246219296282,283.42元,0.0,655.468598357142
2025-02-24T02:30:00,2025-02-24T02:40:00,2025-02-24,15,638.3550344766937,638.3550344766937,0.0,638.3550344766937,0.0,0.0,638.3550344766937,0.4367,278.76964355597215,0.6550499999999999,0.0,2.1835,0.0,0.0,0.0,278.76964355597215,278.77元,0.0,638.3550344766937
2025-02-24T02:40:00,2025-02-24T02:50:00,2025-02-24,16,621.3180325895389,621.3180325895389,0.0,621.3180325895389,0.0,0.0,621.3180325895389,0.4348,270.1490805699315,0.6522,0.0,2.174,0.0,0.0,0.0,270.1490805699315,270.15元,0.0,621.3180325895389
2025-02-24T02:50:00,2025-02-24T03:00:00,2025-02-24,17,627.2742034596067,627.2742034596067,0.0,627.2742034596067,0.0,0.0,627.2742034596067,0.4335,271.9233671997395,0.65025,0.0,2.1675,0.0,0.0,0.0,271.9233671997395,271.92元,0.0,627.2742034596067
2025-02-24T03:00:00,2025-02-24T03:10:00,2025-02-24,18,645.501941322827,645.501941322827,0.0,645.501941322827,0.0,0.0,645.501941322827,0.4357,281.2451958343557,0.65355,0.0,2.1784999999999997,0.0,0.0,0.0,281.2451958343557,281.25元,0.0,645.501941322827
2025-02-24T03:10:00,2025-02-24T03:20:00,2025-02-24,19,645.8453904586795,645.8453904586795,0.0,645.8453904586795,0.0,0.0,645.8453904586795,0.4374,282.4927737866264,0.6561,0.0,2.1870000000000003,0.0,0.0,0.0,282.4927737866264,282.49元,0.0,645.8453904586795
2025-02-24T03:20:00,2025-02-24T03:30:00,2025-02-24,20,645.0803609310174,645.0803609310174,0.0,645.0803609310174,0.0,0.0,645.0803609310174,0.4371,281.96462576294766,0.65565,0.0,2.1854999999999998,0.0,0.0,0.0,281.96462576294766,281.96元,0.0,645.0803609310174
2025-02-24T03:30:00,2025-02-24T03:40:00,2025-02-24,21,646.0532576647543,646.0532576647543,0.0,646.0532576647543,0.0,0.0,646.0532576647543,0.4356,281.420799038767,0.6534,0.0,2.178,0.0,0.0,0.0,281.420799038767,281.42元,0.0,646.0532576647543
2025-02-24T03:40:00,2025-02-24T03:50:00,2025-02-24,22,636.566121191687,636.566121191687,0.0,636.566121191687,0.0,0.0,636.566121191687,0.4353,277.09723255474137,0.65295,0.0,2.1765,0.0,0.0,0.0,277.09723255474137,277.10元,0.0,636.566121191687
2025-02-24T03:50:00,2025-02-24T04:00:00,2025-02-24,23,646.2018800653815,646.2018800653815,0.0,646.2018800653815,0.0,0.0,646.2018800653815,0.436,281.7440197085063,0.654,0.0,2.18,0.0,0.0,0.0,281.7440197085063,281.74元,0.0,646.2018800653815
2025-02-24T04:00:00,2025-02-24T04:10:00,2025-02-24,24,668.0973357783877,668.0973357783877,0.0,668.0973357783877,0.0,0.0,668.0973357783877,0.4378,292.49301360377814,0.6567000000000001,0.0,2.189,0.0,0.0,0.0,292.49301360377814,292.49元,0.0,668.0973357783877
2025-02-24T04:10:00,2025-02-24T04:20:00,2025-02-24,25,667.4979751817272,667.4979751817272,0.0,667.4979751817272,0.0,0.0,667.4979751817272,0.4401,293.76585887747814,0.66015,0.0,2.2005,0.0,0.0,0.0,293.76585887747814,293.77元,0.0,667.4979751817272
2025-02-24T04:20:00,2025-02-24T04:30:00,2025-02-24,26,683.7146620732481,683.7146620732481,0.0,683.7146620732481,0.0,0.0,683.7146620732481,0.4389,300.0823651839486,0.65835,0.0,2.1945,0.0,0.0,0.0,300.0823651839486,300.08元,0.0,683.7146620732481
2025-02-24T04:30:00,2025-02-24T04:40:00,2025-02-24,27,705.077439621463,705.077439621463,0.0,705.077439621463,0.0,0.0,705.077439621463,0.4364,307.6957946508065,0.6546000000000001,0.0,2.182,0.0,0.0,0.0,307.6957946508065,307.70元,0.0,705.077439621463
2025-02-24T04:40:00,2025-02-24T04:50:00,2025-02-24,28,676.0942399018663,676.0942399018663,0.0,676.0942399018663,0.0,0.0,676.0942399018663,0.4393,297.0081995888899,0.65895,0.0,2.1965000000000003,0.0,0.0,0.0,297.0081995888899,297.01元,0.0,676.0942399018663
2025-02-24T04:50:00,2025-02-24T05:00:00,2025-02-24,29,644.161427439574,644.161427439574,0.0,644.161427439574,0.0,0.0,644.161427439574,0.4422,284.84818321377963,0.6633,0.0,2.211,0.0,0.0,0.0,284.84818321377963,284.85元,0.0,644.161427439574
2025-02-24T05:00:00,2025-02-24T05:10:00,2025-02-24,30,640.2295585765415,640.2295585765415,0.0,640.2295585765415,0.0,0.0,640.2295585765415,0.4395,281.38089099439003,0.65925,0.0,2.1975,0.0,0.0,0.0,281.38089099439003,281.38元,0.0,640.2295585765415
2025-02-24T05:10:00,2025-02-24T05:20:00,2025-02-24,31,652.1226870536287,652.1226870536287,0.0,652.1226870536287,0.0,0.0,652.1226870536287,0.4333,282.56476030033735,0.64995,0.0,2.1665,0.0,0.0,0.0,282.56476030033735,282.56元,0.0,652.1226870536287
2025-02-24T05:20:00,2025-02-24T05:30:00,2025-02-24,32,666.6622190587319,666.6622190587319,0.0,666.6622190587319,0.0,0.0,666.6622190587319,0.4439,295.9313590401711,0.66585,0.0,2.2195,0.0,0.0,0.0,295.9313590401711,295.93元,0.0,666.6622190587319
2025-02-24T05:30:00,2025-02-24T05:40:00,2025-02-24,33,664.8347227603707,664.8347227603707,0.0,664.8347227603707,0.0,0.0,664.8347227603707,0.4301,285.9454142592354,0.64515,0.0,2.1505,0.0,0.0,0.0,285.9454142592354,285.95元,0.0,664.8347227603707
2025-02-24T05:40:00,2025-02-24T05:50:00,2025-02-24,34,1485.2947140362617,1485.2947140362617,0.0,1485.2947140362617,0.0,0.0,1485.2947140362617,0.3713,551.489927321664,0.5569500000000001,0.0,1.8565,0.0,0.0,0.0,551.489927321664,551.49元,666.0854191965072,819.2092948397544
2025-02-24T05:50:00,2025-02-24T06:00:00,2025-02-24,35,745.8795810178937,745.8795810178937,0.0,745.8795810178937,0.0,0.0,745.8795810178937,0.5708,425.7480648450137,0.8562,0.0,2.854,0.0,0.0,0.0,425.7480648450137,425.75元,33.49699767646,712.3825833414337
2025-02-24T06:00:00,2025-02-24T06:10:00,2025-02-24,36,164.61437974062892,161.01822821796554,0.0,161.01822821796554,-3.5961515226633765,0.0,161.01822821796554,0.9099,146.51048585552687,1.3648500000000001,0.0,4.5495,0.0,185.6689322868931,84.47008074392201,230.98056659944888,230.98元,0.0,161.01822821796554
2025-02-24T06:10:00,2025-02-24T06:20:00,2025-02-24,37,133.69406577418226,128.81570541923395,0.0,128.81570541923395,-4.878360354948313,6.040677924099319,134.85638334333328,0.9368,120.67455283673836,1.4052,0.0,4.684,28.294535396481212,0.0,0.0,148.9690882332196,148.97元,0.0,134.85638334333328
2025-02-24T06:20:00,2025-02-24T06:30:00,2025-02-24,38,120.68090264340651,120.68090264340651,0.0,120.68090264340651,0.0,0.0,120.68090264340651,0.8758,105.69233453509543,1.3137,0.0,4.3790000000000004,0.0,0.0,0.0,105.69233453509543,105.69元,0.0,120.68090264340651
2025-02-24T06:30:00,2025-02-24T06:40:00,2025-02-24,39,138.64567654941095,138.64567654941095,0.0,138.64567654941095,0.0,0.0,138.64567654941095,0.8759,121.43974808962905,1.31385,0.0,4.3795,0.0,0.0,0.0,121.43974808962905,121.44元,0.0,138.64567654941095
2025-02-24T06:40:00,2025-02-24T06:50:00,2025-02-24,40,101.9583791799688,101.9583791799688,0.0,101.9583791799688,0.0,0.0,101.9583791799688,0.8601,87.69440193269116,1.29015,0.0,4.3004999999999995,0.0,0.0,0.0,87.69440193269116,87.69元,0.0,101.9583791799688
2025-02-24T06:50:00,2025-02-24T07:00:00,2025-02-24,41,786.1141553408756,768.707483828952,0.0,768.707483828952,-17.406671511923605,0.0,768.707483828952,0.8442,648.9428578484012,1.2663,0.0,4.221,0.0,0.0,0.0,648.9428578484012,648.94元,0.0,768.707483828952
2025-02-24T07:00:00,2025-02-24T07:10:00,2025-02-24,42,760.3938134323621,740.7673750757698,0.0,740.7673750757698,-19.626438356592303,0.0,740.7673750757698,0.8334,617.3555303881466,1.2501,0.0,4.167,0.0,0.0,0.0,617.3555303881466,617.36元,0.0,740.7673750757698
2025-02-24T07:10:00,2025-02-24T07:20:00,2025-02-24,43,687.6198587976423,687.6198587976423,0.0,687.6198587976423,0.0,0.0,687.6198587976423,0.8092,556.4219897390522,1.2138,0.0,4.046,0.0,0.0,0.0,556.4219897390522,556.42元,0.0,687.6198587976423
2025-02-24T07:20:00,2025-02-24T07:30:00,2025-02-24,44,618.0072056041674,618.0072056041674,0.0,618.0072056041674,0.0,0.0,618.0072056041674,0.7972,492.6753443076423,1.1958,0.0,3.986,0.0,0.0,0.0,492.6753443076423,492.68元,0.0,618.0072056041674
2025-02-24T07:30:00,2025-02-24T07:40:00,2025-02-24,45,556.5663603376252,556.5663603376252,0.0,556.5663603376252,0.0,0.0,556.5663603376252,0.7644,425.4393258420807,1.1465999999999998,0.0,3.822,0.0,0.0,0.0,425.4393258420807,425.44元,0.0,556.5663603376252
2025-02-24T07:40:00,2025-02-24T07:50:00,2025-02-24,46,1327.0481453948541,1301.2451684103594,0.0,1301.2451684103594,-25.802976984494762,0.0,1301.2451684103594,0.6899,897.7290416863069,1.03485,0.0,3.4494999999999996,0.0,0.0,0.0,897.7290416863069,897.73元,0.0,1301.2451684103594
2025-02-24T07:50:00,2025-02-24T08:00:00,2025-02-24,47,565.5170341685754,538.1502550094334,0.0,538.1502550094334,-27.36677915914197,0.0,538.1502550094334,0.86,462.80921930811274,1.29,0.0,4.3,0.0,0.0,0.0,462.80921930811274,462.81元,0.0,538.1502550094334
2025-02-24T08:00:00,2025-02-24T08:10:00,2025-02-24,48,0.0,0.0,0.0,0.0,0.0,0.0,0.0,1.1617,0.0,1.74255,0.0,5.8084999999999996,0.0,0.0,0.0,0.0,0.00元,0.0,0.0
2025-02-24T08:10:00,2025-02-24T08:20:00,2025-02-24,49,0.0,0.0,0.0,0.0,0.0,0.0,0.0,1.1683,0.0,1.7524499999999998,0.0,5.8415,0.0,0.0,0.0,0.0,0.00元,0.0,0.0
2025-02-24T08:20:00,2025-02-24T08:30:00,2025-02-24,50,0.0,0.0,0.0,0.0,0.0,0.0,0.0,1.0956,0.0,1.6433999999999997,0.0,5.478,0.0,0.0,0.0,0.0,0.00元,0.0,0.0
2025-02-24T08:30:00,2025-02-24T08:40:00,2025-02-24,51,0.0,0.0,0.0,0.0,0.0,0.0,0.0,1.0849,0.0,1.6273499999999999,0.0,5.4245,0.0,0.0,0.0,0.0,0.00元,0.0,0.0
2025-02-24T08:40:00,2025-02-24T08:50:00,2025-02-24,52,0.0,0.0,0.0,0.0,0.0,0.0,0.0,1.061,0.0,1.5915,0.0,5.305,0.0,0.0,0.0,0.0,0.00元,0.0,0.0
2025-02-24T08:50:00,2025-02-24T09:00:00,2025-02-24,53,0.0,0.0,0.0,0.0,0.0,0.0,0.0,1.043,0.0,1.5644999999999998,0.0,5.215,0.0,0.0,0.0,0.0,0.00元,0.0,0.0
2025-02-24T09:00:00,2025-02-24T09:10:00,2025-02-24,54,0.0,0.0,0.0,0.0,0.0,0.0,0.0,1.036,0.0,1.554,0.0,5.18,0.0,0.0,0.0,0.0,0.00元,0.0,0.0
2025-02-24T09:10:00,2025-02-24T09:20:00,2025-02-24,55,0.0,0.0,0.0,0.0,0.0,0.0,0.0,1.0147,0.0,1.52205,0.0,5.073499999999999,0.0,0.0,0.0,0.0,0.00元,0.0,0.0
2025-02-24T09:20:00,2025-02-24T09:30:00,2025-02-24,56,0.0,0.0,0.0,0.0,0.0,0.0,0.0,0.9922,0.0,1.4883,0.0,4.961,0.0,0.0,0.0,0.0,0.00元,0.0,0.0
2025-02-24T09:30:00,2025-02-24T09:40:00,2025-02-24,57,0.0,0.0,0.0,0.0,0.0,0.0,0.0,0.97,0.0,1.455,0.0,4.85,0.0,0.0,0.0,0.0,0.00元,0.0,0.0
2025-02-24T09:40:00,2025-02-24T09:50:00,2025-02-24,58,0.0,0.0,0.0,0.0,0.0,0.0,0.0,0.9422,0.0,1.4133,0.0,4.711,0.0,0.0,0.0,0.0,0.00元,0.0,0.0
2025-02-24T09:50:00,2025-02-24T10:00:00,2025-02-24,59,0.0,0.0,0.0,0.0,0.0,0.0,0.0,0.9569,0.0,1.43535,0.0,4.7844999999999995,0.0,0.0,0.0,0.0,0.00元,0.0,0.0
2025-02-24T10:00:00,2025-02-24T10:10:00,2025-02-24,60,0.0,0.0,0.0,0.0,0.0,0.0,0.0,0.9977,0.0,1.49655,0.0,4.9885,0.0,0.0,0.0,0.0,0.00元,0.0,0.0
2025-02-24T10:10:00,2025-02-24T10:20:00,2025-02-24,61,0.0,0.0,0.0,0.0,0.0,0.0,0.0,0.9919,0.0,1.48785,0.0,4.9595,0.0,0.0,0.0,0.0,0.00元,0.0,0.0
2025-02-24T10:20:00,2025-02-24T10:30:00,2025-02-24,62,0.0,0.0,0.0,0.0,0.0,0.0,0.0,0.9588,0.0,1.4382,0.0,4.794,0.0,0.0,0.0,0.0,0.00元,0.0,0.0
2025-02-24T10:30:00,2025-02-24T10:40:00,2025-02-24,63,0.0,0.0,0.0,0.0,0.0,0.0,0.0,0.9549,0.0,1.43235,0.0,4.7745,0.0,0.0,0.0,0.0,0.00元,0.0,0.0
2025-02-24T10:40:00,2025-02-24T10:50:00,2025-02-24,64,0.0,0.0,0.0,0.0,0.0,0.0,0.0,0.9839,0.0,1.4758499999999999,0.0,4.9195,0.0,0.0,0.0,0.0,0.00元,0.0,0.0
2025-02-24T10:50:00,2025-02-24T11:00:00,2025-02-24,65,0.0,0.0,0.0,0.0,0.0,0.0,0.0,0.799,0.0,1.1985000000000001,0.0,3.995,0.0,0.0,0.0,0.0,0.00元,0.0,0.0
2025-02-24T11:00:00,2025-02-24T11:10:00,2025-02-24,66,766.153744678512,766.153744678512,0.0,766.153744678512,0.0,0.0,766.153744678512,0.5025,384.9922567009522,0.7537499999999999,0.0,2.5124999999999997,0.0,0.0,0.0,384.9922567009522,384.99元,0.0,766.153744678512
2025-02-24T11:10:00,2025-02-24T11:20:00,2025-02-24,67,750.9659923014175,750.9659923014175,0.0,750.9659923014175,0.0,0.0,750.9659923014175,0.4662,350.10034561092084,0.6993,0.0,2.331,0.0,0.0,0.0,350.10034561092084,350.10元,0.0,750.9659923014175
2025-02-24T11:20:00,2025-02-24T11:30:00,2025-02-24,68,742.7279588221044,742.7279588221044,0.0,742.7279588221044,0.0,0.0,742.7279588221044,0.5007,371.8838889822277,0.75105,0.0,2.5035000000000003,0.0,0.0,0.0,371.8838889822277,371.88元,0.0,742.7279588221044
2025-02-24T11:30:00,2025-02-24T11:40:00,2025-02-24,69,719.2280859428105,719.2280859428105,0.0,719.2280859428105,0.0,0.0,719.2280859428105,0.4827,347.1713970845946,0.7240500000000001,0.0,2.4135,0.0,0.0,0.0,347.1713970845946,347.17元,0.0,719.2280859428105
2025-02-24T11:40:00,2025-02-24T11:50:00,2025-02-24,70,694.8523558361493,694.8523558361493,0.0,694.8523558361493,0.0,0.0,694.8523558361493,0.4785,332.48685226759744,0.71775,0.0,2.3925,0.0,0.0,0.0,332.48685226759744,332.49元,0.0,694.8523558361493
2025-02-24T11:50:00,2025-02-24T12:00:00,2025-02-24,71,656.1518669269764,656.1518669269764,0.0,656.1518669269764,0.0,0.0,656.1518669269764,0.4662,305.89800036135637,0.6993,0.0,2.331,0.0,0.0,0.0,305.89800036135637,305.90元,0.0,656.1518669269764
2025-02-24T12:00:00,2025-02-24T12:10:00,2025-02-24,72,625.6218397735332,625.6218397735332,26.156916960255558,651.7787567337888,26.156916960255558,0.0,651.7787567337888,0.4432,277.27559938762994,0.6648,17.389118395177896,2.2159999999999997,0.0,0.0,0.0,294.6647177828078,294.66元,0.0,651.7787567337888
2025-02-24T12:10:00,2025-02-24T12:20:00,2025-02-24,73,653.4280271062561,653.4280271062561,25.676123687815334,679.1041507940714,25.676123687815334,0.0,679.1041507940714,0.4411,288.22710275656954,0.66165,16.988607238043016,2.2055,0.0,0.0,0.0,305.21570999461255,305.22元,0.0,679.1041507940714
2025-02-24T12:20:00,2025-02-24T12:30:00,2025-02-24,74,671.7619732081336,671.7619732081336,25.28447287280187,697.0464460809354,25.28447287280187,0.0,697.0464460809354,0.4551,305.7188740070216,0.68265,17.260445406618196,2.2755,0.0,0.0,0.0,322.97931941363976,322.98元,0.0,697.0464460809354
2025-02-24T12:30:00,2025-02-24T12:40:00,2025-02-24,75,660.2043335172658,660.2043335172658,25.010613886458486,685.2149474037243,25.010613886458486,0.0,685.2149474037243,0.4463,294.6491940487557,0.66945,16.743355466289632,2.2315,0.0,0.0,0.0,311.39254951504535,311.39元,0.0,685.2149474037243
2025-02-24T12:40:00,2025-02-24T12:50:00,2025-02-24,76,660.3221009230774,660.3221009230774,24.645758778020195,684.9678597010976,24.645758778020195,0.0,684.9678597010976,0.4113,271.5904801096617,0.61695,15.205200878099559,2.0564999999999998,0.0,0.0,0.0,286.79568098776133,286.80元,0.0,684.9678597010976
2025-02-24T12:50:00,2025-02-24T13:00:00,2025-02-24,77,423.4251370106414,423.4251370106414,275.0773149886677,698.5024519993091,275.0773149886677,0.0,698.5024519993091,0.5682,240.59016284944644,0.8523000000000001,234.4483955648415,2.841,0.0,0.0,0.0,475.03855841428793,475.04元,0.0,698.5024519993091
2025-02-24T13:00:00,2025-02-24T13:10:00,2025-02-24,78,0.0,0.0,0.0,0.0,0.0,0.0,0.0,0.8279,0.0,1.24185,0.0,4.1395,0.0,0.0,0.0,0.0,0.00元,0.0,0.0
2025-02-24T13:10:00,2025-02-24T13:20:00,2025-02-24,79,0.0,0.0,0.0,0.0,0.0,0.0,0.0,0.8636,0.0,1.2954,0.0,4.3180000000000005,0.0,0.0,0.0,0.0,0.00元,0.0,0.0
2025-02-24T13:20:00,2025-02-24T13:30:00,2025-02-24,80,0.0,0.0,0.0,0.0,0.0,0.0,0.0,0.8416,0.0,1.2624,0.0,4.208,0.0,0.0,0.0,0.0,0.00元,0.0,0.0
2025-02-24T13:30:00,2025-02-24T13:40:00,2025-02-24,81,0.0,0.0,0.0,0.0,0.0,0.0,0.0,0.8618,0.0,1.2927,0.0,4.309,0.0,0.0,0.0,0.0,0.00元,0.0,0.0
2025-02-24T13:40:00,2025-02-24T13:50:00,2025-02-24,82,0.0,0.0,0.0,0.0,0.0,0.0,0.0,0.8623,0.0,1.29345,0.0,4.3115,0.0,0.0,0.0,0.0,0.00元,0.0,0.0
2025-02-24T13:50:00,2025-02-24T14:00:00,2025-02-24,83,0.0,0.0,0.0,0.0,0.0,0.0,0.0,0.9026,0.0,1.3538999999999999,0.0,4.513,0.0,0.0,0.0,0.0,0.00元,0.0,0.0
2025-02-24T14:00:00,2025-02-24T14:10:00,2025-02-24,84,0.0,0.0,0.0,0.0,0.0,0.0,0.0,0.9754,0.0,1.4631,0.0,4.877000000000001,0.0,0.0,0.0,0.0,0.00元,0.0,0.0
2025-02-24T14:10:00,2025-02-24T14:20:00,2025-02-24,85,0.0,0.0,0.0,0.0,0.0,0.0,0.0,1.0002,0.0,1.5003,0.0,5.0009999999999994,0.0,0.0,0.0,0.0,0.00元,0.0,0.0
2025-02-24T14:20:00,2025-02-24T14:30:00,2025-02-24,86,0.0,0.0,0.0,0.0,0.0,0.0,0.0,0.9978,0.0,1.4967000000000001,0.0,4.989,0.0,0.0,0.0,0.0,0.00元,0.0,0.0
2025-02-24T14:30:00,2025-02-24T14:40:00,2025-02-24,87,0.0,0.0,0.0,0.0,0.0,0.0,0.0,1.0271,0.0,1.5406499999999999,0.0,5.1354999999999995,0.0,0.0,0.0,0.0,0.00元,0.0,0.0
2025-02-24T14:40:00,2025-02-24T14:50:00,2025-02-24,88,0.0,0.0,0.0,0.0,0.0,0.0,0.0,1.0906,0.0,1.6359,0.0,5.453,0.0,0.0,0.0,0.0,0.00元,0.0,0.0
2025-02-24T14:50:00,2025-02-24T15:00:00,2025-02-24,89,0.0,0.0,0.0,0.0,0.0,0.0,0.0,0.9376,0.0,1.4064,0.0,4.688,0.0,0.0,0.0,0.0,0.00元,0.0,0.0
2025-02-24T15:00:00,2025-02-24T15:10:00,2025-02-24,90,479.31755159474505,479.31755159474505,216.44321501799072,695.7607666127358,216.44321501799072,0.0,695.7607666127358,0.6694,320.85516903752233,1.0041,217.3306321995645,3.347,0.0,0.0,0.0,538.1858012370868,538.19元,0.0,695.7607666127358
2025-02-24T15:10:00,2025-02-24T15:20:00,2025-02-24,91,1171.5593220685932,1151.393729651747,17.610952507654474,1169.0046821594015,-2.554639909191792,0.0,1169.0046821594015,0.66,759.919861570153,0.99,17.43484298257793,3.3000000000000003,0.0,0.0,0.0,777.3547045527309,777.35元,0.0,1169.0046821594015
2025-02-24T15:20:00,2025-02-24T15:30:00,2025-02-24,92,362.9249485304589,362.9249485304589,0.0,362.9249485304589,0.0,0.0,362.9249485304589,0.7217,261.9229353544322,1.08255,0.0,3.6085000000000003,0.0,0.0,0.0,261.9229353544322,261.92元,0.0,362.9249485304589
2025-02-24T15:30:00,2025-02-24T15:40:00,2025-02-24,93,414.137118645898,414.137118645898,0.0,414.137118645898,0.0,0.0,414.137118645898,0.7308,302.65140630642225,1.0962,0.0,3.654,0.0,0.0,0.0,302.65140630642225,302.65元,0.0,414.137118645898
2025-02-24T15:40:00,2025-02-24T15:50:00,2025-02-24,94,468.7522380203144,468.7522380203144,0.0,468.7522380203144,0.0,0.0,468.7522380203144,0.7534,353.15793612450483,1.1300999999999999,0.0,3.767,0.0,0.0,0.0,353.15793612450483,353.16元,0.0,468.7522380203144
2025-02-24T15:50:00,2025-02-24T16:00:00,2025-02-24,95,513.7836850679944,513.7836850679944,0.0,513.7836850679944,0.0,0.0,513.7836850679944,0.7823,401.932976828692,1.1734499999999999,0.0,3.9115,0.0,0.0,0.0,401.932976828692,401.93元,0.0,513.7836850679944
2025-02-24T16:00:00,2025-02-24T16:10:00,2025-02-24,96,542.7950355302385,542.7950355302385,4.109902831819454,546.9049383620579,4.109902831819454,0.0,546.9049383620579,0.8055,437.2214011196071,1.20825,4.965790096545855,4.0275,0.0,0.0,0.0,442.18719121615294,442.19元,0.0,546.9049383620579
2025-02-24T16:10:00,2025-02-24T16:20:00,2025-02-24,97,592.3613457785709,589.2122311021883,7.146424571123362,596.3586556733117,3.997309894740738,0.0,596.3586556733117,0.8271,487.3374363446199,1.24065,8.866211644164197,4.1354999999999995,0.0,0.0,0.0,496.2036479887841,496.20元,0.0,596.3586556733117
2025-02-24T16:20:00,2025-02-24T16:30:00,2025-02-24,98,651.5084974055492,648.4456543723466,6.950644533248806,655.3962989055954,3.88780150004618,0.0,655.3962989055954,0.8519,552.410852959802,1.27785,8.881881116811986,4.2595,0.0,0.0,0.0,561.292734076614,561.29元,0.0,655.3962989055954
2025-02-24T16:30:00,2025-02-24T16:40:00,2025-02-24,99,713.1330726573315,710.154137810534,6.760227991882061,716.9143658024161,3.7812931450846463,0.0,716.9143658024161,0.8791,624.2965025492405,1.3186499999999999,8.91437464149528,4.3955,0.0,0.0,0.0,633.2108771907357,633.21元,0.0,716.9143658024161
2025-02-24T16:40:00,2025-02-24T16:50:00,2025-02-24,100,769.5342569931394,766.6369316241063,6.57502801123178,773.2119596353381,3.6777026421987102,0.0,773.2119596353381,0.9024,691.8131670975935,1.3536,8.899957916003336,4.512,0.0,0.0,0.0,700.7131250135968,700.71元,0.0,773.2119596353381
2025-02-24T16:50:00,2025-02-24T17:00:00,2025-02-24,101,826.7302690755073,823.912317449923,6.394901680889461,830.3072191308124,3.576950055305133,0.0,830.3072191308124,0.9163,754.9508564793645,1.37445,8.78947261529852,4.5815,0.0,0.0,0.0,763.7403290946629,763.74元,0.0,830.3072191308124
2025-02-24T17:00:00,2025-02-24T17:10:00,2025-02-24,102,884.0795183798474,881.3387660125068,6.21971000555186,887.5584760180586,3.4789576382112273,0.0,887.5584760180586,0.9264,816.4722328339863,1.3896,8.642909023714866,4.632,0.0,0.0,0.0,825.1151418577011,825.12元,0.0,887.5584760180586
2025-02-24T17:10:00,2025-02-24T17:20:00,2025-02-24,103,932.0996825661778,929.434014543035,6.049317797765184,935.4833323408002,3.3836497746224268,0.0,935.4833323408002,0.9462,879.4304645606197,1.4193,8.585796750368125,4.731,0.0,0.0,0.0,888.0162613109878,888.02元,0.0,935.4833323408002
2025-02-24T17:20:00,2025-02-24T17:30:00,2025-02-24,104,967.291351398722,964.6987107449074,5.883593573606049,970.5823043185135,3.2909529197914935,0.0,970.5823043185135,0.9742,939.8094840076888,1.4613,8.597695289110519,4.8709999999999996,0.0,0.0,0.0,948.4071792967993,948.41元,0.0,970.5823043185135
2025-02-24T17:30:00,2025-02-24T17:40:00,2025-02-24,105,1006.0913354276622,1003.5697215202083,5.722409451222234,1009.2921309714305,3.200795543768322,0.0,1009.2921309714305,0.9862,989.7204593632295,1.4792999999999998,8.46516030119305,4.931,0.0,0.0,0.0,998.1856196644225,998.19元,0.0,1009.2921309714305
2025-02-24T17:40:00,2025-02-24T17:50:00,2025-02-24,106,1038.4526197901744,1036.000086814226,5.565641052151477,1041.5657278663775,3.1131080762031615,0.0,1041.5657278663775,0.976,1011.1360847306846,1.464,8.148098500349763,4.88,0.0,0.0,0.0,1019.2841832310344,1019.28元,0.0,1041.5657278663775
2025-02-24T17:50:00,2025-02-24T18:00:00,2025-02-24,107,902.2304746783669,899.845130125684,5.413167405345234,905.2582975310293,3.027822852662325,0.0,905.2582975310293,1.0742,966.6136387810099,1.6113,8.722236640232776,5.371,0.0,0.0,0.0,975.3358754212426,975.34元,0.0,905.2582975310293
2025-02-24T18:00:00,2025-02-24T18:10:00,2025-02-24,108,689.5844290217273,687.2644322303228,5.264870853819048,692.5293030841418,2.9448740624145557,0.0,692.5293030841418,1.2313,846.2286954051965,1.84695,9.723953223461091,6.1565,0.0,54.91186074027394,33.80648706474965,889.7591356934072,889.76元,0.0,692.5293030841418
2025-02-24T18:10:00,2025-02-24T18:20:00,2025-02-24,109,686.8644361936017,684.6079969273861,0.0,684.6079969273861,-2.2564392662155797,0.0,684.6079969273861,1.2561,859.9361049404897,1.88415,0.0,6.2805,0.0,0.0,0.0,859.9361049404897,859.94元,0.0,684.6079969273861
2025-02-24T18:20:00,2025-02-24T18:30:00,2025-02-24,110,719.7912352021629,717.5966122695005,4.980354436741322,722.5769667062418,2.785731504078967,0.0,722.5769667062418,1.2447,893.1925032918472,1.8670499999999999,9.298570751117886,6.2235,0.0,0.0,0.0,902.4910740429651,902.49元,0.0,722.5769667062418
2025-02-24T18:30:00,2025-02-24T18:40:00,2025-02-24,111,702.2321448092614,700.0976447193717,1.1008864569226944,701.1985311762944,-1.0336136329669898,0.0,701.1985311762944,1.2545,878.2724953004517,1.8817499999999998,2.07159309031428,6.2725,0.0,0.0,0.0,880.3440883907659,880.34元,0.0,701.1985311762944
2025-02-24T18:40:00,2025-02-24T18:50:00,2025-02-24,112,722.5802920564817,720.5042677126497,4.711213437947208,725.2154811505969,2.635189094115276,0.0,725.2154811505969,1.2522,902.21544402978,1.8782999999999999,8.849072200496241,6.261,0.0,0.0,0.0,911.0645162302762,911.06元,0.0,725.2154811505969
2025-02-24T18:50:00,2025-02-24T19:00:00,2025-02-24,113,112.29276448423582,106.59855652281794,314.71163629366225,421.3101928164802,309.0174283322444,0.0,421.3101928164802,1.2881,137.30960065704178,1.93215,608.0700880647996,6.4405,0.0,0.0,0.0,745.3796887218414,745.38元,0.0,421.3101928164802
2025-02-24T19:00:00,2025-02-24T19:10:00,2025-02-24,114,14.276407826137302,13.443637627075304,14.46953454652521,27.913172173600515,13.636764347463213,0.0,27.913172173600515,1.3466,18.103202428619607,2.0199,29.227012830526274,6.7330000000000005,0.0,0.0,0.0,47.33021525914588,47.33元,0.0,27.913172173600515
2025-02-24T19:10:00,2025-02-24T19:20:00,2025-02-24,115,27.562457079005526,25.359559227380828,5.4120501652352,30.77160939261603,3.2091523136105025,0.0,30.77160939261603,1.3523,34.2937319431871,2.0284500000000003,10.978073157671343,6.7615,0.0,0.0,0.0,45.27180510085844,45.27元,0.0,30.77160939261603
2025-02-24T19:20:00,2025-02-24T19:30:00,2025-02-24,116,39.06985426429901,39.004451086334825,5.356431191588513,44.36088227792334,5.291028013624327,0.0,44.36088227792334,1.3445,52.44148448557717,2.01675,10.802582605636132,6.7225,0.0,0.0,0.0,63.24406709121331,63.24元,0.0,44.36088227792334
2025-02-24T19:30:00,2025-02-24T19:40:00,2025-02-24,117,22.421579347582224,22.421579347582224,12.75781751223849,35.17939685982071,12.75781751223849,0.0,35.17939685982071,1.3483,30.231015434345114,2.02245,25.802048027626732,6.7415,0.0,0.0,0.0,56.03306346197185,56.03元,0.0,35.17939685982071
2025-02-24T19:40:00,2025-02-24T19:50:00,2025-02-24,118,8.161116156271419,5.877783867578273,8.074082274486159,13.951866142064432,5.790749985793013,0.0,13.951866142064432,1.349,7.92913043736309,2.0235,16.33790548242274,6.745,0.0,0.0,0.0,24.267035919785833,24.27元,0.0,13.951866142064432
2025-02-24T19:50:00,2025-02-24T20:00:00,2025-02-24,119,0.0,0.0,0.2541927577296974,0.2541927577296974,0.2541927577296974,0.0,0.2541927577296974,1.3473,0.0,2.02095,0.513710853733832,6.7364999999999995,0.0,0.0,0.0,0.513710853733832,0.51元,0.0,0.2541927577296974
2025-02-24T20:00:00,2025-02-24T20:10:00,2025-02-24,120,0.6257620792766829,0.0,0.6863724911030431,0.6863724911030431,0.06061041182636018,0.0,0.6863724911030431,1.3482,0.0,2.0223,1.3880510887576842,6.7410000000000005,0.0,0.0,0.0,1.3880510887576842,1.39元,0.0,0.6863724911030431
2025-02-24T20:10:00,2025-02-24T20:20:00,2025-02-24,121,0.2815927859301155,0.0,0.0,0.0,-0.2815927859301155,0.0,0.0,1.3513,0.0,2.02695,0.0,6.7565,0.0,0.0,0.0,0.0,0.00元,0.0,0.0
2025-02-24T20:20:00,2025-02-24T20:30:00,2025-02-24,122,5.4777489948190805,5.019315507141869,4.614083498481705,9.633399005623573,4.155650010804493,0.0,9.633399005623573,1.34,6.725882779570105,2.0100000000000002,9.274307831948228,6.7,0.0,0.0,0.0,16.00019061151833,16.00元,0.0,9.633399005623573
2025-02-24T20:30:00,2025-02-24T20:40:00,2025-02-24,123,0.0,0.0,3.1188369764480512,3.1188369764480512,3.1188369764480512,5.332829700218546,8.451666676666598,1.3489,0.0,2.0233499999999998,6.310498796296164,6.7445,35.967269913123985,0.0,0.0,42.277768709420144,42.28元,0.0,8.451666676666598
2025-02-24T20:40:00,2025-02-24T20:50:00,2025-02-24,124,9.408572096581906,7.159156310353183,5.886262816131534,13.045419126484717,3.6368470299028104,0.0,13.045419126484717,1.3952,9.98845488420476,2.0928,12.318770821600074,6.976,0.0,0.0,0.0,22.307225705804836,22.31元,0.0,13.045419126484717
2025-02-24T20:50:00,2025-02-24T21:00:00,2025-02-24,125,704.3797185248787,701.7533173563055,0.0,701.7533173563055,-2.6264011685732385,0.0,701.7533173563055,1.2226,857.963605799819,1.8338999999999999,0.0,6.1129999999999995,0.0,0.0,0.0,857.963605799819,857.96元,0.0,701.7533173563055
2025-02-24T21:00:00,2025-02-24T21:10:00,2025-02-24,126,700.2323000065354,700.2323000065354,0.0,700.2323000065354,0.0,0.0,700.2323000065354,0.9332,653.4567823660989,1.3998,0.0,4.666,0.0,0.0,0.0,653.4567823660989,653.46元,0.0,700.2323000065354
2025-02-24T21:10:00,2025-02-24T21:20:00,2025-02-24,127,725.448767715607,725.448767715607,0.0,725.448767715607,0.0,0.0,725.448767715607,0.9068,657.8369425645125,1.3602,0.0,4.534000000000001,0.0,0.0,0.0,657.8369425645125,657.84元,0.0,725.448767715607
2025-02-24T21:20:00,2025-02-24T21:30:00,2025-02-24,128,733.5736156166639,733.4745337445509,0.0,733.4745337445509,-0.09908187211306085,0.0,733.4745337445509,0.9371,687.3389855720186,1.40565,0.0,4.6855,0.0,0.0,0.0,687.3389855720186,687.34元,0.0,733.4745337445509
2025-02-24T21:30:00,2025-02-24T21:40:00,2025-02-24,129,734.7322406401387,734.7322406401387,0.0,734.7322406401387,0.0,0.0,734.7322406401387,0.9371,688.517582703874,1.40565,0.0,4.6855,0.0,0.0,0.0,688.517582703874,688.52元,0.0,734.7322406401387
2025-02-24T21:40:00,2025-02-24T21:50:00,2025-02-24,130,735.382518012518,735.382518012518,0.0,735.382518012518,0.0,0.0,735.382518012518,0.9871,725.8960835301565,1.48065,0.0,4.9355,0.0,0.0,0.0,725.8960835301565,725.90元,0.0,735.382518012518
2025-02-24T21:50:00,2025-02-24T22:00:00,2025-02-24,131,703.3714320975045,703.3714320975045,0.0,703.3714320975045,0.0,0.0,703.3714320975045,0.7764,546.0975798805024,1.1646,0.0,3.8819999999999997,0.0,0.0,0.0,546.0975798805024,546.10元,0.0,703.3714320975045
2025-02-24T22:00:00,2025-02-24T22:10:00,2025-02-24,132,1369.8917059439416,1368.6351967713294,0.0,1368.6351967713294,-1.256509172612141,0.0,1368.6351967713294,0.4209,576.0585543210526,0.63135,0.0,2.1045,0.0,0.0,0.0,576.0585543210526,576.06元,0.0,1368.6351967713294
2025-02-24T22:10:00,2025-02-24T22:20:00,2025-02-24,133,1356.06057269181,1354.8384862449898,0.0,1354.8384862449898,-1.2220864468201853,0.0,1354.8384862449898,0.3859,522.8321718419415,0.5788500000000001,0.0,1.9295,0.0,0.0,0.0,522.8321718419415,522.83元,0.0,1354.8384862449898
2025-02-24T22:20:00,2025-02-24T22:30:00,2025-02-24,134,548.2748647346085,548.2748647346085,0.0,548.2748647346085,0.0,0.0,548.2748647346085,0.4368,239.48646091607702,0.6552,0.0,2.184,0.0,0.0,0.0,239.48646091607702,239.49元,0.0,548.2748647346085
2025-02-24T22:30:00,2025-02-24T22:40:00,2025-02-24,135,1382.0180364595376,1380.8619922133453,0.0,1380.8619922133453,-1.156044246192323,0.0,1380.8619922133453,0.4198,579.6858643311624,0.6297,0.0,2.099,0.0,0.0,0.0,579.6858643311624,579.69元,17.6203255566786,1363.2416666566667
2025-02-24T22:40:00,2025-02-24T22:50:00,2025-02-24,136,1390.5078532180662,1389.383479408475,0.0,1389.383479408475,-1.124373809591134,0.0,1389.383479408475,0.4186,581.5959244803877,0.6279,0.0,2.093,0.0,0.0,0.0,581.5959244803877,581.60元,7.276412751808372,1382.1070666566668
2025-02-24T22:50:00,2025-02-24T23:00:00,2025-02-24,137,1392.2831496556792,1391.1895786545185,0.0,1391.1895786545185,-1.093571001160626,0.0,1391.1895786545185,0.4241,590.0035003073813,0.63615,0.0,2.1205,0.0,0.0,0.0,590.0035003073813,590.00元,0.0,1391.1895786545185
2025-02-24T23:00:00,2025-02-24T23:10:00,2025-02-24,138,1391.6727697083888,1390.6091576566153,0.0,1390.6091576566153,-1.063612051773589,0.0,1390.6091576566153,0.4237,589.2011000991079,0.6355500000000001,0.0,2.1185,0.0,0.0,0.0,589.2011000991079,589.20元,11.602490999948593,1379.0066666566668
2025-02-24T23:10:00,2025-02-24T23:20:00,2025-02-24,139,1050.8390076976978,1050.8390076976978,0.0,1050.8390076976978,0.0,0.0,1050.8390076976978,0.4248,446.396410469982,0.6372,0.0,2.124,0.0,0.0,0.0,446.396410469982,446.40元,0.0,1050.8390076976978
2025-02-24T23:20:00,2025-02-24T23:30:00,2025-02-24,140,1420.8588645021778,1419.8527306105593,0.0,1419.8527306105593,-1.0061338916184468,0.0,1419.8527306105593,0.424,602.0175577788772,0.636,0.0,2.12,0.0,0.0,0.0,602.0175577788772,602.02元,7.381813953892666,1412.4709166566668
2025-02-24T23:30:00,2025-02-24T23:40:00,2025-02-24,141,1412.6216202045048,1411.643049876938,0.0,1411.643049876938,-0.9785703275667856,0.0,1411.643049876938,0.422,595.7133670480678,0.633,0.0,2.11,0.0,0.0,0.0,595.7133670480678,595.71元,0.0,1411.643049876938
2025-02-24T23:40:00,2025-02-24T23:50:00,2025-02-24,142,1410.2083722714244,1409.2566103896597,0.0,1409.2566103896597,-0.9517618817646962,0.0,1409.2566103896597,0.424,597.5248028052157,0.636,0.0,2.12,0.0,0.0,0.0,597.5248028052157,597.52元,6.792743732993123,1402.4638666566666
2025-02-24T23:50:00,2025-02-25T00:00:00,2025-02-24,143,576.0880627091725,576.0880627091725,0.0,576.0880627091725,0.0,0.0,576.0880627091725,0.4271,246.04721158308757,0.6406499999999999,0.0,2.1355,0.0,0.0,0.0,246.04721158308757,246.05元,0.0,576.0880627091725
2025-02-25T00:00:00,2025-02-25T00:10:00,2025-02-24,144,571.5254,571.5254,0.0,571.5254,0.0,0.0,571.5254,0.4276,244.38426103999998,0.6414,0.0,2.138,0.0,0.0,0.0,244.38426103999998,244.38元,0.0,571.5254
2025-02-25T00:10:00,2025-02-25T00:20:00,2025-02-25,1,1405.2609229354018,1405.2609229354018,0.0,1405.2609229354018,0.0,0.0,1405.2609229354018,0.4248,596.9548400629587,0.6372,0.0,2.124,0.0,0.0,0.0,596.9548400629587,596.95元,0.0,1405.2609229354018
2025-02-25T00:20:00,2025-02-25T00:30:00,2025-02-25,2,1402.3222851976611,1402.3222851976611,0.0,1402.3222851976611,0.0,0.0,1402.3222851976611,0.4245,595.2858100664072,0.6367499999999999,0.0,2.1225,0.0,0.0,0.0,595.2858100664072,595.29元,0.0,1402.3222851976611
2025-02-25T00:30:00,2025-02-25T00:40:00,2025-02-25,3,569.2928404481848,569.2928404481848,0.0,569.2928404481848,0.0,0.0,569.2928404481848,0.4269,243.0311135873301,0.64035,0.0,2.1345,0.0,0.0,0.0,243.0311135873301,243.03元,0.0,569.2928404481848
2025-02-25T00:40:00,2025-02-25T00:50:00,2025-02-25,4,561.7529967906044,561.7529967906044,0.0,561.7529967906044,0.0,0.0,561.7529967906044,0.4272,239.9808802289462,0.6408,0.0,2.136,0.0,0.0,0.0,239.9808802289462,239.98元,0.0,561.7529967906044
2025-02-25T00:50:00,2025-02-25T01:00:00,2025-02-25,5,577.4645428741248,577.4645428741248,0.0,577.4645428741248,0.0,0.0,577.4645428741248,0.4271,246.6351062615387,0.6406499999999999,0.0,2.1355,0.0,0.0,0.0,246.6351062615387,246.64元,0.0,577.4645428741248
2025-02-25T01:00:00,2025-02-25T01:10:00,2025-02-25,6,593.0897062295774,593.0897062295774,0.0,593.0897062295774,0.0,0.0,593.0897062295774,0.4285,254.1389391193739,0.6427499999999999,0.0,2.1425,0.0,0.0,0.0,254.1389391193739,254.14元,0.0,593.0897062295774
2025-02-25T01:10:00,2025-02-25T01:20:00,2025-02-25,7,584.4908038855506,584.4908038855506,0.0,584.4908038855506,0.0,0.0,584.4908038855506,0.4311,251.97398555506084,0.64665,0.0,2.1555,0.0,0.0,0.0,251.97398555506084,251.97元,0.0,584.4908038855506
2025-02-25T01:20:00,2025-02-25T01:30:00,2025-02-25,8,589.0812885181933,589.0812885181933,0.0,589.0812885181933,0.0,0.0,589.0812885181933,0.4302,253.42277032052678,0.6453,0.0,2.1510000000000002,0.0,0.0,0.0,253.42277032052678,253.42元,0.0,589.0812885181933
2025-02-25T01:30:00,2025-02-25T01:40:00,2025-02-25,9,606.0067921939701,606.0067921939701,0.0,606.0067921939701,0.0,0.0,606.0067921939701,0.4279,259.31030637979984,0.64185,0.0,2.1395,0.0,0.0,0.0,259.31030637979984,259.31元,0.0,606.0067921939701
2025-02-25T01:40:00,2025-02-25T01:50:00,2025-02-25,10,598.7949808269124,598.7949808269124,0.0,598.7949808269124,0.0,0.0,598.7949808269124,0.4312,258.20039573256463,0.6468,0.0,2.156,0.0,0.0,0.0,258.20039573256463,258.20元,0.0,598.7949808269124
2025-02-25T01:50:00,2025-02-25T02:00:00,2025-02-25,11,605.2422833768576,605.2422833768576,0.0,605.2422833768576,0.0,0.0,605.2422833768576,0.4333,262.2514813871924,0.64995,0.0,2.1665,0.0,0.0,0.0,262.2514813871924,262.25元,0.0,605.2422833768576
2025-02-25T02:00:00,2025-02-25T02:10:00,2025-02-25,12,621.5897152134879,621.5897152134879,0.0,621.5897152134879,0.0,0.0,621.5897152134879,0.4311,267.96732622853466,0.64665,0.0,2.1555,0.0,0.0,0.0,267.96732622853466,267.97元,0.0,621.5897152134879
2025-02-25T02:10:00,2025-02-25T02:20:00,2025-02-25,13,605.9573073128632,605.9573073128632,0.0,605.9573073128632,0.0,0.0,605.9573073128632,0.4293,260.1374720294122,0.64395,0.0,2.1465,0.0,0.0,0.0,260.1374720294122,260.14元,0.0,605.9573073128632
2025-02-25T02:20:00,2025-02-25T02:30:00,2025-02-25,14,604.3207454531345,604.3207454531345,0.0,604.3207454531345,0.0,0.0,604.3207454531345,0.4324,261.30829033393536,0.6486000000000001,0.0,2.162,0.0,0.0,0.0,261.30829033393536,261.31元,0.0,604.3207454531345
2025-02-25T02:30:00,2025-02-25T02:40:00,2025-02-25,15,627.0128544094616,627.0128544094616,0.0,627.0128544094616,0.0,0.0,627.0128544094616,0.4367,273.81651352061186,0.6550499999999999,0.0,2.1835,0.0,0.0,0.0,273.81651352061186,273.82元,0.0,627.0128544094616
2025-02-25T02:40:00,2025-02-25T02:50:00,2025-02-25,16,633.9684221481582,633.9684221481582,0.0,633.9684221481582,0.0,0.0,633.9684221481582,0.4348,275.6494699500192,0.6522,0.0,2.174,0.0,0.0,0.0,275.6494699500192,275.65元,0.0,633.9684221481582
2025-02-25T02:50:00,2025-02-25T03:00:00,2025-02-25,17,617.6173615200826,617.6173615200826,0.0,617.6173615200826,0.0,0.0,617.6173615200826,0.4335,267.7371262189558,0.65025,0.0,2.1675,0.0,0.0,0.0,267.7371262189558,267.74元,0.0,617.6173615200826
2025-02-25T03:00:00,2025-02-25T03:10:00,2025-02-25,18,601.7058386199634,601.7058386199634,0.0,601.7058386199634,0.0,0.0,601.7058386199634,0.4357,262.16323388671805,0.65355,0.0,2.1784999999999997,0.0,0.0,0.0,262.16323388671805,262.16元,0.0,601.7058386199634
2025-02-25T03:10:00,2025-02-25T03:20:00,2025-02-25,19,617.6115119783476,617.6115119783476,0.0,617.6115119783476,0.0,0.0,617.6115119783476,0.4374,270.14327533932925,0.6561,0.0,2.1870000000000003,0.0,0.0,0.0,270.14327533932925,270.14元,0.0,617.6115119783476
2025-02-25T03:20:00,2025-02-25T03:30:00,2025-02-25,20,638.0270559195205,638.0270559195205,0.0,638.0270559195205,0.0,0.0,638.0270559195205,0.4371,278.8816261424224,0.65565,0.0,2.1854999999999998,0.0,0.0,0.0,278.8816261424224,278.88元,0.0,638.0270559195205
2025-02-25T03:30:00,2025-02-25T03:40:00,2025-02-25,21,643.4119697520881,643.4119697520881,0.0,643.4119697520881,0.0,0.0,643.4119697520881,0.4356,280.27025402400955,0.6534,0.0,2.178,0.0,0.0,0.0,280.27025402400955,280.27元,0.0,643.4119697520881
2025-02-25T03:40:00,2025-02-25T03:50:00,2025-02-25,22,640.4058119589014,640.4058119589014,0.0,640.4058119589014,0.0,0.0,640.4058119589014,0.4353,278.7686499457098,0.65295,0.0,2.1765,0.0,0.0,0.0,278.7686499457098,278.77元,0.0,640.4058119589014
2025-02-25T03:50:00,2025-02-25T04:00:00,2025-02-25,23,648.2560668863466,648.2560668863466,0.0,648.2560668863466,0.0,0.0,648.2560668863466,0.436,282.6396451624471,0.654,0.0,2.18,0.0,0.0,0.0,282.6396451624471,282.64元,0.0,648.2560668863466
2025-02-25T04:00:00,2025-02-25T04:10:00,2025-02-25,24,657.9803955996797,657.9803955996797,0.0,657.9803955996797,0.0,0.0,657.9803955996797,0.4378,288.06381719353976,0.6567000000000001,0.0,2.189,0.0,0.0,0.0,288.06381719353976,288.06元,0.0,657.9803955996797
2025-02-25T04:10:00,2025-02-25T04:20:00,2025-02-25,25,645.5704534044257,645.5704534044257,0.0,645.5704534044257,0.0,0.0,645.5704534044257,0.4401,284.11555654328777,0.66015,0.0,2.2005,0.0,0.0,0.0,284.11555654328777,284.12元,0.0,645.5704534044257
2025-02-25T04:20:00,2025-02-25T04:30:00,2025-02-25,26,649.0852057005267,649.0852057005267,0.0,649.0852057005267,0.0,0.0,649.0852057005267,0.4389,284.8834967819612,0.65835,0.0,2.1945,0.0,0.0,0.0,284.8834967819612,284.88元,0.0,649.0852057005267
2025-02-25T04:30:00,2025-02-25T04:40:00,2025-02-25,27,668.7876988359158,668.7876988359158,0.0,668.7876988359158,0.0,0.0,668.7876988359158,0.4364,291.85895177199365,0.6546000000000001,0.0,2.182,0.0,0.0,0.0,291.85895177199365,291.86元,0.0,668.7876988359158
2025-02-25T04:40:00,2025-02-25T04:50:00,2025-02-25,28,667.1875699394353,667.1875699394353,0.0,667.1875699394353,0.0,0.0,667.1875699394353,0.4393,293.09549947439393,0.65895,0.0,2.1965000000000003,0.0,0.0,0.0,293.09549947439393,293.10元,0.0,667.1875699394353
2025-02-25T04:50:00,2025-02-25T05:00:00,2025-02-25,29,668.5737449590648,668.5737449590648,0.0,668.5737449590648,0.0,0.0,668.5737449590648,0.4422,295.64331002089847,0.6633,0.0,2.211,0.0,0.0,0.0,295.64331002089847,295.64元,0.0,668.5737449590648
2025-02-25T05:00:00,2025-02-25T05:10:00,2025-02-25,30,671.6861522200683,671.6861522200683,0.0,671.6861522200683,0.0,0.0,671.6861522200683,0.4395,295.20606390072,0.65925,0.0,2.1975,0.0,0.0,0.0,295.20606390072,295.21元,0.0,671.6861522200683
2025-02-25T05:10:00,2025-02-25T05:20:00,2025-02-25,31,652.8151693050264,652.8151693050264,0.0,652.8151693050264,0.0,0.0,652.8151693050264,0.4333,282.864812859868,0.64995,0.0,2.1665,0.0,0.0,0.0,282.864812859868,282.86元,0.0,652.8151693050264
2025-02-25T05:20:00,2025-02-25T05:30:00,2025-02-25,32,660.9600141186461,660.9600141186461,0.0,660.9600141186461,0.0,0.0,660.9600141186461,0.4439,293.400150267267,0.66585,0.0,2.2195,0.0,0.0,0.0,293.400150267267,293.40元,0.0,660.9600141186461
2025-02-25T05:30:00,2025-02-25T05:40:00,2025-02-25,33,676.3373900546209,676.3373900546209,0.0,676.3373900546209,0.0,0.0,676.3373900546209,0.4301,290.8927114624924,0.64515,0.0,2.1505,0.0,0.0,0.0,290.8927114624924,290.89元,0.0,676.3373900546209
2025-02-25T05:40:00,2025-02-25T05:50:00,2025-02-25,34,1478.2202499356727,1478.2202499356727,0.0,1478.2202499356727,0.0,0.0,1478.2202499356727,0.3713,548.8631788011153,0.5569500000000001,0.0,1.8565,0.0,0.0,0.0,548.8631788011153,548.86元,192.25361222420452,1285.9666377114681
2025-02-25T05:50:00,2025-02-25T06:00:00,2025-02-25,35,715.2152616182973,715.2152616182973,0.0,715.2152616182973,0.0,0.0,715.2152616182973,0.5708,408.2448713317241,0.8562,0.0,2.854,0.0,0.0,0.0,408.2448713317241,408.24元,0.0,715.2152616182973
2025-02-25T06:00:00,2025-02-25T06:10:00,2025-02-25,36,141.50288922563323,141.50288922563323,2.077802441033441,143.58069166666667,2.077802441033441,0.0,143.58069166666667,0.9099,128.75347890640367,1.3648500000000001,2.8358886616444923,4.5495,0.0,748.0342731524233,340.31819257069503,471.9075601387432,471.91元,0.0,143.58069166666667
2025-02-25T06:10:00,2025-02-25T06:20:00,2025-02-25,37,148.86368737510145,148.86368737510145,11.709411666251299,160.57309904135275,11.709411666251299,0.0,160.57309904135275,0.9368,139.45550233299502,1.4052,16.454065273416326,4.684,0.0,0.0,0.0,155.90956760641134,155.91元,0.0,160.57309904135275
2025-02-25T06:20:00,2025-02-25T06:30:00,2025-02-25,38,128.3001728532464,128.3001728532464,3.808185725424778,132.1083585786712,3.808185725424778,0.0,132.1083585786712,0.8758,112.3652913848732,1.3137,5.002813587490531,4.3790000000000004,0.0,0.0,0.0,117.36810497236374,117.37元,0.0,132.1083585786712
2025-02-25T06:30:00,2025-02-25T06:40:00,2025-02-25,39,110.86686648883926,110.86686648883926,2.6519194109472437,113.51878589978651,2.6519194109472437,0.9095474435467771,114.42833334333328,0.8759,97.10828835757431,1.31385,3.484224318073036,4.3795,3.9833630290131103,0.0,0.0,104.57587570466046,104.58元,0.0,114.42833334333328
2025-02-25T06:40:00,2025-02-25T06:50:00,2025-02-25,40,237.4868702135975,89.08171365731175,0.0,89.08171365731175,-148.40515655628576,0.0,89.08171365731175,0.8601,76.61918191665383,1.29015,0.0,4.3004999999999995,0.0,0.0,0.0,76.61918191665383,76.62元,0.0,89.08171365731175
2025-02-25T06:50:00,2025-02-25T07:00:00,2025-02-25,41,752.4679379233457,748.9256894135324,0.0,748.9256894135324,-3.542248509813362,0.0,748.9256894135324,0.8442,632.243067002904,1.2663,0.0,4.221,0.0,0.0,0.0,632.243067002904,632.24元,0.0,748.9256894135324
2025-02-25T07:00:00,2025-02-25T07:10:00,2025-02-25,42,693.1633994061733,684.0558754639176,0.0,684.0558754639176,-9.107523942255739,0.0,684.0558754639176,0.8334,570.092166611629,1.2501,0.0,4.167,0.0,0.0,0.0,570.092166611629,570.09元,0.0,684.0558754639176
2025-02-25T07:10:00,2025-02-25T07:20:00,2025-02-25,43,654.7236303899501,642.2658717640793,0.0,642.2658717640793,-12.457758625870838,0.0,642.2658717640793,0.8092,519.7215434314929,1.2138,0.0,4.046,0.0,0.0,0.0,519.7215434314929,519.72元,0.0,642.2658717640793
2025-02-25T07:20:00,2025-02-25T07:30:00,2025-02-25,44,624.9696228536689,609.0580478863656,0.0,609.0580478863656,-15.911574967303295,0.0,609.0580478863656,0.7972,485.54107577501065,1.1958,0.0,3.986,0.0,0.0,0.0,485.54107577501065,485.54元,0.0,609.0580478863656
2025-02-25T07:30:00,2025-02-25T07:40:00,2025-02-25,45,564.4177755730976,564.4177755730976,0.0,564.4177755730976,0.0,0.0,564.4177755730976,0.7644,431.4409476480758,1.1465999999999998,0.0,3.822,0.0,0.0,0.0,431.4409476480758,431.44元,0.0,564.4177755730976
2025-02-25T07:40:00,2025-02-25T07:50:00,2025-02-25,46,1316.1140661882537,1293.8047256620296,0.0,1293.8047256620296,-22.309340526224105,0.0,1293.8047256620296,0.6899,892.5958802342342,1.03485,0.0,3.4494999999999996,0.0,0.0,0.0,892.5958802342342,892.60元,0.0,1293.8047256620296
2025-02-25T07:50:00,2025-02-25T08:00:00,2025-02-25,47,547.9473726729865,40.299941076039204,0.0,40.299941076039204,-507.6474315969473,0.0,40.299941076039204,0.86,34.657949325393716,1.29,0.0,4.3,0.0,0.0,0.0,34.657949325393716,34.66元,0.0,40.299941076039204
2025-02-25T08:00:00,2025-02-25T08:10:00,2025-02-25,48,0.0,0.0,0.0,0.0,0.0,0.0,0.0,1.1617,0.0,1.74255,0.0,5.8084999999999996,0.0,0.0,0.0,0.0,0.00元,0.0,0.0
2025-02-25T08:10:00,2025-02-25T08:20:00,2025-02-25,49,0.0,0.0,0.0,0.0,0.0,0.0,0.0,1.1683,0.0,1.7524499999999998,0.0,5.8415,0.0,0.0,0.0,0.0,0.00元,0.0,0.0
2025-02-25T08:20:00,2025-02-25T08:30:00,2025-02-25,50,0.0,0.0,0.0,0.0,0.0,0.0,0.0,1.0956,0.0,1.6433999999999997,0.0,5.478,0.0,0.0,0.0,0.0,0.00元,0.0,0.0
2025-02-25T08:30:00,2025-02-25T08:40:00,2025-02-25,51,0.0,0.0,0.0,0.0,0.0,0.0,0.0,1.0849,0.0,1.6273499999999999,0.0,5.4245,0.0,0.0,0.0,0.0,0.00元,0.0,0.0
2025-02-25T08:40:00,2025-02-25T08:50:00,2025-02-25,52,0.0,0.0,0.0,0.0,0.0,0.0,0.0,1.061,0.0,1.5915,0.0,5.305,0.0,0.0,0.0,0.0,0.00元,0.0,0.0
2025-02-25T08:50:00,2025-02-25T09:00:00,2025-02-25,53,0.0,0.0,0.0,0.0,0.0,0.0,0.0,1.043,0.0,1.5644999999999998,0.0,5.215,0.0,0.0,0.0,0.0,0.00元,0.0,0.0
2025-02-25T09:00:00,2025-02-25T09:10:00,2025-02-25,54,0.0,0.0,0.0,0.0,0.0,0.0,0.0,1.036,0.0,1.554,0.0,5.18,0.0,0.0,0.0,0.0,0.00元,0.0,0.0
2025-02-25T09:10:00,2025-02-25T09:20:00,2025-02-25,55,0.0,0.0,0.0,0.0,0.0,0.0,0.0,1.0147,0.0,1.52205,0.0,5.073499999999999,0.0,0.0,0.0,0.0,0.00元,0.0,0.0
2025-02-25T09:20:00,2025-02-25T09:30:00,2025-02-25,56,0.0,0.0,0.0,0.0,0.0,0.0,0.0,0.9922,0.0,1.4883,0.0,4.961,0.0,0.0,0.0,0.0,0.00元,0.0,0.0
2025-02-25T09:30:00,2025-02-25T09:40:00,2025-02-25,57,0.0,0.0,0.0,0.0,0.0,0.0,0.0,0.97,0.0,1.455,0.0,4.85,0.0,0.0,0.0,0.0,0.00元,0.0,0.0
2025-02-25T09:40:00,2025-02-25T09:50:00,2025-02-25,58,0.0,0.0,0.0,0.0,0.0,0.0,0.0,0.9422,0.0,1.4133,0.0,4.711,0.0,0.0,0.0,0.0,0.00元,0.0,0.0
2025-02-25T09:50:00,2025-02-25T10:00:00,2025-02-25,59,0.0,0.0,0.0,0.0,0.0,0.0,0.0,0.9569,0.0,1.43535,0.0,4.7844999999999995,0.0,0.0,0.0,0.0,0.00元,0.0,0.0
2025-02-25T10:00:00,2025-02-25T10:10:00,2025-02-25,60,0.0,0.0,0.0,0.0,0.0,0.0,0.0,0.9977,0.0,1.49655,0.0,4.9885,0.0,0.0,0.0,0.0,0.00元,0.0,0.0
2025-02-25T10:10:00,2025-02-25T10:20:00,2025-02-25,61,0.0,0.0,0.0,0.0,0.0,0.0,0.0,0.9919,0.0,1.48785,0.0,4.9595,0.0,0.0,0.0,0.0,0.00元,0.0,0.0
2025-02-25T10:20:00,2025-02-25T10:30:00,2025-02-25,62,0.0,0.0,0.0,0.0,0.0,0.0,0.0,0.9588,0.0,1.4382,0.0,4.794,0.0,0.0,0.0,0.0,0.00元,0.0,0.0
2025-02-25T10:30:00,2025-02-25T10:40:00,2025-02-25,63,0.0,0.0,0.0,0.0,0.0,0.0,0.0,0.9549,0.0,1.43235,0.0,4.7745,0.0,0.0,0.0,0.0,0.00元,0.0,0.0
2025-02-25T10:40:00,2025-02-25T10:50:00,2025-02-25,64,0.0,0.0,0.0,0.0,0.0,0.0,0.0,0.9839,0.0,1.4758499999999999,0.0,4.9195,0.0,0.0,0.0,0.0,0.00元,0.0,0.0
2025-02-25T10:50:00,2025-02-25T11:00:00,2025-02-25,65,0.0,0.0,0.0,0.0,0.0,0.0,0.0,0.799,0.0,1.1985000000000001,0.0,3.995,0.0,0.0,0.0,0.0,0.00元,0.0,0.0
2025-02-25T11:00:00,2025-02-25T11:10:00,2025-02-25,66,820.599339403438,816.0224871200854,0.0,816.0224871200854,-4.576852283352537,0.0,816.0224871200854,0.5025,410.05129977784287,0.7537499999999999,0.0,2.5124999999999997,0.0,0.0,0.0,410.05129977784287,410.05元,0.0,816.0224871200854
2025-02-25T11:10:00,2025-02-25T11:20:00,2025-02-25,67,791.5286271099802,786.853905183047,0.0,786.853905183047,-4.674721926933216,0.0,786.853905183047,0.4662,366.83129059633654,0.6993,0.0,2.331,0.0,0.0,0.0,366.83129059633654,366.83元,0.0,786.853905183047
2025-02-25T11:20:00,2025-02-25T11:30:00,2025-02-25,68,754.742833459357,749.9558416211186,0.0,749.9558416211186,-4.786991838238464,0.0,749.9558416211186,0.5007,375.5028898996941,0.75105,0.0,2.5035000000000003,0.0,0.0,0.0,375.5028898996941,375.50元,0.0,749.9558416211186
2025-02-25T11:30:00,2025-02-25T11:40:00,2025-02-25,69,736.3582300924769,731.4907444361821,0.0,731.4907444361821,-4.867485656294775,0.0,731.4907444361821,0.4827,353.09058233934513,0.7240500000000001,0.0,2.4135,0.0,0.0,0.0,353.09058233934513,353.09元,0.0,731.4907444361821
2025-02-25T11:40:00,2025-02-25T11:50:00,2025-02-25,70,754.7588993786504,749.8959457348896,0.0,749.8959457348896,-4.862953643760875,0.0,749.8959457348896,0.4785,358.8252100341446,0.71775,0.0,2.3925,0.0,0.0,0.0,358.8252100341446,358.83元,0.0,749.8959457348896
2025-02-25T11:50:00,2025-02-25T12:00:00,2025-02-25,71,735.2285296815725,730.3911824434189,0.0,730.3911824434189,-4.837347238153598,0.0,730.3911824434189,0.4662,340.50836925512186,0.6993,0.0,2.331,0.0,0.0,0.0,340.50836925512186,340.51元,0.0,730.3911824434189
2025-02-25T12:00:00,2025-02-25T12:10:00,2025-02-25,72,669.4198587984691,635.8423663560023,0.0,635.8423663560023,-33.57749244246679,0.0,635.8423663560023,0.4432,281.8053367689802,0.6648,0.0,2.2159999999999997,0.0,428.3107893327109,94.91367091612874,376.719007685109,376.72元,0.0,635.8423663560023
2025-02-25T12:10:00,2025-02-25T12:20:00,2025-02-25,73,671.1412055272666,637.6622640885154,0.0,637.6622640885154,-33.478941438751235,0.0,637.6622640885154,0.4411,281.2728246894441,0.66165,0.0,2.2055,0.0,0.0,0.0,281.2728246894441,281.27元,0.0,637.6622640885154
2025-02-25T12:20:00,2025-02-25T12:30:00,2025-02-25,74,686.5089656105991,653.1046367935543,0.0,653.1046367935543,-33.40432881704487,0.0,653.1046367935543,0.4551,297.22792020474657,0.68265,0.0,2.2755,0.0,0.0,0.0,297.22792020474657,297.23元,0.0,653.1046367935543
2025-02-25T12:30:00,2025-02-25T12:40:00,2025-02-25,75,684.1002138184286,650.8304475326555,0.0,650.8304475326555,-33.26976628577313,0.0,650.8304475326555,0.4463,290.46562873382413,0.66945,0.0,2.2315,0.0,0.0,0.0,290.46562873382413,290.47元,0.0,650.8304475326555
2025-02-25T12:40:00,2025-02-25T12:50:00,2025-02-25,76,679.9909078258291,647.1213214755315,0.0,647.1213214755315,-32.869586350297595,0.0,647.1213214755315,0.4113,266.16099952288613,0.61695,0.0,2.0564999999999998,0.0,0.0,0.0,266.16099952288613,266.16元,0.0,647.1213214755315
2025-02-25T12:50:00,2025-02-25T13:00:00,2025-02-25,77,574.040689601662,574.040689601662,0.0,574.040689601662,0.0,0.0,574.040689601662,0.5682,326.1699198316644,0.8523000000000001,0.0,2.841,0.0,0.0,0.0,326.1699198316644,326.17元,0.0,574.040689601662
2025-02-25T13:00:00,2025-02-25T13:10:00,2025-02-25,78,0.0,0.0,0.0,0.0,0.0,0.0,0.0,0.8279,0.0,1.24185,0.0,4.1395,0.0,0.0,0.0,0.0,0.00元,0.0,0.0
2025-02-25T13:10:00,2025-02-25T13:20:00,2025-02-25,79,0.0,0.0,0.0,0.0,0.0,0.0,0.0,0.8636,0.0,1.2954,0.0,4.3180000000000005,0.0,0.0,0.0,0.0,0.00元,0.0,0.0
2025-02-25T13:20:00,2025-02-25T13:30:00,2025-02-25,80,0.0,0.0,0.0,0.0,0.0,0.0,0.0,0.8416,0.0,1.2624,0.0,4.208,0.0,0.0,0.0,0.0,0.00元,0.0,0.0
2025-02-25T13:30:00,2025-02-25T13:40:00,2025-02-25,81,0.0,0.0,0.0,0.0,0.0,0.0,0.0,0.8618,0.0,1.2927,0.0,4.309,0.0,0.0,0.0,0.0,0.00元,0.0,0.0
2025-02-25T13:40:00,2025-02-25T13:50:00,2025-02-25,82,0.0,0.0,0.0,0.0,0.0,0.0,0.0,0.8623,0.0,1.29345,0.0,4.3115,0.0,0.0,0.0,0.0,0.00元,0.0,0.0
2025-02-25T13:50:00,2025-02-25T14:00:00,2025-02-25,83,0.0,0.0,0.0,0.0,0.0,0.0,0.0,0.9026,0.0,1.3538999999999999,0.0,4.513,0.0,0.0,0.0,0.0,0.00元,0.0,0.0
2025-02-25T14:00:00,2025-02-25T14:10:00,2025-02-25,84,0.0,0.0,0.0,0.0,0.0,0.0,0.0,0.9754,0.0,1.4631,0.0,4.877000000000001,0.0,0.0,0.0,0.0,0.00元,0.0,0.0
2025-02-25T14:10:00,2025-02-25T14:20:00,2025-02-25,85,0.0,0.0,0.0,0.0,0.0,0.0,0.0,1.0002,0.0,1.5003,0.0,5.0009999999999994,0.0,0.0,0.0,0.0,0.00元,0.0,0.0
2025-02-25T14:20:00,2025-02-25T14:30:00,2025-02-25,86,0.0,0.0,0.0,0.0,0.0,0.0,0.0,0.9978,0.0,1.4967000000000001,0.0,4.989,0.0,0.0,0.0,0.0,0.00元,0.0,0.0
2025-02-25T14:30:00,2025-02-25T14:40:00,2025-02-25,87,0.0,0.0,0.0,0.0,0.0,0.0,0.0,1.0271,0.0,1.5406499999999999,0.0,5.1354999999999995,0.0,0.0,0.0,0.0,0.00元,0.0,0.0
2025-02-25T14:40:00,2025-02-25T14:50:00,2025-02-25,88,0.0,0.0,0.0,0.0,0.0,0.0,0.0,1.0906,0.0,1.6359,0.0,5.453,0.0,0.0,0.0,0.0,0.00元,0.0,0.0
2025-02-25T14:50:00,2025-02-25T15:00:00,2025-02-25,89,0.0,0.0,0.0,0.0,0.0,0.0,0.0,0.9376,0.0,1.4064,0.0,4.688,0.0,0.0,0.0,0.0,0.00元,0.0,0.0
2025-02-25T15:00:00,2025-02-25T15:10:00,2025-02-25,90,473.9056783134268,332.5108517045312,0.0,332.5108517045312,-141.39482660889558,0.0,332.5108517045312,0.6694,222.5827641310132,1.0041,0.0,3.347,0.0,0.0,0.0,222.5827641310132,222.58元,0.0,332.5108517045312
2025-02-25T15:10:00,2025-02-25T15:20:00,2025-02-25,91,1163.6499262070097,1153.5029610603688,0.0,1153.5029610603688,-10.146965146640923,0.0,1153.5029610603688,0.66,761.3119542998434,0.99,0.0,3.3000000000000003,0.0,0.0,0.0,761.3119542998434,761.31元,0.0,1153.5029610603688
2025-02-25T15:20:00,2025-02-25T15:30:00,2025-02-25,92,352.50894321101396,343.01161197709007,0.0,343.01161197709007,-9.497331233923887,0.0,343.01161197709007,0.7217,247.5514803638659,1.08255,0.0,3.6085000000000003,0.0,0.0,0.0,247.5514803638659,247.55元,0.0,343.01161197709007
2025-02-25T15:30:00,2025-02-25T15:40:00,2025-02-25,93,399.1723717230328,390.44227340579164,0.0,390.44227340579164,-8.730098317241186,0.0,390.44227340579164,0.7308,285.3352134049525,1.0962,0.0,3.654,0.0,0.0,0.0,285.3352134049525,285.34元,0.0,390.44227340579164
2025-02-25T15:40:00,2025-02-25T15:50:00,2025-02-25,94,450.10237165814067,442.1980319670238,0.0,442.1980319670238,-7.904339691116888,0.0,442.1980319670238,0.7534,333.1519972839557,1.1300999999999999,0.0,3.767,0.0,0.0,0.0,333.1519972839557,333.15元,0.0,442.1980319670238
2025-02-25T15:50:00,2025-02-25T16:00:00,2025-02-25,95,501.2158088655086,494.16606797205714,0.0,494.16606797205714,-7.049740893451485,0.0,494.16606797205714,0.7823,386.5861149745403,1.1734499999999999,0.0,3.9115,0.0,0.0,0.0,386.5861149745403,386.59元,0.0,494.16606797205714
2025-02-25T16:00:00,2025-02-25T16:10:00,2025-02-25,96,552.5377001974796,552.5377001974796,2.3323295375128055,554.8700297349924,2.3323295375128055,0.0,554.8700297349924,0.8055,445.0691175090698,1.20825,2.8180371636998474,4.0275,0.0,0.0,0.0,447.88715467276967,447.89元,0.0,554.8700297349924
2025-02-25T16:10:00,2025-02-25T16:20:00,2025-02-25,97,603.3389684554081,603.3389684554081,2.268434150295434,605.6074026057036,2.268434150295434,0.0,605.6074026057036,0.8271,499.021660809468,1.24065,2.81433282856403,4.1354999999999995,0.0,0.0,0.0,501.83599363803205,501.84元,0.0,605.6074026057036
2025-02-25T16:20:00,2025-02-25T16:30:00,2025-02-25,98,659.551846860382,659.551846860382,2.2062892106212075,661.7581360710033,2.2062892106212075,0.0,661.7581360710033,0.8519,561.8722183403595,1.27785,2.81930666779231,4.2595,0.0,0.0,0.0,564.6915250081518,564.69元,0.0,661.7581360710033
2025-02-25T16:30:00,2025-02-25T16:40:00,2025-02-25,99,721.3231995797134,721.3231995797134,2.1458467640636627,723.4690463437771,2.1458467640636627,0.0,723.4690463437771,0.8791,634.1152247505261,1.3186499999999999,2.8296208354325487,4.3955,0.0,0.0,0.0,636.9448455859587,636.94元,0.0,723.4690463437771
2025-02-25T16:40:00,2025-02-25T16:50:00,2025-02-25,100,782.3790489004009,782.3790489004009,2.0870601699339204,784.4661090703348,2.0870601699339204,0.0,784.4661090703348,0.9024,706.0188537277218,1.3536,2.8250446460225547,4.512,0.0,0.0,0.0,708.8438983737443,708.84元,0.0,784.4661090703348
2025-02-25T16:50:00,2025-02-25T17:00:00,2025-02-25,101,837.5511846364872,837.5511846364872,2.0298840652887975,839.581068701776,2.0298840652887975,0.0,839.581068701776,0.9163,767.4481504824132,1.37445,2.7899741535361877,4.5815,0.0,0.0,0.0,770.2381246359494,770.24元,0.0,839.581068701776
2025-02-25T17:00:00,2025-02-25T17:10:00,2025-02-25,102,882.6425777030036,882.6425777030036,1.9742743299270842,884.6168520329306,1.9742743299270842,0.0,884.6168520329306,0.9264,817.6800839840625,1.3896,2.743451608866676,4.632,0.0,0.0,0.0,820.4235355929292,820.42元,0.0,884.6168520329306
2025-02-25T17:10:00,2025-02-25T17:20:00,2025-02-25,103,918.6481054755682,918.6481054755682,1.9201880523429509,920.5682935279111,1.9201880523429509,0.0,920.5682935279111,0.9462,869.2248374009827,1.4193,2.7253229026903503,4.731,0.0,0.0,0.0,871.9501603036731,871.95元,0.0,920.5682935279111
2025-02-25T17:20:00,2025-02-25T17:30:00,2025-02-25,104,963.9410653641959,963.9410653641959,1.1985486967754468,965.1396140609713,1.1985486967754468,0.0,965.1396140609713,0.9742,939.0713858777996,1.4613,1.7514392105979604,4.8709999999999996,0.0,0.0,0.0,940.8228250883976,940.82元,0.0,965.1396140609713
2025-02-25T17:30:00,2025-02-25T17:40:00,2025-02-25,105,1020.6594561251433,1020.6594561251433,0.0,1020.6594561251433,0.0,0.0,1020.6594561251433,0.9862,1006.5743556306162,1.4792999999999998,0.0,4.931,0.0,0.0,0.0,1006.5743556306162,1006.57元,0.0,1020.6594561251433
2025-02-25T17:40:00,2025-02-25T17:50:00,2025-02-25,106,1045.3275010774491,1045.3275010774491,0.0,1045.3275010774491,0.0,0.0,1045.3275010774491,0.976,1020.2396410515903,1.464,0.0,4.88,0.0,0.0,0.0,1020.2396410515903,1020.24元,0.0,1045.3275010774491
2025-02-25T17:50:00,2025-02-25T18:00:00,2025-02-25,107,915.6480146527472,915.6480146527472,0.0,915.6480146527472,0.0,0.0,915.6480146527472,1.0742,983.5890973399811,1.6113,0.0,5.371,0.0,0.0,0.0,983.5890973399811,983.59元,0.0,915.6480146527472
2025-02-25T18:00:00,2025-02-25T18:10:00,2025-02-25,108,719.2392471593038,719.2392471593038,0.0,719.2392471593038,0.0,0.0,719.2392471593038,1.2313,885.5992850272507,1.84695,0.0,6.1565,0.0,77.21183018470947,47.535463253216385,933.1347482804671,933.13元,0.0,719.2392471593038
2025-02-25T18:10:00,2025-02-25T18:20:00,2025-02-25,109,694.5977702716334,694.5977702716334,0.0,694.5977702716334,0.0,0.0,694.5977702716334,1.2561,872.4842592381988,1.88415,0.0,6.2805,0.0,0.0,0.0,872.4842592381988,872.48元,0.0,694.5977702716334
2025-02-25T18:20:00,2025-02-25T18:30:00,2025-02-25,110,714.9006602134959,714.9006602134959,0.0,714.9006602134959,0.0,0.0,714.9006602134959,1.2447,889.8368517677384,1.8670499999999999,0.0,6.2235,0.0,0.0,0.0,889.8368517677384,889.84元,0.0,714.9006602134959
2025-02-25T18:30:00,2025-02-25T18:40:00,2025-02-25,111,709.5519520418729,709.5519520418729,0.0,709.5519520418729,0.0,0.0,709.5519520418729,1.2545,890.1329238365296,1.8817499999999998,0.0,6.2725,0.0,0.0,0.0,890.1329238365296,890.13元,0.0,709.5519520418729
2025-02-25T18:40:00,2025-02-25T18:50:00,2025-02-25,112,731.3098978277466,731.3098978277466,0.0,731.3098978277466,0.0,0.0,731.3098978277466,1.2522,915.7462540599042,1.8782999999999999,0.0,6.261,0.0,0.0,0.0,915.7462540599042,915.75元,0.0,731.3098978277466
2025-02-25T18:50:00,2025-02-25T19:00:00,2025-02-25,113,84.20600539873192,84.20600539873192,91.3356882811911,175.54169367992301,91.3356882811911,0.0,175.54169367992301,1.2881,108.46575555410658,1.93215,176.47425011250337,6.4405,0.0,0.0,0.0,284.94000566661,284.94元,0.0,175.54169367992301
2025-02-25T19:00:00,2025-02-25T19:10:00,2025-02-25,114,0.0,0.0,0.0,0.0,0.0,12.010000009999992,12.010000009999992,1.3466,0.0,2.0199,0.0,6.7330000000000005,80.86333006732994,0.0,0.0,80.86333006732994,80.86元,0.0,12.010000009999992
2025-02-25T19:10:00,2025-02-25T19:20:00,2025-02-25,115,7.3136115776588895,7.3136115776588895,2.160536167771056,9.474147745429946,2.160536167771056,0.0,9.474147745429946,1.3523,9.890196936468117,2.0284500000000003,4.382539589515199,6.7615,0.0,0.0,0.0,14.272736525983316,14.27元,0.0,9.474147745429946
2025-02-25T19:20:00,2025-02-25T19:30:00,2025-02-25,116,22.282527345256767,22.282527345256767,4.271139255404478,26.553666600661245,4.271139255404478,0.0,26.553666600661245,1.3445,29.958858015697725,2.01675,8.613820093336981,6.7225,0.0,0.0,0.0,38.572678109034705,38.57元,0.0,26.553666600661245
2025-02-25T19:30:00,2025-02-25T19:40:00,2025-02-25,117,0.0,0.0,7.394702237516185,7.394702237516185,7.394702237516185,0.0,7.394702237516185,1.3483,0.0,2.02245,14.955415540264609,6.7415,0.0,0.0,0.0,14.955415540264609,14.96元,0.0,7.394702237516185
2025-02-25T19:40:00,2025-02-25T19:50:00,2025-02-25,118,0.0,0.0,0.5271264486270866,0.5271264486270866,0.5271264486270866,0.0,0.5271264486270866,1.349,0.0,2.0235,1.0666403687969097,6.745,0.0,0.0,0.0,1.0666403687969097,1.07元,0.0,0.5271264486270866
2025-02-25T19:50:00,2025-02-25T20:00:00,2025-02-25,119,14.526955072936858,14.526955072936858,4.693766406500117,19.220721479436975,4.693766406500117,0.0,19.220721479436975,1.3473,19.572166569767827,2.02095,9.485867219216411,6.7364999999999995,0.0,0.0,0.0,29.05803378898424,29.06元,0.0,19.220721479436975
2025-02-25T20:00:00,2025-02-25T20:10:00,2025-02-25,120,26.01878570580641,26.01878570580641,0.0,26.01878570580641,0.0,0.0,26.01878570580641,1.3482,35.0785268885682,2.0223,0.0,6.7410000000000005,0.0,0.0,0.0,35.0785268885682,35.08元,0.0,26.01878570580641
2025-02-25T20:10:00,2025-02-25T20:20:00,2025-02-25,121,3.665348693263013,3.665348693263013,0.0,3.665348693263013,0.0,0.0,3.665348693263013,1.3513,4.95298568920631,2.02695,0.0,6.7565,0.0,0.0,0.0,4.95298568920631,4.95元,0.0,3.665348693263013
2025-02-25T20:20:00,2025-02-25T20:30:00,2025-02-25,122,2.2620631559941557,2.2620631559941557,3.292332815549912,5.554395971544068,3.292332815549912,0.0,5.554395971544068,1.34,3.031164629032169,2.0100000000000002,6.617588959255324,6.7,0.0,0.0,0.0,9.648753588287493,9.65元,0.0,5.554395971544068
2025-02-25T20:30:00,2025-02-25T20:40:00,2025-02-25,123,8.35447042587657,8.35447042587657,0.4365992165115813,8.791069642388152,0.4365992165115813,0.0,8.791069642388152,1.3489,11.269345157464906,2.0233499999999998,0.883393024728708,6.7445,0.0,0.0,0.0,12.152738182193614,12.15元,0.0,8.791069642388152
2025-02-25T20:40:00,2025-02-25T20:50:00,2025-02-25,124,21.838273392424526,21.838273392424526,2.8201839543817186,24.658457346806244,2.8201839543817186,0.0,24.658457346806244,1.3952,30.468759037110697,2.0928,5.90208097973006,6.976,0.0,0.0,0.0,36.37084001684076,36.37元,0.0,24.658457346806244
2025-02-25T20:50:00,2025-02-25T21:00:00,2025-02-25,125,716.4290865668894,694.7365905596833,0.0,694.7365905596833,-21.692496007206046,0.0,694.7365905596833,1.2226,849.3849556182688,1.8338999999999999,0.0,6.1129999999999995,0.0,0.0,0.0,849.3849556182688,849.38元,0.0,694.7365905596833
2025-02-25T21:00:00,2025-02-25T21:10:00,2025-02-25,126,710.5911790876451,710.5911790876451,0.0,710.5911790876451,0.0,0.0,710.5911790876451,0.9332,663.1236883245904,1.3998,0.0,4.666,0.0,0.0,0.0,663.1236883245904,663.12元,0.0,710.5911790876451
2025-02-25T21:10:00,2025-02-25T21:20:00,2025-02-25,127,722.2368552872032,722.2368552872032,0.0,722.2368552872032,0.0,0.0,722.2368552872032,0.9068,654.9243803744358,1.3602,0.0,4.534000000000001,0.0,0.0,0.0,654.9243803744358,654.92元,0.0,722.2368552872032
2025-02-25T21:20:00,2025-02-25T21:30:00,2025-02-25,128,719.9196817085121,719.9196817085121,0.0,719.9196817085121,0.0,12.455995690352387,732.3756773988646,0.9371,674.6367337290468,1.40565,0.0,4.6855,58.362567807146114,0.0,0.0,732.9993015361929,733.00元,0.0,732.3756773988646
2025-02-25T21:30:00,2025-02-25T21:40:00,2025-02-25,129,716.914098185584,716.914098185584,0.0,716.914098185584,0.0,16.23256846873706,733.146666654321,0.9371,671.8202014097108,1.40565,0.0,4.6855,76.0576995602675,0.0,0.0,747.8779009699782,747.88元,0.0,733.146666654321
2025-02-25T21:40:00,2025-02-25T21:50:00,2025-02-25,130,683.6759702808106,683.6759702808106,0.0,683.6759702808106,0.0,57.838429706843804,741.5143999876544,0.9871,674.8565502641882,1.48065,0.0,4.9355,285.4615698181276,0.0,0.0,960.3181200823158,960.32元,0.0,741.5143999876544
2025-02-25T21:50:00,2025-02-25T22:00:00,2025-02-25,131,681.541163638008,651.7701986087554,0.0,651.7701986087554,-29.77096502925258,13.021018057911192,664.7912166666666,0.7764,506.0343821998377,1.1646,0.0,3.8819999999999997,50.547592100811244,0.0,0.0,556.581974300649,556.58元,0.0,664.7912166666666
2025-02-25T22:00:00,2025-02-25T22:10:00,2025-02-25,132,1359.5908006815475,1354.2180802422772,0.0,1354.2180802422772,-5.372720439270324,0.0,1354.2180802422772,0.4209,569.9903899739745,0.63135,0.0,2.1045,0.0,0.0,0.0,569.9903899739745,569.99元,0.0,1354.2180802422772
2025-02-25T22:10:00,2025-02-25T22:20:00,2025-02-25,133,1372.8798407495983,1367.6543087960695,0.0,1367.6543087960695,-5.225531953528844,0.0,1367.6543087960695,0.3859,527.7777977644032,0.5788500000000001,0.0,1.9295,0.0,0.0,0.0,527.7777977644032,527.78元,0.0,1367.6543087960695
2025-02-25T22:20:00,2025-02-25T22:30:00,2025-02-25,134,559.0442769488625,559.0442769488625,0.0,559.0442769488625,0.0,0.0,559.0442769488625,0.4368,244.19054017126314,0.6552,0.0,2.184,0.0,0.0,0.0,244.19054017126314,244.19元,0.0,559.0442769488625
2025-02-25T22:30:00,2025-02-25T22:40:00,2025-02-25,135,1359.6648238829703,1354.7216824514549,0.0,1354.7216824514549,-4.943141431515414,0.0,1354.7216824514549,0.4198,568.7121622931207,0.6297,0.0,2.099,0.0,0.0,0.0,568.7121622931207,568.71元,2.2866824614547943,1352.43499999
2025-02-25T22:40:00,2025-02-25T22:50:00,2025-02-25,136,1359.3087186207517,1354.5009971334405,0.0,1354.5009971334405,-4.807721487311255,0.0,1354.5009971334405,0.4186,566.9941174000583,0.6279,0.0,2.093,0.0,0.0,0.0,566.9941174000583,566.99元,0.0,1354.5009971334405
2025-02-25T22:50:00,2025-02-25T23:00:00,2025-02-25,137,1381.8589040305233,1377.182892587236,0.0,1377.182892587236,-4.67601144328728,0.0,1377.182892587236,0.4241,584.0632647462468,0.63615,0.0,2.1205,0.0,0.0,0.0,584.0632647462468,584.06元,0.0,1377.182892587236
2025-02-25T23:00:00,2025-02-25T23:10:00,2025-02-25,138,1396.2166187810149,1391.6687091162262,0.0,1391.6687091162262,-4.547909664788676,0.0,1391.6687091162262,0.4237,589.650032052545,0.6355500000000001,0.0,2.1185,0.0,0.0,0.0,589.650032052545,589.65元,34.83370912622615,1356.8349999900001
2025-02-25T23:10:00,2025-02-25T23:20:00,2025-02-25,139,1050.9406306638523,1050.9406306638523,0.0,1050.9406306638523,0.0,0.0,1050.9406306638523,0.4248,446.43957990600444,0.6372,0.0,2.124,0.0,0.0,0.0,446.43957990600444,446.44元,0.0,1050.9406306638523
2025-02-25T23:20:00,2025-02-25T23:30:00,2025-02-25,140,1390.0447508198638,1385.7426126087244,0.0,1385.7426126087244,-4.302138211139436,0.0,1385.7426126087244,0.424,587.5548677460991,0.636,0.0,2.12,0.0,0.0,0.0,587.5548677460991,587.55元,0.0,1385.7426126087244
2025-02-25T23:30:00,2025-02-25T23:40:00,2025-02-25,141,1404.0844669557425,1399.900188070415,0.0,1399.900188070415,-4.184278885327558,0.0,1399.900188070415,0.422,590.7578793657151,0.633,0.0,2.11,0.0,0.0,0.0,590.7578793657151,590.76元,0.0,1399.900188070415
2025-02-25T23:40:00,2025-02-25T23:50:00,2025-02-25,142,1397.0080401290656,1392.938391751693,0.0,1392.938391751693,-4.069648377372687,0.0,1392.938391751693,0.424,590.6058781027178,0.636,0.0,2.12,0.0,0.0,0.0,590.6058781027178,590.61元,0.0,1392.938391751693
2025-02-25T23:50:00,2025-02-26T00:00:00,2025-02-25,143,550.3411996903418,550.3411996903418,0.0,550.3411996903418,0.0,0.0,550.3411996903418,0.4271,235.05072638774496,0.6406499999999999,0.0,2.1355,0.0,0.0,0.0,235.05072638774496,235.05元,0.0,550.3411996903418
2025-02-26T00:00:00,2025-02-26T00:10:00,2025-02-25,144,568.2764999999999,568.2764999999999,0.0,568.2764999999999,0.0,0.0,568.2764999999999,0.4276,242.99503139999996,0.6414,0.0,2.138,0.0,0.0,0.0,242.99503139999996,243.00元,0.0,568.2764999999999
2025-02-26T00:10:00,2025-02-26T00:20:00,2025-02-26,1,1409.2284397295343,1409.2284397295343,0.0,1409.2284397295343,0.0,0.0,1409.2284397295343,0.4248,598.6402411971062,0.6372,0.0,2.124,0.0,0.0,0.0,598.6402411971062,598.64元,13.65333973953431,1395.5750999900001
2025-02-26T00:20:00,2025-02-26T00:30:00,2025-02-26,2,1415.3425415045085,1415.3425415045085,0.0,1415.3425415045085,0.0,0.0,1415.3425415045085,0.4245,600.8129088686638,0.6367499999999999,0.0,2.1225,0.0,0.0,0.0,600.8129088686638,600.81元,7.179908181175157,1408.1626333233335
2025-02-26T00:30:00,2025-02-26T00:40:00,2025-02-26,3,935.4076960135801,935.4076960135801,0.0,935.4076960135801,0.0,0.0,935.4076960135801,0.4269,399.32554542819736,0.64035,0.0,2.1345,0.0,0.0,0.0,399.32554542819736,399.33元,0.0,935.4076960135801
2025-02-26T00:40:00,2025-02-26T00:50:00,2025-02-26,4,575.0994739307201,575.0994739307201,0.0,575.0994739307201,0.0,0.0,575.0994739307201,0.4272,245.68249526320366,0.6408,0.0,2.136,0.0,0.0,0.0,245.68249526320366,245.68元,0.0,575.0994739307201
2025-02-26T00:50:00,2025-02-26T01:00:00,2025-02-26,5,594.6007198792,594.6007198792,0.0,594.6007198792,0.0,0.0,594.6007198792,0.4271,253.95396746040632,0.6406499999999999,0.0,2.1355,0.0,0.0,0.0,253.95396746040632,253.95元,0.0,594.6007198792
2025-02-26T01:00:00,2025-02-26T01:10:00,2025-02-26,6,624.25787365235,624.25787365235,0.0,624.25787365235,0.0,0.0,624.25787365235,0.4285,267.49449886003197,0.6427499999999999,0.0,2.1425,0.0,0.0,0.0,267.49449886003197,267.49元,0.0,624.25787365235
2025-02-26T01:10:00,2025-02-26T01:20:00,2025-02-26,7,627.2666700768233,627.2666700768233,0.0,627.2666700768233,0.0,0.0,627.2666700768233,0.4311,270.4146614701185,0.64665,0.0,2.1555,0.0,0.0,0.0,270.4146614701185,270.41元,0.0,627.2666700768233
2025-02-26T01:20:00,2025-02-26T01:30:00,2025-02-26,8,626.9323630046559,626.9323630046559,0.0,626.9323630046559,0.0,0.0,626.9323630046559,0.4302,269.706302564603,0.6453,0.0,2.1510000000000002,0.0,0.0,0.0,269.706302564603,269.71元,0.0,626.9323630046559
2025-02-26T01:30:00,2025-02-26T01:40:00,2025-02-26,9,627.3727248153396,627.3727248153396,0.0,627.3727248153396,0.0,0.0,627.3727248153396,0.4279,268.45278894848377,0.64185,0.0,2.1395,0.0,0.0,0.0,268.45278894848377,268.45元,0.0,627.3727248153396
2025-02-26T01:40:00,2025-02-26T01:50:00,2025-02-26,10,611.8981338385148,611.8981338385148,0.0,611.8981338385148,0.0,0.0,611.8981338385148,0.4312,263.8504753111676,0.6468,0.0,2.156,0.0,0.0,0.0,263.8504753111676,263.85元,0.0,611.8981338385148
2025-02-26T01:50:00,2025-02-26T02:00:00,2025-02-26,11,620.1191674101491,620.1191674101491,0.0,620.1191674101491,0.0,0.0,620.1191674101491,0.4333,268.6976352388176,0.64995,0.0,2.1665,0.0,0.0,0.0,268.6976352388176,268.70元,0.0,620.1191674101491
2025-02-26T02:00:00,2025-02-26T02:10:00,2025-02-26,12,644.0849807696399,644.0849807696399,0.0,644.0849807696399,0.0,0.0,644.0849807696399,0.4311,277.6650352097917,0.64665,0.0,2.1555,0.0,0.0,0.0,277.6650352097917,277.67元,0.0,644.0849807696399
2025-02-26T02:10:00,2025-02-26T02:20:00,2025-02-26,13,635.9572467976373,635.9572467976373,0.0,635.9572467976373,0.0,0.0,635.9572467976373,0.4293,273.0164460502257,0.64395,0.0,2.1465,0.0,0.0,0.0,273.0164460502257,273.02元,0.0,635.9572467976373
2025-02-26T02:20:00,2025-02-26T02:30:00,2025-02-26,14,634.1412565943826,634.1412565943826,0.0,634.1412565943826,0.0,0.0,634.1412565943826,0.4324,274.20267935141106,0.6486000000000001,0.0,2.162,0.0,0.0,0.0,274.20267935141106,274.20元,0.0,634.1412565943826
2025-02-26T02:30:00,2025-02-26T02:40:00,2025-02-26,15,646.6091275650315,646.6091275650315,0.0,646.6091275650315,0.0,0.0,646.6091275650315,0.4367,282.3742060076492,0.6550499999999999,0.0,2.1835,0.0,0.0,0.0,282.3742060076492,282.37元,0.0,646.6091275650315
2025-02-26T02:40:00,2025-02-26T02:50:00,2025-02-26,16,644.5161173451049,644.5161173451049,0.0,644.5161173451049,0.0,0.0,644.5161173451049,0.4348,280.2356078216516,0.6522,0.0,2.174,0.0,0.0,0.0,280.2356078216516,280.24元,0.0,644.5161173451049
2025-02-26T02:50:00,2025-02-26T03:00:00,2025-02-26,17,659.61168273255,659.61168273255,0.0,659.61168273255,0.0,0.0,659.61168273255,0.4335,285.9416644645604,0.65025,0.0,2.1675,0.0,0.0,0.0,285.9416644645604,285.94元,0.0,659.61168273255
2025-02-26T03:00:00,2025-02-26T03:10:00,2025-02-26,18,674.7343852928925,674.7343852928925,0.0,674.7343852928925,0.0,0.0,674.7343852928925,0.4357,293.98177167211327,0.65355,0.0,2.1784999999999997,0.0,0.0,0.0,293.98177167211327,293.98元,0.0,674.7343852928925
2025-02-26T03:10:00,2025-02-26T03:20:00,2025-02-26,19,641.4036469706424,641.4036469706424,0.0,641.4036469706424,0.0,0.0,641.4036469706424,0.4374,280.549955184959,0.6561,0.0,2.1870000000000003,0.0,0.0,0.0,280.549955184959,280.55元,0.0,641.4036469706424
2025-02-26T03:20:00,2025-02-26T03:30:00,2025-02-26,20,639.5606790401102,639.5606790401102,0.0,639.5606790401102,0.0,0.0,639.5606790401102,0.4371,279.5519728084322,0.65565,0.0,2.1854999999999998,0.0,0.0,0.0,279.5519728084322,279.55元,0.0,639.5606790401102
2025-02-26T03:30:00,2025-02-26T03:40:00,2025-02-26,21,671.5197327288065,671.5197327288065,0.0,671.5197327288065,0.0,0.0,671.5197327288065,0.4356,292.5139955766681,0.6534,0.0,2.178,0.0,0.0,0.0,292.5139955766681,292.51元,0.0,671.5197327288065
2025-02-26T03:40:00,2025-02-26T03:50:00,2025-02-26,22,658.673629013256,658.673629013256,0.0,658.673629013256,0.0,0.0,658.673629013256,0.4353,286.72063070947036,0.65295,0.0,2.1765,0.0,0.0,0.0,286.72063070947036,286.72元,0.0,658.673629013256
2025-02-26T03:50:00,2025-02-26T04:00:00,2025-02-26,23,639.1040559204081,639.1040559204081,0.0,639.1040559204081,0.0,0.0,639.1040559204081,0.436,278.6493683812979,0.654,0.0,2.18,0.0,0.0,0.0,278.6493683812979,278.65元,0.0,639.1040559204081
2025-02-26T04:00:00,2025-02-26T04:10:00,2025-02-26,24,649.5108533344867,649.5108533344867,0.0,649.5108533344867,0.0,0.0,649.5108533344867,0.4378,284.35585158983827,0.6567000000000001,0.0,2.189,0.0,0.0,0.0,284.35585158983827,284.36元,0.0,649.5108533344867
2025-02-26T04:10:00,2025-02-26T04:20:00,2025-02-26,25,680.993312809131,680.993312809131,0.0,680.993312809131,0.0,0.0,680.993312809131,0.4401,299.70515696729854,0.66015,0.0,2.2005,0.0,0.0,0.0,299.70515696729854,299.71元,0.0,680.993312809131
2025-02-26T04:20:00,2025-02-26T04:30:00,2025-02-26,26,673.3728882180169,673.3728882180169,0.0,673.3728882180169,0.0,0.0,673.3728882180169,0.4389,295.54336063888763,0.65835,0.0,2.1945,0.0,0.0,0.0,295.54336063888763,295.54元,0.0,673.3728882180169
2025-02-26T04:30:00,2025-02-26T04:40:00,2025-02-26,27,646.2075022438175,646.2075022438175,0.0,646.2075022438175,0.0,0.0,646.2075022438175,0.4364,282.00495397920196,0.6546000000000001,0.0,2.182,0.0,0.0,0.0,282.00495397920196,282.00元,0.0,646.2075022438175
2025-02-26T04:40:00,2025-02-26T04:50:00,2025-02-26,28,676.8588469841436,676.8588469841436,0.0,676.8588469841436,0.0,0.0,676.8588469841436,0.4393,297.3440914801343,0.65895,0.0,2.1965000000000003,0.0,0.0,0.0,297.3440914801343,297.34元,0.0,676.8588469841436
2025-02-26T04:50:00,2025-02-26T05:00:00,2025-02-26,29,707.5119956861475,707.5119956861475,0.0,707.5119956861475,0.0,0.0,707.5119956861475,0.4422,312.8618044924144,0.6633,0.0,2.211,0.0,0.0,0.0,312.8618044924144,312.86元,0.0,707.5119956861475
2025-02-26T05:00:00,2025-02-26T05:10:00,2025-02-26,30,700.9434605544714,700.9434605544714,0.0,700.9434605544714,0.0,0.0,700.9434605544714,0.4395,308.0646509136902,0.65925,0.0,2.1975,0.0,0.0,0.0,308.0646509136902,308.06元,0.0,700.9434605544714
2025-02-26T05:10:00,2025-02-26T05:20:00,2025-02-26,31,679.6586215342181,679.6586215342181,0.0,679.6586215342181,0.0,0.0,679.6586215342181,0.4333,294.4960807107767,0.64995,0.0,2.1665,0.0,0.0,0.0,294.4960807107767,294.50元,0.0,679.6586215342181
2025-02-26T05:20:00,2025-02-26T05:30:00,2025-02-26,32,680.5943637998056,680.5943637998056,0.0,680.5943637998056,0.0,0.0,680.5943637998056,0.4439,302.1158380907337,0.66585,0.0,2.2195,0.0,0.0,0.0,302.1158380907337,302.12元,0.0,680.5943637998056
2025-02-26T05:30:00,2025-02-26T05:40:00,2025-02-26,33,677.649576607498,677.649576607498,0.0,677.649576607498,0.0,0.0,677.649576607498,0.4301,291.4570828988849,0.64515,0.0,2.1505,0.0,0.0,0.0,291.4570828988849,291.46元,0.0,677.649576607498
2025-02-26T05:40:00,2025-02-26T05:50:00,2025-02-26,34,1465.6023378795137,1465.6023378795137,0.0,1465.6023378795137,0.0,0.0,1465.6023378795137,0.3713,544.1781480546634,0.5569500000000001,0.0,1.8565,0.0,0.0,0.0,544.1781480546634,544.18元,695.6824860206428,769.9198518588709
2025-02-26T05:50:00,2025-02-26T06:00:00,2025-02-26,35,709.0023154797764,709.0023154797764,0.0,709.0023154797764,0.0,0.0,709.0023154797764,0.5708,404.69852167585634,0.8562,0.0,2.854,0.0,0.0,0.0,404.69852167585634,404.70元,5.857382138342808,703.1449333414336
2025-02-26T06:00:00,2025-02-26T06:10:00,2025-02-26,36,147.99178726228433,141.40736666666658,0.0,141.40736666666658,-6.5844205956177575,0.0,141.40736666666658,0.9099,128.6665629299999,1.3648500000000001,0.0,4.5495,0.0,224.081597716236,101.94592288100156,230.61248581100148,230.61元,0.0,141.40736666666658
2025-02-26T06:10:00,2025-02-26T06:20:00,2025-02-26,37,151.39749679743102,151.39749679743102,8.190459583547067,159.58795638097808,8.190459583547067,0.0,159.58795638097808,0.9368,141.82917499983338,1.4052,11.509233806800339,4.684,0.0,0.0,0.0,153.3384088066337,153.34元,0.0,159.58795638097808
2025-02-26T06:20:00,2025-02-26T06:30:00,2025-02-26,38,151.19099260264807,151.19099260264807,7.946918669594766,159.13791127224283,7.946918669594766,0.0,159.13791127224283,0.8758,132.41307132139917,1.3137,10.439867056246644,4.3790000000000004,0.0,0.0,0.0,142.8529383776458,142.85元,0.0,159.13791127224283
2025-02-26T06:30:00,2025-02-26T06:40:00,2025-02-26,39,165.21779321172585,160.27669542687306,0.0,160.27669542687306,-4.941097784852786,0.0,160.27669542687306,0.8759,140.3863575243981,1.31385,0.0,4.3795,0.0,0.0,0.0,140.3863575243981,140.39元,0.0,160.27669542687306
2025-02-26T06:40:00,2025-02-26T06:50:00,2025-02-26,40,86.86266971030363,86.80784048183989,0.0,86.80784048183989,-0.054829228463745494,0.0,86.80784048183989,0.8601,74.66342359843048,1.29015,0.0,4.3004999999999995,0.0,0.0,0.0,74.66342359843048,74.66元,0.0,86.80784048183989
2025-02-26T06:50:00,2025-02-26T07:00:00,2025-02-26,41,750.8339901116797,744.2774393854421,0.0,744.2774393854421,-6.55655072623756,0.0,744.2774393854421,0.8442,628.3190143291902,1.2663,0.0,4.221,0.0,0.0,0.0,628.3190143291902,628.32元,0.0,744.2774393854421
2025-02-26T07:00:00,2025-02-26T07:10:00,2025-02-26,42,728.7610770545889,719.2609437308431,0.0,719.2609437308431,-9.500133323745786,0.0,719.2609437308431,0.8334,599.4320705052846,1.2501,0.0,4.167,0.0,0.0,0.0,599.4320705052846,599.43元,0.0,719.2609437308431
2025-02-26T07:10:00,2025-02-26T07:20:00,2025-02-26,43,664.1407857369591,654.1134553420211,0.0,654.1134553420211,-10.027330394937962,0.0,654.1134553420211,0.8092,529.3086080627635,1.2138,0.0,4.046,0.0,0.0,0.0,529.3086080627635,529.31元,0.0,654.1134553420211
2025-02-26T07:20:00,2025-02-26T07:30:00,2025-02-26,44,607.5996342117728,597.0273135908524,0.0,597.0273135908524,-10.572320620920436,0.0,597.0273135908524,0.7972,475.95017439462754,1.1958,0.0,3.986,0.0,0.0,0.0,475.95017439462754,475.95元,0.0,597.0273135908524
2025-02-26T07:30:00,2025-02-26T07:40:00,2025-02-26,45,547.7564121275655,547.7564121275655,0.0,547.7564121275655,0.0,0.0,547.7564121275655,0.7644,418.70500143031103,1.1465999999999998,0.0,3.822,0.0,0.0,0.0,418.70500143031103,418.71元,0.0,547.7564121275655
2025-02-26T07:40:00,2025-02-26T07:50:00,2025-02-26,46,1285.511656171155,1273.8707652706175,0.0,1273.8707652706175,-11.640890900537443,0.0,1273.8707652706175,0.6899,878.843440960199,1.03485,0.0,3.4494999999999996,0.0,0.0,0.0,878.843440960199,878.84元,0.0,1273.8707652706175
2025-02-26T07:50:00,2025-02-26T08:00:00,2025-02-26,47,52.689956805911834,8.74660263074071,0.0,8.74660263074071,-43.94335417517112,0.0,8.74660263074071,0.86,7.522078262437011,1.29,0.0,4.3,0.0,0.0,0.0,7.522078262437011,7.52元,0.0,8.74660263074071
2025-02-26T08:00:00,2025-02-26T08:10:00,2025-02-26,48,0.0,0.0,0.0,0.0,0.0,0.0,0.0,1.1617,0.0,1.74255,0.0,5.8084999999999996,0.0,0.0,0.0,0.0,0.00元,0.0,0.0
2025-02-26T08:10:00,2025-02-26T08:20:00,2025-02-26,49,0.0,0.0,0.0,0.0,0.0,0.0,0.0,1.1683,0.0,1.7524499999999998,0.0,5.8415,0.0,0.0,0.0,0.0,0.00元,0.0,0.0
2025-02-26T08:20:00,2025-02-26T08:30:00,2025-02-26,50,0.0,0.0,0.0,0.0,0.0,0.0,0.0,1.0956,0.0,1.6433999999999997,0.0,5.478,0.0,0.0,0.0,0.0,0.00元,0.0,0.0
2025-02-26T08:30:00,2025-02-26T08:40:00,2025-02-26,51,0.0,0.0,0.0,0.0,0.0,0.0,0.0,1.0849,0.0,1.6273499999999999,0.0,5.4245,0.0,0.0,0.0,0.0,0.00元,0.0,0.0
2025-02-26T08:40:00,2025-02-26T08:50:00,2025-02-26,52,0.0,0.0,0.0,0.0,0.0,0.0,0.0,1.061,0.0,1.5915,0.0,5.305,0.0,0.0,0.0,0.0,0.00元,0.0,0.0
2025-02-26T08:50:00,2025-02-26T09:00:00,2025-02-26,53,0.0,0.0,0.0,0.0,0.0,0.0,0.0,1.043,0.0,1.5644999999999998,0.0,5.215,0.0,0.0,0.0,0.0,0.00元,0.0,0.0
2025-02-26T09:00:00,2025-02-26T09:10:00,2025-02-26,54,0.0,0.0,0.0,0.0,0.0,0.0,0.0,1.036,0.0,1.554,0.0,5.18,0.0,0.0,0.0,0.0,0.00元,0.0,0.0
2025-02-26T09:10:00,2025-02-26T09:20:00,2025-02-26,55,0.0,0.0,0.0,0.0,0.0,0.0,0.0,1.0147,0.0,1.52205,0.0,5.073499999999999,0.0,0.0,0.0,0.0,0.00元,0.0,0.0
2025-02-26T09:20:00,2025-02-26T09:30:00,2025-02-26,56,0.0,0.0,0.0,0.0,0.0,0.0,0.0,0.9922,0.0,1.4883,0.0,4.961,0.0,0.0,0.0,0.0,0.00元,0.0,0.0
2025-02-26T09:30:00,2025-02-26T09:40:00,2025-02-26,57,0.0,0.0,0.0,0.0,0.0,0.0,0.0,0.97,0.0,1.455,0.0,4.85,0.0,0.0,0.0,0.0,0.00元,0.0,0.0
2025-02-26T09:40:00,2025-02-26T09:50:00,2025-02-26,58,0.0,0.0,0.0,0.0,0.0,0.0,0.0,0.9422,0.0,1.4133,0.0,4.711,0.0,0.0,0.0,0.0,0.00元,0.0,0.0
2025-02-26T09:50:00,2025-02-26T10:00:00,2025-02-26,59,0.0,0.0,0.0,0.0,0.0,0.0,0.0,0.9569,0.0,1.43535,0.0,4.7844999999999995,0.0,0.0,0.0,0.0,0.00元,0.0,0.0
2025-02-26T10:00:00,2025-02-26T10:10:00,2025-02-26,60,0.0,0.0,0.0,0.0,0.0,0.0,0.0,0.9977,0.0,1.49655,0.0,4.9885,0.0,0.0,0.0,0.0,0.00元,0.0,0.0
2025-02-26T10:10:00,2025-02-26T10:20:00,2025-02-26,61,0.0,0.0,0.0,0.0,0.0,0.0,0.0,0.9919,0.0,1.48785,0.0,4.9595,0.0,0.0,0.0,0.0,0.00元,0.0,0.0
2025-02-26T10:20:00,2025-02-26T10:30:00,2025-02-26,62,0.0,0.0,0.0,0.0,0.0,0.0,0.0,0.9588,0.0,1.4382,0.0,4.794,0.0,0.0,0.0,0.0,0.00元,0.0,0.0
2025-02-26T10:30:00,2025-02-26T10:40:00,2025-02-26,63,0.0,0.0,0.0,0.0,0.0,0.0,0.0,0.9549,0.0,1.43235,0.0,4.7745,0.0,0.0,0.0,0.0,0.00元,0.0,0.0
2025-02-26T10:40:00,2025-02-26T10:50:00,2025-02-26,64,0.0,0.0,0.0,0.0,0.0,0.0,0.0,0.9839,0.0,1.4758499999999999,0.0,4.9195,0.0,0.0,0.0,0.0,0.00元,0.0,0.0
2025-02-26T10:50:00,2025-02-26T11:00:00,2025-02-26,65,0.0,0.0,0.0,0.0,0.0,0.0,0.0,0.799,0.0,1.1985000000000001,0.0,3.995,0.0,0.0,0.0,0.0,0.00元,0.0,0.0
2025-02-26T11:00:00,2025-02-26T11:10:00,2025-02-26,66,772.6755524741749,757.2911819776963,0.0,757.2911819776963,-15.384370496478596,0.0,757.2911819776963,0.5025,380.53881894379236,0.7537499999999999,0.0,2.5124999999999997,0.0,0.0,0.0,380.53881894379236,380.54元,0.0,757.2911819776963
2025-02-26T11:10:00,2025-02-26T11:20:00,2025-02-26,67,761.5953557899364,746.0635122628015,0.0,746.0635122628015,-15.531843527134924,0.0,746.0635122628015,0.4662,347.8148094169181,0.6993,0.0,2.331,0.0,0.0,0.0,347.8148094169181,347.81元,0.0,746.0635122628015
2025-02-26T11:20:00,2025-02-26T11:30:00,2025-02-26,68,726.4467582240335,710.6687280363179,0.0,710.6687280363179,-15.778030187715558,0.0,710.6687280363179,0.5007,355.8318321277844,0.75105,0.0,2.5035000000000003,0.0,0.0,0.0,355.8318321277844,355.83元,0.0,710.6687280363179
2025-02-26T11:30:00,2025-02-26T11:40:00,2025-02-26,69,687.3733879587322,671.444316030295,0.0,671.444316030295,-15.929071928437224,0.0,671.444316030295,0.4827,324.1061713478234,0.7240500000000001,0.0,2.4135,0.0,0.0,0.0,324.1061713478234,324.11元,0.0,671.444316030295
2025-02-26T11:40:00,2025-02-26T11:50:00,2025-02-26,70,688.79829532769,673.041257690211,0.0,673.041257690211,-15.757037637479016,0.0,673.041257690211,0.4785,322.0502418047659,0.71775,0.0,2.3925,0.0,0.0,0.0,322.0502418047659,322.05元,0.0,673.041257690211
2025-02-26T11:50:00,2025-02-26T12:00:00,2025-02-26,71,677.2855422810939,661.7797503768585,0.0,661.7797503768585,-15.505791904235366,0.0,661.7797503768585,0.4662,308.52171962569145,0.6993,0.0,2.331,0.0,0.0,0.0,308.52171962569145,308.52元,0.0,661.7797503768585
2025-02-26T12:00:00,2025-02-26T12:10:00,2025-02-26,72,618.9520269898532,618.9520269898532,43.8565739021883,662.8086008920415,43.8565739021883,0.0,662.8086008920415,0.4432,274.3195383619029,0.6648,29.155850330174783,2.2159999999999997,0.0,41.814802966118805,9.266160337291927,312.7415490293696,312.74元,0.0,662.8086008920415
2025-02-26T12:10:00,2025-02-26T12:20:00,2025-02-26,73,623.3314994289414,623.3314994289414,43.93897722936799,667.2704766583093,43.93897722936799,0.0,667.2704766583093,0.4411,274.951524398106,0.66165,29.07222428381133,2.2055,0.0,0.0,0.0,304.02374868191737,304.02元,0.0,667.2704766583093
2025-02-26T12:20:00,2025-02-26T12:30:00,2025-02-26,74,625.2163164644372,625.2163164644372,43.82337604203212,669.0396925064694,43.82337604203212,0.0,669.0396925064694,0.4551,284.53594562296536,0.68265,29.91602765509323,2.2755,0.0,0.0,0.0,314.45197327805863,314.45元,0.0,669.0396925064694
2025-02-26T12:30:00,2025-02-26T12:40:00,2025-02-26,75,611.3649496560231,611.3649496560231,43.496115308054755,654.8610649640779,43.496115308054755,0.0,654.8610649640779,0.4463,272.8521770314831,0.66945,29.118474392977255,2.2315,0.0,0.0,0.0,301.9706514244603,301.97元,0.0,654.8610649640779
2025-02-26T12:40:00,2025-02-26T12:50:00,2025-02-26,76,611.3006115664737,611.3006115664737,43.30450554129027,654.6051171077639,43.30450554129027,0.0,654.6051171077639,0.4113,251.42794153729062,0.61695,26.716714693699032,2.0564999999999998,0.0,0.0,0.0,278.1446562309896,278.14元,0.0,654.6051171077639
2025-02-26T12:50:00,2025-02-26T13:00:00,2025-02-26,77,277.03971943097815,277.03971943097815,271.8099557838967,548.8496752148749,271.8099557838967,0.0,548.8496752148749,0.5682,157.4139685806818,0.8523000000000001,231.6636253146152,2.841,0.0,0.0,0.0,389.077593895297,389.08元,0.0,548.8496752148749
2025-02-26T13:00:00,2025-02-26T13:10:00,2025-02-26,78,0.0,0.0,0.0,0.0,0.0,0.0,0.0,0.8279,0.0,1.24185,0.0,4.1395,0.0,0.0,0.0,0.0,0.00元,0.0,0.0
2025-02-26T13:10:00,2025-02-26T13:20:00,2025-02-26,79,0.0,0.0,0.0,0.0,0.0,0.0,0.0,0.8636,0.0,1.2954,0.0,4.3180000000000005,0.0,0.0,0.0,0.0,0.00元,0.0,0.0
2025-02-26T13:20:00,2025-02-26T13:30:00,2025-02-26,80,0.0,0.0,0.0,0.0,0.0,0.0,0.0,0.8416,0.0,1.2624,0.0,4.208,0.0,0.0,0.0,0.0,0.00元,0.0,0.0
2025-02-26T13:30:00,2025-02-26T13:40:00,2025-02-26,81,0.0,0.0,0.0,0.0,0.0,0.0,0.0,0.8618,0.0,1.2927,0.0,4.309,0.0,0.0,0.0,0.0,0.00元,0.0,0.0
2025-02-26T13:40:00,2025-02-26T13:50:00,2025-02-26,82,0.0,0.0,0.0,0.0,0.0,0.0,0.0,0.8623,0.0,1.29345,0.0,4.3115,0.0,0.0,0.0,0.0,0.00元,0.0,0.0
2025-02-26T13:50:00,2025-02-26T14:00:00,2025-02-26,83,0.0,0.0,0.0,0.0,0.0,0.0,0.0,0.9026,0.0,1.3538999999999999,0.0,4.513,0.0,0.0,0.0,0.0,0.00元,0.0,0.0
2025-02-26T14:00:00,2025-02-26T14:10:00,2025-02-26,84,0.0,0.0,0.0,0.0,0.0,0.0,0.0,0.9754,0.0,1.4631,0.0,4.877000000000001,0.0,0.0,0.0,0.0,0.00元,0.0,0.0
2025-02-26T14:10:00,2025-02-26T14:20:00,2025-02-26,85,0.0,0.0,0.0,0.0,0.0,0.0,0.0,1.0002,0.0,1.5003,0.0,5.0009999999999994,0.0,0.0,0.0,0.0,0.00元,0.0,0.0
2025-02-26T14:20:00,2025-02-26T14:30:00,2025-02-26,86,0.0,0.0,0.0,0.0,0.0,0.0,0.0,0.9978,0.0,1.4967000000000001,0.0,4.989,0.0,0.0,0.0,0.0,0.00元,0.0,0.0
2025-02-26T14:30:00,2025-02-26T14:40:00,2025-02-26,87,0.0,0.0,0.0,0.0,0.0,0.0,0.0,1.0271,0.0,1.5406499999999999,0.0,5.1354999999999995,0.0,0.0,0.0,0.0,0.00元,0.0,0.0
2025-02-26T14:40:00,2025-02-26T14:50:00,2025-02-26,88,0.0,0.0,0.0,0.0,0.0,0.0,0.0,1.0906,0.0,1.6359,0.0,5.453,0.0,0.0,0.0,0.0,0.00元,0.0,0.0
2025-02-26T14:50:00,2025-02-26T15:00:00,2025-02-26,89,0.0,0.0,0.0,0.0,0.0,0.0,0.0,0.9376,0.0,1.4064,0.0,4.688,0.0,0.0,0.0,0.0,0.00元,0.0,0.0
2025-02-26T15:00:00,2025-02-26T15:10:00,2025-02-26,90,249.24972346475192,249.24972346475192,20.83241935200732,270.08214281675924,20.83241935200732,0.0,270.08214281675924,0.6694,166.84776488730495,1.0041,20.91783227135055,3.347,0.0,0.0,0.0,187.7655971586555,187.77元,0.0,270.08214281675924
2025-02-26T15:10:00,2025-02-26T15:20:00,2025-02-26,91,1057.573510617954,1057.573510617954,106.7781464009413,1164.3516570188954,106.7781464009413,0.0,1164.3516570188954,0.66,697.9985170078497,0.99,105.71036493693188,3.3000000000000003,0.0,0.0,0.0,803.7088819447816,803.71元,0.0,1164.3516570188954
2025-02-26T15:20:00,2025-02-26T15:30:00,2025-02-26,92,351.7768828980418,351.7768828980418,15.462850933404411,367.2397338314462,15.462850933404411,0.0,367.2397338314462,0.7217,253.87737638751676,1.08255,16.739309277956945,3.6085000000000003,0.0,0.0,0.0,270.6166856654737,270.62元,0.0,367.2397338314462
2025-02-26T15:30:00,2025-02-26T15:40:00,2025-02-26,93,379.45537873244814,379.45537873244814,14.232375492315441,393.6877542247636,14.232375492315441,0.0,393.6877542247636,0.7308,277.3059907776731,1.0962,15.601530014676186,3.654,0.0,0.0,0.0,292.9075207923493,292.91元,0.0,393.6877542247636
2025-02-26T15:40:00,2025-02-26T15:50:00,2025-02-26,94,445.6231862843159,445.6231862843159,12.962498791740586,458.5856850760565,12.962498791740586,0.0,458.5856850760565,0.7534,335.7325085466036,1.1300999999999999,14.648919884546036,3.767,0.0,0.0,0.0,350.38142843114963,350.38元,0.0,458.5856850760565
2025-02-26T15:50:00,2025-02-26T16:00:00,2025-02-26,95,493.0560307316854,493.0560307316854,11.621143446320502,504.6771741780059,11.621143446320502,0.0,504.6771741780059,0.7823,385.7177328413975,1.1734499999999999,13.636830777084793,3.9115,0.0,0.0,0.0,399.35456361848225,399.35元,0.0,504.6771741780059
2025-02-26T16:00:00,2025-02-26T16:10:00,2025-02-26,96,529.1112519248109,529.1112519248109,0.0,529.1112519248109,0.0,0.0,529.1112519248109,0.8055,426.19911342543514,1.20825,0.0,4.0275,0.0,0.0,0.0,426.19911342543514,426.20元,0.0,529.1112519248109
2025-02-26T16:10:00,2025-02-26T16:20:00,2025-02-26,97,611.1524872727352,609.6181482184952,0.0,609.6181482184952,-1.5343390542400357,0.0,609.6181482184952,0.8271,504.21517039151735,1.24065,0.0,4.1354999999999995,0.0,0.0,0.0,504.21517039151735,504.22元,0.0,609.6181482184952
2025-02-26T16:20:00,2025-02-26T16:30:00,2025-02-26,98,664.5889945892259,663.0259515641374,0.0,663.0259515641374,-1.5630430250885183,0.0,663.0259515641374,0.8519,564.8318081374886,1.27785,0.0,4.2595,0.0,0.0,0.0,564.8318081374886,564.83元,0.0,663.0259515641374
2025-02-26T16:30:00,2025-02-26T16:40:00,2025-02-26,99,687.1244915375371,685.6042688934103,0.0,685.6042688934103,-1.5202226441267612,0.0,685.6042688934103,0.8791,602.714712784197,1.3186499999999999,0.0,4.3955,0.0,0.0,0.0,602.714712784197,602.71元,0.0,685.6042688934103
2025-02-26T16:40:00,2025-02-26T16:50:00,2025-02-26,100,755.6124470875504,754.1338717376592,0.0,754.1338717376592,-1.47857534989123,0.0,754.1338717376592,0.9024,680.5304058560637,1.3536,0.0,4.512,0.0,0.0,0.0,680.5304058560637,680.53元,0.0,754.1338717376592
2025-02-26T16:50:00,2025-02-26T17:00:00,2025-02-26,101,828.7324318501709,827.2943628451129,0.0,827.2943628451129,-1.4380690050579688,0.0,827.2943628451129,0.9163,758.049824674977,1.37445,0.0,4.5815,0.0,0.0,0.0,758.049824674977,758.05元,0.0,827.2943628451129
2025-02-26T17:00:00,2025-02-26T17:10:00,2025-02-26,102,875.0435372218639,873.6448648691421,0.0,873.6448648691421,-1.3986723527217464,0.0,873.6448648691421,0.9264,809.3446028147732,1.3896,0.0,4.632,0.0,0.0,0.0,809.3446028147732,809.34元,0.0,873.6448648691421
2025-02-26T17:10:00,2025-02-26T17:20:00,2025-02-26,103,908.2433214345641,906.8829664422881,0.0,906.8829664422881,-1.3603549922760294,0.0,906.8829664422881,0.9462,858.092662847693,1.4193,0.0,4.731,0.0,0.0,0.0,858.092662847693,858.09元,0.0,906.8829664422881
2025-02-26T17:20:00,2025-02-26T17:30:00,2025-02-26,104,958.3634515585543,957.0403642025991,0.0,957.0403642025991,-1.323087355955181,0.0,957.0403642025991,0.9742,932.348722806172,1.4613,0.0,4.8709999999999996,0.0,0.0,0.0,932.348722806172,932.35元,0.0,957.0403642025991
2025-02-26T17:30:00,2025-02-26T17:40:00,2025-02-26,105,1019.6989449106769,1018.4121042246587,0.0,1018.4121042246587,-1.286840686018195,0.0,1018.4121042246587,0.9862,1004.3580171863584,1.4792999999999998,0.0,4.931,0.0,0.0,0.0,1004.3580171863584,1004.36元,0.0,1018.4121042246587
2025-02-26T17:40:00,2025-02-26T17:50:00,2025-02-26,106,1032.3022785583457,1031.050691545789,0.0,1031.050691545789,-1.2515870125566835,0.0,1031.050691545789,0.976,1006.3054749486901,1.464,0.0,4.88,0.0,0.0,0.0,1006.3054749486901,1006.31元,0.0,1031.050691545789
2025-02-26T17:50:00,2025-02-26T18:00:00,2025-02-26,107,894.014504300286,892.7972051683728,0.0,892.7972051683728,-1.2172991319132507,0.0,892.7972051683728,1.0742,959.042757791866,1.6113,0.0,5.371,0.0,0.0,0.0,959.042757791866,959.04元,0.0,892.7972051683728
2025-02-26T18:00:00,2025-02-26T18:10:00,2025-02-26,108,709.9285569811407,707.6100673395298,0.0,707.6100673395298,-2.3184896416108813,0.0,707.6100673395298,1.2313,871.2802759151631,1.84695,0.0,6.1565,0.0,12.886637727847187,7.933658517149121,879.2139344323122,879.21元,0.0,707.6100673395298
2025-02-26T18:10:00,2025-02-26T18:20:00,2025-02-26,109,710.7343433567005,708.4793699511217,0.0,708.4793699511217,-2.2549734055787667,0.0,708.4793699511217,1.2561,889.920936595604,1.88415,0.0,6.2805,0.0,0.0,0.0,889.920936595604,889.92元,0.0,708.4793699511217
2025-02-26T18:20:00,2025-02-26T18:30:00,2025-02-26,110,733.4670443288271,731.273847098783,0.0,731.273847098783,-2.1931972300441203,0.0,731.273847098783,1.2447,910.2165574838551,1.8670499999999999,0.0,6.2235,0.0,0.0,0.0,910.2165574838551,910.22元,0.0,731.273847098783
2025-02-26T18:30:00,2025-02-26T18:40:00,2025-02-26,111,707.971592675167,705.8384792300269,0.0,705.8384792300269,-2.1331134451401113,0.0,705.8384792300269,1.2545,885.4743721940687,1.8817499999999998,0.0,6.2725,0.0,0.0,0.0,885.4743721940687,885.47元,0.0,705.8384792300269
2025-02-26T18:40:00,2025-02-26T18:50:00,2025-02-26,112,721.6357196053191,719.5610439183787,0.0,719.5610439183787,-2.0746756869403953,0.0,719.5610439183787,1.2522,901.0343391945938,1.8782999999999999,0.0,6.261,0.0,0.0,0.0,901.0343391945938,901.03元,0.0,719.5610439183787
2025-02-26T18:50:00,2025-02-26T19:00:00,2025-02-26,113,74.4732199816957,74.4732199816957,639.5943700586807,714.0675900403764,639.5943700586807,0.0,714.0675900403764,1.2881,95.92895465842224,1.93215,1235.7922621088799,6.4405,0.0,0.0,0.0,1331.7212167673024,1331.72元,0.0,714.0675900403764
2025-02-26T19:00:00,2025-02-26T19:10:00,2025-02-26,114,0.0,0.0,0.0,0.0,0.0,0.0,0.0,1.3466,0.0,2.0199,0.0,6.7330000000000005,0.0,0.0,0.0,0.0,0.00元,0.0,0.0
2025-02-26T19:10:00,2025-02-26T19:20:00,2025-02-26,115,5.115220910145126,5.115220910145126,0.0,5.115220910145126,0.0,0.0,5.115220910145126,1.3523,6.917313236789255,2.0284500000000003,0.0,6.7615,0.0,0.0,0.0,6.917313236789255,6.92元,0.0,5.115220910145126
2025-02-26T19:20:00,2025-02-26T19:30:00,2025-02-26,116,39.5870206449805,39.5870206449805,1.0764558306565277,40.663476475637026,1.0764558306565277,0.0,40.663476475637026,1.3445,53.22474925717628,2.01675,2.1709422964765523,6.7225,0.0,0.0,0.0,55.39569155365283,55.40元,0.0,40.663476475637026
2025-02-26T19:30:00,2025-02-26T19:40:00,2025-02-26,117,28.39643527505723,28.39643527505723,8.658705737953824,37.05514101301105,8.658705737953824,0.0,37.05514101301105,1.3483,38.286913681359664,2.02245,17.51179941972471,6.7415,0.0,0.0,0.0,55.798713101084374,55.80元,0.0,37.05514101301105
2025-02-26T19:40:00,2025-02-26T19:50:00,2025-02-26,118,3.1281488973567093,3.1281488973567093,0.0,3.1281488973567093,0.0,0.0,3.1281488973567093,1.349,4.219872862534201,2.0235,0.0,6.745,0.0,0.0,0.0,4.219872862534201,4.22元,0.0,3.1281488973567093
2025-02-26T19:50:00,2025-02-26T20:00:00,2025-02-26,119,7.358578421933089,7.358578421933089,4.360134714442097,11.718713136375186,4.360134714442097,0.0,11.718713136375186,1.3473,9.914212707870451,2.02095,8.811614251151756,6.7364999999999995,0.0,0.0,0.0,18.725826959022207,18.73元,0.0,11.718713136375186
2025-02-26T20:00:00,2025-02-26T20:10:00,2025-02-26,120,31.037054767263953,31.037054767263953,2.557137830491456,33.59419259775541,2.557137830491456,0.0,33.59419259775541,1.3482,41.84415723722526,2.0223,5.171299834602872,6.7410000000000005,0.0,0.0,0.0,47.01545707182814,47.02元,0.0,33.59419259775541
2025-02-26T20:10:00,2025-02-26T20:20:00,2025-02-26,121,16.94783614823075,16.94783614823075,0.0,16.94783614823075,0.0,0.0,16.94783614823075,1.3513,22.90161098710421,2.02695,0.0,6.7565,0.0,0.0,0.0,22.90161098710421,22.90元,0.0,16.94783614823075
2025-02-26T20:20:00,2025-02-26T20:30:00,2025-02-26,122,0.2295938072613808,0.2295938072613808,54.957702425842285,55.187296233103666,54.957702425842285,0.0,55.187296233103666,1.34,0.30765570173025025,2.0100000000000002,110.464981875943,6.7,0.0,0.0,0.0,110.77263757767325,110.77元,0.0,55.187296233103666
2025-02-26T20:30:00,2025-02-26T20:40:00,2025-02-26,123,1.879202560511203,1.879202560511203,0.0,1.879202560511203,0.0,0.0,1.879202560511203,1.3489,2.5348563338735617,2.0233499999999998,0.0,6.7445,0.0,0.0,0.0,2.5348563338735617,2.53元,0.0,1.879202560511203
2025-02-26T20:40:00,2025-02-26T20:50:00,2025-02-26,124,12.320362339399253,12.320362339399253,0.26208144570762215,12.582443785106875,0.26208144570762215,0.0,12.582443785106875,1.3952,17.18936953592984,2.0928,0.5484840495769117,6.976,0.0,0.0,0.0,17.73785358550675,17.74元,0.0,12.582443785106875
2025-02-26T20:50:00,2025-02-26T21:00:00,2025-02-26,125,729.8826765910076,725.8570270482418,0.0,725.8570270482418,-4.025649542765791,0.0,725.8570270482418,1.2226,887.4328012691803,1.8338999999999999,0.0,6.1129999999999995,0.0,0.0,0.0,887.4328012691803,887.43元,0.0,725.8570270482418
2025-02-26T21:00:00,2025-02-26T21:10:00,2025-02-26,126,737.3475664476853,737.3475664476853,0.0,737.3475664476853,0.0,0.0,737.3475664476853,0.9332,688.0927490089799,1.3998,0.0,4.666,0.0,0.0,0.0,688.0927490089799,688.09元,0.0,737.3475664476853
2025-02-26T21:10:00,2025-02-26T21:20:00,2025-02-26,127,731.6123698956555,731.6123698956555,0.0,731.6123698956555,0.0,0.0,731.6123698956555,0.9068,663.4260970213805,1.3602,0.0,4.534000000000001,0.0,0.0,0.0,663.4260970213805,663.43元,0.0,731.6123698956555
2025-02-26T21:20:00,2025-02-26T21:30:00,2025-02-26,128,734.7282608898968,734.7282608898968,0.0,734.7282608898968,0.0,0.0,734.7282608898968,0.9371,688.5138532799223,1.40565,0.0,4.6855,0.0,0.0,0.0,688.5138532799223,688.51元,0.0,734.7282608898968
2025-02-26T21:30:00,2025-02-26T21:40:00,2025-02-26,129,755.4875862564608,755.4875862564608,0.0,755.4875862564608,0.0,0.0,755.4875862564608,0.9371,707.9674170809294,1.40565,0.0,4.6855,0.0,0.0,0.0,707.9674170809294,707.97元,0.0,755.4875862564608
2025-02-26T21:40:00,2025-02-26T21:50:00,2025-02-26,130,710.4132347851321,710.4132347851321,0.0,710.4132347851321,0.0,0.0,710.4132347851321,0.9871,701.2489040564038,1.48065,0.0,4.9355,0.0,0.0,0.0,701.2489040564038,701.25元,0.0,710.4132347851321
2025-02-26T21:50:00,2025-02-26T22:00:00,2025-02-26,131,712.1904799047901,680.3134497613157,0.0,680.3134497613157,-31.87703014347437,0.0,680.3134497613157,0.7764,528.1953623946855,1.1646,0.0,3.8819999999999997,0.0,0.0,0.0,528.1953623946855,528.20元,0.0,680.3134497613157
2025-02-26T22:00:00,2025-02-26T22:10:00,2025-02-26,132,1397.6731188718313,1395.2721458012943,0.0,1395.2721458012943,-2.4009730705370202,0.0,1395.2721458012943,0.4209,587.2700461677648,0.63135,0.0,2.1045,0.0,0.0,0.0,587.2700461677648,587.27元,15.410479144627622,1379.8616666566668
2025-02-26T22:10:00,2025-02-26T22:20:00,2025-02-26,133,1362.036318726325,1359.7011215684847,0.0,1359.7011215684847,-2.3351971578401844,0.0,1359.7011215684847,0.3859,524.7086628132782,0.5788500000000001,0.0,1.9295,0.0,0.0,0.0,524.7086628132782,524.71元,26.002588245151394,1333.6985333233333
2025-02-26T22:20:00,2025-02-26T22:30:00,2025-02-26,134,549.013663969949,549.013663969949,0.0,549.013663969949,0.0,0.0,549.013663969949,0.4368,239.80916842207372,0.6552,0.0,2.184,0.0,0.0,0.0,239.80916842207372,239.81元,0.0,549.013663969949
2025-02-26T22:30:00,2025-02-26T22:40:00,2025-02-26,135,1403.7135867845304,1401.5045849213075,0.0,1401.5045849213075,-2.2090018632229658,0.0,1401.5045849213075,0.4198,588.3516247499649,0.6297,0.0,2.099,0.0,0.0,0.0,588.3516247499649,588.35元,0.0,1401.5045849213075
2025-02-26T22:40:00,2025-02-26T22:50:00,2025-02-26,136,1403.3966188240643,1401.2481337219351,0.0,1401.2481337219351,-2.1484851021291433,0.0,1401.2481337219351,0.4186,586.5624687760021,0.6279,0.0,2.093,0.0,0.0,0.0,586.5624687760021,586.56元,16.611683731935152,1384.63644999
2025-02-26T22:50:00,2025-02-26T23:00:00,2025-02-26,137,1400.378697039677,1398.2890708103284,0.0,1398.2890708103284,-2.089626229348596,0.0,1398.2890708103284,0.4241,593.0143949306603,0.63615,0.0,2.1205,0.0,0.0,0.0,593.0143949306603,593.01元,35.01927082032841,1363.2697999900001
2025-02-26T23:00:00,2025-02-26T23:10:00,2025-02-26,138,1400.9417720048214,1398.9093921786573,0.0,1398.9093921786573,-2.0323798261640604,0.0,1398.9093921786573,0.4237,592.7179094660971,0.6355500000000001,0.0,2.1185,0.0,0.0,0.0,592.7179094660971,592.72元,22.564392188657273,1376.3449999900001
2025-02-26T23:10:00,2025-02-26T23:20:00,2025-02-26,139,1055.7878687289383,1055.7878687289383,0.0,1055.7878687289383,0.0,0.0,1055.7878687289383,0.4248,448.498686636053,0.6372,0.0,2.124,0.0,0.0,0.0,448.498686636053,448.50元,0.0,1055.7878687289383
2025-02-26T23:20:00,2025-02-26T23:30:00,2025-02-26,140,1379.189522541853,1377.266973600878,0.0,1377.266973600878,-1.922548940975048,0.0,1377.266973600878,0.424,583.9611968067723,0.636,0.0,2.12,0.0,0.0,0.0,583.9611968067723,583.96元,0.0,1377.266973600878
2025-02-26T23:30:00,2025-02-26T23:40:00,2025-02-26,141,1386.626980635429,1384.7571009279613,0.0,1384.7571009279613,-1.8698797074675895,0.0,1384.7571009279613,0.422,584.3674965915997,0.633,0.0,2.11,0.0,0.0,0.0,584.3674965915997,584.37元,0.0,1384.7571009279613
2025-02-26T23:40:00,2025-02-26T23:50:00,2025-02-26,142,1431.878819673807,1430.0601662986548,0.0,1430.0601662986548,-1.8186533751520528,0.0,1430.0601662986548,0.424,606.3455105106297,0.636,0.0,2.12,0.0,0.0,0.0,606.3455105106297,606.35元,30.958082975321524,1399.1020833233333
2025-02-26T23:50:00,2025-02-27T00:00:00,2025-02-26,143,601.7986248942246,601.7986248942246,0.0,601.7986248942246,0.0,0.0,601.7986248942246,0.4271,257.02819269232333,0.6406499999999999,0.0,2.1355,0.0,0.0,0.0,257.02819269232333,257.03元,0.0,601.7986248942246
2025-02-27T00:00:00,2025-02-27T00:10:00,2025-02-26,144,547.6850833333332,547.6850833333332,0.0,547.6850833333332,0.0,0.0,547.6850833333332,0.4276,234.19014163333327,0.6414,0.0,2.138,0.0,0.0,0.0,234.19014163333327,234.19元,0.0,547.6850833333332
2025-02-27T00:10:00,2025-02-27T00:20:00,2025-02-27,1,1301.860363120616,1301.860363120616,0.0,1301.860363120616,0.0,0.0,1301.860363120616,0.4248,553.0302822536377,0.6372,0.0,2.124,0.0,0.0,0.0,553.0302822536377,553.03元,0.0,1301.860363120616
2025-02-27T00:20:00,2025-02-27T00:30:00,2025-02-27,2,1403.6674390133185,1403.6674390133185,0.0,1403.6674390133185,0.0,0.0,1403.6674390133185,0.4245,595.8568278611536,0.6367499999999999,0.0,2.1225,0.0,0.0,0.0,595.8568278611536,595.86元,32.12780568998516,1371.5396333233334
2025-02-27T00:30:00,2025-02-27T00:40:00,2025-02-27,3,566.9732180800647,566.9732180800647,0.0,566.9732180800647,0.0,0.0,566.9732180800647,0.4269,242.04086679837962,0.64035,0.0,2.1345,0.0,0.0,0.0,242.04086679837962,242.04元,0.0,566.9732180800647
2025-02-27T00:40:00,2025-02-27T00:50:00,2025-02-27,4,575.9939653601085,575.9939653601085,0.0,575.9939653601085,0.0,0.0,575.9939653601085,0.4272,246.06462200183836,0.6408,0.0,2.136,0.0,0.0,0.0,246.06462200183836,246.06元,0.0,575.9939653601085
2025-02-27T00:50:00,2025-02-27T01:00:00,2025-02-27,5,593.0836226707936,593.0836226707936,0.0,593.0836226707936,0.0,0.0,593.0836226707936,0.4271,253.30601524269593,0.6406499999999999,0.0,2.1355,0.0,0.0,0.0,253.30601524269593,253.31元,0.0,593.0836226707936
2025-02-27T01:00:00,2025-02-27T01:10:00,2025-02-27,6,606.5078540291853,606.5078540291853,0.0,606.5078540291853,0.0,0.0,606.5078540291853,0.4285,259.88861545150587,0.6427499999999999,0.0,2.1425,0.0,0.0,0.0,259.88861545150587,259.89元,0.0,606.5078540291853
2025-02-27T01:10:00,2025-02-27T01:20:00,2025-02-27,7,606.5262601009182,606.5262601009182,0.0,606.5262601009182,0.0,0.0,606.5262601009182,0.4311,261.47347072950583,0.64665,0.0,2.1555,0.0,0.0,0.0,261.47347072950583,261.47元,0.0,606.5262601009182
2025-02-27T01:20:00,2025-02-27T01:30:00,2025-02-27,8,587.2385526413146,587.2385526413146,0.0,587.2385526413146,0.0,0.0,587.2385526413146,0.4302,252.63002534629356,0.6453,0.0,2.1510000000000002,0.0,0.0,0.0,252.63002534629356,252.63元,0.0,587.2385526413146
2025-02-27T01:30:00,2025-02-27T01:40:00,2025-02-27,9,571.4710389289828,571.4710389289828,0.0,571.4710389289828,0.0,0.0,571.4710389289828,0.4279,244.53245755771175,0.64185,0.0,2.1395,0.0,0.0,0.0,244.53245755771175,244.53元,0.0,571.4710389289828
2025-02-27T01:40:00,2025-02-27T01:50:00,2025-02-27,10,589.0189686921034,589.0189686921034,0.0,589.0189686921034,0.0,0.0,589.0189686921034,0.4312,253.984979300035,0.6468,0.0,2.156,0.0,0.0,0.0,253.984979300035,253.98元,0.0,589.0189686921034
2025-02-27T01:50:00,2025-02-27T02:00:00,2025-02-27,11,589.3875126942704,589.3875126942704,0.0,589.3875126942704,0.0,0.0,589.3875126942704,0.4333,255.38160925042737,0.64995,0.0,2.1665,0.0,0.0,0.0,255.38160925042737,255.38元,0.0,589.3875126942704
2025-02-27T02:00:00,2025-02-27T02:10:00,2025-02-27,12,569.0256138134131,569.0256138134131,0.0,569.0256138134131,0.0,0.0,569.0256138134131,0.4311,245.30694211496237,0.64665,0.0,2.1555,0.0,0.0,0.0,245.30694211496237,245.31元,0.0,569.0256138134131
2025-02-27T02:10:00,2025-02-27T02:20:00,2025-02-27,13,575.7275114473244,575.7275114473244,0.0,575.7275114473244,0.0,0.0,575.7275114473244,0.4293,247.1598206643364,0.64395,0.0,2.1465,0.0,0.0,0.0,247.1598206643364,247.16元,0.0,575.7275114473244
2025-02-27T02:20:00,2025-02-27T02:30:00,2025-02-27,14,593.7842784126468,593.7842784126468,0.0,593.7842784126468,0.0,0.0,593.7842784126468,0.4324,256.7523219856285,0.6486000000000001,0.0,2.162,0.0,0.0,0.0,256.7523219856285,256.75元,0.0,593.7842784126468
2025-02-27T02:30:00,2025-02-27T02:40:00,2025-02-27,15,600.0232761708235,600.0232761708235,0.0,600.0232761708235,0.0,0.0,600.0232761708235,0.4367,262.0301647037986,0.6550499999999999,0.0,2.1835,0.0,0.0,0.0,262.0301647037986,262.03元,0.0,600.0232761708235
2025-02-27T02:40:00,2025-02-27T02:50:00,2025-02-27,16,591.2748708811957,591.2748708811957,0.0,591.2748708811957,0.0,0.0,591.2748708811957,0.4348,257.0863138591439,0.6522,0.0,2.174,0.0,0.0,0.0,257.0863138591439,257.09元,0.0,591.2748708811957
2025-02-27T02:50:00,2025-02-27T03:00:00,2025-02-27,17,605.1388494480797,605.1388494480797,0.0,605.1388494480797,0.0,0.0,605.1388494480797,0.4335,262.3276912357425,0.65025,0.0,2.1675,0.0,0.0,0.0,262.3276912357425,262.33元,0.0,605.1388494480797
2025-02-27T03:00:00,2025-02-27T03:10:00,2025-02-27,18,629.359888061985,629.359888061985,0.0,629.359888061985,0.0,0.0,629.359888061985,0.4357,274.21210322860685,0.65355,0.0,2.1784999999999997,0.0,0.0,0.0,274.21210322860685,274.21元,0.0,629.359888061985
2025-02-27T03:10:00,2025-02-27T03:20:00,2025-02-27,19,612.6610357351426,612.6610357351426,0.0,612.6610357351426,0.0,0.0,612.6610357351426,0.4374,267.9779370305514,0.6561,0.0,2.1870000000000003,0.0,0.0,0.0,267.9779370305514,267.98元,0.0,612.6610357351426
2025-02-27T03:20:00,2025-02-27T03:30:00,2025-02-27,20,586.8633161648212,586.8633161648212,0.0,586.8633161648212,0.0,0.0,586.8633161648212,0.4371,256.5179554956433,0.65565,0.0,2.1854999999999998,0.0,0.0,0.0,256.5179554956433,256.52元,0.0,586.8633161648212
2025-02-27T03:30:00,2025-02-27T03:40:00,2025-02-27,21,591.4914462579283,591.4914462579283,0.0,591.4914462579283,0.0,0.0,591.4914462579283,0.4356,257.6536739899535,0.6534,0.0,2.178,0.0,0.0,0.0,257.6536739899535,257.65元,0.0,591.4914462579283
2025-02-27T03:40:00,2025-02-27T03:50:00,2025-02-27,22,635.6994013170342,635.6994013170342,0.0,635.6994013170342,0.0,0.0,635.6994013170342,0.4353,276.719949393305,0.65295,0.0,2.1765,0.0,0.0,0.0,276.719949393305,276.72元,0.0,635.6994013170342
2025-02-27T03:50:00,2025-02-27T04:00:00,2025-02-27,23,664.5031102213023,664.5031102213023,0.0,664.5031102213023,0.0,0.0,664.5031102213023,0.436,289.72335605648783,0.654,0.0,2.18,0.0,0.0,0.0,289.72335605648783,289.72元,0.0,664.5031102213023
2025-02-27T04:00:00,2025-02-27T04:10:00,2025-02-27,24,662.2349647691277,662.2349647691277,0.0,662.2349647691277,0.0,0.0,662.2349647691277,0.4378,289.9264675759241,0.6567000000000001,0.0,2.189,0.0,0.0,0.0,289.9264675759241,289.93元,0.0,662.2349647691277
2025-02-27T04:10:00,2025-02-27T04:20:00,2025-02-27,25,658.1587648492891,658.1587648492891,0.0,658.1587648492891,0.0,0.0,658.1587648492891,0.4401,289.65567241017214,0.66015,0.0,2.2005,0.0,0.0,0.0,289.65567241017214,289.66元,0.0,658.1587648492891
2025-02-27T04:20:00,2025-02-27T04:30:00,2025-02-27,26,642.0927936074122,642.0927936074122,0.0,642.0927936074122,0.0,0.0,642.0927936074122,0.4389,281.81452711429324,0.65835,0.0,2.1945,0.0,0.0,0.0,281.81452711429324,281.81元,0.0,642.0927936074122
2025-02-27T04:30:00,2025-02-27T04:40:00,2025-02-27,27,630.4592701078712,630.4592701078712,0.0,630.4592701078712,0.0,0.0,630.4592701078712,0.4364,275.132425475075,0.6546000000000001,0.0,2.182,0.0,0.0,0.0,275.132425475075,275.13元,0.0,630.4592701078712
2025-02-27T04:40:00,2025-02-27T04:50:00,2025-02-27,28,655.3860561390554,655.3860561390554,0.0,655.3860561390554,0.0,0.0,655.3860561390554,0.4393,287.91109446188705,0.65895,0.0,2.1965000000000003,0.0,0.0,0.0,287.91109446188705,287.91元,0.0,655.3860561390554
2025-02-27T04:50:00,2025-02-27T05:00:00,2025-02-27,29,666.1704039015632,666.1704039015632,0.0,666.1704039015632,0.0,0.0,666.1704039015632,0.4422,294.58055260527124,0.6633,0.0,2.211,0.0,0.0,0.0,294.58055260527124,294.58元,0.0,666.1704039015632
2025-02-27T05:00:00,2025-02-27T05:10:00,2025-02-27,30,650.9297929316483,650.9297929316483,0.0,650.9297929316483,0.0,0.0,650.9297929316483,0.4395,286.0836439934594,0.65925,0.0,2.1975,0.0,0.0,0.0,286.0836439934594,286.08元,0.0,650.9297929316483
2025-02-27T05:10:00,2025-02-27T05:20:00,2025-02-27,31,648.6368748927231,648.6368748927231,0.0,648.6368748927231,0.0,0.0,648.6368748927231,0.4333,281.05435789101693,0.64995,0.0,2.1665,0.0,0.0,0.0,281.05435789101693,281.05元,0.0,648.6368748927231
2025-02-27T05:20:00,2025-02-27T05:30:00,2025-02-27,32,661.3707958241721,661.3707958241721,0.0,661.3707958241721,0.0,0.0,661.3707958241721,0.4439,293.58249626635,0.66585,0.0,2.2195,0.0,0.0,0.0,293.58249626635,293.58元,0.0,661.3707958241721
2025-02-27T05:30:00,2025-02-27T05:40:00,2025-02-27,33,667.9454396902505,667.9454396902505,0.0,667.9454396902505,0.0,0.0,667.9454396902505,0.4301,287.2833336107767,0.64515,0.0,2.1505,0.0,0.0,0.0,287.2833336107767,287.28元,0.0,667.9454396902505
2025-02-27T05:40:00,2025-02-27T05:50:00,2025-02-27,34,1493.2290035592764,1493.2290035592764,0.0,1493.2290035592764,0.0,0.0,1493.2290035592764,0.3713,554.4359290215593,0.5569500000000001,0.0,1.8565,0.0,0.0,0.0,554.4359290215593,554.44元,17.763470235943025,1475.4655333233334
2025-02-27T05:50:00,2025-02-27T06:00:00,2025-02-27,35,727.2058033585173,727.2058033585173,0.0,727.2058033585173,0.0,0.0,727.2058033585173,0.5708,415.0890725570417,0.8562,0.0,2.854,0.0,0.0,0.0,415.0890725570417,415.09元,0.0,727.2058033585173
2025-02-27T06:00:00,2025-02-27T06:10:00,2025-02-27,36,127.96702117574307,114.5888500000001,0.0,114.5888500000001,-13.378171175742978,0.0,114.5888500000001,0.9099,104.26439461500009,1.3648500000000001,0.0,4.5495,0.0,729.5417945105135,331.9050394125581,436.16943402755817,436.17元,0.0,114.5888500000001
2025-02-27T06:10:00,2025-02-27T06:20:00,2025-02-27,37,151.77017660682566,151.77017660682566,5.301929193025217,157.07210579985087,5.301929193025217,0.0,157.07210579985087,0.9368,142.17830144527426,1.4052,7.450270902039034,4.684,0.0,0.0,0.0,149.6285723473133,149.63元,0.0,157.07210579985087
2025-02-27T06:20:00,2025-02-27T06:30:00,2025-02-27,38,125.93191586078672,125.93191586078672,5.116251802532361,131.04816766331908,5.116251802532361,0.0,131.04816766331908,0.8758,110.29117191087701,1.3137,6.721219992986763,4.3790000000000004,0.0,0.0,0.0,117.01239190386377,117.01元,0.0,131.04816766331908
2025-02-27T06:30:00,2025-02-27T06:40:00,2025-02-27,39,91.35296485224035,80.57984033757327,0.0,80.57984033757327,-10.773124514667074,0.0,80.57984033757327,0.8759,70.57988215168044,1.31385,0.0,4.3795,0.0,0.0,0.0,70.57988215168044,70.58元,0.0,80.57984033757327
2025-02-27T06:40:00,2025-02-27T06:50:00,2025-02-27,40,54.7089486823063,53.61223371765129,0.0,53.61223371765129,-1.096714964655007,7.298016292348726,60.91025001000002,0.8601,46.11188222055188,1.29015,0.0,4.3004999999999995,31.385119065245693,0.0,0.0,77.49700128579757,77.50元,0.0,60.91025001000002
2025-02-27T06:50:00,2025-02-27T07:00:00,2025-02-27,41,751.3054353103158,603.1690912639081,0.0,603.1690912639081,-148.13634404640777,0.0,603.1690912639081,0.8442,509.19534684499115,1.2663,0.0,4.221,0.0,0.0,0.0,509.19534684499115,509.20元,0.0,603.1690912639081
2025-02-27T07:00:00,2025-02-27T07:10:00,2025-02-27,42,698.6091945036789,689.5057257761098,0.0,689.5057257761098,-9.103468727569066,0.0,689.5057257761098,0.8334,574.63407186181,1.2501,0.0,4.167,0.0,0.0,0.0,574.63407186181,574.63元,0.0,689.5057257761098
2025-02-27T07:10:00,2025-02-27T07:20:00,2025-02-27,43,659.2156981603042,650.6490611273399,0.0,650.6490611273399,-8.566637032964309,0.0,650.6490611273399,0.8092,526.5052202642435,1.2138,0.0,4.046,0.0,0.0,0.0,526.5052202642435,526.51元,0.0,650.6490611273399
2025-02-27T07:20:00,2025-02-27T07:30:00,2025-02-27,44,622.4011569982429,614.3700495638872,0.0,614.3700495638872,-8.031107434355704,0.0,614.3700495638872,0.7972,489.77580351233087,1.1958,0.0,3.986,0.0,0.0,0.0,489.77580351233087,489.78元,0.0,614.3700495638872
2025-02-27T07:30:00,2025-02-27T07:40:00,2025-02-27,45,549.3569854578617,549.3569854578617,0.0,549.3569854578617,0.0,0.0,549.3569854578617,0.7644,419.92847968398945,1.1465999999999998,0.0,3.822,0.0,0.0,0.0,419.92847968398945,419.93元,0.0,549.3569854578617
2025-02-27T07:40:00,2025-02-27T07:50:00,2025-02-27,46,1281.5266918734783,1274.5600035516134,0.0,1274.5600035516134,-6.966688321864922,0.0,1274.5600035516134,0.6899,879.318946450258,1.03485,0.0,3.4494999999999996,0.0,0.0,0.0,879.318946450258,879.32元,0.0,1274.5600035516134
2025-02-27T07:50:00,2025-02-27T08:00:00,2025-02-27,47,34.48998312915489,0.0,0.0,0.0,-34.48998312915489,0.0,0.0,0.86,0.0,1.29,0.0,4.3,0.0,0.0,0.0,0.0,0.00元,0.0,0.0
2025-02-27T08:00:00,2025-02-27T08:10:00,2025-02-27,48,0.0,0.0,0.0,0.0,0.0,0.0,0.0,1.1617,0.0,1.74255,0.0,5.8084999999999996,0.0,0.0,0.0,0.0,0.00元,0.0,0.0
2025-02-27T08:10:00,2025-02-27T08:20:00,2025-02-27,49,0.0,0.0,0.0,0.0,0.0,0.0,0.0,1.1683,0.0,1.7524499999999998,0.0,5.8415,0.0,0.0,0.0,0.0,0.00元,0.0,0.0
2025-02-27T08:20:00,2025-02-27T08:30:00,2025-02-27,50,0.0,0.0,0.0,0.0,0.0,0.0,0.0,1.0956,0.0,1.6433999999999997,0.0,5.478,0.0,0.0,0.0,0.0,0.00元,0.0,0.0
2025-02-27T08:30:00,2025-02-27T08:40:00,2025-02-27,51,0.0,0.0,0.0,0.0,0.0,0.0,0.0,1.0849,0.0,1.6273499999999999,0.0,5.4245,0.0,0.0,0.0,0.0,0.00元,0.0,0.0
2025-02-27T08:40:00,2025-02-27T08:50:00,2025-02-27,52,0.0,0.0,0.0,0.0,0.0,0.0,0.0,1.061,0.0,1.5915,0.0,5.305,0.0,0.0,0.0,0.0,0.00元,0.0,0.0
2025-02-27T08:50:00,2025-02-27T09:00:00,2025-02-27,53,0.0,0.0,0.0,0.0,0.0,0.0,0.0,1.043,0.0,1.5644999999999998,0.0,5.215,0.0,0.0,0.0,0.0,0.00元,0.0,0.0
2025-02-27T09:00:00,2025-02-27T09:10:00,2025-02-27,54,0.0,0.0,0.0,0.0,0.0,0.0,0.0,1.036,0.0,1.554,0.0,5.18,0.0,0.0,0.0,0.0,0.00元,0.0,0.0
2025-02-27T09:10:00,2025-02-27T09:20:00,2025-02-27,55,0.0,0.0,0.0,0.0,0.0,0.0,0.0,1.0147,0.0,1.52205,0.0,5.073499999999999,0.0,0.0,0.0,0.0,0.00元,0.0,0.0
2025-02-27T09:20:00,2025-02-27T09:30:00,2025-02-27,56,0.0,0.0,0.0,0.0,0.0,0.0,0.0,0.9922,0.0,1.4883,0.0,4.961,0.0,0.0,0.0,0.0,0.00元,0.0,0.0
2025-02-27T09:30:00,2025-02-27T09:40:00,2025-02-27,57,0.0,0.0,0.0,0.0,0.0,0.0,0.0,0.97,0.0,1.455,0.0,4.85,0.0,0.0,0.0,0.0,0.00元,0.0,0.0
2025-02-27T09:40:00,2025-02-27T09:50:00,2025-02-27,58,0.0,0.0,0.0,0.0,0.0,11.689087110173169,11.689087110173169,0.9422,0.0,1.4133,0.0,4.711,55.067289376025805,0.0,0.0,55.067289376025805,55.07元,0.0,11.689087110173169
2025-02-27T09:50:00,2025-02-27T10:00:00,2025-02-27,59,0.0,0.0,0.0,0.0,0.0,182.39603333333326,182.39603333333326,0.9569,0.0,1.43535,0.0,4.7844999999999995,872.673821483333,0.0,0.0,872.673821483333,872.67元,0.0,182.39603333333326
2025-02-27T10:00:00,2025-02-27T10:10:00,2025-02-27,60,0.0,0.0,0.0,0.0,0.0,145.9620833333334,145.9620833333334,0.9977,0.0,1.49655,0.0,4.9885,728.1318527083337,0.0,0.0,728.1318527083337,728.13元,0.0,145.9620833333334
2025-02-27T10:10:00,2025-02-27T10:20:00,2025-02-27,61,0.0,0.0,0.0,0.0,0.0,83.06083333333325,83.06083333333325,0.9919,0.0,1.48785,0.0,4.9595,411.94020291666624,0.0,0.0,411.94020291666624,411.94元,0.0,83.06083333333325
2025-02-27T10:20:00,2025-02-27T10:30:00,2025-02-27,62,0.0,0.0,0.0,0.0,0.0,26.561833333333464,26.561833333333464,0.9588,0.0,1.4382,0.0,4.794,127.33742900000063,0.0,0.0,127.33742900000063,127.34元,0.0,26.561833333333464
2025-02-27T10:30:00,2025-02-27T10:40:00,2025-02-27,63,0.0,0.0,0.0,0.0,0.0,0.0,0.0,0.9549,0.0,1.43235,0.0,4.7745,0.0,0.0,0.0,0.0,0.00元,0.0,0.0
2025-02-27T10:40:00,2025-02-27T10:50:00,2025-02-27,64,0.0,0.0,0.0,0.0,0.0,0.0,0.0,0.9839,0.0,1.4758499999999999,0.0,4.9195,0.0,0.0,0.0,0.0,0.00元,0.0,0.0
2025-02-27T10:50:00,2025-02-27T11:00:00,2025-02-27,65,0.0,0.0,0.0,0.0,0.0,0.0,0.0,0.799,0.0,1.1985000000000001,0.0,3.995,0.0,0.0,0.0,0.0,0.00元,0.0,0.0
2025-02-27T11:00:00,2025-02-27T11:10:00,2025-02-27,66,774.7832675639364,632.0568731690427,0.0,632.0568731690427,-142.72639439489376,0.0,632.0568731690427,0.5025,317.60857876744393,0.7537499999999999,0.0,2.5124999999999997,0.0,0.0,0.0,317.60857876744393,317.61元,0.0,632.0568731690427
2025-02-27T11:10:00,2025-02-27T11:20:00,2025-02-27,67,744.4987946166726,712.4927593825033,0.0,712.4927593825033,-32.0060352341693,0.0,712.4927593825033,0.4662,332.16412442412303,0.6993,0.0,2.331,0.0,0.0,0.0,332.16412442412303,332.16元,0.0,712.4927593825033
2025-02-27T11:20:00,2025-02-27T11:30:00,2025-02-27,68,706.6515103655585,674.005620118092,0.0,674.005620118092,-32.64589024746647,0.0,674.005620118092,0.5007,337.4746139931287,0.75105,0.0,2.5035000000000003,0.0,0.0,0.0,337.4746139931287,337.47元,0.0,674.005620118092
2025-02-27T11:30:00,2025-02-27T11:40:00,2025-02-27,69,689.523157490327,656.4394652101818,0.0,656.4394652101818,-33.083692280145215,0.0,656.4394652101818,0.4827,316.86332985695475,0.7240500000000001,0.0,2.4135,0.0,0.0,0.0,316.86332985695475,316.86元,0.0,656.4394652101818
2025-02-27T11:40:00,2025-02-27T11:50:00,2025-02-27,70,701.5710109339706,668.6866780716583,0.0,668.6866780716583,-32.88433286231225,0.0,668.6866780716583,0.4785,319.9665754572885,0.71775,0.0,2.3925,0.0,0.0,0.0,319.9665754572885,319.97元,0.0,668.6866780716583
2025-02-27T11:50:00,2025-02-27T12:00:00,2025-02-27,71,702.8869064197523,670.5884253422945,0.0,670.5884253422945,-32.298481077457836,0.0,670.5884253422945,0.4662,312.6283238945777,0.6993,0.0,2.331,0.0,0.0,0.0,312.6283238945777,312.63元,0.0,670.5884253422945
2025-02-27T12:00:00,2025-02-27T12:10:00,2025-02-27,72,667.1128827455221,632.6088018996201,0.0,632.6088018996201,-34.50408084590208,0.0,632.6088018996201,0.4432,280.3722210019116,0.6648,0.0,2.2159999999999997,0.0,199.9754164959628,44.31455229550536,324.68677329741695,324.69元,0.0,632.6088018996201
2025-02-27T12:10:00,2025-02-27T12:20:00,2025-02-27,73,638.4593604758644,603.999166167605,0.0,603.999166167605,-34.46019430825936,0.0,603.999166167605,0.4411,266.42403219653056,0.66165,0.0,2.2055,0.0,0.0,0.0,266.42403219653056,266.42元,0.0,603.999166167605
2025-02-27T12:20:00,2025-02-27T12:30:00,2025-02-27,74,628.102240060896,593.6510691421339,0.0,593.6510691421339,-34.451170918762045,0.0,593.6510691421339,0.4551,270.17060156658516,0.68265,0.0,2.2755,0.0,0.0,0.0,270.17060156658516,270.17元,0.0,593.6510691421339
2025-02-27T12:30:00,2025-02-27T12:40:00,2025-02-27,75,627.1405184887532,592.9251631629417,0.0,592.9251631629417,-34.215355325811515,0.0,592.9251631629417,0.4463,264.6225003196208,0.66945,0.0,2.2315,0.0,0.0,0.0,264.6225003196208,264.62元,0.0,592.9251631629417
2025-02-27T12:40:00,2025-02-27T12:50:00,2025-02-27,76,614.2140893182484,580.3209642549168,0.0,580.3209642549168,-33.89312506333158,0.0,580.3209642549168,0.4113,238.68601259804728,0.61695,0.0,2.0564999999999998,0.0,0.0,0.0,238.68601259804728,238.69元,0.0,580.3209642549168
2025-02-27T12:50:00,2025-02-27T13:00:00,2025-02-27,77,114.20894942208179,0.0,567.5547428666824,567.5547428666824,453.34579344460064,0.0,567.5547428666824,0.5682,0.0,0.8523000000000001,483.7269073452735,2.841,0.0,0.0,0.0,483.7269073452735,483.73元,0.0,567.5547428666824
2025-02-27T13:00:00,2025-02-27T13:10:00,2025-02-27,78,0.0,0.0,0.0,0.0,0.0,0.0,0.0,0.8279,0.0,1.24185,0.0,4.1395,0.0,0.0,0.0,0.0,0.00元,0.0,0.0
2025-02-27T13:10:00,2025-02-27T13:20:00,2025-02-27,79,0.0,0.0,0.0,0.0,0.0,0.0,0.0,0.8636,0.0,1.2954,0.0,4.3180000000000005,0.0,0.0,0.0,0.0,0.00元,0.0,0.0
2025-02-27T13:20:00,2025-02-27T13:30:00,2025-02-27,80,0.0,0.0,0.0,0.0,0.0,0.0,0.0,0.8416,0.0,1.2624,0.0,4.208,0.0,0.0,0.0,0.0,0.00元,0.0,0.0
2025-02-27T13:30:00,2025-02-27T13:40:00,2025-02-27,81,0.0,0.0,0.0,0.0,0.0,0.0,0.0,0.8618,0.0,1.2927,0.0,4.309,0.0,0.0,0.0,0.0,0.00元,0.0,0.0
2025-02-27T13:40:00,2025-02-27T13:50:00,2025-02-27,82,0.0,0.0,0.0,0.0,0.0,0.0,0.0,0.8623,0.0,1.29345,0.0,4.3115,0.0,0.0,0.0,0.0,0.00元,0.0,0.0
2025-02-27T13:50:00,2025-02-27T14:00:00,2025-02-27,83,0.0,0.0,0.0,0.0,0.0,0.0,0.0,0.9026,0.0,1.3538999999999999,0.0,4.513,0.0,0.0,0.0,0.0,0.00元,0.0,0.0
2025-02-27T14:00:00,2025-02-27T14:10:00,2025-02-27,84,0.0,0.0,0.0,0.0,0.0,0.0,0.0,0.9754,0.0,1.4631,0.0,4.877000000000001,0.0,0.0,0.0,0.0,0.00元,0.0,0.0
2025-02-27T14:10:00,2025-02-27T14:20:00,2025-02-27,85,0.0,0.0,0.0,0.0,0.0,0.0,0.0,1.0002,0.0,1.5003,0.0,5.0009999999999994,0.0,0.0,0.0,0.0,0.00元,0.0,0.0
2025-02-27T14:20:00,2025-02-27T14:30:00,2025-02-27,86,0.0,0.0,0.0,0.0,0.0,0.0,0.0,0.9978,0.0,1.4967000000000001,0.0,4.989,0.0,0.0,0.0,0.0,0.00元,0.0,0.0
2025-02-27T14:30:00,2025-02-27T14:40:00,2025-02-27,87,0.0,0.0,0.0,0.0,0.0,0.0,0.0,1.0271,0.0,1.5406499999999999,0.0,5.1354999999999995,0.0,0.0,0.0,0.0,0.00元,0.0,0.0
2025-02-27T14:40:00,2025-02-27T14:50:00,2025-02-27,88,0.0,0.0,0.0,0.0,0.0,0.0,0.0,1.0906,0.0,1.6359,0.0,5.453,0.0,0.0,0.0,0.0,0.00元,0.0,0.0
2025-02-27T14:50:00,2025-02-27T15:00:00,2025-02-27,89,0.0,0.0,0.0,0.0,0.0,0.0,0.0,0.9376,0.0,1.4064,0.0,4.688,0.0,0.0,0.0,0.0,0.00元,0.0,0.0
2025-02-27T15:00:00,2025-02-27T15:10:00,2025-02-27,90,240.79085897614038,238.49921749398766,1.5038060623138563,240.0030235563015,-0.7878354198388706,0.0,240.0030235563015,0.6694,159.65137619047533,1.0041,1.509971667169343,3.347,0.0,0.0,0.0,161.16134785764467,161.16元,0.0,240.0030235563015
2025-02-27T15:10:00,2025-02-27T15:20:00,2025-02-27,91,987.0901593636163,970.9511989197963,74.53126976780914,1045.4824686876054,58.39230932398914,0.0,1045.4824686876054,0.66,640.8277912870656,0.99,73.78595707013105,3.3000000000000003,0.0,0.0,0.0,714.6137483571966,714.61元,0.0,1045.4824686876054
2025-02-27T15:20:00,2025-02-27T15:30:00,2025-02-27,92,355.8068096029074,353.6179165715639,1.4592117381888556,355.07712830975277,-0.7296812931546128,0.0,355.07712830975277,0.7217,255.20605038969768,1.08255,1.5796696671763457,3.6085000000000003,0.0,0.0,0.0,256.785720056874,256.79元,0.0,355.07712830975277
2025-02-27T15:30:00,2025-02-27T15:40:00,2025-02-27,93,382.9697311791979,380.8285836558498,1.4404820384131654,382.26906569426296,-0.7006654849349161,0.0,382.26906569426296,0.7308,278.309528935695,1.0962,1.5790564105085119,3.654,0.0,0.0,0.0,279.88858534620357,279.89元,0.0,382.26906569426296
2025-02-27T15:40:00,2025-02-27T15:50:00,2025-02-27,94,427.9488721956518,425.8526415388078,1.4249091941794632,427.27755073298727,-0.6713214626645367,0.0,427.27755073298727,0.7534,320.83738013533775,1.1300999999999999,1.6102898803422112,3.767,0.0,0.0,0.0,322.44767001568,322.45元,0.0,427.27755073298727
2025-02-27T15:50:00,2025-02-27T16:00:00,2025-02-27,95,483.3385248518633,481.2846161589223,1.412135073064178,482.69675123198647,-0.641773619876858,0.0,482.69675123198647,0.7823,376.5089552211249,1.1734499999999999,1.6570699014871597,3.9115,0.0,0.0,0.0,378.16602512261204,378.17元,0.0,482.69675123198647
2025-02-27T16:00:00,2025-02-27T16:10:00,2025-02-27,96,535.9922443000273,533.7814532516168,1.744029297896077,535.5254825495128,-0.466761750514479,0.0,535.5254825495128,0.8055,429.9609605941773,1.20825,2.107223399182935,4.0275,0.0,0.0,0.0,432.06818399336026,432.07元,0.0,535.5254825495128
2025-02-27T16:10:00,2025-02-27T16:20:00,2025-02-27,97,577.6904382901799,575.5402130185284,1.696250703354508,577.236463721883,-0.4539745682969851,0.0,577.236463721883,0.8271,476.02931018762484,1.24065,2.10445343511677,4.1354999999999995,0.0,0.0,0.0,478.13376362274164,478.13元,0.0,577.236463721883
2025-02-27T16:20:00,2025-02-27T16:30:00,2025-02-27,98,632.1326180014162,630.0412992753991,1.6497810283945,631.6910803037936,-0.4415376976226071,0.0,631.6910803037936,0.8519,536.7321828527124,1.27785,2.1081726871339117,4.2595,0.0,0.0,0.0,538.8403555398464,538.84元,0.0,631.6910803037936
2025-02-27T16:30:00,2025-02-27T16:40:00,2025-02-27,99,699.6584498603694,697.6244239043681,1.302744488836538,698.9271683932046,-0.7312814671647629,0.0,698.9271683932046,0.8791,613.28163105433,1.3186499999999999,1.717864020204301,4.3955,0.0,0.0,0.0,614.9994950745343,615.00元,0.0,698.9271683932046
2025-02-27T16:40:00,2025-02-27T16:50:00,2025-02-27,100,759.4464439418505,757.4681411904712,0.0,757.4681411904712,-1.9783027513792604,0.0,757.4681411904712,0.9024,683.5392506102812,1.3536,0.0,4.512,0.0,0.0,0.0,683.5392506102812,683.54元,0.0,757.4681411904712
2025-02-27T16:50:00,2025-02-27T17:00:00,2025-02-27,101,814.579121727669,812.6550156145859,0.0,812.6550156145859,-1.9241061130830985,0.0,812.6550156145859,0.9163,744.635790807645,1.37445,0.0,4.5815,0.0,0.0,0.0,744.635790807645,744.64元,0.0,812.6550156145859
2025-02-27T17:00:00,2025-02-27T17:10:00,2025-02-27,102,873.8600566029825,871.9886623829516,0.0,871.9886623829516,-1.8713942200308793,0.0,871.9886623829516,0.9264,807.8102968315663,1.3896,0.0,4.632,0.0,0.0,0.0,807.8102968315663,807.81元,0.0,871.9886623829516
2025-02-27T17:10:00,2025-02-27T17:20:00,2025-02-27,103,937.415056256858,935.5949298600062,0.0,935.5949298600062,-1.8201263968517196,0.0,935.5949298600062,0.9462,885.2599226335379,1.4193,0.0,4.731,0.0,0.0,0.0,885.2599226335379,885.26元,0.0,935.5949298600062
2025-02-27T17:20:00,2025-02-27T17:30:00,2025-02-27,104,975.1868618680054,973.41659878551,0.0,973.41659878551,-1.7702630824953758,0.0,973.41659878551,0.9742,948.3024505368438,1.4613,0.0,4.8709999999999996,0.0,0.0,0.0,948.3024505368438,948.30元,0.0,973.41659878551
2025-02-27T17:30:00,2025-02-27T17:40:00,2025-02-27,105,1002.2470010995188,1000.5252352998099,0.0,1000.5252352998099,-1.721765799708919,0.0,1000.5252352998099,0.9862,986.7179870526725,1.4792999999999998,0.0,4.931,0.0,0.0,0.0,986.7179870526725,986.72元,0.0,1000.5252352998099
2025-02-27T17:40:00,2025-02-27T17:50:00,2025-02-27,106,1036.5793425216743,1034.9047453963321,0.0,1034.9047453963321,-1.6745971253421885,0.0,1034.9047453963321,0.976,1010.0670315068202,1.464,0.0,4.88,0.0,0.0,0.0,1010.0670315068202,1010.07元,0.0,1034.9047453963321
2025-02-27T17:50:00,2025-02-27T18:00:00,2025-02-27,107,913.5712244390014,911.942503777527,0.0,911.942503777527,-1.6287206614744036,0.0,911.942503777527,1.0742,979.6086375578195,1.6113,0.0,5.371,0.0,0.0,0.0,979.6086375578195,979.61元,0.0,911.942503777527
2025-02-27T18:00:00,2025-02-27T18:10:00,2025-02-27,108,706.8727245502027,705.2886235428807,6.434251457119217,711.7228749999999,4.850150449797184,0.0,711.7228749999999,1.2313,868.421882168349,1.84695,11.883740728726337,6.1565,0.0,0.0,0.0,880.3056228970754,880.31元,0.0,711.7228749999999
2025-02-27T18:10:00,2025-02-27T18:20:00,2025-02-27,109,681.6411926882479,680.100488956322,6.257981774086602,686.3584707304086,4.7172780421607285,0.0,686.3584707304086,1.2561,854.2742241780361,1.88415,11.79097635964527,6.2805,0.0,0.0,0.0,866.0652005376813,866.07元,0.0,686.3584707304086
2025-02-27T18:20:00,2025-02-27T18:30:00,2025-02-27,110,727.6356013205987,726.1371059730177,6.086541091189133,732.2236470642068,4.588045743608177,0.0,732.2236470642068,1.2447,903.8228558046151,1.8670499999999999,11.36387654430467,6.2235,0.0,0.0,0.0,915.1867323489197,915.19元,0.0,732.2236470642068
2025-02-27T18:30:00,2025-02-27T18:40:00,2025-02-27,111,742.7390105063433,741.2815672223481,5.919797115443089,747.2013643377912,4.462353831447899,0.0,747.2013643377912,1.2545,929.9377260804357,1.8817499999999998,11.139578221985031,6.2725,0.0,0.0,0.0,941.0773043024208,941.08元,0.0,747.2013643377912
2025-02-27T18:40:00,2025-02-27T18:50:00,2025-02-27,112,732.1756773915291,730.7581615283722,5.757621178100408,736.5157827064726,4.340105314943457,0.0,736.5157827064726,1.2522,915.0553698658276,1.8782999999999999,10.814539858825995,6.261,0.0,0.0,0.0,925.8699097246537,925.87元,0.0,736.5157827064726
2025-02-27T18:50:00,2025-02-27T19:00:00,2025-02-27,113,53.73547923191836,53.73547923191836,409.82683114128366,463.562310373202,409.82683114128366,0.0,463.562310373202,1.2881,69.21667079863404,1.93215,791.8469117896312,6.4405,0.0,0.0,0.0,861.0635825882653,861.06元,0.0,463.562310373202
2025-02-27T19:00:00,2025-02-27T19:10:00,2025-02-27,114,0.0,0.0,9.51805028549336,9.51805028549336,9.51805028549336,0.0,9.51805028549336,1.3466,0.0,2.0199,19.225509771668037,6.7330000000000005,0.0,0.0,0.0,19.225509771668037,19.23元,0.0,9.51805028549336
2025-02-27T19:10:00,2025-02-27T19:20:00,2025-02-27,115,2.574556609699812,0.9775158077062542,6.113628877919382,7.091144685625636,4.516588075925824,0.0,7.091144685625636,1.3523,1.3218946267611678,2.0284500000000003,12.401190497415572,6.7615,0.0,0.0,0.0,13.72308512417674,13.72元,0.0,7.091144685625636
2025-02-27T19:20:00,2025-02-27T19:30:00,2025-02-27,116,18.504500849443502,18.504500849443502,2.665151053942509,21.16965190338601,2.665151053942509,0.0,21.16965190338601,1.3445,24.87930139207679,2.01675,5.374943388038555,6.7225,0.0,0.0,0.0,30.254244780115343,30.25元,0.0,21.16965190338601
2025-02-27T19:30:00,2025-02-27T19:40:00,2025-02-27,117,2.219750330286274,2.219750330286274,10.20387782489513,12.423628155181405,10.20387782489513,0.0,12.423628155181405,1.3483,2.9928893703249835,2.02245,20.636832706959158,6.7415,0.0,0.0,0.0,23.62972207728414,23.63元,0.0,12.423628155181405
2025-02-27T19:40:00,2025-02-27T19:50:00,2025-02-27,118,10.75703956417749,10.299692828353045,3.4851647576467712,13.784857585999816,3.027818021822327,0.0,13.784857585999816,1.349,13.894285625448257,2.0235,7.052230887098242,6.745,0.0,0.0,0.0,20.9465165125465,20.95元,0.0,13.784857585999816
2025-02-27T19:50:00,2025-02-27T20:00:00,2025-02-27,119,0.0,0.0,9.280356734403199,9.280356734403199,9.280356734403199,0.0,9.280356734403199,1.3473,0.0,2.02095,18.755136942392145,6.7364999999999995,0.0,0.0,0.0,18.755136942392145,18.76元,0.0,9.280356734403199
2025-02-27T20:00:00,2025-02-27T20:10:00,2025-02-27,120,0.0,0.0,0.0,0.0,0.0,0.0,0.0,1.3482,0.0,2.0223,0.0,6.7410000000000005,0.0,0.0,0.0,0.0,0.00元,0.0,0.0
2025-02-27T20:10:00,2025-02-27T20:20:00,2025-02-27,121,2.8000561764027907,2.2071666647645998,0.0,2.2071666647645998,-0.5928895116381909,0.0,2.2071666647645998,1.3513,2.9825443140964034,2.02695,0.0,6.7565,0.0,0.0,0.0,2.9825443140964034,2.98元,0.0,2.2071666647645998
2025-02-27T20:20:00,2025-02-27T20:30:00,2025-02-27,122,22.73797901585033,22.73797901585033,1.932893152622455,24.670872168472783,1.932893152622455,0.0,24.670872168472783,1.34,30.468891881239443,2.0100000000000002,3.885115236771135,6.7,0.0,0.0,0.0,34.35400711801058,34.35元,0.0,24.670872168472783
2025-02-27T20:30:00,2025-02-27T20:40:00,2025-02-27,123,11.640056196470823,11.600294373319116,4.511993006883017,16.112287380202133,4.47223118373131,0.0,16.112287380202133,1.3489,15.647637080170155,2.0233499999999998,9.129341050476754,6.7445,0.0,0.0,0.0,24.776978130646906,24.78元,0.0,16.112287380202133
2025-02-27T20:40:00,2025-02-27T20:50:00,2025-02-27,124,3.536071577155326,1.758497735608671,3.3117829743747507,5.070280709983422,1.5342091328280958,0.0,5.070280709983422,1.3952,2.453456040721218,2.0928,6.930899408771478,6.976,0.0,0.0,0.0,9.384355449492697,9.38元,0.0,5.070280709983422
2025-02-27T20:50:00,2025-02-27T21:00:00,2025-02-27,125,708.8524038998308,708.8524038998308,2.373616841615899,711.2260207414467,2.373616841615899,0.0,711.2260207414467,1.2226,866.6429490079331,1.8338999999999999,4.352975925839397,6.1129999999999995,0.0,0.0,0.0,870.9959249337725,871.00元,0.0,711.2260207414467
2025-02-27T21:00:00,2025-02-27T21:10:00,2025-02-27,126,736.8625826814991,736.8625826814991,2.9417649520210034,739.8043476335201,2.9417649520210034,0.0,739.8043476335201,0.9332,687.640162158375,1.3998,4.117882579839001,4.666,0.0,0.0,0.0,691.758044738214,691.76元,0.0,739.8043476335201
2025-02-27T21:10:00,2025-02-27T21:20:00,2025-02-27,127,749.8599590025067,749.8599590025067,2.861173762959652,752.7211327654663,2.861173762959652,0.0,752.7211327654663,0.9068,679.9730108234731,1.3602,3.8917685523777186,4.534000000000001,0.0,0.0,0.0,683.8647793758508,683.86元,0.0,752.7211327654663
2025-02-27T21:20:00,2025-02-27T21:30:00,2025-02-27,128,728.4285247100837,728.4285247100837,2.7827904116622904,731.211315121746,2.7827904116622904,0.0,731.211315121746,0.9371,682.6103705058194,1.40565,3.9116293421530988,4.6855,0.0,0.0,0.0,686.5219998479726,686.52元,0.0,731.211315121746
2025-02-27T21:30:00,2025-02-27T21:40:00,2025-02-27,129,711.1322568065771,711.1322568065771,2.706554413259255,713.8388112198363,2.706554413259255,0.0,713.8388112198363,0.9371,666.4020378534434,1.40565,3.804468210997872,4.6855,0.0,0.0,0.0,670.2065060644412,670.21元,0.0,713.8388112198363
2025-02-27T21:40:00,2025-02-27T21:50:00,2025-02-27,130,682.8565840152203,682.8565840152203,44.50585696496228,727.3624409801826,44.50585696496228,0.0,727.3624409801826,0.9871,674.0477340814239,1.48065,65.8975971151714,4.9355,0.0,0.0,0.0,739.9453311965954,739.95元,0.0,727.3624409801826
2025-02-27T21:50:00,2025-02-27T22:00:00,2025-02-27,131,705.0610905733633,674.2313928700845,1.044812188923288,675.2762050590078,-29.78488551435555,0.0,675.2762050590078,0.7764,523.4732534243336,1.1646,1.2167882752200612,3.8819999999999997,0.0,0.0,0.0,524.6900416995536,524.69元,0.0,675.2762050590078
2025-02-27T22:00:00,2025-02-27T22:10:00,2025-02-27,132,1377.0455324079962,1376.2322278325603,0.0,1376.2322278325603,-0.81330457543595,0.0,1376.2322278325603,0.4209,579.2561446947246,0.63135,0.0,2.1045,0.0,0.0,0.0,579.2561446947246,579.26元,3.4038945092270216,1372.8283333233333
2025-02-27T22:10:00,2025-02-27T22:20:00,2025-02-27,133,1366.9126486410537,1366.1216249697256,0.0,1366.1216249697256,-0.7910236713280483,0.0,1366.1216249697256,0.3859,527.1863350758172,0.5788500000000001,0.0,1.9295,0.0,0.0,0.0,527.1863350758172,527.19元,0.2194749797256384,1365.90214999
2025-02-27T22:20:00,2025-02-27T22:30:00,2025-02-27,134,559.432508185766,559.432508185766,0.0,559.432508185766,0.0,0.0,559.432508185766,0.4368,244.3601195755426,0.6552,0.0,2.184,0.0,0.0,0.0,244.3601195755426,244.36元,0.0,559.432508185766
2025-02-27T22:30:00,2025-02-27T22:40:00,2025-02-27,135,1389.0127078685664,1388.2644315365442,0.0,1388.2644315365442,-0.7482763320222148,0.0,1388.2644315365442,0.4198,582.7934083590412,0.6297,0.0,2.099,0.0,0.0,0.0,582.7934083590412,582.79元,22.91776487987749,1365.3466666566667
2025-02-27T22:40:00,2025-02-27T22:50:00,2025-02-27,136,1386.69671757089,1385.9689406602452,0.0,1385.9689406602452,-0.7277769106449341,0.0,1385.9689406602452,0.4186,580.1665985603787,0.6279,0.0,2.093,0.0,0.0,0.0,580.1665985603787,580.17元,8.804640670245128,1377.16429999
2025-02-27T22:50:00,2025-02-27T23:00:00,2025-02-27,137,562.8798560701309,562.8798560701309,0.0,562.8798560701309,0.0,0.0,562.8798560701309,0.4241,238.7173469593425,0.63615,0.0,2.1205,0.0,0.0,0.0,238.7173469593425,238.72元,0.0,562.8798560701309
2025-02-27T23:00:00,2025-02-27T23:10:00,2025-02-27,138,1409.0561410470596,1408.367693587183,0.0,1408.367693587183,-0.6884474598764427,0.0,1408.367693587183,0.4237,596.7253917728896,0.6355500000000001,0.0,2.1185,0.0,0.0,0.0,596.7253917728896,596.73元,22.67436026384984,1385.6933333233333
2025-02-27T23:10:00,2025-02-27T23:20:00,2025-02-27,139,575.3433315930349,575.3433315930349,0.0,575.3433315930349,0.0,0.0,575.3433315930349,0.4248,244.40584726072123,0.6372,0.0,2.124,0.0,0.0,0.0,244.40584726072123,244.41元,0.0,575.3433315930349
2025-02-27T23:20:00,2025-02-27T23:30:00,2025-02-27,140,1210.202067285205,1210.202067285205,0.0,1210.202067285205,0.0,0.0,1210.202067285205,0.424,513.1256765289269,0.636,0.0,2.12,0.0,0.0,0.0,513.1256765289269,513.13元,0.0,1210.202067285205
2025-02-27T23:30:00,2025-02-27T23:40:00,2025-02-27,141,1390.4227511857384,1389.7893489455132,0.0,1389.7893489455132,-0.6334022402252231,0.0,1389.7893489455132,0.422,586.4911052550066,0.633,0.0,2.11,0.0,0.0,0.0,586.4911052550066,586.49元,22.826015622179845,1366.9633333233335
2025-02-27T23:40:00,2025-02-27T23:50:00,2025-02-27,142,1393.0008388636443,1392.3847890089858,0.0,1392.3847890089858,-0.6160498546585131,0.0,1392.3847890089858,0.424,590.37115053981,0.636,0.0,2.12,0.0,0.0,0.0,590.37115053981,590.37元,8.853622352319114,1383.5311666566668
2025-02-27T23:50:00,2025-02-28T00:00:00,2025-02-27,143,502.6026710527094,502.6026710527094,0.0,502.6026710527094,0.0,0.0,502.6026710527094,0.4271,214.66160080661217,0.6406499999999999,0.0,2.1355,0.0,0.0,0.0,214.66160080661217,214.66元,0.0,502.6026710527094
2025-02-28T00:00:00,2025-02-28T00:10:00,2025-02-27,144,407.12715,407.12715,0.0,407.12715,0.0,0.0,407.12715,0.4276,174.08756934,0.6414,0.0,2.138,0.0,0.0,0.0,174.08756934,174.09元,0.0,407.12715
2025-02-28T00:10:00,2025-02-28T00:20:00,2025-02-28,1,395.4093496219734,395.4093496219734,0.0,395.4093496219734,0.0,0.0,395.4093496219734,0.4248,167.9698917194143,0.6372,0.0,2.124,0.0,0.0,0.0,167.9698917194143,167.97元,0.0,395.4093496219734
2025-02-28T00:20:00,2025-02-28T00:30:00,2025-02-28,2,401.4703330245642,401.4703330245642,0.0,401.4703330245642,0.0,0.0,401.4703330245642,0.4245,170.4241563689275,0.6367499999999999,0.0,2.1225,0.0,0.0,0.0,170.4241563689275,170.42元,0.0,401.4703330245642
2025-02-28T00:30:00,2025-02-28T00:40:00,2025-02-28,3,399.6211049216167,399.6211049216167,0.0,399.6211049216167,0.0,0.0,399.6211049216167,0.4269,170.59824969103815,0.64035,0.0,2.1345,0.0,0.0,0.0,170.59824969103815,170.60元,0.0,399.6211049216167
2025-02-28T00:40:00,2025-02-28T00:50:00,2025-02-28,4,422.2482326264499,422.2482326264499,0.0,422.2482326264499,0.0,0.0,422.2482326264499,0.4272,180.38444497801942,0.6408,0.0,2.136,0.0,0.0,0.0,180.38444497801942,180.38元,0.0,422.2482326264499
2025-02-28T00:50:00,2025-02-28T01:00:00,2025-02-28,5,440.3626486861103,440.3626486861103,0.0,440.3626486861103,0.0,0.0,440.3626486861103,0.4271,188.07888725383768,0.6406499999999999,0.0,2.1355,0.0,0.0,0.0,188.07888725383768,188.08元,0.0,440.3626486861103
2025-02-28T01:00:00,2025-02-28T01:10:00,2025-02-28,6,430.47610767861244,430.47610767861244,0.0,430.47610767861244,0.0,0.0,430.47610767861244,0.4285,184.45901214028544,0.6427499999999999,0.0,2.1425,0.0,0.0,0.0,184.45901214028544,184.46元,0.0,430.47610767861244
2025-02-28T01:10:00,2025-02-28T01:20:00,2025-02-28,7,402.90262050660414,402.90262050660414,0.0,402.90262050660414,0.0,0.0,402.90262050660414,0.4311,173.69131970039703,0.64665,0.0,2.1555,0.0,0.0,0.0,173.69131970039703,173.69元,0.0,402.90262050660414
2025-02-28T01:20:00,2025-02-28T01:30:00,2025-02-28,8,412.7948020208835,412.7948020208835,0.0,412.7948020208835,0.0,0.0,412.7948020208835,0.4302,177.5843238293841,0.6453,0.0,2.1510000000000002,0.0,0.0,0.0,177.5843238293841,177.58元,0.0,412.7948020208835
2025-02-28T01:30:00,2025-02-28T01:40:00,2025-02-28,9,440.8836886405337,440.8836886405337,0.0,440.8836886405337,0.0,0.0,440.8836886405337,0.4279,188.65413036928436,0.64185,0.0,2.1395,0.0,0.0,0.0,188.65413036928436,188.65元,0.0,440.8836886405337
2025-02-28T01:40:00,2025-02-28T01:50:00,2025-02-28,10,419.7125859697668,419.7125859697668,0.0,419.7125859697668,0.0,0.0,419.7125859697668,0.4312,180.98006707016344,0.6468,0.0,2.156,0.0,0.0,0.0,180.98006707016344,180.98元,0.0,419.7125859697668
2025-02-28T01:50:00,2025-02-28T02:00:00,2025-02-28,11,425.9320480782317,425.9320480782317,0.0,425.9320480782317,0.0,0.0,425.9320480782317,0.4333,184.5563564322978,0.64995,0.0,2.1665,0.0,0.0,0.0,184.5563564322978,184.56元,0.0,425.9320480782317
2025-02-28T02:00:00,2025-02-28T02:10:00,2025-02-28,12,465.89735594487695,465.89735594487695,0.0,465.89735594487695,0.0,0.0,465.89735594487695,0.4311,200.84835014783644,0.64665,0.0,2.1555,0.0,0.0,0.0,200.84835014783644,200.85元,0.0,465.89735594487695
2025-02-28T02:10:00,2025-02-28T02:20:00,2025-02-28,13,466.6775392321184,466.6775392321184,0.0,466.6775392321184,0.0,0.0,466.6775392321184,0.4293,200.34466759234846,0.64395,0.0,2.1465,0.0,0.0,0.0,200.34466759234846,200.34元,0.0,466.6775392321184
2025-02-28T02:20:00,2025-02-28T02:30:00,2025-02-28,14,464.97934555706144,464.97934555706144,0.0,464.97934555706144,0.0,0.0,464.97934555706144,0.4324,201.05706901887336,0.6486000000000001,0.0,2.162,0.0,0.0,0.0,201.05706901887336,201.06元,0.0,464.97934555706144
2025-02-28T02:30:00,2025-02-28T02:40:00,2025-02-28,15,474.70645725985975,474.70645725985975,0.0,474.70645725985975,0.0,0.0,474.70645725985975,0.4367,207.30430988538075,0.6550499999999999,0.0,2.1835,0.0,0.0,0.0,207.30430988538075,207.30元,0.0,474.70645725985975
2025-02-28T02:40:00,2025-02-28T02:50:00,2025-02-28,16,469.6512256692872,469.6512256692872,0.0,469.6512256692872,0.0,0.0,469.6512256692872,0.4348,204.2043529210061,0.6522,0.0,2.174,0.0,0.0,0.0,204.2043529210061,204.20元,0.0,469.6512256692872
2025-02-28T02:50:00,2025-02-28T03:00:00,2025-02-28,17,467.42783703226735,467.42783703226735,0.0,467.42783703226735,0.0,0.0,467.42783703226735,0.4335,202.6299673534879,0.65025,0.0,2.1675,0.0,0.0,0.0,202.6299673534879,202.63元,0.0,467.42783703226735
2025-02-28T03:00:00,2025-02-28T03:10:00,2025-02-28,18,467.65195594076744,467.65195594076744,0.0,467.65195594076744,0.0,0.0,467.65195594076744,0.4357,203.75595720339237,0.65355,0.0,2.1784999999999997,0.0,0.0,0.0,203.75595720339237,203.76元,0.0,467.65195594076744
2025-02-28T03:10:00,2025-02-28T03:20:00,2025-02-28,19,454.1800304227964,454.1800304227964,0.0,454.1800304227964,0.0,0.0,454.1800304227964,0.4374,198.65834530693115,0.6561,0.0,2.1870000000000003,0.0,0.0,0.0,198.65834530693115,198.66元,0.0,454.1800304227964
2025-02-28T03:20:00,2025-02-28T03:30:00,2025-02-28,20,463.36578036424226,463.36578036424226,0.0,463.36578036424226,0.0,0.0,463.36578036424226,0.4371,202.5371825972103,0.65565,0.0,2.1854999999999998,0.0,0.0,0.0,202.5371825972103,202.54元,0.0,463.36578036424226
2025-02-28T03:30:00,2025-02-28T03:40:00,2025-02-28,21,487.2114550949526,487.2114550949526,0.0,487.2114550949526,0.0,0.0,487.2114550949526,0.4356,212.22930983936135,0.6534,0.0,2.178,0.0,0.0,0.0,212.22930983936135,212.23元,0.0,487.2114550949526
2025-02-28T03:40:00,2025-02-28T03:50:00,2025-02-28,22,480.79109597245645,480.79109597245645,0.0,480.79109597245645,0.0,0.0,480.79109597245645,0.4353,209.2883640768103,0.65295,0.0,2.1765,0.0,0.0,0.0,209.2883640768103,209.29元,0.0,480.79109597245645
2025-02-28T03:50:00,2025-02-28T04:00:00,2025-02-28,23,480.37565063005866,480.37565063005866,0.0,480.37565063005866,0.0,0.0,480.37565063005866,0.436,209.44378367470557,0.654,0.0,2.18,0.0,0.0,0.0,209.44378367470557,209.44元,0.0,480.37565063005866
2025-02-28T04:00:00,2025-02-28T04:10:00,2025-02-28,24,491.06163638937124,491.06163638937124,0.0,491.06163638937124,0.0,0.0,491.06163638937124,0.4378,214.98678441126674,0.6567000000000001,0.0,2.189,0.0,0.0,0.0,214.98678441126674,214.99元,0.0,491.06163638937124
2025-02-28T04:10:00,2025-02-28T04:20:00,2025-02-28,25,482.7989870040074,482.7989870040074,0.0,482.7989870040074,0.0,0.0,482.7989870040074,0.4401,212.47983418046366,0.66015,0.0,2.2005,0.0,0.0,0.0,212.47983418046366,212.48元,0.0,482.7989870040074
2025-02-28T04:20:00,2025-02-28T04:30:00,2025-02-28,26,490.65181106783297,490.65181106783297,0.0,490.65181106783297,0.0,0.0,490.65181106783297,0.4389,215.3470798776719,0.65835,0.0,2.1945,0.0,0.0,0.0,215.3470798776719,215.35元,0.0,490.65181106783297
2025-02-28T04:30:00,2025-02-28T04:40:00,2025-02-28,27,504.3171970878311,504.3171970878311,0.0,504.3171970878311,0.0,0.0,504.3171970878311,0.4364,220.08402480912952,0.6546000000000001,0.0,2.182,0.0,0.0,0.0,220.08402480912952,220.08元,0.0,504.3171970878311
2025-02-28T04:40:00,2025-02-28T04:50:00,2025-02-28,28,479.5239945073526,479.5239945073526,0.0,479.5239945073526,0.0,0.0,479.5239945073526,0.4393,210.65489078708,0.65895,0.0,2.1965000000000003,0.0,0.0,0.0,210.65489078708,210.65元,0.0,479.5239945073526
2025-02-28T04:50:00,2025-02-28T05:00:00,2025-02-28,29,480.7924960369477,480.7924960369477,0.0,480.7924960369477,0.0,0.0,480.7924960369477,0.4422,212.60644174753827,0.6633,0.0,2.211,0.0,0.0,0.0,212.60644174753827,212.61元,0.0,480.7924960369477
2025-02-28T05:00:00,2025-02-28T05:10:00,2025-02-28,30,504.7937854595007,504.7937854595007,0.0,504.7937854595007,0.0,0.0,504.7937854595007,0.4395,221.85686870945057,0.65925,0.0,2.1975,0.0,0.0,0.0,221.85686870945057,221.86元,0.0,504.7937854595007
2025-02-28T05:10:00,2025-02-28T05:20:00,2025-02-28,31,485.79966757638596,485.79966757638596,0.0,485.79966757638596,0.0,0.0,485.79966757638596,0.4333,210.49699596084804,0.64995,0.0,2.1665,0.0,0.0,0.0,210.49699596084804,210.50元,0.0,485.79966757638596
2025-02-28T05:20:00,2025-02-28T05:30:00,2025-02-28,32,487.8492376756441,487.8492376756441,0.0,487.8492376756441,0.0,0.0,487.8492376756441,0.4439,216.55627660421843,0.66585,0.0,2.2195,0.0,0.0,0.0,216.55627660421843,216.56元,0.0,487.8492376756441
2025-02-28T05:30:00,2025-02-28T05:40:00,2025-02-28,33,527.112434688901,527.112434688901,0.0,527.112434688901,0.0,0.0,527.112434688901,0.4301,226.7110581596963,0.64515,0.0,2.1505,0.0,0.0,0.0,226.7110581596963,226.71元,0.0,527.112434688901
2025-02-28T05:40:00,2025-02-28T05:50:00,2025-02-28,34,952.6314155173268,952.6314155173268,0.0,952.6314155173268,0.0,0.0,952.6314155173268,0.3713,353.7120445815834,0.5569500000000001,0.0,1.8565,0.0,0.0,0.0,353.7120445815834,353.71元,0.0,952.6314155173268
2025-02-28T05:50:00,2025-02-28T06:00:00,2025-02-28,35,0.0,0.0,0.0,0.0,0.0,0.0,0.0,0.5708,0.0,0.8562,0.0,2.854,0.0,0.0,0.0,0.0,0.00元,0.0,0.0
2025-02-28T06:00:00,2025-02-28T06:10:00,2025-02-28,36,0.0,0.0,0.0,0.0,0.0,0.0,0.0,0.9099,0.0,1.3648500000000001,0.0,4.5495,0.0,1.8277525972045225,0.8315360440981976,0.8315360440981976,0.83元,0.0,0.0
2025-02-28T06:10:00,2025-02-28T06:20:00,2025-02-28,37,0.0,0.0,0.0,0.0,0.0,0.0,0.0,0.9368,0.0,1.4052,0.0,4.684,0.0,0.0,0.0,0.0,0.00元,0.0,0.0
2025-02-28T06:20:00,2025-02-28T06:30:00,2025-02-28,38,0.0,0.0,0.0,0.0,0.0,0.0,0.0,0.8758,0.0,1.3137,0.0,4.3790000000000004,0.0,0.0,0.0,0.0,0.00元,0.0,0.0
2025-02-28T06:30:00,2025-02-28T06:40:00,2025-02-28,39,0.0,0.0,0.0,0.0,0.0,0.0,0.0,0.8759,0.0,1.31385,0.0,4.3795,0.0,0.0,0.0,0.0,0.00元,0.0,0.0
2025-02-28T06:40:00,2025-02-28T06:50:00,2025-02-28,40,0.0,0.0,0.0,0.0,0.0,0.0,0.0,0.8601,0.0,1.29015,0.0,4.3004999999999995,0.0,0.0,0.0,0.0,0.00元,0.0,0.0
2025-02-28T06:50:00,2025-02-28T07:00:00,2025-02-28,41,0.0,0.0,0.0,0.0,0.0,0.0,0.0,0.8442,0.0,1.2663,0.0,4.221,0.0,0.0,0.0,0.0,0.00元,0.0,0.0
2025-02-28T07:00:00,2025-02-28T07:10:00,2025-02-28,42,0.0,0.0,0.0,0.0,0.0,0.0,0.0,0.8334,0.0,1.2501,0.0,4.167,0.0,0.0,0.0,0.0,0.00元,0.0,0.0
2025-02-28T07:10:00,2025-02-28T07:20:00,2025-02-28,43,0.0,0.0,0.0,0.0,0.0,0.0,0.0,0.8092,0.0,1.2138,0.0,4.046,0.0,0.0,0.0,0.0,0.00元,0.0,0.0
2025-02-28T07:20:00,2025-02-28T07:30:00,2025-02-28,44,0.0,0.0,0.0,0.0,0.0,0.0,0.0,0.7972,0.0,1.1958,0.0,3.986,0.0,0.0,0.0,0.0,0.00元,0.0,0.0
2025-02-28T07:30:00,2025-02-28T07:40:00,2025-02-28,45,0.0,0.0,0.0,0.0,0.0,0.0,0.0,0.7644,0.0,1.1465999999999998,0.0,3.822,0.0,0.0,0.0,0.0,0.00元,0.0,0.0
2025-02-28T07:40:00,2025-02-28T07:50:00,2025-02-28,46,0.0,0.0,183.1600226856242,183.1600226856242,183.1600226856242,0.0,183.1600226856242,0.6899,0.0,1.03485,189.5431494762182,3.4494999999999996,0.0,0.0,0.0,189.5431494762182,189.54元,0.0,183.1600226856242
2025-02-28T07:50:00,2025-02-28T08:00:00,2025-02-28,47,0.0,0.0,0.0,0.0,0.0,0.0,0.0,0.86,0.0,1.29,0.0,4.3,0.0,0.0,0.0,0.0,0.00元,0.0,0.0
2025-02-28T08:00:00,2025-02-28T08:10:00,2025-02-28,48,0.0,0.0,0.0,0.0,0.0,0.0,0.0,1.1617,0.0,1.74255,0.0,5.8084999999999996,0.0,0.0,0.0,0.0,0.00元,0.0,0.0
2025-02-28T08:10:00,2025-02-28T08:20:00,2025-02-28,49,0.0,0.0,0.0,0.0,0.0,0.0,0.0,1.1683,0.0,1.7524499999999998,0.0,5.8415,0.0,0.0,0.0,0.0,0.00元,0.0,0.0
2025-02-28T08:20:00,2025-02-28T08:30:00,2025-02-28,50,0.0,0.0,0.0,0.0,0.0,0.0,0.0,1.0956,0.0,1.6433999999999997,0.0,5.478,0.0,0.0,0.0,0.0,0.00元,0.0,0.0
2025-02-28T08:30:00,2025-02-28T08:40:00,2025-02-28,51,0.0,0.0,0.0,0.0,0.0,0.0,0.0,1.0849,0.0,1.6273499999999999,0.0,5.4245,0.0,0.0,0.0,0.0,0.00元,0.0,0.0
2025-02-28T08:40:00,2025-02-28T08:50:00,2025-02-28,52,0.0,0.0,0.0,0.0,0.0,0.0,0.0,1.061,0.0,1.5915,0.0,5.305,0.0,0.0,0.0,0.0,0.00元,0.0,0.0
2025-02-28T08:50:00,2025-02-28T09:00:00,2025-02-28,53,0.0,0.0,0.0,0.0,0.0,0.0,0.0,1.043,0.0,1.5644999999999998,0.0,5.215,0.0,0.0,0.0,0.0,0.00元,0.0,0.0
2025-02-28T09:00:00,2025-02-28T09:10:00,2025-02-28,54,0.0,0.0,0.0,0.0,0.0,0.0,0.0,1.036,0.0,1.554,0.0,5.18,0.0,0.0,0.0,0.0,0.00元,0.0,0.0
2025-02-28T09:10:00,2025-02-28T09:20:00,2025-02-28,55,0.0,0.0,0.0,0.0,0.0,0.0,0.0,1.0147,0.0,1.52205,0.0,5.073499999999999,0.0,0.0,0.0,0.0,0.00元,0.0,0.0
2025-02-28T09:20:00,2025-02-28T09:30:00,2025-02-28,56,0.0,0.0,0.0,0.0,0.0,0.0,0.0,0.9922,0.0,1.4883,0.0,4.961,0.0,0.0,0.0,0.0,0.00元,0.0,0.0
2025-02-28T09:30:00,2025-02-28T09:40:00,2025-02-28,57,0.0,0.0,0.0,0.0,0.0,0.0,0.0,0.97,0.0,1.455,0.0,4.85,0.0,0.0,0.0,0.0,0.00元,0.0,0.0
2025-02-28T09:40:00,2025-02-28T09:50:00,2025-02-28,58,0.0,0.0,0.0,0.0,0.0,0.0,0.0,0.9422,0.0,1.4133,0.0,4.711,0.0,0.0,0.0,0.0,0.00元,0.0,0.0
2025-02-28T09:50:00,2025-02-28T10:00:00,2025-02-28,59,0.0,0.0,0.0,0.0,0.0,0.0,0.0,0.9569,0.0,1.43535,0.0,4.7844999999999995,0.0,0.0,0.0,0.0,0.00元,0.0,0.0
2025-02-28T10:00:00,2025-02-28T10:10:00,2025-02-28,60,0.0,0.0,0.0,0.0,0.0,0.0,0.0,0.9977,0.0,1.49655,0.0,4.9885,0.0,0.0,0.0,0.0,0.00元,0.0,0.0
2025-02-28T10:10:00,2025-02-28T10:20:00,2025-02-28,61,0.0,0.0,0.0,0.0,0.0,0.0,0.0,0.9919,0.0,1.48785,0.0,4.9595,0.0,0.0,0.0,0.0,0.00元,0.0,0.0
2025-02-28T10:20:00,2025-02-28T10:30:00,2025-02-28,62,0.0,0.0,0.0,0.0,0.0,0.0,0.0,0.9588,0.0,1.4382,0.0,4.794,0.0,0.0,0.0,0.0,0.00元,0.0,0.0
2025-02-28T10:30:00,2025-02-28T10:40:00,2025-02-28,63,0.0,0.0,0.0,0.0,0.0,0.0,0.0,0.9549,0.0,1.43235,0.0,4.7745,0.0,0.0,0.0,0.0,0.00元,0.0,0.0
2025-02-28T10:40:00,2025-02-28T10:50:00,2025-02-28,64,0.0,0.0,0.0,0.0,0.0,0.0,0.0,0.9839,0.0,1.4758499999999999,0.0,4.9195,0.0,0.0,0.0,0.0,0.00元,0.0,0.0
2025-02-28T10:50:00,2025-02-28T11:00:00,2025-02-28,65,0.0,0.0,0.0,0.0,0.0,0.0,0.0,0.799,0.0,1.1985000000000001,0.0,3.995,0.0,0.0,0.0,0.0,0.00元,0.0,0.0
2025-02-28T11:00:00,2025-02-28T11:10:00,2025-02-28,66,0.0,0.0,0.0,0.0,0.0,0.0,0.0,0.5025,0.0,0.7537499999999999,0.0,2.5124999999999997,0.0,0.0,0.0,0.0,0.00元,0.0,0.0
2025-02-28T11:10:00,2025-02-28T11:20:00,2025-02-28,67,0.0,0.0,0.0,0.0,0.0,0.0,0.0,0.4662,0.0,0.6993,0.0,2.331,0.0,0.0,0.0,0.0,0.00元,0.0,0.0
2025-02-28T11:20:00,2025-02-28T11:30:00,2025-02-28,68,0.0,0.0,0.0,0.0,0.0,0.0,0.0,0.5007,0.0,0.75105,0.0,2.5035000000000003,0.0,0.0,0.0,0.0,0.00元,0.0,0.0
2025-02-28T11:30:00,2025-02-28T11:40:00,2025-02-28,69,0.0,0.0,0.0,0.0,0.0,0.0,0.0,0.4827,0.0,0.7240500000000001,0.0,2.4135,0.0,0.0,0.0,0.0,0.00元,0.0,0.0
2025-02-28T11:40:00,2025-02-28T11:50:00,2025-02-28,70,0.0,0.0,0.0,0.0,0.0,0.0,0.0,0.4785,0.0,0.71775,0.0,2.3925,0.0,0.0,0.0,0.0,0.00元,0.0,0.0
2025-02-28T11:50:00,2025-02-28T12:00:00,2025-02-28,71,0.0,0.0,0.0,0.0,0.0,0.0,0.0,0.4662,0.0,0.6993,0.0,2.331,0.0,0.0,0.0,0.0,0.00元,0.0,0.0
2025-02-28T12:00:00,2025-02-28T12:10:00,2025-02-28,72,0.0,0.0,0.0,0.0,0.0,0.0,0.0,0.4432,0.0,0.6648,0.0,2.2159999999999997,0.0,29.364915191523266,6.507265206441556,6.507265206441556,6.51元,0.0,0.0
2025-02-28T12:10:00,2025-02-28T12:20:00,2025-02-28,73,0.0,0.0,0.0,0.0,0.0,0.0,0.0,0.4411,0.0,0.66165,0.0,2.2055,0.0,0.0,0.0,0.0,0.00元,0.0,0.0
2025-02-28T12:20:00,2025-02-28T12:30:00,2025-02-28,74,0.0,0.0,0.0,0.0,0.0,0.0,0.0,0.4551,0.0,0.68265,0.0,2.2755,0.0,0.0,0.0,0.0,0.00元,0.0,0.0
2025-02-28T12:30:00,2025-02-28T12:40:00,2025-02-28,75,0.0,0.0,0.0,0.0,0.0,0.0,0.0,0.4463,0.0,0.66945,0.0,2.2315,0.0,0.0,0.0,0.0,0.00元,0.0,0.0
2025-02-28T12:40:00,2025-02-28T12:50:00,2025-02-28,76,0.0,0.0,256.21127327945794,256.21127327945794,256.21127327945794,0.0,256.21127327945794,0.4113,0.0,0.61695,158.0695450497616,2.0564999999999998,0.0,0.0,0.0,158.0695450497616,158.07元,0.0,256.21127327945794
2025-02-28T12:50:00,2025-02-28T13:00:00,2025-02-28,77,0.0,0.0,0.0,0.0,0.0,0.0,0.0,0.5682,0.0,0.8523000000000001,0.0,2.841,0.0,0.0,0.0,0.0,0.00元,0.0,0.0
2025-02-28T13:00:00,2025-02-28T13:10:00,2025-02-28,78,0.0,0.0,0.0,0.0,0.0,0.0,0.0,0.8279,0.0,1.24185,0.0,4.1395,0.0,0.0,0.0,0.0,0.00元,0.0,0.0
2025-02-28T13:10:00,2025-02-28T13:20:00,2025-02-28,79,0.0,0.0,0.0,0.0,0.0,0.0,0.0,0.8636,0.0,1.2954,0.0,4.3180000000000005,0.0,0.0,0.0,0.0,0.00元,0.0,0.0
2025-02-28T13:20:00,2025-02-28T13:30:00,2025-02-28,80,0.0,0.0,0.0,0.0,0.0,0.0,0.0,0.8416,0.0,1.2624,0.0,4.208,0.0,0.0,0.0,0.0,0.00元,0.0,0.0
2025-02-28T13:30:00,2025-02-28T13:40:00,2025-02-28,81,0.0,0.0,0.0,0.0,0.0,0.0,0.0,0.8618,0.0,1.2927,0.0,4.309,0.0,0.0,0.0,0.0,0.00元,0.0,0.0
2025-02-28T13:40:00,2025-02-28T13:50:00,2025-02-28,82,0.0,0.0,0.0,0.0,0.0,0.0,0.0,0.8623,0.0,1.29345,0.0,4.3115,0.0,0.0,0.0,0.0,0.00元,0.0,0.0
2025-02-28T13:50:00,2025-02-28T14:00:00,2025-02-28,83,0.0,0.0,0.0,0.0,0.0,0.0,0.0,0.9026,0.0,1.3538999999999999,0.0,4.513,0.0,0.0,0.0,0.0,0.00元,0.0,0.0
2025-02-28T14:00:00,2025-02-28T14:10:00,2025-02-28,84,0.0,0.0,0.0,0.0,0.0,0.0,0.0,0.9754,0.0,1.4631,0.0,4.877000000000001,0.0,0.0,0.0,0.0,0.00元,0.0,0.0
2025-02-28T14:10:00,2025-02-28T14:20:00,2025-02-28,85,0.0,0.0,0.0,0.0,0.0,0.0,0.0,1.0002,0.0,1.5003,0.0,5.0009999999999994,0.0,0.0,0.0,0.0,0.00元,0.0,0.0
2025-02-28T14:20:00,2025-02-28T14:30:00,2025-02-28,86,0.0,0.0,0.0,0.0,0.0,0.0,0.0,0.9978,0.0,1.4967000000000001,0.0,4.989,0.0,0.0,0.0,0.0,0.00元,0.0,0.0
2025-02-28T14:30:00,2025-02-28T14:40:00,2025-02-28,87,0.0,0.0,0.0,0.0,0.0,0.0,0.0,1.0271,0.0,1.5406499999999999,0.0,5.1354999999999995,0.0,0.0,0.0,0.0,0.00元,0.0,0.0
2025-02-28T14:40:00,2025-02-28T14:50:00,2025-02-28,88,0.0,0.0,0.0,0.0,0.0,0.0,0.0,1.0906,0.0,1.6359,0.0,5.453,0.0,0.0,0.0,0.0,0.00元,0.0,0.0
2025-02-28T14:50:00,2025-02-28T15:00:00,2025-02-28,89,0.0,0.0,0.0,0.0,0.0,0.0,0.0,0.9376,0.0,1.4064,0.0,4.688,0.0,0.0,0.0,0.0,0.00元,0.0,0.0
2025-02-28T15:00:00,2025-02-28T15:10:00,2025-02-28,90,0.0,0.0,0.0,0.0,0.0,0.0,0.0,0.6694,0.0,1.0041,0.0,3.347,0.0,0.0,0.0,0.0,0.00元,0.0,0.0
2025-02-28T15:10:00,2025-02-28T15:20:00,2025-02-28,91,0.0,0.0,0.0,0.0,0.0,0.0,0.0,0.66,0.0,0.99,0.0,3.3000000000000003,0.0,0.0,0.0,0.0,0.00元,0.0,0.0
2025-02-28T15:20:00,2025-02-28T15:30:00,2025-02-28,92,0.0,0.0,0.0,0.0,0.0,0.0,0.0,0.7217,0.0,1.08255,0.0,3.6085000000000003,0.0,0.0,0.0,0.0,0.00元,0.0,0.0
2025-02-28T15:30:00,2025-02-28T15:40:00,2025-02-28,93,0.0,0.0,0.0,0.0,0.0,0.0,0.0,0.7308,0.0,1.0962,0.0,3.654,0.0,0.0,0.0,0.0,0.00元,0.0,0.0
2025-02-28T15:40:00,2025-02-28T15:50:00,2025-02-28,94,0.0,0.0,0.0,0.0,0.0,0.0,0.0,0.7534,0.0,1.1300999999999999,0.0,3.767,0.0,0.0,0.0,0.0,0.00元,0.0,0.0
2025-02-28T15:50:00,2025-02-28T16:00:00,2025-02-28,95,43.229477228121596,43.229477228121596,4.730696532525599,47.960173760647194,4.730696532525599,0.0,47.960173760647194,0.7823,33.81842003555953,1.1734499999999999,5.551235846092164,3.9115,0.0,0.0,0.0,39.36965588165169,39.37元,0.0,47.960173760647194
2025-02-28T16:00:00,2025-02-28T16:10:00,2025-02-28,96,95.36154654982619,95.36154654982619,3.405849408180984,98.76739595800717,3.405849408180984,0.0,98.76739595800717,0.8055,76.813725745885,1.20825,4.115117547434674,4.0275,0.0,0.0,0.0,80.92884329331967,80.93元,0.0,98.76739595800717
2025-02-28T16:10:00,2025-02-28T16:20:00,2025-02-28,97,138.8868851178857,138.8868851178857,3.3125443827809704,142.19942950066667,3.3125443827809704,0.0,142.19942950066667,0.8271,114.87334268100325,1.24065,4.109708188497211,4.1354999999999995,0.0,0.0,0.0,118.98305086950046,118.98元,0.0,142.19942950066667
2025-02-28T16:20:00,2025-02-28T16:30:00,2025-02-28,98,178.4212583234214,178.4212583234214,3.2217954973393717,181.64305382076077,3.2217954973393717,0.0,181.64305382076077,0.8519,151.9970699657227,1.27785,4.116971376275116,4.2595,0.0,0.0,0.0,156.1140413419978,156.11元,0.0,181.64305382076077
2025-02-28T16:30:00,2025-02-28T16:40:00,2025-02-28,99,237.42230930995362,237.24743820695264,3.308403828066588,240.55584203501923,3.1335327250656064,0.0,240.55584203501923,0.8791,208.56422292773206,1.3186499999999999,4.362626707880006,4.3955,0.0,0.0,0.0,212.9268496356121,212.93元,0.0,240.55584203501923
2025-02-28T16:40:00,2025-02-28T16:50:00,2025-02-28,100,328.49363838049806,328.30971745847364,3.231608879613759,331.5413263380874,3.0476879575893463,0.0,331.5413263380874,0.9024,296.2666890345266,1.3536,4.3743057794451845,4.512,0.0,0.0,0.0,300.6409948139718,300.64元,0.0,331.5413263380874
2025-02-28T16:50:00,2025-02-28T17:00:00,2025-02-28,101,339.13382241165505,338.9549400994588,3.1430772646012883,342.09801736406007,2.9641949524050233,0.0,342.09801736406007,0.9163,310.5844116131341,1.37445,4.32000254633124,4.5815,0.0,0.0,0.0,314.9044141594653,314.90元,0.0,342.09801736406007
2025-02-28T17:00:00,2025-02-28T17:10:00,2025-02-28,102,294.8404455769685,294.66646383924933,3.056971019473849,297.7234348587232,2.8829892817547034,0.0,297.7234348587232,0.9264,272.97901210068056,1.3896,4.247966928660861,4.632,0.0,0.0,0.0,277.22697902934146,277.23元,0.0,297.7234348587232
2025-02-28T17:10:00,2025-02-28T17:20:00,2025-02-28,103,336.05660435574924,335.8873889387072,2.973223699955156,338.86061263866236,2.8040082829131165,0.0,338.86061263866236,0.9462,317.8166474138048,1.4193,4.2198963973463535,4.731,0.0,0.0,0.0,322.03654381115115,322.04元,0.0,338.86061263866236
2025-02-28T17:20:00,2025-02-28T17:30:00,2025-02-28,104,388.94797980356395,388.78340013135175,2.8917706820448075,391.67517081339656,2.727191009832609,0.0,391.67517081339656,0.9742,378.75278840796284,1.4613,4.225744497672077,4.8709999999999996,0.0,0.0,0.0,382.97853290563495,382.98元,0.0,391.67517081339656
2025-02-28T17:30:00,2025-02-28T17:40:00,2025-02-28,105,415.73258577486564,415.5725148488297,2.8125491121506343,418.38506396098035,2.652478186114706,0.0,418.38506396098035,0.9862,409.83761414391586,1.4792999999999998,4.160603901604433,4.931,0.0,0.0,0.0,413.99821804552033,414.00元,0.0,418.38506396098035
2025-02-28T17:40:00,2025-02-28T17:50:00,2025-02-28,106,453.00521035968677,452.84952466036805,2.73549785858728,455.5850225189553,2.579812159268556,0.0,455.5850225189553,0.976,441.9811360685192,1.464,4.004768864971778,4.88,0.0,0.0,0.0,445.985904933491,445.99元,0.0,455.5850225189553
2025-02-28T17:50:00,2025-02-28T18:00:00,2025-02-28,107,58.88339092362486,58.88339092362486,31.258463820804195,90.14185474442905,31.258463820804195,0.0,90.14185474442905,1.0742,63.25253853015783,1.6113,50.3667627544618,5.371,0.0,0.0,0.0,113.61930128461962,113.62元,0.0,90.14185474442905
2025-02-28T18:00:00,2025-02-28T18:10:00,2025-02-28,108,0.0,0.0,0.0,0.0,0.0,0.0,0.0,1.2313,0.0,1.84695,0.0,6.1565,0.0,18.56025264116056,11.426619538530499,11.426619538530499,11.43元,0.0,0.0
2025-02-28T18:10:00,2025-02-28T18:20:00,2025-02-28,109,0.0,0.0,0.0,0.0,0.0,0.0,0.0,1.2561,0.0,1.88415,0.0,6.2805,0.0,0.0,0.0,0.0,0.00元,0.0,0.0
2025-02-28T18:20:00,2025-02-28T18:30:00,2025-02-28,110,0.0,0.0,0.0,0.0,0.0,0.0,0.0,1.2447,0.0,1.8670499999999999,0.0,6.2235,0.0,0.0,0.0,0.0,0.00元,0.0,0.0
2025-02-28T18:30:00,2025-02-28T18:40:00,2025-02-28,111,0.0,0.0,0.0,0.0,0.0,0.0,0.0,1.2545,0.0,1.8817499999999998,0.0,6.2725,0.0,0.0,0.0,0.0,0.00元,0.0,0.0
2025-02-28T18:40:00,2025-02-28T18:50:00,2025-02-28,112,0.0,0.0,0.0,0.0,0.0,0.0,0.0,1.2522,0.0,1.8782999999999999,0.0,6.261,0.0,0.0,0.0,0.0,0.00元,0.0,0.0
2025-02-28T18:50:00,2025-02-28T19:00:00,2025-02-28,113,0.0,0.0,0.0,0.0,0.0,0.0,0.0,1.2881,0.0,1.93215,0.0,6.4405,0.0,0.0,0.0,0.0,0.00元,0.0,0.0
2025-02-28T19:00:00,2025-02-28T19:10:00,2025-02-28,114,0.0,0.0,0.0,0.0,0.0,0.0,0.0,1.3466,0.0,2.0199,0.0,6.7330000000000005,0.0,0.0,0.0,0.0,0.00元,0.0,0.0
2025-02-28T19:10:00,2025-02-28T19:20:00,2025-02-28,115,0.0,0.0,0.0,0.0,0.0,0.0,0.0,1.3523,0.0,2.0284500000000003,0.0,6.7615,0.0,0.0,0.0,0.0,0.00元,0.0,0.0
2025-02-28T19:20:00,2025-02-28T19:30:00,2025-02-28,116,0.0,0.0,0.0,0.0,0.0,0.0,0.0,1.3445,0.0,2.01675,0.0,6.7225,0.0,0.0,0.0,0.0,0.00元,0.0,0.0
2025-02-28T19:30:00,2025-02-28T19:40:00,2025-02-28,117,0.0,0.0,0.0,0.0,0.0,0.0,0.0,1.3483,0.0,2.02245,0.0,6.7415,0.0,0.0,0.0,0.0,0.00元,0.0,0.0
2025-02-28T19:40:00,2025-02-28T19:50:00,2025-02-28,118,0.0,0.0,0.0,0.0,0.0,0.0,0.0,1.349,0.0,2.0235,0.0,6.745,0.0,0.0,0.0,0.0,0.00元,0.0,0.0
2025-02-28T19:50:00,2025-02-28T20:00:00,2025-02-28,119,0.0,0.0,0.0,0.0,0.0,0.0,0.0,1.3473,0.0,2.02095,0.0,6.7364999999999995,0.0,0.0,0.0,0.0,0.00元,0.0,0.0
2025-02-28T20:00:00,2025-02-28T20:10:00,2025-02-28,120,0.0,0.0,0.0,0.0,0.0,0.0,0.0,1.3482,0.0,2.0223,0.0,6.7410000000000005,0.0,0.0,0.0,0.0,0.00元,0.0,0.0
2025-02-28T20:10:00,2025-02-28T20:20:00,2025-02-28,121,0.0,0.0,0.0,0.0,0.0,0.0,0.0,1.3513,0.0,2.02695,0.0,6.7565,0.0,0.0,0.0,0.0,0.00元,0.0,0.0
2025-02-28T20:20:00,2025-02-28T20:30:00,2025-02-28,122,0.0,0.0,0.0,0.0,0.0,0.0,0.0,1.34,0.0,2.0100000000000002,0.0,6.7,0.0,0.0,0.0,0.0,0.00元,0.0,0.0
2025-02-28T20:30:00,2025-02-28T20:40:00,2025-02-28,123,0.0,0.0,0.0,0.0,0.0,0.0,0.0,1.3489,0.0,2.0233499999999998,0.0,6.7445,0.0,0.0,0.0,0.0,0.00元,0.0,0.0
2025-02-28T20:40:00,2025-02-28T20:50:00,2025-02-28,124,0.0,0.0,0.0,0.0,0.0,0.0,0.0,1.3952,0.0,2.0928,0.0,6.976,0.0,0.0,0.0,0.0,0.00元,0.0,0.0
2025-02-28T20:50:00,2025-02-28T21:00:00,2025-02-28,125,0.0,0.0,283.9317932773798,283.9317932773798,283.9317932773798,0.0,283.9317932773798,1.2226,0.0,1.8338999999999999,520.7025156913868,6.1129999999999995,0.0,0.0,0.0,520.7025156913868,520.70元,0.0,283.9317932773798
2025-02-28T21:00:00,2025-02-28T21:10:00,2025-02-28,126,471.5906130778207,471.5906130778207,1.4801760512403916,473.0707891290611,1.4801760512403916,0.0,473.0707891290611,0.9332,440.0883601242223,1.3998,2.0719504365263,4.666,0.0,0.0,0.0,442.1603105607486,442.16元,0.0,473.0707891290611
2025-02-28T21:10:00,2025-02-28T21:20:00,2025-02-28,127,479.7495179365927,479.7495179365927,1.439625854356791,481.1891437909495,1.439625854356791,0.0,481.1891437909495,0.9068,435.03686286490233,1.3602,1.9581790870961073,4.534000000000001,0.0,0.0,0.0,436.9950419519984,437.00元,0.0,481.1891437909495
2025-02-28T21:20:00,2025-02-28T21:30:00,2025-02-28,128,474.3606697866242,474.3606697866242,1.4001865513198481,475.76085633794406,1.4001865513198481,0.0,475.76085633794406,0.9371,444.5233836570456,1.40565,1.9681722258627445,4.6855,0.0,0.0,0.0,446.4915558829083,446.49元,0.0,475.76085633794406
2025-02-28T21:30:00,2025-02-28T21:40:00,2025-02-28,129,464.7507023629724,464.7507023629724,1.36182770861177,466.11253007158416,1.36182770861177,0.0,466.11253007158416,0.9371,435.51788318434143,1.40565,1.9142531186101346,4.6855,0.0,0.0,0.0,437.4321363029516,437.43元,0.0,466.11253007158416
2025-02-28T21:40:00,2025-02-28T21:50:00,2025-02-28,130,398.74048380240805,398.74048380240805,22.684629417869473,421.4251132202775,22.684629417869473,36.611716502316526,458.03682972259406,0.9871,393.596731561357,1.48065,33.58799654756844,4.9355,180.69712679718322,0.0,0.0,607.8818549061086,607.88元,0.0,458.03682972259406
2025-02-28T21:50:00,2025-02-28T22:00:00,2025-02-28,131,463.34280209835936,433.9778869068361,0.0,433.9778869068361,-29.364915191523266,37.693263093163864,471.67114999999995,0.7764,336.9404313944675,1.1646,0.0,3.8819999999999997,146.3252473276621,0.0,0.0,483.2656787221296,483.27元,0.0,471.67114999999995
2025-02-28T22:00:00,2025-02-28T22:10:00,2025-02-28,132,1229.69286210495,1226.6092202593172,0.0,1226.6092202593172,-3.083641845632883,0.0,1226.6092202593172,0.4209,516.2798208071466,0.63135,0.0,2.1045,0.0,0.0,0.0,516.2798208071466,516.28元,0.0,1226.6092202593172
2025-02-28T22:10:00,2025-02-28T22:20:00,2025-02-28,133,1206.5578253709514,1203.5586615060656,0.0,1203.5586615060656,-2.999163864885759,0.0,1203.5586615060656,0.3859,464.45328747519073,0.5788500000000001,0.0,1.9295,0.0,0.0,0.0,464.45328747519073,464.45元,0.0,1203.5586615060656
2025-02-28T22:20:00,2025-02-28T22:30:00,2025-02-28,134,370.1745058982406,370.1745058982406,0.0,370.1745058982406,0.0,0.0,370.1745058982406,0.4368,161.69222417635152,0.6552,0.0,2.184,0.0,0.0,0.0,161.69222417635152,161.69元,0.0,370.1745058982406
2025-02-28T22:30:00,2025-02-28T22:40:00,2025-02-28,135,1215.0789765926115,1212.24188913582,0.0,1212.24188913582,-2.8370874567915507,0.0,1212.24188913582,0.4198,508.89914505921723,0.6297,0.0,2.099,0.0,0.0,0.0,508.89914505921723,508.90元,27.22355581248666,1185.0183333233333
2025-02-28T22:40:00,2025-02-28T22:50:00,2025-02-28,136,1236.042181901259,1233.282817938813,0.0,1233.282817938813,-2.7593639624460593,0.0,1233.282817938813,0.4186,516.2521875891871,0.6279,0.0,2.093,0.0,0.0,0.0,516.2521875891871,516.25元,45.123034615479575,1188.1597833233334
2025-02-28T22:50:00,2025-02-28T23:00:00,2025-02-28,137,408.3910586495453,408.3910586495453,0.0,408.3910586495453,0.0,0.0,408.3910586495453,0.4241,173.19864797327216,0.63615,0.0,2.1205,0.0,0.0,0.0,173.19864797327216,173.20元,0.0,408.3910586495453
2025-02-28T23:00:00,2025-02-28T23:10:00,2025-02-28,138,1237.3390860443367,1234.7288395759006,0.0,1234.7288395759006,-2.6102464684361166,0.0,1234.7288395759006,0.4237,523.1546093283091,0.6355500000000001,0.0,2.1185,0.0,0.0,0.0,523.1546093283091,523.15元,2.558839585900606,1232.16999999
2025-02-28T23:10:00,2025-02-28T23:20:00,2025-02-28,139,414.3825948439168,414.3825948439168,0.0,414.3825948439168,0.0,0.0,414.3825948439168,0.4248,176.02972628969587,0.6372,0.0,2.124,0.0,0.0,0.0,176.02972628969587,176.03元,0.0,414.3825948439168
2025-02-28T23:20:00,2025-02-28T23:30:00,2025-02-28,140,789.404039749767,789.404039749767,0.0,789.404039749767,0.0,0.0,789.404039749767,0.424,334.7073128539012,0.636,0.0,2.12,0.0,0.0,0.0,334.7073128539012,334.71元,0.0,789.404039749767
2025-02-28T23:30:00,2025-02-28T23:40:00,2025-02-28,141,1222.066637466523,1219.6650947824323,0.0,1219.6650947824323,-2.4015426840906002,0.0,1219.6650947824323,0.422,514.6986699981865,0.633,0.0,2.11,0.0,0.0,0.0,514.6986699981865,514.70元,0.0,1219.6650947824323
2025-02-28T23:40:00,2025-02-28T23:50:00,2025-02-28,142,1242.6196672578553,1240.283916091323,0.0,1240.283916091323,-2.335751166532418,0.0,1240.283916091323,0.424,525.8803804227209,0.636,0.0,2.12,0.0,0.0,0.0,525.8803804227209,525.88元,8.321516101322906,1231.96239999
2025-02-28T23:50:00,2025-03-01T00:00:00,2025-02-28,143,434.7091712298151,434.7091712298151,0.0,434.7091712298151,0.0,0.0,434.7091712298151,0.4271,185.66428703225404,0.6406499999999999,0.0,2.1355,0.0,0.0,0.0,185.66428703225404,185.66元,0.0,434.7091712298151
2025-03-01T00:00:00,2025-03-01T00:10:00,2025-02-28,144,426.9612,426.9612,0.0,426.9612,0.0,0.0,426.9612,0.4276,182.56860912,0.6414,0.0,2.138,0.0,0.0,0.0,182.56860912,182.57元,0.0,426.9612
