abs_minute,interval_start,spill_kwh,grid_paid_kwh,demand_kwh,soc_start_kwh,soc_end_kwh,charge_kwh,capacity_limited,power_limited
1370,2025-01-01 22:50:00,2.4027666766667073,1400.0807666666667,564.3446666666666,1922.2179104702514,2672.2179104602515,749.99999999,False,True
1380,2025-01-01 23:00:00,18.208766676666635,1399.8737666666666,548.3316666666666,2672.2179104602515,3422.2179104502516,749.99999999,False,True
1520,2025-01-02 01:20:00,10.285833343333245,1486.1396,642.5204333333334,5546.7990993748535,6296.799099364854,749.99999999,False,True
1530,2025-01-02 01:30:00,5.5833333433332575,1469.5466666666666,630.63,6296.799099364854,7046.799099354854,749.99999999,False,True
1780,2025-01-02 05:40:00,3.045416676666597,1524.76785,688.3891,8867.297645273853,9617.297645263852,749.99999999,False,True
2870,2025-01-02 23:50:00,44.8186833433333,1449.5190166666666,571.367,4915.090355770101,5665.090355760101,749.99999999,False,True
2900,2025-01-03 00:20:00,96.09306638344843,1422.8614330401151,493.4350333333333,5874.995758242102,6624.995758233102,749.999999991,False,True
2930,2025-01-03 00:50:00,158.99984167666662,1432.2888583333333,439.95568333333335,6938.021099040101,7688.021099030101,749.99999999,False,True
2940,2025-01-03 01:00:00,188.63583334333327,1452.5958333333333,430.62666666666667,7688.021099030101,8438.021099020101,749.99999999,False,True
2970,2025-01-03 01:30:00,123.9516666766667,1466.755,509.47,8728.9132385771,9478.9132385681,749.999999991,False,True
3050,2025-01-03 02:50:00,3.5916644878884005,692.1880760833334,526.83435,10654.4141445551,10799.999999991,145.5858554359005,True,False
3060,2025-01-03 03:00:00,139.5232416585662,688.5232416666665,549.0,10799.999999991,10799.999999991,0.0,True,False
3070,2025-01-03 03:10:00,142.12851007523304,699.91767675,557.7891666666667,10799.999999991,10799.999999991,0.0,True,False
3080,2025-01-03 03:20:00,145.10947115856638,710.2057545,565.0962833333333,10799.999999991,10799.999999991,0.0,True,False
3090,2025-01-03 03:30:00,136.1890833252331,707.2924166666667,571.1033333333332,10799.999999991,10799.999999991,0.0,True,False
3100,2025-01-03 03:40:00,131.92303799189958,694.5697879999999,562.64675,10799.999999991,10799.999999991,0.0,True,False
3110,2025-01-03 03:50:00,169.28775174189954,703.3226850833332,534.0349333333334,10799.999999991,10799.999999991,0.0,True,False
3120,2025-01-03 04:00:00,197.74322499189984,723.5998916666667,525.8566666666666,10799.999999991,10799.999999991,0.0,True,False
3130,2025-01-03 04:10:00,138.2335686585662,716.6242853333332,578.3907166666667,10799.999999991,10799.999999991,0.0,True,False
3140,2025-01-03 04:20:00,156.60603949189974,718.5104728333333,561.9044333333333,10799.999999991,10799.999999991,0.0,True,False
3150,2025-01-03 04:30:00,241.58368332523307,732.5136833333333,490.92999999999995,10799.999999991,10799.999999991,0.0,True,False
3160,2025-01-03 04:40:00,211.61527682523305,724.1120935,512.4968166666666,10799.999999991,10799.999999991,0.0,True,False
3170,2025-01-03 04:50:00,157.95473874189983,715.0985720833335,557.1438333333333,10799.999999991,10799.999999991,0.0,True,False
3180,2025-01-03 05:00:00,161.74462499189949,718.6696249999998,556.925,10799.999999991,10799.999999991,0.0,True,False
3190,2025-01-03 05:10:00,205.36952357523316,727.1089235833334,521.7393999999999,10799.999999991,10799.999999991,0.0,True,False
3200,2025-01-03 05:20:00,203.57378807523295,740.9675714166666,537.3937833333333,10799.999999991,10799.999999991,0.0,True,False
3210,2025-01-03 05:30:00,137.34929999189987,738.6576333333335,601.3083333333333,10799.999999991,10799.999999991,0.0,True,False
3220,2025-01-03 05:40:00,793.7786559251205,1416.061839266554,622.2831833333332,10799.999999991,10799.999999991,0.0,True,False
3230,2025-01-03 05:50:00,200.60951307523325,784.5048130833335,583.8952999999999,10799.999999991,10799.999999991,0.0,True,False
3240,2025-01-03 06:00:00,382.5699249918998,925.3665916666667,542.7966666666666,10799.999999991,10799.999999991,0.0,True,False
3250,2025-01-03 06:10:00,389.3122004918997,959.5205338333333,570.2083333333333,10799.999999991,10799.999999991,0.0,True,False
3260,2025-01-03 06:20:00,358.61083024189975,945.22088025,586.61005,10799.999999991,10799.999999991,0.0,True,False
3270,2025-01-03 06:30:00,377.81703332523296,938.8003666666666,560.9833333333333,10799.999999991,10799.999999991,0.0,True,False
3280,2025-01-03 06:40:00,389.69222990856645,935.3732299166667,545.6809999999999,10799.999999991,10799.999999991,0.0,True,False
3290,2025-01-03 06:50:00,360.9584787418996,937.9867954166665,577.0283166666666,10799.999999991,10799.999999991,0.0,True,False
3300,2025-01-03 07:00:00,309.9677333252331,941.1694,631.2016666666666,10799.999999991,10799.999999991,0.0,True,False
3310,2025-01-03 07:10:00,266.4065879085664,915.58362125,649.1770333333333,10799.999999991,10799.999999991,0.0,True,False
3320,2025-01-03 07:20:00,236.5278104085664,887.3540270833333,650.8262166666666,10799.999999991,10799.999999991,0.0,True,False
3330,2025-01-03 07:30:00,180.63477499189966,832.9564416666666,652.3216666666666,10799.999999991,10799.999999991,0.0,True,False
3340,2025-01-03 07:40:00,83.48215057523302,733.02726725,649.5451166666667,10799.999999991,10799.999999991,0.0,True,False
3350,2025-01-03 07:50:00,152.18826082523296,805.2417274999999,653.0534666666666,10799.999999991,10799.999999991,0.0,True,False
3800,2025-01-03 15:20:00,19.839558343333117,1471.2412416666666,618.06835,7606.611945332345,8356.611945322345,749.99999999,False,True
3810,2025-01-03 15:30:00,10.629375009999983,1487.4510416666667,643.4883333333332,8356.611945322345,9106.611945312345,749.9999999899999,False,True
3820,2025-01-03 15:40:00,91.66499167666653,1547.689625,622.6913,9106.611945312345,9856.611945302344,749.99999999,False,True
3870,2025-01-03 16:30:00,301.28002015857544,953.5862833333333,567.71,10723.863363133718,10799.999999991,76.13663685728206,True,False
3880,2025-01-03 16:40:00,405.4565824918996,996.1501824999998,590.6936,10799.999999991,10799.999999991,0.0,True,False
3890,2025-01-03 16:50:00,487.3949687418998,1051.6502354166666,564.2552666666666,10799.999999991,10799.999999991,0.0,True,False
3900,2025-01-03 17:00:00,590.4413999919,1089.8647333333336,499.4233333333333,10799.999999991,10799.999999991,0.0,True,False
3910,2025-01-03 17:10:00,577.3457794918999,1076.4282628333335,499.08248333333336,10799.999999991,10799.999999991,0.0,True,False
3920,2025-01-03 17:20:00,559.1228229919001,1055.2569896666669,496.1341666666666,10799.999999991,10799.999999991,0.0,True,False
3930,2025-01-03 17:30:00,587.8413833252329,1062.3780499999998,474.53666666666663,10799.999999991,10799.999999991,0.0,True,False
3940,2025-01-03 17:40:00,605.079708075233,1093.55957475,488.4798666666666,10799.999999991,10799.999999991,0.0,True,False
3950,2025-01-03 17:50:00,493.0350801585664,988.1589468333334,495.12386666666663,10799.999999991,10799.999999991,0.0,True,False
3960,2025-01-03 18:00:00,326.4435166585663,802.9485166666666,476.505,10799.999999991,10799.999999991,0.0,True,False
3970,2025-01-03 18:10:00,307.17650065856645,768.4876006666667,461.31109999999995,10799.999999991,10799.999999991,0.0,True,False
3980,2025-01-03 18:20:00,320.67317482523305,783.7916415,463.1184666666666,10799.999999991,10799.999999991,0.0,True,False
3990,2025-01-03 18:30:00,304.2347333252331,772.5480666666667,468.31333333333333,10799.999999991,10799.999999991,0.0,True,False
4000,2025-01-03 18:40:00,312.24200424189974,764.2369709166667,451.99496666666664,10799.999999991,10799.999999991,0.0,True,False
4010,2025-01-03 18:50:00,333.9011819085664,768.8144485833334,434.9132666666667,10799.999999991,10799.999999991,0.0,True,False
4230,2025-01-03 22:30:00,75.39138230011734,1319.068048956784,410.3433333333333,7144.139920413705,7894.139920404705,749.999999991,False,True
4290,2025-01-03 23:30:00,154.01833334333344,1435.5083333333334,448.15666666666664,9314.481904159584,10064.481904149583,749.99999999,False,True
4300,2025-01-03 23:40:00,174.3045129539812,1443.6099916666667,452.06315,10064.481904149583,10799.999999991,735.518095841417,True,False
4310,2025-01-03 23:50:00,967.9235416585666,1427.1096750000002,459.18613333333326,10799.999999991,10799.999999991,0.0,True,False
4440,2025-01-04 02:00:00,45.6915250152227,611.0394444444444,473.23333333333335,10717.0968725047,10799.999999991,82.90312748629948,True,False
4450,2025-01-04 02:10:00,99.55443888078864,593.1491555555556,493.5947166666666,10799.999999991,10799.999999991,0.0,True,False
4460,2025-01-04 02:20:00,83.53540554745527,590.9535055555556,507.4181,10799.999999991,10799.999999991,0.0,True,False
4470,2025-01-04 02:30:00,113.22999999189969,616.15,502.91999999999996,10799.999999991,10799.999999991,0.0,True,False
4480,2025-01-04 02:40:00,109.05547221412186,623.7916555555555,514.7361833333333,10799.999999991,10799.999999991,0.0,True,False
4490,2025-01-04 02:50:00,100.14682221412201,623.6296222222223,523.4828,10799.999999991,10799.999999991,0.0,True,False
4500,2025-01-04 03:00:00,108.63611110301085,628.6461111111112,520.01,10799.999999991,10799.999999991,0.0,True,False
4510,2025-01-04 03:10:00,120.30057221412196,638.9508722222223,518.6503,10799.999999991,10799.999999991,0.0,True,False
4520,2025-01-04 03:20:00,118.96624443634411,648.0455277777777,529.0792833333333,10799.999999991,10799.999999991,0.0,True,False
4530,2025-01-04 03:30:00,111.02388888078858,648.1622222222222,537.1383333333333,10799.999999991,10799.999999991,0.0,True,False
4540,2025-01-04 03:40:00,113.65011665856636,637.10865,523.4585333333333,10799.999999991,10799.999999991,0.0,True,False
4550,2025-01-04 03:50:00,99.31708332523303,633.2366833333333,533.9196,10799.999999991,10799.999999991,0.0,True,False
4560,2025-01-04 04:00:00,92.69833332523305,643.635,550.9366666666666,10799.999999991,10799.999999991,0.0,True,False
4570,2025-01-04 04:10:00,142.80287776967734,656.6313944444444,513.8285166666667,10799.999999991,10799.999999991,0.0,True,False
4580,2025-01-04 04:20:00,147.42041665856627,652.3567999999999,504.9363833333333,10799.999999991,10799.999999991,0.0,True,False
4590,2025-01-04 04:30:00,101.08722221412197,637.7622222222222,536.675,10799.999999991,10799.999999991,0.0,True,False
4600,2025-01-04 04:40:00,99.47830554745528,639.513238888889,540.0349333333334,10799.999999991,10799.999999991,0.0,True,False
4610,2025-01-04 04:50:00,103.80814999189974,648.5615833333334,544.7534333333333,10799.999999991,10799.999999991,0.0,True,False
4620,2025-01-04 05:00:00,85.39666665856632,650.8,565.4033333333333,10799.999999991,10799.999999991,0.0,True,False
4630,2025-01-04 05:10:00,67.04331665856633,644.5336833333333,577.4903666666667,10799.999999991,10799.999999991,0.0,True,False
4640,2025-01-04 05:20:00,93.0913888807888,658.7219222222224,565.6305333333332,10799.999999991,10799.999999991,0.0,True,False
4650,2025-01-04 05:30:00,132.00499999189967,678.5316666666666,546.5266666666666,10799.999999991,10799.999999991,0.0,True,False
4660,2025-01-04 05:40:00,115.18422221412177,667.3657222222221,552.1814999999999,10799.999999991,10799.999999991,0.0,True,False
4670,2025-01-04 05:50:00,143.03105554745522,702.4018722222222,559.3708166666667,10799.999999991,10799.999999991,0.0,True,False
4680,2025-01-04 06:00:00,226.22500000189868,779.875000009999,553.65,10799.999999991,10799.999999991,0.0,True,False
4690,2025-01-04 06:10:00,264.1638444363442,811.0960111111111,546.9321666666666,10799.999999991,10799.999999991,0.0,True,False
4700,2025-01-04 06:20:00,244.6203999918997,807.3301333333334,562.7097333333334,10799.999999991,10799.999999991,0.0,True,False
4710,2025-01-04 06:30:00,217.92055554745522,794.6322222222221,576.7116666666666,10799.999999991,10799.999999991,0.0,True,False
4720,2025-01-04 06:40:00,238.38341665856643,787.0023333333334,548.6189166666666,10799.999999991,10799.999999991,0.0,True,False
4730,2025-01-04 06:50:00,229.46898332523298,799.4539666666666,569.9849833333333,10799.999999991,10799.999999991,0.0,True,False
4740,2025-01-04 07:00:00,179.62138888078883,818.991388888889,639.3699999999999,10799.999999991,10799.999999991,0.0,True,False
4750,2025-01-04 07:10:00,139.37419999189976,797.9028166666667,658.5286166666666,10799.999999991,10799.999999991,0.0,True,False
4760,2025-01-04 07:20:00,118.51807221412203,765.3200722222223,646.8019999999999,10799.999999991,10799.999999991,0.0,True,False
4770,2025-01-04 07:30:00,89.45083332523298,715.2591666666666,625.8083333333333,10799.999999991,10799.999999991,0.0,True,False
4780,2025-01-04 07:40:00,34.64212221412189,633.8278055555554,599.1856833333333,10799.999999991,10799.999999991,0.0,True,False
5320,2025-01-04 16:40:00,1.8213731261025918,841.2796298888888,604.4016666666666,10588.449068904492,10799.999999991,211.5509310865076,True,False
5330,2025-01-04 16:50:00,345.8951484918996,883.7045984999999,537.80945,10799.999999991,10799.999999991,0.0,True,False
5340,2025-01-04 17:00:00,425.5951666585664,897.5035,471.9083333333333,10799.999999991,10799.999999991,0.0,True,False
5350,2025-01-04 17:10:00,409.7717944918997,888.9704945,479.1987,10799.999999991,10799.999999991,0.0,True,False
5360,2025-01-04 17:20:00,379.1346069918996,873.5236736666666,494.3890666666667,10799.999999991,10799.999999991,0.0,True,False
5370,2025-01-04 17:30:00,388.51128888078847,871.1762888888887,482.66499999999996,10799.999999991,10799.999999991,0.0,True,False
5380,2025-01-04 17:40:00,425.71813738078873,896.751137388889,471.03299999999996,10799.999999991,10799.999999991,0.0,True,False
5390,2025-01-04 17:50:00,357.7248587696775,828.7421587777777,471.0173,10799.999999991,10799.999999991,0.0,True,False
5400,2025-01-04 18:00:00,223.03072776967744,698.8990611111111,475.86833333333334,10799.999999991,10799.999999991,0.0,True,False
5410,2025-01-04 18:10:00,194.9143281030109,670.7085447777779,475.79421666666667,10799.999999991,10799.999999991,0.0,True,False
5420,2025-01-04 18:20:00,180.9743678807886,681.5301178888889,500.55575,10799.999999991,10799.999999991,0.0,True,False
5430,2025-01-04 18:30:00,154.34462221412204,675.8196222222223,521.4749999999999,10799.999999991,10799.999999991,0.0,True,False
5440,2025-01-04 18:40:00,189.2559524918996,664.6762524999999,475.4203,10799.999999991,10799.999999991,0.0,True,False
5670,2025-01-04 22:30:00,111.02333334333342,1361.7033333333334,417.34666666666664,5248.494406012052,5998.4944060020525,749.99999999,False,True
5680,2025-01-04 22:40:00,101.67718889888896,1366.3430555555556,431.3325333333333,5998.4944060020525,6748.494405992053,749.99999999,False,True
5700,2025-01-04 23:00:00,114.56611112111112,1341.391111111111,393.4916666666666,6853.732033983053,7603.732033973053,749.99999999,False,True
5730,2025-01-04 23:30:00,94.6872222322222,1384.168888888889,456.1483333333333,7806.542261405053,8556.542261395052,749.99999999,False,True
5740,2025-01-04 23:40:00,140.88088889888888,1390.8721555555555,416.6579333333333,8556.542261395052,9306.542261385051,749.99999999,False,True
5750,2025-01-04 23:50:00,71.10057223222212,1382.2462722222222,477.81236666666666,9306.542261385051,10056.54226137505,749.9999999899999,False,True
10120,2025-01-08 00:40:00,18.99916667666661,1418.4385166666666,566.1060166666666,6599.294428352336,7349.294428342336,749.99999999,False,True
10150,2025-01-08 01:10:00,28.609283343333225,1483.38675,621.4441333333333,7407.242724574336,8157.242724564336,749.99999999,False,True
10160,2025-01-08 01:20:00,55.354266676666604,1486.1396,597.452,8157.242724564336,8907.242724554335,749.99999999,False,True
11200,2025-01-08 18:40:00,32.508864192667026,767.4298249999999,728.8338,10794.5215552644,10799.999999991,5.478444726599623,True,False
11210,2025-01-08 18:50:00,49.8486404461471,770.2167904542473,720.3681499999999,10799.999999991,10799.999999991,0.0,True,False
11440,2025-01-08 22:40:00,50.24636794242746,1420.8743845990941,537.2946833333333,2378.3855863530353,3128.3855863430354,749.99999999,False,True
11450,2025-01-08 22:50:00,4.554476808260566,1391.7967267982606,553.9089166666666,3128.3855863430354,3878.3855863330355,749.99999999,False,True
11480,2025-01-08 23:20:00,76.17466744983061,1475.1923007731639,565.6842999999999,4658.533387332595,5408.533387322595,749.99999999,False,True
12870,2025-01-09 22:30:00,34.650009465845294,1420.1200094558453,552.1366666666667,2079.31297546791,2829.31297545791,749.99999999,False,True
12880,2025-01-09 22:40:00,10.40583334912639,1428.561300005793,584.8221333333333,2829.31297545791,3579.31297544791,749.99999999,False,True
12920,2025-01-09 23:20:00,36.391605912126685,1439.21228923546,569.48735,5000.908418265927,5750.908418255927,749.99999999,False,True
12930,2025-01-09 23:30:00,8.676575342694143,1449.241575332694,607.2316666666666,5750.908418255927,6500.908418245927,749.99999999,False,True
12940,2025-01-09 23:40:00,2.855419400017573,1460.7282360566842,624.5394833333332,6500.908418245927,7250.9084182359275,749.99999999,False,True
13040,2025-01-10 01:20:00,32.26262695493539,1346.3254769449354,480.72951666666665,9213.044452054228,9963.044452044227,749.99999999,False,True
14330,2025-01-10 22:50:00,2.135804953861558,1244.8561716105282,409.3870333333333,3216.0991040727818,3966.099104062782,749.99999999,False,True
14340,2025-01-10 23:00:00,8.593511265705494,1253.7368445890388,411.81,3966.099104062782,4716.0991040527815,749.99999999,False,True
14370,2025-01-10 23:30:00,37.223696936491926,1280.1070302598253,409.55,6193.793069235716,6943.7930692267155,749.999999991,False,True
14380,2025-01-10 23:40:00,53.309850782322876,1284.051400772323,397.4082166666667,6943.7930692267155,7693.793069217715,749.999999991,False,True
15760,2025-01-11 22:40:00,2.090213855098333,1263.2224971784317,427.79895,2149.4466017591612,2899.4466017491613,749.99999999,False,True
15770,2025-01-11 22:50:00,2.205955716942859,1249.6101223736096,414.0708333333333,2899.4466017491613,3649.4466017391615,749.99999999,False,True
15790,2025-01-11 23:10:00,30.243185974103078,1274.7372526307697,411.16073333333327,4363.374269599088,5113.374269589088,749.99999999,False,True
15810,2025-01-11 23:30:00,28.938799855875793,1288.2254665125424,425.95333333333326,5794.260450030554,6544.260450020554,749.99999999,False,True
17200,2025-01-12 22:40:00,2.300541548700031,1420.7469415387,585.1130666666666,2805.626443667374,3555.6264436583742,749.999999991,False,True
17240,2025-01-12 23:20:00,3.4540608926303014,1435.222977549297,598.4355833333333,5625.2311653902225,6375.231165381222,749.999999991,False,True
17250,2025-01-12 23:30:00,30.658573267086688,1417.84190659042,553.8499999999999,6375.231165381222,7125.231165372222,749.999999991,False,True
17260,2025-01-12 23:40:00,6.691575588329662,1446.186058911663,606.1611499999999,7125.231165372222,7875.231165363221,749.999999991,False,True
17320,2025-01-13 00:40:00,1.4288884181937567,1438.5129384081938,603.7507166666667,8516.308445340166,9266.308445330165,749.99999999,False,True
18400,2025-01-13 18:40:00,50.12370913045182,798.4777063057716,705.1073833333332,10761.078047533212,10799.999999991,38.921952457787846,True,False
18410,2025-01-13 18:50:00,82.61364599865166,779.1865126734186,696.5728666666666,10799.999999991,10799.999999991,0.0,True,False
18630,2025-01-13 22:30:00,36.14836309273311,1399.553363082733,530.0716666666666,2087.1874297464633,2837.1874297364634,749.99999999,False,True
18680,2025-01-13 23:20:00,43.42795305999538,1453.2099030499953,576.4486166666666,5666.986314162436,6416.986314153436,749.999999991,False,True
18760,2025-01-14 00:40:00,2.303788297950738,1450.2244382879508,614.5873166666667,7787.210530081878,8537.210530072878,749.999999991,False,True
18770,2025-01-14 00:50:00,53.139271992906735,1501.5883386495734,615.1157333333333,8537.210530072878,9287.210530062877,749.99999999,False,True
20070,2025-01-14 22:30:00,5.21121878945734,1386.747885446124,548.2033333333333,1889.3655652314433,2639.3655652224434,749.999999991,False,True
21530,2025-01-15 22:50:00,21.232409801461237,1387.734676458128,533.1689333333334,3267.7767401303945,4017.7767401213946,749.999999991,False,True
21540,2025-01-15 23:00:00,37.11788296138251,1413.0578829513825,542.6066666666666,4017.7767401213946,4767.776740112395,749.999999991,False,True
21550,2025-01-15 23:10:00,12.562482760241657,1411.638616083575,565.7428,4767.776740112395,5517.776740103394,749.999999991,False,True
21570,2025-01-15 23:30:00,2.712213651568269,1425.593880308235,589.5483333333333,6265.695166859104,7015.695166850103,749.999999991,False,True
21640,2025-01-16 00:40:00,24.23509763869071,1464.4067476286907,606.8383166666666,7837.719646650079,8587.719646640078,749.99999999,False,True
21680,2025-01-16 01:20:00,2.3003009113248174,1493.4568175679915,657.8231833333333,8735.154589171218,9485.154589161217,749.99999999,False,True
22960,2025-01-16 22:40:00,16.537979947473893,1417.4923132708072,567.621,3038.433943972622,3788.433943963622,749.999999991,False,True
22970,2025-01-16 22:50:00,27.497726703974074,1442.5278933606407,581.6968333333333,3788.433943963622,4538.433943954622,749.999999991,False,True
22980,2025-01-16 23:00:00,12.728651920519944,1438.20365191052,592.1416666666667,4538.433943954622,5288.433943945622,749.999999991,False,True
22990,2025-01-16 23:10:00,2.5842804249486937,1409.1680804149487,573.2504666666666,5288.433943945622,6038.433943935622,749.99999999,False,True
23050,2025-01-17 00:10:00,63.194418069394594,1272.7405180593946,376.21276666666665,7678.46994935093,8428.46994934093,749.99999999,False,True
24390,2025-01-17 22:30:00,22.523899848105195,1235.2105665047718,379.3533333333333,1831.4574616109214,2581.4574616019213,749.999999991,False,True
24400,2025-01-17 22:40:00,22.456586263626143,1240.8370195869595,385.0471,2581.4574616019213,3331.4574615929214,749.999999991,False,True
24430,2025-01-17 23:10:00,6.126966179267234,1273.0828495026005,433.62254999999993,4742.484528515859,5492.484528506859,749.999999991,False,True
24440,2025-01-17 23:20:00,11.705298422320531,1275.5203484123206,430.48171666666667,5492.484528506859,6242.484528497858,749.999999991,False,True
24500,2025-01-18 00:20:00,20.836180751724434,1302.1705807417245,448.0010666666667,7541.084681461843,8291.084681451843,749.99999999,False,True
24520,2025-01-18 00:40:00,14.325650790715137,1297.2073674473818,449.54838333333333,8462.280272759588,9212.280272749587,749.99999999,False,True
24560,2025-01-18 01:20:00,72.84286869479682,1334.5513353514634,428.3751333333333,9258.241142921957,10008.241142911957,749.99999999,False,True
25850,2025-01-18 22:50:00,12.321100987832203,1246.7108676444989,401.0564333333333,3312.831821205019,4062.831821196019,749.999999991,False,True
25860,2025-01-18 23:00:00,27.2507330440635,1257.4140663673968,396.83,4062.831821196019,4812.831821187019,749.999999991,False,True
25890,2025-01-18 23:30:00,4.321440463780156,1263.4247737871135,425.77,6277.59418011854,7027.59418010854,749.99999999,False,True
25950,2025-01-19 00:30:00,15.906848603961059,1443.4135152606277,594.1733333333333,7657.044855125933,8407.044855115933,749.99999999,False,True
25960,2025-01-19 00:40:00,8.273876544689749,1462.270309868023,620.6631,8407.044855115933,9157.044855105933,749.99999999,False,True
27310,2025-01-19 23:10:00,1.111494692452303,1440.791961349119,606.3471333333333,4752.345310737031,5502.34531072803,749.999999991,False,True
27320,2025-01-19 23:20:00,2.51311488856276,1427.9038315452294,592.0573833333333,5502.34531072803,6252.34531071903,749.999999991,False,True
28730,2025-01-20 22:50:00,55.87170862004279,1437.8424252767095,548.6373833333333,3465.8614573564314,4215.861457346431,749.99999999,False,True
28740,2025-01-20 23:00:00,61.94132410579072,1433.4529907624574,538.1783333333333,4215.861457346431,4965.861457336431,749.99999999,False,True
28770,2025-01-20 23:30:00,60.007669835105496,1472.7943364917721,579.4533333333333,6461.407090640339,7211.40709063034,749.99999999,False,True
28780,2025-01-20 23:40:00,39.16510025690501,1466.0165169135716,593.5180833333333,7211.40709063034,7961.40709062034,749.99999999,False,True
30170,2025-01-21 22:50:00,38.17717752274461,1432.3956941794113,560.8851833333333,3508.03250564211,4258.03250563211,749.99999999,False,True
30180,2025-01-21 23:00:00,74.99254618066412,1447.1008795039975,538.775,4258.03250563211,5008.03250562211,749.99999999,False,True
30190,2025-01-21 23:10:00,5.848974261610457,1430.8477409182772,591.6654333333333,5008.03250562211,5758.03250561211,749.99999999,False,True
30200,2025-01-21 23:20:00,0.7036187818214251,1431.3879854384882,597.3510333333334,5758.03250561211,6508.03250560211,749.99999999,False,True
30210,2025-01-21 23:30:00,55.81015238601196,1450.4284857093453,561.285,6508.03250560211,7258.03250559211,749.99999999,False,True
30220,2025-01-21 23:40:00,5.074470265419669,1446.1664869220863,607.7586833333332,7258.03250559211,8008.03250558211,749.99999999,False,True
30270,2025-01-22 00:30:00,38.30247923172191,1463.5641458883886,591.9283333333333,8425.448204864597,9175.448204854596,749.99999999,False,True
30280,2025-01-22 00:40:00,26.745296681406664,1433.1510466714067,573.0724166666666,9175.448204854596,9925.448204845596,749.999999991,False,True
31650,2025-01-22 23:30:00,16.010192847261912,1421.6218595039286,572.2783333333333,6139.5124212400915,6889.512421231091,749.999999991,False,True
31710,2025-01-23 00:30:00,5.683427223403661,1455.461760546737,616.4449999999999,8405.607224454629,9155.607224444628,749.99999999,False,True
33050,2025-01-23 22:50:00,17.774453977424052,1419.2126706340907,568.1048833333333,3449.758843963786,4199.758843954786,749.999999991,False,True
33060,2025-01-23 23:00:00,18.708189636478657,1424.2648562931454,572.2233333333334,4199.758843954786,4949.758843945786,749.999999991,False,True
33070,2025-01-23 23:10:00,19.620947074363123,1406.6461137310298,553.6918333333333,4949.758843945786,5699.7588439367855,749.999999991,False,True
33080,2025-01-23 23:20:00,26.127370982101972,1419.086670972102,559.6259666666666,5699.7588439367855,6449.758843927785,749.999999991,False,True
33090,2025-01-23 23:30:00,30.546257866495118,1462.621257856495,598.7416666666666,6449.758843927785,7199.758843918785,749.999999991,False,True
34500,2025-01-24 23:00:00,39.406745650392615,1287.540078973726,414.8,4168.765262615097,4918.765262605097,749.99999999,False,True
34510,2025-01-24 23:10:00,23.116926558826428,1269.1861598821597,412.73589999999996,4918.765262605097,5668.765262595097,749.99999999,False,True
34520,2025-01-24 23:20:00,40.56224431332634,1267.9842943033264,394.08871666666664,5668.765262595097,6418.765262585097,749.99999999,False,True
34530,2025-01-24 23:30:00,71.73759145038399,1286.8559247737173,381.78499999999997,6418.765262585097,7168.765262575097,749.99999999,False,True
35910,2025-01-25 22:30:00,0.6321332256951485,1275.1621332156951,441.1966666666666,1848.7771111772543,2598.777111168254,749.999999991,False,True
35950,2025-01-25 23:10:00,25.60282238074125,1252.6482223707412,393.7120666666666,4819.042643939162,5569.042643930162,749.999999991,False,True
35960,2025-01-25 23:20:00,25.46575560937753,1267.4147555993775,408.61566666666664,5569.042643930162,6319.0426439211615,749.999999991,False,True
36040,2025-01-26 00:40:00,32.4431103584543,1453.3871103484544,587.6106666666667,9177.277639501124,9927.277639492124,749.999999991,False,True
37350,2025-01-26 22:30:00,27.216082436368872,1424.3727490930355,563.8233333333333,2188.4720527948666,2938.4720527848667,749.99999999,False,True
37360,2025-01-26 22:40:00,5.8371787672306175,1416.1743787572307,577.0038666666667,2938.4720527848667,3688.472052774867,749.99999999,False,True
37380,2025-01-26 23:00:00,15.352120905097188,1426.6121208950972,577.9266666666666,4434.136890599345,5184.136890589345,749.99999999,False,True
37390,2025-01-26 23:10:00,35.38430012849164,1438.749483451825,570.03185,5184.136890589345,5934.136890579345,749.99999999,False,True
37400,2025-01-26 23:20:00,0.06910565315990086,1426.6050389764932,593.2026,5934.136890579345,6684.136890569345,749.99999999,False,True
37470,2025-01-27 00:30:00,6.368374979903584,1443.201708303237,603.5,8363.422477855971,9113.42247784597,749.99999999,False,True
37480,2025-01-27 00:40:00,23.32188015970575,1441.7862968163724,585.1310833333333,9113.42247784597,9863.42247783697,749.999999991,False,True
38900,2025-01-28 00:20:00,0.5747062302669895,1458.248606220267,624.3405666666666,7651.124794453637,8401.124794444637,749.999999991,False,True
38910,2025-01-28 00:30:00,43.351298202372156,1463.041298192372,586.3566666666666,8401.124794444637,9151.124794434636,749.99999999,False,True
38920,2025-01-28 00:40:00,27.322055870981778,1452.7642725276485,592.1088833333333,9151.124794434636,9901.124794424635,749.99999999,False,True
40230,2025-01-28 22:30:00,39.462625379683,1392.8492920363497,520.0533333333333,1847.6218520885457,2597.6218520795455,749.999999991,False,True
40240,2025-01-28 22:40:00,2.321551551744384,1407.5177848750777,571.8629,2597.6218520795455,3347.6218520705456,749.999999991,False,True
40270,2025-01-28 23:10:00,9.837177825579936,1425.4951444822466,582.3246333333333,4789.374344177544,5539.374344167544,749.99999999,False,True
40280,2025-01-28 23:20:00,6.232698064137359,1430.5846980541373,591.0186666666666,5539.374344167544,6289.374344157544,749.99999999,False,True
40340,2025-01-29 00:20:00,0.9846565569786129,1424.984389880312,590.6664,7665.492814130512,8415.492814120511,749.99999999,False,True
41670,2025-01-29 22:30:00,59.23964454361441,1425.351311200281,532.7783333333333,2861.744418693903,3611.744418683903,749.99999999,False,True
41680,2025-01-29 22:40:00,13.395140566518641,1397.6431072231853,550.9146333333333,3611.744418683903,4361.744418673903,749.99999999,False,True
41700,2025-01-29 23:00:00,17.22972701450214,1422.8480603378355,572.285,5103.799202023303,5853.799202013303,749.99999999,False,True
41710,2025-01-29 23:10:00,21.532356081514756,1430.3812227381813,575.5155333333332,5853.799202013303,6603.799202003303,749.99999999,False,True
41720,2025-01-29 23:20:00,16.64205884954685,1421.2528755062135,571.2774833333333,6603.799202003303,7353.7992019933035,749.99999999,False,True
41730,2025-01-29 23:30:00,9.728026562991083,1410.3346932196578,567.2733333333333,7353.7992019933035,8103.799201983304,749.99999999,False,True
41790,2025-01-30 00:30:00,2.1977871048466033,1431.79112042818,596.26,8292.080576713857,9042.080576703856,749.99999999,False,True
43110,2025-01-30 22:30:00,46.36691863335158,1430.2669186233516,550.5666666666666,1577.4336421165417,2327.433642106542,749.99999999,False,True
43120,2025-01-30 22:40:00,11.066905160812773,1413.7837551508128,569.3835166666667,2327.433642106542,3077.433642096542,749.99999999,False,True
43130,2025-01-30 22:50:00,18.098323836484717,1408.6956238264847,557.2639666666666,3077.433642096542,3827.433642086542,749.99999999,False,True
43140,2025-01-30 23:00:00,46.12162877901573,1411.8866287690157,532.4316666666666,3827.433642086542,4577.433642076542,749.99999999,False,True
43170,2025-01-30 23:30:00,17.372920354642353,1439.274587011309,588.5683333333333,6038.707895189402,6788.707895179402,749.99999999,False,True
43240,2025-01-31 00:40:00,11.076722848995011,1298.784472838995,454.37441666666666,8161.370223815783,8911.370223805783,749.99999999,False,True
44550,2025-01-31 22:30:00,31.87441221646383,1262.8510788731305,397.6433333333333,1471.0318255778648,2221.031825568865,749.999999991,False,True
44560,2025-01-31 22:40:00,30.959117067970617,1260.2764837246373,395.9840333333333,2221.031825568865,2971.031825559865,749.999999991,False,True
44570,2025-01-31 22:50:00,32.56569206184303,1256.9670587185096,391.0680333333333,2971.031825559865,3721.031825549865,749.99999999,False,True
44580,2025-01-31 23:00:00,25.89461881233455,1254.3396188023346,395.1116666666667,3721.031825549865,4471.031825539865,749.99999999,False,True
44590,2025-01-31 23:10:00,10.130515202335793,1252.3353318590025,408.87148333333334,4471.031825539865,5221.031825529865,749.99999999,False,True
44670,2025-02-01 00:30:00,25.91569239153818,1269.9656923815382,410.7166666666667,7608.915579341043,8358.915579331042,749.99999999,False,True
44680,2025-02-01 00:40:00,27.208173200482626,1290.836306523816,430.29479999999995,8358.915579331042,9108.915579322042,749.999999991,False,True
45970,2025-02-01 22:10:00,16.90056693991891,1222.003716929919,371.76981666666666,1408.6868093337841,2158.686809323784,749.99999999,False,True
45990,2025-02-01 22:30:00,76.8123145085459,1269.302314498546,359.15666666666664,2216.607145329089,2966.607145319089,749.99999999,False,True
46000,2025-02-01 22:40:00,45.15024286413699,1260.534292854137,382.05071666666663,2966.607145319089,3716.607145309089,749.99999999,False,True
46040,2025-02-01 23:20:00,9.499921792843445,1243.7931217828434,400.95986666666664,5910.2522602253775,6660.252260215378,749.99999999,False,True
46050,2025-02-01 23:30:00,9.133745172448009,1252.4120784957813,409.945,6660.252260215378,7410.252260205378,749.99999999,False,True
46100,2025-02-02 00:20:00,9.057842116035879,1424.1256587727025,581.7344833333333,7497.21311266041,8247.21311265041,749.99999999,False,True
46110,2025-02-02 00:30:00,0.8657141692790368,1418.7923808259457,584.5933333333332,8247.21311265041,8997.21311264041,749.99999999,False,True
46480,2025-02-02 06:40:00,24.303631339608998,902.4681772639846,876.0123666666666,10798.063038659062,10799.999999991,1.936961331938069,True,False
46490,2025-02-02 06:50:00,8.239549746701483,862.0894330881351,853.8498833333333,10799.999999991,10799.999999991,0.0,True,False
47430,2025-02-02 22:30:00,12.089569891827061,1387.019569881827,541.5966666666666,2099.517935465411,2849.517935455411,749.99999999,False,True
47440,2025-02-02 22:40:00,16.806119226820208,1396.6901192168202,546.5506666666666,2849.517935455411,3599.5179354454112,749.99999999,False,True
47450,2025-02-02 22:50:00,24.37014706814204,1401.6441803914754,543.9407,3599.5179354454112,4349.517935435411,749.99999999,False,True
47460,2025-02-02 23:00:00,24.11060732796806,1398.985607317968,541.5416666666666,4349.517935435411,5099.517935425411,749.99999999,False,True
47470,2025-02-02 23:10:00,9.801118823294352,1399.880985479961,556.7465333333333,5099.517935425411,5849.517935415412,749.99999999,False,True
47480,2025-02-02 23:20:00,17.35761969633699,1413.1194863530036,562.4285333333332,5849.517935415412,6599.517935405412,749.99999999,False,True
47490,2025-02-02 23:30:00,41.50794349464649,1423.2996101513131,548.4583333333333,6599.517935405412,7349.517935395412,749.99999999,False,True
48850,2025-02-03 22:10:00,31.998374813750154,1382.8512748037501,517.5195666666666,1409.6670148869644,2159.6670148779644,749.999999991,False,True
48870,2025-02-03 22:30:00,8.997480740748408,1401.9408140640817,559.6099999999999,2208.670929373543,2958.670929363543,749.99999999,False,True
48890,2025-02-03 22:50:00,2.18409183796438,1403.438708494631,567.9212833333333,3700.822314105939,4450.822314095939,749.99999999,False,True
48900,2025-02-03 23:00:00,13.777824464920052,1389.7311577882533,542.6199999999999,4450.822314095939,5200.822314085939,749.99999999,False,True
48920,2025-02-03 23:20:00,30.830107467533246,1431.7331407908666,567.5697,5949.064518360933,6699.064518350933,749.99999999,False,True
48930,2025-02-03 23:30:00,96.46781597842526,1445.4178159684252,515.6166666666666,6699.064518350933,7449.064518340933,749.99999999,False,True
49000,2025-02-04 00:40:00,0.2860374980448262,1407.5162041547114,573.8968333333332,9002.494258306788,9752.494258296787,749.99999999,False,True
49280,2025-02-04 05:20:00,52.55485808008026,736.8653146506583,669.9554499999999,10787.08049407748,10799.999999991,12.919505913520332,True,False
49290,2025-02-04 05:30:00,48.1920371821702,730.4787038569372,682.2866666666666,10799.999999991,10799.999999991,0.0,True,False
49300,2025-02-04 05:40:00,14.782661109967057,670.1466611180674,655.364,10799.999999991,10799.999999991,0.0,True,False
49310,2025-02-04 05:50:00,20.522539987945006,731.5896899960453,711.06715,10799.999999991,10799.999999991,0.0,True,False
49320,2025-02-04 06:00:00,7.209000001898721,841.6073333433324,834.3983333333333,10799.999999991,10799.999999991,0.0,True,False
49350,2025-02-04 06:30:00,4.942182322162659,880.4156928372423,861.9566666666666,10787.834840527428,10799.999999991,12.16515946357176,True,False
49360,2025-02-04 06:40:00,47.623206598609,916.203573273376,868.5803666666667,10799.999999991,10799.999999991,0.0,True,False
49370,2025-02-04 06:50:00,11.792383607432877,878.0051669488666,866.2127833333334,10799.999999991,10799.999999991,0.0,True,False
50330,2025-02-04 22:50:00,31.693631567697814,1417.805464891031,552.7784999999999,3441.815259723899,4191.815259713899,749.99999999,False,True
50340,2025-02-04 23:00:00,17.733169664302288,1405.7681696543023,554.7016666666666,4191.815259713899,4941.815259703899,749.99999999,False,True
50350,2025-02-04 23:10:00,26.41408517400668,1410.5423851640066,550.7949666666666,4941.815259703899,5691.815259693899,749.99999999,False,True
50360,2025-02-04 23:20:00,40.42848702540845,1418.094803682075,544.3329833333332,5691.815259693899,6441.815259683899,749.99999999,False,True
50370,2025-02-04 23:30:00,42.31311056948413,1421.218110559484,545.5716666666666,6441.815259683899,7191.815259673899,749.99999999,False,True
50440,2025-02-05 00:40:00,4.391951827755739,1411.736035151089,574.0107499999999,8912.16309297837,9662.163092968369,749.99999999,False,True
51780,2025-02-05 23:00:00,10.706491279976824,1401.3481579366435,557.3083333333333,4906.12318199179,5656.12318198279,749.999999991,False,True
51790,2025-02-05 23:10:00,21.069363209106875,1405.5666631991069,551.1639666666666,5656.12318198279,6406.12318197279,749.99999999,False,True
51800,2025-02-05 23:20:00,19.48189626803059,1401.5774629246973,548.7622333333334,6406.12318197279,7156.12318196279,749.99999999,False,True
51810,2025-02-05 23:30:00,10.422433989910125,1398.6474339799101,554.8916666666667,7156.12318196279,7906.12318195279,749.99999999,False,True
51880,2025-02-06 00:40:00,35.165955247905224,1447.9066052379053,579.4073166666667,9139.362901958748,9889.362901948747,749.99999999,False,True
52150,2025-02-06 05:10:00,0.038956328626016896,687.1183372061597,663.6617833333332,10778.92416220122,10799.999999991,21.07583778978041,True,False
52160,2025-02-06 05:20:00,29.18486817330311,715.7895515147367,686.6046833333332,10799.999999991,10799.999999991,0.0,True,False
52170,2025-02-06 05:30:00,36.15231432946755,701.8473143375678,665.6949999999999,10799.999999991,10799.999999991,0.0,True,False
52180,2025-02-06 05:40:00,57.57983876572652,686.8823387738269,629.3025,10799.999999991,10799.999999991,0.0,True,False
52190,2025-02-06 05:50:00,61.06468355435127,775.7757502291183,714.7110666666667,10799.999999991,10799.999999991,0.0,True,False
52200,2025-02-06 06:00:00,8.954108335231103,878.8874416766648,869.9333333333334,10799.999999991,10799.999999991,0.0,True,False
52230,2025-02-06 06:30:00,35.7138418546937,914.7059082980314,872.2049999999999,10793.891640191996,10799.999999991,6.108359799004026,True,False
52240,2025-02-06 06:40:00,56.651459468131065,917.4881928095647,860.8367333333333,10799.999999991,10799.999999991,0.0,True,False
52250,2025-02-06 06:50:00,8.744437569556714,862.9629375776569,854.2185,10799.999999991,10799.999999991,0.0,True,False
53190,2025-02-06 22:30:00,2.682338496469348,1389.694005153136,553.6783333333333,2232.753159709614,2982.753159699614,749.99999999,False,True
53240,2025-02-06 23:20:00,22.51355218971866,1417.6855021797187,561.8386166666667,5937.1113543389665,6687.111354329966,749.999999991,False,True
53250,2025-02-06 23:30:00,44.006011677174904,1424.181011667175,546.8416666666667,6687.111354329966,7437.111354320966,749.999999991,False,True
53310,2025-02-07 00:30:00,29.159482747704708,1309.427816071038,446.935,7921.067913142588,8671.067913132587,749.99999999,False,True
53320,2025-02-07 00:40:00,33.840003043240806,1286.4265030332408,419.25316666666663,8671.067913132587,9421.067913123587,749.999999991,False,True
54650,2025-02-07 22:50:00,11.31053337501475,1224.4425333650147,379.79866666666663,2594.701705964133,3344.701705954133,749.99999999,False,True
54670,2025-02-07 23:10:00,3.9336285724648326,1237.4044285624648,400.1374666666666,4094.479314792502,4844.479314782502,749.99999999,False,True
55060,2025-02-08 05:40:00,30.968527173230193,1382.79042716323,518.4885666666667,8687.590203295944,9437.590203286944,749.999999991,False,True
56070,2025-02-08 22:30:00,5.523610077335767,1217.671943400669,378.81499999999994,2218.2300493191074,2968.2300493101075,749.999999991,False,True
56080,2025-02-08 22:40:00,25.437609757390184,1229.1701597473902,370.3992166666667,2968.2300493101075,3718.2300493011076,749.999999991,False,True
56090,2025-02-08 22:50:00,25.084884381736394,1246.799351038403,388.3811333333333,3718.2300493011076,4468.230049292108,749.999999991,False,True
56100,2025-02-08 23:00:00,19.65825360744838,1254.679920264115,401.68833333333333,4468.230049292108,5218.230049282108,749.99999999,False,True
56110,2025-02-08 23:10:00,24.21869123346982,1238.9086745568031,381.35665,5218.230049282108,5968.230049272108,749.99999999,False,True
56120,2025-02-08 23:20:00,15.996016890789399,1238.5879835474561,389.25863333333336,5968.230049272108,6718.230049262108,749.99999999,False,True
56130,2025-02-08 23:30:00,1.7611577319736318,1246.3661577219737,411.27166666666665,6718.230049262108,7468.230049252108,749.99999999,False,True
56190,2025-02-09 00:30:00,1.1766995018501722,1410.4083661585169,575.8983333333333,7865.868691334876,8615.868691324875,749.99999999,False,True
56500,2025-02-09 05:40:00,7.808427696360801,1478.861361019694,637.7195999999999,9730.00931561351,10480.00931560451,749.999999991,False,True
57510,2025-02-09 22:30:00,17.715709183019037,1384.8023758396857,533.7533333333333,2089.8830067966496,2839.8830067876497,749.999999991,False,True
57520,2025-02-09 22:40:00,27.289264974184782,1389.1855649641848,528.5629666666666,2839.8830067876497,3589.88300677865,749.999999991,False,True
57530,2025-02-09 22:50:00,21.524338855318653,1388.2092388453186,533.3515666666666,3589.88300677865,4339.88300676965,749.999999991,False,True
57540,2025-02-09 23:00:00,11.837444313703706,1387.5674443037037,542.3966666666666,4339.88300676965,5089.88300675965,749.99999999,False,True
57550,2025-02-09 23:10:00,6.968334352984008,1399.2675010096507,558.9658333333333,5089.88300675965,5839.88300674965,749.99999999,False,True
57560,2025-02-09 23:20:00,11.289782339747255,1404.3939323297473,559.7708166666666,5839.88300674965,6589.88300674065,749.999999991,False,True
57570,2025-02-09 23:30:00,10.095440349744415,1394.177107006411,550.7483333333332,6589.88300674065,7339.88300673065,749.99999999,False,True
57640,2025-02-10 00:40:00,28.877238932507787,1429.1797555891744,566.9691833333333,8614.56165360041,9364.56165359141,749.999999991,False,True
57940,2025-02-10 05:40:00,16.57602191654086,1505.8515385732076,655.9421833333333,9980.937898037007,10730.937898028007,749.999999991,False,True
58950,2025-02-10 22:30:00,20.73972489400716,1385.8963915506738,531.8233333333333,2054.267720343777,2804.267720334777,749.999999991,False,True
58960,2025-02-10 22:40:00,24.837813547128114,1404.7981802037948,546.6270333333333,2804.267720334777,3554.267720325777,749.999999991,False,True
58970,2025-02-10 22:50:00,7.371806721784188,1393.0586400451175,552.3534999999999,3554.267720325777,4304.267720316777,749.999999991,False,True
58990,2025-02-10 23:10:00,7.807675295969708,1400.0611919526364,558.9201833333333,5044.006437840322,5794.006437831322,749.999999991,False,True
59080,2025-02-11 00:40:00,4.932923167556274,1421.595239824223,583.3289833333333,7516.180374449307,8266.180374439307,749.99999999,False,True
59090,2025-02-11 00:50:00,14.345675365769232,1415.451692022436,567.7726833333334,8266.180374439307,9016.180374429307,749.99999999,False,True
59380,2025-02-11 05:40:00,23.289520265356707,1500.37365358869,643.7508,9776.367303552177,10526.367303543177,749.999999991,False,True
60130,2025-02-11 18:10:00,1.5068321185889841,712.7293833048883,687.8893166666667,10779.00008892333,10799.999999991,20.999911067669377,True,False
60150,2025-02-11 18:30:00,10.950161673713529,726.5998713293467,714.0583333333334,10798.56776130093,10799.999999991,1.4322386900697845,True,False
60160,2025-02-11 18:40:00,12.517442762349651,731.34044277045,718.823,10799.999999991,10799.999999991,0.0,True,False
60370,2025-02-11 22:10:00,36.95030694728097,1386.727456937281,516.4438166666666,1319.8136566299847,2069.8136566209846,749.999999991,False,True
60390,2025-02-11 22:30:00,27.854108556295834,1418.2807752129625,557.0933333333332,2106.9508608008073,2856.9508607918074,749.999999991,False,True
60400,2025-02-11 22:40:00,39.91619136241092,1406.0940080190776,532.8444833333333,2856.9508607918074,3606.9508607828075,749.999999991,False,True
60410,2025-02-11 22:50:00,26.072019680147257,1397.341486336814,537.9361333333333,3606.9508607828075,4356.950860773807,749.999999991,False,True
60430,2025-02-11 23:10:00,2.2372015882782454,1395.732418244945,560.1618833333333,5102.84711392927,5852.847113920269,749.999999991,False,True
60440,2025-02-11 23:20:00,6.620336780310018,1392.9869201036433,553.03325,5852.847113920269,6602.847113911269,749.999999991,False,True
60520,2025-02-12 00:40:00,15.056197172046488,1423.5227471620465,575.1332166666666,8643.327928920675,9393.327928911674,749.999999991,False,True
60820,2025-02-12 05:40:00,265.29043398022407,1524.092005312781,655.6220999999999,10257.138475791699,10799.999999991,542.8615241993015,True,False
60830,2025-02-12 05:50:00,37.528564325107915,750.7708143332081,713.2422499999999,10799.999999991,10799.999999991,0.0,True,False
60840,2025-02-12 06:00:00,32.21348333523199,858.0451500099989,825.8316666666666,10799.999999991,10799.999999991,0.0,True,False
61830,2025-02-12 22:30:00,19.42399472042279,1390.1239947104227,537.3666666666666,2003.424562135519,2753.424562126519,749.999999991,False,True
61840,2025-02-12 22:40:00,0.8775775637769733,1389.9462942204436,555.7353833333333,2753.424562126519,3503.424562117519,749.999999991,False,True
61860,2025-02-12 23:00:00,2.613291566279023,1394.408291556279,558.4616666666666,4252.165863974339,5002.165863965339,749.999999991,False,True
63250,2025-02-13 22:10:00,18.25438569192965,1366.0802523485963,514.4925333333333,1247.984321959261,1997.984321950261,749.999999991,False,True
63300,2025-02-13 23:00:00,0.041237433492361815,1383.3912374234924,550.0166666666667,4248.499529659661,4998.49952965066,749.999999991,False,True
63310,2025-02-13 23:10:00,17.99753670116433,1390.5515200244977,539.22065,4998.49952965066,5748.49952964166,749.999999991,False,True
63320,2025-02-13 23:20:00,7.74291205882968,1394.502745382163,553.4265,5748.49952964166,6498.49952963266,749.999999991,False,True
63340,2025-02-13 23:40:00,5.764967594590408,1419.9795175845904,580.8812166666667,7227.312965968696,7977.312965959695,749.999999991,False,True
64710,2025-02-14 22:30:00,49.18943303379546,1245.8677663571289,363.345,2422.311032326142,3172.3110323161422,749.99999999,False,True
64720,2025-02-14 22:40:00,4.031004119977516,1228.7165707766442,391.35223333333334,3172.3110323161422,3922.3110323061424,749.99999999,False,True
64740,2025-02-14 23:00:00,12.97861219508058,1232.456945518414,386.145,4658.318517394379,5408.318517384379,749.99999999,False,True
64780,2025-02-14 23:40:00,1.7023774426355578,1247.550260765969,412.51455,6164.927047598188,6914.9270475881885,749.99999999,False,True
66130,2025-02-15 22:10:00,53.860272299909745,1229.7655222899098,342.57191666666665,1295.3059461835592,2045.3059461745593,749.999999991,False,True
66180,2025-02-15 23:00:00,3.07605780136793,1238.1093911247012,401.69999999999993,4224.88917675169,4974.889176742689,749.999999991,False,True
66210,2025-02-15 23:30:00,5.833148454245467,1245.884815110912,406.7183333333333,6431.27680579288,7181.276805783879,749.999999991,False,True
66220,2025-02-15 23:40:00,4.251616619722532,1222.9200166097226,385.33506666666665,7181.276805783879,7931.276805774879,749.999999991,False,True
66280,2025-02-16 00:40:00,8.558017551156574,1435.33515087449,593.4438,8464.182171066013,9214.182171056013,749.99999999,False,True
67570,2025-02-16 22:10:00,16.43661993250179,1373.8159865891685,524.0460333333333,1284.2332025020287,2034.2332024930288,749.999999991,False,True
67630,2025-02-16 23:10:00,14.609200761857089,1390.1676340851905,542.2251,4984.2070082656155,5734.207008256615,749.999999991,False,True
67710,2025-02-17 00:30:00,30.182275696424192,1426.4022756864242,562.8866666666667,7985.21395666419,8735.21395665419,749.99999999,False,True
67720,2025-02-17 00:40:00,11.051282093245838,1416.2754987499125,571.8908833333332,8735.21395665419,9485.21395664419,749.99999999,False,True
68000,2025-02-17 05:20:00,13.80204946489043,686.2356916393445,656.9264499999999,10786.043527033991,10799.999999991,13.956472957008732,True,False
68010,2025-02-17 05:30:00,13.69411996313247,671.6791199712327,657.9849999999999,10799.999999991,10799.999999991,0.0,True,False
68020,2025-02-17 05:40:00,24.987632689572,666.2330660310056,641.2454333333333,10799.999999991,10799.999999991,0.0,True,False
68030,2025-02-17 05:50:00,23.374002297563358,760.1548189723303,736.7808166666666,10799.999999991,10799.999999991,0.0,True,False
68760,2025-02-17 18:00:00,33.20528689401791,756.6832723061018,671.88,10753.561813120124,10799.999999991,46.438186870875505,True,False
68770,2025-02-17 18:10:00,36.91630738698493,716.9192240617518,680.0029166666666,10799.999999991,10799.999999991,0.0,True,False
69010,2025-02-17 22:10:00,14.974177709489588,1365.9223443661563,517.6148333333333,1499.4229485815263,2249.4229485725264,749.999999991,False,True
69040,2025-02-17 22:40:00,1.6568370211853027,1388.622753677852,553.6325833333333,2978.9900342288056,3728.9900342198057,749.999999991,False,True
69100,2025-02-17 23:40:00,8.623423987633025,1418.028073977633,576.0713166666667,7420.045259897411,8170.04525988841,749.999999991,False,True
69150,2025-02-18 00:30:00,33.52950228864142,1421.6528356119748,554.79,8914.612214684208,9664.612214675208,749.999999991,False,True
70470,2025-02-18 22:30:00,50.832422975142656,1393.2640896318094,509.09833333333336,2569.0540664064206,3319.0540663974207,749.999999991,False,True
70480,2025-02-18 22:40:00,29.465190534976493,1377.5060071916432,514.7074833333334,3319.0540663974207,4069.054066388421,749.999999991,False,True
70490,2025-02-18 22:50:00,0.32098456034281414,1380.1617845503429,546.5074666666667,4069.054066388421,4819.054066379421,749.999999991,False,True
70500,2025-02-18 23:00:00,2.3791715967457696,1397.5341715867457,561.8216666666666,4819.054066379421,5569.0540663704205,749.999999991,False,True
70510,2025-02-18 23:10:00,10.172257713586752,1395.1252743702535,551.6196833333333,5569.0540663704205,6319.05406636142,749.999999991,False,True
70520,2025-02-18 23:20:00,0.11890435054237175,1390.3403376738756,556.8880999999999,6319.05406636142,7069.05406635142,749.99999999,False,True
70540,2025-02-18 23:40:00,26.00174603730408,1416.5830793606374,557.2479999999999,7812.822481330643,8562.822481321644,749.999999991,False,True
70590,2025-02-19 00:30:00,28.118494547694347,1408.995161204361,547.5433333333333,8818.055705517847,9568.055705507846,749.99999999,False,True
71950,2025-02-19 23:10:00,15.543916804929943,1404.4256334615966,555.5483833333333,5250.876417502886,6000.876417493886,749.999999991,False,True
71960,2025-02-19 23:20:00,37.288316385367686,1406.6588163753677,536.0371666666666,6000.876417493886,6750.876417484886,749.999999991,False,True
71970,2025-02-19 23:30:00,20.471100314712196,1401.4011003047121,547.5966666666666,6750.876417484886,7500.876417475885,749.999999991,False,True
72030,2025-02-20 00:30:00,0.43456723243183776,1420.2945672224319,586.5266666666666,9008.175708081842,9758.175708072842,749.999999991,False,True
72170,2025-02-20 02:50:00,1.4424328677058904,628.146584465283,613.6692666666667,10788.26860355318,10799.999999991,11.731396437819418,True,False
72190,2025-02-20 03:10:00,27.518616582834227,653.9631313505923,617.4041333333332,10791.863656700018,10799.999999991,8.136343290982397,True,False
72200,2025-02-20 03:20:00,94.59773930076537,673.5169559755324,578.9192166666667,10799.999999991,10799.999999991,0.0,True,False
72210,2025-02-20 03:30:00,102.49954725174413,682.0678805931777,579.5683333333333,10799.999999991,10799.999999991,0.0,True,False
72220,2025-02-20 03:40:00,52.787205634476756,690.7372723092437,637.9500666666667,10799.999999991,10799.999999991,0.0,True,False
72230,2025-02-20 03:50:00,9.844433097466185,684.6134831055665,674.76905,10799.999999991,10799.999999991,0.0,True,False
72240,2025-02-20 04:00:00,3.8765980009519354,674.8249313423855,670.9483333333333,10799.999999991,10799.999999991,0.0,True,False
72270,2025-02-20 04:30:00,30.330620615620916,676.9912793625416,632.8166666666666,10787.540407118771,10799.999999991,12.459592872228674,True,False
72280,2025-02-20 04:40:00,25.324315074061406,689.592898415495,664.2685833333333,10799.999999991,10799.999999991,0.0,True,False
72310,2025-02-20 05:10:00,33.68834934471457,690.4192699128989,647.0283499999999,10791.267686479634,10799.999999991,8.732313511366003,True,False
72320,2025-02-20 05:20:00,26.24899941224121,688.3393160870082,662.0903166666667,10799.999999991,10799.999999991,0.0,True,False
72350,2025-02-20 05:50:00,11.22502390064107,755.8421146959921,729.9441166666667,10786.794323275184,10799.999999991,13.20567671581593,True,False
72360,2025-02-20 06:00:00,6.895241668565722,852.100241676666,845.2049999999999,10799.999999991,10799.999999991,0.0,True,False
73360,2025-02-20 22:40:00,29.059142822583674,1407.2826094792504,544.8901333333333,3316.0225051901607,4066.022505181161,749.999999991,False,True
73410,2025-02-20 23:30:00,23.38565711086084,1408.7856571008608,552.0666666666666,5066.754470374975,5816.754470365975,749.999999991,False,True
73420,2025-02-20 23:40:00,34.36195715822827,1417.1196404815616,549.42435,5816.754470365975,6566.754470356975,749.999999991,False,True
73470,2025-02-21 00:30:00,10.638956707666232,1245.3939566976662,401.4216666666667,7036.552432577928,7786.5524325689275,749.999999991,False,True
74850,2025-02-21 23:30:00,28.60510179081563,1241.8151017808157,379.87666666666667,4959.575674934584,5709.575674925583,749.999999991,False,True
74860,2025-02-21 23:40:00,6.57636482852569,1247.3074648185257,407.3977666666666,5709.575674925583,6459.575674916583,749.999999991,False,True
74910,2025-02-22 00:30:00,5.252357985668133,1253.1706913090015,414.58500000000004,6822.501832938674,7572.501832929674,749.999999991,False,True
76230,2025-02-22 22:30:00,25.293055011306016,1250.248055001306,391.62166666666667,2376.252553026961,3126.252553017961,749.999999991,False,True
76240,2025-02-22 22:40:00,51.19544643487256,1243.6822797582058,359.15349999999995,3126.252553017961,3876.252553007961,749.99999999,False,True
76250,2025-02-22 22:50:00,29.558021350205756,1233.8558213402057,370.9644666666666,3876.252553007961,4626.252552997961,749.99999999,False,True
76270,2025-02-22 23:10:00,0.15940955836742093,1238.723526215034,405.2307833333333,5362.047718762989,6112.047718753988,749.999999991,False,True
76290,2025-02-22 23:30:00,13.916777570179072,1240.8084442268457,393.5583333333333,6733.079520566438,7483.079520556438,749.99999999,False,True
77680,2025-02-23 22:40:00,33.81586229145568,1376.879045614789,509.72985,3812.7015858262694,4562.701585817269,749.999999991,False,True
77690,2025-02-23 22:50:00,48.71441870776811,1390.711318697768,508.66356666666667,4562.701585817269,5312.701585808269,749.999999991,False,True
77700,2025-02-23 23:00:00,4.831020370649518,1395.6826870273162,557.5183333333333,5312.701585808269,6062.701585799268,749.999999991,False,True
77740,2025-02-23 23:40:00,3.3392017143037185,1408.1348183709704,571.4622833333333,7506.82729038079,8256.82729037179,749.999999991,False,True
77750,2025-02-23 23:50:00,10.371555975234735,1402.9738226319014,559.2689333333333,8256.82729037179,9006.82729036279,749.999999991,False,True
77790,2025-02-24 00:30:00,4.565194248861977,1413.0618609055286,575.1633333333333,9712.130956651776,10462.130956642775,749.999999991,False,True
77930,2025-02-24 02:50:00,0.1725038741309311,627.2742034596067,597.0741333333333,10772.975190364072,10799.999999991,27.02480962692825,True,False
77940,2025-02-24 03:00:00,28.8886079813934,645.501941322827,616.6133333333332,10799.999999991,10799.999999991,0.0,True,False
77960,2025-02-24 03:20:00,6.446118299757351,645.0803609310174,638.4950333333334,10799.874711622866,10799.999999991,0.12528836813398395,True,False
77970,2025-02-24 03:30:00,38.53659098998728,646.0532576647543,607.5166666666667,10799.999999991,10799.999999991,0.0,True,False
77980,2025-02-24 03:40:00,20.920087850253346,636.566121191687,615.6460333333333,10799.999999991,10799.999999991,0.0,True,False
77990,2025-02-24 03:50:00,12.353996723947807,646.2018800653815,633.8478833333334,10799.999999991,10799.999999991,0.0,True,False
78000,2025-02-24 04:00:00,26.822335770287374,668.0973357783877,641.275,10799.999999991,10799.999999991,0.0,True,False
78010,2025-02-24 04:10:00,21.695891840293577,667.4979751817272,645.8020833333333,10799.999999991,10799.999999991,0.0,True,False
78020,2025-02-24 04:20:00,40.67419539848115,683.7146620732481,643.0404666666666,10799.999999991,10799.999999991,0.0,True,False
78030,2025-02-24 04:30:00,69.66077294669603,705.077439621463,635.4166666666666,10799.999999991,10799.999999991,0.0,True,False
78040,2025-02-24 04:40:00,42.3160732270994,676.0942399018663,633.7781666666666,10799.999999991,10799.999999991,0.0,True,False
78050,2025-02-24 04:50:00,2.7251940981403218,644.161427439574,641.4362333333333,10799.999999991,10799.999999991,0.0,True,False
78090,2025-02-24 05:30:00,40.330159689972135,664.8347227603707,624.0383333333333,10799.580393227641,10799.999999991,0.4196067633587489,True,False
78100,2025-02-24 05:40:00,27.02113069482798,651.9613807029283,624.94025,10799.999999991,10799.999999991,0.0,True,False
78110,2025-02-24 05:50:00,33.49699767646,745.8795810178937,712.3825833333333,10799.999999991,10799.999999991,0.0,True,False
78120,2025-02-24 06:00:00,22.608983335231734,863.9106500099988,841.3016666666667,10799.999999991,10799.999999991,0.0,True,False
79110,2025-02-24 22:30:00,17.6203255566786,1380.8619922133453,529.9083333333333,3068.2493347553773,3818.2493347463774,749.999999991,False,True
79120,2025-02-24 22:40:00,7.276412751808372,1389.383479408475,548.7737333333333,3818.2493347463774,4568.2493347373775,749.999999991,False,True
79140,2025-02-24 23:00:00,11.602490999948593,1390.6091576566153,545.6733333333333,5318.2269505174445,6068.226950508444,749.999999991,False,True
79160,2025-02-24 23:20:00,7.381813953892666,1419.8527306105593,579.1375833333333,6086.49964668885,6836.499646679849,749.999999991,False,True
79180,2025-02-24 23:40:00,6.792743732993123,1409.2566103896597,569.1305333333332,7579.815391560093,8329.815391551094,749.999999991,False,True
79190,2025-02-24 23:50:00,23.974874851819543,1408.495708175153,551.1875,8329.815391551094,9079.815391542093,749.999999991,False,True
79230,2025-02-25 00:30:00,26.212570659100486,1396.0092373157672,536.4633333333334,9642.176858200959,10392.176858190958,749.99999999,False,True
80550,2025-02-25 22:30:00,2.2866824614547943,1354.7216824514549,519.1016666666667,2474.934746415865,3224.934746406865,749.999999991,False,True
80580,2025-02-25 23:00:00,34.83370912622615,1391.6687091162262,523.5016666666667,4556.652699165008,5306.652699156008,749.999999991,False,True
80670,2025-02-26 00:30:00,22.475239073674167,1412.7235723970075,556.915,8979.206877328394,9729.206877319393,749.999999991,False,True
80980,2025-02-26 05:40:00,374.10260357627243,1465.6023378795137,626.7719999999999,10381.745039118083,10799.999999991,418.2549608729172,True,False
80990,2025-02-26 05:50:00,5.857382138342808,709.0023154797764,703.1449333333333,10799.999999991,10799.999999991,0.0,True,False
81970,2025-02-26 22:10:00,26.002588245151394,1359.7011215684847,500.3652,1857.9951300791856,2607.9951300691855,749.99999999,False,True
82000,2025-02-26 22:40:00,16.611683731935152,1401.2481337219351,551.3031166666666,3372.7357489790265,4122.735748969027,749.99999999,False,True
82010,2025-02-26 22:50:00,35.01927082032841,1398.2890708103284,529.9364666666667,4122.735748969027,4872.735748959027,749.99999999,False,True
82020,2025-02-26 23:00:00,22.564392188657273,1398.9093921786573,543.0116666666667,4872.735748959027,5622.735748949027,749.99999999,False,True
82060,2025-02-26 23:40:00,30.958082975321524,1430.0601662986548,565.76875,7091.7755568646035,7841.775556854604,749.99999999,False,True
82070,2025-02-26 23:50:00,39.85899448922907,1433.3631278125624,560.1708,7841.775556854604,8591.775556844603,749.99999999,False,True
82110,2025-02-27 00:30:00,34.5665514233982,1400.3065514133982,532.4066666666666,9008.02084838464,9758.02084837464,749.99999999,False,True
83410,2025-02-27 22:10:00,0.2194749797256384,1366.1216249697256,532.5688166666666,1789.7876333400777,2539.787633331078,749.999999991,False,True
83430,2025-02-27 22:30:00,22.91776487987749,1388.2644315365442,532.0133333333333,2563.6660206149772,3313.6660206059773,749.999999991,False,True
83440,2025-02-27 22:40:00,8.804640670245128,1385.9689406602452,543.8309666666667,3313.6660206059773,4063.6660205969774,749.999999991,False,True
83490,2025-02-27 23:30:00,22.826015622179845,1389.7893489455132,533.63,4114.052682045498,4864.052682035498,749.99999999,False,True
83500,2025-02-27 23:40:00,8.853622352319114,1392.3847890089858,550.1978333333333,4864.052682035498,5614.052682025498,749.99999999,False,True
83510,2025-02-27 23:50:00,9.388981549275165,1335.3368315392752,492.61451666666665,5614.052682025498,6364.052682016498,749.999999991,False,True
84870,2025-02-28 22:30:00,27.22355581248666,1212.24188913582,351.685,2515.528393730025,3265.528393721025,749.999999991,False,True
84880,2025-02-28 22:40:00,45.123034615479575,1233.282817938813,354.82645,3265.528393721025,4015.5283937120253,749.999999991,False,True
84940,2025-02-28 23:40:00,8.321516101322906,1240.283916091323,398.62906666666663,4757.224504928774,5507.224504919774,749.999999991,False,True
84950,2025-02-28 23:50:00,27.294325864482623,1265.7707425211493,405.14308333333327,5507.224504919774,6257.224504910773,749.999999991,False,True
86380,2025-03-01 23:40:00,2.316695261987312,1216.842911918654,381.19288333333327,5507.763038127589,6257.763038118589,749.999999991,False,True
86390,2025-03-01 23:50:00,16.25766005710829,1285.1361100471083,435.5451166666667,6257.763038118589,7007.763038109589,749.999999991,False,True
86410,2025-03-02 00:10:00,40.45680620933705,1434.0371228660038,560.2469833333333,7537.532739670247,8287.532739660246,749.99999999,False,True
86420,2025-03-02 00:20:00,23.287444522221783,1415.9252278455551,559.30445,8287.532739660246,9037.532739650245,749.99999999,False,True
86430,2025-03-02 00:30:00,1.1956445229420671,1404.5089778462755,569.98,9037.532739650245,9787.532739641245,749.999999991,False,True
86740,2025-03-02 05:40:00,669.9467404993859,1468.2666087394023,607.8733666666667,10628.598148574985,10799.999999991,171.4018514160147,True,False
86750,2025-03-02 05:50:00,35.90363227455346,712.0043822826538,676.10075,10799.999999991,10799.999999991,0.0,True,False
87730,2025-03-02 22:10:00,12.472901993113616,1356.1641019831136,510.3578666666666,1888.4509238375522,2638.4509238285523,749.999999991,False,True
87750,2025-03-02 22:30:00,12.066099806459754,1375.8377664631264,530.4383333333333,2654.1571291079845,3404.1571290989846,749.999999991,False,True
87810,2025-03-02 23:30:00,0.7268691651047369,1405.8468691551047,571.7866666666666,4850.372768766898,5600.372768757898,749.999999991,False,True
87870,2025-03-03 00:30:00,8.539811128078092,1414.2648111180781,572.3916666666667,9031.150849576274,9781.150849566273,749.99999999,False,True
88180,2025-03-03 05:40:00,642.8260332291246,1463.8245486031713,553.4757166666666,10559.229481154358,10799.999999991,240.77051883664203,True,False
88190,2025-03-03 05:50:00,84.7295116006612,724.4424616087615,639.71295,10799.999999991,10799.999999991,0.0,True,False
89250,2025-03-03 23:30:00,22.682455333836735,1407.3774553238368,551.3616666666667,4847.545387825709,5597.545387816709,749.999999991,False,True
89290,2025-03-04 00:10:00,21.101347776740106,1422.2842144334068,567.8495333333333,7547.943916560661,8297.943916550661,749.99999999,False,True
89300,2025-03-04 00:20:00,4.498336208802804,1411.4767528654695,573.6450833333333,8297.943916550661,9047.94391654066,749.99999999,False,True
89620,2025-03-04 05:40:00,366.8161845775802,1478.9935293235717,612.7403666666667,10350.506719719608,10799.999999991,449.49328027139234,True,False
89630,2025-03-04 05:50:00,61.360235484110525,742.9784854922108,681.61825,10799.999999991,10799.999999991,0.0,True,False
90610,2025-03-04 22:10:00,37.777009934505365,1384.5075432578387,513.3972,1692.8363128693627,2442.836312860363,749.999999991,False,True
90640,2025-03-04 22:40:00,0.07291835894704152,1363.8478516822804,530.4416,3182.7216309879423,3932.7216309789424,749.999999991,False,True
90650,2025-03-04 22:50:00,21.016231855321386,1372.7269818453215,518.3774166666667,3932.7216309789424,4682.721630969942,749.999999991,False,True
90690,2025-03-04 23:30:00,2.3069944934261377,1416.0153278167595,580.375,5219.223571872625,5969.223571863625,749.999999991,False,True
90740,2025-03-05 00:20:00,5.780171692331684,1408.2247716823317,569.1112666666667,8269.997105117822,9019.997105107821,749.99999999,False,True
90750,2025-03-05 00:30:00,3.369795696268276,1394.6681290196016,557.9649999999999,9019.997105107821,9769.99710509782,749.99999999,False,True
91060,2025-03-05 05:40:00,799.6743334012866,1463.4913969633308,595.9684833333333,10738.93627778516,10799.999999991,61.063722205839746,True,False
91070,2025-03-05 05:50:00,11.150440461960418,704.2416738033941,693.0912333333333,10799.999999991,10799.999999991,0.0,True,False
92070,2025-03-05 22:30:00,11.245908407593099,1397.3259083975931,552.7466666666667,2534.692010821118,3284.692010812118,749.999999991,False,True
92130,2025-03-05 23:30:00,7.4341301239758115,1393.9591301139758,553.1916666666666,4762.167967444556,5512.1679674355555,749.999999991,False,True
92140,2025-03-05 23:40:00,10.730401180750498,1398.8855178374172,554.8217833333333,5512.1679674355555,6262.167967426555,749.999999991,False,True
92500,2025-03-06 05:40:00,310.11380326440053,1479.4763687723093,628.5495,10313.268241033882,10799.999999991,486.73175895711796,True,False
92510,2025-03-06 05:50:00,22.73752161006283,716.1098549514965,693.3723333333334,10799.999999991,10799.999999991,0.0,True,False
96390,2025-03-08 22:30:00,14.242415639390735,1231.215748962724,383.64,2359.0004105115154,3109.0004105025155,749.999999991,False,True
96450,2025-03-08 23:30:00,16.05173292281892,1233.7900662461523,384.405,4590.94159626773,5340.94159625873,749.999999991,False,True
96460,2025-03-08 23:40:00,5.387809835704835,1214.0010098257048,375.27986666666663,5340.94159625873,6090.94159624973,749.999999991,False,True
96490,2025-03-09 00:10:00,16.110421721107734,1398.1900883777744,548.7463333333333,7357.521893974177,8107.521893964177,749.99999999,False,True
96500,2025-03-09 00:20:00,19.661623409273822,1392.5640900659405,539.5691333333333,8107.521893964177,8857.521893954177,749.99999999,False,True
96510,2025-03-09 00:30:00,8.741817725844832,1396.185151049178,554.1099999999999,8857.521893954177,9607.521893944177,749.99999999,False,True
96820,2025-03-09 05:40:00,42.479553982867166,1447.6426873062005,571.8298,9812.59424172499,10562.594241714989,749.99999999,False,True
97830,2025-03-09 22:30:00,1.3970463233796329,1369.0320463133796,534.3016666666666,2591.5735511419402,3341.5735511319403,749.99999999,False,True
97890,2025-03-09 23:30:00,8.649491796926547,1406.4944917869266,564.5116666666667,4896.086203608986,5646.086203599985,749.999999991,False,True
97900,2025-03-09 23:40:00,7.84935938331511,1413.8136927066485,572.631,5646.086203599985,6396.086203589985,749.99999999,False,True
97910,2025-03-09 23:50:00,8.938256871209994,1411.0622735278766,568.7906833333333,6396.086203589985,7146.0862035799855,749.9999999899999,False,True
99250,2025-03-10 22:10:00,9.572969135730084,1367.4734357923967,524.5671333333332,1753.8964483542222,2503.8964483442223,749.99999999,False,True
99340,2025-03-10 23:40:00,31.630001712826463,1408.8535517028265,543.8902166666667,5377.441422134932,6127.441422125931,749.999999991,False,True
99350,2025-03-10 23:50:00,39.10353219625892,1410.217282186259,537.7804166666666,6127.441422125931,6877.441422116931,749.999999991,False,True
99700,2025-03-11 05:40:00,306.20454463716806,1455.424583768242,604.9340166666666,10310.142579773034,10799.999999991,489.8574202179665,True,False
99710,2025-03-11 05:50:00,36.46753389970181,697.0674005744688,660.5998666666667,10799.999999991,10799.999999991,0.0,True,False
100710,2025-03-11 22:30:00,6.701097424206174,1383.1144307475395,543.0799999999999,2483.0304531863007,3233.030453176301,749.99999999,False,True
100770,2025-03-11 23:30:00,51.78170302486398,1414.6733696815306,529.5583333333333,4743.434095456235,5493.434095446235,749.99999999,False,True
100780,2025-03-11 23:40:00,64.15603384959921,1422.5493005062658,525.0599333333332,5493.434095446235,6243.434095436235,749.99999999,False,True
100790,2025-03-11 23:50:00,49.43369380715057,1412.2337437971505,529.4667166666666,6243.434095436235,6993.434095426235,749.99999999,False,True
102220,2025-03-12 23:40:00,14.174852033311474,1394.5836853566448,547.0754999999999,5336.87412108233,6086.87412107333,749.999999991,False,True
102230,2025-03-12 23:50:00,28.985651545209514,1407.3180848685429,544.9991,6086.87412107333,6836.874121064329,749.999999991,False,True
102270,2025-03-13 00:30:00,4.006917535507902,1423.0419175255079,585.7016666666666,8794.703144272346,9544.703144262345,749.99999999,False,True
102580,2025-03-13 05:40:00,466.04290910788905,1476.5601314401047,600.5139666666666,10430.997069892006,10799.999999991,369.00293009899394,True,False
102590,2025-03-13 05:50:00,12.228759816346928,708.6924098244472,696.4636499999999,10799.999999991,10799.999999991,0.0,True,False
103600,2025-03-13 22:40:00,1.0818298908507051,1396.940663214184,562.5255,2746.901874734471,3496.9018747254713,749.999999991,False,True
104020,2025-03-14 05:40:00,5.562823323069657,1291.1489899797364,452.2528333333333,5346.771806818386,6096.771806809385,749.999999991,False,True
105010,2025-03-14 22:10:00,9.718912935778341,1209.4044462591116,366.3521999999999,1821.9136069589294,2571.9136069489296,749.99999999,False,True
105030,2025-03-14 22:30:00,20.370641594206738,1236.79397491754,383.09,2585.47808482267,3335.47808481267,749.99999999,False,True
106470,2025-03-15 22:30:00,9.828025774569817,1220.2663590979032,377.105,2765.3736210461316,3515.3736210371317,749.999999991,False,True
106900,2025-03-16 05:40:00,117.26693373491649,1423.166362981325,586.01305,10152.102258669232,10799.999999991,647.8977413217675,True,False
107980,2025-03-16 23:40:00,5.207281030914024,1407.895681020914,569.3550666666666,6912.933069966072,7662.933069957072,749.999999991,False,True
108340,2025-03-17 05:40:00,10.936321519543746,1420.2071548428771,575.9375,10028.27917263983,10778.27917263083,749.999999991,False,True
108350,2025-03-17 05:50:00,6.272058067062168,665.2000273561403,634.7937166666666,10778.27917263083,10799.999999991,21.720827360170365,True,False
109330,2025-03-17 22:10:00,21.929108472568707,1361.161841795902,505.8994,1784.6604566863307,2534.660456676331,749.99999999,False,True
109340,2025-03-17 22:20:00,14.212956915303032,1379.4302235719697,531.8839333333333,2534.660456676331,3284.660456666331,749.99999999,False,True
109350,2025-03-17 22:30:00,23.148281527118108,1409.5799481837848,553.0983333333334,3284.660456666331,4034.660456656331,749.99999999,False,True
109360,2025-03-17 22:40:00,19.08748389646552,1413.5420672197988,561.1212499999999,4034.660456656331,4784.660456646331,749.99999999,False,True
109370,2025-03-17 22:50:00,22.264228718976817,1397.4541620423101,541.8566,4784.660456646331,5534.660456636331,749.99999999,False,True
109380,2025-03-17 23:00:00,34.26856547032525,1382.2268987936586,514.625,5534.660456636331,6284.660456626331,749.99999999,False,True
109780,2025-03-18 05:40:00,53.11723378774024,1437.4523671110737,551.0018,9461.390832773435,10211.390832763434,749.99999999,False,True
110800,2025-03-18 22:40:00,20.34795963812075,1392.684992961454,539.0037,3838.90578747076,4588.90578746076,749.99999999,False,True
110810,2025-03-18 22:50:00,2.892342039522979,1383.4330586961896,547.2073833333333,4588.90578746076,5338.90578745076,749.99999999,False,True
110850,2025-03-18 23:30:00,12.977268084581503,1378.6989347412482,532.3883333333333,6650.031706924467,7400.031706915466,749.999999991,False,True
111220,2025-03-19 05:40:00,166.39523153311154,1444.3474722243072,589.90905,10180.761128368924,10799.999999991,619.2388716220761,True,False
111230,2025-03-19 05:50:00,14.751433816182134,697.3641504909491,682.6127166666666,10799.999999991,10799.999999991,0.0,True,False
112230,2025-03-19 22:30:00,40.93840093726316,1400.1167342605966,525.845,3294.1247351375723,4044.1247351275724,749.99999999,False,True
112240,2025-03-19 22:40:00,44.93989760702879,1418.638530930362,540.3652999999999,4044.1247351275724,4794.1247351175725,749.99999999,False,True
112250,2025-03-19 22:50:00,31.42886921165529,1417.9769525349886,553.21475,4794.1247351175725,5544.124735107573,749.99999999,False,True
112260,2025-03-19 23:00:00,14.396207030433509,1398.4462070204336,550.7166666666667,5544.124735107573,6294.124735097573,749.99999999,False,True
112290,2025-03-19 23:30:00,11.664201447867065,1403.014201437867,558.0166666666667,6301.1152457376675,7051.115245727668,749.99999999,False,True
112300,2025-03-19 23:40:00,15.844439011171282,1385.8916723345046,536.7139,7051.115245727668,7801.115245717668,749.99999999,False,True
112310,2025-03-19 23:50:00,8.740051068111818,1387.2415510581118,545.1681666666666,7801.115245717668,8551.115245707668,749.99999999,False,True
112660,2025-03-20 05:40:00,32.695467359871934,1442.3354340165388,576.3066333333334,9641.200047188013,10391.200047178012,749.99999999,False,True
113650,2025-03-20 22:10:00,10.8598143378183,1383.0946143278184,538.9014666666667,1780.1636422124475,2530.1636422034476,749.999999991,False,True
113730,2025-03-20 23:30:00,16.472578548887206,1394.4275785388872,544.6216666666667,3202.926725376549,3952.926725366549,749.99999999,False,True
115180,2025-03-21 23:40:00,6.491599180722452,1242.6155491707225,402.79061666666666,3284.2220404900445,4034.2220404810446,749.999999991,False,True
116530,2025-03-22 22:10:00,23.09276471841212,1220.8269813750787,364.4008833333333,1606.129280331516,2356.129280321516,749.99999999,False,True
116540,2025-03-22 22:20:00,8.55887014595941,1224.0702701359594,382.17806666666667,2356.129280321516,3106.129280311516,749.99999999,False,True
116560,2025-03-22 22:40:00,3.425718590669468,1236.143985247336,399.3849333333333,3828.9808843725164,4578.980884362516,749.99999999,False,True
116570,2025-03-22 22:50:00,20.5906288943197,1243.4811788843197,389.55721666666665,4578.980884362516,5328.980884352516,749.99999999,False,True
116620,2025-03-22 23:40:00,11.643131541997711,1239.2519481986644,394.27548333333334,6761.666318466298,7511.6663184562985,749.99999999,False,True
116630,2025-03-22 23:50:00,19.01842516211581,1306.1043751521158,453.75261666666665,7511.6663184562985,8261.666318446298,749.99999999,False,True
116980,2025-03-23 05:40:00,8.77252438325285,1413.1565077065861,571.0506499999999,9267.595062217926,10017.595062207925,749.99999999,False,True
118010,2025-03-23 22:50:00,0.05202208721265495,1378.4565387438793,545.0711833333332,4493.064558567189,5243.064558558189,749.999999991,False,True
118020,2025-03-23 23:00:00,5.24491090188939,1372.8982442252227,534.3199999999999,5243.064558558189,5993.064558548189,749.99999999,False,True
118030,2025-03-23 23:10:00,11.666404302222524,1387.9833209588892,542.9835833333333,5993.064558548189,6743.064558538189,749.99999999,False,True
118050,2025-03-23 23:30:00,32.88716210617189,1406.9904954295052,540.77,6766.493168579,7516.493168569,749.99999999,False,True
118060,2025-03-23 23:40:00,11.49420326205324,1404.3251532520533,559.4976166666667,7516.493168569,8266.493168559,749.99999999,False,True
118070,2025-03-23 23:50:00,12.682822521692167,1411.9800891783589,565.9639333333333,8266.493168559,9016.493168549,749.99999999,False,True
119440,2025-03-24 22:40:00,18.500268628952192,1397.7751686189522,545.9415666666666,4000.447216122568,4750.447216112568,749.99999999,False,True
119490,2025-03-24 23:30:00,44.015839580649974,1412.31583957065,534.9666666666667,6766.482394470604,7516.482394461604,749.999999991,False,True
120870,2025-03-25 22:30:00,14.167549392174685,1389.545882715508,542.045,2410.541006844867,3160.541006835867,749.999999991,False,True
120900,2025-03-25 23:00:00,19.08854373082351,1392.8518770541568,540.43,4590.995609187076,5340.995609178076,749.999999991,False,True
120940,2025-03-25 23:40:00,12.745660715831484,1398.1842940391648,552.1052999999999,7360.176811382941,8110.176811373941,749.999999991,False,True
120950,2025-03-25 23:50:00,27.731767972581785,1407.188701295915,546.1235999999999,8110.176811373941,8860.176811364941,749.999999991,False,True
121050,2025-03-26 01:30:00,8.382765422355298,1413.1760987456887,571.46,8834.97415570484,9584.97415569484,749.99999999,False,True
122340,2025-03-26 23:00:00,9.636872068396535,1385.36520539173,542.395,4490.42628847656,5240.42628846756,749.999999991,False,True
122430,2025-03-27 00:30:00,10.458005560938538,1406.9080055509385,563.1166666666666,8112.770864847087,8862.770864837086,749.99999999,False,True
123730,2025-03-27 22:10:00,14.07214059486568,1374.2748072515324,526.8693333333333,1768.3062214576157,2518.306221448616,749.999999991,False,True
124180,2025-03-28 05:40:00,4.0484602379314,1299.9607435612647,462.57894999999996,4678.90676315811,5428.90676314911,749.999999991,False,True
125170,2025-03-28 22:10:00,12.313394684182292,1203.4491946741823,357.80246666666665,1665.4960217761134,2415.4960217661132,749.99999999,False,True
125190,2025-03-28 22:30:00,24.038314936240674,1243.5749815929073,386.20333333333326,2445.6218563794137,3195.6218563694138,749.99999999,False,True
125250,2025-03-28 23:30:00,4.705486547895126,1266.490486537895,428.45166666666665,3207.318450163704,3957.318450153704,749.99999999,False,True
125620,2025-03-29 05:40:00,13.273832540072355,1289.409299196739,442.80213333333336,3794.4806439296854,4544.4806439196855,749.99999999,False,True
126690,2025-03-29 23:30:00,24.713686664481536,1259.4703533211482,401.4233333333333,5724.268069736577,6474.268069727576,749.999999991,False,True
126700,2025-03-29 23:40:00,12.386815215879658,1228.764348539213,383.04419999999993,6474.268069727576,7224.268069718576,749.999999991,False,True
126710,2025-03-29 23:50:00,10.408349455281375,1289.893316111948,446.1516333333333,7224.268069718576,7974.268069709576,749.999999991,False,True
126760,2025-03-30 00:40:00,10.435519566854161,1417.5193528901875,573.7505,8208.121019533988,8958.121019523987,749.99999999,False,True
128070,2025-03-30 22:30:00,0.471791921347168,1379.421791911347,545.6166666666666,2441.3013849943354,3191.3013849843355,749.99999999,False,True
128110,2025-03-30 23:10:00,8.260637027241039,1375.840587017241,534.2466166666666,5290.3619670948665,6040.361967085866,749.999999991,False,True
129490,2025-03-31 22:10:00,0.2888196367906551,1357.228652960124,523.6065,1614.3103014966564,2364.3103014876565,749.999999991,False,True
129510,2025-03-31 22:30:00,29.379670461673065,1396.629670451673,533.9166666666666,2396.782629209413,3146.782629200413,749.999999991,False,True
129520,2025-03-31 22:40:00,2.434033659359094,1386.3440836493592,550.5767166666667,3146.782629200413,3896.782629191413,749.999999991,False,True
129530,2025-03-31 22:50:00,2.1777001281952755,1383.3818334515286,547.8707999999999,3896.782629191413,4646.782629182413,749.999999991,False,True
129540,2025-03-31 23:00:00,35.41013911545087,1395.6168057721175,526.8733333333332,4646.782629182413,5396.782629173413,749.999999991,False,True
129550,2025-03-31 23:10:00,46.71942693242476,1398.0303435890914,517.9775833333333,5396.782629173413,6146.782629164412,749.999999991,False,True
129560,2025-03-31 23:20:00,1.9337936330562036,1383.6761936230562,548.4090666666666,6146.782629164412,6896.782629155412,749.999999991,False,True
129580,2025-03-31 23:40:00,27.261051850292,1420.5851185069587,559.9907333333333,7614.102047860398,8364.102047851398,749.999999991,False,True
130930,2025-04-01 22:10:00,18.627085882650583,1382.622869205984,530.66245,1622.1312062926831,2372.1312062836832,749.999999991,False,True
130950,2025-04-01 22:30:00,15.816411996645904,1376.6197453199793,527.47,2389.4782094671205,3139.4782094571206,749.99999999,False,True
130960,2025-04-01 22:40:00,44.71851861000368,1404.3600352666704,526.3081833333333,3139.4782094571206,3889.4782094471207,749.99999999,False,True
130970,2025-04-01 22:50:00,26.910180145656447,1402.7545468023231,542.5110333333333,3889.4782094471207,4639.47820943712,749.99999999,False,True
131000,2025-04-01 23:20:00,15.753264168621278,1412.5766474919546,563.49005,6121.474396476429,6871.474396466429,749.99999999,False,True
131010,2025-04-01 23:30:00,9.856907964208965,1400.376907954209,557.1866666666666,6871.474396466429,7621.4743964564295,749.99999999,False,True
131020,2025-04-01 23:40:00,10.457786628756018,1385.0722532854227,541.2811333333333,7621.4743964564295,8371.474396446429,749.99999999,False,True
132370,2025-04-02 22:10:00,11.24488673345251,1385.9709367234525,541.3927166666666,1575.7724474829265,2325.7724474739266,749.999999991,False,True
132390,2025-04-02 22:30:00,12.5456204012064,1382.5639537245397,536.685,2355.790891355558,3105.790891346558,749.999999991,False,True
132400,2025-04-02 22:40:00,35.05044349431977,1389.8645101509865,521.4807333333333,3105.790891346558,3855.790891337558,749.999999991,False,True
132410,2025-04-02 22:50:00,39.5045124445736,1396.7359624345736,523.8981166666666,3855.790891337558,4605.790891328558,749.999999991,False,True
132450,2025-04-02 23:30:00,28.109209657538933,1411.6575429808722,550.2149999999999,6790.748478488446,7540.748478479446,749.999999991,False,True
132820,2025-04-03 05:40:00,7.8691473026363985,1426.3022472926364,585.0997666666666,9696.440144082293,10446.440144072292,749.99999999,False,True
134260,2025-04-04 05:40:00,15.668650587635959,1290.5014339109694,441.49945,3387.320399910437,4137.320399900437,749.99999999,False,True
136740,2025-04-05 23:00:00,12.28470502235563,1230.4697050123557,384.8516666666667,2280.2992945806777,3030.299294571678,749.999999991,False,True
136830,2025-04-06 00:30:00,46.63662881231016,1404.5499621356435,524.5799999999999,6889.075444800564,7639.075444790564,749.99999999,False,True
137140,2025-04-06 05:40:00,1.2837242196004501,1423.9429408762671,589.3258833333333,9919.584475108684,10669.584475099684,749.999999991,False,True
138180,2025-04-06 23:00:00,5.686090307004284,1369.0210902970043,530.0016666666667,2554.734459080152,3304.7344590711523,749.999999991,False,True
138230,2025-04-06 23:50:00,3.1294992195799898,1404.55529920958,568.0924666666666,6268.162764461028,7018.162764451028,749.99999999,False,True
138580,2025-04-07 05:40:00,18.91951639200635,1430.4218663820063,578.1690166666666,9516.793832549136,10266.793832539135,749.99999999,False,True
139660,2025-04-07 23:40:00,2.862056548087927,1392.180406538088,555.9850166666666,5285.568833762844,6035.568833753844,749.999999991,False,True
139670,2025-04-07 23:50:00,4.063928351389783,1380.598161674723,543.2008999999999,6035.568833753844,6785.568833744844,749.999999991,False,True
139720,2025-04-08 00:40:00,32.39129536712448,1412.1650286904578,546.4404,7259.251551205507,8009.251551195507,749.99999999,False,True
139750,2025-04-08 01:10:00,12.16388915727088,1416.4768058139375,570.9795833333333,8052.199454550542,8802.199454541542,749.999999991,False,True
139760,2025-04-08 01:20:00,20.704272719623866,1423.6562727096239,569.6186666666666,8802.199454541542,9552.199454532541,749.999999991,False,True
140020,2025-04-08 05:40:00,187.16080650054278,1448.4984658100284,584.6939666666666,10191.020676612463,10799.999999991,608.9793233785371,True,False
141160,2025-04-09 00:40:00,8.95307630261322,1415.07504295928,572.7886333333333,7275.470125602784,8025.470125592784,749.99999999,False,True
141190,2025-04-09 01:10:00,14.041053189542701,1411.2500198462094,563.8756333333333,8097.65095266609,8847.65095265709,749.999999991,False,True
141460,2025-04-09 05:40:00,289.38775426875054,1459.6771933344044,589.2235,10277.040654831912,10799.999999991,522.9593451590885,True,False
142500,2025-04-09 23:00:00,19.86251893999451,1377.7258522633279,524.53,1842.2328823568462,2592.232882347846,749.999999991,False,True
142510,2025-04-09 23:10:00,17.487656210188213,1394.0306062001882,543.2096166666666,2592.232882347846,3342.232882338846,749.999999991,False,True
142590,2025-04-10 00:30:00,12.500876132896444,1424.277542789563,578.4433333333333,6380.94609785409,7130.94609784509,749.999999991,False,True
142630,2025-04-10 01:10:00,3.835014036643762,1398.7199473599771,561.5516,7848.082912596535,8598.082912586535,749.99999999,False,True
142640,2025-04-10 01:20:00,13.15773973426041,1407.462506390927,560.9714333333333,8598.082912586535,9348.082912576534,749.99999999,False,True
142900,2025-04-10 05:40:00,31.595352659100847,1420.2779193157676,555.3492333333334,9654.004720411107,10404.004720401106,749.99999999,False,True
143950,2025-04-10 23:10:00,36.487365601119556,1416.1526822577862,546.3319833333333,2421.3815869561167,3171.381586947117,749.999999991,False,True
145780,2025-04-12 05:40:00,13.213268324724702,1290.7576349813912,444.2110333333333,3648.6086584881173,4398.608658479117,749.999999991,False,True
146840,2025-04-12 23:20:00,3.9466154622249325,1252.5849487855583,415.30499999999995,3893.2045781643874,4643.204578155387,749.999999991,False,True
146850,2025-04-12 23:30:00,24.640749258369844,1257.1824159150365,399.2083333333333,4643.204578155387,5393.204578145387,749.99999999,False,True
146860,2025-04-12 23:40:00,23.701753921407764,1230.235137244741,373.20005,5393.204578145387,6143.204578135387,749.99999999,False,True
146870,2025-04-12 23:50:00,3.013318111347181,1282.8403514346805,446.4937,6143.204578135387,6893.204578125387,749.9999999899999,False,True
147220,2025-04-13 05:40:00,30.23727907305544,1417.8962790630553,554.3256666666666,9709.31237236043,10459.312372351429,749.999999991,False,True
148270,2025-04-13 23:10:00,15.995184151490541,1377.5397008081572,528.2111833333333,3355.3136465550883,4105.313646546088,749.999999991,False,True
148280,2025-04-13 23:20:00,42.843945238192866,1392.8924285615262,516.71515,4105.313646546088,4855.313646537088,749.999999991,False,True
148290,2025-04-13 23:30:00,22.331280985919868,1402.8779476425866,547.2133333333334,4855.313646537088,5605.313646528088,749.999999991,False,True
148300,2025-04-13 23:40:00,6.380384861638951,1413.4215681849723,573.70785,5605.313646528088,6355.313646519087,749.999999991,False,True
148310,2025-04-13 23:50:00,6.329245636909028,1401.9832289602423,562.3206499999999,6355.313646519087,7105.313646510087,749.999999991,False,True
149690,2025-04-14 22:50:00,28.983647660481658,1392.4733143171484,530.1563333333334,2566.104234774375,3316.104234764375,749.99999999,False,True
149700,2025-04-14 23:00:00,18.692799078666887,1392.6327990686668,540.6066666666666,3316.104234764375,4066.1042347543753,749.99999999,False,True
149730,2025-04-14 23:30:00,31.784670780511867,1419.7946707705119,554.6766666666666,5553.134960019797,6303.134960009797,749.99999999,False,True
149830,2025-04-15 01:10:00,3.705134623205132,1397.4496012798718,560.4111333333333,8335.891330732493,9085.891330723493,749.999999991,False,True
151150,2025-04-15 23:10:00,30.75848861497797,1412.1106552716446,548.0188333333333,2727.455657771929,3477.455657761929,749.99999999,False,True
151160,2025-04-15 23:20:00,41.2376436160506,1407.0124102727173,532.4414333333333,3477.455657761929,4227.455657751929,749.99999999,False,True
151170,2025-04-15 23:30:00,9.967122751312893,1395.8737894079795,552.5733333333333,4227.455657751929,4977.455657741929,749.99999999,False,True
151190,2025-04-15 23:50:00,19.950871101184923,1397.885971091185,544.6017666666667,5725.130081780078,6475.1300817700785,749.99999999,False,True
151540,2025-04-16 05:40:00,16.74123167755055,1418.4982150008839,568.42365,8804.460657421145,9554.460657411144,749.99999999,False,True
152560,2025-04-16 22:40:00,17.50297952026039,1400.5268628435938,549.69055,1919.6294427188668,2669.629442709867,749.999999991,False,True
152600,2025-04-16 23:20:00,8.397789999429499,1395.1028899894295,553.3717666666666,4088.4191766811687,4838.419176672169,749.999999991,False,True
154040,2025-04-17 23:20:00,27.483466807598113,1404.6957334642648,543.8789333333333,2224.2686653306373,2974.2686653206374,749.99999999,False,True
155480,2025-04-18 23:20:00,4.906491428473138,1250.8900747518064,412.65024999999997,1727.0408793559548,2477.0408793459546,749.99999999,False,True
156880,2025-04-19 22:40:00,31.502249839460085,1238.7685331627933,373.93294999999995,1200.000000011111,1950.000000001111,749.99999999,False,True
156910,2025-04-19 23:10:00,5.976157216492417,1230.802973873159,391.4934833333333,2013.721192433977,2763.721192423977,749.99999999,False,True
156920,2025-04-19 23:20:00,31.087477300100993,1243.6871439567676,379.2663333333333,2763.721192423977,3513.721192413977,749.99999999,False,True
156930,2025-04-19 23:30:00,31.47044050093347,1235.1221071576,370.31833333333327,3513.721192413977,4263.721192403977,749.99999999,False,True
158330,2025-04-20 22:50:00,3.4250013461507853,1383.1216680028174,546.3633333333332,2430.096742040423,3180.0967420304232,749.99999999,False,True
158340,2025-04-20 23:00:00,15.162315888599657,1382.3239825452663,533.8283333333333,3180.0967420304232,3930.0967420204233,749.99999999,False,True
158380,2025-04-20 23:40:00,22.506446471395968,1403.2558631280626,547.4160833333333,6116.3501734444335,6866.350173434434,749.99999999,False,True
159750,2025-04-21 22:30:00,3.5415858281911516,1387.5182524848578,550.6433333333333,1492.967287181813,2242.967287172813,749.999999991,False,True
159800,2025-04-21 23:20:00,17.41410361928296,1401.8426202759497,551.0951833333334,5116.523817943988,5866.523817934988,749.999999991,False,True
159810,2025-04-21 23:30:00,25.425706653454192,1395.7823733101209,537.0233333333333,5866.523817934988,6616.523817925988,749.999999991,False,True
159820,2025-04-21 23:40:00,6.3866402511298395,1402.4238069077965,562.7038333333333,6616.523817925988,7366.523817916987,749.999999991,False,True
161220,2025-04-22 23:00:00,32.68806586527375,1410.166399188607,544.145,3272.871334795194,4022.871334786194,749.999999991,False,True
161260,2025-04-22 23:40:00,8.931527595993195,1387.6557442526598,545.3908833333332,6219.149273567236,6969.149273558236,749.999999991,False,True
162640,2025-04-23 22:40:00,9.804279483875455,1385.7558628072088,542.61825,2395.7887697594415,3145.7887697494416,749.99999999,False,True
162660,2025-04-23 23:00:00,0.2675133636801013,1394.8708466870135,561.27,3170.061419901405,3920.061419891405,749.99999999,False,True
162690,2025-04-23 23:30:00,18.77448060313349,1406.6411472598002,554.5333333333333,5411.433750184731,6161.433750174731,749.99999999,False,True
162700,2025-04-23 23:40:00,42.908595023077275,1419.271261679744,543.0293333333333,6161.433750174731,6911.4337501647315,749.99999999,False,True
162710,2025-04-23 23:50:00,30.717343030528916,1416.8645096871956,552.8138333333333,6911.4337501647315,7661.433750154732,749.99999999,False,True
165560,2025-04-25 23:20:00,18.93681922192615,1244.2519192119262,391.98176666666666,1592.370274908689,2342.370274899689,749.999999991,False,True
167380,2025-04-27 05:40:00,4.55513179090348,1390.5001484475702,552.6116833333333,8537.03908971687,9287.03908970787,749.999999991,False,True
168450,2025-04-27 23:30:00,9.655094255342185,1385.1434275786755,542.155,5296.875219793146,6046.875219784146,749.999999991,False,True
168460,2025-04-27 23:40:00,32.423199027352204,1388.6606990173523,522.9041666666667,6046.875219784146,6796.8752197751455,749.999999991,False,True
168470,2025-04-27 23:50:00,10.47948500072652,1401.1197349907266,557.3069166666667,6796.8752197751455,7546.875219766145,749.999999991,False,True
168820,2025-04-28 05:40:00,6.425383811355792,1401.379017134689,561.6202999999999,8283.088220583844,9033.088220574844,749.999999991,False,True
169830,2025-04-28 22:30:00,1.1001685569096855,1380.7951685469097,546.3616666666667,1776.2485692931814,2526.2485692841815,749.999999991,False,True
169840,2025-04-28 22:40:00,2.556548204721131,1372.3694648613878,536.4795833333333,2526.2485692841815,3276.2485692751816,749.999999991,False,True
169870,2025-04-28 23:10:00,24.837161779907767,1392.0735784365745,533.9030833333334,3347.9993340198853,4097.999334009885,749.99999999,False,True
169880,2025-04-28 23:20:00,6.81608606822305,1386.754986058223,546.6055666666666,4097.999334009885,4847.9993339998855,749.99999999,False,True
169900,2025-04-28 23:40:00,26.543879251831633,1393.3431959084983,533.4659833333333,5577.747371234673,6327.747371225672,749.999999991,False,True
169910,2025-04-28 23:50:00,25.93732087909438,1393.7134542024278,534.4428,6327.747371225672,7077.747371216672,749.999999991,False,True
171300,2025-04-29 23:00:00,5.468885910621785,1384.9605525672885,546.1583333333333,2945.172171574213,3695.172171564213,749.99999999,False,True
171310,2025-04-29 23:10:00,32.14449293459858,1400.031476257932,534.55365,3695.172171564213,4445.172171554213,749.99999999,False,True
171320,2025-04-29 23:20:00,39.84398262877982,1404.2981492854465,531.1208333333333,4445.172171554213,5195.172171544213,749.99999999,False,True
171330,2025-04-29 23:30:00,10.836543021351183,1390.0882096780178,545.9183333333333,5195.172171544213,5945.172171534213,749.99999999,False,True
171350,2025-04-29 23:50:00,3.8706851094003616,1396.549451766067,559.3454333333333,6673.608637011921,7423.608637001921,749.99999999,False,True
172720,2025-04-30 22:40:00,21.393579487208847,1378.7015461438755,523.9746333333333,2703.679619877013,3453.679619868013,749.999999991,False,True
172750,2025-04-30 23:10:00,14.876089270135246,1389.748255926802,541.5388333333333,3561.1439601592456,4311.143960150245,749.999999991,False,True
172760,2025-04-30 23:20:00,17.30357875156664,1391.5820954082333,540.9451833333333,4311.143960150245,5061.143960141245,749.999999991,False,True
177160,2025-05-04 00:40:00,20.193811758318127,1476.6305284149848,623.1033833333333,6921.42639635368,7671.42639634368,749.99999999,False,True
178600,2025-05-05 00:40:00,83.29011499735337,1481.1368149873533,564.5133666666666,7034.183484885502,7784.1834848755025,749.99999999,False,True
180170,2025-05-06 02:50:00,53.58724313733773,1473.826476460671,586.9059,7617.009686745552,8367.009686736552,749.999999991,False,True
181580,2025-05-07 02:20:00,61.86521027878063,1478.8954769354473,583.6969333333333,7621.015116799875,8371.015116789875,749.99999999,False,True
181610,2025-05-07 02:50:00,43.06348287511707,1477.1425661984504,600.7457499999999,8524.523680764063,9274.523680755063,749.999999991,False,True
182860,2025-05-07 23:40:00,7.126697483536183,1400.4819308068695,560.0219,5609.746493482524,6359.7464934735235,749.999999991,False,True
182870,2025-05-07 23:50:00,0.2720981263976148,1424.7283481163977,591.1229166666667,6359.7464934735235,7109.746493464523,749.999999991,False,True
183050,2025-05-08 02:50:00,19.496075096015595,1451.3736250860156,598.5442166666667,8244.694141488455,8994.694141479455,749.999999991,False,True
187180,2025-05-10 23:40:00,28.824253603739855,1236.1809369270732,374.02335,4619.102156637284,5369.102156628283,749.999999991,False,True
187190,2025-05-10 23:50:00,38.08243818813957,1301.1036715114728,429.68789999999996,5369.102156628283,6119.102156619283,749.999999991,False,True
188570,2025-05-11 22:50:00,24.38383912474682,1414.3262557814135,556.6090833333333,1978.195143106401,2728.195143096401,749.99999999,False,True
190000,2025-05-12 22:40:00,21.74666604882963,1418.728149372163,563.64815,1213.2402119278204,1963.2402119178205,749.99999999,False,True
190010,2025-05-12 22:50:00,13.265955149182325,1418.1741051391823,571.5748166666666,1963.2402119178205,2713.2402119078206,749.99999999,False,True
190040,2025-05-12 23:20:00,17.962629395916103,1425.9353793859161,574.6394166666666,3471.6451048064323,4221.645104797432,749.999999991,False,True
190050,2025-05-12 23:30:00,12.595832512624717,1440.559165835958,594.63,4221.645104797432,4971.645104788432,749.999999991,False,True
190060,2025-05-12 23:40:00,8.808170736730283,1423.8510540600637,581.70955,4971.645104788432,5721.645104778432,749.99999999,False,True
190070,2025-05-12 23:50:00,11.160270818625683,1406.911254141959,562.41765,5721.645104778432,6471.645104768432,749.99999999,False,True
190220,2025-05-13 02:20:00,5.359168654435158,1412.0358686444351,573.3433666666666,6385.925196317161,7135.925196307161,749.99999999,False,True
191440,2025-05-13 22:40:00,19.989721054415433,1453.7719210444154,600.4488666666666,1495.6753743215204,2245.6753743115205,749.99999999,False,True
191450,2025-05-13 22:50:00,10.917608279467451,1443.1704249361342,598.9194833333333,2245.6753743115205,2995.6753743015206,749.99999999,False,True
191510,2025-05-13 23:50:00,17.346740199444632,1408.2123068561114,557.5322333333334,5853.655075705456,6603.655075695456,749.99999999,False,True
192930,2025-05-14 23:30:00,8.092298013961674,1397.2522980039616,555.8266666666666,3352.1321741526867,4102.132174142686,749.99999999,False,True
193100,2025-05-15 02:20:00,14.115172055702594,1426.5581720457026,579.1096666666666,6695.887272541898,7445.887272531898,749.99999999,False,True
198700,2025-05-18 23:40:00,30.86416155392657,1429.6036948772598,565.4061999999999,1270.4968219713724,2020.4968219623725,749.999999991,False,True
198710,2025-05-18 23:50:00,14.76732398000535,1436.618890636672,588.5182333333332,2020.4968219623725,2770.4968219533725,749.999999991,False,True
198810,2025-05-19 01:30:00,13.759336362419496,1406.1276696857528,559.035,2853.268282259513,3603.268282249513,749.99999999,False,True
198820,2025-05-19 01:40:00,24.977918933037692,1452.8288355897043,594.5175833333333,3603.268282249513,4353.268282239513,749.99999999,False,True
198860,2025-05-19 02:20:00,3.0484384664990705,1431.5062051231657,595.1244333333333,4376.557871224944,5126.5578712149445,749.99999999,False,True
198890,2025-05-19 02:50:00,19.950139705524172,1427.4341396955242,574.1506666666667,5170.62540303718,5920.62540302718,749.99999999,False,True
198900,2025-05-19 03:00:00,16.619174324237967,1454.959174314238,605.0066666666667,5920.62540302718,6670.62540301718,749.99999999,False,True
200260,2025-05-20 01:40:00,14.176847802522154,1420.4643644591888,572.9541833333333,3450.6914363789824,4200.691436368982,749.99999999,False,True
200330,2025-05-20 02:50:00,6.533798237656575,1435.9804648943232,596.1133333333332,5065.658637110067,5815.658637100067,749.99999999,False,True
201700,2025-05-21 01:40:00,34.698213305099664,1439.3239799617663,571.2924333333333,2991.8078888453174,3741.8078888353175,749.99999999,False,True
201730,2025-05-21 02:10:00,15.962516880908304,1431.7573668709083,582.4615166666666,3811.789811034314,4561.789811024314,749.99999999,False,True
201740,2025-05-21 02:20:00,30.275395042595953,1435.9835116992626,572.3747833333333,4561.789811024314,5311.789811014314,749.99999999,False,True
203170,2025-05-22 02:10:00,2.4397459237873056,1443.6767459137873,607.9036666666666,4879.575273263876,5629.575273253876,749.99999999,False,True
207450,2025-05-25 01:30:00,4.461498234427828,1439.1281648910945,601.3333333333333,2132.6287881753206,2882.6287881653207,749.99999999,False,True
207460,2025-05-25 01:40:00,39.16024057079937,1454.6851738941327,582.1916,2882.6287881653207,3632.6287881553208,749.99999999,False,True
207470,2025-05-25 01:50:00,31.849402849614187,1446.0572528396142,580.8745166666666,3632.6287881553208,4382.628788145321,749.99999999,False,True
207500,2025-05-25 02:20:00,50.73632797241452,1456.8239779624146,572.7543166666667,4740.3821247026035,5490.382124692604,749.99999999,False,True
207540,2025-05-25 03:00:00,30.625720768262674,1443.0323874249293,579.0733333333333,5560.890179705819,6310.890179695819,749.99999999,False,True
208940,2025-05-26 02:20:00,14.943901788064515,1424.0995684447312,575.8223333333333,4159.99861583192,4909.99861582192,749.99999999,False,True
210230,2025-05-26 23:50:00,28.424766190906773,1414.8521661809068,553.0940666666667,1291.9276016180265,2041.9276016080266,749.99999999,False,True
210370,2025-05-27 02:10:00,4.813125143655035,1412.8252418003217,574.6787833333333,3461.7119467408056,4211.711946730806,749.99999999,False,True
211780,2025-05-28 01:40:00,9.435205187509148,1401.9794385108426,559.2109,2737.360568852239,3487.360568842239,749.99999999,False,True
213110,2025-05-28 23:50:00,36.87980237382612,1466.8630023638261,596.6498666666666,1575.5117745354069,2325.5117745254065,749.9999999899999,False,True
213250,2025-05-29 02:10:00,12.750543525941332,1425.0863435159413,579.0024666666666,3672.1805452958724,4422.1805452858725,749.99999999,False,True
213260,2025-05-29 02:20:00,8.289240399723774,1419.764923723057,578.14235,4422.1805452858725,5172.180545275873,749.99999999,False,True
218970,2025-06-02 01:30:00,21.906253556131894,1517.1962535461319,661.9566666666666,2389.104868919078,3139.104868909078,749.99999999,False,True
218980,2025-06-02 01:40:00,16.560766437627073,1524.1233830942938,674.2292833333333,3139.104868909078,3889.104868899078,749.99999999,False,True
218990,2025-06-02 01:50:00,14.692986542324654,1517.074869865658,669.04855,3889.104868899078,4639.104868889078,749.99999999,False,True
219010,2025-06-02 02:10:00,7.272531262153726,1509.8894979188203,669.2836333333332,4661.057251658903,5411.057251648903,749.99999999,False,True
219050,2025-06-02 02:50:00,17.85626875718207,1490.7885687471821,639.5989666666667,6159.864619951484,6909.864619941484,749.99999999,False,True
220450,2025-06-03 02:10:00,23.55574294749794,1487.126942937498,630.2378666666666,3760.643092967454,4510.6430929574535,749.99999999,False,True
220460,2025-06-03 02:20:00,43.26753367928665,1506.4074003359533,629.8065333333333,4510.6430929574535,5260.643092947454,749.99999999,False,True
220590,2025-06-03 04:30:00,88.03711305776208,1512.1237797144288,590.7533333333333,5784.071166601912,6534.0711665919125,749.99999999,False,True
220630,2025-06-03 05:10:00,23.52396954729499,1464.6191028706285,607.7618,6722.631579280966,7472.631579271966,749.999999991,False,True
223260,2025-06-05 01:00:00,32.78797168441155,1495.9713050077448,629.8499999999999,1286.3081641749131,2036.3081641649133,749.99999999,False,True
223470,2025-06-05 04:30:00,59.4777746391428,1499.9461079624762,607.135,5047.5299510119385,5797.529951001939,749.99999999,False,True
227680,2025-06-08 02:40:00,43.91568154435094,1528.4702982010176,651.2212833333333,2616.858900192437,3366.858900182437,749.99999999,False,True
227690,2025-06-08 02:50:00,57.21734178709493,1520.6922584437616,630.1415833333333,3366.858900182437,4116.858900173437,749.999999991,False,True
227790,2025-06-08 04:30:00,62.09097730675307,1501.9243106300864,606.5,5126.171405726216,5876.171405716216,749.99999999,False,True
227830,2025-06-08 05:10:00,41.91932098460722,1467.5778209746072,592.3251666666666,6106.983443778026,6856.9834437680265,749.99999999,False,True
227840,2025-06-08 05:20:00,2.7494840966646654,1445.3548840866647,609.2720666666667,6856.9834437680265,7606.983443759026,749.999999991,False,True
229120,2025-06-09 02:40:00,22.2214166481292,1456.9243499714626,601.3696,2137.2753737902876,2887.2753737802877,749.99999999,False,True
229230,2025-06-09 04:30:00,0.6685279092317763,1468.4451945658984,634.4433333333333,3345.4586190933633,4095.4586190833634,749.99999999,False,True
230660,2025-06-10 04:20:00,28.755033675046995,1444.533683665047,582.4453166666666,2786.292572798464,3536.292572788464,749.99999999,False,True
232060,2025-06-11 03:40:00,15.949179728177107,1466.6599130515103,617.3774,2143.0524811721284,2893.0524811621285,749.99999999,False,True
232110,2025-06-11 04:30:00,18.65536297531616,1460.8020296319828,608.8133333333333,3586.750757918575,4336.750757908575,749.99999999,False,True
233550,2025-06-12 04:30:00,11.544648774396585,1442.2563154310633,597.3783333333333,3239.1243774610966,3989.1243774510967,749.99999999,False,True
233590,2025-06-12 05:10:00,30.884911456290858,1457.7528281129576,593.5345833333333,4748.908792239112,5498.908792229112,749.99999999,False,True
237860,2025-06-15 04:20:00,13.425979916832368,1478.6002632401658,631.84095,2271.540053708405,3021.5400536984052,749.99999999,False,True
239310,2025-06-16 04:30:00,25.22831440476829,1461.1016477281016,602.54,1962.9186478066151,2712.918647796615,749.99999999,False,True
239320,2025-06-16 04:40:00,48.99496095218864,1484.5510276088553,602.2227333333333,2712.918647796615,3462.918647786615,749.99999999,False,True
240750,2025-06-17 04:30:00,18.286993226946258,1442.5603265502796,590.9399999999999,2499.8798781411797,3249.87987813118,749.99999999,False,True
240780,2025-06-17 05:00:00,2.8741873745708437,1474.6858540312373,638.4783333333332,3367.2567690681904,4117.25676905819,749.99999999,False,True
242220,2025-06-18 05:00:00,4.534282534279888,1467.6826158576132,629.8149999999999,3719.2461619862274,4469.246161976227,749.99999999,False,True
247950,2025-06-22 04:30:00,9.03060150242856,1406.378934825762,564.015,1246.9902200124484,1996.9902200024485,749.99999999,False,True
247960,2025-06-22 04:40:00,23.35964333627873,1419.0994266596122,562.40645,1996.9902200024485,2746.9902199924486,749.99999999,False,True
247980,2025-06-22 05:00:00,1.543674876359538,1432.6153415330261,597.7383333333332,2792.382922377408,3542.382922367408,749.99999999,False,True
249400,2025-06-23 04:40:00,24.005772718652672,1447.2698227086526,589.9307166666666,2706.8263598107987,3456.826359800799,749.99999999,False,True
249430,2025-06-23 05:10:00,2.015538393892249,1423.0153217172256,587.6664499999999,4462.556565680325,5212.556565670325,749.99999999,False,True
250860,2025-06-24 05:00:00,13.130382812410168,1467.1503828024101,620.6866666666666,3730.510462095237,4480.510462085237,749.99999999,False,True
252280,2025-06-25 04:40:00,39.87778051134409,1460.3192638346775,587.10815,2060.945354540736,2810.945354530736,749.99999999,False,True
252300,2025-06-25 05:00:00,16.86179385817706,1458.1534605148436,607.9583333333333,3118.4065808896253,3868.4065808796254,749.99999999,False,True
253720,2025-06-26 04:40:00,16.573218780080417,1453.998635436747,604.0920833333332,1830.205590776236,2580.205590766236,749.99999999,False,True
253730,2025-06-26 04:50:00,43.2938782490662,1466.1167782390662,589.4895666666666,2580.205590766236,3330.2055907562362,749.99999999,False,True
253740,2025-06-26 05:00:00,63.29500981090154,1476.9983431342348,580.3699999999999,3330.2055907562362,4080.2055907462363,749.99999999,False,True
253750,2025-06-26 05:10:00,19.236556804544414,1432.080340127878,579.51045,4080.2055907462363,4830.205590736236,749.99999999,False,True
258060,2025-06-29 05:00:00,8.046789734789847,1435.11678972479,593.7366666666667,3098.014222876048,3848.014222866048,749.99999999,False,True
259500,2025-06-30 05:00:00,22.006914708568154,1452.3602480319014,597.02,3202.202563983582,3952.202563973582,749.99999999,False,True
270990,2025-07-08 04:30:00,29.538675663017322,1562.5620089863507,699.69,3094.817791179341,3844.817791169341,749.99999999,False,True
271000,2025-07-08 04:40:00,51.94882358841027,1576.2966235784102,691.0144666666666,3844.817791169341,4594.817791159341,749.99999999,False,True
272430,2025-07-09 04:30:00,9.66913346569492,1543.504133455695,700.5016666666667,1823.2946330845202,2573.2946330745203,749.99999999,False,True
272460,2025-07-09 05:00:00,1.7124373968609836,1515.2391040535276,680.1933333333333,3298.0506638052534,4048.0506637952535,749.99999999,False,True
273900,2025-07-10 05:00:00,7.591192220732856,1526.1128588773995,685.1883333333333,4366.173920085489,5116.173920075489,749.99999999,False,True
278190,2025-07-13 04:30:00,33.645754492474445,1525.8674211491411,658.8883333333333,2192.9355216420527,2942.9355216320528,749.99999999,False,True
278200,2025-07-13 04:40:00,15.887938453817007,1534.1182717771503,684.8969999999999,2942.9355216320528,3692.935521622053,749.99999999,False,True
279620,2025-07-14 04:20:00,7.990665471971275,1530.034882128638,688.7108833333333,1218.4298438965748,1968.4298438865749,749.99999999,False,True
279630,2025-07-14 04:30:00,4.710729787140045,1527.0573964438067,689.0133333333333,1968.4298438865749,2718.429843876575,749.99999999,False,True
279650,2025-07-14 04:50:00,5.288215261890051,1521.9760819185567,683.3545333333333,3456.6885961966527,4206.688596186653,749.99999999,False,True
279660,2025-07-14 05:00:00,24.52256048717026,1525.9458938105035,668.0899999999999,4206.688596186653,4956.688596176653,749.99999999,False,True
281090,2025-07-15 04:50:00,28.446296676130707,1540.5664633327974,678.7868333333333,3389.7908015744433,4139.790801564443,749.99999999,False,True
281100,2025-07-15 05:00:00,140.40088491807887,1576.220884908079,602.4866666666667,4139.790801564443,4889.7908015544435,749.99999999,False,True
281110,2025-07-15 05:10:00,39.225676531547826,1520.1152098548812,647.5562,4889.7908015544435,5639.790801544444,749.99999999,False,True
283940,2025-07-17 04:20:00,6.320050613606887,1548.6162339369403,708.96285,1258.352576153374,2008.3525761433739,749.99999999,False,True
283950,2025-07-17 04:30:00,27.825492646920445,1550.3854926369204,689.2266666666666,2008.3525761433739,2758.352576133374,749.99999999,False,True
283960,2025-07-17 04:40:00,8.820620273335514,1546.5063369300024,704.3523833333334,2758.352576133374,3508.352576123374,749.99999999,False,True
288290,2025-07-20 04:50:00,4.835770682791,1524.7710873394576,686.6019833333332,3522.474171801966,4272.474171791966,749.99999999,False,True
288300,2025-07-20 05:00:00,26.388009542709476,1510.3746761993762,650.6533333333333,4272.474171791966,5022.474171781966,749.99999999,False,True
289710,2025-07-21 04:30:00,11.305002996606497,1514.0916696532731,669.4533333333333,2114.1275098436236,2864.1275098336237,749.99999999,False,True
289740,2025-07-21 05:00:00,32.728975203004545,1497.8439751930046,631.7816666666666,4309.9219938990045,5059.921993889005,749.99999999,False,True
291150,2025-07-22 04:30:00,2.2986230197538964,1520.5452896764205,684.9133333333332,1972.6273399183303,2722.62733990833,749.99999999,False,True
291160,2025-07-22 04:40:00,31.38471090362031,1546.4412108936203,681.7231666666667,2722.62733990833,3472.6273398983303,749.99999999,False,True
292600,2025-07-23 04:40:00,16.8596226282475,1539.9745559515807,689.7815999999999,2874.275587826242,3624.275587816242,749.99999999,False,True
292610,2025-07-23 04:50:00,13.235525540656106,1531.6007088639894,685.03185,3624.275587816242,4374.275587806242,749.99999999,False,True
292630,2025-07-23 05:10:00,27.438950294141243,1529.2131502841412,668.4408666666666,5108.748015651447,5858.748015641447,749.99999999,False,True
294030,2025-07-24 04:30:00,47.42208201934681,1524.8254153426801,644.0699999999999,2017.2035537880101,2767.2035537780102,749.99999999,False,True
294060,2025-07-24 05:00:00,22.592487372455473,1566.8608206957888,710.935,4256.740407287273,5006.740407277273,749.99999999,False,True
298350,2025-07-27 04:30:00,9.985136330312791,1545.7668029869794,702.4483333333333,1994.2585800182826,2744.2585800082825,749.99999999,False,True
299780,2025-07-28 04:20:00,7.3508430283841255,1526.901909685051,686.2177333333334,1526.5639097594067,2276.563909749407,749.99999999,False,True
299790,2025-07-28 04:30:00,3.9313764160061657,1502.6680430726728,665.4033333333333,2276.563909749407,3026.563909739407,749.99999999,False,True
299800,2025-07-28 04:40:00,13.845143427482746,1538.710376750816,691.5319,3026.563909739407,3776.563909729407,749.99999999,False,True
301230,2025-07-29 04:30:00,18.310100373962193,1529.0401003639622,677.3966666666666,2563.3199795413598,3313.31997953136,749.99999999,False,True
301240,2025-07-29 04:40:00,31.954624173627614,1532.0016408302943,666.7136833333333,3313.31997953136,4063.31997952136,749.99999999,False,True
301250,2025-07-29 04:50:00,29.175989228214,1529.8440225515474,667.3347,4063.31997952136,4813.31997951136,749.99999999,False,True
301260,2025-07-29 05:00:00,9.641830654223433,1520.3301639775568,677.355,4813.31997951136,5563.31997950136,749.99999999,False,True
301270,2025-07-29 05:10:00,12.850967422202068,1520.7682507455354,674.58395,5563.31997950136,6313.31997949136,749.99999999,False,True
301280,2025-07-29 05:20:00,1.081493779103531,1510.799727102437,676.3849,6313.31997949136,7063.31997948136,749.99999999,False,True
302700,2025-07-30 05:00:00,24.37549549560469,1520.243828818938,662.535,3673.414444700039,4423.414444690039,749.99999999,False,True
304130,2025-07-31 04:50:00,7.4268706314469375,1558.3439039547802,717.5836999999999,3295.757528218839,4045.757528208839,749.99999999,False,True
308450,2025-08-03 04:50:00,6.047936061925603,1548.2008527185922,708.8195833333332,3171.0766564664455,3921.0766564564456,749.99999999,False,True
308460,2025-08-03 05:00:00,2.673972131721249,1518.0989721217213,682.0916666666667,3921.0766564564456,4671.076656446446,749.99999999,False,True
308470,2025-08-03 05:10:00,1.2533092548163642,1496.498975911483,661.9123333333333,4671.076656446446,5421.076656436446,749.99999999,False,True
309880,2025-08-04 04:40:00,0.07760725270826813,1536.8476572427082,703.4367166666666,4120.643426779238,4870.643426769238,749.99999999,False,True
309890,2025-08-04 04:50:00,48.89481149396453,1540.7544614839644,658.5263166666666,4870.643426769238,5620.6434267592385,749.99999999,False,True
309900,2025-08-04 05:00:00,34.76918308765732,1516.785849744324,648.6833333333333,5620.6434267592385,6370.643426749239,749.99999999,False,True
309910,2025-08-04 05:10:00,38.78289652416333,1525.8995798474966,653.7833499999999,6370.643426749239,7120.643426739239,749.99999999,False,True
309920,2025-08-04 05:20:00,32.53401066343542,1522.989577320102,657.1222333333333,7120.643426739239,7870.643426730238,749.999999991,False,True
311300,2025-08-05 04:20:00,37.40748978812473,1511.3946064447914,640.6537833333333,2025.1523955749526,2775.1523955649527,749.99999999,False,True
311340,2025-08-05 05:00:00,3.6962404486605385,1504.1279071053273,667.0983333333334,4941.018560051501,5691.018560041501,749.99999999,False,True
311350,2025-08-05 05:10:00,12.242403078476393,1505.1429364018097,659.5672,5691.018560041501,6441.018560031501,749.99999999,False,True
311360,2025-08-05 05:20:00,13.790971671692311,1499.0124049950255,651.8880999999999,6441.018560031501,7191.0185600225,749.999999991,False,True
312750,2025-08-06 04:30:00,54.60357433983358,1551.8985743298335,663.9616666666666,2968.170344387331,3718.1703443773313,749.99999999,False,True
312760,2025-08-06 04:40:00,68.37530670844477,1545.0905400317781,643.3819,3718.1703443773313,4468.170344367331,749.99999999,False,True
312770,2025-08-06 04:50:00,45.07765974677317,1528.3165597367731,649.9055666666666,4468.170344367331,5218.1703443573315,749.99999999,False,True
312780,2025-08-06 05:00:00,14.440086027661657,1511.5567526843283,663.7833333333333,5218.1703443573315,5968.170344347332,749.99999999,False,True
312790,2025-08-06 05:10:00,19.399599545327185,1522.7946662019938,670.0617333333332,5968.170344347332,6718.170344337332,749.99999999,False,True
312800,2025-08-06 05:20:00,16.601720105651104,1528.550620095651,678.6155666666666,6718.170344337332,7468.170344328331,749.999999991,False,True
314190,2025-08-07 04:30:00,56.02670960361069,1552.855042926944,663.4949999999999,2760.565469350526,3510.5654693415263,749.999999991,False,True
314200,2025-08-07 04:40:00,102.24428528709937,1561.0257186104327,625.4481,3510.5654693415263,4260.565469332526,749.999999991,False,True
314210,2025-08-07 04:50:00,85.43181377434426,1562.9517470976775,644.1866,4260.565469332526,5010.565469322526,749.99999999,False,True
314220,2025-08-07 05:00:00,24.830543445724054,1557.0922101023907,698.9283333333333,5010.565469322526,5760.565469312526,749.99999999,False,True
314250,2025-08-07 05:30:00,3.0347498606700958,1475.3364165173366,638.9683333333332,7209.76878718351,7959.768787174509,749.999999991,False,True
318500,2025-08-10 04:20:00,56.6050645258889,1561.9956478492222,672.05725,2178.596885225583,2928.596885215583,749.99999999,False,True
318510,2025-08-10 04:30:00,35.28567484442157,1552.3306748344216,683.7116666666667,2928.596885215583,3678.596885205583,749.99999999,False,True
318520,2025-08-10 04:40:00,15.267946909206778,1562.51953023254,713.91825,3678.596885205583,4428.596885195583,749.99999999,False,True
318530,2025-08-10 04:50:00,29.042066167278556,1557.1254828239453,694.7500833333334,4428.596885195583,5178.596885185583,749.99999999,False,True
318540,2025-08-10 05:00:00,44.307849260957816,1529.5278492509578,651.8866666666667,5178.596885185583,5928.596885175583,749.99999999,False,True
318550,2025-08-10 05:10:00,6.470353796143505,1510.2916871194768,670.4879999999999,5928.596885175583,6678.596885165583,749.99999999,False,True
318560,2025-08-10 05:20:00,9.791103900806085,1501.4755205574727,658.3510833333332,6678.596885165583,7428.596885156583,749.999999991,False,True
318570,2025-08-10 05:30:00,25.64719602909019,1471.61219601909,612.6316666666667,7428.596885156583,8178.596885147583,749.999999991,False,True
319950,2025-08-11 04:30:00,8.407488259363724,1551.2041549160303,709.4633333333333,2204.9439638023036,2954.9439637923037,749.99999999,False,True
319960,2025-08-11 04:40:00,8.972406022785655,1528.935789346119,686.63005,2954.9439637923037,3704.943963782304,749.99999999,False,True
319970,2025-08-11 04:50:00,0.37541081302185036,1496.8066774696886,663.0979333333332,3704.943963782304,4454.9439637723035,749.99999999,False,True
319980,2025-08-11 05:00:00,0.37407460644907703,1479.869074596449,646.1616666666666,4454.9439637723035,5204.943963762304,749.99999999,False,True
319990,2025-08-11 05:10:00,34.15940542382804,1489.683155413828,622.1904166666666,5204.943963762304,5954.943963752304,749.99999999,False,True
320000,2025-08-11 05:20:00,16.62052906009955,1491.7633290500994,641.8094666666666,5954.943963752304,6704.943963743303,749.999999991,False,True
321390,2025-08-12 04:30:00,55.24346580651285,1521.2117991298462,632.635,2252.2010506603087,3002.201050650309,749.99999999,False,True
321400,2025-08-12 04:40:00,59.35911182710219,1534.7200118171022,642.0275666666666,3002.201050650309,3752.201050640309,749.99999999,False,True
321410,2025-08-12 04:50:00,5.843772105276336,1517.2912887619432,678.1141833333334,3752.201050640309,4502.201050630309,749.99999999,False,True
322870,2025-08-13 05:10:00,17.340156248778946,1500.3938229054456,649.7203333333333,4970.32456588354,5720.32456587354,749.99999999,False,True
322880,2025-08-13 05:20:00,4.095098649267121,1506.6758653059337,669.2474333333332,5720.32456587354,6470.324565863541,749.99999999,False,True
324280,2025-08-14 04:40:00,13.120259809925976,1474.446609799926,627.9930166666666,2918.304721592871,3668.304721582871,749.99999999,False,True
324290,2025-08-14 04:50:00,58.47365863928086,1491.8628252959475,600.0558333333333,3668.304721582871,4418.304721572871,749.99999999,False,True
324300,2025-08-14 05:00:00,60.52301580727089,1528.333015797271,634.4766666666667,4418.304721572871,5168.304721562871,749.99999999,False,True
324310,2025-08-14 05:10:00,50.886131509022555,1550.6499481656892,666.4304833333333,5168.304721562871,5918.304721552871,749.99999999,False,True
324320,2025-08-14 05:20:00,12.860027636176817,1523.5165609595101,677.3231999999999,5918.304721552871,6668.304721542871,749.99999999,False,True
327210,2025-08-16 05:30:00,33.24028053695678,1351.3652805269567,484.79166666666663,1416.4107060291603,2166.4107060191604,749.99999999,False,True
328580,2025-08-17 04:20:00,8.163768025732104,1511.959968015732,670.4628666666666,1532.2855893431638,2282.285589333164,749.99999999,False,True
328590,2025-08-17 04:30:00,21.297119207250937,1519.4637858639176,664.8333333333333,2282.285589333164,3032.285589323164,749.99999999,False,True
328600,2025-08-17 04:40:00,47.703079215923474,1544.7813125392568,663.7448999999999,3032.285589323164,3782.285589313164,749.99999999,False,True
328610,2025-08-17 04:50:00,26.77324266540699,1529.5747759887404,669.4682,3782.285589313164,4532.285589303164,749.99999999,False,True
330020,2025-08-18 04:20:00,28.886069583477017,1528.2998862401437,666.0804833333333,1731.289049356197,2481.289049346197,749.99999999,False,True
330030,2025-08-18 04:30:00,11.929487702225849,1535.5944876922258,690.3316666666666,2481.289049346197,3231.289049336197,749.99999999,False,True
331500,2025-08-19 05:00:00,39.2120217535554,1525.863688410222,653.3183333333333,4510.636257870567,5260.636257860567,749.99999999,False,True
331510,2025-08-19 05:10:00,45.06414534298357,1520.3020453329837,641.9045666666666,5260.636257860567,6010.636257850567,749.99999999,False,True
331520,2025-08-19 05:20:00,17.489245492225784,1511.6882954822258,660.8657166666667,6010.636257850567,6760.636257840567,749.99999999,False,True
332900,2025-08-20 04:20:00,70.60287019574092,1518.842570185741,614.9063666666666,2121.499119052337,2871.499119042337,749.99999999,False,True
332910,2025-08-20 04:30:00,69.64743395948061,1539.9324339494806,636.9516666666666,2871.499119042337,3621.499119032337,749.99999999,False,True
332940,2025-08-20 05:00:00,64.16670085586223,1512.6983675125289,615.1983333333333,5118.219939587247,5868.219939577247,749.99999999,False,True
332950,2025-08-20 05:10:00,55.71829841802661,1489.43453174136,600.3829,5868.219939577247,6618.219939567247,749.99999999,False,True
332960,2025-08-20 05:20:00,15.302578517767635,1506.814661841101,658.17875,6618.219939567247,7368.219939557247,749.99999999,False,True
334340,2025-08-21 04:20:00,20.676113679990515,1534.0886470033238,680.0791999999999,2232.088891600388,2982.088891590388,749.99999999,False,True
334350,2025-08-21 04:30:00,17.67751003609373,1523.6725100260937,672.6616666666666,2982.088891590388,3732.088891580388,749.99999999,False,True
334360,2025-08-21 04:40:00,2.05913599013683,1475.8421193134702,640.44965,3732.088891580388,4482.088891570388,749.99999999,False,True
334400,2025-08-21 05:20:00,24.156788903227373,1519.303455559894,661.8133333333333,6623.830337133424,7373.830337123424,749.99999999,False,True
334410,2025-08-21 05:30:00,6.572833253424839,1487.5961665767582,647.6899999999999,7373.830337123424,8123.830337113424,749.99999999,False,True
338660,2025-08-24 04:20:00,23.649256772110554,1514.829090095444,657.8465,1782.7749068089247,2532.774906798925,749.99999999,False,True
338670,2025-08-24 04:30:00,45.47893519074113,1510.4072685140745,631.595,2532.774906798925,3282.774906788925,749.99999999,False,True
338680,2025-08-24 04:40:00,46.36345482067133,1516.2814548106712,636.5846666666666,3282.774906788925,4032.774906778925,749.99999999,False,True
338690,2025-08-24 04:50:00,39.03940928609767,1517.479642609431,645.1069,4032.774906778925,4782.774906768925,749.99999999,False,True
338700,2025-08-24 05:00:00,41.99508596972441,1512.4534192930578,637.125,4782.774906768925,5532.774906758925,749.99999999,False,True
338710,2025-08-24 05:10:00,55.857982852533944,1514.3053161758673,625.114,5532.774906758925,6282.774906748925,749.99999999,False,True
338720,2025-08-24 05:20:00,29.715444956036656,1499.39612827937,636.34735,6282.774906748925,7032.774906738925,749.99999999,False,True
340110,2025-08-25 04:30:00,30.6039688945716,1533.4189688845715,669.4816666666666,3419.549130420374,4169.549130410373,749.99999999,False,True
340120,2025-08-25 04:40:00,78.625996518262,1539.1840465082619,627.2247166666666,4169.549130410373,4919.5491304003735,749.99999999,False,True
340130,2025-08-25 04:50:00,35.72081779363838,1515.5077177836383,646.4535666666666,4919.5491304003735,5669.549130390374,749.99999999,False,True
340160,2025-08-25 05:20:00,18.373282114360443,1501.005948771027,649.2993333333333,7132.036965049999,7882.036965039999,749.99999999,False,True
341560,2025-08-26 04:40:00,23.9397981394469,1527.6599814627803,670.38685,3682.5072688551422,4432.507268846142,749.999999991,False,True
341570,2025-08-26 04:50:00,46.67059992242525,1521.8189499124253,641.8150166666667,4432.507268846142,5182.507268836142,749.99999999,False,True
341580,2025-08-26 05:00:00,26.157504735240074,1493.3591713919068,633.8683333333333,5182.507268836142,5932.5072688261425,749.99999999,False,True
341590,2025-08-26 05:10:00,18.02339349506962,1482.752026818403,631.3952999999999,5932.5072688261425,6682.507268816143,749.99999999,False,True
341600,2025-08-26 05:20:00,3.691242538804878,1494.7601425288049,657.7355666666666,6682.507268816143,7432.507268806143,749.99999999,False,True
341610,2025-08-26 05:30:00,3.1625167496842925,1501.434183406351,664.9383333333333,7432.507268806143,8182.507268797142,749.999999991,False,True
341620,2025-08-26 05:40:00,38.84138366104195,1464.1665503177087,591.9918333333333,8182.507268797142,8932.507268788142,749.999999991,False,True
343000,2025-08-27 04:40:00,27.294642337256157,1512.8872256605896,652.25925,3711.2919036765334,4461.2919036665335,749.99999999,False,True
343010,2025-08-27 04:50:00,27.628602486700395,1504.1377358100337,643.1758,4461.2919036665335,5211.291903656534,749.99999999,False,True
344410,2025-08-28 04:10:00,48.91843257728271,1513.4924492339494,631.2406833333333,1507.4850881000975,2257.4850880910976,749.999999991,False,True
344420,2025-08-28 04:20:00,35.129372860410164,1518.3016561837435,649.83895,2257.4850880910976,3007.4850880810977,749.99999999,False,True
344450,2025-08-28 04:50:00,27.933105245582958,1486.9026885689163,625.63625,4452.774936076852,5202.774936066852,749.99999999,False,True
344460,2025-08-28 05:00:00,69.56205949839703,1537.6953928217304,634.8,5202.774936066852,5952.774936056852,749.99999999,False,True
344470,2025-08-28 05:10:00,22.468638712974318,1527.7430220363076,671.9410499999999,5952.774936056852,6702.774936046852,749.99999999,False,True
344490,2025-08-28 05:30:00,20.52353115903258,1480.6651978156992,626.8083333333333,7447.107885458831,8197.107885449832,749.999999991,False,True
344500,2025-08-28 05:40:00,17.455157852245854,1444.6339245089125,593.8454333333333,8197.107885449832,8947.107885440832,749.999999991,False,True
345940,2025-08-29 05:40:00,13.634139134002332,1328.851055790669,481.8835833333333,3296.2057577888654,4046.2057577798655,749.9999999910001,False,True
348770,2025-08-31 04:50:00,29.799198389388373,1487.648615046055,624.5160833333333,4479.659897977024,5229.659897967024,749.99999999,False,True
348780,2025-08-31 05:00:00,5.4325965837476735,1477.745929907081,638.98,5229.659897967024,5979.659897957024,749.99999999,False,True
348800,2025-08-31 05:20:00,27.95512019572856,1474.6080201857285,613.3195666666666,6722.815267617324,7472.815267607324,749.99999999,False,True
348810,2025-08-31 05:30:00,64.91037339296848,1476.6003733829684,578.3566666666666,7472.815267607324,8222.815267597323,749.99999999,False,True
348820,2025-08-31 05:40:00,8.557439553335136,1458.5354062100018,616.6446333333333,8222.815267597323,8972.815267588323,749.999999991,False,True
350180,2025-09-01 04:20:00,85.96995607729637,1517.676472733963,598.3731833333333,4024.532084373237,4774.532084363237,749.99999999,False,True
350190,2025-09-01 04:30:00,45.105307127419785,1498.8003071174198,620.3616666666667,4774.532084363237,5524.532084353237,749.99999999,False,True
350200,2025-09-01 04:40:00,27.376131617596904,1467.7505649409302,607.0410999999999,5524.532084353237,6274.532084343237,749.99999999,False,True
350210,2025-09-01 04:50:00,48.90243254221945,1473.560849198886,591.3250833333333,6274.532084343237,7024.532084333237,749.99999999,False,True
350220,2025-09-01 05:00:00,68.89417507014012,1495.6325083934735,593.405,7024.532084333237,7774.5320843232375,749.99999999,False,True
350230,2025-09-01 05:10:00,31.553652073806795,1467.9732187304735,603.0862333333333,7774.5320843232375,8524.532084313238,749.99999999,False,True
350240,2025-09-01 05:20:00,30.84772350329046,1472.2708901599572,608.0898333333333,8524.532084313238,9274.532084303237,749.99999999,False,True
350250,2025-09-01 05:30:00,63.690570546679275,1495.3105705366793,598.2866666666666,9274.532084303237,10024.532084293236,749.99999999,False,True
350260,2025-09-01 05:40:00,26.61156846959556,1446.5178351262623,586.5729333333334,10024.532084293236,10774.532084284236,749.999999991,False,True
350270,2025-09-01 05:50:00,3.4160588183216047,693.5880096036153,661.8742666666667,10774.532084284236,10799.999999991,25.46791570676432,True,False
351690,2025-09-02 05:30:00,13.150918971774892,1443.1592522951082,596.675,6936.9061544817205,7686.906154471721,749.99999999,False,True
352480,2025-09-02 18:40:00,34.89427205591659,907.9174291517111,801.4342833333333,10735.570013603785,10799.99999999,64.4299863862151,True,False
353130,2025-09-03 05:30:00,53.44036224223236,1489.892028898899,603.1183333333333,6716.475410074121,7466.475410064121,749.99999999,False,True
353140,2025-09-03 05:40:00,0.2616478952594355,1425.332714551926,591.7377333333333,7466.475410064121,8216.475410055122,749.999999991,False,True
355360,2025-09-04 18:40:00,110.3363064451126,928.967744909574,786.65325,10771.219630371985,10799.99999999,28.78036961801525,True,False
359670,2025-09-07 18:30:00,50.066476397753995,917.8650317619318,721.9283333333333,10668.71680016324,10799.999999991,131.2831998277601,True,False
359680,2025-09-07 18:40:00,123.80629136313925,927.1992413712395,803.3929499999999,10799.999999991,10799.999999991,0.0,True,False
361720,2025-09-09 04:40:00,26.942543616006553,1476.1401936060065,615.8643166666666,4363.157982022879,5113.157982013879,749.999999991,False,True
361730,2025-09-09 04:50:00,8.900331069140854,1462.8617810591409,620.6281166666666,5113.157982013879,5863.157982004878,749.999999991,False,True
361740,2025-09-09 05:00:00,6.05846181162132,1453.3517951349547,613.96,5863.157982004878,6613.157981995878,749.999999991,False,True
361750,2025-09-09 05:10:00,34.778965333529975,1456.0830819901967,587.9707833333333,6613.157981995878,7363.1579819868775,749.999999991,False,True
361780,2025-09-09 05:40:00,7.303977995354322,1434.0789279853543,593.4416166666666,8116.686133977694,8866.686133968695,749.999999991,False,True
363120,2025-09-10 04:00:00,49.43375767972474,1464.2187576697247,581.4516666666666,3340.8507172552922,4090.8507172462923,749.999999991,False,True
363130,2025-09-10 04:10:00,18.87159508349577,1448.8144450734958,596.6095166666667,4090.8507172462923,4840.850717237292,749.999999991,False,True
363160,2025-09-10 04:40:00,11.036187042164777,1441.2566870321648,596.8871666666666,4881.287815950139,5631.287815940139,749.99999999,False,True
363170,2025-09-10 04:50:00,20.571914361989563,1453.5183810186563,599.6131333333333,5631.287815940139,6381.287815930139,749.99999999,False,True
363180,2025-09-10 05:00:00,49.962080798680965,1467.5587474553477,584.2633333333333,6381.287815930139,7131.287815920139,749.99999999,False,True
363190,2025-09-10 05:10:00,28.918227578660883,1456.498777568661,594.2472166666666,7131.287815920139,7881.287815910139,749.99999999,False,True
363220,2025-09-10 05:40:00,46.88167842802135,1443.0119284180214,562.7969166666667,7955.188339096513,8705.188339087514,749.999999991,False,True
364600,2025-09-11 04:40:00,11.28227265215525,1437.5617226421552,592.9461166666666,3972.167309785845,4722.167309776845,749.999999991,False,True
364610,2025-09-11 04:50:00,9.831923919724765,1429.169457243058,586.0042,4722.167309776845,5472.167309767845,749.999999991,False,True
364620,2025-09-11 05:00:00,7.079560363631791,1449.2695603536317,608.8566666666666,5472.167309767845,6222.167309758845,749.999999991,False,True
364630,2025-09-11 05:10:00,7.398206038799223,1468.0621226954659,627.3305833333333,6222.167309758845,6972.167309749844,749.999999991,False,True
364650,2025-09-11 05:30:00,8.959470672536092,1449.9078039958695,607.615,6982.270277264462,7732.270277255461,749.999999991,False,True
366100,2025-09-12 05:40:00,24.693686485610776,1279.490519808944,421.46349999999995,3873.5186336546353,4623.518633645635,749.999999991,False,True
367540,2025-09-13 05:40:00,21.51456236844694,1316.106162358447,461.2582666666666,4728.1008061459015,5478.100806136901,749.999999991,False,True
368940,2025-09-14 05:00:00,12.32686800712542,1442.4752013304587,596.8149999999999,4906.641429628741,5656.641429619741,749.999999991,False,True
368950,2025-09-14 05:10:00,36.27844010968828,1454.753356766355,585.1415833333333,5656.641429619741,6406.6414296107405,749.999999991,False,True
368960,2025-09-14 05:20:00,9.17242189037028,1462.1453218803704,619.6395666666666,6406.6414296107405,7156.64142960174,749.999999991,False,True
368980,2025-09-14 05:40:00,10.639629351328828,1428.9189793413288,584.9460166666667,7888.464915148089,8638.46491513909,749.999999991,False,True
370360,2025-09-15 04:40:00,55.77458858080603,1495.4660052374727,606.3580833333333,4245.705630889018,4995.705630879018,749.99999999,False,True
370370,2025-09-15 04:50:00,42.82435438217919,1486.0070043721792,609.8493166666666,4995.705630879018,5745.705630869018,749.99999999,False,True
370380,2025-09-15 05:00:00,25.712705312834593,1461.5943719695013,602.5483333333333,5745.705630869018,6495.705630859018,749.99999999,False,True
370390,2025-09-15 05:10:00,78.85829131418016,1480.1177246375134,567.9260999999999,6495.705630859018,7245.705630849018,749.99999999,False,True
370400,2025-09-15 05:20:00,78.72961228017446,1485.232845603508,573.1699,7245.705630849018,7995.705630839018,749.99999999,False,True
370420,2025-09-15 05:40:00,1.6055159837162511,1453.0345159737162,618.0956666666666,8458.951807638472,9208.951807629472,749.999999991,False,True
371820,2025-09-16 05:00:00,14.25406436551679,1438.9490643555168,591.3616666666667,4746.159652674838,5496.159652664838,749.99999999,False,True
371830,2025-09-16 05:10:00,2.804102594642351,1421.219719251309,585.0822833333333,5496.159652664838,6246.159652654838,749.99999999,False,True
373210,2025-09-17 04:10:00,20.827899338094078,1440.197199328094,586.0359666666666,3442.3532697675637,4192.353269757564,749.99999999,False,True
373240,2025-09-17 04:40:00,14.725928687906723,1438.6450953445733,590.5858333333333,4225.425085521242,4975.425085511242,749.99999999,False,True
373250,2025-09-17 04:50:00,9.1188926343168,1442.4077426243168,599.9555166666667,4975.425085511242,5725.425085501242,749.99999999,False,True
373270,2025-09-17 05:10:00,15.01133979134476,1436.987623114678,588.6429499999999,6464.742946617658,7214.742946607658,749.99999999,False,True
374650,2025-09-18 04:10:00,7.860299552214761,1446.142182875548,604.94855,4778.414533097753,5528.414533088752,749.999999991,False,True
374680,2025-09-18 04:40:00,23.368475837784437,1436.495542494451,579.7937333333333,5613.653350121638,6363.653350112638,749.999999991,False,True
374690,2025-09-18 04:50:00,3.3351147909233907,1427.88693144759,591.2184833333333,6363.653350112638,7113.653350102638,749.99999999,False,True
374710,2025-09-18 05:10:00,25.311648289635393,1468.4285149463021,609.7835333333333,7860.079879168993,8610.079879159994,749.999999991,False,True
374740,2025-09-18 05:40:00,27.0990513006385,1441.210967957305,580.7785833333332,8548.982129467526,9298.982129458525,749.999999991,False,True
376150,2025-09-19 05:10:00,26.14010576807231,1292.9313890914057,433.45795,3415.542856286034,4165.5428562760335,749.99999999,False,True
377590,2025-09-20 05:10:00,9.913719363330976,1294.8287360199977,451.58168333333333,2684.1853362772904,3434.1853362672905,749.99999999,False,True
377620,2025-09-20 05:40:00,36.24520287201846,1294.137969528685,424.55943333333335,3489.4586810176033,4239.458681007603,749.99999999,False,True
378940,2025-09-21 03:40:00,23.143728118868914,1449.8726281088689,593.3955666666666,3182.3045906250873,3932.3045906150874,749.99999999,False,True
379010,2025-09-21 04:50:00,5.763350290146142,1456.4744336134795,617.37775,5835.711325682048,6585.711325672048,749.99999999,False,True
379020,2025-09-21 05:00:00,3.8820121300883477,1429.6120121200884,592.3966666666666,6585.711325672048,7335.711325662048,749.99999999,False,True
379030,2025-09-21 05:10:00,0.8056022770124321,1424.2207522670124,590.0818166666666,7335.711325662048,8085.711325652048,749.99999999,False,True
380400,2025-09-22 04:00:00,4.594963896902974,1424.494963886903,586.5666666666666,3580.771235941015,4330.771235931015,749.99999999,False,True
380440,2025-09-22 04:40:00,36.74399090601184,1443.3142075626783,573.2368833333333,4373.812678588242,5123.812678578242,749.99999999,False,True
380450,2025-09-22 04:50:00,29.8593694105466,1443.68360273388,580.4909,5123.812678578242,5873.8126785682425,749.99999999,False,True
380460,2025-09-22 05:00:00,5.968512719157721,1435.3301793758244,596.0283333333333,5873.8126785682425,6623.812678558243,749.99999999,False,True
380500,2025-09-22 05:40:00,3.5967876938823258,1442.8923710172157,605.9622499999999,7288.16878870604,8038.16878869604,749.99999999,False,True
381810,2025-09-23 03:30:00,15.54804594687834,1435.7313792702116,586.8499999999999,3185.557859327081,3935.5578593170812,749.99999999,False,True
381840,2025-09-23 04:00:00,9.094108288297996,1465.5557749449647,623.1283333333333,3998.402265848436,4748.402265838436,749.99999999,False,True
381850,2025-09-23 04:10:00,54.594377713938336,1483.4507110372715,595.5229999999999,4748.402265838436,5498.402265828436,749.99999999,False,True
381880,2025-09-23 04:40:00,37.15812248311283,1475.3922224731127,604.9007666666666,5599.368178037507,6349.368178027507,749.99999999,False,True
381890,2025-09-23 04:50:00,32.718849705068344,1466.4679996950683,600.4158166666666,6349.368178027507,7099.3681780175075,749.99999999,False,True
381940,2025-09-23 05:40:00,18.575434432041327,1436.7528344220414,584.8440666666667,8564.768470292118,9314.768470283117,749.999999991,False,True
383280,2025-09-24 04:00:00,21.861512823704963,1429.926512813705,574.7316666666666,3788.849251308304,4538.849251298304,749.99999999,False,True
384700,2025-09-25 03:40:00,9.999984497222265,1434.2123344872223,590.8790166666666,2777.9701202451697,3527.97012023517,749.99999999,False,True
384720,2025-09-25 04:00:00,10.472190774884886,1437.9338574315516,594.1283333333333,3549.259845586482,4299.259845576482,749.99999999,False,True
384730,2025-09-25 04:10:00,2.9528624927662497,1433.0709958160996,596.7847999999999,4299.259845576482,5049.259845566482,749.99999999,False,True
384820,2025-09-25 05:40:00,49.272571357458666,1415.3614880141254,532.7555833333333,7371.518551715217,8121.518551705217,749.99999999,False,True
386140,2025-09-26 03:40:00,28.195807863922816,1273.8839411872561,412.35479999999995,3348.7612813989813,4098.761281388981,749.99999999,False,True
386160,2025-09-26 04:00:00,30.46792234330757,1301.596255666641,437.79499999999996,4159.102625034565,4909.102625024565,749.99999999,False,True
387570,2025-09-27 03:30:00,32.2526944653498,1284.7610277886831,419.175,2548.564121093167,3298.5641210831673,749.99999999,False,True
388880,2025-09-28 01:20:00,38.02897239030107,1426.3610890469677,554.9987833333332,2024.550380272935,2774.550380262935,749.99999999,False,True
388900,2025-09-28 01:40:00,22.000780700415923,1456.5872473570826,601.2531333333333,3386.0697968209734,4136.0697968109735,749.99999999,False,True
388910,2025-09-28 01:50:00,13.190374344336071,1457.809774334336,611.2860666666666,4136.0697968109735,4886.069796800974,749.99999999,False,True
389010,2025-09-28 03:30:00,2.5360293765423796,1447.387696033209,611.5183333333333,6595.570873971304,7345.570873961304,749.99999999,False,True
389040,2025-09-28 04:00:00,8.525490672531753,1452.8421573291985,610.9833333333333,7366.131433876396,8116.131433867396,749.999999991,False,True
389140,2025-09-28 05:40:00,42.998717883178635,1452.7969012065118,576.46485,8342.67223664026,9092.672236631259,749.999999991,False,True
390310,2025-09-29 01:10:00,7.488819322114288,1414.4091693121143,573.5870166666666,2311.5556815892005,3061.5556815792006,749.99999999,False,True
390340,2025-09-29 01:40:00,29.952544983015507,1445.7260783063489,582.4402,3821.34138935534,4571.34138934534,749.99999999,False,True
390350,2025-09-29 01:50:00,58.49049905942092,1455.5731157160876,563.7492833333333,4571.34138934534,5321.34138933534,749.99999999,False,True
390450,2025-09-29 03:30:00,48.74442712278243,1450.6194271127824,568.5416666666666,5316.750450031215,6066.750450021215,749.99999999,False,True
390580,2025-09-29 05:40:00,8.662874505499637,1439.4027911621663,597.4065833333333,7590.1730982998215,8340.17309828982,749.99999999,False,True
391780,2025-09-30 01:40:00,6.431939532194057,1400.0165561888607,560.2512833333333,3131.7744170049855,3881.7744169949856,749.99999999,False,True
391790,2025-09-30 01:50:00,17.044411710966976,1416.8889783676336,566.5112333333333,3881.7744169949856,4631.774416984986,749.99999999,False,True
391810,2025-09-30 02:10:00,17.09666443089531,1416.5387977542287,566.1088,4641.321281114003,5391.321281104003,749.99999999,False,True
391920,2025-09-30 04:00:00,0.22042845790405524,1440.9020951145708,607.3483333333334,6287.236688078589,7037.2366880685895,749.99999999,False,True
392020,2025-09-30 05:40:00,8.811532059167568,1411.3406320491677,569.1957666666666,6865.1342075913435,7615.134207581344,749.99999999,False,True
393190,2025-10-01 01:10:00,4.7605154635081055,1423.2237821201747,585.1299333333333,1701.653258526663,2451.653258516663,749.99999999,False,True
393200,2025-10-01 01:20:00,3.1611628646173733,1421.4435128546174,584.9490166666667,2451.653258516663,3201.653258506663,749.99999999,False,True
393220,2025-10-01 01:40:00,39.59458463032001,1438.92053462032,565.9926166666667,3272.9587324429654,4022.9587324339655,749.999999991,False,True
393250,2025-10-01 02:10:00,4.008332380401604,1430.3160490370683,592.9743833333333,5491.4657145487,6241.4657145387,749.99999999,False,True
393460,2025-10-01 05:40:00,20.823842216319342,1418.528308872986,564.3711333333333,7924.844605109082,8674.844605100083,749.999999991,False,True
397780,2025-10-04 05:40:00,15.538050605096025,1278.1870672617626,429.3156833333333,2960.8366464272117,3710.836646417212,749.99999999,False,True
399960,2025-10-05 18:00:00,10.22006667777751,728.8613310175333,700.1983333333333,10783.40136208422,10799.99999999,16.598637905780272,True,False
400310,2025-10-05 23:50:00,50.67586178417081,1431.1768951075042,547.1677,2867.7346695782608,3617.734669568261,749.99999999,False,True
402840,2025-10-07 18:00:00,37.60375534536743,777.9848333333332,688.305,10753.13152980183,10799.999999991,46.86847018916924,True,False
403190,2025-10-07 23:50:00,24.601203283099146,1420.6335199397658,562.6989833333333,3204.392943442195,3954.392943432195,749.99999999,False,True
404630,2025-10-08 23:50:00,45.930114792663964,1427.536614782664,548.2731666666666,2396.7542506507953,3146.7542506417954,749.999999991,False,True
404740,2025-10-09 01:40:00,20.769351841046493,1429.6771684977132,575.5744833333333,4908.674381537518,5658.674381527518,749.99999999,False,True
404750,2025-10-09 01:50:00,14.763562591283282,1416.4434625812833,568.3465666666666,5658.674381527518,6408.674381517518,749.99999999,False,True
404850,2025-10-09 03:30:00,17.116760805215442,1438.778427461882,588.3283333333333,7431.69898521356,8181.69898520456,749.999999991,False,True
406420,2025-10-10 05:40:00,16.28389048770645,1280.7070904777065,431.0898666666667,4193.676691434039,4943.676691424039,749.99999999,False,True
407640,2025-10-11 02:00:00,25.49294296564539,1256.0112762889787,397.185,3822.287506132223,4572.287506123223,749.999999991,False,True
407860,2025-10-11 05:40:00,12.163188525911885,1277.0451885159118,431.54866666666663,5359.250621408175,6109.250621399175,749.999999991,False,True
408880,2025-10-11 22:40:00,6.364477006416101,1249.3477103297494,409.64989999999995,2717.0222181235945,3467.0222181135946,749.99999999,False,True
408910,2025-10-11 23:10:00,34.77577702940038,1257.6455270194003,389.53641666666664,3496.657115169361,4246.657115159361,749.99999999,False,True
409040,2025-10-12 01:20:00,25.218282910020655,1414.9442829000207,556.3926666666666,5045.415129188502,5795.415129178502,749.99999999,False,True
410320,2025-10-12 22:40:00,5.392322798705428,1402.1185227887054,563.3928666666666,2132.1007410067405,2882.1007409967406,749.99999999,False,True
410350,2025-10-12 23:10:00,3.516637898590708,1389.0507045552574,552.2007333333333,2860.3573349478793,3610.3573349378794,749.99999999,False,True
410480,2025-10-13 01:20:00,17.68143632560008,1406.0433029822668,555.0285333333334,4373.863793622969,5123.863793612969,749.99999999,False,True
410500,2025-10-13 01:40:00,27.716097764049657,1430.1578477540497,569.1084166666667,5859.814718793362,6609.814718783362,749.99999999,False,True
410510,2025-10-13 01:50:00,34.97246611174841,1443.2816494350818,574.97585,6609.814718783362,7359.814718773362,749.99999999,False,True
410740,2025-10-13 05:40:00,15.841962529942741,1442.2877291866093,593.1124333333332,8976.962897282441,9726.96289727344,749.999999991,False,True
411760,2025-10-13 22:40:00,9.160623443672982,1380.0883901003397,537.5944333333333,2037.0915844695814,2787.0915844605815,749.999999991,False,True
411790,2025-10-13 23:10:00,14.697132992447102,1400.894732982447,552.8642666666666,2865.7415572284017,3615.741557219402,749.999999991,False,True
411920,2025-10-14 01:20:00,0.2335975668506683,1423.3328642235174,589.7659333333334,4608.991082227075,5358.991082217075,749.99999999,False,True
411930,2025-10-14 01:30:00,5.20804157873271,1416.811374902066,578.27,5358.991082217075,6108.991082207075,749.99999999,False,True
411960,2025-10-14 02:00:00,3.3239393700703124,1416.3089393600703,579.6516666666666,6890.899940780258,7640.899940771257,749.999999991,False,True
413200,2025-10-14 22:40:00,18.932256916672024,1383.2033735733387,530.9377833333333,2067.4975568131567,2817.497556804157,749.999999991,False,True
413220,2025-10-14 23:00:00,16.799400263853833,1408.0844002538538,557.9516666666666,2841.4296727224896,3591.4296727134897,749.999999991,False,True
413230,2025-10-14 23:10:00,39.91788603981285,1418.6063526964795,545.3551333333332,3591.4296727134897,4341.429672704489,749.999999991,False,True
413390,2025-10-15 01:50:00,3.6017577580507725,1424.7534410813842,587.81835,6515.567254483728,7265.567254473728,749.99999999,False,True
414640,2025-10-15 22:40:00,39.54397867314969,1388.3216453298164,515.4443333333334,1861.7609443652127,2611.760944356213,749.999999991,False,True
414650,2025-10-15 22:50:00,33.98367635053591,1380.0919596738693,512.77495,2611.760944356213,3361.760944347213,749.999999991,False,True
414660,2025-10-15 23:00:00,5.6111563155841315,1373.3761563055841,534.4316666666666,3361.760944347213,4111.7609443382125,749.999999991,False,True
414810,2025-10-16 01:30:00,2.1864219829070555,1433.2230886395737,597.7033333333333,5621.747497822969,6371.747497812969,749.99999999,False,True
415060,2025-10-16 05:40:00,14.414469865637322,1435.402886522304,587.6550833333333,8460.223988980226,9210.223988970225,749.99999999,False,True
416070,2025-10-16 22:30:00,5.899687305021522,1392.7413539616882,553.5083333333333,2081.25487516568,2831.25487515668,749.999999991,False,True
416100,2025-10-16 23:00:00,22.186739469466822,1413.5300727928002,558.01,4316.037890272628,5066.037890263628,749.999999991,False,True
417510,2025-10-17 22:30:00,38.66303129770494,1260.493031287705,388.49666666666667,1830.2099991192413,2580.2099991102414,749.999999991,False,True
417520,2025-10-17 22:40:00,0.5783296609143839,1245.339046317581,411.4273833333333,2580.2099991102414,3330.2099991012415,749.999999991,False,True
418970,2025-10-18 22:50:00,0.009483716106266254,1235.509400372773,402.1665833333333,3338.7055887773786,4088.7055887683787,749.999999991,False,True
418980,2025-10-18 23:00:00,18.119997852011004,1232.394997842011,380.94166666666666,4088.7055887683787,4838.705588759379,749.999999991,False,True
418990,2025-10-18 23:10:00,20.54513411714344,1234.7219174404768,380.84344999999996,4838.705588759379,5588.705588750378,749.999999991,False,True
419160,2025-10-19 02:00:00,46.67660778163417,1452.7899411049675,572.78,7263.126642898462,8013.126642888462,749.99999999,False,True
420400,2025-10-19 22:40:00,17.589208421507344,1396.120725078174,545.1981833333333,2289.6567975412463,3039.6567975322464,749.999999991,False,True
420410,2025-10-19 22:50:00,37.912552057443115,1405.996852047443,534.7509666666666,3039.6567975322464,3789.6567975232465,749.999999991,False,True
420420,2025-10-19 23:00:00,19.44776258015633,1401.454429236823,548.6733333333333,3789.6567975232465,4539.656797514246,749.999999991,False,True
420600,2025-10-20 02:00:00,12.980850256888964,1426.9825169135556,580.6683333333333,6943.642361280699,7693.642361270699,749.99999999,False,True
421830,2025-10-20 22:30:00,4.917996031744329,1385.7663293550777,547.515,1633.67687268672,2383.67687267672,749.99999999,False,True
421870,2025-10-20 23:10:00,9.311515789579168,1391.6935324462459,549.0486833333333,4596.354236961067,5346.3542369520665,749.999999991,False,True
421880,2025-10-20 23:20:00,8.802642995209219,1398.2022763185425,556.0663,5346.3542369520665,6096.354236943066,749.999999991,False,True
422040,2025-10-21 02:00:00,4.6786613715819305,1424.0253280282486,586.0133333333333,6665.746074520032,7415.746074511032,749.999999991,False,True
422130,2025-10-21 03:30:00,28.956866639068373,1437.9701999624017,575.68,7757.847307415538,8507.847307405538,749.99999999,False,True
423300,2025-10-21 23:00:00,18.613061486218378,1396.4063948095518,544.46,3845.608419791487,4595.608419781487,749.99999999,False,True
423480,2025-10-22 02:00:00,34.603461620512,1419.368461610512,551.4316666666666,6298.441960549252,7048.441960539252,749.99999999,False,True
424720,2025-10-22 22:40:00,3.4471376877327122,1360.6786376777327,523.8981666666666,1765.7003436598843,2515.7003436498844,749.99999999,False,True
424880,2025-10-23 01:20:00,47.20869524205647,1440.4685952320565,559.9265666666666,5069.225316601242,5819.2253165912425,749.99999999,False,True
424890,2025-10-23 01:30:00,17.8866976960827,1440.285031019416,589.0649999999999,5819.2253165912425,6569.225316581243,749.99999999,False,True
426150,2025-10-23 22:30:00,4.913079036632772,1385.471412359966,547.2249999999999,1961.0620547479325,2711.0620547379326,749.99999999,False,True
426160,2025-10-23 22:40:00,9.78404484638849,1383.9418448363886,540.8244666666667,2711.0620547379326,3461.0620547279327,749.99999999,False,True
426170,2025-10-23 22:50:00,6.95017308137698,1387.1162564047104,546.83275,3461.0620547279327,4211.062054717932,749.99999999,False,True
426180,2025-10-23 23:00:00,6.633747358491852,1395.9170806818252,555.9499999999999,4211.062054717932,4961.0620547079325,749.99999999,False,True
427600,2025-10-24 22:40:00,34.71544031787743,1244.6798069745441,376.63103333333333,2621.39321337222,3371.39321336322,749.999999991,False,True
427610,2025-10-24 22:50:00,19.649659687509022,1250.0431763441757,397.0601833333333,3371.39321336322,4121.39321335422,749.999999991,False,True
429040,2025-10-25 22:40:00,29.739907158204225,1254.1674738148708,391.0942333333333,1537.6826531267407,2287.6826531177408,749.999999991,False,True
429050,2025-10-25 22:50:00,12.969145284147082,1236.7235286074804,390.42105,2287.6826531177408,3037.682653108741,749.999999991,False,True
429090,2025-10-25 23:30:00,7.510788823373779,1247.4591221467072,406.615,5213.111855801584,5963.111855792584,749.999999991,False,True
429200,2025-10-26 01:20:00,8.634889257713887,1423.6145892477139,581.6463666666666,6098.463132399018,6848.463132389018,749.99999999,False,True
430500,2025-10-26 23:00:00,5.037894842644042,1386.372894832644,548.0016666666667,3436.194168366953,4186.194168356953,749.99999999,False,True
430510,2025-10-26 23:10:00,4.239005229582168,1390.4472218862488,552.8748833333333,4186.194168356953,4936.194168346953,749.99999999,False,True
430520,2025-10-26 23:20:00,14.88117036509879,1406.863053688432,558.6485499999999,4936.194168346953,5686.194168336953,749.99999999,False,True
430530,2025-10-26 23:30:00,24.980659639048774,1421.008992962382,562.6949999999999,5686.194168336953,6436.194168326953,749.99999999,False,True
430900,2025-10-27 05:40:00,2.7481084977871353,1452.2142084877871,616.1327666666666,8296.033035529017,9046.033035519016,749.99999999,False,True
431940,2025-10-27 23:00:00,11.251903755666483,1398.7902370789998,554.2049999999999,3908.065580193369,4658.065580183369,749.99999999,False,True
431970,2025-10-27 23:30:00,30.62738290338688,1412.1323828933869,548.1716666666666,6108.697654967288,6858.697654957288,749.99999999,False,True
432340,2025-10-28 05:40:00,54.449599157985396,1459.5080991479854,571.7251666666666,8313.010662515617,9063.010662505616,749.99999999,False,True
433390,2025-10-28 23:10:00,24.429920347860836,1402.217453671194,544.4541999999999,4769.90253830278,5519.90253829378,749.999999991,False,True
433410,2025-10-28 23:30:00,42.20883949698281,1421.0855061536495,545.5433333333333,6171.223722893323,6921.223722884322,749.999999991,False,True
434820,2025-10-29 23:00:00,14.450260311653999,1381.970260301654,534.1866666666666,3752.2854244691403,4502.28542446014,749.999999991,False,True
434830,2025-10-29 23:10:00,20.182903563747566,1397.7458535537476,544.2296166666666,4502.28542446014,5252.28542445114,749.999999991,False,True
434840,2025-10-29 23:20:00,23.1182163148112,1406.6524829714779,550.2009333333333,5252.28542445114,6002.28542444214,749.999999991,False,True
434850,2025-10-29 23:30:00,19.650719742669473,1405.1123863993362,552.1283333333333,6002.28542444214,6752.285424433139,749.999999991,False,True
435220,2025-10-30 05:40:00,9.005114571325286,1430.402181227992,588.0637333333333,8613.183847001601,9363.1838469926,749.999999991,False,True
436230,2025-10-30 22:30:00,23.502323769228944,1382.017323759229,525.1816666666666,1961.9007602439042,2711.9007602339043,749.99999999,False,True
437670,2025-10-31 22:30:00,6.7193529799916325,1236.4760196366583,396.4233333333333,1783.6291083910278,2533.629108382028,749.999999991,False,True
437690,2025-10-31 22:50:00,0.39603248318723333,1226.4604158065206,392.73105,3260.8053021803635,4010.8053021713636,749.999999991,False,True
437700,2025-10-31 23:00:00,66.94987931249419,1268.1265459691608,367.8433333333333,4010.8053021713636,4760.805302162364,749.999999991,False,True
437730,2025-10-31 23:30:00,39.931339821151816,1239.8280064778185,366.56333333333333,4834.914395855336,5584.9143958463355,749.999999991,False,True
438100,2025-11-01 05:40:00,10.679840771978654,1306.6717907619786,462.65861666666666,5469.280980575541,6219.2809805655415,749.99999999,False,True
439110,2025-11-01 22:30:00,33.185814877289424,1237.1474815339561,370.62833333333333,1617.5112629088546,2367.5112628988545,749.99999999,False,True
439120,2025-11-01 22:40:00,9.91269175976344,1227.31170841643,384.0656833333333,2367.5112628988545,3117.5112628888546,749.99999999,False,True
439150,2025-11-01 23:10:00,1.8634247311576848,1244.4174747211578,409.2207166666667,4604.525423029139,5354.525423019139,749.99999999,False,True
439180,2025-11-01 23:40:00,2.5525827607113944,1226.8676327507114,390.98171666666667,6707.866379092219,7457.866379082219,749.99999999,False,True
439540,2025-11-02 05:40:00,6.0161243157092406,1415.590974305709,576.2415166666666,8192.59997963782,8942.59997962782,749.99999999,False,True
440550,2025-11-02 22:30:00,10.152584291121677,1374.4842509477883,530.9983333333332,1512.3543231844515,2262.3543231754516,749.999999991,False,True
440560,2025-11-02 22:40:00,29.46714942206585,1387.5113160787325,524.7108333333333,2262.3543231754516,3012.3543231664516,749.999999991,False,True
440570,2025-11-02 22:50:00,13.647124853341658,1390.2632748433416,543.2828166666666,3012.3543231664516,3762.3543231574517,749.999999991,False,True
440600,2025-11-02 23:20:00,25.49783690829235,1394.2484202316257,535.41725,5247.5076039280675,5997.507603919067,749.999999991,False,True
440610,2025-11-02 23:30:00,27.454770594061294,1402.7747705840613,541.9866666666667,5997.507603919067,6747.507603910067,749.999999991,False,True
440980,2025-11-03 05:40:00,35.47904457800052,1446.6809945680006,577.8686166666666,8127.8950344717605,8877.89503446176,749.99999999,False,True
441990,2025-11-03 22:30:00,2.0175401346666524,1385.5292067913333,550.1783333333333,1689.1214219795752,2439.1214219695753,749.99999999,False,True
442000,2025-11-03 22:40:00,12.655685732287672,1395.074819055621,549.0858,2439.1214219695753,3189.1214219595754,749.99999999,False,True
442030,2025-11-03 23:10:00,44.31656775690032,1407.0097510802336,529.3598499999999,4677.946833580551,5427.9468335705515,749.99999999,False,True
442040,2025-11-03 23:20:00,58.38622561114311,1409.1131922678098,517.3936333333334,5427.9468335705515,6177.946833560552,749.99999999,False,True
442050,2025-11-03 23:30:00,1.444046338763875,1389.1307129954305,554.3533333333332,6177.946833560552,6927.946833550552,749.99999999,False,True
443430,2025-11-04 22:30:00,6.828187288903329,1378.5115206122366,538.3499999999999,1533.8739505048302,2283.8739504958303,749.999999991,False,True
443440,2025-11-04 22:40:00,16.747815885620177,1387.3467158756202,537.2655666666667,2283.8739504958303,3033.8739504868304,749.999999991,False,True
443450,2025-11-04 22:50:00,16.0051770920686,1393.9120770820687,544.5735666666667,3033.8739504868304,3783.8739504778305,749.999999991,False,True
443460,2025-11-04 23:00:00,10.756087887401911,1385.5577545440685,541.4683333333332,3783.8739504778305,4533.87395046883,749.999999991,False,True
443860,2025-11-05 05:40:00,12.604300533275925,1442.6129338566093,596.6753,8391.53662024422,9141.53662023522,749.999999991,False,True
444910,2025-11-05 23:10:00,10.676264857740982,1380.151714847741,536.1421166666667,4551.055392622863,5301.055392612863,749.99999999,False,True
444920,2025-11-05 23:20:00,14.10644506127391,1388.0841783846072,540.6443999999999,5301.055392612863,6051.055392602863,749.99999999,False,True
446320,2025-11-06 22:40:00,7.599086346880305,1377.287053003547,536.3546333333334,2123.8558860962094,2873.8558860872095,749.999999991,False,True
446330,2025-11-06 22:50:00,13.915222277335594,1387.1447722673356,539.8962166666666,2873.8558860872095,3623.8558860782096,749.999999991,False,True
446740,2025-11-07 05:40:00,29.88537396111189,1316.7401239511119,453.5214166666666,6495.794798445609,7245.794798436608,749.999999991,False,True
449210,2025-11-08 22:50:00,3.7448305288826225,1230.7758471855493,393.6976833333333,2900.471840718123,3650.471840709123,749.999999991,False,True
449220,2025-11-08 23:00:00,6.34023228287355,1234.048565606207,394.375,3650.471840709123,4400.471840700123,749.999999991,False,True
449230,2025-11-08 23:10:00,25.077178555049606,1240.3097452117163,381.8992333333333,4400.471840700123,5150.471840690123,749.99999999,False,True
449240,2025-11-08 23:20:00,18.05827908338744,1246.9467790733875,395.55516666666665,5150.471840690123,5900.471840680123,749.99999999,False,True
449620,2025-11-09 05:40:00,13.738700822318826,1408.2386341456522,561.1666,8105.645924492615,8855.645924482615,749.99999999,False,True
450660,2025-11-09 23:00:00,8.26867771944648,1394.0653443761132,552.4633333333334,3813.236050992976,4563.2360509839755,749.999999991,False,True
450680,2025-11-09 23:20:00,34.248287544419775,1377.388220867753,509.80659999999995,4594.265370403831,5344.265370393831,749.99999999,False,True
450690,2025-11-09 23:30:00,19.106176330295504,1385.2128429869622,532.7733333333333,5344.265370393831,6094.265370383831,749.99999999,False,True
450700,2025-11-09 23:40:00,23.692699888213376,1404.5307498782133,547.5047166666666,6094.265370383831,6844.2653703738315,749.99999999,False,True
450790,2025-11-10 01:10:00,11.896005555980075,1404.1703888793134,558.9410499999999,7034.999175506052,7784.999175496052,749.99999999,False,True
452070,2025-11-10 22:30:00,20.10387527799093,1384.3038752679909,530.8666666666666,1460.3204933641073,2210.3204933551074,749.999999991,False,True
452080,2025-11-10 22:40:00,16.206363595634905,1385.6227635856349,536.0830666666666,2210.3204933551074,2960.3204933461075,749.999999991,False,True
452090,2025-11-10 22:50:00,12.360000936580484,1395.8368009265805,550.1434666666667,2960.3204933461075,3710.3204933371076,749.999999991,False,True
452100,2025-11-10 23:00:00,2.097030957597318,1396.5103642809306,561.0799999999999,3710.3204933371076,4460.320493328108,749.999999991,False,True
452140,2025-11-10 23:40:00,2.938965767320602,1418.8618824239873,582.5895833333333,6531.40719543909,7281.40719542909,749.99999999,False,True
453530,2025-11-11 22:50:00,16.207967670151668,1382.4698843268184,532.9285833333333,3088.8160149563173,3838.8160149473174,749.999999991,False,True
453540,2025-11-11 23:00:00,14.520181174506313,1377.556847831173,529.7033333333333,3838.8160149473174,4588.816014937317,749.99999999,False,True
453940,2025-11-12 05:40:00,24.020438169246624,1434.8562548259133,577.5024833333333,8477.26202694284,9227.26202693384,749.999999991,False,True
454950,2025-11-12 22:30:00,16.042384124401444,1406.3073841144014,556.9316666666666,1512.1290230868499,2262.12902307785,749.999999991,False,True
454980,2025-11-12 23:00:00,21.115484548043803,1390.2804845380438,535.8316666666666,3741.6854019969414,4491.685401987941,749.999999991,False,True
455010,2025-11-12 23:30:00,29.276513643697847,1403.4481803003646,540.8383333333334,5230.945232039405,5980.945232030404,749.999999991,False,True
455020,2025-11-12 23:40:00,24.586665320967192,1385.9629153109672,528.0429166666667,5980.945232030404,6730.945232020405,749.99999999,False,True
455380,2025-11-13 05:40:00,66.62990376793833,1457.3201870912717,557.35695,7853.111708871689,8603.111708861688,749.99999999,False,True
456390,2025-11-13 22:30:00,29.88735723830404,1391.3306905616373,528.1099999999999,1529.7864145994506,2279.7864145904505,749.999999991,False,True
456440,2025-11-13 23:20:00,3.8832651543393615,1411.760381811006,574.5437833333333,3769.263802226566,4519.263802216566,749.99999999,False,True
456450,2025-11-13 23:30:00,53.4684578779952,1405.3517912013285,518.55,4519.263802216566,5269.263802206566,749.99999999,False,True
456460,2025-11-13 23:40:00,44.215345780380055,1410.2323624370467,532.6836833333333,5269.263802206566,6019.263802196566,749.99999999,False,True
456820,2025-11-14 05:40:00,4.227727567274079,1290.4466108906074,452.88554999999997,6393.7605743106005,7143.760574300601,749.99999999,False,True
457830,2025-11-14 22:30:00,62.283411812904426,1240.4684118029045,344.8516666666667,1350.896997365474,2100.896997356474,749.999999991,False,True
457840,2025-11-14 22:40:00,51.117582003135674,1240.4498819931357,355.99896666666666,2100.896997356474,2850.896997346474,749.99999999,False,True
457850,2025-11-14 22:50:00,40.991767968008155,1248.3480512913416,374.02295000000004,2850.896997346474,3600.896997336474,749.99999999,False,True
457880,2025-11-14 23:20:00,5.800077592849553,1232.6430942495163,393.5096833333333,3654.308621377813,4404.3086213678125,749.99999999,False,True
457890,2025-11-14 23:30:00,0.8407223814823431,1227.2157223714823,393.04166666666663,4404.3086213678125,5154.308621357813,749.99999999,False,True
458260,2025-11-15 05:40:00,0.955461607975841,1292.4096782646425,458.1208833333333,6224.9926406581935,6974.992640648194,749.99999999,False,True
459270,2025-11-15 22:30:00,21.105736017078918,1231.3540693404123,376.91499999999996,1374.973024518459,2124.973024509459,749.999999991,False,True
459280,2025-11-15 22:40:00,8.654751869386239,1224.8399685260529,382.8518833333333,2124.973024509459,2874.973024500459,749.999999991,False,True
459330,2025-11-15 23:30:00,6.846299686143758,1240.6729663428105,400.49333333333334,5038.94903432785,5788.94903431885,749.999999991,False,True
459340,2025-11-15 23:40:00,14.526751766640693,1209.976385089974,362.11629999999997,5788.94903431885,6538.94903430885,749.99999999,False,True
460730,2025-11-16 22:50:00,0.9155355574812268,1388.5741855474812,554.3253166666666,2922.14896520176,3672.14896519176,749.99999999,False,True
460780,2025-11-16 23:40:00,14.258558903382202,1387.7619422267155,540.17005,5826.979390354031,6576.979390345031,749.999999991,False,True
461140,2025-11-17 05:40:00,33.106776379190585,1435.0383263691906,568.5982166666666,7830.244676071409,8580.24467606141,749.99999999,False,True
462170,2025-11-17 22:50:00,13.405551922325905,1380.9509185789925,534.2120333333332,2667.623271285119,3417.623271276119,749.999999991,False,True
462180,2025-11-17 23:00:00,11.856439430654625,1387.954772753988,542.765,3417.623271276119,4167.6232712661185,749.99999999,False,True
462210,2025-11-17 23:30:00,11.649422654563743,1394.9494226445638,549.9666666666667,4864.816644216061,5614.816644207061,749.999999991,False,True
462220,2025-11-17 23:40:00,22.359461167400006,1408.1819111574,552.4891166666666,5614.816644207061,6364.81664419806,749.999999991,False,True
462580,2025-11-18 05:40:00,20.345154680660123,1421.89280467066,568.2143166666666,7528.791019080791,8278.79101907079,749.99999999,False,True
463640,2025-11-18 23:20:00,85.32365583717727,1421.280922493844,502.6239333333333,4210.207081129574,4960.207081120574,749.999999991,False,True
463650,2025-11-18 23:30:00,45.26252194527569,1410.430855268609,531.835,4960.207081120574,5710.207081111574,749.999999991,False,True
464020,2025-11-19 05:40:00,10.526224564049464,1420.9011745540495,577.0416166666666,7967.710298119965,8717.710298109965,749.99999999,False,True
465160,2025-11-20 00:40:00,23.54686602636945,1411.9477160163694,555.0675166666666,7130.372332351171,7880.372332341171,749.99999999,False,True
466490,2025-11-20 22:50:00,13.551731688727834,1386.0725650120612,539.1875,2333.9697355306935,3083.9697355206936,749.99999999,False,True
468340,2025-11-22 05:40:00,29.728803742150596,1298.3167537321506,435.25461666666666,7183.846035566677,7933.846035557676,749.999999991,False,True
469370,2025-11-22 22:50:00,15.958653686374639,1233.421237009708,384.12925,2338.918372450706,3088.918372441706,749.999999991,False,True
469410,2025-11-22 23:30:00,8.132617008401319,1235.159283665068,393.69333333333327,4542.955873092985,5292.955873083984,749.999999991,False,True
469420,2025-11-22 23:40:00,2.0690704909478574,1199.9890038142812,364.5866,5292.955873083984,6042.955873074984,749.999999991,False,True
470810,2025-11-23 22:50:00,12.715340231947032,1380.994140221947,534.9454666666666,2156.555516886907,2906.555516877907,749.999999991,False,True
470850,2025-11-23 23:30:00,2.6787783750432856,1382.51544503171,546.5033333333333,3673.1637773092434,4423.163777300243,749.999999991,False,True
471010,2025-11-24 02:10:00,23.825041796202065,1435.3062084528688,578.1478333333333,7329.302973088641,8079.302973078641,749.99999999,False,True
471220,2025-11-24 05:40:00,6.247343539671411,1409.275310196338,569.6946333333333,8140.251316035566,8890.251316025566,749.99999999,False,True
472360,2025-11-25 00:40:00,32.06180894087685,1415.0521589308769,549.6570166666667,5793.975424755612,6543.975424746612,749.999999991,False,True
472450,2025-11-25 02:10:00,16.533379026990126,1421.5048956836567,571.6381833333332,7403.60087367343,8153.60087366443,749.999999991,False,True
472660,2025-11-25 05:40:00,1.1847222625783536,1413.5318222525784,579.0137666666667,8075.6647762530165,8825.664776243017,749.99999999,False,True
473680,2025-11-25 22:40:00,1.1000290802753545,1381.0227124036087,546.58935,1488.5835777048237,2238.583577694824,749.99999999,False,True
473690,2025-11-25 22:50:00,0.8537342940810425,1386.1760676174144,551.989,2238.583577694824,2988.583577684824,749.99999999,False,True
473700,2025-11-25 23:00:00,8.8582465005154,1402.4615798238488,560.27,2988.583577684824,3738.583577674824,749.99999999,False,True
473800,2025-11-26 00:40:00,26.391052529224673,1411.629235852558,551.9048499999999,6108.197734766252,6858.197734756252,749.99999999,False,True
473860,2025-11-26 01:40:00,39.13961804650284,1434.0198680365029,561.5469166666667,7007.37754345943,7757.37754345043,749.999999991,False,True
475120,2025-11-26 22:40:00,32.049098697991205,1390.4686320213245,525.0862,2012.3084166058109,2762.3084165958107,749.99999999,False,True
475130,2025-11-26 22:50:00,51.97163862277272,1389.962821946106,504.65784999999994,2762.3084165958107,3512.308416585811,749.99999999,False,True
475140,2025-11-26 23:00:00,37.66990665502134,1400.5532399783547,529.55,3512.308416585811,4262.308416575811,749.99999999,False,True
475540,2025-11-27 05:40:00,3.982301728249687,1430.814835051583,593.4992,8057.4564782748985,8807.456478264898,749.99999999,False,True
476560,2025-11-27 22:40:00,2.7050139910280597,1391.091463981028,555.0531166666666,1821.2276805529948,2571.2276805439947,749.999999991,False,True
476580,2025-11-27 23:00:00,5.054666652259576,1358.5563333089262,520.1683333333333,3308.9414715989515,4058.9414715899516,749.999999991,False,True
476610,2025-11-27 23:30:00,16.255588784031254,1399.987255440698,550.3983333333333,4805.248153789444,5555.248153780443,749.999999991,False,True
476980,2025-11-28 05:40:00,17.438248096657382,1299.9563980866574,449.1848166666667,7084.5437252344445,7834.543725224445,749.99999999,False,True
478000,2025-11-28 22:40:00,19.246329620670387,1237.1535296106704,384.5738666666667,1754.0271677764608,2504.027167766461,749.99999999,False,True
478010,2025-11-28 22:50:00,1.8851319719647028,1241.261065295298,406.0426,2504.027167766461,3254.027167756461,749.99999999,False,True
478020,2025-11-28 23:00:00,6.371284731554048,1227.5846180548874,387.88,3254.027167756461,4004.027167746461,749.99999999,False,True
478040,2025-11-28 23:20:00,7.778124515557912,1228.384424505558,387.27296666666666,4006.326005556074,4756.326005546074,749.99999999,False,True
478050,2025-11-28 23:30:00,25.14858100500657,1225.4385809950065,366.9566666666666,4756.326005546074,5506.326005536074,749.99999999,False,True
478180,2025-11-29 01:40:00,2.1293864154972573,1237.2373864054973,401.7746666666667,6326.299930591287,7076.299930581287,749.99999999,False,True
479470,2025-11-29 23:10:00,10.855028506521869,1261.4488284965219,417.2604666666667,4049.765597005453,4799.765596995453,749.99999999,False,True
479480,2025-11-29 23:20:00,18.297995623846525,1254.0697789471799,402.43845,4799.765596995453,5549.765596985453,749.99999999,False,True
479560,2025-11-30 00:40:00,24.31635172090386,1429.6331517109038,571.9834666666666,6168.841535891611,6918.841535881611,749.99999999,False,True
482350,2025-12-01 23:10:00,11.009322143359434,1429.3642054666927,585.0215499999999,4151.172156091244,4901.172156082243,749.999999991,False,True
482360,2025-12-01 23:20:00,14.694703853358526,1421.3018205100252,573.2737833333333,4901.172156082243,5651.172156073243,749.999999991,False,True
482370,2025-12-01 23:30:00,2.362017743031621,1395.930351066365,560.2349999999999,5651.172156073243,6401.172156064243,749.999999991,False,True
483770,2025-12-02 22:50:00,6.52475483837383,1384.8120714950405,544.9539833333333,2864.5478453242467,3614.547845315247,749.999999991,False,True
483780,2025-12-02 23:00:00,12.523582026577166,1393.9019153499105,548.045,3614.547845315247,4364.547845306247,749.999999991,False,True
486340,2025-12-04 17:40:00,6.67640146209149,1097.490589859371,1063.5103833333333,10775.426575433448,10799.999999991,24.573424557551693,True,False
486810,2025-12-05 01:30:00,10.901935011210405,1282.388601667877,438.1533333333333,4338.366104373009,5088.366104363009,749.99999999,False,True
493880,2025-12-09 23:20:00,1.3010225876405377,1407.2342559109738,572.5998999999999,1733.8673853406003,2483.8673853306004,749.99999999,False,True
494020,2025-12-10 01:40:00,9.670282107913287,1443.43674876458,600.4331333333333,3140.3238584401565,3890.3238584301566,749.99999999,False,True
495320,2025-12-10 23:20:00,3.977738051274165,1419.6873547079408,582.3762833333333,1433.315030586161,2183.315030577161,749.999999991,False,True
496760,2025-12-11 23:20:00,51.63743639853089,1423.984686388531,539.0139166666667,1891.726462609377,2641.726462600377,749.999999991,False,True
498200,2025-12-12 23:20:00,14.447667372035532,1247.0106340287023,399.22963333333337,1833.0552342634123,2583.0552342544124,749.999999991,False,True
498370,2025-12-13 02:10:00,5.790907173332008,1328.350507163332,489.2262666666666,3684.521915024672,4434.521915014672,749.99999999,False,True
499640,2025-12-13 23:20:00,18.094697968555458,1249.514164625222,398.0861333333333,1488.7997744187342,2238.7997744097343,749.999999991,False,True
499780,2025-12-14 01:40:00,1.6899072608928156,1435.3946739175594,600.3714333333332,2596.471571952649,3346.471571942649,749.99999999,False,True
501080,2025-12-14 23:20:00,1.155819241917917,1422.4524858985847,587.9633333333334,1499.312527228596,2249.312527218596,749.99999999,False,True
501220,2025-12-15 01:40:00,32.96772126039206,1458.171871250392,591.8708166666667,3019.0212768141273,3769.0212768041274,749.99999999,False,True
501460,2025-12-15 05:40:00,0.37658570115626505,1495.8698356911564,662.1599166666666,5946.593345307242,6696.593345297242,749.99999999,False,True
504090,2025-12-17 01:30:00,7.696602277490107,1462.8082689341568,621.7783333333333,2358.482828900557,3108.482828890557,749.99999999,False,True
505400,2025-12-17 23:20:00,2.581359988353703,1416.5980099783537,580.6833166666667,1505.3973907215118,2255.397390711512,749.99999999,False,True
506960,2025-12-19 01:20:00,33.87506840126661,1295.9104850579333,428.70208333333335,2863.0614103337243,3613.0614103237244,749.99999999,False,True
506970,2025-12-19 01:30:00,6.8440902203734515,1314.2590902103734,474.0816666666666,3613.0614103237244,4363.061410313724,749.99999999,False,True
506980,2025-12-19 01:40:00,31.74443262047111,1315.0416492771378,449.96388333333334,4363.061410313724,5113.061410303724,749.99999999,False,True
507220,2025-12-19 05:40:00,17.71467494643013,1353.54037493643,502.49236666666667,6296.578012597844,7046.578012587844,749.99999999,False,True
508410,2025-12-20 01:30:00,20.965961266668266,1321.9942945900016,467.695,3125.720598870586,3875.720598860586,749.99999999,False,True
509720,2025-12-20 23:20:00,2.435836168868369,1235.210952825535,399.4417833333333,1569.832858253604,2319.832858244604,749.999999991,False,True
511160,2025-12-21 23:20:00,20.975999954636784,1420.2531332779702,565.9438,1503.6131780561102,2253.61317804611,749.99999999,False,True
511170,2025-12-21 23:30:00,29.63917905707421,1413.9041790470742,550.9316666666666,2253.61317804611,3003.61317803611,749.99999999,False,True
511540,2025-12-22 05:40:00,7.0310622673648515,1489.5700955906982,649.2057,5664.701942442381,6414.701942432381,749.99999999,False,True
512600,2025-12-22 23:20:00,16.268231233887256,1403.6147145572206,554.01315,1519.658733057166,2269.658733048166,749.999999991,False,True
512610,2025-12-22 23:30:00,15.485912811643509,1414.2525794683102,565.4333333333333,2269.658733048166,3019.6587330391662,749.999999991,False,True
512730,2025-12-23 01:30:00,33.24883891064996,1458.14883890065,591.5666666666666,3423.0406761459362,4173.040676135936,749.99999999,False,True
512740,2025-12-23 01:40:00,2.8280575949506703,1450.7638075849507,614.6024166666666,4173.040676135936,4923.040676126936,749.999999991,False,True
512980,2025-12-23 05:40:00,22.742494623761097,1482.7325779470946,626.65675,6158.153568400329,6908.153568390329,749.99999999,False,True
514040,2025-12-23 23:20:00,23.506785554627406,1425.3885688779608,568.54845,1596.408545493668,2346.408545484668,749.999999991,False,True
514170,2025-12-24 01:30:00,27.49177654770903,1455.511776537709,594.6866666666666,3424.5077273006864,4174.5077272906865,749.99999999,False,True
514180,2025-12-24 01:40:00,35.159358564832694,1449.098991888166,580.6062999999999,4174.5077272906865,4924.507727280687,749.99999999,False,True
514420,2025-12-24 05:40:00,15.183892206277157,1540.4681088629438,691.9508833333332,6207.745577128392,6957.745577118392,749.99999999,False,True
515480,2025-12-24 23:20:00,35.29757678676037,1415.0081101100936,546.3771999999999,1473.2939413284703,2223.2939413194704,749.999999991,False,True
515620,2025-12-25 01:40:00,42.166133171376025,1462.111783161376,586.6123166666666,3981.8005188309667,4731.800518820966,749.99999999,False,True
515860,2025-12-25 05:40:00,50.19409373583982,1525.535477059173,642.0080499999999,5981.288239955272,6731.288239945272,749.99999999,False,True
516920,2025-12-25 23:20:00,5.839929806580122,1404.9335464632468,565.7602833333333,1912.8086918883614,2662.8086918783615,749.99999999,False,True
518500,2025-12-27 01:40:00,32.54491718680412,1326.8625505101375,460.98429999999996,4598.711348080308,5348.711348071308,749.999999991,False,True
518740,2025-12-27 05:40:00,24.329768116724942,1369.9700847733916,512.3069833333333,6690.937617896008,7440.937617886008,749.99999999,False,True
519820,2025-12-27 23:40:00,5.672660640131759,1238.5310106301317,399.5250166666666,2444.1394877597377,3194.139487749738,749.99999999,False,True
519940,2025-12-28 01:40:00,18.739604753714495,1453.8104214103812,601.7374833333333,3884.764657314607,4634.764657304607,749.99999999,False,True
520180,2025-12-28 05:40:00,35.01005124621121,1501.1641845695447,632.8208,5643.801623208564,6393.801623198564,749.99999999,False,True
521260,2025-12-28 23:40:00,10.585578167707233,1413.4930114910405,569.5740999999999,1667.6425123910587,2417.6425123820586,749.999999991,False,True
521270,2025-12-28 23:50:00,16.34064975420869,1419.6809164108754,570.0069333333333,2417.6425123820586,3167.6425123720587,749.99999999,False,True
521370,2025-12-29 01:30:00,34.13485058369644,1456.266517240363,588.7983333333333,3429.4853572367347,4179.485357226735,749.99999999,False,True
522710,2025-12-29 23:50:00,16.088846024893762,1429.8661460148937,580.4439666666666,2840.4524934520955,3590.4524934430956,749.999999991,False,True
524140,2025-12-30 23:40:00,10.335802274065706,1419.981685597399,576.31255,1861.2808710837285,2611.2808710747286,749.999999991,False,True
524150,2025-12-30 23:50:00,2.8835829489487343,1418.8055496056154,582.5886333333333,2611.2808710747286,3361.2808710657287,749.999999991,False,True
524220,2025-12-31 01:00:00,35.63145295126548,1433.6147862745988,564.65,3422.2395482991556,4172.239548289155,749.99999999,False,True
524250,2025-12-31 01:30:00,14.196976281172958,1438.6103096045063,591.0799999999999,4222.738344765004,4972.738344755004,749.99999999,False,True
524500,2025-12-31 05:40:00,55.980867229877155,1528.2528172198772,638.9386166666666,6960.593375407685,7710.593375398685,749.999999991,False,True
525570,2025-12-31 23:30:00,12.070686053175443,1405.3190193765088,559.915,1733.38480355486,2483.38480354586,749.999999991,False,True
525580,2025-12-31 23:40:00,4.873616972360302,1420.4159502956936,582.209,2483.38480354586,3233.38480353686,749.999999991,False,True
