abs_minute,interval_start,spill_kwh,grid_paid_kwh,demand_kwh,soc_start_kwh,soc_end_kwh,charge_kwh,capacity_limited,power_limited
1330,2025-01-01 22:10:00,0.6057666766667956,1384.8989000000001,550.9598,1949.9612850021108,2699.961284993111,749.999999991,False,True
1370,2025-01-01 22:50:00,2.40276667666648,1400.0807666666665,564.3446666666666,4142.0639342454815,4892.063934236481,749.999999991,False,True
1380,2025-01-01 23:00:00,18.208766676666635,1399.8737666666666,548.3316666666666,4892.063934236481,5642.063934227481,749.999999991,False,True
1780,2025-01-02 05:40:00,3.045416676666597,1524.76785,688.3891,9891.889429453146,10641.889429443145,749.99999999,False,True
2840,2025-01-02 23:20:00,40.44675001000018,1480.6033333333335,606.8232499999999,6217.670091811074,6967.670091801074,749.99999999,False,True
2890,2025-01-03 00:10:00,103.63155834333325,1429.3567083333332,492.3918166666666,8565.850191765074,9315.850191755073,749.99999999,False,True
2900,2025-01-03 00:20:00,109.2557833433335,1436.0241500000002,493.4350333333333,9315.850191755073,10065.850191746073,749.999999991,False,True
2950,2025-01-03 01:10:00,113.65310827221971,642.4682083333332,483.7801833333333,10759.468574935998,10799.999999991,40.53142505500219,True,False
2960,2025-01-03 01:20:00,125.82151665856631,647.6633499999999,521.8418333333333,10799.999999991,10799.999999991,0.0,True,False
2970,2025-01-03 01:30:00,123.95166665856627,633.4216666666666,509.47,10799.999999991,10799.999999991,0.0,True,False
2980,2025-01-03 01:40:00,132.77634165856628,620.0332083333333,487.25686666666667,10799.999999991,10799.999999991,0.0,True,False
2990,2025-01-03 01:50:00,148.46587499189965,638.5750916666666,490.1092166666666,10799.999999991,10799.999999991,0.0,True,False
3000,2025-01-03 02:00:00,154.75666665856633,662.625,507.86833333333334,10799.999999991,10799.999999991,0.0,True,False
3010,2025-01-03 02:10:00,139.56780832523296,639.6717583333333,500.10395,10799.999999991,10799.999999991,0.0,True,False
3020,2025-01-03 02:20:00,171.29838332523295,648.0529666666666,476.75458333333336,10799.999999991,10799.999999991,0.0,True,False
3030,2025-01-03 02:30:00,224.19999999189972,690.8833333333333,466.6833333333333,10799.999999991,10799.999999991,0.0,True,False
3040,2025-01-03 02:40:00,197.36440832523303,689.5797916666667,492.2153833333333,10799.999999991,10799.999999991,0.0,True,False
3050,2025-01-03 02:50:00,145.192908325233,672.0272583333333,526.83435,10799.999999991,10799.999999991,0.0,True,False
3060,2025-01-03 03:00:00,119.4691666585662,668.4691666666665,549.0,10799.999999991,10799.999999991,0.0,True,False
3070,2025-01-03 03:10:00,121.74255832523292,679.5317249999999,557.7891666666667,10799.999999991,10799.999999991,0.0,True,False
3080,2025-01-03 03:20:00,124.42386665856631,689.52015,565.0962833333333,10799.999999991,10799.999999991,0.0,True,False
3090,2025-01-03 03:30:00,115.58833332523304,686.6916666666666,571.1033333333332,10799.999999991,10799.999999991,0.0,True,False
3100,2025-01-03 03:40:00,111.69284999189958,674.3395999999999,562.64675,10799.999999991,10799.999999991,0.0,True,False
3110,2025-01-03 03:50:00,148.8026249918996,682.8375583333333,534.0349333333334,10799.999999991,10799.999999991,0.0,True,False
3120,2025-01-03 04:00:00,176.6674999918998,702.5241666666667,525.8566666666666,10799.999999991,10799.999999991,0.0,True,False
3130,2025-01-03 04:10:00,117.36101665856617,695.7517333333332,578.3907166666667,10799.999999991,10799.999999991,0.0,True,False
3140,2025-01-03 04:20:00,135.67854999189976,697.5829833333333,561.9044333333333,10799.999999991,10799.999999991,0.0,True,False
3150,2025-01-03 04:30:00,220.248333325233,711.1783333333333,490.92999999999995,10799.999999991,10799.999999991,0.0,True,False
3160,2025-01-03 04:40:00,190.524633325233,703.02145,512.4968166666666,10799.999999991,10799.999999991,0.0,True,False
3170,2025-01-03 04:50:00,137.12662499189977,694.2704583333334,557.1438333333333,10799.999999991,10799.999999991,0.0,True,False
3180,2025-01-03 05:00:00,140.81249999189956,697.7374999999998,556.925,10799.999999991,10799.999999991,0.0,True,False
3190,2025-01-03 05:10:00,184.19158332523304,705.9309833333333,521.7393999999999,10799.999999991,10799.999999991,0.0,True,False
3200,2025-01-03 05:20:00,181.992208325233,719.3859916666667,537.3937833333333,10799.999999991,10799.999999991,0.0,True,False
3210,2025-01-03 05:30:00,115.83499999189982,717.1433333333334,601.3083333333333,10799.999999991,10799.999999991,0.0,True,False
3220,2025-01-03 05:40:00,900.9593999918999,1523.2425833333334,622.2831833333332,10799.999999991,10799.999999991,0.0,True,False
3230,2025-01-03 05:50:00,177.759858325233,761.6551583333332,583.8952999999999,10799.999999991,10799.999999991,0.0,True,False
3240,2025-01-03 06:00:00,355.61749999189976,898.4141666666667,542.7966666666666,10799.999999991,10799.999999991,0.0,True,False
3270,2025-01-03 06:30:00,294.3472237677776,911.4566666666666,560.9833333333333,10749.486501382,10799.999999991,50.51349860900006,True,False
3280,2025-01-03 06:40:00,362.4197916585664,908.1007916666666,545.6809999999999,10799.999999991,10799.999999991,0.0,True,False
3290,2025-01-03 06:50:00,333.63847499189967,910.6667916666665,577.0283166666666,10799.999999991,10799.999999991,0.0,True,False
3300,2025-01-03 07:00:00,282.5314583252331,913.733125,631.2016666666666,10799.999999991,10799.999999991,0.0,True,False
3310,2025-01-03 07:10:00,238.8450416585664,888.022075,649.1770333333333,10799.999999991,10799.999999991,0.0,True,False
3320,2025-01-03 07:20:00,208.57789165856636,859.4041083333333,650.8262166666666,10799.999999991,10799.999999991,0.0,True,False
3330,2025-01-03 07:30:00,153.0281249918996,805.3497916666665,652.3216666666666,10799.999999991,10799.999999991,0.0,True,False
3340,2025-01-03 07:40:00,890.7870666585666,1540.3321833333334,649.5451166666667,10799.999999991,10799.999999991,0.0,True,False
3350,2025-01-03 07:50:00,122.63408332523292,775.6875499999999,653.0534666666666,10799.999999991,10799.999999991,0.0,True,False
3800,2025-01-03 15:20:00,19.839558343333117,1471.2412416666666,618.06835,8795.409722171107,9545.409722161106,749.99999999,False,True
3810,2025-01-03 15:30:00,10.629375009999983,1487.4510416666667,643.4883333333332,9545.409722161106,10295.409722151106,749.99999999,False,True
3820,2025-01-03 15:40:00,91.6649915976477,1275.012155864197,622.6913,10295.409722151106,10799.999999918882,504.5902777677774,True,False
3830,2025-01-03 15:50:00,146.82137492699394,763.4859916666667,616.6646166666667,10799.999999918882,10799.999999918882,0.0,True,False
3840,2025-01-03 16:00:00,155.97416659366064,792.1741666666666,636.1999999999999,10799.999999918882,10799.999999918882,0.0,True,False
3850,2025-01-03 16:10:00,222.75755826032727,848.0829083333333,625.32535,10799.999999918882,10799.999999918882,0.0,True,False
3860,2025-01-03 16:20:00,305.4697499269939,894.3294833333332,588.8597333333332,10799.999999918882,10799.999999918882,0.0,True,False
3870,2025-01-03 16:30:00,354.5477082603272,922.2577083333333,567.71,10799.999999918882,10799.999999918882,0.0,True,False
3880,2025-01-03 16:40:00,374.1730749269938,964.8666749999998,590.6936,10799.999999918882,10799.999999918882,0.0,True,False
3890,2025-01-03 16:50:00,455.80624992699404,1020.0615166666666,564.2552666666666,10799.999999918882,10799.999999918882,0.0,True,False
3900,2025-01-03 17:00:00,558.6743749269941,1058.0977083333335,499.4233333333333,10799.999999918882,10799.999999918882,0.0,True,False
3910,2025-01-03 17:10:00,545.9934999269938,1045.0759833333332,499.08248333333336,10799.999999918882,10799.999999918882,0.0,True,False
3920,2025-01-03 17:20:00,528.3563999269941,1024.4905666666666,496.1341666666666,10799.999999918882,10799.999999918882,0.0,True,False
3930,2025-01-03 17:30:00,556.8983332603273,1031.435,474.53666666666663,10799.999999918882,10799.999999918882,0.0,True,False
3940,2025-01-03 17:40:00,573.2284582603272,1061.7083249999998,488.4798666666666,10799.999999918882,10799.999999918882,0.0,True,False
3950,2025-01-03 17:50:00,464.2515415936606,959.3754083333333,495.12386666666663,10799.999999918882,10799.999999918882,0.0,True,False
3960,2025-01-03 18:00:00,303.05666659366057,779.5616666666666,476.505,10799.999999918882,10799.999999918882,0.0,True,False
3970,2025-01-03 18:10:00,284.79336659366066,746.1044666666667,461.31109999999995,10799.999999918882,10799.999999918882,0.0,True,False
3980,2025-01-03 18:20:00,297.8441332603273,760.9626,463.1184666666666,10799.999999918882,10799.999999918882,0.0,True,False
3990,2025-01-03 18:30:00,281.73333326032736,750.0466666666667,468.31333333333333,10799.999999918882,10799.999999918882,0.0,True,False
4000,2025-01-03 18:40:00,289.9826749269939,741.9776416666666,451.99496666666664,10799.999999918882,10799.999999918882,0.0,True,False
4200,2025-01-03 22:00:00,174.63250000999983,1421.5391666666665,413.5733333333333,6683.913047396623,7433.9130473866235,749.99999999,False,True
4210,2025-01-03 22:10:00,162.31530000999987,1404.6072833333333,408.95865000000003,7433.9130473866235,8183.913047377623,749.999999991,False,True
4230,2025-01-03 22:30:00,177.04000001000009,1420.7166666666667,410.3433333333333,8337.410732368622,9087.410732359622,749.999999991,False,True
4240,2025-01-03 22:40:00,185.77765834333331,1428.2689416666667,409.15795,9087.410732359622,9837.410732350621,749.999999991,False,True
4250,2025-01-03 22:50:00,158.9576666766667,1405.3593333333333,413.06833333333327,9837.410732350621,10587.410732341621,749.999999991,False,True
4260,2025-01-03 23:00:00,726.3497026129123,1384.4666666666667,421.90666666666664,10587.410732341621,10799.99999999,212.58926764837895,True,False
4270,2025-01-03 23:10:00,834.595391657666,1271.055125,436.45973333333336,10799.99999999,10799.99999999,0.0,True,False
4280,2025-01-03 23:20:00,1014.5618083243328,1460.3799583333334,445.81814999999995,10799.99999999,10799.99999999,0.0,True,False
4290,2025-01-03 23:30:00,987.3516666576659,1435.5083333333332,448.15666666666664,10799.99999999,10799.99999999,0.0,True,False
4300,2025-01-03 23:40:00,991.546841657666,1443.6099916666667,452.06315,10799.99999999,10799.99999999,0.0,True,False
4310,2025-01-03 23:50:00,134.59020832433268,593.7763416666667,459.18613333333326,10799.99999999,10799.99999999,0.0,True,False
4320,2025-01-04 00:00:00,90.72833332433257,551.3183333333333,460.59,10799.99999999,10799.99999999,0.0,True,False
4330,2025-01-04 00:10:00,112.01380554655478,561.4795222222222,449.46571666666665,10799.99999999,10799.99999999,0.0,True,False
4340,2025-01-04 00:20:00,106.57427221322152,566.2722222222222,459.69795,10799.99999999,10799.99999999,0.0,True,False
4350,2025-01-04 00:30:00,91.71666665766585,566.1833333333333,474.4666666666667,10799.99999999,10799.99999999,0.0,True,False
4360,2025-01-04 00:40:00,110.98324999099927,554.78995,443.8067,10799.99999999,10799.99999999,0.0,True,False
4370,2025-01-04 00:50:00,119.25099443544374,545.9555777777778,426.7045833333333,10799.99999999,10799.99999999,0.0,True,False
4380,2025-01-04 01:00:00,100.09888887988811,556.3838888888888,456.28499999999997,10799.99999999,10799.99999999,0.0,True,False
4390,2025-01-04 01:10:00,87.78856665766583,589.5721999999998,501.7836333333333,10799.99999999,10799.99999999,0.0,True,False
4400,2025-01-04 01:20:00,109.43647776877705,605.7228444444444,496.2863666666666,10799.99999999,10799.99999999,0.0,True,False
4410,2025-01-04 01:30:00,129.23611110211036,592.1044444444444,462.86833333333334,10799.99999999,10799.99999999,0.0,True,False
4420,2025-01-04 01:40:00,91.73074443544371,575.7744277777778,484.0436833333333,10799.99999999,10799.99999999,0.0,True,False
4430,2025-01-04 01:50:00,98.41303332433264,589.0864666666666,490.67343333333326,10799.99999999,10799.99999999,0.0,True,False
4440,2025-01-04 02:00:00,137.8061111021103,611.0394444444444,473.23333333333335,10799.99999999,10799.99999999,0.0,True,False
4450,2025-01-04 02:10:00,99.55443887988812,593.1491555555555,493.5947166666666,10799.99999999,10799.99999999,0.0,True,False
4460,2025-01-04 02:20:00,83.53540554655476,590.9535055555555,507.4181,10799.99999999,10799.99999999,0.0,True,False
4470,2025-01-04 02:30:00,113.22999999099929,616.15,502.91999999999996,10799.99999999,10799.99999999,0.0,True,False
4480,2025-01-04 02:40:00,109.05547221322158,623.7916555555556,514.7361833333333,10799.99999999,10799.99999999,0.0,True,False
4490,2025-01-04 02:50:00,100.1468222132215,623.6296222222222,523.4828,10799.99999999,10799.99999999,0.0,True,False
4500,2025-01-04 03:00:00,108.63611110211033,628.646111111111,520.01,10799.99999999,10799.99999999,0.0,True,False
4510,2025-01-04 03:10:00,120.30057221322144,638.9508722222222,518.6503,10799.99999999,10799.99999999,0.0,True,False
4520,2025-01-04 03:20:00,118.96624443544371,648.0455277777777,529.0792833333333,10799.99999999,10799.99999999,0.0,True,False
4530,2025-01-04 03:30:00,111.02388887988806,648.1622222222221,537.1383333333333,10799.99999999,10799.99999999,0.0,True,False
4540,2025-01-04 03:40:00,113.65011665766585,637.1086499999999,523.4585333333333,10799.99999999,10799.99999999,0.0,True,False
4550,2025-01-04 03:50:00,99.31708332433263,633.2366833333333,533.9196,10799.99999999,10799.99999999,0.0,True,False
4560,2025-01-04 04:00:00,92.69833332433265,643.635,550.9366666666666,10799.99999999,10799.99999999,0.0,True,False
4570,2025-01-04 04:10:00,142.80287776877694,656.6313944444444,513.8285166666667,10799.99999999,10799.99999999,0.0,True,False
4580,2025-01-04 04:20:00,147.42041665766587,652.3567999999999,504.9363833333333,10799.99999999,10799.99999999,0.0,True,False
4590,2025-01-04 04:30:00,101.08722221322145,637.7622222222221,536.675,10799.99999999,10799.99999999,0.0,True,False
4600,2025-01-04 04:40:00,99.47830554655488,639.513238888889,540.0349333333334,10799.99999999,10799.99999999,0.0,True,False
4610,2025-01-04 04:50:00,103.80814999099934,648.5615833333334,544.7534333333333,10799.99999999,10799.99999999,0.0,True,False
4620,2025-01-04 05:00:00,85.3966666576658,650.7999999999998,565.4033333333333,10799.99999999,10799.99999999,0.0,True,False
4630,2025-01-04 05:10:00,67.04331665766593,644.5336833333333,577.4903666666667,10799.99999999,10799.99999999,0.0,True,False
4640,2025-01-04 05:20:00,93.09138887988829,658.7219222222222,565.6305333333332,10799.99999999,10799.99999999,0.0,True,False
4650,2025-01-04 05:30:00,132.00499999099938,678.5316666666668,546.5266666666666,10799.99999999,10799.99999999,0.0,True,False
4660,2025-01-04 05:40:00,115.18422221322149,667.3657222222222,552.1814999999999,10799.99999999,10799.99999999,0.0,True,False
4670,2025-01-04 05:50:00,143.03105554655482,702.4018722222222,559.3708166666667,10799.99999999,10799.99999999,0.0,True,False
4750,2025-01-04 07:10:00,2.955419040796463,797.9028166666667,658.5286166666666,10677.223097127717,10799.999999991,122.77690286328325,True,False
4760,2025-01-04 07:20:00,118.51807221412203,765.3200722222223,646.8019999999999,10799.999999991,10799.999999991,0.0,True,False
4770,2025-01-04 07:30:00,89.45083332523298,715.2591666666666,625.8083333333333,10799.999999991,10799.999999991,0.0,True,False
4780,2025-01-04 07:40:00,867.9754555474557,1467.1611388888891,599.1856833333333,10799.999999991,10799.999999991,0.0,True,False
4790,2025-01-04 07:50:00,56.189166658566286,665.8160499999999,609.6268833333334,10799.999999991,10799.999999991,0.0,True,False
5290,2025-01-04 16:10:00,86.4248999909992,705.8874499999998,619.46255,10799.99999999,10799.99999999,0.0,True,False
5300,2025-01-04 16:20:00,134.49973887988827,737.2170222222222,602.7172833333333,10799.99999999,10799.99999999,0.0,True,False
5310,2025-01-04 16:30:00,143.68222221322148,763.7772222222222,620.095,10799.99999999,10799.99999999,0.0,True,False
5320,2025-01-04 16:40:00,210.11535554655467,814.5170222222221,604.4016666666666,10799.99999999,10799.99999999,0.0,True,False
5330,2025-01-04 16:50:00,319.19344999099917,857.0028999999998,537.80945,10799.99999999,10799.99999999,0.0,True,False
5340,2025-01-04 17:00:00,399.42291665766606,871.3312500000001,471.9083333333333,10799.99999999,10799.99999999,0.0,True,False
5350,2025-01-04 17:10:00,383.87944999099926,863.0781499999999,479.1987,10799.99999999,10799.99999999,0.0,True,False
5360,2025-01-04 17:20:00,353.66231665766594,848.0513833333333,494.3890666666667,10799.99999999,10799.99999999,0.0,True,False
5370,2025-01-04 17:30:00,363.13722221322143,845.8022222222221,482.66499999999996,10799.99999999,10799.99999999,0.0,True,False
5380,2025-01-04 17:40:00,399.5991722132214,870.632172222222,471.03299999999996,10799.99999999,10799.99999999,0.0,True,False
5390,2025-01-04 17:50:00,333.58459443544365,804.6018944444443,471.0173,10799.99999999,10799.99999999,0.0,True,False
5400,2025-01-04 18:00:00,202.67444443544363,678.5427777777777,475.86833333333334,10799.99999999,10799.99999999,0.0,True,False
5640,2025-01-04 22:00:00,134.80000001000008,1363.3283333333334,395.195,5254.065603891715,6004.065603881715,749.99999999,False,True
5650,2025-01-04 22:10:00,97.32028334333357,1350.5021833333335,419.8485666666666,6004.065603881715,6754.065603872715,749.999999991,False,True
5670,2025-01-04 22:30:00,111.02333334333342,1361.7033333333334,417.34666666666664,6838.791263863714,7588.791263854714,749.999999991,False,True
5680,2025-01-04 22:40:00,101.67718889888896,1366.3430555555556,431.3325333333333,7588.791263854714,8338.791263844714,749.99999999,False,True
5690,2025-01-04 22:50:00,101.3594944544444,1352.3734444444444,417.68061666666665,8338.791263844714,9088.791263835714,749.999999991,False,True
5700,2025-01-04 23:00:00,114.56611112111112,1341.391111111111,393.4916666666666,9088.791263835714,9838.791263825713,749.99999999,False,True
5720,2025-01-04 23:20:00,623.8656510885668,1399.9704666666667,480.42425000000003,10533.88749097071,10799.999999991,266.11250902028985,True,False
5730,2025-01-04 23:30:00,928.0205555474553,1384.168888888889,456.1483333333333,10799.999999991,10799.999999991,0.0,True,False
5740,2025-01-04 23:40:00,974.214222214122,1390.8721555555555,416.6579333333333,10799.999999991,10799.999999991,0.0,True,False
5750,2025-01-04 23:50:00,71.10057221412191,548.9129388888889,477.81236666666666,10799.999999991,10799.999999991,0.0,True,False
11410,2025-01-08 22:10:00,11.13145953380944,1351.3789095238094,506.91411666666664,1942.45392857354,2692.45392856354,749.99999999,False,True
11480,2025-01-08 23:20:00,5.607192867142877,1404.6248261904761,565.6842999999999,6149.735910672508,6899.735910662508,749.99999999,False,True
11860,2025-01-09 05:40:00,22.140322926666947,1499.1336229166668,643.6599666666666,8449.161910978817,9199.161910968816,749.99999999,False,True
12920,2025-01-09 23:20:00,1.1032437599998195,1403.9239270833332,569.48735,6016.8703000981095,6766.87030008811,749.99999999,False,True
12970,2025-01-10 00:10:00,147.82070741740745,1413.0443907407407,431.89034999999996,8283.70912755211,9033.70912754211,749.99999999,False,True
12980,2025-01-10 00:20:00,142.1694055655555,1418.0799555555554,442.57721666666663,9033.70912754211,9783.70912753311,749.999999991,False,True
13040,2025-01-10 01:20:00,90.11739344740626,612.7118129629629,480.72951666666665,10762.321587426999,10799.999999991,37.67841256400097,True,False
13050,2025-01-10 01:30:00,137.82018517708488,603.3251851851852,465.505,10799.999999991,10799.999999991,0.0,True,False
13060,2025-01-10 01:40:00,106.75216665856638,597.7965166666667,491.04434999999995,10799.999999991,10799.999999991,0.0,True,False
13070,2025-01-10 01:50:00,95.96966110301062,605.2607444444443,509.29108333333335,10799.999999991,10799.999999991,0.0,True,False
13080,2025-01-10 02:00:00,126.82814814004783,619.9248148148148,493.09666666666664,10799.999999991,10799.999999991,0.0,True,False
13090,2025-01-10 02:10:00,158.27769999189954,627.4979666666666,469.2202666666667,10799.999999991,10799.999999991,0.0,True,False
13100,2025-01-10 02:20:00,150.64224999189966,630.309,479.66675,10799.999999991,10799.999999991,0.0,True,False
13110,2025-01-10 02:30:00,121.94481480671456,633.3064814814816,511.3616666666667,10799.999999991,10799.999999991,0.0,True,False
13120,2025-01-10 02:40:00,126.81875369560348,638.1495370370371,511.33078333333333,10799.999999991,10799.999999991,0.0,True,False
13130,2025-01-10 02:50:00,140.3089611030109,640.3156944444445,500.0067333333333,10799.999999991,10799.999999991,0.0,True,False
13140,2025-01-10 03:00:00,131.9916666585663,640.0949999999999,508.1033333333333,10799.999999991,10799.999999991,0.0,True,False
13150,2025-01-10 03:10:00,101.63009073264035,643.2931074074073,541.6630166666666,10799.999999991,10799.999999991,0.0,True,False
13160,2025-01-10 03:20:00,106.50761110301093,651.9982944444446,545.4906833333333,10799.999999991,10799.999999991,0.0,True,False
13170,2025-01-10 03:30:00,149.34999999189958,657.7049999999999,508.355,10799.999999991,10799.999999991,0.0,True,False
13180,2025-01-10 03:40:00,172.44903147338104,650.5974314814814,478.14840000000004,10799.999999991,10799.999999991,0.0,True,False
13190,2025-01-10 03:50:00,153.27785369560345,652.7767037037038,499.49885,10799.999999991,10799.999999991,0.0,True,False
13200,2025-01-10 04:00:00,120.44537036227015,666.6403703703704,546.1949999999999,10799.999999991,10799.999999991,0.0,True,False
13210,2025-01-10 04:10:00,125.95147406597377,670.946024074074,544.9945499999999,10799.999999991,10799.999999991,0.0,True,False
13220,2025-01-10 04:20:00,148.8716888807887,661.6037222222222,512.7320333333332,10799.999999991,10799.999999991,0.0,True,False
13230,2025-01-10 04:30:00,146.19092591782564,651.8425925925926,505.65166666666664,10799.999999991,10799.999999991,0.0,True,False
13240,2025-01-10 04:40:00,97.98203147338117,659.7918481481481,561.8098166666666,10799.999999991,10799.999999991,0.0,True,False
13250,2025-01-10 04:50:00,85.65433702893674,672.615687037037,586.9613499999999,10799.999999991,10799.999999991,0.0,True,False
13260,2025-01-10 05:00:00,110.74648147338107,677.2598148148147,566.5133333333333,10799.999999991,10799.999999991,0.0,True,False
13270,2025-01-10 05:10:00,98.97941851041818,672.4206851851851,573.4412666666666,10799.999999991,10799.999999991,0.0,True,False
13280,2025-01-10 05:20:00,91.32123888078863,672.1281055555555,580.8068666666666,10799.999999991,10799.999999991,0.0,True,False
13290,2025-01-10 05:30:00,102.90148147338115,670.9248148148148,568.0233333333333,10799.999999991,10799.999999991,0.0,True,False
13300,2025-01-10 05:40:00,946.6266648067146,1496.6733314814815,550.0466666666666,10799.999999991,10799.999999991,0.0,True,False
13310,2025-01-10 05:50:00,178.18010369560326,730.5675870370369,552.3874833333333,10799.999999991,10799.999999991,0.0,True,False
13370,2025-01-10 06:50:00,229.3942247317778,831.2309703703704,580.9321833333333,10781.185893916267,10799.999999991,18.81410607473335,True,False
13380,2025-01-10 07:00:00,220.96708332523298,839.6520833333333,618.685,10799.999999991,10799.999999991,0.0,True,False
13390,2025-01-10 07:10:00,155.6449666585662,815.6247833333332,659.9798166666667,10799.999999991,10799.999999991,0.0,True,False
13400,2025-01-10 07:20:00,100.51330925115909,783.2908259259261,682.7775166666667,10799.999999991,10799.999999991,0.0,True,False
13410,2025-01-10 07:30:00,56.33087962152914,733.6658796296296,677.335,10799.999999991,10799.999999991,0.0,True,False
13420,2025-01-10 07:40:00,836.9902796215299,1489.8376629629633,652.8473833333333,10799.999999991,10799.999999991,0.0,True,False
13430,2025-01-10 07:50:00,71.34080369560323,709.4265870370369,638.0857833333333,10799.999999991,10799.999999991,0.0,True,False
13910,2025-01-10 15:50:00,35.53473517618469,665.309201851852,629.7744666666666,10799.99999999,10799.99999999,0.0,True,False
13920,2025-01-10 16:00:00,49.272499990999314,713.4541666666667,664.1816666666666,10799.99999999,10799.99999999,0.0,True,False
13930,2025-01-10 16:10:00,109.68026480581392,748.782448148148,639.1021833333333,10799.99999999,10799.99999999,0.0,True,False
13940,2025-01-10 16:20:00,188.18134813914747,782.0113314814815,593.8299833333333,10799.99999999,10799.99999999,0.0,True,False
13950,2025-01-10 16:30:00,240.18606480581434,823.9377314814817,583.7516666666667,10799.99999999,10799.99999999,0.0,True,False
13960,2025-01-10 16:40:00,261.0392240650734,875.3260740740741,614.28685,10799.99999999,10799.99999999,0.0,True,False
13970,2025-01-10 16:50:00,340.13001110211053,909.1219444444445,568.9919333333332,10799.99999999,10799.99999999,0.0,True,False
13980,2025-01-10 17:00:00,445.9718055465549,920.4051388888889,474.4333333333333,10799.99999999,10799.99999999,0.0,True,False
13990,2025-01-10 17:10:00,450.5953018428512,924.6820351851852,474.0867333333333,10799.99999999,10799.99999999,0.0,True,False
14000,2025-01-10 17:20:00,429.2465055465548,919.1204888888888,489.8739833333333,10799.99999999,10799.99999999,0.0,True,False
14010,2025-01-10 17:30:00,440.98166665766587,917.0116666666665,476.03,10799.99999999,10799.99999999,0.0,True,False
14020,2025-01-10 17:40:00,464.1804907317401,934.0944240740741,469.9139333333333,10799.99999999,10799.99999999,0.0,True,False
14030,2025-01-10 17:50:00,358.0832629539623,839.7799462962963,481.69668333333334,10799.99999999,10799.99999999,0.0,True,False
14040,2025-01-10 18:00:00,198.13314813914738,683.1864814814815,485.05333333333334,10799.99999999,10799.99999999,0.0,True,False
14070,2025-01-10 18:30:00,93.88623898157134,689.4448148148149,449.57833333333326,10668.61778174108,10799.999999991,131.38221824991925,True,False
14080,2025-01-10 18:40:00,227.17535925115888,681.2139259259259,454.03856666666667,10799.999999991,10799.999999991,0.0,True,False
14280,2025-01-10 22:00:00,90.16407408407416,1361.8674074074074,438.36999999999995,5878.2018839502225,6628.201883940223,749.99999999,False,True
14290,2025-01-10 22:10:00,118.64916852851864,1350.567551851852,398.58504999999997,6628.201883940223,7378.201883931222,749.999999991,False,True
14310,2025-01-10 22:30:00,120.8325926025925,1366.8709259259258,412.705,7508.026398922222,8258.026398913222,749.999999991,False,True
14320,2025-01-10 22:40:00,120.24499260259243,1373.0231259259258,419.4448,8258.026398913222,9008.026398904221,749.999999991,False,True
14330,2025-01-10 22:50:00,128.4822296396295,1371.2025962962962,409.3870333333333,9008.026398904221,9758.026398895221,749.999999991,False,True
14340,2025-01-10 23:00:00,122.97000000999991,1368.1133333333332,411.81,9758.026398895221,10508.02639888522,749.99999999,False,True
14350,2025-01-10 23:10:00,448.1029209935782,1224.285,451.76696666666663,10508.02639888522,10799.999999991,291.9736011057798,True,False
14360,2025-01-10 23:20:00,951.3898444363443,1403.8013444444446,452.4115,10799.999999991,10799.999999991,0.0,True,False
14370,2025-01-10 23:30:00,989.3701851770851,1398.9201851851853,409.55,10799.999999991,10799.999999991,0.0,True,False
14380,2025-01-10 23:40:00,1004.8771370289365,1402.2853537037035,397.4082166666667,10799.999999991,10799.999999991,0.0,True,False
14390,2025-01-10 23:50:00,154.64876110301074,565.2232277777778,410.5744666666667,10799.999999991,10799.999999991,0.0,True,False
14400,2025-01-11 00:00:00,129.51740739930702,556.2224074074073,426.705,10799.999999991,10799.999999991,0.0,True,False
14410,2025-01-11 00:10:00,129.1663699918996,564.9289866666666,435.76261666666664,10799.999999991,10799.999999991,0.0,True,False
14420,2025-01-11 00:20:00,111.82076499189972,570.5296816666666,458.7089166666666,10799.999999991,10799.999999991,0.0,True,False
14430,2025-01-11 00:30:00,89.78099999189962,568.626,478.845,10799.999999991,10799.999999991,0.0,True,False
14440,2025-01-11 00:40:00,104.73560499189963,561.4762049999999,456.7406,10799.999999991,10799.999999991,0.0,True,False
14450,2025-01-11 00:50:00,120.4102983252329,561.8810149999999,441.4707166666667,10799.999999991,10799.999999991,0.0,True,False
14460,2025-01-11 01:00:00,117.0946666585663,575.603,458.5083333333333,10799.999999991,10799.999999991,0.0,True,False
14470,2025-01-11 01:10:00,110.08628832523308,595.1896883333334,485.10339999999997,10799.999999991,10799.999999991,0.0,True,False
14480,2025-01-11 01:20:00,107.47001665856621,599.5135833333331,492.0435666666666,10799.999999991,10799.999999991,0.0,True,False
14490,2025-01-11 01:30:00,105.89649999189973,589.5431666666667,483.64666666666665,10799.999999991,10799.999999991,0.0,True,False
14500,2025-01-11 01:40:00,96.8036999918996,587.1212999999999,490.31759999999997,10799.999999991,10799.999999991,0.0,True,False
14510,2025-01-11 01:50:00,87.71979499189965,595.6637783333333,507.94398333333334,10799.999999991,10799.999999991,0.0,True,False
14520,2025-01-11 02:00:00,91.0036666585664,607.242,516.2383333333332,10799.999999991,10799.999999991,0.0,True,False
14530,2025-01-11 02:10:00,110.22432999189957,611.6701966666666,501.4458666666667,10799.999999991,10799.999999991,0.0,True,False
14540,2025-01-11 02:20:00,112.98345832523304,615.244775,502.26131666666663,10799.999999991,10799.999999991,0.0,True,False
14550,2025-01-11 02:30:00,103.82033332523301,621.112,517.2916666666666,10799.999999991,10799.999999991,0.0,True,False
14560,2025-01-11 02:40:00,114.97309499189973,625.4676616666667,510.4945666666666,10799.999999991,10799.999999991,0.0,True,False
14570,2025-01-11 02:50:00,108.53998165856635,626.2847983333332,517.7448166666666,10799.999999991,10799.999999991,0.0,True,False
14580,2025-01-11 03:00:00,92.57583332523299,626.8958333333333,534.3199999999999,10799.999999991,10799.999999991,0.0,True,False
14590,2025-01-11 03:10:00,111.17589832523308,633.1300983333333,521.9541999999999,10799.999999991,10799.999999991,0.0,True,False
14600,2025-01-11 03:20:00,101.06416665856634,641.3475333333333,540.2833666666667,10799.999999991,10799.999999991,0.0,True,False
14610,2025-01-11 03:30:00,72.71666665856637,642.77,570.0533333333333,10799.999999991,10799.999999991,0.0,True,False
14620,2025-01-11 03:40:00,103.65174499189979,633.3525283333333,529.7007833333332,10799.999999991,10799.999999991,0.0,True,False
14630,2025-01-11 03:50:00,136.84678499189963,637.4489183333333,500.6021333333333,10799.999999991,10799.999999991,0.0,True,False
14640,2025-01-11 04:00:00,136.99249999189973,654.5958333333333,517.6033333333332,10799.999999991,10799.999999991,0.0,True,False
14650,2025-01-11 04:10:00,123.78542665856625,658.3508766666665,534.5654499999999,10799.999999991,10799.999999991,0.0,True,False
14660,2025-01-11 04:20:00,111.1078033252331,646.7165533333334,535.60875,10799.999999991,10799.999999991,0.0,True,False
14670,2025-01-11 04:30:00,110.99183332523316,637.2235000000001,526.2316666666666,10799.999999991,10799.999999991,0.0,True,False
14680,2025-01-11 04:40:00,126.98542832523307,649.993645,523.0082166666666,10799.999999991,10799.999999991,0.0,True,False
14690,2025-01-11 04:50:00,129.61265332523303,664.0502533333333,534.4376,10799.999999991,10799.999999991,0.0,True,False
14700,2025-01-11 05:00:00,122.30849999189965,666.1851666666666,543.8766666666667,10799.999999991,10799.999999991,0.0,True,False
14710,2025-01-11 05:10:00,131.25705999189958,662.5227433333332,531.2656833333333,10799.999999991,10799.999999991,0.0,True,False
14720,2025-01-11 05:20:00,111.94858165856644,662.9959816666667,551.0473999999999,10799.999999991,10799.999999991,0.0,True,False
14730,2025-01-11 05:30:00,69.6713333252329,660.6346666666666,590.9633333333334,10799.999999991,10799.999999991,0.0,True,False
14740,2025-01-11 05:40:00,73.16120499189971,652.0104883333332,578.8492833333332,10799.999999991,10799.999999991,0.0,True,False
14750,2025-01-11 05:50:00,167.92442665856638,712.7495766666666,544.8251499999999,10799.999999991,10799.999999991,0.0,True,False
14830,2025-01-11 07:10:00,69.6307197895028,795.3637416666666,638.289,10721.300380301553,10799.999999991,78.69961968944736,True,False
14840,2025-01-11 07:20:00,118.34599332523317,763.4157266666667,645.0697333333333,10799.999999991,10799.999999991,0.0,True,False
14850,2025-01-11 07:30:00,71.69299999189964,712.8846666666666,641.1916666666666,10799.999999991,10799.999999991,0.0,True,False
14860,2025-01-11 07:40:00,810.2215683252332,1468.9164683333336,658.6949,10799.999999991,10799.999999991,0.0,True,False
14870,2025-01-11 07:50:00,14.732288325232934,676.6132216666666,661.8809333333334,10799.999999991,10799.999999991,0.0,True,False
15350,2025-01-11 15:50:00,17.55035499099936,627.0533216666668,609.5029666666667,10799.99999999,10799.99999999,0.0,True,False
15360,2025-01-11 16:00:00,75.68358332433272,680.3719166666667,604.6883333333333,10799.99999999,10799.99999999,0.0,True,False
15370,2025-01-11 16:10:00,133.90596332433253,714.7744299999998,580.8684666666666,10799.99999999,10799.99999999,0.0,True,False
15380,2025-01-11 16:20:00,168.0333283243326,744.8907949999999,576.8574666666666,10799.99999999,10799.99999999,0.0,True,False
15390,2025-01-11 16:30:00,186.1145416576659,786.5778750000001,600.4633333333334,10799.99999999,10799.99999999,0.0,True,False
15400,2025-01-11 16:40:00,234.46559832433266,840.428415,605.9628166666666,10799.99999999,10799.99999999,0.0,True,False
15410,2025-01-11 16:50:00,324.76712165766594,870.782605,546.0154833333333,10799.99999999,10799.99999999,0.0,True,False
15420,2025-01-11 17:00:00,412.6273333243325,874.9623333333333,462.33500000000004,10799.99999999,10799.99999999,0.0,True,False
15430,2025-01-11 17:10:00,427.345371657666,879.622505,452.2771333333333,10799.99999999,10799.99999999,0.0,True,False
15440,2025-01-11 17:20:00,394.99679832433253,876.1620983333332,481.16529999999995,10799.99999999,10799.99999999,0.0,True,False
15450,2025-01-11 17:30:00,371.17183332433257,872.9134999999999,501.7416666666666,10799.99999999,10799.99999999,0.0,True,False
15460,2025-01-11 17:40:00,392.13975832433266,887.676375,495.53661666666665,10799.99999999,10799.99999999,0.0,True,False
15470,2025-01-11 17:50:00,329.99974832433264,803.9691983333332,473.96944999999994,10799.99999999,10799.99999999,0.0,True,False
15480,2025-01-11 18:00:00,199.71149999099927,663.3731666666666,463.66166666666663,10799.99999999,10799.99999999,0.0,True,False
15720,2025-01-11 22:00:00,134.33600001000013,1352.851,385.1816666666667,5514.648272544444,6264.6482725354435,749.999999991,False,True
15730,2025-01-11 22:10:00,136.0047850100001,1338.702635,369.36451666666665,6264.6482725354435,7014.648272526443,749.999999991,False,True
15750,2025-01-11 22:30:00,62.06933334333325,1354.7876666666666,459.385,7108.5717910174435,7858.571791008443,749.999999991,False,True
15760,2025-01-11 22:40:00,99.86634334333313,1360.9986266666665,427.79895,7858.571791008443,8608.571790998443,749.99999999,False,True
15770,2025-01-11 22:50:00,110.95020667666664,1358.3543733333333,414.0708333333333,8608.571790998443,9358.571790989443,749.999999991,False,True
15780,2025-01-11 23:00:00,90.27633334333323,1355.8163333333332,432.2066666666666,9358.571790989443,10108.571790979442,749.99999999,False,True
15790,2025-01-11 23:10:00,34.28556443160232,1213.6998633333333,411.16073333333327,10108.571790979442,10799.999999991,691.4282090115579,True,False
15800,2025-01-11 23:20:00,987.0461599918997,1391.9956933333333,404.9495333333333,10799.999999991,10799.999999991,0.0,True,False
15810,2025-01-11 23:30:00,957.3631666585663,1383.3165,425.95333333333326,10799.999999991,10799.999999991,0.0,True,False
15820,2025-01-11 23:40:00,946.6943899918997,1385.1309733333333,438.43658333333326,10799.999999991,10799.999999991,0.0,True,False
15830,2025-01-11 23:50:00,43.474101658566305,549.7583516666666,506.28425,10799.999999991,10799.999999991,0.0,True,False
21530,2025-01-15 22:50:00,0.8578226290476244,1367.3600892857144,533.1689333333334,3944.348637195217,4694.348637185217,749.99999999,False,True
22920,2025-01-16 22:00:00,0.7493333433335386,1355.4743333333336,521.3916666666667,1200.000000011111,1950.000000001111,749.99999999,False,True
23050,2025-01-17 00:10:00,196.3745895933332,1405.9206895833333,376.21276666666665,8133.60277731605,8883.60277730605,749.99999999,False,True
23060,2025-01-17 00:20:00,180.32445209333332,1413.2748854166666,399.6171,8883.60277730605,9633.60277729705,749.999999991,False,True
23120,2025-01-17 01:20:00,36.835581873333474,610.5874375,463.21574999999996,10700.517504927,10799.999999991,99.48249506399988,True,False
23130,2025-01-17 01:30:00,153.30041665856626,598.7604166666666,445.46000000000004,10799.999999991,10799.999999991,0.0,True,False
23140,2025-01-17 01:40:00,130.04990832523296,600.9611749999999,470.9112666666666,10799.999999991,10799.999999991,0.0,True,False
23150,2025-01-17 01:50:00,126.1909770752329,606.7015604166666,480.51058333333333,10799.999999991,10799.999999991,0.0,True,False
23160,2025-01-17 02:00:00,142.42854165856633,610.1352083333333,467.7066666666666,10799.999999991,10799.999999991,0.0,True,False
23170,2025-01-17 02:10:00,131.19244895023294,617.7686656249999,486.57621666666665,10799.999999991,10799.999999991,0.0,True,False
23180,2025-01-17 02:20:00,132.2589218668996,622.3390385416666,490.08011666666664,10799.999999991,10799.999999991,0.0,True,False
23190,2025-01-17 02:30:00,146.17937499189972,624.6910416666667,478.51166666666666,10799.999999991,10799.999999991,0.0,True,False
23200,2025-01-17 02:40:00,132.4300739502331,632.9875072916667,500.5574333333333,10799.999999991,10799.999999991,0.0,True,False
23210,2025-01-17 02:50:00,130.94155624189963,638.2192729166666,507.2777166666666,10799.999999991,10799.999999991,0.0,True,False
23220,2025-01-17 03:00:00,143.22156249189973,637.3148958333334,494.0933333333333,10799.999999991,10799.999999991,0.0,True,False
23230,2025-01-17 03:10:00,128.70433540856632,637.95146875,509.24713333333335,10799.999999991,10799.999999991,0.0,True,False
23240,2025-01-17 03:20:00,114.06398749189972,648.4534375,534.3894499999999,10799.999999991,10799.999999991,0.0,True,False
23250,2025-01-17 03:30:00,113.19687499189976,656.5235416666667,543.3266666666666,10799.999999991,10799.999999991,0.0,True,False
23260,2025-01-17 03:40:00,112.35918540856639,643.0486354166667,530.68945,10799.999999991,10799.999999991,0.0,True,False
23270,2025-01-17 03:50:00,108.05192499189977,642.4239916666667,534.3720666666666,10799.999999991,10799.999999991,0.0,True,False
23280,2025-01-17 04:00:00,96.29406249189978,659.2690625,562.9749999999999,10799.999999991,10799.999999991,0.0,True,False
23290,2025-01-17 04:10:00,79.13550936689964,662.6248927083333,583.4893833333333,10799.999999991,10799.999999991,0.0,True,False
23300,2025-01-17 04:20:00,93.35423228356635,653.0364322916666,559.6822,10799.999999991,10799.999999991,0.0,True,False
23310,2025-01-17 04:30:00,118.52687499189969,646.161875,527.635,10799.999999991,10799.999999991,0.0,True,False
23320,2025-01-17 04:40:00,96.49216665856633,656.8936666666666,560.4014999999999,10799.999999991,10799.999999991,0.0,True,False
23330,2025-01-17 04:50:00,79.310986450233,670.4556364583333,591.14465,10799.999999991,10799.999999991,0.0,True,False
23340,2025-01-17 05:00:00,90.27718749189964,674.5105208333333,584.2333333333333,10799.999999991,10799.999999991,0.0,True,False
23350,2025-01-17 05:10:00,103.79071561689963,670.5264156249999,566.7357,10799.999999991,10799.999999991,0.0,True,False
23360,2025-01-17 05:20:00,124.97527290856634,674.13575625,549.1604833333333,10799.999999991,10799.999999991,0.0,True,False
23370,2025-01-17 05:30:00,124.27687499189958,673.9902083333333,549.7133333333334,10799.999999991,10799.999999991,0.0,True,False
23380,2025-01-17 05:40:00,910.8264520752331,1490.2694854166666,579.4430333333332,10799.999999991,10799.999999991,0.0,True,False
23390,2025-01-17 05:50:00,143.08320728356622,717.4435072916665,574.3602999999999,10799.999999991,10799.999999991,0.0,True,False
23460,2025-01-17 07:00:00,158.00428285506217,821.8167968749999,644.4333333333333,10782.558737373056,10799.999999991,17.441262617944062,True,False
23470,2025-01-17 07:10:00,154.4734041585664,801.1458875,646.6724833333333,10799.999999991,10799.999999991,0.0,True,False
23480,2025-01-17 07:20:00,132.57064999189964,772.7190333333333,640.1483833333333,10799.999999991,10799.999999991,0.0,True,False
23490,2025-01-17 07:30:00,72.29890624189974,720.2422395833333,647.9433333333333,10799.999999991,10799.999999991,0.0,True,False
23500,2025-01-17 07:40:00,822.2234791585665,1473.2441625000001,651.0206833333333,10799.999999991,10799.999999991,0.0,True,False
23510,2025-01-17 07:50:00,24.370554158566485,687.7245208333334,663.3539666666666,10799.999999991,10799.999999991,0.0,True,False
23990,2025-01-17 15:50:00,44.297587490999355,634.0933541666667,589.7957666666666,10799.99999999,10799.99999999,0.0,True,False
24000,2025-01-17 16:00:00,87.86226561599923,680.3055989583332,592.4433333333333,10799.99999999,10799.99999999,0.0,True,False
24010,2025-01-17 16:10:00,143.48900832433247,723.9528249999998,580.4638166666666,10799.99999999,10799.99999999,0.0,True,False
24020,2025-01-17 16:20:00,184.8545801993328,763.7144135416668,578.8598333333333,10799.99999999,10799.99999999,0.0,True,False
24030,2025-01-17 16:30:00,205.91877603266593,804.6654427083333,598.7466666666667,10799.99999999,10799.99999999,0.0,True,False
24040,2025-01-17 16:40:00,239.26333228266577,852.3277989583332,613.0644666666667,10799.99999999,10799.99999999,0.0,True,False
24050,2025-01-17 16:50:00,345.1637447826659,886.3693947916667,541.20565,10799.99999999,10799.99999999,0.0,True,False
24060,2025-01-17 17:00:00,458.7248437409993,899.5715104166666,440.84666666666664,10799.99999999,10799.99999999,0.0,True,False
24070,2025-01-17 17:10:00,446.4803708243326,901.4606708333333,454.9803,10799.99999999,10799.99999999,0.0,True,False
24080,2025-01-17 17:20:00,430.6507072826661,899.1327906250001,468.4820833333333,10799.99999999,10799.99999999,0.0,True,False
24090,2025-01-17 17:30:00,462.781354157666,905.7996875,443.0183333333333,10799.99999999,10799.99999999,0.0,True,False
24100,2025-01-17 17:40:00,467.513638532666,921.0676385416666,453.554,10799.99999999,10799.99999999,0.0,True,False
24110,2025-01-17 17:50:00,367.65680832433264,826.6652083333333,459.0084,10799.99999999,10799.99999999,0.0,True,False
24120,2025-01-17 18:00:00,225.2157291576659,674.2640624999999,449.0483333333333,10799.99999999,10799.99999999,0.0,True,False
24160,2025-01-17 18:40:00,160.0440194228167,670.15695,436.72929999999997,10733.954732471535,10799.999999991,66.04526751946506,True,False
24360,2025-01-17 22:00:00,121.43916667666666,1355.4275,400.655,5743.5640904895745,6493.564090480574,749.999999991,False,True
24370,2025-01-17 22:10:00,112.82363751000001,1349.9281708333333,403.77119999999996,6493.564090480574,7243.564090471574,749.999999991,False,True
24390,2025-01-17 22:30:00,151.07083334333356,1363.7575000000002,379.3533333333333,7356.122760150074,8106.122760141074,749.999999991,False,True
24400,2025-01-17 22:40:00,148.90150000999984,1367.2819333333332,385.0471,8106.122760141074,8856.122760132073,749.999999991,False,True
24410,2025-01-17 22:50:00,103.10057188500012,1370.2858552083335,433.85195,8856.122760132073,9606.122760123073,749.999999991,False,True
24420,2025-01-17 23:00:00,68.84187500999995,1371.3835416666666,469.2083333333333,9606.122760123073,10356.122760114073,749.999999991,False,True
24430,2025-01-17 23:10:00,289.7538574284143,1216.5733406250001,433.62254999999993,10356.122760114073,10799.999999991,443.8772398769273,True,False
24440,2025-01-17 23:20:00,961.5036562418996,1391.9853729166666,430.48171666666667,10799.999999991,10799.999999991,0.0,True,False
24450,2025-01-17 23:30:00,929.8331249918997,1394.743125,464.90999999999997,10799.999999991,10799.999999991,0.0,True,False
24460,2025-01-17 23:40:00,957.5911979085665,1400.5273145833335,442.93611666666663,10799.999999991,10799.999999991,0.0,True,False
24470,2025-01-17 23:50:00,135.61524790856626,562.2712312499999,426.6559833333333,10799.999999991,10799.999999991,0.0,True,False
24480,2025-01-18 00:00:00,110.14354165856625,552.4268749999999,442.2833333333333,10799.999999991,10799.999999991,0.0,True,False
24490,2025-01-18 00:10:00,111.46477646248783,561.0359098039215,449.57113333333336,10799.999999991,10799.999999991,0.0,True,False
24500,2025-01-18 00:20:00,121.33316469778194,569.334231372549,448.0010666666667,10799.999999991,10799.999999991,0.0,True,False
24510,2025-01-18 00:30:00,125.799901952684,570.6232352941176,444.8233333333333,10799.999999991,10799.999999991,0.0,True,False
24520,2025-01-18 00:40:00,117.09091763895847,566.6393009803921,449.54838333333333,10799.999999991,10799.999999991,0.0,True,False
24530,2025-01-18 00:50:00,72.62934410954679,562.0482441176471,489.41889999999995,10799.999999991,10799.999999991,0.0,True,False
24540,2025-01-18 01:00:00,48.43127450170355,568.9896078431372,520.5583333333333,10799.999999991,10799.999999991,0.0,True,False
24550,2025-01-18 01:10:00,127.00038724680164,594.7732372549019,467.77284999999995,10799.999999991,10799.999999991,0.0,True,False
24560,2025-01-18 01:20:00,173.54338136444872,601.9185147058823,428.3751333333333,10799.999999991,10799.999999991,0.0,True,False
24570,2025-01-18 01:30:00,149.9827450899389,589.7427450980392,439.76,10799.999999991,10799.999999991,0.0,True,False
24580,2025-01-18 01:40:00,139.1324303840564,593.3111803921568,454.17875000000004,10799.999999991,10799.999999991,0.0,True,False
24590,2025-01-18 01:50:00,103.87262842327223,599.2785617647058,495.4059333333333,10799.999999991,10799.999999991,0.0,True,False
24600,2025-01-18 02:00:00,72.93039214876237,601.7570588235293,528.8266666666666,10799.999999991,10799.999999991,0.0,True,False
24610,2025-01-18 02:10:00,123.34404607033102,610.051462745098,486.70741666666663,10799.999999991,10799.999999991,0.0,True,False
24620,2025-01-18 02:20:00,141.72796861935055,614.5591019607842,472.83113333333336,10799.999999991,10799.999999991,0.0,True,False
24630,2025-01-18 02:30:00,110.0439215605272,616.0922549019608,506.0483333333333,10799.999999991,10799.999999991,0.0,True,False
24640,2025-01-18 02:40:00,119.91480293307617,625.1975029411765,505.2827,10799.999999991,10799.999999991,0.0,True,False
24650,2025-01-18 02:50:00,128.07077842327212,630.5168284313725,502.44605,10799.999999991,10799.999999991,0.0,True,False
24660,2025-01-18 03:00:00,114.22843136444871,628.8900980392157,514.6616666666666,10799.999999991,10799.999999991,0.0,True,False
24670,2025-01-18 03:10:00,112.72875881542913,630.380625490196,517.6518666666666,10799.999999991,10799.999999991,0.0,True,False
24680,2025-01-18 03:20:00,141.37860783503683,641.7437911764705,500.36518333333333,10799.999999991,10799.999999991,0.0,True,False
24690,2025-01-18 03:30:00,170.81990195268403,649.8649019607843,479.04499999999996,10799.999999991,10799.999999991,0.0,True,False
24700,2025-01-18 03:40:00,148.75868822719374,636.4392715686274,487.68058333333335,10799.999999991,10799.999999991,0.0,True,False
24710,2025-01-18 03:50:00,100.93027940366446,636.0679960784314,535.1377166666666,10799.999999991,10799.999999991,0.0,True,False
24720,2025-01-18 04:00:00,77.80470587425268,653.604705882353,575.8,10799.999999991,10799.999999991,0.0,True,False
24730,2025-01-18 04:10:00,110.07342940366433,657.969862745098,547.8964333333333,10799.999999991,10799.999999991,0.0,True,False
24740,2025-01-18 04:20:00,132.8100068546449,647.5450068627451,514.7349999999999,10799.999999991,10799.999999991,0.0,True,False
24750,2025-01-18 04:30:00,114.9813725409193,639.1897058823529,524.2083333333333,10799.999999991,10799.999999991,0.0,True,False
24760,2025-01-18 04:40:00,87.40279018797818,651.2176568627451,563.8148666666666,10799.999999991,10799.999999991,0.0,True,False
24770,2025-01-18 04:50:00,93.99083430562504,665.7902843137254,571.79945,10799.999999991,10799.999999991,0.0,True,False
24780,2025-01-18 05:00:00,115.521764697782,669.2000980392156,553.6783333333333,10799.999999991,10799.999999991,0.0,True,False
24790,2025-01-18 05:10:00,97.51812940366446,664.4210794117647,566.9029499999999,10799.999999991,10799.999999991,0.0,True,False
24800,2025-01-18 05:20:00,103.27367744288007,666.7842274509803,563.51055,10799.999999991,10799.999999991,0.0,True,False
24810,2025-01-18 05:30:00,127.63647058013495,666.6798039215686,539.0433333333333,10799.999999991,10799.999999991,0.0,True,False
24820,2025-01-18 05:40:00,109.4963666585663,652.3777333333333,542.8813666666666,10799.999999991,10799.999999991,0.0,True,False
24830,2025-01-18 05:50:00,151.5322548938606,709.0262549019608,557.4939999999999,10799.999999991,10799.999999991,0.0,True,False
24910,2025-01-18 07:10:00,70.34352806716457,788.5550431372549,682.5885499999999,10767.939331427919,10799.999999991,32.06066856308135,True,False
24920,2025-01-18 07:20:00,91.0945480311154,758.6532480392157,667.5586999999999,10799.999999991,10799.999999991,0.0,True,False
24930,2025-01-18 07:30:00,83.07406861935061,707.054068627451,623.98,10799.999999991,10799.999999991,0.0,True,False
24940,2025-01-18 07:40:00,843.0908617566054,1462.2856617647058,619.1948,10799.999999991,10799.999999991,0.0,True,False
24950,2025-01-18 07:50:00,41.35538528601749,671.7587186274511,630.4033333333333,10799.999999991,10799.999999991,0.0,True,False
25440,2025-01-18 16:00:00,19.37085784313723,657.4725245098039,638.1016666666667,10800.0,10800.0,0.0,True,False
25450,2025-01-18 16:10:00,96.02198725490186,700.5698039215686,604.5478166666667,10800.0,10800.0,0.0,True,False
25460,2025-01-18 16:20:00,136.18422352941178,740.8740901960784,604.6898666666666,10800.0,10800.0,0.0,True,False
25470,2025-01-18 16:30:00,161.65625000000003,783.7312499999999,622.0749999999999,10800.0,10800.0,0.0,True,False
25480,2025-01-18 16:40:00,226.421056862745,831.8976401960783,605.4765833333333,10800.0,10800.0,0.0,True,False
25490,2025-01-18 16:50:00,319.1953284313726,862.3067284313727,543.1114,10800.0,10800.0,0.0,True,False
25500,2025-01-18 17:00:00,394.12191176470594,871.3185784313725,477.1966666666666,10800.0,10800.0,0.0,True,False
25510,2025-01-18 17:10:00,407.44237156862727,875.035988235294,467.59361666666666,10800.0,10800.0,0.0,True,False
25520,2025-01-18 17:20:00,401.7462627450982,873.8003960784315,472.0541333333333,10800.0,10800.0,0.0,True,False
25530,2025-01-18 17:30:00,412.30225490196085,878.5772549019608,466.275,10800.0,10800.0,0.0,True,False
25540,2025-01-18 17:40:00,428.6073421568626,893.5586421568627,464.9513,10800.0,10800.0,0.0,True,False
25550,2025-01-18 17:50:00,341.2946039215687,805.038337254902,463.7437333333333,10800.0,10800.0,0.0,True,False
25560,2025-01-18 18:00:00,190.1810784313725,661.0160784313725,470.83500000000004,10800.0,10800.0,0.0,True,False
25800,2025-01-18 22:00:00,94.3906862845099,1348.2840196078432,420.56,5682.930250250524,6432.930250241524,749.999999991,False,True
25810,2025-01-18 22:10:00,83.7119529511766,1343.29148627451,426.24619999999993,6432.930250241524,7182.930250232524,749.999999991,False,True
25830,2025-01-18 22:30:00,68.50098040215697,1354.870980392157,453.03666666666663,7255.483371694112,8005.483371685112,749.999999991,False,True
25840,2025-01-18 22:40:00,95.63462157862749,1358.5230215686274,429.5550666666666,8005.483371685112,8755.48337167511,749.99999999,False,True
25850,2025-01-18 22:50:00,129.83134902960785,1364.2211156862745,401.0564333333333,8755.48337167511,9505.48337166611,749.999999991,False,True
25860,2025-01-18 23:00:00,137.17068628450966,1367.334019607843,396.83,9505.48337166611,10255.48337165711,749.999999991,False,True
25870,2025-01-18 23:10:00,176.73168877933824,1209.7330980392157,427.9829333333333,10255.48337165711,10799.999999991,544.5166283338898,True,False
25880,2025-01-18 23:20:00,940.7576088154291,1384.4459421568627,443.68833333333333,10799.999999991,10799.999999991,0.0,True,False
25890,2025-01-18 23:30:00,963.2966666585663,1389.0666666666666,425.77,10799.999999991,10799.999999991,0.0,True,False
25900,2025-01-18 23:40:00,975.5745450899391,1393.2180284313727,417.64348333333334,10799.999999991,10799.999999991,0.0,True,False
25910,2025-01-18 23:50:00,44.894647050723144,554.2938637254902,509.3992166666667,10799.999999991,10799.999999991,0.0,True,False
33130,2025-01-24 00:10:00,156.09704928536235,1398.5730492753623,409.1426666666667,8201.82433057079,8951.824330560788,749.99999999,False,True
33140,2025-01-24 00:20:00,153.33203406797077,1403.8594007246375,417.1940333333333,8951.824330560788,9701.824330551788,749.999999991,False,True
33210,2025-01-24 01:30:00,101.240154003207,595.675,462.925,10771.641138593886,10799.999999991,28.35886139711365,True,False
33220,2025-01-24 01:40:00,117.37038694842133,597.3045536231883,479.93416666666667,10799.999999991,10799.999999991,0.0,True,False
33230,2025-01-24 01:50:00,113.36135506436344,604.0662217391305,490.7048666666667,10799.999999991,10799.999999991,0.0,True,False
33240,2025-01-24 02:00:00,117.53652173103009,610.1548550724638,492.61833333333334,10799.999999991,10799.999999991,0.0,True,False
33250,2025-01-24 02:10:00,98.23262535421858,613.9893086956522,515.7566833333333,10799.999999991,10799.999999991,0.0,True,False
33260,2025-01-24 02:20:00,96.94237752813157,616.6487108695652,519.7063333333333,10799.999999991,10799.999999991,0.0,True,False
33270,2025-01-24 02:30:00,109.39521738320397,619.8252173913042,510.42999999999995,10799.999999991,10799.999999991,0.0,True,False
33280,2025-01-24 02:40:00,88.56949854262436,624.565581884058,535.9960833333333,10799.999999991,10799.999999991,0.0,True,False
33290,2025-01-24 02:50:00,72.97238115131992,629.3897644927536,556.4173833333333,10799.999999991,10799.999999991,0.0,True,False
33300,2025-01-24 03:00:00,83.0992753542184,632.2559420289854,549.1566666666666,10799.999999991,10799.999999991,0.0,True,False
33310,2025-01-24 03:10:00,103.13205361508798,633.641320289855,530.5092666666667,10799.999999991,10799.999999991,0.0,True,False
33320,2025-01-24 03:20:00,131.31495071653748,642.8582507246377,511.54329999999993,10799.999999991,10799.999999991,0.0,True,False
33330,2025-01-24 03:30:00,144.8792753542186,649.5442753623189,504.66499999999996,10799.999999991,10799.999999991,0.0,True,False
33340,2025-01-24 03:40:00,120.2901739049432,635.7937239130434,515.5035499999999,10799.999999991,10799.999999991,0.0,True,False
33350,2025-01-24 03:50:00,126.25706376001571,638.868213768116,512.61115,10799.999999991,10799.999999991,0.0,True,False
33360,2025-01-24 04:00:00,150.9015217310301,660.213188405797,509.3116666666666,10799.999999991,10799.999999991,0.0,True,False
33370,2025-01-24 04:10:00,118.00884057160974,662.4123239130433,544.4034833333333,10799.999999991,10799.999999991,0.0,True,False
33380,2025-01-24 04:20:00,104.95058549914594,651.9775688405796,547.0269833333333,10799.999999991,10799.999999991,0.0,True,False
33390,2025-01-24 04:30:00,120.31173912233461,646.5267391304349,526.2149999999999,10799.999999991,10799.999999991,0.0,True,False
33400,2025-01-24 04:40:00,98.02874057160997,656.5650739130435,558.5363333333332,10799.999999991,10799.999999991,0.0,True,False
33410,2025-01-24 04:50:00,102.38561810784174,666.4833847826087,564.0977666666666,10799.999999991,10799.999999991,0.0,True,False
33420,2025-01-24 05:00:00,132.2643478179867,668.704347826087,536.4399999999999,10799.999999991,10799.999999991,0.0,True,False
33430,2025-01-24 05:10:00,120.89476448465345,670.1870644927537,549.2923,10799.999999991,10799.999999991,0.0,True,False
33440,2025-01-24 05:20:00,130.61066520929094,676.939781884058,546.3291166666667,10799.999999991,10799.999999991,0.0,True,False
33450,2025-01-24 05:30:00,143.24355071653744,674.696884057971,531.4533333333333,10799.999999991,10799.999999991,0.0,True,False
33460,2025-01-24 05:40:00,924.1755166585662,1489.423733333333,565.2482166666666,10799.999999991,10799.999999991,0.0,True,False
33470,2025-01-24 05:50:00,149.6271644846534,714.200047826087,564.5728833333333,10799.999999991,10799.999999991,0.0,True,False
33540,2025-01-24 07:00:00,24.83564086856807,816.4909601449276,640.9583333333333,10664.372712642276,10799.999999991,135.62728734872363,True,False
33550,2025-01-24 07:10:00,160.46809274552285,789.6713427536232,629.20325,10799.999999991,10799.999999991,0.0,True,False
33560,2025-01-24 07:20:00,130.19524274552307,759.0188260869568,628.8235833333333,10799.999999991,10799.999999991,0.0,True,False
33570,2025-01-24 07:30:00,46.26927535421883,707.8359420289858,661.5666666666666,10799.999999991,10799.999999991,0.0,True,False
33580,2025-01-24 07:40:00,786.0377521658127,1460.083202173913,674.04545,10799.999999991,10799.999999991,0.0,True,False
33590,2025-01-24 07:50:00,24.0740659339287,673.8343826086957,649.7603166666667,10799.999999991,10799.999999991,0.0,True,False
34070,2025-01-24 15:50:00,6.5956050634631875,622.4414550724638,615.8458499999999,10799.99999999,10799.99999999,0.0,True,False
34080,2025-01-24 16:00:00,60.973913034477256,661.7422463768113,600.7683333333333,10799.99999999,10799.99999999,0.0,True,False
34090,2025-01-24 16:10:00,98.64922970114421,705.3522463768115,606.7030166666666,10799.99999999,10799.99999999,0.0,True,False
34100,2025-01-24 16:20:00,161.9546057881008,751.4185891304348,589.4639833333333,10799.99999999,10799.99999999,0.0,True,False
34110,2025-01-24 16:30:00,231.7285869475209,797.4035869565216,565.675,10799.99999999,10799.99999999,0.0,True,False
34120,2025-01-24 16:40:00,257.91277245476755,841.1024057971015,583.1896333333333,10799.99999999,10799.99999999,0.0,True,False
34130,2025-01-24 16:50:00,349.25281448375296,870.4722811594204,521.2194666666667,10799.99999999,10799.99999999,0.0,True,False
34140,2025-01-24 17:00:00,460.99967390404277,884.7646739130435,423.765,10799.99999999,10799.99999999,0.0,True,False
34150,2025-01-24 17:10:00,431.3288137591152,892.5054137681159,461.1766,10799.99999999,10799.99999999,0.0,True,False
34160,2025-01-24 17:20:00,404.7230594112892,890.8291260869565,486.1060666666666,10799.99999999,10799.99999999,0.0,True,False
34170,2025-01-24 17:30:00,443.37724636781076,895.4572463768114,452.08,10799.99999999,10799.99999999,0.0,True,False
34180,2025-01-24 17:40:00,456.01054201998477,912.4269753623188,456.4164333333333,10799.99999999,10799.99999999,0.0,True,False
34190,2025-01-24 17:50:00,373.73014491853576,819.3274615942031,445.59731666666664,10799.99999999,10799.99999999,0.0,True,False
34200,2025-01-24 18:00:00,243.25869564317307,668.1253623188404,424.8666666666666,10799.99999999,10799.99999999,0.0,True,False
34240,2025-01-24 18:40:00,6.5312961980678415,661.7035985507246,474.19926666666663,10637.124267873609,10799.999999991,162.87573211739107,True,False
34440,2025-01-24 22:00:00,152.90797102449278,1354.8563043478262,368.615,5989.477359376956,6739.477359367956,749.999999991,False,True
34450,2025-01-24 22:10:00,118.97124783608693,1347.2916644927536,394.9870833333333,6739.477359367956,7489.477359358955,749.999999991,False,True
34470,2025-01-24 22:30:00,86.2926811694201,1366.7876811594201,447.16166666666663,7577.216661089085,8327.216661079085,749.99999999,False,True
34480,2025-01-24 22:40:00,90.96489348826081,1365.5980934782608,441.2998666666666,8327.216661079085,9077.216661070084,749.999999991,False,True
34490,2025-01-24 22:50:00,105.58890073463793,1366.1104673913046,427.1882333333333,9077.216661070084,9827.216661061084,749.999999991,False,True
34500,2025-01-24 23:00:00,121.3318116042028,1369.4651449275361,414.8,9827.216661061084,10577.216661052084,749.999999991,False,True
34510,2025-01-24 23:10:00,553.6125603577258,1213.8855036231885,412.73589999999996,10577.216661052084,10799.999999991,222.7833389389165,True,False
34520,2025-01-24 23:20:00,992.963235499146,1387.051952173913,394.08871666666664,10799.999999991,10799.999999991,0.0,True,False
34530,2025-01-24 23:30:00,1006.1313768034938,1387.916376811594,381.78499999999997,10799.999999991,10799.999999991,0.0,True,False
34540,2025-01-24 23:40:00,966.5085188324794,1392.920002173913,426.4114833333333,10799.999999991,10799.999999991,0.0,True,False
34550,2025-01-24 23:50:00,102.28453404987053,559.7595007246375,457.47496666666666,10799.999999991,10799.999999991,0.0,True,False
34560,2025-01-25 00:00:00,102.66644926726187,555.4197826086955,452.75333333333333,10799.999999991,10799.999999991,0.0,True,False
34570,2025-01-25 00:10:00,104.41023888078846,558.7356722222221,454.3254333333333,10799.999999991,10799.999999991,0.0,True,False
34580,2025-01-25 00:20:00,117.4645492974553,564.1372326388889,446.6726833333333,10799.999999991,10799.999999991,0.0,True,False
34590,2025-01-25 00:30:00,124.7888888807885,568.0955555555555,443.3066666666667,10799.999999991,10799.999999991,0.0,True,False
34600,2025-01-25 00:40:00,89.77851179745514,566.7654284722221,476.9869166666666,10799.999999991,10799.999999991,0.0,True,False
34610,2025-01-25 00:50:00,83.10346249189965,567.3716125,484.26815,10799.999999991,10799.999999991,0.0,True,False
34620,2025-01-25 01:00:00,108.41388888078862,576.6222222222223,468.2083333333333,10799.999999991,10799.999999991,0.0,True,False
34630,2025-01-25 01:10:00,102.67346804745515,593.1124347222221,490.43896666666666,10799.999999991,10799.999999991,0.0,True,False
34640,2025-01-25 01:20:00,109.97689443634411,597.1882111111111,487.2113166666666,10799.999999991,10799.999999991,0.0,True,False
34650,2025-01-25 01:30:00,125.53874999189972,590.1437500000001,464.605,10799.999999991,10799.999999991,0.0,True,False
34660,2025-01-25 01:40:00,98.14172082523302,592.4141208333333,494.27239999999995,10799.999999991,10799.999999991,0.0,True,False
34670,2025-01-25 01:50:00,93.65338193634418,599.3428319444445,505.68944999999997,10799.999999991,10799.999999991,0.0,True,False
34680,2025-01-25 02:00:00,117.42083332523296,605.2574999999999,487.83666666666664,10799.999999991,10799.999999991,0.0,True,False
34690,2025-01-25 02:10:00,107.99051596412184,609.8962826388888,501.90576666666664,10799.999999991,10799.999999991,0.0,True,False
34700,2025-01-25 02:20:00,97.68251179745513,612.6094451388888,514.9269333333333,10799.999999991,10799.999999991,0.0,True,False
34710,2025-01-25 02:30:00,107.72374999189972,615.2670833333334,507.54333333333335,10799.999999991,10799.999999991,0.0,True,False
34720,2025-01-25 02:40:00,122.91583610301072,620.875186111111,497.95935,10799.999999991,10799.999999991,0.0,True,False
34730,2025-01-25 02:50:00,125.28789860301075,626.3492486111111,501.06135,10799.999999991,10799.999999991,0.0,True,False
34740,2025-01-25 03:00:00,114.73513888078864,628.7934722222222,514.0583333333333,10799.999999991,10799.999999991,0.0,True,False
34750,2025-01-25 03:10:00,108.29301804745532,629.3441513888889,521.0511333333333,10799.999999991,10799.999999991,0.0,True,False
34760,2025-01-25 03:20:00,117.89084443634405,637.3867944444444,519.49595,10799.999999991,10799.999999991,0.0,True,False
34770,2025-01-25 03:30:00,131.39763888078866,643.5076388888889,512.1099999999999,10799.999999991,10799.999999991,0.0,True,False
34780,2025-01-25 03:40:00,125.3326999918996,630.7816333333333,505.44893333333334,10799.999999991,10799.999999991,0.0,True,False
34790,2025-01-25 03:50:00,120.26356943634411,633.6075027777778,513.3439333333333,10799.999999991,10799.999999991,0.0,True,False
34800,2025-01-25 04:00:00,127.78895832523287,653.9256249999999,526.1366666666667,10799.999999991,10799.999999991,0.0,True,False
34810,2025-01-25 04:10:00,136.5655555474552,657.4952888888888,520.9297333333333,10799.999999991,10799.999999991,0.0,True,False
34820,2025-01-25 04:20:00,125.8574777696775,647.6046277777778,521.7471499999999,10799.999999991,10799.999999991,0.0,True,False
34830,2025-01-25 04:30:00,106.00874999189963,641.51375,535.505,10799.999999991,10799.999999991,0.0,True,False
34840,2025-01-25 04:40:00,107.45384304745525,652.4805430555555,545.0266999999999,10799.999999991,10799.999999991,0.0,True,False
34850,2025-01-25 04:50:00,109.59225068634419,662.2173173611111,552.6250666666666,10799.999999991,10799.999999991,0.0,True,False
34860,2025-01-25 05:00:00,111.13833332523299,663.1933333333333,552.055,10799.999999991,10799.999999991,0.0,True,False
34870,2025-01-25 05:10:00,130.5609159641218,665.1497826388887,534.5888666666666,10799.999999991,10799.999999991,0.0,True,False
34880,2025-01-25 05:20:00,136.61572082523293,671.4975874999999,534.8818666666666,10799.999999991,10799.999999991,0.0,True,False
34890,2025-01-25 05:30:00,108.5434027696775,668.7284027777778,560.185,10799.999999991,10799.999999991,0.0,True,False
34900,2025-01-25 05:40:00,72.77290901967748,652.3053090277778,579.5323999999999,10799.999999991,10799.999999991,0.0,True,False
34910,2025-01-25 05:50:00,143.0257187418997,707.9644187499999,564.9386999999999,10799.999999991,10799.999999991,0.0,True,False
34990,2025-01-25 07:10:00,73.89538200486922,779.7020104166667,618.7757999999999,10721.672254420382,10799.999999991,78.32774557061785,True,False
35000,2025-01-25 07:20:00,122.9629319363442,748.4809486111112,625.5180166666667,10799.999999991,10799.999999991,0.0,True,False
35010,2025-01-25 07:30:00,23.391232630788643,699.2062326388889,675.8149999999999,10799.999999991,10799.999999991,0.0,True,False
35020,2025-01-25 07:40:00,784.4731451307886,1453.689245138889,669.2161,10799.999999991,10799.999999991,0.0,True,False
35030,2025-01-25 07:50:00,24.577856241899646,662.4981895833332,637.9203333333332,10799.999999991,10799.999999991,0.0,True,False
35510,2025-01-25 15:50:00,15.416905546555006,607.2331222222223,591.8162166666666,10799.99999999,10799.99999999,0.0,True,False
35520,2025-01-25 16:00:00,60.47874999099938,646.7370833333334,586.2583333333333,10799.99999999,10799.99999999,0.0,True,False
35530,2025-01-25 16:10:00,121.31228054655477,690.3002638888888,568.9879833333333,10799.99999999,10799.99999999,0.0,True,False
35540,2025-01-25 16:20:00,163.01852915766602,735.3567291666667,572.3381999999999,10799.99999999,10799.99999999,0.0,True,False
35550,2025-01-25 16:30:00,185.2902083243326,780.5352083333332,595.2449999999999,10799.99999999,10799.99999999,0.0,True,False
35560,2025-01-25 16:40:00,230.47401596322146,825.0651326388888,594.5911166666666,10799.99999999,10799.99999999,0.0,True,False
35570,2025-01-25 16:50:00,321.80065554655494,852.5520555555556,530.7514,10799.99999999,10799.99999999,0.0,True,False
35580,2025-01-25 17:00:00,411.40348957433287,864.0201562500001,452.6166666666666,10799.99999999,10799.99999999,0.0,True,False
35590,2025-01-25 17:10:00,420.7078069354438,874.2240736111112,453.51626666666664,10799.99999999,10799.99999999,0.0,True,False
35600,2025-01-25 17:20:00,414.21008193544367,873.9656652777777,459.75558333333333,10799.99999999,10799.99999999,0.0,True,False
35610,2025-01-25 17:30:00,432.2198611021105,876.9831944444445,444.7633333333333,10799.99999999,10799.99999999,0.0,True,False
35620,2025-01-25 17:40:00,440.1713138798882,893.4084138888888,453.23709999999994,10799.99999999,10799.99999999,0.0,True,False
35630,2025-01-25 17:50:00,346.4628222132215,803.7553722222221,457.29254999999995,10799.99999999,10799.99999999,0.0,True,False
35640,2025-01-25 18:00:00,209.58124999099923,657.9895833333333,448.4083333333333,10799.99999999,10799.99999999,0.0,True,False
35880,2025-01-25 22:00:00,93.96013889888876,1348.4851388888887,421.19166666666666,5627.695126664815,6377.695126655814,749.999999991,False,True
35890,2025-01-25 22:10:00,111.14344584333342,1342.3345291666667,397.85774999999995,6377.695126655814,7127.6951266458145,749.99999999,False,True
35910,2025-01-25 22:30:00,88.66215278777769,1363.1921527777777,441.1966666666666,7233.792099136815,7983.792099127814,749.999999991,False,True
35920,2025-01-25 22:40:00,91.55717292666655,1361.8078895833332,436.9173833333333,7983.792099127814,8733.792099117814,749.99999999,False,True
35930,2025-01-25 22:50:00,114.5103632044446,1361.7109298611113,413.8672333333333,8733.792099117814,9483.792099108814,749.999999991,False,True
35940,2025-01-25 23:00:00,136.4279861211112,1364.4096527777779,394.6483333333333,9483.792099108814,10233.792099099814,749.999999991,False,True
35950,2025-01-25 23:10:00,185.4322836106154,1208.2642401552669,393.7120666666666,10233.792099099814,10799.99999999,566.2079008901864,True,False
35960,2025-01-25 23:20:00,971.7850395743327,1380.40070625,408.61566666666664,10799.99999999,10799.99999999,0.0,True,False
35970,2025-01-25 23:30:00,957.4747916576661,1380.7164583333333,423.2416666666666,10799.99999999,10799.99999999,0.0,True,False
35980,2025-01-25 23:40:00,957.6967194354438,1387.3710361111112,429.67431666666664,10799.99999999,10799.99999999,0.0,True,False
35990,2025-01-25 23:50:00,68.92811179655482,555.4976451388889,486.5695333333333,10799.99999999,10799.99999999,0.0,True,False
40230,2025-01-28 22:30:00,9.481913590246897,1362.8685802469136,520.0533333333333,2644.6976999841113,3394.6976999741114,749.99999999,False,True
41780,2025-01-30 00:20:00,0.28115655761904806,1396.9528898809524,563.3384,8826.674833397825,9576.674833387824,749.99999999,False,True
43210,2025-01-31 00:10:00,116.87227143857147,1391.2268714285715,441.02126666666663,8274.031621210519,9024.031621200518,749.99999999,False,True
43220,2025-01-31 00:20:00,86.24966429571417,1395.5080642857142,475.9250666666667,9024.031621200518,9774.031621191518,749.999999991,False,True
43290,2025-01-31 01:30:00,127.66123265698425,592.0135714285714,450.4366666666666,10787.475895096572,10799.999999991,12.524104894428453,True,False
43300,2025-01-31 01:40:00,99.14448987285195,594.8304732142856,495.6859833333333,10799.999999991,10799.999999991,0.0,True,False
43310,2025-01-31 01:50:00,97.678245825233,599.4668791666667,501.78863333333334,10799.999999991,10799.999999991,0.0,True,False
43320,2025-01-31 02:00:00,138.97767856332823,603.1710119047618,464.19333333333327,10799.999999991,10799.999999991,0.0,True,False
43330,2025-01-31 02:10:00,159.16024403951874,610.0463607142857,450.8861166666666,10799.999999991,10799.999999991,0.0,True,False
43340,2025-01-31 02:20:00,146.08240356332814,613.8561535714284,467.77374999999995,10799.999999991,10799.999999991,0.0,True,False
43350,2025-01-31 02:30:00,121.54309522999492,614.3347619047619,492.79166666666663,10799.999999991,10799.999999991,0.0,True,False
43360,2025-01-31 02:40:00,115.66399165856629,618.2462583333332,502.5822666666666,10799.999999991,10799.999999991,0.0,True,False
43370,2025-01-31 02:50:00,111.82985951570933,625.6307595238096,513.8009,10799.999999991,10799.999999991,0.0,True,False
43380,2025-01-31 03:00:00,94.18624999189964,630.2295833333333,536.0433333333333,10799.999999991,10799.999999991,0.0,True,False
43390,2025-01-31 03:10:00,70.05730475380446,627.1757214285715,557.1184166666667,10799.999999991,10799.999999991,0.0,True,False
43400,2025-01-31 03:20:00,85.80219701570931,633.9081636904763,548.1059666666666,10799.999999991,10799.999999991,0.0,True,False
43410,2025-01-31 03:30:00,128.83749999189965,642.7524999999999,513.915,10799.999999991,10799.999999991,0.0,True,False
43420,2025-01-31 03:40:00,137.66141487285208,630.5004648809523,492.83904999999993,10799.999999991,10799.999999991,0.0,True,False
43430,2025-01-31 03:50:00,128.24237261094729,632.6968726190476,504.45449999999994,10799.999999991,10799.999999991,0.0,True,False
43440,2025-01-31 04:00:00,111.52779761094732,652.8227976190476,541.295,10799.999999991,10799.999999991,0.0,True,False
43450,2025-01-31 04:10:00,85.15004820618546,656.8324482142857,571.6823999999999,10799.999999991,10799.999999991,0.0,True,False
43460,2025-01-31 04:20:00,91.4658357061854,648.9989690476191,557.5331333333334,10799.999999991,10799.999999991,0.0,True,False
43470,2025-01-31 04:30:00,125.52565475380445,645.218988095238,519.6933333333333,10799.999999991,10799.999999991,0.0,True,False
43480,2025-01-31 04:40:00,139.6324916585663,655.6493916666666,516.0169,10799.999999991,10799.999999991,0.0,True,False
43490,2025-01-31 04:50:00,148.76050475380447,662.2971214285715,513.5366166666666,10799.999999991,10799.999999991,0.0,True,False
43500,2025-01-31 05:00:00,152.51327380142342,660.9116071428571,508.3983333333333,10799.999999991,10799.999999991,0.0,True,False
43510,2025-01-31 05:10:00,129.43505892047105,664.670525595238,535.2354666666666,10799.999999991,10799.999999991,0.0,True,False
43520,2025-01-31 05:20:00,100.11589403951878,672.8130440476191,572.69715,10799.999999991,10799.999999991,0.0,True,False
43530,2025-01-31 05:30:00,85.65178570618522,670.2667857142856,584.615,10799.999999991,10799.999999991,0.0,True,False
43540,2025-01-31 05:40:00,936.0095083252331,1487.9716583333334,551.96215,10799.999999991,10799.999999991,0.0,True,False
43550,2025-01-31 05:50:00,186.74755951570904,710.5656095238094,523.81805,10799.999999991,10799.999999991,0.0,True,False
43660,2025-01-31 07:40:00,712.1758794420483,1445.4613416666666,651.2661499999999,10726.182618988843,10799.999999991,73.81738100215664,True,False
43670,2025-01-31 07:50:00,4.398676777613877,655.0892434523809,650.6905666666667,10799.999999991,10799.999999991,0.0,True,False
44150,2025-01-31 15:50:00,13.36507320528492,592.8039398809523,579.4388666666666,10799.99999999,10799.99999999,0.0,True,False
44160,2025-01-31 16:00:00,61.309434514808835,633.9161011904761,572.6066666666666,10799.99999999,10799.99999999,0.0,True,False
44170,2025-01-31 16:10:00,99.23134939576121,676.6562494047619,577.4249,10799.99999999,10799.99999999,0.0,True,False
44180,2025-01-31 16:20:00,116.8446505862374,721.8340339285714,604.9893833333333,10799.99999999,10799.99999999,0.0,True,False
44190,2025-01-31 16:30:00,141.0632589195706,768.9215922619047,627.8583333333333,10799.99999999,10799.99999999,0.0,True,False
44200,2025-01-31 16:40:00,217.95825058623734,814.3707172619047,596.4124666666667,10799.99999999,10799.99999999,0.0,True,False
44210,2025-01-31 16:50:00,305.5142868957613,842.2661702380954,536.7518833333334,10799.99999999,10799.99999999,0.0,True,False
44220,2025-01-31 17:00:00,373.0939285624278,856.0605952380952,482.9666666666667,10799.99999999,10799.99999999,0.0,True,False
44230,2025-01-31 17:10:00,415.99203570528493,872.4677357142856,456.4757,10799.99999999,10799.99999999,0.0,True,False
44240,2025-01-31 17:20:00,404.079923205285,875.3057732142858,471.22585000000004,10799.99999999,10799.99999999,0.0,True,False
44250,2025-01-31 17:30:00,394.3549404671899,880.0999404761906,485.74499999999995,10799.99999999,10799.99999999,0.0,True,False
44260,2025-01-31 17:40:00,453.29080832433254,897.917875,444.6270666666667,10799.99999999,10799.99999999,0.0,True,False
44270,2025-01-31 17:50:00,360.24115058623727,805.5679339285713,445.3267833333333,10799.99999999,10799.99999999,0.0,True,False
44280,2025-01-31 18:00:00,170.33047618147552,655.4871428571429,485.15666666666664,10799.99999999,10799.99999999,0.0,True,False
44320,2025-01-31 18:40:00,19.429972375126674,654.3676999999999,392.3356166666666,10581.658100128614,10799.999999991,218.341899862386,True,False
44520,2025-01-31 22:00:00,107.84291667666672,1352.1029166666667,410.9266666666666,5896.019506985937,6646.0195069759375,749.99999999,False,True
44530,2025-01-31 22:10:00,122.10197441476201,1342.6360910714286,387.2007833333333,6646.0195069759375,7396.019506966937,749.999999991,False,True
44550,2025-01-31 22:30:00,128.28821429571428,1359.264880952381,397.6433333333333,7523.177298029365,8273.177298020366,749.999999991,False,True
44560,2025-01-31 22:40:00,131.90887084333337,1361.2262375,395.9840333333333,8273.177298020366,9023.177298011366,749.999999991,False,True
44570,2025-01-31 22:50:00,138.79340417666663,1363.1947708333332,391.0680333333333,9023.177298011366,9773.177298002365,749.999999991,False,True
44580,2025-01-31 23:00:00,135.6457738195238,1364.0907738095239,395.1116666666667,9773.177298002365,10523.177297993365,749.999999991,False,True
44590,2025-01-31 23:10:00,488.2095479799293,1204.661811309524,408.87148333333334,10523.177297993365,10799.99999999,276.82270199663515,True,False
44600,2025-01-31 23:20:00,970.6731220148089,1377.7375220238096,407.0644,10799.99999999,10799.99999999,0.0,True,False
44610,2025-01-31 23:30:00,980.2932738005233,1381.4949404761905,401.20166666666665,10799.99999999,10799.99999999,0.0,True,False
44620,2025-01-31 23:40:00,961.589822610047,1387.337405952381,425.7475833333333,10799.99999999,10799.99999999,0.0,True,False
44630,2025-01-31 23:50:00,120.31437737195168,556.7042773809524,436.38989999999995,10799.99999999,10799.99999999,0.0,True,False
44640,2025-02-01 00:00:00,131.52821427671356,555.4882142857143,423.96000000000004,10799.99999999,10799.99999999,0.0,True,False
44650,2025-02-01 00:10:00,134.02850891957067,556.0588755952381,422.0303666666667,10799.99999999,10799.99999999,0.0,True,False
44660,2025-02-01 00:20:00,146.1420583243324,561.5493749999998,415.4073166666667,10799.99999999,10799.99999999,0.0,True,False
44670,2025-02-01 00:30:00,156.84035713385626,567.5570238095237,410.7166666666667,10799.99999999,10799.99999999,0.0,True,False
44680,2025-02-01 00:40:00,136.82446784814218,567.1192678571429,430.29479999999995,10799.99999999,10799.99999999,0.0,True,False
44690,2025-02-01 00:50:00,145.48025594338034,569.8908392857144,424.4105833333333,10799.99999999,10799.99999999,0.0,True,False
44700,2025-02-01 01:00:00,174.44505951480878,580.4967261904761,406.0516666666666,10799.99999999,10799.99999999,0.0,True,False
44710,2025-02-01 01:10:00,155.90940594338016,592.6595892857142,436.7501833333333,10799.99999999,10799.99999999,0.0,True,False
44720,2025-02-01 01:20:00,142.51588868147545,594.3135720238095,451.7976833333333,10799.99999999,10799.99999999,0.0,True,False
44730,2025-02-01 01:30:00,143.8252380862373,589.905238095238,446.08,10799.99999999,10799.99999999,0.0,True,False
44740,2025-02-01 01:40:00,123.36517975290397,595.131513095238,471.7663333333333,10799.99999999,10799.99999999,0.0,True,False
44750,2025-02-01 01:50:00,151.8580345148088,599.8840011904762,448.02596666666665,10799.99999999,10799.99999999,0.0,True,False
44760,2025-02-01 02:00:00,204.20785713385632,601.6111904761904,397.4033333333333,10799.99999999,10799.99999999,0.0,True,False
44770,2025-02-01 02:10:00,174.1979476100469,608.2885809523809,434.0906333333333,10799.99999999,10799.99999999,0.0,True,False
44780,2025-02-01 02:20:00,122.97449284814209,613.5354095238094,490.5609166666666,10799.99999999,10799.99999999,0.0,True,False
44790,2025-02-01 02:30:00,112.04720237195156,615.2672023809523,503.22,10799.99999999,10799.99999999,0.0,True,False
44800,2025-02-01 02:40:00,144.5436874909992,618.6165041666666,474.07281666666665,10799.99999999,10799.99999999,0.0,True,False
44810,2025-02-01 02:50:00,163.78087915766608,625.1652791666668,461.38439999999997,10799.99999999,10799.99999999,0.0,True,False
44820,2025-02-01 03:00:00,152.82517856242785,629.7668452380952,476.94166666666666,10799.99999999,10799.99999999,0.0,True,False
44830,2025-02-01 03:10:00,143.75221606242778,627.1517660714285,483.39955,10799.99999999,10799.99999999,0.0,True,False
44840,2025-02-01 03:20:00,146.69944999099923,633.3013666666666,486.6019166666666,10799.99999999,10799.99999999,0.0,True,False
44850,2025-02-01 03:30:00,141.86172618147552,640.7100595238096,498.84833333333336,10799.99999999,10799.99999999,0.0,True,False
44860,2025-02-01 03:40:00,109.69759939576133,628.0073327380953,518.3097333333333,10799.99999999,10799.99999999,0.0,True,False
44870,2025-02-01 03:50:00,122.50696189576101,631.6404285714284,509.13346666666666,10799.99999999,10799.99999999,0.0,True,False
44880,2025-02-01 04:00:00,169.75749999099926,653.3741666666666,483.6166666666666,10799.99999999,10799.99999999,0.0,True,False
44890,2025-02-01 04:10:00,165.40606546718973,656.5928654761905,491.1868,10799.99999999,10799.99999999,0.0,True,False
44900,2025-02-01 04:20:00,144.19756784814209,648.8428511904762,504.64528333333334,10799.99999999,10799.99999999,0.0,True,False
44910,2025-02-01 04:30:00,140.66791665766593,646.2462499999999,505.57833333333326,10799.99999999,10799.99999999,0.0,True,False
44920,2025-02-01 04:40:00,152.54414225290404,655.7751089285714,503.23096666666663,10799.99999999,10799.99999999,0.0,True,False
44930,2025-02-01 04:50:00,157.8927273719516,660.7397107142857,502.84698333333336,10799.99999999,10799.99999999,0.0,True,False
44940,2025-02-01 05:00:00,159.53684522909438,659.1785119047618,499.64166666666665,10799.99999999,10799.99999999,0.0,True,False
44950,2025-02-01 05:10:00,176.3689559433801,665.1525392857142,488.78358333333335,10799.99999999,10799.99999999,0.0,True,False
44960,2025-02-01 05:20:00,175.55498689576103,674.0737369047617,498.51875,10799.99999999,10799.99999999,0.0,True,False
44970,2025-02-01 05:30:00,140.4472618957611,669.6705952380952,529.2233333333334,10799.99999999,10799.99999999,0.0,True,False
44980,2025-02-01 05:40:00,104.71670415766593,652.1270208333333,547.4103166666666,10799.99999999,10799.99999999,0.0,True,False
44990,2025-02-01 05:50:00,177.1906196338564,708.4180196428571,531.2274,10799.99999999,10799.99999999,0.0,True,False
45070,2025-02-01 07:10:00,78.07818531308862,769.0515714285714,617.2140499999999,10733.616597487066,10799.999999991,66.38340250393449,True,False
45080,2025-02-01 07:20:00,140.04532261094724,735.4417892857142,595.3964666666666,10799.999999991,10799.999999991,0.0,True,False
45090,2025-02-01 07:30:00,107.05666665856648,686.5933333333335,579.5366666666666,10799.999999991,10799.999999991,0.0,True,False
45100,2025-02-01 07:40:00,833.6686392776138,1442.6690059523808,609.0003666666667,10799.999999991,10799.999999991,0.0,True,False
45110,2025-02-01 07:50:00,12.134008920471137,652.3706922619048,640.2366833333333,10799.999999991,10799.999999991,0.0,True,False
45590,2025-02-01 15:50:00,18.04010177671362,588.1510517857143,570.11095,10799.99999999,10799.99999999,0.0,True,False
45600,2025-02-01 16:00:00,79.00316963385634,627.7531696428571,548.75,10799.99999999,10799.99999999,0.0,True,False
45610,2025-02-01 16:10:00,116.90963808623732,670.9920380952381,554.0824,10799.99999999,10799.99999999,0.0,True,False
45620,2025-02-01 16:20:00,159.59773153861858,718.6337982142859,559.0360666666666,10799.99999999,10799.99999999,0.0,True,False
45630,2025-02-01 16:30:00,204.50236606242794,767.6090327380953,563.1066666666666,10799.99999999,10799.99999999,0.0,True,False
45640,2025-02-01 16:40:00,231.44635951480862,811.7326595238094,580.2863,10799.99999999,10799.99999999,0.0,True,False
45650,2025-02-01 16:50:00,305.9385077290948,838.7565244047621,532.8180166666666,10799.99999999,10799.99999999,0.0,True,False
45660,2025-02-01 17:00:00,406.58772320528504,853.3677232142858,446.78,10799.99999999,10799.99999999,0.0,True,False
45670,2025-02-01 17:10:00,436.8571404671897,870.4006571428571,433.5435166666667,10799.99999999,10799.99999999,0.0,True,False
45680,2025-02-01 17:20:00,434.6697172529041,874.4505172619048,439.7808,10799.99999999,10799.99999999,0.0,True,False
45690,2025-02-01 17:30:00,444.3635714195706,880.5002380952379,436.13666666666666,10799.99999999,10799.99999999,0.0,True,False
45700,2025-02-01 17:40:00,450.3244934433802,896.3196601190476,445.99516666666665,10799.99999999,10799.99999999,0.0,True,False
45710,2025-02-01 17:50:00,363.8992976100469,803.7919309523809,439.89263333333326,10799.99999999,10799.99999999,0.0,True,False
45720,2025-02-01 18:00:00,227.3261309433802,655.796130952381,428.47,10799.99999999,10799.99999999,0.0,True,False
45960,2025-02-01 22:00:00,126.5900595338096,1352.008392857143,392.08500000000004,6028.603579760052,6778.603579750052,749.99999999,False,True
45970,2025-02-01 22:10:00,136.75587441476182,1341.8590244047618,371.76981666666666,6778.603579750052,7528.603579741051,749.999999991,False,True
45990,2025-02-01 22:30:00,166.32130953380954,1358.8113095238095,359.15666666666664,7676.178792767766,8426.178792758767,749.999999991,False,True
46000,2025-02-01 22:40:00,145.37169048619057,1360.7557404761906,382.05071666666663,8426.178792758767,9176.178792749766,749.999999991,False,True
46010,2025-02-01 22:50:00,111.90729584333347,1362.4090458333335,417.16841666666664,9176.178792749766,9926.178792740766,749.999999991,False,True
46020,2025-02-01 23:00:00,98.00380953380953,1363.1338095238095,431.7966666666667,9926.178792740766,10676.178792731765,749.999999991,False,True
46030,2025-02-01 23:10:00,659.6324474897395,1203.6765166666667,406.46494999999993,10676.178792731765,10799.999999991,123.82120725923446,True,False
46040,2025-02-01 23:20:00,975.3935928490426,1376.3534595238095,400.95986666666664,10799.999999991,10799.999999991,0.0,True,False
46050,2025-02-01 23:30:00,969.872976182376,1379.8179761904762,409.945,10799.999999991,10799.999999991,0.0,True,False
46060,2025-02-01 23:40:00,999.1608642776142,1386.3975642857145,387.2367,10799.999999991,10799.999999991,0.0,True,False
46070,2025-02-01 23:50:00,101.17997618237584,555.8901261904762,454.71015,10799.999999991,10799.999999991,0.0,True,False
47500,2025-02-02 23:40:00,14.865555962380988,1385.346805952381,537.1479166666666,7614.345613889635,8364.345613879635,749.99999999,False,True
47530,2025-02-03 00:10:00,0.9310988195236326,1387.477082142857,553.2126499999999,8312.550986256356,9062.550986246355,749.99999999,False,True
48930,2025-02-03 23:30:00,27.8550595338097,1376.8050595238096,515.6166666666666,6799.676241147312,7549.676241137312,749.99999999,False,True
48940,2025-02-03 23:40:00,16.086719652857248,1382.569836309524,533.1497833333333,7549.676241137312,8299.676241127312,749.99999999,False,True
52180,2025-02-06 05:40:00,17.849505962380924,1480.4853392857142,629.3025,9426.463501928227,10176.463501918226,749.99999999,False,True
53290,2025-02-07 00:10:00,161.65099822428556,1381.2354482142855,386.25111666666663,8324.205767275333,9074.205767265332,749.99999999,False,True
53300,2025-02-07 00:20:00,128.8251577480953,1387.4246077380953,425.2661166666667,9074.205767265332,9824.205767256331,749.999999991,False,True
53350,2025-02-07 01:10:00,103.742543986507,584.3274934523808,396.33161666666666,10724.172000471714,10799.999999991,75.82799951928646,True,False
53360,2025-02-07 01:20:00,164.59094880142354,585.0746154761905,420.48366666666664,10799.999999991,10799.999999991,0.0,True,False
53370,2025-02-07 01:30:00,128.7444642776139,581.0994642857142,452.355,10799.999999991,10799.999999991,0.0,True,False
53380,2025-02-07 01:40:00,133.79494225380435,590.6113922619047,456.81645000000003,10799.999999991,10799.999999991,0.0,True,False
53390,2025-02-07 01:50:00,149.44257439666157,595.4887577380952,446.04618333333326,10799.999999991,10799.999999991,0.0,True,False
53400,2025-02-07 02:00:00,149.09380951570913,591.8171428571428,442.72333333333336,10799.999999991,10799.999999991,0.0,True,False
53410,2025-02-07 02:10:00,134.7479577299949,594.9909910714285,460.2430333333333,10799.999999991,10799.999999991,0.0,True,False
53420,2025-02-07 02:20:00,121.49365118237588,603.4800678571429,481.9864166666667,10799.999999991,10799.999999991,0.0,True,False
53430,2025-02-07 02:30:00,119.00916665856633,609.3658333333333,490.3566666666666,10799.999999991,10799.999999991,0.0,True,False
53440,2025-02-07 02:40:00,127.87022320618539,608.1244232142857,480.25419999999997,10799.999999991,10799.999999991,0.0,True,False
53450,2025-02-07 02:50:00,145.47712022999488,615.2699202380952,469.7928,10799.999999991,10799.999999991,0.0,True,False
53460,2025-02-07 03:00:00,159.70583332523304,625.5125,465.8066666666667,10799.999999991,10799.999999991,0.0,True,False
53470,2025-02-07 03:10:00,154.60667201570905,619.4988053571427,464.89213333333333,10799.999999991,10799.999999991,0.0,True,False
53480,2025-02-07 03:20:00,134.3782910633282,623.1630244047618,488.7847333333333,10799.999999991,10799.999999991,0.0,True,False
53490,2025-02-07 03:30:00,111.98797618237583,633.2013095238095,521.2133333333334,10799.999999991,10799.999999991,0.0,True,False
53500,2025-02-07 03:40:00,105.74662796809022,621.7949613095238,516.0483333333333,10799.999999991,10799.999999991,0.0,True,False
53510,2025-02-07 03:50:00,137.7957577299949,624.3242577380952,486.52849999999995,10799.999999991,10799.999999991,0.0,True,False
53520,2025-02-07 04:00:00,162.818333325233,644.26,481.44166666666666,10799.999999991,10799.999999991,0.0,True,False
53530,2025-02-07 04:10:00,114.5034238014234,647.5161738095237,533.01275,10799.999999991,10799.999999991,0.0,True,False
53540,2025-02-07 04:20:00,109.29455594428063,642.1604059523809,532.8658499999999,10799.999999991,10799.999999991,0.0,True,False
53550,2025-02-07 04:30:00,155.9477976109474,641.6094642857144,485.66166666666663,10799.999999991,10799.999999991,0.0,True,False
53560,2025-02-07 04:40:00,148.19233332523308,649.0326333333334,500.84029999999996,10799.999999991,10799.999999991,0.0,True,False
53570,2025-02-07 04:50:00,133.50709820618542,650.342981547619,516.8358833333333,10799.999999991,10799.999999991,0.0,True,False
53580,2025-02-07 05:00:00,139.15761903951866,646.7642857142856,507.6066666666666,10799.999999991,10799.999999991,0.0,True,False
53590,2025-02-07 05:10:00,142.82936249189967,653.9256291666667,511.0962666666667,10799.999999991,10799.999999991,0.0,True,False
53600,2025-02-07 05:20:00,162.81430653951864,666.463556547619,503.64925,10799.999999991,10799.999999991,0.0,True,False
53610,2025-02-07 05:30:00,172.42315475380437,665.1898214285713,492.76666666666665,10799.999999991,10799.999999991,0.0,True,False
53620,2025-02-07 05:40:00,968.1950392776141,1479.9725726190477,511.7775333333333,10799.999999991,10799.999999991,0.0,True,False
53630,2025-02-07 05:50:00,186.8366571347568,697.7309238095238,510.8942666666667,10799.999999991,10799.999999991,0.0,True,False
53740,2025-02-07 07:40:00,484.57687077094886,1418.6803589285714,547.1815833333333,10451.77028564914,10799.999999991,348.22971434186036,True,False
53750,2025-02-07 07:50:00,72.32200892047112,627.765525595238,555.4435166666666,10799.999999991,10799.999999991,0.0,True,False
54240,2025-02-07 16:00:00,21.689761895761457,596.2664285714288,574.5766666666666,10799.99999999,10799.99999999,0.0,True,False
54250,2025-02-07 16:10:00,82.6450993957611,644.3507827380952,561.7056833333334,10799.99999999,10799.99999999,0.0,True,False
54260,2025-02-07 16:20:00,113.61790772909441,696.3586077380951,582.7407,10799.99999999,10799.99999999,0.0,True,False
54270,2025-02-07 16:30:00,135.33569939576117,745.5523660714285,610.2166666666667,10799.99999999,10799.99999999,0.0,True,False
54280,2025-02-07 16:40:00,189.82808689576092,787.6861035714282,597.8580166666666,10799.99999999,10799.99999999,0.0,True,False
54290,2025-02-07 16:50:00,289.7674190386184,815.5355023809524,525.7680833333333,10799.99999999,10799.99999999,0.0,True,False
54300,2025-02-07 17:00:00,393.1800595148088,835.0583928571428,441.87833333333333,10799.99999999,10799.99999999,0.0,True,False
54310,2025-02-07 17:10:00,433.51621546718974,858.362132142857,424.84591666666665,10799.99999999,10799.99999999,0.0,True,False
54320,2025-02-07 17:20:00,432.81883332433256,866.5088166666666,433.6899833333333,10799.99999999,10799.99999999,0.0,True,False
54330,2025-02-07 17:30:00,448.58726189576106,875.1372619047618,426.55,10799.99999999,10799.99999999,0.0,True,False
54340,2025-02-07 17:40:00,486.8033077290946,891.574574404762,404.77126666666663,10799.99999999,10799.99999999,0.0,True,False
54350,2025-02-07 17:50:00,378.9957398719515,799.2557732142856,420.2600333333333,10799.99999999,10799.99999999,0.0,True,False
54360,2025-02-07 18:00:00,193.99619046718973,652.4395238095237,458.44333333333327,10799.99999999,10799.99999999,0.0,True,False
54600,2025-02-07 22:00:00,146.91476191476204,1351.5280952380954,371.28,5791.836602709786,6541.836602700786,749.999999991,False,True
54610,2025-02-07 22:10:00,154.04838810523802,1340.4878214285714,353.10609999999997,6541.836602700786,7291.836602691786,749.999999991,False,True
54630,2025-02-07 22:30:00,107.03363096238103,1357.3602976190477,416.99333333333334,7416.913696611357,8166.913696602357,749.999999991,False,True
54640,2025-02-07 22:40:00,132.9153238195238,1359.4212238095238,393.1725666666667,8166.913696602357,8916.913696593358,749.999999991,False,True
54650,2025-02-07 22:50:00,147.02648989095246,1360.1584898809524,379.79866666666663,8916.913696593358,9666.913696584357,749.999999991,False,True
54660,2025-02-07 23:00:00,129.86654762904766,1359.474880952381,396.275,9666.913696584357,10416.913696575357,749.999999991,False,True
54670,2025-02-07 23:10:00,372.1796112853173,1197.9685261904763,400.1374666666666,10416.913696575357,10799.99999999,383.0863034146431,True,False
54680,2025-02-07 23:20:00,963.164584514809,1367.481717857143,404.3171333333333,10799.99999999,10799.99999999,0.0,True,False
54690,2025-02-07 23:30:00,955.7111904671897,1368.5161904761903,412.80499999999995,10799.99999999,10799.99999999,0.0,True,False
54700,2025-02-07 23:40:00,965.30210296719,1376.4199696428573,411.1178666666666,10799.99999999,10799.99999999,0.0,True,False
54710,2025-02-07 23:50:00,144.06101903861824,549.0744523809523,405.0134333333333,10799.99999999,10799.99999999,0.0,True,False
54720,2025-02-08 00:00:00,150.9399404671896,548.371607142857,397.4316666666667,10799.99999999,10799.99999999,0.0,True,False
54730,2025-02-08 00:10:00,155.98022558623737,546.2721422619047,390.2919166666666,10799.99999999,10799.99999999,0.0,True,False
54740,2025-02-08 00:20:00,141.73842082433256,553.4730208333333,411.7346,10799.99999999,10799.99999999,0.0,True,False
54750,2025-02-08 00:30:00,118.11928570528497,563.5542857142857,445.435,10799.99999999,10799.99999999,0.0,True,False
54760,2025-02-08 00:40:00,117.07629999099916,560.1546666666666,443.0783666666667,10799.99999999,10799.99999999,0.0,True,False
54770,2025-02-08 00:50:00,128.14586784814216,559.8785845238095,431.73271666666665,10799.99999999,10799.99999999,0.0,True,False
54780,2025-02-08 01:00:00,137.4350595148089,570.3617261904762,432.9266666666666,10799.99999999,10799.99999999,0.0,True,False
54790,2025-02-08 01:10:00,142.27304939576126,581.5397827380953,439.26673333333326,10799.99999999,10799.99999999,0.0,True,False
54800,2025-02-08 01:20:00,153.85971130052312,582.9229779761905,429.06326666666666,10799.99999999,10799.99999999,0.0,True,False
54810,2025-02-08 01:30:00,166.7914880862373,580.6298214285714,413.83833333333337,10799.99999999,10799.99999999,0.0,True,False
54820,2025-02-08 01:40:00,161.9479005862374,589.3889672619048,427.44106666666664,10799.99999999,10799.99999999,0.0,True,False
54830,2025-02-08 01:50:00,145.60124463385634,593.2300113095237,447.6287666666666,10799.99999999,10799.99999999,0.0,True,False
54840,2025-02-08 02:00:00,137.58476189576115,590.0180952380952,452.4333333333333,10799.99999999,10799.99999999,0.0,True,False
54850,2025-02-08 02:10:00,152.9323922529039,594.6703755952379,441.7379833333333,10799.99999999,10799.99999999,0.0,True,False
54860,2025-02-08 02:20:00,161.35416308623743,603.5629130952382,442.20875,10799.99999999,10799.99999999,0.0,True,False
54870,2025-02-08 02:30:00,163.13565475290406,608.6156547619048,445.48,10799.99999999,10799.99999999,0.0,True,False
54880,2025-02-08 02:40:00,183.11502856242785,607.0145452380953,423.89951666666667,10799.99999999,10799.99999999,0.0,True,False
54890,2025-02-08 02:50:00,178.68211784814204,614.1908511904761,435.50873333333334,10799.99999999,10799.99999999,0.0,True,False
54900,2025-02-08 03:00:00,141.65690475290407,624.0019047619048,482.345,10799.99999999,10799.99999999,0.0,True,False
54910,2025-02-08 03:10:00,114.59798808623722,616.756988095238,502.159,10799.99999999,10799.99999999,0.0,True,False
54920,2025-02-08 03:20:00,133.3894952290946,621.137811904762,487.74831666666665,10799.99999999,10799.99999999,0.0,True,False
54930,2025-02-08 03:30:00,172.1922023719517,633.6605357142857,461.4683333333333,10799.99999999,10799.99999999,0.0,True,False
54940,2025-02-08 03:40:00,168.80186368147545,623.1485303571428,454.34666666666664,10799.99999999,10799.99999999,0.0,True,False
54950,2025-02-08 03:50:00,152.28744761004677,623.8610309523808,471.5735833333333,10799.99999999,10799.99999999,0.0,True,False
54960,2025-02-08 04:00:00,147.6423809433803,641.947380952381,494.30499999999995,10799.99999999,10799.99999999,0.0,True,False
54970,2025-02-08 04:10:00,148.14455237195156,647.0882523809523,498.94370000000004,10799.99999999,10799.99999999,0.0,True,False
54980,2025-02-08 04:20:00,132.2415374909992,642.8794708333332,510.6379333333333,10799.99999999,10799.99999999,0.0,True,False
54990,2025-02-08 04:30:00,116.88220237195159,640.8955357142856,524.0133333333333,10799.99999999,10799.99999999,0.0,True,False
55000,2025-02-08 04:40:00,138.8263339195706,646.855150595238,508.02881666666667,10799.99999999,10799.99999999,0.0,True,False
55010,2025-02-08 04:50:00,149.16578391957066,647.8385005952381,498.6727166666667,10799.99999999,10799.99999999,0.0,True,False
55020,2025-02-08 05:00:00,138.8354761814755,644.6604761904762,505.82499999999993,10799.99999999,10799.99999999,0.0,True,False
55030,2025-02-08 05:10:00,146.28365594338024,651.699005952381,505.41535,10799.99999999,10799.99999999,0.0,True,False
55040,2025-02-08 05:20:00,153.75264403861834,663.7079273809524,509.9552833333333,10799.99999999,10799.99999999,0.0,True,False
55050,2025-02-08 05:30:00,142.895416657666,662.5020833333333,519.6066666666666,10799.99999999,10799.99999999,0.0,True,False
55060,2025-02-08 05:40:00,126.78375891957064,645.272325595238,518.4885666666667,10799.99999999,10799.99999999,0.0,True,False
55070,2025-02-08 05:50:00,182.42085653861827,696.2490232142857,513.8281666666667,10799.99999999,10799.99999999,0.0,True,False
55180,2025-02-08 07:40:00,296.1000798105057,1413.4292517857143,618.5355999999999,10351.085785213312,10799.999999991,448.9142147776878,True,False
55190,2025-02-08 07:50:00,9.639453563328322,623.5913702380954,613.9519166666666,10799.999999991,10799.999999991,0.0,True,False
55670,2025-02-08 15:50:00,2.2147184523807937,553.8007184523808,551.586,10800.0,10800.0,0.0,True,False
55680,2025-02-08 16:00:00,33.53059523809526,589.6939285714286,556.1633333333333,10800.0,10800.0,0.0,True,False
55690,2025-02-08 16:10:00,55.39737380952403,638.0277904761906,582.6304166666666,10800.0,10800.0,0.0,True,False
55700,2025-02-08 16:20:00,102.93488809523808,692.4211714285714,589.4862833333333,10800.0,10800.0,0.0,True,False
55710,2025-02-08 16:30:00,162.8852380952381,743.1035714285714,580.2183333333332,10800.0,10800.0,0.0,True,False
55720,2025-02-08 16:40:00,198.54502083333307,783.960420833333,585.4154,10800.0,10800.0,0.0,True,False
55730,2025-02-08 16:50:00,263.6768476190477,811.0122476190477,547.3353999999999,10800.0,10800.0,0.0,True,False
55740,2025-02-08 17:00:00,367.2040178571427,831.3640178571427,464.15999999999997,10800.0,10800.0,0.0,True,False
55750,2025-02-08 17:10:00,448.9738089285715,855.3986589285714,406.42485,10800.0,10800.0,0.0,True,False
55760,2025-02-08 17:20:00,447.54924940476184,864.2800827380952,416.73083333333335,10800.0,10800.0,0.0,True,False
55770,2025-02-08 17:30:00,414.63345238095235,873.370119047619,458.7366666666667,10800.0,10800.0,0.0,True,False
55780,2025-02-08 17:40:00,434.99030059523807,889.248050595238,454.25775,10800.0,10800.0,0.0,True,False
55790,2025-02-08 17:50:00,356.58452261904745,797.0584059523808,440.47388333333333,10800.0,10800.0,0.0,True,False
55800,2025-02-08 18:00:00,204.6875000000001,651.4891666666667,446.8016666666666,10800.0,10800.0,0.0,True,False
56040,2025-02-08 22:00:00,136.0036904861903,1349.1320238095236,379.79499999999996,5926.304207065026,6676.304207055026,749.99999999,False,True
56050,2025-02-08 22:10:00,105.35595655761902,1338.8635732142857,400.17428333333334,6676.304207055026,7426.304207046026,749.999999991,False,True
56070,2025-02-08 22:30:00,145.36511905761915,1357.5134523809525,378.81499999999994,7530.871974001312,8280.871973992313,749.999999991,False,True
56080,2025-02-08 22:40:00,154.75037977190482,1358.4829297619049,370.3992166666667,8280.871973992313,9030.871973983312,749.999999991,False,True
56090,2025-02-08 22:50:00,137.3872958433335,1359.1017625000002,388.3811333333333,9030.871973983312,9780.871973974312,749.999999991,False,True
56100,2025-02-08 23:00:00,123.89839286714299,1358.9200595238096,401.68833333333333,9780.871973974312,10530.871973965312,749.999999991,False,True
56110,2025-02-08 23:10:00,515.736825448759,1196.1246154761905,381.35665,10530.871973965312,10799.99999999,269.12802602468844,True,False
56120,2025-02-08 23:20:00,976.5054285624279,1365.764061904762,389.25863333333336,10799.99999999,10799.99999999,0.0,True,False
56130,2025-02-08 23:30:00,957.360773800523,1368.6324404761904,411.27166666666665,10799.99999999,10799.99999999,0.0,True,False
56140,2025-02-08 23:40:00,993.9345499909992,1376.9096,382.97505,10799.99999999,10799.99999999,0.0,True,False
56150,2025-02-08 23:50:00,122.15194403861827,548.875844047619,426.7239,10799.99999999,10799.99999999,0.0,True,False
56160,2025-02-09 00:00:00,12.181130943380117,547.3261309523808,535.145,10799.99999999,10799.99999999,0.0,True,False
63370,2025-02-14 00:10:00,118.24665953380962,1369.4808761904762,417.9008833333333,8375.547826799142,9125.547826789141,749.99999999,False,True
63380,2025-02-14 00:20:00,124.71440774809513,1375.4489077380952,417.40116666666665,9125.547826789141,9875.54782678014,749.999999991,False,True
63430,2025-02-14 01:10:00,47.35587374841088,570.9482398809523,407.8019333333333,10695.788610471713,10799.999999991,104.21138951928731,True,False
63440,2025-02-14 01:20:00,160.21129403951883,570.7528773809524,410.5415833333333,10799.999999991,10799.999999991,0.0,True,False
63450,2025-02-14 01:30:00,148.68398808713786,569.7206547619048,421.03666666666663,10799.999999991,10799.999999991,0.0,True,False
63460,2025-02-14 01:40:00,164.92148153951868,578.9953982142856,414.0739166666666,10799.999999991,10799.999999991,0.0,True,False
63470,2025-02-14 01:50:00,166.37999820618538,583.417831547619,417.0378333333333,10799.999999991,10799.999999991,0.0,True,False
63480,2025-02-14 02:00:00,140.74589284904252,581.0475595238095,440.3016666666666,10799.999999991,10799.999999991,0.0,True,False
63490,2025-02-14 02:10:00,121.11338153951883,585.8160815476191,464.70269999999994,10799.999999991,10799.999999991,0.0,True,False
63500,2025-02-14 02:20:00,119.6980595157091,595.3380095238094,475.63995,10799.999999991,10799.999999991,0.0,True,False
63510,2025-02-14 02:30:00,121.30636903951873,600.1697023809523,478.8633333333333,10799.999999991,10799.999999991,0.0,True,False
63520,2025-02-14 02:40:00,104.74280892047105,594.9556589285713,490.21284999999995,10799.999999991,10799.999999991,0.0,True,False
63530,2025-02-14 02:50:00,108.5841666585662,600.3665833333332,491.7824166666667,10799.999999991,10799.999999991,0.0,True,False
63540,2025-02-14 03:00:00,123.72583332523308,612.5125,488.78666666666663,10799.999999991,10799.999999991,0.0,True,False
63550,2025-02-14 03:10:00,102.98728392047107,608.2271005952381,505.2398166666667,10799.999999991,10799.999999991,0.0,True,False
63560,2025-02-14 03:20:00,95.37437082523317,610.1545208333334,514.7801499999999,10799.999999991,10799.999999991,0.0,True,False
63570,2025-02-14 03:30:00,107.32005951570912,619.1900595238094,511.86999999999995,10799.999999991,10799.999999991,0.0,True,False
63580,2025-02-14 03:40:00,101.02030713475662,613.959057142857,512.93875,10799.999999991,10799.999999991,0.0,True,False
63590,2025-02-14 03:50:00,127.20103749189977,616.8843875000001,489.68335,10799.999999991,10799.999999991,0.0,True,False
63600,2025-02-14 04:00:00,173.8489880871376,632.2389880952379,458.39,10799.999999991,10799.999999991,0.0,True,False
63610,2025-02-14 04:10:00,170.5937446347568,639.5050946428571,468.91134999999997,10799.999999991,10799.999999991,0.0,True,False
63620,2025-02-14 04:20:00,154.27476249189962,637.1452458333333,482.87048333333337,10799.999999991,10799.999999991,0.0,True,False
63630,2025-02-14 04:30:00,148.37410713475683,634.8641071428572,486.49,10799.999999991,10799.999999991,0.0,True,False
63640,2025-02-14 04:40:00,138.78325415856628,641.7463374999999,502.9630833333333,10799.999999991,10799.999999991,0.0,True,False
63650,2025-02-14 04:50:00,126.14542142047102,640.841588095238,514.6961666666666,10799.999999991,10799.999999991,0.0,True,False
63660,2025-02-14 05:00:00,131.4384523728522,634.5101190476191,503.0716666666666,10799.999999991,10799.999999991,0.0,True,False
63670,2025-02-14 05:10:00,172.2121851109473,642.6849851190476,470.4728,10799.999999991,10799.999999991,0.0,True,False
63680,2025-02-14 05:20:00,189.42144463475668,652.3220613095236,462.9006166666666,10799.999999991,10799.999999991,0.0,True,False
63690,2025-02-14 05:30:00,147.74904761094726,648.1273809523809,500.37833333333333,10799.999999991,10799.999999991,0.0,True,False
63700,2025-02-14 05:40:00,915.834570229995,1471.0244202380952,555.18985,10799.999999991,10799.999999991,0.0,True,False
63710,2025-02-14 05:50:00,130.356026777614,690.1232767857143,559.76725,10799.999999991,10799.999999991,0.0,True,False
64330,2025-02-14 16:10:00,14.366197619047739,606.3474976190477,591.9812999999999,10800.0,10800.0,0.0,True,False
64340,2025-02-14 16:20:00,77.7224910714283,661.143407738095,583.4209166666667,10800.0,10800.0,0.0,True,False
64350,2025-02-14 16:30:00,152.51623511904762,713.1179017857144,560.6016666666667,10800.0,10800.0,0.0,True,False
64360,2025-02-14 16:40:00,185.79583095238092,756.3114809523809,570.5156499999999,10800.0,10800.0,0.0,True,False
64370,2025-02-14 16:50:00,262.8956946428571,783.8044779761904,520.9087833333333,10800.0,10800.0,0.0,True,False
64380,2025-02-14 17:00:00,362.0017261904761,805.8967261904761,443.895,10800.0,10800.0,0.0,True,False
64390,2025-02-14 17:10:00,370.605974404762,839.106674404762,468.50069999999994,10800.0,10800.0,0.0,True,False
64400,2025-02-14 17:20:00,376.8411339285713,855.2215172619046,478.38038333333327,10800.0,10800.0,0.0,True,False
64410,2025-02-14 17:30:00,422.6414285714286,865.1380952380953,442.49666666666667,10800.0,10800.0,0.0,True,False
64420,2025-02-14 17:40:00,431.48171011904776,879.8022101190477,448.3204999999999,10800.0,10800.0,0.0,True,False
64430,2025-02-14 17:50:00,323.2542392857144,788.5822392857143,465.328,10800.0,10800.0,0.0,True,False
64440,2025-02-14 18:00:00,177.8617857142857,646.2267857142857,468.365,10800.0,10800.0,0.0,True,False
64680,2025-02-14 22:00:00,158.4929166766667,1346.7279166666667,354.90166666666664,5805.680202058684,6555.680202049683,749.999999991,False,True
64690,2025-02-14 22:10:00,131.14896131952378,1331.9894279761904,367.50713333333334,6555.680202049683,7305.680202040683,749.999999991,False,True
64710,2025-02-14 22:30:00,154.4035119147618,1351.0818452380952,363.345,7431.190823281683,8181.190823271683,749.99999999,False,True
64720,2025-02-14 22:40:00,128.17969048619034,1352.865257142857,391.35223333333334,8181.190823271683,8931.190823262683,749.999999991,False,True
64730,2025-02-14 22:50:00,116.95662262904783,1352.2220892857144,401.9321333333333,8931.190823262683,9681.190823253683,749.999999991,False,True
64740,2025-02-14 23:00:00,131.7416071528571,1351.2199404761905,386.145,9681.190823253683,10431.190823244682,749.999999991,False,True
64750,2025-02-14 23:10:00,383.91853178980574,1190.5282226190477,396.82171666666665,10431.190823244682,10799.999999991,368.8091767463178,True,False
64760,2025-02-14 23:20:00,950.6122089204711,1360.5610589285714,409.94885,10799.999999991,10799.999999991,0.0,True,False
64770,2025-02-14 23:30:00,949.745476182376,1360.7604761904763,411.015,10799.999999991,10799.999999991,0.0,True,False
64780,2025-02-14 23:40:00,954.2371113014235,1366.7516613095238,412.51455,10799.999999991,10799.999999991,0.0,True,False
64790,2025-02-14 23:50:00,122.6171958252331,539.0083125000001,416.3911166666667,10799.999999991,10799.999999991,0.0,True,False
64800,2025-02-15 00:00:00,121.27101189666152,539.5310119047618,418.26,10799.999999991,10799.999999991,0.0,True,False
64810,2025-02-15 00:10:00,125.86520415856629,537.6364041666666,411.77119999999996,10799.999999991,10799.999999991,0.0,True,False
64820,2025-02-15 00:20:00,145.7420696347568,542.7507196428571,397.00865,10799.999999991,10799.999999991,0.0,True,False
64830,2025-02-15 00:30:00,156.65202380142333,551.3370238095237,394.685,10799.999999991,10799.999999991,0.0,True,False
64840,2025-02-15 00:40:00,124.26137380142345,551.3688238095237,427.10745,10799.999999991,10799.999999991,0.0,True,False
64850,2025-02-15 00:50:00,105.51404701570922,554.5945136904762,449.08046666666667,10799.999999991,10799.999999991,0.0,True,False
64860,2025-02-15 01:00:00,118.93452380142341,563.9495238095237,445.015,10799.999999991,10799.999999991,0.0,True,False
64870,2025-02-15 01:10:00,129.58496427761392,569.3863809523809,439.8014166666667,10799.999999991,10799.999999991,0.0,True,False
64880,2025-02-15 01:20:00,134.99170713475675,568.8716571428571,433.87995,10799.999999991,10799.999999991,0.0,True,False
64890,2025-02-15 01:30:00,138.78505951570926,568.8483928571429,430.06333333333333,10799.999999991,10799.999999991,0.0,True,False
64900,2025-02-15 01:40:00,142.9637595157092,576.9654928571429,434.00173333333333,10799.999999991,10799.999999991,0.0,True,False
64910,2025-02-15 01:50:00,152.83468094428062,581.1509476190475,428.3162666666666,10799.999999991,10799.999999991,0.0,True,False
64920,2025-02-15 02:00:00,153.57714284904242,580.0688095238094,426.4916666666666,10799.999999991,10799.999999991,0.0,True,False
64930,2025-02-15 02:10:00,125.80656784904252,585.0348845238095,459.2283166666667,10799.999999991,10799.999999991,0.0,True,False
64940,2025-02-15 02:20:00,113.52560594428067,594.8222892857143,481.2966833333333,10799.999999991,10799.999999991,0.0,True,False
64950,2025-02-15 02:30:00,124.62726189666134,600.1822619047616,475.55499999999995,10799.999999991,10799.999999991,0.0,True,False
64960,2025-02-15 02:40:00,126.47682618237579,594.5862095238094,468.1093833333333,10799.999999991,10799.999999991,0.0,True,False
64970,2025-02-15 02:50:00,131.95317975380433,599.8131797619046,467.85999999999996,10799.999999991,10799.999999991,0.0,True,False
64980,2025-02-15 03:00:00,140.30964284904243,612.3229761904761,472.0133333333333,10799.999999991,10799.999999991,0.0,True,False
64990,2025-02-15 03:10:00,136.9698154680901,608.083982142857,471.1141666666666,10799.999999991,10799.999999991,0.0,True,False
65000,2025-02-15 03:20:00,151.77300534904256,609.4541886904763,457.68118333333337,10799.999999991,10799.999999991,0.0,True,False
65010,2025-02-15 03:30:00,167.35660713475679,618.0666071428572,450.71000000000004,10799.999999991,10799.999999991,0.0,True,False
65020,2025-02-15 03:40:00,136.02983689666164,613.3251035714286,477.29526666666663,10799.999999991,10799.999999991,0.0,True,False
65030,2025-02-15 03:50:00,120.07456189666149,615.2883619047618,495.2138,10799.999999991,10799.999999991,0.0,True,False
65040,2025-02-15 04:00:00,140.2438095157091,628.5038095238094,488.26,10799.999999991,10799.999999991,0.0,True,False
65050,2025-02-15 04:10:00,156.45870534904256,635.4130220238095,478.9543166666666,10799.999999991,10799.999999991,0.0,True,False
65060,2025-02-15 04:20:00,163.85440356332813,634.4019702380951,470.5475666666667,10799.999999991,10799.999999991,0.0,True,False
65070,2025-02-15 04:30:00,164.37130951570916,633.3946428571428,469.0233333333333,10799.999999991,10799.999999991,0.0,True,False
65080,2025-02-15 04:40:00,155.20322320618538,639.6949565476191,484.49173333333334,10799.999999991,10799.999999991,0.0,True,False
65090,2025-02-15 04:50:00,127.4271351109472,638.1112851190475,510.68414999999993,10799.999999991,10799.999999991,0.0,True,False
65100,2025-02-15 05:00:00,111.90982142047105,631.611488095238,519.7016666666666,10799.999999991,10799.999999991,0.0,True,False
65110,2025-02-15 05:10:00,147.4147541585665,639.2469041666668,491.83215,10799.999999991,10799.999999991,0.0,True,False
65120,2025-02-15 05:20:00,144.5049107061852,649.2413773809521,504.7364666666666,10799.999999991,10799.999999991,0.0,True,False
65130,2025-02-15 05:30:00,103.23041665856633,646.3654166666666,543.135,10799.999999991,10799.999999991,0.0,True,False
65140,2025-02-15 05:40:00,118.21634046809001,636.8232238095236,518.6068833333333,10799.999999991,10799.999999991,0.0,True,False
65150,2025-02-15 05:50:00,174.52483987285197,689.602456547619,515.0776166666667,10799.999999991,10799.999999991,0.0,True,False
65770,2025-02-15 16:10:00,27.945048214285862,603.2154648809525,575.2704166666666,10800.0,10800.0,0.0,True,False
65780,2025-02-15 16:20:00,97.63314285714273,657.7620095238094,560.1288666666667,10800.0,10800.0,0.0,True,False
65790,2025-02-15 16:30:00,154.62747023809544,708.0308035714287,553.4033333333333,10800.0,10800.0,0.0,True,False
65800,2025-02-15 16:40:00,173.35700000000008,751.4502666666667,578.0932666666666,10800.0,10800.0,0.0,True,False
65810,2025-02-15 16:50:00,233.4586642857143,780.0016976190476,546.5430333333334,10800.0,10800.0,0.0,True,False
65820,2025-02-15 17:00:00,338.6458928571427,803.1225595238094,464.4766666666667,10800.0,10800.0,0.0,True,False
65830,2025-02-15 17:10:00,405.9304994047619,837.6501827380953,431.7196833333333,10800.0,10800.0,0.0,True,False
65840,2025-02-15 17:20:00,415.42980535714287,854.8451053571428,439.41529999999995,10800.0,10800.0,0.0,True,False
65850,2025-02-15 17:30:00,410.11779761904756,865.1194642857142,455.00166666666667,10800.0,10800.0,0.0,True,False
65860,2025-02-15 17:40:00,423.67875773809544,879.6202744047621,455.94151666666664,10800.0,10800.0,0.0,True,False
65870,2025-02-15 17:50:00,347.17656726190484,788.7837672619048,441.6072,10800.0,10800.0,0.0,True,False
65880,2025-02-15 18:00:00,207.22166666666652,646.9166666666665,439.695,10800.0,10800.0,0.0,True,False
66120,2025-02-15 22:00:00,150.95053572428583,1345.0938690476191,360.81,5638.222019075876,6388.222019066876,749.999999991,False,True
66130,2025-02-15 22:10:00,154.7890327480951,1330.6942827380951,342.57191666666665,6388.222019066876,7138.2220190578755,749.999999991,False,True
66150,2025-02-15 22:30:00,83.76678572428555,1350.510119047619,433.40999999999997,7253.45857083459,8003.45857082559,749.999999991,False,True
66160,2025-02-15 22:40:00,96.93802381952376,1353.0904404761905,422.8190833333333,8003.45857082559,8753.45857081659,749.999999991,False,True
66170,2025-02-15 22:50:00,116.23946251000005,1351.0820958333334,401.5093,8753.45857081659,9503.45857080759,749.999999991,False,True
66180,2025-02-15 23:00:00,113.22005953380959,1348.253392857143,401.69999999999993,9503.45857080759,10253.45857079859,749.999999991,False,True
66190,2025-02-15 23:10:00,169.10126915129047,1189.2139071428574,412.8443833333333,10253.45857079859,10799.999999991,546.5414291924102,True,False
66200,2025-02-15 23:20:00,940.777175587138,1359.8277422619049,419.0505666666666,10799.999999991,10799.999999991,0.0,True,False
66210,2025-02-15 23:30:00,952.1173214204713,1358.8356547619048,406.7183333333333,10799.999999991,10799.999999991,0.0,True,False
66220,2025-02-15 23:40:00,980.3301101109473,1365.6651767857143,385.33506666666665,10799.999999991,10799.999999991,0.0,True,False
66230,2025-02-15 23:50:00,99.936876777614,538.6417101190476,438.7048333333333,10799.999999991,10799.999999991,0.0,True,False
70470,2025-02-18 22:30:00,4.121130962381122,1346.5527976190479,509.09833333333336,2591.696804144434,3341.696804134434,749.99999999,False,True
70480,2025-02-18 22:40:00,2.8997952480949527,1350.9406119047617,514.7074833333334,3341.696804134434,4091.696804124434,749.99999999,False,True
70900,2025-02-19 05:40:00,28.591744057619046,1465.1075773809523,603.1824999999999,8789.358214785363,9539.358214775362,749.99999999,False,True
73450,2025-02-21 00:10:00,130.35522203380947,1364.4168386904762,400.72828333333337,8241.574697017397,8991.574697007396,749.99999999,False,True
73460,2025-02-21 00:20:00,135.08295715285738,1369.5123404761907,401.09605,8991.574697007396,9741.574696998396,749.999999991,False,True
73520,2025-02-21 01:20:00,21.17309278603056,560.1816809523809,420.25515,10693.121905641285,10799.999999991,106.87809434971531,True,False
73530,2025-02-21 01:30:00,106.52999999189959,559.0249999999999,452.49499999999995,10799.999999991,10799.999999991,0.0,True,False
73540,2025-02-21 01:40:00,149.6939249918996,569.3018916666666,419.6079666666667,10799.999999991,10799.999999991,0.0,True,False
73550,2025-02-21 01:50:00,143.45213570618537,572.154719047619,428.7025833333333,10799.999999991,10799.999999991,0.0,True,False
73560,2025-02-21 02:00:00,83.92494046809006,567.6449404761904,483.72,10799.999999991,10799.999999991,0.0,True,False
73570,2025-02-21 02:10:00,97.72042082523282,575.5299041666665,477.80948333333333,10799.999999991,10799.999999991,0.0,True,False
73580,2025-02-21 02:20:00,119.72827439666148,588.2183244047618,468.49005,10799.999999991,10799.999999991,0.0,True,False
73590,2025-02-21 02:30:00,115.2049404680902,593.6866071428572,478.4816666666666,10799.999999991,10799.999999991,0.0,True,False
73600,2025-02-21 02:40:00,119.4464934442806,588.7937767857143,469.34728333333334,10799.999999991,10799.999999991,0.0,True,False
73610,2025-02-21 02:50:00,127.49635594428045,593.8058726190475,466.3095166666667,10799.999999991,10799.999999991,0.0,True,False
73620,2025-02-21 03:00:00,138.36547618237577,604.4054761904761,466.03999999999996,10799.999999991,10799.999999991,0.0,True,False
73630,2025-02-21 03:10:00,156.1873220157092,597.8748053571428,441.68748333333326,10799.999999991,10799.999999991,0.0,True,False
73640,2025-02-21 03:20:00,148.30755118237593,598.1028345238095,449.79528333333326,10799.999999991,10799.999999991,0.0,True,False
73650,2025-02-21 03:30:00,126.69619046809007,608.7945238095238,482.09833333333336,10799.999999991,10799.999999991,0.0,True,False
73660,2025-02-21 03:40:00,134.4959499918996,609.2466,474.75065,10799.999999991,10799.999999991,0.0,True,False
73670,2025-02-21 03:50:00,126.98887142047121,609.3319714285715,482.34309999999994,10799.999999991,10799.999999991,0.0,True,False
73680,2025-02-21 04:00:00,113.99494046809022,616.2249404761906,502.23,10799.999999991,10799.999999991,0.0,True,False
73690,2025-02-21 04:10:00,146.6509851109473,625.1099851190476,478.45899999999995,10799.999999991,10799.999999991,0.0,True,False
73700,2025-02-21 04:20:00,139.07044761094718,626.6181476190475,487.54769999999996,10799.999999991,10799.999999991,0.0,True,False
73710,2025-02-21 04:30:00,108.91613094428052,624.4911309523808,515.5749999999999,10799.999999991,10799.999999991,0.0,True,False
73720,2025-02-21 04:40:00,155.87921963475682,630.4388529761904,474.55963333333335,10799.999999991,10799.999999991,0.0,True,False
73730,2025-02-21 04:50:00,160.60715058713785,632.2009005952382,471.59375,10799.999999991,10799.999999991,0.0,True,False
73740,2025-02-21 05:00:00,116.97994046809012,626.8849404761904,509.905,10799.999999991,10799.999999991,0.0,True,False
73750,2025-02-21 05:10:00,138.47659403951866,625.670444047619,487.19385,10799.999999991,10799.999999991,0.0,True,False
73760,2025-02-21 05:20:00,143.25897618237568,633.2546595238093,489.9956833333333,10799.999999991,10799.999999991,0.0,True,False
73770,2025-02-21 05:30:00,97.63755951570928,636.2475595238095,538.6099999999999,10799.999999991,10799.999999991,0.0,True,False
73780,2025-02-21 05:40:00,904.5373327299949,1460.2870994047616,555.7497666666666,10799.999999991,10799.999999991,0.0,True,False
73790,2025-02-21 05:50:00,145.35496130142334,680.3929613095237,535.038,10799.999999991,10799.999999991,0.0,True,False
74410,2025-02-21 16:10:00,0.46355057723657184,567.0490339285714,566.5854833333333,10799.999999979998,10799.999999979998,0.0,True,False
74420,2025-02-21 16:20:00,72.8798041486652,619.5426208333333,546.6628166666667,10799.999999979998,10799.999999979998,0.0,True,False
74430,2025-02-21 16:30:00,123.39699402961737,669.0953273809521,545.6983333333333,10799.999999979998,10799.999999979998,0.0,True,False
74440,2025-02-21 16:40:00,131.07570593437953,719.2911559523809,588.2154499999999,10799.999999979998,10799.999999979998,0.0,True,False
74450,2025-02-21 16:50:00,203.9409309343795,753.9615142857143,550.0205833333333,10799.999999979998,10799.999999979998,0.0,True,False
74460,2025-02-21 17:00:00,328.26590772009376,779.3775744047618,451.1116666666667,10799.999999979998,10799.999999979998,0.0,True,False
74470,2025-02-21 17:10:00,379.94159224390324,817.4031589285713,437.46156666666667,10799.999999979998,10799.999999979998,0.0,True,False
74480,2025-02-21 17:20:00,406.0564386724747,842.7128053571429,436.65636666666666,10799.999999979998,10799.999999979998,0.0,True,False
74490,2025-02-21 17:30:00,433.30571426771286,860.6373809523809,427.3316666666666,10799.999999979998,10799.999999979998,0.0,True,False
74500,2025-02-21 17:40:00,410.3497231962843,875.0995232142857,464.74979999999994,10799.999999979998,10799.999999979998,0.0,True,False
74510,2025-02-21 17:50:00,299.2602928391414,782.7563928571428,483.49609999999996,10799.999999979998,10799.999999979998,0.0,True,False
74520,2025-02-21 18:00:00,176.52797617247472,640.4629761904762,463.935,10799.999999979998,10799.999999979998,0.0,True,False
74760,2025-02-21 22:00:00,97.1117857242857,1338.5484523809523,408.1033333333333,5865.018397230479,6615.0183972204795,749.99999999,False,True
74770,2025-02-21 22:10:00,114.93370239095246,1324.9014190476191,376.63438333333335,6615.0183972204795,7365.018397211479,749.999999991,False,True
74790,2025-02-21 22:30:00,128.97720239095247,1342.1205357142858,379.81,7493.202788809622,8243.202788799621,749.99999999,False,True
74800,2025-02-21 22:40:00,106.85940001000016,1347.4621000000002,407.26936666666666,8243.202788799621,8993.20278879062,749.999999991,False,True
74810,2025-02-21 22:50:00,101.23128870047616,1349.9382220238094,415.37359999999995,8993.20278879062,9743.20278878162,749.999999991,False,True
74820,2025-02-21 23:00:00,105.07136905761875,1348.2463690476188,409.8416666666667,9743.20278878162,10493.20278877162,749.99999999,False,True
74830,2025-02-21 23:10:00,423.0222728514821,1184.7439297619048,420.8358666666666,10493.20278877162,10799.999999991,306.79721121938053,True,False
74840,2025-02-21 23:20:00,948.3799732061855,1354.1341898809524,405.7542166666666,10799.999999991,10799.999999991,0.0,True,False
74850,2025-02-21 23:30:00,976.2623214204709,1356.138988095238,379.87666666666667,10799.999999991,10799.999999991,0.0,True,False
74860,2025-02-21 23:40:00,954.9575166585664,1362.3552833333333,407.3977666666666,10799.999999991,10799.999999991,0.0,True,False
74870,2025-02-21 23:50:00,87.75777737285202,530.748494047619,442.9907166666667,10799.999999991,10799.999999991,0.0,True,False
74880,2025-02-22 00:00:00,91.80130951570911,528.1813095238094,436.38,10799.999999991,10799.999999991,0.0,True,False
74890,2025-02-22 00:10:00,146.31185832523286,530.7829916666665,384.4711333333333,10799.999999991,10799.999999991,0.0,True,False
74900,2025-02-22 00:20:00,160.39304582523303,535.6040791666667,375.2110333333333,10799.999999991,10799.999999991,0.0,True,False
74910,2025-02-22 00:30:00,124.75755951570918,539.3425595238095,414.58500000000004,10799.999999991,10799.999999991,0.0,True,False
74920,2025-02-22 00:40:00,114.32452618237605,542.3963595238097,428.0718333333333,10799.999999991,10799.999999991,0.0,True,False
74930,2025-02-22 00:50:00,112.68904284904252,548.1850095238095,435.4959666666667,10799.999999991,10799.999999991,0.0,True,False
74940,2025-02-22 01:00:00,108.13892856332834,555.5922619047619,447.45333333333326,10799.999999991,10799.999999991,0.0,True,False
74950,2025-02-22 01:10:00,112.4177726109472,559.2720892857142,446.85431666666665,10799.999999991,10799.999999991,0.0,True,False
74960,2025-02-22 01:20:00,117.11603332523302,558.25725,441.14121666666665,10799.999999991,10799.999999991,0.0,True,False
74970,2025-02-22 01:30:00,127.52583332523292,558.6524999999999,431.12666666666667,10799.999999991,10799.999999991,0.0,True,False
74980,2025-02-22 01:40:00,151.16768451570917,567.1473845238095,415.9797,10799.999999991,10799.999999991,0.0,True,False
74990,2025-02-22 01:50:00,132.18293511094728,569.9403517857143,437.75741666666664,10799.999999991,10799.999999991,0.0,True,False
75000,2025-02-22 02:00:00,88.04214284904262,567.3271428571429,479.28499999999997,10799.999999991,10799.999999991,0.0,True,False
75010,2025-02-22 02:10:00,97.92706368237575,574.1746470238094,476.2475833333333,10799.999999991,10799.999999991,0.0,True,False
75020,2025-02-22 02:20:00,131.10627142047113,586.3891714285714,455.2829,10799.999999991,10799.999999991,0.0,True,False
75030,2025-02-22 02:30:00,146.03392856332832,592.5455952380953,446.51166666666666,10799.999999991,10799.999999991,0.0,True,False
75040,2025-02-22 02:40:00,131.1819791585664,586.4134625,455.2314833333333,10799.999999991,10799.999999991,0.0,True,False
75050,2025-02-22 02:50:00,122.55820118237577,590.5877345238094,468.02953333333335,10799.999999991,10799.999999991,0.0,True,False
75060,2025-02-22 03:00:00,123.47202380142349,601.4370238095238,477.965,10799.999999991,10799.999999991,0.0,True,False
75070,2025-02-22 03:10:00,106.57686546809006,594.7025988095237,488.1257333333333,10799.999999991,10799.999999991,0.0,True,False
75080,2025-02-22 03:20:00,98.06273153951881,595.8975482142857,497.8348166666666,10799.999999991,10799.999999991,0.0,True,False
75090,2025-02-22 03:30:00,106.3102380871376,607.9885714285713,501.67833333333334,10799.999999991,10799.999999991,0.0,True,False
75100,2025-02-22 03:40:00,112.13895594428058,607.7911392857143,495.65218333333337,10799.999999991,10799.999999991,0.0,True,False
75110,2025-02-22 03:50:00,113.01423630142344,608.2509696428571,495.2367333333333,10799.999999991,10799.999999991,0.0,True,False
75120,2025-02-22 04:00:00,114.6670238014236,615.9720238095239,501.30499999999995,10799.999999991,10799.999999991,0.0,True,False
75130,2025-02-22 04:10:00,124.19300832523302,622.754825,498.56181666666663,10799.999999991,10799.999999991,0.0,True,False
75140,2025-02-22 04:20:00,138.95525415856636,624.4938875,485.53863333333334,10799.999999991,10799.999999991,0.0,True,False
75150,2025-02-22 04:30:00,150.02613094428054,624.1111309523809,474.08500000000004,10799.999999991,10799.999999991,0.0,True,False
75160,2025-02-22 04:40:00,149.43540951570915,627.4396761904761,478.00426666666664,10799.999999991,10799.999999991,0.0,True,False
75170,2025-02-22 04:50:00,147.47730237285205,628.8971857142857,481.4198833333333,10799.999999991,10799.999999991,0.0,True,False
75180,2025-02-22 05:00:00,140.15226189666154,625.9372619047618,485.78499999999997,10799.999999991,10799.999999991,0.0,True,False
75190,2025-02-22 05:10:00,116.72230058713778,623.4525172619047,506.73021666666665,10799.999999991,10799.999999991,0.0,True,False
75200,2025-02-22 05:20:00,112.98450594428058,631.2428226190475,518.2583166666666,10799.999999991,10799.999999991,0.0,True,False
75210,2025-02-22 05:30:00,128.12982142047113,636.5031547619047,508.3733333333333,10799.999999991,10799.999999991,0.0,True,False
75220,2025-02-22 05:40:00,132.4099470157093,626.6127970238095,494.20284999999996,10799.999999991,10799.999999991,0.0,True,False
75230,2025-02-22 05:50:00,171.15720832523292,679.3391416666666,508.18193333333335,10799.999999991,10799.999999991,0.0,True,False
75850,2025-02-22 16:10:00,3.0470309433802414,559.5510976190476,556.5040666666666,10799.99999999,10799.99999999,0.0,True,False
75860,2025-02-22 16:20:00,78.62554106242786,612.8928244047619,534.2672833333334,10799.99999999,10799.99999999,0.0,True,False
75870,2025-02-22 16:30:00,110.53328868147523,663.4499553571426,552.9166666666666,10799.99999999,10799.99999999,0.0,True,False
75880,2025-02-22 16:40:00,137.36373868147535,714.8493053571427,577.4855666666666,10799.99999999,10799.99999999,0.0,True,False
75890,2025-02-22 16:50:00,227.231367252904,750.7317839285714,523.5004166666666,10799.99999999,10799.99999999,0.0,True,False
75900,2025-02-22 17:00:00,336.80441963385647,776.5444196428572,439.74,10799.99999999,10799.99999999,0.0,True,False
75910,2025-02-22 17:10:00,354.98320594337997,813.6210559523806,458.63784999999996,10799.99999999,10799.99999999,0.0,True,False
75920,2025-02-22 17:20:00,366.1282148719517,839.5098148809524,473.3816,10799.99999999,10799.99999999,0.0,True,False
75930,2025-02-22 17:30:00,405.2678868957613,859.537886904762,454.27,10799.99999999,10799.99999999,0.0,True,False
75940,2025-02-22 17:40:00,397.29772677671366,875.4126767857143,478.11494999999996,10799.99999999,10799.99999999,0.0,True,False
75950,2025-02-22 17:50:00,288.0702827290944,784.0904494047618,496.0201666666667,10799.99999999,10799.99999999,0.0,True,False
75960,2025-02-22 18:00:00,163.32494046718975,641.8582738095238,478.5333333333333,10799.99999999,10799.99999999,0.0,True,False
76200,2025-02-22 22:00:00,95.21041667666667,1339.95875,411.41499999999996,5759.958796334395,6509.958796325394,749.999999991,False,True
76210,2025-02-22 22:10:00,112.8178154861905,1324.2459654761906,378.0948166666667,6509.958796325394,7259.958796316394,749.999999991,False,True
76230,2025-02-22 22:30:00,114.76011905761901,1339.715119047619,391.62166666666667,7371.738750771679,8121.7387507616795,749.99999999,False,True
76240,2025-02-22 22:40:00,153.7598916766667,1346.246725,359.15349999999995,8121.7387507616795,8871.73875075268,749.999999991,False,True
76250,2025-02-22 22:50:00,145.2184708433333,1349.5162708333332,370.9644666666666,8871.73875075268,9621.73875074368,749.999999991,False,True
76260,2025-02-22 23:00:00,95.76595239095239,1348.0692857142858,418.97,9621.73875074368,10371.738750733679,749.99999999,False,True
76270,2025-02-22 23:10:00,303.941896836036,1185.0185126775038,405.2307833333333,10371.738750733679,10799.999999991,428.2612492573211,True,False
76280,2025-02-22 23:20:00,965.368064872852,1354.5508148809522,389.18275,10799.999999991,10799.999999991,0.0,True,False
76290,2025-02-22 23:30:00,962.5124999918996,1356.0708333333332,393.5583333333333,10799.999999991,10799.999999991,0.0,True,False
76300,2025-02-22 23:40:00,969.4706720157093,1361.6762220238095,392.20554999999996,10799.999999991,10799.999999991,0.0,True,False
76310,2025-02-22 23:50:00,63.22383272999489,530.2311994047618,467.0073666666666,10799.999999991,10799.999999991,0.0,True,False
77680,2025-02-23 22:40:00,0.4062601290477153,1343.469443452381,509.72985,3246.944898235963,3996.9448982259632,749.99999999,False,True
77690,2025-02-23 22:50:00,5.987129176666705,1347.9840291666667,508.66356666666667,3996.9448982259632,4746.944898215963,749.99999999,False,True
83530,2025-02-28 00:10:00,142.50157739095255,1358.8437107142859,383.00879999999995,8329.131000714488,9079.131000704487,749.99999999,False,True
83540,2025-02-28 00:20:00,108.13208155761912,1361.6655315476191,420.20011666666664,9079.131000704487,9829.131000694486,749.99999999,False,True
83610,2025-02-28 01:30:00,93.21531241777406,549.2922023809523,432.4683333333333,10778.75229902414,10799.999999991,21.24770096686043,True,False
83620,2025-02-28 01:40:00,110.78332082523295,557.3362541666665,446.55293333333327,10799.999999991,10799.999999991,0.0,True,False
83630,2025-02-28 01:50:00,118.44816189666156,559.1939452380952,440.74578333333335,10799.999999991,10799.999999991,0.0,True,False
83640,2025-02-28 02:00:00,140.61440475380445,555.8377380952381,415.22333333333336,10799.999999991,10799.999999991,0.0,True,False
83650,2025-02-28 02:10:00,152.73274344428066,564.9299267857143,412.1971833333333,10799.999999991,10799.999999991,0.0,True,False
83660,2025-02-28 02:20:00,132.39560415856639,577.8405041666667,445.4449,10799.999999991,10799.999999991,0.0,True,False
83670,2025-02-28 02:30:00,97.95404761094713,582.2807142857141,484.32666666666665,10799.999999991,10799.999999991,0.0,True,False
83680,2025-02-28 02:40:00,98.52422261094725,575.4222392857142,476.89801666666665,10799.999999991,10799.999999991,0.0,True,False
83690,2025-02-28 02:50:00,144.07584880142352,578.3509154761905,434.27506666666665,10799.999999991,10799.999999991,0.0,True,False
83700,2025-02-28 03:00:00,179.01482142047095,589.7448214285713,410.73,10799.999999991,10799.999999991,0.0,True,False
83710,2025-02-28 03:10:00,134.91888511094734,589.069018452381,454.1501333333333,10799.999999991,10799.999999991,0.0,True,False
83720,2025-02-28 03:20:00,108.61563153951872,591.3966148809524,482.7809833333333,10799.999999991,10799.999999991,0.0,True,False
83730,2025-02-28 03:30:00,129.87065475380447,599.4989880952381,469.62833333333333,10799.999999991,10799.999999991,0.0,True,False
83740,2025-02-28 03:40:00,135.54010237285198,599.7660857142856,464.2259833333333,10799.999999991,10799.999999991,0.0,True,False
83750,2025-02-28 03:50:00,126.52279284904247,598.8918595238094,472.36906666666664,10799.999999991,10799.999999991,0.0,True,False
83760,2025-02-28 04:00:00,115.22964284904239,603.617976190476,488.3883333333333,10799.999999991,10799.999999991,0.0,True,False
83770,2025-02-28 04:10:00,110.19059761094715,612.6668809523808,502.4762833333333,10799.999999991,10799.999999991,0.0,True,False
83780,2025-02-28 04:20:00,125.49443511094736,614.4385851190477,488.94415000000004,10799.999999991,10799.999999991,0.0,True,False
83790,2025-02-28 04:30:00,137.9652380871378,610.6335714285715,472.66833333333335,10799.999999991,10799.999999991,0.0,True,False
83800,2025-02-28 04:40:00,109.05303451570907,613.8306845238094,504.77765,10799.999999991,10799.999999991,0.0,True,False
83810,2025-02-28 04:50:00,91.00212082523294,617.1455708333333,526.14345,10799.999999991,10799.999999991,0.0,True,False
83820,2025-02-28 05:00:00,100.51369046809018,615.8336904761904,515.3199999999999,10799.999999991,10799.999999991,0.0,True,False
83830,2025-02-28 05:10:00,106.79482380142346,613.9127238095238,507.11789999999996,10799.999999991,10799.999999991,0.0,True,False
83840,2025-02-28 05:20:00,121.78804463475667,620.737444642857,498.94939999999997,10799.999999991,10799.999999991,0.0,True,False
83850,2025-02-28 05:30:00,123.94017856332809,623.991845238095,500.0516666666666,10799.999999991,10799.999999991,0.0,True,False
83860,2025-02-28 05:40:00,921.5593446347568,1446.0429279761904,524.4835833333333,10799.999999991,10799.999999991,0.0,True,False
83870,2025-02-28 05:50:00,146.12759761094728,667.4263309523809,521.2987333333333,10799.999999991,10799.999999991,0.0,True,False
84500,2025-02-28 16:20:00,32.358309514808845,578.1406261904763,545.7823166666667,10799.99999999,10799.99999999,0.0,True,False
84510,2025-02-28 16:30:00,75.81566963385646,629.1823363095237,553.3666666666666,10799.99999999,10799.99999999,0.0,True,False
84520,2025-02-28 16:40:00,78.28259463385606,681.8126613095235,603.5300666666667,10799.99999999,10799.99999999,0.0,True,False
84530,2025-02-28 16:50:00,154.3955660624277,720.2095827380952,565.8140166666667,10799.99999999,10799.99999999,0.0,True,False
84540,2025-02-28 17:00:00,294.4606845148087,749.417351190476,454.9566666666666,10799.99999999,10799.99999999,0.0,True,False
84550,2025-02-28 17:10:00,364.82613094338035,790.3724976190477,425.5463666666667,10799.99999999,10799.99999999,0.0,True,False
84560,2025-02-28 17:20:00,377.094555348142,824.3274720238094,447.23291666666665,10799.99999999,10799.99999999,0.0,True,False
84570,2025-02-28 17:30:00,397.5144493957613,852.0794494047619,454.56499999999994,10799.99999999,10799.99999999,0.0,True,False
84580,2025-02-28 17:40:00,447.9599446338566,871.2779446428573,423.318,10799.99999999,10799.99999999,0.0,True,False
84590,2025-02-28 17:50:00,344.90220891957085,780.6651755952382,435.76296666666667,10799.99999999,10799.99999999,0.0,True,False
84600,2025-02-28 18:00:00,167.50440475290415,638.6810714285715,471.1766666666666,10799.99999999,10799.99999999,0.0,True,False
84840,2025-02-28 22:00:00,107.51523810523825,1334.1785714285716,393.33,5623.812508536773,6373.8125085277725,749.999999991,False,True
84850,2025-02-28 22:10:00,104.34533870047606,1319.7392720238095,382.0606,6373.8125085277725,7123.812508517773,749.99999999,False,True
84870,2025-02-28 22:30:00,152.0486309623809,1337.0669642857142,351.685,7237.869774758772,7987.869774749772,749.999999991,False,True
84880,2025-02-28 22:40:00,149.76597739095223,1337.9257607142856,354.82645,7987.869774749772,8737.869774740771,749.999999991,False,True
84890,2025-02-28 22:50:00,132.39371370047638,1341.2678470238097,375.5408,8737.869774740771,9487.869774731771,749.999999991,False,True
84900,2025-02-28 23:00:00,113.16327381952395,1345.333273809524,398.83666666666664,9487.869774731771,10237.86977472177,749.99999999,False,True
84910,2025-02-28 23:10:00,138.7549780738717,1181.9850505952381,418.64093333333335,10237.86977472177,10799.999999991,562.1302252692298,True,False
84920,2025-02-28 23:20:00,926.9088982061857,1350.0163648809526,423.10746666666665,10799.999999991,10799.999999991,0.0,True,False
84930,2025-02-28 23:30:00,939.4342261823759,1351.1058928571429,411.6716666666667,10799.999999991,10799.999999991,0.0,True,False
84940,2025-02-28 23:40:00,955.6971988014237,1354.3262654761907,398.62906666666663,10799.999999991,10799.999999991,0.0,True,False
84950,2025-02-28 23:50:00,115.64448451570908,520.7875678571427,405.14308333333327,10799.999999991,10799.999999991,0.0,True,False
84960,2025-03-01 00:00:00,92.69755951570912,519.0858928571428,426.3883333333333,10799.999999991,10799.999999991,0.0,True,False
84970,2025-03-01 00:10:00,90.09982022999495,523.4385035714286,433.3386833333333,10799.999999991,10799.999999991,0.0,True,False
84980,2025-03-01 00:20:00,114.06687142047113,526.3420214285715,412.27515,10799.999999991,10799.999999991,0.0,True,False
84990,2025-03-01 00:30:00,131.8879166585664,527.61625,395.7283333333333,10799.999999991,10799.999999991,0.0,True,False
85000,2025-03-01 00:40:00,106.70041308713778,534.6904630952381,427.99005,10799.999999991,10799.999999991,0.0,True,False
85010,2025-03-01 00:50:00,105.15748451570911,541.0403178571428,435.88283333333334,10799.999999991,10799.999999991,0.0,True,False
85020,2025-03-01 01:00:00,138.40988094428056,545.0198809523808,406.60999999999996,10799.999999991,10799.999999991,0.0,True,False
85030,2025-03-01 01:10:00,149.17106189666154,550.5625619047619,401.3915,10799.999999991,10799.999999991,0.0,True,False
85040,2025-03-01 01:20:00,133.80886784904257,550.5581178571429,416.74924999999996,10799.999999991,10799.999999991,0.0,True,False
85050,2025-03-01 01:30:00,114.80380951570922,548.6504761904762,433.84666666666664,10799.999999991,10799.999999991,0.0,True,False
85060,2025-03-01 01:40:00,117.05870237285197,555.5815023809523,438.5228,10799.999999991,10799.999999991,0.0,True,False
85070,2025-03-01 01:50:00,128.3076267776141,557.013843452381,428.7062166666666,10799.999999991,10799.999999991,0.0,True,False
85080,2025-03-01 02:00:00,134.74380951570922,554.0888095238096,419.345,10799.999999991,10799.999999991,0.0,True,False
85090,2025-03-01 02:10:00,132.393145825233,563.5481791666666,431.1550333333333,10799.999999991,10799.999999991,0.0,True,False
85100,2025-03-01 02:20:00,125.3630118966615,577.0430452380951,451.6800333333333,10799.999999991,10799.999999991,0.0,True,False
85110,2025-03-01 02:30:00,125.95005951570917,581.9783928571428,456.0283333333333,10799.999999991,10799.999999991,0.0,True,False
85120,2025-03-01 02:40:00,144.70942796809018,574.5049446428571,429.79551666666663,10799.999999991,10799.999999991,0.0,True,False
85130,2025-03-01 02:50:00,161.20174046809004,575.510707142857,414.3089666666666,10799.999999991,10799.999999991,0.0,True,False
85140,2025-03-01 03:00:00,169.76434522999497,585.2693452380953,415.505,10799.999999991,10799.999999991,0.0,True,False
85150,2025-03-01 03:10:00,178.78626308713777,585.3915797619047,406.6053166666666,10799.999999991,10799.999999991,0.0,True,False
85160,2025-03-01 03:20:00,164.6910297538045,589.0635797619047,424.37254999999993,10799.999999991,10799.999999991,0.0,True,False
85170,2025-03-01 03:30:00,145.82065475380446,597.9173214285714,452.09666666666664,10799.999999991,10799.999999991,0.0,True,False
85180,2025-03-01 03:40:00,164.11782380142338,598.7441904761904,434.6263666666667,10799.999999991,10799.999999991,0.0,True,False
85190,2025-03-01 03:50:00,159.0148845157091,597.745951190476,438.7310666666666,10799.999999991,10799.999999991,0.0,True,False
85200,2025-03-01 04:00:00,128.3917857061854,601.7284523809524,473.33666666666664,10799.999999991,10799.999999991,0.0,True,False
85210,2025-03-01 04:10:00,136.31356725380428,610.1952339285713,473.88166666666666,10799.999999991,10799.999999991,0.0,True,False
85220,2025-03-01 04:20:00,172.72902856332828,611.9889785714286,439.25994999999995,10799.999999991,10799.999999991,0.0,True,False
85230,2025-03-01 04:30:00,200.13577380142348,608.9541071428571,408.81833333333327,10799.999999991,10799.999999991,0.0,True,False
85240,2025-03-01 04:40:00,188.28681606332802,613.429282738095,425.1424666666667,10799.999999991,10799.999999991,0.0,True,False
85250,2025-03-01 04:50:00,167.19164880142347,617.5957654761904,450.40411666666665,10799.999999991,10799.999999991,0.0,True,False
85260,2025-03-01 05:00:00,165.29589284904247,616.0808928571428,450.78499999999997,10799.999999991,10799.999999991,0.0,True,False
85270,2025-03-01 05:10:00,186.0499916585663,612.9085249999999,426.8585333333333,10799.999999991,10799.999999991,0.0,True,False
85280,2025-03-01 05:20:00,200.25548808713765,618.1029047619046,417.8474166666666,10799.999999991,10799.999999991,0.0,True,False
85290,2025-03-01 05:30:00,181.04505951570908,620.971726190476,439.9266666666666,10799.999999991,10799.999999991,0.0,True,False
85300,2025-03-01 05:40:00,139.51935058713767,611.7282172619047,472.20886666666667,10799.999999991,10799.999999991,0.0,True,False
85310,2025-03-01 05:50:00,189.750957729995,667.326724404762,477.57576666666665,10799.999999991,10799.999999991,0.0,True,False
85950,2025-03-01 16:30:00,71.09541665766605,622.33375,551.2383333333332,10799.99999999,10799.99999999,0.0,True,False
85960,2025-03-01 16:40:00,120.7107392767135,677.5974059523809,556.8866666666667,10799.99999999,10799.99999999,0.0,True,False
85970,2025-03-01 16:50:00,191.24150951480854,716.875476190476,525.6339666666667,10799.99999999,10799.99999999,0.0,True,False
85980,2025-03-01 17:00:00,272.5629464195706,744.5062797619046,471.94333333333327,10799.99999999,10799.99999999,0.0,True,False
85990,2025-03-01 17:10:00,308.3223404671898,785.5917571428572,477.26941666666664,10799.99999999,10799.99999999,0.0,True,False
86000,2025-03-01 17:20:00,354.60644582433247,820.9375124999998,466.33106666666663,10799.99999999,10799.99999999,0.0,True,False
86010,2025-03-01 17:30:00,414.9073511814759,849.8473511904766,434.93999999999994,10799.99999999,10799.99999999,0.0,True,False
86020,2025-03-01 17:40:00,417.873673205285,870.328056547619,452.4543833333333,10799.99999999,10799.99999999,0.0,True,False
86030,2025-03-01 17:50:00,338.4780440386183,780.3236107142857,441.8455666666667,10799.99999999,10799.99999999,0.0,True,False
86040,2025-03-01 18:00:00,230.36011903861842,638.1817857142858,407.8216666666666,10799.99999999,10799.99999999,0.0,True,False
86280,2025-03-01 22:00:00,87.18678572428574,1333.550119047619,413.03,5553.000548814553,6303.000548805553,749.999999991,False,True
86290,2025-03-01 22:10:00,113.85879405761897,1319.555694047619,372.36356666666666,6303.000548805553,7053.000548796553,749.999999991,False,True
86310,2025-03-01 22:30:00,101.9305952480954,1335.4255952380954,400.16166666666663,7169.128506644695,7919.128506635695,749.999999991,False,True
86320,2025-03-01 22:40:00,114.25416370047627,1336.4558470238096,388.86834999999996,7919.128506635695,8669.128506625695,749.99999999,False,True
86330,2025-03-01 22:50:00,133.21406965285723,1340.7133029761906,374.16589999999997,8669.128506625695,9419.128506616695,749.999999991,False,True
86340,2025-03-01 23:00:00,131.1363095338097,1345.4663095238097,380.99666666666667,9419.128506616695,10169.128506606694,749.99999999,False,True
86350,2025-03-01 23:10:00,82.67580098765664,1182.3202603035522,398.67613333333327,10169.128506606694,10799.999999991,630.8714933843061,True,False
86360,2025-03-01 23:20:00,938.6089982061856,1350.5893315476192,411.9803333333333,10799.999999991,10799.999999991,0.0,True,False
86370,2025-03-01 23:30:00,947.2748214204711,1351.4798214285713,404.205,10799.999999991,10799.999999991,0.0,True,False
86380,2025-03-01 23:40:00,972.1648636823761,1353.3577470238097,381.19288333333327,10799.999999991,10799.999999991,0.0,True,False
86390,2025-03-01 23:50:00,84.1264934442805,519.6716101190475,435.5451166666667,10799.999999991,10799.999999991,0.0,True,False
88180,2025-03-03 05:40:00,54.65168691476196,1441.460736904762,553.4757166666666,9307.098114740773,10057.098114730772,749.99999999,False,True
91060,2025-03-05 05:40:00,6.6830398909523785,1435.984856547619,595.9684833333333,9264.766600185552,10014.766600175552,749.99999999,False,True
93610,2025-03-07 00:10:00,93.45252024809518,1355.4550702380952,428.66921666666667,8073.753805390411,8823.753805380411,749.99999999,False,True
93620,2025-03-07 00:20:00,94.6402309623811,1355.8708976190478,427.89733333333334,8823.753805380411,9573.75380537141,749.999999991,False,True
93690,2025-03-07 01:30:00,104.9139624188876,546.0876785714286,413.81833333333327,10775.380155453713,10799.999999991,24.61984453728692,True,False
93700,2025-03-07 01:40:00,141.54858451570928,549.5019178571429,407.95333333333326,10799.999999991,10799.999999991,0.0,True,False
93710,2025-03-07 01:50:00,133.57356070618542,550.8724773809524,417.2989166666667,10799.999999991,10799.999999991,0.0,True,False
93720,2025-03-07 02:00:00,122.11999999189956,551.5149999999999,429.395,10799.999999991,10799.999999991,0.0,True,False
93730,2025-03-07 02:10:00,130.21511725380432,560.036050595238,429.8209333333333,10799.999999991,10799.999999991,0.0,True,False
93740,2025-03-07 02:20:00,162.94912856332823,567.7512452380952,404.8021166666666,10799.999999991,10799.999999991,0.0,True,False
93750,2025-03-07 02:30:00,189.59559522999487,569.6855952380952,380.09,10799.999999991,10799.999999991,0.0,True,False
93760,2025-03-07 02:40:00,170.36337737285217,569.0235440476191,398.6601666666666,10799.999999991,10799.999999991,0.0,True,False
93770,2025-03-07 02:50:00,151.65783868237574,568.8633386904761,417.20550000000003,10799.999999991,10799.999999991,0.0,True,False
93780,2025-03-07 03:00:00,149.78184522999484,570.3518452380952,420.57,10799.999999991,10799.999999991,0.0,True,False
93790,2025-03-07 03:10:00,139.68973749189976,573.7366375,434.04689999999994,10799.999999991,10799.999999991,0.0,True,False
93800,2025-03-07 03:20:00,137.801026777614,582.567893452381,444.76686666666666,10799.999999991,10799.999999991,0.0,True,False
93810,2025-03-07 03:30:00,146.05291665856637,590.7579166666667,444.705,10799.999999991,10799.999999991,0.0,True,False
93820,2025-03-07 03:40:00,145.47442439666153,587.4994244047618,442.025,10799.999999991,10799.999999991,0.0,True,False
93830,2025-03-07 03:50:00,135.7414404680902,584.6610904761905,448.91964999999993,10799.999999991,10799.999999991,0.0,True,False
93840,2025-03-07 04:00:00,135.10410713475684,591.2357738095238,456.13166666666666,10799.999999991,10799.999999991,0.0,True,False
93850,2025-03-07 04:10:00,159.23523808713773,603.536638095238,444.30139999999994,10799.999999991,10799.999999991,0.0,True,False
93860,2025-03-07 04:20:00,161.69728451570924,602.9715511904761,441.2742666666666,10799.999999991,10799.999999991,0.0,True,False
93870,2025-03-07 04:30:00,142.50708332523286,594.0104166666665,451.50333333333333,10799.999999991,10799.999999991,0.0,True,False
93880,2025-03-07 04:40:00,147.4459071347567,599.121907142857,451.676,10799.999999991,10799.999999991,0.0,True,False
93890,2025-03-07 04:50:00,157.48423153951876,606.4540648809524,448.9698333333333,10799.999999991,10799.999999991,0.0,True,False
93900,2025-03-07 05:00:00,151.6658333252329,605.6491666666666,453.98333333333335,10799.999999991,10799.999999991,0.0,True,False
93910,2025-03-07 05:10:00,133.18114225380432,599.904775595238,466.72363333333334,10799.999999991,10799.999999991,0.0,True,False
93920,2025-03-07 05:20:00,139.7584493966617,603.9999660714286,464.2415166666666,10799.999999991,10799.999999991,0.0,True,False
93930,2025-03-07 05:30:00,166.49202380142353,608.1653571428571,441.6733333333333,10799.999999991,10799.999999991,0.0,True,False
93940,2025-03-07 05:40:00,1012.523632729995,1432.794099404762,420.27046666666666,10799.999999991,10799.999999991,0.0,True,False
93950,2025-03-07 05:50:00,227.72331308713783,656.2349964285714,428.5116833333333,10799.999999991,10799.999999991,0.0,True,False
94590,2025-03-07 16:30:00,29.049121954802978,591.4857886904763,562.4366666666666,10799.999999923326,10799.999999923326,0.0,True,False
94600,2025-03-07 16:40:00,87.63677493099325,648.606425,560.96965,10799.999999923326,10799.999999923326,0.0,True,False
94610,2025-03-07 16:50:00,177.78163624051714,689.1398529761905,511.35821666666664,10799.999999923326,10799.999999923326,0.0,True,False
94620,2025-03-07 17:00:00,266.76790171670785,717.7245684523812,450.9566666666666,10799.999999923326,10799.999999923326,0.0,True,False
94630,2025-03-07 17:10:00,297.26332493099346,763.9505750000001,466.68725,10799.999999923326,10799.999999923326,0.0,True,False
94640,2025-03-07 17:20:00,349.3428136214692,804.9487470238092,455.6059333333333,10799.999999923326,10799.999999923326,0.0,True,False
94650,2025-03-07 17:30:00,427.8515773119455,839.9115773809522,412.06,10799.999999923326,10799.999999923326,0.0,True,False
94660,2025-03-07 17:40:00,436.4411743357552,870.5527077380951,434.1115333333333,10799.999999923326,10799.999999923326,0.0,True,False
94670,2025-03-07 17:50:00,326.56349576432655,781.5306458333332,454.96715,10799.999999923326,10799.999999923326,0.0,True,False
94680,2025-03-07 18:00:00,186.09190469289805,634.2119047619046,448.11999999999995,10799.999999923326,10799.999999923326,0.0,True,False
94920,2025-03-07 22:00:00,84.55160715285716,1331.3182738095238,413.4333333333333,5747.455664832536,6497.455664823536,749.999999991,False,True
94930,2025-03-07 22:10:00,108.16683274809508,1316.668082738095,375.16791666666666,6497.455664823536,7247.455664814535,749.999999991,False,True
94950,2025-03-07 22:30:00,81.08208334333322,1335.0720833333332,420.65666666666664,7344.90080284125,8094.90080283125,749.99999999,False,True
94960,2025-03-07 22:40:00,116.15899703380965,1334.550480357143,385.05814999999996,8094.90080283125,8844.90080282225,749.999999991,False,True
94970,2025-03-07 22:50:00,150.90159405761904,1337.2541773809523,353.01924999999994,8844.90080282225,9594.90080281225,749.99999999,False,True
94980,2025-03-07 23:00:00,148.91023810523825,1342.8402380952382,360.59666666666664,9594.90080281225,10344.90080280325,749.999999991,False,True
94990,2025-03-07 23:10:00,295.38571106122953,1182.4880857142857,381.4366,10344.90080280325,10799.999999991,455.0991971877506,True,False
95000,2025-03-07 23:20:00,945.3324446347568,1353.140544642857,407.80809999999997,10799.999999991,10799.999999991,0.0,True,False
95010,2025-03-07 23:30:00,933.6057738014235,1354.9074404761905,421.3016666666666,10799.999999991,10799.999999991,0.0,True,False
95020,2025-03-07 23:40:00,953.0237374918997,1356.4522041666667,403.4284666666666,10799.999999991,10799.999999991,0.0,True,False
95030,2025-03-07 23:50:00,123.35450892047115,520.8698755952381,397.51536666666664,10799.999999991,10799.999999991,0.0,True,False
95040,2025-03-08 00:00:00,105.25249999189973,518.6308333333334,413.37833333333333,10799.999999991,10799.999999991,0.0,True,False
95050,2025-03-08 00:10:00,104.20791903951871,523.6366690476191,419.42875000000004,10799.999999991,10799.999999991,0.0,True,False
95060,2025-03-08 00:20:00,107.67940296809027,522.6315363095239,414.9521333333333,10799.999999991,10799.999999991,0.0,True,False
95070,2025-03-08 00:30:00,114.12892856332823,519.9472619047618,405.81833333333327,10799.999999991,10799.999999991,0.0,True,False
95080,2025-03-08 00:40:00,134.7220374918995,533.0925041666665,398.37046666666663,10799.999999991,10799.999999991,0.0,True,False
95090,2025-03-08 00:50:00,135.80470892047109,542.136525595238,406.3318166666666,10799.999999991,10799.999999991,0.0,True,False
95100,2025-03-08 01:00:00,124.3849404680902,542.1499404761905,417.765,10799.999999991,10799.999999991,0.0,True,False
95110,2025-03-08 01:10:00,139.1726142776138,546.9894809523807,407.8168666666666,10799.999999991,10799.999999991,0.0,True,False
95120,2025-03-08 01:20:00,139.69742677761408,547.8551601190477,408.1577333333333,10799.999999991,10799.999999991,0.0,True,False
95130,2025-03-08 01:30:00,123.26803570618537,544.711369047619,421.44333333333327,10799.999999991,10799.999999991,0.0,True,False
95140,2025-03-08 01:40:00,126.72337320618536,547.756806547619,421.03343333333333,10799.999999991,10799.999999991,0.0,True,False
95150,2025-03-08 01:50:00,114.91018927761385,549.8457892857142,434.9356,10799.999999991,10799.999999991,0.0,True,False
95160,2025-03-08 02:00:00,90.34232142047094,551.0389880952379,460.6966666666666,10799.999999991,10799.999999991,0.0,True,False
95170,2025-03-08 02:10:00,97.36786368237571,558.9495470238094,461.58168333333333,10799.999999991,10799.999999991,0.0,True,False
95180,2025-03-08 02:20:00,122.34432975380437,564.994663095238,442.6503333333333,10799.999999991,10799.999999991,0.0,True,False
95190,2025-03-08 02:30:00,133.98249999189963,565.7475,431.765,10799.999999991,10799.999999991,0.0,True,False
95200,2025-03-08 02:40:00,115.0247047538044,566.1094714285714,451.08476666666667,10799.999999991,10799.999999991,0.0,True,False
95210,2025-03-08 02:50:00,112.07898749189971,566.9852208333333,454.90623333333326,10799.999999991,10799.999999991,0.0,True,False
95220,2025-03-08 03:00:00,133.55958332523298,568.7362499999999,435.1766666666666,10799.999999991,10799.999999991,0.0,True,False
95230,2025-03-08 03:10:00,142.75163868237584,572.6350220238095,429.8833833333333,10799.999999991,10799.999999991,0.0,True,False
95240,2025-03-08 03:20:00,139.28894344428048,580.9958267857141,441.70688333333334,10799.999999991,10799.999999991,0.0,True,False
95250,2025-03-08 03:30:00,135.0638095157092,588.0254761904762,452.96166666666664,10799.999999991,10799.999999991,0.0,True,False
95260,2025-03-08 03:40:00,138.63268392047107,584.8557339285713,446.22304999999994,10799.999999991,10799.999999991,0.0,True,False
95270,2025-03-08 03:50:00,135.94040058713776,583.3179172619048,447.3775166666667,10799.999999991,10799.999999991,0.0,True,False
95280,2025-03-08 04:00:00,130.80351189666155,590.3318452380952,459.5283333333333,10799.999999991,10799.999999991,0.0,True,False
95290,2025-03-08 04:10:00,140.8317255871378,600.3683755952381,459.53665,10799.999999991,10799.999999991,0.0,True,False
95300,2025-03-08 04:20:00,145.6384976109471,599.7004142857141,454.06191666666666,10799.999999991,10799.999999991,0.0,True,False
95310,2025-03-08 04:30:00,138.80714284904238,592.790476190476,453.98333333333335,10799.999999991,10799.999999991,0.0,True,False
95320,2025-03-08 04:40:00,134.3591892776138,597.3660392857141,463.00685,10799.999999991,10799.999999991,0.0,True,False
95330,2025-03-08 04:50:00,133.2237190395186,604.0301523809522,470.8064333333333,10799.999999991,10799.999999991,0.0,True,False
95340,2025-03-08 05:00:00,134.26238094428052,603.7340476190475,469.47166666666664,10799.999999991,10799.999999991,0.0,True,False
95350,2025-03-08 05:10:00,138.8571880871377,598.3200547619047,459.4628666666666,10799.999999991,10799.999999991,0.0,True,False
95360,2025-03-08 05:20:00,151.65551011094735,602.5908101190477,450.9353,10799.999999991,10799.999999991,0.0,True,False
95370,2025-03-08 05:30:00,155.67559522999485,606.3405952380951,450.66499999999996,10799.999999991,10799.999999991,0.0,True,False
95380,2025-03-08 05:40:00,141.45077856332833,596.1928785714287,454.7421,10799.999999991,10799.999999991,0.0,True,False
95390,2025-03-08 05:50:00,211.97843630142347,653.2685696428571,441.2901333333333,10799.999999991,10799.999999991,0.0,True,False
96030,2025-03-08 16:30:00,9.44328862147612,585.2882886904763,575.845,10799.999999923333,10799.999999923333,0.0,True,False
96040,2025-03-08 16:40:00,31.784769573857126,642.7197029761904,610.9349333333332,10799.999999923333,10799.999999923333,0.0,True,False
96050,2025-03-08 16:50:00,129.0096987405237,684.3207488095238,555.31105,10799.999999923333,10799.999999923333,0.0,True,False
96060,2025-03-08 17:00:00,270.7029910024285,714.1679910714286,443.465,10799.999999923333,10799.999999923333,0.0,True,False
96070,2025-03-08 17:10:00,330.14748683576175,761.6001869047618,431.45269999999994,10799.999999923333,10799.999999923333,0.0,True,False
96080,2025-03-08 17:20:00,362.26460647861904,802.4444898809523,440.1798833333333,10799.999999923333,10799.999999923333,0.0,True,False
96090,2025-03-08 17:30:00,409.5361160024284,837.4777827380951,427.94166666666666,10799.999999923333,10799.999999923333,0.0,True,False
96100,2025-03-08 17:40:00,434.30010231195223,871.1319357142856,436.8318333333333,10799.999999923333,10799.999999923333,0.0,True,False
96110,2025-03-08 17:50:00,330.7483850500475,782.7742517857142,452.0258666666667,10799.999999923333,10799.999999923333,0.0,True,False
96120,2025-03-08 18:00:00,177.48821421671423,633.8432142857143,456.355,10799.999999923333,10799.999999923333,0.0,True,False
96360,2025-03-08 22:00:00,116.21375001,1332.82375,383.27666666666664,5718.854684230691,6468.854684221691,749.999999991,False,True
96370,2025-03-08 22:10:00,91.73950477190475,1317.4560047619048,392.3831666666666,6468.854684221691,7218.854684212691,749.999999991,False,True
96390,2025-03-08 22:30:00,118.22958334333326,1335.2029166666666,383.64,7310.971007953691,8060.97100794469,749.999999991,False,True
96400,2025-03-08 22:40:00,87.60856310523819,1334.2606797619048,413.3187833333333,8060.97100794469,8810.97100793569,749.999999991,False,True
96410,2025-03-08 22:50:00,93.37276965285717,1336.2977696428572,409.5916666666667,8810.97100793569,9560.97100792569,749.99999999,False,True
96420,2025-03-08 23:00:00,136.0343452480954,1341.566011904762,372.1983333333333,9560.97100792569,10310.971007916689,749.999999991,False,True
96430,2025-03-08 23:10:00,254.84912338475044,1181.8072034673182,383.5925333333333,10310.971007916689,10799.999999991,489.0289920743111,True,False
96440,2025-03-08 23:20:00,955.683938682376,1353.2652220238097,397.5812833333333,10799.999999991,10799.999999991,0.0,True,False
96450,2025-03-08 23:30:00,970.8058928490426,1355.2108928571429,384.405,10799.999999991,10799.999999991,0.0,True,False
96460,2025-03-08 23:40:00,980.8977160633283,1356.1775827380952,375.27986666666663,10799.999999991,10799.999999991,0.0,True,False
96470,2025-03-08 23:50:00,80.09353749189958,520.6020874999999,440.50855,10799.999999991,10799.999999991,0.0,True,False
98260,2025-03-10 05:40:00,10.50481846238096,1424.8975517857143,581.0594,8893.075040212414,9643.075040202413,749.99999999,False,True
103690,2025-03-14 00:10:00,133.36742143857145,1359.2051047619047,392.50435,8044.302349193324,8794.302349183323,749.99999999,False,True
103700,2025-03-14 00:20:00,113.25199346238104,1357.1833267857144,410.598,8794.302349183323,9544.302349174322,749.999999991,False,True
103760,2025-03-14 01:20:00,75.22670528603064,543.2811190476189,377.03358333333335,10718.08125260557,10799.999999991,81.91874738542938,True,False
103770,2025-03-14 01:30:00,144.09529761094726,541.7186309523809,397.6233333333333,10799.999999991,10799.999999991,0.0,True,False
103780,2025-03-14 01:40:00,116.60025713475679,544.7313738095238,428.1311166666667,10799.999999991,10799.999999991,0.0,True,False
103790,2025-03-14 01:50:00,96.86925356332833,547.7735035714286,450.90424999999993,10799.999999991,10799.999999991,0.0,True,False
103800,2025-03-14 02:00:00,93.73095237285199,550.4742857142857,456.74333333333334,10799.999999991,10799.999999991,0.0,True,False
103810,2025-03-14 02:10:00,115.08579344428071,556.8322601190476,441.7464666666666,10799.999999991,10799.999999991,0.0,True,False
103820,2025-03-14 02:20:00,144.37264344428067,560.6319267857143,416.2592833333333,10799.999999991,10799.999999991,0.0,True,False
103830,2025-03-14 02:30:00,160.2035714204711,559.9552380952381,399.75166666666667,10799.999999991,10799.999999991,0.0,True,False
103840,2025-03-14 02:40:00,149.03028272999492,559.3403994047619,410.31011666666666,10799.999999991,10799.999999991,0.0,True,False
103850,2025-03-14 02:50:00,123.19106189666158,561.2738285714286,438.08276666666666,10799.999999991,10799.999999991,0.0,True,False
103860,2025-03-14 03:00:00,99.45065475380463,563.8939880952382,464.44333333333327,10799.999999991,10799.999999991,0.0,True,False
103870,2025-03-14 03:10:00,93.52469284904257,564.5278595238095,471.00316666666663,10799.999999991,10799.999999991,0.0,True,False
103880,2025-03-14 03:20:00,123.19938927761396,571.5881226190476,448.3887333333333,10799.999999991,10799.999999991,0.0,True,False
103890,2025-03-14 03:30:00,164.61410713475678,580.2857738095238,415.6716666666667,10799.999999991,10799.999999991,0.0,True,False
103900,2025-03-14 03:40:00,168.12963749189962,576.6677874999999,408.53815,10799.999999991,10799.999999991,0.0,True,False
103910,2025-03-14 03:50:00,149.23233689666162,573.6622869047619,424.42994999999996,10799.999999991,10799.999999991,0.0,True,False
103920,2025-03-14 04:00:00,128.59744046809007,579.2557738095237,450.6583333333333,10799.999999991,10799.999999991,0.0,True,False
103930,2025-03-14 04:10:00,117.35365653951882,587.8320232142858,470.4783666666666,10799.999999991,10799.999999991,0.0,True,False
103940,2025-03-14 04:20:00,132.6072589204712,587.4431089285715,454.83585,10799.999999991,10799.999999991,0.0,True,False
103950,2025-03-14 04:30:00,146.19190475380438,581.2419047619047,435.05,10799.999999991,10799.999999991,0.0,True,False
103960,2025-03-14 04:40:00,113.26533392047116,584.1860672619048,470.92073333333326,10799.999999991,10799.999999991,0.0,True,False
103970,2025-03-14 04:50:00,105.9489428490426,592.1737928571429,486.22484999999995,10799.999999991,10799.999999991,0.0,True,False
103980,2025-03-14 05:00:00,137.14101189666164,594.6526785714286,457.51166666666666,10799.999999991,10799.999999991,0.0,True,False
103990,2025-03-14 05:10:00,148.94837737285184,586.7685773809521,437.8202,10799.999999991,10799.999999991,0.0,True,False
104000,2025-03-14 05:20:00,154.78928213475658,590.7953154761902,436.00603333333333,10799.999999991,10799.999999991,0.0,True,False
104010,2025-03-14 05:30:00,153.13845237285207,596.5967857142857,443.4583333333333,10799.999999991,10799.999999991,0.0,True,False
104020,2025-03-14 05:40:00,964.578584515709,1416.8314178571427,452.2528333333333,10799.999999991,10799.999999991,0.0,True,False
104030,2025-03-14 05:50:00,162.48428034904268,639.6816470238097,477.19736666666665,10799.999999991,10799.999999991,0.0,True,False
104680,2025-03-14 16:40:00,23.924449316761855,616.2518660714286,592.3274166666666,10799.999999902222,10799.999999902222,0.0,True,False
104690,2025-03-14 16:50:00,142.40184157866662,659.5482750000001,517.1464333333333,10799.999999902222,10799.999999902222,0.0,True,False
104700,2025-03-14 17:00:00,252.8537201500951,692.9620535714286,440.10833333333335,10799.999999902222,10799.999999902222,0.0,True,False
104710,2025-03-14 17:10:00,297.83037788819047,742.0091279761906,444.17875000000004,10799.999999902222,10799.999999902222,0.0,True,False
104720,2025-03-14 17:20:00,308.2025076500951,782.2234244047619,474.02091666666666,10799.999999902222,10799.999999902222,0.0,True,False
104730,2025-03-14 17:30:00,339.68157729295245,820.2299107142859,480.5483333333333,10799.999999902222,10799.999999902222,0.0,True,False
104740,2025-03-14 17:40:00,402.12247729295217,866.5372607142856,464.4147833333333,10799.999999902222,10799.999999902222,0.0,True,False
104750,2025-03-14 17:50:00,327.81861717390456,785.4484839285714,457.62986666666666,10799.999999902222,10799.999999902222,0.0,True,False
104760,2025-03-14 18:00:00,174.89869038819035,634.6386904761905,459.74,10799.999999902222,10799.999999902222,0.0,True,False
105000,2025-03-14 22:00:00,121.71678572428571,1336.4067857142857,381.3566666666666,5811.514766127564,6561.514766118564,749.999999991,False,True
105010,2025-03-14 22:10:00,121.31576727190473,1321.001300595238,366.3521999999999,6561.514766118564,7311.514766109563,749.999999991,False,True
105030,2025-03-14 22:30:00,121.97398810523826,1338.3973214285716,383.09,7429.077406457706,8179.077406448706,749.999999991,False,True
105040,2025-03-14 22:40:00,117.21826727190476,1339.8818339285715,389.33023333333335,8179.077406448706,8929.077406439706,749.999999991,False,True
105050,2025-03-14 22:50:00,111.6530678671429,1338.9370511904763,393.95065,8929.077406439706,9679.077406429706,749.99999999,False,True
105060,2025-03-14 23:00:00,112.55446429571428,1338.881130952381,392.99333333333334,9679.077406429706,10429.077406420705,749.999999991,False,True
105070,2025-03-14 23:10:00,385.4850718266566,1181.5212869047618,383.9,10429.077406420705,10799.999999991,370.9225935702947,True,False
105080,2025-03-14 23:20:00,952.5303255871378,1354.5062922619047,401.97596666666664,10799.999999991,10799.999999991,0.0,True,False
105090,2025-03-14 23:30:00,922.0101785633282,1353.2501785714285,431.24,10799.999999991,10799.999999991,0.0,True,False
105100,2025-03-14 23:40:00,934.6548964204711,1351.5177297619048,416.86283333333336,10799.999999991,10799.999999991,0.0,True,False
105110,2025-03-14 23:50:00,126.28465118237577,517.5339845238094,391.2493333333333,10799.999999991,10799.999999991,0.0,True,False
105120,2025-03-15 00:00:00,127.8066666585664,519.6283333333333,391.8216666666666,10799.999999991,10799.999999991,0.0,True,False
105130,2025-03-15 00:10:00,100.7359523728521,524.9647523809524,424.2288,10799.999999991,10799.999999991,0.0,True,False
105140,2025-03-15 00:20:00,84.22133987285198,523.6070232142856,439.3856833333333,10799.999999991,10799.999999991,0.0,True,False
105150,2025-03-15 00:30:00,88.2670238014235,520.2953571428571,432.0283333333333,10799.999999991,10799.999999991,0.0,True,False
105160,2025-03-15 00:40:00,92.35166249189976,529.8636125,437.51194999999996,10799.999999991,10799.999999991,0.0,True,False
105170,2025-03-15 00:50:00,112.0926720157091,538.9414553571428,426.84878333333336,10799.999999991,10799.999999991,0.0,True,False
105180,2025-03-15 01:00:00,131.65017856332824,541.3018452380952,409.65166666666664,10799.999999991,10799.999999991,0.0,True,False
105190,2025-03-15 01:10:00,115.03781725380432,543.0143339285713,427.97651666666667,10799.999999991,10799.999999991,0.0,True,False
105200,2025-03-15 01:20:00,107.13892142047095,542.0844047619046,434.9454833333333,10799.999999991,10799.999999991,0.0,True,False
105210,2025-03-15 01:30:00,121.83410713475675,540.8824404761904,419.0483333333333,10799.999999991,10799.999999991,0.0,True,False
105220,2025-03-15 01:40:00,129.06658332523293,545.2334166666666,416.16683333333333,10799.999999991,10799.999999991,0.0,True,False
105230,2025-03-15 01:50:00,129.46956844428067,548.983018452381,419.51345,10799.999999991,10799.999999991,0.0,True,False
105240,2025-03-15 02:00:00,126.46315475380433,551.061488095238,424.59833333333336,10799.999999991,10799.999999991,0.0,True,False
105250,2025-03-15 02:10:00,119.67396130142342,556.0123946428571,436.33843333333334,10799.999999991,10799.999999991,0.0,True,False
105260,2025-03-15 02:20:00,114.67278868237585,558.5111886904762,443.8384,10799.999999991,10799.999999991,0.0,True,False
105270,2025-03-15 02:30:00,102.74482142047108,557.1298214285714,454.385,10799.999999991,10799.999999991,0.0,True,False
105280,2025-03-15 02:40:00,76.59044701570909,556.4867303571427,479.8962833333333,10799.999999991,10799.999999991,0.0,True,False
105290,2025-03-15 02:50:00,93.83748392047099,559.3559839285713,465.51849999999996,10799.999999991,10799.999999991,0.0,True,False
105300,2025-03-15 03:00:00,136.16624999189966,563.0245833333333,426.85833333333335,10799.999999991,10799.999999991,0.0,True,False
105310,2025-03-15 03:10:00,128.8215220157093,563.3051220238096,434.4836,10799.999999991,10799.999999991,0.0,True,False
105320,2025-03-15 03:20:00,136.59811725380447,569.2170005952381,432.6188833333333,10799.999999991,10799.999999991,0.0,True,False
105330,2025-03-15 03:30:00,166.43845237285197,576.8501190476189,410.41166666666663,10799.999999991,10799.999999991,0.0,True,False
105340,2025-03-15 03:40:00,155.23069463475682,572.9391946428572,417.7085,10799.999999991,10799.999999991,0.0,True,False
105350,2025-03-15 03:50:00,133.78257499189962,571.3318083333332,437.5492333333333,10799.999999991,10799.999999991,0.0,True,False
105360,2025-03-15 04:00:00,137.32964284904241,578.9796428571427,441.65,10799.999999991,10799.999999991,0.0,True,False
105370,2025-03-15 04:10:00,164.49180475380436,587.887988095238,423.39618333333334,10799.999999991,10799.999999991,0.0,True,False
105380,2025-03-15 04:20:00,151.77828868237603,586.4418720238097,434.6635833333333,10799.999999991,10799.999999991,0.0,True,False
105390,2025-03-15 04:30:00,111.89142856332828,579.4047619047619,467.5133333333333,10799.999999991,10799.999999991,0.0,True,False
105400,2025-03-15 04:40:00,122.40605475380433,583.0416547619046,460.63559999999995,10799.999999991,10799.999999991,0.0,True,False
105410,2025-03-15 04:50:00,154.65914344428072,591.1569601190477,436.4978166666666,10799.999999991,10799.999999991,0.0,True,False
105420,2025-03-15 05:00:00,158.55720237285212,593.0255357142858,434.4683333333333,10799.999999991,10799.999999991,0.0,True,False
105430,2025-03-15 05:10:00,115.92501308713766,585.601813095238,469.6768,10799.999999991,10799.999999991,0.0,True,False
105440,2025-03-15 05:20:00,107.3728113014233,589.834794642857,482.46198333333336,10799.999999991,10799.999999991,0.0,True,False
105450,2025-03-15 05:30:00,138.1222618966615,594.5639285714285,456.44166666666666,10799.999999991,10799.999999991,0.0,True,False
105460,2025-03-15 05:40:00,146.18667439666137,579.8134077380951,433.62673333333333,10799.999999991,10799.999999991,0.0,True,False
105470,2025-03-15 05:50:00,196.42820594428068,636.7327226190476,440.30451666666664,10799.999999991,10799.999999991,0.0,True,False
106110,2025-03-15 16:30:00,18.31160705485547,555.8066071428572,537.4949999999999,10799.99999990222,10799.99999990222,0.0,True,False
106120,2025-03-15 16:40:00,56.289812411998184,612.3878625,556.09805,10799.99999990222,10799.99999990222,0.0,True,False
106130,2025-03-15 16:50:00,122.1175344358079,654.6646511904763,532.5471166666666,10799.99999990222,10799.99999990222,0.0,True,False
106140,2025-03-15 17:00:00,226.26321419771247,687.7915476190476,461.5283333333333,10799.99999990222,10799.99999990222,0.0,True,False
106150,2025-03-15 17:10:00,287.3083999119982,736.3679833333333,449.0595833333333,10799.99999990222,10799.99999990222,0.0,True,False
106160,2025-03-15 17:20:00,316.6976826500936,777.894399404762,461.19671666666665,10799.99999990222,10799.99999990222,0.0,True,False
106170,2025-03-15 17:30:00,359.71290169771265,818.389568452381,458.6766666666666,10799.99999990222,10799.99999990222,0.0,True,False
106180,2025-03-15 17:40:00,424.6173832453315,865.5488999999999,440.93151666666665,10799.99999990222,10799.99999990222,0.0,True,False
106190,2025-03-15 17:50:00,348.9975028881883,784.7576029761901,435.76009999999997,10799.99999990222,10799.99999990222,0.0,True,False
106200,2025-03-15 18:00:00,185.74732134056973,634.3306547619048,448.5833333333333,10799.99999990222,10799.99999990222,0.0,True,False
106440,2025-03-15 22:00:00,119.59660715285712,1337.3516071428571,384.4216666666667,5406.291341187092,6156.291341178092,749.999999991,False,True
106450,2025-03-15 22:10:00,94.18753631952391,1320.9600529761906,393.4391833333333,6156.291341178092,6906.2913411690915,749.999999991,False,True
106470,2025-03-15 22:30:00,128.66416667666658,1339.1025,377.105,7002.769985267234,7752.769985257234,749.9999999899999,False,True
106480,2025-03-15 22:40:00,96.97940298619072,1339.8096196428573,409.4968833333333,7752.769985257234,8502.769985248235,749.999999991,False,True
106490,2025-03-15 22:50:00,83.38956489095231,1338.6519982142856,421.92909999999995,8502.769985248235,9252.769985238234,749.99999999,False,True
106500,2025-03-15 23:00:00,109.51571429571435,1339.1257142857144,396.27666666666664,9252.769985238234,10002.769985229233,749.999999991,False,True
106520,2025-03-15 23:20:00,858.8378448925752,1354.2215464285714,400.5055,10714.609618608603,10799.999999991,85.39038138239663,True,False
106530,2025-03-15 23:30:00,943.6158333252332,1353.9725,410.3566666666666,10799.999999991,10799.999999991,0.0,True,False
106540,2025-03-15 23:40:00,931.437008920471,1351.673025595238,420.2360166666666,10799.999999991,10799.999999991,0.0,True,False
106550,2025-03-15 23:50:00,28.070513682375783,516.6360636904761,488.56555000000003,10799.999999991,10799.999999991,0.0,True,False
109780,2025-03-18 05:40:00,21.245007748095183,1405.5801410714287,551.0018,8949.59707380553,9699.597073795529,749.99999999,False,True
113770,2025-03-21 00:10:00,130.38739048619027,1356.9586738095236,393.23795,8219.235662877456,8969.235662867455,749.99999999,False,True
113780,2025-03-21 00:20:00,95.9624422719048,1356.9323255952381,427.63655,8969.235662867455,9719.235662858455,749.999999991,False,True
113850,2025-03-21 01:30:00,85.20610110936502,538.818392857143,438.34999999999997,10786.263937418,10799.999999991,13.736062573000169,True,False
113860,2025-03-21 01:40:00,105.55423094428065,541.055230952381,435.501,10799.999999991,10799.999999991,0.0,True,False
113870,2025-03-21 01:50:00,119.79505653951864,545.1669898809523,425.37193333333335,10799.999999991,10799.999999991,0.0,True,False
113880,2025-03-21 02:00:00,125.4098809442805,549.0248809523808,423.615,10799.999999991,10799.999999991,0.0,True,False
113890,2025-03-21 02:10:00,117.224214872852,553.7993148809524,436.5751,10799.999999991,10799.999999991,0.0,True,False
113900,2025-03-21 02:20:00,113.76037082523308,552.8039875000001,439.04361666666665,10799.999999991,10799.999999991,0.0,True,False
113910,2025-03-21 02:30:00,113.44297618237576,548.6979761904761,435.255,10799.999999991,10799.999999991,0.0,True,False
113920,2025-03-21 02:40:00,98.01151844428071,551.365668452381,453.35414999999995,10799.999999991,10799.999999991,0.0,True,False
113930,2025-03-21 02:50:00,85.87915534904258,554.4580886904762,468.5789333333333,10799.999999991,10799.999999991,0.0,True,False
113940,2025-03-21 03:00:00,95.99714284904243,555.190476190476,459.19333333333327,10799.999999991,10799.999999991,0.0,True,False
113950,2025-03-21 03:10:00,127.10849284904234,558.094676190476,430.9861833333333,10799.999999991,10799.999999991,0.0,True,False
113960,2025-03-21 03:20:00,135.06446487285208,565.5815648809524,430.5171,10799.999999991,10799.999999991,0.0,True,False
113970,2025-03-21 03:30:00,116.93374999189959,570.40375,453.47,10799.999999991,10799.999999991,0.0,True,False
113980,2025-03-21 03:40:00,110.16897439666147,563.1016910714285,452.9327166666667,10799.999999991,10799.999999991,0.0,True,False
113990,2025-03-21 03:50:00,107.52213927761395,560.7423892857142,453.22024999999996,10799.999999991,10799.999999991,0.0,True,False
114000,2025-03-21 04:00:00,115.77351189666163,569.0085119047619,453.23499999999996,10799.999999991,10799.999999991,0.0,True,False
114010,2025-03-21 04:10:00,147.36862201570912,576.1895553571427,428.8209333333333,10799.999999991,10799.999999991,0.0,True,False
114020,2025-03-21 04:20:00,138.67685177761402,574.0578517857143,435.381,10799.999999991,10799.999999991,0.0,True,False
114030,2025-03-21 04:30:00,105.85166665856642,568.965,463.1133333333333,10799.999999991,10799.999999991,0.0,True,False
114040,2025-03-21 04:40:00,128.2200720157091,574.392138690476,446.17206666666664,10799.999999991,10799.999999991,0.0,True,False
114050,2025-03-21 04:50:00,144.49548570618535,578.8251523809523,434.32966666666664,10799.999999991,10799.999999991,0.0,True,False
114060,2025-03-21 05:00:00,126.11035713475692,576.1536904761906,450.04333333333335,10799.999999991,10799.999999991,0.0,True,False
114070,2025-03-21 05:10:00,110.0654541585663,573.0549208333333,462.98946666666666,10799.999999991,10799.999999991,0.0,True,False
114080,2025-03-21 05:20:00,118.02256427761395,579.1719976190476,461.1494333333333,10799.999999991,10799.999999991,0.0,True,False
114090,2025-03-21 05:30:00,124.78970237285202,580.401369047619,455.6116666666667,10799.999999991,10799.999999991,0.0,True,False
114100,2025-03-21 05:40:00,932.5939660633284,1398.348299404762,465.7543333333333,10799.999999991,10799.999999991,0.0,True,False
114110,2025-03-21 05:50:00,149.74429701570935,622.931480357143,473.1871833333333,10799.999999991,10799.999999991,0.0,True,False
114760,2025-03-21 16:40:00,0.9825588405695953,586.8062089285713,585.8236499999999,10799.99999990222,10799.99999990222,0.0,True,False
114770,2025-03-21 16:50:00,73.05115824533152,626.708775,553.6576166666666,10799.99999990222,10799.99999990222,0.0,True,False
114780,2025-03-21 17:00:00,204.7795832453316,658.90125,454.12166666666667,10799.99999990222,10799.99999990222,0.0,True,False
114790,2025-03-21 17:10:00,291.72996181675995,710.8961119047618,419.16615,10799.99999990222,10799.99999990222,0.0,True,False
114800,2025-03-21 17:20:00,326.3833933643791,754.597043452381,428.21365,10799.99999990222,10799.99999990222,0.0,True,False
114810,2025-03-21 17:30:00,355.78133919771244,797.4596726190475,441.67833333333334,10799.99999990222,10799.99999990222,0.0,True,False
114820,2025-03-21 17:40:00,409.03366955485535,854.5737529761905,445.5400833333333,10799.99999990222,10799.99999990222,0.0,True,False
114830,2025-03-21 17:50:00,337.9280272929506,781.9811773809524,444.05315,10799.99999990222,10799.99999990222,0.0,True,False
114840,2025-03-21 18:00:00,189.52369038818858,634.8120238095237,445.2883333333333,10799.99999990222,10799.99999990222,0.0,True,False
115080,2025-03-21 22:00:00,137.16904762904778,1340.9340476190478,370.4316666666667,5550.106264150059,6300.106264141059,749.999999991,False,True
115090,2025-03-21 22:10:00,110.66409703380963,1323.846080357143,379.84864999999996,6300.106264141059,7050.106264132059,749.999999991,False,True
115110,2025-03-21 22:30:00,75.20648810523811,1337.2281547619048,428.68833333333333,7124.924015730202,7874.924015721202,749.999999991,False,True
115120,2025-03-21 22:40:00,108.48550298619044,1339.0766529761904,397.2578166666666,7874.924015721202,8624.924015711202,749.99999999,False,True
115130,2025-03-21 22:50:00,112.69080596238108,1336.7850726190477,390.7609333333333,8624.924015711202,9374.924015702201,749.999999991,False,True
115140,2025-03-21 23:00:00,98.24803572428571,1334.5747023809524,402.99333333333334,9374.924015702201,10124.924015693201,749.999999991,False,True
115150,2025-03-21 23:10:00,51.51420574054065,1178.1592494047618,376.56061666666665,10124.924015693201,10799.999999991,675.075984297799,True,False
115160,2025-03-21 23:20:00,954.607726182376,1353.1012761904763,398.49354999999997,10799.999999991,10799.999999991,0.0,True,False
115170,2025-03-21 23:30:00,907.7319642776141,1352.9369642857143,445.205,10799.999999991,10799.999999991,0.0,True,False
115180,2025-03-21 23:40:00,948.8570839204712,1351.6477005952381,402.79061666666666,10799.999999991,10799.999999991,0.0,True,False
115190,2025-03-21 23:50:00,138.05460356332836,518.8746202380953,380.8200166666666,10799.999999991,10799.999999991,0.0,True,False
115200,2025-03-22 00:00:00,112.72220237285185,521.1538690476189,408.4316666666667,10799.999999991,10799.999999991,0.0,True,False
115210,2025-03-22 00:10:00,118.30579522999491,523.3578285714285,405.05203333333327,10799.999999991,10799.999999991,0.0,True,False
115220,2025-03-22 00:20:00,123.66258392047106,524.5468672619047,400.8842833333333,10799.999999991,10799.999999991,0.0,True,False
115230,2025-03-22 00:30:00,117.54958332523282,525.8929166666665,408.3433333333333,10799.999999991,10799.999999991,0.0,True,False
115240,2025-03-22 00:40:00,124.2535053490424,528.9867053571427,404.73319999999995,10799.999999991,10799.999999991,0.0,True,False
115250,2025-03-22 00:50:00,117.08204761094728,529.9431142857143,412.86106666666666,10799.999999991,10799.999999991,0.0,True,False
115260,2025-03-22 01:00:00,110.75589284904251,531.6542261904762,420.8983333333333,10799.999999991,10799.999999991,0.0,True,False
115270,2025-03-22 01:10:00,146.59985058713764,540.1675672619047,393.5677166666667,10799.999999991,10799.999999991,0.0,True,False
115280,2025-03-22 01:20:00,156.88364165856635,542.292925,385.4092833333333,10799.999999991,10799.999999991,0.0,True,False
115290,2025-03-22 01:30:00,121.25488094428076,538.3132142857144,417.0583333333333,10799.999999991,10799.999999991,0.0,True,False
115300,2025-03-22 01:40:00,90.58675594428061,541.6228392857142,451.0360833333333,10799.999999991,10799.999999991,0.0,True,False
115310,2025-03-22 01:50:00,98.00935475380444,545.0480380952381,447.0386833333333,10799.999999991,10799.999999991,0.0,True,False
115320,2025-03-22 02:00:00,133.27994046809008,546.8782738095238,413.59833333333336,10799.999999991,10799.999999991,0.0,True,False
115330,2025-03-22 02:10:00,155.2337249918996,552.3266583333333,397.09293333333335,10799.999999991,10799.999999991,0.0,True,False
115340,2025-03-22 02:20:00,151.922345825233,551.7523291666666,399.8299833333333,10799.999999991,10799.999999991,0.0,True,False
115350,2025-03-22 02:30:00,129.67749999189957,547.1541666666666,417.4766666666667,10799.999999991,10799.999999991,0.0,True,False
115360,2025-03-22 02:40:00,105.54753511094722,550.7944851190475,445.24694999999997,10799.999999991,10799.999999991,0.0,True,False
115370,2025-03-22 02:50:00,96.68065594428069,554.5391392857143,457.8584833333333,10799.999999991,10799.999999991,0.0,True,False
115380,2025-03-22 03:00:00,107.89761903951873,554.9459523809523,447.0483333333333,10799.999999991,10799.999999991,0.0,True,False
115390,2025-03-22 03:10:00,128.17610356332816,557.7124869047618,429.53638333333333,10799.999999991,10799.999999991,0.0,True,False
115400,2025-03-22 03:20:00,133.46292499189965,564.8930583333333,431.43013333333334,10799.999999991,10799.999999991,0.0,True,False
115410,2025-03-22 03:30:00,128.3363095157093,569.3813095238096,441.04499999999996,10799.999999991,10799.999999991,0.0,True,False
115420,2025-03-22 03:40:00,137.80159582523285,562.3224791666665,424.52088333333336,10799.999999991,10799.999999991,0.0,True,False
115430,2025-03-22 03:50:00,142.52965415856633,559.7022875,417.17263333333335,10799.999999991,10799.999999991,0.0,True,False
115440,2025-03-22 04:00:00,133.9603571347569,567.2586904761905,433.2983333333333,10799.999999991,10799.999999991,0.0,True,False
115450,2025-03-22 04:10:00,125.40892022999489,574.4167535714286,449.00783333333334,10799.999999991,10799.999999991,0.0,True,False
115460,2025-03-22 04:20:00,127.9268553490426,572.1947553571429,444.26789999999994,10799.999999991,10799.999999991,0.0,True,False
115470,2025-03-22 04:30:00,129.93136903951867,567.091369047619,437.15999999999997,10799.999999991,10799.999999991,0.0,True,False
115480,2025-03-22 04:40:00,111.63063332523298,573.3781166666666,461.7474833333333,10799.999999991,10799.999999991,0.0,True,False
115490,2025-03-22 04:50:00,105.68177558713776,577.4942922619048,471.8125166666667,10799.999999991,10799.999999991,0.0,True,False
115500,2025-03-22 05:00:00,112.15910713475685,574.0157738095238,461.8566666666666,10799.999999991,10799.999999991,0.0,True,False
115510,2025-03-22 05:10:00,101.86598570618537,572.187969047619,470.3219833333333,10799.999999991,10799.999999991,0.0,True,False
115520,2025-03-22 05:20:00,109.52650772999479,578.1417744047618,468.6152666666667,10799.999999991,10799.999999991,0.0,True,False
115530,2025-03-22 05:30:00,121.76880951570914,577.4371428571428,455.66833333333335,10799.999999991,10799.999999991,0.0,True,False
115540,2025-03-22 05:40:00,99.4544505871377,561.7658839285714,462.3114333333333,10799.999999991,10799.999999991,0.0,True,False
115550,2025-03-22 05:50:00,152.68057261094745,620.7225226190477,468.04194999999993,10799.999999991,10799.999999991,0.0,True,False
116200,2025-03-22 16:40:00,22.246692769146044,581.8796428571428,559.6329499999999,10799.999999902226,10799.999999902226,0.0,True,False
116210,2025-03-22 16:50:00,95.49732610247938,622.1237095238096,526.6263833333333,10799.999999902226,10799.999999902226,0.0,True,False
116220,2025-03-22 17:00:00,185.99909217390777,654.5357589285713,468.53666666666663,10799.999999902226,10799.999999902226,0.0,True,False
116230,2025-03-22 17:10:00,233.50865824533636,705.8724083333332,472.36375,10799.999999902226,10799.999999902226,0.0,True,False
116240,2025-03-22 17:20:00,279.9666016977175,749.868618452381,469.90201666666667,10799.999999902226,10799.999999902226,0.0,True,False
116250,2025-03-22 17:30:00,356.0225594358127,793.885892857143,437.8633333333333,10799.999999902226,10799.999999902226,0.0,True,False
116260,2025-03-22 17:40:00,426.0970969358126,851.2634970238095,425.16639999999995,10799.999999902226,10799.999999902226,0.0,True,False
116270,2025-03-22 17:50:00,349.5466897929555,779.5629898809524,430.0163,10799.999999902226,10799.999999902226,0.0,True,False
116280,2025-03-22 18:00:00,194.89940467390775,634.1460714285713,439.24666666666667,10799.999999902226,10799.999999902226,0.0,True,False
116520,2025-03-22 22:00:00,119.58029762904765,1339.588630952381,386.675,5800.983126947679,6550.983126938679,749.999999991,False,True
116530,2025-03-22 22:10:00,126.2266589385715,1323.9608755952381,364.4008833333333,6550.983126938679,7300.983126929678,749.999999991,False,True
116550,2025-03-22 22:30:00,97.11380953380966,1338.9738095238097,408.52666666666664,7411.762052634964,8161.762052625963,749.999999991,False,True
116560,2025-03-22 22:40:00,106.00083096238107,1338.7190976190477,399.3849333333333,8161.762052625963,8911.762052616963,749.999999991,False,True
116570,2025-03-22 22:50:00,113.01549881952381,1335.9060488095238,389.55721666666665,8911.762052616963,9661.762052607963,749.999999991,False,True
116580,2025-03-22 23:00:00,107.0401190576191,1334.330119047619,393.9566666666666,9661.762052607963,10411.762052598962,749.999999991,False,True
116590,2025-03-22 23:10:00,347.5427938144441,1176.5663742500415,397.6480833333333,10411.762052598962,10799.999999991,388.23794739203765,True,False
116600,2025-03-22 23:20:00,929.5697333252332,1352.8419666666668,423.27223333333336,10799.999999991,10799.999999991,0.0,True,False
116610,2025-03-22 23:30:00,917.9517857061855,1355.2701190476191,437.31833333333327,10799.999999991,10799.999999991,0.0,True,False
116620,2025-03-22 23:40:00,957.2076761823761,1351.4831595238097,394.27548333333334,10799.999999991,10799.999999991,0.0,True,False
116630,2025-03-22 23:50:00,62.90162142047118,516.6542380952382,453.75261666666665,10799.999999991,10799.999999991,0.0,True,False
123850,2025-03-28 00:10:00,136.35265953380951,1356.5157595238095,386.8297666666666,8114.936623558404,8864.936623548403,749.99999999,False,True
123860,2025-03-28 00:20:00,140.9098041766665,1357.6107874999998,383.36764999999997,8864.936623548403,9614.936623539403,749.999999991,False,True
123930,2025-03-28 01:30:00,67.04695349031753,535.8648809523809,408.645,10745.844365275143,10799.999999991,54.15563471585702,True,False
123940,2025-03-28 01:40:00,110.21021368237584,541.5455803571429,431.3353666666667,10799.999999991,10799.999999991,0.0,True,False
123950,2025-03-28 01:50:00,89.36863332523305,545.3975166666667,456.0288833333333,10799.999999991,10799.999999991,0.0,True,False
123960,2025-03-28 02:00:00,94.5501785633281,546.4435119047617,451.8933333333333,10799.999999991,10799.999999991,0.0,True,False
123970,2025-03-28 02:10:00,109.06983034904235,548.7397303571427,439.6699,10799.999999991,10799.999999991,0.0,True,False
123980,2025-03-28 02:20:00,108.82190892047109,546.450825595238,437.6289166666666,10799.999999991,10799.999999991,0.0,True,False
123990,2025-03-28 02:30:00,100.88696427761394,542.9719642857143,442.08500000000004,10799.999999991,10799.999999991,0.0,True,False
124000,2025-03-28 02:40:00,112.66570177761403,548.2789351190477,435.6132333333333,10799.999999991,10799.999999991,0.0,True,False
124010,2025-03-28 02:50:00,123.16444582523306,552.0161958333333,428.8517499999999,10799.999999991,10799.999999991,0.0,True,False
124020,2025-03-28 03:00:00,111.27107142047109,549.8860714285714,438.615,10799.999999991,10799.999999991,0.0,True,False
124030,2025-03-28 03:10:00,81.14845772999487,548.7678744047619,467.61941666666667,10799.999999991,10799.999999991,0.0,True,False
124040,2025-03-28 03:20:00,85.5829124918998,554.6226958333334,469.0397833333333,10799.999999991,10799.999999991,0.0,True,False
124050,2025-03-28 03:30:00,118.28636903951863,560.6530357142856,442.3666666666666,10799.999999991,10799.999999991,0.0,True,False
124060,2025-03-28 03:40:00,121.04133451570905,554.8133011904761,433.7719666666667,10799.999999991,10799.999999991,0.0,True,False
124070,2025-03-28 03:50:00,111.57744880142351,552.9216988095238,441.34425,10799.999999991,10799.999999991,0.0,True,False
124080,2025-03-28 04:00:00,111.15291665856634,560.5079166666667,449.355,10799.999999991,10799.999999991,0.0,True,False
124090,2025-03-28 04:10:00,120.47915296809012,566.4170029761905,445.93785,10799.999999991,10799.999999991,0.0,True,False
124100,2025-03-28 04:20:00,123.85856249189958,562.9491291666666,439.09056666666663,10799.999999991,10799.999999991,0.0,True,False
124110,2025-03-28 04:30:00,120.31863094428061,557.7869642857142,437.4683333333333,10799.999999991,10799.999999991,0.0,True,False
124120,2025-03-28 04:40:00,123.48333034904257,565.3142636904762,441.8309333333333,10799.999999991,10799.999999991,0.0,True,False
124130,2025-03-28 04:50:00,130.956063682376,570.1409470238096,439.18488333333335,10799.999999991,10799.999999991,0.0,True,False
124140,2025-03-28 05:00:00,140.1867857061853,565.6967857142856,425.51,10799.999999991,10799.999999991,0.0,True,False
124150,2025-03-28 05:10:00,147.701582729995,561.736949404762,414.0353666666666,10799.999999991,10799.999999991,0.0,True,False
124160,2025-03-28 05:20:00,131.70689939666153,566.8299160714286,435.1230166666667,10799.999999991,10799.999999991,0.0,True,False
124170,2025-03-28 05:30:00,98.91327380142363,567.4349404761906,468.52166666666665,10799.999999991,10799.999999991,0.0,True,False
124180,2025-03-28 05:40:00,924.2953095157093,1386.8742595238095,462.57894999999996,10799.999999991,10799.999999991,0.0,True,False
124190,2025-03-28 05:50:00,154.69337380142343,611.4354571428571,456.7420833333333,10799.999999991,10799.999999991,0.0,True,False
124850,2025-03-28 16:50:00,62.54165356242786,595.3234202380952,532.7817666666666,10799.99999999,10799.99999999,0.0,True,False
124860,2025-03-28 17:00:00,190.5644047529042,624.3694047619049,433.80499999999995,10799.99999999,10799.99999999,0.0,True,False
124870,2025-03-28 17:10:00,274.3300386814757,678.574405357143,404.2443666666666,10799.99999999,10799.99999999,0.0,True,False
124880,2025-03-28 17:20:00,306.8175071338562,725.0789904761903,418.26148333333333,10799.99999999,10799.99999999,0.0,True,False
124890,2025-03-28 17:30:00,329.96113094338017,769.4994642857142,439.5383333333333,10799.99999999,10799.99999999,0.0,True,False
124900,2025-03-28 17:40:00,371.78580118147556,830.9074345238096,459.1216333333333,10799.99999999,10799.99999999,0.0,True,False
124910,2025-03-28 17:50:00,302.60911665766577,768.5975833333331,465.9884666666667,10799.99999999,10799.99999999,0.0,True,False
124920,2025-03-28 18:00:00,170.07202380052306,631.7836904761904,461.71166666666664,10799.99999999,10799.99999999,0.0,True,False
125160,2025-03-28 22:00:00,158.39136905761916,1338.716369047619,346.9916666666666,5704.700961843656,6454.700961834656,749.999999991,False,True
125170,2025-03-28 22:10:00,133.7196154861905,1324.8554154761905,357.80246666666665,6454.700961834656,7204.700961825655,749.999999991,False,True
125190,2025-03-28 22:30:00,121.66773810523806,1341.2044047619047,386.20333333333326,7314.954400566655,8064.954400556655,749.9999999899999,False,True
125200,2025-03-28 22:40:00,105.64141370047604,1343.9479303571427,404.97318333333334,8064.954400556655,8814.954400547655,749.999999991,False,True
125210,2025-03-28 22:50:00,101.81571429571453,1340.5722642857145,405.42321666666663,8814.954400547655,9564.954400538654,749.999999991,False,True
125220,2025-03-28 23:00:00,120.358869057619,1335.253869047619,381.5616666666666,9564.954400538654,10314.954400529654,749.999999991,False,True
125230,2025-03-28 23:10:00,265.5412938524727,1176.881498809524,372.4006499999999,10314.954400529654,10799.999999991,485.04559946134617,True,False
125240,2025-03-28 23:20:00,955.3409517776141,1352.6462517857144,397.3053,10799.999999991,10799.999999991,0.0,True,False
125250,2025-03-28 23:30:00,925.6041666585664,1354.0558333333333,428.45166666666665,10799.999999991,10799.999999991,0.0,True,False
125260,2025-03-28 23:40:00,931.5301618966616,1351.755911904762,420.22574999999995,10799.999999991,10799.999999991,0.0,True,False
125270,2025-03-28 23:50:00,99.39856784904251,519.4644345238095,420.06586666666664,10799.999999991,10799.999999991,0.0,True,False
125280,2025-03-29 00:00:00,86.05041665856632,523.2420833333333,437.19166666666666,10799.999999991,10799.999999991,0.0,True,False
125290,2025-03-29 00:10:00,91.70960594428064,523.3188892857142,431.6092833333333,10799.999999991,10799.999999991,0.0,True,False
125300,2025-03-29 00:20:00,109.09205892047098,522.9620089285713,413.86995,10799.999999991,10799.999999991,0.0,True,False
125310,2025-03-29 00:30:00,124.6126785633281,524.2143452380951,399.6016666666667,10799.999999991,10799.999999991,0.0,True,False
125320,2025-03-29 00:40:00,128.02302261094732,525.6119892857143,397.5889666666667,10799.999999991,10799.999999991,0.0,True,False
125330,2025-03-29 00:50:00,106.35772201570919,526.6937386904762,420.33601666666664,10799.999999991,10799.999999991,0.0,True,False
125340,2025-03-29 01:00:00,89.87607142047099,528.7560714285713,438.88,10799.999999991,10799.999999991,0.0,True,False
125350,2025-03-29 01:10:00,120.62988153951878,532.9688315476191,412.33894999999995,10799.999999991,10799.999999991,0.0,True,False
125360,2025-03-29 01:20:00,117.28794403951869,534.4865107142857,417.1985666666667,10799.999999991,10799.999999991,0.0,True,False
125370,2025-03-29 01:30:00,86.86738094428048,535.0140476190475,448.14666666666665,10799.999999991,10799.999999991,0.0,True,False
125380,2025-03-29 01:40:00,115.84872915856633,541.0020958333333,425.15336666666667,10799.999999991,10799.999999991,0.0,True,False
125390,2025-03-29 01:50:00,133.6696416585663,545.9433416666666,412.27369999999996,10799.999999991,10799.999999991,0.0,True,False
125400,2025-03-29 02:00:00,115.90648808713766,547.7531547619046,431.84666666666664,10799.999999991,10799.999999991,0.0,True,False
125410,2025-03-29 02:10:00,111.00393213475675,549.7208988095238,438.7169666666667,10799.999999991,10799.999999991,0.0,True,False
125420,2025-03-29 02:20:00,112.60294999189958,546.1716833333332,433.56873333333334,10799.999999991,10799.999999991,0.0,True,False
125430,2025-03-29 02:30:00,112.92333332523296,541.4633333333333,428.53999999999996,10799.999999991,10799.999999991,0.0,True,False
125440,2025-03-29 02:40:00,113.75954522999493,546.8044785714286,433.04493333333335,10799.999999991,10799.999999991,0.0,True,False
125450,2025-03-29 02:50:00,103.61143927761404,551.822505952381,448.2110666666666,10799.999999991,10799.999999991,0.0,True,False
125460,2025-03-29 03:00:00,97.92529761094735,550.8819642857143,452.9566666666666,10799.999999991,10799.999999991,0.0,True,False
125470,2025-03-29 03:10:00,123.03547022999484,549.2489202380951,426.21344999999997,10799.999999991,10799.999999991,0.0,True,False
125480,2025-03-29 03:20:00,129.91110534904257,554.1319386904762,424.2208333333333,10799.999999991,10799.999999991,0.0,True,False
125490,2025-03-29 03:30:00,112.78440475380441,559.6794047619047,446.895,10799.999999991,10799.999999991,0.0,True,False
125500,2025-03-29 03:40:00,115.75725772999485,553.7256577380952,437.9684,10799.999999991,10799.999999991,0.0,True,False
125510,2025-03-29 03:50:00,132.43198630142345,551.8136696428571,419.38168333333334,10799.999999991,10799.999999991,0.0,True,False
125520,2025-03-29 04:00:00,138.00386903951872,559.113869047619,421.10999999999996,10799.999999991,10799.999999991,0.0,True,False
125530,2025-03-29 04:10:00,116.66257320618544,564.3977732142857,447.73519999999996,10799.999999991,10799.999999991,0.0,True,False
125540,2025-03-29 04:20:00,106.91888749189958,561.1686208333332,454.2497333333333,10799.999999991,10799.999999991,0.0,True,False
125550,2025-03-29 04:30:00,114.4748214204711,556.5298214285714,442.05499999999995,10799.999999991,10799.999999991,0.0,True,False
125560,2025-03-29 04:40:00,107.95453332523297,563.0661666666666,455.1116333333333,10799.999999991,10799.999999991,0.0,True,False
125570,2025-03-29 04:50:00,93.4548053490425,567.0350220238095,473.5802166666666,10799.999999991,10799.999999991,0.0,True,False
125580,2025-03-29 05:00:00,86.78261903951872,562.4892857142856,475.7066666666666,10799.999999991,10799.999999991,0.0,True,False
125590,2025-03-29 05:10:00,98.46388987285198,558.4125732142857,459.94868333333335,10799.999999991,10799.999999991,0.0,True,False
125600,2025-03-29 05:20:00,118.35566130142351,564.5467613095238,446.1911,10799.999999991,10799.999999991,0.0,True,False
125610,2025-03-29 05:30:00,122.70886903951876,566.308869047619,443.59999999999997,10799.999999991,10799.999999991,0.0,True,False
125620,2025-03-29 05:40:00,108.52791308713776,551.3300464285714,442.80213333333336,10799.999999991,10799.999999991,0.0,True,False
125630,2025-03-29 05:50:00,183.46780475380436,609.0552380952381,425.58743333333337,10799.999999991,10799.999999991,0.0,True,False
126290,2025-03-29 16:50:00,65.71775475290409,589.5694714285713,523.8517166666666,10799.99999999,10799.99999999,0.0,True,False
126300,2025-03-29 17:00:00,166.41044641957083,619.3921130952382,452.9816666666666,10799.99999999,10799.99999999,0.0,True,False
126310,2025-03-29 17:10:00,208.41422201480881,673.4563386904762,465.04211666666663,10799.99999999,10799.99999999,0.0,True,False
126320,2025-03-29 17:20:00,245.3703559433802,719.5653059523809,474.19494999999995,10799.99999999,10799.99999999,0.0,True,False
126330,2025-03-29 17:30:00,317.66174106242806,764.775074404762,447.1133333333333,10799.99999999,10799.99999999,0.0,True,False
126340,2025-03-29 17:40:00,392.5662339195709,828.7517339285715,436.18549999999993,10799.99999999,10799.99999999,0.0,True,False
126350,2025-03-29 17:50:00,345.28957320528514,767.6684898809524,422.3789166666666,10799.99999999,10799.99999999,0.0,True,False
126360,2025-03-29 18:00:00,210.71063987195168,630.792306547619,420.0816666666666,10799.99999999,10799.99999999,0.0,True,False
126600,2025-03-29 22:00:00,103.92809524809535,1337.0614285714287,399.8,5608.333810699474,6358.333810690474,749.999999991,False,True
126610,2025-03-29 22:10:00,107.79963691476199,1323.9890535714287,382.85608333333334,6358.333810690474,7108.333810681474,749.999999991,False,True
126630,2025-03-29 22:30:00,96.73720239095245,1342.4372023809524,412.3666666666666,7209.877469958188,7959.877469948188,749.99999999,False,True
126640,2025-03-29 22:40:00,107.83580179571423,1345.7388851190476,404.56975,7959.877469948188,8709.877469939189,749.999999991,False,True
126650,2025-03-29 22:50:00,106.71006012904762,1341.639493452381,401.5961,8709.877469939189,9459.877469930188,749.999999991,False,True
126660,2025-03-29 23:00:00,99.10690477190461,1334.6369047619046,402.1966666666666,9459.877469930188,10209.877469921188,749.999999991,False,True
126670,2025-03-29 23:10:00,141.37849589551854,1175.2190293064207,378.1488333333333,10209.877469921188,10799.999999991,590.1225300698119,True,False
126680,2025-03-29 23:20:00,969.6671958252331,1351.7247458333334,382.05755,10799.999999991,10799.999999991,0.0,True,False
126690,2025-03-29 23:30:00,953.2317857061857,1354.6551190476193,401.4233333333333,10799.999999991,10799.999999991,0.0,True,False
126700,2025-03-29 23:40:00,969.4830220157094,1352.5272220238096,383.04419999999993,10799.999999991,10799.999999991,0.0,True,False
126710,2025-03-29 23:50:00,73.8457577299948,519.9973910714284,446.1516333333333,10799.999999991,10799.999999991,0.0,True,False
133930,2025-04-04 00:10:00,145.6735702480953,1360.5025202380953,381.49561666666665,8109.944122070575,8859.944122060575,749.99999999,False,True
133940,2025-04-04 00:20:00,94.14579405761923,1359.7947940476192,432.31566666666663,8859.944122060575,9609.944122051575,749.999999991,False,True
134000,2025-04-04 01:20:00,19.764195166981175,530.382343452381,392.48375,10693.67904153414,10799.999999991,106.3209584568598,True,False
134010,2025-04-04 01:30:00,106.24363094428062,535.3652976190476,429.12166666666667,10799.999999991,10799.999999991,0.0,True,False
134020,2025-04-04 01:40:00,94.73699880142348,541.0582154761904,446.3212166666666,10799.999999991,10799.999999991,0.0,True,False
134030,2025-04-04 01:50:00,112.0870029680901,545.4165363095237,433.3295333333333,10799.999999991,10799.999999991,0.0,True,False
134040,2025-04-04 02:00:00,133.6066071347569,549.3932738095239,415.78666666666663,10799.999999991,10799.999999991,0.0,True,False
134050,2025-04-04 02:10:00,128.2049880871377,553.986288095238,425.7813,10799.999999991,10799.999999991,0.0,True,False
134060,2025-04-04 02:20:00,112.00089463475686,550.1681613095238,438.16726666666665,10799.999999991,10799.999999991,0.0,True,False
134070,2025-04-04 02:30:00,98.45458332523285,542.5529166666665,444.09833333333336,10799.999999991,10799.999999991,0.0,True,False
134080,2025-04-04 02:40:00,92.4117053490427,546.1279720238097,453.7162666666666,10799.999999991,10799.999999991,0.0,True,False
134090,2025-04-04 02:50:00,120.34099403951868,552.9286273809523,432.5876333333333,10799.999999991,10799.999999991,0.0,True,False
134100,2025-04-04 03:00:00,155.8133333252329,555.1099999999999,399.2966666666667,10799.999999991,10799.999999991,0.0,True,False
134110,2025-04-04 03:10:00,141.81762380142348,552.7166071428571,410.8989833333333,10799.999999991,10799.999999991,0.0,True,False
134120,2025-04-04 03:20:00,129.76214582523303,552.8238625,423.06171666666665,10799.999999991,10799.999999991,0.0,True,False
134130,2025-04-04 03:30:00,128.0197618966616,555.4564285714285,427.4366666666666,10799.999999991,10799.999999991,0.0,True,False
134140,2025-04-04 03:40:00,95.04233927761399,554.4128226190477,459.37048333333337,10799.999999991,10799.999999991,0.0,True,False
134150,2025-04-04 03:50:00,71.06266427761392,553.4199642857142,482.35729999999995,10799.999999991,10799.999999991,0.0,True,False
134160,2025-04-04 04:00:00,79.65017856332813,555.7018452380951,476.0516666666666,10799.999999991,10799.999999991,0.0,True,False
134170,2025-04-04 04:10:00,103.35030713475666,559.928557142857,456.57825,10799.999999991,10799.999999991,0.0,True,False
134180,2025-04-04 04:20:00,113.16981427761387,559.3949642857142,446.22515,10799.999999991,10799.999999991,0.0,True,False
134190,2025-04-04 04:30:00,100.64422618237577,557.8125595238095,457.16833333333335,10799.999999991,10799.999999991,0.0,True,False
134200,2025-04-04 04:40:00,84.53748689666136,565.0384035714284,480.5009166666667,10799.999999991,10799.999999991,0.0,True,False
134210,2025-04-04 04:50:00,98.33397142047106,569.1785547619047,470.84458333333333,10799.999999991,10799.999999991,0.0,True,False
134220,2025-04-04 05:00:00,128.3227380871377,565.342738095238,437.02,10799.999999991,10799.999999991,0.0,True,False
134230,2025-04-04 05:10:00,127.31266249189954,561.8924624999999,434.5798,10799.999999991,10799.999999991,0.0,True,False
134240,2025-04-04 05:20:00,115.91699225380438,569.0138922619047,453.0969,10799.999999991,10799.999999991,0.0,True,False
134250,2025-04-04 05:30:00,108.63255951570918,570.5008928571428,461.86833333333334,10799.999999991,10799.999999991,0.0,True,False
134260,2025-04-04 05:40:00,943.2495779680902,1384.7490279761905,441.49945,10799.999999991,10799.999999991,0.0,True,False
134930,2025-04-04 16:50:00,45.78219880052294,562.7212988095237,516.9390999999999,10799.99999999,10799.99999999,0.0,True,False
134940,2025-04-04 17:00:00,177.4849851100469,592.8616517857142,415.37666666666667,10799.99999999,10799.99999999,0.0,True,False
134950,2025-04-04 17:10:00,206.47256487195162,643.5200982142857,437.04753333333326,10799.99999999,10799.99999999,0.0,True,False
134960,2025-04-04 17:20:00,230.66491249099903,689.3634458333331,458.69853333333333,10799.99999999,10799.99999999,0.0,True,False
134970,2025-04-04 17:30:00,294.8226041576658,738.6609374999999,443.83833333333337,10799.99999999,10799.99999999,0.0,True,False
134980,2025-04-04 17:40:00,332.4111517767135,806.3594017857141,473.94825,10799.99999999,10799.99999999,0.0,True,False
134990,2025-04-04 17:50:00,285.41890058623744,753.5565339285715,468.1376333333333,10799.99999999,10799.99999999,0.0,True,False
135000,2025-04-04 18:00:00,204.64392856242787,626.1189285714286,421.47499999999997,10799.99999999,10799.99999999,0.0,True,False
135240,2025-04-04 22:00:00,119.20648810523822,1337.7098214285716,385.16999999999996,5705.508109641279,6455.508109632278,749.999999991,False,True
135250,2025-04-04 22:10:00,131.00218215285713,1327.0799488095238,362.74443333333335,6455.508109632278,7205.508109623278,749.999999991,False,True
135270,2025-04-04 22:30:00,111.38238096238113,1339.042380952381,394.32666666666665,7327.353639435706,8077.353639426706,749.999999991,False,True
135280,2025-04-04 22:40:00,111.88703810523815,1343.0784714285714,397.8581,8077.353639426706,8827.353639417706,749.999999991,False,True
135290,2025-04-04 22:50:00,100.20279703380946,1342.1182803571428,408.58215,8827.353639417706,9577.353639408706,749.999999991,False,True
135300,2025-04-04 23:00:00,88.36934524809531,1335.7176785714287,414.015,9577.353639408706,10327.353639398705,749.99999999,False,True
135310,2025-04-04 23:10:00,267.8485914064979,1172.958830952381,379.94761666666665,10327.353639398705,10799.99999999,472.64636059129487,True,False
135320,2025-04-04 23:20:00,965.3827999909993,1349.2725333333333,383.8897333333333,10799.99999999,10799.99999999,0.0,True,False
135330,2025-04-04 23:30:00,938.5166071338566,1355.3499404761906,416.8333333333333,10799.99999999,10799.99999999,0.0,True,False
135340,2025-04-04 23:40:00,957.3678059433802,1352.8518059523808,395.484,10799.99999999,10799.99999999,0.0,True,False
135350,2025-04-04 23:50:00,123.5427952290946,517.9601285714286,394.4173333333333,10799.99999999,10799.99999999,0.0,True,False
135360,2025-04-05 00:00:00,106.56690475290392,521.4785714285713,414.91166666666663,10799.99999999,10799.99999999,0.0,True,False
135370,2025-04-05 00:10:00,139.97098213385638,525.4844154761904,385.5134333333333,10799.99999999,10799.99999999,0.0,True,False
135380,2025-04-05 00:20:00,132.42577499099937,526.6192583333334,394.1934833333333,10799.99999999,10799.99999999,0.0,True,False
135390,2025-04-05 00:30:00,85.87119046718973,524.8245238095237,438.95333333333326,10799.99999999,10799.99999999,0.0,True,False
135400,2025-04-05 00:40:00,99.12432618147554,523.2812761904762,424.15694999999994,10799.99999999,10799.99999999,0.0,True,False
135410,2025-04-05 00:50:00,124.66620237195181,526.2084023809525,401.5422,10799.99999999,10799.99999999,0.0,True,False
135420,2025-04-05 01:00:00,123.37053570528494,530.1322023809523,406.76166666666666,10799.99999999,10799.99999999,0.0,True,False
135430,2025-04-05 01:10:00,104.09049701480873,527.8988136904761,423.80831666666666,10799.99999999,10799.99999999,0.0,True,False
135440,2025-04-05 01:20:00,81.84179344338017,528.8480101190476,447.00621666666666,10799.99999999,10799.99999999,0.0,True,False
135450,2025-04-05 01:30:00,73.59684522909455,535.9118452380952,462.31499999999994,10799.99999999,10799.99999999,0.0,True,False
135460,2025-04-05 01:40:00,90.23414701480871,542.4284970238094,452.19435,10799.99999999,10799.99999999,0.0,True,False
135470,2025-04-05 01:50:00,114.76455832433246,545.9890583333332,431.22450000000003,10799.99999999,10799.99999999,0.0,True,False
135480,2025-04-05 02:00:00,128.0805952290946,548.907261904762,420.82666666666665,10799.99999999,10799.99999999,0.0,True,False
135490,2025-04-05 02:10:00,119.7552488005231,553.8420154761905,434.0867666666666,10799.99999999,10799.99999999,0.0,True,False
135500,2025-04-05 02:20:00,95.6901404671897,551.3597738095237,455.6696333333333,10799.99999999,10799.99999999,0.0,True,False
135510,2025-04-05 02:30:00,89.52059522909448,544.8389285714285,455.31833333333327,10799.99999999,10799.99999999,0.0,True,False
135520,2025-04-05 02:40:00,131.5440446338565,548.0942613095239,416.55021666666664,10799.99999999,10799.99999999,0.0,True,False
135530,2025-04-05 02:50:00,147.63837261004696,553.4779892857143,405.83961666666664,10799.99999999,10799.99999999,0.0,True,False
135540,2025-04-05 03:00:00,122.68023808623738,554.3502380952381,431.66999999999996,10799.99999999,10799.99999999,0.0,True,False
135550,2025-04-05 03:10:00,112.66111249099927,551.8898958333333,439.2287833333333,10799.99999999,10799.99999999,0.0,True,False
135560,2025-04-05 03:20:00,116.65317856242788,552.0486785714286,435.39549999999997,10799.99999999,10799.99999999,0.0,True,False
135570,2025-04-05 03:30:00,120.33136903861836,554.8397023809524,434.5083333333333,10799.99999999,10799.99999999,0.0,True,False
135580,2025-04-05 03:40:00,113.25322082433249,555.0323041666666,441.77908333333335,10799.99999999,10799.99999999,0.0,True,False
135590,2025-04-05 03:50:00,94.18962499099923,554.6141583333333,460.42453333333333,10799.99999999,10799.99999999,0.0,True,False
135600,2025-04-05 04:00:00,81.61994046718965,556.4132738095237,474.79333333333335,10799.99999999,10799.99999999,0.0,True,False
135610,2025-04-05 04:10:00,97.54181606242773,560.3670160714285,462.8252,10799.99999999,10799.99999999,0.0,True,False
135620,2025-04-05 04:20:00,109.80078570528497,559.5716857142856,449.7709,10799.99999999,10799.99999999,0.0,True,False
135630,2025-04-05 04:30:00,106.01821427671356,558.014880952381,451.99666666666667,10799.99999999,10799.99999999,0.0,True,False
135640,2025-04-05 04:40:00,103.36668153861817,566.0678648809522,462.70118333333335,10799.99999999,10799.99999999,0.0,True,False
135650,2025-04-05 04:50:00,103.67716070528506,569.9584607142858,466.2813,10799.99999999,10799.99999999,0.0,True,False
135660,2025-04-05 05:00:00,114.83690475290402,564.7369047619047,449.9,10799.99999999,10799.99999999,0.0,True,False
135670,2025-04-05 05:10:00,142.3667684433802,560.7444684523809,418.3777,10799.99999999,10799.99999999,0.0,True,False
135680,2025-04-05 05:20:00,143.70348808623737,568.5972714285714,424.8937833333333,10799.99999999,10799.99999999,0.0,True,False
135690,2025-04-05 05:30:00,112.17547618147549,571.2221428571429,459.0466666666667,10799.99999999,10799.99999999,0.0,True,False
135700,2025-04-05 05:40:00,95.64923927671347,552.1738726190475,456.5246333333333,10799.99999999,10799.99999999,0.0,True,False
136370,2025-04-05 16:50:00,41.96590058623722,557.3299339285712,515.3640333333333,10799.99999999,10799.99999999,0.0,True,False
136380,2025-04-05 17:00:00,139.12687499099948,586.2268750000002,447.09999999999997,10799.99999999,10799.99999999,0.0,True,False
136390,2025-04-05 17:10:00,181.8711767767135,637.3184434523808,455.4472666666666,10799.99999999,10799.99999999,0.0,True,False
136400,2025-04-05 17:20:00,206.88008808623735,684.3271714285713,477.4470833333333,10799.99999999,10799.99999999,0.0,True,False
136410,2025-04-05 17:30:00,256.84111606242783,734.5744494047619,477.73333333333335,10799.99999999,10799.99999999,0.0,True,False
136420,2025-04-05 17:40:00,323.70315415766584,802.9373208333333,479.2341666666667,10799.99999999,10799.99999999,0.0,True,False
136430,2025-04-05 17:50:00,282.65631903861845,750.5958690476191,467.93954999999994,10799.99999999,10799.99999999,0.0,True,False
136440,2025-04-05 18:00:00,170.44931546718982,623.4409821428571,452.9916666666666,10799.99999999,10799.99999999,0.0,True,False
136680,2025-04-05 22:00:00,93.4770833433332,1336.7004166666666,409.89,5615.402325494446,6365.4023254854455,749.999999991,False,True
136690,2025-04-05 22:10:00,97.60051965285719,1326.6362529761905,395.70239999999995,6365.4023254854455,7115.402325476445,749.999999991,False,True
136710,2025-04-05 22:30:00,133.4286904861906,1338.1020238095239,371.34,7229.774052788874,7979.774052779873,749.999999991,False,True
136720,2025-04-05 22:40:00,106.6184791766667,1343.5356125,403.5838,7979.774052779873,8729.774052770874,749.999999991,False,True
136730,2025-04-05 22:50:00,102.40638631952378,1344.102669642857,408.36295,8729.774052770874,9479.774052761873,749.999999991,False,True
136740,2025-04-05 23:00:00,119.44047620047625,1337.6254761904763,384.8516666666667,9479.774052761873,10229.774052751873,749.99999999,False,True
136750,2025-04-05 23:10:00,136.80698710124443,1172.8952895880525,402.5039166666666,10229.774052751873,10799.99999999,570.2259472381273,True,False
136760,2025-04-05 23:20:00,916.6456726100472,1348.4183059523812,431.7726333333333,10799.99999999,10799.99999999,0.0,True,False
136770,2025-04-05 23:30:00,923.8136904671896,1355.190357142857,431.37666666666667,10799.99999999,10799.99999999,0.0,True,False
136780,2025-04-05 23:40:00,950.4067083243326,1352.568075,402.1613666666666,10799.99999999,10799.99999999,0.0,True,False
136790,2025-04-05 23:50:00,67.53636784814213,517.8494845238096,450.3131166666667,10799.99999999,10799.99999999,0.0,True,False
144020,2025-04-11 00:20:00,107.31037143857144,1357.4960714285714,416.8523666666666,8244.428752574593,8994.428752565593,749.999999991,False,True
144190,2025-04-11 03:10:00,56.85115170859632,553.2271886904762,436.03205,10745.690411707308,10799.999999991,54.30958828369184,True,False
144200,2025-04-11 03:20:00,93.36699284904242,554.1789761904761,460.81198333333333,10799.999999991,10799.999999991,0.0,True,False
144210,2025-04-11 03:30:00,88.64874999189968,554.1270833333333,465.4783333333333,10799.999999991,10799.999999991,0.0,True,False
144220,2025-04-11 03:40:00,107.30478034904249,555.1537303571428,447.84894999999995,10799.999999991,10799.999999991,0.0,True,False
144230,2025-04-11 03:50:00,95.40779939666149,556.5984494047618,461.19065,10799.999999991,10799.999999991,0.0,True,False
144240,2025-04-11 04:00:00,67.77696427761387,558.7086309523809,490.9316666666667,10799.999999991,10799.999999991,0.0,True,False
144250,2025-04-11 04:10:00,91.38105892047108,562.0242422619048,470.64318333333335,10799.999999991,10799.999999991,0.0,True,False
144260,2025-04-11 04:20:00,111.48001903951871,562.098369047619,450.61834999999996,10799.999999991,10799.999999991,0.0,True,False
144270,2025-04-11 04:30:00,106.20744046808997,561.9774404761903,455.77,10799.999999991,10799.999999991,0.0,True,False
144280,2025-04-11 04:40:00,108.47462261094736,568.5205892857143,460.04596666666663,10799.999999991,10799.999999991,0.0,True,False
144290,2025-04-11 04:50:00,113.54836427761397,569.4705476190477,455.92218333333335,10799.999999991,10799.999999991,0.0,True,False
144300,2025-04-11 05:00:00,108.17595237285192,561.9392857142856,453.7633333333333,10799.999999991,10799.999999991,0.0,True,False
144310,2025-04-11 05:10:00,90.63605713475695,557.4080738095239,466.7720166666666,10799.999999991,10799.999999991,0.0,True,False
144320,2025-04-11 05:20:00,96.73797439666139,567.0423910714284,470.30441666666667,10799.999999991,10799.999999991,0.0,True,False
144330,2025-04-11 05:30:00,109.51755951570917,571.2842261904761,461.76666666666665,10799.999999991,10799.999999991,0.0,True,False
144340,2025-04-11 05:40:00,919.3791601109472,1382.9406934523809,463.56153333333333,10799.999999991,10799.999999991,0.0,True,False
145020,2025-04-11 17:00:00,112.8016368957611,553.8133035714285,441.01166666666666,10799.99999999,10799.99999999,0.0,True,False
145030,2025-04-11 17:10:00,177.40922320528497,608.282506547619,430.87328333333335,10799.99999999,10799.99999999,0.0,True,False
145040,2025-04-11 17:20:00,206.6837488005232,660.1138821428573,453.43013333333334,10799.99999999,10799.99999999,0.0,True,False
145050,2025-04-11 17:30:00,254.64499999099922,712.9166666666666,458.27166666666665,10799.99999999,10799.99999999,0.0,True,False
145060,2025-04-11 17:40:00,319.59820534814213,779.8391553571429,460.24095,10799.99999999,10799.99999999,0.0,True,False
145070,2025-04-11 17:50:00,263.29089046718985,729.4930571428572,466.2021666666667,10799.99999999,10799.99999999,0.0,True,False
145080,2025-04-11 18:00:00,141.57717261004677,610.9571726190475,469.38,10799.99999999,10799.99999999,0.0,True,False
145320,2025-04-11 22:00:00,107.11107143857156,1335.7577380952382,395.31333333333333,5720.027976757676,6470.027976748675,749.999999991,False,True
145330,2025-04-11 22:10:00,109.28308334333325,1325.5926,382.9761833333333,6470.027976748675,7220.0279767386755,749.99999999,False,True
145350,2025-04-11 22:30:00,56.5309523909525,1337.2059523809526,447.3416666666667,7308.700339586819,8058.700339577818,749.999999991,False,True
145360,2025-04-11 22:40:00,83.46247620047619,1340.4895595238095,423.69374999999997,8058.700339577818,8808.700339567818,749.99999999,False,True
145370,2025-04-11 22:50:00,125.09278303421569,1341.8542496908824,383.42813333333334,8808.700339567818,9558.700339558818,749.999999991,False,True
145380,2025-04-11 23:00:00,128.58642858142855,1338.3730952380952,376.45333333333326,9558.700339558818,10308.700339549818,749.999999991,False,True
145400,2025-04-11 23:20:00,469.9268151755114,1350.3012583333334,430.88913333333335,10395.46322114796,10799.99999999,404.5367788420398,True,False
145410,2025-04-11 23:30:00,939.9139880862376,1359.370654761905,419.4566666666666,10799.99999999,10799.99999999,0.0,True,False
145420,2025-04-11 23:40:00,948.0098684433802,1356.3407684523809,408.3309,10799.99999999,10799.99999999,0.0,True,False
145430,2025-04-11 23:50:00,105.9232999909992,519.91455,413.99125000000004,10799.99999999,10799.99999999,0.0,True,False
145440,2025-04-12 00:00:00,101.6736904671898,521.9903571428572,420.31666666666666,10799.99999999,10799.99999999,0.0,True,False
145450,2025-04-12 00:10:00,122.67783391957076,523.3441172619048,400.6662833333333,10799.99999999,10799.99999999,0.0,True,False
145460,2025-04-12 00:20:00,127.51819165766588,524.3861083333333,396.86791666666664,10799.99999999,10799.99999999,0.0,True,False
145470,2025-04-12 00:30:00,102.82749999099931,524.2991666666667,421.47166666666664,10799.99999999,10799.99999999,0.0,True,False
145480,2025-04-12 00:40:00,79.44603927671355,521.6646559523809,442.21861666666666,10799.99999999,10799.99999999,0.0,True,False
145490,2025-04-12 00:50:00,88.05774880052311,523.9173821428572,435.8596333333333,10799.99999999,10799.99999999,0.0,True,False
145500,2025-04-12 01:00:00,114.69095237195168,529.1126190476191,414.4216666666667,10799.99999999,10799.99999999,0.0,True,False
145510,2025-04-12 01:10:00,119.89603868147535,528.6785053571427,408.78246666666666,10799.99999999,10799.99999999,0.0,True,False
145520,2025-04-12 01:20:00,135.98566308623717,533.3109964285712,397.32533333333333,10799.99999999,10799.99999999,0.0,True,False
145530,2025-04-12 01:30:00,148.4452380862373,542.1669047619047,393.72166666666664,10799.99999999,10799.99999999,0.0,True,False
145540,2025-04-12 01:40:00,110.43741665766592,543.0478166666667,432.6104,10799.99999999,10799.99999999,0.0,True,False
145550,2025-04-12 01:50:00,102.39412499099925,543.8302083333333,441.43608333333333,10799.99999999,10799.99999999,0.0,True,False
145560,2025-04-12 02:00:00,136.0179166576659,547.5879166666666,411.57,10799.99999999,10799.99999999,0.0,True,False
145570,2025-04-12 02:10:00,141.84822558623736,548.5545589285714,406.7063333333333,10799.99999999,10799.99999999,0.0,True,False
145580,2025-04-12 02:20:00,130.23137677671352,545.8208101190476,415.5894333333333,10799.99999999,10799.99999999,0.0,True,False
145590,2025-04-12 02:30:00,119.03642856242786,544.5330952380953,425.49666666666667,10799.99999999,10799.99999999,0.0,True,False
145600,2025-04-12 02:40:00,113.3611083243326,550.381125,437.02001666666666,10799.99999999,10799.99999999,0.0,True,False
145610,2025-04-12 02:50:00,120.45717022909443,552.8763035714285,432.4191333333333,10799.99999999,10799.99999999,0.0,True,False
145620,2025-04-12 03:00:00,127.146785705285,550.510119047619,423.3633333333333,10799.99999999,10799.99999999,0.0,True,False
145630,2025-04-12 03:10:00,113.1516202290945,551.9782202380952,438.8266,10799.99999999,10799.99999999,0.0,True,False
145640,2025-04-12 03:20:00,111.81541368147552,554.6226636904762,442.80724999999995,10799.99999999,10799.99999999,0.0,True,False
145650,2025-04-12 03:30:00,114.5158928481421,555.9058928571428,441.39,10799.99999999,10799.99999999,0.0,True,False
145660,2025-04-12 03:40:00,84.72588749099921,556.5576874999999,471.8318,10799.99999999,10799.99999999,0.0,True,False
145670,2025-04-12 03:50:00,92.44354820528488,557.9113315476189,465.46778333333333,10799.99999999,10799.99999999,0.0,True,False
145680,2025-04-12 04:00:00,137.79196427671351,560.1469642857143,422.355,10799.99999999,10799.99999999,0.0,True,False
145690,2025-04-12 04:10:00,147.45699522909453,562.0301285714286,414.5731333333333,10799.99999999,10799.99999999,0.0,True,False
145700,2025-04-12 04:20:00,141.41312915766596,561.9477291666667,420.5346,10799.99999999,10799.99999999,0.0,True,False
145710,2025-04-12 04:30:00,131.40410713385634,562.7174404761904,431.31333333333333,10799.99999999,10799.99999999,0.0,True,False
145720,2025-04-12 04:40:00,108.69312320528508,568.1322565476191,459.4391333333333,10799.99999999,10799.99999999,0.0,True,False
146460,2025-04-12 17:00:00,114.53156249099928,548.8948958333333,434.3633333333333,10799.99999999,10799.99999999,0.0,True,False
146470,2025-04-12 17:10:00,181.85939939576113,602.7149160714285,420.85551666666663,10799.99999999,10799.99999999,0.0,True,False
146480,2025-04-12 17:20:00,218.75197915766606,654.7004958333334,435.94851666666665,10799.99999999,10799.99999999,0.0,True,False
146490,2025-04-12 17:30:00,275.79519344338013,708.2235267857142,432.42833333333334,10799.99999999,10799.99999999,0.0,True,False
146500,2025-04-12 17:40:00,321.7973648719518,775.8715315476192,454.07416666666666,10799.99999999,10799.99999999,0.0,True,False
146510,2025-04-12 17:50:00,240.42033153861837,726.1390648809523,485.71873333333326,10799.99999999,10799.99999999,0.0,True,False
146520,2025-04-12 18:00:00,114.47529761004664,608.5902976190474,494.115,10799.99999999,10799.99999999,0.0,True,False
146760,2025-04-12 22:00:00,104.65119048619054,1336.2561904761906,398.27166666666665,5774.974504475929,6524.974504466929,749.999999991,False,True
146770,2025-04-12 22:10:00,99.77331370047624,1326.1863136904763,393.07966666666664,6524.974504466929,7274.974504457929,749.999999991,False,True
146790,2025-04-12 22:30:00,143.43898810523842,1339.500654761905,362.7283333333333,7393.893916770357,8143.893916761356,749.999999991,False,True
146800,2025-04-12 22:40:00,94.81977798619037,1341.7168279761904,413.56371666666666,8143.893916761356,8893.893916752357,749.999999991,False,True
146810,2025-04-12 22:50:00,76.08133840224308,1341.4249717255764,432.0103,8893.893916752357,9643.893916743356,749.999999991,False,True
146820,2025-04-12 23:00:00,101.92071429571443,1337.7823809523811,402.5283333333333,9643.893916743356,10393.893916734356,749.999999991,False,True
146840,2025-04-12 23:20:00,587.1022299043639,1351.3338714285715,415.30499999999995,10485.966022618213,10799.99999999,314.0339773717868,True,False
146850,2025-04-12 23:30:00,959.7414880862374,1358.9498214285713,399.2083333333333,10799.99999999,10799.99999999,0.0,True,False
146860,2025-04-12 23:40:00,982.8360065386183,1356.036056547619,373.20005,10799.99999999,10799.99999999,0.0,True,False
146870,2025-04-12 23:50:00,74.23306130052296,520.7267613095237,446.4937,10799.99999999,10799.99999999,0.0,True,False
148280,2025-04-13 23:20:00,1.8139416766666647,1351.862425,516.71515,5394.431937959577,6144.431937949577,749.99999999,False,True
154400,2025-04-18 05:20:00,121.47628258241473,569.2525726190476,446.9651833333333,10799.27000395803,10799.999999991,0.7299960329695764,True,False
154410,2025-04-18 05:30:00,122.50226189666151,571.0589285714285,448.5566666666667,10799.999999991,10799.999999991,0.0,True,False
154420,2025-04-18 05:40:00,930.6981982061853,1382.003131547619,451.30493333333334,10799.999999991,10799.999999991,0.0,True,False
155100,2025-04-18 17:00:00,81.78260415766593,520.7509375,438.9683333333333,10799.99999999,10799.99999999,0.0,True,False
155110,2025-04-18 17:10:00,153.6317249909994,575.3822416666667,421.7505166666666,10799.99999999,10799.99999999,0.0,True,False
155120,2025-04-18 17:20:00,188.5685761814755,628.6331095238095,440.0645333333333,10799.99999999,10799.99999999,0.0,True,False
155130,2025-04-18 17:30:00,228.20032737195157,682.9736607142856,454.7733333333333,10799.99999999,10799.99999999,0.0,True,False
155140,2025-04-18 17:40:00,314.7383648719517,750.5250482142857,435.7866833333333,10799.99999999,10799.99999999,0.0,True,False
155150,2025-04-18 17:50:00,270.02377261004693,704.0653226190476,434.04155,10799.99999999,10799.99999999,0.0,True,False
155160,2025-04-18 18:00:00,138.7357142767136,593.1423809523809,454.40666666666664,10799.99999999,10799.99999999,0.0,True,False
155400,2025-04-18 22:00:00,115.7545238195239,1334.374523809524,385.28666666666663,5747.651444938893,6497.651444929893,749.999999991,False,True
155410,2025-04-18 22:10:00,123.31714405761896,1324.840194047619,368.18971666666664,6497.651444929893,7247.651444919893,749.99999999,False,True
155430,2025-04-18 22:30:00,136.06863096238112,1336.343630952381,366.94166666666666,7370.1272977680355,8120.127297758036,749.99999999,False,True
155440,2025-04-18 22:40:00,139.19322917666682,1340.6926625,368.1661,8120.127297758036,8870.127297749035,749.999999991,False,True
155460,2025-04-18 23:00:00,119.04755953380958,1341.680892857143,389.3,9543.827704486832,10293.827704477832,749.999999991,False,True
155480,2025-04-18 23:20:00,462.6214525944163,1349.785680357143,412.65024999999997,10372.937420004546,10799.999999991,427.0625799864541,True,False
155490,2025-04-18 23:30:00,984.750714277614,1358.0357142857142,373.28499999999997,10799.999999991,10799.999999991,0.0,True,False
155500,2025-04-18 23:40:00,986.7142601109474,1355.296193452381,368.58193333333327,10799.999999991,10799.999999991,0.0,True,False
155510,2025-04-18 23:50:00,137.4713035633283,517.9736035714286,380.5023,10799.999999991,10799.999999991,0.0,True,False
155520,2025-04-19 00:00:00,119.08005951570922,519.2717261904762,400.19166666666666,10799.999999991,10799.999999991,0.0,True,False
155530,2025-04-19 00:10:00,89.13647439666155,522.9269577380952,433.7904833333333,10799.999999991,10799.999999991,0.0,True,False
155540,2025-04-19 00:20:00,96.16054999189973,522.9762166666667,426.81566666666663,10799.999999991,10799.999999991,0.0,True,False
155550,2025-04-19 00:30:00,131.79565475380443,520.4106547619048,388.615,10799.999999991,10799.999999991,0.0,True,False
155560,2025-04-19 00:40:00,133.83543689666166,522.1302035714286,388.29476666666665,10799.999999991,10799.999999991,0.0,True,False
155570,2025-04-19 00:50:00,111.84966487285206,528.0058648809523,416.15619999999996,10799.999999991,10799.999999991,0.0,True,False
155580,2025-04-19 01:00:00,101.76517856332836,531.668511904762,429.9033333333333,10799.999999991,10799.999999991,0.0,True,False
155590,2025-04-19 01:10:00,128.2354053490425,527.6752720238095,399.43986666666666,10799.999999991,10799.999999991,0.0,True,False
155600,2025-04-19 01:20:00,142.7002851109472,531.0031351190476,388.30285000000003,10799.999999991,10799.999999991,0.0,True,False
155610,2025-04-19 01:30:00,132.3639880871377,541.718988095238,409.355,10799.999999991,10799.999999991,0.0,True,False
155620,2025-04-19 01:40:00,129.33978094428042,545.088464285714,415.7486833333333,10799.999999991,10799.999999991,0.0,True,False
155630,2025-04-19 01:50:00,128.5863422538046,546.9797589285715,418.3934166666666,10799.999999991,10799.999999991,0.0,True,False
155640,2025-04-19 02:00:00,110.95124999189974,548.4829166666667,437.53166666666664,10799.999999991,10799.999999991,0.0,True,False
155650,2025-04-19 02:10:00,70.68739701570902,544.3412970238094,473.6539,10799.999999991,10799.999999991,0.0,True,False
155660,2025-04-19 02:20:00,69.18944701570925,543.9881136904762,474.79866666666663,10799.999999991,10799.999999991,0.0,True,False
155670,2025-04-19 02:30:00,107.58869046809005,548.800357142857,441.21166666666664,10799.999999991,10799.999999991,0.0,True,False
155680,2025-04-19 02:40:00,126.20837439666158,550.5990077380952,424.3906333333333,10799.999999991,10799.999999991,0.0,True,False
155690,2025-04-19 02:50:00,129.89849761094726,550.3093142857142,420.4108166666666,10799.999999991,10799.999999991,0.0,True,False
155700,2025-04-19 03:00:00,126.33613094428065,550.521130952381,424.185,10799.999999991,10799.999999991,0.0,True,False
155710,2025-04-19 03:10:00,115.36365356332837,552.2820702380953,436.91841666666664,10799.999999991,10799.999999991,0.0,True,False
155720,2025-04-19 03:20:00,120.152321420471,553.5672714285713,433.41495,10799.999999991,10799.999999991,0.0,True,False
155730,2025-04-19 03:30:00,125.73827380142339,554.5549404761904,428.81666666666666,10799.999999991,10799.999999991,0.0,True,False
155740,2025-04-19 03:40:00,97.98598868237588,557.3836720238096,459.39768333333336,10799.999999991,10799.999999991,0.0,True,False
155750,2025-04-19 03:50:00,98.513164872852,560.2528815476189,461.7397166666666,10799.999999991,10799.999999991,0.0,True,False
155760,2025-04-19 04:00:00,121.19077380142355,561.9657738095239,440.775,10799.999999991,10799.999999991,0.0,True,False
156540,2025-04-19 17:00:00,79.83888391957069,515.7905505952381,435.95166666666665,10799.99999999,10799.99999999,0.0,True,False
156550,2025-04-19 17:10:00,182.70933987195153,570.9335898809522,388.22425,10799.99999999,10799.99999999,0.0,True,False
156560,2025-04-19 17:20:00,200.4131976100467,624.6277809523807,424.2145833333333,10799.99999999,10799.99999999,0.0,True,False
156570,2025-04-19 17:30:00,192.17077380052328,679.1141071428573,486.94333333333327,10799.99999999,10799.99999999,0.0,True,False
156580,2025-04-19 17:40:00,273.81288272909444,745.5426494047618,471.72976666666665,10799.99999999,10799.99999999,0.0,True,False
156590,2025-04-19 17:50:00,250.09127261004673,699.1809726190475,449.0897,10799.99999999,10799.99999999,0.0,True,False
156600,2025-04-19 18:00:00,137.4624702290944,589.9408035714284,452.4783333333333,10799.99999999,10799.99999999,0.0,True,False
156840,2025-04-19 22:00:00,110.29839286714285,1334.9050595238095,391.2733333333333,5767.608370203441,6517.608370194441,749.999999991,False,True
156850,2025-04-19 22:10:00,68.95260358142853,1324.4238035714286,422.1378666666667,6517.608370194441,7267.60837018544,749.999999991,False,True
156870,2025-04-19 22:30:00,106.69172620047628,1334.138392857143,394.1133333333333,7335.205144819298,8085.205144809298,749.99999999,False,True
156880,2025-04-19 22:40:00,132.38738929571446,1339.6536726190477,373.93294999999995,8085.205144809298,8835.205144800299,749.999999991,False,True
156900,2025-04-19 23:00:00,112.538511914762,1341.1918452380953,395.32,9420.010782881343,10170.010782872343,749.999999991,False,True
156920,2025-04-19 23:20:00,389.84535358831715,1350.2912767857142,379.2663333333333,10276.938369113343,10799.999999991,523.0616308776574,True,False
156930,2025-04-19 23:30:00,985.1488095157092,1355.4671428571428,370.31833333333327,10799.999999991,10799.999999991,0.0,True,False
156940,2025-04-19 23:40:00,973.6995880871377,1354.0744547619047,380.37486666666666,10799.999999991,10799.999999991,0.0,True,False
156950,2025-04-19 23:50:00,51.60293987285204,517.9622565476191,466.3593166666667,10799.999999991,10799.999999991,0.0,True,False
164500,2025-04-25 05:40:00,834.6152981267873,1377.5360357142858,462.40611666666666,10727.536841162251,10799.999999991,72.46315882874873,True,False
165180,2025-04-25 17:00:00,39.06352677671365,487.50519345238104,448.44166666666666,10799.99999999,10799.99999999,0.0,True,False
165190,2025-04-25 17:10:00,90.26736249099915,541.3558458333332,451.08848333333333,10799.99999999,10799.99999999,0.0,True,False
165200,2025-04-25 17:20:00,119.41818749099954,595.4078041666669,475.9896166666666,10799.99999999,10799.99999999,0.0,True,False
165210,2025-04-25 17:30:00,172.35839284814224,652.1200595238096,479.76166666666666,10799.99999999,10799.99999999,0.0,True,False
165220,2025-04-25 17:40:00,235.67695475290404,719.7592047619048,484.08225,10799.99999999,10799.99999999,0.0,True,False
165230,2025-04-25 17:50:00,198.7861553481421,674.1293553571429,475.3432,10799.99999999,10799.99999999,0.0,True,False
165240,2025-04-25 18:00:00,114.36572915766584,568.1373958333332,453.77166666666665,10799.99999999,10799.99999999,0.0,True,False
165480,2025-04-25 22:00:00,126.42125000999998,1331.9595833333333,372.205,5584.928162498414,6334.928162488414,749.99999999,False,True
165490,2025-04-25 22:10:00,99.51113512904759,1324.2185517857142,391.37408333333326,6334.928162488414,7084.928162478414,749.99999999,False,True
165510,2025-04-25 22:30:00,146.63119048619046,1330.8628571428571,350.8983333333333,7190.916547826557,7940.916547816557,749.99999999,False,True
165520,2025-04-25 22:40:00,111.94654822428582,1337.6732982142858,392.3934166666666,7940.916547816557,8690.916547806557,749.99999999,False,True
165540,2025-04-25 23:00:00,94.32083334333343,1340.8341666666668,413.17999999999995,8766.398786547557,9516.398786538557,749.999999991,False,True
165560,2025-04-25 23:20:00,24.268796152351676,1249.5838961423517,391.98176666666666,9613.963161172414,10363.963161163414,749.999999991,False,True
165570,2025-04-25 23:30:00,470.27867114395207,1351.7757142857142,397.01166666666666,10363.963161163414,10799.999999991,436.03683882758594,True,False
165580,2025-04-25 23:40:00,918.642706539519,1350.8914898809526,432.2487833333333,10799.999999991,10799.999999991,0.0,True,False
165590,2025-04-25 23:50:00,96.2756595157093,517.0748928571429,420.7992333333333,10799.999999991,10799.999999991,0.0,True,False
165600,2025-04-26 00:00:00,142.9749999918997,520.3516666666667,377.37666666666667,10799.999999991,10799.999999991,0.0,True,False
165610,2025-04-26 00:10:00,132.5902857061853,526.2563357142856,393.6660499999999,10799.999999991,10799.999999991,0.0,True,False
165620,2025-04-26 00:20:00,112.93951308713761,525.5366297619046,412.59711666666664,10799.999999991,10799.999999991,0.0,True,False
165630,2025-04-26 00:30:00,110.20970237285209,521.5180357142857,411.3083333333333,10799.999999991,10799.999999991,0.0,True,False
165640,2025-04-26 00:40:00,100.37046308713772,526.7490297619047,426.37856666666664,10799.999999991,10799.999999991,0.0,True,False
165650,2025-04-26 00:50:00,90.45227618237593,532.6513761904762,442.19909999999993,10799.999999991,10799.999999991,0.0,True,False
165660,2025-04-26 01:00:00,87.19089284904251,532.2875595238095,445.09666666666664,10799.999999991,10799.999999991,0.0,True,False
165670,2025-04-26 01:10:00,90.52414582523292,528.3034124999999,437.7792666666667,10799.999999991,10799.999999991,0.0,True,False
165680,2025-04-26 01:20:00,107.08797618237585,532.5941095238095,425.5061333333333,10799.999999991,10799.999999991,0.0,True,False
165690,2025-04-26 01:30:00,124.7401190395187,542.1467857142857,417.40666666666664,10799.999999991,10799.999999991,0.0,True,False
165700,2025-04-26 01:40:00,120.29389999189962,542.9293833333332,422.6354833333333,10799.999999991,10799.999999991,0.0,True,False
165710,2025-04-26 01:50:00,108.40537796809011,544.7611279761904,436.35575,10799.999999991,10799.999999991,0.0,True,False
165720,2025-04-26 02:00:00,109.47619046809027,549.0028571428572,439.52666666666664,10799.999999991,10799.999999991,0.0,True,False
165730,2025-04-26 02:10:00,130.19687558713767,546.7390089285714,416.54213333333337,10799.999999991,10799.999999991,0.0,True,False
165740,2025-04-26 02:20:00,139.3130309442806,545.9221476190476,406.60911666666664,10799.999999991,10799.999999991,0.0,True,False
165750,2025-04-26 02:30:00,121.95755951570916,548.3108928571428,426.3533333333333,10799.999999991,10799.999999991,0.0,True,False
165760,2025-04-26 02:40:00,95.31551070618534,547.6798773809523,452.3643666666667,10799.999999991,10799.999999991,0.0,True,False
165770,2025-04-26 02:50:00,99.04140118237589,547.9237511904762,448.88235,10799.999999991,10799.999999991,0.0,True,False
165780,2025-04-26 03:00:00,123.10845237285193,550.3484523809523,427.24,10799.999999991,10799.999999991,0.0,True,False
165790,2025-04-26 03:10:00,119.70417201570919,551.8336720238095,432.1295,10799.999999991,10799.999999991,0.0,True,False
165800,2025-04-26 03:20:00,109.17474642047111,552.5766464285714,443.40189999999996,10799.999999991,10799.999999991,0.0,True,False
165810,2025-04-26 03:30:00,112.28178570618533,555.550119047619,443.2683333333333,10799.999999991,10799.999999991,0.0,True,False
165820,2025-04-26 03:40:00,128.30969880142354,562.5202988095239,434.2106,10799.999999991,10799.999999991,0.0,True,False
165830,2025-04-26 03:50:00,140.44751249189946,563.5267291666664,423.07921666666664,10799.999999991,10799.999999991,0.0,True,False
165840,2025-04-26 04:00:00,148.46351189666157,560.5135119047619,412.05,10799.999999991,10799.999999991,0.0,True,False
166620,2025-04-26 17:00:00,56.82367558623739,482.1703422619048,425.34666666666664,10799.99999999,10799.99999999,0.0,True,False
166630,2025-04-26 17:10:00,96.49577320528513,537.3583898809525,440.8626166666666,10799.99999999,10799.99999999,0.0,True,False
166640,2025-04-26 17:20:00,136.55674344338033,591.7656767857144,455.20893333333333,10799.99999999,10799.99999999,0.0,True,False
166650,2025-04-26 17:30:00,207.71269344338026,647.8760267857143,440.1633333333333,10799.99999999,10799.99999999,0.0,True,False
166660,2025-04-26 17:40:00,246.25827856242805,715.4462785714287,469.188,10799.99999999,10799.99999999,0.0,True,False
166670,2025-04-26 17:50:00,204.4685845148089,669.7789345238095,465.31034999999997,10799.99999999,10799.99999999,0.0,True,False
166680,2025-04-26 18:00:00,142.1704017767135,563.7587351190476,421.58833333333337,10799.99999999,10799.99999999,0.0,True,False
166920,2025-04-26 22:00:00,93.25339286714278,1332.8600595238095,406.2733333333333,5559.922189191539,6309.922189181539,749.99999999,False,True
166930,2025-04-26 22:10:00,132.56632143857166,1325.4175380952383,359.5178833333333,6309.922189181539,7059.922189171539,749.99999999,False,True
166950,2025-04-26 22:30:00,71.26363096238093,1329.6019642857143,425.005,7178.58256434111,7928.58256433111,749.99999999,False,True
166960,2025-04-26 22:40:00,79.88447084333323,1337.2240208333333,424.00621666666666,7928.58256433111,8678.58256432111,749.99999999,False,True
166980,2025-04-26 23:00:00,95.43339286714296,1341.963392857143,413.1966666666666,8765.851232526396,9515.851232517396,749.999999991,False,True
167010,2025-04-26 23:30:00,354.5956345208633,1350.652857142857,400.9983333333333,10264.446999631205,10799.999999991,535.5530003597945,True,False
167020,2025-04-26 23:40:00,949.1465505871379,1351.3208839285714,402.17433333333327,10799.999999991,10799.999999991,0.0,True,False
167030,2025-04-26 23:50:00,49.53411784904254,517.1010845238095,467.56696666666664,10799.999999991,10799.999999991,0.0,True,False
174260,2025-05-02 00:20:00,95.64043810523809,1355.6782714285714,426.70449999999994,5926.013766992583,6676.013766983583,749.999999991,False,True
174580,2025-05-02 05:40:00,80.16042917666663,1359.5096458333333,446.0158833333333,9771.031739740292,10521.031739731292,749.999999991,False,True
175270,2025-05-02 17:10:00,35.955451776713495,517.1788684523808,481.2234166666666,10799.99999999,10799.99999999,0.0,True,False
175280,2025-05-02 17:20:00,55.2700583243325,573.1074249999999,517.8373666666666,10799.99999999,10799.99999999,0.0,True,False
175290,2025-05-02 17:30:00,115.81389880052316,629.7655654761904,513.9516666666666,10799.99999999,10799.99999999,0.0,True,False
175300,2025-05-02 17:40:00,220.60470356242783,692.5955202380952,471.99081666666666,10799.99999999,10799.99999999,0.0,True,False
175310,2025-05-02 17:50:00,165.92320296718955,648.1802863095236,482.2570833333333,10799.99999999,10799.99999999,0.0,True,False
175320,2025-05-02 18:00:00,14.060416657665959,549.0154166666666,534.9549999999999,10799.99999999,10799.99999999,0.0,True,False
175560,2025-05-02 22:00:00,71.1905357242856,1334.0305357142856,429.50666666666666,4181.646628338364,4931.646628328364,749.99999999,False,True
175570,2025-05-02 22:10:00,56.02200774809534,1326.5824577380954,437.2271166666667,4931.646628328364,5681.6466283183645,749.99999999,False,True
175590,2025-05-02 22:30:00,30.687738105238047,1334.907738095238,470.88666666666666,5713.006294202221,6463.0062941922215,749.99999999,False,True
175600,2025-05-02 22:40:00,68.7608779861905,1341.4294946428572,439.33528333333334,6463.0062941922215,7213.006294182222,749.99999999,False,True
175620,2025-05-02 23:00:00,72.77440477190474,1345.8710714285714,439.7633333333333,7294.439406316079,8044.439406306079,749.99999999,False,True
175650,2025-05-02 23:30:00,120.20559524809526,1351.467261904762,397.92833333333334,8219.946554932467,8969.946554922466,749.99999999,False,True
175660,2025-05-02 23:40:00,66.43431727190465,1349.985200595238,450.21754999999996,8969.946554922466,9719.946554912465,749.99999999,False,True
175790,2025-05-03 01:50:00,28.524263483217247,546.3214839285713,450.5484833333333,10739.476136590181,10799.999999991,60.523863400818655,True,False
175800,2025-05-03 02:00:00,105.9501785633282,546.0951785714285,440.145,10799.999999991,10799.999999991,0.0,True,False
175810,2025-05-03 02:10:00,121.38395594428053,540.2527726190475,418.86881666666665,10799.999999991,10799.999999991,0.0,True,False
175820,2025-05-03 02:20:00,135.97329522999493,541.8001119047619,405.8268166666667,10799.999999991,10799.999999991,0.0,True,False
175830,2025-05-03 02:30:00,141.0377976109473,548.9611309523809,407.9233333333333,10799.999999991,10799.999999991,0.0,True,False
175840,2025-05-03 02:40:00,135.7925916585663,547.523525,411.7309333333333,10799.999999991,10799.999999991,0.0,True,False
175850,2025-05-03 02:50:00,138.85063987285204,546.392606547619,407.54196666666667,10799.999999991,10799.999999991,0.0,True,False
175860,2025-05-03 03:00:00,145.14535713475684,549.2103571428571,404.06499999999994,10799.999999991,10799.999999991,0.0,True,False
175870,2025-05-03 03:10:00,132.20059701570912,550.3253136904762,418.1247166666667,10799.999999991,10799.999999991,0.0,True,False
175880,2025-05-03 03:20:00,120.95264463475675,551.817344642857,430.86469999999997,10799.999999991,10799.999999991,0.0,True,False
175890,2025-05-03 03:30:00,122.00196427761401,556.1869642857143,434.185,10799.999999991,10799.999999991,0.0,True,False
175900,2025-05-03 03:40:00,123.28864463475688,562.8440446428572,439.55539999999996,10799.999999991,10799.999999991,0.0,True,False
175910,2025-05-03 03:50:00,109.59825534904255,565.6451553571428,456.04689999999994,10799.999999991,10799.999999991,0.0,True,False
175920,2025-05-03 04:00:00,98.77779761094726,563.1177976190476,464.34,10799.999999991,10799.999999991,0.0,True,False
176710,2025-05-03 17:10:00,33.53657439576123,517.5668410714286,484.03026666666665,10799.99999999,10799.99999999,0.0,True,False
176720,2025-05-03 17:20:00,58.37882737195148,574.3600607142855,515.9812333333333,10799.99999999,10799.99999999,0.0,True,False
176730,2025-05-03 17:30:00,90.31705356242767,631.443720238095,541.1266666666667,10799.99999999,10799.99999999,0.0,True,False
176740,2025-05-03 17:40:00,164.15413808623734,691.226488095238,527.0723499999999,10799.99999999,10799.99999999,0.0,True,False
176750,2025-05-03 17:50:00,156.53935534814207,646.8296553571428,490.29029999999995,10799.99999999,10799.99999999,0.0,True,False
176760,2025-05-03 18:00:00,90.74324403861829,550.8115773809523,460.06833333333327,10799.99999999,10799.99999999,0.0,True,False
177000,2025-05-03 22:00:00,58.40065477190489,1335.6139880952383,443.88,3879.5161155605865,4629.516115550587,749.99999999,False,True
177010,2025-05-03 22:10:00,99.09802024809538,1329.2425535714287,396.8112,4629.516115550587,5379.516115540587,749.99999999,False,True
177030,2025-05-03 22:30:00,41.15535715285716,1337.6420238095238,463.1533333333333,5460.03126838873,6210.03126837873,749.99999999,False,True
177040,2025-05-03 22:40:00,75.37898929571428,1342.9108226190476,434.19849999999997,6210.03126837873,6960.03126836873,749.99999999,False,True
177060,2025-05-03 23:00:00,90.99232143857147,1346.7906547619048,422.465,7054.683574074015,7804.683574064015,749.99999999,False,True
177090,2025-05-03 23:30:00,67.13541667666662,1350.7920833333333,450.3233333333333,7948.295288578631,8698.29528856863,749.99999999,False,True
177100,2025-05-03 23:40:00,104.62872024809518,1351.9399702380952,413.9779166666666,8698.29528856863,9448.29528855863,749.99999999,False,True
184340,2025-05-09 00:20:00,102.66517917666646,1360.7870458333332,424.78853333333336,5554.224928917187,6304.2249289081865,749.999999991,False,True
184660,2025-05-09 05:40:00,52.22284167666634,1347.1163416666664,461.56016666666665,9365.74280648633,10115.74280647733,749.999999991,False,True
185360,2025-05-09 17:20:00,31.46497558623762,565.4212255952383,533.95625,10799.99999999,10799.99999999,0.0,True,False
185370,2025-05-09 17:30:00,115.88257439576111,622.1992410714286,506.31666666666666,10799.99999999,10799.99999999,0.0,True,False
185380,2025-05-09 17:40:00,212.58298332433253,686.75735,474.1743666666667,10799.99999999,10799.99999999,0.0,True,False
185390,2025-05-09 17:50:00,179.9373202290943,643.1341202380951,463.1968,10799.99999999,10799.99999999,0.0,True,False
185400,2025-05-09 18:00:00,57.30758927671352,543.2342559523809,485.9266666666666,10799.99999999,10799.99999999,0.0,True,False
185640,2025-05-09 22:00:00,95.40803572428557,1352.116369047619,423.375,4408.189982676722,5158.189982666722,749.99999999,False,True
185650,2025-05-09 22:10:00,87.66114405761924,1341.8110773809526,420.8166,5158.189982666722,5908.189982656722,749.99999999,False,True
185670,2025-05-09 22:30:00,110.55625000999997,1350.8579166666666,406.9683333333333,5997.017267112008,6747.017267102008,749.99999999,False,True
185680,2025-05-09 22:40:00,115.002170248095,1354.8213369047617,406.4858333333333,6747.017267102008,7497.017267092008,749.99999999,False,True
185700,2025-05-09 23:00:00,102.99249270496533,1356.8208260282986,420.49499999999995,7599.484095475866,8349.484095466865,749.999999991,False,True
185730,2025-05-09 23:30:00,126.1932738195237,1353.4382738095237,393.91166666666663,8503.756168841723,9253.756168831722,749.99999999,False,True
185830,2025-05-10 01:10:00,123.85565117239148,536.6672136904762,409.49235,10797.012708724724,10799.999999991,2.987291266276227,True,False
185840,2025-05-10 01:20:00,103.05852737285201,538.5748107142856,435.51628333333326,10799.999999991,10799.999999991,0.0,True,False
185850,2025-05-10 01:30:00,108.9089285633282,536.1639285714285,427.255,10799.999999991,10799.999999991,0.0,True,False
185860,2025-05-10 01:40:00,139.74160237285193,542.2615023809523,402.5199,10799.999999991,10799.999999991,0.0,True,False
185870,2025-05-10 01:50:00,126.98035058713779,547.1097839285715,420.12943333333334,10799.999999991,10799.999999991,0.0,True,False
185880,2025-05-10 02:00:00,97.80749999189956,545.0374999999999,447.23,10799.999999991,10799.999999991,0.0,True,False
185890,2025-05-10 02:10:00,140.3138785633282,541.3570285714285,401.04314999999997,10799.999999991,10799.999999991,0.0,True,False
185900,2025-05-10 02:20:00,147.0816547538045,544.8373047619048,397.75564999999995,10799.999999991,10799.999999991,0.0,True,False
185910,2025-05-10 02:30:00,105.9933333252329,551.4049999999999,445.41166666666663,10799.999999991,10799.999999991,0.0,True,False
185920,2025-05-10 02:40:00,114.56917320618535,548.7941398809523,434.22496666666666,10799.999999991,10799.999999991,0.0,True,False
185930,2025-05-10 02:50:00,129.32349999189964,545.9412833333333,416.61778333333336,10799.999999991,10799.999999991,0.0,True,False
185940,2025-05-10 03:00:00,116.52672618237577,547.8083928571427,431.28166666666664,10799.999999991,10799.999999991,0.0,True,False
185950,2025-05-10 03:10:00,92.79680415856629,550.3886875,457.5918833333333,10799.999999991,10799.999999991,0.0,True,False
185960,2025-05-10 03:20:00,88.76842558713784,551.6591089285714,462.8906833333333,10799.999999991,10799.999999991,0.0,True,False
185970,2025-05-10 03:30:00,116.42249999189974,553.8408333333334,437.41833333333335,10799.999999991,10799.999999991,0.0,True,False
185980,2025-05-10 03:40:00,156.89300177761388,560.0846351190476,403.19163333333336,10799.999999991,10799.999999991,0.0,True,False
185990,2025-05-10 03:50:00,157.17455534904266,563.0354220238096,405.86086666666665,10799.999999991,10799.999999991,0.0,True,False
186000,2025-05-10 04:00:00,116.57071427761409,560.7240476190477,444.1533333333333,10799.999999991,10799.999999991,0.0,True,False
186790,2025-05-10 17:10:00,64.64032499099946,510.7031250000002,446.0628,10799.99999999,10799.99999999,0.0,True,False
186800,2025-05-10 17:20:00,100.73229522909443,566.2961452380952,465.56385,10799.99999999,10799.99999999,0.0,True,False
186810,2025-05-10 17:30:00,142.47961308623726,621.6479464285713,479.16833333333335,10799.99999999,10799.99999999,0.0,True,False
186820,2025-05-10 17:40:00,195.48230772909454,684.7968410714286,489.3145333333333,10799.99999999,10799.99999999,0.0,True,False
186830,2025-05-10 17:50:00,149.07411665766605,640.5558000000001,491.4816833333333,10799.99999999,10799.99999999,0.0,True,False
186840,2025-05-10 18:00:00,51.14254463385658,541.3008779761906,490.1583333333333,10799.99999999,10799.99999999,0.0,True,False
187080,2025-05-10 22:00:00,64.16523810523789,1353.1185714285712,455.61999999999995,4353.088053020634,5103.088053010634,749.99999999,False,True
187090,2025-05-10 22:10:00,76.26310417666683,1343.1625208333335,433.56608333333327,5103.088053010634,5853.088053000634,749.99999999,False,True
187110,2025-05-10 22:30:00,38.3893452480953,1349.416011904762,477.69333333333327,5915.957891563063,6665.957891553063,749.99999999,False,True
187120,2025-05-10 22:40:00,69.57188512904757,1354.2067684523809,451.30154999999996,6665.957891553063,7415.957891543063,749.99999999,False,True
187140,2025-05-10 23:00:00,49.52488579943121,1358.3998857894312,475.54166666666663,7486.719747069777,8236.719747060777,749.999999991,False,True
187170,2025-05-10 23:30:00,60.089285724285894,1352.5259523809525,459.1033333333333,8325.225730435634,9075.225730425633,749.99999999,False,True
194740,2025-05-16 05:40:00,62.61241489095243,1328.4206148809524,432.4748666666667,9320.254375891092,10070.254375882092,749.9999999909999,False,True
195430,2025-05-16 17:10:00,8.066470229094397,505.0647035714285,496.9982333333333,10799.99999999,10799.99999999,0.0,True,False
195440,2025-05-16 17:20:00,54.11887082433257,562.3818208333332,508.26294999999993,10799.99999999,10799.99999999,0.0,True,False
195450,2025-05-16 17:30:00,115.09958332433249,616.2945833333332,501.195,10799.99999999,10799.99999999,0.0,True,False
195460,2025-05-16 17:40:00,149.86807618147563,679.5731761904763,529.7050999999999,10799.99999999,10799.99999999,0.0,True,False
195470,2025-05-16 17:50:00,134.18606427671367,634.9195976190476,500.7335333333333,10799.99999999,10799.99999999,0.0,True,False
195480,2025-05-16 18:00:00,84.76013391957079,534.2468005952381,449.4866666666667,10799.99999999,10799.99999999,0.0,True,False
195720,2025-05-16 22:00:00,79.38315477190461,1365.9181547619046,453.20166666666665,4683.580704078836,5433.580704068836,749.99999999,False,True
195730,2025-05-16 22:10:00,100.59742441476179,1352.5861577380952,418.6554,5433.580704068836,6183.580704058836,749.99999999,False,True
195750,2025-05-16 22:30:00,97.6995238195236,1366.372857142857,435.34,6283.227697442693,7033.227697432693,749.99999999,False,True
195760,2025-05-16 22:40:00,104.3366327480952,1365.1980327380952,427.52806666666663,7033.227697432693,7783.227697422693,749.99999999,False,True
195780,2025-05-16 23:00:00,56.26542752624345,1364.6020941829102,475.00333333333333,7864.717815985122,8614.717815976122,749.999999991,False,True
195810,2025-05-16 23:30:00,106.14666667666664,1361.6516666666666,422.1716666666667,8742.680017386694,9492.680017376693,749.99999999,False,True
195940,2025-05-17 01:40:00,65.80081741605365,542.6162077380951,450.87839999999994,10776.656708701163,10799.999999991,23.34329128983737,True,False
195950,2025-05-17 01:50:00,110.35153392047093,547.5943172619046,437.24278333333336,10799.999999991,10799.999999991,0.0,True,False
195960,2025-05-17 02:00:00,129.9076785633283,547.0226785714286,417.115,10799.999999991,10799.999999991,0.0,True,False
195970,2025-05-17 02:10:00,108.67606725380435,543.668600595238,434.9925333333333,10799.999999991,10799.999999991,0.0,True,False
195980,2025-05-17 02:20:00,103.49118213475683,544.8844654761905,441.39328333333333,10799.999999991,10799.999999991,0.0,True,False
195990,2025-05-17 02:30:00,123.63255951570918,549.5192261904762,425.88666666666666,10799.999999991,10799.999999991,0.0,True,False
196000,2025-05-17 02:40:00,121.31172915856635,549.2600791666666,427.94834999999995,10799.999999991,10799.999999991,0.0,True,False
196010,2025-05-17 02:50:00,110.9761553490425,545.5521553571429,434.576,10799.999999991,10799.999999991,0.0,True,False
196020,2025-05-17 03:00:00,115.3411904680901,544.5695238095237,429.2283333333333,10799.999999991,10799.999999991,0.0,True,False
196030,2025-05-17 03:10:00,135.15628987285206,550.8141398809523,415.65784999999994,10799.999999991,10799.999999991,0.0,True,False
196040,2025-05-17 03:20:00,118.96287856332813,553.9369619047618,434.97408333333334,10799.999999991,10799.999999991,0.0,True,False
196050,2025-05-17 03:30:00,77.28785713475665,552.917857142857,475.63,10799.999999991,10799.999999991,0.0,True,False
196060,2025-05-17 03:40:00,75.32511070618548,556.4520440476191,481.1269333333333,10799.999999991,10799.999999991,0.0,True,False
196070,2025-05-17 03:50:00,97.40417737285193,560.0464607142857,462.64228333333335,10799.999999991,10799.999999991,0.0,True,False
196080,2025-05-17 04:00:00,112.7463690395189,560.5830357142859,447.83666666666664,10799.999999991,10799.999999991,0.0,True,False
196870,2025-05-17 17:10:00,22.58523511004669,504.29331845238073,481.7080833333333,10799.99999999,10799.99999999,0.0,True,False
196880,2025-05-17 17:20:00,87.1650755862373,561.6329089285713,474.46783333333326,10799.99999999,10799.99999999,0.0,True,False
196890,2025-05-17 17:30:00,136.5113243957613,615.1129910714287,478.6016666666667,10799.99999999,10799.99999999,0.0,True,False
196900,2025-05-17 17:40:00,185.6574708243326,680.3624875,494.70501666666667,10799.99999999,10799.99999999,0.0,True,False
196910,2025-05-17 17:50:00,161.50591249099924,634.5314624999999,473.02554999999995,10799.99999999,10799.99999999,0.0,True,False
196920,2025-05-17 18:00:00,84.50342261004698,530.7967559523811,446.29333333333335,10799.99999999,10799.99999999,0.0,True,False
197160,2025-05-17 22:00:00,72.40535715285726,1368.3436904761907,462.605,4504.463028192592,5254.463028182592,749.99999999,False,True
197170,2025-05-17 22:10:00,70.73498691476196,1354.3885035714286,450.3201833333333,5254.463028182592,6004.463028172592,749.99999999,False,True
197190,2025-05-17 22:30:00,105.63065477190456,1368.8156547619046,429.8516666666667,6095.894980663592,6845.894980653592,749.99999999,False,True
197200,2025-05-17 22:40:00,68.79898631952368,1367.3181029761904,465.18578333333335,6845.894980653592,7595.894980643592,749.99999999,False,True
197220,2025-05-17 23:00:00,45.840724134094664,1367.669057457428,488.49499999999995,7627.9457506345925,8377.945750625593,749.999999991,False,True
197250,2025-05-17 23:30:00,87.00761905761895,1363.397619047619,443.0566666666667,8564.15791650045,9314.157916490449,749.99999999,False,True
204820,2025-05-23 05:40:00,17.062785724285725,1307.4336023809524,457.03748333333334,8813.608024938714,9563.608024929714,749.999999991,False,True
205510,2025-05-23 17:10:00,8.269349990999194,503.4373833333333,495.16803333333337,10799.99999999,10799.99999999,0.0,True,False
205520,2025-05-23 17:20:00,67.56212618147518,556.3579928571426,488.79586666666665,10799.99999999,10799.99999999,0.0,True,False
205530,2025-05-23 17:30:00,151.95269344338013,608.3526934523808,456.4,10799.99999999,10799.99999999,0.0,True,False
205540,2025-05-23 17:40:00,193.27443570528507,676.9281023809525,483.65366666666665,10799.99999999,10799.99999999,0.0,True,False
205550,2025-05-23 17:50:00,107.48289284814226,632.2312261904761,524.7483333333332,10799.99999999,10799.99999999,0.0,True,False
205600,2025-05-23 18:40:00,84.47727638011936,683.207344642857,551.0538333333333,10757.091388554536,10799.999999991,42.908611436463985,True,False
205800,2025-05-23 22:00:00,149.93345239095254,1380.781785714286,397.515,5000.081012085145,5750.081012075145,749.99999999,False,True
205810,2025-05-23 22:10:00,75.98930417666655,1365.7890541666666,456.46641666666665,5750.081012075145,6500.081012065145,749.99999999,False,True
205830,2025-05-23 22:30:00,144.6213095338096,1382.359642857143,404.405,6566.891575627574,7316.891575617574,749.99999999,False,True
205840,2025-05-23 22:40:00,126.13210179571443,1379.5661684523811,420.1007333333333,7316.891575617574,8066.891575607574,749.99999999,False,True
205890,2025-05-23 23:30:00,129.73630953380962,1374.1863095238095,411.1166666666666,8950.032921990007,9700.032921980006,749.99999999,False,True
206000,2025-05-24 01:20:00,16.69854009158521,539.813168452381,435.55115,10721.192869466284,10799.999999991,78.80713052471617,True,False
206010,2025-05-24 01:30:00,125.88613094428067,536.4644642857143,410.57833333333326,10799.999999991,10799.999999991,0.0,True,False
206020,2025-05-24 01:40:00,117.59304939666166,543.8657660714287,426.27271666666667,10799.999999991,10799.999999991,0.0,True,False
206030,2025-05-24 01:50:00,103.50527677761406,550.1118767857143,446.60659999999996,10799.999999991,10799.999999991,0.0,True,False
206040,2025-05-24 02:00:00,100.04589284904259,547.7892261904763,447.74333333333334,10799.999999991,10799.999999991,0.0,True,False
206050,2025-05-24 02:10:00,99.6074089204711,542.4083922619047,442.8009833333333,10799.999999991,10799.999999991,0.0,True,False
206060,2025-05-24 02:20:00,96.37208808713777,544.4937047619047,448.1216166666666,10799.999999991,10799.999999991,0.0,True,False
206070,2025-05-24 02:30:00,90.61678570618537,551.8934523809523,461.27666666666664,10799.999999991,10799.999999991,0.0,True,False
206080,2025-05-24 02:40:00,89.59539403951865,552.2849107142856,462.68951666666663,10799.999999991,10799.999999991,0.0,True,False
206090,2025-05-24 02:50:00,105.73878153951867,547.934331547619,442.19554999999997,10799.999999991,10799.999999991,0.0,True,False
206100,2025-05-24 03:00:00,125.04648808713793,546.3048214285716,421.2583333333333,10799.999999991,10799.999999991,0.0,True,False
206110,2025-05-24 03:10:00,120.43803272999489,552.2656660714285,431.8276333333333,10799.999999991,10799.999999991,0.0,True,False
206120,2025-05-24 03:20:00,121.53244939666146,555.2541494047617,433.72169999999994,10799.999999991,10799.999999991,0.0,True,False
206130,2025-05-24 03:30:00,134.98494046809012,553.0066071428571,418.02166666666665,10799.999999991,10799.999999991,0.0,True,False
206140,2025-05-24 03:40:00,134.11047201570915,553.8657220238094,419.75525,10799.999999991,10799.999999991,0.0,True,False
206150,2025-05-24 03:50:00,109.76982022999479,559.6169535714284,449.8471333333333,10799.999999991,10799.999999991,0.0,True,False
206160,2025-05-24 04:00:00,54.017643062207505,534.1743097369745,480.15666666666664,10799.999999991,10799.999999991,0.0,True,False
206950,2025-05-24 17:10:00,65.5301053481422,504.64548869047616,439.11538333333334,10799.99999999,10799.99999999,0.0,True,False
206960,2025-05-24 17:20:00,60.816980348142046,556.8187136904761,496.00173333333333,10799.99999999,10799.99999999,0.0,True,False
206970,2025-05-24 17:30:00,62.3021279671896,607.493794642857,545.1916666666666,10799.99999999,10799.99999999,0.0,True,False
206980,2025-05-24 17:40:00,167.25214403861824,675.8826440476189,508.6305,10799.99999999,10799.99999999,0.0,True,False
206990,2025-05-24 17:50:00,150.0695815386181,631.8050815476189,481.7355,10799.99999999,10799.99999999,0.0,True,False
207000,2025-05-24 18:00:00,27.758169633856575,528.5398363095239,500.78166666666664,10799.99999999,10799.99999999,0.0,True,False
207030,2025-05-24 18:30:00,29.656878308112105,646.9029315476191,489.99333333333334,10685.472552075444,10799.999999991,114.52744791555632,True,False
207040,2025-05-24 18:40:00,157.74484284904267,685.2460428571429,527.5011999999999,10799.999999991,10799.999999991,0.0,True,False
207240,2025-05-24 22:00:00,155.68404762904765,1381.6857142857143,392.66833333333335,4799.266643659218,5549.266643649218,749.99999999,False,True
207250,2025-05-24 22:10:00,132.81006370047612,1368.1137803571428,401.9703833333333,5549.266643649218,6299.266643639218,749.99999999,False,True
207270,2025-05-24 22:30:00,107.64726191476187,1384.2705952380952,443.28999999999996,6404.703423273076,7154.703423263076,749.99999999,False,True
207280,2025-05-24 22:40:00,88.18636548619041,1380.5557154761905,459.0360166666667,7154.703423263076,7904.703423253076,749.99999999,False,True
207330,2025-05-24 23:30:00,93.07339286714272,1374.6900595238094,448.2833333333333,8767.829867585458,9517.829867575458,749.99999999,False,True
208770,2025-05-25 23:30:00,10.228809533809674,1376.3788095238097,532.8166666666666,4283.33409044946,5033.33409043946,749.99999999,False,True
214480,2025-05-29 22:40:00,15.437004176666498,1391.1814708333332,542.4111333333333,3327.972044790196,4077.972044780196,749.99999999,False,True
214900,2025-05-30 05:40:00,21.407163105238048,1294.0713964285715,439.3309,8953.004873893737,9703.004873884736,749.999999991,False,True
215590,2025-05-30 17:10:00,25.75878689576107,495.5457869047618,469.78700000000003,10799.99999999,10799.99999999,0.0,True,False
215600,2025-05-30 17:20:00,67.24619046718985,548.5803571428572,481.33416666666665,10799.99999999,10799.99999999,0.0,True,False
215610,2025-05-30 17:30:00,83.51604165766585,602.8960416666666,519.38,10799.99999999,10799.99999999,0.0,True,False
215620,2025-05-30 17:40:00,163.6129482052849,670.7015482142856,507.08859999999993,10799.99999999,10799.99999999,0.0,True,False
215630,2025-05-30 17:50:00,144.9764095148087,625.5427095238094,480.5663,10799.99999999,10799.99999999,0.0,True,False
215640,2025-05-30 18:00:00,51.1102529671899,522.6519196428573,471.54166666666663,10799.99999999,10799.99999999,0.0,True,False
215660,2025-05-30 18:20:00,92.58397510676643,616.3203351190475,487.14173333333326,10767.064835979947,10799.999999991,32.93516401105298,True,False
215670,2025-05-30 18:30:00,150.17101189666172,644.476011904762,494.30499999999995,10799.999999991,10799.999999991,0.0,True,False
215680,2025-05-30 18:40:00,193.78489582523298,690.1991291666666,496.4142333333333,10799.999999991,10799.999999991,0.0,True,False
215880,2025-05-30 22:00:00,95.9227976290474,1386.3611309523808,457.105,5183.040205689641,5933.040205679641,749.99999999,False,True
215890,2025-05-30 22:10:00,80.57337084333345,1374.5533875,460.64668333333327,5933.040205679641,6683.040205669641,749.99999999,False,True
215910,2025-05-30 22:30:00,120.84553572428591,1391.3688690476192,437.18999999999994,6779.466962089213,7529.466962079213,749.99999999,False,True
215920,2025-05-30 22:40:00,92.65451786714287,1388.1353178571428,462.1474666666666,7529.466962079213,8279.466962069213,749.99999999,False,True
215970,2025-05-30 23:30:00,171.64107143857154,1377.9160714285715,372.94166666666666,9090.433697297562,9840.43369728756,749.99999999,False,True
216060,2025-05-31 01:00:00,23.960992757086977,535.4295833333333,431.13,10727.695268472378,10799.999999991,72.3047315186217,True,False
216070,2025-05-31 01:10:00,129.74566070618536,536.7828107142857,407.03715,10799.999999991,10799.999999991,0.0,True,False
216080,2025-05-31 01:20:00,123.90358689666155,539.5633035714285,415.6597166666666,10799.999999991,10799.999999991,0.0,True,False
216090,2025-05-31 01:30:00,103.96267856332824,540.7260119047619,436.7633333333333,10799.999999991,10799.999999991,0.0,True,False
216100,2025-05-31 01:40:00,95.43430058713781,542.8928505952381,447.45854999999995,10799.999999991,10799.999999991,0.0,True,False
216110,2025-05-31 01:50:00,105.48770653951865,546.5717732142856,441.0840666666666,10799.999999991,10799.999999991,0.0,True,False
216120,2025-05-31 02:00:00,121.10845237285193,548.3451190476189,427.2366666666667,10799.999999991,10799.999999991,0.0,True,False
216130,2025-05-31 02:10:00,123.70784106332829,544.7699244047619,421.0620833333333,10799.999999991,10799.999999991,0.0,True,False
216140,2025-05-31 02:20:00,132.21577082523297,545.1123541666666,412.8965833333333,10799.999999991,10799.999999991,0.0,True,False
216150,2025-05-31 02:30:00,129.22470237285214,550.3080357142858,421.0833333333333,10799.999999991,10799.999999991,0.0,True,False
216160,2025-05-31 02:40:00,81.54257022999488,551.9086369047618,470.3660666666666,10799.999999991,10799.999999991,0.0,True,False
216170,2025-05-31 02:50:00,71.77341665856633,550.1982333333333,478.42481666666663,10799.999999991,10799.999999991,0.0,True,False
216180,2025-05-31 03:00:00,107.01630951570908,549.8329761904761,442.81666666666666,10799.999999991,10799.999999991,0.0,True,False
216190,2025-05-31 03:10:00,110.95348511094723,554.4940517857142,443.5405666666666,10799.999999991,10799.999999991,0.0,True,False
216200,2025-05-31 03:20:00,93.5011297538044,556.138113095238,462.6369833333333,10799.999999991,10799.999999991,0.0,True,False
216210,2025-05-31 03:30:00,88.84642856332832,553.4080952380953,464.5616666666666,10799.999999991,10799.999999991,0.0,True,False
216220,2025-05-31 03:40:00,113.4296077299949,553.4113744047619,439.98176666666666,10799.999999991,10799.999999991,0.0,True,False
216230,2025-05-31 03:50:00,109.75218511094724,558.2774517857142,448.52526666666665,10799.999999991,10799.999999991,0.0,True,False
217030,2025-05-31 17:10:00,25.941113086237443,492.84021309523814,466.8991,10799.99999999,10799.99999999,0.0,True,False
217040,2025-05-31 17:20:00,55.85529344338003,545.0731934523808,489.2179,10799.99999999,10799.99999999,0.0,True,False
217050,2025-05-31 17:30:00,157.28105653861812,601.5477232142855,444.26666666666665,10799.99999999,10799.99999999,0.0,True,False
217060,2025-05-31 17:40:00,244.7991458243325,670.4659624999999,425.66681666666665,10799.99999999,10799.99999999,0.0,True,False
217070,2025-05-31 17:50:00,153.42652439576116,623.5578410714286,470.13131666666663,10799.99999999,10799.99999999,0.0,True,False
217110,2025-05-31 18:30:00,103.48211840952143,642.3905952380951,532.24,10793.998370845284,10799.999999991,6.001629145716294,True,False
217120,2025-05-31 18:40:00,193.6956678490424,689.0319678571427,495.3363,10799.999999991,10799.999999991,0.0,True,False
217320,2025-05-31 22:00:00,157.306785724286,1387.346785714286,396.7066666666666,5026.513215438319,5776.513215428319,749.99999999,False,True
217330,2025-05-31 22:10:00,142.51941727190479,1375.389800595238,399.53704999999997,5776.513215428319,6526.513215418319,749.99999999,False,True
217350,2025-05-31 22:30:00,138.59875001,1390.1654166666667,418.23333333333335,6650.195900230748,7400.195900220748,749.99999999,False,True
217360,2025-05-31 22:40:00,165.2405887004761,1388.950038690476,390.37611666666663,7400.195900220748,8150.195900210748,749.99999999,False,True
217410,2025-05-31 23:30:00,130.65035715285717,1377.0236904761905,413.03999999999996,8900.475844954944,9650.475844944944,749.99999999,False,True
224650,2025-06-06 00:10:00,49.757008343333375,1386.3777083333334,503.2873666666667,3718.8819770486944,4468.8819770386945,749.99999999,False,True
224660,2025-06-06 00:20:00,20.496964295714285,1384.1578976190476,530.3276,4468.8819770386945,5218.881977029694,749.999999991,False,True
225710,2025-06-06 17:50:00,15.815821419570659,630.5069214285713,614.6911,10799.99999999,10799.99999999,0.0,True,False
225740,2025-06-06 18:20:00,0.8514077290943959,620.4105744047617,619.5591666666667,10799.99999999,10799.99999999,0.0,True,False
225750,2025-06-06 18:30:00,33.48976189576115,653.8547619047619,620.365,10799.99999999,10799.99999999,0.0,True,False
225760,2025-06-06 18:40:00,71.26728034814228,696.8191970238096,625.5519166666666,10799.99999999,10799.99999999,0.0,True,False
225960,2025-06-06 22:00:00,24.030892867142704,1396.739226190476,539.375,3418.904983565623,4168.9049835556225,749.99999999,False,True
225970,2025-06-06 22:10:00,7.935990486190568,1390.4668404761906,549.1975166666666,4168.9049835556225,4918.904983545623,749.99999999,False,True
225990,2025-06-06 22:30:00,52.662380962381,1400.5307142857143,514.535,4940.072869965194,5690.072869955194,749.99999999,False,True
226000,2025-06-06 22:40:00,91.84961548619047,1400.0348821428572,474.85193333333336,5690.072869955194,6440.072869945194,749.99999999,False,True
226050,2025-06-06 23:30:00,30.41154762904761,1393.339880952381,529.595,6998.092554770063,7748.092554760063,749.99999999,False,True
227130,2025-06-07 17:30:00,13.484434514808845,617.5977678571428,604.1133333333332,10799.99999999,10799.99999999,0.0,True,False
227140,2025-06-07 17:40:00,72.0772940386183,682.8292107142856,610.7519166666666,10799.99999999,10799.99999999,0.0,True,False
227150,2025-06-07 17:50:00,26.767508919570822,635.4889089285714,608.7213999999999,10799.99999999,10799.99999999,0.0,True,False
227180,2025-06-07 18:20:00,29.533005348142204,623.5865220238095,594.0535166666666,10799.99999999,10799.99999999,0.0,True,False
227190,2025-06-07 18:30:00,35.41870534814226,658.4553720238096,623.0366666666666,10799.99999999,10799.99999999,0.0,True,False
227200,2025-06-07 18:40:00,35.87806070528493,700.6669273809523,664.7888666666666,10799.99999999,10799.99999999,0.0,True,False
227400,2025-06-07 22:00:00,18.49041667666676,1400.8820833333334,549.0583333333333,3418.8131691608614,4168.8131691508615,749.99999999,False,True
227410,2025-06-07 22:10:00,31.438239890952666,1395.051873214286,530.2802999999999,4168.8131691508615,4918.813169140862,749.99999999,False,True
227430,2025-06-07 22:30:00,59.160714295714335,1404.372380952381,511.87833333333333,4977.540395024719,5727.540395014719,749.99999999,False,True
227440,2025-06-07 22:40:00,41.324395248095236,1402.4765285714286,527.8188,5727.540395014719,6477.540395004719,749.99999999,False,True
227490,2025-06-07 23:30:00,8.190714295714308,1398.1857142857143,556.6616666666666,7193.26393653778,7943.26393652778,749.99999999,False,True
234730,2025-06-13 00:10:00,5.568111575407094,1316.783861565407,477.88241666666664,6061.964368226315,6811.964368217315,749.999999991,False,True
234740,2025-06-13 00:20:00,68.89253036714295,1413.8629136904763,511.63704999999993,6811.964368217315,7561.964368208314,749.999999991,False,True
235060,2025-06-13 05:40:00,211.95803342352076,1281.694319047619,463.86695,10254.717597929312,10799.999999991,545.2824020616885,True,False
235780,2025-06-13 17:40:00,53.043866657665696,710.5513333333331,657.5074666666667,10799.99999999,10799.99999999,0.0,True,False
235790,2025-06-13 17:50:00,44.79407618147534,658.9597428571427,614.1656666666667,10799.99999999,10799.99999999,0.0,True,False
235820,2025-06-13 18:20:00,42.14117796718974,639.6724779761904,597.5313,10799.99999999,10799.99999999,0.0,True,False
235830,2025-06-13 18:30:00,71.15864582433275,675.0653125000001,603.9066666666666,10799.99999999,10799.99999999,0.0,True,False
235840,2025-06-13 18:40:00,96.64406844338005,715.6772851190475,619.0332166666667,10799.99999999,10799.99999999,0.0,True,False
236040,2025-06-13 22:00:00,86.43351191476198,1420.128511904762,500.3616666666667,3884.4497092865213,4634.449709276521,749.99999999,False,True
236050,2025-06-13 22:10:00,58.82903810523839,1414.6594380952383,522.4970666666666,4634.449709276521,5384.4497092665215,749.99999999,False,True
236070,2025-06-13 22:30:00,55.246607152857216,1422.6649404761906,534.085,5432.7158081860925,6182.715808176093,749.99999999,False,True
236080,2025-06-13 22:40:00,61.78059167666685,1422.2986083333335,527.1846833333333,6182.715808176093,6932.715808166093,749.99999999,False,True
236100,2025-06-13 23:00:00,98.71916667666663,1422.4241666666667,490.37166666666667,7188.649149086332,7938.649149076332,749.99999999,False,True
236120,2025-06-13 23:20:00,65.95630536714269,1425.6726720238094,526.3830333333333,8035.800232460189,8785.800232450189,749.99999999,False,True
236130,2025-06-13 23:30:00,26.388690486190733,1420.2903571428574,560.5683333333333,8785.800232450189,9535.800232440188,749.99999999,False,True
236140,2025-06-13 23:40:00,83.52726370047615,1424.2918303571428,507.4312333333333,9535.800232440188,10285.800232430187,749.99999999,False,True
236240,2025-06-14 01:20:00,22.614683175763176,578.5875571428571,496.38176666666664,10746.368003420615,10799.999999991,53.63199657038458,True,False
236250,2025-06-14 01:30:00,99.75333332523289,576.4133333333332,476.65999999999997,10799.999999991,10799.999999991,0.0,True,False
236260,2025-06-14 01:40:00,76.7033827299949,575.2728660714286,498.5694833333333,10799.999999991,10799.999999991,0.0,True,False
236270,2025-06-14 01:50:00,97.5691720157092,578.6440053571429,481.07483333333334,10799.999999991,10799.999999991,0.0,True,False
236280,2025-06-14 02:00:00,133.77059522999488,581.2005952380952,447.42999999999995,10799.999999991,10799.999999991,0.0,True,False
236290,2025-06-14 02:10:00,77.98894225380442,574.9679422619047,496.9789999999999,10799.999999991,10799.999999991,0.0,True,False
236300,2025-06-14 02:20:00,64.73406606332819,571.4517494047618,506.7176833333333,10799.999999991,10799.999999991,0.0,True,False
236310,2025-06-14 02:30:00,108.16630951570923,571.9346428571429,463.7683333333333,10799.999999991,10799.999999991,0.0,True,False
236320,2025-06-14 02:40:00,90.73179939666144,567.6323660714285,476.9005666666667,10799.999999991,10799.999999991,0.0,True,False
236330,2025-06-14 02:50:00,92.2159505871376,569.4307505952379,477.21479999999997,10799.999999991,10799.999999991,0.0,True,False
236340,2025-06-14 03:00:00,124.59309522999482,575.7164285714284,451.1233333333333,10799.999999991,10799.999999991,0.0,True,False
236350,2025-06-14 03:10:00,111.71266189666174,572.9643452380953,461.2516833333333,10799.999999991,10799.999999991,0.0,True,False
236360,2025-06-14 03:20:00,98.79431844428049,569.8915684523809,471.09725000000003,10799.999999991,10799.999999991,0.0,True,False
236370,2025-06-14 03:30:00,100.5916071347568,570.8216071428571,470.23,10799.999999991,10799.999999991,0.0,True,False
236380,2025-06-14 03:40:00,83.9889482061854,571.239281547619,487.2503333333333,10799.999999991,10799.999999991,0.0,True,False
236390,2025-06-14 03:50:00,72.30533153951862,571.7532815476189,499.44795,10799.999999991,10799.999999991,0.0,True,False
236400,2025-06-14 04:00:00,90.58749999189965,571.5541666666667,480.9666666666667,10799.999999991,10799.999999991,0.0,True,False
236410,2025-06-14 04:10:00,99.43961230092822,534.2185623090285,434.77894999999995,10799.999999991,10799.999999991,0.0,True,False
236420,2025-06-14 04:20:00,129.87818392047106,563.5870839285714,433.70889999999997,10799.999999991,10799.999999991,0.0,True,False
236430,2025-06-14 04:30:00,96.55982142047114,563.2081547619048,466.6483333333333,10799.999999991,10799.999999991,0.0,True,False
236440,2025-06-14 04:40:00,116.71472677761392,570.1891101190475,453.4743833333333,10799.999999991,10799.999999991,0.0,True,False
237210,2025-06-14 17:30:00,67.66339284814225,657.623392857143,589.96,10799.99999999,10799.99999999,0.0,True,False
237220,2025-06-14 17:40:00,135.76860356242796,717.2950202380953,581.5264166666666,10799.99999999,10799.99999999,0.0,True,False
237230,2025-06-14 17:50:00,83.91122380052323,664.2595404761906,580.3483166666666,10799.99999999,10799.99999999,0.0,True,False
237260,2025-06-14 18:20:00,38.71996546718973,641.0011154761904,602.28115,10799.99999999,10799.99999999,0.0,True,False
237270,2025-06-14 18:30:00,73.80244046718981,677.2874404761905,603.4849999999999,10799.99999999,10799.99999999,0.0,True,False
237280,2025-06-14 18:40:00,104.29080951480886,717.8569261904762,613.5661166666666,10799.99999999,10799.99999999,0.0,True,False
237480,2025-06-14 22:00:00,43.90613096238098,1421.8127976190476,544.5733333333333,3963.333377130439,4713.333377120439,749.99999999,False,True
237490,2025-06-14 22:10:00,41.4849357242856,1418.368069047619,543.5498,4713.333377120439,5463.333377110439,749.99999999,False,True
237510,2025-06-14 22:30:00,61.15988096238106,1426.1915476190477,531.6983333333333,5523.719774958582,6273.719774948582,749.99999999,False,True
237520,2025-06-14 22:40:00,13.69712322428574,1425.8577732142858,578.8273166666667,6273.719774948582,7023.719774938582,749.99999999,False,True
237540,2025-06-14 23:00:00,12.434702390952445,1422.9730357142857,577.2049999999999,7739.540543802084,8489.540543792084,749.99999999,False,True
237560,2025-06-14 23:20:00,111.03244286714288,1428.6307595238095,484.2649833333333,8566.739411997369,9316.739411987368,749.99999999,False,True
237570,2025-06-14 23:30:00,79.90976191476192,1425.2330952380953,511.99,9316.739411987368,10066.739411977367,749.99999999,False,True
237580,2025-06-14 23:40:00,78.37585439072552,1425.3207577380954,532.2109166666667,10066.739411977367,10799.99999999,733.2605880126329,True,False
237590,2025-06-14 23:50:00,9.356277371951569,592.3264940476189,582.9702166666666,10799.99999999,10799.99999999,0.0,True,False
244810,2025-06-20 00:10:00,78.49891786714282,1436.6212345238096,524.7889833333334,7773.634404709469,8523.634404699469,749.99999999,False,True
244820,2025-06-20 00:20:00,134.6285577480951,1439.5890910714284,471.62719999999996,8523.634404699469,9273.634404690469,749.999999991,False,True
244830,2025-06-20 00:30:00,149.0875954709636,1439.7925954609636,457.37166666666667,9273.634404690469,10023.634404681468,749.999999991,False,True
244920,2025-06-20 02:00:00,81.35463418982594,592.0714285714284,432.875,10729.942385047558,10799.999999991,70.05761494344225,True,False
244930,2025-06-20 02:10:00,121.39779582523292,585.4400291666666,464.04223333333334,10799.999999991,10799.999999991,0.0,True,False
244940,2025-06-20 02:20:00,104.44486011094725,581.0324601190475,476.58759999999995,10799.999999991,10799.999999991,0.0,True,False
244950,2025-06-20 02:30:00,134.39476189666138,581.908095238095,447.5133333333333,10799.999999991,10799.999999991,0.0,True,False
244960,2025-06-20 02:40:00,124.01515475380458,577.3515880952382,453.3364333333333,10799.999999991,10799.999999991,0.0,True,False
244970,2025-06-20 02:50:00,122.53508034904249,576.0919303571428,453.55685,10799.999999991,10799.999999991,0.0,True,False
244980,2025-06-20 03:00:00,139.5642261823758,579.0575595238095,439.49333333333334,10799.999999991,10799.999999991,0.0,True,False
244990,2025-06-20 03:10:00,128.36879165856627,577.3732416666666,449.00444999999996,10799.999999991,10799.999999991,0.0,True,False
245000,2025-06-20 03:20:00,116.77786070618552,574.3096773809525,457.53181666666666,10799.999999991,10799.999999991,0.0,True,False
245010,2025-06-20 03:30:00,117.53172618237593,573.7533928571429,456.22166666666664,10799.999999991,10799.999999991,0.0,True,False
245020,2025-06-20 03:40:00,113.57309165856634,575.6518749999999,462.07878333333326,10799.999999991,10799.999999991,0.0,True,False
245030,2025-06-20 03:50:00,106.92142677761379,574.7207934523808,467.7993666666667,10799.999999991,10799.999999991,0.0,True,False
245040,2025-06-20 04:00:00,105.22166665856625,570.3199999999999,465.09833333333336,10799.999999991,10799.999999991,0.0,True,False
245050,2025-06-20 04:10:00,111.90069939666166,566.7737494047619,454.87305,10799.999999991,10799.999999991,0.0,True,False
245060,2025-06-20 04:20:00,112.79117975380436,564.8368297619047,452.04565,10799.999999991,10799.999999991,0.0,True,False
245070,2025-06-20 04:30:00,111.84154761094723,566.0015476190475,454.15999999999997,10799.999999991,10799.999999991,0.0,True,False
245080,2025-06-20 04:40:00,126.0799827299951,571.3512160714287,445.27123333333327,10799.999999991,10799.999999991,0.0,True,False
245090,2025-06-20 04:50:00,138.38897201570924,576.2552553571429,437.86628333333334,10799.999999991,10799.999999991,0.0,True,False
245100,2025-06-20 05:00:00,143.29041665856622,574.3154166666666,431.025,10799.999999991,10799.999999991,0.0,True,False
245110,2025-06-20 05:10:00,136.17837082523303,552.3045041666667,416.1261333333333,10799.999999991,10799.999999991,0.0,True,False
245120,2025-06-20 05:20:00,95.42458272999498,529.0875660714286,433.6629833333333,10799.999999991,10799.999999991,0.0,True,False
245130,2025-06-20 05:30:00,31.10142856332842,498.20142857142866,467.09999999999997,10799.999999991,10799.999999991,0.0,True,False
245140,2025-06-20 05:40:00,826.7299291585663,1282.5083458333334,455.77841666666666,10799.999999991,10799.999999991,0.0,True,False
245830,2025-06-20 17:10:00,29.37063570528486,584.2417523809522,554.8711166666667,10799.99999999,10799.99999999,0.0,True,False
245840,2025-06-20 17:20:00,79.36921130052323,628.4541613095239,549.0849499999999,10799.99999999,10799.99999999,0.0,True,False
245850,2025-06-20 17:30:00,109.4887499909992,684.9404166666665,575.4516666666666,10799.99999999,10799.99999999,0.0,True,False
245860,2025-06-20 17:40:00,170.04049106242806,743.5496577380953,573.5091666666666,10799.99999999,10799.99999999,0.0,True,False
245870,2025-06-20 17:50:00,117.44693451480887,689.3359511904762,571.8890166666666,10799.99999999,10799.99999999,0.0,True,False
245900,2025-06-20 18:20:00,51.73159403861829,654.6977107142857,602.9661166666666,10799.99999999,10799.99999999,0.0,True,False
245910,2025-06-20 18:30:00,141.38495534814228,697.3882886904763,556.0033333333333,10799.99999999,10799.99999999,0.0,True,False
245920,2025-06-20 18:40:00,184.86560832433267,734.8750916666667,550.0094833333333,10799.99999999,10799.99999999,0.0,True,False
246120,2025-06-20 22:00:00,83.23654762904788,1440.4948809523812,523.925,4570.272419577532,5320.272419567532,749.99999999,False,True
246130,2025-06-20 22:10:00,104.26863929571424,1432.3160226190475,494.71404999999993,5320.272419567532,6070.272419557532,749.99999999,False,True
246150,2025-06-20 22:30:00,97.29577381952377,1442.8224404761904,512.1933333333333,6172.930641512818,6922.930641502818,749.99999999,False,True
246160,2025-06-20 22:40:00,102.04029584333306,1445.5390791666664,510.16544999999996,6922.930641502818,7672.930641492818,749.99999999,False,True
246170,2025-06-20 22:50:00,83.31319405761882,1447.9687607142855,531.3222333333333,7672.930641492818,8422.930641482817,749.99999999,False,True
246180,2025-06-20 23:00:00,60.668035724285794,1446.1430357142858,552.1416666666667,8422.930641482817,9172.930641473817,749.999999991,False,True
246200,2025-06-20 23:20:00,97.70098036714306,1446.5384970238097,515.5041833333332,9862.249546107674,10612.249546098674,749.999999991,False,True
246210,2025-06-20 23:30:00,679.141896468844,1440.448511904762,552.6949999999999,10612.249546098674,10799.999999991,187.7504538923262,True,False
246220,2025-06-20 23:40:00,901.8754547538043,1441.3346714285713,539.4592166666666,10799.999999991,10799.999999991,0.0,True,False
246230,2025-06-20 23:50:00,77.12795118237577,608.9159511904761,531.788,10799.999999991,10799.999999991,0.0,True,False
246240,2025-06-21 00:00:00,68.77041665856629,607.2620833333332,538.4916666666666,10799.999999991,10799.999999991,0.0,True,False
246250,2025-06-21 00:10:00,92.99473808713785,607.6587047619048,514.6639666666666,10799.999999991,10799.999999991,0.0,True,False
246260,2025-06-21 00:20:00,74.50351546809017,607.8521654761904,533.3486499999999,10799.999999991,10799.999999991,0.0,True,False
246270,2025-06-21 00:30:00,40.21398808713773,607.123988095238,566.91,10799.999999991,10799.999999991,0.0,True,False
246280,2025-06-21 00:40:00,95.6749249918997,606.2626083333333,510.5876833333333,10799.999999991,10799.999999991,0.0,True,False
246290,2025-06-21 00:50:00,129.1980488014236,599.2409154761906,470.04286666666667,10799.999999991,10799.999999991,0.0,True,False
246300,2025-06-21 01:00:00,110.57029761094716,591.1336309523808,480.56333333333333,10799.999999991,10799.999999991,0.0,True,False
246310,2025-06-21 01:10:00,115.65933272999493,593.9892660714286,478.3299333333333,10799.999999991,10799.999999991,0.0,True,False
246320,2025-06-21 01:20:00,99.20566903951871,596.8437857142857,497.63811666666663,10799.999999991,10799.999999991,0.0,True,False
246330,2025-06-21 01:30:00,65.99958332523315,593.3629166666667,527.3633333333332,10799.999999991,10799.999999991,0.0,True,False
246340,2025-06-21 01:40:00,77.60112856332827,588.4087452380952,510.8076166666666,10799.999999991,10799.999999991,0.0,True,False
246350,2025-06-21 01:50:00,96.70626963475686,589.0472529761905,492.3409833333333,10799.999999991,10799.999999991,0.0,True,False
246360,2025-06-21 02:00:00,92.63047618237582,591.7338095238094,499.1033333333333,10799.999999991,10799.999999991,0.0,True,False
246370,2025-06-21 02:10:00,74.5730976109472,586.6399976190476,512.0669,10799.999999991,10799.999999991,0.0,True,False
246380,2025-06-21 02:20:00,80.30588034904244,582.4894636904761,502.18358333333333,10799.999999991,10799.999999991,0.0,True,False
246390,2025-06-21 02:30:00,108.3435118966614,581.4685119047617,473.125,10799.999999991,10799.999999991,0.0,True,False
246400,2025-06-21 02:40:00,119.28111784904249,577.6011011904761,458.3199833333333,10799.999999991,10799.999999991,0.0,True,False
246410,2025-06-21 02:50:00,106.92457558713781,577.0220255952381,470.09745,10799.999999991,10799.999999991,0.0,True,False
246420,2025-06-21 03:00:00,89.93702380142352,579.3103571428571,489.3733333333333,10799.999999991,10799.999999991,0.0,True,False
246430,2025-06-21 03:10:00,90.36462975380422,577.062863095238,486.69823333333335,10799.999999991,10799.999999991,0.0,True,False
246440,2025-06-21 03:20:00,81.84625713475688,573.6850571428572,491.8388,10799.999999991,10799.999999991,0.0,True,False
246450,2025-06-21 03:30:00,77.00779761094734,573.2594642857143,496.25166666666667,10799.999999991,10799.999999991,0.0,True,False
246460,2025-06-21 03:40:00,112.66272201570914,576.0457220238094,463.3829999999999,10799.999999991,10799.999999991,0.0,True,False
246470,2025-06-21 03:50:00,121.1241309442805,575.8417809523808,454.71764999999994,10799.999999991,10799.999999991,0.0,True,False
246480,2025-06-21 04:00:00,94.3377380871377,571.3694047619047,477.03166666666664,10799.999999991,10799.999999991,0.0,True,False
246490,2025-06-21 04:10:00,92.82637796809014,567.1460779761904,474.3197,10799.999999991,10799.999999991,0.0,True,False
246500,2025-06-21 04:20:00,106.865914277614,565.0244142857143,458.1585,10799.999999991,10799.999999991,0.0,True,False
246510,2025-06-21 04:30:00,120.23422618237592,566.4525595238096,446.2183333333333,10799.999999991,10799.999999991,0.0,True,False
246520,2025-06-21 04:40:00,127.96498153951889,571.4435315476192,443.4785499999999,10799.999999991,10799.999999991,0.0,True,False
246530,2025-06-21 04:50:00,125.33176368237596,575.7185136904762,450.38674999999995,10799.999999991,10799.999999991,0.0,True,False
246540,2025-06-21 05:00:00,117.93132439666141,573.3179910714284,455.38666666666666,10799.999999991,10799.999999991,0.0,True,False
246550,2025-06-21 05:10:00,106.79178034904251,550.9114136904761,444.1196333333333,10799.999999991,10799.999999991,0.0,True,False
246560,2025-06-21 05:20:00,93.596433325233,528.0749333333333,434.4785,10799.999999991,10799.999999991,0.0,True,False
246570,2025-06-21 05:30:00,57.45613094428078,497.81446428571445,440.35833333333335,10799.999999991,10799.999999991,0.0,True,False
247260,2025-06-21 17:00:00,16.036532729094496,556.0865327380951,540.05,10799.99999999,10799.99999999,0.0,True,False
247270,2025-06-21 17:10:00,33.88944939576104,589.7239827380951,555.8345333333333,10799.99999999,10799.99999999,0.0,True,False
247280,2025-06-21 17:20:00,55.91273689576119,633.0168702380952,577.1041333333333,10799.99999999,10799.99999999,0.0,True,False
247290,2025-06-21 17:30:00,109.87010415766585,690.5817708333332,580.7116666666666,10799.99999999,10799.99999999,0.0,True,False
247300,2025-06-21 17:40:00,139.83194641957047,748.0332964285711,608.2013499999999,10799.99999999,10799.99999999,0.0,True,False
247310,2025-06-21 17:50:00,91.73510951480867,692.4605928571427,600.7254833333333,10799.99999999,10799.99999999,0.0,True,False
247320,2025-06-21 18:00:00,22.545372014808812,580.7970386904761,558.2516666666667,10799.99999999,10799.99999999,0.0,True,False
247330,2025-06-21 18:10:00,51.22465594338039,596.9717892857144,545.7471333333333,10799.99999999,10799.99999999,0.0,True,False
247340,2025-06-21 18:20:00,108.91610356242785,658.416636904762,549.5005333333334,10799.99999999,10799.99999999,0.0,True,False
247350,2025-06-21 18:30:00,142.2854761814755,699.4171428571428,557.1316666666667,10799.99999999,10799.99999999,0.0,True,False
247360,2025-06-21 18:40:00,158.3592845148088,734.4978511904761,576.1385666666666,10799.99999999,10799.99999999,0.0,True,False
247560,2025-06-21 22:00:00,83.39619048619032,1445.0095238095237,528.28,4732.638997070917,5482.638997060917,749.99999999,False,True
247570,2025-06-21 22:10:00,73.47494286714276,1433.6820095238095,526.8737333333333,5482.638997060917,6232.638997050917,749.99999999,False,True
247590,2025-06-21 22:30:00,60.473690486190655,1446.672023809524,552.865,6297.68861364906,7047.68861364006,749.999999991,False,True
247600,2025-06-21 22:40:00,68.58249286714282,1448.7556761904762,546.83985,7047.68861364006,7797.68861363006,749.99999999,False,True
247610,2025-06-21 22:50:00,75.32817679571438,1450.4544101190477,541.7928999999999,7797.68861363006,8547.68861362106,749.999999991,False,True
247620,2025-06-21 23:00:00,84.08934524809523,1449.1543452380952,531.7316666666666,8547.68861362106,9297.68861361206,749.999999991,False,True
247640,2025-06-21 23:20:00,129.65657500999998,1449.8189583333333,486.82904999999994,10003.98379214794,10753.983792138939,749.999999991,False,True
247650,2025-06-21 23:30:00,896.159094450091,1445.504880952381,498.2166666666667,10753.983792138939,10799.999999991,46.016207852060994,True,False
247660,2025-06-21 23:40:00,942.4817220157092,1446.5768886904762,504.0951666666666,10799.999999991,10799.999999991,0.0,True,False
247670,2025-06-21 23:50:00,81.39591665856628,613.6149333333333,532.2190166666667,10799.999999991,10799.999999991,0.0,True,False
247680,2025-06-22 00:00:00,5.206130944280607,611.2294642857142,606.0233333333333,10799.999999991,10799.999999991,0.0,True,False
254890,2025-06-27 00:10:00,82.22169346238091,1460.7212601190477,545.1662333333334,8108.508830556025,8858.508830546025,749.99999999,False,True
254900,2025-06-27 00:20:00,68.99587381952391,1460.361723809524,558.0325166666667,8858.508830546025,9608.508830537025,749.999999991,False,True
254960,2025-06-27 01:20:00,122.35822135746113,611.3637113095238,458.91533333333336,10772.918859034144,10799.999999991,27.081140956856327,True,False
254970,2025-06-27 01:30:00,123.3527380871378,606.427738095238,483.07499999999993,10799.999999991,10799.999999991,0.0,True,False
254980,2025-06-27 01:40:00,150.2692124918997,604.8265291666667,454.5573166666666,10799.999999991,10799.999999991,0.0,True,False
254990,2025-06-27 01:50:00,153.0733946347568,605.0512446428571,451.97785,10799.999999991,10799.999999991,0.0,True,False
255000,2025-06-27 02:00:00,115.65613094428065,602.301130952381,486.645,10799.999999991,10799.999999991,0.0,True,False
255010,2025-06-27 02:10:00,104.55719463475688,594.2426279761905,489.6854333333333,10799.999999991,10799.999999991,0.0,True,False
255020,2025-06-27 02:20:00,114.0429452299949,589.7027452380952,475.65979999999996,10799.999999991,10799.999999991,0.0,True,False
255030,2025-06-27 02:30:00,120.72208332523311,588.8720833333334,468.15,10799.999999991,10799.999999991,0.0,True,False
255040,2025-06-27 02:40:00,113.78932380142359,584.429173809524,470.63985,10799.999999991,10799.999999991,0.0,True,False
255050,2025-06-27 02:50:00,124.40174820618537,584.1654482142857,459.7637,10799.999999991,10799.999999991,0.0,True,False
255060,2025-06-27 03:00:00,141.60898808713776,586.9289880952381,445.32,10799.999999991,10799.999999991,0.0,True,False
255070,2025-06-27 03:10:00,126.14231487285193,583.1609482142857,457.01863333333336,10799.999999991,10799.999999991,0.0,True,False
255080,2025-06-27 03:20:00,132.27461368237593,580.6246303571429,448.35001666666665,10799.999999991,10799.999999991,0.0,True,False
255090,2025-06-27 03:30:00,158.32958332523302,581.5279166666667,423.1983333333333,10799.999999991,10799.999999991,0.0,True,False
255100,2025-06-27 03:40:00,143.47226844428067,579.6293517857143,436.15708333333333,10799.999999991,10799.999999991,0.0,True,False
255110,2025-06-27 03:50:00,110.08708153951883,575.0614648809525,464.9743833333333,10799.999999991,10799.999999991,0.0,True,False
255120,2025-06-27 04:00:00,106.52565475380445,570.7156547619047,464.18999999999994,10799.999999991,10799.999999991,0.0,True,False
255130,2025-06-27 04:10:00,154.44873034904253,569.2245803571428,414.77585,10799.999999991,10799.999999991,0.0,True,False
255140,2025-06-27 04:20:00,157.17374284904255,568.2960928571429,411.12235,10799.999999991,10799.999999991,0.0,True,False
255150,2025-06-27 04:30:00,109.74363094428062,566.8652976190476,457.12166666666667,10799.999999991,10799.999999991,0.0,True,False
255160,2025-06-27 04:40:00,99.93831011094736,566.368093452381,466.4297833333333,10799.999999991,10799.999999991,0.0,True,False
255170,2025-06-27 04:50:00,105.64202142047091,570.9185214285712,465.2765,10799.999999991,10799.999999991,0.0,True,False
255180,2025-06-27 05:00:00,109.3605059442805,572.4038392857142,463.04333333333335,10799.999999991,10799.999999991,0.0,True,False
255190,2025-06-27 05:10:00,108.7827029680901,546.9019863095237,438.1192833333333,10799.999999991,10799.999999991,0.0,True,False
255200,2025-06-27 05:20:00,96.00244106332828,524.2359910714285,428.23355,10799.999999991,10799.999999991,0.0,True,False
255210,2025-06-27 05:30:00,54.76380951570909,498.4038095238094,443.64,10799.999999991,10799.999999991,0.0,True,False
255220,2025-06-27 05:40:00,825.4042023728523,1281.6506357142857,456.2464333333333,10799.999999991,10799.999999991,0.0,True,False
255910,2025-06-27 17:10:00,59.69235832433262,620.171075,560.4787166666666,10799.99999999,10799.99999999,0.0,True,False
255920,2025-06-27 17:20:00,124.99627261004693,663.8900226190476,538.89375,10799.99999999,10799.99999999,0.0,True,False
255930,2025-06-27 17:30:00,200.8246428481422,719.3896428571428,518.5649999999999,10799.99999999,10799.99999999,0.0,True,False
255940,2025-06-27 17:40:00,236.67889641957078,774.9854964285714,538.3065999999999,10799.99999999,10799.99999999,0.0,True,False
255950,2025-06-27 17:50:00,138.32318927671375,715.8523392857144,577.52915,10799.99999999,10799.99999999,0.0,True,False
255960,2025-06-27 18:00:00,12.154360110046758,600.0393601190475,587.885,10799.99999999,10799.99999999,0.0,True,False
255970,2025-06-27 18:10:00,70.81513094338021,615.1070476190475,544.2919166666666,10799.99999999,10799.99999999,0.0,True,False
255980,2025-06-27 18:20:00,118.80709880052314,675.3643821428572,556.5572833333333,10799.99999999,10799.99999999,0.0,True,False
255990,2025-06-27 18:30:00,109.13333332433258,713.61,604.4766666666667,10799.99999999,10799.99999999,0.0,True,False
256000,2025-06-27 18:40:00,180.5657196338565,746.6632363095238,566.0975166666666,10799.99999999,10799.99999999,0.0,True,False
256200,2025-06-27 22:00:00,150.45416667666677,1468.2191666666668,484.4316666666667,5021.369635364567,5771.369635354567,749.99999999,False,True
256210,2025-06-27 22:10:00,120.86208334333342,1454.7008,500.50538333333327,5771.369635354567,6521.369635345567,749.999999991,False,True
256230,2025-06-27 22:30:00,138.24815477190475,1463.4131547619047,491.8316666666666,6634.82023944371,7384.82023943371,749.99999999,False,True
256240,2025-06-27 22:40:00,108.64872977190463,1468.384413095238,526.40235,7384.82023943371,8134.8202394237105,749.99999999,False,True
256250,2025-06-27 22:50:00,109.13344822428563,1470.9020982142856,528.4353166666666,8134.8202394237105,8884.82023941371,749.99999999,False,True
256260,2025-06-27 23:00:00,130.94952381952396,1468.2878571428573,504.005,8884.82023941371,9634.82023940471,749.999999991,False,True
256280,2025-06-27 23:20:00,402.841756084597,1469.4771607142857,536.1095499999999,10322.52673082428,10799.999999991,477.47326916671983,True,False
256290,2025-06-27 23:30:00,973.096964277614,1463.553630952381,490.4566666666666,10799.999999991,10799.999999991,0.0,True,False
256300,2025-06-27 23:40:00,956.6334618966617,1464.9932785714286,508.35981666666663,10799.999999991,10799.999999991,0.0,True,False
256310,2025-06-27 23:50:00,110.98970892047109,632.0298755952381,521.0401666666667,10799.999999991,10799.999999991,0.0,True,False
256320,2025-06-28 00:00:00,136.19904761094742,630.1290476190477,493.92999999999995,10799.999999991,10799.999999991,0.0,True,False
256330,2025-06-28 00:10:00,163.39574522999467,633.0819119047617,469.6861666666667,10799.999999991,10799.999999991,0.0,True,False
256340,2025-06-28 00:20:00,151.6344196347567,632.2346029761903,480.6001833333333,10799.999999991,10799.999999991,0.0,True,False
256350,2025-06-28 00:30:00,121.00386903951878,626.9472023809524,505.94333333333327,10799.999999991,10799.999999991,0.0,True,False
256360,2025-06-28 00:40:00,124.2708827299949,624.7359994047619,500.46511666666663,10799.999999991,10799.999999991,0.0,True,False
256370,2025-06-28 00:50:00,102.7825422538044,617.994775595238,515.2122333333333,10799.999999991,10799.999999991,0.0,True,False
256380,2025-06-28 01:00:00,71.23940475380468,609.5827380952383,538.3433333333332,10799.999999991,10799.999999991,0.0,True,False
256390,2025-06-28 01:10:00,106.93081487285198,611.205231547619,504.27441666666664,10799.999999991,10799.999999991,0.0,True,False
256400,2025-06-28 01:20:00,133.93991308713768,612.9017797619047,478.96186666666665,10799.999999991,10799.999999991,0.0,True,False
256410,2025-06-28 01:30:00,127.53101189666157,609.7293452380952,482.1983333333333,10799.999999991,10799.999999991,0.0,True,False
256420,2025-06-28 01:40:00,133.89046011094726,606.7159267857143,472.82546666666667,10799.999999991,10799.999999991,0.0,True,False
256430,2025-06-28 01:50:00,122.97201427761397,606.171630952381,483.19961666666666,10799.999999991,10799.999999991,0.0,True,False
256440,2025-06-28 02:00:00,101.28892856332808,604.2755952380951,502.9866666666667,10799.999999991,10799.999999991,0.0,True,False
256450,2025-06-28 02:10:00,113.05224165856632,595.8415583333333,482.78931666666665,10799.999999991,10799.999999991,0.0,True,False
256460,2025-06-28 02:20:00,128.24818392047095,590.9799839285713,462.7318,10799.999999991,10799.999999991,0.0,True,False
256470,2025-06-28 02:30:00,130.3701190395188,590.4417857142857,460.0716666666666,10799.999999991,10799.999999991,0.0,True,False
256480,2025-06-28 02:40:00,136.12694165856638,585.8377916666667,449.71085,10799.999999991,10799.999999991,0.0,True,False
256490,2025-06-28 02:50:00,162.1779482061854,584.6798982142857,422.50194999999997,10799.999999991,10799.999999991,0.0,True,False
256500,2025-06-28 03:00:00,175.44767856332808,587.044345238095,411.59666666666664,10799.999999991,10799.999999991,0.0,True,False
256510,2025-06-28 03:10:00,127.47719225380433,584.5603422619047,457.08315,10799.999999991,10799.999999991,0.0,True,False
256520,2025-06-28 03:20:00,101.37094165856624,581.0940249999999,479.7230833333333,10799.999999991,10799.999999991,0.0,True,False
256530,2025-06-28 03:30:00,114.53827380142351,579.0899404761905,464.5516666666666,10799.999999991,10799.999999991,0.0,True,False
256540,2025-06-28 03:40:00,106.29822915856637,576.8293958333334,470.53116666666665,10799.999999991,10799.999999991,0.0,True,False
256550,2025-06-28 03:50:00,98.70937618237579,574.3749428571427,475.6655666666666,10799.999999991,10799.999999991,0.0,True,False
256560,2025-06-28 04:00:00,103.08958332523295,571.9795833333333,468.89,10799.999999991,10799.999999991,0.0,True,False
256570,2025-06-28 04:10:00,106.50518332523296,569.7318166666666,463.2266333333333,10799.999999991,10799.999999991,0.0,True,False
256580,2025-06-28 04:20:00,127.10407558713777,568.4530089285714,441.3489333333333,10799.999999991,10799.999999991,0.0,True,False
256590,2025-06-28 04:30:00,141.26166665856633,567.9483333333333,426.6866666666666,10799.999999991,10799.999999991,0.0,True,False
256600,2025-06-28 04:40:00,101.30373868237588,567.4533220238095,466.14958333333334,10799.999999991,10799.999999991,0.0,True,False
256610,2025-06-28 04:50:00,64.31824046809001,571.2807904761903,506.96254999999996,10799.999999991,10799.999999991,0.0,True,False
256620,2025-06-28 05:00:00,74.21665177761383,572.0683184523808,497.8516666666667,10799.999999991,10799.999999991,0.0,True,False
256630,2025-06-28 05:10:00,106.90312737285203,546.4596607142856,439.5565333333333,10799.999999991,10799.999999991,0.0,True,False
256640,2025-06-28 05:20:00,96.55947320618526,524.2346898809523,427.67521666666664,10799.999999991,10799.999999991,0.0,True,False
256650,2025-06-28 05:30:00,39.8602083252329,499.03187499999996,459.1716666666667,10799.999999991,10799.999999991,0.0,True,False
256660,2025-06-28 05:40:00,1.3387047538044698,449.2254880952382,447.88678333333337,10799.999999991,10799.999999991,0.0,True,False
257340,2025-06-28 17:00:00,16.700431538618297,587.8004315476189,571.0999999999999,10799.99999999,10799.99999999,0.0,True,False
257350,2025-06-28 17:10:00,81.8144892767136,624.1660226190476,542.3515333333332,10799.99999999,10799.99999999,0.0,True,False
257360,2025-06-28 17:20:00,99.70226963385622,666.3271529761903,566.6248833333333,10799.99999999,10799.99999999,0.0,True,False
257370,2025-06-28 17:30:00,128.83888391957086,718.9888839285716,590.15,10799.99999999,10799.99999999,0.0,True,False
257380,2025-06-28 17:40:00,224.20559284814223,776.0204428571429,551.81485,10799.99999999,10799.99999999,0.0,True,False
257390,2025-06-28 17:50:00,195.39963987195168,719.5783732142856,524.1787333333333,10799.99999999,10799.99999999,0.0,True,False
257400,2025-06-28 18:00:00,65.1068005862372,604.2418005952379,539.135,10799.99999999,10799.99999999,0.0,True,False
257410,2025-06-28 18:10:00,56.9922083243327,617.2044583333334,560.2122499999999,10799.99999999,10799.99999999,0.0,True,False
257420,2025-06-28 18:20:00,101.99201784814234,677.4935845238097,575.5015666666666,10799.99999999,10799.99999999,0.0,True,False
257430,2025-06-28 18:30:00,140.54622022909462,717.3862202380952,576.8399999999999,10799.99999999,10799.99999999,0.0,True,False
257440,2025-06-28 18:40:00,185.3508398719516,748.9510565476189,563.6002166666666,10799.99999999,10799.99999999,0.0,True,False
257640,2025-06-28 22:00:00,97.25845239095268,1469.1951190476193,538.6033333333332,5190.07035142938,5940.07035141938,749.99999999,False,True
257650,2025-06-28 22:10:00,80.50119167666683,1456.1243250000002,542.2898,5940.07035141938,6690.07035141038,749.999999991,False,True
257670,2025-06-28 22:30:00,139.26297620047615,1465.3646428571428,492.7683333333333,6781.760171044237,7531.760171034237,749.99999999,False,True
257680,2025-06-28 22:40:00,158.97448036714286,1470.6792303571428,478.3714166666667,7531.760171034237,8281.760171024236,749.99999999,False,True
257690,2025-06-28 22:50:00,118.67142858142846,1473.1759785714285,521.1712166666666,8281.760171024236,9031.760171014235,749.99999999,False,True
257700,2025-06-28 23:00:00,84.27113096238098,1470.5827976190476,552.9783333333332,9031.760171014235,9781.760171005235,749.999999991,False,True
257720,2025-06-28 23:20:00,675.7772950599123,1473.90505,490.40546666666665,10523.04994054492,10799.999999991,276.9500594460791,True,False
257730,2025-06-28 23:30:00,913.925595229995,1467.7505952380952,553.8249999999999,10799.999999991,10799.999999991,0.0,True,False
257740,2025-06-28 23:40:00,968.6520243966614,1468.6805910714284,500.0285666666667,10799.999999991,10799.999999991,0.0,True,False
257750,2025-06-28 23:50:00,89.76669761094726,635.5134309523809,545.7467333333333,10799.999999991,10799.999999991,0.0,True,False
259130,2025-06-29 22:50:00,3.836892271904836,1477.410942261905,640.2407166666667,4084.2652060375403,4834.26520602754,749.99999999,False,True
259140,2025-06-29 23:00:00,51.68964286714287,1474.1796428571429,589.1566666666666,4834.26520602754,5584.265206017541,749.99999999,False,True
260600,2025-06-30 23:20:00,0.8960190576188928,1473.8710857142855,639.6417333333333,5905.717287723772,6655.717287713772,749.99999999,False,True
264970,2025-07-04 00:10:00,29.536717867143118,1480.2903511904765,617.4203,7025.996551052059,7775.996551042059,749.99999999,False,True
264980,2025-07-04 00:20:00,42.425394652857214,1480.4363446428572,604.6776166666666,7775.996551042059,8525.996551032058,749.99999999,False,True
264990,2025-07-04 00:30:00,72.01208334333306,1475.3604166666664,570.015,8525.996551032058,9275.996551022057,749.99999999,False,True
265300,2025-07-04 05:40:00,388.7138344141329,1290.2684625,531.9047333333333,10467.31509471272,10799.99999999,332.68490527728034,True,False
266020,2025-07-04 17:40:00,79.32918570528486,783.6147357142855,704.2855500000001,10799.99999999,10799.99999999,0.0,True,False
266030,2025-07-04 17:50:00,31.8286285624279,725.114661904762,693.2860333333333,10799.99999999,10799.99999999,0.0,True,False
266060,2025-07-04 18:20:00,25.535799395761224,686.3529660714286,660.8171666666666,10799.99999999,10799.99999999,0.0,True,False
266070,2025-07-04 18:30:00,50.624494038618316,724.7261607142857,674.1016666666667,10799.99999999,10799.99999999,0.0,True,False
266080,2025-07-04 18:40:00,37.06096189576099,759.098445238095,722.0374833333333,10799.99999999,10799.99999999,0.0,True,False
266280,2025-07-04 22:00:00,42.4576785814288,1480.361011904762,604.5699999999999,2825.6201087904938,3575.620108780494,749.99999999,False,True
266290,2025-07-04 22:10:00,40.56953512904783,1469.2321184523812,595.32925,3575.620108780494,4325.620108770494,749.99999999,False,True
266320,2025-07-04 22:40:00,3.2616065576188396,1485.4932232142855,648.8982833333333,5054.067745002494,5804.067744992494,749.99999999,False,True
266330,2025-07-04 22:50:00,12.367305367142755,1489.1239053571428,643.4232666666667,5804.067744992494,6554.067744982494,749.99999999,False,True
266360,2025-07-04 23:20:00,25.66282739095231,1479.476694047619,620.4805333333334,7913.1302178216365,8663.130217811637,749.99999999,False,True
266370,2025-07-04 23:30:00,1.8975000099999226,1480.4258333333332,645.1949999999999,8663.130217811637,9413.130217801636,749.99999999,False,True
266380,2025-07-04 23:40:00,10.72018155761895,1479.0886982142856,635.0351833333333,9413.130217801636,10163.130217791635,749.99999999,False,True
266630,2025-07-05 03:50:00,2.910753497349588,591.9329696428572,545.5955666666666,10760.916015460043,10799.999999991,39.083984530956876,True,False
266640,2025-07-05 04:00:00,31.715714277613962,588.5590476190475,556.8433333333332,10799.999999991,10799.999999991,0.0,True,False
266650,2025-07-05 04:10:00,8.93000177761389,581.3652684523809,572.4352666666666,10799.999999991,10799.999999991,0.0,True,False
266680,2025-07-05 04:40:00,23.857655969424172,580.0109785714285,554.7538333333333,10798.740459649196,10799.999999991,1.2595403418039457,True,False
266690,2025-07-05 04:50:00,37.57354403951863,583.4437440476189,545.8702,10799.999999991,10799.999999991,0.0,True,False
266700,2025-07-05 05:00:00,24.08922618237589,583.3092261904762,559.22,10799.999999991,10799.999999991,0.0,True,False
266740,2025-07-05 05:40:00,492.4305924636754,1145.4607211145326,525.0847333333334,10684.849144204227,10799.999999989997,115.15085578577136,True,False
267450,2025-07-05 17:30:00,14.669702371951791,728.9630357142858,714.2933333333333,10799.99999999,10799.99999999,0.0,True,False
267460,2025-07-05 17:40:00,114.1612749909992,783.2578249999998,669.09655,10799.99999999,10799.99999999,0.0,True,False
267470,2025-07-05 17:50:00,41.41764522909458,725.0545119047621,683.6368666666667,10799.99999999,10799.99999999,0.0,True,False
267510,2025-07-05 18:30:00,24.42450891957062,725.4611755952379,701.0366666666666,10799.99999999,10799.99999999,0.0,True,False
267520,2025-07-05 18:40:00,64.50768808623722,761.8707547619045,697.3630666666666,10799.99999999,10799.99999999,0.0,True,False
267720,2025-07-05 22:00:00,57.236071438571564,1482.6894047619048,592.1199999999999,3242.877987785203,3992.877987775203,749.99999999,False,True
267730,2025-07-05 22:10:00,23.385897033809776,1470.8796803571431,614.16045,3992.877987775203,4742.877987765203,749.99999999,False,True
267750,2025-07-05 22:30:00,30.127142867142872,1485.337142857143,621.8766666666667,4746.678300970489,5496.678300960489,749.99999999,False,True
267760,2025-07-05 22:40:00,62.56551429571402,1491.709164285714,595.8103166666666,5496.678300960489,6246.678300950489,749.99999999,False,True
267770,2025-07-05 22:50:00,45.06138751000014,1494.2036708333335,615.80895,6246.678300950489,6996.678300940489,749.99999999,False,True
267780,2025-07-05 23:00:00,5.56779762904761,1487.2377976190476,648.3366666666666,6996.678300940489,7746.678300930489,749.99999999,False,True
267800,2025-07-05 23:20:00,12.963816081428597,1482.3919827380953,636.0948333333333,8365.168202222398,9115.168202212397,749.99999999,False,True
267820,2025-07-05 23:40:00,11.516697629047705,1482.5366642857143,637.6866333333332,9852.410166489111,10602.41016647911,749.99999999,False,True
275050,2025-07-11 00:10:00,78.39851310523828,1499.3307964285716,587.59895,7329.258493525602,8079.258493515602,749.99999999,False,True
275060,2025-07-11 00:20:00,57.81485060523823,1501.5675339285715,610.4193499999999,8079.258493515602,8829.258493506602,749.999999991,False,True
275070,2025-07-11 00:30:00,77.94423956583738,1501.6675728891707,590.39,8829.258493506602,9579.258493497602,749.999999991,False,True
275260,2025-07-11 03:40:00,10.607962989085856,606.0596154761904,563.2092666666666,10770.981852752606,10799.999999991,29.018147238394157,True,False
275270,2025-07-11 03:50:00,81.19014403951869,606.194844047619,525.0047,10799.999999991,10799.999999991,0.0,True,False
275280,2025-07-11 04:00:00,65.25845237285213,602.2534523809524,536.9949999999999,10799.999999991,10799.999999991,0.0,True,False
275290,2025-07-11 04:10:00,37.4257029680901,597.7120863095238,560.2863833333333,10799.999999991,10799.999999991,0.0,True,False
275300,2025-07-11 04:20:00,30.108070229994816,600.2252869047618,570.1172166666666,10799.999999991,10799.999999991,0.0,True,False
275310,2025-07-11 04:30:00,45.393333325232994,605.0266666666666,559.6333333333333,10799.999999991,10799.999999991,0.0,True,False
275320,2025-07-11 04:40:00,62.02569106332822,600.2556244047619,538.2299333333333,10799.999999991,10799.999999991,0.0,True,False
275330,2025-07-11 04:50:00,75.37394582523288,601.5412291666665,526.1672833333333,10799.999999991,10799.999999991,0.0,True,False
275340,2025-07-11 05:00:00,60.979032729994834,603.6190327380951,542.64,10799.999999991,10799.999999991,0.0,True,False
275380,2025-07-11 05:40:00,782.5283749349672,1306.3694005952382,502.27613333333335,10780.591596895756,10799.99999999,19.408403094243916,True,False
276070,2025-07-11 17:10:00,11.040073137283468,652.2020732142857,641.162,10799.999999914442,10799.999999914442,0.0,True,False
276080,2025-07-11 17:20:00,30.53077254204511,692.0251226190474,661.4943499999999,10799.999999914442,10799.999999914442,0.0,True,False
276090,2025-07-11 17:30:00,65.2484671849024,735.0318005952379,669.7833333333333,10799.999999914442,10799.999999914442,0.0,True,False
276100,2025-07-11 17:40:00,110.87812135156919,792.1039047619047,681.2257833333333,10799.999999914442,10799.999999914442,0.0,True,False
276110,2025-07-11 17:50:00,33.23173385156947,737.4562339285716,704.2244999999999,10799.999999914442,10799.999999914442,0.0,True,False
276140,2025-07-11 18:20:00,37.24779099442645,705.8949577380953,668.6471666666666,10799.999999914442,10799.999999914442,0.0,True,False
276150,2025-07-11 18:30:00,72.09105647061698,743.9143898809524,671.8233333333333,10799.999999914442,10799.999999914442,0.0,True,False
276160,2025-07-11 18:40:00,86.46949635156928,775.8677464285714,689.39825,10799.999999914442,10799.999999914442,0.0,True,False
276360,2025-07-11 22:00:00,48.9660119147619,1503.8643452380952,621.5649999999999,3593.641604210966,4343.641604200966,749.99999999,False,True
276370,2025-07-11 22:10:00,32.75421608142846,1497.0796327380951,630.9920833333333,4343.641604200966,5093.641604190966,749.99999999,False,True
276390,2025-07-11 22:30:00,56.89690477190481,1508.2752380952381,618.045,5135.986437574823,5885.986437564823,749.99999999,False,True
276400,2025-07-11 22:40:00,58.574219652856975,1515.5330863095237,623.6255333333334,5885.986437564823,6635.986437554823,749.99999999,False,True
276410,2025-07-11 22:50:00,42.864036319523386,1517.0831696428568,640.8858,6635.986437554823,7385.986437544823,749.99999999,False,True
276420,2025-07-11 23:00:00,29.554404771904835,1506.9327380952382,644.045,7385.986437544823,8135.986437534823,749.99999999,False,True
276440,2025-07-11 23:20:00,59.820244652857006,1502.670844642857,609.5172666666666,8780.840912347252,9530.840912337251,749.99999999,False,True
276450,2025-07-11 23:30:00,47.89607143857153,1500.8627380952382,619.6333333333333,9530.840912337251,10280.84091232725,749.99999999,False,True
276460,2025-07-11 23:40:00,297.6864668826594,1497.6011142857144,623.0712166666666,10280.84091232725,10799.99999999,519.1590876627496,True,False
276470,2025-07-11 23:50:00,18.740790467189846,665.3568904761905,646.6161,10799.99999999,10799.99999999,0.0,True,False
276480,2025-07-12 00:00:00,5.063809514808758,669.4888095238094,664.425,10799.99999999,10799.99999999,0.0,True,False
276490,2025-07-12 00:10:00,48.29254403861828,669.9159107142857,621.6233666666667,10799.99999999,10799.99999999,0.0,True,False
276500,2025-07-12 00:20:00,63.00198987195163,671.7621398809523,608.76015,10799.99999999,10799.99999999,0.0,True,False
276510,2025-07-12 00:30:00,32.46726189576109,671.7939285714284,639.3266666666666,10799.99999999,10799.99999999,0.0,True,False
276520,2025-07-12 00:40:00,23.341937490999364,661.3549208333334,638.0129833333333,10799.99999999,10799.99999999,0.0,True,False
276530,2025-07-12 00:50:00,26.255013681475454,655.0033970238095,628.7483833333333,10799.99999999,10799.99999999,0.0,True,False
276540,2025-07-12 01:00:00,42.82821427671352,655.6898809523809,612.8616666666667,10799.99999999,10799.99999999,0.0,True,False
276550,2025-07-12 01:10:00,81.46037796718971,652.1298279761904,570.66945,10799.99999999,10799.99999999,0.0,True,False
276560,2025-07-12 01:20:00,59.38897915766595,646.2655958333334,586.8766166666667,10799.99999999,10799.99999999,0.0,True,False
276570,2025-07-12 01:30:00,12.71017856242779,643.9835119047618,631.2733333333333,10799.99999999,10799.99999999,0.0,True,False
276580,2025-07-12 01:40:00,57.20469284814212,647.8240595238094,590.6193666666666,10799.99999999,10799.99999999,0.0,True,False
276590,2025-07-12 01:50:00,67.00502737195163,645.9030107142856,578.8979833333333,10799.99999999,10799.99999999,0.0,True,False
276600,2025-07-12 02:00:00,26.680654752904026,639.4873214285714,612.8066666666666,10799.99999999,10799.99999999,0.0,True,False
276610,2025-07-12 02:10:00,46.89384820528503,640.421431547619,593.5275833333333,10799.99999999,10799.99999999,0.0,True,False
276620,2025-07-12 02:20:00,57.09826011004689,636.5712267857142,579.4729666666666,10799.99999999,10799.99999999,0.0,True,False
276630,2025-07-12 02:30:00,31.861845229094435,626.9251785714284,595.0633333333333,10799.99999999,10799.99999999,0.0,True,False
276640,2025-07-12 02:40:00,27.25534820528501,624.0475148809523,596.7921666666666,10799.99999999,10799.99999999,0.0,True,False
276650,2025-07-12 02:50:00,54.3837386814756,625.6005386904762,571.2167999999999,10799.99999999,10799.99999999,0.0,True,False
276660,2025-07-12 03:00:00,72.66994046718966,625.3499404761903,552.68,10799.99999999,10799.99999999,0.0,True,False
276670,2025-07-12 03:10:00,34.96537975290403,619.516213095238,584.5508333333332,10799.99999999,10799.99999999,0.0,True,False
276680,2025-07-12 03:20:00,21.407278562427884,613.839011904762,592.4317333333333,10799.99999999,10799.99999999,0.0,True,False
276690,2025-07-12 03:30:00,50.31815475290396,611.291488095238,560.9733333333334,10799.99999999,10799.99999999,0.0,True,False
276700,2025-07-12 03:40:00,65.60927380052307,609.851107142857,544.2418333333333,10799.99999999,10799.99999999,0.0,True,False
276710,2025-07-12 03:50:00,87.18779701480875,608.1296970238095,520.9419,10799.99999999,10799.99999999,0.0,True,False
276720,2025-07-12 04:00:00,94.60958332433265,605.2995833333333,510.68999999999994,10799.99999999,10799.99999999,0.0,True,False
276730,2025-07-12 04:10:00,45.31453868147543,602.2066220238095,556.8920833333333,10799.99999999,10799.99999999,0.0,True,False
276740,2025-07-12 04:20:00,43.54511903861826,604.7447523809523,561.1996333333333,10799.99999999,10799.99999999,0.0,True,False
276750,2025-07-12 04:30:00,82.66035713385631,608.4336904761903,525.7733333333333,10799.99999999,10799.99999999,0.0,True,False
276760,2025-07-12 04:40:00,58.0345345148088,602.9700511904762,544.9355166666667,10799.99999999,10799.99999999,0.0,True,False
276770,2025-07-12 04:50:00,63.54608749099916,603.6003208333332,540.0542333333333,10799.99999999,10799.99999999,0.0,True,False
276780,2025-07-12 05:00:00,107.65046130052323,605.9654613095239,498.31499999999994,10799.99999999,10799.99999999,0.0,True,False
276790,2025-07-12 05:10:00,80.74439641957062,577.0117130952381,496.26731666666666,10799.99999999,10799.99999999,0.0,True,False
276800,2025-07-12 05:20:00,21.09753570528496,546.5268023809523,525.4292666666666,10799.99999999,10799.99999999,0.0,True,False
277530,2025-07-12 17:30:00,70.5035267087105,732.9601934523808,662.4566666666666,10799.99999991444,10799.99999991444,0.0,True,False
277540,2025-07-12 17:40:00,84.6626362325201,790.8698696428572,706.2072333333333,10799.99999991444,10799.99999991444,0.0,True,False
277550,2025-07-12 17:50:00,14.888676708710586,739.4766101190478,724.5879333333334,10799.99999991444,10799.99999991444,0.0,True,False
277580,2025-07-12 18:20:00,19.734816589663033,708.7320833333333,688.9972666666665,10799.99999991444,10799.99999991444,0.0,True,False
277590,2025-07-12 18:30:00,57.02017849442486,746.6835119047619,689.6633333333332,10799.99999991444,10799.99999991444,0.0,True,False
277600,2025-07-12 18:40:00,75.91080647061514,778.7653732142855,702.8545666666666,10799.99999991444,10799.99999991444,0.0,True,False
277810,2025-07-12 22:10:00,17.77412143857145,1500.9544547619048,649.847,4403.195976060431,5153.195976050431,749.99999999,False,True
277830,2025-07-12 22:30:00,43.103809533809674,1511.2738095238096,634.8366666666666,5201.303661041431,5951.303661031431,749.99999999,False,True
277840,2025-07-12 22:40:00,83.42408572428563,1518.9774023809523,602.2199833333333,5951.303661031431,6701.303661021431,749.99999999,False,True
277850,2025-07-12 22:50:00,79.89111548619029,1521.6572154761902,608.4327666666666,6701.303661021431,7451.303661011431,749.99999999,False,True
277860,2025-07-12 23:00:00,40.39273810523809,1512.4210714285714,638.6949999999999,7451.303661011431,8201.303661001431,749.99999999,False,True
277880,2025-07-12 23:20:00,55.26614108142871,1505.639924404762,617.04045,8863.62631209718,9613.626312087179,749.99999999,False,True
277890,2025-07-12 23:30:00,3.5338690576188503,1502.9722023809522,666.105,9613.626312087179,10363.626312077178,749.99999999,False,True
277900,2025-07-12 23:40:00,377.1911437873411,1501.7311136904764,639.6803166666666,10363.626312077178,10799.99999999,436.37368791282177,True,False
277910,2025-07-12 23:50:00,3.56815237195176,671.1944690476191,667.6263166666666,10799.99999999,10799.99999999,0.0,True,False
282150,2025-07-15 22:30:00,1.068690486190568,1522.6353571428572,688.2333333333332,2500.683165645756,3250.6831656357563,749.99999999,False,True
285130,2025-07-18 00:10:00,128.0862887004762,1525.1094886904762,563.6898666666666,7578.406163843065,8328.406163833064,749.99999999,False,True
285140,2025-07-18 00:20:00,90.23384584333313,1523.3902791666665,599.8231,8328.406163833064,9078.406163824064,749.999999991,False,True
285150,2025-07-18 00:30:00,94.83411416198611,1521.4957808186527,593.3283333333333,9078.406163824064,9828.406163815063,749.999999991,False,True
285250,2025-07-18 02:10:00,51.41405536976135,661.1507124999999,577.1519999999999,10770.673808573785,10799.999999991,29.326191417214794,True,False
285260,2025-07-18 02:20:00,54.74611487285197,655.939281547619,601.1931666666667,10799.999999991,10799.999999991,0.0,True,False
285270,2025-07-18 02:30:00,40.31089284904258,647.9675595238095,607.6566666666666,10799.999999991,10799.999999991,0.0,True,False
285280,2025-07-18 02:40:00,88.47827499189972,641.9649083333334,553.4866333333333,10799.999999991,10799.999999991,0.0,True,False
285290,2025-07-18 02:50:00,93.03902261094717,643.2667726190475,550.22775,10799.999999991,10799.999999991,0.0,True,False
285300,2025-07-18 03:00:00,61.99535713475675,645.8303571428571,583.835,10799.999999991,10799.999999991,0.0,True,False
285310,2025-07-18 03:10:00,102.89511189666152,638.5224785714285,535.6273666666666,10799.999999991,10799.999999991,0.0,True,False
285320,2025-07-18 03:20:00,114.28770177761405,634.9309017857144,520.6432,10799.999999991,10799.999999991,0.0,True,False
285330,2025-07-18 03:30:00,77.38029761094728,636.8036309523809,559.4233333333333,10799.999999991,10799.999999991,0.0,True,False
285340,2025-07-18 03:40:00,80.70231487285204,632.275181547619,551.5728666666666,10799.999999991,10799.999999991,0.0,True,False
285350,2025-07-18 03:50:00,97.3041136823758,627.3347803571428,530.0306666666667,10799.999999991,10799.999999991,0.0,True,False
285360,2025-07-18 04:00:00,105.86184522999505,625.968511904762,520.1066666666666,10799.999999991,10799.999999991,0.0,True,False
285370,2025-07-18 04:10:00,111.11927082523292,625.6973375,514.5780666666667,10799.999999991,10799.999999991,0.0,True,False
285380,2025-07-18 04:20:00,81.77233868237576,625.1318386904761,543.3595,10799.999999991,10799.999999991,0.0,True,False
285390,2025-07-18 04:30:00,55.19398808713786,624.3589880952381,569.165,10799.999999991,10799.999999991,0.0,True,False
285400,2025-07-18 04:40:00,103.34412677761392,623.7238101190476,520.3796833333333,10799.999999991,10799.999999991,0.0,True,False
285410,2025-07-18 04:50:00,132.09016725380437,623.182950595238,491.09278333333333,10799.999999991,10799.999999991,0.0,True,False
285420,2025-07-18 05:00:00,109.60660713475684,618.1766071428572,508.57,10799.999999991,10799.999999991,0.0,True,False
285430,2025-07-18 05:10:00,81.94894522999496,591.5821452380952,509.6332,10799.999999991,10799.999999991,0.0,True,False
285440,2025-07-18 05:20:00,58.87909403951879,564.0683773809524,505.18928333333326,10799.999999991,10799.999999991,0.0,True,False
285450,2025-07-18 05:30:00,17.189464277613958,531.2111309523809,514.0216666666666,10799.999999991,10799.999999991,0.0,True,False
285460,2025-07-18 05:40:00,780.2207208252329,1315.7725541666666,535.5518333333333,10799.999999991,10799.999999991,0.0,True,False
286160,2025-07-18 17:20:00,23.522877371951644,705.5513940476189,682.0285166666666,10799.99999999,10799.99999999,0.0,True,False
286170,2025-07-18 17:30:00,100.68404761004709,752.6807142857144,651.9966666666667,10799.99999999,10799.99999999,0.0,True,False
286180,2025-07-18 17:40:00,136.4578101100466,809.6829101190474,673.2251,10799.99999999,10799.99999999,0.0,True,False
286190,2025-07-18 17:50:00,49.47661903861829,757.048569047619,707.57195,10799.99999999,10799.99999999,0.0,True,False
286220,2025-07-18 18:20:00,53.32160177671343,732.2425017857141,678.9209,10799.99999999,10799.99999999,0.0,True,False
286230,2025-07-18 18:30:00,93.75672618147549,767.1817261904762,673.425,10799.99999999,10799.99999999,0.0,True,False
286240,2025-07-18 18:40:00,130.67720534814228,798.669105357143,667.9919,10799.99999999,10799.99999999,0.0,True,False
286440,2025-07-18 22:00:00,83.25994048619042,1532.516607142857,615.9233333333333,4453.3371688830875,5203.337168873088,749.99999999,False,True
286450,2025-07-18 22:10:00,49.78825239095237,1526.4197357142857,643.29815,5203.337168873088,5953.337168863088,749.99999999,False,True
286470,2025-07-18 22:30:00,61.70714286714291,1532.5838095238096,637.5433333333333,5992.963929925516,6742.963929915516,749.99999999,False,True
286480,2025-07-18 22:40:00,77.55250893857122,1535.5375422619045,624.6516999999999,6742.963929915516,7492.963929905516,749.99999999,False,True
286490,2025-07-18 22:50:00,59.46845893857152,1538.8174755952382,646.0156833333333,7492.963929905516,8242.963929895515,749.99999999,False,True
286500,2025-07-18 23:00:00,31.86565477190492,1532.540654761905,667.3416666666667,8242.963929895515,8992.963929886515,749.999999991,False,True
286520,2025-07-18 23:20:00,73.41663572428557,1523.0691023809522,616.3191333333333,9639.226749877515,10389.226749867514,749.99999999,False,True
286530,2025-07-18 23:30:00,443.42807525961837,1527.1027976190476,627.26,10389.226749867514,10799.999999991,410.77325012348626,True,False
286540,2025-07-18 23:40:00,881.9588059442805,1528.0790226190475,646.1202166666667,10799.999999991,10799.999999991,0.0,True,False
286550,2025-07-18 23:50:00,74.13916844428067,693.1973351190477,619.0581666666667,10799.999999991,10799.999999991,0.0,True,False
286560,2025-07-19 00:00:00,115.37196427761407,692.0269642857144,576.655,10799.999999991,10799.999999991,0.0,True,False
286570,2025-07-19 00:10:00,94.21562261094718,693.1654726190475,598.94985,10799.999999991,10799.999999991,0.0,True,False
286580,2025-07-19 00:20:00,88.58007082523292,694.6353708333332,606.0553,10799.999999991,10799.999999991,0.0,True,False
286590,2025-07-19 00:30:00,98.49708332523309,693.3887500000001,594.8916666666667,10799.999999991,10799.999999991,0.0,True,False
286600,2025-07-19 00:40:00,55.16157380142361,687.9598071428572,632.7982333333333,10799.999999991,10799.999999991,0.0,True,False
286610,2025-07-19 00:50:00,77.38196070618537,683.329244047619,605.9472833333333,10799.999999991,10799.999999991,0.0,True,False
286620,2025-07-19 01:00:00,137.4701785633283,680.2901785714286,542.8199999999999,10799.999999991,10799.999999991,0.0,True,False
286630,2025-07-19 01:10:00,82.69235713475686,675.2455738095239,592.5532166666667,10799.999999991,10799.999999991,0.0,True,False
286640,2025-07-19 01:20:00,33.50904165856637,670.238325,636.7292833333333,10799.999999991,10799.999999991,0.0,True,False
286650,2025-07-19 01:30:00,57.896904753804485,668.7752380952381,610.8783333333333,10799.999999991,10799.999999991,0.0,True,False
286660,2025-07-19 01:40:00,101.67601249189963,672.1533125,570.4773,10799.999999991,10799.999999991,0.0,True,False
286670,2025-07-19 01:50:00,116.30814106332818,673.1786577380951,556.8705166666666,10799.999999991,10799.999999991,0.0,True,False
286680,2025-07-19 02:00:00,114.70994046809014,669.566607142857,554.8566666666666,10799.999999991,10799.999999991,0.0,True,False
286690,2025-07-19 02:10:00,134.17103034904252,665.1903470238094,531.0193166666666,10799.999999991,10799.999999991,0.0,True,False
286700,2025-07-19 02:20:00,82.41218034904247,660.3894803571428,577.9773,10799.999999991,10799.999999991,0.0,True,False
286710,2025-07-19 02:30:00,9.608630944280753,653.6869642857143,644.0783333333333,10799.999999991,10799.999999991,0.0,True,False
286720,2025-07-19 02:40:00,62.40510118237601,645.5417011904763,583.1365999999999,10799.999999991,10799.999999991,0.0,True,False
286730,2025-07-19 02:50:00,80.9393047538043,646.7193047619046,565.78,10799.999999991,10799.999999991,0.0,True,False
286740,2025-07-19 03:00:00,44.79708332523294,650.9854166666665,606.1883333333333,10799.999999991,10799.999999991,0.0,True,False
286750,2025-07-19 03:10:00,89.44934701570921,641.6161636904761,552.1668166666666,10799.999999991,10799.999999991,0.0,True,False
286760,2025-07-19 03:20:00,107.84837975380455,637.1848797619048,529.3364999999999,10799.999999991,10799.999999991,0.0,True,False
286770,2025-07-19 03:30:00,65.3377380871377,640.4894047619047,575.1516666666666,10799.999999991,10799.999999991,0.0,True,False
286780,2025-07-19 03:40:00,48.045609515709145,635.4714595238095,587.42585,10799.999999991,10799.999999991,0.0,True,False
286790,2025-07-19 03:50:00,81.04647677761406,629.5573267857143,548.5108499999999,10799.999999991,10799.999999991,0.0,True,False
286800,2025-07-19 04:00:00,114.79642856332825,627.9330952380952,513.1366666666667,10799.999999991,10799.999999991,0.0,True,False
286810,2025-07-19 04:10:00,78.89925892047091,627.8305089285712,548.93125,10799.999999991,10799.999999991,0.0,True,False
286820,2025-07-19 04:20:00,48.10304761094742,628.3930476190477,580.29,10799.999999991,10799.999999991,0.0,True,False
286830,2025-07-19 04:30:00,62.52630951570925,628.4663095238095,565.9399999999999,10799.999999991,10799.999999991,0.0,True,False
286840,2025-07-19 04:40:00,89.69918392047107,626.4180839285714,536.7189,10799.999999991,10799.999999991,0.0,True,False
286850,2025-07-19 04:50:00,97.3472136823759,625.0838970238095,527.7366833333333,10799.999999991,10799.999999991,0.0,True,False
286860,2025-07-19 05:00:00,79.27308034904249,620.9980803571427,541.7249999999999,10799.999999991,10799.999999991,0.0,True,False
286870,2025-07-19 05:10:00,40.401497015709175,595.3847636904761,554.9832666666666,10799.999999991,10799.999999991,0.0,True,False
287600,2025-07-19 17:20:00,5.493750586237558,708.6004505952382,703.1066999999999,10799.99999999,10799.99999999,0.0,True,False
287610,2025-07-19 17:30:00,24.87178570528514,754.9867857142857,730.1149999999999,10799.99999999,10799.99999999,0.0,True,False
287620,2025-07-19 17:40:00,92.41950653861832,813.6940732142857,721.2745666666666,10799.99999999,10799.99999999,0.0,True,False
287630,2025-07-19 17:50:00,60.98828451480862,762.5299178571427,701.5416333333333,10799.99999999,10799.99999999,0.0,True,False
287660,2025-07-19 18:20:00,48.37055237195185,735.0678690476192,686.6973166666667,10799.99999999,10799.99999999,0.0,True,False
287670,2025-07-19 18:30:00,117.37377975290394,771.4204464285713,654.0466666666666,10799.99999999,10799.99999999,0.0,True,False
287680,2025-07-19 18:40:00,112.70784284814218,803.2218261904761,690.5139833333333,10799.99999999,10799.99999999,0.0,True,False
287880,2025-07-19 22:00:00,54.99392858142868,1535.802261904762,647.4749999999999,4168.015335179382,4918.0153351693825,749.99999999,False,True
287890,2025-07-19 22:10:00,92.53001072428582,1531.7263107142858,605.8629666666666,4918.0153351693825,5668.015335159383,749.99999999,False,True
287910,2025-07-19 22:30:00,84.62392858142856,1537.0605952380952,619.1033333333332,5766.057847650382,6516.0578476403825,749.99999999,False,True
287920,2025-07-19 22:40:00,97.25048691476194,1539.626336904762,609.0425166666666,6516.0578476403825,7266.057847630383,749.99999999,False,True
287930,2025-07-19 22:50:00,112.19675358142852,1542.9136702380952,597.3835833333333,7266.057847630383,8016.057847620383,749.99999999,False,True
287940,2025-07-19 23:00:00,111.88494048619042,1536.6549404761904,591.4366666666666,8016.057847620383,8766.057847610382,749.99999999,False,True
287960,2025-07-19 23:20:00,88.92826965285722,1526.6696363095239,604.4080333333333,9468.106408660838,10218.106408650838,749.99999999,False,True
287970,2025-07-19 23:30:00,240.60573184426414,1529.7658333333334,642.6116666666667,10218.106408650838,10799.999999991,581.8935913401623,True,False
287980,2025-07-19 23:40:00,878.101594039519,1531.8883440476193,653.78675,10799.999999991,10799.999999991,0.0,True,False
295210,2025-07-25 00:10:00,126.62040239095221,1545.6253023809522,585.6715666666666,8111.875328406285,8861.875328396285,749.99999999,False,True
295220,2025-07-25 00:20:00,94.16690239095236,1544.680169047619,617.1799333333333,8861.875328396285,9611.875328387285,749.999999991,False,True
295290,2025-07-25 01:30:00,9.659383406547427,683.074107142857,573.1983333333333,10709.805248628321,10799.999999991,90.19475136267866,True,False
295300,2025-07-25 01:40:00,106.98855415856642,685.2302041666667,578.2416499999999,10799.999999991,10799.999999991,0.0,True,False
295310,2025-07-25 01:50:00,126.30984701570921,690.8343636904762,564.5245166666666,10799.999999991,10799.999999991,0.0,True,False
295320,2025-07-25 02:00:00,144.69113094428073,691.366130952381,546.675,10799.999999991,10799.999999991,0.0,True,False
295330,2025-07-25 02:10:00,119.00336546808998,685.5805154761903,566.57715,10799.999999991,10799.999999991,0.0,True,False
295340,2025-07-25 02:20:00,101.42906784904253,681.8566011904761,580.4275333333333,10799.999999991,10799.999999991,0.0,True,False
295350,2025-07-25 02:30:00,99.44559522999495,678.2989285714285,578.8533333333332,10799.999999991,10799.999999991,0.0,True,False
295360,2025-07-25 02:40:00,77.94416011094731,666.7670601190475,588.8228999999999,10799.999999991,10799.999999991,0.0,True,False
295370,2025-07-25 02:50:00,102.31996070618536,663.6151607142857,561.2952,10799.999999991,10799.999999991,0.0,True,False
295380,2025-07-25 03:00:00,144.58904761094718,667.8057142857142,523.2166666666667,10799.999999991,10799.999999991,0.0,True,False
295390,2025-07-25 03:10:00,107.72324582523308,661.8285958333333,554.1053499999999,10799.999999991,10799.999999991,0.0,True,False
295400,2025-07-25 03:20:00,89.48372439666159,656.3863910714285,566.9026666666666,10799.999999991,10799.999999991,0.0,True,False
295410,2025-07-25 03:30:00,99.10648808713776,657.7881547619047,558.6816666666666,10799.999999991,10799.999999991,0.0,True,False
295420,2025-07-25 03:40:00,59.116248801423524,659.8705154761905,600.7542666666666,10799.999999991,10799.999999991,0.0,True,False
295430,2025-07-25 03:50:00,90.17401606332814,654.0424327380952,563.8684166666667,10799.999999991,10799.999999991,0.0,True,False
295440,2025-07-25 04:00:00,155.46244046809008,645.3391071428571,489.87666666666667,10799.999999991,10799.999999991,0.0,True,False
295450,2025-07-25 04:10:00,96.42745237285212,646.8061357142858,550.3786833333334,10799.999999991,10799.999999991,0.0,True,False
295460,2025-07-25 04:20:00,90.82377142047105,647.9427547619047,557.1189833333333,10799.999999991,10799.999999991,0.0,True,False
295470,2025-07-25 04:30:00,150.7900595157092,646.6950595238095,495.905,10799.999999991,10799.999999991,0.0,True,False
295480,2025-07-25 04:40:00,109.69234165856656,650.1078083333334,540.4154666666666,10799.999999991,10799.999999991,0.0,True,False
295490,2025-07-25 04:50:00,89.0089803490425,647.0085136904761,557.9995333333333,10799.999999991,10799.999999991,0.0,True,False
295500,2025-07-25 05:00:00,115.94145832523301,636.2297916666666,520.2883333333333,10799.999999991,10799.999999991,0.0,True,False
295510,2025-07-25 05:10:00,82.46427558713782,617.2977255952381,534.83345,10799.999999991,10799.999999991,0.0,True,False
295520,2025-07-25 05:20:00,69.51913094428059,592.6004976190475,523.0813666666666,10799.999999991,10799.999999991,0.0,True,False
295530,2025-07-25 05:30:00,72.50906249189958,552.9207291666665,480.41166666666663,10799.999999991,10799.999999991,0.0,True,False
295540,2025-07-25 05:40:00,841.5620124918997,1334.4386458333333,492.8766333333333,10799.999999991,10799.999999991,0.0,True,False
296230,2025-07-25 17:10:00,39.355650586237665,685.7248505952384,646.3692,10799.99999999,10799.99999999,0.0,True,False
296240,2025-07-25 17:20:00,55.75894761004694,727.0789142857143,671.3199666666667,10799.99999999,10799.99999999,0.0,True,False
296250,2025-07-25 17:30:00,99.49522320528521,769.1868898809525,669.6916666666666,10799.99999999,10799.99999999,0.0,True,False
296260,2025-07-25 17:40:00,185.0681755862375,834.1128922619048,649.0447166666667,10799.99999999,10799.99999999,0.0,True,False
296270,2025-07-25 17:50:00,113.8571589195706,790.7651089285714,676.90795,10799.99999999,10799.99999999,0.0,True,False
296290,2025-07-25 18:10:00,0.42261546718976317,700.7369821428571,700.3143666666666,10799.99999999,10799.99999999,0.0,True,False
296300,2025-07-25 18:20:00,66.95357022909431,760.1767369047617,693.2231666666667,10799.99999999,10799.99999999,0.0,True,False
296310,2025-07-25 18:30:00,73.70617558623731,795.2078422619047,721.5016666666667,10799.99999999,10799.99999999,0.0,True,False
296320,2025-07-25 18:40:00,116.02705415766602,824.4152708333335,708.3882166666667,10799.99999999,10799.99999999,0.0,True,False
296520,2025-07-25 22:00:00,103.8155357242856,1559.6155357142857,622.4666666666667,5004.606511105306,5754.606511095306,749.99999999,False,True
296530,2025-07-25 22:10:00,109.02395655761914,1550.0944398809525,607.7371499999999,5754.606511095306,6504.6065110863055,749.999999991,False,True
296550,2025-07-25 22:30:00,123.29422620047602,1561.2325595238094,604.605,6619.354813398734,7369.354813388734,749.9999999899999,False,True
296560,2025-07-25 22:40:00,107.57011786714314,1557.836567857143,616.9331166666666,7369.354813388734,8119.354813379734,749.999999991,False,True
296570,2025-07-25 22:50:00,113.31512679571436,1557.6003101190477,610.9518499999999,8119.354813379734,8869.354813369733,749.99999999,False,True
296580,2025-07-25 23:00:00,123.77494048619018,1554.4732738095236,597.365,8869.354813369733,9619.354813360733,749.999999991,False,True
296600,2025-07-25 23:20:00,350.080555475775,1546.1495309523807,615.8928333333333,10277.841472062055,10799.999999991,522.1585279289451,True,False
296610,2025-07-25 23:30:00,956.2790476109475,1551.967380952381,595.6883333333333,10799.999999991,10799.999999991,0.0,True,False
296620,2025-07-25 23:40:00,935.4122422538045,1554.0077922619048,618.59555,10799.999999991,10799.999999991,0.0,True,False
296630,2025-07-25 23:50:00,81.35542618237591,719.8222595238095,638.4668333333333,10799.999999991,10799.999999991,0.0,True,False
296640,2025-07-26 00:00:00,96.30154761094738,717.464880952381,621.1633333333333,10799.999999991,10799.999999991,0.0,True,False
296650,2025-07-26 00:10:00,133.11675475380432,713.738588095238,580.6218333333334,10799.999999991,10799.999999991,0.0,True,False
296660,2025-07-26 00:20:00,151.85907677761392,713.4592434523809,561.6001666666666,10799.999999991,10799.999999991,0.0,True,False
296670,2025-07-26 00:30:00,147.15708332523306,715.9820833333333,568.8249999999999,10799.999999991,10799.999999991,0.0,True,False
296680,2025-07-26 00:40:00,141.36927022999484,715.3477535714285,573.9784833333333,10799.999999991,10799.999999991,0.0,True,False
296690,2025-07-26 00:50:00,107.92179582523303,711.0800624999999,603.1582666666666,10799.999999991,10799.999999991,0.0,True,False
296700,2025-07-26 01:00:00,69.22440475380446,706.6444047619048,637.42,10799.999999991,10799.999999991,0.0,True,False
296710,2025-07-26 01:10:00,79.8970154680903,704.8208488095239,624.9238333333333,10799.999999991,10799.999999991,0.0,True,False
296720,2025-07-26 01:20:00,80.87257558713767,696.4095255952379,615.5369499999999,10799.999999991,10799.999999991,0.0,True,False
296730,2025-07-26 01:30:00,77.83113094428049,686.2927976190474,608.4616666666666,10799.999999991,10799.999999991,0.0,True,False
296740,2025-07-26 01:40:00,132.42013511094737,689.6475017857143,557.2273666666666,10799.999999991,10799.999999991,0.0,True,False
296750,2025-07-26 01:50:00,159.01785415856634,694.8538874999999,535.8360333333333,10799.999999991,10799.999999991,0.0,True,False
296760,2025-07-26 02:00:00,130.7667261823759,693.5100595238096,562.7433333333333,10799.999999991,10799.999999991,0.0,True,False
296770,2025-07-26 02:10:00,107.43711487285199,688.3266482142856,580.8895333333332,10799.999999991,10799.999999991,0.0,True,False
296780,2025-07-26 02:20:00,107.41410594428052,685.5983059523808,578.1841999999999,10799.999999991,10799.999999991,0.0,True,False
296790,2025-07-26 02:30:00,104.77095237285207,682.252619047619,577.4816666666666,10799.999999991,10799.999999991,0.0,True,False
296800,2025-07-26 02:40:00,65.19901665856625,670.9878833333332,605.7888666666666,10799.999999991,10799.999999991,0.0,True,False
296810,2025-07-26 02:50:00,49.51560237285205,667.2412857142857,617.7256833333333,10799.999999991,10799.999999991,0.0,True,False
296820,2025-07-26 03:00:00,75.31107142047117,670.5877380952381,595.2766666666666,10799.999999991,10799.999999991,0.0,True,False
296830,2025-07-26 03:10:00,101.2918190395188,665.2959857142857,564.0041666666666,10799.999999991,10799.999999991,0.0,True,False
296840,2025-07-26 03:20:00,120.32531427761407,660.6204142857143,540.2950999999999,10799.999999991,10799.999999991,0.0,True,False
296850,2025-07-26 03:30:00,139.4635118966614,662.626845238095,523.1633333333333,10799.999999991,10799.999999991,0.0,True,False
296860,2025-07-26 03:40:00,156.30636249189953,665.7490791666665,509.4427166666667,10799.999999991,10799.999999991,0.0,True,False
296870,2025-07-26 03:50:00,115.82792915856643,657.5743625,541.7464333333332,10799.999999991,10799.999999991,0.0,True,False
296880,2025-07-26 04:00:00,58.59148808713767,646.256488095238,587.665,10799.999999991,10799.999999991,0.0,True,False
296890,2025-07-26 04:10:00,90.05035177761401,651.6503851190477,561.6000333333333,10799.999999991,10799.999999991,0.0,True,False
296900,2025-07-26 04:20:00,142.54567022999484,653.1569202380952,510.61125,10799.999999991,10799.999999991,0.0,True,False
296910,2025-07-26 04:30:00,157.16684522999478,648.0801785714284,490.9133333333333,10799.999999991,10799.999999991,0.0,True,False
296920,2025-07-26 04:40:00,135.63467082523294,652.7681375,517.1334666666667,10799.999999991,10799.999999991,0.0,True,False
296930,2025-07-26 04:50:00,110.81361725380438,650.320050595238,539.5064333333332,10799.999999991,10799.999999991,0.0,True,False
296940,2025-07-26 05:00:00,97.82382439666159,638.3021577380952,540.4783333333332,10799.999999991,10799.999999991,0.0,True,False
296950,2025-07-26 05:10:00,80.89984284904259,621.2905095238095,540.3906666666667,10799.999999991,10799.999999991,0.0,True,False
296960,2025-07-26 05:20:00,75.67124939666165,596.817549404762,521.1463,10799.999999991,10799.999999991,0.0,True,False
296970,2025-07-26 05:30:00,52.10339284904236,554.846726190476,502.74333333333334,10799.999999991,10799.999999991,0.0,True,False
297670,2025-07-26 17:10:00,17.53843739024783,687.2143208333334,669.6758833333333,10799.999999892223,10799.999999892223,0.0,True,False
297680,2025-07-26 17:20:00,56.7223921521526,731.1750589285714,674.4526666666666,10799.999999892223,10799.999999892223,0.0,True,False
297690,2025-07-26 17:30:00,119.94755941405762,774.7742261904764,654.8266666666666,10799.999999892223,10799.999999892223,0.0,True,False
297700,2025-07-26 17:40:00,197.8899373913588,837.8984374999998,640.0084999999999,10799.999999892223,10799.999999892223,0.0,True,False
297710,2025-07-26 17:50:00,124.50549274739063,794.2444428571428,669.7389499999999,10799.999999892223,10799.999999892223,0.0,True,False
297730,2025-07-26 18:10:00,52.61780524739098,707.0971886904764,654.4793833333333,10799.999999892223,10799.999999892223,0.0,True,False
297740,2025-07-26 18:20:00,126.74481536643839,765.8697154761905,639.1249,10799.999999892223,10799.999999892223,0.0,True,False
297750,2025-07-26 18:30:00,119.35430048548578,800.4609672619046,681.1066666666666,10799.999999892223,10799.999999892223,0.0,True,False
297760,2025-07-26 18:40:00,133.59752905691477,830.5614625000001,696.9639333333332,10799.999999892223,10799.999999892223,0.0,True,False
297960,2025-07-26 22:00:00,154.81702381952368,1564.545357142857,576.395,4809.123055332929,5559.123055322929,749.99999999,False,True
297970,2025-07-26 22:10:00,126.08971251000024,1553.9241458333336,594.5011,5559.123055322929,6309.123055312929,749.99999999,False,True
297990,2025-07-26 22:30:00,145.1401785814287,1565.2601785714287,586.7866666666666,6431.337297982501,7181.3372979735,749.999999991,False,True
298000,2025-07-26 22:40:00,87.7204095338095,1561.0698095238095,640.0160666666666,7181.3372979735,7931.3372979635005,749.99999999,False,True
298010,2025-07-26 22:50:00,87.29944584333337,1560.5473291666667,639.91455,7931.3372979635005,8681.3372979545,749.999999991,False,True
298020,2025-07-26 23:00:00,134.61255953380964,1557.8075595238097,589.8616666666667,8681.3372979545,9431.3372979445,749.99999999,False,True
298040,2025-07-26 23:20:00,91.47382705375287,1548.9989339285712,638.31745,10062.713108802664,10799.99999999,737.2868911873364,True,False
298050,2025-07-26 23:30:00,959.3123214195709,1555.725654761905,596.4133333333333,10799.99999999,10799.99999999,0.0,True,False
298060,2025-07-26 23:40:00,1007.0178660624282,1557.9447827380955,550.9269166666666,10799.99999999,10799.99999999,0.0,True,False
298070,2025-07-26 23:50:00,90.64635237195179,724.0160690476191,633.3697166666666,10799.99999999,10799.99999999,0.0,True,False
300900,2025-07-28 23:00:00,31.703273819523922,1566.4149404761906,701.3783333333333,4784.466375340979,5534.466375330979,749.99999999,False,True
302280,2025-07-29 22:00:00,0.44398810523784166,1571.9806547619046,738.2033333333334,1200.000000011111,1950.000000001111,749.99999999,False,True
302290,2025-07-29 22:10:00,11.91961608142855,1562.9888494047618,717.7358999999999,1950.000000001111,2699.999999991111,749.99999999,False,True
303760,2025-07-30 22:40:00,0.3454375100000027,1572.0622875,738.3835166666665,3363.8330536790845,4113.833053669085,749.99999999,False,True
303800,2025-07-30 23:20:00,16.436817271904822,1562.0829005952382,712.31275,5913.885715189704,6663.885715179704,749.99999999,False,True
303850,2025-07-31 00:10:00,15.587160724285688,1553.0702607142857,704.1497666666667,8098.211963074138,8848.211963064137,749.99999999,False,True
303860,2025-07-31 00:20:00,22.314901795714142,1552.2235351190475,696.5753,8848.211963064137,9598.211963054137,749.99999999,False,True
305190,2025-07-31 22:30:00,1.0664881052382418,1574.453154761905,740.0533333333333,2576.5750236351746,3326.5750236251747,749.99999999,False,True
305220,2025-07-31 23:00:00,31.74095239095231,1565.3409523809523,700.2666666666667,4741.69632039289,5491.69632038289,749.99999999,False,True
305240,2025-07-31 23:20:00,3.0573113195238113,1560.2078779761905,723.8172333333333,5941.77933749029,6691.77933748029,749.99999999,False,True
305250,2025-07-31 23:30:00,21.002023819523963,1565.5686904761906,711.2333333333332,6691.77933748029,7441.779337470291,749.99999999,False,True
305290,2025-08-01 00:10:00,127.01962381952397,1548.7433071428572,588.3903499999999,8232.544790380069,8982.544790370068,749.99999999,False,True
305300,2025-08-01 00:20:00,93.08660477190448,1547.1965714285711,620.7766333333333,8982.544790370068,9732.544790361067,749.999999991,False,True
305390,2025-08-01 01:50:00,108.60750982687551,695.7823535714284,584.6488666666667,10797.726620620902,10799.999999991,2.273379370097615,True,False
305400,2025-08-01 02:00:00,83.60220237285179,697.3322023809521,613.73,10799.999999991,10799.999999991,0.0,True,False
305410,2025-08-01 02:10:00,95.693521420471,698.5280714285714,602.83455,10799.999999991,10799.999999991,0.0,True,False
305420,2025-08-01 02:20:00,133.95854165856642,696.1993916666667,562.2408499999999,10799.999999991,10799.999999991,0.0,True,False
305430,2025-08-01 02:30:00,155.56589284904257,689.4325595238095,533.8666666666666,10799.999999991,10799.999999991,0.0,True,False
305440,2025-08-01 02:40:00,131.0438380871378,681.4770714285714,550.4332333333333,10799.999999991,10799.999999991,0.0,True,False
305450,2025-08-01 02:50:00,116.42838272999481,679.6939494047618,563.2655666666667,10799.999999991,10799.999999991,0.0,True,False
305460,2025-08-01 03:00:00,115.9527380871377,680.592738095238,564.64,10799.999999991,10799.999999991,0.0,True,False
305470,2025-08-01 03:10:00,85.87579046809012,674.0025738095237,588.1267833333333,10799.999999991,10799.999999991,0.0,True,False
305480,2025-08-01 03:20:00,80.61723570618554,669.9029523809525,589.2857166666666,10799.999999991,10799.999999991,0.0,True,False
305490,2025-08-01 03:30:00,110.58101189666158,671.7460119047619,561.165,10799.999999991,10799.999999991,0.0,True,False
305500,2025-08-01 03:40:00,124.97753808713773,671.3675214285713,546.3899833333332,10799.999999991,10799.999999991,0.0,True,False
305510,2025-08-01 03:50:00,107.60564403951864,661.6338107142856,554.0281666666666,10799.999999991,10799.999999991,0.0,True,False
305520,2025-08-01 04:00:00,95.06595237285202,651.8309523809523,556.765,10799.999999991,10799.999999991,0.0,True,False
305530,2025-08-01 04:10:00,131.60954106332835,657.7884577380953,526.1789166666666,10799.999999991,10799.999999991,0.0,True,False
305540,2025-08-01 04:20:00,124.49304939666168,658.7780660714286,534.2850166666666,10799.999999991,10799.999999991,0.0,True,False
305550,2025-08-01 04:30:00,79.07863094428066,653.6019642857143,574.5233333333333,10799.999999991,10799.999999991,0.0,True,False
305560,2025-08-01 04:40:00,92.85275772999486,659.6302410714285,566.7774833333333,10799.999999991,10799.999999991,0.0,True,False
305570,2025-08-01 04:50:00,105.29137439666148,656.3202244047617,551.0288499999999,10799.999999991,10799.999999991,0.0,True,False
305580,2025-08-01 05:00:00,81.80428570618548,643.4526190476191,561.6483333333333,10799.999999991,10799.999999991,0.0,True,False
305590,2025-08-01 05:10:00,49.61931070618548,634.1124273809525,584.4931166666667,10799.999999991,10799.999999991,0.0,True,False
305600,2025-08-01 05:20:00,51.86229046809013,613.7569738095237,561.8946833333333,10799.999999991,10799.999999991,0.0,True,False
305610,2025-08-01 05:30:00,65.6990773728521,569.1940773809524,503.49499999999995,10799.999999991,10799.999999991,0.0,True,False
305620,2025-08-01 05:40:00,869.1716124918999,1349.2299958333333,480.0583833333333,10799.999999991,10799.999999991,0.0,True,False
306310,2025-08-01 17:10:00,68.60562737195144,695.2013107142855,626.5956833333332,10799.99999999,10799.99999999,0.0,True,False
306320,2025-08-01 17:20:00,71.96899046718963,738.9560904761904,666.9870999999999,10799.99999999,10799.99999999,0.0,True,False
306330,2025-08-01 17:30:00,57.85300594338029,786.093005952381,728.2399999999999,10799.99999999,10799.99999999,0.0,True,False
306340,2025-08-01 17:40:00,106.6123660624281,854.6145160714286,748.0021499999999,10799.99999999,10799.99999999,0.0,True,False
306350,2025-08-01 17:50:00,90.45908272909438,813.355582738095,722.8965,10799.99999999,10799.99999999,0.0,True,False
306360,2025-08-01 18:00:00,24.081904752903974,708.1069047619046,684.0249999999999,10799.99999999,10799.99999999,0.0,True,False
306370,2025-08-01 18:10:00,56.76951130052314,728.4423613095238,671.6728499999999,10799.99999999,10799.99999999,0.0,True,False
306380,2025-08-01 18:20:00,99.12791487195173,784.280181547619,685.1522666666666,10799.99999999,10799.99999999,0.0,True,False
306390,2025-08-01 18:30:00,102.32656249099936,813.3565625000001,711.03,10799.99999999,10799.99999999,0.0,True,False
306400,2025-08-01 18:40:00,116.01579046718982,844.9360238095238,728.9202333333333,10799.99999999,10799.99999999,0.0,True,False
306600,2025-08-01 22:00:00,197.91154762904762,1569.9732142857142,538.7283333333332,5332.853210119858,6082.853210109858,749.9999999899999,False,True
306610,2025-08-01 22:10:00,152.45232679571427,1558.2025601190476,572.4168999999999,6082.853210109858,6832.853210099858,749.99999999,False,True
306630,2025-08-01 22:30:00,133.37351191476182,1572.6585119047618,605.9516666666666,6944.6034966980005,7694.603496688001,749.9999999899999,False,True
306640,2025-08-01 22:40:00,158.88445239095256,1570.7186690476192,578.5008833333333,7694.603496688001,8444.603496678,749.99999999,False,True
306650,2025-08-01 22:50:00,115.84182917666645,1567.7347624999998,618.5595999999999,8444.603496678,9194.603496668,749.99999999,False,True
306660,2025-08-01 23:00:00,42.24630953380949,1561.7129761904762,686.1333333333333,9194.603496668,9944.603496659,749.999999991,False,True
306680,2025-08-01 23:20:00,483.83745244592507,1558.0133125000002,576.9544666666666,10352.500745942332,10799.999999991,447.4992540486677,True,False
306690,2025-08-01 23:30:00,1029.6752380871376,1563.1019047619047,533.4266666666666,10799.999999991,10799.999999991,0.0,True,False
306700,2025-08-01 23:40:00,1009.354570825233,1566.5166875,557.1621166666666,10799.999999991,10799.999999991,0.0,True,False
306710,2025-08-01 23:50:00,153.19259463475666,731.572094642857,578.3795,10799.999999991,10799.999999991,0.0,True,False
306720,2025-08-02 00:00:00,150.35666665856635,724.1483333333333,573.7916666666666,10799.999999991,10799.999999991,0.0,True,False
306730,2025-08-02 00:10:00,133.29498987285214,714.3731898809524,581.0781999999999,10799.999999991,10799.999999991,0.0,True,False
306740,2025-08-02 00:20:00,120.91791963475654,714.4382029761902,593.5202833333333,10799.999999991,10799.999999991,0.0,True,False
306750,2025-08-02 00:30:00,131.93095237285192,721.8526190476189,589.9216666666666,10799.999999991,10799.999999991,0.0,True,False
306760,2025-08-02 00:40:00,164.23554284904262,721.865842857143,557.6303,10799.999999991,10799.999999991,0.0,True,False
306770,2025-08-02 00:50:00,190.4135428490425,717.9157095238095,527.5021666666667,10799.999999991,10799.999999991,0.0,True,False
306780,2025-08-02 01:00:00,196.53809522999492,714.7764285714285,518.2383333333332,10799.999999991,10799.999999991,0.0,True,False
306790,2025-08-02 01:10:00,180.19743927761394,712.4760559523809,532.2786166666666,10799.999999991,10799.999999991,0.0,True,False
306800,2025-08-02 01:20:00,111.15967439666164,705.9888744047619,594.8291999999999,10799.999999991,10799.999999991,0.0,True,False
306810,2025-08-02 01:30:00,60.710297610947215,696.9686309523809,636.2583333333333,10799.999999991,10799.999999991,0.0,True,False
306820,2025-08-02 01:40:00,135.84550356332838,693.1955035714286,557.3499999999999,10799.999999991,10799.999999991,0.0,True,False
306830,2025-08-02 01:50:00,161.18645058713784,695.2083005952381,534.02185,10799.999999991,10799.999999991,0.0,True,False
306840,2025-08-02 02:00:00,106.50559522999501,698.8105952380953,592.305,10799.999999991,10799.999999991,0.0,True,False
306850,2025-08-02 02:10:00,112.14999582523305,698.4288291666667,586.2788333333333,10799.999999991,10799.999999991,0.0,True,False
306860,2025-08-02 02:20:00,135.28187261094726,694.3008892857142,559.0190166666666,10799.999999991,10799.999999991,0.0,True,False
306870,2025-08-02 02:30:00,136.6269047538045,687.4169047619048,550.79,10799.999999991,10799.999999991,0.0,True,False
306880,2025-08-02 02:40:00,129.81568808713777,679.5767547619048,549.7610666666667,10799.999999991,10799.999999991,0.0,True,False
306890,2025-08-02 02:50:00,132.0093958252331,678.2125958333334,546.2031999999999,10799.999999991,10799.999999991,0.0,True,False
306900,2025-08-02 03:00:00,135.3235714204711,680.0269047619047,544.7033333333333,10799.999999991,10799.999999991,0.0,True,False
306910,2025-08-02 03:10:00,117.76904403951877,674.6034607142857,556.8344166666666,10799.999999991,10799.999999991,0.0,True,False
306920,2025-08-02 03:20:00,101.9024488014235,671.1383154761904,569.2358666666667,10799.999999991,10799.999999991,0.0,True,False
306930,2025-08-02 03:30:00,110.90190475380459,672.5635714285715,561.6616666666666,10799.999999991,10799.999999991,0.0,True,False
306940,2025-08-02 03:40:00,139.3075386823759,670.9572386904762,531.6496999999999,10799.999999991,10799.999999991,0.0,True,False
306950,2025-08-02 03:50:00,115.84633511094731,660.8201851190476,544.97385,10799.999999991,10799.999999991,0.0,True,False
306960,2025-08-02 04:00:00,79.25904761094725,651.6473809523809,572.3883333333333,10799.999999991,10799.999999991,0.0,True,False
306970,2025-08-02 04:10:00,137.35147737285203,658.0495107142857,520.6980333333333,10799.999999991,10799.999999991,0.0,True,False
306980,2025-08-02 04:20:00,174.59352439666156,659.4161910714286,484.8226666666667,10799.999999991,10799.999999991,0.0,True,False
306990,2025-08-02 04:30:00,147.21345237285206,654.4917857142857,507.2783333333333,10799.999999991,10799.999999991,0.0,True,False
307000,2025-08-02 04:40:00,126.8908726109473,660.2662726190475,533.3753999999999,10799.999999991,10799.999999991,0.0,True,False
307010,2025-08-02 04:50:00,132.13250415856626,656.5851375,524.4526333333333,10799.999999991,10799.999999991,0.0,True,False
307020,2025-08-02 05:00:00,147.66255951570926,644.5558928571429,496.8933333333333,10799.999999991,10799.999999991,0.0,True,False
307030,2025-08-02 05:10:00,138.17913689666167,638.162086904762,499.98294999999996,10799.999999991,10799.999999991,0.0,True,False
307040,2025-08-02 05:20:00,101.85928153951869,616.9649648809524,515.1056833333333,10799.999999991,10799.999999991,0.0,True,False
307050,2025-08-02 05:30:00,57.25089284904248,568.2708928571428,511.02,10799.999999991,10799.999999991,0.0,True,False
307060,2025-08-02 05:40:00,35.69203749189975,514.8801708333334,479.1881333333333,10799.999999991,10799.999999991,0.0,True,False
307740,2025-08-02 17:00:00,11.644315366438471,645.777648809524,634.1333333333333,10799.999999892223,10799.999999892223,0.0,True,False
307750,2025-08-02 17:10:00,56.926386199771436,694.238169642857,637.3117833333333,10799.999999892223,10799.999999892223,0.0,True,False
307760,2025-08-02 17:20:00,71.19627191516835,738.3452053571427,667.1489333333333,10799.999999892223,10799.999999892223,0.0,True,False
307770,2025-08-02 17:30:00,110.18023798548595,787.040238095238,676.8599999999999,10799.999999892223,10799.999999892223,0.0,True,False
307780,2025-08-02 17:40:00,179.14814989024796,857.8770333333334,678.7288833333333,10799.999999892223,10799.999999892223,0.0,True,False
307790,2025-08-02 17:50:00,137.3018510807237,816.3018011904758,678.9999499999999,10799.999999892223,10799.999999892223,0.0,True,False
307800,2025-08-02 18:00:00,29.02974691405732,708.8430803571428,679.8133333333333,10799.999999892223,10799.999999892223,0.0,True,False
307810,2025-08-02 18:10:00,45.13125524739066,729.3284720238094,684.1972166666666,10799.999999892223,10799.999999892223,0.0,True,False
307820,2025-08-02 18:20:00,81.97243619977168,786.6083863095238,704.63595,10799.999999892223,10799.999999892223,0.0,True,False
307830,2025-08-02 18:30:00,101.64663679500984,816.4216369047618,714.7749999999999,10799.999999892223,10799.999999892223,0.0,True,False
307840,2025-08-02 18:40:00,168.46652727120025,846.8237107142857,678.3571833333333,10799.999999892223,10799.999999892223,0.0,True,False
308040,2025-08-02 22:00:00,199.77172620047622,1567.6217261904762,534.5166666666667,5336.8430506768445,6086.843050666845,749.99999999,False,True
308050,2025-08-02 22:10:00,136.85412858142854,1557.3842619047618,587.1967999999999,6086.843050666845,6836.843050656845,749.99999999,False,True
308070,2025-08-02 22:30:00,168.14297620047614,1570.1746428571428,568.6983333333333,6957.014529040702,7707.014529030702,749.99999999,False,True
308080,2025-08-02 22:40:00,186.65040953380958,1568.2044761904763,548.2207333333333,7707.014529030702,8457.014529020702,749.99999999,False,True
308090,2025-08-02 22:50:00,171.53442441476204,1566.846774404762,561.9790166666667,8457.014529020702,9207.014529010701,749.99999999,False,True
308100,2025-08-02 23:00:00,148.3337500099999,1562.67375,581.0066666666667,9207.014529010701,9957.0145290017,749.999999991,False,True
308120,2025-08-02 23:20:00,379.61772905497844,1556.4588101190475,593.5407666666666,10275.029717033338,10799.999999991,524.9702829576621,True,False
308130,2025-08-02 23:30:00,935.9501785633283,1559.1101785714286,623.16,10799.999999991,10799.999999991,0.0,True,False
308140,2025-08-02 23:40:00,966.5643232061855,1563.735506547619,597.1711833333333,10799.999999991,10799.999999991,0.0,True,False
308150,2025-08-02 23:50:00,49.43514642047101,729.9226797619046,680.4875333333333,10799.999999991,10799.999999991,0.0,True,False
310980,2025-08-04 23:00:00,4.416904771904789,1559.9819047619048,722.2316666666667,4684.177088551873,5434.177088541873,749.99999999,False,True
313810,2025-08-06 22:10:00,2.0731559623809437,1555.4526392857142,720.0461499999999,1911.7050535735398,2661.70505356354,749.99999999,False,True
313860,2025-08-06 23:00:00,13.41125001000011,1558.2462500000001,711.5016666666667,4786.365359862893,5536.365359852893,749.99999999,False,True
315380,2025-08-08 00:20:00,102.01497203380949,1540.4267720238095,605.0784666666666,7877.811627310047,8627.811627301047,749.999999991,False,True
315570,2025-08-08 03:30:00,31.539677783547923,673.9247619047619,556.5749999999999,10722.770924281907,10799.999999991,77.22907570909265,True,False
315580,2025-08-08 03:40:00,153.82373749189966,671.4512874999999,517.6275499999999,10799.999999991,10799.999999991,0.0,True,False
315590,2025-08-08 03:50:00,156.8975136823758,659.8714136904762,502.9739,10799.999999991,10799.999999991,0.0,True,False
315600,2025-08-08 04:00:00,128.2585118966616,649.8118452380952,521.5533333333333,10799.999999991,10799.999999991,0.0,True,False
315610,2025-08-08 04:10:00,142.03126189666156,656.1804119047619,514.14915,10799.999999991,10799.999999991,0.0,True,False
315620,2025-08-08 04:20:00,126.07798749189976,655.7405375000001,529.66255,10799.999999991,10799.999999991,0.0,True,False
315630,2025-08-08 04:30:00,94.70029761094744,647.778630952381,553.0783333333333,10799.999999991,10799.999999991,0.0,True,False
315640,2025-08-08 04:40:00,138.75809939666144,652.5640160714285,513.8059166666667,10799.999999991,10799.999999991,0.0,True,False
315650,2025-08-08 04:50:00,165.21305832523288,648.2102916666665,482.9972333333333,10799.999999991,10799.999999991,0.0,True,False
315660,2025-08-08 05:00:00,157.94071427761392,635.9223809523809,477.9816666666666,10799.999999991,10799.999999991,0.0,True,False
315670,2025-08-08 05:10:00,182.45743749189964,634.0894541666667,451.6320166666667,10799.999999991,10799.999999991,0.0,True,False
315680,2025-08-08 05:20:00,162.02559761094716,618.4531142857142,456.42751666666663,10799.999999991,10799.999999991,0.0,True,False
315690,2025-08-08 05:30:00,82.26010415856636,570.1101041666667,487.84999999999997,10799.999999991,10799.999999991,0.0,True,False
315700,2025-08-08 05:40:00,862.1873392776142,1346.896922619048,484.70958333333334,10799.999999991,10799.999999991,0.0,True,False
316390,2025-08-08 17:10:00,11.135465467189567,675.3585654761902,664.2230999999999,10799.99999999,10799.99999999,0.0,True,False
316400,2025-08-08 17:20:00,55.755563681475486,721.8811470238094,666.1255833333332,10799.99999999,10799.99999999,0.0,True,False
316410,2025-08-08 17:30:00,119.63712796718985,775.3354613095239,655.6983333333333,10799.99999999,10799.99999999,0.0,True,False
316420,2025-08-08 17:40:00,194.25909939576113,853.2135994047618,658.9544999999999,10799.99999999,10799.99999999,0.0,True,False
316430,2025-08-08 17:50:00,130.30482796718954,817.6876279761902,687.3828,10799.99999999,10799.99999999,0.0,True,False
316450,2025-08-08 18:10:00,28.280461300522994,734.9803613095238,706.6999000000001,10799.99999999,10799.99999999,0.0,True,False
316460,2025-08-08 18:20:00,115.90471308623752,789.5588297619048,673.6541166666666,10799.99999999,10799.99999999,0.0,True,False
316470,2025-08-08 18:30:00,161.2487648719517,818.1254315476191,656.8766666666667,10799.99999999,10799.99999999,0.0,True,False
316480,2025-08-08 18:40:00,173.09905832433245,854.3238083333332,681.22475,10799.99999999,10799.99999999,0.0,True,False
316680,2025-08-08 22:00:00,92.36363096238118,1561.8069642857145,636.1099999999999,5395.3451482150995,6145.3451482051,749.99999999,False,True
316690,2025-08-08 22:10:00,130.89541965285707,1553.186269642857,588.9575166666666,6145.3451482051,6895.3451481951,749.99999999,False,True
316710,2025-08-08 22:30:00,100.38446429571421,1566.8527976190476,633.135,7020.255335507528,7770.2553354985275,749.999999991,False,True
316720,2025-08-08 22:40:00,114.70814286714266,1563.218076190476,615.1766,7770.2553354985275,8520.255335489528,749.999999991,False,True
316730,2025-08-08 22:50:00,126.63515989561095,1560.420759885611,600.4522666666667,8520.255335489528,9270.255335480528,749.999999991,False,True
316740,2025-08-08 23:00:00,124.03452381952364,1556.1145238095237,598.7466666666667,9270.255335480528,10020.255335470527,749.99999999,False,True
316760,2025-08-08 23:20:00,290.54401143550615,1552.594242857143,548.69675,10157.981866711527,10799.999999991,642.0181332794731,True,False
316770,2025-08-08 23:30:00,994.7627380871379,1558.0844047619048,563.3216666666666,10799.999999991,10799.999999991,0.0,True,False
316780,2025-08-08 23:40:00,989.3610482061853,1561.0207982142856,571.65975,10799.999999991,10799.999999991,0.0,True,False
316790,2025-08-08 23:50:00,160.77932142047118,728.2303880952381,567.4510666666666,10799.999999991,10799.999999991,0.0,True,False
316800,2025-08-09 00:00:00,158.72928570618555,724.8326190476191,566.1033333333332,10799.999999991,10799.999999991,0.0,True,False
316810,2025-08-09 00:10:00,130.77648272999497,715.0375994047619,584.2611166666666,10799.999999991,10799.999999991,0.0,True,False
316820,2025-08-09 00:20:00,114.53912618237595,706.9026928571429,592.3635666666667,10799.999999991,10799.999999991,0.0,True,False
316830,2025-08-09 00:30:00,117.56142856332812,706.9097619047618,589.3483333333334,10799.999999991,10799.999999991,0.0,True,False
316840,2025-08-09 00:40:00,112.65628213475688,713.7668821428572,601.1106,10799.999999991,10799.999999991,0.0,True,False
316850,2025-08-09 00:50:00,111.26826070618526,712.8635940476189,601.5953333333333,10799.999999991,10799.999999991,0.0,True,False
316860,2025-08-09 01:00:00,130.48982142047097,704.5748214285713,574.085,10799.999999991,10799.999999991,0.0,True,False
316870,2025-08-09 01:10:00,166.5443285633282,702.4970285714285,535.9526999999999,10799.999999991,10799.999999991,0.0,True,False
316880,2025-08-09 01:20:00,154.91059463475673,700.333644642857,545.42305,10799.999999991,10799.999999991,0.0,True,False
316890,2025-08-09 01:30:00,123.71916665856642,693.3125,569.5933333333332,10799.999999991,10799.999999991,0.0,True,False
316900,2025-08-09 01:40:00,157.50737261094727,684.9003226190475,527.3929499999999,10799.999999991,10799.999999991,0.0,True,False
316910,2025-08-09 01:50:00,142.71996725380447,684.1394172619048,541.41945,10799.999999991,10799.999999991,0.0,True,False
316920,2025-08-09 02:00:00,84.23208332523322,688.0520833333335,603.8199999999999,10799.999999991,10799.999999991,0.0,True,False
316930,2025-08-09 02:10:00,105.6017863014234,685.3015529761904,579.6997666666666,10799.999999991,10799.999999991,0.0,True,False
316940,2025-08-09 02:20:00,132.10357082523305,683.9042708333334,551.8007,10799.999999991,10799.999999991,0.0,True,False
316950,2025-08-09 02:30:00,118.04220237285207,683.8555357142857,565.8133333333333,10799.999999991,10799.999999991,0.0,True,False
316960,2025-08-09 02:40:00,97.53279761094743,675.9156809523811,578.3828833333333,10799.999999991,10799.999999991,0.0,True,False
316970,2025-08-09 02:50:00,100.83469165856636,665.824525,564.9898333333333,10799.999999991,10799.999999991,0.0,True,False
316980,2025-08-09 03:00:00,127.74279761094735,660.8261309523809,533.0833333333333,10799.999999991,10799.999999991,0.0,True,False
316990,2025-08-09 03:10:00,151.59126844428064,663.6956517857143,512.1043833333333,10799.999999991,10799.999999991,0.0,True,False
317000,2025-08-09 03:20:00,155.79785534904246,668.9843220238095,513.1864666666667,10799.999999991,10799.999999991,0.0,True,False
317010,2025-08-09 03:30:00,159.86136903951873,671.8847023809524,512.0233333333333,10799.999999991,10799.999999991,0.0,True,False
317020,2025-08-09 03:40:00,188.16565713475669,669.823457142857,481.6578,10799.999999991,10799.999999991,0.0,True,False
317030,2025-08-09 03:50:00,158.19763153951857,659.0845315476189,500.88689999999997,10799.999999991,10799.999999991,0.0,True,False
317040,2025-08-09 04:00:00,109.12035713475686,649.2603571428572,540.14,10799.999999991,10799.999999991,0.0,True,False
317060,2025-08-09 04:20:00,42.033461704002455,654.2947827380953,482.9510333333333,10683.620741060317,10799.999999991,116.37925893068348,True,False
317070,2025-08-09 04:30:00,122.22619046809027,647.5445238095239,525.3183333333333,10799.999999991,10799.999999991,0.0,True,False
317080,2025-08-09 04:40:00,138.47401249189974,651.7087625,513.23475,10799.999999991,10799.999999991,0.0,True,False
317830,2025-08-09 17:10:00,22.53736844337991,676.0257684523806,653.4884,10799.99999999,10799.99999999,0.0,True,False
317840,2025-08-09 17:20:00,46.03717737195152,721.7581273809521,675.7209499999999,10799.99999999,10799.99999999,0.0,True,False
317850,2025-08-09 17:30:00,103.3425595148087,774.5375595238094,671.1949999999999,10799.99999999,10799.99999999,0.0,True,False
317860,2025-08-09 17:40:00,197.17968272909465,852.3850827380954,655.2053999999999,10799.99999999,10799.99999999,0.0,True,False
317870,2025-08-09 17:50:00,160.40922737195166,817.5161273809524,657.1069,10799.99999999,10799.99999999,0.0,True,False
317880,2025-08-09 18:00:00,45.27379463385655,714.5054613095239,669.2316666666666,10799.99999999,10799.99999999,0.0,True,False
317890,2025-08-09 18:10:00,76.83483987195177,736.8720898809524,660.03725,10799.99999999,10799.99999999,0.0,True,False
317900,2025-08-09 18:20:00,131.25372618147537,791.386126190476,660.1324,10799.99999999,10799.99999999,0.0,True,False
317910,2025-08-09 18:30:00,143.13217261004695,819.290505952381,676.1583333333333,10799.99999999,10799.99999999,0.0,True,False
317920,2025-08-09 18:40:00,173.25398868147528,855.4175220238094,682.1635333333334,10799.99999999,10799.99999999,0.0,True,False
318120,2025-08-09 22:00:00,117.5214285814286,1562.3264285714286,611.4716666666666,5281.027057229645,6031.027057219645,749.99999999,False,True
318130,2025-08-09 22:10:00,116.92008512904782,1551.6850351190478,601.4316166666666,6031.027057219645,6781.027057209645,749.99999999,False,True
318150,2025-08-09 22:30:00,100.30505953380951,1567.3917261904762,633.7533333333333,6887.802689164931,7637.802689154931,749.99999999,False,True
318160,2025-08-09 22:40:00,127.31704524809514,1562.9163285714285,602.26595,7637.802689154931,8387.80268914493,749.99999999,False,True
318170,2025-08-09 22:50:00,135.11235547584465,1558.9817054658447,590.5360166666667,8387.80268914493,9137.80268913593,749.999999991,False,True
318180,2025-08-09 23:00:00,115.48172620047625,1554.4967261904762,605.6816666666666,9137.80268913593,9887.802689125929,749.99999999,False,True
318200,2025-08-09 23:20:00,151.18378155761923,1550.4220815476192,565.9049666666666,10002.9208292955,10752.9208292865,749.999999991,False,True
318210,2025-08-09 23:30:00,946.8364174723023,1556.073273809524,556.9266666666666,10752.9208292865,10799.99999999,47.07917070349948,True,False
318220,2025-08-09 23:40:00,993.9538577290947,1559.184674404762,565.2308166666667,10799.99999999,10799.99999999,0.0,True,False
318230,2025-08-09 23:50:00,70.82908213385642,725.4030654761905,654.5739833333333,10799.99999999,10799.99999999,0.0,True,False
319560,2025-08-10 22:00:00,4.405357152857042,1559.085357142857,721.3466666666666,1200.000000011111,1950.000000001111,749.99999999,False,True
323910,2025-08-13 22:30:00,1.4016666766665287,1572.6733333333332,737.9383333333333,2607.7938533375554,3357.7938533275556,749.99999999,False,True
323960,2025-08-13 23:20:00,11.281316676666954,1546.0577333333335,701.4430833333332,4922.624735622656,5672.624735612656,749.99999999,False,True
323970,2025-08-13 23:30:00,6.9859523909523125,1550.3142857142857,709.995,5672.624735612656,6422.624735602656,749.99999999,False,True
323980,2025-08-13 23:40:00,26.898007152856955,1555.2053238095236,694.9739833333333,6422.624735602656,7172.624735592656,749.99999999,False,True
325330,2025-08-14 22:10:00,4.748424414761977,1549.565724404762,711.4839666666667,1941.493500002111,2691.493499992111,749.99999999,False,True
325350,2025-08-14 22:30:00,23.810059533809742,1568.2767261904764,711.1333333333333,2710.9220003402543,3460.9220003302544,749.99999999,False,True
325410,2025-08-14 23:30:00,14.36392858142846,1548.2255952380951,700.5283333333333,5555.285518836064,6305.285518826064,749.99999999,False,True
325770,2025-08-15 05:30:00,45.50992124819707,580.9495238095238,503.8066666666667,10771.530357685806,10799.999999991,28.469642305194064,True,False
325780,2025-08-15 05:40:00,842.6721172538047,1356.778467261905,514.10635,10799.999999991,10799.999999991,0.0,True,False
326470,2025-08-15 17:10:00,56.46755713385651,669.5079071428572,613.04035,10799.99999999,10799.99999999,0.0,True,False
326480,2025-08-15 17:20:00,102.4826755862376,714.9811755952383,612.4984999999999,10799.99999999,10799.99999999,0.0,True,False
326490,2025-08-15 17:30:00,140.61177082433275,771.2417708333334,630.63,10799.99999999,10799.99999999,0.0,True,False
326500,2025-08-15 17:40:00,212.4038303481419,853.5546470238093,641.1508166666666,10799.99999999,10799.99999999,0.0,True,False
326510,2025-08-15 17:50:00,155.09336368147518,821.8227303571426,666.7293666666667,10799.99999999,10799.99999999,0.0,True,False
326520,2025-08-15 18:00:00,37.98046130052297,719.1704613095236,681.1899999999999,10799.99999999,10799.99999999,0.0,True,False
326530,2025-08-15 18:10:00,104.77139820528484,739.4835648809523,634.7121666666667,10799.99999999,10799.99999999,0.0,True,False
326540,2025-08-15 18:20:00,171.41472499099916,794.1227249999998,622.708,10799.99999999,10799.99999999,0.0,True,False
326550,2025-08-15 18:30:00,166.8627976100468,823.3261309523809,656.4633333333334,10799.99999999,10799.99999999,0.0,True,False
326560,2025-08-15 18:40:00,201.09655534814226,856.4502553571429,655.3536999999999,10799.99999999,10799.99999999,0.0,True,False
326760,2025-08-15 22:00:00,166.2340476290475,1553.6223809523808,554.055,5188.176589015359,5938.176589005359,749.99999999,False,True
326770,2025-08-15 22:10:00,125.29021548619026,1548.1653988095236,589.54185,5938.176589005359,6688.176588995359,749.99999999,False,True
326790,2025-08-15 22:30:00,167.85595239095244,1565.4442857142858,564.255,6799.092785057788,7549.092785047788,749.99999999,False,True
326800,2025-08-15 22:40:00,169.71487620047606,1560.9652928571427,557.9170833333333,7549.092785047788,8299.092785037788,749.99999999,False,True
326820,2025-08-15 23:00:00,111.02386905761885,1547.9522023809523,603.595,8427.494825028789,9177.494825018788,749.99999999,False,True
326840,2025-08-15 23:20:00,71.23911241922404,1518.4624790758908,613.8900333333333,9255.345737331218,10005.345737322217,749.999999991,False,True
326850,2025-08-15 23:30:00,126.44059524809539,1545.9989285714287,586.2249999999999,10005.345737322217,10755.345737312216,749.99999999,False,True
326860,2025-08-15 23:40:00,919.194863294526,1548.8227773809522,580.0120666666667,10755.345737312216,10799.99999999,44.65426267778356,True,False
326870,2025-08-15 23:50:00,118.51741189576111,720.1903785714285,601.6729666666666,10799.99999999,10799.99999999,0.0,True,False
326880,2025-08-16 00:00:00,98.40226189576137,720.762261904762,622.3599999999999,10799.99999999,10799.99999999,0.0,True,False
326890,2025-08-16 00:10:00,103.32814403861832,708.481294047619,605.15315,10799.99999999,10799.99999999,0.0,True,False
326900,2025-08-16 00:20:00,117.16225891957069,702.306275595238,585.1440166666666,10799.99999999,10799.99999999,0.0,True,False
326910,2025-08-16 00:30:00,124.5590476100468,706.2240476190475,581.665,10799.99999999,10799.99999999,0.0,True,False
326920,2025-08-16 00:40:00,128.42970713385634,706.5647904761904,578.1350833333333,10799.99999999,10799.99999999,0.0,True,False
326930,2025-08-16 00:50:00,153.43492082433258,706.6574041666665,553.2224833333332,10799.99999999,10799.99999999,0.0,True,False
326940,2025-08-16 01:00:00,159.67482141957063,705.6881547619047,546.0133333333333,10799.99999999,10799.99999999,0.0,True,False
326950,2025-08-16 01:10:00,90.76830832433265,697.733675,606.9653666666666,10799.99999999,10799.99999999,0.0,True,False
326960,2025-08-16 01:20:00,94.70365058623733,690.5634839285714,595.8598333333333,10799.99999999,10799.99999999,0.0,True,False
326970,2025-08-16 01:30:00,162.7629761814754,686.2563095238095,523.4933333333333,10799.99999999,10799.99999999,0.0,True,False
326980,2025-08-16 01:40:00,138.86395356242778,679.9193869047618,541.0554333333333,10799.99999999,10799.99999999,0.0,True,False
326990,2025-08-16 01:50:00,107.35782022909447,675.4190202380952,568.0612,10799.99999999,10799.99999999,0.0,True,False
327000,2025-08-16 02:00:00,115.51113094338015,674.5777976190475,559.0666666666666,10799.99999999,10799.99999999,0.0,True,False
327010,2025-08-16 02:10:00,120.70439820528506,674.8833982142858,554.179,10799.99999999,10799.99999999,0.0,True,False
327020,2025-08-16 02:20:00,118.55225534814221,673.9915886904762,555.4393333333333,10799.99999999,10799.99999999,0.0,True,False
327030,2025-08-16 02:30:00,111.63863094338032,673.4919642857143,561.8533333333332,10799.99999999,10799.99999999,0.0,True,False
327040,2025-08-16 02:40:00,102.73686011004688,674.8801767857142,572.1433166666666,10799.99999999,10799.99999999,0.0,True,False
327050,2025-08-16 02:50:00,108.7031255862374,665.0122589285714,556.3091333333333,10799.99999999,10799.99999999,0.0,True,False
327060,2025-08-16 03:00:00,118.00124999099941,652.36125,534.3599999999999,10799.99999999,10799.99999999,0.0,True,False
327070,2025-08-16 03:10:00,106.78823689576129,659.5633035714286,552.7750666666666,10799.99999999,10799.99999999,0.0,True,False
327080,2025-08-16 03:20:00,126.0965208243326,665.6618208333333,539.5653,10799.99999999,10799.99999999,0.0,True,False
327090,2025-08-16 03:30:00,161.59589284814214,661.9892261904762,500.3933333333333,10799.99999999,10799.99999999,0.0,True,False
327100,2025-08-16 03:40:00,141.17480118147532,659.1593011904761,517.9845,10799.99999999,10799.99999999,0.0,True,False
327110,2025-08-16 03:50:00,99.35261308623737,651.6673297619047,552.3147166666666,10799.99999999,10799.99999999,0.0,True,False
327120,2025-08-16 04:00:00,98.76815475290411,643.7264880952381,544.9583333333333,10799.99999999,10799.99999999,0.0,True,False
327900,2025-08-16 17:00:00,19.089642848141956,618.6096428571427,599.52,10799.99999999,10799.99999999,0.0,True,False
327910,2025-08-16 17:10:00,59.57995058623735,666.4931672619045,606.9132166666666,10799.99999999,10799.99999999,0.0,True,False
327920,2025-08-16 17:20:00,59.21447201480894,711.5421720238096,652.3276999999999,10799.99999999,10799.99999999,0.0,True,False
327930,2025-08-16 17:30:00,124.05401784814185,769.7306845238093,645.6766666666666,10799.99999999,10799.99999999,0.0,True,False
327940,2025-08-16 17:40:00,228.3108601100468,852.0144101190475,623.70355,10799.99999999,10799.99999999,0.0,True,False
327950,2025-08-16 17:50:00,184.15608630052319,820.5046529761905,636.3485666666666,10799.99999999,10799.99999999,0.0,True,False
327960,2025-08-16 18:00:00,51.121770824332636,718.7267708333334,667.605,10799.99999999,10799.99999999,0.0,True,False
327970,2025-08-16 18:10:00,78.41405237195164,738.6103690476191,660.1963166666667,10799.99999999,10799.99999999,0.0,True,False
327980,2025-08-16 18:20:00,132.97140058623725,793.987600595238,661.0162,10799.99999999,10799.99999999,0.0,True,False
327990,2025-08-16 18:30:00,134.19102677671347,824.7460267857142,690.555,10799.99999999,10799.99999999,0.0,True,False
328000,2025-08-16 18:40:00,138.82314225290426,857.2320255952383,718.4088833333333,10799.99999999,10799.99999999,0.0,True,False
328200,2025-08-16 22:00:00,134.03279762904754,1551.4127976190475,584.0466666666666,5116.054208724355,5866.054208714355,749.99999999,False,True
328210,2025-08-16 22:10:00,100.29436429571409,1546.2455309523807,612.6178333333332,5866.054208714355,6616.054208704355,749.99999999,False,True
328230,2025-08-16 22:30:00,104.3551785814286,1562.8268452380953,625.1383333333333,6697.504726195355,7447.504726185355,749.99999999,False,True
328240,2025-08-16 22:40:00,144.30669703380943,1558.581913690476,580.9418833333333,7447.504726185355,8197.504726175355,749.99999999,False,True
328260,2025-08-16 23:00:00,117.1905357242856,1545.6755357142856,595.1516666666666,8327.971863844927,9077.971863834926,749.99999999,False,True
328290,2025-08-16 23:30:00,123.91672620047596,1544.5333928571426,587.2833333333333,9665.571980421735,10415.571980411734,749.99999999,False,True
328300,2025-08-16 23:40:00,584.279411381292,1546.4617720238093,535.0401166666666,10415.571980411734,10799.99999999,384.42801957826566,True,False
328310,2025-08-16 23:50:00,125.92242856242783,719.5694785714286,593.64705,10799.99999999,10799.99999999,0.0,True,False
329670,2025-08-17 22:30:00,27.899047629047566,1563.0423809523809,701.81,2606.409171221154,3356.409171211154,749.99999999,False,True
331170,2025-08-18 23:30:00,18.069226200476344,1542.8025595238096,691.3999999999999,4690.125062455923,5440.1250624459235,749.99999999,False,True
332580,2025-08-19 23:00:00,2.455590998751169,1546.8122576554179,711.0233333333333,3981.07255025527,4731.07255024627,749.999999991,False,True
335860,2025-08-22 05:40:00,14.114451200476076,1371.3306845238094,523.8829,9792.934524687387,10542.934524678387,749.999999991,False,True
336550,2025-08-22 17:10:00,13.521704752904077,651.8448714285713,638.3231666666666,10799.99999999,10799.99999999,0.0,True,False
336560,2025-08-22 17:20:00,36.704527371951805,704.3913273809525,667.6868,10799.99999999,10799.99999999,0.0,True,False
336570,2025-08-22 17:30:00,111.37702380052323,767.9203571428571,656.5433333333333,10799.99999999,10799.99999999,0.0,True,False
336580,2025-08-22 17:40:00,196.9384868957612,852.5666202380953,655.6281333333333,10799.99999999,10799.99999999,0.0,True,False
336590,2025-08-22 17:50:00,161.55325832433263,820.3775083333333,658.8242499999999,10799.99999999,10799.99999999,0.0,True,False
336600,2025-08-22 18:00:00,49.224017848142374,718.5373511904763,669.3133333333333,10799.99999999,10799.99999999,0.0,True,False
336610,2025-08-22 18:10:00,44.75840653861797,743.6808565476188,698.92245,10799.99999999,10799.99999999,0.0,True,False
336620,2025-08-22 18:20:00,106.63170296718972,804.3427863095237,697.7110833333332,10799.99999999,10799.99999999,0.0,True,False
336630,2025-08-22 18:30:00,174.3504761814754,836.5288095238094,662.1783333333333,10799.99999999,10799.99999999,0.0,True,False
336640,2025-08-22 18:40:00,218.94020118147554,865.920467857143,646.9802666666667,10799.99999999,10799.99999999,0.0,True,False
336840,2025-08-22 22:00:00,136.207619057619,1543.5842857142857,574.0433333333333,4882.938600238903,5632.938600228903,749.99999999,False,True
336850,2025-08-22 22:10:00,95.03874405761893,1544.9552773809523,616.5832,5632.938600228903,6382.938600218903,749.99999999,False,True
336870,2025-08-22 22:30:00,61.157857152857325,1553.3611904761906,658.8699999999999,6437.029760567046,7187.029760557046,749.99999999,False,True
336880,2025-08-22 22:40:00,116.18997441476209,1552.1173077380954,602.5939999999999,7187.029760557046,7937.029760547046,749.99999999,False,True
336900,2025-08-22 23:00:00,154.85593507921658,1541.66926840255,553.48,8079.502646966617,8829.502646957617,749.999999991,False,True
336930,2025-08-22 23:30:00,136.74892858142857,1536.5272619047619,566.4449999999999,9064.117742832474,9814.117742822473,749.99999999,False,True
336960,2025-08-23 00:00:00,38.20056785110467,718.9319642857142,555.9816666666666,10687.725243199851,10799.999999991,112.27475679114869,True,False
336970,2025-08-23 00:10:00,126.77903927761403,705.310705952381,578.5316666666666,10799.999999991,10799.999999991,0.0,True,False
336980,2025-08-23 00:20:00,92.22337856332828,697.0286785714286,604.8053,10799.999999991,10799.999999991,0.0,True,False
336990,2025-08-23 00:30:00,92.12726189666168,699.9839285714286,607.8566666666666,10799.999999991,10799.999999991,0.0,True,False
337000,2025-08-23 00:40:00,111.50744225380433,696.8761422619046,585.3687,10799.999999991,10799.999999991,0.0,True,False
337010,2025-08-23 00:50:00,143.09658213475697,698.4349654761905,555.3383833333332,10799.999999991,10799.999999991,0.0,True,False
337020,2025-08-23 01:00:00,157.29244046809023,699.9024404761905,542.6099999999999,10799.999999991,10799.999999991,0.0,True,False
337030,2025-08-23 01:10:00,127.90052796809024,684.7512613095239,556.8507333333333,10799.999999991,10799.999999991,0.0,True,False
337040,2025-08-23 01:20:00,136.3108874918997,679.1617041666666,542.8508166666666,10799.999999991,10799.999999991,0.0,True,False
337050,2025-08-23 01:30:00,170.49440475380433,685.342738095238,514.8483333333334,10799.999999991,10799.999999991,0.0,True,False
337060,2025-08-23 01:40:00,138.8198363014237,679.2229696428573,540.4031333333332,10799.999999991,10799.999999991,0.0,True,False
337070,2025-08-23 01:50:00,110.37678272999491,670.8035827380952,560.4268,10799.999999991,10799.999999991,0.0,True,False
337080,2025-08-23 02:00:00,122.45714284904247,669.8338095238095,547.3766666666667,10799.999999991,10799.999999991,0.0,True,False
337090,2025-08-23 02:10:00,138.38771189666144,674.3026952380951,535.9149833333333,10799.999999991,10799.999999991,0.0,True,False
337100,2025-08-23 02:20:00,121.69714701570919,672.5278803571427,550.8307333333332,10799.999999991,10799.999999991,0.0,True,False
337110,2025-08-23 02:30:00,101.60773808713768,667.6844047619046,566.0766666666666,10799.999999991,10799.999999991,0.0,True,False
337120,2025-08-23 02:40:00,138.1108886823757,671.5909720238094,533.4800833333334,10799.999999991,10799.999999991,0.0,True,False
337130,2025-08-23 02:50:00,157.7355065395187,663.4920398809523,505.7565333333333,10799.999999991,10799.999999991,0.0,True,False
337140,2025-08-23 03:00:00,116.90303570618536,649.5597023809523,532.6566666666666,10799.999999991,10799.999999991,0.0,True,False
337150,2025-08-23 03:10:00,57.58864165856628,657.7266249999999,600.1379833333333,10799.999999991,10799.999999991,0.0,True,False
337160,2025-08-23 03:20:00,99.36540296809014,663.1435029761905,563.7781,10799.999999991,10799.999999991,0.0,True,False
337170,2025-08-23 03:30:00,181.8071428490425,655.0304761904762,473.22333333333336,10799.999999991,10799.999999991,0.0,True,False
337180,2025-08-23 03:40:00,129.6690785633281,647.8135285714285,518.14445,10799.999999991,10799.999999991,0.0,True,False
337190,2025-08-23 03:50:00,95.09930177761393,645.8745517857142,550.7752499999999,10799.999999991,10799.999999991,0.0,True,False
337200,2025-08-23 04:00:00,129.62553570618545,644.8922023809524,515.2666666666667,10799.999999991,10799.999999991,0.0,True,False
337990,2025-08-23 17:10:00,35.16784761004718,653.3196809523812,618.1518333333333,10799.99999999,10799.99999999,0.0,True,False
338000,2025-08-23 17:20:00,50.54163927671366,704.7289226190477,654.1872833333333,10799.99999999,10799.99999999,0.0,True,False
338010,2025-08-23 17:30:00,93.28787201480864,767.3228720238094,674.035,10799.99999999,10799.99999999,0.0,True,False
338020,2025-08-23 17:40:00,215.50774641957068,853.2913797619048,637.7836333333332,10799.99999999,10799.99999999,0.0,True,False
338030,2025-08-23 17:50:00,193.39372558623754,820.7624755952382,627.36875,10799.99999999,10799.99999999,0.0,True,False
338040,2025-08-23 18:00:00,63.35964284814231,717.7563095238097,654.3966666666666,10799.99999999,10799.99999999,0.0,True,False
338050,2025-08-23 18:10:00,92.18537082433244,745.4168874999998,653.2315166666666,10799.99999999,10799.99999999,0.0,True,False
338060,2025-08-23 18:20:00,155.49819880052294,806.6760488095238,651.17785,10799.99999999,10799.99999999,0.0,True,False
338070,2025-08-23 18:30:00,174.82906249099935,836.2223958333334,661.3933333333333,10799.99999999,10799.99999999,0.0,True,False
338080,2025-08-23 18:40:00,197.21908689576114,864.4527202380951,667.2336333333333,10799.99999999,10799.99999999,0.0,True,False
338280,2025-08-23 22:00:00,138.74988096238087,1541.8548809523809,569.7716666666666,5010.396066945255,5760.3960669352555,749.99999999,False,True
338290,2025-08-23 22:10:00,189.9951744147619,1545.2712077380952,521.9427,5760.3960669352555,6510.396066925256,749.99999999,False,True
338310,2025-08-23 22:30:00,108.25755953380984,1555.2992261904765,613.7083333333333,6666.227658166255,7416.2276581562555,749.99999999,False,True
338320,2025-08-23 22:40:00,121.9151631052383,1551.6051964285716,596.3566999999999,7416.2276581562555,8166.227658146256,749.99999999,False,True
338340,2025-08-23 23:00:00,80.0466408910231,1540.1083075476897,626.7283333333332,8270.224475280113,9020.224475271112,749.999999991,False,True
338370,2025-08-23 23:30:00,133.3211904861904,1535.482857142857,568.8283333333333,9247.935212038827,9997.935212028826,749.99999999,False,True
339730,2025-08-24 22:10:00,0.16460298619062202,1542.679836309524,709.1819,1933.2960000021112,2683.2959999921113,749.99999999,False,True
341190,2025-08-25 22:30:00,5.180000010000177,1555.2350000000001,716.7216666666666,2644.9786403412545,3394.9786403312546,749.99999999,False,True
342630,2025-08-26 22:30:00,53.1113095338095,1553.9896428571428,667.545,2609.578752914276,3359.578752904276,749.99999999,False,True
342640,2025-08-26 22:40:00,0.5742762004758709,1549.039076190476,715.1314666666667,3359.578752904276,4109.578752894276,749.99999999,False,True
345520,2025-08-28 22:40:00,55.18805893857154,1545.8941255952382,657.3727333333333,3284.8158592875498,4034.81585927755,749.99999999,False,True
345940,2025-08-29 05:40:00,352.7431448713512,1381.643213095238,481.8835833333333,10307.685163589502,10799.999999991,492.31483640149816,True,False
346630,2025-08-29 17:10:00,21.774761895761152,659.2180952380951,637.4433333333333,10799.99999999,10799.99999999,0.0,True,False
346640,2025-08-29 17:20:00,103.65820058623743,713.5633172619048,609.9051166666666,10799.99999999,10799.99999999,0.0,True,False
346650,2025-08-29 17:30:00,159.7799404671899,771.6149404761907,611.835,10799.99999999,10799.99999999,0.0,True,False
346660,2025-08-29 17:40:00,204.7423499909996,857.2530666666669,652.5107166666667,10799.99999999,10799.99999999,0.0,True,False
346670,2025-08-29 17:50:00,171.95749344338006,827.8132934523808,655.8557999999999,10799.99999999,10799.99999999,0.0,True,False
346680,2025-08-29 18:00:00,100.0416220148087,726.1399553571428,626.0983333333334,10799.99999999,10799.99999999,0.0,True,False
346690,2025-08-29 18:10:00,112.21283749099933,750.8451041666667,638.6322666666666,10799.99999999,10799.99999999,0.0,True,False
346700,2025-08-29 18:20:00,166.53712022909443,816.2782369047617,649.7411166666666,10799.99999999,10799.99999999,0.0,True,False
346710,2025-08-29 18:30:00,199.0002678481421,850.5886011904762,651.5883333333334,10799.99999999,10799.99999999,0.0,True,False
346720,2025-08-29 18:40:00,186.81648630052322,866.0767863095239,679.2602999999999,10799.99999999,10799.99999999,0.0,True,False
346920,2025-08-29 22:00:00,105.12047620047632,1541.892142857143,603.4383333333333,5178.335534769329,5928.335534759329,749.99999999,False,True
346930,2025-08-29 22:10:00,90.72948334333363,1540.8650000000002,616.8021833333332,5928.335534759329,6678.335534749329,749.99999999,False,True
346950,2025-08-29 22:30:00,135.9010714385713,1548.712738095238,579.4783333333332,6785.630332240329,7535.630332230329,749.99999999,False,True
346960,2025-08-29 22:40:00,113.51642500999968,1541.2205249999997,594.3707666666667,7535.630332230329,8285.63033222033,749.99999999,False,True
346980,2025-08-29 23:00:00,120.42059841589138,1541.6189317392248,587.865,8380.820245425615,9130.820245416615,749.999999991,False,True
347010,2025-08-29 23:30:00,120.82565477190495,1531.015654761905,576.8566666666666,9340.694888791473,10090.694888781472,749.99999999,False,True
347030,2025-08-29 23:50:00,26.916262505032414,703.6591761904763,569.7518833333334,10703.7080726741,10799.999999991,96.29192731689945,True,False
347040,2025-08-30 00:00:00,155.94410713475676,708.9774404761904,553.0333333333333,10799.999999991,10799.999999991,0.0,True,False
347050,2025-08-30 00:10:00,95.76627558713776,700.7116922619048,604.9454166666667,10799.999999991,10799.999999991,0.0,True,False
347060,2025-08-30 00:20:00,83.5574220157092,692.5375220238095,608.9801,10799.999999991,10799.999999991,0.0,True,False
347070,2025-08-30 00:30:00,129.46678570618528,690.960119047619,561.4933333333333,10799.999999991,10799.999999991,0.0,True,False
347080,2025-08-30 00:40:00,113.8197184442806,690.1447184523809,576.3249999999999,10799.999999991,10799.999999991,0.0,True,False
347090,2025-08-30 00:50:00,90.67013749189968,691.0011374999999,600.3309999999999,10799.999999991,10799.999999991,0.0,True,False
347100,2025-08-30 01:00:00,100.17273808713762,690.6744047619046,590.5016666666667,10799.999999991,10799.999999991,0.0,True,False
347110,2025-08-30 01:10:00,121.02588511094743,683.360568452381,562.3346833333333,10799.999999991,10799.999999991,0.0,True,False
347120,2025-08-30 01:20:00,124.45386189666166,673.8618619047619,549.4079999999999,10799.999999991,10799.999999991,0.0,True,False
347130,2025-08-30 01:30:00,111.89482142047106,669.221488095238,557.3266666666666,10799.999999991,10799.999999991,0.0,True,False
347140,2025-08-30 01:40:00,106.37385772999502,671.187824404762,564.8139666666666,10799.999999991,10799.999999991,0.0,True,False
347150,2025-08-30 01:50:00,92.94616844428057,663.4302351190476,570.4840666666666,10799.999999991,10799.999999991,0.0,True,False
347160,2025-08-30 02:00:00,78.85535713475687,652.6653571428571,573.81,10799.999999991,10799.999999991,0.0,True,False
347170,2025-08-30 02:10:00,89.02644880142347,661.3724321428571,572.3459833333333,10799.999999991,10799.999999991,0.0,True,False
347180,2025-08-30 02:20:00,93.07608749189953,666.1383041666666,573.0622166666667,10799.999999991,10799.999999991,0.0,True,False
347190,2025-08-30 02:30:00,93.55999999189962,661.4516666666666,567.8916666666667,10799.999999991,10799.999999991,0.0,True,False
347200,2025-08-30 02:40:00,121.43605951570916,663.2004428571428,541.7643833333333,10799.999999991,10799.999999991,0.0,True,False
347210,2025-08-30 02:50:00,135.2548940395187,655.447994047619,520.1931,10799.999999991,10799.999999991,0.0,True,False
347220,2025-08-30 03:00:00,130.836964277614,643.3202976190477,512.4833333333333,10799.999999991,10799.999999991,0.0,True,False
347230,2025-08-30 03:10:00,145.2717904680903,649.9294571428572,504.6576666666666,10799.999999991,10799.999999991,0.0,True,False
347240,2025-08-30 03:20:00,158.70068332523303,654.0427833333333,495.34209999999996,10799.999999991,10799.999999991,0.0,True,False
347250,2025-08-30 03:30:00,171.29380951570917,647.8221428571428,476.5283333333333,10799.999999991,10799.999999991,0.0,True,False
347260,2025-08-30 03:40:00,197.80190832523297,644.5206916666666,446.7187833333333,10799.999999991,10799.999999991,0.0,True,False
347270,2025-08-30 03:50:00,175.93821487285211,642.6259315476191,466.68771666666663,10799.999999991,10799.999999991,0.0,True,False
347280,2025-08-30 04:00:00,118.39523808713793,638.5052380952382,520.1099999999999,10799.999999991,10799.999999991,0.0,True,False
348060,2025-08-30 17:00:00,16.387008919570725,603.8220089285714,587.435,10799.99999999,10799.99999999,0.0,True,False
348070,2025-08-30 17:10:00,68.01642499099918,663.1958583333331,595.1794333333332,10799.99999999,10799.99999999,0.0,True,False
348080,2025-08-30 17:20:00,76.00775058623728,714.9821339285713,638.9743833333333,10799.99999999,10799.99999999,0.0,True,False
348090,2025-08-30 17:30:00,113.46827380052358,771.1799404761908,657.7116666666666,10799.99999999,10799.99999999,0.0,True,False
348100,2025-08-30 17:40:00,187.45717320528505,857.4839398809524,670.0267666666666,10799.99999999,10799.99999999,0.0,True,False
348110,2025-08-30 17:50:00,169.99158034814215,828.8566470238095,658.8650666666666,10799.99999999,10799.99999999,0.0,True,False
348120,2025-08-30 18:00:00,83.1472470148087,727.443913690476,644.2966666666666,10799.99999999,10799.99999999,0.0,True,False
348130,2025-08-30 18:10:00,82.45394701480876,753.0261803571428,670.5722333333333,10799.99999999,10799.99999999,0.0,True,False
348140,2025-08-30 18:20:00,126.01231427671354,817.8415976190475,691.8292833333333,10799.99999999,10799.99999999,0.0,True,False
348150,2025-08-30 18:30:00,181.99151784814225,850.1281845238096,668.1366666666667,10799.99999999,10799.99999999,0.0,True,False
348160,2025-08-30 18:40:00,254.08199820528498,864.693681547619,610.6116833333333,10799.99999999,10799.99999999,0.0,True,False
348360,2025-08-30 22:00:00,128.41321429571428,1544.2032142857142,582.4566666666666,4994.683592375149,5744.683592365149,749.99999999,False,True
348370,2025-08-30 22:10:00,160.4588553671431,1542.4501886904764,548.6579999999999,5744.683592365149,6494.683592355149,749.99999999,False,True
348390,2025-08-30 22:30:00,105.94392858142827,1547.7672619047617,608.49,6635.145925381863,7385.145925371863,749.99999999,False,True
348400,2025-08-30 22:40:00,85.25587322428542,1541.7873065476188,623.1981,7385.145925371863,8135.145925361863,749.99999999,False,True
348420,2025-08-30 23:00:00,125.2642439511993,1538.115910607866,579.5183333333333,8222.668991424292,8972.668991415292,749.999999991,False,True
348450,2025-08-30 23:30:00,52.651726200475984,1532.566726190476,646.5816666666666,9194.46804496872,9944.46804495872,749.99999999,False,True
349800,2025-08-31 22:00:00,26.558690486190237,1545.915357142857,686.0233333333333,1200.000000011111,1950.000000001111,749.99999999,False,True
349810,2025-08-31 22:10:00,9.416802986190525,1541.0738029761906,698.3236666666667,1950.000000001111,2699.999999991111,749.99999999,False,True
349840,2025-08-31 22:40:00,20.212502986190422,1544.465069642857,690.9192333333333,3415.721775786873,4165.721775776873,749.99999999,False,True
351240,2025-09-01 22:00:00,71.86964286714293,1542.8829761904763,637.68,1676.2575347695401,2426.2575347595402,749.99999999,False,True
351250,2025-09-01 22:10:00,41.994682748095094,1537.6348327380952,662.3068166666667,2426.2575347595402,3176.2575347495404,749.99999999,False,True
351270,2025-09-01 22:30:00,81.80845239095218,1546.1217857142856,630.98,3219.1650556333975,3969.1650556233976,749.99999999,False,True
351280,2025-09-01 22:40:00,106.51722739095247,1539.5641273809524,599.7135666666666,3969.1650556233976,4719.165055613397,749.99999999,False,True
351300,2025-09-01 23:00:00,126.17363492023877,1539.9486349102388,580.4416666666666,4835.702479175826,5585.7024791668255,749.999999991,False,True
351330,2025-09-01 23:30:00,105.35005953380958,1533.4050595238095,594.7216666666666,5699.933199505968,6449.933199495968,749.99999999,False,True
352680,2025-09-02 22:00:00,109.78875001000004,1538.5804166666667,595.4583333333333,1703.3094519123972,2453.309451902397,749.99999999,False,True
352690,2025-09-02 22:10:00,89.31483215285742,1533.9334821428574,611.2853166666666,2453.309451902397,3203.309451892397,749.99999999,False,True
352710,2025-09-02 22:30:00,77.73464286714294,1540.1129761904763,629.045,3271.732701347683,4021.732701337683,749.99999999,False,True
352720,2025-09-02 22:40:00,56.25219286714286,1532.655142857143,643.0696166666667,4021.732701337683,4771.732701327683,749.99999999,False,True
352740,2025-09-02 23:00:00,101.680098889821,1534.8884322131544,599.875,4832.687137390111,5582.687137381111,749.999999991,False,True
352770,2025-09-02 23:30:00,94.53392858142864,1526.9805952380952,599.1133333333332,5742.859657363111,6492.859657353111,749.99999999,False,True
354120,2025-09-03 22:00:00,87.3907738195238,1532.4791071428572,611.755,1439.0904106623975,2189.0904106523976,749.99999999,False,True
354130,2025-09-03 22:10:00,67.36849108142859,1528.708874404762,628.0070499999999,2189.0904106523976,2939.0904106423977,749.99999999,False,True
354150,2025-09-03 22:30:00,86.26398810523823,1533.580654761905,613.9833333333333,2996.605239561969,3746.605239551969,749.99999999,False,True
354160,2025-09-03 22:40:00,80.5586625100003,1527.780579166667,613.8885833333333,3746.605239551969,4496.605239541969,749.99999999,False,True
354180,2025-09-03 23:00:00,16.05816579040924,1528.819832447076,679.4283333333333,4536.695406318683,5286.695406309683,749.999999991,False,True
354210,2025-09-03 23:30:00,71.84464286714295,1519.9479761904763,614.77,5377.133486113111,6127.133486103111,749.99999999,False,True
355560,2025-09-04 22:00:00,104.43250001,1526.7991666666667,589.0333333333333,1674.251923876683,2424.251923866683,749.99999999,False,True
355570,2025-09-04 22:10:00,54.57524703380977,1525.4217636904764,637.5131833333332,2424.251923866683,3174.251923856683,749.99999999,False,True
355590,2025-09-04 22:30:00,119.13339286714277,1527.2217261904761,574.755,3220.2566297405397,3970.2566297305398,749.99999999,False,True
355600,2025-09-04 22:40:00,141.81326608142865,1521.6217160714286,546.4751166666666,3970.2566297305398,4720.256629720539,749.99999999,False,True
355620,2025-09-04 23:00:00,50.325697479255034,1527.675697469255,644.0166666666667,4814.391847390111,5564.391847381111,749.999999991,False,True
355650,2025-09-04 23:30:00,50.082023819523776,1514.4886904761904,631.0733333333333,5637.324066827397,6387.324066817397,749.99999999,False,True
355860,2025-09-05 03:00:00,140.61618839887484,632.9327976190476,446.60999999999996,10758.864051692844,10799.999999991,41.13594829815554,True,False
355870,2025-09-05 03:10:00,180.61331546809024,636.8844488095239,456.2711333333333,10799.999999991,10799.999999991,0.0,True,False
355880,2025-09-05 03:20:00,177.51726665856634,634.6114833333334,457.0942166666667,10799.999999991,10799.999999991,0.0,True,False
355890,2025-09-05 03:30:00,183.98714284904256,624.7604761904762,440.7733333333333,10799.999999991,10799.999999991,0.0,True,False
355900,2025-09-05 03:40:00,213.50898511094724,621.2295017857142,407.72051666666664,10799.999999991,10799.999999991,0.0,True,False
355910,2025-09-05 03:50:00,214.19140475380445,623.0276047619047,408.83619999999996,10799.999999991,10799.999999991,0.0,True,False
355920,2025-09-05 04:00:00,176.70726189666172,622.762261904762,446.05499999999995,10799.999999991,10799.999999991,0.0,True,False
355930,2025-09-05 04:10:00,147.58266130142337,615.7726779761904,468.1900166666667,10799.999999991,10799.999999991,0.0,True,False
355940,2025-09-05 04:20:00,158.0478374918998,617.2061875000002,459.15835,10799.999999991,10799.999999991,0.0,True,False
355950,2025-09-05 04:30:00,188.0672618966615,623.9772619047618,435.90999999999997,10799.999999991,10799.999999991,0.0,True,False
355960,2025-09-05 04:40:00,187.19232201570904,617.5019720238093,430.30965,10799.999999991,10799.999999991,0.0,True,False
355970,2025-09-05 04:50:00,170.18403451570907,609.6112845238094,439.42725,10799.999999991,10799.999999991,0.0,True,False
355980,2025-09-05 05:00:00,156.50273808713777,604.8144047619047,448.3116666666666,10799.999999991,10799.999999991,0.0,True,False
355990,2025-09-05 05:10:00,154.5342005871378,597.5001839285715,442.9659833333333,10799.999999991,10799.999999991,0.0,True,False
356000,2025-09-05 05:20:00,141.02000665587323,566.9534399973069,425.93343333333337,10799.999999991,10799.999999991,0.0,True,False
356010,2025-09-05 05:30:00,188.01613094428055,602.6244642857142,414.60833333333335,10799.999999991,10799.999999991,0.0,True,False
356020,2025-09-05 05:40:00,133.96441665856636,560.3624666666667,426.39805,10799.999999991,10799.999999991,0.0,True,False
356700,2025-09-05 17:00:00,80.40907737195184,603.4890773809525,523.0799999999999,10799.99999999,10799.99999999,0.0,True,False
356710,2025-09-05 17:10:00,181.02084165766584,662.1095416666666,481.0887,10799.99999999,10799.99999999,0.0,True,False
356720,2025-09-05 17:20:00,245.2157267767134,715.5439767857142,470.32825,10799.99999999,10799.99999999,0.0,True,False
356730,2025-09-05 17:30:00,290.95197915766596,773.0003125,482.0483333333333,10799.99999999,10799.99999999,0.0,True,False
356740,2025-09-05 17:40:00,361.57457618147544,855.5474595238095,493.97288333333336,10799.99999999,10799.99999999,0.0,True,False
356750,2025-09-05 17:50:00,310.9088166576659,821.4048166666665,510.496,10799.99999999,10799.99999999,0.0,True,False
356760,2025-09-05 18:00:00,191.98531249099938,720.2736458333334,528.2883333333333,10799.99999999,10799.99999999,0.0,True,False
356770,2025-09-05 18:10:00,222.61482201480882,755.1844720238095,532.5696499999999,10799.99999999,10799.99999999,0.0,True,False
356780,2025-09-05 18:20:00,294.946804752904,816.3875047619047,521.4407,10799.99999999,10799.99999999,0.0,True,False
356790,2025-09-05 18:30:00,330.6888839195707,832.220550595238,501.53166666666664,10799.99999999,10799.99999999,0.0,True,False
356800,2025-09-05 18:40:00,348.7240892767134,839.2644059523807,490.5403166666666,10799.99999999,10799.99999999,0.0,True,False
357000,2025-09-05 22:00:00,210.2869047719048,1518.1252380952383,474.505,6986.012984246842,7736.012984236842,749.99999999,False,True
357010,2025-09-05 22:10:00,215.7942690576192,1518.3250190476192,469.19741666666664,7736.012984236842,8486.012984226842,749.99999999,False,True
357030,2025-09-05 22:30:00,189.82250000999966,1519.895833333333,496.74,8677.754971360699,9427.754971351698,749.999999991,False,True
357040,2025-09-05 22:40:00,226.8171357242859,1513.9290357142859,453.7785666666667,9427.754971351698,10177.754971342698,749.999999991,False,True
357060,2025-09-05 23:00:00,658.4677499302026,1523.3856895097447,437.8016666666666,10415.595354369412,10799.999999991,384.4046456215878,True,False
357070,2025-09-05 23:10:00,204.85343927761394,681.0604226190476,476.2069833333333,10799.999999991,10799.999999991,0.0,True,False
357080,2025-09-05 23:20:00,196.70807796809012,674.7601446428571,478.05206666666663,10799.999999991,10799.999999991,0.0,True,False
357090,2025-09-05 23:30:00,1059.1455357061852,1510.1522023809523,451.00666666666666,10799.999999991,10799.999999991,0.0,True,False
357100,2025-09-05 23:40:00,948.8236858569352,1406.498252531702,457.67456666666664,10799.999999991,10799.999999991,0.0,True,False
357110,2025-09-05 23:50:00,197.79236189666173,675.6093285714287,477.81696666666664,10799.999999991,10799.999999991,0.0,True,False
357120,2025-09-06 00:00:00,205.2870238014235,673.3620238095237,468.07499999999993,10799.999999991,10799.999999991,0.0,True,False
357130,2025-09-06 00:10:00,261.5095297538043,673.8449297619046,412.3354,10799.999999991,10799.999999991,0.0,True,False
357140,2025-09-06 00:20:00,266.41413987285193,670.7758898809523,404.36175000000003,10799.999999991,10799.999999991,0.0,True,False
357150,2025-09-06 00:30:00,222.2256547538045,664.3573214285715,442.13166666666666,10799.999999991,10799.999999991,0.0,True,False
357160,2025-09-06 00:40:00,224.1140261823759,661.8746095238096,437.76058333333333,10799.999999991,10799.999999991,0.0,True,False
357170,2025-09-06 00:50:00,215.0272440395187,663.524494047619,448.49724999999995,10799.999999991,10799.999999991,0.0,True,False
357180,2025-09-06 01:00:00,196.36416665856623,663.0358333333332,466.6716666666667,10799.999999991,10799.999999991,0.0,True,False
357190,2025-09-06 01:10:00,229.94482201570904,653.7393720238093,423.79454999999996,10799.999999991,10799.999999991,0.0,True,False
357200,2025-09-06 01:20:00,232.6623755871378,645.4303922619048,412.76801666666665,10799.999999991,10799.999999991,0.0,True,False
357210,2025-09-06 01:30:00,202.85648808713776,644.3631547619048,441.50666666666666,10799.999999991,10799.999999991,0.0,True,False
357220,2025-09-06 01:40:00,221.21171903951878,646.7675357142857,425.5558166666666,10799.999999991,10799.999999991,0.0,True,False
357230,2025-09-06 01:50:00,226.87415356332818,640.5188035714285,413.64465,10799.999999991,10799.999999991,0.0,True,False
357240,2025-09-06 02:00:00,215.5810118966617,632.2376785714287,416.65666666666664,10799.999999991,10799.999999991,0.0,True,False
357250,2025-09-06 02:10:00,240.6651297538044,639.887813095238,399.2226833333333,10799.999999991,10799.999999991,0.0,True,False
357260,2025-09-06 02:20:00,218.68961308713776,644.781263095238,426.09164999999996,10799.999999991,10799.999999991,0.0,True,False
357270,2025-09-06 02:30:00,166.8350595157091,641.0033928571428,474.16833333333335,10799.999999991,10799.999999991,0.0,True,False
357280,2025-09-06 02:40:00,190.28791963475666,640.053369642857,449.76545,10799.999999991,10799.999999991,0.0,True,False
357290,2025-09-06 02:50:00,207.38263927761406,635.0833726190477,427.70073333333335,10799.999999991,10799.999999991,0.0,True,False
357300,2025-09-06 03:00:00,189.83273808713776,629.3110714285714,439.4783333333333,10799.999999991,10799.999999991,0.0,True,False
357310,2025-09-06 03:10:00,192.99810892047114,633.6742255952381,440.67611666666664,10799.999999991,10799.999999991,0.0,True,False
357320,2025-09-06 03:20:00,201.01521606332832,631.3788494047619,430.36363333333327,10799.999999991,10799.999999991,0.0,True,False
357330,2025-09-06 03:30:00,191.14636903951876,620.6247023809524,429.4783333333333,10799.999999991,10799.999999991,0.0,True,False
357340,2025-09-06 03:40:00,162.5051672538044,617.304250595238,454.79908333333333,10799.999999991,10799.999999991,0.0,True,False
357350,2025-09-06 03:50:00,151.90208570618532,619.6656023809522,467.76351666666665,10799.999999991,10799.999999991,0.0,True,False
357360,2025-09-06 04:00:00,170.9242261823758,620.0658928571428,449.14166666666665,10799.999999991,10799.999999991,0.0,True,False
358130,2025-09-06 16:50:00,23.815845229094727,570.2372785714288,546.4214333333333,10799.99999999,10799.99999999,0.0,True,False
358140,2025-09-06 17:00:00,81.07663689576137,602.0049702380954,520.9283333333333,10799.99999999,10799.99999999,0.0,True,False
358150,2025-09-06 17:10:00,162.60121665766573,658.7066666666665,496.10545,10799.99999999,10799.99999999,0.0,True,False
358160,2025-09-06 17:20:00,193.69845356242794,711.6753202380953,517.9768666666666,10799.99999999,10799.99999999,0.0,True,False
358170,2025-09-06 17:30:00,215.75760415766607,770.1659375000002,554.4083333333333,10799.99999999,10799.99999999,0.0,True,False
358180,2025-09-06 17:40:00,334.39639761004696,853.5134142857142,519.1170166666666,10799.99999999,10799.99999999,0.0,True,False
358190,2025-09-06 17:50:00,326.1315035624276,819.0163035714282,492.8847999999999,10799.99999999,10799.99999999,0.0,True,False
358200,2025-09-06 18:00:00,190.9166815386184,717.1466815476191,526.23,10799.99999999,10799.99999999,0.0,True,False
358210,2025-09-06 18:10:00,168.83728749099927,752.4045708333333,583.5672833333333,10799.99999999,10799.99999999,0.0,True,False
358220,2025-09-06 18:20:00,231.52426487195166,813.3415482142857,581.8172833333333,10799.99999999,10799.99999999,0.0,True,False
358230,2025-09-06 18:30:00,297.3783184433803,827.7283184523809,530.3499999999999,10799.99999999,10799.99999999,0.0,True,False
358240,2025-09-06 18:40:00,315.27374344338006,832.6336101190474,517.3598666666667,10799.99999999,10799.99999999,0.0,True,False
358440,2025-09-06 22:00:00,231.48696429571442,1512.353630952381,447.5333333333333,7204.910520073561,7954.910520063561,749.99999999,False,True
358450,2025-09-06 22:10:00,226.16042262904762,1514.0478726190477,454.5541166666667,7954.910520063561,8704.910520054562,749.999999991,False,True
358470,2025-09-06 22:30:00,248.05958334333332,1515.0245833333333,433.63166666666666,8921.883854509848,9671.883854500848,749.999999991,False,True
358480,2025-09-06 22:40:00,244.46805358142842,1508.1648202380952,430.3634333333333,9671.883854500848,10421.883854491847,749.999999991,False,True
358500,2025-09-06 23:00:00,875.3790254601012,1517.6440754294783,460.03499999999997,10635.99295501856,10799.999999991,164.0070449724394,True,False
358510,2025-09-06 23:10:00,199.19143451570923,677.8822345238095,478.69079999999997,10799.999999991,10799.999999991,0.0,True,False
358520,2025-09-06 23:20:00,204.43277022999482,672.2371202380951,467.80435,10799.999999991,10799.999999991,0.0,True,False
358530,2025-09-06 23:30:00,1068.8142857061853,1506.1409523809523,437.32666666666665,10799.999999991,10799.999999991,0.0,True,False
358540,2025-09-06 23:40:00,945.5065011497228,1386.702501157823,441.19599999999997,10799.999999991,10799.999999991,0.0,True,False
358550,2025-09-06 23:50:00,155.6620940395189,672.4081107142858,516.7460166666666,10799.999999991,10799.999999991,0.0,True,False
358560,2025-09-07 00:00:00,63.18101189666161,669.8610119047619,606.68,10799.999999991,10799.999999991,0.0,True,False
358570,2025-09-07 00:10:00,59.02910892047098,667.704725595238,608.6756166666667,10799.999999991,10799.999999991,0.0,True,False
358580,2025-09-07 00:20:00,68.1453226109472,664.0615392857142,595.9162166666666,10799.999999991,10799.999999991,0.0,True,False
358590,2025-09-07 00:30:00,69.03124999189967,659.0995833333333,590.0683333333333,10799.999999991,10799.999999991,0.0,True,False
358600,2025-09-07 00:40:00,104.96568034904257,656.0406803571428,551.0749999999999,10799.999999991,10799.999999991,0.0,True,False
358610,2025-09-07 00:50:00,86.75980534904258,658.0567053571428,571.2968999999999,10799.999999991,10799.999999991,0.0,True,False
358620,2025-09-07 01:00:00,23.356309515709178,659.1996428571427,635.8433333333332,10799.999999991,10799.999999991,0.0,True,False
358630,2025-09-07 01:10:00,20.718340468090197,649.7337238095238,629.0153833333333,10799.999999991,10799.999999991,0.0,True,False
358640,2025-09-07 01:20:00,44.98362915856635,640.6927125,595.7090833333333,10799.999999991,10799.999999991,0.0,True,False
358650,2025-09-07 01:30:00,58.93196427761402,639.7886309523809,580.8566666666666,10799.999999991,10799.999999991,0.0,True,False
358660,2025-09-07 01:40:00,55.91656189666171,643.1304952380954,587.2139333333333,10799.999999991,10799.999999991,0.0,True,False
358670,2025-09-07 01:50:00,21.90450118237593,635.9554178571428,614.0509166666666,10799.999999991,10799.999999991,0.0,True,False
358690,2025-09-07 02:10:00,42.96486715667182,633.4422029761905,588.2982499999999,10798.038822753433,10799.999999991,1.9611772375668783,True,False
358700,2025-09-07 02:20:00,72.53148749189958,640.2916541666666,567.7601666666667,10799.999999991,10799.999999991,0.0,True,False
358710,2025-09-07 02:30:00,52.26035713475674,637.7303571428571,585.47,10799.999999991,10799.999999991,0.0,True,False
358720,2025-09-07 02:40:00,44.01840653951863,635.4598898809522,591.4414833333333,10799.999999991,10799.999999991,0.0,True,False
358730,2025-09-07 02:50:00,57.21282380142359,630.1801904761905,572.9673666666666,10799.999999991,10799.999999991,0.0,True,False
358740,2025-09-07 03:00:00,67.96136903951864,625.9680357142856,558.0066666666667,10799.999999991,10799.999999991,0.0,True,False
358750,2025-09-07 03:10:00,47.92916606332822,631.1232160714285,583.19405,10799.999999991,10799.999999991,0.0,True,False
358760,2025-09-07 03:20:00,27.98160772999504,628.4208910714286,600.4392833333333,10799.999999991,10799.999999991,0.0,True,False
358770,2025-09-07 03:30:00,20.71833332523304,617.6766666666666,596.9583333333333,10799.999999991,10799.999999991,0.0,True,False
358780,2025-09-07 03:40:00,12.203827372852038,616.3450107142856,604.1411833333333,10799.999999991,10799.999999991,0.0,True,False
358790,2025-09-07 03:50:00,14.420162491899488,618.4826624999998,604.0625,10799.999999991,10799.999999991,0.0,True,False
358800,2025-09-07 04:00:00,21.89428570618552,616.8159523809525,594.9216666666666,10799.999999991,10799.999999991,0.0,True,False
359880,2025-09-07 22:00:00,96.83869048619043,1506.4986904761904,576.3266666666666,1459.9177601266822,2209.917760116682,749.99999999,False,True
359890,2025-09-07 22:10:00,80.59894762904763,1508.8022476190476,594.8699666666666,2209.917760116682,2959.917760106682,749.99999999,False,True
359910,2025-09-07 22:30:00,110.65071429571422,1507.877380952381,563.8933333333333,3039.838817597682,3789.838817587682,749.99999999,False,True
359920,2025-09-07 22:40:00,79.6051446528571,1502.025444642857,589.0869666666666,3789.838817587682,4539.838817577682,749.99999999,False,True
359940,2025-09-07 23:00:00,106.73056245539998,1512.4438957787333,572.38,4607.403809354396,5357.4038093453955,749.999999991,False,True
359970,2025-09-07 23:30:00,41.35119048619048,1501.8695238095238,627.185,5506.300039684538,6256.300039674538,749.99999999,False,True
361320,2025-09-08 22:00:00,47.882738105238325,1501.319404761905,620.1033333333332,1330.429258242032,2080.4292582320318,749.99999999,False,True
361330,2025-09-08 22:10:00,32.25118453380946,1502.3612511904762,636.7767333333334,2080.4292582320318,2830.429258222032,749.99999999,False,True
361350,2025-09-08 22:30:00,82.40833334333341,1500.0383333333334,584.2966666666666,2868.3643289273177,3618.364328917318,749.99999999,False,True
361360,2025-09-08 22:40:00,89.42808393857148,1496.6581339285715,573.8967166666666,3618.364328917318,4368.364328907318,749.99999999,False,True
361380,2025-09-08 23:00:00,33.00700049949716,1504.2236671561639,637.8833333333333,4424.409381219746,5174.409381210746,749.999999991,False,True
361410,2025-09-08 23:30:00,80.5982142957141,1496.7832142857142,582.8516666666667,5262.633763692746,6012.633763682746,749.99999999,False,True
361420,2025-09-08 23:40:00,72.47023860045748,1483.7902219237908,577.9866499999999,6012.633763682746,6762.633763673745,749.999999991,False,True
362760,2025-09-09 22:00:00,40.583333343333145,1495.9099999999999,621.9933333333333,1461.201872626683,2211.201872616683,749.99999999,False,True
362770,2025-09-09 22:10:00,53.39580834333332,1496.1648583333333,609.4357166666666,2211.201872616683,2961.201872606683,749.99999999,False,True
362790,2025-09-09 22:30:00,66.92279762904751,1492.7744642857142,592.5183333333333,3028.100310454826,3778.100310444826,749.99999999,False,True
362800,2025-09-09 22:40:00,37.842262510000175,1489.133529166667,617.9579333333334,3778.100310444826,4528.100310434826,749.99999999,False,True
362820,2025-09-09 23:00:00,38.22809524809542,1500.099761904762,628.5383333333333,4553.731925782969,5303.731925772969,749.99999999,False,True
362850,2025-09-09 23:30:00,112.5730952480951,1490.8414285714284,544.935,5400.302478942274,6150.302478932274,749.99999999,False,True
362860,2025-09-09 23:40:00,82.8649958433334,1489.9301458333334,573.7318166666666,6150.302478932274,6900.3024789222745,749.99999999,False,True
364200,2025-09-10 22:00:00,57.671250010000215,1491.1662500000002,600.1616666666666,1227.1231963639943,1977.1231963539944,749.99999999,False,True
364210,2025-09-10 22:10:00,48.233800605237995,1491.007700595238,609.4405666666667,1977.1231963539944,2727.1231963439946,749.99999999,False,True
364230,2025-09-10 22:30:00,73.6683333433334,1484.865,577.8633333333332,2767.612383477852,3517.612383467852,749.99999999,False,True
364240,2025-09-10 22:40:00,79.43568750999997,1483.0818041666666,570.3127833333333,3517.612383467852,4267.612383457852,749.99999999,False,True
364260,2025-09-10 23:00:00,1.8514881052380963,1496.4881547619048,661.3033333333333,4305.1264148774235,5055.126414867424,749.99999999,False,True
364290,2025-09-10 23:30:00,77.5615476290477,1482.634880952381,571.74,5182.828794095869,5932.828794085869,749.99999999,False,True
364300,2025-09-10 23:40:00,82.6344500099999,1484.03875,568.0709666666667,5932.828794085869,6682.828794075869,749.99999999,False,True
365640,2025-09-11 22:00:00,59.61255953380964,1484.420892857143,591.4749999999999,1280.232094412937,2030.232094402937,749.99999999,False,True
365650,2025-09-11 22:10:00,37.29632381952387,1485.9127238095239,615.2830666666666,2030.232094402937,2780.232094392937,749.99999999,False,True
365670,2025-09-11 22:30:00,39.46303572428564,1479.1480357142857,606.3516666666667,2807.702753133937,3557.7027531239373,749.99999999,False,True
365680,2025-09-11 22:40:00,28.20177798619033,1476.3086113095237,614.7735,3557.7027531239373,4307.702753113937,749.99999999,False,True
365700,2025-09-11 23:00:00,96.69589286714289,1493.5192261904763,563.49,4357.726178104937,5107.7261780949375,749.99999999,False,True
365730,2025-09-11 23:30:00,41.9605357242857,1477.6972023809524,602.4033333333333,5325.350301627049,6075.350301617049,749.99999999,False,True
365740,2025-09-11 23:40:00,49.262432748095414,1479.506499404762,596.9107333333333,6075.350301617049,6825.350301607049,749.99999999,False,True
365990,2025-09-12 03:50:00,16.30058092068696,600.4661172619047,455.0160333333333,10683.765447283904,10799.999999991,116.234552707096,True,False
366000,2025-09-12 04:00:00,111.13744046809015,601.9041071428571,490.76666666666665,10799.999999991,10799.999999991,0.0,True,False
366010,2025-09-12 04:10:00,124.52759165856642,599.6227083333334,475.0951166666667,10799.999999991,10799.999999991,0.0,True,False
366020,2025-09-12 04:20:00,145.53708808713765,600.467838095238,454.93075,10799.999999991,10799.999999991,0.0,True,False
366030,2025-09-12 04:30:00,148.20190475380426,603.4369047619045,455.23499999999996,10799.999999991,10799.999999991,0.0,True,False
366040,2025-09-12 04:40:00,145.21795475380426,600.4776714285713,455.2597166666667,10799.999999991,10799.999999991,0.0,True,False
366050,2025-09-12 04:50:00,145.46184403951875,595.7487273809525,450.2868833333333,10799.999999991,10799.999999991,0.0,True,False
366060,2025-09-12 05:00:00,141.2313690395185,591.9830357142855,450.75166666666667,10799.999999991,10799.999999991,0.0,True,False
366070,2025-09-12 05:10:00,123.86740772999494,589.0074077380953,465.14,10799.999999991,10799.999999991,0.0,True,False
366080,2025-09-12 05:20:00,140.17527082523304,594.4158208333333,454.24055,10799.999999991,10799.999999991,0.0,True,False
366090,2025-09-12 05:30:00,169.6732440395186,593.3999107142856,423.7266666666667,10799.999999991,10799.999999991,0.0,True,False
366100,2025-09-12 05:40:00,608.2726510602051,1029.7361510683054,421.46349999999995,10799.999999991,10799.999999991,0.0,True,False
366780,2025-09-12 17:00:00,96.79624999099943,593.6695833333334,496.8733333333333,10799.99999999,10799.99999999,0.0,True,False
366790,2025-09-12 17:10:00,142.14205772909443,648.1140744047618,505.97201666666666,10799.99999999,10799.99999999,0.0,True,False
366800,2025-09-12 17:20:00,193.62817201480874,702.0030553571428,508.3748833333333,10799.99999999,10799.99999999,0.0,True,False
366810,2025-09-12 17:30:00,284.9906696338561,763.2173363095235,478.2266666666667,10799.99999999,10799.99999999,0.0,True,False
366820,2025-09-12 17:40:00,357.8968214195707,842.2936714285713,484.39685,10799.99999999,10799.99999999,0.0,True,False
366830,2025-09-12 17:50:00,272.54822380052315,804.8657904761905,532.3175666666666,10799.99999999,10799.99999999,0.0,True,False
366840,2025-09-12 18:00:00,141.64165177671353,706.3233184523809,564.6816666666666,10799.99999999,10799.99999999,0.0,True,False
366850,2025-09-12 18:10:00,223.38544880052302,745.7999654761903,522.4145166666666,10799.99999999,10799.99999999,0.0,True,False
366860,2025-09-12 18:20:00,281.53090713385654,797.0890404761906,515.5581333333333,10799.99999999,10799.99999999,0.0,True,False
366870,2025-09-12 18:30:00,247.6893303481422,796.8693303571429,549.18,10799.99999999,10799.99999999,0.0,True,False
366880,2025-09-12 18:40:00,277.91222439576137,801.9256744047619,524.0134499999999,10799.99999999,10799.99999999,0.0,True,False
367080,2025-09-12 22:00:00,169.49505953380947,1479.4717261904761,476.6433333333333,6561.815521905572,7311.815521895572,749.99999999,False,True
367090,2025-09-12 22:10:00,162.5186107242855,1482.4769773809521,486.6250333333333,7311.815521895572,8061.815521885572,749.99999999,False,True
367110,2025-09-12 22:30:00,184.5041666766666,1475.4058333333332,457.56833333333327,8223.407551876571,8973.40755186657,749.99999999,False,True
367120,2025-09-12 22:40:00,171.84719405761916,1470.5884273809525,465.4079,8973.40755186657,9723.40755185657,749.99999999,False,True
367140,2025-09-12 23:00:00,205.11333334333335,1486.1516666666666,447.705,9889.007932740427,10639.007932731427,749.999999991,False,True
367160,2025-09-12 23:20:00,309.5000413371338,797.1461476276114,486.88811666666663,10799.31780932957,10799.999999991,0.6821906614298996,True,False
367170,2025-09-12 23:30:00,1011.7794047538043,1474.192738095238,462.4133333333333,10799.999999991,10799.999999991,0.0,True,False
367180,2025-09-12 23:40:00,1046.192396420471,1473.2464464285713,427.05405,10799.999999991,10799.999999991,0.0,True,False
367190,2025-09-12 23:50:00,238.88911665856628,641.4536999999999,402.5645833333333,10799.999999991,10799.999999991,0.0,True,False
367200,2025-09-13 00:00:00,230.00666665856627,641.4416666666666,411.435,10799.999999991,10799.999999991,0.0,True,False
367210,2025-09-13 00:10:00,179.23887677761397,636.4022101190476,457.1633333333333,10799.999999991,10799.999999991,0.0,True,False
367220,2025-09-13 00:20:00,168.72000296809026,629.7856196428572,461.06561666666664,10799.999999991,10799.999999991,0.0,True,False
367230,2025-09-13 00:30:00,202.65374999189973,624.4754166666667,421.8216666666666,10799.999999991,10799.999999991,0.0,True,False
367240,2025-09-13 00:40:00,207.10980237285182,621.5032523809522,414.39345000000003,10799.999999991,10799.999999991,0.0,True,False
367250,2025-09-13 00:50:00,196.23032142047109,623.4225880952381,427.1922666666667,10799.999999991,10799.999999991,0.0,True,False
367260,2025-09-13 01:00:00,198.44035713475685,626.0203571428572,427.58,10799.999999991,10799.999999991,0.0,True,False
367270,2025-09-13 01:10:00,218.22621784904263,621.2737345238096,403.04751666666664,10799.999999991,10799.999999991,0.0,True,False
367280,2025-09-13 01:20:00,203.30955058713786,614.4908172619048,411.1812666666666,10799.999999991,10799.999999991,0.0,True,False
367290,2025-09-13 01:30:00,170.20678570618557,611.6717857142859,441.465,10799.999999991,10799.999999991,0.0,True,False
367300,2025-09-13 01:40:00,185.87239582523316,613.4320958333335,427.5597,10799.999999991,10799.999999991,0.0,True,False
367310,2025-09-13 01:50:00,191.02220951570914,610.3898261904761,419.36761666666666,10799.999999991,10799.999999991,0.0,True,False
367320,2025-09-13 02:00:00,174.9863095157091,605.7896428571428,430.80333333333334,10799.999999991,10799.999999991,0.0,True,False
367330,2025-09-13 02:10:00,187.19586249189953,611.9727791666666,424.7769166666667,10799.999999991,10799.999999991,0.0,True,False
367340,2025-09-13 02:20:00,195.13554582523292,617.7342624999999,422.59871666666663,10799.999999991,10799.999999991,0.0,True,False
367350,2025-09-13 02:30:00,190.15303570618536,616.0930357142856,425.93999999999994,10799.999999991,10799.999999991,0.0,True,False
367360,2025-09-13 02:40:00,196.6682797538045,610.5399130952381,413.8716333333333,10799.999999991,10799.999999991,0.0,True,False
367370,2025-09-13 02:50:00,192.01978213475687,605.3520488095238,413.3322666666666,10799.999999991,10799.999999991,0.0,True,False
367380,2025-09-13 03:00:00,177.50535713475674,604.9886904761904,427.48333333333335,10799.999999991,10799.999999991,0.0,True,False
367390,2025-09-13 03:10:00,179.73373749189957,610.1574041666665,430.42366666666663,10799.999999991,10799.999999991,0.0,True,False
367400,2025-09-13 03:20:00,182.35444463475673,606.9888113095237,424.63436666666666,10799.999999991,10799.999999991,0.0,True,False
367410,2025-09-13 03:30:00,173.91517856332823,596.7018452380952,422.78666666666663,10799.999999991,10799.999999991,0.0,True,False
367420,2025-09-13 03:40:00,163.29012499189966,594.8121083333333,431.5219833333333,10799.999999991,10799.999999991,0.0,True,False
367430,2025-09-13 03:50:00,174.26035653951882,599.0309898809525,424.7706333333333,10799.999999991,10799.999999991,0.0,True,False
367440,2025-09-13 04:00:00,182.83113094428072,601.111130952381,418.28,10799.999999991,10799.999999991,0.0,True,False
368220,2025-09-13 17:00:00,58.10744046718967,592.2507738095237,534.1433333333333,10799.99999999,10799.99999999,0.0,True,False
368230,2025-09-13 17:10:00,94.5440178481422,648.9440011904762,554.3999833333332,10799.99999999,10799.99999999,0.0,True,False
368240,2025-09-13 17:20:00,156.98560058623735,703.2179672619047,546.2323666666666,10799.99999999,10799.99999999,0.0,True,False
368250,2025-09-13 17:30:00,274.2868898719515,762.3935565476188,488.1066666666666,10799.99999999,10799.99999999,0.0,True,False
368260,2025-09-13 17:40:00,353.51800951480874,841.0101095238094,487.4921,10799.99999999,10799.99999999,0.0,True,False
368270,2025-09-13 17:50:00,281.49119106242784,804.3293744047618,522.8381833333333,10799.99999999,10799.99999999,0.0,True,False
368280,2025-09-13 18:00:00,163.49749999099927,706.3058333333333,542.8083333333333,10799.99999999,10799.99999999,0.0,True,False
368290,2025-09-13 18:10:00,224.55460534814208,745.1120553571428,520.55745,10799.99999999,10799.99999999,0.0,True,False
368300,2025-09-13 18:20:00,287.1200482052852,795.0353315476192,507.9152833333333,10799.99999999,10799.99999999,0.0,True,False
368310,2025-09-13 18:30:00,270.02214284814204,793.4438095238094,523.4216666666666,10799.99999999,10799.99999999,0.0,True,False
368320,2025-09-13 18:40:00,262.63199582433253,797.2269958333333,534.595,10799.99999999,10799.99999999,0.0,True,False
368520,2025-09-13 22:00:00,156.05535715285725,1476.707023809524,487.31833333333327,6607.7626733143015,7357.762673304302,749.99999999,False,True
368530,2025-09-13 22:10:00,171.95024346238085,1478.8013767857142,473.51779999999997,7357.762673304302,8107.762673294302,749.99999999,False,True
368550,2025-09-13 22:30:00,228.63392858142856,1471.5955952380953,409.62833333333333,8304.435162571015,9054.435162562015,749.999999991,False,True
368560,2025-09-13 22:40:00,168.62599465285712,1467.2845279761905,465.3252,9054.435162562015,9804.435162553014,749.999999991,False,True
368580,2025-09-13 23:00:00,202.6191666766665,1480.5841666666665,444.63166666666666,9943.023466294015,10693.023466285014,749.999999991,False,True
368590,2025-09-13 23:10:00,101.9279526282698,646.2935845238094,425.50281666666666,10693.023466285014,10799.999999991,106.97653370598563,True,False
368600,2025-09-13 23:20:00,418.41536985956185,851.1677365343288,432.75236666666666,10799.999999991,10799.999999991,0.0,True,False
368610,2025-09-13 23:30:00,1039.737559515709,1469.7708928571428,430.0333333333333,10799.999999991,10799.999999991,0.0,True,False
368620,2025-09-13 23:40:00,1068.3183601109472,1467.7836601190475,399.46529999999996,10799.999999991,10799.999999991,0.0,True,False
368630,2025-09-13 23:50:00,182.71705296808997,634.3426863095236,451.6256333333333,10799.999999991,10799.999999991,0.0,True,False
368640,2025-09-14 00:00:00,58.641964277613944,633.9086309523809,575.2666666666667,10799.999999991,10799.999999991,0.0,True,False
368660,2025-09-14 00:20:00,17.491796404173915,625.3542482142857,605.0722166666667,10797.4887883619,10799.999999991,2.511211629100576,True,False
368670,2025-09-14 00:30:00,56.01172618237579,618.7667261904761,562.755,10799.999999991,10799.999999991,0.0,True,False
368680,2025-09-14 00:40:00,23.82330356332816,615.6553369047618,591.8320333333334,10799.999999991,10799.999999991,0.0,True,False
368690,2025-09-14 00:50:00,32.68374225380453,618.9215089285715,586.2377666666666,10799.999999991,10799.999999991,0.0,True,False
368700,2025-09-14 01:00:00,76.71892856332826,621.7905952380952,545.0716666666666,10799.999999991,10799.999999991,0.0,True,False
368710,2025-09-14 01:10:00,42.82768749189959,613.9909541666666,571.1632666666667,10799.999999991,10799.999999991,0.0,True,False
368720,2025-09-14 01:20:00,34.46048749189956,607.8951541666665,573.4346666666667,10799.999999991,10799.999999991,0.0,True,False
368730,2025-09-14 01:30:00,60.348869039518696,608.7422023809523,548.3933333333333,10799.999999991,10799.999999991,0.0,True,False
368740,2025-09-14 01:40:00,23.53901011094738,609.3786767857143,585.8396666666666,10799.999999991,10799.999999991,0.0,True,False
368750,2025-09-14 01:50:00,2.534324396661509,605.0793410714285,602.5450166666667,10799.999999991,10799.999999991,0.0,True,False
368760,2025-09-14 02:00:00,21.375476182375998,601.2088095238096,579.8333333333333,10799.999999991,10799.999999991,0.0,True,False
368770,2025-09-14 02:10:00,22.423959515709136,607.3512761904761,584.9273166666667,10799.999999991,10799.999999991,0.0,True,False
368780,2025-09-14 02:20:00,20.47823808713779,612.9899547619048,592.5117166666666,10799.999999991,10799.999999991,0.0,True,False
368790,2025-09-14 02:30:00,31.88565475380458,611.2389880952381,579.3533333333332,10799.999999991,10799.999999991,0.0,True,False
368800,2025-09-14 02:40:00,47.992486301423675,604.8873529761906,556.8948666666666,10799.999999991,10799.999999991,0.0,True,False
368810,2025-09-14 02:50:00,33.2191821347569,600.2457321428572,567.0265499999999,10799.999999991,10799.999999991,0.0,True,False
368820,2025-09-14 03:00:00,0.9983333252328975,601.1716666666665,600.1733333333333,10799.999999991,10799.999999991,0.0,True,False
368830,2025-09-14 03:10:00,1.1956113014234462,605.7877113095237,604.5921,10799.999999991,10799.999999991,0.0,True,False
368840,2025-09-14 03:20:00,8.085335110947176,602.8841351190475,594.7988,10799.999999991,10799.999999991,0.0,True,False
369960,2025-09-14 22:00:00,25.320773819523986,1473.2524404761907,614.5983333333334,1264.2940434187624,2014.2940434087623,749.99999999,False,True
369970,2025-09-14 22:10:00,14.384485129047441,1473.8335184523808,626.1157,2014.2940434087623,2764.2940433987624,749.99999999,False,True
370000,2025-09-14 22:40:00,55.596994057618865,1463.1553607142855,574.2250333333333,3505.4996016019313,4255.499601591931,749.99999999,False,True
370020,2025-09-14 23:00:00,22.55178572428553,1475.2084523809522,619.3233333333333,4313.945623011503,5063.945623001503,749.99999999,False,True
370060,2025-09-14 23:40:00,20.56946905761901,1462.9417023809524,609.0389,6068.91017919572,6818.91017918572,749.99999999,False,True
371400,2025-09-15 22:00:00,68.49613096238078,1467.9077976190474,566.0783333333333,1273.57203479654,2023.57203478654,749.99999999,False,True
371410,2025-09-15 22:10:00,59.623836319523654,1469.2039529761903,576.2467833333333,2023.57203478654,2773.57203477654,749.99999999,False,True
371430,2025-09-15 22:30:00,16.700595248095162,1461.3705952380951,611.3366666666666,2805.55797851754,3555.55797850754,749.99999999,False,True
371460,2025-09-15 23:00:00,31.82422620047611,1469.219226190476,604.0616666666666,4308.149983310968,5058.149983300968,749.99999999,False,True
371490,2025-09-15 23:30:00,6.411607152857065,1461.0499404761904,621.305,5447.593671347766,6197.593671337766,749.99999999,False,True
371500,2025-09-15 23:40:00,33.66789405761903,1457.2551607142857,590.2539333333333,6197.593671337766,6947.593671327766,749.99999999,False,True
372850,2025-09-16 22:10:00,31.175277390952253,1464.2378273809522,599.7292166666666,1939.1690892878253,2689.169089277825,749.99999999,False,True
372870,2025-09-16 22:30:00,9.871011914762214,1456.4526785714288,613.2483333333332,2722.313557483111,3472.313557473111,749.99999999,False,True
372880,2025-09-16 22:40:00,7.45774167666672,1453.4089583333334,612.6178833333333,3472.313557473111,4222.313557463111,749.99999999,False,True
372900,2025-09-16 23:00:00,10.979642867142609,1463.3346428571426,619.0216666666666,4230.819958882682,4980.819958872682,749.99999999,False,True
372940,2025-09-16 23:40:00,13.547198224285914,1452.3748815476192,605.4943499999999,6146.711929634899,6896.711929624899,749.99999999,False,True
374280,2025-09-17 22:00:00,19.512797629047547,1457.596130952381,604.75,1200.000000011111,1950.000000001111,749.99999999,False,True
374290,2025-09-17 22:10:00,33.74583036714295,1459.0366136904763,591.95745,1950.000000001111,2699.999999991111,749.99999999,False,True
374310,2025-09-17 22:30:00,43.574702390952545,1451.7413690476192,574.8333333333333,2744.405687124968,3494.4056871149683,749.99999999,False,True
374380,2025-09-17 23:40:00,4.948848819523724,1447.4243654761904,609.1421833333333,6154.67575836606,6904.67575835606,749.99999999,False,True
375720,2025-09-18 22:00:00,62.324107152856975,1452.5474404761903,556.89,1200.000000011111,1950.000000001111,749.99999999,False,True
375730,2025-09-18 22:10:00,16.607287509999985,1453.3291875,603.3885666666666,1950.000000001111,2699.999999991111,749.99999999,False,True
375750,2025-09-18 22:30:00,2.730535724285793,1445.6788690476192,609.615,2666.3282500022224,3416.3282499922225,749.99999999,False,True
375760,2025-09-18 22:40:00,42.775735724285816,1444.369919047619,568.2608499999999,3416.3282499922225,4166.328249982223,749.99999999,False,True
375780,2025-09-18 23:00:00,24.602619057618988,1455.9192857142857,597.9833333333333,4210.298747473223,4960.298747463223,749.99999999,False,True
375810,2025-09-18 23:30:00,25.87011905761903,1449.9717857142857,590.7683333333333,5452.640754838885,6202.640754828885,749.99999999,False,True
376120,2025-09-19 04:40:00,28.08311688902227,581.9497166666666,484.6115,10737.67041019112,10799.999999991,62.32958979987996,True,False
376130,2025-09-19 04:50:00,98.36302677761395,577.912243452381,479.54921666666667,10799.999999991,10799.999999991,0.0,True,False
376140,2025-09-19 05:00:00,110.179702372852,577.3763690476189,467.1966666666666,10799.999999991,10799.999999991,0.0,True,False
376150,2025-09-19 05:10:00,140.70627677761377,574.164226785714,433.45795,10799.999999991,10799.999999991,0.0,True,False
376160,2025-09-19 05:20:00,148.51243987285213,581.8794898809524,433.36704999999995,10799.999999991,10799.999999991,0.0,True,False
376170,2025-09-19 05:30:00,126.18553570618533,585.5455357142856,459.35999999999996,10799.999999991,10799.999999991,0.0,True,False
376180,2025-09-19 05:40:00,944.8458345157094,1393.6392345238096,448.7934,10799.999999991,10799.999999991,0.0,True,False
376860,2025-09-19 17:00:00,48.78150296718989,597.4515029761906,548.67,10799.99999999,10799.99999999,0.0,True,False
376870,2025-09-19 17:10:00,153.7001618957612,650.9239952380952,497.2238333333333,10799.99999999,10799.99999999,0.0,True,False
376880,2025-09-19 17:20:00,237.5454648719515,702.0112648809522,464.4658,10799.99999999,10799.99999999,0.0,True,False
376890,2025-09-19 17:30:00,279.3166666576658,760.0866666666665,480.77,10799.99999999,10799.99999999,0.0,True,False
376900,2025-09-19 17:40:00,312.3546357052849,834.9463023809524,522.5916666666667,10799.99999999,10799.99999999,0.0,True,False
376910,2025-09-19 17:50:00,268.23897439576103,796.5672910714284,528.3283166666666,10799.99999999,10799.99999999,0.0,True,False
376920,2025-09-19 18:00:00,184.03558034814216,698.0139136904761,513.9783333333332,10799.99999999,10799.99999999,0.0,True,False
376930,2025-09-19 18:10:00,185.63368153861833,730.8218482142856,545.1881666666666,10799.99999999,10799.99999999,0.0,True,False
376940,2025-09-19 18:20:00,227.6086017767134,772.2851184523809,544.6765166666667,10799.99999999,10799.99999999,0.0,True,False
376950,2025-09-19 18:30:00,250.8984523719516,763.8401190476189,512.9416666666666,10799.99999999,10799.99999999,0.0,True,False
376960,2025-09-19 18:40:00,235.258391657666,764.7084416666667,529.4500499999999,10799.99999999,10799.99999999,0.0,True,False
377160,2025-09-19 22:00:00,155.23089286714298,1444.5192261904763,455.955,6107.5744099479,6857.5744099379,749.99999999,False,True
377170,2025-09-19 22:10:00,182.58717560523803,1447.3878922619047,431.46738333333326,6857.5744099379,7607.5744099279,749.99999999,False,True
377190,2025-09-19 22:30:00,111.35321429571421,1441.2632142857142,496.57666666666665,7769.6742150974715,8519.67421508747,749.99999999,False,True
377200,2025-09-19 22:40:00,97.97961131952376,1438.4276613095237,507.1147166666666,8519.67421508747,9269.67421507747,749.99999999,False,True
377220,2025-09-19 23:00:00,171.70208334333347,1451.3354166666668,446.3,9390.88923381847,10140.88923380947,749.999999991,False,True
377240,2025-09-19 23:20:00,234.01634050785663,1226.1282029417787,431.03863333333334,10295.03409380047,10799.999999991,504.96590619052984,True,False
377250,2025-09-19 23:30:00,1042.5569047538045,1444.9352380952382,402.37833333333333,10799.999999991,10799.999999991,0.0,True,False
377260,2025-09-19 23:40:00,1034.7133726109473,1438.3423892857143,403.62901666666664,10799.999999991,10799.999999991,0.0,True,False
377270,2025-09-19 23:50:00,185.91752380142347,600.7111571428571,414.79363333333333,10799.999999991,10799.999999991,0.0,True,False
377280,2025-09-20 00:00:00,168.85410713475673,601.609107142857,432.755,10799.999999991,10799.999999991,0.0,True,False
377290,2025-09-20 00:10:00,134.47270356332828,603.1077702380952,468.6350666666666,10799.999999991,10799.999999991,0.0,True,False
377300,2025-09-20 00:20:00,136.07667975380448,595.6931464285715,459.61646666666667,10799.999999991,10799.999999991,0.0,True,False
377310,2025-09-20 00:30:00,171.5509523728521,584.2892857142857,412.7383333333333,10799.999999991,10799.999999991,0.0,True,False
377320,2025-09-20 00:40:00,178.94872856332833,584.0235452380953,405.0748166666666,10799.999999991,10799.999999991,0.0,True,False
377330,2025-09-20 00:50:00,150.83248094428072,588.650080952381,437.81759999999997,10799.999999991,10799.999999991,0.0,True,False
377340,2025-09-20 01:00:00,125.88202380142346,591.3403571428571,465.4583333333333,10799.999999991,10799.999999991,0.0,True,False
377350,2025-09-20 01:10:00,148.2426113014234,590.058294642857,441.8156833333333,10799.999999991,10799.999999991,0.0,True,False
377360,2025-09-20 01:20:00,160.12291844428054,582.6284017857142,422.50548333333336,10799.999999991,10799.999999991,0.0,True,False
377370,2025-09-20 01:30:00,144.97369046809015,576.3170238095238,431.3433333333333,10799.999999991,10799.999999991,0.0,True,False
377380,2025-09-20 01:40:00,140.5842946347568,581.1564946428571,440.57219999999995,10799.999999991,10799.999999991,0.0,True,False
377390,2025-09-20 01:50:00,135.03047261094738,581.0833226190477,446.05285000000003,10799.999999991,10799.999999991,0.0,True,False
377400,2025-09-20 02:00:00,131.1861309442805,575.3311309523808,444.145,10799.999999991,10799.999999991,0.0,True,False
377410,2025-09-20 02:10:00,147.84935892047113,579.0980422619048,431.2486833333333,10799.999999991,10799.999999991,0.0,True,False
377420,2025-09-20 02:20:00,156.85779344428065,584.0717601190477,427.2139666666667,10799.999999991,10799.999999991,0.0,True,False
377430,2025-09-20 02:30:00,145.22630951570918,583.4363095238095,438.21000000000004,10799.999999991,10799.999999991,0.0,True,False
377440,2025-09-20 02:40:00,131.95235951570916,579.0077095238095,447.05535,10799.999999991,10799.999999991,0.0,True,False
377450,2025-09-20 02:50:00,151.91553808713778,576.4678047619047,424.55226666666664,10799.999999991,10799.999999991,0.0,True,False
377460,2025-09-20 03:00:00,172.01553570618532,577.7705357142856,405.755,10799.999999991,10799.999999991,0.0,True,False
377470,2025-09-20 03:10:00,125.5787071347568,579.9185238095238,454.33981666666665,10799.999999991,10799.999999991,0.0,True,False
377480,2025-09-20 03:20:00,94.42432677761391,578.7773434523809,484.3530166666667,10799.999999991,10799.999999991,0.0,True,False
377490,2025-09-20 03:30:00,111.40083332523298,575.1058333333333,463.705,10799.999999991,10799.999999991,0.0,True,False
377500,2025-09-20 03:40:00,129.6881351109473,573.7823184523809,444.09418333333326,10799.999999991,10799.999999991,0.0,True,False
377510,2025-09-20 03:50:00,131.95030653951878,575.6030065476191,443.6527,10799.999999991,10799.999999991,0.0,True,False
377520,2025-09-20 04:00:00,123.55523808713778,579.0852380952381,455.53,10799.999999991,10799.999999991,0.0,True,False
378300,2025-09-20 17:00:00,86.20861606242792,599.226949404762,513.0183333333333,10799.99999999,10799.99999999,0.0,True,False
378310,2025-09-20 17:10:00,138.0262672529041,650.7466672619048,512.7203999999999,10799.99999999,10799.99999999,0.0,True,False
378320,2025-09-20 17:20:00,172.2881380862372,700.0308047619046,527.7426666666667,10799.99999999,10799.99999999,0.0,True,False
378330,2025-09-20 17:30:00,252.04580356242766,758.9291369047617,506.8833333333333,10799.99999999,10799.99999999,0.0,True,False
378340,2025-09-20 17:40:00,346.1741178481419,835.060001190476,488.88588333333337,10799.99999999,10799.99999999,0.0,True,False
378350,2025-09-20 17:50:00,283.45764522909445,796.5923785714285,513.1347333333333,10799.99999999,10799.99999999,0.0,True,False
378360,2025-09-20 18:00:00,139.5125892767135,696.5959226190475,557.0833333333333,10799.99999999,10799.99999999,0.0,True,False
378370,2025-09-20 18:10:00,171.9738589195708,727.8495255952381,555.8756666666666,10799.99999999,10799.99999999,0.0,True,False
378380,2025-09-20 18:20:00,247.64185891957072,767.7563755952381,520.1145166666666,10799.99999999,10799.99999999,0.0,True,False
378390,2025-09-20 18:30:00,272.90690475290404,758.510238095238,485.6033333333333,10799.99999999,10799.99999999,0.0,True,False
378400,2025-09-20 18:40:00,275.68420058623724,760.5109339285713,484.8267333333333,10799.99999999,10799.99999999,0.0,True,False
378600,2025-09-20 22:00:00,127.48678572428592,1440.3017857142859,479.4816666666666,6018.000450973032,6768.000450963032,749.99999999,False,True
378610,2025-09-20 22:10:00,149.56687977190484,1440.7766130952382,457.8764,6768.000450963032,7518.000450953032,749.99999999,False,True
378630,2025-09-20 22:30:00,138.48035715285744,1435.467023809524,463.6533333333333,7673.8777054083175,8423.877705398318,749.99999999,False,True
378640,2025-09-20 22:40:00,151.60800358142853,1435.0176869047618,450.07634999999993,8423.877705398318,9173.877705388317,749.99999999,False,True
378660,2025-09-20 23:00:00,199.85089286714287,1447.5075595238095,414.3233333333333,9341.133985557888,10091.133985548888,749.999999991,False,True
378680,2025-09-20 23:20:00,302.6938936649515,1317.5842271820597,414.42758333333336,10259.583524825603,10799.999999991,540.4164751653974,True,False
378690,2025-09-20 23:30:00,1050.564047610947,1439.0757142857142,388.51166666666666,10799.999999991,10799.999999991,0.0,True,False
378700,2025-09-20 23:40:00,1026.6086976109473,1432.3197976190477,405.7111,10799.999999991,10799.999999991,0.0,True,False
378710,2025-09-20 23:50:00,94.08578094428069,595.2955976190476,501.2098166666666,10799.999999991,10799.999999991,0.0,True,False
378730,2025-09-21 00:10:00,23.265216282187005,599.1828916666666,574.64585,10798.855357144968,10799.999999991,1.1446428460316318,True,False
378740,2025-09-21 00:20:00,46.950364277613836,590.5078309523808,543.5574666666666,10799.999999991,10799.999999991,0.0,True,False
378750,2025-09-21 00:30:00,9.742440468090171,577.3207738095238,567.5783333333333,10799.999999991,10799.999999991,0.0,True,False
378800,2025-09-21 01:20:00,4.223176658131268,578.3303541666667,557.6459666666666,10785.184910233318,10799.999999991,14.815089757681921,True,False
380050,2025-09-21 22:10:00,12.149614295714393,1438.488530952381,593.0055833333333,1949.4529285735398,2699.45292856354,749.99999999,False,True
380070,2025-09-21 22:30:00,21.136250010000133,1430.1079166666668,575.6383333333333,2711.8982458759683,3461.8982458659684,749.99999999,False,True
380080,2025-09-21 22:40:00,17.726588700476206,1429.7933886904761,578.7334666666666,3461.8982458659684,4211.8982458559685,749.99999999,False,True
380120,2025-09-21 23:20:00,36.213998657306426,1427.467965313973,557.9206333333333,4962.22564132527,5712.2256413162695,749.999999991,False,True
380130,2025-09-21 23:30:00,20.39083334333349,1432.6358333333335,578.9116666666666,5712.2256413162695,6462.22564130627,749.99999999,False,True
380140,2025-09-21 23:40:00,6.467479176666521,1426.0536458333331,586.2528333333332,6462.22564130627,7212.22564129627,749.99999999,False,True
381490,2025-09-22 22:10:00,42.50774346238085,1434.3393767857142,558.4983,1919.1141428592541,2669.114142849254,749.99999999,False,True
381510,2025-09-22 22:30:00,23.01607143857165,1422.9177380952383,566.5683333333333,2723.71535355454,3473.71535354454,749.99999999,False,True
381520,2025-09-22 22:40:00,18.33220834333337,1423.5941583333333,571.9286166666666,3473.71535354454,4223.71535353454,749.99999999,False,True
382930,2025-09-23 22:10:00,41.717896438571636,1428.4927964285716,553.4415666666666,1909.198875002111,2659.198874992111,749.99999999,False,True
382980,2025-09-23 23:00:00,30.544761914761914,1433.2280952380952,569.3499999999999,4224.633006606465,4974.633006596465,749.99999999,False,True
383000,2025-09-23 23:20:00,13.86092262904753,1423.6958226190475,576.5015666666666,5000.664332837465,5750.664332827465,749.99999999,False,True
384390,2025-09-24 22:30:00,22.442083343333472,1416.8287500000001,561.0533333333333,2712.82413480554,3462.82413479554,749.99999999,False,True
384420,2025-09-24 23:00:00,3.522797629047651,1427.8644642857143,591.0083333333333,4293.9293229984505,5043.929322988451,749.99999999,False,True
384450,2025-09-24 23:30:00,19.08970239095253,1418.5563690476192,566.1333333333333,5771.624055020985,6521.624055010985,749.99999999,False,True
384820,2025-09-25 05:40:00,21.42320655761886,1387.5121232142856,532.7555833333333,6131.427254087285,6881.427254077285,749.99999999,False,True
385810,2025-09-25 22:10:00,29.637327390952343,1415.222644047619,552.2519833333333,1937.7089464306828,2687.708946420683,749.99999999,False,True
386190,2025-09-26 04:30:00,67.37066956657792,571.7874404761903,428.49666666666667,10731.671906172349,10799.999999991,68.32809381865117,True,False
386200,2025-09-26 04:40:00,114.378521420471,568.5484714285714,454.16995,10799.999999991,10799.999999991,0.0,True,False
386210,2025-09-26 04:50:00,91.14089225380454,567.3048255952382,476.1639333333333,10799.999999991,10799.999999991,0.0,True,False
386220,2025-09-26 05:00:00,102.30101189666155,567.8710119047619,465.57,10799.999999991,10799.999999991,0.0,True,False
386230,2025-09-26 05:10:00,111.38231487285195,565.8534648809523,454.47114999999997,10799.999999991,10799.999999991,0.0,True,False
386240,2025-09-26 05:20:00,117.06479999189978,570.4248333333334,453.36003333333326,10799.999999991,10799.999999991,0.0,True,False
386250,2025-09-26 05:30:00,112.67577380142339,570.1507738095237,457.47499999999997,10799.999999991,10799.999999991,0.0,True,False
386260,2025-09-26 05:40:00,931.4722970157093,1385.7275803571429,454.2552833333333,10799.999999991,10799.999999991,0.0,True,False
386940,2025-09-26 17:00:00,84.95276784814195,598.081101190476,513.1283333333333,10799.99999999,10799.99999999,0.0,True,False
386950,2025-09-26 17:10:00,186.66154701480866,649.3199803571428,462.65843333333333,10799.99999999,10799.99999999,0.0,True,False
386960,2025-09-26 17:20:00,239.3855148719517,698.2565648809524,458.87104999999997,10799.99999999,10799.99999999,0.0,True,False
386970,2025-09-26 17:30:00,274.16101189576125,756.8343452380952,482.6733333333333,10799.99999999,10799.99999999,0.0,True,False
386980,2025-09-26 17:40:00,355.6174243957611,830.0607244047618,474.44329999999997,10799.99999999,10799.99999999,0.0,True,False
386990,2025-09-26 17:50:00,344.3388886814753,789.4470720238094,445.10818333333333,10799.99999999,10799.99999999,0.0,True,False
387000,2025-09-26 18:00:00,244.24556546718978,687.0522321428572,442.8066666666667,10799.99999999,10799.99999999,0.0,True,False
387010,2025-09-26 18:10:00,211.2142184433802,710.2968017857143,499.08258333333333,10799.99999999,10799.99999999,0.0,True,False
387020,2025-09-26 18:20:00,231.6857779671896,741.2216113095237,509.53583333333336,10799.99999999,10799.99999999,0.0,True,False
387030,2025-09-26 18:30:00,250.29767856242788,726.5543452380953,476.25666666666666,10799.99999999,10799.99999999,0.0,True,False
387040,2025-09-26 18:40:00,230.38163927671346,731.0406726190475,500.65903333333335,10799.99999999,10799.99999999,0.0,True,False
387240,2025-09-26 22:00:00,89.01744048619058,1411.4841071428573,489.1333333333333,5417.138279141021,6167.138279131021,749.99999999,False,True
387250,2025-09-26 22:10:00,134.97198453380952,1407.8022845238095,439.49696666666665,6167.138279131021,6917.138279121021,749.99999999,False,True
387270,2025-09-26 22:30:00,111.67839286714307,1405.4617261904764,460.44999999999993,7049.938032504878,7799.938032494878,749.99999999,False,True
387280,2025-09-26 22:40:00,122.18881905761906,1406.1877357142857,450.6655833333333,7799.938032494878,8549.938032484877,749.99999999,False,True
387300,2025-09-26 23:00:00,140.80005953380942,1417.7750595238094,443.64166666666665,8956.241631563853,9706.241631554853,749.999999991,False,True
387320,2025-09-26 23:20:00,154.6934839385715,1409.688500595238,421.6616833333333,9843.541634581567,10593.541634571566,749.99999999,False,True
387330,2025-09-26 23:30:00,740.6766971541205,1407.8765476190474,437.8016666666666,10593.541634571566,10799.99999999,206.45836541843425,True,False
387340,2025-09-26 23:40:00,946.6752720148089,1403.237155357143,456.5618833333333,10799.99999999,10799.99999999,0.0,True,False
387350,2025-09-26 23:50:00,116.90791070528488,565.9690107142856,449.06109999999995,10799.99999999,10799.99999999,0.0,True,False
387360,2025-09-27 00:00:00,142.5305357052849,565.7705357142856,423.24,10799.99999999,10799.99999999,0.0,True,False
387370,2025-09-27 00:10:00,152.97148213385637,567.5147654761904,414.5432833333333,10799.99999999,10799.99999999,0.0,True,False
387380,2025-09-27 00:20:00,147.49812141957065,561.5005380952381,414.0024166666667,10799.99999999,10799.99999999,0.0,True,False
387390,2025-09-27 00:30:00,127.04672618147535,552.1417261904761,425.095,10799.99999999,10799.99999999,0.0,True,False
387400,2025-09-27 00:40:00,97.13946963385635,554.0697696428571,456.9303,10799.99999999,10799.99999999,0.0,True,False
387410,2025-09-27 00:50:00,109.13838570528495,558.8037523809523,449.66536666666667,10799.99999999,10799.99999999,0.0,True,False
387420,2025-09-27 01:00:00,131.3148809433803,557.994880952381,426.67999999999995,10799.99999999,10799.99999999,0.0,True,False
387430,2025-09-27 01:10:00,84.9288583243326,551.5425749999999,466.6137166666666,10799.99999999,10799.99999999,0.0,True,False
387440,2025-09-27 01:20:00,75.92908808623721,547.6840880952379,471.755,10799.99999999,10799.99999999,0.0,True,False
387450,2025-09-27 01:30:00,125.17178570528492,549.665119047619,424.49333333333334,10799.99999999,10799.99999999,0.0,True,False
387460,2025-09-27 01:40:00,143.85627677671349,553.7283267857142,409.87205,10799.99999999,10799.99999999,0.0,True,False
387470,2025-09-27 01:50:00,133.7822017767136,556.2453017857143,422.4631,10799.99999999,10799.99999999,0.0,True,False
387480,2025-09-27 02:00:00,121.06482141957073,556.0764880952381,435.01166666666666,10799.99999999,10799.99999999,0.0,True,False
387490,2025-09-27 02:10:00,122.14213451480882,554.8904345238095,432.7483,10799.99999999,10799.99999999,0.0,True,False
387500,2025-09-27 02:20:00,115.57809701480889,555.8216803571429,440.2435833333333,10799.99999999,10799.99999999,0.0,True,False
387510,2025-09-27 02:30:00,108.71339284814215,556.7017261904762,447.9883333333333,10799.99999999,10799.99999999,0.0,True,False
387520,2025-09-27 02:40:00,129.87390475290394,552.8651547619047,422.99125000000004,10799.99999999,10799.99999999,0.0,True,False
387530,2025-09-27 02:50:00,139.8000779671897,551.8589446428571,412.05886666666663,10799.99999999,10799.99999999,0.0,True,False
387540,2025-09-27 03:00:00,115.2161309433802,555.8494642857142,440.6333333333333,10799.99999999,10799.99999999,0.0,True,False
387550,2025-09-27 03:10:00,77.66192618147554,559.3566928571429,481.6947666666666,10799.99999999,10799.99999999,0.0,True,False
387560,2025-09-27 03:20:00,90.8019583243325,560.3187916666666,469.51683333333335,10799.99999999,10799.99999999,0.0,True,False
387570,2025-09-27 03:30:00,138.91886903861828,558.093869047619,419.175,10799.99999999,10799.99999999,0.0,True,False
387580,2025-09-27 03:40:00,139.37287201480873,553.8272220238094,414.45435,10799.99999999,10799.99999999,0.0,True,False
387590,2025-09-27 03:50:00,101.20307201480873,553.6587553571428,452.45568333333335,10799.99999999,10799.99999999,0.0,True,False
387600,2025-09-27 04:00:00,84.21101189576123,558.9226785714286,474.71166666666664,10799.99999999,10799.99999999,0.0,True,False
388380,2025-09-27 17:00:00,83.56540177671329,596.765401785714,513.1999999999999,10799.99999999,10799.99999999,0.0,True,False
388390,2025-09-27 17:10:00,155.89812856242767,647.4136952380951,491.5155666666667,10799.99999999,10799.99999999,0.0,True,False
388400,2025-09-27 17:20:00,229.5599488005229,697.365332142857,467.80538333333334,10799.99999999,10799.99999999,0.0,True,False
388410,2025-09-27 17:30:00,299.4993005862374,756.5426339285714,457.04333333333335,10799.99999999,10799.99999999,0.0,True,False
388420,2025-09-27 17:40:00,306.4006559433802,828.0198726190475,521.6192166666666,10799.99999999,10799.99999999,0.0,True,False
388430,2025-09-27 17:50:00,252.64083332433262,785.8721666666667,533.2313333333333,10799.99999999,10799.99999999,0.0,True,False
388440,2025-09-27 18:00:00,190.68796130052303,683.3746279761904,492.6866666666666,10799.99999999,10799.99999999,0.0,True,False
388450,2025-09-27 18:10:00,180.1723982052849,706.6183315476189,526.4459333333333,10799.99999999,10799.99999999,0.0,True,False
388460,2025-09-27 18:20:00,180.25458153861823,736.5189482142856,556.2643666666667,10799.99999999,10799.99999999,0.0,True,False
388470,2025-09-27 18:30:00,176.89916665766575,720.2924999999998,543.3933333333333,10799.99999999,10799.99999999,0.0,True,False
388480,2025-09-27 18:40:00,191.27828927671348,724.6620559523808,533.3837666666666,10799.99999999,10799.99999999,0.0,True,False
388680,2025-09-27 22:00:00,143.6751190576191,1407.4017857142858,430.3933333333333,5148.1536794650965,5898.153679455097,749.99999999,False,True
388690,2025-09-27 22:10:00,148.67077203380938,1401.4699553571427,419.46584999999993,5898.153679455097,6648.153679445097,749.99999999,False,True
388710,2025-09-27 22:30:00,167.7973809623811,1401.2107142857144,400.08,6802.647173721811,7552.647173711811,749.99999999,False,True
388720,2025-09-27 22:40:00,108.18225774809524,1401.0554077380953,459.53981666666664,7552.647173711811,8302.647173701811,749.99999999,False,True
388740,2025-09-27 23:00:00,165.6475595338096,1412.6242261904763,413.6433333333333,8722.025071410419,9472.025071401418,749.999999991,False,True
388760,2025-09-27 23:20:00,90.05522262904763,1404.039055952381,480.65049999999997,9584.18061299956,10334.18061298956,749.99999999,False,True
388770,2025-09-27 23:30:00,421.8165342841136,1402.9102976190475,463.51666666666665,10334.18061298956,10799.999999991,465.8193870014405,True,False
388780,2025-09-27 23:40:00,938.7686678490425,1398.558801190476,459.7901333333333,10799.999999991,10799.999999991,0.0,True,False
388790,2025-09-27 23:50:00,44.35030892047096,561.6586255952379,517.3083166666667,10799.999999991,10799.999999991,0.0,True,False
390160,2025-09-28 22:40:00,11.009819057618977,1395.210469047619,550.8673166666666,3266.537858804746,4016.537858794746,749.99999999,False,True
391560,2025-09-29 22:00:00,20.334821438571332,1399.2398214285713,545.5716666666666,1200.000000011111,1950.000000001111,749.99999999,False,True
391570,2025-09-29 22:10:00,23.63699822428577,1393.4103982142858,536.4400666666667,1950.000000001111,2699.999999991111,749.99999999,False,True
394440,2025-10-01 22:00:00,44.10982143857131,1396.6348214285713,519.1916666666666,1294.6646810068517,2044.6646809968515,749.99999999,False,True
394450,2025-10-01 22:10:00,29.36174703380936,1387.9138803571427,525.2188,2044.6646809968515,2794.6646809868516,749.99999999,False,True
394480,2025-10-01 22:40:00,23.557048819523736,1388.2913488095237,531.4009666666666,3538.8252709688513,4288.825270958851,749.99999999,False,True
394490,2025-10-01 22:50:00,9.03355084963254,1383.4907175062992,541.1238333333333,4288.825270958851,5038.825270949851,749.999999991,False,True
394520,2025-10-01 23:20:00,16.986198224285765,1394.0217148809525,543.7021833333333,5793.901840396136,6543.901840386136,749.99999999,False,True
395880,2025-10-02 22:00:00,12.495654771904576,1393.328988095238,547.5,1264.8520683481217,2014.8520683381216,749.99999999,False,True
395920,2025-10-02 22:40:00,2.7256625099999985,1385.3453625,549.2863666666666,3489.9020029873177,4239.902002977317,749.99999999,False,True
395930,2025-10-02 22:50:00,7.5391909528484495,1393.3296576095152,552.4571333333333,4239.902002977317,4989.902002968317,749.999999991,False,True
395940,2025-10-02 23:00:00,6.613809533809664,1396.6888095238096,556.7416666666666,4989.902002968317,5739.902002958317,749.99999999,False,True
395960,2025-10-02 23:20:00,3.697740486190347,1391.235307142857,554.2042333333333,5732.254797281597,6482.254797271597,749.99999999,False,True
395970,2025-10-02 23:30:00,16.506904771904594,1389.5719047619045,539.7316666666666,6482.254797271597,7232.254797261598,749.99999999,False,True
396230,2025-10-03 03:50:00,56.25649466535841,553.5124773809523,435.7851333333333,10744.676235546965,10799.999999991,55.32376444403453,True,False
396240,2025-10-03 04:00:00,89.66267856332811,558.3443452380951,468.6816666666667,10799.999999991,10799.999999991,0.0,True,False
396250,2025-10-03 04:10:00,108.32672261094714,562.8371726190475,454.51045,10799.999999991,10799.999999991,0.0,True,False
396260,2025-10-03 04:20:00,111.2838202299948,565.2485869047617,453.9647666666666,10799.999999991,10799.999999991,0.0,True,False
396270,2025-10-03 04:30:00,95.74958332523303,565.1595833333333,469.40999999999997,10799.999999991,10799.999999991,0.0,True,False
396280,2025-10-03 04:40:00,121.97781130142337,563.5553779761904,441.57756666666666,10799.999999991,10799.999999991,0.0,True,False
396290,2025-10-03 04:50:00,136.92124463475702,564.0762613095239,427.15501666666665,10799.999999991,10799.999999991,0.0,True,False
396300,2025-10-03 05:00:00,126.10285713475682,564.9111904761904,438.8083333333333,10799.999999991,10799.999999991,0.0,True,False
396310,2025-10-03 05:10:00,130.29721784904254,562.0059845238095,431.70876666666663,10799.999999991,10799.999999991,0.0,True,False
396320,2025-10-03 05:20:00,139.98171844428066,566.0593517857143,426.0776333333333,10799.999999991,10799.999999991,0.0,True,False
396330,2025-10-03 05:30:00,129.69214284904237,565.4221428571427,435.73,10799.999999991,10799.999999991,0.0,True,False
396340,2025-10-03 05:40:00,929.7682303490425,1380.7357303571428,450.9675,10799.999999991,10799.999999991,0.0,True,False
397010,2025-10-03 16:50:00,51.6879660624276,570.2834827380949,518.5955166666666,10799.99999999,10799.99999999,0.0,True,False
397020,2025-10-03 17:00:00,155.96863094338053,610.9636309523812,454.99499999999995,10799.99999999,10799.99999999,0.0,True,False
397030,2025-10-03 17:10:00,224.13813391957083,661.6466005952383,437.50846666666666,10799.99999999,10799.99999999,0.0,True,False
397040,2025-10-03 17:20:00,264.9912255862374,709.6125422619048,444.62131666666664,10799.99999999,10799.99999999,0.0,True,False
397050,2025-10-03 17:30:00,319.9798363005232,767.4115029761905,447.4316666666667,10799.99999999,10799.99999999,0.0,True,False
397060,2025-10-03 17:40:00,405.35811189576117,841.2231119047618,435.865,10799.99999999,10799.99999999,0.0,True,False
397070,2025-10-03 17:50:00,366.96272320528504,796.9244232142856,429.96169999999995,10799.99999999,10799.99999999,0.0,True,False
397080,2025-10-03 18:00:00,249.35232141957076,681.8673214285715,432.515,10799.99999999,10799.99999999,0.0,True,False
397090,2025-10-03 18:10:00,215.9623547529036,644.4102880952377,428.44793333333337,10799.99999999,10799.99999999,0.0,True,False
397100,2025-10-03 18:20:00,285.06431249099916,714.2318458333332,429.1675333333333,10799.99999999,10799.99999999,0.0,True,False
397110,2025-10-03 18:30:00,270.2216666576659,708.3066666666666,438.08500000000004,10799.99999999,10799.99999999,0.0,True,False
397120,2025-10-03 18:40:00,263.3660636814753,709.846313690476,446.48024999999996,10799.99999999,10799.99999999,0.0,True,False
397320,2025-10-03 22:00:00,217.89232143857112,1391.8456547619046,340.62,6447.629676965095,7197.629676956095,749.999999991,False,True
397330,2025-10-03 22:10:00,183.027374414762,1381.4491077380953,365.0884,7197.629676956095,7947.629676947095,749.999999991,False,True
397350,2025-10-03 22:30:00,172.75071429571426,1383.3257142857142,377.2416666666666,8101.267131938094,8851.267131928094,749.99999999,False,True
397360,2025-10-03 22:40:00,164.1096642957142,1385.4457642857142,388.0027666666666,8851.267131928094,9601.267131919094,749.999999991,False,True
397370,2025-10-03 22:50:00,160.68371905178776,1392.0497190417877,398.0326666666666,9601.267131919094,10351.267131910094,749.999999991,False,True
397380,2025-10-03 23:00:00,500.67476959264377,1393.5718452380952,394.30499999999995,10351.267131910094,10799.999999991,448.7328680809063,True,False
397390,2025-10-03 23:10:00,161.60048034904239,557.9979803571428,396.39750000000004,10799.999999991,10799.999999991,0.0,True,False
397400,2025-10-03 23:20:00,975.1234113014234,1388.4070613095237,413.28364999999997,10799.999999991,10799.999999991,0.0,True,False
397410,2025-10-03 23:30:00,953.7780357061854,1386.3097023809523,432.53166666666664,10799.999999991,10799.999999991,0.0,True,False
397420,2025-10-03 23:40:00,954.258639277614,1385.4203059523809,431.16166666666663,10799.999999991,10799.999999991,0.0,True,False
397430,2025-10-03 23:50:00,136.9263636823758,554.3703970238095,417.4440333333333,10799.999999991,10799.999999991,0.0,True,False
397440,2025-10-04 00:00:00,149.5238095157092,556.4338095238095,406.90999999999997,10799.999999991,10799.999999991,0.0,True,False
397450,2025-10-04 00:10:00,141.77465356332826,551.5695202380953,409.7948666666667,10799.999999991,10799.999999991,0.0,True,False
397460,2025-10-04 00:20:00,124.7066630871378,542.9774630952381,418.2708,10799.999999991,10799.999999991,0.0,True,False
397470,2025-10-04 00:30:00,115.85869046809003,538.280357142857,422.4216666666667,10799.999999991,10799.999999991,0.0,True,False
397480,2025-10-04 00:40:00,123.58899880142357,542.9680154761905,419.37901666666664,10799.999999991,10799.999999991,0.0,True,False
397490,2025-10-04 00:50:00,123.25071189666156,546.8928619047618,423.64214999999996,10799.999999991,10799.999999991,0.0,True,False
397500,2025-10-04 01:00:00,117.67029761094724,545.6236309523808,427.95333333333326,10799.999999991,10799.999999991,0.0,True,False
397510,2025-10-04 01:10:00,131.63491963475687,543.2382863095238,411.6033666666666,10799.999999991,10799.999999991,0.0,True,False
397520,2025-10-04 01:20:00,136.3693434442806,539.4839934523809,403.11465,10799.999999991,10799.999999991,0.0,True,False
397530,2025-10-04 01:30:00,122.75761903951869,537.8709523809523,415.1133333333333,10799.999999991,10799.999999991,0.0,True,False
397540,2025-10-04 01:40:00,113.42392677761413,543.2485601190477,429.8246333333333,10799.999999991,10799.999999991,0.0,True,False
397550,2025-10-04 01:50:00,123.25421665856649,546.4802333333334,423.2260166666666,10799.999999991,10799.999999991,0.0,True,False
397560,2025-10-04 02:00:00,143.7039880871378,545.4389880952381,401.73499999999996,10799.999999991,10799.999999991,0.0,True,False
397570,2025-10-04 02:10:00,149.22155177761405,546.764018452381,397.54246666666666,10799.999999991,10799.999999991,0.0,True,False
397580,2025-10-04 02:20:00,131.59930058713778,549.8523505952381,418.25305000000003,10799.999999991,10799.999999991,0.0,True,False
397590,2025-10-04 02:30:00,106.75761903951869,550.6992857142857,443.94166666666666,10799.999999991,10799.999999991,0.0,True,False
397600,2025-10-04 02:40:00,102.41248570618538,546.5935023809524,444.18101666666666,10799.999999991,10799.999999991,0.0,True,False
397610,2025-10-04 02:50:00,114.84192261094731,545.5496892857143,430.70776666666666,10799.999999991,10799.999999991,0.0,True,False
397620,2025-10-04 03:00:00,123.56797618237582,550.3646428571428,426.7966666666667,10799.999999991,10799.999999991,0.0,True,False
397630,2025-10-04 03:10:00,112.7349422538044,555.9965589285714,443.26161666666667,10799.999999991,10799.999999991,0.0,True,False
397640,2025-10-04 03:20:00,117.48114284904258,557.8856595238095,440.4045166666666,10799.999999991,10799.999999991,0.0,True,False
397650,2025-10-04 03:30:00,135.26821427761385,555.6365476190475,420.36833333333334,10799.999999991,10799.999999991,0.0,True,False
397660,2025-10-04 03:40:00,127.3938618966616,553.0282952380952,425.6344333333333,10799.999999991,10799.999999991,0.0,True,False
397670,2025-10-04 03:50:00,112.06679880142346,554.4749488095238,442.40815,10799.999999991,10799.999999991,0.0,True,False
397680,2025-10-04 04:00:00,110.5341071347568,559.1524404761905,448.61833333333334,10799.999999991,10799.999999991,0.0,True,False
398450,2025-10-04 16:50:00,27.32774582433226,571.572395833333,544.24465,10799.99999999,10799.99999999,0.0,True,False
398460,2025-10-04 17:00:00,181.5859077290946,612.4809077380953,430.895,10799.99999999,10799.99999999,0.0,True,False
398470,2025-10-04 17:10:00,226.20905415766597,664.6662875000001,438.4572333333333,10799.99999999,10799.99999999,0.0,True,False
398480,2025-10-04 17:20:00,251.03887558623722,713.711025595238,462.67215,10799.99999999,10799.99999999,0.0,True,False
398490,2025-10-04 17:30:00,328.48401784814234,771.3356845238097,442.8516666666667,10799.99999999,10799.99999999,0.0,True,False
398500,2025-10-04 17:40:00,415.28627618147544,844.1397761904761,428.8535,10799.99999999,10799.99999999,0.0,True,False
398510,2025-10-04 17:50:00,374.85178034814214,797.9485636904761,423.0967833333333,10799.99999999,10799.99999999,0.0,True,False
398520,2025-10-04 18:00:00,254.9100595148088,680.4950595238096,425.58500000000004,10799.99999999,10799.99999999,0.0,True,False
398530,2025-10-04 18:10:00,156.05865475290346,597.5833547619042,441.5247,10799.99999999,10799.99999999,0.0,True,False
398540,2025-10-04 18:20:00,256.22982558623744,710.9363755952381,454.70655,10799.99999999,10799.99999999,0.0,True,False
398550,2025-10-04 18:30:00,241.354047610047,706.0407142857143,464.6866666666666,10799.99999999,10799.99999999,0.0,True,False
398560,2025-10-04 18:40:00,228.77138153861827,708.2996482142858,479.5282666666667,10799.99999999,10799.99999999,0.0,True,False
398760,2025-10-04 22:00:00,193.09404762904728,1387.0640476190474,360.63666666666666,6312.080945053719,7062.080945044719,749.999999991,False,True
398770,2025-10-04 22:10:00,157.69462858142867,1377.7309285714286,386.7029666666666,7062.080945044719,7812.080945035718,749.999999991,False,True
398790,2025-10-04 22:30:00,166.39458334333335,1379.0579166666666,379.33,7951.3407902052895,8701.34079019629,749.999999991,False,True
398800,2025-10-04 22:40:00,151.37981191476183,1383.0966285714285,398.38348333333334,8701.34079019629,9451.340790187289,749.999999991,False,True
398810,2025-10-04 22:50:00,152.76912204370967,1391.182655367043,405.0802,9451.340790187289,10201.340790178288,749.999999991,False,True
398820,2025-10-04 23:00:00,332.3664930652411,1392.0183928571428,394.47499999999997,10201.340790178288,10799.999999991,598.6592098127115,True,False
398830,2025-10-04 23:10:00,136.38540832523287,555.1476416666666,418.76223333333337,10799.999999991,10799.999999991,0.0,True,False
398840,2025-10-04 23:20:00,967.9035702299949,1386.0939035714284,418.1903333333333,10799.999999991,10799.999999991,0.0,True,False
398850,2025-10-04 23:30:00,992.6998809442807,1385.649880952381,392.94999999999993,10799.999999991,10799.999999991,0.0,True,False
398860,2025-10-04 23:40:00,968.8080333252332,1384.4734166666667,415.6653833333333,10799.999999991,10799.999999991,0.0,True,False
398870,2025-10-04 23:50:00,60.68130415856624,552.2142208333332,491.53291666666667,10799.999999991,10799.999999991,0.0,True,False
400200,2025-10-05 22:00:00,4.913928581428528,1383.9605952380953,545.7133333333334,1206.4321858949681,1956.432185884968,749.99999999,False,True
400210,2025-10-05 22:10:00,30.982156557619184,1375.3076732142858,510.99218333333334,1956.432185884968,2706.432185874968,749.99999999,False,True
400260,2025-10-05 23:00:00,5.286964295714362,1389.6769642857143,551.0566666666666,4915.165824153523,5665.165824143523,749.99999999,False,True
400280,2025-10-05 23:20:00,8.732607748095226,1384.321974404762,542.2560333333333,5681.9062612773805,6431.906261267381,749.99999999,False,True
401640,2025-10-06 22:00:00,20.665595248095308,1382.867261904762,528.8683333333333,1200.0000000111113,1950.0000000011114,749.99999999,False,True
401670,2025-10-06 22:30:00,26.146309533809237,1377.617976190476,518.1383333333333,2677.54825230481,3427.54825229481,749.99999999,False,True
401680,2025-10-06 22:40:00,14.819445843333362,1381.3513625,533.1985833333333,3427.54825229481,4177.54825228481,749.99999999,False,True
403080,2025-10-07 22:00:00,6.735535724285675,1379.608869047619,539.54,1200.0000000111113,1950.0000000011114,749.99999999,False,True
403090,2025-10-07 22:10:00,6.486972033809471,1369.2010220238094,529.3807166666666,1950.0000000011114,2699.9999999911115,749.99999999,False,True
403110,2025-10-07 22:30:00,3.3668452480952658,1375.2551785714286,538.555,2702.0796921249685,3452.0796921149686,749.99999999,False,True
403120,2025-10-07 22:40:00,11.225441081428691,1379.8978577380954,535.3390833333333,3452.0796921149686,4202.079692104969,749.99999999,False,True
403130,2025-10-07 22:50:00,3.8652829513885,1386.7062829413885,549.5076666666666,4202.079692104969,4952.079692095968,749.999999991,False,True
403170,2025-10-07 23:30:00,26.898690486190382,1382.190357142857,521.9583333333333,6383.025668563946,7133.025668553946,749.99999999,False,True
403180,2025-10-07 23:40:00,15.72500953380949,1381.566576190476,532.5082333333332,7133.025668553946,7883.025668543946,749.99999999,False,True
404520,2025-10-08 22:00:00,7.532440486190686,1376.6641071428573,535.7983333333333,1206.9116239306825,1956.9116239206824,749.99999999,False,True
404530,2025-10-08 22:10:00,2.3721315576190056,1366.3419148809523,530.63645,1956.9116239206824,2706.9116239106825,749.99999999,False,True
404570,2025-10-08 22:50:00,14.61942046513581,1383.6764871218024,535.7237333333333,4148.102104260936,4898.102104251936,749.999999991,False,True
404580,2025-10-08 23:00:00,23.970297629047757,1384.268630952381,526.9649999999999,4898.102104251936,5648.102104241936,749.99999999,False,True
405960,2025-10-09 22:00:00,18.025416676666502,1374.3654166666665,523.0066666666667,1200.0000000111113,1950.0000000011114,749.99999999,False,True
406000,2025-10-09 22:40:00,16.443417867142777,1376.3925345238094,526.6157833333333,3407.597509319619,4157.5975093096185,749.99999999,False,True
406010,2025-10-09 22:50:00,6.750828224937087,1380.776478214937,540.6923166666666,4157.5975093096185,4907.597509300618,749.999999991,False,True
406040,2025-10-09 23:20:00,0.41541786714309753,1378.4964511904764,544.7476999999999,5622.1888036148985,6372.188803604899,749.99999999,False,True
406100,2025-10-10 00:20:00,99.33501012904775,1375.0848101190477,442.4164666666666,8119.298248923798,8869.298248914798,749.999999991,False,True
406290,2025-10-10 03:30:00,35.34287183850649,555.945238095238,440.06833333333327,10727.519370359942,10799.999999991,72.4806296310584,True,False
406300,2025-10-10 03:40:00,99.72649225380437,552.2441422619047,452.51765,10799.999999991,10799.999999991,0.0,True,False
406310,2025-10-10 03:50:00,106.34805594428062,554.9372892857143,448.58923333333337,10799.999999991,10799.999999991,0.0,True,False
406320,2025-10-10 04:00:00,130.6402380871377,561.9319047619047,431.29166666666663,10799.999999991,10799.999999991,0.0,True,False
406330,2025-10-10 04:10:00,121.13230177761383,562.1493351190475,441.0170333333333,10799.999999991,10799.999999991,0.0,True,False
406340,2025-10-10 04:20:00,130.6584654680902,563.9765488095239,433.31808333333333,10799.999999991,10799.999999991,0.0,True,False
406350,2025-10-10 04:30:00,145.8290476109473,567.2823809523809,421.45333333333326,10799.999999991,10799.999999991,0.0,True,False
406360,2025-10-10 04:40:00,101.61107796809014,563.6811113095238,462.0700333333333,10799.999999991,10799.999999991,0.0,True,False
406370,2025-10-10 04:50:00,92.9071404680902,565.0630238095239,472.15588333333335,10799.999999991,10799.999999991,0.0,True,False
406380,2025-10-10 05:00:00,120.60178570618544,568.6684523809524,448.06666666666666,10799.999999991,10799.999999991,0.0,True,False
406390,2025-10-10 05:10:00,95.89007142047112,561.0360547619048,465.14598333333333,10799.999999991,10799.999999991,0.0,True,False
406400,2025-10-10 05:20:00,105.40347558713773,563.7489589285714,458.34548333333333,10799.999999991,10799.999999991,0.0,True,False
406410,2025-10-10 05:30:00,142.46166665856626,566.2116666666666,423.75,10799.999999991,10799.999999991,0.0,True,False
406420,2025-10-10 05:40:00,948.9917571347565,1380.0816238095235,431.0898666666667,10799.999999991,10799.999999991,0.0,True,False
407090,2025-10-10 16:50:00,52.09921844338019,584.6970684523809,532.59785,10799.99999999,10799.99999999,0.0,True,False
407100,2025-10-10 17:00:00,176.34063987195142,625.2789732142855,448.93833333333333,10799.99999999,10799.99999999,0.0,True,False
407110,2025-10-10 17:10:00,234.0429803481421,683.2287470238094,449.1857666666666,10799.99999999,10799.99999999,0.0,True,False
407120,2025-10-10 17:20:00,263.6031273719517,731.5821440476191,467.97901666666667,10799.99999999,10799.99999999,0.0,True,False
407130,2025-10-10 17:30:00,313.9021874909994,781.9705208333334,468.06833333333327,10799.99999999,10799.99999999,0.0,True,False
407140,2025-10-10 17:40:00,378.6527833243323,853.2859666666664,474.63318333333336,10799.99999999,10799.99999999,0.0,True,False
407150,2025-10-10 17:50:00,335.8629779671898,801.9031613095239,466.04018333333335,10799.99999999,10799.99999999,0.0,True,False
407160,2025-10-10 18:00:00,227.89563987195172,673.1556398809524,445.26,10799.99999999,10799.99999999,0.0,True,False
407180,2025-10-10 18:20:00,158.76531100476666,690.5900333333332,450.15228333333334,10726.49480489529,10799.999999991,73.50519509570985,True,False
407190,2025-10-10 18:30:00,239.74476189666163,692.6647619047619,452.91999999999996,10799.999999991,10799.999999991,0.0,True,False
407200,2025-10-10 18:40:00,246.37226308713778,691.2936964285714,444.9214333333333,10799.999999991,10799.999999991,0.0,True,False
407400,2025-10-10 22:00:00,183.1517857242859,1371.9201190476192,355.435,6335.349411542814,7085.3494115338135,749.999999991,False,True
407410,2025-10-10 22:10:00,140.9756803671428,1360.575613690476,386.2666,7085.3494115338135,7835.349411524813,749.999999991,False,True
407430,2025-10-10 22:30:00,96.67083334333323,1371.2808333333332,441.27666666666664,7934.837996337242,8684.837996328242,749.999999991,False,True
407440,2025-10-10 22:40:00,122.3033113195239,1373.2440446428573,417.6074,8684.837996328242,9434.837996319242,749.999999991,False,True
407450,2025-10-10 22:50:00,134.1087103462978,1378.7435770029645,411.30153333333334,9434.837996319242,10184.837996310242,749.999999991,False,True
407460,2025-10-10 23:00:00,279.51112686264946,1379.7844642857144,416.76,10184.837996310242,10799.999999991,615.1620036807584,True,False
407470,2025-10-10 23:10:00,150.31926665856625,542.3622666666665,392.04299999999995,10799.999999991,10799.999999991,0.0,True,False
407480,2025-10-10 23:20:00,974.2793791585666,1375.9274125000002,401.6480333333333,10799.999999991,10799.999999991,0.0,True,False
407490,2025-10-10 23:30:00,948.8574404680903,1380.010773809524,431.1533333333333,10799.999999991,10799.999999991,0.0,True,False
407500,2025-10-10 23:40:00,975.4581321347569,1378.6232654761905,403.1651333333333,10799.999999991,10799.999999991,0.0,True,False
407510,2025-10-10 23:50:00,134.32891546809,542.0101821428569,407.6812666666666,10799.999999991,10799.999999991,0.0,True,False
407520,2025-10-11 00:00:00,93.12744046809004,542.2424404761904,449.115,10799.999999991,10799.999999991,0.0,True,False
407530,2025-10-11 00:10:00,111.83513392047101,546.4132339285713,434.5781,10799.999999991,10799.999999991,0.0,True,False
407540,2025-10-11 00:20:00,146.39844939666156,542.0712327380952,395.6727833333333,10799.999999991,10799.999999991,0.0,True,False
407550,2025-10-11 00:30:00,153.5660118966617,534.1026785714287,380.53666666666663,10799.999999991,10799.999999991,0.0,True,False
407560,2025-10-11 00:40:00,135.44097082523305,539.6317708333333,404.19079999999997,10799.999999991,10799.999999991,0.0,True,False
407570,2025-10-11 00:50:00,127.76143630142357,543.3806363095239,415.6192,10799.999999991,10799.999999991,0.0,True,False
407580,2025-10-11 01:00:00,137.38541665856636,540.1004166666667,402.715,10799.999999991,10799.999999991,0.0,True,False
407590,2025-10-11 01:10:00,138.25821844428057,539.2437684523809,400.98555,10799.999999991,10799.999999991,0.0,True,False
407600,2025-10-11 01:20:00,121.0485047538044,536.1647547619048,415.11625000000004,10799.999999991,10799.999999991,0.0,True,False
407610,2025-10-11 01:30:00,99.77726189666149,534.2389285714285,434.46166666666664,10799.999999991,10799.999999991,0.0,True,False
407620,2025-10-11 01:40:00,101.13541308713755,542.2713464285712,441.1359333333333,10799.999999991,10799.999999991,0.0,True,False
407630,2025-10-11 01:50:00,126.31585296809013,544.7526696428571,418.43681666666663,10799.999999991,10799.999999991,0.0,True,False
407640,2025-10-11 02:00:00,144.59767856332817,541.7826785714285,397.185,10799.999999991,10799.999999991,0.0,True,False
407650,2025-10-11 02:10:00,121.28764880142339,548.2014654761904,426.91381666666666,10799.999999991,10799.999999991,0.0,True,False
407660,2025-10-11 02:20:00,104.7184392776139,551.2565392857142,446.5381,10799.999999991,10799.999999991,0.0,True,False
407670,2025-10-11 02:30:00,109.27178570618545,547.2867857142858,438.015,10799.999999991,10799.999999991,0.0,True,False
407680,2025-10-11 02:40:00,106.22192320618544,546.548906547619,440.32698333333326,10799.999999991,10799.999999991,0.0,True,False
407690,2025-10-11 02:50:00,112.8218940395187,549.9885773809524,437.16668333333337,10799.999999991,10799.999999991,0.0,True,False
407700,2025-10-11 03:00:00,123.51499999189971,554.565,431.05,10799.999999991,10799.999999991,0.0,True,False
407710,2025-10-11 03:10:00,113.60803034904248,556.8098803571428,443.20185,10799.999999991,10799.999999991,0.0,True,False
407720,2025-10-11 03:20:00,118.81800296809027,557.3867529761906,438.56874999999997,10799.999999991,10799.999999991,0.0,True,False
407730,2025-10-11 03:30:00,129.40702380142338,556.1936904761903,426.78666666666663,10799.999999991,10799.999999991,0.0,True,False
407740,2025-10-11 03:40:00,102.07281665856632,553.1008833333333,451.02806666666663,10799.999999991,10799.999999991,0.0,True,False
407750,2025-10-11 03:50:00,99.11069403951862,554.7077607142855,455.5970666666666,10799.999999991,10799.999999991,0.0,True,False
407760,2025-10-11 04:00:00,120.95779761094721,559.8077976190475,438.84999999999997,10799.999999991,10799.999999991,0.0,True,False
407770,2025-10-11 04:10:00,35.3399238014242,489.4399571428578,454.1000333333333,10799.999999991,10799.999999991,0.0,True,False
407780,2025-10-11 04:20:00,103.83673927761399,563.204705952381,459.3679666666667,10799.999999991,10799.999999991,0.0,True,False
407790,2025-10-11 04:30:00,119.93755951570924,566.0758928571429,446.1383333333333,10799.999999991,10799.999999991,0.0,True,False
407800,2025-10-11 04:40:00,116.31273689666139,563.9243369047617,447.6116,10799.999999991,10799.999999991,0.0,True,False
408530,2025-10-11 16:50:00,63.96464939576121,588.056649404762,524.092,10799.99999999,10799.99999999,0.0,True,False
408540,2025-10-11 17:00:00,174.01464284814213,628.4596428571429,454.445,10799.99999999,10799.99999999,0.0,True,False
408550,2025-10-11 17:10:00,251.8842654671898,685.8903654761905,434.00609999999995,10799.99999999,10799.99999999,0.0,True,False
408560,2025-10-11 17:20:00,282.43801725290433,734.7404839285716,452.30246666666665,10799.99999999,10799.99999999,0.0,True,False
408570,2025-10-11 17:30:00,318.6113541576661,786.1746875000001,467.56333333333333,10799.99999999,10799.99999999,0.0,True,False
408580,2025-10-11 17:40:00,405.5377220148086,856.8481886904759,451.3104666666666,10799.99999999,10799.99999999,0.0,True,False
408590,2025-10-11 17:50:00,349.4113523719517,801.9386523809524,452.52729999999997,10799.99999999,10799.99999999,0.0,True,False
408600,2025-10-11 18:00:00,202.73050594338017,669.8488392857142,467.11833333333334,10799.99999999,10799.99999999,0.0,True,False
408620,2025-10-11 18:20:00,105.64354628548297,688.2541101190477,450.14576666666665,10680.781682540792,10799.999999991,119.21831745020829,True,False
408630,2025-10-11 18:30:00,218.2769047538046,689.2269047619048,470.94999999999993,10799.999999991,10799.999999991,0.0,True,False
408640,2025-10-11 18:40:00,245.09802320618545,688.4771898809524,443.37916666666666,10799.999999991,10799.999999991,0.0,True,False
408840,2025-10-11 22:00:00,173.99458334333326,1367.59125,360.2633333333333,6123.298530497841,6873.298530487841,749.99999999,False,True
408850,2025-10-11 22:10:00,191.03845060523804,1356.9913839285714,332.6196,6873.298530487841,7623.298530478841,749.999999991,False,True
408870,2025-10-11 22:30:00,115.35898810523803,1370.698988095238,422.00666666666666,7783.095284398412,8533.095284388412,749.99999999,False,True
408880,2025-10-11 22:40:00,128.55365060523832,1371.5368839285716,409.64989999999995,8533.095284388412,9283.095284379411,749.999999991,False,True
408890,2025-10-11 22:50:00,151.76371053034563,1376.9990771870123,391.90203333333335,9283.095284379411,10033.09528437041,749.999999991,False,True
408900,2025-10-11 23:00:00,147.9926190576191,1378.6792857142857,397.3533333333333,10033.09528437041,10783.09528436141,749.999999991,False,True
408910,2025-10-11 23:10:00,131.1333004909322,539.4527345238095,389.53641666666664,10783.09528436141,10799.999999991,16.90471562958954,True,False
408920,2025-10-11 23:20:00,993.9021238014237,1372.883123809524,378.981,10799.999999991,10799.999999991,0.0,True,False
408930,2025-10-11 23:30:00,992.8310118966618,1378.8943452380954,386.06333333333333,10799.999999991,10799.999999991,0.0,True,False
408940,2025-10-11 23:40:00,951.3780732061856,1377.7700898809526,426.3920166666667,10799.999999991,10799.999999991,0.0,True,False
408950,2025-10-11 23:50:00,37.027954158566196,542.1929208333331,505.1649666666666,10799.999999991,10799.999999991,0.0,True,False
411770,2025-10-13 22:50:00,8.092150363635248,1373.7972503536353,532.3717666666666,4127.957005363206,4877.957005354206,749.999999991,False,True
413200,2025-10-14 22:40:00,1.728864890952301,1365.999981547619,530.9377833333333,3313.816109948926,4063.8161099389263,749.99999999,False,True
413210,2025-10-14 22:50:00,4.219594540124937,1370.4298111967917,532.8768833333334,4063.8161099389263,4813.816109929926,749.999999991,False,True
414640,2025-10-15 22:40:00,14.305168462380827,1363.0828351190476,515.4443333333334,3358.4074131235293,4108.407413113529,749.99999999,False,True
414650,2025-10-15 22:50:00,21.304020429479344,1367.4123037528127,512.77495,4108.407413113529,4858.407413104529,749.999999991,False,True
414660,2025-10-15 23:00:00,3.0478571528571967,1370.8128571428572,534.4316666666666,4858.407413104529,5608.407413094529,749.99999999,False,True
416050,2025-10-16 22:10:00,42.814551200476096,1343.9380178571428,467.7901333333333,1936.4996785735395,2686.4996785635394,749.99999999,False,True
416120,2025-10-16 23:20:00,4.007911914761954,1363.241411904762,525.9001666666666,5623.812396084549,6373.812396074549,749.99999999,False,True
416180,2025-10-17 00:20:00,127.69006905761886,1365.446719047619,404.42331666666666,8629.977190676445,9379.977190667445,749.999999991,False,True
416320,2025-10-17 02:40:00,36.32872006604955,549.1613357142858,435.11984999999993,10730.058510907587,10799.999999991,69.94148908341265,True,False
416330,2025-10-17 02:50:00,128.4742577299949,551.5839910714285,423.1097333333333,10799.999999991,10799.999999991,0.0,True,False
416340,2025-10-17 03:00:00,135.3767261823758,555.4783928571428,420.1016666666667,10799.999999991,10799.999999991,0.0,True,False
416350,2025-10-17 03:10:00,134.8389065395186,559.7613898809523,424.92248333333333,10799.999999991,10799.999999991,0.0,True,False
416360,2025-10-17 03:20:00,105.31683213475677,558.2492321428571,452.9324,10799.999999991,10799.999999991,0.0,True,False
416370,2025-10-17 03:30:00,82.25410713475682,552.8191071428571,470.56499999999994,10799.999999991,10799.999999991,0.0,True,False
416380,2025-10-17 03:40:00,125.07066725380449,552.3342172619048,427.26354999999995,10799.999999991,10799.999999991,0.0,True,False
416390,2025-10-17 03:50:00,143.5953720157091,556.1142053571427,412.5188333333333,10799.999999991,10799.999999991,0.0,True,False
416400,2025-10-17 04:00:00,118.64874999189968,559.3570833333333,440.7083333333333,10799.999999991,10799.999999991,0.0,True,False
416410,2025-10-17 04:10:00,118.936752372852,558.423169047619,439.4864166666667,10799.999999991,10799.999999991,0.0,True,False
416420,2025-10-17 04:20:00,129.1027696347568,560.4197196428571,431.31694999999996,10799.999999991,10799.999999991,0.0,True,False
416430,2025-10-17 04:30:00,127.58464284904264,565.2679761904762,437.6833333333333,10799.999999991,10799.999999991,0.0,True,False
416440,2025-10-17 04:40:00,114.14811487285189,565.9937482142856,451.84563333333335,10799.999999991,10799.999999991,0.0,True,False
416450,2025-10-17 04:50:00,108.8296541585664,567.2636541666667,458.43399999999997,10799.999999991,10799.999999991,0.0,True,False
416460,2025-10-17 05:00:00,113.46398808713784,568.8089880952382,455.345,10799.999999991,10799.999999991,0.0,True,False
416470,2025-10-17 05:10:00,113.36067380142342,565.6819904761904,452.3213166666667,10799.999999991,10799.999999991,0.0,True,False
416480,2025-10-17 05:20:00,118.90415356332821,565.3661702380953,446.46201666666667,10799.999999991,10799.999999991,0.0,True,False
416490,2025-10-17 05:30:00,116.5098809442807,560.0832142857143,443.5733333333333,10799.999999991,10799.999999991,0.0,True,False
416500,2025-10-17 05:40:00,926.5784410633282,1378.8639744047618,452.2855333333333,10799.999999991,10799.999999991,0.0,True,False
417170,2025-10-17 16:50:00,51.39077856242776,603.9005952380951,552.5098166666667,10799.99999999,10799.99999999,0.0,True,False
417180,2025-10-17 17:00:00,204.08340772909438,642.7150744047617,438.63166666666666,10799.99999999,10799.99999999,0.0,True,False
417190,2025-10-17 17:10:00,267.8849261814755,700.8833261904762,432.9984,10799.99999999,10799.99999999,0.0,True,False
417200,2025-10-17 17:20:00,316.553012490999,749.5548291666664,433.0018166666667,10799.99999999,10799.99999999,0.0,True,False
417210,2025-10-17 17:30:00,385.88563987195164,798.2256398809524,412.34,10799.99999999,10799.99999999,0.0,True,False
417220,2025-10-17 17:40:00,412.53697261004686,864.3892392857142,451.85226666666665,10799.99999999,10799.99999999,0.0,True,False
417230,2025-10-17 17:50:00,344.5389089195706,800.284875595238,455.7459666666667,10799.99999999,10799.99999999,0.0,True,False
417240,2025-10-17 18:00:00,234.29124999099926,658.5779166666666,424.28666666666663,10799.99999999,10799.99999999,0.0,True,False
417270,2025-10-17 18:30:00,100.60379237336808,671.384761904762,414.41833333333335,10659.273627412746,10799.999999991,140.72637257825446,True,False
417280,2025-10-17 18:40:00,203.07781487285197,668.7696982142857,465.6918833333333,10799.999999991,10799.999999991,0.0,True,False
417480,2025-10-17 22:00:00,135.2297023909524,1354.1997023809524,385.63666666666666,6022.93977292509,6772.9397729150905,749.99999999,False,True
417490,2025-10-17 22:10:00,147.52310001,1339.0952166666666,358.2387833333333,6772.9397729150905,7522.93977290609,749.999999991,False,True
417510,2025-10-17 22:30:00,139.4842262004761,1361.3142261904761,388.49666666666667,7665.97114414709,8415.97114413709,749.99999999,False,True
417520,2025-10-17 22:40:00,113.19128215285706,1357.9519988095237,411.4273833333333,8415.97114413709,9165.971144128089,749.999999991,False,True
417530,2025-10-17 22:50:00,107.7076338869857,1360.5753338769857,419.53436666666664,9165.971144128089,9915.971144119088,749.999999991,False,True
417540,2025-10-17 23:00:00,114.23755953380974,1365.4775595238098,417.90666666666664,9915.971144119088,10665.971144110088,749.999999991,False,True
417560,2025-10-17 23:20:00,883.040820439781,1360.6859476190475,430.1900333333333,10757.29041552966,10799.999999991,42.709584461339894,True,False
417570,2025-10-17 23:30:00,937.1872618966618,1368.2155952380954,431.0283333333333,10799.999999991,10799.999999991,0.0,True,False
417580,2025-10-17 23:40:00,931.1732059442807,1370.9727226190475,439.7995166666666,10799.999999991,10799.999999991,0.0,True,False
417590,2025-10-17 23:50:00,109.65239225380444,536.899125595238,427.2467333333333,10799.999999991,10799.999999991,0.0,True,False
417600,2025-10-18 00:00:00,140.75178570618547,535.9067857142858,395.155,10799.999999991,10799.999999991,0.0,True,False
417610,2025-10-18 00:10:00,153.10369582523313,535.1757625000001,382.0720666666667,10799.999999991,10799.999999991,0.0,True,False
417620,2025-10-18 00:20:00,125.12943213475691,531.2137988095238,406.0843666666666,10799.999999991,10799.999999991,0.0,True,False
417630,2025-10-18 00:30:00,88.65059522999499,529.2055952380953,440.55499999999995,10799.999999991,10799.999999991,0.0,True,False
417640,2025-10-18 00:40:00,96.93242856332816,537.6923785714284,440.75994999999995,10799.999999991,10799.999999991,0.0,True,False
417650,2025-10-18 00:50:00,97.21462558713782,540.8707255952381,443.6561,10799.999999991,10799.999999991,0.0,True,False
417660,2025-10-18 01:00:00,88.2407738014235,536.5657738095238,448.32499999999993,10799.999999991,10799.999999991,0.0,True,False
417670,2025-10-18 01:10:00,118.56626427761395,537.2732976190476,418.70703333333336,10799.999999991,10799.999999991,0.0,True,False
417680,2025-10-18 01:20:00,125.82950713475682,535.5271238095238,409.69761666666665,10799.999999991,10799.999999991,0.0,True,False
417690,2025-10-18 01:30:00,110.59565475380444,533.1923214285714,422.59666666666664,10799.999999991,10799.999999991,0.0,True,False
417700,2025-10-18 01:40:00,133.20219582523308,540.3529791666667,407.1507833333333,10799.999999991,10799.999999991,0.0,True,False
417710,2025-10-18 01:50:00,131.25485237285196,542.7465857142856,411.49173333333334,10799.999999991,10799.999999991,0.0,True,False
417720,2025-10-18 02:00:00,107.47059522999487,541.1455952380952,433.675,10799.999999991,10799.999999991,0.0,True,False
417730,2025-10-18 02:10:00,128.3566196347568,550.0513029761904,421.6946833333333,10799.999999991,10799.999999991,0.0,True,False
417740,2025-10-18 02:20:00,132.3905541585664,554.5610541666667,422.1705,10799.999999991,10799.999999991,0.0,True,False
417750,2025-10-18 02:30:00,116.20136903951877,550.5297023809524,434.32833333333326,10799.999999991,10799.999999991,0.0,True,False
417760,2025-10-18 02:40:00,133.81833332523289,549.2408999999999,415.4225666666667,10799.999999991,10799.999999991,0.0,True,False
417770,2025-10-18 02:50:00,109.9488970157091,550.4418636904761,440.4929666666667,10799.999999991,10799.999999991,0.0,True,False
417780,2025-10-18 03:00:00,71.70994046809014,553.4766071428571,481.76666666666665,10799.999999991,10799.999999991,0.0,True,False
417790,2025-10-18 03:10:00,122.68544820618538,558.528881547619,435.8434333333333,10799.999999991,10799.999999991,0.0,True,False
417800,2025-10-18 03:20:00,136.7778708252329,558.7895041666666,422.01163333333335,10799.999999991,10799.999999991,0.0,True,False
417810,2025-10-18 03:30:00,97.76053570618544,554.2705357142858,456.51,10799.999999991,10799.999999991,0.0,True,False
417820,2025-10-18 03:40:00,113.6013351109473,552.3428851190477,438.74155,10799.999999991,10799.999999991,0.0,True,False
417830,2025-10-18 03:50:00,118.1977779680901,555.2193613095237,437.0215833333333,10799.999999991,10799.999999991,0.0,True,False
417840,2025-10-18 04:00:00,97.50779761094722,559.2311309523809,461.72333333333336,10799.999999991,10799.999999991,0.0,True,False
417850,2025-10-18 04:10:00,112.46075653951877,559.0480732142858,446.58731666666665,10799.999999991,10799.999999991,0.0,True,False
417860,2025-10-18 04:20:00,135.25702201570917,560.3467386904762,425.0897166666667,10799.999999991,10799.999999991,0.0,True,False
417870,2025-10-18 04:30:00,140.22517856332829,563.8868452380952,423.66166666666663,10799.999999991,10799.999999991,0.0,True,False
417880,2025-10-18 04:40:00,127.8258857061854,564.8237023809523,436.9978166666666,10799.999999991,10799.999999991,0.0,True,False
417900,2025-10-18 05:00:00,5.104819971190174,568.3857142857144,478.66666666666663,10723.847195107928,10799.999999991,76.1528048830718,True,False
417910,2025-10-18 05:10:00,113.45776546809014,566.3579654761904,452.9001999999999,10799.999999991,10799.999999991,0.0,True,False
418610,2025-10-18 16:50:00,54.04266487195179,606.9394315476192,552.8967666666666,10799.99999999,10799.99999999,0.0,True,False
418620,2025-10-18 17:00:00,188.5809077290945,642.4342410714286,453.8533333333333,10799.99999999,10799.99999999,0.0,True,False
418630,2025-10-18 17:10:00,291.34917737195155,702.4303607142856,411.0811833333333,10799.99999999,10799.99999999,0.0,True,False
418640,2025-10-18 17:20:00,331.8899226100466,752.6134059523806,420.7234833333333,10799.99999999,10799.99999999,0.0,True,False
418650,2025-10-18 17:30:00,354.26601189576104,799.8993452380951,445.6333333333333,10799.99999999,10799.99999999,0.0,True,False
418660,2025-10-18 17:40:00,410.9503767767135,864.8115434523808,453.86116666666663,10799.99999999,10799.99999999,0.0,True,False
418670,2025-10-18 17:50:00,346.74148213385666,798.9934321428573,452.25194999999997,10799.99999999,10799.99999999,0.0,True,False
418680,2025-10-18 18:00:00,209.66708332433265,655.49875,445.8316666666666,10799.99999999,10799.99999999,0.0,True,False
418710,2025-10-18 18:30:00,59.764055534742816,667.8660714285713,441.6816666666667,10650.221685686554,10799.999999991,149.77831430444564,True,False
418720,2025-10-18 18:40:00,243.2184017776141,666.4924851190477,423.2740833333333,10799.999999991,10799.999999991,0.0,True,False
418920,2025-10-18 22:00:00,121.7600000100001,1351.6883333333335,396.595,6245.9733533946655,6995.973353384666,749.99999999,False,True
418930,2025-10-18 22:10:00,134.13110953380954,1336.4799095238095,369.0154666666666,6995.973353384666,7745.973353375665,749.999999991,False,True
418950,2025-10-18 22:30:00,100.83755953380954,1357.4542261904762,423.2833333333333,7866.371003902379,8616.371003893379,749.999999991,False,True
418960,2025-10-18 22:40:00,96.77692739095242,1354.534594047619,424.42433333333327,8616.371003893379,9366.371003884378,749.999999991,False,True
418970,2025-10-18 22:50:00,122.95592463381932,1358.455841290486,402.1665833333333,9366.371003884378,10116.371003875378,749.999999991,False,True
418980,2025-10-18 23:00:00,223.9340717762932,1364.463511904762,380.94166666666666,10116.371003875378,10799.999999991,683.628996115622,True,False
418990,2025-10-18 23:10:00,145.81440118237592,526.6578511904762,380.84344999999996,10799.999999991,10799.999999991,0.0,True,False
419000,2025-10-18 23:20:00,958.1882404680902,1360.6556404761905,402.4674,10799.999999991,10799.999999991,0.0,True,False
419010,2025-10-18 23:30:00,948.9488095157093,1369.2388095238096,420.28999999999996,10799.999999991,10799.999999991,0.0,True,False
419020,2025-10-18 23:40:00,956.7650428490425,1372.264526190476,415.49948333333333,10799.999999991,10799.999999991,0.0,True,False
419030,2025-10-18 23:50:00,62.758429158566265,537.3438791666666,474.58545000000004,10799.999999991,10799.999999991,0.0,True,False
423270,2025-10-21 22:30:00,9.40410715285713,1354.9274404761904,512.1899999999999,2621.5739363269736,3371.5739363169737,749.99999999,False,True
426250,2025-10-24 00:10:00,130.95138572428584,1362.6568190476191,398.37209999999993,7927.773736666865,8677.773736656865,749.99999999,False,True
426260,2025-10-24 00:20:00,138.78711905761918,1358.2574023809525,386.13694999999996,8677.773736656865,9427.773736647865,749.999999991,False,True
426350,2025-10-24 01:50:00,10.196954565256895,540.8185892857143,414.9269,10695.874738742588,10799.999999991,104.12526124841169,True,False
426360,2025-10-24 02:00:00,101.22738094428055,539.9490476190475,438.72166666666664,10799.999999991,10799.999999991,0.0,True,False
426370,2025-10-24 02:10:00,111.9912166585664,548.1929,436.2016833333333,10799.999999991,10799.999999991,0.0,True,False
426380,2025-10-24 02:20:00,121.79556070618534,552.962844047619,431.16728333333333,10799.999999991,10799.999999991,0.0,True,False
426390,2025-10-24 02:30:00,110.57916665856632,550.6141666666666,440.03499999999997,10799.999999991,10799.999999991,0.0,True,False
426400,2025-10-24 02:40:00,96.82592320618548,550.7983398809524,453.9724166666666,10799.999999991,10799.999999991,0.0,True,False
426410,2025-10-24 02:50:00,102.0737595157091,553.4958095238094,451.42204999999996,10799.999999991,10799.999999991,0.0,True,False
426420,2025-10-24 03:00:00,113.48720237285195,555.4322023809523,441.945,10799.999999991,10799.999999991,0.0,True,False
426430,2025-10-24 03:10:00,101.77524344428056,554.0478101190475,452.27256666666665,10799.999999991,10799.999999991,0.0,True,False
426440,2025-10-24 03:20:00,107.8875160633282,552.2036827380952,444.3161666666666,10799.999999991,10799.999999991,0.0,True,False
426450,2025-10-24 03:30:00,126.08589284904244,551.9442261904761,425.85833333333335,10799.999999991,10799.999999991,0.0,True,False
426460,2025-10-24 03:40:00,111.0334993966616,553.3046160714285,442.2711166666666,10799.999999991,10799.999999991,0.0,True,False
426470,2025-10-24 03:50:00,114.00055177761388,556.8253184523809,442.8247666666667,10799.999999991,10799.999999991,0.0,True,False
426480,2025-10-24 04:00:00,131.12773808713783,559.2310714285715,428.1033333333333,10799.999999991,10799.999999991,0.0,True,False
426490,2025-10-24 04:10:00,110.30265237285195,556.7293023809523,446.42665,10799.999999991,10799.999999991,0.0,True,False
426500,2025-10-24 04:20:00,121.47717558713774,558.7563755952381,437.2792,10799.999999991,10799.999999991,0.0,True,False
426510,2025-10-24 04:30:00,154.77648808713778,565.2281547619048,410.45166666666665,10799.999999991,10799.999999991,0.0,True,False
426520,2025-10-24 04:40:00,126.12884225380448,566.7987922619047,440.66995,10799.999999991,10799.999999991,0.0,True,False
426530,2025-10-24 04:50:00,96.70755713475691,568.1760904761906,471.4685333333333,10799.999999991,10799.999999991,0.0,True,False
426540,2025-10-24 05:00:00,100.18791665856642,568.8779166666667,468.68999999999994,10799.999999991,10799.999999991,0.0,True,False
426550,2025-10-24 05:10:00,110.82792439666154,563.860874404762,453.03295,10799.999999991,10799.999999991,0.0,True,False
426560,2025-10-24 05:20:00,124.116864872852,564.275081547619,440.1582166666667,10799.999999991,10799.999999991,0.0,True,False
426570,2025-10-24 05:30:00,112.19970237285199,562.5347023809524,450.33500000000004,10799.999999991,10799.999999991,0.0,True,False
426580,2025-10-24 05:40:00,891.3205309442806,1384.1024642857142,492.7819333333333,10799.999999991,10799.999999991,0.0,True,False
427250,2025-10-24 16:50:00,56.015107133856226,622.6221904761903,566.6070833333333,10799.99999999,10799.99999999,0.0,True,False
427260,2025-10-24 17:00:00,193.46260415766588,656.3492708333332,462.88666666666666,10799.99999999,10799.99999999,0.0,True,False
427270,2025-10-24 17:10:00,271.4516886814756,710.7100886904764,439.2584,10799.99999999,10799.99999999,0.0,True,False
427280,2025-10-24 17:20:00,313.0286196338563,760.7471529761903,447.7185333333333,10799.99999999,10799.99999999,0.0,True,False
427290,2025-10-24 17:30:00,364.985610110047,811.1256101190477,446.14,10799.99999999,10799.99999999,0.0,True,False
427300,2025-10-24 17:40:00,424.3647166576661,869.9154333333335,445.55071666666663,10799.99999999,10799.99999999,0.0,True,False
427310,2025-10-24 17:50:00,350.99697320528486,793.9224898809523,442.9255166666667,10799.99999999,10799.99999999,0.0,True,False
427320,2025-10-24 18:00:00,204.09053570528496,642.618869047619,438.5283333333333,10799.99999999,10799.99999999,0.0,True,False
427560,2025-10-24 22:00:00,123.05273810523816,1336.2027380952381,379.81666666666666,5756.858725705819,6506.858725695819,749.99999999,False,True
427570,2025-10-24 22:10:00,116.65779643857148,1325.7379630952382,375.74683333333337,6506.858725695819,7256.858725685819,749.99999999,False,True
427590,2025-10-24 22:30:00,98.8563095338095,1348.1279761904761,415.93833333333333,7355.4629474625335,8105.462947453533,749.999999991,False,True
427600,2025-10-24 22:40:00,134.97544584333332,1344.9398125,376.63103333333333,8105.462947453533,8855.462947444534,749.999999991,False,True
427610,2025-10-24 22:50:00,116.48774048619042,1346.881257142857,397.0601833333333,8855.462947444534,9605.462947435533,749.999999991,False,True
427620,2025-10-24 23:00:00,61.75077381952371,1351.159107142857,456.07499999999993,9605.462947435533,10355.462947426533,749.999999991,False,True
427640,2025-10-24 23:20:00,877.7870319668049,1356.817630952381,394.20826666666665,10723.659900902981,10799.99999999,76.34009908701854,True,False
427650,2025-10-24 23:30:00,957.8194642767135,1364.894464285714,407.07499999999993,10799.99999999,10799.99999999,0.0,True,False
427660,2025-10-24 23:40:00,956.813048800523,1365.0344154761904,408.22136666666665,10799.99999999,10799.99999999,0.0,True,False
427670,2025-10-24 23:50:00,118.66552618147543,532.5879761904762,413.92245,10799.99999999,10799.99999999,0.0,True,False
427680,2025-10-25 00:00:00,120.86851189576109,534.6485119047618,413.78,10799.99999999,10799.99999999,0.0,True,False
427690,2025-10-25 00:10:00,149.95496427671353,529.1622809523809,379.20731666666666,10799.99999999,10799.99999999,0.0,True,False
427700,2025-10-25 00:20:00,137.54194344338023,523.7621767857142,386.2202333333333,10799.99999999,10799.99999999,0.0,True,False
427710,2025-10-25 00:30:00,94.91517856242777,525.2885119047618,430.3733333333333,10799.99999999,10799.99999999,0.0,True,False
427720,2025-10-25 00:40:00,102.73973272909447,532.8952494047619,430.1555166666667,10799.99999999,10799.99999999,0.0,True,False
427730,2025-10-25 00:50:00,113.76466665766586,535.7124166666665,421.9477499999999,10799.99999999,10799.99999999,0.0,True,False
427740,2025-10-25 01:00:00,113.76333332433259,534.3783333333333,420.615,10799.99999999,10799.99999999,0.0,True,False
427750,2025-10-25 01:10:00,130.9902422529041,538.0845589285715,407.09431666666666,10799.99999999,10799.99999999,0.0,True,False
427760,2025-10-25 01:20:00,103.76474106242776,535.3027410714285,431.538,10799.99999999,10799.99999999,0.0,True,False
427770,2025-10-25 01:30:00,52.772083324332506,529.7204166666666,476.9483333333333,10799.99999999,10799.99999999,0.0,True,False
427780,2025-10-25 01:40:00,67.89953272909455,537.1322827380952,469.23274999999995,10799.99999999,10799.99999999,0.0,True,False
427790,2025-10-25 01:50:00,96.36174761004688,540.6227809523809,444.26103333333333,10799.99999999,10799.99999999,0.0,True,False
427800,2025-10-25 02:00:00,112.81148808623729,538.9448214285713,426.1333333333333,10799.99999999,10799.99999999,0.0,True,False
427810,2025-10-25 02:10:00,138.5810583243326,547.5426749999999,408.9616166666666,10799.99999999,10799.99999999,0.0,True,False
427820,2025-10-25 02:20:00,128.06688213385635,553.0647488095237,424.99786666666665,10799.99999999,10799.99999999,0.0,True,False
427830,2025-10-25 02:30:00,95.83607141957074,551.2144047619048,455.37833333333333,10799.99999999,10799.99999999,0.0,True,False
427840,2025-10-25 02:40:00,109.66819761004692,551.6090976190476,441.94089999999994,10799.99999999,10799.99999999,0.0,True,False
427850,2025-10-25 02:50:00,140.52720118147553,553.5147845238096,412.9875833333333,10799.99999999,10799.99999999,0.0,True,False
427860,2025-10-25 03:00:00,152.024285705285,554.9292857142857,402.905,10799.99999999,10799.99999999,0.0,True,False
427870,2025-10-25 03:10:00,137.96943570528478,555.1674690476189,417.19803333333334,10799.99999999,10799.99999999,0.0,True,False
427880,2025-10-25 03:20:00,139.27145713385627,552.9902738095236,413.7188166666666,10799.99999999,10799.99999999,0.0,True,False
427890,2025-10-25 03:30:00,142.89738094338017,551.1640476190476,408.26666666666665,10799.99999999,10799.99999999,0.0,True,False
427900,2025-10-25 03:40:00,103.27348927671343,554.3730559523808,451.09956666666665,10799.99999999,10799.99999999,0.0,True,False
427910,2025-10-25 03:50:00,101.57211665766599,558.42125,456.84913333333327,10799.99999999,10799.99999999,0.0,True,False
427920,2025-10-25 04:00:00,133.55994046718976,558.8849404761904,425.32499999999993,10799.99999999,10799.99999999,0.0,True,False
427930,2025-10-25 04:10:00,115.28341070528504,555.7493273809524,440.46591666666666,10799.99999999,10799.99999999,0.0,True,False
427940,2025-10-25 04:20:00,111.2628392767136,557.952205952381,446.6893666666666,10799.99999999,10799.99999999,0.0,True,False
427950,2025-10-25 04:30:00,135.84702380052303,564.5836904761904,428.7366666666667,10799.99999999,10799.99999999,0.0,True,False
427960,2025-10-25 04:40:00,132.15161070528498,566.316744047619,434.1651333333333,10799.99999999,10799.99999999,0.0,True,False
427970,2025-10-25 04:50:00,112.55303094338015,568.0083976190475,455.45536666666663,10799.99999999,10799.99999999,0.0,True,False
427980,2025-10-25 05:00:00,104.3393452290945,568.9893452380952,464.65,10799.99999999,10799.99999999,0.0,True,False
427990,2025-10-25 05:10:00,121.2816970148089,563.8108303571429,442.5291333333333,10799.99999999,10799.99999999,0.0,True,False
428010,2025-10-25 05:30:00,0.24416079900718218,562.2797023809524,446.98,10696.45001256725,10799.999999991,103.54998742375064,True,False
428020,2025-10-25 05:40:00,61.497951777613906,552.1634684523809,490.6655166666667,10799.999999991,10799.999999991,0.0,True,False
428680,2025-10-25 16:40:00,0.5904499909991671,581.5840833333332,580.9936333333333,10799.99999999,10799.99999999,0.0,True,False
428690,2025-10-25 16:50:00,108.95621427671333,626.8499309523806,517.8937166666666,10799.99999999,10799.99999999,0.0,True,False
428700,2025-10-25 17:00:00,236.89776784814237,658.9694345238097,422.0716666666666,10799.99999999,10799.99999999,0.0,True,False
428710,2025-10-25 17:10:00,261.14758630052324,714.2442863095239,453.09669999999994,10799.99999999,10799.99999999,0.0,True,False
428720,2025-10-25 17:20:00,296.51989284814204,764.5396428571428,468.01975,10799.99999999,10799.99999999,0.0,True,False
428730,2025-10-25 17:30:00,380.7837648719517,813.3020982142857,432.5183333333333,10799.99999999,10799.99999999,0.0,True,False
428740,2025-10-25 17:40:00,415.9311404671898,870.6908904761905,454.75975,10799.99999999,10799.99999999,0.0,True,False
428750,2025-10-25 17:50:00,323.29498868147544,794.3941220238094,471.09913333333327,10799.99999999,10799.99999999,0.0,True,False
428760,2025-10-25 18:00:00,189.30107141957077,642.4660714285715,453.16499999999996,10799.99999999,10799.99999999,0.0,True,False
429000,2025-10-25 22:00:00,115.2135714385714,1332.2985714285714,383.75166666666667,5777.2922646211655,6527.292264612165,749.999999991,False,True
429010,2025-10-25 22:10:00,116.60932262904781,1323.4611726190478,373.51851666666664,6527.292264612165,7277.292264603165,749.999999991,False,True
429030,2025-10-25 22:30:00,108.0449404861905,1346.5382738095238,405.15999999999997,7381.233793879879,8131.233793870879,749.999999991,False,True
429040,2025-10-25 22:40:00,117.86815477190497,1342.2957214285716,391.0942333333333,8131.233793870879,8881.233793861878,749.999999991,False,True
429050,2025-10-25 22:50:00,121.48797798619056,1345.2423613095239,390.42105,8881.233793861878,9631.233793851878,749.99999999,False,True
429060,2025-10-25 23:00:00,107.8448214385712,1351.6031547619045,410.425,9631.233793851878,10381.233793842877,749.999999991,False,True
429070,2025-10-25 23:10:00,9.900705804604335,900.9888237469629,425.7923333333333,10381.233793842877,10799.999999991,418.7662061481227,True,False
429080,2025-10-25 23:20:00,930.4384851109471,1355.837151785714,425.3986666666666,10799.999999991,10799.999999991,0.0,True,False
429090,2025-10-25 23:30:00,957.1820833252331,1363.7970833333334,406.615,10799.999999991,10799.999999991,0.0,True,False
429100,2025-10-25 23:40:00,975.5126184442806,1363.307968452381,387.79535,10799.999999991,10799.999999991,0.0,True,False
429110,2025-10-25 23:50:00,83.76512439666155,531.3330244047619,447.5679,10799.999999991,10799.999999991,0.0,True,False
436330,2025-10-31 00:10:00,118.54688810523815,1357.5246047619048,405.64438333333334,8194.925426944645,8944.925426934644,749.99999999,False,True
436340,2025-10-31 00:20:00,106.64126905761917,1353.9201523809525,413.94554999999997,8944.925426934644,9694.925426925643,749.999999991,False,True
436410,2025-10-31 01:30:00,25.510741585555813,533.7291666666666,431.775,10731.200917418,10799.999999991,68.79908257299975,True,False
436420,2025-10-31 01:40:00,103.72282082523313,540.3079875000001,436.5851666666666,10799.999999991,10799.999999991,0.0,True,False
436430,2025-10-31 01:50:00,118.39558689666157,542.7070202380952,424.3114333333333,10799.999999991,10799.999999991,0.0,True,False
436440,2025-10-31 02:00:00,131.65904761094723,540.4457142857142,408.78666666666663,10799.999999991,10799.999999991,0.0,True,False
436450,2025-10-31 02:10:00,137.24166249189952,542.3718791666665,405.1302166666667,10799.999999991,10799.999999991,0.0,True,False
436460,2025-10-31 02:20:00,132.7740505871378,545.9317339285715,413.15768333333335,10799.999999991,10799.999999991,0.0,True,False
436470,2025-10-31 02:30:00,124.60488094428067,549.6465476190476,425.04166666666663,10799.999999991,10799.999999991,0.0,True,False
436480,2025-10-31 02:40:00,123.27069880142344,554.4091321428571,431.1384333333333,10799.999999991,10799.999999991,0.0,True,False
436490,2025-10-31 02:50:00,124.67462915856638,554.7164625,430.04183333333333,10799.999999991,10799.999999991,0.0,True,False
436500,2025-10-31 03:00:00,118.68553570618545,551.5455357142857,432.85999999999996,10799.999999991,10799.999999991,0.0,True,False
436510,2025-10-31 03:10:00,101.20059999189957,551.3611333333332,450.1605333333333,10799.999999991,10799.999999991,0.0,True,False
436520,2025-10-31 03:20:00,99.9464059442806,550.4325392857143,450.4861333333333,10799.999999991,10799.999999991,0.0,True,False
436530,2025-10-31 03:30:00,117.79351189666144,550.3001785714284,432.50666666666666,10799.999999991,10799.999999991,0.0,True,False
436540,2025-10-31 03:40:00,127.866971420471,556.5296214285713,428.66265,10799.999999991,10799.999999991,0.0,True,False
436550,2025-10-31 03:50:00,116.76317618237593,559.6095761904762,442.84639999999996,10799.999999991,10799.999999991,0.0,True,False
436560,2025-10-31 04:00:00,99.81351189666154,556.6318452380951,456.81833333333327,10799.999999991,10799.999999991,0.0,True,False
436570,2025-10-31 04:10:00,107.3762303490424,554.4618636904761,447.08563333333336,10799.999999991,10799.999999991,0.0,True,False
436580,2025-10-31 04:20:00,129.3075476109473,556.9955142857143,427.6879666666667,10799.999999991,10799.999999991,0.0,True,False
436590,2025-10-31 04:30:00,131.77279761094732,562.1044642857142,430.3316666666666,10799.999999991,10799.999999991,0.0,True,False
436600,2025-10-31 04:40:00,94.67009820618543,564.6032315476191,469.93313333333333,10799.999999991,10799.999999991,0.0,True,False
436610,2025-10-31 04:50:00,100.7860738014235,567.3921238095238,466.60605,10799.999999991,10799.999999991,0.0,True,False
436620,2025-10-31 05:00:00,140.3007738014234,567.3574404761904,427.0566666666667,10799.999999991,10799.999999991,0.0,True,False
436630,2025-10-31 05:10:00,121.102816063328,559.3748494047617,438.2720333333333,10799.999999991,10799.999999991,0.0,True,False
436640,2025-10-31 05:20:00,93.16971130142346,561.3037113095238,468.134,10799.999999991,10799.999999991,0.0,True,False
436650,2025-10-31 05:30:00,82.07767856332836,565.2243452380953,483.14666666666665,10799.999999991,10799.999999991,0.0,True,False
436660,2025-10-31 05:40:00,907.8273327299947,1389.1083660714285,481.2810333333333,10799.999999991,10799.999999991,0.0,True,False
437320,2025-10-31 16:40:00,22.24649641957064,605.569113095238,583.3226166666666,10799.99999999,10799.99999999,0.0,True,False
437330,2025-10-31 16:50:00,121.14069701480886,651.0251303571429,529.8844333333333,10799.99999999,10799.99999999,0.0,True,False
437340,2025-10-31 17:00:00,231.6327380862375,680.6694047619048,449.03666666666663,10799.99999999,10799.99999999,0.0,True,False
437350,2025-10-31 17:10:00,333.33544046718976,734.6261071428571,401.29066666666665,10799.99999999,10799.99999999,0.0,True,False
437360,2025-10-31 17:20:00,362.4853214195707,783.1162714285714,420.63095,10799.99999999,10799.99999999,0.0,True,False
437370,2025-10-31 17:30:00,366.212797610047,825.746130952381,459.5333333333333,10799.99999999,10799.99999999,0.0,True,False
437380,2025-10-31 17:40:00,435.1104589195707,870.9336089285714,435.82315,10799.99999999,10799.99999999,0.0,True,False
437390,2025-10-31 17:50:00,366.04245832433264,788.710925,422.66846666666663,10799.99999999,10799.99999999,0.0,True,False
437400,2025-10-31 18:00:00,183.57833332433242,637.2883333333332,453.71000000000004,10799.99999999,10799.99999999,0.0,True,False
437640,2025-10-31 22:00:00,108.49797620047603,1324.017976190476,382.1866666666666,5582.572968860851,6332.57296885185,749.999999991,False,True
437650,2025-10-31 22:10:00,76.10655358142866,1316.021136904762,406.58125,6332.57296885185,7082.57296884285,749.999999991,False,True
437670,2025-10-31 22:30:00,111.46470239095252,1341.2213690476192,396.4233333333333,7162.7992865124215,7912.799286502422,749.99999999,False,True
437680,2025-10-31 22:40:00,101.78529643857142,1337.970913095238,402.8522833333333,7912.799286502422,8662.799286493422,749.999999991,False,True
437690,2025-10-31 22:50:00,114.075436914762,1340.1398202380954,392.73105,8662.799286493422,9412.799286483421,749.99999999,False,True
437700,2025-10-31 23:00:00,144.1364881052382,1345.3131547619048,367.8433333333333,9412.799286483421,10162.799286474421,749.999999991,False,True
437710,2025-10-31 23:10:00,93.28564708475368,1179.5610898809525,378.27464999999995,10162.799286474421,10799.999999991,637.200713516579,True,False
437720,2025-10-31 23:20:00,974.1973255871377,1350.762275595238,376.56495,10799.999999991,10799.999999991,0.0,True,False
437730,2025-10-31 23:30:00,990.0273214204711,1356.5906547619047,366.56333333333333,10799.999999991,10799.999999991,0.0,True,False
437740,2025-10-31 23:40:00,952.4966291585664,1353.5775458333333,401.0809166666666,10799.999999991,10799.999999991,0.0,True,False
437750,2025-10-31 23:50:00,97.23388392047113,522.4431839285714,425.2093,10799.999999991,10799.999999991,0.0,True,False
437760,2025-11-01 00:00:00,117.24273808713772,529.1610714285714,411.91833333333335,10799.999999991,10799.999999991,0.0,True,False
437770,2025-11-01 00:10:00,134.91680237285195,525.2910023809522,390.3742,10799.999999991,10799.999999991,0.0,True,False
437780,2025-11-01 00:20:00,130.9352559442806,521.3785559523809,390.44329999999997,10799.999999991,10799.999999991,0.0,True,False
437790,2025-11-01 00:30:00,115.8511309442807,523.5144642857143,407.6633333333333,10799.999999991,10799.999999991,0.0,True,False
437800,2025-11-01 00:40:00,114.69536546809016,527.4207988095238,412.72543333333334,10799.999999991,10799.999999991,0.0,True,False
437810,2025-11-01 00:50:00,119.72551308713784,531.6889964285715,411.96348333333333,10799.999999991,10799.999999991,0.0,True,False
437820,2025-11-01 01:00:00,125.92845237285186,534.6417857142856,408.71333333333337,10799.999999991,10799.999999991,0.0,True,False
437830,2025-11-01 01:10:00,134.6009529680903,534.3245196428572,399.7235666666666,10799.999999991,10799.999999991,0.0,True,False
437840,2025-11-01 01:20:00,128.77230475380438,532.2148047619047,403.4425,10799.999999991,10799.999999991,0.0,True,False
437850,2025-11-01 01:30:00,113.7549404680901,533.1566071428571,419.40166666666664,10799.999999991,10799.999999991,0.0,True,False
437860,2025-11-01 01:40:00,111.84335475380439,540.603988095238,428.7606333333333,10799.999999991,10799.999999991,0.0,True,False
437870,2025-11-01 01:50:00,106.50780356332834,543.1059702380953,436.59816666666666,10799.999999991,10799.999999991,0.0,True,False
437880,2025-11-01 02:00:00,97.12452380142341,539.9945238095237,442.86999999999995,10799.999999991,10799.999999991,0.0,True,False
437890,2025-11-01 02:10:00,102.89659522999486,541.8319285714285,438.93533333333335,10799.999999991,10799.999999991,0.0,True,False
437900,2025-11-01 02:20:00,118.31918272999494,546.1002660714286,427.7810833333333,10799.999999991,10799.999999991,0.0,True,False
437910,2025-11-01 02:30:00,122.76065475380446,550.1523214285714,427.39166666666665,10799.999999991,10799.999999991,0.0,True,False
437920,2025-11-01 02:40:00,100.56367856332824,553.8277952380952,453.2641166666666,10799.999999991,10799.999999991,0.0,True,False
437930,2025-11-01 02:50:00,88.84886606332819,553.9485827380952,465.09971666666667,10799.999999991,10799.999999991,0.0,True,False
437940,2025-11-01 03:00:00,97.54011903951877,551.9267857142858,454.38666666666666,10799.999999991,10799.999999991,0.0,True,False
437950,2025-11-01 03:10:00,98.53598153951864,552.2628648809523,453.7268833333333,10799.999999991,10799.999999991,0.0,True,False
437960,2025-11-01 03:20:00,75.31472856332832,550.689111904762,475.3743833333333,10799.999999991,10799.999999991,0.0,True,False
437970,2025-11-01 03:30:00,54.177619039518596,549.8326190476189,495.655,10799.999999991,10799.999999991,0.0,True,False
437980,2025-11-01 03:40:00,81.313133325233,556.7068666666667,475.39373333333333,10799.999999991,10799.999999991,0.0,True,False
437990,2025-11-01 03:50:00,125.18296427761393,559.8617642857142,434.67879999999997,10799.999999991,10799.999999991,0.0,True,False
438000,2025-11-01 04:00:00,149.32815475380445,556.2081547619048,406.88,10799.999999991,10799.999999991,0.0,True,False
438010,2025-11-01 04:10:00,141.2451083252329,554.1966916666665,412.9515833333333,10799.999999991,10799.999999991,0.0,True,False
438020,2025-11-01 04:20:00,123.7669071347569,556.0570571428572,432.2901499999999,10799.999999991,10799.999999991,0.0,True,False
438030,2025-11-01 04:30:00,112.35880951570917,560.7088095238095,448.34999999999997,10799.999999991,10799.999999991,0.0,True,False
438040,2025-11-01 04:40:00,109.72631368237595,565.6159303571429,455.88961666666665,10799.999999991,10799.999999991,0.0,True,False
438050,2025-11-01 04:50:00,129.71297975380432,568.8011464285713,439.08816666666667,10799.999999991,10799.999999991,0.0,True,False
438060,2025-11-01 05:00:00,144.15107142047097,566.9377380952379,422.78666666666663,10799.999999991,10799.999999991,0.0,True,False
438070,2025-11-01 05:10:00,108.92572022999484,559.6091869047618,450.6834666666667,10799.999999991,10799.999999991,0.0,True,False
438080,2025-11-01 05:20:00,92.20473511094727,562.8065184523809,470.60178333333334,10799.999999991,10799.999999991,0.0,True,False
438090,2025-11-01 05:30:00,102.84446427761398,566.9177976190476,464.0733333333333,10799.999999991,10799.999999991,0.0,True,False
438100,2025-11-01 05:40:00,94.19813749189956,556.8567541666665,462.65861666666666,10799.999999991,10799.999999991,0.0,True,False
438750,2025-11-01 16:30:00,0.8506398719516483,546.7339732142857,545.8833333333333,10799.99999999,10799.99999999,0.0,True,False
438760,2025-11-01 16:40:00,62.403095824332645,613.4487458333334,551.04565,10799.99999999,10799.99999999,0.0,True,False
438770,2025-11-01 16:50:00,125.86545237195179,658.4040190476192,532.5385666666666,10799.99999999,10799.99999999,0.0,True,False
438780,2025-11-01 17:00:00,215.25523808623737,686.4985714285714,471.24333333333334,10799.99999999,10799.99999999,0.0,True,False
438790,2025-11-01 17:10:00,289.69567320528495,738.6532398809522,448.9575666666666,10799.99999999,10799.99999999,0.0,True,False
438800,2025-11-01 17:20:00,323.80933749099944,786.5740708333335,462.7647333333333,10799.99999999,10799.99999999,0.0,True,False
438810,2025-11-01 17:30:00,360.1362648719519,828.9129315476192,468.77666666666664,10799.99999999,10799.99999999,0.0,True,False
438820,2025-11-01 17:40:00,440.7548868957612,871.8401035714286,431.08521666666667,10799.99999999,10799.99999999,0.0,True,False
438830,2025-11-01 17:50:00,372.4387178481421,788.4531678571428,416.01444999999995,10799.99999999,10799.99999999,0.0,True,False
438840,2025-11-01 18:00:00,202.07196427671337,638.0452976190475,435.97333333333336,10799.99999999,10799.99999999,0.0,True,False
439080,2025-11-01 22:00:00,89.55416667666667,1325.5025,402.615,5913.229265739159,6663.229265730159,749.999999991,False,True
439090,2025-11-01 22:10:00,84.62089108142844,1317.5030244047618,399.5488,6663.229265730159,7413.229265721158,749.999999991,False,True
439110,2025-11-01 22:30:00,137.94476191476178,1341.9064285714285,370.62833333333333,7518.279839819301,8268.2798398103,749.999999991,False,True
439120,2025-11-01 22:40:00,121.10223631952384,1338.5012529761905,384.0656833333333,8268.2798398103,9018.2798398013,749.999999991,False,True
439130,2025-11-01 22:50:00,106.57774346238101,1339.9504767857143,400.03939999999994,9018.2798398013,9768.2798397913,749.99999999,False,True
439140,2025-11-01 23:00:00,108.00142858142861,1344.3680952380953,403.0333333333333,9768.2798397913,10518.279839782299,749.999999991,False,True
439150,2025-11-01 23:10:00,456.65979351103897,1178.9029104095957,409.2207166666667,10518.279839782299,10799.999999991,281.72016020870103,True,False
439160,2025-11-01 23:20:00,933.0350601109475,1349.450893452381,416.4158333333333,10799.999999991,10799.999999991,0.0,True,False
439170,2025-11-01 23:30:00,944.6596428490425,1354.2346428571427,409.57499999999993,10799.999999991,10799.999999991,0.0,True,False
439180,2025-11-01 23:40:00,961.5215166585664,1352.5032333333334,390.98171666666667,10799.999999991,10799.999999991,0.0,True,False
439190,2025-11-01 23:50:00,65.98714820618537,522.7205148809524,456.73336666666665,10799.999999991,10799.999999991,0.0,True,False
446410,2025-11-07 00:10:00,135.0904131052382,1357.175629761905,388.75188333333335,8151.8461621629,8901.8461621529,749.99999999,False,True
446420,2025-11-07 00:20:00,109.72350417666665,1352.7367875,409.67994999999996,8901.8461621529,9651.8461621439,749.999999991,False,True
446490,2025-11-07 01:30:00,1.5948826569839474,534.4027976190475,443.57499999999993,10719.690376525143,10799.999999991,80.30962346585729,True,False
446500,2025-11-07 01:40:00,99.45786130142343,543.0030779761904,443.54521666666665,10799.999999991,10799.999999991,0.0,True,False
446510,2025-11-07 01:50:00,98.01284761094732,545.2956976190476,447.28284999999994,10799.999999991,10799.999999991,0.0,True,False
446520,2025-11-07 02:00:00,91.93874999189964,540.6637499999999,448.72499999999997,10799.999999991,10799.999999991,0.0,True,False
446530,2025-11-07 02:10:00,102.12764522999484,541.0390119047618,438.9113666666666,10799.999999991,10799.999999991,0.0,True,False
446540,2025-11-07 02:20:00,103.48894463475685,545.7840779761905,442.2951333333333,10799.999999991,10799.999999991,0.0,True,False
446550,2025-11-07 02:30:00,91.6956547538044,551.5906547619047,459.895,10799.999999991,10799.999999991,0.0,True,False
446560,2025-11-07 02:40:00,90.58631665856629,555.6519999999999,465.0656833333333,10799.999999991,10799.999999991,0.0,True,False
446570,2025-11-07 02:50:00,105.85011189666162,554.8680619047619,449.01795,10799.999999991,10799.999999991,0.0,True,False
446580,2025-11-07 03:00:00,125.21148808713778,552.3398214285714,427.12833333333333,10799.999999991,10799.999999991,0.0,True,False
446590,2025-11-07 03:10:00,129.29979106332829,553.9060910714286,424.6063,10799.999999991,10799.999999991,0.0,True,False
446600,2025-11-07 03:20:00,122.50636249189964,551.8729291666666,429.36656666666664,10799.999999991,10799.999999991,0.0,True,False
446610,2025-11-07 03:30:00,112.21416665856631,549.6908333333333,437.4766666666667,10799.999999991,10799.999999991,0.0,True,False
446620,2025-11-07 03:40:00,103.8402571347568,558.4024071428571,454.56215,10799.999999991,10799.999999991,0.0,True,False
446630,2025-11-07 03:50:00,106.66864761094737,561.865630952381,455.1969833333333,10799.999999991,10799.999999991,0.0,True,False
446640,2025-11-07 04:00:00,116.43291665856631,555.94625,439.5133333333333,10799.999999991,10799.999999991,0.0,True,False
446650,2025-11-07 04:10:00,120.00306844428056,552.7936184523809,432.79055,10799.999999991,10799.999999991,0.0,True,False
446660,2025-11-07 04:20:00,126.25579046809,553.858807142857,427.6030166666667,10799.999999991,10799.999999991,0.0,True,False
446670,2025-11-07 04:30:00,132.81523808713777,558.2685714285714,425.45333333333326,10799.999999991,10799.999999991,0.0,True,False
446680,2025-11-07 04:40:00,128.03074701570912,564.5509303571428,436.5201833333333,10799.999999991,10799.999999991,0.0,True,False
446690,2025-11-07 04:50:00,129.64502261094717,566.8577892857141,437.21276666666665,10799.999999991,10799.999999991,0.0,True,False
446700,2025-11-07 05:00:00,136.4454761823758,563.9871428571428,427.54166666666663,10799.999999991,10799.999999991,0.0,True,False
446710,2025-11-07 05:10:00,127.87339165856636,561.2619416666666,433.38854999999995,10799.999999991,10799.999999991,0.0,True,False
446720,2025-11-07 05:20:00,111.79663153951866,566.3080815476189,454.51144999999997,10799.999999991,10799.999999991,0.0,True,False
446730,2025-11-07 05:30:00,99.61398808713781,568.2706547619048,468.65666666666664,10799.999999991,10799.999999991,0.0,True,False
446740,2025-11-07 05:40:00,938.9252059442808,1392.4466226190477,453.5214166666666,10799.999999991,10799.999999991,0.0,True,False
446750,2025-11-07 05:50:00,167.5939601109474,612.923393452381,445.3294333333333,10799.999999991,10799.999999991,0.0,True,False
447390,2025-11-07 16:30:00,28.61666665766618,582.6150000000001,553.9983333333332,10799.99999999,10799.99999999,0.0,True,False
447400,2025-11-07 16:40:00,84.29814403861863,648.9350940476193,564.63695,10799.99999999,10799.99999999,0.0,True,False
447410,2025-11-07 16:50:00,183.68056963385627,693.531919642857,509.85134999999997,10799.99999999,10799.99999999,0.0,True,False
447420,2025-11-07 17:00:00,287.8172023719516,720.2805357142856,432.46333333333337,10799.99999999,10799.99999999,0.0,True,False
447430,2025-11-07 17:10:00,322.0146238005231,767.1427404761905,445.12811666666664,10799.99999999,10799.99999999,0.0,True,False
447440,2025-11-07 17:20:00,334.73935832433256,808.5760416666666,473.8366833333333,10799.99999999,10799.99999999,0.0,True,False
447450,2025-11-07 17:30:00,366.8763541576657,843.0496874999997,476.1733333333333,10799.99999999,10799.99999999,0.0,True,False
447460,2025-11-07 17:40:00,396.21129880052314,875.0507488095238,478.83945,10799.99999999,10799.99999999,0.0,True,False
447470,2025-11-07 17:50:00,319.96924880052313,788.2434821428571,468.2742333333333,10799.99999999,10799.99999999,0.0,True,False
447480,2025-11-07 18:00:00,186.94065475290395,640.2806547619047,453.34,10799.99999999,10799.99999999,0.0,True,False
447720,2025-11-07 22:00:00,146.53952381952388,1328.9411904761905,349.06833333333327,5716.2014819825445,6466.201481973544,749.999999991,False,True
447730,2025-11-07 22:10:00,111.04686905761899,1319.7328857142857,375.35268333333335,6466.201481973544,7216.201481964544,749.999999991,False,True
447750,2025-11-07 22:30:00,97.92982143857135,1341.9031547619047,410.64,7305.009035526972,8055.009035516972,749.99999999,False,True
447760,2025-11-07 22:40:00,90.84876667666661,1337.3643,413.18219999999997,8055.009035516972,8805.009035507972,749.999999991,False,True
447770,2025-11-07 22:50:00,83.26576191476168,1339.705445238095,423.10635,8805.009035507972,9555.009035497971,749.99999999,False,True
447780,2025-11-07 23:00:00,84.06476191476189,1345.7764285714286,428.37833333333333,9555.009035497971,10305.00903548897,749.999999991,False,True
447790,2025-11-07 23:10:00,212.84168229933266,1178.6381261904762,415.80648333333335,10305.00903548897,10799.999999991,494.9909645020292,True,False
447800,2025-11-07 23:20:00,944.4284505871377,1348.123700595238,403.69525,10799.999999991,10799.999999991,0.0,True,False
447810,2025-11-07 23:30:00,958.3055952299949,1354.4655952380951,396.15999999999997,10799.999999991,10799.999999991,0.0,True,False
447820,2025-11-07 23:40:00,969.3741940395187,1354.5553607142856,385.1811666666666,10799.999999991,10799.999999991,0.0,True,False
447830,2025-11-07 23:50:00,122.78093153951872,523.6710482142857,400.8901166666667,10799.999999991,10799.999999991,0.0,True,False
447840,2025-11-08 00:00:00,89.0722618966615,527.4522619047618,438.38,10799.999999991,10799.999999991,0.0,True,False
447850,2025-11-08 00:10:00,69.47031130142344,522.3023779761904,452.83206666666666,10799.999999991,10799.999999991,0.0,True,False
447860,2025-11-08 00:20:00,96.63865951570912,518.2342928571428,421.59563333333335,10799.999999991,10799.999999991,0.0,True,False
447870,2025-11-08 00:30:00,136.3238690395186,522.1138690476189,385.78999999999996,10799.999999991,10799.999999991,0.0,True,False
447880,2025-11-08 00:40:00,121.35232022999483,530.5065202380952,409.1542,10799.999999991,10799.999999991,0.0,True,False
447890,2025-11-08 00:50:00,113.56255475380433,532.8353547619047,419.2728,10799.999999991,10799.999999991,0.0,True,False
447900,2025-11-08 01:00:00,122.5616666585664,529.6233333333333,407.0616666666666,10799.999999991,10799.999999991,0.0,True,False
447910,2025-11-08 01:10:00,97.69829761094732,530.7111142857143,433.01281666666665,10799.999999991,10799.999999991,0.0,True,False
447920,2025-11-08 01:20:00,85.43226368237592,532.3801803571429,446.94791666666663,10799.999999991,10799.999999991,0.0,True,False
447930,2025-11-08 01:30:00,96.02601189666146,535.1976785714285,439.1716666666667,10799.999999991,10799.999999991,0.0,True,False
447940,2025-11-08 01:40:00,96.24787439666156,543.4697577380952,447.22188333333327,10799.999999991,10799.999999991,0.0,True,False
447950,2025-11-08 01:50:00,121.30228034904249,545.8268970238095,424.52461666666665,10799.999999991,10799.999999991,0.0,True,False
447960,2025-11-08 02:00:00,150.61613094428057,541.2827976190475,390.66666666666663,10799.999999991,10799.999999991,0.0,True,False
447970,2025-11-08 02:10:00,121.17973689666152,540.8580369047619,419.67830000000004,10799.999999991,10799.999999991,0.0,True,False
447980,2025-11-08 02:20:00,92.0529124918996,545.9426458333332,453.8897333333333,10799.999999991,10799.999999991,0.0,True,False
447990,2025-11-08 02:30:00,98.3386904680901,552.9503571428571,454.6116666666667,10799.999999991,10799.999999991,0.0,True,False
448000,2025-11-08 02:40:00,118.20445177761403,556.686268452381,438.48181666666665,10799.999999991,10799.999999991,0.0,True,False
448010,2025-11-08 02:50:00,124.0622190395188,555.3611023809524,431.29888333333326,10799.999999991,10799.999999991,0.0,True,False
448020,2025-11-08 03:00:00,106.98446427761402,552.566130952381,445.5816666666666,10799.999999991,10799.999999991,0.0,True,False
448030,2025-11-08 03:10:00,85.83968332523298,553.3552999999999,467.51561666666663,10799.999999991,10799.999999991,0.0,True,False
448040,2025-11-08 03:20:00,109.25353511094724,551.1940017857142,441.9404666666667,10799.999999991,10799.999999991,0.0,True,False
448050,2025-11-08 03:30:00,154.37660713475682,549.5982738095238,395.22166666666664,10799.999999991,10799.999999991,0.0,True,False
448060,2025-11-08 03:40:00,148.84330832523287,558.4754249999999,409.63211666666666,10799.999999991,10799.999999991,0.0,True,False
448070,2025-11-08 03:50:00,134.91787201570915,562.1016220238095,427.18375,10799.999999991,10799.999999991,0.0,True,False
448080,2025-11-08 04:00:00,136.4632142776139,556.2398809523809,419.77666666666664,10799.999999991,10799.999999991,0.0,True,False
448090,2025-11-08 04:10:00,132.85349880142346,552.4998154761904,419.6463166666666,10799.999999991,10799.999999991,0.0,True,False
448100,2025-11-08 04:20:00,117.81245475380436,553.6547047619047,435.84225,10799.999999991,10799.999999991,0.0,True,False
448110,2025-11-08 04:30:00,103.06309522999479,558.4114285714285,455.34833333333336,10799.999999991,10799.999999991,0.0,True,False
448120,2025-11-08 04:40:00,107.73280237285209,563.6384357142857,455.9056333333333,10799.999999991,10799.999999991,0.0,True,False
448130,2025-11-08 04:50:00,124.88175058713767,565.6099172619047,440.72816666666665,10799.999999991,10799.999999991,0.0,True,False
448140,2025-11-08 05:00:00,137.61744046809005,563.254107142857,425.63666666666666,10799.999999991,10799.999999991,0.0,True,False
448150,2025-11-08 05:10:00,134.01189761094727,560.1277476190476,426.11584999999997,10799.999999991,10799.999999991,0.0,True,False
448160,2025-11-08 05:20:00,133.58815058713785,566.1724172619048,432.5842666666666,10799.999999991,10799.999999991,0.0,True,False
448170,2025-11-08 05:30:00,128.27613094428042,569.8744642857141,441.59833333333336,10799.999999991,10799.999999991,0.0,True,False
448180,2025-11-08 05:40:00,103.04994939666173,559.9144160714287,456.86446666666666,10799.999999991,10799.999999991,0.0,True,False
448190,2025-11-08 05:50:00,150.758527372852,612.5833273809523,461.8248,10799.999999991,10799.999999991,0.0,True,False
448840,2025-11-08 16:40:00,86.61235177671387,652.4917184523812,565.8793666666666,10799.99999999,10799.99999999,0.0,True,False
448850,2025-11-08 16:50:00,190.67959344338013,697.2276101190475,506.5480166666667,10799.99999999,10799.99999999,0.0,True,False
448860,2025-11-08 17:00:00,270.3376041576662,724.2209375000002,453.8833333333333,10799.99999999,10799.99999999,0.0,True,False
448870,2025-11-08 17:10:00,326.29007975290403,771.4993964285713,445.20931666666667,10799.99999999,10799.99999999,0.0,True,False
448880,2025-11-08 17:20:00,359.65915594338003,812.2083226190474,452.5491666666667,10799.99999999,10799.99999999,0.0,True,False
448890,2025-11-08 17:30:00,390.7788690386182,844.9505357142856,454.1716666666667,10799.99999999,10799.99999999,0.0,True,False
448900,2025-11-08 17:40:00,425.53865534814236,875.516705357143,449.97805,10799.99999999,10799.99999999,0.0,True,False
448910,2025-11-08 17:50:00,352.2272529671898,788.3232696428572,436.0960166666667,10799.99999999,10799.99999999,0.0,True,False
448920,2025-11-08 18:00:00,218.57422618147544,640.5692261904761,421.99499999999995,10799.99999999,10799.99999999,0.0,True,False
449160,2025-11-08 22:00:00,115.22547620047634,1328.7138095238097,380.155,5781.413181764288,6531.413181755288,749.999999991,False,True
449170,2025-11-08 22:10:00,95.0144196528572,1319.3431029761905,390.99535,6531.413181755288,7281.413181746288,749.999999991,False,True
449190,2025-11-08 22:30:00,102.65565477190465,1340.808988095238,404.82,7369.095285844431,8119.095285834431,749.99999999,False,True
449200,2025-11-08 22:40:00,109.41315715285712,1337.206257142857,394.45976666666667,8119.095285834431,8869.095285825431,749.999999991,False,True
449210,2025-11-08 22:50:00,113.09602917666665,1340.1270458333333,393.6976833333333,8869.095285825431,9619.095285816431,749.999999991,False,True
449220,2025-11-08 23:00:00,118.48303572428561,1346.191369047619,394.375,9619.095285816431,10369.09528580643,749.99999999,False,True
449230,2025-11-08 23:10:00,318.79294702624316,1179.4751961202096,381.8992333333333,10369.09528580643,10799.999999991,430.9047141845698,True,False
449240,2025-11-08 23:20:00,952.6416488014233,1348.1968154761903,395.55516666666665,10799.999999991,10799.999999991,0.0,True,False
449250,2025-11-08 23:30:00,943.9991666585662,1353.2158333333332,409.2166666666667,10799.999999991,10799.999999991,0.0,True,False
449260,2025-11-08 23:40:00,981.6207428490426,1353.9130761904762,372.2923333333333,10799.999999991,10799.999999991,0.0,True,False
449270,2025-11-08 23:50:00,82.16875713475682,523.4285071428571,441.25975,10799.999999991,10799.999999991,0.0,True,False
450680,2025-11-09 23:20:00,5.648816676666903,1348.7887500000002,509.80659999999995,5993.498892014644,6743.498892004644,749.99999999,False,True
455380,2025-11-13 05:40:00,2.1361113195238124,1392.8263946428572,557.35695,8290.389213904826,9040.389213894825,749.99999999,False,True
456490,2025-11-14 00:10:00,123.6305791766665,1354.9347458333332,397.9708333333333,8267.087689233007,9017.087689223006,749.99999999,False,True
456500,2025-11-14 00:20:00,90.89135358142833,1352.5342035714284,428.3095166666667,9017.087689223006,9767.087689214006,749.999999991,False,True
456570,2025-11-14 01:30:00,21.190148133174993,539.2182738095237,434.5,10724.824686882286,10799.999999991,75.17531310871381,True,False
456580,2025-11-14 01:40:00,123.23080832523291,543.6681416666665,420.4373333333333,10799.999999991,10799.999999991,0.0,True,False
456590,2025-11-14 01:50:00,104.62446665856632,543.4005833333333,438.77611666666667,10799.999999991,10799.999999991,0.0,True,False
456600,2025-11-14 02:00:00,67.8048214204712,539.5364880952382,471.7316666666666,10799.999999991,10799.999999991,0.0,True,False
456610,2025-11-14 02:10:00,92.64283570618525,539.3893523809522,446.74651666666665,10799.999999991,10799.999999991,0.0,True,False
456620,2025-11-14 02:20:00,109.52537975380434,544.761513095238,435.2361333333333,10799.999999991,10799.999999991,0.0,True,False
456630,2025-11-14 02:30:00,100.9661309442807,552.1394642857143,451.1733333333333,10799.999999991,10799.999999991,0.0,True,False
456640,2025-11-14 02:40:00,117.86024403951885,555.7243940476192,437.86415,10799.999999991,10799.999999991,0.0,True,False
456650,2025-11-14 02:50:00,124.26002261094729,555.973905952381,431.71388333333334,10799.999999991,10799.999999991,0.0,True,False
456660,2025-11-14 03:00:00,106.75130951570927,554.4129761904762,447.66166666666663,10799.999999991,10799.999999991,0.0,True,False
456670,2025-11-14 03:10:00,94.4824470157092,551.9471136904762,457.46466666666663,10799.999999991,10799.999999991,0.0,True,False
456680,2025-11-14 03:20:00,104.8342767776139,549.2894101190475,444.45513333333326,10799.999999991,10799.999999991,0.0,True,False
456690,2025-11-14 03:30:00,127.66476189666147,550.0447619047618,422.38,10799.999999991,10799.999999991,0.0,True,False
456700,2025-11-14 03:40:00,134.95576606332835,557.4370827380953,422.48131666666666,10799.999999991,10799.999999991,0.0,True,False
456710,2025-11-14 03:50:00,124.40933272999499,561.790849404762,437.38151666666664,10799.999999991,10799.999999991,0.0,True,False
456720,2025-11-14 04:00:00,120.65577380142352,558.3741071428572,437.7183333333333,10799.999999991,10799.999999991,0.0,True,False
456730,2025-11-14 04:10:00,145.8556089204712,552.0083922619049,406.15278333333333,10799.999999991,10799.999999991,0.0,True,False
456740,2025-11-14 04:20:00,135.71167677761375,552.4287934523808,416.7171166666667,10799.999999991,10799.999999991,0.0,True,False
456750,2025-11-14 04:30:00,103.18482142047114,559.1848214285715,456.0,10799.999999991,10799.999999991,0.0,True,False
456760,2025-11-14 04:40:00,125.23570475380447,562.8389714285714,437.6032666666666,10799.999999991,10799.999999991,0.0,True,False
456770,2025-11-14 04:50:00,141.35193213475685,563.2372321428571,421.8853,10799.999999991,10799.999999991,0.0,True,False
456780,2025-11-14 05:00:00,121.6686309442807,561.1969642857143,439.5283333333333,10799.999999991,10799.999999991,0.0,True,False
456790,2025-11-14 05:10:00,99.62199165856626,558.4375083333332,458.8155166666666,10799.999999991,10799.999999991,0.0,True,False
456800,2025-11-14 05:20:00,96.32140296809023,565.1231696428572,468.8017666666666,10799.999999991,10799.999999991,0.0,True,False
456810,2025-11-14 05:30:00,103.45416665856649,569.1591666666668,465.705,10799.999999991,10799.999999991,0.0,True,False
456820,2025-11-14 05:40:00,938.8587684442808,1391.744318452381,452.88554999999997,10799.999999991,10799.999999991,0.0,True,False
456830,2025-11-14 05:50:00,157.11127856332834,612.5185952380954,455.4073166666667,10799.999999991,10799.999999991,0.0,True,False
457470,2025-11-14 16:30:00,28.985684454810915,621.0456845238093,592.06,10799.999999923335,10799.999999923335,0.0,True,False
457480,2025-11-14 16:40:00,102.09579755004918,684.0728476190476,581.97705,10799.999999923335,10799.999999923335,0.0,True,False
457490,2025-11-14 16:50:00,207.30417731195402,725.5414107142857,518.2372333333333,10799.999999923335,10799.999999923335,0.0,True,False
457500,2025-11-14 17:00:00,306.2727231452872,752.5527232142856,446.28,10799.999999923335,10799.999999923335,0.0,True,False
457510,2025-11-14 17:10:00,359.05293862147767,799.5227053571429,440.46976666666666,10799.999999923335,10799.999999923335,0.0,True,False
457520,2025-11-14 17:20:00,383.1344344548111,832.1371678571429,449.0027333333333,10799.999999923335,10799.999999923335,0.0,True,False
457530,2025-11-14 17:30:00,412.824270764335,853.8992708333334,441.07499999999993,10799.999999923335,10799.999999923335,0.0,True,False
457540,2025-11-14 17:40:00,441.6521267167159,877.555843452381,435.9037166666667,10799.999999923335,10799.999999923335,0.0,True,False
457550,2025-11-14 17:50:00,348.308295764335,788.0265458333334,439.71824999999995,10799.999999923335,10799.999999923335,0.0,True,False
457560,2025-11-14 18:00:00,189.64011897862056,639.5417857142857,449.90166666666664,10799.999999923335,10799.999999923335,0.0,True,False
457800,2025-11-14 22:00:00,113.73541667666665,1328.8770833333333,381.8083333333333,5654.467826459532,6404.467826449532,749.9999999899999,False,True
457810,2025-11-14 22:10:00,107.37523393857121,1323.0725672619046,382.36400000000003,6404.467826449532,7154.467826440532,749.999999991,False,True
457830,2025-11-14 22:30:00,160.65779762904754,1338.8427976190476,344.8516666666667,7278.530653038675,8028.530653029675,749.999999991,False,True
457840,2025-11-14 22:40:00,148.92002620047617,1338.2523261904762,355.99896666666666,8028.530653029675,8778.530653020674,749.999999991,False,True
457850,2025-11-14 22:50:00,134.3342017957143,1341.6904851190477,374.02295000000004,8778.530653020674,9528.530653011674,749.999999991,False,True
457860,2025-11-14 23:00:00,130.0412500100001,1344.8779166666668,381.50333333333333,9528.530653011674,10278.530653001673,749.99999999,False,True
457870,2025-11-14 23:10:00,209.69570671820838,1180.792675595238,391.68658333333326,10278.530653001673,10799.999999991,521.4693469893267,True,False
457880,2025-11-14 23:20:00,955.9101738014235,1349.4198571428572,393.5096833333333,10799.999999991,10799.999999991,0.0,True,False
457890,2025-11-14 23:30:00,956.635952372852,1349.677619047619,393.04166666666663,10799.999999991,10799.999999991,0.0,True,False
457900,2025-11-14 23:40:00,938.215101777614,1348.313268452381,410.09816666666666,10799.999999991,10799.999999991,0.0,True,False
457910,2025-11-14 23:50:00,94.90174880142351,520.4495654761905,425.5478166666667,10799.999999991,10799.999999991,0.0,True,False
457920,2025-11-15 00:00:00,104.71892856332815,527.0639285714285,422.345,10799.999999991,10799.999999991,0.0,True,False
457930,2025-11-15 00:10:00,117.33695534904248,521.0143886904762,403.67743333333334,10799.999999991,10799.999999991,0.0,True,False
457940,2025-11-15 00:20:00,116.62821546809008,520.0539488095237,403.4257333333333,10799.999999991,10799.999999991,0.0,True,False
457950,2025-11-15 00:30:00,108.49958332523303,528.0179166666667,419.5183333333333,10799.999999991,10799.999999991,0.0,True,False
457960,2025-11-15 00:40:00,111.21017142047103,530.6917047619047,419.48153333333335,10799.999999991,10799.999999991,0.0,True,False
457970,2025-11-15 00:50:00,107.6649648728521,529.5477148809524,421.88275,10799.999999991,10799.999999991,0.0,True,False
457980,2025-11-15 01:00:00,100.37440475380438,528.852738095238,428.4783333333333,10799.999999991,10799.999999991,0.0,True,False
457990,2025-11-15 01:10:00,108.76917915856623,530.8285624999999,422.0593833333333,10799.999999991,10799.999999991,0.0,True,False
458000,2025-11-15 01:20:00,106.83986546809004,534.9718154761904,428.13195,10799.999999991,10799.999999991,0.0,True,False
458010,2025-11-15 01:30:00,93.30410713475678,539.6324404761904,446.32833333333326,10799.999999991,10799.999999991,0.0,True,False
458020,2025-11-15 01:40:00,96.07028332523302,542.8448333333333,446.77455,10799.999999991,10799.999999991,0.0,True,False
458030,2025-11-15 01:50:00,113.70082796809012,543.3681279761904,429.66729999999995,10799.999999991,10799.999999991,0.0,True,False
458040,2025-11-15 02:00:00,125.65910713475685,541.6307738095238,415.97166666666664,10799.999999991,10799.999999991,0.0,True,False
458050,2025-11-15 02:10:00,114.83630772999479,540.2734577380951,425.43715,10799.999999991,10799.999999991,0.0,True,False
458060,2025-11-15 02:20:00,120.77196249189976,544.5071625,423.73519999999996,10799.999999991,10799.999999991,0.0,True,False
458070,2025-11-15 02:30:00,140.10999999189957,552.2683333333332,412.1583333333333,10799.999999991,10799.999999991,0.0,True,False
458080,2025-11-15 02:40:00,129.19665475380455,555.8224047619049,426.62575,10799.999999991,10799.999999991,0.0,True,False
458090,2025-11-15 02:50:00,110.94421368237576,556.2811970238095,445.33698333333336,10799.999999991,10799.999999991,0.0,True,False
458100,2025-11-15 03:00:00,103.38059522999478,555.3972619047618,452.01666666666665,10799.999999991,10799.999999991,0.0,True,False
458110,2025-11-15 03:10:00,101.16945118237587,553.1093345238095,451.9398833333333,10799.999999991,10799.999999991,0.0,True,False
458120,2025-11-15 03:20:00,94.78746725380446,548.9866505952381,454.1991833333333,10799.999999991,10799.999999991,0.0,True,False
458130,2025-11-15 03:30:00,88.75053570618539,548.323869047619,459.5733333333333,10799.999999991,10799.999999991,0.0,True,False
458140,2025-11-15 03:40:00,96.89162201570926,557.2662886904762,460.37466666666666,10799.999999991,10799.999999991,0.0,True,False
458150,2025-11-15 03:50:00,110.5698690395187,562.6788023809523,452.1089333333333,10799.999999991,10799.999999991,0.0,True,False
458160,2025-11-15 04:00:00,106.9106547538045,558.2673214285714,451.3566666666666,10799.999999991,10799.999999991,0.0,True,False
458170,2025-11-15 04:10:00,75.73858868237593,550.8179053571429,475.0793166666666,10799.999999991,10799.999999991,0.0,True,False
458180,2025-11-15 04:20:00,86.85680415856635,551.9073708333333,465.0505666666666,10799.999999991,10799.999999991,0.0,True,False
458190,2025-11-15 04:30:00,124.87732142047096,559.8389880952379,434.96166666666664,10799.999999991,10799.999999991,0.0,True,False
458200,2025-11-15 04:40:00,108.00841546809025,562.3303154761905,454.32189999999997,10799.999999991,10799.999999991,0.0,True,False
458210,2025-11-15 04:50:00,105.61789701570902,561.9319136904761,456.3140166666667,10799.999999991,10799.999999991,0.0,True,False
458220,2025-11-15 05:00:00,127.26374999189963,560.6320833333333,433.36833333333334,10799.999999991,10799.999999991,0.0,True,False
458230,2025-11-15 05:10:00,111.40194403951867,558.669444047619,447.2675,10799.999999991,10799.999999991,0.0,True,False
458240,2025-11-15 05:20:00,104.11632796809016,565.9209279761905,461.8046,10799.999999991,10799.999999991,0.0,True,False
458250,2025-11-15 05:30:00,111.14958332523307,569.9495833333334,458.8,10799.999999991,10799.999999991,0.0,True,False
458260,2025-11-15 05:40:00,100.31153094428069,558.4324142857143,458.1208833333333,10799.999999991,10799.999999991,0.0,True,False
458270,2025-11-15 05:50:00,155.35225832523315,612.8451083333334,457.49285,10799.999999991,10799.999999991,0.0,True,False
458900,2025-11-15 16:20:00,47.19044278814278,571.6137595238096,524.4233166666667,10799.999999923333,10799.999999923333,0.0,True,False
458910,2025-11-15 16:30:00,72.66697909766648,629.8219791666666,557.155,10799.999999923333,10799.999999923333,0.0,True,False
458920,2025-11-15 16:40:00,113.31263921671422,689.993355952381,576.6807166666666,10799.999999923333,10799.999999923333,0.0,True,False
458930,2025-11-15 16:50:00,216.15557969290475,729.5716630952381,513.4160833333333,10799.999999923333,10799.999999923333,0.0,True,False
458940,2025-11-15 17:00:00,335.8852380262379,757.4319047619047,421.5466666666667,10799.999999923333,10799.999999923333,0.0,True,False
458950,2025-11-15 17:10:00,375.88219159766663,803.4881750000001,427.60598333333337,10799.999999923333,10799.999999923333,0.0,True,False
458960,2025-11-15 17:20:00,373.42597016909514,834.7643369047619,461.3383666666667,10799.999999923333,10799.999999923333,0.0,True,False
458970,2025-11-15 17:30:00,391.14153266909534,855.5031994047621,464.3616666666667,10799.999999923333,10799.999999923333,0.0,True,False
458980,2025-11-15 17:40:00,431.93989278814274,877.0136928571428,445.07379999999995,10799.999999923333,10799.999999923333,0.0,True,False
458990,2025-11-15 17:50:00,358.6643273119522,787.4541273809523,428.7898,10799.999999923333,10799.999999923333,0.0,True,False
459000,2025-11-15 18:00:00,208.5282737405236,640.456607142857,431.92833333333334,10799.999999923333,10799.999999923333,0.0,True,False
459240,2025-11-15 22:00:00,112.6670238195238,1328.7403571428572,382.74,5624.3393871142935,6374.339387104294,749.9999999899999,False,True
459250,2025-11-15 22:10:00,120.71718215285703,1323.934182142857,369.88366666666667,6374.339387104294,7124.339387095293,749.999999991,False,True
459270,2025-11-15 22:30:00,127.03571429571433,1337.2840476190477,376.91499999999996,7242.387849586294,7992.387849577293,749.999999991,False,True
459280,2025-11-15 22:40:00,120.08752322428585,1336.2727398809525,382.8518833333333,7992.387849577293,8742.387849568293,749.999999991,False,True
459290,2025-11-15 22:50:00,102.6770940576191,1340.0650773809525,404.05465000000004,8742.387849568293,9492.387849559293,749.999999991,False,True
459300,2025-11-15 23:00:00,85.70113096238104,1343.5777976190477,424.54333333333335,9492.387849559293,10242.387849549292,749.99999999,False,True
459310,2025-11-15 23:10:00,139.14410180096775,1179.5592411806435,420.84608333333335,10242.387849549292,10799.999999991,557.6121504417082,True,False
459320,2025-11-15 23:20:00,932.7324779680904,1348.1098446428573,415.37736666666666,10799.999999991,10799.999999991,0.0,True,False
459330,2025-11-15 23:30:00,947.8276190395187,1348.3209523809523,400.49333333333334,10799.999999991,10799.999999991,0.0,True,False
459340,2025-11-15 23:40:00,985.1362059442807,1347.252505952381,362.11629999999997,10799.999999991,10799.999999991,0.0,True,False
459350,2025-11-15 23:50:00,100.96103987285196,520.3888898809523,419.42785000000003,10799.999999991,10799.999999991,0.0,True,False
463640,2025-11-18 23:20:00,12.484009533809505,1348.4412761904762,502.6239333333333,5903.2704306867345,6653.270430676735,749.99999999,False,True
466500,2025-11-20 23:00:00,2.9523214385715084,1347.273988095238,510.9883333333333,4745.255646505,5495.255646495,749.99999999,False,True
466570,2025-11-21 00:10:00,127.12209286714277,1355.0587261904761,394.6033,8205.195079675395,8955.195079665395,749.99999999,False,True
466580,2025-11-21 00:20:00,96.32646786714257,1355.105951190476,425.44615,8955.195079665395,9705.195079656394,749.999999991,False,True
466650,2025-11-21 01:30:00,105.51983979984063,540.8777976190476,424.71333333333337,10790.419837953714,10799.999999991,9.580162037286208,True,False
466660,2025-11-21 01:40:00,86.73702618237596,541.9372928571429,455.2002666666666,10799.999999991,10799.999999991,0.0,True,False
466670,2025-11-21 01:50:00,86.26689046809017,543.7628238095239,457.49593333333337,10799.999999991,10799.999999991,0.0,True,False
466680,2025-11-21 02:00:00,99.22410713475685,545.2991071428571,446.07499999999993,10799.999999991,10799.999999991,0.0,True,False
466690,2025-11-21 02:10:00,84.30959403951877,540.900144047619,456.59054999999995,10799.999999991,10799.999999991,0.0,True,False
466700,2025-11-21 02:20:00,92.73120118237583,540.4727678571428,447.74156666666664,10799.999999991,10799.999999991,0.0,True,False
466710,2025-11-21 02:30:00,117.23726189666147,547.5755952380952,430.33833333333337,10799.999999991,10799.999999991,0.0,True,False
466720,2025-11-21 02:40:00,95.4953982061854,555.1861482142857,459.69075,10799.999999991,10799.999999991,0.0,True,False
466730,2025-11-21 02:50:00,71.85753034904266,555.7525970238096,483.8950666666666,10799.999999991,10799.999999991,0.0,True,False
466740,2025-11-21 03:00:00,83.5154761823758,552.4338095238095,468.91833333333335,10799.999999991,10799.999999991,0.0,True,False
466750,2025-11-21 03:10:00,117.30685356332813,554.6497202380951,437.3428666666667,10799.999999991,10799.999999991,0.0,True,False
466760,2025-11-21 03:20:00,102.12238094428054,554.4823642857142,452.35998333333333,10799.999999991,10799.999999991,0.0,True,False
466770,2025-11-21 03:30:00,55.90386903951882,551.7505357142858,495.84666666666664,10799.999999991,10799.999999991,0.0,True,False
466780,2025-11-21 03:40:00,65.27005653951866,555.1196398809523,489.84958333333327,10799.999999991,10799.999999991,0.0,True,False
466790,2025-11-21 03:50:00,81.84627201570927,559.9644553571429,478.1181833333333,10799.999999991,10799.999999991,0.0,True,False
466800,2025-11-21 04:00:00,88.89255951570917,560.0108928571428,471.11833333333334,10799.999999991,10799.999999991,0.0,True,False
466810,2025-11-21 04:10:00,119.3137880871378,553.8538714285714,434.5400833333333,10799.999999991,10799.999999991,0.0,True,False
466820,2025-11-21 04:20:00,139.76222320618538,551.9148898809524,412.1526666666667,10799.999999991,10799.999999991,0.0,True,False
466830,2025-11-21 04:30:00,127.68696427761395,558.0302976190476,430.3433333333333,10799.999999991,10799.999999991,0.0,True,False
466840,2025-11-21 04:40:00,98.01656665856646,565.3737166666667,467.35714999999993,10799.999999991,10799.999999991,0.0,True,False
466850,2025-11-21 04:50:00,100.29952022999495,563.2770202380952,462.97749999999996,10799.999999991,10799.999999991,0.0,True,False
466860,2025-11-21 05:00:00,125.67458332523304,556.6195833333334,430.945,10799.999999991,10799.999999991,0.0,True,False
466870,2025-11-21 05:10:00,120.45802737285211,561.0607607142857,440.6027333333333,10799.999999991,10799.999999991,0.0,True,False
466880,2025-11-21 05:20:00,116.21386130142353,569.6392946428572,453.42543333333333,10799.999999991,10799.999999991,0.0,True,False
466890,2025-11-21 05:30:00,109.77904761094717,566.4673809523808,456.68833333333333,10799.999999991,10799.999999991,0.0,True,False
466900,2025-11-21 05:40:00,910.9533107061856,1386.7983607142858,475.84504999999996,10799.999999991,10799.999999991,0.0,True,False
466910,2025-11-21 05:50:00,133.863920229995,610.406086904762,476.5421666666667,10799.999999991,10799.999999991,0.0,True,False
467540,2025-11-21 16:20:00,69.78401368147553,601.4352470238096,531.6512333333333,10799.99999999,10799.99999999,0.0,True,False
467550,2025-11-21 16:30:00,117.32275296718973,660.0927529761905,542.77,10799.99999999,10799.99999999,0.0,True,False
467560,2025-11-21 16:40:00,150.6255440386183,717.7250773809524,567.0995333333333,10799.99999999,10799.99999999,0.0,True,False
467570,2025-11-21 16:50:00,235.19015951480887,757.0760761904762,521.8859166666666,10799.99999999,10799.99999999,0.0,True,False
467580,2025-11-21 17:00:00,342.6339434433805,785.6722767857144,443.0383333333333,10799.99999999,10799.99999999,0.0,True,False
467590,2025-11-21 17:10:00,378.6713839195707,825.8225672619047,447.1511833333333,10799.99999999,10799.99999999,0.0,True,False
467600,2025-11-21 17:20:00,391.9723690386184,846.6456690476191,454.6733,10799.99999999,10799.99999999,0.0,True,False
467610,2025-11-21 17:30:00,420.79279761004705,858.6244642857143,437.8316666666666,10799.99999999,10799.99999999,0.0,True,False
467620,2025-11-21 17:40:00,424.5597720148089,875.7233886904762,451.1636166666666,10799.99999999,10799.99999999,0.0,True,False
467630,2025-11-21 17:50:00,316.57475356242776,786.8734535714284,470.29869999999994,10799.99999999,10799.99999999,0.0,True,False
467640,2025-11-21 18:00:00,172.83946427671353,642.4277976190476,469.58833333333337,10799.99999999,10799.99999999,0.0,True,False
467880,2025-11-21 22:00:00,123.74476191476207,1327.8364285714288,370.7583333333333,5835.713724872755,6585.713724863755,749.999999991,False,True
467890,2025-11-21 22:10:00,122.40090893857153,1324.4527422619049,368.7185,6585.713724863755,7335.713724854754,749.999999991,False,True
467910,2025-11-21 22:30:00,116.7899404861905,1339.3182738095238,389.195,7450.535456988611,8200.53545697861,749.99999999,False,True
467920,2025-11-21 22:40:00,89.63697381952373,1336.595257142857,413.62494999999996,8200.53545697861,8950.53545696961,749.999999991,False,True
467930,2025-11-21 22:50:00,92.37212262904755,1340.6186226190475,414.9131666666666,8950.53545696961,9700.53545696061,749.999999991,False,True
467940,2025-11-21 23:00:00,117.55988096238057,1345.668214285714,394.775,9700.53545696061,10450.53545695161,749.999999991,False,True
467950,2025-11-21 23:10:00,392.5611692419471,1179.8055226190477,398.9504166666666,10450.53545695161,10799.999999991,349.4645430393906,True,False
467960,2025-11-21 23:20:00,948.6399154680903,1344.8456821428572,396.2057666666666,10799.999999991,10799.999999991,0.0,True,False
467970,2025-11-21 23:30:00,949.8767261823758,1343.7450595238095,393.86833333333334,10799.999999991,10799.999999991,0.0,True,False
467980,2025-11-21 23:40:00,919.1287458252333,1345.3844625000002,426.2557166666666,10799.999999991,10799.999999991,0.0,True,False
467990,2025-11-21 23:50:00,109.99528213475682,517.9824988095238,407.98721666666665,10799.999999991,10799.999999991,0.0,True,False
468000,2025-11-22 00:00:00,155.40440475380436,523.3694047619047,367.965,10799.999999991,10799.999999991,0.0,True,False
468010,2025-11-22 00:10:00,102.63385951570919,521.5907928571428,418.95693333333327,10799.999999991,10799.999999991,0.0,True,False
468020,2025-11-22 00:20:00,86.02218451570931,523.1765178571429,437.1543333333333,10799.999999991,10799.999999991,0.0,True,False
468030,2025-11-22 00:30:00,123.17255951570925,528.6758928571429,405.50333333333333,10799.999999991,10799.999999991,0.0,True,False
468040,2025-11-22 00:40:00,99.61360713475679,528.6316571428571,429.01804999999996,10799.999999991,10799.999999991,0.0,True,False
468050,2025-11-22 00:50:00,95.06063570618537,530.4022857142857,435.34164999999996,10799.999999991,10799.999999991,0.0,True,False
468060,2025-11-22 01:00:00,130.00845237285202,534.2217857142857,404.21333333333337,10799.999999991,10799.999999991,0.0,True,False
468070,2025-11-22 01:10:00,134.4430035633283,532.9282535714286,398.48525,10799.999999991,10799.999999991,0.0,True,False
468080,2025-11-22 01:20:00,115.63640475380438,535.1897214285714,419.55331666666666,10799.999999991,10799.999999991,0.0,True,False
468090,2025-11-22 01:30:00,107.31208332523292,541.6937499999999,434.38166666666666,10799.999999991,10799.999999991,0.0,True,False
468100,2025-11-22 01:40:00,131.86496665856626,544.0170999999999,412.1521333333333,10799.999999991,10799.999999991,0.0,True,False
468110,2025-11-22 01:50:00,144.71752975380443,545.2831464285714,400.56561666666664,10799.999999991,10799.999999991,0.0,True,False
468120,2025-11-22 02:00:00,130.8033928490424,545.5617261904761,414.7583333333333,10799.999999991,10799.999999991,0.0,True,False
468130,2025-11-22 02:10:00,113.95845118237585,541.6283178571429,427.6698666666667,10799.999999991,10799.999999991,0.0,True,False
468140,2025-11-22 02:20:00,90.12270653951859,541.0647065476189,450.942,10799.999999991,10799.999999991,0.0,True,False
468150,2025-11-22 02:30:00,88.07761903951868,547.2292857142857,459.15166666666664,10799.999999991,10799.999999991,0.0,True,False
468160,2025-11-22 02:40:00,139.45279106332814,555.3903744047618,415.93758333333335,10799.999999991,10799.999999991,0.0,True,False
468170,2025-11-22 02:50:00,132.59019761094734,556.9123476190476,424.32214999999997,10799.999999991,10799.999999991,0.0,True,False
468180,2025-11-22 03:00:00,70.11380951570911,553.3971428571427,483.2833333333333,10799.999999991,10799.999999991,0.0,True,False
468190,2025-11-22 03:10:00,69.02094999189947,554.1165166666665,485.0955666666667,10799.999999991,10799.999999991,0.0,True,False
468200,2025-11-22 03:20:00,102.1118434442806,554.7696434523809,452.6578,10799.999999991,10799.999999991,0.0,True,False
468210,2025-11-22 03:30:00,115.79178570618538,554.250119047619,438.4583333333333,10799.999999991,10799.999999991,0.0,True,False
468220,2025-11-22 03:40:00,88.92092082523286,556.8188708333332,467.89795000000004,10799.999999991,10799.999999991,0.0,True,False
468230,2025-11-22 03:50:00,81.63811784904257,561.2249345238096,479.58681666666666,10799.999999991,10799.999999991,0.0,True,False
468240,2025-11-22 04:00:00,99.07380951570926,561.547142857143,462.47333333333336,10799.999999991,10799.999999991,0.0,True,False
468250,2025-11-22 04:10:00,92.44003451570907,553.429351190476,460.98931666666664,10799.999999991,10799.999999991,0.0,True,False
468260,2025-11-22 04:20:00,95.6904136823758,551.0175136904761,455.3271,10799.999999991,10799.999999991,0.0,True,False
468270,2025-11-22 04:30:00,109.68238094428065,558.7407142857143,449.0583333333333,10799.999999991,10799.999999991,0.0,True,False
468280,2025-11-22 04:40:00,99.08132975380445,566.3268464285715,467.2455166666667,10799.999999991,10799.999999991,0.0,True,False
468290,2025-11-22 04:50:00,99.8234023728522,562.9737690476192,463.1503666666666,10799.999999991,10799.999999991,0.0,True,False
468300,2025-11-22 05:00:00,111.80821427761393,555.2715476190476,443.46333333333337,10799.999999991,10799.999999991,0.0,True,False
468310,2025-11-22 05:10:00,98.523452372852,560.6170357142856,462.0935833333333,10799.999999991,10799.999999991,0.0,True,False
468320,2025-11-22 05:20:00,93.75433213475678,570.1130821428571,476.35875,10799.999999991,10799.999999991,0.0,True,False
468330,2025-11-22 05:30:00,106.69761903951857,566.6942857142856,459.99666666666667,10799.999999991,10799.999999991,0.0,True,False
468340,2025-11-22 05:40:00,117.60846784904257,552.8630845238096,435.25461666666666,10799.999999991,10799.999999991,0.0,True,False
468350,2025-11-22 05:50:00,159.57745118237585,609.2451178571428,449.6676666666666,10799.999999991,10799.999999991,0.0,True,False
468980,2025-11-22 16:20:00,6.035205348142034,604.3227386904761,598.2875333333333,10799.99999999,10799.99999999,0.0,True,False
468990,2025-11-22 16:30:00,73.33946427671353,663.5961309523809,590.2566666666667,10799.99999999,10799.99999999,0.0,True,False
469000,2025-11-22 16:40:00,133.11846487195155,720.4485815476189,587.3301166666666,10799.99999999,10799.99999999,0.0,True,False
469010,2025-11-22 16:50:00,220.98092082433246,759.2900208333332,538.3091,10799.99999999,10799.99999999,0.0,True,False
469020,2025-11-22 17:00:00,332.7286309433805,788.3886309523812,455.65999999999997,10799.99999999,10799.99999999,0.0,True,False
469030,2025-11-22 17:10:00,410.25387499099935,828.623125,418.36924999999997,10799.99999999,10799.99999999,0.0,True,False
469040,2025-11-22 17:20:00,415.0530136814755,847.9945636904762,432.94155,10799.99999999,10799.99999999,0.0,True,False
469050,2025-11-22 17:30:00,398.07773808623745,858.3277380952381,460.25,10799.99999999,10799.99999999,0.0,True,False
469060,2025-11-22 17:40:00,421.85585415766604,875.9153875000001,454.0595333333333,10799.99999999,10799.99999999,0.0,True,False
469070,2025-11-22 17:50:00,343.39500772909446,787.8902077380951,444.49519999999995,10799.99999999,10799.99999999,0.0,True,False
469080,2025-11-22 18:00:00,197.60374999099938,643.5370833333334,445.9333333333333,10799.99999999,10799.99999999,0.0,True,False
469320,2025-11-22 22:00:00,101.42458334333342,1327.5129166666668,392.755,5659.814490891275,6409.814490882275,749.999999991,False,True
469330,2025-11-22 22:10:00,136.44473036714294,1324.2017303571429,354.42366666666663,6409.814490882275,7159.814490873275,749.999999991,False,True
469350,2025-11-22 22:30:00,84.87648810523807,1338.3631547619048,420.1533333333333,7277.8062624714175,8027.806262462417,749.999999991,False,True
469360,2025-11-22 22:40:00,112.6006184623809,1337.916468452381,391.9825166666667,8027.806262462417,8777.806262453418,749.999999991,False,True
469370,2025-11-22 22:50:00,123.79364584333346,1341.2562291666668,384.12925,8777.806262453418,9527.806262444417,749.999999991,False,True
469380,2025-11-22 23:00:00,88.26226191476177,1343.4789285714285,421.8833333333333,9527.806262444417,10277.806262435417,749.999999991,False,True
469390,2025-11-22 23:10:00,160.0124380987104,1178.9053853826915,438.67768333333333,10277.806262435417,10799.999999991,522.193737555583,True,False
469400,2025-11-22 23:20:00,918.1025880871379,1344.9170214285714,426.8144333333333,10799.999999991,10799.999999991,0.0,True,False
469410,2025-11-22 23:30:00,949.5800595157093,1343.2733928571429,393.69333333333327,10799.999999991,10799.999999991,0.0,True,False
469420,2025-11-22 23:40:00,981.4419464204714,1346.0285464285716,364.5866,10799.999999991,10799.999999991,0.0,True,False
469430,2025-11-22 23:50:00,85.18147618237592,517.7705261904762,432.58904999999993,10799.999999991,10799.999999991,0.0,True,False
475130,2025-11-26 22:50:00,1.5693934623808365,1339.5605767857141,504.65784999999994,4026.1441230814607,4776.144123071461,749.99999999,False,True
476650,2025-11-28 00:10:00,127.49514108142874,1353.9871577380954,393.15868333333333,8279.414446078243,9029.414446068242,749.99999999,False,True
476660,2025-11-28 00:20:00,83.92968274809549,1357.0585827380955,439.7955666666667,9029.414446068242,9779.414446059242,749.999999991,False,True
476740,2025-11-28 01:40:00,125.87871300412253,540.1304738095239,413.9489166666666,10799.727440266139,10799.999999991,0.27255972486128,True,False
476750,2025-11-28 01:50:00,143.8594720157092,541.3828886904762,397.52341666666666,10799.999999991,10799.999999991,0.0,True,False
476760,2025-11-28 02:00:00,136.1613690395187,544.2930357142857,408.13166666666666,10799.999999991,10799.999999991,0.0,True,False
476770,2025-11-28 02:10:00,134.18873987285198,543.7327565476189,409.5440166666666,10799.999999991,10799.999999991,0.0,True,False
476780,2025-11-28 02:20:00,122.05471546808994,543.6981821428569,421.64346666666665,10799.999999991,10799.999999991,0.0,True,False
476790,2025-11-28 02:30:00,103.3536309442807,547.5752976190477,444.22166666666664,10799.999999991,10799.999999991,0.0,True,False
476800,2025-11-28 02:40:00,106.28275177761398,554.3312351190476,448.0484833333333,10799.999999991,10799.999999991,0.0,True,False
476810,2025-11-28 02:50:00,129.0323696347568,557.5057863095237,428.4734166666666,10799.999999991,10799.999999991,0.0,True,False
476820,2025-11-28 03:00:00,138.66660713475696,556.3499404761906,417.6833333333333,10799.999999991,10799.999999991,0.0,True,False
476830,2025-11-28 03:10:00,105.73716725380442,555.8949839285714,450.15781666666663,10799.999999991,10799.999999991,0.0,True,False
476840,2025-11-28 03:20:00,103.34203272999488,556.1904660714285,452.84843333333333,10799.999999991,10799.999999991,0.0,True,False
476850,2025-11-28 03:30:00,128.0701785633283,556.828511904762,428.7583333333333,10799.999999991,10799.999999991,0.0,True,False
476860,2025-11-28 03:40:00,106.82970534904265,558.2935886904763,451.46388333333334,10799.999999991,10799.999999991,0.0,True,False
476870,2025-11-28 03:50:00,93.99986725380447,561.0036505952381,467.00378333333333,10799.999999991,10799.999999991,0.0,True,False
476880,2025-11-28 04:00:00,99.35053570618547,561.3772023809524,462.02666666666664,10799.999999991,10799.999999991,0.0,True,False
476890,2025-11-28 04:10:00,78.50033987285204,555.2326398809523,476.73229999999995,10799.999999991,10799.999999991,0.0,True,False
476900,2025-11-28 04:20:00,78.28167856332843,551.6087785714287,473.3271,10799.999999991,10799.999999991,0.0,True,False
476910,2025-11-28 04:30:00,110.2480952299949,556.6964285714286,446.4483333333333,10799.999999991,10799.999999991,0.0,True,False
476920,2025-11-28 04:40:00,129.63514284904235,567.0136595238093,437.37851666666666,10799.999999991,10799.999999991,0.0,True,False
476930,2025-11-28 04:50:00,105.2544160633283,566.2271994047619,460.97278333333327,10799.999999991,10799.999999991,0.0,True,False
476940,2025-11-28 05:00:00,80.65315475380439,558.8081547619047,478.155,10799.999999991,10799.999999991,0.0,True,False
476950,2025-11-28 05:10:00,127.57477082523289,565.2131541666665,437.6383833333333,10799.999999991,10799.999999991,0.0,True,False
476960,2025-11-28 05:20:00,152.27558749189964,574.1058541666666,421.83026666666666,10799.999999991,10799.999999991,0.0,True,False
476970,2025-11-28 05:30:00,121.27886903951864,567.268869047619,445.99,10799.999999991,10799.999999991,0.0,True,False
476980,2025-11-28 05:40:00,933.8120743966614,1382.9968910714283,449.1848166666667,10799.999999991,10799.999999991,0.0,True,False
476990,2025-11-28 05:50:00,140.403964277614,607.4472476190476,467.0432833333333,10799.999999991,10799.999999991,0.0,True,False
477620,2025-11-28 16:20:00,35.9787642767137,631.7374642857144,595.7587,10799.99999999,10799.99999999,0.0,True,False
477630,2025-11-28 16:30:00,96.58697915766592,689.2153125,592.6283333333333,10799.99999999,10799.99999999,0.0,True,False
477640,2025-11-28 16:40:00,184.82205177671347,745.8681684523808,561.0461166666666,10799.99999999,10799.99999999,0.0,True,False
477650,2025-11-28 16:50:00,286.27758153861834,785.088531547619,498.81094999999993,10799.99999999,10799.99999999,0.0,True,False
477660,2025-11-28 17:00:00,365.28614582433266,810.1361458333333,444.84999999999997,10799.99999999,10799.99999999,0.0,True,False
477670,2025-11-28 17:10:00,388.28229165766595,838.1103583333334,449.8280666666667,10799.99999999,10799.99999999,0.0,True,False
477680,2025-11-28 17:20:00,387.4476529671898,848.8571529761905,461.4095,10799.99999999,10799.99999999,0.0,True,False
477690,2025-11-28 17:30:00,406.64101189576127,858.041011904762,451.4,10799.99999999,10799.99999999,0.0,True,False
477700,2025-11-28 17:40:00,433.5776690386184,874.7883857142857,441.2107166666666,10799.99999999,10799.99999999,0.0,True,False
477710,2025-11-28 17:50:00,337.64961487195166,785.541131547619,447.89151666666663,10799.99999999,10799.99999999,0.0,True,False
477720,2025-11-28 18:00:00,190.37922618147556,642.0625595238096,451.6833333333333,10799.99999999,10799.99999999,0.0,True,False
477960,2025-11-28 22:00:00,143.48107143857123,1329.7910714285713,352.9766666666667,5602.843186612174,6352.843186603173,749.999999991,False,True
477970,2025-11-28 22:10:00,125.24165536714303,1323.5773220238098,365.00233333333335,6352.843186603173,7102.843186594173,749.999999991,False,True
477990,2025-11-28 22:30:00,163.54380953380962,1338.9454761904763,342.06833333333327,7233.905086585173,7983.905086576173,749.999999991,False,True
478000,2025-11-28 22:40:00,118.60551965285707,1336.512719642857,384.5738666666667,7983.905086576173,8733.905086566172,749.99999999,False,True
478010,2025-11-28 22:50:00,99.3517053671428,1338.7276386904762,406.0426,8733.905086566172,9483.905086557172,749.999999991,False,True
478020,2025-11-28 23:00:00,121.90607143857129,1343.1194047619047,387.88,9483.905086557172,10233.905086548171,749.999999991,False,True
478030,2025-11-28 23:10:00,156.52069399320612,1181.2668589285713,395.7518166666667,10233.905086548171,10799.99999999,566.0949134418287,True,False
478040,2025-11-28 23:20:00,960.1778249909993,1347.4507916666666,387.27296666666666,10799.99999999,10799.99999999,0.0,True,False
478050,2025-11-28 23:30:00,977.4239880862374,1344.3806547619047,366.9566666666666,10799.99999999,10799.99999999,0.0,True,False
478060,2025-11-28 23:40:00,956.5600118957612,1347.4062952380953,390.8462833333333,10799.99999999,10799.99999999,0.0,True,False
478070,2025-11-28 23:50:00,96.35171784814216,518.2195345238096,421.86781666666667,10799.99999999,10799.99999999,0.0,True,False
478080,2025-11-29 00:00:00,90.50029761004683,519.6819642857142,429.1816666666667,10799.99999999,10799.99999999,0.0,True,False
478090,2025-11-29 00:10:00,104.22853987195171,520.2079065476191,415.9793666666667,10799.99999999,10799.99999999,0.0,True,False
478100,2025-11-29 00:20:00,124.61498094338046,524.6484642857145,400.03348333333327,10799.99999999,10799.99999999,0.0,True,False
478110,2025-11-29 00:30:00,132.28601189576105,530.4943452380951,398.2083333333333,10799.99999999,10799.99999999,0.0,True,False
478120,2025-11-29 00:40:00,118.32965237195165,530.6802857142857,412.3506333333333,10799.99999999,10799.99999999,0.0,True,False
478130,2025-11-29 00:50:00,127.9515892767134,531.8256892857141,403.8741,10799.99999999,10799.99999999,0.0,True,False
478140,2025-11-29 01:00:00,147.41017856242783,534.2685119047619,386.85833333333335,10799.99999999,10799.99999999,0.0,True,False
478150,2025-11-29 01:10:00,120.86294284814207,532.2720761904761,411.40913333333333,10799.99999999,10799.99999999,0.0,True,False
478160,2025-11-29 01:20:00,110.7725624909992,534.3953958333333,423.62283333333335,10799.99999999,10799.99999999,0.0,True,False
478170,2025-11-29 01:30:00,133.3398214195707,539.8731547619047,406.5333333333333,10799.99999999,10799.99999999,0.0,True,False
478180,2025-11-29 01:40:00,137.54736963385628,539.3220363095237,401.7746666666667,10799.99999999,10799.99999999,0.0,True,False
478190,2025-11-29 01:50:00,111.60614046718965,540.4261738095237,428.8200333333333,10799.99999999,10799.99999999,0.0,True,False
478200,2025-11-29 02:00:00,89.87630951480875,544.2696428571428,454.3933333333333,10799.99999999,10799.99999999,0.0,True,False
478210,2025-11-29 02:10:00,113.03449225290396,543.8903922619047,430.8559,10799.99999999,10799.99999999,0.0,True,False
478220,2025-11-29 02:20:00,109.70351249099926,544.0012458333333,434.2977333333333,10799.99999999,10799.99999999,0.0,True,False
478230,2025-11-29 02:30:00,86.59363094338036,548.2602976190477,461.66666666666663,10799.99999999,10799.99999999,0.0,True,False
478240,2025-11-29 02:40:00,119.61011546718967,554.9351654761904,435.32505,10799.99999999,10799.99999999,0.0,True,False
478250,2025-11-29 02:50:00,139.39507141957077,557.4497714285715,418.05469999999997,10799.99999999,10799.99999999,0.0,True,False
478260,2025-11-29 03:00:00,128.30291665766603,555.8079166666668,427.505,10799.99999999,10799.99999999,0.0,True,False
478270,2025-11-29 03:10:00,137.53408689576113,555.8948869047618,418.3608,10799.99999999,10799.99999999,0.0,True,False
478280,2025-11-29 03:20:00,138.32350058623726,556.2748339285713,417.9513333333333,10799.99999999,10799.99999999,0.0,True,False
478290,2025-11-29 03:30:00,113.78130951480884,556.6946428571429,442.9133333333333,10799.99999999,10799.99999999,0.0,True,False
478300,2025-11-29 03:40:00,83.14296844338034,559.107918452381,475.96494999999993,10799.99999999,10799.99999999,0.0,True,False
478310,2025-11-29 03:50:00,77.71506427671349,561.8664142857142,484.15135,10799.99999999,10799.99999999,0.0,True,False
478320,2025-11-29 04:00:00,107.74154761004704,561.5632142857144,453.8216666666666,10799.99999999,10799.99999999,0.0,True,False
478330,2025-11-29 04:10:00,145.55874939576117,556.2914494047619,410.7327,10799.99999999,10799.99999999,0.0,True,False
478340,2025-11-29 04:20:00,112.70239761004686,553.2387476190476,440.53634999999997,10799.99999999,10799.99999999,0.0,True,False
478350,2025-11-29 04:30:00,53.6786904671898,557.2720238095238,503.5933333333333,10799.99999999,10799.99999999,0.0,True,False
478360,2025-11-29 04:40:00,92.62049463385645,565.8509946428571,473.23049999999995,10799.99999999,10799.99999999,0.0,True,False
478370,2025-11-29 04:50:00,134.919061300523,566.0260113095237,431.10695,10799.99999999,10799.99999999,0.0,True,False
478380,2025-11-29 05:00:00,129.70976189576115,560.6330952380952,430.9233333333333,10799.99999999,10799.99999999,0.0,True,False
478390,2025-11-29 05:10:00,119.89053868147559,565.1905886904763,445.30004999999994,10799.99999999,10799.99999999,0.0,True,False
478400,2025-11-29 05:20:00,122.51479939576123,572.4521494047619,449.93735,10799.99999999,10799.99999999,0.0,True,False
478410,2025-11-29 05:30:00,119.16351189576116,565.9418452380952,446.7783333333333,10799.99999999,10799.99999999,0.0,True,False
478420,2025-11-29 05:40:00,95.75439344338012,548.5181601190476,452.7637666666667,10799.99999999,10799.99999999,0.0,True,False
478430,2025-11-29 05:50:00,159.19997082433255,607.4150374999999,448.21506666666664,10799.99999999,10799.99999999,0.0,True,False
479050,2025-11-29 16:10:00,53.846872610046695,579.9536726190474,526.1068,10799.99999999,10799.99999999,0.0,True,False
479060,2025-11-29 16:20:00,100.66033511004687,634.7259517857142,534.0656166666666,10799.99999999,10799.99999999,0.0,True,False
479070,2025-11-29 16:30:00,135.43345237195163,691.6784523809523,556.2449999999999,10799.99999999,10799.99999999,0.0,True,False
479080,2025-11-29 16:40:00,193.58649165766576,747.5893916666664,554.0029,10799.99999999,10799.99999999,0.0,True,False
479090,2025-11-29 16:50:00,297.4528321338564,786.7847988095237,489.33196666666663,10799.99999999,10799.99999999,0.0,True,False
479100,2025-11-29 17:00:00,397.8814434433801,812.6964434523808,414.81499999999994,10799.99999999,10799.99999999,0.0,True,False
479110,2025-11-29 17:10:00,414.2044714195705,841.3809047619045,427.1764333333333,10799.99999999,10799.99999999,0.0,True,False
479120,2025-11-29 17:20:00,407.11613570528516,850.7312190476192,443.61508333333336,10799.99999999,10799.99999999,0.0,True,False
479130,2025-11-29 17:30:00,421.40720237195166,857.7505357142857,436.3433333333333,10799.99999999,10799.99999999,0.0,True,False
479140,2025-11-29 17:40:00,421.6301410624281,874.9805910714288,453.35044999999997,10799.99999999,10799.99999999,0.0,True,False
479150,2025-11-29 17:50:00,340.8689565386184,786.4531398809523,445.58418333333327,10799.99999999,10799.99999999,0.0,True,False
479160,2025-11-29 18:00:00,226.20017856242802,641.9901785714287,415.78999999999996,10799.99999999,10799.99999999,0.0,True,False
479400,2025-11-29 22:00:00,105.24619048619046,1328.7478571428571,390.16833333333335,5752.47483671138,6502.474836702379,749.999999991,False,True
479410,2025-11-29 22:10:00,103.08931072428582,1322.0923607142859,385.66971666666666,6502.474836702379,7252.474836693379,749.999999991,False,True
479430,2025-11-29 22:30:00,139.26422620047617,1337.0042261904762,364.40666666666664,7371.748151505808,8121.748151496808,749.999999991,False,True
479440,2025-11-29 22:40:00,111.84966905761915,1335.859919047619,390.6769166666666,8121.748151496808,8871.748151487807,749.999999991,False,True
479450,2025-11-29 22:50:00,76.77811786714277,1339.2030511904761,429.09159999999997,8871.748151487807,9621.748151478807,749.999999991,False,True
479460,2025-11-29 23:00:00,67.63166667666677,1343.835,442.86999999999995,9621.748151478807,10371.748151469807,749.999999991,False,True
479470,2025-11-29 23:10:00,288.781675720503,1181.877529631829,417.2604666666667,10371.748151469807,10799.99999999,428.25184852019345,True,False
479480,2025-11-29 23:20:00,945.3947708243327,1347.8332208333334,402.43845,10799.99999999,10799.99999999,0.0,True,False
479490,2025-11-29 23:30:00,931.8147023719517,1344.3947023809524,412.58,10799.99999999,10799.99999999,0.0,True,False
479500,2025-11-29 23:40:00,919.4683892767137,1347.0407726190476,427.5723833333333,10799.99999999,10799.99999999,0.0,True,False
479510,2025-11-29 23:50:00,23.716962490999357,518.1001958333334,494.3832333333333,10799.99999999,10799.99999999,0.0,True,False
486730,2025-12-05 00:10:00,119.36400655761916,1360.4280565476192,407.7307166666667,8030.1668355623715,8780.16683555237,749.99999999,False,True
486740,2025-12-05 00:20:00,70.5721142957144,1363.645430952381,459.73998333333327,8780.16683555237,9530.16683554337,749.999999991,False,True
486820,2025-12-05 01:40:00,16.300310027935474,544.5983458333333,453.1771,10732.391157766142,10799.999999991,67.60884222485802,True,False
486830,2025-12-05 01:50:00,58.36887320618545,546.5400065476191,488.17113333333333,10799.999999991,10799.999999991,0.0,True,False
486840,2025-12-05 02:00:00,55.85011903951884,554.1234523809525,498.2733333333333,10799.999999991,10799.999999991,0.0,True,False
486850,2025-12-05 02:10:00,91.07938511094719,550.8670017857141,459.7876166666666,10799.999999991,10799.999999991,0.0,True,False
486860,2025-12-05 02:20:00,92.81907082523301,550.4031375,457.5840666666666,10799.999999991,10799.999999991,0.0,True,False
486870,2025-12-05 02:30:00,56.77398808713773,557.0706547619047,500.2966666666667,10799.999999991,10799.999999991,0.0,True,False
486880,2025-12-05 02:40:00,44.06972856332832,560.7581619047619,516.6884333333333,10799.999999991,10799.999999991,0.0,True,False
486890,2025-12-05 02:50:00,34.02127796809018,561.8208113095238,527.7995333333333,10799.999999991,10799.999999991,0.0,True,False
486900,2025-12-05 03:00:00,29.43708332523304,561.4020833333333,531.9649999999999,10799.999999991,10799.999999991,0.0,True,False
486910,2025-12-05 03:10:00,60.57846784904249,559.7912178571428,499.21274999999997,10799.999999991,10799.999999991,0.0,True,False
486920,2025-12-05 03:20:00,89.13138927761403,561.6796726190477,472.5482833333333,10799.999999991,10799.999999991,0.0,True,False
486930,2025-12-05 03:30:00,86.32309522999489,567.3030952380952,480.98,10799.999999991,10799.999999991,0.0,True,False
486940,2025-12-05 03:40:00,59.85193272999491,572.1598160714285,512.3078833333333,10799.999999991,10799.999999991,0.0,True,False
486950,2025-12-05 03:50:00,52.3394636823758,575.0741803571427,522.7347166666666,10799.999999991,10799.999999991,0.0,True,False
486960,2025-12-05 04:00:00,63.70244046809015,574.8807738095238,511.17833333333334,10799.999999991,10799.999999991,0.0,True,False
486970,2025-12-05 04:10:00,53.91536249189958,570.8994291666666,516.9840666666666,10799.999999991,10799.999999991,0.0,True,False
486980,2025-12-05 04:20:00,28.72051487285203,567.8954148809523,539.1749,10799.999999991,10799.999999991,0.0,True,False
486990,2025-12-05 04:30:00,28.370714277613935,571.4173809523809,543.0466666666666,10799.999999991,10799.999999991,0.0,True,False
487000,2025-12-05 04:40:00,78.02222380142368,581.4968904761906,503.4746666666666,10799.999999991,10799.999999991,0.0,True,False
487010,2025-12-05 04:50:00,60.323530349042564,579.6712470238095,519.3477166666667,10799.999999991,10799.999999991,0.0,True,False
487020,2025-12-05 05:00:00,1.8880357061854967,570.6963690476191,568.8083333333333,10799.999999991,10799.999999991,0.0,True,False
487030,2025-12-05 05:10:00,42.76724344428065,577.4623101190476,534.6950666666667,10799.999999991,10799.999999991,0.0,True,False
487040,2025-12-05 05:20:00,63.87689225380459,584.4140922619049,520.5372,10799.999999991,10799.999999991,0.0,True,False
487050,2025-12-05 05:30:00,26.49928570618531,574.2559523809523,547.7566666666667,10799.999999991,10799.999999991,0.0,True,False
487060,2025-12-05 05:40:00,859.6005285633283,1391.2084785714287,531.60795,10799.999999991,10799.999999991,0.0,True,False
487070,2025-12-05 05:50:00,103.77578392047118,619.9416672619049,516.1658833333333,10799.999999991,10799.999999991,0.0,True,False
487690,2025-12-05 16:10:00,22.815073800523102,608.8583904761905,586.0433166666667,10799.99999999,10799.99999999,0.0,True,False
487700,2025-12-05 16:20:00,95.88827380052311,663.1537404761905,567.2654666666666,10799.99999999,10799.99999999,0.0,True,False
487710,2025-12-05 16:30:00,163.39284225290405,718.6811755952381,555.2883333333333,10799.99999999,10799.99999999,0.0,True,False
487720,2025-12-05 16:40:00,214.7826095148087,771.5939261904762,556.8113166666667,10799.99999999,10799.99999999,0.0,True,False
487730,2025-12-05 16:50:00,300.17391665766604,807.7734166666668,507.59950000000003,10799.99999999,10799.99999999,0.0,True,False
487740,2025-12-05 17:00:00,381.60790177671385,829.1795684523811,447.5716666666666,10799.99999999,10799.99999999,0.0,True,False
487750,2025-12-05 17:10:00,365.58622022909447,848.8161202380951,483.22989999999993,10799.99999999,10799.99999999,0.0,True,False
487760,2025-12-05 17:20:00,346.134397014809,850.871280357143,504.7368833333333,10799.99999999,10799.99999999,0.0,True,False
487770,2025-12-05 17:30:00,382.33309522909445,855.9564285714284,473.6233333333333,10799.99999999,10799.99999999,0.0,True,False
487780,2025-12-05 17:40:00,414.72873689576096,875.9921035714283,461.2633666666666,10799.99999999,10799.99999999,0.0,True,False
487790,2025-12-05 17:50:00,318.13550653861836,788.986306547619,470.8508,10799.99999999,10799.99999999,0.0,True,False
487800,2025-12-05 18:00:00,164.07374999099923,642.6404166666666,478.56666666666666,10799.99999999,10799.99999999,0.0,True,False
488040,2025-12-05 22:00:00,97.58023810523808,1329.2719047619048,398.35833333333335,5659.431577214025,6409.431577205025,749.999999991,False,True
488050,2025-12-05 22:10:00,132.4361654861906,1322.874648809524,357.10515,6409.431577205025,7159.431577195025,749.99999999,False,True
488070,2025-12-05 22:30:00,71.71916667666675,1333.8508333333334,428.7983333333333,7268.757633436025,8018.757633427024,749.999999991,False,True
488080,2025-12-05 22:40:00,99.5042041766669,1337.8693375000003,405.0318,8018.757633427024,8768.757633417024,749.99999999,False,True
488090,2025-12-05 22:50:00,119.18404941476182,1343.1152827380952,390.5979,8768.757633417024,9518.757633408024,749.999999991,False,True
488100,2025-12-05 23:00:00,108.22595239095243,1345.8226190476191,404.2633333333333,9518.757633408024,10268.757633399024,749.999999991,False,True
488110,2025-12-05 23:10:00,201.6429335497087,1187.0566964285713,395.14446666666663,10268.757633399024,10799.99999999,531.2423665909763,True,False
488120,2025-12-05 23:20:00,930.9516005862373,1354.227800595238,423.2762,10799.99999999,10799.99999999,0.0,True,False
488130,2025-12-05 23:30:00,880.9097618957613,1348.2714285714287,467.3616666666667,10799.99999999,10799.99999999,0.0,True,False
488140,2025-12-05 23:40:00,909.6718243957614,1350.604174404762,440.93234999999993,10799.99999999,10799.99999999,0.0,True,False
488150,2025-12-05 23:50:00,90.49991249099926,522.9382625,432.43834999999996,10799.99999999,10799.99999999,0.0,True,False
488160,2025-12-06 00:00:00,64.26297618147541,526.3646428571428,462.1016666666667,10799.99999999,10799.99999999,0.0,True,False
488170,2025-12-06 00:10:00,65.77042201480887,527.7725386904763,462.00211666666667,10799.99999999,10799.99999999,0.0,True,False
488180,2025-12-06 00:20:00,70.10773927671354,532.0999559523809,461.99221666666665,10799.99999999,10799.99999999,0.0,True,False
488190,2025-12-06 00:30:00,70.98815475290391,535.576488095238,464.58833333333337,10799.99999999,10799.99999999,0.0,True,False
488200,2025-12-06 00:40:00,90.5976327290945,530.5972994047619,439.99966666666666,10799.99999999,10799.99999999,0.0,True,False
488210,2025-12-06 00:50:00,94.33862677671354,532.5970101190476,438.2583833333333,10799.99999999,10799.99999999,0.0,True,False
488220,2025-12-06 01:00:00,79.95702380052293,540.7270238095236,460.77,10799.99999999,10799.99999999,0.0,True,False
488230,2025-12-06 01:10:00,79.80287141957061,539.4054714285713,459.6026,10799.99999999,10799.99999999,0.0,True,False
488240,2025-12-06 01:20:00,77.72404701480875,541.8184803571428,464.0944333333333,10799.99999999,10799.99999999,0.0,True,False
488250,2025-12-06 01:30:00,70.78428570528493,548.0292857142856,477.24499999999995,10799.99999999,10799.99999999,0.0,True,False
488260,2025-12-06 01:40:00,74.63619165766593,544.9423416666666,470.30614999999995,10799.99999999,10799.99999999,0.0,True,False
488270,2025-12-06 01:50:00,76.03040237195168,548.0003023809523,471.96989999999994,10799.99999999,10799.99999999,0.0,True,False
488280,2025-12-06 02:00:00,58.18803570528511,555.8930357142858,497.705,10799.99999999,10799.99999999,0.0,True,False
488290,2025-12-06 02:10:00,26.391198800523036,551.612582142857,525.2213833333333,10799.99999999,10799.99999999,0.0,True,False
488300,2025-12-06 02:20:00,52.89600415766589,550.9491708333333,498.05316666666664,10799.99999999,10799.99999999,0.0,True,False
488310,2025-12-06 02:30:00,104.96690475290396,558.5135714285714,453.5466666666667,10799.99999999,10799.99999999,0.0,True,False
488320,2025-12-06 02:40:00,77.5782482052849,562.601831547619,485.02358333333336,10799.99999999,10799.99999999,0.0,True,False
488330,2025-12-06 02:50:00,58.57898927671361,564.6344392857143,506.05544999999995,10799.99999999,10799.99999999,0.0,True,False
488340,2025-12-06 03:00:00,77.74791665766597,565.14625,487.3983333333333,10799.99999999,10799.99999999,0.0,True,False
488350,2025-12-06 03:10:00,75.24663391957048,562.4557339285712,487.20910000000003,10799.99999999,10799.99999999,0.0,True,False
488360,2025-12-06 03:20:00,62.47747677671371,563.2218767857144,500.7443999999999,10799.99999999,10799.99999999,0.0,True,False
488370,2025-12-06 03:30:00,51.750119038618415,568.8567857142857,517.1066666666666,10799.99999999,10799.99999999,0.0,True,False
488380,2025-12-06 03:40:00,39.72961368147546,574.2221636904761,534.4925499999999,10799.99999999,10799.99999999,0.0,True,False
488390,2025-12-06 03:50:00,32.708258919570746,577.4862422619047,544.7779833333333,10799.99999999,10799.99999999,0.0,True,False
488400,2025-12-06 04:00:00,36.48690475290412,577.4402380952381,540.9533333333333,10799.99999999,10799.99999999,0.0,True,False
488410,2025-12-06 04:10:00,48.601707133856486,573.9063404761905,525.3046333333333,10799.99999999,10799.99999999,0.0,True,False
488420,2025-12-06 04:20:00,47.22575832433265,571.880125,524.6543666666666,10799.99999999,10799.99999999,0.0,True,False
488430,2025-12-06 04:30:00,35.47714284814217,575.6171428571429,540.14,10799.99999999,10799.99999999,0.0,True,False
488440,2025-12-06 04:40:00,34.676972014808804,583.8881220238095,549.21115,10799.99999999,10799.99999999,0.0,True,False
488450,2025-12-06 04:50:00,22.23492141957079,582.6046380952381,560.3697166666666,10799.99999999,10799.99999999,0.0,True,False
488460,2025-12-06 05:00:00,16.20660713385653,575.7416071428572,559.535,10799.99999999,10799.99999999,0.0,True,False
488470,2025-12-06 05:10:00,58.19969046718989,581.0803904761906,522.8806999999999,10799.99999999,10799.99999999,0.0,True,False
488480,2025-12-06 05:20:00,79.45416665766592,586.7722333333332,507.3180666666666,10799.99999999,10799.99999999,0.0,True,False
488490,2025-12-06 05:30:00,56.40595237195155,577.0809523809522,520.675,10799.99999999,10799.99999999,0.0,True,False
488500,2025-12-06 05:40:00,40.335216657665974,560.6638166666667,520.3285999999999,10799.99999999,10799.99999999,0.0,True,False
488510,2025-12-06 05:50:00,85.06747141957064,622.472638095238,537.4051666666667,10799.99999999,10799.99999999,0.0,True,False
489130,2025-12-06 16:10:00,11.509625577236545,615.566725595238,604.0571,10799.999999979998,10799.999999979998,0.0,True,False
489140,2025-12-06 16:20:00,61.438047601046335,669.105680952381,607.6676333333332,10799.999999979998,10799.999999979998,0.0,True,False
489150,2025-12-06 16:30:00,132.98513391057003,723.0018005952381,590.0166666666667,10799.999999979998,10799.999999979998,0.0,True,False
489160,2025-12-06 16:40:00,145.20486486295113,774.9460815476191,629.7412166666666,10799.999999979998,10799.999999979998,0.0,True,False
489170,2025-12-06 16:50:00,256.1344422439035,810.9041422619049,554.7697,10799.999999979998,10799.999999979998,0.0,True,False
489180,2025-12-06 17:00:00,419.1673362915223,832.1856696428571,413.0183333333333,10799.999999979998,10799.999999979998,0.0,True,False
489190,2025-12-06 17:10:00,414.2664297439032,850.965413095238,436.69898333333333,10799.999999979998,10799.999999979998,0.0,True,False
489200,2025-12-06 17:20:00,385.0630606962842,851.9422440476189,466.8791833333333,10799.999999979998,10799.999999979998,0.0,True,False
489210,2025-12-06 17:30:00,428.35869045818885,855.865357142857,427.50666666666666,10799.999999979998,10799.999999979998,0.0,True,False
489220,2025-12-06 17:40:00,463.6440422439031,875.3830922619045,411.73904999999996,10799.999999979998,10799.999999979998,0.0,True,False
489230,2025-12-06 17:50:00,337.7313517677126,789.0759851190473,451.34463333333326,10799.999999979998,10799.999999979998,0.0,True,False
489240,2025-12-06 18:00:00,152.79803569628422,643.541369047619,490.74333333333334,10799.999999979998,10799.999999979998,0.0,True,False
489480,2025-12-06 22:00:00,67.62059524809534,1331.032261904762,430.07833333333326,5541.973178427574,6291.973178418573,749.999999991,False,True
489490,2025-12-06 22:10:00,75.54375120047631,1322.2229511904764,413.34586666666667,6291.973178418573,7041.973178408573,749.99999999,False,True
489510,2025-12-06 22:30:00,129.5860119147619,1334.4993452380952,371.58,7150.461987149573,7900.461987140573,749.999999991,False,True
489520,2025-12-06 22:40:00,101.87103512904774,1337.5782517857144,402.3738833333333,7900.461987140573,8650.461987130573,749.99999999,False,True
489530,2025-12-06 22:50:00,85.77823334333333,1341.9542666666666,422.8427,8650.461987130573,9400.461987121573,749.999999991,False,True
489540,2025-12-06 23:00:00,94.8980357242858,1344.9613690476192,416.73,9400.461987121573,10150.461987112572,749.999999991,False,True
489550,2025-12-06 23:10:00,46.96174854714854,1186.3042517454014,417.63359999999994,10150.461987112572,10799.999999991,649.5380128784277,True,False
489560,2025-12-06 23:20:00,935.8316368966615,1354.927120238095,419.09548333333333,10799.999999991,10799.999999991,0.0,True,False
489570,2025-12-06 23:30:00,932.3610118966617,1350.8143452380953,418.45333333333326,10799.999999991,10799.999999991,0.0,True,False
489580,2025-12-06 23:40:00,919.1866880871379,1352.5952880952382,433.4086,10799.999999991,10799.999999991,0.0,True,False
489590,2025-12-06 23:50:00,22.497251777613975,524.0649851190476,501.5677333333333,10799.999999991,10799.999999991,0.0,True,False
496810,2025-12-12 00:10:00,152.5917994147618,1367.1930994047618,381.26796666666667,8121.983160760783,8871.983160750782,749.99999999,False,True
496820,2025-12-12 00:20:00,132.94492560523827,1373.6230255952382,407.34476666666666,8871.983160750782,9621.983160741782,749.999999991,False,True
496900,2025-12-12 01:40:00,0.07308740889147375,554.5115821428572,498.18354999999997,10749.37054973043,10799.999999991,50.629450260569136,True,False
496910,2025-12-12 01:50:00,69.12467320618535,556.8809232142856,487.75624999999997,10799.999999991,10799.999999991,0.0,True,False
496920,2025-12-12 02:00:00,81.49702380142341,565.275357142857,483.7783333333333,10799.999999991,10799.999999991,0.0,True,False
496930,2025-12-12 02:10:00,78.00289344428077,565.0629101190477,487.0600166666666,10799.999999991,10799.999999991,0.0,True,False
496940,2025-12-12 02:20:00,81.17094463475675,563.6748279761904,482.5038833333333,10799.999999991,10799.999999991,0.0,True,False
496950,2025-12-12 02:30:00,84.46089284904255,567.1058928571429,482.645,10799.999999991,10799.999999991,0.0,True,False
496960,2025-12-12 02:40:00,63.322344039518704,573.1184607142857,509.79611666666665,10799.999999991,10799.999999991,0.0,True,False
496970,2025-12-12 02:50:00,72.06526011094726,575.6116434523809,503.5463833333333,10799.999999991,10799.999999991,0.0,True,False
496980,2025-12-12 03:00:00,98.70285713475673,574.232857142857,475.53,10799.999999991,10799.999999991,0.0,True,False
496990,2025-12-12 03:10:00,77.42252618237578,574.4672428571428,497.04471666666666,10799.999999991,10799.999999991,0.0,True,False
497000,2025-12-12 03:20:00,69.42270772999493,578.5006744047619,509.0779666666666,10799.999999991,10799.999999991,0.0,True,False
497010,2025-12-12 03:30:00,90.50797618237587,585.1213095238095,494.6133333333333,10799.999999991,10799.999999991,0.0,True,False
497020,2025-12-12 03:40:00,94.91682796809008,590.8315613095237,495.91473333333334,10799.999999991,10799.999999991,0.0,True,False
497030,2025-12-12 03:50:00,101.19168451570906,593.0825845238094,491.8909,10799.999999991,10799.999999991,0.0,True,False
497040,2025-12-12 04:00:00,103.457559515709,591.6775595238094,488.22,10799.999999991,10799.999999991,0.0,True,False
497050,2025-12-12 04:10:00,71.50792856332836,588.7782952380953,517.2703666666666,10799.999999991,10799.999999991,0.0,True,False
497060,2025-12-12 04:20:00,41.87757558713779,587.6289255952381,545.75135,10799.999999991,10799.999999991,0.0,True,False
497070,2025-12-12 04:30:00,37.77309522999483,591.6597619047618,553.8866666666667,10799.999999991,10799.999999991,0.0,True,False
497080,2025-12-12 04:40:00,50.57481606332815,600.8113827380952,550.2365666666667,10799.999999991,10799.999999991,0.0,True,False
497090,2025-12-12 04:50:00,66.27996844428068,602.0969184523809,535.8169499999999,10799.999999991,10799.999999991,0.0,True,False
497100,2025-12-12 05:00:00,71.02589284904249,597.1725595238095,526.1466666666666,10799.999999991,10799.999999991,0.0,True,False
497110,2025-12-12 05:10:00,60.00542022999479,600.4473369047618,540.4419166666667,10799.999999991,10799.999999991,0.0,True,False
497120,2025-12-12 05:20:00,58.32734642047112,605.6570297619047,547.3296833333333,10799.999999991,10799.999999991,0.0,True,False
497130,2025-12-12 05:30:00,59.827916658566416,596.8795833333334,537.0516666666666,10799.999999991,10799.999999991,0.0,True,False
497140,2025-12-12 05:40:00,880.7833059442808,1411.2476726190475,530.4643666666666,10799.999999991,10799.999999991,0.0,True,False
497150,2025-12-12 05:50:00,109.04298153951888,641.7315148809524,532.6885333333332,10799.999999991,10799.999999991,0.0,True,False
497770,2025-12-12 16:10:00,79.43095297619035,646.2348529761904,566.8039,10800.0,10800.0,0.0,True,False
497780,2025-12-12 16:20:00,133.9877607142856,698.0710607142856,564.0833,10800.0,10800.0,0.0,True,False
497790,2025-12-12 16:30:00,159.42729166666666,747.5172916666666,588.0899999999999,10800.0,10800.0,0.0,True,False
497800,2025-12-12 16:40:00,207.5724934523808,798.0001267857141,590.4276333333332,10800.0,10800.0,0.0,True,False
497810,2025-12-12 16:50:00,295.21770833333335,830.3637916666667,535.1460833333333,10800.0,10800.0,0.0,True,False
497820,2025-12-12 17:00:00,371.50562499999984,843.4939583333331,471.9883333333333,10800.0,10800.0,0.0,True,False
497830,2025-12-12 17:10:00,367.9622267857143,852.7176101190475,484.75538333333327,10800.0,10800.0,0.0,True,False
497840,2025-12-12 17:20:00,379.7919880952382,851.0805047619048,471.2885166666666,10800.0,10800.0,0.0,True,False
497850,2025-12-12 17:30:00,435.39148809523783,855.2198214285711,419.82833333333326,10800.0,10800.0,0.0,True,False
497860,2025-12-12 17:40:00,454.169732142857,875.8010488095236,421.63131666666663,10800.0,10800.0,0.0,True,False
497870,2025-12-12 17:50:00,358.68968928571434,790.5367559523809,431.8470666666666,10800.0,10800.0,0.0,True,False
497880,2025-12-12 18:00:00,207.8510714285714,646.0394047619047,438.18833333333333,10800.0,10800.0,0.0,True,False
498120,2025-12-12 22:00:00,97.69285715285717,1335.5078571428571,404.4816666666666,5627.539025418471,6377.539025409471,749.999999991,False,True
498130,2025-12-12 22:10:00,69.897594057619,1325.265794047619,422.03486666666663,6377.539025409471,7127.539025399471,749.99999999,False,True
498150,2025-12-12 22:30:00,102.9107142957141,1337.3523809523808,401.10833333333335,7199.492285926185,7949.492285917185,749.999999991,False,True
498160,2025-12-12 22:40:00,131.4761083433334,1339.1860916666667,374.37665,7949.492285917185,8699.492285907185,749.99999999,False,True
498170,2025-12-12 22:50:00,116.69547858142856,1343.843161904762,393.81435,8699.492285907185,9449.492285898184,749.999999991,False,True
498180,2025-12-12 23:00:00,80.20988096238078,1349.0215476190474,435.4783333333333,9449.492285898184,10199.492285889184,749.999999991,False,True
498190,2025-12-12 23:10:00,95.63376191068072,1190.2313220238095,427.36676666666665,10199.492285889184,10799.999999991,600.5077141018158,True,False
498200,2025-12-12 23:20:00,958.9064541585664,1358.1360875,399.22963333333337,10799.999999991,10799.999999991,0.0,True,False
498210,2025-12-12 23:30:00,975.5764880871378,1355.6781547619048,380.1016666666667,10799.999999991,10799.999999991,0.0,True,False
498220,2025-12-12 23:40:00,985.615376182376,1361.634942857143,376.01956666666666,10799.999999991,10799.999999991,0.0,True,False
498230,2025-12-12 23:50:00,124.41804225380437,531.194975595238,406.7769333333333,10799.999999991,10799.999999991,0.0,True,False
498240,2025-12-13 00:00:00,81.3535118966615,529.3168452380952,447.96333333333337,10799.999999991,10799.999999991,0.0,True,False
498250,2025-12-13 00:10:00,83.28150177761384,533.2632351190475,449.98173333333335,10799.999999991,10799.999999991,0.0,True,False
498260,2025-12-13 00:20:00,87.28501784904253,539.5409511904762,452.25593333333336,10799.999999991,10799.999999991,0.0,True,False
498270,2025-12-13 00:30:00,70.0220833252329,541.7237499999999,471.70166666666665,10799.999999991,10799.999999991,0.0,True,False
498280,2025-12-13 00:40:00,55.843484515709044,538.2956511904761,482.4521666666667,10799.999999991,10799.999999991,0.0,True,False
498290,2025-12-13 00:50:00,73.35038987285199,543.3359565476189,469.9855666666666,10799.999999991,10799.999999991,0.0,True,False
498300,2025-12-13 01:00:00,99.2091666585662,552.2291666666665,453.02,10799.999999991,10799.999999991,0.0,True,False
498310,2025-12-13 01:10:00,82.01583689666157,547.4828035714286,465.4669666666667,10799.999999991,10799.999999991,0.0,True,False
498320,2025-12-13 01:20:00,65.8904868966616,549.1896535714286,483.2991666666667,10799.999999991,10799.999999991,0.0,True,False
498330,2025-12-13 01:30:00,70.27345237285212,558.7001190476191,488.4266666666666,10799.999999991,10799.999999991,0.0,True,False
498340,2025-12-13 01:40:00,72.51864939666169,557.2882327380953,484.7695833333333,10799.999999991,10799.999999991,0.0,True,False
498350,2025-12-13 01:50:00,77.53586368237595,558.6302136904762,481.09434999999996,10799.999999991,10799.999999991,0.0,True,False
498360,2025-12-13 02:00:00,82.90726189666154,565.7055952380952,482.7983333333333,10799.999999991,10799.999999991,0.0,True,False
498370,2025-12-13 02:10:00,77.27641130142356,566.5026779761905,489.2262666666666,10799.999999991,10799.999999991,0.0,True,False
498380,2025-12-13 02:20:00,72.23894522999487,565.3629619047618,493.12401666666665,10799.999999991,10799.999999991,0.0,True,False
498390,2025-12-13 02:30:00,78.00321427761398,568.229880952381,490.2266666666667,10799.999999991,10799.999999991,0.0,True,False
498400,2025-12-13 02:40:00,90.61817618237583,575.6874595238095,485.0692833333333,10799.999999991,10799.999999991,0.0,True,False
498410,2025-12-13 02:50:00,80.98868987285206,578.1770898809524,497.1884,10799.999999991,10799.999999991,0.0,True,False
498420,2025-12-13 03:00:00,67.14648808713784,575.2281547619048,508.0816666666666,10799.999999991,10799.999999991,0.0,True,False
498430,2025-12-13 03:10:00,94.325032729995,575.8808160714286,481.5557833333333,10799.999999991,10799.999999991,0.0,True,False
498440,2025-12-13 03:20:00,106.3726160633282,580.8086327380952,474.43601666666666,10799.999999991,10799.999999991,0.0,True,False
498450,2025-12-13 03:30:00,92.616071420471,587.7010714285714,495.08500000000004,10799.999999991,10799.999999991,0.0,True,False
498460,2025-12-13 03:40:00,97.39403332523293,593.4541833333333,496.06015,10799.999999991,10799.999999991,0.0,True,False
498470,2025-12-13 03:50:00,100.56774820618531,595.0293482142856,494.4616,10799.999999991,10799.999999991,0.0,True,False
498480,2025-12-13 04:00:00,90.55952380142347,593.4811904761905,502.9216666666667,10799.999999991,10799.999999991,0.0,True,False
498490,2025-12-13 04:10:00,78.62384701570917,592.7467803571428,514.1229333333333,10799.999999991,10799.999999991,0.0,True,False
498500,2025-12-13 04:20:00,66.15662439666161,592.2372910714286,526.0806666666666,10799.999999991,10799.999999991,0.0,True,False
498510,2025-12-13 04:30:00,67.1273809442807,595.1557142857143,528.0283333333333,10799.999999991,10799.999999991,0.0,True,False
498520,2025-12-13 04:40:00,94.56780058713761,604.834000595238,510.2662,10799.999999991,10799.999999991,0.0,True,False
498530,2025-12-13 04:50:00,99.29043034904251,606.1659136904761,506.8754833333333,10799.999999991,10799.999999991,0.0,True,False
498540,2025-12-13 05:00:00,80.19773808713782,600.2660714285714,520.0683333333333,10799.999999991,10799.999999991,0.0,True,False
498550,2025-12-13 05:10:00,82.785701182376,603.3625511904762,520.5768499999999,10799.999999991,10799.999999991,0.0,True,False
498560,2025-12-13 05:20:00,84.69988987285203,608.461706547619,523.7618166666666,10799.999999991,10799.999999991,0.0,True,False
498570,2025-12-13 05:30:00,69.28434522999484,599.4276785714285,530.1433333333333,10799.999999991,10799.999999991,0.0,True,False
498580,2025-12-13 05:40:00,52.91483272999486,580.6848160714286,527.7699833333334,10799.999999991,10799.999999991,0.0,True,False
498590,2025-12-13 05:50:00,86.98481844428065,644.493068452381,557.50825,10799.999999991,10799.999999991,0.0,True,False
499200,2025-12-13 16:00:00,30.38197916666661,596.6886458333332,566.3066666666666,10800.0,10800.0,0.0,True,False
499210,2025-12-13 16:10:00,60.90891785714274,649.3810345238094,588.4721166666666,10800.0,10800.0,0.0,True,False
499220,2025-12-13 16:20:00,119.03455535714289,700.1650886904761,581.1305333333332,10800.0,10800.0,0.0,True,False
499230,2025-12-13 16:30:00,185.69499999999994,749.5616666666665,563.8666666666666,10800.0,10800.0,0.0,True,False
499240,2025-12-13 16:40:00,193.60122261904763,800.3216392857144,606.7204166666667,10800.0,10800.0,0.0,True,False
499250,2025-12-13 16:50:00,269.4220785714286,832.8655785714285,563.4435,10800.0,10800.0,0.0,True,False
499260,2025-12-13 17:00:00,394.854300595238,845.9293005952379,451.07499999999993,10800.0,10800.0,0.0,True,False
499270,2025-12-13 17:10:00,413.98649702380953,854.6373470238095,440.65085,10800.0,10800.0,0.0,True,False
499280,2025-12-13 17:20:00,402.3303636904763,851.8367636904763,449.5064,10800.0,10800.0,0.0,True,False
499290,2025-12-13 17:30:00,424.07767857142846,854.4610119047618,430.3833333333333,10800.0,10800.0,0.0,True,False
499300,2025-12-13 17:40:00,450.72331071428573,875.3115607142857,424.58825,10800.0,10800.0,0.0,True,False
499310,2025-12-13 17:50:00,366.03971130952397,790.2527946428572,424.2130833333333,10800.0,10800.0,0.0,True,False
499320,2025-12-13 18:00:00,204.5360714285714,645.6210714285714,441.08500000000004,10800.0,10800.0,0.0,True,False
499560,2025-12-13 22:00:00,101.49261905761908,1336.317619047619,401.4916666666666,5573.283346880109,6323.283346871109,749.999999991,False,True
499570,2025-12-13 22:10:00,105.81449405761894,1326.6826107142856,387.53478333333334,6323.283346871109,7073.283346861109,749.9999999899999,False,True
499590,2025-12-13 22:30:00,117.27321429571417,1339.3615476190475,388.755,7177.287602923538,7927.287602914537,749.999999991,False,True
499600,2025-12-13 22:40:00,136.1763541766668,1339.8424375000002,370.33275000000003,7927.287602914537,8677.287602904536,749.99999999,False,True
499610,2025-12-13 22:50:00,123.14218096238095,1344.5499976190476,388.0744833333333,8677.287602904536,9427.287602895536,749.999999991,False,True
499620,2025-12-13 23:00:00,101.2042262004761,1350.949226190476,416.41166666666663,9427.287602895536,10177.287602886536,749.999999991,False,True
499630,2025-12-13 23:10:00,113.44265083630954,1191.5056142857143,386.1603,10177.287602886536,10799.999999991,622.7123971044642,True,False
499640,2025-12-13 23:20:00,960.2542380871379,1358.3403714285714,398.0861333333333,10799.999999991,10799.999999991,0.0,True,False
499650,2025-12-13 23:30:00,915.2060118966616,1355.216011904762,440.01,10799.999999991,10799.999999991,0.0,True,False
499660,2025-12-13 23:40:00,950.0245499918996,1360.4178499999998,410.3933,10799.999999991,10799.999999991,0.0,True,False
499670,2025-12-13 23:50:00,65.16877022999492,530.5245869047619,465.35581666666667,10799.999999991,10799.999999991,0.0,True,False
506890,2025-12-19 00:10:00,125.04159703380945,1369.9762636904761,411.60133333333334,8126.63630772507,8876.636307715069,749.99999999,False,True
506900,2025-12-19 00:20:00,115.72637679571436,1377.6797267857144,428.62001666666663,8876.636307715069,9626.636307706069,749.999999991,False,True
506970,2025-12-19 01:30:00,50.651046942700425,568.6590476190474,474.0816666666666,10760.466299382288,10799.999999991,39.53370060871238,True,False
506980,2025-12-19 01:40:00,115.28982142047104,565.2537047619047,449.96388333333334,10799.999999991,10799.999999991,0.0,True,False
506990,2025-12-19 01:50:00,96.59403034904241,567.2172970238094,470.6232666666666,10799.999999991,10799.999999991,0.0,True,False
507000,2025-12-19 02:00:00,47.59291665856629,578.1645833333332,530.5716666666666,10799.999999991,10799.999999991,0.0,True,False
507010,2025-12-19 02:10:00,76.38666903951875,579.0338357142857,502.64716666666664,10799.999999991,10799.999999991,0.0,True,False
507020,2025-12-19 02:20:00,104.1144047538044,578.3631714285714,474.24876666666665,10799.999999991,10799.999999991,0.0,True,False
507030,2025-12-19 02:30:00,91.75101189666154,581.8460119047619,490.095,10799.999999991,10799.999999991,0.0,True,False
507040,2025-12-19 02:40:00,82.31202915856622,585.7364291666665,503.4244,10799.999999991,10799.999999991,0.0,True,False
507050,2025-12-19 02:50:00,92.95921130142332,588.7932279761903,495.8340166666667,10799.999999991,10799.999999991,0.0,True,False
507060,2025-12-19 03:00:00,104.67523808713784,590.0252380952381,485.34999999999997,10799.999999991,10799.999999991,0.0,True,False
507070,2025-12-19 03:10:00,87.24687142047114,589.1812047619048,501.93433333333337,10799.999999991,10799.999999991,0.0,True,False
507080,2025-12-19 03:20:00,78.87104582523293,590.7671291666666,511.8960833333333,10799.999999991,10799.999999991,0.0,True,False
507090,2025-12-19 03:30:00,94.38464284904259,597.0779761904762,502.69333333333327,10799.999999991,10799.999999991,0.0,True,False
507100,2025-12-19 03:40:00,109.56769225380444,605.6499089285714,496.0822166666667,10799.999999991,10799.999999991,0.0,True,False
507110,2025-12-19 03:50:00,107.84948630142352,608.9861029761905,501.13661666666667,10799.999999991,10799.999999991,0.0,True,False
507120,2025-12-19 04:00:00,92.36619046809014,606.9995238095238,514.6333333333333,10799.999999991,10799.999999991,0.0,True,False
507130,2025-12-19 04:10:00,83.1264124918998,606.6959791666667,523.5695666666666,10799.999999991,10799.999999991,0.0,True,False
507140,2025-12-19 04:20:00,96.71523749189973,608.9643708333333,512.2491333333332,10799.999999991,10799.999999991,0.0,True,False
507150,2025-12-19 04:30:00,113.92869046809002,613.8486904761903,499.91999999999996,10799.999999991,10799.999999991,0.0,True,False
507160,2025-12-19 04:40:00,99.12237856332817,620.2856785714284,521.1632999999999,10799.999999991,10799.999999991,0.0,True,False
507170,2025-12-19 04:50:00,87.69506844428062,620.2220351190475,532.5269666666666,10799.999999991,10799.999999991,0.0,True,False
507180,2025-12-19 05:00:00,83.92113094428075,616.4877976190477,532.5666666666666,10799.999999991,10799.999999991,0.0,True,False
507190,2025-12-19 05:10:00,64.49235237285193,620.2964523809522,555.8041,10799.999999991,10799.999999991,0.0,True,False
507200,2025-12-19 05:20:00,88.13025475380456,625.6694714285715,537.5392166666666,10799.999999991,10799.999999991,0.0,True,False
507210,2025-12-19 05:30:00,127.46291665856629,618.3279166666666,490.865,10799.999999991,10799.999999991,0.0,True,False
507220,2025-12-19 05:40:00,933.5919595157093,1436.084326190476,502.49236666666667,10799.999999991,10799.999999991,0.0,True,False
507230,2025-12-19 05:50:00,126.21769701570915,667.3062470238094,541.0885499999999,10799.999999991,10799.999999991,0.0,True,False
507840,2025-12-19 16:00:00,64.02427083333339,620.6026041666667,556.5783333333333,10800.0,10800.0,0.0,True,False
507850,2025-12-19 16:10:00,100.46582380952381,670.8262404761905,570.3604166666667,10800.0,10800.0,0.0,True,False
507860,2025-12-19 16:20:00,131.80814821428555,717.7025648809522,585.8944166666666,10800.0,10800.0,0.0,True,False
507870,2025-12-19 16:30:00,172.70711309523838,764.6554464285716,591.9483333333333,10800.0,10800.0,0.0,True,False
507880,2025-12-19 16:40:00,206.56285833333328,818.6319416666665,612.0690833333333,10800.0,10800.0,0.0,True,False
507890,2025-12-19 16:50:00,292.0672119047619,847.713561904762,555.64635,10800.0,10800.0,0.0,True,False
507900,2025-12-19 17:00:00,391.9097470238094,851.3480803571427,459.43833333333333,10800.0,10800.0,0.0,True,False
507910,2025-12-19 17:10:00,396.09356428571436,857.3187976190477,461.22523333333334,10800.0,10800.0,0.0,True,False
507920,2025-12-19 17:20:00,375.19553809523825,855.3140047619048,480.1184666666666,10800.0,10800.0,0.0,True,False
507930,2025-12-19 17:30:00,392.7717857142858,856.5484523809524,463.77666666666664,10800.0,10800.0,0.0,True,False
507940,2025-12-19 17:40:00,433.95491071428546,878.5637940476188,444.6088833333333,10800.0,10800.0,0.0,True,False
507950,2025-12-19 17:50:00,338.110419642857,790.1313529761903,452.0209333333333,10800.0,10800.0,0.0,True,False
507960,2025-12-19 18:00:00,179.75904761904758,642.0090476190476,462.25,10800.0,10800.0,0.0,True,False
508200,2025-12-19 22:00:00,136.83982143857145,1338.9314880952381,368.7583333333333,5554.765151311331,6304.76515130233,749.999999991,False,True
508210,2025-12-19 22:10:00,129.45191608142864,1331.1376327380954,368.35238333333336,6304.76515130233,7054.76515129333,749.999999991,False,True
508230,2025-12-19 22:30:00,85.71202381952376,1337.8270238095238,418.78166666666664,7156.067685570044,7906.067685560044,749.99999999,False,True
508240,2025-12-19 22:40:00,96.71629227190486,1340.1611255952382,410.1115,7906.067685560044,8656.067685550044,749.99999999,False,True
508250,2025-12-19 22:50:00,105.04071727190488,1346.1829005952382,407.80884999999995,8656.067685550044,9406.067685541044,749.999999991,False,True
508260,2025-12-19 23:00:00,91.53053572428551,1351.5905357142856,426.7266666666667,9406.067685541044,10156.067685532043,749.999999991,False,True
508270,2025-12-19 23:10:00,33.67071131544525,1193.7533940476192,444.6023333333333,10156.067685532043,10799.999999991,643.9323144589565,True,False
508280,2025-12-19 23:20:00,939.6618904680904,1363.232473809524,423.5705833333333,10799.999999991,10799.999999991,0.0,True,False
508290,2025-12-19 23:30:00,962.6162499919,1361.3179166666669,398.70166666666665,10799.999999991,10799.999999991,0.0,True,False
508300,2025-12-19 23:40:00,926.1492011823759,1365.5325345238095,439.3833333333333,10799.999999991,10799.999999991,0.0,True,False
508310,2025-12-19 23:50:00,83.25943153951866,535.182781547619,451.92335,10799.999999991,10799.999999991,0.0,True,False
508320,2025-12-20 00:00:00,106.9298809442806,534.7082142857142,427.7783333333333,10799.999999991,10799.999999991,0.0,True,False
508330,2025-12-20 00:10:00,89.44551963475678,537.2500029761904,447.80448333333334,10799.999999991,10799.999999991,0.0,True,False
508340,2025-12-20 00:20:00,96.75084582523297,544.4597458333333,447.70889999999997,10799.999999991,10799.999999991,0.0,True,False
508350,2025-12-20 00:30:00,127.75785713475696,550.8711904761906,423.1133333333333,10799.999999991,10799.999999991,0.0,True,False
508360,2025-12-20 00:40:00,108.89629522999488,549.8449785714286,440.94868333333335,10799.999999991,10799.999999991,0.0,True,False
508370,2025-12-20 00:50:00,87.90962856332825,552.4825785714286,464.57295,10799.999999991,10799.999999991,0.0,True,False
508380,2025-12-20 01:00:00,90.49124999189965,556.58125,466.09,10799.999999991,10799.999999991,0.0,True,False
508390,2025-12-20 01:10:00,95.40687796809001,550.807994642857,455.40111666666667,10799.999999991,10799.999999991,0.0,True,False
508400,2025-12-20 01:20:00,106.3950309442807,556.983480952381,450.58844999999997,10799.999999991,10799.999999991,0.0,True,False
508410,2025-12-20 01:30:00,102.72720237285196,570.4222023809523,467.695,10799.999999991,10799.999999991,0.0,True,False
508420,2025-12-20 01:40:00,59.55200772999488,565.0666910714285,505.5146833333333,10799.999999991,10799.999999991,0.0,True,False
508430,2025-12-20 01:50:00,55.97651368237596,567.6861303571429,511.70961666666665,10799.999999991,10799.999999991,0.0,True,False
508440,2025-12-20 02:00:00,89.52565475380433,581.1823214285713,491.65666666666664,10799.999999991,10799.999999991,0.0,True,False
508450,2025-12-20 02:10:00,81.20819820618541,580.6787148809524,499.47051666666664,10799.999999991,10799.999999991,0.0,True,False
508460,2025-12-20 02:20:00,75.41129046809007,579.309857142857,503.8985666666666,10799.999999991,10799.999999991,0.0,True,False
508470,2025-12-20 02:30:00,98.05351189666166,583.9801785714286,485.9266666666666,10799.999999991,10799.999999991,0.0,True,False
508480,2025-12-20 02:40:00,123.29289522999485,587.2983452380952,464.00545,10799.999999991,10799.999999991,0.0,True,False
508490,2025-12-20 02:50:00,121.98896903951865,589.219619047619,467.23064999999997,10799.999999991,10799.999999991,0.0,True,False
508500,2025-12-20 03:00:00,104.48541665856621,590.6120833333332,486.12666666666667,10799.999999991,10799.999999991,0.0,True,False
508510,2025-12-20 03:10:00,106.77227618237598,591.488042857143,484.7157666666667,10799.999999991,10799.999999991,0.0,True,False
508520,2025-12-20 03:20:00,109.85110177761393,592.893418452381,483.0423166666667,10799.999999991,10799.999999991,0.0,True,False
508530,2025-12-20 03:30:00,113.33916665856631,597.3225,483.98333333333335,10799.999999991,10799.999999991,0.0,True,False
508540,2025-12-20 03:40:00,131.42395296809022,605.8725029761905,474.44854999999995,10799.999999991,10799.999999991,0.0,True,False
508550,2025-12-20 03:50:00,109.42303987285206,609.8081898809523,500.38514999999995,10799.999999991,10799.999999991,0.0,True,False
508560,2025-12-20 04:00:00,67.16196427761392,608.5536309523809,541.3916666666667,10799.999999991,10799.999999991,0.0,True,False
508570,2025-12-20 04:10:00,80.24453689666174,609.8756035714287,529.6310666666666,10799.999999991,10799.999999991,0.0,True,False
508580,2025-12-20 04:20:00,83.02064463475685,612.5392446428572,529.5186,10799.999999991,10799.999999991,0.0,True,False
508590,2025-12-20 04:30:00,63.97357142047108,616.3335714285713,552.3599999999999,10799.999999991,10799.999999991,0.0,True,False
508600,2025-12-20 04:40:00,80.13102677761387,622.2073267857141,542.0763,10799.999999991,10799.999999991,0.0,True,False
508610,2025-12-20 04:50:00,101.8641446347568,622.705944642857,520.8417999999999,10799.999999991,10799.999999991,0.0,True,False
508620,2025-12-20 05:00:00,99.66047618237596,620.1171428571429,520.4566666666666,10799.999999991,10799.999999991,0.0,True,False
508630,2025-12-20 05:10:00,77.52887499189949,624.4107749999998,546.8819,10799.999999991,10799.999999991,0.0,True,False
508640,2025-12-20 05:20:00,79.27587677761389,628.6735767857142,549.3977,10799.999999991,10799.999999991,0.0,True,False
508650,2025-12-20 05:30:00,85.81684522999498,619.5485119047619,533.7316666666666,10799.999999991,10799.999999991,0.0,True,False
508660,2025-12-20 05:40:00,56.71614701570926,603.7025136904763,546.9863666666666,10799.999999991,10799.999999991,0.0,True,False
508670,2025-12-20 05:50:00,144.78780237285216,669.6120523809524,524.8242499999999,10799.999999991,10799.999999991,0.0,True,False
509280,2025-12-20 16:00:00,16.18177082433281,621.3784375000001,605.1966666666666,10799.99999999,10799.99999999,0.0,True,False
509290,2025-12-20 16:10:00,65.73697380052292,673.5824071428569,607.8454333333333,10799.99999999,10799.99999999,0.0,True,False
509300,2025-12-20 16:20:00,116.34487737195155,722.2700273809523,605.92515,10799.99999999,10799.99999999,0.0,True,False
509310,2025-12-20 16:30:00,163.04985118147542,768.5698511904761,605.52,10799.99999999,10799.99999999,0.0,True,False
509320,2025-12-20 16:40:00,225.35259463385617,821.9995613095236,596.6469666666667,10799.99999999,10799.99999999,0.0,True,False
509330,2025-12-20 16:50:00,330.1251767767138,850.3406934523811,520.2155166666666,10799.99999999,10799.99999999,0.0,True,False
509340,2025-12-20 17:00:00,422.95839284814235,852.868392857143,429.90999999999997,10799.99999999,10799.99999999,0.0,True,False
509350,2025-12-20 17:10:00,409.58458213385643,857.9739154761904,448.3893333333333,10799.99999999,10799.99999999,0.0,True,False
509360,2025-12-20 17:20:00,377.59703451480874,856.1858845238095,478.58885,10799.99999999,10799.99999999,0.0,True,False
509370,2025-12-20 17:30:00,388.4417261814755,857.4750595238095,469.0333333333333,10799.99999999,10799.99999999,0.0,True,False
509380,2025-12-20 17:40:00,419.2267583243324,878.3381583333331,459.1114,10799.99999999,10799.99999999,0.0,True,False
509390,2025-12-20 17:50:00,344.5098113005231,789.4759279761904,444.9661166666666,10799.99999999,10799.99999999,0.0,True,False
509400,2025-12-20 18:00:00,211.00529761004694,641.7469642857143,430.7416666666666,10799.99999999,10799.99999999,0.0,True,False
509640,2025-12-20 22:00:00,77.42839286714273,1338.8600595238095,428.09833333333336,5648.018309052652,6398.018309043651,749.999999991,False,True
509650,2025-12-20 22:10:00,88.57462381952381,1331.1245571428572,409.21659999999997,6398.018309043651,7148.018309034651,749.999999991,False,True
509670,2025-12-20 22:30:00,105.87702381952396,1338.8836904761906,399.6733333333333,7245.716592418508,7995.716592408508,749.99999999,False,True
509680,2025-12-20 22:40:00,100.9101952480954,1340.0356452380954,405.79211666666663,7995.716592408508,8745.716592398509,749.99999999,False,True
509690,2025-12-20 22:50:00,77.92132500999979,1345.9291749999998,434.6745166666666,8745.716592398509,9495.716592389508,749.999999991,False,True
509700,2025-12-20 23:00:00,64.9033333433333,1352.7316666666666,454.49499999999995,9495.716592389508,10245.716592380508,749.999999991,False,True
509710,2025-12-20 23:10:00,160.6177000756437,1195.3838196428571,418.8956666666666,10245.716592380508,10799.999999991,554.2834076104922,True,False
509720,2025-12-20 23:20:00,964.7680053490426,1364.2097886904762,399.4417833333333,10799.999999991,10799.999999991,0.0,True,False
509730,2025-12-20 23:30:00,953.6605357061854,1361.4905357142857,407.83,10799.999999991,10799.999999991,0.0,True,False
509740,2025-12-20 23:40:00,966.6125446347567,1366.0013779761903,399.3888333333333,10799.999999991,10799.999999991,0.0,True,False
509750,2025-12-20 23:50:00,79.37181249189959,536.7519291666665,457.3801166666666,10799.999999991,10799.999999991,0.0,True,False
516970,2025-12-26 00:10:00,133.5648964385714,1378.7003964285714,411.80216666666666,8304.985967202852,9054.985967192852,749.99999999,False,True
516980,2025-12-26 00:20:00,84.37077500999997,1385.1230916666666,467.4189833333333,9054.985967192852,9804.985967183851,749.999999991,False,True
517050,2025-12-26 01:30:00,68.33278325221904,578.1520238095237,461.3433333333333,10756.371683489426,10799.999999991,43.628316501574226,True,False
517060,2025-12-26 01:40:00,89.21494642047102,574.5926964285713,485.37775,10799.999999991,10799.999999991,0.0,True,False
517070,2025-12-26 01:50:00,88.78317737285218,578.8540773809525,490.0709,10799.999999991,10799.999999991,0.0,True,False
517080,2025-12-26 02:00:00,115.61952380142347,592.3861904761904,476.76666666666665,10799.999999991,10799.999999991,0.0,True,False
517090,2025-12-26 02:10:00,109.58792439666158,595.0738744047619,485.48595,10799.999999991,10799.999999991,0.0,True,False
517100,2025-12-26 02:20:00,90.6925660633282,591.5960494047619,500.9034833333333,10799.999999991,10799.999999991,0.0,True,False
517110,2025-12-26 02:30:00,82.57505951570911,591.5300595238094,508.955,10799.999999991,10799.999999991,0.0,True,False
517120,2025-12-26 02:40:00,89.86934642047115,598.6207964285715,508.75145,10799.999999991,10799.999999991,0.0,True,False
517130,2025-12-26 02:50:00,110.01697737285221,600.4681440476191,490.4511666666666,10799.999999991,10799.999999991,0.0,True,False
517140,2025-12-26 03:00:00,132.2696428490424,598.017976190476,465.7483333333333,10799.999999991,10799.999999991,0.0,True,False
517150,2025-12-26 03:10:00,136.92383927761395,603.848905952381,466.9250666666667,10799.999999991,10799.999999991,0.0,True,False
517160,2025-12-26 03:20:00,98.13118987285193,608.2185732142856,510.0873833333333,10799.999999991,10799.999999991,0.0,True,False
517170,2025-12-26 03:30:00,64.78470237285202,609.4097023809524,544.625,10799.999999991,10799.999999991,0.0,True,False
517180,2025-12-26 03:40:00,115.00843630142353,616.2634863095238,501.25505,10799.999999991,10799.999999991,0.0,True,False
517190,2025-12-26 03:50:00,143.8506803490425,624.7166136904762,480.8659333333333,10799.999999991,10799.999999991,0.0,True,False
517200,2025-12-26 04:00:00,109.44863094428067,628.378630952381,518.93,10799.999999991,10799.999999991,0.0,True,False
517210,2025-12-26 04:10:00,77.11904165856626,625.1598916666666,548.04085,10799.999999991,10799.999999991,0.0,True,False
517220,2025-12-26 04:20:00,98.51418213475674,625.5270488095238,527.0128666666667,10799.999999991,10799.999999991,0.0,True,False
517230,2025-12-26 04:30:00,138.72351189666156,632.9618452380952,494.2383333333333,10799.999999991,10799.999999991,0.0,True,False
517240,2025-12-26 04:40:00,118.01176487285201,640.233181547619,522.2214166666666,10799.999999991,10799.999999991,0.0,True,False
517250,2025-12-26 04:50:00,101.93107737285206,638.4144940476191,536.4834166666667,10799.999999991,10799.999999991,0.0,True,False
517260,2025-12-26 05:00:00,120.93238094428065,634.3307142857143,513.3983333333333,10799.999999991,10799.999999991,0.0,True,False
517270,2025-12-26 05:10:00,137.16396189666165,642.9021452380953,505.73818333333327,10799.999999991,10799.999999991,0.0,True,False
517280,2025-12-26 05:20:00,129.6202357061854,647.649919047619,518.0296833333333,10799.999999991,10799.999999991,0.0,True,False
517290,2025-12-26 05:30:00,99.59547618237602,634.8438095238096,535.2483333333332,10799.999999991,10799.999999991,0.0,True,False
517300,2025-12-26 05:40:00,914.0080702299952,1453.442886904762,539.4348166666666,10799.999999991,10799.999999991,0.0,True,False
517310,2025-12-26 05:50:00,159.16151606332832,687.0441160714286,527.8825999999999,10799.999999991,10799.999999991,0.0,True,False
517420,2025-12-26 07:40:00,641.2061427582295,1447.1246297619048,632.1330833333333,10643.593136687692,10799.999999991,156.40686330330792,True,False
517430,2025-12-26 07:50:00,14.916645825233024,659.1784291666667,644.2617833333334,10799.999999991,10799.999999991,0.0,True,False
517910,2025-12-26 15:50:00,14.0670827290945,597.6991660714285,583.6320833333333,10799.99999999,10799.99999999,0.0,True,False
517920,2025-12-26 16:00:00,70.17449403861818,639.3561607142856,569.1816666666666,10799.99999999,10799.99999999,0.0,True,False
517930,2025-12-26 16:10:00,91.95399403861839,687.7226440476192,595.76865,10799.99999999,10799.99999999,0.0,True,False
517940,2025-12-26 16:20:00,134.70658391957073,733.5362005952381,598.8296166666667,10799.99999999,10799.99999999,0.0,True,False
517950,2025-12-26 16:30:00,195.36529761004687,779.0219642857143,583.6566666666666,10799.99999999,10799.99999999,0.0,True,False
517960,2025-12-26 16:40:00,228.1310874909994,831.0302375000001,602.89915,10799.99999999,10799.99999999,0.0,True,False
517970,2025-12-26 16:50:00,318.8855565386183,857.127956547619,538.2424,10799.99999999,10799.99999999,0.0,True,False
517980,2025-12-26 17:00:00,421.51403272909465,858.5340327380953,437.02,10799.99999999,10799.99999999,0.0,True,False
517990,2025-12-26 17:10:00,395.5005178481422,864.8401845238095,469.33966666666663,10799.99999999,10799.99999999,0.0,True,False
518000,2025-12-26 17:20:00,394.8413309433802,863.6695142857143,468.8281833333333,10799.99999999,10799.99999999,0.0,True,False
518010,2025-12-26 17:30:00,450.35333332433254,861.4683333333332,411.115,10799.99999999,10799.99999999,0.0,True,False
518020,2025-12-26 17:40:00,440.0563601100471,879.0415601190477,438.98519999999996,10799.99999999,10799.99999999,0.0,True,False
518030,2025-12-26 17:50:00,333.657810705285,789.895844047619,456.2380333333333,10799.99999999,10799.99999999,0.0,True,False
518040,2025-12-26 18:00:00,201.18553570528493,644.103869047619,442.91833333333335,10799.99999999,10799.99999999,0.0,True,False
518280,2025-12-26 22:00:00,121.59785715285715,1342.297857142857,387.3666666666666,5920.865545388633,6670.865545378633,749.99999999,False,True
518290,2025-12-26 22:10:00,99.38402679571423,1332.561893452381,399.8445333333333,6670.865545378633,7420.865545369633,749.999999991,False,True
518310,2025-12-26 22:30:00,107.28321429571427,1339.099880952381,398.48333333333335,7515.52318250349,8265.523182493489,749.99999999,False,True
518320,2025-12-26 22:40:00,88.86226072428586,1341.3717273809525,419.17613333333327,8265.523182493489,9015.523182484489,749.999999991,False,True
518330,2025-12-26 22:50:00,105.97426548619033,1350.371782142857,411.0641833333333,9015.523182484489,9765.523182474488,749.99999999,False,True
518340,2025-12-26 23:00:00,142.15101191476185,1357.9110119047618,382.4266666666666,9765.523182474488,10515.523182465487,749.999999991,False,True
518350,2025-12-26 23:10:00,473.7684329081609,1193.3467357142858,403.49294999999995,10515.523182465487,10799.999999991,284.4768175255125,True,False
518360,2025-12-26 23:20:00,938.0124523728521,1360.271869047619,422.25941666666665,10799.999999991,10799.999999991,0.0,True,False
518370,2025-12-26 23:30:00,952.786071420471,1363.9494047619046,411.1633333333333,10799.999999991,10799.999999991,0.0,True,False
518380,2025-12-26 23:40:00,974.1194624918998,1372.7040458333333,398.58458333333334,10799.999999991,10799.999999991,0.0,True,False
518390,2025-12-26 23:50:00,131.52937915856623,541.9360791666666,410.4067,10799.999999991,10799.999999991,0.0,True,False
518400,2025-12-27 00:00:00,118.19797618237592,539.9396428571429,421.7416666666666,10799.999999991,10799.999999991,0.0,True,False
518410,2025-12-27 00:10:00,156.33386844428045,546.0329017857141,389.6990333333333,10799.999999991,10799.999999991,0.0,True,False
518420,2025-12-27 00:20:00,159.58857558713768,552.7763089285713,393.1877333333333,10799.999999991,10799.999999991,0.0,True,False
518430,2025-12-27 00:30:00,110.57619046809018,554.4478571428572,443.87166666666667,10799.999999991,10799.999999991,0.0,True,False
518440,2025-12-27 00:40:00,85.4191595157092,553.4403261904762,468.02116666666666,10799.999999991,10799.999999991,0.0,True,False
518450,2025-12-27 00:50:00,110.7381208252331,556.5237375,445.7856166666666,10799.999999991,10799.999999991,0.0,True,False
518460,2025-12-27 01:00:00,133.45297618237575,562.1146428571427,428.66166666666663,10799.999999991,10799.999999991,0.0,True,False
518470,2025-12-27 01:10:00,83.73380475380443,563.4905047619047,479.75669999999997,10799.999999991,10799.999999991,0.0,True,False
518480,2025-12-27 01:20:00,82.11180653951882,570.1201565476191,488.00834999999995,10799.999999991,10799.999999991,0.0,True,False
518490,2025-12-27 01:30:00,130.94839284904245,578.8050595238094,447.8566666666666,10799.999999991,10799.999999991,0.0,True,False
518500,2025-12-27 01:40:00,116.15942618237577,577.1437261904761,460.98429999999996,10799.999999991,10799.999999991,0.0,True,False
518510,2025-12-27 01:50:00,118.59744463475684,582.1593446428571,463.5619,10799.999999991,10799.999999991,0.0,True,False
518520,2025-12-27 02:00:00,150.68577380142355,594.8374404761905,444.15166666666664,10799.999999991,10799.999999991,0.0,True,False
518530,2025-12-27 02:10:00,136.86486963475673,597.7860863095237,460.9212166666667,10799.999999991,10799.999999991,0.0,True,False
518540,2025-12-27 02:20:00,122.88786427761383,594.4267642857142,471.5389,10799.999999991,10799.999999991,0.0,True,False
518550,2025-12-27 02:30:00,124.09696427761381,593.8419642857141,469.74499999999995,10799.999999991,10799.999999991,0.0,True,False
518560,2025-12-27 02:40:00,109.91262618237576,600.7887595238094,490.8761333333333,10799.999999991,10799.999999991,0.0,True,False
518570,2025-12-27 02:50:00,112.30626844428068,602.6816351190477,490.37536666666665,10799.999999991,10799.999999991,0.0,True,False
518580,2025-12-27 03:00:00,135.22458332523306,599.7345833333334,464.51,10799.999999991,10799.999999991,0.0,True,False
518590,2025-12-27 03:10:00,142.3268529680902,604.4477363095239,462.1208833333333,10799.999999991,10799.999999991,0.0,True,False
518600,2025-12-27 03:20:00,115.05735475380433,610.2628214285713,495.20546666666667,10799.999999991,10799.999999991,0.0,True,False
518610,2025-12-27 03:30:00,75.23279761094724,613.5477976190475,538.3149999999999,10799.999999991,10799.999999991,0.0,True,False
518620,2025-12-27 03:40:00,68.11312558713777,618.0417422619047,549.9286166666666,10799.999999991,10799.999999991,0.0,True,False
518630,2025-12-27 03:50:00,90.6895738014235,625.2116904761905,534.5221166666666,10799.999999991,10799.999999991,0.0,True,False
518640,2025-12-27 04:00:00,120.9758928490426,630.4108928571429,509.435,10799.999999991,10799.999999991,0.0,True,False
518650,2025-12-27 04:10:00,133.20605892047107,627.706625595238,494.50056666666666,10799.999999991,10799.999999991,0.0,True,False
518660,2025-12-27 04:20:00,114.31173094428058,627.4443976190475,513.1326666666666,10799.999999991,10799.999999991,0.0,True,False
518670,2025-12-27 04:30:00,93.91363094428058,634.6686309523809,540.755,10799.999999991,10799.999999991,0.0,True,False
518680,2025-12-27 04:40:00,115.06411844428064,643.2632851190476,528.1991666666667,10799.999999991,10799.999999991,0.0,True,False
518690,2025-12-27 04:50:00,119.98540237285212,641.1113023809525,521.1259,10799.999999991,10799.999999991,0.0,True,False
518700,2025-12-27 05:00:00,98.40107142047097,635.5894047619046,537.1883333333333,10799.999999991,10799.999999991,0.0,True,False
518710,2025-12-27 05:10:00,98.99525118237594,645.3342678571428,546.3390166666666,10799.999999991,10799.999999991,0.0,True,False
518720,2025-12-27 05:20:00,113.67991249189967,651.0856125,537.4057,10799.999999991,10799.999999991,0.0,True,False
518730,2025-12-27 05:30:00,118.29994046809028,638.0316071428572,519.7316666666666,10799.999999991,10799.999999991,0.0,True,False
518740,2025-12-27 05:40:00,111.02561130142345,623.3325946428571,512.3069833333333,10799.999999991,10799.999999991,0.0,True,False
518750,2025-12-27 05:50:00,177.21408213475692,689.2169488095238,512.0028666666666,10799.999999991,10799.999999991,0.0,True,False
518840,2025-12-27 07:20:00,82.48115834946923,735.2031660714287,595.0751666666666,10748.117843041236,10799.999999991,51.88215694976351,True,False
518850,2025-12-27 07:30:00,26.66136903951851,681.6347023809521,654.9733333333334,10799.999999991,10799.999999991,0.0,True,False
518860,2025-12-27 07:40:00,812.4086220157092,1451.5759720238093,639.1673499999999,10799.999999991,10799.999999991,0.0,True,False
518870,2025-12-27 07:50:00,43.55797975380444,663.7785464285714,620.2205666666666,10799.999999991,10799.999999991,0.0,True,False
519350,2025-12-27 15:50:00,29.586288681475573,601.8675386904763,572.28125,10799.99999999,10799.99999999,0.0,True,False
519360,2025-12-27 16:00:00,55.46907737195162,642.4790773809523,587.01,10799.99999999,10799.99999999,0.0,True,False
519370,2025-12-27 16:10:00,93.5184946338567,690.790761309524,597.2722666666666,10799.99999999,10799.99999999,0.0,True,False
519380,2025-12-27 16:20:00,153.81624939576122,735.7187660714286,581.9025166666667,10799.99999999,10799.99999999,0.0,True,False
519390,2025-12-27 16:30:00,210.27449403861834,780.2644940476191,569.99,10799.99999999,10799.99999999,0.0,True,False
519400,2025-12-27 16:40:00,233.61558272909465,833.751349404762,600.1357666666667,10799.99999999,10799.99999999,0.0,True,False
519410,2025-12-27 16:50:00,304.65809165766564,859.4411416666663,554.78305,10799.99999999,10799.99999999,0.0,True,False
519420,2025-12-27 17:00:00,399.5729910624278,858.7646577380951,459.19166666666666,10799.99999999,10799.99999999,0.0,True,False
519430,2025-12-27 17:10:00,401.71202320528494,865.5588232142857,463.84680000000003,10799.99999999,10799.99999999,0.0,True,False
519440,2025-12-27 17:20:00,370.4213648719517,863.894931547619,493.4735666666666,10799.99999999,10799.99999999,0.0,True,False
519450,2025-12-27 17:30:00,377.7662499909994,860.0295833333334,482.2633333333333,10799.99999999,10799.99999999,0.0,True,False
519460,2025-12-27 17:40:00,432.88905177671364,878.9622851190477,446.07323333333335,10799.99999999,10799.99999999,0.0,True,False
519470,2025-12-27 17:50:00,338.4870452290947,790.1910952380954,451.70404999999994,10799.99999999,10799.99999999,0.0,True,False
519480,2025-12-27 18:00:00,158.5724999909992,643.7908333333332,485.2183333333333,10799.99999999,10799.99999999,0.0,True,False
519720,2025-12-27 22:00:00,132.20773810523815,1343.5260714285714,377.98499999999996,5775.099745481221,6525.0997454712215,749.99999999,False,True
519730,2025-12-27 22:10:00,140.2069577480952,1333.8062577380952,360.26596666666666,6525.0997454712215,7275.099745462221,749.999999991,False,True
519750,2025-12-27 22:30:00,83.54803572428567,1341.1147023809524,424.23333333333335,7390.864333667507,8140.864333658506,749.999999991,False,True
519760,2025-12-27 22:40:00,70.6199392957145,1342.6075226190478,438.65424999999993,8140.864333658506,8890.864333649506,749.999999991,False,True
519770,2025-12-27 22:50:00,96.11487441476184,1350.5511244047618,421.1029166666666,8890.864333649506,9640.864333640506,749.999999991,False,True
519780,2025-12-27 23:00:00,132.72958334333327,1357.71625,391.6533333333333,9640.864333640506,10390.864333630505,749.99999999,False,True
519790,2025-12-27 23:10:00,355.23920325024363,1193.6232047619048,383.78881666666666,10390.864333630505,10799.999999991,409.13566636049507,True,False
519800,2025-12-27 23:20:00,955.8444517776143,1361.5213851190479,405.6769333333333,10799.999999991,10799.999999991,0.0,True,False
519810,2025-12-27 23:30:00,943.2015476109474,1365.5282142857143,422.32666666666665,10799.999999991,10799.999999991,0.0,True,False
519820,2025-12-27 23:40:00,973.4553970157094,1372.9804136904763,399.5250166666666,10799.999999991,10799.999999991,0.0,True,False
519830,2025-12-27 23:50:00,95.24972022999489,541.5267535714286,446.27703333333335,10799.999999991,10799.999999991,0.0,True,False
