调减发生时间,被调减的交付段起点,调减电量_kWh,发生时电价_元每kWh,违约单价_元每kWh,违约费_元
2025-02-01T06:00:00,2025-02-01T06:00:00,29.19956741263303,0.9099,0.45495,13.284343194377398
2025-02-01T06:00:00,2025-02-01T06:20:00,27.55649629073349,0.9099,0.45495,12.536827987469202
2025-02-01T06:00:00,2025-02-01T06:30:00,26.628598173746695,0.9099,0.45495,12.11468073914606
2025-02-01T06:00:00,2025-02-01T06:40:00,26.007774702320603,0.9099,0.45495,11.832237100820759
2025-02-01T06:00:00,2025-02-01T06:50:00,25.21462369383596,0.9099,0.45495,11.47139304951067
2025-02-01T06:00:00,2025-02-01T07:00:00,28.233312383888062,0.9099,0.45495,12.844745469049874
2025-02-01T06:00:00,2025-02-01T07:10:00,27.200257747610976,0.9099,0.45495,12.374757262275613
2025-02-01T06:00:00,2025-02-01T07:20:00,26.15958799342826,0.9099,0.45495,11.901304557610187
2025-02-01T06:00:00,2025-02-01T07:30:00,32.53695606783185,0.9099,0.45495,14.802688163060102
2025-02-01T06:00:00,2025-02-01T07:40:00,39.726976274429944,0.9099,0.45495,18.073787856051904
2025-02-01T06:00:00,2025-02-01T15:00:00,94.36445593152072,0.9099,0.45495,42.93110922604536
2025-02-01T06:00:00,2025-02-01T15:10:00,134.90081782635298,0.9099,0.45495,61.37312707009929
2025-02-01T06:00:00,2025-02-01T15:20:00,94.74026040535875,0.9099,0.45495,43.10208147141797
2025-02-01T06:00:00,2025-02-01T15:30:00,95.01353917258535,0.9099,0.45495,43.22640964656771
2025-02-01T06:00:00,2025-02-01T15:40:00,95.28264883542363,0.9099,0.45495,43.34884108767598
2025-02-01T06:00:00,2025-02-01T15:50:00,95.59202896046952,0.9099,0.45495,43.48959357556561
2025-02-01T06:00:00,2025-02-01T16:00:00,15.851550816904876,0.9099,0.45495,7.211663044150874
2025-02-01T06:00:00,2025-02-01T16:10:00,16.170595841762065,0.9099,0.45495,7.356812578209651
2025-02-01T06:00:00,2025-02-01T16:20:00,16.478652996220887,0.9099,0.45495,7.496963180630693
2025-02-01T06:00:00,2025-02-01T16:30:00,16.791142330415823,0.9099,0.45495,7.639130203222679
2025-02-01T06:00:00,2025-02-01T16:40:00,17.100608138505834,0.9099,0.45495,7.779921672613229
2025-02-01T06:00:00,2025-02-01T16:50:00,17.39189832609759,0.9099,0.45495,7.9124441434580985
2025-02-01T06:00:00,2025-02-01T17:00:00,4.125425464715363,0.9099,0.45495,1.8768623151722545
2025-02-01T06:00:00,2025-02-01T17:10:00,4.3326872518353525,0.9099,0.45495,1.9711560652224938
2025-02-01T06:00:00,2025-02-01T17:20:00,4.31018440455648,0.9099,0.45495,1.960918394852971
2025-02-01T06:00:00,2025-02-01T17:30:00,4.192104649068938,0.9099,0.45495,1.9071980100939134
2025-02-01T06:00:00,2025-02-01T17:40:00,4.071353575458431,0.9099,0.45495,1.8522623091548134
2025-02-01T06:00:00,2025-02-01T17:50:00,3.9655610874348213,0.9099,0.45495,1.804132016728472
2025-02-01T06:00:00,2025-02-01T21:00:00,2.33934172892657,0.9099,0.45495,1.064283519575143
2025-02-01T06:00:00,2025-02-01T21:10:00,2.2752542390589383,0.9099,0.45495,1.035126916059864
2025-02-01T06:00:00,2025-02-01T21:20:00,2.2129224594867196,0.9099,0.45495,1.006769072943483
2025-02-01T06:00:00,2025-02-01T21:30:00,2.1522982916081332,0.9099,0.45495,0.9791881077671203
2025-02-01T06:00:00,2025-02-01T21:40:00,349.29443303997937,0.9099,0.45495,158.9115023115386
2025-02-01T06:00:00,2025-02-01T22:00:00,1.9802100218103078,0.9099,0.45495,0.9008965494225996
2025-02-01T06:00:00,2025-02-01T22:10:00,1.9259611328434403,0.9099,0.45495,0.8762160173871232
2025-02-01T06:00:00,2025-02-01T22:30:00,1.8218811703595748,0.9099,0.45495,0.8288648384550886
2025-02-01T06:00:00,2025-02-01T22:40:00,1.7719697830657424,0.9099,0.45495,0.8061576528057596
2025-02-01T06:00:00,2025-02-01T22:50:00,1.723425744324686,0.9099,0.45495,0.7840725423805159
2025-02-01T06:00:00,2025-02-01T23:00:00,1.676211594907727,0.9099,0.45495,0.7625924651032704
2025-02-01T06:00:00,2025-02-01T23:20:00,1.585628230094244,0.9099,0.45495,0.7213815632813763
2025-02-01T06:00:00,2025-02-01T23:30:00,1.5421891156317997,0.9099,0.45495,0.7016189381566873
2025-02-01T06:00:00,2025-02-01T23:40:00,1.4999400384235742,0.9099,0.45495,0.682397720480805
2025-02-01T12:00:00,2025-02-01T16:40:00,9.829230414235212,0.4432,0.2216,2.178157459794523
2025-02-01T12:00:00,2025-02-01T16:50:00,7.105241763109063,0.4432,0.2216,1.5745215747049683
2025-02-01T12:00:00,2025-02-01T17:00:00,13.757003980296076,0.4432,0.2216,3.0485520820336105
2025-02-01T12:00:00,2025-02-01T17:10:00,11.5668329983896,0.4432,0.2216,2.5632101924431354
2025-02-01T12:00:00,2025-02-01T17:20:00,10.705347023585318,0.4432,0.2216,2.3723049004265064
2025-02-01T12:00:00,2025-02-01T17:30:00,10.412068444223678,0.4432,0.2216,2.3073143672399667
2025-02-01T12:00:00,2025-02-01T17:40:00,10.160262665173775,0.4432,0.2216,2.2515142066025087
2025-02-01T12:00:00,2025-02-01T17:50:00,9.84939473571876,0.4432,0.2216,2.1826258734352773
2025-02-01T12:00:00,2025-02-01T18:00:00,187.75586131555116,0.4432,0.2216,41.606698867526134
2025-02-01T12:00:00,2025-02-01T20:50:00,362.6149355040351,0.4432,0.2216,80.35546970769417
2025-02-01T12:00:00,2025-02-01T21:50:00,7.0928348182860645,0.4432,0.2216,1.5717721957321917
2025-02-01T12:00:00,2025-02-01T22:00:00,4.918312877901371,0.4432,0.2216,1.0898981337429439
2025-02-01T12:00:00,2025-02-01T22:10:00,4.783573124905843,0.4432,0.2216,1.0600398044791346
2025-02-01T12:00:00,2025-02-01T22:30:00,4.525066292712609,0.4432,0.2216,1.0027546904651141
2025-02-01T12:00:00,2025-02-01T22:40:00,4.401099735540583,0.4432,0.2216,0.9752837013957932
2025-02-01T12:00:00,2025-02-01T22:50:00,4.280529307022334,0.4432,0.2216,0.9485652944361492
2025-02-01T12:00:00,2025-02-01T23:00:00,4.1632619684376095,0.4432,0.2216,0.9225788522057743
2025-02-01T12:00:00,2025-02-01T23:20:00,3.9382770805830205,0.4432,0.2216,0.8727222010571973
2025-02-01T12:00:00,2025-02-01T23:30:00,3.8303859206998823,0.4432,0.2216,0.8488135200270939
2025-02-01T12:00:00,2025-02-01T23:40:00,3.7254504955560606,0.4432,0.2216,0.825559829815223
2025-02-01T18:00:00,2025-02-01T21:40:00,130.95175852083435,1.2313,0.61565,80.62045013335167
2025-02-01T18:00:00,2025-02-01T22:00:00,1.060801276629718,1.2313,0.61565,0.6530823059570858
2025-02-01T18:00:00,2025-02-01T22:10:00,1.0317400709807316,1.2313,0.61565,0.6351907746992874
2025-02-01T18:00:00,2025-02-01T22:30:00,0.9759842895948623,1.2313,0.61565,0.600864727889077
2025-02-01T18:00:00,2025-02-01T22:40:00,0.9492466896551832,1.2313,0.61565,0.5844037244862136
2025-02-01T18:00:00,2025-02-01T22:50:00,0.9232415802464402,1.2313,0.61565,0.5683936788787209
2025-02-01T18:00:00,2025-02-01T23:00:00,0.8979488944078184,1.2313,0.61565,0.5528222368421735
2025-02-01T18:00:00,2025-02-01T23:20:00,0.8494232592593107,1.2313,0.61565,0.5229474295629947
2025-02-01T18:00:00,2025-02-01T23:30:00,0.8261528649222782,1.2313,0.61565,0.5086210112894006
2025-02-01T18:00:00,2025-02-01T23:40:00,0.8035199752059725,1.2313,0.61565,0.494687072735557
2025-02-02T06:00:00,2025-02-02T06:00:00,46.13418688739,0.9099,0.45495,20.988748324418083
2025-02-02T06:00:00,2025-02-02T06:20:00,43.752843140529535,0.9099,0.45495,19.905355986783913
2025-02-02T06:00:00,2025-02-02T06:30:00,42.23027978751361,0.9099,0.45495,19.212665789329318
2025-02-02T06:00:00,2025-02-02T06:40:00,41.317261227616655,0.9099,0.45495,18.7972879955042
2025-02-02T06:00:00,2025-02-02T06:50:00,40.13207565500852,0.9099,0.45495,18.25808781924613
2025-02-02T06:00:00,2025-02-02T07:00:00,29.08322608780577,0.9099,0.45495,13.231413708647235
2025-02-02T06:00:00,2025-02-02T07:30:00,31.102536023583298,0.9099,0.45495,14.150098763929222
2025-02-02T06:00:00,2025-02-02T07:50:00,27.934748411061605,0.9099,0.45495,12.708913789612478
2025-02-02T06:00:00,2025-02-02T08:00:00,13.948892369292935,0.9099,0.45495,6.346048583409821
2025-02-02T06:00:00,2025-02-02T08:10:00,23.72978757698479,0.9099,0.45495,10.795866858149232
2025-02-02T06:00:00,2025-02-02T08:20:00,22.43529035545623,0.9099,0.45495,10.206935347214813
2025-02-02T06:00:00,2025-02-02T08:30:00,21.165531061522074,0.9099,0.45495,9.629258356439468
2025-02-02T06:00:00,2025-02-02T08:40:00,19.857150583086195,0.9099,0.45495,9.034010657775065
2025-02-02T06:00:00,2025-02-02T08:50:00,18.625403459786185,0.9099,0.45495,8.473627304029725
2025-02-02T06:00:00,2025-02-02T09:00:00,101.35643287999665,0.9099,0.45495,46.11210913875448
2025-02-02T06:00:00,2025-02-02T09:10:00,78.40280897884873,0.9099,0.45495,35.66935794492723
2025-02-02T06:00:00,2025-02-02T09:20:00,39.517845533108925,0.9099,0.45495,17.978643825287907
2025-02-02T06:00:00,2025-02-02T11:00:00,923.5064835245893,0.9099,0.45495,420.1492746795119
2025-02-02T06:00:00,2025-02-02T11:10:00,107.91648345527574,0.9099,0.45495,49.0966041479777
2025-02-02T06:00:00,2025-02-02T11:20:00,173.12644665920675,0.9099,0.45495,78.76387690760612
2025-02-02T06:00:00,2025-02-02T11:30:00,106.83597037327604,0.9099,0.45495,48.60502472132194
2025-02-02T06:00:00,2025-02-02T11:40:00,106.1767912819164,0.9099,0.45495,48.305131193707865
2025-02-02T06:00:00,2025-02-02T11:50:00,105.63528955023617,0.9099,0.45495,48.058774980879946
2025-02-02T06:00:00,2025-02-02T12:20:00,44.992736616193724,0.9099,0.45495,20.469445523537335
2025-02-02T06:00:00,2025-02-02T12:30:00,0.011691652932654506,0.9099,0.45495,0.005319117501711167
2025-02-02T06:00:00,2025-02-02T12:50:00,356.83747975510715,0.9099,0.45495,162.343211414586
2025-02-02T06:00:00,2025-02-02T13:00:00,65.1308901867601,0.9099,0.45495,29.63129849046651
2025-02-02T06:00:00,2025-02-02T13:10:00,64.74590167302358,0.9099,0.45495,29.45614796614208
2025-02-02T06:00:00,2025-02-02T13:20:00,64.4732341402115,0.9099,0.45495,29.332097872089225
2025-02-02T06:00:00,2025-02-02T13:30:00,64.32042212779584,0.9099,0.45495,29.262576047040717
2025-02-02T06:00:00,2025-02-02T13:40:00,64.0861055815734,0.9099,0.45495,29.155973734336822
2025-02-02T06:00:00,2025-02-02T15:00:00,5.850176713235214,0.9099,0.45495,2.6615378956863607
2025-02-02T06:00:00,2025-02-02T15:10:00,5.945645352176371,0.9099,0.45495,2.70497135297264
2025-02-02T06:00:00,2025-02-02T15:20:00,6.0789097205911276,0.9099,0.45495,2.7655999773829336
2025-02-02T06:00:00,2025-02-02T16:40:00,0.16397884843775046,0.9099,0.45495,0.07460217709675457
2025-02-02T06:00:00,2025-02-02T16:50:00,10.163451616504176,0.9099,0.45495,4.623862312928575
2025-02-02T06:00:00,2025-02-02T17:00:00,6.551674442405442,0.9099,0.45495,2.9806842875723563
2025-02-02T06:00:00,2025-02-02T17:10:00,6.721968091028884,0.9099,0.45495,3.058159383013591
2025-02-02T06:00:00,2025-02-02T17:20:00,6.647414529884827,0.9099,0.45495,3.024241240371102
2025-02-02T06:00:00,2025-02-02T17:30:00,6.465305133014681,0.9099,0.45495,2.941390570265029
2025-02-02T06:00:00,2025-02-02T17:40:00,6.2817979592250595,0.9099,0.45495,2.857903981549441
2025-02-02T06:00:00,2025-02-02T17:50:00,6.115916609946794,0.9099,0.45495,2.782436261695294
2025-02-02T06:00:00,2025-02-02T18:00:00,5.948367876504449,0.9099,0.45495,2.7062099654156992
2025-02-02T06:00:00,2025-02-02T20:50:00,3.709490936178213,0.9099,0.45495,1.6876329014142781
2025-02-02T06:00:00,2025-02-02T21:00:00,3.607867492349669,0.9099,0.45495,1.6413993156444822
2025-02-02T06:00:00,2025-02-02T21:10:00,3.509028075901824,0.9099,0.45495,1.596432323131535
2025-02-02T06:00:00,2025-02-02T21:20:00,3.4128964169490246,0.9099,0.45495,1.5526972248909587
2025-02-02T06:00:00,2025-02-02T21:30:00,3.3193983350589633,0.9099,0.45495,1.5101602725350753
2025-02-02T06:00:00,2025-02-02T21:40:00,362.9196816820145,0.9099,0.45495,165.1103091812325
2025-02-02T06:00:00,2025-02-02T22:00:00,3.053993898100998,0.9099,0.45495,1.3894145239410491
2025-02-02T06:00:00,2025-02-02T22:10:00,2.9703281383790454,0.9099,0.45495,1.3513507865555467
2025-02-02T06:00:00,2025-02-02T22:30:00,2.8098100282597898,0.9099,0.45495,1.2783230723567913
2025-02-02T06:00:00,2025-02-02T22:40:00,2.7328338133318084,0.9099,0.45495,1.2433027433753063
2025-02-02T06:00:00,2025-02-02T22:50:00,2.6579664020616747,0.9099,0.45495,1.2092418146179589
2025-02-02T06:00:00,2025-02-02T23:00:00,2.5851500226697226,0.9099,0.45495,1.1761140028135904
2025-02-02T06:00:00,2025-02-02T23:20:00,2.445447142489229,0.9099,0.45495,1.1125561774754749
2025-02-02T06:00:00,2025-02-02T23:30:00,2.378452839336205,0.9099,0.45495,1.0820771192560066
2025-02-02T06:00:00,2025-02-02T23:40:00,2.3132938801484215,0.9099,0.45495,1.0524330507735244
2025-02-02T12:00:00,2025-02-02T12:00:00,83.51061426302567,0.4432,0.2216,18.505952120686487
2025-02-02T12:00:00,2025-02-02T12:10:00,81.71349706350134,0.4432,0.2216,18.107710949271894
2025-02-02T12:00:00,2025-02-02T12:20:00,35.07364872973835,0.4432,0.2216,7.772320558510018
2025-02-02T12:00:00,2025-02-02T12:30:00,78.52698923629157,0.4432,0.2216,17.401580814762212
2025-02-02T12:00:00,2025-02-02T12:40:00,77.00183885980482,0.4432,0.2216,17.063607491332746
2025-02-02T12:00:00,2025-02-02T15:00:00,22.845356753092346,0.4432,0.2216,5.0625310564852635
2025-02-02T12:00:00,2025-02-02T15:10:00,20.0350770159082,0.4432,0.2216,4.439773066725257
2025-02-02T12:00:00,2025-02-02T15:20:00,17.040521123725966,0.4432,0.2216,3.776179481017674
2025-02-02T12:00:00,2025-02-02T18:10:00,1.0923278209106684,0.4432,0.2216,0.2420598451138041
2025-02-02T12:00:00,2025-02-02T20:50:00,6.296357820284925,0.4432,0.2216,1.3952728929751392
2025-02-02T12:00:00,2025-02-02T21:00:00,6.123865805535274,0.4432,0.2216,1.3570486625066167
2025-02-02T12:00:00,2025-02-02T21:10:00,5.9560992997232916,0.4432,0.2216,1.3198716048186814
2025-02-02T12:00:00,2025-02-02T21:20:00,5.792928845060487,0.4432,0.2216,1.283713032065404
2025-02-02T12:00:00,2025-02-02T21:30:00,5.634228530322275,0.4432,0.2216,1.2485450423194162
2025-02-02T12:00:00,2025-02-02T21:40:00,5.479875893687847,0.4432,0.2216,1.214340498041227
2025-02-02T12:00:00,2025-02-02T21:50:00,120.86759478103181,0.4432,0.2216,26.78425900347665
2025-02-02T12:00:00,2025-02-02T22:00:00,5.183740490068203,0.4432,0.2216,1.1487168925991138
2025-02-02T12:00:00,2025-02-02T22:10:00,5.041729208849574,0.4432,0.2216,1.1172471926810656
2025-02-02T12:00:00,2025-02-02T22:30:00,4.769271484775118,0.4432,0.2216,1.056870561026166
2025-02-02T12:00:00,2025-02-02T22:40:00,4.63861479867569,0.4432,0.2216,1.0279170393865327
2025-02-02T12:00:00,2025-02-02T22:50:00,4.511537520809725,0.4432,0.2216,0.999756714611435
2025-02-02T12:00:00,2025-02-02T23:00:00,4.387941591418212,0.4432,0.2216,0.9723678566582757
2025-02-02T12:00:00,2025-02-02T23:20:00,4.150814897411692,0.4432,0.2216,0.919820581266431
2025-02-02T12:00:00,2025-02-02T23:30:00,4.0371011529041425,0.4432,0.2216,0.8946216154835579
2025-02-02T12:00:00,2025-02-02T23:40:00,3.9265026558859972,0.4432,0.2216,0.8701129885443369
2025-02-02T18:00:00,2025-02-02T18:50:00,117.75705178280657,1.2313,0.61565,72.49712893008487
2025-02-02T18:00:00,2025-02-02T20:50:00,11.167794650324026,1.2313,0.61565,6.875452776471987
2025-02-02T18:00:00,2025-02-02T22:00:00,9.194355048746957,1.2313,0.61565,5.660504685761064
2025-02-02T18:00:00,2025-02-02T22:10:00,8.94247088460861,1.2313,0.61565,5.505432200109292
2025-02-02T18:00:00,2025-02-02T22:30:00,8.45921500871873,1.2313,0.61565,5.207915720117686
2025-02-02T18:00:00,2025-02-02T22:40:00,8.227470390369717,1.2313,0.61565,5.0652421458311165
2025-02-02T18:00:00,2025-02-02T22:50:00,8.002074537015687,1.2313,0.61565,4.926477188713708
2025-02-02T18:00:00,2025-02-02T23:00:00,7.782853520920071,1.2313,0.61565,4.791513770154442
2025-02-02T18:00:00,2025-02-02T23:20:00,7.362263983228786,1.2313,0.61565,4.532577821274803
2025-02-02T18:00:00,2025-02-02T23:30:00,7.160570911800733,1.2313,0.61565,4.408405481850121
2025-02-02T18:00:00,2025-02-02T23:40:00,6.964403327526497,1.2313,0.61565,4.287634908591689
2025-02-03T06:00:00,2025-02-03T06:00:00,307.70705733025056,0.9099,0.45495,139.9913257323975
2025-02-03T06:00:00,2025-02-03T06:10:00,503.7712475266585,0.9099,0.45495,229.1907290622533
2025-02-03T06:00:00,2025-02-03T06:20:00,28.932922871719256,0.9099,0.45495,13.163033260488676
2025-02-03T06:00:00,2025-02-03T06:30:00,27.746071292326974,0.9099,0.45495,12.623075134444157
2025-02-03T06:00:00,2025-02-03T06:40:00,27.34776410548966,0.9099,0.45495,12.441865279792522
2025-02-03T06:00:00,2025-02-03T06:50:00,26.582702305817293,0.9099,0.45495,12.093800414031579
2025-02-03T06:00:00,2025-02-03T07:00:00,292.8407550742136,0.9099,0.45495,133.22790152101348
2025-02-03T06:00:00,2025-02-03T07:10:00,75.99713095618256,0.9099,0.45495,34.574894728515254
2025-02-03T06:00:00,2025-02-03T07:20:00,58.965037120665556,0.9099,0.45495,26.826143638046798
2025-02-03T06:00:00,2025-02-03T07:30:00,57.939390878911354,0.9099,0.45495,26.35952588036072
2025-02-03T06:00:00,2025-02-03T07:50:00,47.01998646211723,0.9099,0.45495,21.391742840940235
2025-02-03T06:00:00,2025-02-03T08:00:00,57.95951721606298,0.9099,0.45495,26.368682357447852
2025-02-03T06:00:00,2025-02-03T08:10:00,45.851650582087245,0.9099,0.45495,20.860208432320594
2025-02-03T06:00:00,2025-02-03T08:20:00,44.88782860199058,0.9099,0.45495,20.421717622475615
2025-02-03T06:00:00,2025-02-03T08:30:00,43.92261836749867,0.9099,0.45495,19.982595226293522
2025-02-03T06:00:00,2025-02-03T08:40:00,42.935003863301745,0.9099,0.45495,19.53328000760913
2025-02-03T06:00:00,2025-02-03T08:50:00,15.711848872163614,0.9099,0.45495,7.148105644390837
2025-02-03T06:00:00,2025-02-03T11:00:00,46.49754453954051,0.9099,0.45495,21.154057888263956
2025-02-03T06:00:00,2025-02-03T11:10:00,95.36602952546014,0.9099,0.45495,43.38677513260809
2025-02-03T06:00:00,2025-02-03T11:20:00,94.9880479139299,0.9099,0.45495,43.21481239844241
2025-02-03T06:00:00,2025-02-03T11:30:00,94.54848864429846,0.9099,0.45495,43.014834908723586
2025-02-03T06:00:00,2025-02-03T11:40:00,94.11562589649066,0.9099,0.45495,42.817904001608426
2025-02-03T06:00:00,2025-02-03T11:50:00,93.76653381148742,0.9099,0.45495,42.659084557536204
2025-02-03T06:00:00,2025-02-03T12:20:00,18.661830141082305,0.9099,0.45495,8.490199622685395
2025-02-03T06:00:00,2025-02-03T12:30:00,0.011315425201701146,0.9099,0.45495,0.005147952695513936
2025-02-03T06:00:00,2025-02-03T12:50:00,18.16251145582123,0.9099,0.45495,8.263034586825869
2025-02-03T06:00:00,2025-02-03T13:00:00,69.82593737309162,0.9099,0.45495,31.767310207888034
2025-02-03T06:00:00,2025-02-03T13:10:00,240.05849914563532,0.9099,0.45495,109.21461418630679
2025-02-03T06:00:00,2025-02-03T13:20:00,69.53465551355555,0.9099,0.45495,31.634791525892098
2025-02-03T06:00:00,2025-02-03T13:30:00,69.53911420254917,0.9099,0.45495,31.636820006449746
2025-02-03T06:00:00,2025-02-03T13:40:00,197.6301084391073,0.9099,0.45495,89.91181783437186
2025-02-03T06:00:00,2025-02-03T13:50:00,46.893426224284575,0.9099,0.45495,21.33416426073827
2025-02-03T06:00:00,2025-02-03T15:00:00,20.456182605095364,0.9099,0.45495,9.306540276188136
2025-02-03T06:00:00,2025-02-03T15:10:00,20.735478263113237,0.9099,0.45495,9.433605835803368
2025-02-03T06:00:00,2025-02-03T15:20:00,21.019091194515568,0.9099,0.45495,9.562635538944859
2025-02-03T06:00:00,2025-02-03T15:30:00,20.95858881707909,0.9099,0.45495,9.535109982330132
2025-02-03T06:00:00,2025-02-03T16:00:00,1.9211954185279865,0.9099,0.45495,0.8740478556593075
2025-02-03T06:00:00,2025-02-03T16:10:00,2.281291742018425,0.9099,0.45495,1.0378736780312825
2025-02-03T06:00:00,2025-02-03T16:20:00,2.6278033781156864,0.9099,0.45495,1.1955191468737316
2025-02-03T06:00:00,2025-02-03T16:30:00,2.971731438343113,0.9099,0.45495,1.3519892178741992
2025-02-03T06:00:00,2025-02-03T16:40:00,3.330002358244883,0.9099,0.45495,1.5149845728835096
2025-02-03T06:00:00,2025-02-03T16:50:00,3.668135025211768,0.9099,0.45495,1.668818029720094
2025-02-03T06:00:00,2025-02-03T17:00:00,3.646898773815792,0.9099,0.45495,1.6591565971474946
2025-02-03T06:00:00,2025-02-03T17:10:00,3.9239559691120576,0.9099,0.45495,1.7852037681475306
2025-02-03T06:00:00,2025-02-03T17:20:00,3.9430822718256877,0.9099,0.45495,1.7939052795670967
2025-02-03T06:00:00,2025-02-03T17:30:00,3.8350594712173915,0.9099,0.45495,1.7447603064303523
2025-02-03T06:00:00,2025-02-03T17:40:00,3.723283304072993,0.9099,0.45495,1.6939077391880082
2025-02-03T06:00:00,2025-02-03T17:50:00,3.627810820615764,0.9099,0.45495,1.6504725328391419
2025-02-03T06:00:00,2025-02-03T18:00:00,3.528425046263351,0.9099,0.45495,1.6052569747975116
2025-02-03T06:00:00,2025-02-03T18:10:00,3.4312800769772593,0.9099,0.45495,1.5610608710208043
2025-02-03T06:00:00,2025-02-03T18:20:00,3.3377470828406786,0.9099,0.45495,1.5185080353383669
2025-02-03T06:00:00,2025-02-03T18:30:00,3.246307756252804,0.9099,0.45495,1.4769077137072133
2025-02-03T06:00:00,2025-02-03T18:40:00,3.157338871891966,0.9099,0.45495,1.43643131976725
2025-02-03T06:00:00,2025-02-03T20:50:00,2.200378490341677,0.9099,0.45495,1.001062194180946
2025-02-03T06:00:00,2025-02-03T21:00:00,2.1400979710566617,0.9099,0.45495,0.9736375719322282
2025-02-03T06:00:00,2025-02-03T21:10:00,2.0814688681174403,0.9099,0.45495,0.9469642615500294
2025-02-03T06:00:00,2025-02-03T21:20:00,2.024445940109331,0.9099,0.45495,0.9210216804527401
2025-02-03T06:00:00,2025-02-03T21:30:00,1.9689851850303057,0.9099,0.45495,0.8957898099295376
2025-02-03T06:00:00,2025-02-03T21:40:00,1.9150438063362571,0.9099,0.45495,0.8712491796926802
2025-02-03T06:00:00,2025-02-03T22:00:00,1.8115538219749396,0.9099,0.45495,0.8241664113074988
2025-02-03T06:00:00,2025-02-03T22:10:00,1.7619253577902327,0.9099,0.45495,0.8015879415266665
2025-02-03T06:00:00,2025-02-03T22:30:00,1.6667099757087271,0.9099,0.45495,0.7582697034486855
2025-02-03T06:00:00,2025-02-03T22:40:00,1.6210495844284196,0.9099,0.45495,0.7374965084357096
2025-02-03T06:00:00,2025-02-03T22:50:00,1.5766400834427259,0.9099,0.45495,0.7172924059622682
2025-02-03T06:00:00,2025-02-03T23:00:00,1.5334472039576212,0.9099,0.45495,0.6976418054405198
2025-02-03T06:00:00,2025-02-03T23:20:00,1.4505789026522962,0.9099,0.45495,0.6599408717616622
2025-02-03T06:00:00,2025-02-03T23:30:00,1.4108395351302079,0.9099,0.45495,0.6418614465074881
2025-02-03T06:00:00,2025-02-03T23:40:00,1.372188848360338,0.9099,0.45495,0.6242773165615357
2025-02-03T12:00:00,2025-02-03T12:00:00,70.64374003401713,0.4432,0.2216,15.654652791538195
2025-02-03T12:00:00,2025-02-03T12:10:00,69.80371447289713,0.4432,0.2216,15.468503127194003
2025-02-03T12:00:00,2025-02-03T12:20:00,50.47296454861396,0.4432,0.2216,11.184808943972852
2025-02-03T12:00:00,2025-02-03T12:30:00,68.73914442629598,0.4432,0.2216,15.23259440486719
2025-02-03T12:00:00,2025-02-03T12:40:00,68.22937119177004,0.4432,0.2216,15.119628656096241
2025-02-03T12:00:00,2025-02-03T15:00:00,5.499261867913447,0.4432,0.2216,1.2186364299296197
2025-02-03T12:00:00,2025-02-03T15:10:00,2.6881001902115713,0.4432,0.2216,0.5956830021508842
2025-02-03T12:00:00,2025-02-03T21:50:00,1.641739549324143,0.4432,0.2216,0.36380948413023007
2025-02-03T18:00:00,2025-02-03T20:50:00,0.4807375709211783,1.2313,0.61565,0.29596608553762344
2025-02-03T18:00:00,2025-02-03T21:00:00,0.253745095407794,1.2313,0.61565,0.15621816798780838
2025-02-03T18:00:00,2025-02-03T21:10:00,0.24679361583991977,1.2313,0.61565,0.1519384895918466
2025-02-03T18:00:00,2025-02-03T21:20:00,0.24003257568972458,1.2313,0.61565,0.14777605522337894
2025-02-03T18:00:00,2025-02-03T21:30:00,0.23345675776954522,1.2313,0.61565,0.14372765292082051
2025-02-03T18:00:00,2025-02-03T21:40:00,0.22706108781972034,1.2313,0.61565,0.13979015871621084
2025-02-03T18:00:00,2025-02-03T22:00:00,0.18099676953738708,1.2313,0.61565,0.11143066116569236
2025-02-03T18:00:00,2025-02-03T22:10:00,0.17603826839558678,1.2313,0.61565,0.108377959937743
2025-02-03T18:00:00,2025-02-03T22:30:00,0.1665250668788758,1.2313,0.61565,0.1025211574239799
2025-02-03T18:00:00,2025-02-03T22:40:00,0.16196302559865217,1.2313,0.61565,0.09971253670981021
2025-02-03T18:00:00,2025-02-03T22:50:00,0.15752596382435513,1.2313,0.61565,0.09698085962846424
2025-02-03T18:00:00,2025-02-03T23:00:00,0.15321045767768737,1.2313,0.61565,0.09432401826926824
2025-02-03T18:00:00,2025-02-03T23:20:00,0.14493088317567526,1.2313,0.61565,0.08922669822710448
2025-02-03T18:00:00,2025-02-03T23:30:00,0.14096042584924362,1.2313,0.61565,0.08678228617408684
2025-02-03T18:00:00,2025-02-03T23:40:00,0.13709874127721378,1.2313,0.61565,0.08440484006731666
2025-02-04T06:00:00,2025-02-04T06:00:00,38.32811734056679,0.9099,0.45495,17.437376984090864
2025-02-04T06:00:00,2025-02-04T06:10:00,41.608191550848915,0.9099,0.45495,18.929646746058715
2025-02-04T06:00:00,2025-02-04T06:20:00,91.42377292362062,0.9099,0.45495,41.5932454916012
2025-02-04T06:00:00,2025-02-04T06:30:00,284.27994526853473,0.9099,0.45495,129.3331610999199
2025-02-04T06:00:00,2025-02-04T06:40:00,40.96468276404039,0.9099,0.45495,18.636882423500175
2025-02-04T06:00:00,2025-02-04T06:50:00,39.79445129832288,0.9099,0.45495,18.104485618171996
2025-02-04T06:00:00,2025-02-04T07:00:00,41.02385174057747,0.9099,0.45495,18.66380134937572
2025-02-04T06:00:00,2025-02-04T07:10:00,39.648016362212616,0.9099,0.45495,18.03786504398863
2025-02-04T06:00:00,2025-02-04T07:20:00,38.28740149213809,0.9099,0.45495,17.418853308848224
2025-02-04T06:00:00,2025-02-04T07:40:00,35.62354432076472,0.9099,0.45495,16.20693148873191
2025-02-04T06:00:00,2025-02-04T07:50:00,34.32054906958888,0.9099,0.45495,15.61413379920946
2025-02-04T06:00:00,2025-02-04T08:00:00,65.87025252559806,0.9099,0.45495,29.96767138652084
2025-02-04T06:00:00,2025-02-04T08:10:00,68.28687335756763,0.9099,0.45495,31.067113034025393
2025-02-04T06:00:00,2025-02-04T08:20:00,79.29425855322745,0.9099,0.45495,36.07492292879083
2025-02-04T06:00:00,2025-02-04T08:30:00,21.159446524654072,0.9099,0.45495,9.626490196391371
2025-02-04T06:00:00,2025-02-04T08:40:00,25.365315768257005,0.9099,0.45495,11.539950408768526
2025-02-04T06:00:00,2025-02-04T11:00:00,51.49860005342134,0.9099,0.45495,23.42928809430404
2025-02-04T06:00:00,2025-02-04T11:10:00,50.90659793403779,0.9099,0.45495,23.159956730090492
2025-02-04T06:00:00,2025-02-04T11:20:00,50.41192631090985,0.9099,0.45495,22.934905875148438
2025-02-04T06:00:00,2025-02-04T11:30:00,49.841094040176586,0.9099,0.45495,22.675205733578338
2025-02-04T06:00:00,2025-02-04T11:40:00,49.17622800432741,0.9099,0.45495,22.372724930568758
2025-02-04T06:00:00,2025-02-04T11:50:00,48.68135739527361,0.9099,0.45495,22.147583546979728
2025-02-04T06:00:00,2025-02-04T12:20:00,71.56714816743681,0.9099,0.45495,32.55947405877538
2025-02-04T06:00:00,2025-02-04T12:30:00,0.011304603557618975,0.9099,0.45495,0.005143029388538753
2025-02-04T06:00:00,2025-02-04T13:00:00,29.027546802233473,0.9099,0.45495,13.20608241767612
2025-02-04T06:00:00,2025-02-04T13:10:00,240.50282794398754,0.9099,0.45495,109.41676157311714
2025-02-04T06:00:00,2025-02-04T13:20:00,28.529691262874394,0.9099,0.45495,12.979583040044707
2025-02-04T06:00:00,2025-02-04T13:30:00,38.838998800061376,0.9099,0.45495,17.669802504087922
2025-02-04T06:00:00,2025-02-04T13:40:00,271.7891672736894,0.9099,0.45495,123.65048165116498
2025-02-04T06:00:00,2025-02-04T13:50:00,276.89091963511964,0.9099,0.45495,125.97152388799769
2025-02-04T06:00:00,2025-02-04T15:00:00,87.5700226901863,0.9099,0.45495,39.83998182290026
2025-02-04T06:00:00,2025-02-04T15:10:00,87.70682919762044,0.9099,0.45495,39.90222194345742
2025-02-04T06:00:00,2025-02-04T15:20:00,87.88391612852001,0.9099,0.45495,39.98278764267018
2025-02-04T06:00:00,2025-02-04T15:30:00,88.09201124910487,0.9099,0.45495,40.07746051778026
2025-02-04T06:00:00,2025-02-04T16:00:00,17.777109918384326,0.9099,0.45495,8.08769615736895
2025-02-04T06:00:00,2025-02-04T16:10:00,18.005682303226877,0.9099,0.45495,8.191685163853068
2025-02-04T06:00:00,2025-02-04T16:20:00,18.23152006907742,0.9099,0.45495,8.294430055426773
2025-02-04T06:00:00,2025-02-04T16:30:00,18.453187146713617,0.9099,0.45495,8.39527749239736
2025-02-04T06:00:00,2025-02-04T16:40:00,18.685445625198895,0.9099,0.45495,8.500943487184237
2025-02-04T06:00:00,2025-02-04T16:50:00,18.89482132669866,0.9099,0.45495,8.596198962581557
2025-02-04T06:00:00,2025-02-04T17:00:00,6.28357615460277,0.9099,0.45495,2.85871297153653
2025-02-04T06:00:00,2025-02-04T17:10:00,6.460502557902487,0.9099,0.45495,2.9392056387177363
2025-02-04T06:00:00,2025-02-04T17:20:00,6.411066070017569,0.9099,0.45495,2.916714508554493
2025-02-04T06:00:00,2025-02-04T17:30:00,6.2354315627878805,0.9099,0.45495,2.8368095894903465
2025-02-04T06:00:00,2025-02-04T17:40:00,6.0587177936042735,0.9099,0.45495,2.7564136602002645
2025-02-04T06:00:00,2025-02-04T17:50:00,5.898465529539521,0.9099,0.45495,2.6835068926640053
2025-02-04T06:00:00,2025-02-04T18:00:00,5.736873982146449,0.9099,0.45495,2.609990818177527
2025-02-04T06:00:00,2025-02-04T18:10:00,5.579286408229905,0.9099,0.45495,2.5382963514241954
2025-02-04T06:00:00,2025-02-04T18:20:00,5.42685026533627,0.9099,0.45495,2.468945528214736
2025-02-04T06:00:00,2025-02-04T18:30:00,5.278178864706092,0.9099,0.45495,2.4013074744980365
2025-02-04T06:00:00,2025-02-04T18:40:00,5.13355004282937,0.9099,0.45495,2.335508591985222
2025-02-04T06:00:00,2025-02-04T18:50:00,17.946799088356443,0.9099,0.45495,8.164896245247764
2025-02-04T06:00:00,2025-02-04T19:00:00,5.3969038607142465,0.9099,0.45495,2.4553214114319464
2025-02-04T06:00:00,2025-02-04T19:10:00,5.020276095372083,0.9099,0.45495,2.2839746095895292
2025-02-04T06:00:00,2025-02-04T19:20:00,4.878569680920464,0.9099,0.45495,2.219505276334765
2025-02-04T06:00:00,2025-02-04T19:30:00,2.2027543458812033,0.9099,0.45495,1.0021430896586534
2025-02-04T06:00:00,2025-02-04T19:40:00,4.940338995493221,0.9099,0.45495,2.247607225999641
2025-02-04T06:00:00,2025-02-04T19:50:00,3.90107976134027,0.9099,0.45495,1.774796237421756
2025-02-04T06:00:00,2025-02-04T20:00:00,4.642071485582051,0.9099,0.45495,2.111910422365554
2025-02-04T06:00:00,2025-02-04T20:10:00,3.957955322331486,0.9099,0.45495,1.8006717738947096
2025-02-04T06:00:00,2025-02-04T20:20:00,1.4459988306656442,0.9099,0.45495,0.6578571680113349
2025-02-04T06:00:00,2025-02-04T20:30:00,1.4063849366102659,0.9099,0.45495,0.6398348269108405
2025-02-04T06:00:00,2025-02-04T20:40:00,3.395422600176744,0.9099,0.45495,1.5447475119504097
2025-02-04T06:00:00,2025-02-04T20:50:00,3.577600188923725,0.9099,0.45495,1.6276292059508488
2025-02-04T06:00:00,2025-02-04T21:00:00,2.7380398451763313,0.9099,0.45495,1.245671227562972
2025-02-04T06:00:00,2025-02-04T21:10:00,3.3842647746751027,0.9099,0.45495,1.539671259238438
2025-02-04T06:00:00,2025-02-04T21:20:00,3.291551071596132,0.9099,0.45495,1.4974911600226601
2025-02-04T06:00:00,2025-02-04T21:30:00,3.2013773088914377,0.9099,0.45495,1.4564666066801597
2025-02-04T06:00:00,2025-02-04T21:40:00,0.8711576716317495,0.9099,0.45495,0.3963331827088645
2025-02-04T06:00:00,2025-02-04T22:00:00,2.945409312166703,0.9099,0.45495,1.3400139665702415
2025-02-04T06:00:00,2025-02-04T22:10:00,2.86471828395338,0.9099,0.45495,1.3033035832845903
2025-02-04T06:00:00,2025-02-04T22:30:00,2.7099073864560523,0.9099,0.45495,1.232872365468181
2025-02-04T06:00:00,2025-02-04T22:40:00,2.635668056637769,0.9099,0.45495,1.199097182367353
2025-02-04T06:00:00,2025-02-04T22:50:00,2.5634625520785903,0.9099,0.45495,1.1662472880681547
2025-02-04T06:00:00,2025-02-04T23:00:00,2.4932351550714884,0.9099,0.45495,1.1342973337997737
2025-02-04T06:00:00,2025-02-04T23:20:00,2.358499403151427,0.9099,0.45495,1.0729993034637417
2025-02-04T06:00:00,2025-02-04T23:30:00,2.293887078781154,0.9099,0.45495,1.043603926491486
2025-02-04T06:00:00,2025-02-04T23:40:00,2.2310448428218024,0.9099,0.45495,1.015013851241779
2025-02-04T12:00:00,2025-02-04T12:00:00,127.6933169377528,0.4432,0.2216,28.29683903340602
2025-02-04T12:00:00,2025-02-04T12:10:00,125.58289273317644,0.4432,0.2216,27.829169029671895
2025-02-04T12:00:00,2025-02-04T12:20:00,52.48373724167266,0.4432,0.2216,11.63039617275466
2025-02-04T12:00:00,2025-02-04T12:30:00,122.69847453230705,0.4432,0.2216,27.18998195635924
2025-02-04T12:00:00,2025-02-04T12:40:00,120.93896753223169,0.4432,0.2216,26.80007520514254
2025-02-04T12:00:00,2025-02-04T13:20:00,0.6325498957858144,0.4432,0.2216,0.14017305690613646
2025-02-04T12:00:00,2025-02-04T13:30:00,52.67813400212222,0.4432,0.2216,11.673474494870284
2025-02-04T12:00:00,2025-02-04T15:00:00,39.5154086894795,0.4432,0.2216,8.756614565588658
2025-02-04T12:00:00,2025-02-04T15:10:00,36.27983925384524,0.4432,0.2216,8.039612378652105
2025-02-04T12:00:00,2025-02-04T15:20:00,32.84250693033641,0.4432,0.2216,7.277899535762549
2025-02-04T12:00:00,2025-02-04T15:30:00,29.26281863227632,0.4432,0.2216,6.484640608912432
2025-02-04T12:00:00,2025-02-04T16:20:00,27.638011034279202,0.4432,0.2216,6.124583245196271
2025-02-04T12:00:00,2025-02-04T16:30:00,24.30763918480841,0.4432,0.2216,5.386572843353543
2025-02-04T12:00:00,2025-02-04T16:40:00,20.958591223264534,0.4432,0.2216,4.64442381507542
2025-02-04T12:00:00,2025-02-04T16:50:00,17.81025477193384,0.4432,0.2216,3.9467524574605393
2025-02-04T12:00:00,2025-02-04T17:00:00,19.580063258814903,0.4432,0.2216,4.338942018153382
2025-02-04T12:00:00,2025-02-04T17:10:00,16.741264194821838,0.4432,0.2216,3.709864145572519
2025-02-04T12:00:00,2025-02-04T17:20:00,15.44131553210866,0.4432,0.2216,3.421795521915279
2025-02-04T12:00:00,2025-02-04T17:30:00,15.018292619095291,0.4432,0.2216,3.3280536443915163
2025-02-04T12:00:00,2025-02-04T17:40:00,14.645713726501981,0.4432,0.2216,3.245490161792839
2025-02-04T12:00:00,2025-02-04T17:50:00,14.206696109845439,0.4432,0.2216,3.148203857941749
2025-02-04T12:00:00,2025-02-04T18:00:00,13.817496241467211,0.4432,0.2216,3.0619571671091337
2025-02-04T12:00:00,2025-02-04T18:10:00,13.44174815677809,0.4432,0.2216,2.9786913915420246
2025-02-04T12:00:00,2025-02-04T18:20:00,13.070791406199533,0.4432,0.2216,2.896487375613816
2025-02-04T12:00:00,2025-02-04T18:30:00,12.712710241123546,0.4432,0.2216,2.8171365894329776
2025-02-04T12:00:00,2025-02-04T18:40:00,12.364639093298138,0.4432,0.2216,2.7400040230748672
2025-02-04T12:00:00,2025-02-04T19:00:00,12.2772860050394,0.4432,0.2216,2.720646578716731
2025-02-04T12:00:00,2025-02-04T19:10:00,8.216875436272858,0.4432,0.2216,1.8208595966780652
2025-02-04T12:00:00,2025-02-04T19:20:00,6.842375963041718,0.4432,0.2216,1.5162705134100447
2025-02-04T12:00:00,2025-02-04T19:30:00,6.251752509662083,0.4432,0.2216,1.3853883561411175
2025-02-04T12:00:00,2025-02-04T19:40:00,7.110766161235233,0.4432,0.2216,1.5757457813297275
2025-02-04T12:00:00,2025-02-04T19:50:00,8.21457889211922,0.4432,0.2216,1.8203506824936193
2025-02-04T12:00:00,2025-02-04T20:00:00,9.36924703818886,0.4432,0.2216,2.076225143662651
2025-02-04T12:00:00,2025-02-04T20:10:00,6.308792324824481,0.4432,0.2216,1.3980283791811048
2025-02-04T12:00:00,2025-02-04T20:30:00,12.821623229606871,0.4432,0.2216,2.8412717076808827
2025-02-04T12:00:00,2025-02-04T20:40:00,6.529008721412424,0.4432,0.2216,1.446828332664993
2025-02-04T12:00:00,2025-02-04T20:50:00,8.616796763841535,0.4432,0.2216,1.909482162867284
2025-02-04T12:00:00,2025-02-04T21:00:00,12.39960540773393,0.4432,0.2216,2.7477525583538385
2025-02-04T12:00:00,2025-02-04T21:10:00,8.151140490401076,0.4432,0.2216,1.8062927326728784
2025-02-04T12:00:00,2025-02-04T21:20:00,7.927835734568362,0.4432,0.2216,1.756808398780349
2025-02-04T12:00:00,2025-02-04T21:30:00,7.710648529284299,0.4432,0.2216,1.7086797140894006
2025-02-04T12:00:00,2025-02-04T21:40:00,19.652847281370896,0.4432,0.2216,4.35507095755179
2025-02-04T12:00:00,2025-02-04T21:50:00,47.71281624000346,0.4432,0.2216,10.573160078784767
2025-02-04T12:00:00,2025-02-04T22:00:00,7.094139112537732,0.4432,0.2216,1.5720612273383614
2025-02-04T12:00:00,2025-02-04T22:10:00,6.899791462140456,0.4432,0.2216,1.528993788010325
2025-02-04T12:00:00,2025-02-04T22:30:00,6.526923067094003,0.4432,0.2216,1.446366151668031
2025-02-04T12:00:00,2025-02-04T22:40:00,6.3481145968494275,0.4432,0.2216,1.406742194661833
2025-02-04T12:00:00,2025-02-04T22:50:00,6.1742046781434965,0.4432,0.2216,1.3682037566765988
2025-02-04T12:00:00,2025-02-04T23:00:00,6.005059112595063,0.4432,0.2216,1.3307210993510659
2025-02-04T12:00:00,2025-02-04T23:20:00,5.68054252890397,0.4432,0.2216,1.2588082244051197
2025-02-04T12:00:00,2025-02-04T23:30:00,5.524921096061917,0.4432,0.2216,1.2243225148873207
2025-02-04T12:00:00,2025-02-04T23:40:00,5.373562993744599,0.4432,0.2216,1.1907815594138031
2025-02-05T06:00:00,2025-02-05T12:20:00,3.36484421414184,0.9099,0.45495,1.5308358752238302
2025-02-05T06:00:00,2025-02-05T12:30:00,0.011206730848357438,0.9099,0.45495,0.005098502199460217
2025-02-05T06:00:00,2025-02-05T15:00:00,28.512076679101938,0.9099,0.45495,12.971569285157427
2025-02-05T06:00:00,2025-02-05T15:10:00,29.281954807597685,0.9099,0.45495,13.321825339716568
2025-02-05T06:00:00,2025-02-05T15:20:00,30.06985482866139,0.9099,0.45495,13.680280454299501
2025-02-05T06:00:00,2025-02-05T21:00:00,0.73159655520044,0.9099,0.45495,0.3328398527884402
2025-02-05T06:00:00,2025-02-05T21:10:00,0.9744203024545186,0.9099,0.45495,0.44331251660168325
2025-02-05T06:00:00,2025-02-05T21:20:00,0.9477255487603315,0.9099,0.45495,0.43116773840851286
2025-02-05T06:00:00,2025-02-05T21:30:00,0.9217621118018542,0.9099,0.45495,0.41935567276425356
2025-02-05T06:00:00,2025-02-05T21:40:00,3.0151590560080876,0.9099,0.45495,1.3717466125308795
2025-02-05T06:00:00,2025-02-05T22:00:00,0.8480620825800997,0.9099,0.45495,0.3858258444698164
2025-02-05T06:00:00,2025-02-05T22:10:00,0.8248289783900873,0.9099,0.45495,0.37525594371857024
2025-02-05T06:00:00,2025-02-05T22:30:00,0.7802547823368968,0.9099,0.45495,0.35497691322417124
2025-02-05T06:00:00,2025-02-05T22:40:00,0.7588792945923615,0.9099,0.45495,0.34525213507479485
2025-02-05T06:00:00,2025-02-05T22:50:00,0.7380893995114093,0.9099,0.45495,0.3357937723077157
2025-02-05T06:00:00,2025-02-05T23:00:00,0.7178690544767505,0.9099,0.45495,0.32659452633419767
2025-02-05T06:00:00,2025-02-05T23:20:00,0.6790750295176622,0.9099,0.45495,0.3089451846790604
2025-02-05T06:00:00,2025-02-05T23:30:00,0.660471414006679,0.9099,0.45495,0.3004814698023386
2025-02-05T06:00:00,2025-02-05T23:40:00,0.642377454270445,0.9099,0.45495,0.29224962282033895
2025-02-05T12:00:00,2025-02-05T12:00:00,45.52624267474607,0.4432,0.2216,10.088615376723729
2025-02-05T12:00:00,2025-02-05T12:10:00,43.96600405766458,0.4432,0.2216,9.74286649917847
2025-02-05T12:00:00,2025-02-05T12:20:00,39.40628243271226,0.4432,0.2216,8.732432187089037
2025-02-05T12:00:00,2025-02-05T12:30:00,41.79810864935985,0.4432,0.2216,9.262460876698142
2025-02-05T12:00:00,2025-02-05T12:40:00,40.521389365729874,0.4432,0.2216,8.97953988344574
2025-02-05T12:00:00,2025-02-05T12:50:00,36.72507994704313,0.4432,0.2216,8.138277716264756
2025-02-05T12:00:00,2025-02-05T13:00:00,43.81464712736647,0.4432,0.2216,9.70932580342441
2025-02-05T12:00:00,2025-02-05T13:10:00,32.994117061504426,0.4432,0.2216,7.311496340829381
2025-02-05T12:00:00,2025-02-05T13:20:00,43.95333107705079,0.4432,0.2216,9.740058166674455
2025-02-05T12:00:00,2025-02-05T13:30:00,29.406946677291785,0.4432,0.2216,6.516579383687859
2025-02-05T12:00:00,2025-02-05T13:40:00,27.940509768505308,0.4432,0.2216,6.191616964700776
2025-02-05T12:00:00,2025-02-05T15:00:00,35.9951662616063,0.4432,0.2216,7.9765288435719555
2025-02-05T12:00:00,2025-02-05T15:10:00,32.75158469625012,0.4432,0.2216,7.257751168689026
2025-02-05T12:00:00,2025-02-05T15:20:00,29.472977185703257,0.4432,0.2216,6.531211744351841
2025-02-05T12:00:00,2025-02-05T16:20:00,29.716460015665916,0.4432,0.2216,6.585167539471567
2025-02-05T12:00:00,2025-02-05T16:30:00,27.249973948106344,0.4432,0.2216,6.038594226900366
2025-02-05T12:00:00,2025-02-05T16:40:00,24.776398036046203,0.4432,0.2216,5.490449804787838
2025-02-05T12:00:00,2025-02-05T16:50:00,22.42420575307824,0.4432,0.2216,4.969203994882138
2025-02-05T12:00:00,2025-02-05T17:00:00,19.21999939597754,0.4432,0.2216,4.259151866148622
2025-02-05T12:00:00,2025-02-05T17:10:00,17.04622827990761,0.4432,0.2216,3.777444186827526
2025-02-05T12:00:00,2025-02-05T17:20:00,15.927657170981774,0.4432,0.2216,3.5295688290895613
2025-02-05T12:00:00,2025-02-05T17:30:00,15.48247751556687,0.4432,0.2216,3.430917017449618
2025-02-05T12:00:00,2025-02-05T17:40:00,15.08282710393678,0.4432,0.2216,3.34235448623239
2025-02-05T12:00:00,2025-02-05T17:50:00,14.645796207986677,0.4432,0.2216,3.2455084396898477
2025-02-05T12:00:00,2025-02-05T18:00:00,14.244566962821409,0.4432,0.2216,3.156596038961224
2025-02-05T12:00:00,2025-02-05T18:10:00,29.129789069513663,0.4432,0.2216,6.455161257804227
2025-02-05T12:00:00,2025-02-05T18:20:00,13.47478299895738,0.4432,0.2216,2.9860119125689555
2025-02-05T12:00:00,2025-02-05T18:30:00,13.105634272957218,0.4432,0.2216,2.9042085548873193
2025-02-05T12:00:00,2025-02-05T18:40:00,12.746724804604924,0.4432,0.2216,2.824674216700451
2025-02-05T12:00:00,2025-02-05T18:50:00,36.30922861130284,0.4432,0.2216,8.046125060264709
2025-02-05T12:00:00,2025-02-05T19:10:00,3.1583363339137804,0.4432,0.2216,0.6998873315952937
2025-02-05T12:00:00,2025-02-05T19:20:00,12.23388768248185,0.4432,0.2216,2.711029510437978
2025-02-05T12:00:00,2025-02-05T19:30:00,8.947485267675688,0.4432,0.2216,1.9827627353169324
2025-02-05T12:00:00,2025-02-05T19:40:00,12.402508304167327,0.4432,0.2216,2.7483958402034796
2025-02-05T12:00:00,2025-02-05T19:50:00,0.7095055490237883,0.4432,0.2216,0.15722642966367148
2025-02-05T12:00:00,2025-02-05T20:10:00,5.890019758562289,0.4432,0.2216,1.3052283784974033
2025-02-05T12:00:00,2025-02-05T20:20:00,9.767611987593568,0.4432,0.2216,2.1645028164507347
2025-02-05T12:00:00,2025-02-05T20:30:00,13.406621370464563,0.4432,0.2216,2.970907295694947
2025-02-05T12:00:00,2025-02-05T20:40:00,7.140015578621842,0.4432,0.2216,1.5822274522226
2025-02-05T12:00:00,2025-02-05T20:50:00,8.883124436046955,0.4432,0.2216,1.9685003750280052
2025-02-05T12:00:00,2025-02-05T21:00:00,14.064577541400354,0.4432,0.2216,3.1167103831743184
2025-02-05T12:00:00,2025-02-05T21:20:00,7.225143473081857,0.4432,0.2216,1.6010917936349396
2025-02-05T12:00:00,2025-02-05T21:30:00,7.027206889727381,0.4432,0.2216,1.5572290467635876
2025-02-05T12:00:00,2025-02-05T22:00:00,6.46534244933855,0.4432,0.2216,1.4327198867734225
2025-02-05T12:00:00,2025-02-05T22:10:00,6.288221012316853,0.4432,0.2216,1.3934697763294146
2025-02-05T12:00:00,2025-02-05T22:30:00,5.948402209179676,0.4432,0.2216,1.318165929554216
2025-02-05T12:00:00,2025-02-05T22:40:00,5.785442620336653,0.4432,0.2216,1.2820540846666022
2025-02-05T12:00:00,2025-02-05T22:50:00,5.626947394639501,0.4432,0.2216,1.2469315426521135
2025-02-05T12:00:00,2025-02-05T23:00:00,5.472794228524435,0.4432,0.2216,1.2127712010410148
2025-02-05T12:00:00,2025-02-05T23:20:00,5.177041521850924,0.4432,0.2216,1.1472324012421649
2025-02-05T12:00:00,2025-02-05T23:30:00,5.035213762369494,0.4432,0.2216,1.1158033697410799
2025-02-05T12:00:00,2025-02-05T23:40:00,4.897271448518268,0.4432,0.2216,1.085235352991648
2025-02-06T06:00:00,2025-02-06T06:00:00,31.833860867934504,0.9099,0.45495,14.482815001866804
2025-02-06T06:00:00,2025-02-06T06:10:00,29.10310209978502,0.9099,0.45495,13.240456300297195
2025-02-06T06:00:00,2025-02-06T06:20:00,503.22151598014204,0.9099,0.45495,228.94062869516563
2025-02-06T06:00:00,2025-02-06T06:30:00,170.77640030467677,0.9099,0.45495,77.6947233186127
2025-02-06T06:00:00,2025-02-06T06:40:00,30.445303083156887,0.9099,0.45495,13.851090637682226
2025-02-06T06:00:00,2025-02-06T06:50:00,29.57501836268716,0.9099,0.45495,13.455154604104525
2025-02-06T06:00:00,2025-02-06T07:00:00,40.27057129903699,0.9099,0.45495,18.32109641249688
2025-02-06T06:00:00,2025-02-06T07:10:00,39.26166438795849,0.9099,0.45495,17.862094213301717
2025-02-06T06:00:00,2025-02-06T07:20:00,38.265520735157224,0.9099,0.45495,17.40889865845978
2025-02-06T06:00:00,2025-02-06T07:40:00,36.30222656511751,0.9099,0.45495,16.51569797580021
2025-02-06T06:00:00,2025-02-06T07:50:00,35.32354563155559,0.9099,0.45495,16.070447085076218
2025-02-06T06:00:00,2025-02-06T08:00:00,53.97204930866883,0.9099,0.45495,24.554583832978885
2025-02-06T06:00:00,2025-02-06T08:10:00,37.49676999437861,0.9099,0.45495,17.05915550894255
2025-02-06T06:00:00,2025-02-06T08:20:00,20.332271872972797,0.9099,0.45495,9.250167088608974
2025-02-06T06:00:00,2025-02-06T08:30:00,19.293650630889715,0.9099,0.45495,8.777646354523275
2025-02-06T06:00:00,2025-02-06T11:00:00,90.25426012484513,0.9099,0.45495,41.06117564379829
2025-02-06T06:00:00,2025-02-06T11:10:00,89.83024416767705,0.9099,0.45495,40.86826958408468
2025-02-06T06:00:00,2025-02-06T11:20:00,89.44342252483295,0.9099,0.45495,40.69228507767276
2025-02-06T06:00:00,2025-02-06T11:30:00,88.98906181397774,0.9099,0.45495,40.485573672269176
2025-02-06T06:00:00,2025-02-06T11:40:00,88.50187220172768,0.9099,0.45495,40.26392675817601
2025-02-06T06:00:00,2025-02-06T11:50:00,88.09477840789339,0.9099,0.45495,40.0787194366711
2025-02-06T06:00:00,2025-02-06T12:20:00,83.54671682650007,0.9099,0.45495,38.00957882021621
2025-02-06T06:00:00,2025-02-06T12:30:00,0.007435469823462881,0.9099,0.45495,0.003382766996184438
2025-02-06T06:00:00,2025-02-06T12:50:00,42.65638412423448,0.9099,0.45495,19.406521957320475
2025-02-06T06:00:00,2025-02-06T13:00:00,88.3571997954723,0.9099,0.45495,40.198108046950125
2025-02-06T06:00:00,2025-02-06T13:10:00,327.7527838562178,0.9099,0.45495,149.1111290153863
2025-02-06T06:00:00,2025-02-06T13:20:00,88.04646999093654,0.9099,0.45495,40.05674152237658
2025-02-06T06:00:00,2025-02-06T13:30:00,87.93361597352225,0.9099,0.45495,40.00539858715395
2025-02-06T06:00:00,2025-02-06T13:40:00,154.75639239734346,0.9099,0.45495,70.40642072117141
2025-02-06T06:00:00,2025-02-06T13:50:00,324.2174533274904,0.9099,0.45495,147.50273039134174
2025-02-06T06:00:00,2025-02-06T15:00:00,76.361274405112,0.9099,0.45495,34.7405617906057
2025-02-06T06:00:00,2025-02-06T15:10:00,76.4618358560092,0.9099,0.45495,34.786312222691386
2025-02-06T06:00:00,2025-02-06T15:20:00,76.56834324426222,0.9099,0.45495,34.8347677589771
2025-02-06T06:00:00,2025-02-06T15:30:00,76.72701504981387,0.9099,0.45495,34.90695549691282
2025-02-06T06:00:00,2025-02-06T16:00:00,10.823112292906899,0.9099,0.45495,4.923974937657994
2025-02-06T06:00:00,2025-02-06T16:10:00,11.019142579341292,0.9099,0.45495,5.013158916471321
2025-02-06T06:00:00,2025-02-06T16:20:00,11.210001100481577,0.9099,0.45495,5.099990000664094
2025-02-06T06:00:00,2025-02-06T16:30:00,11.395846223966032,0.9099,0.45495,5.184540239593346
2025-02-06T06:00:00,2025-02-06T16:40:00,11.596098819345798,0.9099,0.45495,5.275645157861371
2025-02-06T06:00:00,2025-02-06T16:50:00,11.777342818495072,0.9099,0.45495,5.358102115274333
2025-02-06T06:00:00,2025-02-06T17:00:00,4.437040702551144,0.9099,0.45495,2.0186316676256433
2025-02-06T06:00:00,2025-02-06T17:10:00,4.604005017665486,0.9099,0.45495,2.094592082786913
2025-02-06T06:00:00,2025-02-06T17:20:00,4.602664937361851,0.9099,0.45495,2.0939824132527742
2025-02-06T06:00:00,2025-02-06T17:30:00,4.4807350095193215,0.9099,0.45495,2.0385103925808155
2025-02-06T06:00:00,2025-02-06T17:40:00,4.3543411900120645,0.9099,0.45495,1.9810075243959888
2025-02-06T06:00:00,2025-02-06T17:50:00,4.238593709916927,0.9099,0.45495,1.928348208326706
2025-02-06T06:00:00,2025-02-06T18:00:00,4.122475218942441,0.9099,0.45495,1.8755201008578635
2025-02-06T06:00:00,2025-02-06T18:10:00,4.009276415994236,0.9099,0.45495,1.8240203054565778
2025-02-06T06:00:00,2025-02-06T18:20:00,3.8996944686920187,0.9099,0.45495,1.774165998531434
2025-02-06T06:00:00,2025-02-06T18:30:00,3.792860299635663,0.9099,0.45495,1.725561793319245
2025-02-06T06:00:00,2025-02-06T18:40:00,3.6889341465238203,0.9099,0.45495,1.678280589961012
2025-02-06T06:00:00,2025-02-06T18:50:00,17.396889853380117,0.9099,0.45495,7.9147150387952845
2025-02-06T06:00:00,2025-02-06T19:00:00,1.0397894034103956,0.9099,0.45495,0.4730521890815595
2025-02-06T06:00:00,2025-02-06T19:10:00,3.686865292534776,0.9099,0.45495,1.6773393648386965
2025-02-06T06:00:00,2025-02-06T19:20:00,0.9720902454731686,0.9099,0.45495,0.4422524571780181
2025-02-06T06:00:00,2025-02-06T19:30:00,0.20681269044496275,0.9099,0.45495,0.0940894335179358
2025-02-06T06:00:00,2025-02-06T19:40:00,1.7268809496516724,0.9099,0.45495,0.7856444880440284
2025-02-06T06:00:00,2025-02-06T19:50:00,2.711729631041635,0.9099,0.45495,1.233701395642392
2025-02-06T06:00:00,2025-02-06T20:00:00,4.14057202372112,0.9099,0.45495,1.8837532421919236
2025-02-06T06:00:00,2025-02-06T20:10:00,2.9113026695176814,0.9099,0.45495,1.3244971494970692
2025-02-06T06:00:00,2025-02-06T20:20:00,1.6131319710407297,0.9099,0.45495,0.73389439022498
2025-02-06T06:00:00,2025-02-06T20:30:00,1.5029471890524064,0.9099,0.45495,0.6837658236593923
2025-02-06T06:00:00,2025-02-06T20:40:00,2.3600853476705197,0.9099,0.45495,1.073720828922703
2025-02-06T06:00:00,2025-02-06T20:50:00,2.570837039129742,0.9099,0.45495,1.1696023109520763
2025-02-06T06:00:00,2025-02-06T21:00:00,2.230137197381964,0.9099,0.45495,1.0146009179489246
2025-02-06T06:00:00,2025-02-06T21:10:00,2.431907640181066,0.9099,0.45495,1.106396380900376
2025-02-06T06:00:00,2025-02-06T21:20:00,2.3652842587734995,0.9099,0.45495,1.0760860735290037
2025-02-06T06:00:00,2025-02-06T21:30:00,2.300486059735931,0.9099,0.45495,1.0466061328768619
2025-02-06T06:00:00,2025-02-06T21:40:00,5.6603291140332885,0.9099,0.45495,2.5751667304294448
2025-02-06T06:00:00,2025-02-06T22:00:00,2.1165493501925994,0.9099,0.45495,0.9629241268701231
2025-02-06T06:00:00,2025-02-06T22:10:00,2.0585653740351972,0.9099,0.45495,0.936544316917313
2025-02-06T06:00:00,2025-02-06T22:30:00,1.9473194079321274,0.9099,0.45495,0.8859329646387214
2025-02-06T06:00:00,2025-02-06T22:40:00,1.8939715745304966,0.9099,0.45495,0.8616623678326495
2025-02-06T06:00:00,2025-02-06T22:50:00,1.8420852329190893,0.9099,0.45495,0.8380566767165397
2025-02-06T06:00:00,2025-02-06T23:00:00,1.791620344767125,0.9099,0.45495,0.8150976758518036
2025-02-06T06:00:00,2025-02-06T23:20:00,1.6948002298186111,0.9099,0.45495,0.7710493645559772
2025-02-06T06:00:00,2025-02-06T23:30:00,1.6483702913392335,0.9099,0.45495,0.7499260640447843
2025-02-06T06:00:00,2025-02-06T23:40:00,1.6032123253021382,0.9099,0.45495,0.7293814473962078
2025-02-06T12:00:00,2025-02-06T12:00:00,178.68073447744564,0.4432,0.2216,39.595650760201956
2025-02-06T12:00:00,2025-02-06T12:10:00,177.30018137199556,0.4432,0.2216,39.28972019203422
2025-02-06T12:00:00,2025-02-06T12:20:00,92.78309216641958,0.4432,0.2216,20.56073322407858
2025-02-06T12:00:00,2025-02-06T12:30:00,175.7328163757727,0.4432,0.2216,38.94239210887123
2025-02-06T12:00:00,2025-02-06T12:40:00,174.83253309399538,0.4432,0.2216,38.74288933362938
2025-02-06T12:00:00,2025-02-06T12:50:00,90.57829363014912,0.4432,0.2216,20.072149868441045
2025-02-06T12:00:00,2025-02-06T13:00:00,76.31107231164856,0.4432,0.2216,16.91053362426132
2025-02-06T12:00:00,2025-02-06T13:20:00,73.75661412583929,0.4432,0.2216,16.344465690285986
2025-02-06T12:00:00,2025-02-06T13:30:00,72.24871858335382,0.4432,0.2216,16.010316038071206
2025-02-06T12:00:00,2025-02-06T13:40:00,3.9794204189969378,0.4432,0.2216,0.8818395648497214
2025-02-06T12:00:00,2025-02-06T15:00:00,49.07177451100142,0.4432,0.2216,10.874305231637914
2025-02-06T12:00:00,2025-02-06T15:10:00,46.473858110536185,0.4432,0.2216,10.298606957294819
2025-02-06T12:00:00,2025-02-06T15:20:00,43.87903146019039,0.4432,0.2216,9.72359337157819
2025-02-06T12:00:00,2025-02-06T15:30:00,40.924290533115254,0.4432,0.2216,9.06882278213834
2025-02-06T12:00:00,2025-02-06T15:40:00,129.6552674236318,0.4432,0.2216,28.73160726107681
2025-02-06T12:00:00,2025-02-06T15:50:00,112.0122798973307,0.4432,0.2216,24.82192122524848
2025-02-06T12:00:00,2025-02-06T16:00:00,28.642822733344474,0.4432,0.2216,6.347249517709135
2025-02-06T12:00:00,2025-02-06T16:10:00,25.575923348962988,0.4432,0.2216,5.667624614130198
2025-02-06T12:00:00,2025-02-06T16:20:00,22.591489397929422,0.4432,0.2216,5.00627405058116
2025-02-06T12:00:00,2025-02-06T16:30:00,19.687131146299294,0.4432,0.2216,4.362668262019923
2025-02-06T12:00:00,2025-02-06T16:40:00,16.709767471942087,0.4432,0.2216,3.702884471782366
2025-02-06T12:00:00,2025-02-06T16:50:00,13.919780024756392,0.4432,0.2216,3.0846232534860163
2025-02-06T12:00:00,2025-02-06T17:00:00,12.649820881335472,0.4432,0.2216,2.8032003073039404
2025-02-06T12:00:00,2025-02-06T17:10:00,10.045700794237177,0.4432,0.2216,2.2261272960029586
2025-02-06T12:00:00,2025-02-06T17:20:00,8.794059260702625,0.4432,0.2216,1.9487635321717016
2025-02-06T12:00:00,2025-02-06T17:30:00,8.520571298726964,0.4432,0.2216,1.8881585997978951
2025-02-06T12:00:00,2025-02-06T17:40:00,8.315641249872442,0.4432,0.2216,1.8427461009717332
2025-02-06T12:00:00,2025-02-06T17:50:00,8.060115100526104,0.4432,0.2216,1.7861215062765847
2025-02-06T12:00:00,2025-02-06T18:00:00,7.839304032844666,0.4432,0.2216,1.737189773678378
2025-02-06T12:00:00,2025-02-06T18:10:00,7.626587874312463,0.4432,0.2216,1.6900518729476417
2025-02-06T12:00:00,2025-02-06T18:20:00,7.415663879508429,0.4432,0.2216,1.6433111156990678
2025-02-06T12:00:00,2025-02-06T18:30:00,7.2125078899999835,0.4432,0.2216,1.5982917484239962
2025-02-06T12:00:00,2025-02-06T18:40:00,7.0150642715249205,0.4432,0.2216,1.5545382425699223
2025-02-06T12:00:00,2025-02-06T19:00:00,6.4753402903907045,0.4432,0.2216,1.43493540835058
2025-02-06T12:00:00,2025-02-06T19:10:00,9.803115926120427,0.4432,0.2216,2.1723704892282862
2025-02-06T12:00:00,2025-02-06T19:20:00,5.267161944645409,0.4432,0.2216,1.1672030869334225
2025-02-06T12:00:00,2025-02-06T19:30:00,5.245484138235838,0.4432,0.2216,1.1623992850330618
2025-02-06T12:00:00,2025-02-06T19:40:00,8.801925431384234,0.4432,0.2216,1.9505066755947462
2025-02-06T12:00:00,2025-02-06T19:50:00,3.8103611459636113,0.4432,0.2216,0.8443760299455363
2025-02-06T12:00:00,2025-02-06T20:00:00,6.976269874951299,0.4432,0.2216,1.545941404289208
2025-02-06T12:00:00,2025-02-06T20:10:00,1.387838770573694,0.4432,0.2216,0.3075450715591306
2025-02-06T12:00:00,2025-02-06T20:30:00,10.272945068869376,0.4432,0.2216,2.276484627261454
2025-02-06T12:00:00,2025-02-06T20:40:00,3.3162515196870572,0.4432,0.2216,0.7348813367626519
2025-02-06T12:00:00,2025-02-06T20:50:00,4.888706929281739,0.4432,0.2216,1.0833374555288333
2025-02-06T12:00:00,2025-02-06T21:20:00,4.497827505045393,0.4432,0.2216,0.9967185751180591
2025-02-06T12:00:00,2025-02-06T21:30:00,2.6848532064296933,0.4432,0.2216,0.59496347054482
2025-02-06T12:00:00,2025-02-06T22:00:00,4.024832891763708,0.4432,0.2216,0.8919029688148377
2025-02-06T12:00:00,2025-02-06T22:10:00,3.9145704901743557,0.4432,0.2216,0.8674688206226372
2025-02-06T12:00:00,2025-02-06T22:30:00,3.7030250218836045,0.4432,0.2216,0.8205903448494067
2025-02-06T12:00:00,2025-02-06T22:40:00,3.601578715157757,0.4432,0.2216,0.798109843278959
2025-02-06T12:00:00,2025-02-06T22:50:00,3.502911583049354,0.4432,0.2216,0.7762452068037368
2025-02-06T12:00:00,2025-02-06T23:00:00,3.406947488616879,0.4432,0.2216,0.7549795634775004
2025-02-06T12:00:00,2025-02-06T23:20:00,3.222834236924882,0.4432,0.2216,0.7141800669025539
2025-02-06T12:00:00,2025-02-06T23:30:00,3.1345430078372374,0.4432,0.2216,0.6946147305367317
2025-02-06T12:00:00,2025-02-06T23:40:00,3.048670563136284,0.4432,0.2216,0.6755853967910005
2025-02-07T06:00:00,2025-02-07T15:00:00,29.151017801613875,0.9099,0.45495,13.262255548844234
2025-02-07T06:00:00,2025-02-07T15:10:00,97.42692666441175,0.9099,0.45495,44.32438028597413
2025-02-07T06:00:00,2025-02-07T15:20:00,30.326301930086515,0.9099,0.45495,13.79695106309286
2025-02-07T06:00:00,2025-02-07T15:30:00,30.938442849159628,0.9099,0.45495,14.075444574225173
2025-02-07T06:00:00,2025-02-07T15:40:00,31.65359976803387,0.9099,0.45495,14.40080521446701
2025-02-07T06:00:00,2025-02-07T15:50:00,32.35353562095102,0.9099,0.45495,14.719241030751668
2025-02-07T06:00:00,2025-02-07T16:00:00,0.6587376612598064,0.9099,0.45495,0.29969269899014894
2025-02-07T06:00:00,2025-02-07T16:10:00,1.430886033691138,0.9099,0.45495,0.6509816010277832
2025-02-07T06:00:00,2025-02-07T16:20:00,2.190020405740597,0.9099,0.45495,0.9963497835916847
2025-02-07T06:00:00,2025-02-07T16:30:00,2.909904514302241,0.9099,0.45495,1.3238610587818045
2025-02-07T06:00:00,2025-02-07T16:40:00,3.654376875260425,0.9099,0.45495,1.6625587593997304
2025-02-07T06:00:00,2025-02-07T16:50:00,4.345170908062471,0.9099,0.45495,1.9768355046230213
2025-02-07T06:00:00,2025-02-07T17:00:00,2.9899729817944944,0.9099,0.45495,1.3602882080674052
2025-02-07T06:00:00,2025-02-07T17:10:00,3.6515869866778417,0.9099,0.45495,1.6612894995890841
2025-02-07T06:00:00,2025-02-07T17:20:00,3.9020193190831947,0.9099,0.45495,1.7752236892168995
2025-02-07T06:00:00,2025-02-07T17:30:00,3.816537664920304,0.9099,0.45495,1.7363338106554924
2025-02-07T06:00:00,2025-02-07T17:40:00,3.7046580067855075,0.9099,0.45495,1.6854341601870668
2025-02-07T06:00:00,2025-02-07T17:50:00,58.69248681439444,0.9099,0.45495,26.702146876208754
2025-02-07T06:00:00,2025-02-07T21:10:00,2.0714162044038744,0.9099,0.45495,0.9423908021935428
2025-02-07T06:00:00,2025-02-07T21:20:00,2.0146686743745477,0.9099,0.45495,0.9165735134067005
2025-02-07T06:00:00,2025-02-07T21:30:00,1.9594757726027865,0.9099,0.45495,0.8914635027456378
2025-02-07T06:00:00,2025-02-07T21:40:00,5.006079071916474,0.9099,0.45495,2.2775156737684
2025-02-07T06:00:00,2025-02-07T22:00:00,1.8028047401846834,0.9099,0.45495,0.8201860165470217
2025-02-07T06:00:00,2025-02-07T22:10:00,1.7534159616700435,0.9099,0.45495,0.7977165917617863
2025-02-07T06:00:00,2025-02-07T22:30:00,1.6586604318740683,0.9099,0.45495,0.7546075634811074
2025-02-07T06:00:00,2025-02-07T22:40:00,1.61322056205654,0.9099,0.45495,0.733934694707623
2025-02-07T06:00:00,2025-02-07T22:50:00,1.5127684161229809,0.9099,0.45495,0.6882339909151501
2025-02-07T06:00:00,2025-02-07T23:00:00,1.5260412661125429,0.9099,0.45495,0.6942724740179014
2025-02-07T06:00:00,2025-02-07T23:20:00,1.443573185621517,0.9099,0.45495,0.6567536207985092
2025-02-07T06:00:00,2025-02-07T23:30:00,1.4040257433805436,0.9099,0.45495,0.6387615119509784
2025-02-07T06:00:00,2025-02-07T23:40:00,1.3655617239985531,0.9099,0.45495,0.6212623063331417
2025-02-07T12:00:00,2025-02-07T15:00:00,66.34276850809908,0.4432,0.2216,14.701557501394756
2025-02-07T12:00:00,2025-02-07T15:10:00,64.99575595261254,0.4432,0.2216,14.403059519098939
2025-02-07T12:00:00,2025-02-07T15:20:00,60.459932123918776,0.4432,0.2216,13.3979209586604
2025-02-07T12:00:00,2025-02-07T15:30:00,57.47348209554724,0.4432,0.2216,12.736123632373268
2025-02-07T12:00:00,2025-02-07T15:40:00,54.160772930055344,0.4432,0.2216,12.002027281300263
2025-02-07T12:00:00,2025-02-07T15:50:00,50.92392637756777,0.4432,0.2216,11.284742085269016
2025-02-07T12:00:00,2025-02-07T16:00:00,37.7761605078922,0.4432,0.2216,8.37119716854891
2025-02-07T12:00:00,2025-02-07T16:10:00,34.33937054890083,0.4432,0.2216,7.609604513636424
2025-02-07T12:00:00,2025-02-07T16:20:00,30.969004739989998,0.4432,0.2216,6.862731450381784
2025-02-07T12:00:00,2025-02-07T16:30:00,27.75383696537193,0.4432,0.2216,6.15025027152642
2025-02-07T12:00:00,2025-02-07T16:40:00,24.47580008671133,0.4432,0.2216,5.423837299215231
2025-02-07T12:00:00,2025-02-07T16:50:00,21.400952287431664,0.4432,0.2216,4.742451026894857
2025-02-07T12:00:00,2025-02-07T17:00:00,14.72797190060112,0.4432,0.2216,3.263718573173208
2025-02-07T12:00:00,2025-02-07T17:10:00,11.791523027325184,0.4432,0.2216,2.6130015028552607
2025-02-07T12:00:00,2025-02-07T17:20:00,10.274544332629716,0.4432,0.2216,2.2768390241107452
2025-02-07T12:00:00,2025-02-07T17:30:00,9.92010926670173,0.4432,0.2216,2.198296213501103
2025-02-07T12:00:00,2025-02-07T17:40:00,9.673292027276148,0.4432,0.2216,2.1436015132443944
2025-02-07T12:00:00,2025-02-07T17:50:00,126.28089804078817,0.4432,0.2216,27.98384700583866
2025-02-07T12:00:00,2025-02-07T21:00:00,7.665531772878637,0.4432,0.2216,1.698681840869906
2025-02-07T12:00:00,2025-02-07T21:20:00,5.236613690385582,0.4432,0.2216,1.1604335937894448
2025-02-07T12:00:00,2025-02-07T21:30:00,5.093153920197835,0.4432,0.2216,1.1286429087158403
2025-02-07T12:00:00,2025-02-07T22:00:00,4.685927817125503,0.4432,0.2216,1.0384016042750113
2025-02-07T12:00:00,2025-02-07T22:10:00,4.557554374380288,0.4432,0.2216,1.0099540493626717
2025-02-07T12:00:00,2025-02-07T22:30:00,4.311261715502496,0.4432,0.2216,0.9553755961553532
2025-02-07T12:00:00,2025-02-07T22:40:00,4.19315244651807,0.4432,0.2216,0.9292025821484043
2025-02-07T12:00:00,2025-02-07T22:50:00,4.078278842714553,0.4432,0.2216,0.9037465915455449
2025-02-07T12:00:00,2025-02-07T23:00:00,3.966552261353172,0.4432,0.2216,0.8789879811158628
2025-02-07T12:00:00,2025-02-07T23:20:00,3.7521976705406814,0.4432,0.2216,0.831487003791815
2025-02-07T12:00:00,2025-02-07T23:30:00,3.6494042533934135,0.4432,0.2216,0.8087079825519804
2025-02-07T12:00:00,2025-02-07T23:40:00,3.549426915657932,0.4432,0.2216,0.7865530045097977
2025-02-07T18:00:00,2025-02-07T22:00:00,5.421046102186438,1.2313,0.61565,3.3374670328110803
2025-02-07T18:00:00,2025-02-07T22:10:00,5.272533709640811,1.2313,0.61565,3.2460353783403657
2025-02-07T18:00:00,2025-02-07T22:30:00,4.987603187764762,1.2313,0.61565,3.070617902547376
2025-02-07T18:00:00,2025-02-07T22:40:00,4.850965190499892,1.2313,0.61565,2.9864967195312584
2025-02-07T18:00:00,2025-02-07T22:50:00,4.718070462615742,1.2313,0.61565,2.9046800803093817
2025-02-07T18:00:00,2025-02-07T23:00:00,4.588816455290498,1.2313,0.61565,2.8251048506995953
2025-02-07T18:00:00,2025-02-07T23:20:00,4.340834376957218,1.2313,0.61565,2.6724346841737114
2025-02-07T18:00:00,2025-02-07T23:30:00,4.221914949449001,1.2313,0.61565,2.5992219386282778
2025-02-07T18:00:00,2025-02-07T23:40:00,4.106253381838542,1.2313,0.61565,2.5280148945288983
2025-02-08T12:00:00,2025-02-08T15:00:00,26.459900405459962,0.4432,0.2216,5.863513929849927
2025-02-08T12:00:00,2025-02-08T15:10:00,23.712430233479836,0.4432,0.2216,5.254674539739131
2025-02-08T12:00:00,2025-02-08T15:20:00,21.246954834313613,0.4432,0.2216,4.708325191283897
2025-02-08T12:00:00,2025-02-08T15:30:00,18.668957459694127,0.4432,0.2216,4.137040973068219
2025-02-08T12:00:00,2025-02-08T15:40:00,36.72862162422902,0.4432,0.2216,8.13906255192915
2025-02-08T12:00:00,2025-02-08T15:50:00,46.88293554062,0.4432,0.2216,10.38925851580139
2025-02-08T12:00:00,2025-02-08T16:00:00,18.986528894258186,0.4432,0.2216,4.207414802967614
2025-02-08T12:00:00,2025-02-08T16:10:00,18.065224014547766,0.4432,0.2216,4.003253641623785
2025-02-08T12:00:00,2025-02-08T16:20:00,17.16072462510448,0.4432,0.2216,3.8028165769231523
2025-02-08T12:00:00,2025-02-08T16:30:00,16.31023672366109,0.4432,0.2216,3.6143484579632976
2025-02-08T12:00:00,2025-02-08T16:40:00,15.461416498821848,0.4432,0.2216,3.426249896138921
2025-02-08T12:00:00,2025-02-08T16:50:00,14.654972229859595,0.4432,0.2216,3.2475418461368863
2025-02-08T12:00:00,2025-02-08T17:00:00,2.553150646423319,0.4432,0.2216,0.5657781832474075
2025-02-08T12:00:00,2025-02-08T17:10:00,1.7745834563348808,0.4432,0.2216,0.3932476939238096
2025-02-08T12:00:00,2025-02-08T17:20:00,4.501932325585358,0.4432,0.2216,0.9976282033497152
2025-02-08T12:00:00,2025-02-08T17:30:00,4.2557542712610825,0.4432,0.2216,0.9430751465114559
2025-02-08T12:00:00,2025-02-08T17:40:00,4.155865542613185,0.4432,0.2216,0.9209398042430817
2025-02-08T12:00:00,2025-02-08T17:50:00,15.363341668609223,0.4432,0.2216,3.4045165137638036
2025-02-08T12:00:00,2025-02-08T21:00:00,0.7207069780695292,0.4432,0.2216,0.15970866634020767
2025-02-08T12:00:00,2025-02-08T21:50:00,2.0712713950075567,0.4432,0.2216,0.4589937411336746
2025-02-08T12:00:00,2025-02-08T22:00:00,1.40021068849137,0.4432,0.2216,0.3102866885696876
2025-02-08T12:00:00,2025-02-08T22:10:00,1.3618511845329522,0.4432,0.2216,0.3017862224925022
2025-02-08T12:00:00,2025-02-08T22:30:00,1.288256023250824,0.4432,0.2216,0.2854775347523826
2025-02-08T12:00:00,2025-02-08T22:40:00,1.2529635758858149,0.4432,0.2216,0.27765672841629657
2025-02-08T12:00:00,2025-02-08T22:50:00,1.218637983570261,0.4432,0.2216,0.27005017715916985
2025-02-08T12:00:00,2025-02-08T23:00:00,1.1852527588046087,0.4432,0.2216,0.2626520113511013
2025-02-08T12:00:00,2025-02-08T23:20:00,1.1212010702390671,0.4432,0.2216,0.24845815716497727
2025-02-08T12:00:00,2025-02-08T23:30:00,1.0904851806619718,0.4432,0.2216,0.24165151603469293
2025-02-08T12:00:00,2025-02-08T23:40:00,1.0606107689411601,0.4432,0.2216,0.23503134639736106
2025-02-09T06:00:00,2025-02-09T06:00:00,209.16224441280679,0.9099,0.45495,95.15836309560645
2025-02-09T06:00:00,2025-02-09T06:10:00,8.70223548518777,0.9099,0.45495,3.9590820339861765
2025-02-09T06:00:00,2025-02-09T06:20:00,17.115904059776994,0.9099,0.45495,7.786880551995544
2025-02-09T06:00:00,2025-02-09T06:30:00,342.45027856972604,0.9099,0.45495,155.79775423529688
2025-02-09T06:00:00,2025-02-09T06:40:00,16.609609621600157,0.9099,0.45495,7.5565418973469916
2025-02-09T06:00:00,2025-02-09T06:50:00,15.92539877552963,0.9099,0.45495,7.245260172927205
2025-02-09T06:00:00,2025-02-09T07:00:00,47.5080399279467,0.9099,0.45495,21.61378276521935
2025-02-09T06:00:00,2025-02-09T07:10:00,46.46891720590088,0.9099,0.45495,21.141033882824605
2025-02-09T06:00:00,2025-02-09T07:20:00,45.38095473247256,0.9099,0.45495,20.646065355538394
2025-02-09T06:00:00,2025-02-09T07:40:00,43.12506067210279,0.9099,0.45495,19.619746352773166
2025-02-09T06:00:00,2025-02-09T07:50:00,41.95050857515332,0.9099,0.45495,19.085383876266004
2025-02-09T06:00:00,2025-02-09T08:00:00,74.66744195103945,0.9099,0.45495,33.969952715625396
2025-02-09T06:00:00,2025-02-09T08:10:00,51.60389781654055,0.9099,0.45495,23.477193311635126
2025-02-09T06:00:00,2025-02-09T08:20:00,42.71384486590682,0.9099,0.45495,19.43266372174431
2025-02-09T06:00:00,2025-02-09T08:30:00,26.47820744835542,0.9099,0.45495,12.046260478629298
2025-02-09T06:00:00,2025-02-09T21:00:00,0.4466042421104248,0.9099,0.45495,0.20318259994813778
2025-02-09T06:00:00,2025-02-09T21:10:00,0.6972355027994581,0.9099,0.45495,0.31720729199861347
2025-02-09T06:00:00,2025-02-09T21:20:00,0.6781343716272659,0.9099,0.45495,0.3085172323718246
2025-02-09T06:00:00,2025-02-09T21:30:00,0.6595565259310661,0.9099,0.45495,0.30006524147233854
2025-02-09T06:00:00,2025-02-09T21:40:00,2.5121008725109277,0.9099,0.45495,1.1428802919488465
2025-02-09T06:00:00,2025-02-09T22:00:00,0.6068212978152587,0.9099,0.45495,0.276073349441052
2025-02-09T06:00:00,2025-02-09T22:10:00,0.5901971110647537,0.9099,0.45495,0.2685101756789097
2025-02-09T06:00:00,2025-02-09T22:30:00,0.5583025457331132,0.9099,0.45495,0.2539997431812799
2025-02-09T06:00:00,2025-02-09T22:40:00,0.5430075555655094,0.9099,0.45495,0.24704128740452852
2025-02-09T06:00:00,2025-02-09T22:50:00,0.5281315796510171,0.9099,0.45495,0.24027346216223025
2025-02-09T06:00:00,2025-02-09T23:00:00,0.5136631388750175,0.9099,0.45495,0.2336910450311892
2025-02-09T06:00:00,2025-02-09T23:20:00,0.48590451004724855,0.9099,0.45495,0.22106225684599573
2025-02-09T06:00:00,2025-02-09T23:30:00,0.47259290192300796,0.9099,0.45495,0.21500614072987248
2025-02-09T06:00:00,2025-02-09T23:40:00,0.4596459722636155,0.9099,0.45495,0.20911593508133186
2025-02-09T12:00:00,2025-02-09T15:00:00,4.989283051914072,0.4432,0.2216,1.1056251243041582
2025-02-09T12:00:00,2025-02-09T15:10:00,2.999528199035012,0.4432,0.2216,0.6646954489061587
2025-02-09T12:00:00,2025-02-09T15:20:00,1.2403827026996623,0.4432,0.2216,0.27486880691824517
2025-02-09T18:00:00,2025-02-09T18:10:00,3.995180074061409,1.2313,0.61565,2.4596326125959065
2025-02-09T18:00:00,2025-02-09T18:20:00,2.9072238812186697,1.2313,0.61565,1.7898323824722742
2025-02-09T18:00:00,2025-02-09T18:30:00,3.7793276078284634,1.2313,0.61565,2.3267430417595936
2025-02-09T18:00:00,2025-02-09T18:40:00,3.6757872178894786,1.2313,0.61565,2.2629984006936574
2025-02-09T18:00:00,2025-02-09T21:10:00,3.946777602261591,1.2313,0.61565,2.4298336308323485
2025-02-09T18:00:00,2025-02-09T21:20:00,3.8386535661421703,1.2313,0.61565,2.363267067995427
2025-02-09T18:00:00,2025-02-09T21:30:00,3.733491644528499,1.2313,0.61565,2.2985241309539703
2025-02-09T18:00:00,2025-02-09T21:40:00,10.963836099752939,1.2313,0.61565,6.749885694812897
2025-02-09T18:00:00,2025-02-09T21:50:00,16.844938339583223,1.2313,0.61565,10.370586288764411
2025-02-10T06:00:00,2025-02-10T06:20:00,51.60342425790907,0.9099,0.45495,23.476977866135734
2025-02-10T06:00:00,2025-02-10T06:40:00,681.214666916288,0.9099,0.45495,309.91861271356527
2025-02-10T06:00:00,2025-02-10T06:50:00,0.27438702718825425,0.9099,0.45495,0.12483237801929628
2025-02-10T06:00:00,2025-02-10T07:00:00,15.292414076846057,0.9099,0.45495,6.957283784261114
2025-02-10T06:00:00,2025-02-10T07:10:00,14.699963624076076,0.9099,0.45495,6.6877484507734115
2025-02-10T06:00:00,2025-02-10T07:20:00,14.066290141727677,0.9099,0.45495,6.399458699979007
2025-02-10T06:00:00,2025-02-10T07:40:00,12.712526022289012,0.9099,0.45495,5.783563713840386
2025-02-10T06:00:00,2025-02-10T07:50:00,480.77106036884504,0.9099,0.45495,218.72679391480605
2025-02-10T06:00:00,2025-02-10T08:00:00,64.10015784415748,0.9099,0.45495,29.162366811199448
2025-02-10T06:00:00,2025-02-10T08:10:00,41.44508812728475,0.9099,0.45495,18.855442843508197
2025-02-10T06:00:00,2025-02-10T10:50:00,2.737673387373917,0.9099,0.45495,1.2455045075857636
2025-02-10T06:00:00,2025-02-10T11:00:00,132.84382778893178,0.9099,0.45495,60.437299452574514
2025-02-10T06:00:00,2025-02-10T11:10:00,132.77569990617826,0.9099,0.45495,60.406304672315805
2025-02-10T06:00:00,2025-02-10T11:20:00,132.646147281328,0.9099,0.45495,60.34736470564018
2025-02-10T06:00:00,2025-02-10T11:30:00,132.43052671370947,0.9099,0.45495,60.24926812840213
2025-02-10T06:00:00,2025-02-10T11:40:00,132.34540361238578,0.9099,0.45495,60.210541373454916
2025-02-10T06:00:00,2025-02-10T11:50:00,132.31525741769042,0.9099,0.45495,60.19682636217826
2025-02-10T06:00:00,2025-02-10T12:20:00,123.85798149606353,0.9099,0.45495,56.349188681634104
2025-02-10T06:00:00,2025-02-10T12:30:00,0.01045821276204606,0.9099,0.45495,0.004757963896092855
2025-02-10T06:00:00,2025-02-10T12:50:00,256.8244236399304,0.9099,0.45495,116.84227153498634
2025-02-10T06:00:00,2025-02-10T13:00:00,141.30581884187518,0.9099,0.45495,64.28708228211111
2025-02-10T06:00:00,2025-02-10T13:10:00,129.70844121934942,0.9099,0.45495,59.01085533274302
2025-02-10T06:00:00,2025-02-10T13:20:00,134.55081490131965,0.9099,0.45495,61.21389323935538
2025-02-10T06:00:00,2025-02-10T13:30:00,158.55415461026178,0.9099,0.45495,72.1342126399386
2025-02-10T06:00:00,2025-02-10T13:40:00,142.211861268632,0.9099,0.45495,64.69928628416413
2025-02-10T06:00:00,2025-02-10T13:50:00,0.2717208646230584,0.9099,0.45495,0.12361940736026042
2025-02-10T06:00:00,2025-02-10T15:00:00,24.056388910521946,0.9099,0.45495,10.94445413484196
2025-02-10T06:00:00,2025-02-10T15:10:00,24.59861048691164,0.9099,0.45495,11.191137841020451
2025-02-10T06:00:00,2025-02-10T15:20:00,459.7616341882688,0.9099,0.45495,209.1685554739529
2025-02-10T06:00:00,2025-02-10T15:30:00,238.25865696872972,0.9099,0.45495,108.3957759879236
2025-02-10T06:00:00,2025-02-10T15:40:00,26.344035951185106,0.9099,0.45495,11.985219155991665
2025-02-10T06:00:00,2025-02-10T15:50:00,27.050446738569235,0.9099,0.45495,12.306600743712075
2025-02-10T06:00:00,2025-02-10T16:00:00,1.9940716700817802,0.9099,0.45495,0.9072029063037059
2025-02-10T06:00:00,2025-02-10T16:10:00,2.7469084583788117,0.9099,0.45495,1.2497060031394405
2025-02-10T06:00:00,2025-02-10T16:20:00,3.4909420163063487,0.9099,0.45495,1.5882040703185734
2025-02-10T06:00:00,2025-02-10T16:30:00,4.195518557141099,0.9099,0.45495,1.9087511675713433
2025-02-10T06:00:00,2025-02-10T16:40:00,4.899530587284403,0.9099,0.45495,2.229041440685039
2025-02-10T06:00:00,2025-02-10T16:50:00,5.55361670701609,0.9099,0.45495,2.52661792085697
2025-02-10T06:00:00,2025-02-10T18:00:00,0.04130016232716116,0.9099,0.45495,0.01878950885074197
2025-02-10T06:00:00,2025-02-10T18:10:00,0.04006268389343859,0.9099,0.45495,0.018226518037319887
2025-02-10T06:00:00,2025-02-10T18:20:00,0.03898627445050806,0.9099,0.45495,0.017736805561258645
2025-02-10T06:00:00,2025-02-10T18:30:00,0.03799798367242602,0.9099,0.45495,0.017287182671770217
2025-02-10T06:00:00,2025-02-10T18:40:00,0.03694938295643624,0.9099,0.45495,0.016810121776030668
2025-02-10T06:00:00,2025-02-10T18:50:00,4.882838537286148,0.9099,0.45495,2.221447392538333
2025-02-10T06:00:00,2025-02-10T19:10:00,1.012275642831355,0.9099,0.45495,0.460534803706125
2025-02-10T06:00:00,2025-02-10T19:20:00,0.07712684846364937,0.9099,0.45495,0.035088859708537284
2025-02-10T06:00:00,2025-02-10T19:30:00,0.3092013626710468,0.9099,0.45495,0.14067115994719276
2025-02-10T06:00:00,2025-02-10T20:00:00,1.2162823117234893,0.9099,0.45495,0.5533476377186015
2025-02-10T06:00:00,2025-02-10T20:40:00,0.7883601964828131,0.9099,0.45495,0.35866447138985585
2025-02-10T06:00:00,2025-02-10T20:50:00,0.025755397277976044,0.9099,0.45495,0.011717417991615202
2025-02-10T06:00:00,2025-02-10T21:10:00,0.024363561930613287,0.9099,0.45495,0.011084202500332515
2025-02-10T06:00:00,2025-02-10T21:20:00,0.02369610941218525,0.9099,0.45495,0.01078054497707368
2025-02-10T06:00:00,2025-02-10T21:30:00,0.023046942104542723,0.9099,0.45495,0.010485206310461712
2025-02-10T06:00:00,2025-02-10T21:40:00,1.2909165336830029,0.9099,0.45495,0.5873024769990822
2025-02-10T06:00:00,2025-02-10T22:00:00,0.021204210357609554,0.9099,0.45495,0.009646855502194468
2025-02-10T06:00:00,2025-02-10T22:10:00,0.020623309927486844,0.9099,0.45495,0.00938257485151014
2025-02-10T06:00:00,2025-02-10T22:30:00,0.019508815305925964,0.9099,0.45495,0.008875535523431018
2025-02-10T06:00:00,2025-02-10T22:40:00,0.01897436110994022,0.9099,0.45495,0.008632385586967302
2025-02-10T06:00:00,2025-02-10T22:50:00,0.018454548566069207,0.9099,0.45495,0.008395896870133186
2025-02-10T06:00:00,2025-02-10T23:00:00,0.017948976558500362,0.9099,0.45495,0.00816588688528974
2025-02-10T06:00:00,2025-02-10T23:20:00,0.016979004332824843,0.9099,0.45495,0.007724598021218662
2025-02-10T06:00:00,2025-02-10T23:30:00,0.016513855630819307,0.9099,0.45495,0.007512978619241244
2025-02-10T06:00:00,2025-02-10T23:40:00,0.016061449920925952,0.9099,0.45495,0.007307156641525262
2025-02-10T12:00:00,2025-02-10T12:00:00,74.17856523188459,0.4432,0.2216,16.437970055385623
2025-02-10T12:00:00,2025-02-10T12:10:00,73.93041199583092,0.4432,0.2216,16.382979298276133
2025-02-10T12:00:00,2025-02-10T12:30:00,72.56452267364773,0.4432,0.2216,16.080298224480337
2025-02-10T12:00:00,2025-02-10T12:40:00,71.48178487237351,0.4432,0.2216,15.840363527717969
2025-02-10T12:00:00,2025-02-10T19:00:00,1.2273795852185003,0.4432,0.2216,0.2719873160844197
2025-02-10T12:00:00,2025-02-10T19:40:00,1.3644668386178864,0.4432,0.2216,0.3023658514377236
2025-02-10T12:00:00,2025-02-10T19:50:00,1.327086556116683,0.4432,0.2216,0.2940823808354569
2025-02-10T12:00:00,2025-02-10T20:20:00,1.1531275718500638,0.4432,0.2216,0.2555330699219741
2025-02-10T12:00:00,2025-02-10T20:30:00,1.1875292272288789,0.4432,0.2216,0.26315647675391957
2025-02-10T12:00:00,2025-02-10T21:00:00,0.35488590267050313,0.4432,0.2216,0.0786427160317835
2025-02-10T12:00:00,2025-02-10T21:20:00,5.019554249758357,0.4432,0.2216,1.1123332217464519
2025-02-10T12:00:00,2025-02-10T21:30:00,4.882040936443332,0.4432,0.2216,1.0818602715158423
2025-02-10T12:00:00,2025-02-10T22:00:00,4.4916944955662075,0.4432,0.2216,0.9953595002174715
2025-02-10T12:00:00,2025-02-10T22:10:00,4.3686421762267855,0.4432,0.2216,0.9680911062518557
2025-02-10T12:00:00,2025-02-10T22:30:00,4.132558432867199,0.4432,0.2216,0.9157749487233714
2025-02-10T12:00:00,2025-02-10T22:40:00,4.019344833751802,0.4432,0.2216,0.8906868151593993
2025-02-10T12:00:00,2025-02-10T22:50:00,3.9092327803809894,0.4432,0.2216,0.8662859841324272
2025-02-10T12:00:00,2025-02-10T23:00:00,3.8021373042886353,0.4432,0.2216,0.8425536266303616
2025-02-10T12:00:00,2025-02-10T23:20:00,3.596667785075624,0.4432,0.2216,0.7970215811727582
2025-02-10T12:00:00,2025-02-10T23:30:00,3.498135190464609,0.4432,0.2216,0.7751867582069574
2025-02-10T12:00:00,2025-02-10T23:40:00,3.4023019478042897,0.4432,0.2216,0.7539501116334306
2025-02-10T18:00:00,2025-02-10T18:10:00,20.209517087012273,1.2313,0.61565,12.441989194619106
2025-02-10T18:00:00,2025-02-10T18:20:00,0.025717103061879243,1.2313,0.61565,0.015832734500045957
2025-02-10T18:00:00,2025-02-10T18:30:00,19.117009490365945,1.2313,0.61565,11.769386892743794
2025-02-10T18:00:00,2025-02-10T18:40:00,18.59331749582998,1.2313,0.61565,11.446975916307727
2025-02-10T18:00:00,2025-02-10T20:40:00,1.6456809094357823,1.2313,0.61565,1.0131634518941395
2025-02-10T18:00:00,2025-02-10T20:50:00,4.021066783531751,1.2313,0.61565,2.4755697652813224
2025-02-10T18:00:00,2025-02-10T22:00:00,6.176268682077534,1.2313,0.61565,3.802419814121034
2025-02-10T18:00:00,2025-02-10T22:10:00,6.007066572061831,1.2313,0.61565,3.6982505350898665
2025-02-10T18:00:00,2025-02-10T22:30:00,5.682441504195367,1.2313,0.61565,3.498395112057878
2025-02-10T18:00:00,2025-02-10T22:40:00,5.52676804793191,1.2313,0.61565,3.40255474870928
2025-02-10T18:00:00,2025-02-10T22:50:00,5.3753593474025365,1.2313,0.61565,3.3093399822283716
2025-02-10T18:00:00,2025-02-10T23:00:00,5.228098567392863,1.2313,0.61565,3.218678883015416
2025-02-10T18:00:00,2025-02-10T23:20:00,4.945569344202795,1.2313,0.61565,3.044739766758451
2025-02-10T18:00:00,2025-02-10T23:30:00,4.810082886061309,1.2313,0.61565,2.961327528803645
2025-02-10T18:00:00,2025-02-10T23:40:00,4.678308150283783,1.2313,0.61565,2.8802004127222114
2025-02-11T06:00:00,2025-02-11T06:00:00,0.899081768133783,0.9099,0.45495,0.40903725041246464
2025-02-11T06:00:00,2025-02-11T06:40:00,158.36751036006706,0.9099,0.45495,72.04929883831251
2025-02-11T06:00:00,2025-02-11T06:50:00,2.0917118835884594,0.9099,0.45495,0.9516243214385697
2025-02-11T06:00:00,2025-02-11T07:50:00,164.40134092686242,0.9099,0.45495,74.79439005467606
2025-02-11T06:00:00,2025-02-11T08:00:00,8.475033298869334,0.9099,0.45495,3.855716399320604
2025-02-11T06:00:00,2025-02-11T12:20:00,110.10596510969253,0.9099,0.45495,50.09270882665462
2025-02-11T06:00:00,2025-02-11T12:30:00,0.010462043736765736,0.9099,0.45495,0.004759706798041572
2025-02-11T06:00:00,2025-02-11T13:00:00,232.40163404233408,0.9099,0.45495,105.73112340755989
2025-02-11T06:00:00,2025-02-11T13:10:00,248.7244132504062,0.9099,0.45495,113.15717180827231
2025-02-11T06:00:00,2025-02-11T13:20:00,240.35079161404417,0.9099,0.45495,109.3475926448094
2025-02-11T06:00:00,2025-02-11T13:30:00,230.3194234001321,0.9099,0.45495,104.78382167589011
2025-02-11T06:00:00,2025-02-11T13:40:00,228.55176670237074,0.9099,0.45495,103.97962626124357
2025-02-11T06:00:00,2025-02-11T13:50:00,0.2710248064514677,0.9099,0.45495,0.12330273569509524
2025-02-11T06:00:00,2025-02-11T15:00:00,45.29958271220562,0.9099,0.45495,20.609045154917947
2025-02-11T06:00:00,2025-02-11T15:10:00,45.835912039872255,0.9099,0.45495,20.853048182539883
2025-02-11T06:00:00,2025-02-11T15:20:00,46.348132009344454,0.9099,0.45495,21.08608265765126
2025-02-11T06:00:00,2025-02-11T15:30:00,93.72065259128772,0.9099,0.45495,42.63821089640635
2025-02-11T06:00:00,2025-02-11T15:40:00,47.7242464786209,0.9099,0.45495,21.71214593544858
2025-02-11T06:00:00,2025-02-11T15:50:00,48.51063671898498,0.9099,0.45495,22.06991417530222
2025-02-11T06:00:00,2025-02-11T16:00:00,13.033489961685405,0.9099,0.45495,5.929586258068775
2025-02-11T06:00:00,2025-02-11T16:10:00,13.840068974882115,0.9099,0.45495,6.296539380122619
2025-02-11T06:00:00,2025-02-11T16:20:00,14.626163881143384,0.9099,0.45495,6.654173257726183
2025-02-11T06:00:00,2025-02-11T16:30:00,15.363649864366494,0.9099,0.45495,6.989692505793537
2025-02-11T06:00:00,2025-02-11T16:40:00,16.121330512543636,0.9099,0.45495,7.334399316681727
2025-02-11T06:00:00,2025-02-11T16:50:00,16.82757420859855,0.9099,0.45495,7.65570488620191
2025-02-11T06:00:00,2025-02-11T18:00:00,0.13851966634979362,0.9099,0.45495,0.06301952220583862
2025-02-11T06:00:00,2025-02-11T18:10:00,0.134678807778414,0.9099,0.45495,0.06127212359878946
2025-02-11T06:00:00,2025-02-11T18:20:00,0.13089162053154269,0.9099,0.45495,0.059549142760825347
2025-02-11T06:00:00,2025-02-11T18:30:00,0.12744424534150767,0.9099,0.45495,0.057980759418118914
2025-02-11T06:00:00,2025-02-11T18:40:00,0.12394951456417402,0.9099,0.45495,0.056390831650970974
2025-02-11T06:00:00,2025-02-11T18:50:00,8.267309833312652,0.9099,0.45495,3.7612126086655913
2025-02-11T06:00:00,2025-02-11T19:20:00,0.1549741416276902,0.9099,0.45495,0.07050548573351766
2025-02-11T06:00:00,2025-02-11T19:30:00,0.3849159885338622,0.9099,0.45495,0.17511752898348062
2025-02-11T06:00:00,2025-02-11T20:00:00,1.2859431303542124,0.9099,0.45495,0.585039827154649
2025-02-11T06:00:00,2025-02-11T20:40:00,0.850695435835064,0.9099,0.45495,0.3870238885331624
2025-02-11T06:00:00,2025-02-11T22:00:00,0.07111836802664584,0.9099,0.45495,0.03235530153372253
2025-02-11T06:00:00,2025-02-11T22:10:00,0.06917004314777842,0.9099,0.45495,0.031468911130081795
2025-02-11T06:00:00,2025-02-11T22:30:00,0.06543205728030443,0.9099,0.45495,0.029768314459674504
2025-02-11T06:00:00,2025-02-11T22:40:00,0.06363951185767291,0.9099,0.45495,0.028952795919648295
2025-02-11T06:00:00,2025-02-11T22:50:00,0.06189607415467435,0.9099,0.45495,0.028159618936669097
2025-02-11T06:00:00,2025-02-11T23:00:00,0.060200398838787805,0.9099,0.45495,0.027388171451706512
2025-02-11T06:00:00,2025-02-11T23:20:00,0.05694713731350021,0.9099,0.45495,0.02590810012077692
2025-02-11T06:00:00,2025-02-11T23:30:00,0.05538704071000211,0.9099,0.45495,0.02519833417101546
2025-02-11T06:00:00,2025-02-11T23:40:00,0.05386968376888035,0.9099,0.45495,0.024508012630652116
2025-02-11T12:00:00,2025-02-11T12:00:00,76.65567778115224,0.4432,0.2216,16.986898196303336
2025-02-11T12:00:00,2025-02-11T12:10:00,77.2697690441264,0.4432,0.2216,17.122980820178412
2025-02-11T12:00:00,2025-02-11T12:30:00,77.39449136610949,0.4432,0.2216,17.150619286729864
2025-02-11T12:00:00,2025-02-11T12:40:00,77.32825989964135,0.4432,0.2216,17.135942393760523
2025-02-11T12:00:00,2025-02-11T15:00:00,67.11359012013281,0.4432,0.2216,14.87237157062143
2025-02-11T12:00:00,2025-02-11T15:10:00,64.8925217416047,0.4432,0.2216,14.3801828179396
2025-02-11T12:00:00,2025-02-11T15:20:00,62.771745768752226,0.4432,0.2216,13.910218862355492
2025-02-11T12:00:00,2025-02-11T21:40:00,2.7397062878978886,0.4432,0.2216,0.6071189133981721
2025-02-11T18:00:00,2025-02-11T18:00:00,11.865007481344378,1.2313,0.61565,7.304691855889667
2025-02-11T18:00:00,2025-02-11T18:10:00,11.539938244152609,1.2313,0.61565,7.104562980012554
2025-02-11T18:00:00,2025-02-11T18:20:00,11.22375076335527,1.2313,0.61565,6.909902157459672
2025-02-11T18:00:00,2025-02-11T18:30:00,10.91633386274657,1.2313,0.61565,6.720640942599926
2025-02-11T18:00:00,2025-02-11T18:40:00,10.61727365906313,1.2313,0.61565,6.536524528202216
2025-02-11T18:00:00,2025-02-11T21:00:00,2.8518940283305483,1.2313,0.61565,1.7557685585417022
2025-02-11T18:00:00,2025-02-11T21:10:00,2.0598478142297836,1.2313,0.61565,1.2681453068305664
2025-02-11T18:00:00,2025-02-11T22:00:00,5.502587315165329,1.2313,0.61565,3.387667880581535
2025-02-11T18:00:00,2025-02-11T22:10:00,5.351841058453601,1.2313,0.61565,3.29486094763696
2025-02-11T18:00:00,2025-02-11T22:30:00,5.062624725328078,1.2313,0.61565,3.1168049121482313
2025-02-11T18:00:00,2025-02-11T22:40:00,4.923931473814264,1.2313,0.61565,3.0314184118537515
2025-02-11T18:00:00,2025-02-11T22:50:00,4.789037796445427,1.2313,0.61565,2.9483711193816275
2025-02-11T18:00:00,2025-02-11T23:00:00,4.657839601902197,1.2313,0.61565,2.8675989509110873
2025-02-11T18:00:00,2025-02-11T23:20:00,4.406127476068605,1.2313,0.61565,2.7126323806416366
2025-02-11T18:00:00,2025-02-11T23:30:00,4.285419309969484,1.2313,0.61565,2.638318398182713
2025-02-11T18:00:00,2025-02-11T23:40:00,4.168018007197134,1.2313,0.61565,2.5660402861309155
2025-02-12T06:00:00,2025-02-12T06:00:00,17.848224341008745,0.9099,0.45495,8.120049663941929
2025-02-12T06:00:00,2025-02-12T06:10:00,6.692847388365067,0.9099,0.45495,3.0449109193366874
2025-02-12T06:00:00,2025-02-12T06:20:00,33.43298649425151,0.9099,0.45495,15.210337205559725
2025-02-12T06:00:00,2025-02-12T06:30:00,9.914407823547663,0.9099,0.45495,4.510559839323009
2025-02-12T06:00:00,2025-02-12T06:40:00,698.1893807535625,0.9099,0.45495,317.6412587738333
2025-02-12T06:00:00,2025-02-12T06:50:00,20.683829541103137,0.9099,0.45495,9.410108249724873
2025-02-12T06:00:00,2025-02-12T07:00:00,47.94976468540915,0.9099,0.45495,21.814745443626894
2025-02-12T06:00:00,2025-02-12T07:10:00,46.63062692675703,0.9099,0.45495,21.214603720328114
2025-02-12T06:00:00,2025-02-12T07:20:00,45.26168553320133,0.9099,0.45495,20.591803833329948
2025-02-12T06:00:00,2025-02-12T07:40:00,42.452352215053,0.9099,0.45495,19.313697640238363
2025-02-12T06:00:00,2025-02-12T07:50:00,634.6106825132013,0.9099,0.45495,288.71613000938095
2025-02-12T06:00:00,2025-02-12T08:00:00,71.65174101550974,0.9099,0.45495,32.59795957500616
2025-02-12T06:00:00,2025-02-12T08:10:00,48.23179248026929,0.9099,0.45495,21.943053988898516
2025-02-12T06:00:00,2025-02-12T10:50:00,22.684770501359964,0.9099,0.45495,10.320436339593716
2025-02-12T06:00:00,2025-02-12T11:00:00,90.93052514712758,0.9099,0.45495,41.3688424156857
2025-02-12T06:00:00,2025-02-12T11:10:00,90.56510204821643,0.9099,0.45495,41.20259317683607
2025-02-12T06:00:00,2025-02-12T11:20:00,89.96019337612711,0.9099,0.45495,40.92738997646903
2025-02-12T06:00:00,2025-02-12T11:30:00,89.50687698072966,0.9099,0.45495,40.72115368238296
2025-02-12T06:00:00,2025-02-12T11:40:00,89.70775206079338,0.9099,0.45495,40.81254180005795
2025-02-12T06:00:00,2025-02-12T11:50:00,89.72545653494058,0.9099,0.45495,40.820596450571216
2025-02-12T06:00:00,2025-02-12T12:20:00,26.316117075353077,0.9099,0.45495,11.972517463431883
2025-02-12T06:00:00,2025-02-12T12:30:00,0.010360826765577258,0.9099,0.45495,0.0047136581369993736
2025-02-12T06:00:00,2025-02-12T12:50:00,183.71258599674786,0.9099,0.45495,83.58004099922044
2025-02-12T06:00:00,2025-02-12T13:00:00,60.55065163416872,0.9099,0.45495,27.54751896096506
2025-02-12T06:00:00,2025-02-12T13:10:00,88.5325833234092,0.9099,0.45495,40.27789878298502
2025-02-12T06:00:00,2025-02-12T13:20:00,116.78539337941595,0.9099,0.45495,53.13151471796529
2025-02-12T06:00:00,2025-02-12T13:30:00,145.25388257902728,0.9099,0.45495,66.08325387932847
2025-02-12T06:00:00,2025-02-12T13:40:00,142.07117963573387,0.9099,0.45495,64.63528317527712
2025-02-12T06:00:00,2025-02-12T13:50:00,0.27005571411063617,0.9099,0.45495,0.12286184713463393
2025-02-12T06:00:00,2025-02-12T15:00:00,37.551080769020245,0.9099,0.45495,17.08386419586576
2025-02-12T06:00:00,2025-02-12T15:10:00,38.34999784509523,0.9099,0.45495,17.447331519626076
2025-02-12T06:00:00,2025-02-12T15:20:00,39.23247404695621,0.9099,0.45495,17.84881406766273
2025-02-12T06:00:00,2025-02-12T15:50:00,42.87712647677631,0.9099,0.45495,19.506948690609384
2025-02-12T06:00:00,2025-02-12T16:00:00,7.502296360100445,0.9099,0.45495,3.4131697290276977
2025-02-12T06:00:00,2025-02-12T16:10:00,8.829672679751184,0.9099,0.45495,4.0170595856528015
2025-02-12T06:00:00,2025-02-12T16:20:00,10.106214236720348,0.9099,0.45495,4.597822166995923
2025-02-12T06:00:00,2025-02-12T16:30:00,11.336420460253066,0.9099,0.45495,5.157504488392132
2025-02-12T06:00:00,2025-02-12T16:40:00,12.605019299057517,0.9099,0.45495,5.734653530106217
2025-02-12T06:00:00,2025-02-12T16:50:00,13.75334156088627,0.9099,0.45495,6.257082743125209
2025-02-12T06:00:00,2025-02-12T17:10:00,0.11912704343342284,0.9099,0.45495,0.054196848410035726
2025-02-12T06:00:00,2025-02-12T17:20:00,1.3390336612291094,0.9099,0.45495,0.6091933641761833
2025-02-12T06:00:00,2025-02-12T17:30:00,1.507854897075049,0.9099,0.45495,0.6859985854242936
2025-02-12T06:00:00,2025-02-12T17:40:00,1.466161679463994,0.9099,0.45495,0.6670302560721441
2025-02-12T06:00:00,2025-02-12T17:50:00,1.4215752439907874,0.9099,0.45495,0.6467456572536088
2025-02-12T06:00:00,2025-02-12T18:00:00,1.3872934761246825,0.9099,0.45495,0.6311491669629243
2025-02-12T06:00:00,2025-02-12T18:10:00,1.349260233294558,0.9099,0.45495,0.6138459431373592
2025-02-12T06:00:00,2025-02-12T18:20:00,1.3119792763865235,0.9099,0.45495,0.5968849717920489
2025-02-12T06:00:00,2025-02-12T18:30:00,1.2763716141608938,0.9099,0.45495,0.5806852658624987
2025-02-12T06:00:00,2025-02-12T18:40:00,1.241402736053601,0.9099,0.45495,0.5647761747675858
2025-02-12T06:00:00,2025-02-12T18:50:00,10.381273444957742,0.9099,0.45495,4.722960353783525
2025-02-12T06:00:00,2025-02-12T19:10:00,1.4350133415438222,0.9099,0.45495,0.6528593197353619
2025-02-12T06:00:00,2025-02-12T19:20:00,1.154914038897914,0.9099,0.45495,0.525428141996606
2025-02-12T06:00:00,2025-02-12T19:30:00,1.3574620094661896,0.9099,0.45495,0.617577341206643
2025-02-12T06:00:00,2025-02-12T20:50:00,0.8651369051724487,0.9099,0.45495,0.39359403500820556
2025-02-12T06:00:00,2025-02-12T22:00:00,0.7122602197650849,0.9099,0.45495,0.3240427869821254
2025-02-12T06:00:00,2025-02-12T22:10:00,0.6927474786155017,0.9099,0.45495,0.3151654653961225
2025-02-12T06:00:00,2025-02-12T22:30:00,0.6553110369575279,0.9099,0.45495,0.2981337562638273
2025-02-12T06:00:00,2025-02-12T22:40:00,0.6373584484485946,0.9099,0.45495,0.2899662261216881
2025-02-12T06:00:00,2025-02-12T22:50:00,0.6198976804889753,0.9099,0.45495,0.28202244973845936
2025-02-12T06:00:00,2025-02-12T23:00:00,0.6029152593978324,0.9099,0.45495,0.2742962972630439
2025-02-12T06:00:00,2025-02-12T23:20:00,0.5703333985757126,0.9099,0.45495,0.2594731796820205
2025-02-12T06:00:00,2025-02-12T23:30:00,0.5547088169034851,0.9099,0.45495,0.25236477625024056
2025-02-12T06:00:00,2025-02-12T23:40:00,0.5395122788163462,0.9099,0.45495,0.24545111124749672
2025-02-12T12:00:00,2025-02-12T12:00:00,29.595914526207366,0.4432,0.2216,6.558454659007552
2025-02-12T12:00:00,2025-02-12T12:10:00,29.615729470208294,0.4432,0.2216,6.562845650598158
2025-02-12T12:00:00,2025-02-12T12:20:00,3.005452145112713,0.4432,0.2216,0.6660081953569772
2025-02-12T12:00:00,2025-02-12T12:30:00,28.813178869866647,0.4432,0.2216,6.385000437562448
2025-02-12T12:00:00,2025-02-12T12:40:00,28.302367426295632,0.4432,0.2216,6.271804621667112
2025-02-12T12:00:00,2025-02-12T15:00:00,25.678197060990897,0.4432,0.2216,5.690288468715583
2025-02-12T12:00:00,2025-02-12T15:10:00,23.104112686922235,0.4432,0.2216,5.119871371421967
2025-02-12T12:00:00,2025-02-12T15:20:00,20.311133988077017,0.4432,0.2216,4.500947291757867
2025-02-12T12:00:00,2025-02-12T19:00:00,1.2754919561386941,0.4432,0.2216,0.2826490174803346
2025-02-12T12:00:00,2025-02-12T19:40:00,0.34492384036036583,0.4432,0.2216,0.07643512302385706
2025-02-12T12:00:00,2025-02-12T20:20:00,0.2408004118262852,0.4432,0.2216,0.053361371260704796
2025-02-12T12:00:00,2025-02-12T20:30:00,0.30019574679488414,0.4432,0.2216,0.06652337748974632
2025-02-12T12:00:00,2025-02-12T21:00:00,6.381753065178032,0.4432,0.2216,1.4141964792434518
2025-02-12T12:00:00,2025-02-12T21:10:00,6.206921603042929,0.4432,0.2216,1.375453827234313
2025-02-12T12:00:00,2025-02-12T21:20:00,3.455281108997724,0.4432,0.2216,0.7656902937538956
2025-02-12T12:00:00,2025-02-12T21:30:00,3.360621876306709,0.4432,0.2216,0.7447138077895668
2025-02-12T12:00:00,2025-02-12T21:40:00,2.755352958796152,0.4432,0.2216,0.6105862156692272
2025-02-12T12:00:00,2025-02-12T22:00:00,2.379661167211907,0.4432,0.2216,0.5273329146541585
2025-02-12T12:00:00,2025-02-12T22:10:00,2.314469105250282,0.4432,0.2216,0.5128863537234625
2025-02-12T12:00:00,2025-02-12T22:30:00,2.1893939656035855,0.4432,0.2216,0.4851697027777545
2025-02-12T12:00:00,2025-02-12T22:40:00,2.1294143731179247,0.4432,0.2216,0.4718782250829321
2025-02-12T12:00:00,2025-02-12T22:50:00,2.0710779529301817,0.4432,0.2216,0.45895087436932824
2025-02-12T12:00:00,2025-02-12T23:00:00,2.0143396894768557,0.4432,0.2216,0.4463776751880712
2025-02-12T12:00:00,2025-02-12T23:20:00,1.9054837028552356,0.4432,0.2216,0.4222551885527202
2025-02-12T12:00:00,2025-02-12T23:30:00,1.8532819804695464,0.4432,0.2216,0.41068728687205147
2025-02-12T12:00:00,2025-02-12T23:40:00,1.8025103515635692,0.4432,0.2216,0.39943629390648694
2025-02-12T18:00:00,2025-02-12T18:00:00,4.131629236457115,1.2313,0.61565,2.5436375394248234
2025-02-12T18:00:00,2025-02-12T18:10:00,4.018507085569354,1.2313,0.61565,2.473993887230773
2025-02-12T18:00:00,2025-02-12T18:20:00,3.909176230369212,1.2313,0.61565,2.4066843462268057
2025-02-12T18:00:00,2025-02-12T18:30:00,3.801282402321476,1.2313,0.61565,2.340259510989217
2025-02-12T18:00:00,2025-02-12T18:40:00,3.6971490878678424,1.2313,0.61565,2.276149835945837
2025-02-12T18:00:00,2025-02-12T20:50:00,4.206949988684414,1.2313,0.61565,2.5900087605335598
2025-02-13T06:00:00,2025-02-13T06:50:00,556.7007184461085,0.9099,0.45495,253.27099185705706
2025-02-13T06:00:00,2025-02-13T07:00:00,19.31556569636541,0.9099,0.45495,8.787616613561443
2025-02-13T06:00:00,2025-02-13T07:10:00,18.13567299274905,0.9099,0.45495,8.250824428051182
2025-02-13T06:00:00,2025-02-13T07:20:00,16.90431370814258,0.9099,0.45495,7.690617521519468
2025-02-13T06:00:00,2025-02-13T07:40:00,14.30962497175733,0.9099,0.45495,6.510163880900998
2025-02-13T06:00:00,2025-02-13T07:50:00,387.3588430210983,0.9099,0.45495,176.2289056324487
2025-02-13T06:00:00,2025-02-13T08:00:00,57.96425836859089,0.9099,0.45495,26.370839344790426
2025-02-13T06:00:00,2025-02-13T08:10:00,34.6081348946542,0.9099,0.45495,15.744970970322928
2025-02-13T06:00:00,2025-02-13T11:00:00,111.22366591168134,0.9099,0.45495,50.60120680651943
2025-02-13T06:00:00,2025-02-13T11:10:00,82.17790075141238,0.9099,0.45495,37.386835946855065
2025-02-13T06:00:00,2025-02-13T11:20:00,81.52884187254517,0.9099,0.45495,37.09154660991443
2025-02-13T06:00:00,2025-02-13T11:30:00,81.07621098243385,0.9099,0.45495,36.885622186458285
2025-02-13T06:00:00,2025-02-13T11:40:00,81.34626278871406,0.9099,0.45495,37.00848225572546
2025-02-13T06:00:00,2025-02-13T11:50:00,81.58695409359052,0.9099,0.45495,37.11798476487901
2025-02-13T06:00:00,2025-02-13T12:20:00,69.67075585957537,0.9099,0.45495,31.696710378313814
2025-02-13T06:00:00,2025-02-13T12:30:00,0.006329326855848194,0.9099,0.45495,0.002879527253068136
2025-02-13T06:00:00,2025-02-13T12:50:00,412.07491589082747,0.9099,0.45495,187.47348298453196
2025-02-13T06:00:00,2025-02-13T13:00:00,5.833131348710367,0.9099,0.45495,2.653783107095782
2025-02-13T06:00:00,2025-02-13T13:10:00,6.708640100129742,0.9099,0.45495,3.0520958135540264
2025-02-13T06:00:00,2025-02-13T13:20:00,7.443817461416074,0.9099,0.45495,3.386564754071243
2025-02-13T06:00:00,2025-02-13T13:30:00,8.031711460236693,0.9099,0.45495,3.6540271288346835
2025-02-13T06:00:00,2025-02-13T13:40:00,9.052542503967516,0.9099,0.45495,4.118454212180022
2025-02-13T12:00:00,2025-02-13T12:00:00,30.22702035256566,0.4432,0.2216,6.6983077101285495
2025-02-13T12:00:00,2025-02-13T12:10:00,30.206170725057063,0.4432,0.2216,6.693687432672645
2025-02-13T12:00:00,2025-02-13T12:30:00,29.057763719657714,0.4432,0.2216,6.439200440276149
2025-02-13T12:00:00,2025-02-13T12:40:00,28.66918788496787,0.4432,0.2216,6.35309203530888
2025-02-13T12:00:00,2025-02-13T16:30:00,2.8724282958708045,0.4432,0.2216,0.6365301103649702
2025-02-13T12:00:00,2025-02-13T16:40:00,1.2389179552696987,0.4432,0.2216,0.2745442188877652
2025-02-13T12:00:00,2025-02-13T17:00:00,3.3708309377923342,0.4432,0.2216,0.7469761358147813
2025-02-13T12:00:00,2025-02-13T17:10:00,2.0059385882154857,0.4432,0.2216,0.4445159911485516
2025-02-13T12:00:00,2025-02-13T17:20:00,1.082146071039233,0.4432,0.2216,0.23980356934229402
2025-02-13T12:00:00,2025-02-13T17:40:00,0.4977212853132187,0.4432,0.2216,0.11029503682540925
2025-02-13T12:00:00,2025-02-13T19:00:00,3.0376430178985174,0.4432,0.2216,0.6731416927663114
2025-02-13T12:00:00,2025-02-13T19:10:00,0.2788626704791568,0.4432,0.2216,0.061795967778181145
2025-02-13T12:00:00,2025-02-13T19:40:00,1.921765892589292,0.4432,0.2216,0.4258633217977871
2025-02-13T12:00:00,2025-02-13T20:20:00,1.651820676567013,0.4432,0.2216,0.36604346192725007
2025-02-13T12:00:00,2025-02-13T20:30:00,0.7487227496534388,0.4432,0.2216,0.16591696132320202
2025-02-13T12:00:00,2025-02-13T21:00:00,5.5797932356282445,0.4432,0.2216,1.236482181015219
2025-02-13T12:00:00,2025-02-13T21:10:00,5.426931882355234,0.4432,0.2216,1.2026081051299198
2025-02-13T12:00:00,2025-02-13T21:20:00,3.095098104611793,0.4432,0.2216,0.6858737399819733
2025-02-13T12:00:00,2025-02-13T21:30:00,3.0103062736598076,0.4432,0.2216,0.6670838702430133
2025-02-13T12:00:00,2025-02-13T21:40:00,1.3397623040269764,0.4432,0.2216,0.29689132657237793
2025-02-13T12:00:00,2025-02-13T21:50:00,5.5194087103956235,0.4432,0.2216,1.2231009702236701
2025-02-13T12:00:00,2025-02-13T22:00:00,2.41307704716678,0.4432,0.2216,0.5347378736521584
2025-02-13T12:00:00,2025-02-13T22:10:00,2.346969539700922,0.4432,0.2216,0.5200884499977243
2025-02-13T12:00:00,2025-02-13T22:30:00,2.220138059316014,0.4432,0.2216,0.49198259394442867
2025-02-13T12:00:00,2025-02-13T22:40:00,2.159316216307161,0.4432,0.2216,0.4785044735336669
2025-02-13T12:00:00,2025-02-13T22:50:00,1.93500475642918,0.4432,0.2216,0.42879705402470625
2025-02-13T12:00:00,2025-02-13T23:00:00,2.0426256211796954,0.4432,0.2216,0.4526458376534205
2025-02-13T12:00:00,2025-02-13T23:20:00,1.932241047786647,0.4432,0.2216,0.428184616189521
2025-02-13T12:00:00,2025-02-13T23:30:00,1.879306293945092,0.4432,0.2216,0.4164542747382324
2025-02-13T12:00:00,2025-02-13T23:40:00,1.8278217153638252,0.4432,0.2216,0.40504529212462365
2025-02-13T18:00:00,2025-02-13T18:00:00,6.190448027534785,1.2313,0.61565,3.8111493281517905
2025-02-13T18:00:00,2025-02-13T18:10:00,17.05931868211735,1.2313,0.61565,10.502569546645548
2025-02-13T18:00:00,2025-02-13T18:20:00,16.592720339652487,1.2313,0.61565,10.215308277107054
2025-02-13T18:00:00,2025-02-13T18:30:00,16.13742404044706,1.2313,0.61565,9.935005110501232
2025-02-13T18:00:00,2025-02-13T18:40:00,15.6953308708637,1.2313,0.61565,9.662830450647236
2025-02-13T18:00:00,2025-02-13T19:20:00,0.8750534288800509,1.2313,0.61565,0.5387266434900033
2025-02-13T18:00:00,2025-02-13T20:40:00,16.591020088018126,1.2313,0.61565,10.21426151718836
2025-02-13T18:00:00,2025-02-13T20:50:00,12.568504946637745,1.2313,0.61565,7.737800070397528
2025-02-13T18:00:00,2025-02-13T22:00:00,6.592172729597223,1.2313,0.61565,4.058471140976531
2025-02-13T18:00:00,2025-02-13T22:10:00,6.411576710730515,1.2313,0.61565,3.9472872019612417
2025-02-13T18:00:00,2025-02-13T22:30:00,6.0650917001376,1.2313,0.61565,3.7339737051897135
2025-02-13T18:00:00,2025-02-13T22:40:00,5.898935341675042,1.2313,0.61565,3.6316795431022397
2025-02-13T18:00:00,2025-02-13T22:50:00,5.737330923533136,1.2313,0.61565,3.5321877830731756
2025-02-13T18:00:00,2025-02-13T23:00:00,5.5801537429263135,1.2313,0.61565,3.435421651832585
2025-02-13T18:00:00,2025-02-13T23:20:00,5.278599271076473,1.2313,0.61565,3.2497696412382306
2025-02-13T18:00:00,2025-02-13T23:30:00,5.133989283952133,1.2313,0.61565,3.1607405026651305
2025-02-13T18:00:00,2025-02-13T23:40:00,4.993340963039373,1.2313,0.61565,3.07415036389519
2025-02-14T12:00:00,2025-02-14T15:00:00,23.891049961712838,0.4432,0.2216,5.294256671515565
2025-02-14T12:00:00,2025-02-14T15:10:00,21.660583582582603,0.4432,0.2216,4.799985321900305
2025-02-14T12:00:00,2025-02-14T15:20:00,18.759176872136777,0.4432,0.2216,4.15703359486551
2025-02-14T12:00:00,2025-02-14T15:30:00,15.721906524373821,0.4432,0.2216,3.4839744858012387
2025-02-14T12:00:00,2025-02-14T15:40:00,12.777551801333288,0.4432,0.2216,2.8315054791754566
2025-02-14T12:00:00,2025-02-14T15:50:00,9.656125100762324,0.4432,0.2216,2.139797322328931
2025-02-14T12:00:00,2025-02-14T16:00:00,12.361320327204282,0.4432,0.2216,2.7392685845084688
2025-02-14T12:00:00,2025-02-14T16:10:00,9.225730035278332,0.4432,0.2216,2.0444217758176784
2025-02-14T12:00:00,2025-02-14T16:20:00,6.230448162476307,0.4432,0.2216,1.3806673128047495
2025-02-14T12:00:00,2025-02-14T16:30:00,3.243399827117173,0.4432,0.2216,0.7187374016891656
2025-02-14T12:00:00,2025-02-14T16:40:00,0.19884133311177266,0.4432,0.2216,0.04406323941756882
2025-02-14T12:00:00,2025-02-14T17:00:00,2.9720946883324473,0.4432,0.2216,0.6586161829344703
2025-02-14T12:00:00,2025-02-14T17:10:00,1.601895136442863,0.4432,0.2216,0.35497996223573847
2025-02-14T12:00:00,2025-02-14T21:20:00,0.13475094919368757,0.4432,0.2216,0.029860810341321164
2025-02-14T12:00:00,2025-02-14T21:30:00,0.13105937648145982,0.4432,0.2216,0.029042757828291497
2025-02-14T18:00:00,2025-02-14T21:00:00,0.5631327288074317,1.2313,0.61565,0.34669266449029534
2025-02-14T18:00:00,2025-02-14T21:10:00,0.5477054132488774,1.2313,0.61565,0.3371948376666714
2025-02-14T18:00:00,2025-02-14T21:50:00,5.737044512332716,1.2313,0.61565,3.5320114540176366
2025-02-14T18:00:00,2025-02-14T22:00:00,2.7589725773896134,1.2313,0.61565,1.6985614672699156
2025-02-14T18:00:00,2025-02-14T22:10:00,2.6833890810103185,1.2313,0.61565,1.6520284877240026
2025-02-14T18:00:00,2025-02-14T22:30:00,2.5383773099429163,1.2313,0.61565,1.5627519908663565
2025-02-14T18:00:00,2025-02-14T22:40:00,2.4688371362610724,1.2313,0.61565,1.5199395829391293
2025-02-14T18:00:00,2025-02-14T22:50:00,2.3103572748459555,1.2313,0.61565,1.4223714562589127
2025-02-14T18:00:00,2025-02-14T23:00:00,2.3354198662348153,1.2313,0.61565,1.437801240647464
2025-02-14T18:00:00,2025-02-14T23:20:00,2.2092125363378727,1.2313,0.61565,1.3601016979964113
2025-02-14T18:00:00,2025-02-14T23:30:00,2.148690003743468,1.2313,0.61565,1.322841000804666
2025-02-14T18:00:00,2025-02-14T23:40:00,2.0898255175764007,1.2313,0.61565,1.286601079895911
2025-02-15T06:00:00,2025-02-15T15:00:00,39.63422885967506,0.9099,0.45495,18.03159241970917
2025-02-15T06:00:00,2025-02-15T15:10:00,40.62472496426699,0.9099,0.45495,18.482218622493267
2025-02-15T06:00:00,2025-02-15T15:20:00,41.89618044537838,0.9099,0.45495,19.060667293624892
2025-02-15T06:00:00,2025-02-15T15:30:00,43.24008732266091,0.9099,0.45495,19.672077727444584
2025-02-15T06:00:00,2025-02-15T15:40:00,44.50524767256954,0.9099,0.45495,20.24766242863551
2025-02-15T06:00:00,2025-02-15T15:50:00,45.81896471516956,0.9099,0.45495,20.84533799716639
2025-02-15T06:00:00,2025-02-15T16:00:00,3.4064053587328544,0.9099,0.45495,1.5497441179555123
2025-02-15T06:00:00,2025-02-15T16:10:00,4.773466100746191,0.9099,0.45495,2.1716884025344796
2025-02-15T06:00:00,2025-02-15T16:20:00,6.059673460499766,0.9099,0.45495,2.7568484408543688
2025-02-15T06:00:00,2025-02-15T16:30:00,7.314308670754087,0.9099,0.45495,3.327644729759572
2025-02-15T06:00:00,2025-02-15T16:40:00,8.613732977641348,0.9099,0.45495,3.9188178181779314
2025-02-15T06:00:00,2025-02-15T16:50:00,9.819832122382024,0.9099,0.45495,4.467532624077702
2025-02-15T06:00:00,2025-02-15T17:20:00,0.7224066607451505,0.9099,0.45495,0.32865891030600625
2025-02-15T06:00:00,2025-02-15T17:30:00,1.065508500768999,0.9099,0.45495,0.48475309242485615
2025-02-15T06:00:00,2025-02-15T17:40:00,1.0363183382534658,0.9099,0.45495,0.4714730279884143
2025-02-15T06:00:00,2025-02-15T17:50:00,16.057351194058327,0.9099,0.45495,7.305291925736836
2025-02-15T06:00:00,2025-02-15T22:00:00,0.5033105774245996,0.9099,0.45495,0.2289811471993216
2025-02-15T06:00:00,2025-02-15T22:10:00,0.48952212098311065,0.9099,0.45495,0.2227080889412662
2025-02-15T06:00:00,2025-02-15T22:30:00,0.4630680855832452,0.9099,0.45495,0.2106728255360974
2025-02-15T06:00:00,2025-02-15T22:40:00,0.4503820932479812,0.9099,0.45495,0.20490133332316904
2025-02-15T06:00:00,2025-02-15T22:50:00,0.4380436403062049,0.9099,0.45495,0.19928795415730793
2025-02-15T06:00:00,2025-02-15T23:00:00,0.426043205734004,0.9099,0.45495,0.19382835644868512
2025-02-15T06:00:00,2025-02-15T23:20:00,0.403019604627616,0.9099,0.45495,0.1833537691253339
2025-02-15T06:00:00,2025-02-15T23:30:00,0.3919786718263367,0.9099,0.45495,0.1783306967473919
2025-02-15T06:00:00,2025-02-15T23:40:00,0.38124021115254436,0.9099,0.45495,0.17344523406385007
2025-02-16T06:00:00,2025-02-16T06:00:00,9.741219221143979,0.9099,0.45495,4.431767684659453
2025-02-16T06:00:00,2025-02-16T06:10:00,4.186958982843862,0.9099,0.45495,1.904856989244815
2025-02-16T06:00:00,2025-02-16T06:20:00,2.504457150277858,0.9099,0.45495,1.1394027805189115
2025-02-16T06:00:00,2025-02-16T06:30:00,4.460600169172608,0.9099,0.45495,2.029350046965078
2025-02-16T06:00:00,2025-02-16T06:40:00,359.06980011755076,0.9099,0.45495,163.35880556347973
2025-02-16T06:00:00,2025-02-16T06:50:00,84.45276742623707,0.9099,0.45495,38.42178654056656
2025-02-16T06:00:00,2025-02-16T07:00:00,42.451671877057265,0.9099,0.45495,19.313388120467202
2025-02-16T06:00:00,2025-02-16T07:10:00,40.73541283581653,0.9099,0.45495,18.532576069654734
2025-02-16T06:00:00,2025-02-16T07:20:00,38.97533915251336,0.9099,0.45495,17.73183054743595
2025-02-16T06:00:00,2025-02-16T07:40:00,35.23938407975038,0.9099,0.45495,16.032157787082436
2025-02-16T06:00:00,2025-02-16T07:50:00,602.4693723638188,0.9099,0.45495,274.0934409569194
2025-02-16T06:00:00,2025-02-16T08:00:00,62.386949441259844,0.9099,0.45495,28.382942648301167
2025-02-16T06:00:00,2025-02-16T08:10:00,7.958778472322365,0.9099,0.45495,3.6208462659830603
2025-02-16T06:00:00,2025-02-16T10:50:00,57.18170265169536,0.9099,0.45495,26.014815621388806
2025-02-16T06:00:00,2025-02-16T11:00:00,94.76067894033258,0.9099,0.45495,43.11137088390431
2025-02-16T06:00:00,2025-02-16T11:10:00,93.96051709469702,0.9099,0.45495,42.74733725223241
2025-02-16T06:00:00,2025-02-16T11:20:00,93.35043103286102,0.9099,0.45495,42.469778598400126
2025-02-16T06:00:00,2025-02-16T11:30:00,93.09697212512424,0.9099,0.45495,42.354467468325275
2025-02-16T06:00:00,2025-02-16T11:40:00,93.19829949360815,0.9099,0.45495,42.40056635461703
2025-02-16T06:00:00,2025-02-16T11:50:00,92.87809965441261,0.9099,0.45495,42.254891437775015
2025-02-16T06:00:00,2025-02-16T12:20:00,68.95771688981836,0.9099,0.45495,31.372313299022863
2025-02-16T06:00:00,2025-02-16T12:30:00,0.009913832251413623,0.9099,0.45495,0.0045102979827806285
2025-02-16T06:00:00,2025-02-16T12:50:00,28.883908249175988,0.9099,0.45495,13.140734057962616
2025-02-16T06:00:00,2025-02-16T13:00:00,108.85151245013935,0.9099,0.45495,49.5219955891909
2025-02-16T06:00:00,2025-02-16T13:10:00,106.96324362429664,0.9099,0.45495,48.66292768687376
2025-02-16T06:00:00,2025-02-16T13:20:00,97.4426790642633,0.9099,0.45495,44.33154684028659
2025-02-16T06:00:00,2025-02-16T13:30:00,108.02072472187899,0.9099,0.45495,49.14402871221885
2025-02-16T06:00:00,2025-02-16T13:40:00,116.9192311332547,0.9099,0.45495,53.19240420407423
2025-02-16T06:00:00,2025-02-16T13:50:00,0.25975486148896404,0.9099,0.45495,0.1181754742344042
2025-02-16T06:00:00,2025-02-16T15:00:00,56.49449514435946,0.9099,0.45495,25.702170565926338
2025-02-16T06:00:00,2025-02-16T15:10:00,57.94007427006795,0.9099,0.45495,26.359836789167417
2025-02-16T06:00:00,2025-02-16T15:20:00,625.50953104583,0.9099,0.45495,284.57556114930037
2025-02-16T06:00:00,2025-02-16T15:30:00,416.0431087935267,0.9099,0.45495,189.27881234561497
2025-02-16T06:00:00,2025-02-16T15:40:00,63.058781589726095,0.9099,0.45495,28.68859268424589
2025-02-16T06:00:00,2025-02-16T15:50:00,64.74697259576931,0.9099,0.45495,29.456635182445247
2025-02-16T06:00:00,2025-02-16T16:00:00,11.244023611560579,0.9099,0.45495,5.115468542079485
2025-02-16T06:00:00,2025-02-16T16:10:00,12.909343239771601,0.9099,0.45495,5.873105706934091
2025-02-16T06:00:00,2025-02-16T16:20:00,14.499487287338638,0.9099,0.45495,6.596541741374714
2025-02-16T06:00:00,2025-02-16T16:30:00,16.09760227395043,0.9099,0.45495,7.323604154533748
2025-02-16T06:00:00,2025-02-16T16:40:00,17.754203310778166,0.9099,0.45495,8.077274796238527
2025-02-16T06:00:00,2025-02-16T16:50:00,19.28699342301843,0.9099,0.45495,8.774617657802235
2025-02-16T06:00:00,2025-02-16T17:30:00,1.4523158055981185,0.9099,0.45495,0.6607310757568641
2025-02-16T06:00:00,2025-02-16T17:40:00,0.20783560066183782,0.9099,0.45495,0.09455480652110312
2025-02-16T06:00:00,2025-02-16T17:50:00,1.35711498610965,0.9099,0.45495,0.6174194629305854
2025-02-16T06:00:00,2025-02-16T18:00:00,1.33619504521846,0.9099,0.45495,0.6079019358221385
2025-02-16T06:00:00,2025-02-16T18:10:00,1.29958928328017,0.9099,0.45495,0.5912481444283134
2025-02-16T06:00:00,2025-02-16T18:20:00,1.262786120037731,0.9099,0.45495,0.5745045453111658
2025-02-16T06:00:00,2025-02-16T18:30:00,1.2293587882086285,0.9099,0.45495,0.5592967806955156
2025-02-16T06:00:00,2025-02-16T18:40:00,1.1956798613940691,0.9099,0.45495,0.5439745529412318
2025-02-16T06:00:00,2025-02-16T18:50:00,13.166243280552749,0.9099,0.45495,5.989982380487473
2025-02-16T06:00:00,2025-02-16T19:10:00,1.3929444164872393,0.9099,0.45495,0.6337200622808695
2025-02-16T06:00:00,2025-02-16T19:50:00,1.4959987115464628,0.9099,0.45495,0.6806046138180633
2025-02-16T06:00:00,2025-02-16T20:40:00,1.0643724988674421,0.9099,0.45495,0.4842362683597428
2025-02-16T06:00:00,2025-02-16T20:50:00,0.8332711614528989,0.9099,0.45495,0.3790967149029964
2025-02-16T06:00:00,2025-02-16T22:00:00,0.6860254105815784,0.9099,0.45495,0.3121072605440891
2025-02-16T06:00:00,2025-02-16T22:10:00,0.6672313857473,0.9099,0.45495,0.30355691894573417
2025-02-16T06:00:00,2025-02-16T22:30:00,0.6311738472995785,0.9099,0.45495,0.28715254182894323
2025-02-16T06:00:00,2025-02-16T22:40:00,0.6138825097223162,0.9099,0.45495,0.27928584779816773
2025-02-16T06:00:00,2025-02-16T22:50:00,0.5970648773793528,0.9099,0.45495,0.27163466596373653
2025-02-16T06:00:00,2025-02-16T23:00:00,0.5807079728681401,0.9099,0.45495,0.26419309225636034
2025-02-16T06:00:00,2025-02-16T23:20:00,0.5493262056043022,0.9099,0.45495,0.2499159572396773
2025-02-16T06:00:00,2025-02-16T23:30:00,0.5342771269679361,0.9099,0.45495,0.24306937891406252
2025-02-16T06:00:00,2025-02-16T23:40:00,0.5196403257095881,0.9099,0.45495,0.2364103661815771
2025-02-16T12:00:00,2025-02-16T12:00:00,95.41982730522591,0.4432,0.2216,21.145033730838062
2025-02-16T12:00:00,2025-02-16T12:10:00,94.48240164424544,0.4432,0.2216,20.93730020436479
2025-02-16T12:00:00,2025-02-16T12:20:00,24.418448657930867,0.4432,0.2216,5.41112822259748
2025-02-16T12:00:00,2025-02-16T12:30:00,92.37675742018394,0.4432,0.2216,20.47068944431276
2025-02-16T12:00:00,2025-02-16T12:40:00,91.4437263926826,0.4432,0.2216,20.263929768618464
2025-02-16T12:00:00,2025-02-16T12:50:00,21.349722126542133,0.4432,0.2216,4.731098423241736
2025-02-16T12:00:00,2025-02-16T15:00:00,48.26898945688845,0.4432,0.2216,10.69640806364648
2025-02-16T12:00:00,2025-02-16T15:10:00,44.73314134766292,0.4432,0.2216,9.912864122642103
2025-02-16T12:00:00,2025-02-16T19:00:00,1.318745844071941,0.4432,0.2216,0.29223407904634213
2025-02-16T12:00:00,2025-02-16T19:40:00,0.3836291198881554,0.4432,0.2216,0.08501221296721523
2025-02-16T12:00:00,2025-02-16T21:00:00,10.714091760937663,0.4432,0.2216,2.374242734223786
2025-02-16T12:00:00,2025-02-16T21:10:00,10.420573614923114,0.4432,0.2216,2.309199113066962
2025-02-16T12:00:00,2025-02-16T21:20:00,7.553497920762538,0.4432,0.2216,1.6738551392409784
2025-02-16T12:00:00,2025-02-16T21:30:00,7.346565895622803,0.4432,0.2216,1.627999002470013
2025-02-16T12:00:00,2025-02-16T21:40:00,10.402641445122526,0.4432,0.2216,2.305225344239152
2025-02-16T12:00:00,2025-02-16T22:00:00,6.073141508392382,0.4432,0.2216,1.3458081582597519
2025-02-16T12:00:00,2025-02-16T22:10:00,5.906764621223374,0.4432,0.2216,1.3089390400630996
2025-02-16T12:00:00,2025-02-16T22:30:00,5.587559924049856,0.4432,0.2216,1.238203279169448
2025-02-16T12:00:00,2025-02-16T22:40:00,5.434485798286687,0.4432,0.2216,1.2042820529003297
2025-02-16T12:00:00,2025-02-16T22:50:00,5.285605218238743,0.4432,0.2216,1.1712901163617053
2025-02-16T12:00:00,2025-02-16T23:00:00,5.14080329952867,0.4432,0.2216,1.1392020111755532
2025-02-16T12:00:00,2025-02-16T23:20:00,4.862991558976319,0.4432,0.2216,1.0776389294691522
2025-02-16T12:00:00,2025-02-16T23:30:00,4.729767362439361,0.4432,0.2216,1.0481164475165623
2025-02-16T12:00:00,2025-02-16T23:40:00,4.600192912427474,0.4432,0.2216,1.0194027493939282
2025-02-17T06:00:00,2025-02-17T06:00:00,16.825892554604593,0.9099,0.45495,7.65493981771736
2025-02-17T06:00:00,2025-02-17T06:10:00,16.313183482171553,0.9099,0.45495,7.421682825213948
2025-02-17T06:00:00,2025-02-17T06:20:00,13.735909025727665,0.9099,0.45495,6.2491518112548015
2025-02-17T06:00:00,2025-02-17T06:30:00,12.021030224764104,0.9099,0.45495,5.468967700756429
2025-02-17T06:00:00,2025-02-17T06:40:00,381.829189622022,0.9099,0.45495,173.71318981853892
2025-02-17T06:00:00,2025-02-17T06:50:00,706.9748443048193,0.9099,0.45495,321.63820541647755
2025-02-17T06:00:00,2025-02-17T07:00:00,45.11121197382056,0.9099,0.45495,20.523345887489665
2025-02-17T06:00:00,2025-02-17T07:10:00,42.99077873018098,0.9099,0.45495,19.558654783295836
2025-02-17T06:00:00,2025-02-17T07:20:00,40.787909356010914,0.9099,0.45495,18.556459361517167
2025-02-17T06:00:00,2025-02-17T07:40:00,36.13411952957176,0.9099,0.45495,16.439217679978675
2025-02-17T06:00:00,2025-02-17T07:50:00,553.0967964602889,0.9099,0.45495,251.63138754960846
2025-02-17T06:00:00,2025-02-17T08:00:00,48.880092633311165,0.9099,0.45495,22.237998143524916
2025-02-17T06:00:00,2025-02-17T08:10:00,53.77505392864339,0.9099,0.45495,24.46496078483631
2025-02-17T06:00:00,2025-02-17T10:50:00,84.55521113787475,0.9099,0.45495,38.46839330717612
2025-02-17T06:00:00,2025-02-17T11:00:00,176.3393654186401,0.9099,0.45495,80.22559429721032
2025-02-17T06:00:00,2025-02-17T11:10:00,175.3621736261191,0.9099,0.45495,79.78102089120289
2025-02-17T06:00:00,2025-02-17T11:20:00,174.8359588063363,0.9099,0.45495,79.5416194589427
2025-02-17T06:00:00,2025-02-17T11:30:00,174.72241190087448,0.9099,0.45495,79.48996129430284
2025-02-17T06:00:00,2025-02-17T11:40:00,174.67506948696882,0.9099,0.45495,79.46842286309646
2025-02-17T06:00:00,2025-02-17T11:50:00,174.031451992028,0.9099,0.45495,79.17560908377314
2025-02-17T06:00:00,2025-02-17T12:20:00,209.9693081056895,0.9099,0.45495,95.52553672268344
2025-02-17T06:00:00,2025-02-17T12:30:00,0.009811982389237528,0.9099,0.45495,0.004463961387983614
2025-02-17T06:00:00,2025-02-17T12:50:00,654.3904534556232,0.9099,0.45495,297.7149367996358
2025-02-17T06:00:00,2025-02-17T13:00:00,39.85338202897924,0.9099,0.45495,18.131296154084104
2025-02-17T06:00:00,2025-02-17T13:10:00,47.599646933731265,0.9099,0.45495,21.65545937250104
2025-02-17T06:00:00,2025-02-17T13:20:00,38.89607643056502,0.9099,0.45495,17.695769972085554
2025-02-17T06:00:00,2025-02-17T13:30:00,42.80087050273014,0.9099,0.45495,19.47225603521708
2025-02-17T06:00:00,2025-02-17T13:40:00,37.06938231365825,0.9099,0.45495,16.864715483598822
2025-02-17T06:00:00,2025-02-17T21:00:00,14.068112661411192,0.9099,0.45495,6.400287855309022
2025-02-17T06:00:00,2025-02-17T21:20:00,1.2842426703458614,0.9099,0.45495,0.5842662028738497
2025-02-17T06:00:00,2025-02-17T21:30:00,1.2490601708822169,0.9099,0.45495,0.5682599247428646
2025-02-17T06:00:00,2025-02-17T22:00:00,1.1491908337561654,0.9099,0.45495,0.5228243698173675
2025-02-17T06:00:00,2025-02-17T22:10:00,1.117708149972259,0.9099,0.45495,0.5085013228298793
2025-02-17T06:00:00,2025-02-17T22:30:00,1.057306607940518,0.9099,0.45495,0.4810216412825387
2025-02-17T06:00:00,2025-02-17T22:40:00,1.028341140567818,0.9099,0.45495,0.46784380190132885
2025-02-17T06:00:00,2025-02-17T22:50:00,1.0001691973193374,0.9099,0.45495,0.4550269763204326
2025-02-17T06:00:00,2025-02-17T23:00:00,0.9727690391864598,0.9099,0.45495,0.44256127437787995
2025-02-17T06:00:00,2025-02-17T23:20:00,0.9202000836778552,0.9099,0.45495,0.41864502806924025
2025-02-17T06:00:00,2025-02-17T23:30:00,0.894990721227714,0.9099,0.45495,0.4071760286225485
2025-02-17T06:00:00,2025-02-17T23:40:00,0.8704719824436324,0.9099,0.45495,0.3960212284127306
2025-02-17T12:00:00,2025-02-17T12:00:00,227.21742362697137,0.4432,0.2216,50.35138107573685
2025-02-17T12:00:00,2025-02-17T12:10:00,227.1266861497852,0.4432,0.2216,50.3312736507924
2025-02-17T12:00:00,2025-02-17T12:20:00,16.750994332397113,0.4432,0.2216,3.7120203440592
2025-02-17T12:00:00,2025-02-17T12:30:00,226.2792614472794,0.4432,0.2216,50.143484336717115
2025-02-17T12:00:00,2025-02-17T12:40:00,226.03422019092636,0.4432,0.2216,50.08918319430928
2025-02-17T12:00:00,2025-02-17T15:00:00,48.415629883573956,0.4432,0.2216,10.728903582199989
2025-02-17T12:00:00,2025-02-17T15:10:00,45.483693702755545,0.4432,0.2216,10.079186524530629
2025-02-17T12:00:00,2025-02-17T15:20:00,4.465130383833298,0.4432,0.2216,0.9894728930574588
2025-02-17T12:00:00,2025-02-17T15:30:00,37.90596127001879,0.4432,0.2216,8.399961017436164
2025-02-17T12:00:00,2025-02-17T15:40:00,34.19504412871231,0.4432,0.2216,7.577621778922648
2025-02-17T12:00:00,2025-02-17T15:50:00,30.64318912690817,0.4432,0.2216,6.79053071052285
2025-02-17T12:00:00,2025-02-17T16:00:00,0.9304200673873311,0.4432,0.2216,0.20618108693303255
2025-02-17T12:00:00,2025-02-17T17:50:00,3.5373156217748374,0.4432,0.2216,0.783869141785304
2025-02-17T12:00:00,2025-02-17T18:00:00,3.662820288256512,0.4432,0.2216,0.811680975877643
2025-02-17T12:00:00,2025-02-17T18:10:00,3.5624754112309347,0.4432,0.2216,0.7894445511287751
2025-02-17T12:00:00,2025-02-17T18:20:00,3.4660051912326253,0.4432,0.2216,0.7680667503771498
2025-02-17T12:00:00,2025-02-17T18:30:00,3.369957348001435,0.4432,0.2216,0.746782548317118
2025-02-17T12:00:00,2025-02-17T18:40:00,3.2776356043573287,0.4432,0.2216,0.726324049925584
2025-02-17T12:00:00,2025-02-17T19:00:00,0.5551151590314021,0.4432,0.2216,0.1230135192413587
2025-02-17T12:00:00,2025-02-17T21:10:00,4.815065539334796,0.4432,0.2216,1.0670185235165908
2025-02-17T12:00:00,2025-02-17T21:20:00,0.8173129995877844,0.4432,0.2216,0.181116560708653
2025-02-17T12:00:00,2025-02-17T21:30:00,0.7949222826044888,0.4432,0.2216,0.1761547778251547
2025-02-17T12:00:00,2025-02-17T21:40:00,0.22929603226123163,0.4432,0.2216,0.050812000749088926
2025-02-17T12:00:00,2025-02-17T22:00:00,0.7313638061748406,0.4432,0.2216,0.16207021944834468
2025-02-17T12:00:00,2025-02-17T22:10:00,0.71132771228622,0.4432,0.2216,0.15763022104262636
2025-02-17T12:00:00,2025-02-17T22:30:00,0.6728871849329607,0.4432,0.2216,0.1491118001811441
2025-02-17T12:00:00,2025-02-17T22:40:00,0.6544530886601478,0.4432,0.2216,0.14502680444708876
2025-02-17T12:00:00,2025-02-17T22:50:00,0.6365240040931894,0.4432,0.2216,0.14105371930705077
2025-02-17T12:00:00,2025-02-17T23:00:00,0.6190860961733051,0.4432,0.2216,0.13718947891200442
2025-02-17T12:00:00,2025-02-17T23:20:00,0.585630354743671,0.4432,0.2216,0.12977568661119748
2025-02-17T12:00:00,2025-02-17T23:30:00,0.5695867049589651,0.4432,0.2216,0.12622041381890667
2025-02-17T12:00:00,2025-02-17T23:40:00,0.5539825793489399,0.4432,0.2216,0.12276253958372507
2025-02-18T06:00:00,2025-02-18T21:00:00,7.119257335578027,0.9099,0.45495,3.2389061248212236
2025-02-18T12:00:00,2025-02-18T15:10:00,42.927822648477786,0.4432,0.2216,9.512805498902678
2025-02-18T12:00:00,2025-02-18T17:00:00,4.984075743512108,0.4432,0.2216,1.104471184762283
2025-02-18T12:00:00,2025-02-18T17:10:00,2.9506191907294124,0.4432,0.2216,0.6538572126656378
2025-02-18T12:00:00,2025-02-18T17:20:00,1.296291379678678,0.4432,0.2216,0.287258169736795
2025-02-18T12:00:00,2025-02-18T17:30:00,0.3642865013998744,0.4432,0.2216,0.08072588871021216
2025-02-18T12:00:00,2025-02-18T17:40:00,0.3543066822144283,0.4432,0.2216,0.0785143607787173
2025-02-18T12:00:00,2025-02-18T17:50:00,0.3751702239611632,0.4432,0.2216,0.08313772162979376
2025-02-18T12:00:00,2025-02-18T18:00:00,0.3351597609378132,0.4432,0.2216,0.0742714030238194
2025-02-18T12:00:00,2025-02-18T18:10:00,0.32597788403734285,0.4432,0.2216,0.07223669910267518
2025-02-18T12:00:00,2025-02-18T18:20:00,0.3192423322518607,0.4432,0.2216,0.07074410082701234
2025-02-18T12:00:00,2025-02-18T18:30:00,0.30836186605938565,0.4432,0.2216,0.06833298951875985
2025-02-18T12:00:00,2025-02-18T18:40:00,0.2999141315012821,0.4432,0.2216,0.06646097154068412
2025-02-18T12:00:00,2025-02-18T18:50:00,6.200401383843655,0.4432,0.2216,1.3740089466597538
2025-02-18T12:00:00,2025-02-18T20:20:00,1.4082957135742618,0.4432,0.2216,0.3120783301280564
2025-02-18T12:00:00,2025-02-18T20:50:00,0.20901062630662182,0.4432,0.2216,0.046316754789547394
2025-02-18T12:00:00,2025-02-18T21:10:00,1.9916349861989602,0.4432,0.2216,0.4413463129416896
2025-02-18T12:00:00,2025-02-18T21:20:00,1.1691943284924946,0.4432,0.2216,0.2590934631939368
2025-02-18T12:00:00,2025-02-18T21:30:00,1.1371636385107422,0.4432,0.2216,0.25199546229398045
2025-02-18T12:00:00,2025-02-18T22:00:00,1.0462410541313147,0.4432,0.2216,0.23184701759549933
2025-02-18T12:00:00,2025-02-18T22:10:00,1.0175787333912467,0.4432,0.2216,0.22549544731950028
2025-02-18T12:00:00,2025-02-18T22:30:00,0.9625882382094915,0.4432,0.2216,0.2133095535872233
2025-02-18T12:00:00,2025-02-18T22:40:00,0.9362176301024192,0.4432,0.2216,0.2074658268306961
2025-02-18T12:00:00,2025-02-18T22:50:00,0.9105694585925903,0.4432,0.2216,0.201782192024118
2025-02-18T12:00:00,2025-02-18T23:00:00,0.8856239321523844,0.4432,0.2216,0.19625426336496837
2025-02-18T12:00:00,2025-02-18T23:20:00,0.8377643445101057,0.4432,0.2216,0.18564857874343943
2025-02-18T12:00:00,2025-02-18T23:30:00,0.8148133522388434,0.4432,0.2216,0.1805626388561277
2025-02-18T12:00:00,2025-02-18T23:40:00,0.7924911144018552,0.4432,0.2216,0.1756160309514511
2025-02-19T06:00:00,2025-02-19T06:50:00,6.453272940519014,0.9099,0.45495,2.9359165242891256
2025-02-19T06:00:00,2025-02-19T07:00:00,17.732864811488753,0.9099,0.45495,8.067566845986809
2025-02-19T06:00:00,2025-02-19T07:10:00,15.572641284820975,0.9099,0.45495,7.084773152529303
2025-02-19T06:00:00,2025-02-19T07:20:00,13.256064585110039,0.9099,0.45495,6.030846582995813
2025-02-19T06:00:00,2025-02-19T07:40:00,8.304975124201519,0.9099,0.45495,3.7783484327554815
2025-02-19T06:00:00,2025-02-19T07:50:00,10.333572759034553,0.9099,0.45495,4.70125892672277
2025-02-19T06:00:00,2025-02-19T08:00:00,8.714825198464837,0.9099,0.45495,3.9648097240415776
2025-02-19T06:00:00,2025-02-19T08:10:00,18.5104656052157,0.9099,0.45495,8.421336327092883
2025-02-19T06:00:00,2025-02-19T11:10:00,23.74352080240601,0.9099,0.45495,10.802114789054615
2025-02-19T06:00:00,2025-02-19T11:20:00,23.476592505042163,0.9099,0.45495,10.680675760168933
2025-02-19T06:00:00,2025-02-19T11:30:00,23.634945880841542,0.9099,0.45495,10.75271862848886
2025-02-19T06:00:00,2025-02-19T11:40:00,23.319565308893516,0.9099,0.45495,10.609236237281106
2025-02-19T06:00:00,2025-02-19T11:50:00,22.557211264499074,0.9099,0.45495,10.262403264783854
2025-02-19T06:00:00,2025-02-19T21:00:00,10.278294055608853,0.9099,0.45495,4.676109880599248
2025-02-19T06:00:00,2025-02-19T21:20:00,0.4207622300721141,0.9099,0.45495,0.19142577657130833
2025-02-19T06:00:00,2025-02-19T21:30:00,0.40923522876960305,0.9099,0.45495,0.18618156732873092
2025-02-19T06:00:00,2025-02-19T22:00:00,0.3765145864988426,0.9099,0.45495,0.17129531112764845
2025-02-19T06:00:00,2025-02-19T22:10:00,0.3661997725284891,0.9099,0.45495,0.16660258651183613
2025-02-19T06:00:00,2025-02-19T22:30:00,0.3464101423348893,0.9099,0.45495,0.1575992942552579
2025-02-19T06:00:00,2025-02-19T22:40:00,0.33692005535340286,0.9099,0.45495,0.15328177918303063
2025-02-19T06:00:00,2025-02-19T22:50:00,0.3276899542670435,0.9099,0.45495,0.14908254469379145
2025-02-19T06:00:00,2025-02-19T23:00:00,0.31871271662589606,0.9099,0.45495,0.14499835042895143
2025-02-19T06:00:00,2025-02-19T23:20:00,0.30148931215330776,0.9099,0.45495,0.13716256256414738
2025-02-19T06:00:00,2025-02-19T23:30:00,0.2932298548030303,0.9099,0.45495,0.13340492244263866
2025-02-19T06:00:00,2025-02-19T23:40:00,0.28519666960573886,0.9099,0.45495,0.1297502248371309
2025-02-19T18:00:00,2025-02-19T18:00:00,4.129883354869548,1.2313,0.61565,2.5425626874254377
2025-02-19T18:00:00,2025-02-19T18:10:00,4.016743040914321,1.2313,0.61565,2.4729078531389015
2025-02-19T18:00:00,2025-02-19T18:20:00,3.905835225189435,1.2313,0.61565,2.4046274563878756
2025-02-19T18:00:00,2025-02-19T18:30:00,3.7996761137183057,1.2313,0.61565,2.339270599410675
2025-02-19T18:00:00,2025-02-19T18:40:00,3.695581999794399,1.2313,0.61565,2.275185058173422
2025-02-19T18:00:00,2025-02-19T19:10:00,0.88197424697114,1.2313,0.61565,0.5429874451477824
2025-02-19T18:00:00,2025-02-19T19:20:00,4.057301086337134,1.2313,0.61565,2.4978774138034563
2025-02-19T18:00:00,2025-02-19T19:40:00,6.688353201653854,1.2313,0.61565,4.117684648598195
2025-02-19T18:00:00,2025-02-19T20:00:00,4.067841102675516,1.2313,0.61565,2.5043663748621814
2025-02-19T18:00:00,2025-02-19T20:40:00,4.3966517483322605,1.2313,0.61565,2.7067986488607563
2025-02-19T18:00:00,2025-02-19T20:50:00,18.958054741623073,1.2313,0.61565,11.671526401680245
2025-02-19T18:00:00,2025-02-19T21:00:00,10.880422231256489,1.2313,0.61565,6.698531946673057
2025-02-19T18:00:00,2025-02-19T21:30:00,1.4660317429212455,1.2313,0.61565,0.9025624425294648
2025-02-19T18:00:00,2025-02-19T22:00:00,0.15945612828977573,1.2313,0.61565,0.09816916538160043
2025-02-19T18:00:00,2025-02-19T22:10:00,0.1550877442782621,1.2313,0.61565,0.09547976976491207
2025-02-19T18:00:00,2025-02-19T22:30:00,0.1467067202115686,1.2313,0.61565,0.09031999229825222
2025-02-19T18:00:00,2025-02-19T22:40:00,0.142687612900545,1.2313,0.61565,0.08784562888222053
2025-02-19T18:00:00,2025-02-19T22:50:00,0.13877861113633116,1.2313,0.61565,0.08543905194608228
2025-02-19T18:00:00,2025-02-19T23:00:00,0.1349766985192673,1.2313,0.61565,0.08309840444338693
2025-02-19T18:00:00,2025-02-19T23:20:00,0.12768248604584187,1.2313,0.61565,0.07860772253412256
2025-02-19T18:00:00,2025-02-19T23:30:00,0.12418455757779157,1.2313,0.61565,0.07645422287276737
2025-02-19T18:00:00,2025-02-19T23:40:00,0.12078245668885756,1.2313,0.61565,0.07435971946049516
2025-02-20T06:00:00,2025-02-20T06:00:00,16.586911334062734,0.9099,0.45495,7.546215311431841
2025-02-20T06:00:00,2025-02-20T06:10:00,2.201522024906467,0.9099,0.45495,1.0015824452311972
2025-02-20T06:00:00,2025-02-20T06:20:00,7.536600365077447,0.9099,0.45495,3.428776336091985
2025-02-20T06:00:00,2025-02-20T06:30:00,13.243908864202012,0.9099,0.45495,6.025316337768706
2025-02-20T06:00:00,2025-02-20T06:40:00,6.216670525058589,0.9099,0.45495,2.828274255375405
2025-02-20T06:00:00,2025-02-20T06:50:00,593.8135898992856,0.9099,0.45495,270.15549272468
2025-02-20T06:00:00,2025-02-20T07:00:00,22.36303636622449,0.9099,0.45495,10.174063394813833
2025-02-20T06:00:00,2025-02-20T07:10:00,20.05045330771202,0.9099,0.45495,9.121953732343583
2025-02-20T06:00:00,2025-02-20T07:20:00,17.591955969972844,0.9099,0.45495,8.003460368539146
2025-02-20T06:00:00,2025-02-20T07:40:00,12.494986798960326,0.9099,0.45495,5.684594244187001
2025-02-20T06:00:00,2025-02-20T07:50:00,476.59719093605986,0.9099,0.45495,216.82789201636044
2025-02-20T06:00:00,2025-02-20T10:50:00,88.94633612673806,0.9099,0.45495,40.46613562085948
2025-02-20T06:00:00,2025-02-20T11:00:00,72.45675046539714,0.9099,0.45495,32.96419862423243
2025-02-20T06:00:00,2025-02-20T11:10:00,71.42335722788084,0.9099,0.45495,32.49405637082439
2025-02-20T06:00:00,2025-02-20T11:20:00,71.06374596037381,0.9099,0.45495,32.33045122467207
2025-02-20T06:00:00,2025-02-20T11:30:00,71.0013860370575,0.9099,0.45495,32.30208057755931
2025-02-20T06:00:00,2025-02-20T11:40:00,70.64882358494583,0.9099,0.45495,32.14168228997111
2025-02-20T06:00:00,2025-02-20T11:50:00,69.83312658467298,0.9099,0.45495,31.770580939696973
2025-02-20T06:00:00,2025-02-20T12:20:00,73.39981207768301,0.9099,0.45495,33.39324450474189
2025-02-20T06:00:00,2025-02-20T12:30:00,0.0061463187538493,0.9099,0.45495,0.0027962677170637394
2025-02-20T06:00:00,2025-02-20T22:00:00,0.8438786882027216,0.9099,0.45495,0.3839226091978282
2025-02-20T06:00:00,2025-02-20T22:10:00,0.8207601902893202,0.9099,0.45495,0.37340484857212625
2025-02-20T06:00:00,2025-02-20T22:30:00,0.7764058737059258,0.9099,0.45495,0.35322585224251096
2025-02-20T06:00:00,2025-02-20T22:40:00,0.7551358288258143,0.9099,0.45495,0.34354904532430425
2025-02-20T06:00:00,2025-02-20T23:00:00,0.714327887588297,0.9099,0.45495,0.32498347245829573
2025-02-20T06:00:00,2025-02-20T23:20:00,0.6757252291683926,0.9099,0.45495,0.30742119301016024
2025-02-20T06:00:00,2025-02-20T23:30:00,0.6572133831896281,0.9099,0.45495,0.2989992286821213
2025-02-20T06:00:00,2025-02-20T23:40:00,0.6392086789110181,0.9099,0.45495,0.29080798847056766
2025-02-20T12:00:00,2025-02-20T12:00:00,58.502366746246025,0.4432,0.2216,12.964124470968118
2025-02-20T12:00:00,2025-02-20T12:10:00,58.1954587064256,0.4432,0.2216,12.896113649343912
2025-02-20T12:00:00,2025-02-20T12:30:00,57.421108549634596,0.4432,0.2216,12.724517654599026
2025-02-20T12:00:00,2025-02-20T12:40:00,57.16698280600417,0.4432,0.2216,12.668203389810524
2025-02-20T12:00:00,2025-02-20T13:10:00,12.18089307694072,0.4432,0.2216,2.6992859058500636
2025-02-20T12:00:00,2025-02-20T13:20:00,20.965842720616592,0.4432,0.2216,4.646030746888637
2025-02-20T12:00:00,2025-02-20T13:30:00,22.83463086835991,0.4432,0.2216,5.060154200428555
2025-02-20T12:00:00,2025-02-20T13:40:00,26.75116172393018,0.4432,0.2216,5.928057438022928
2025-02-20T12:00:00,2025-02-20T15:00:00,72.42132048607891,0.4432,0.2216,16.048564619715087
2025-02-20T12:00:00,2025-02-20T15:10:00,69.87561591329313,0.4432,0.2216,15.484436486385757
2025-02-20T12:00:00,2025-02-20T15:30:00,4.622473151582653,0.4432,0.2216,1.0243400503907159
2025-02-20T12:00:00,2025-02-20T15:40:00,59.39608858357553,0.4432,0.2216,13.162173230120338
2025-02-20T12:00:00,2025-02-20T15:50:00,56.37810858959335,0.4432,0.2216,12.493388863453886
2025-02-20T12:00:00,2025-02-20T16:00:00,33.76788953302139,0.4432,0.2216,7.48296432051754
2025-02-20T12:00:00,2025-02-20T16:10:00,30.61130895261215,0.4432,0.2216,6.783466063898852
2025-02-20T12:00:00,2025-02-20T16:20:00,27.363237889570314,0.4432,0.2216,6.063693516328781
2025-02-20T12:00:00,2025-02-20T16:30:00,28.127841949303274,0.4432,0.2216,6.2331297759656055
2025-02-20T12:00:00,2025-02-20T16:40:00,28.044967111736582,0.4432,0.2216,6.214764711960826
2025-02-20T12:00:00,2025-02-20T16:50:00,15.374262849418074,0.4432,0.2216,3.406936647431045
2025-02-20T12:00:00,2025-02-20T18:00:00,3.186125182289402,0.4432,0.2216,0.7060453403953314
2025-02-20T12:00:00,2025-02-20T18:10:00,3.098839616947771,0.4432,0.2216,0.686702859115626
2025-02-20T12:00:00,2025-02-20T18:20:00,3.015160871707735,0.4432,0.2216,0.6681596491704341
2025-02-20T12:00:00,2025-02-20T18:30:00,2.9313766782751145,0.4432,0.2216,0.6495930719057653
2025-02-20T12:00:00,2025-02-20T18:40:00,2.8510700814048278,0.4432,0.2216,0.6317971300393098
2025-02-20T12:00:00,2025-02-20T19:20:00,0.09447282122869183,0.4432,0.2216,0.02093517718427811
2025-02-20T12:00:00,2025-02-20T20:20:00,0.06703865896986372,0.4432,0.2216,0.014855766827721799
2025-02-20T12:00:00,2025-02-20T21:50:00,18.209642215980466,0.4432,0.2216,4.035256715061271
2025-02-20T12:00:00,2025-02-20T22:00:00,0.7919325237653538,0.4432,0.2216,0.1754922472664024
2025-02-20T12:00:00,2025-02-20T22:10:00,0.7702371181881063,0.4432,0.2216,0.17068454539048433
2025-02-20T12:00:00,2025-02-20T22:30:00,0.7286130952536496,0.4432,0.2216,0.16146066190820874
2025-02-20T12:00:00,2025-02-20T22:40:00,0.708652358529207,0.4432,0.2216,0.1570373626500723
2025-02-20T12:00:00,2025-02-20T23:00:00,0.6703564087138147,0.4432,0.2216,0.14855098017098134
2025-02-20T12:00:00,2025-02-20T23:20:00,0.6341299923651604,0.4432,0.2216,0.14052320630811954
2025-02-20T12:00:00,2025-02-20T23:30:00,0.6167576696482229,0.4432,0.2216,0.13667349959404618
2025-02-20T12:00:00,2025-02-20T23:40:00,0.5998612707955999,0.4432,0.2216,0.13292925760830493
2025-02-21T06:00:00,2025-02-21T22:00:00,0.431255318193962,0.9099,0.45495,0.196199607012343
2025-02-21T06:00:00,2025-02-21T22:10:00,0.4194408532557645,0.9099,0.45495,0.19082461618871008
2025-02-21T06:00:00,2025-02-21T22:30:00,0.39677404678354833,0.9099,0.45495,0.18051235258417533
2025-02-21T06:00:00,2025-02-21T22:40:00,0.3859042143053557,0.9099,0.45495,0.17556712229822158
2025-02-21T06:00:00,2025-02-21T23:00:00,0.3650497456130779,0.9099,0.45495,0.1660793817666698
2025-02-21T06:00:00,2025-02-21T23:20:00,0.34532226348483164,0.9099,0.45495,0.15710436377242415
2025-02-21T06:00:00,2025-02-21T23:30:00,0.33586197951331087,0.9099,0.45495,0.1528004075795808
2025-02-21T06:00:00,2025-02-21T23:40:00,0.32666086496783464,0.9099,0.45495,0.14861436051711638
2025-02-21T12:00:00,2025-02-21T16:00:00,11.5963517278945,0.4432,0.2216,2.5697515429014213
2025-02-21T12:00:00,2025-02-21T16:10:00,8.507002660357102,0.4432,0.2216,1.8851517895351337
2025-02-21T12:00:00,2025-02-21T16:20:00,5.332047228870181,0.4432,0.2216,1.181581665917632
2025-02-21T12:00:00,2025-02-21T16:30:00,2.1051352684377775,0.4432,0.2216,0.4664979754858115
2025-02-21T12:00:00,2025-02-21T17:00:00,1.66223576268618,0.4432,0.2216,0.36835144501125744
2025-02-21T12:00:00,2025-02-21T22:00:00,0.2252739552161529,0.4432,0.2216,0.04992070847589948
2025-02-21T12:00:00,2025-02-21T22:10:00,0.21910245742083134,0.4432,0.2216,0.048553104564456225
2025-02-21T12:00:00,2025-02-21T22:30:00,0.2072620442581865,0.4432,0.2216,0.045929269007614126
2025-02-21T12:00:00,2025-02-21T22:40:00,0.20158399218166778,0.4432,0.2216,0.04467101266745758
2025-02-21T12:00:00,2025-02-21T23:00:00,0.19069028618423545,0.4432,0.2216,0.04225696741842657
2025-02-21T12:00:00,2025-02-21T23:20:00,0.18038528184456482,0.4432,0.2216,0.03997337845675556
2025-02-21T12:00:00,2025-02-21T23:30:00,0.17544353272796798,0.4432,0.2216,0.0388782868525177
2025-02-21T12:00:00,2025-02-21T23:40:00,0.17063716541224494,0.4432,0.2216,0.037813195855353476
2025-02-21T18:00:00,2025-02-21T21:50:00,13.21519606089089,1.2313,0.61565,8.135935454887477
2025-02-22T12:00:00,2025-02-22T15:00:00,40.79271510659828,0.4432,0.2216,9.03966566762218
2025-02-22T12:00:00,2025-02-22T15:10:00,38.64627892730175,0.4432,0.2216,8.564015410290068
2025-02-22T12:00:00,2025-02-22T15:20:00,36.38363072171603,0.4432,0.2216,8.062612567932272
2025-02-22T12:00:00,2025-02-22T15:30:00,33.6907732291788,0.4432,0.2216,7.465875347586023
2025-02-22T12:00:00,2025-02-22T15:40:00,33.18025839988741,0.4432,0.2216,7.352745261415049
2025-02-22T12:00:00,2025-02-22T15:50:00,61.98466387529032,0.4432,0.2216,13.735801514764335
2025-02-22T12:00:00,2025-02-22T16:00:00,16.832975238760582,0.4432,0.2216,3.730187312909345
2025-02-22T12:00:00,2025-02-22T16:10:00,15.19726385697902,0.4432,0.2216,3.367713670706551
2025-02-22T12:00:00,2025-02-22T16:20:00,13.509137143393389,0.4432,0.2216,2.993624790975975
2025-02-22T12:00:00,2025-02-22T16:30:00,11.82698824102323,0.4432,0.2216,2.6208605942107477
2025-02-22T12:00:00,2025-02-22T16:40:00,10.106333153073592,0.4432,0.2216,2.2395634267211078
2025-02-22T12:00:00,2025-02-22T16:50:00,8.421079701991175,0.4432,0.2216,1.8661112619612443
2025-02-22T12:00:00,2025-02-22T17:00:00,4.277044923242045,0.4432,0.2216,0.947793154990437
2025-02-22T12:00:00,2025-02-22T17:10:00,2.313780060110048,0.4432,0.2216,0.5127336613203867
2025-02-22T12:00:00,2025-02-22T17:20:00,0.08546241999340509,0.4432,0.2216,0.01893847227053857
2025-02-22T18:00:00,2025-02-22T21:00:00,1.1824387398622207,1.2313,0.61565,0.7279684101961762
2025-02-22T18:00:00,2025-02-22T21:10:00,1.1500452123058267,1.2313,0.61565,0.7080253349560822
2025-02-22T18:00:00,2025-02-22T21:20:00,1.118539122374841,1.2313,0.61565,0.688628610690071
2025-02-22T18:00:00,2025-02-22T21:30:00,1.0878961582515672,1.2313,0.61565,0.6697632698275774
2025-02-22T18:00:00,2025-02-22T21:40:00,3.7041770689863256,1.2313,0.61565,2.2804766125214315
2025-02-22T18:00:00,2025-02-22T21:50:00,14.919323582923653,1.2313,0.61565,9.185081563826948
2025-02-22T18:00:00,2025-02-22T22:00:00,1.7556243514852667,1.2313,0.61565,1.0808501319919046
2025-02-22T18:00:00,2025-02-22T22:10:00,1.7075281043889845,1.2313,0.61565,1.0512396774670785
2025-02-22T18:00:00,2025-02-22T22:30:00,1.6152523787714017,1.2313,0.61565,0.9944301269906135
2025-02-22T18:00:00,2025-02-22T22:40:00,1.5710016952657497,1.2313,0.61565,0.9671871936903589
2025-02-22T18:00:00,2025-02-22T22:50:00,1.5279632823728662,1.2313,0.61565,0.9406905947928551
2025-02-22T18:00:00,2025-02-22T23:00:00,1.4861039293052727,1.2313,0.61565,0.9149198840767911
2025-02-22T18:00:00,2025-02-22T23:20:00,1.4057940837060414,1.2313,0.61565,0.8654771276336244
2025-02-22T18:00:00,2025-02-22T23:30:00,1.3672816197160955,1.2313,0.61565,0.8417669291782143
2025-02-22T18:00:00,2025-02-22T23:40:00,1.3298242248145016,1.2313,0.61565,0.8187062840070479
2025-02-23T06:00:00,2025-02-23T11:10:00,5.106379382580371,0.9099,0.45495,2.32314730010494
2025-02-23T06:00:00,2025-02-23T11:20:00,4.116408777834749,0.9099,0.45495,1.8727601734759194
2025-02-23T06:00:00,2025-02-23T11:30:00,3.8356348756976786,0.9099,0.45495,1.745022086698659
2025-02-23T06:00:00,2025-02-23T11:40:00,3.8327189485751205,0.9099,0.45495,1.7436954856542513
2025-02-23T06:00:00,2025-02-23T11:50:00,3.5979928278388797,0.9099,0.45495,1.6369068370252984
2025-02-23T06:00:00,2025-02-23T12:20:00,46.35619627180381,0.9099,0.45495,21.089751493857143
2025-02-23T06:00:00,2025-02-23T12:30:00,0.009364729618596357,0.9099,0.45495,0.004260483739980413
2025-02-23T06:00:00,2025-02-23T22:00:00,0.6378775744024097,0.9099,0.45495,0.2902024024743763
2025-02-23T06:00:00,2025-02-23T22:10:00,0.6204025847159755,0.9099,0.45495,0.2822521559165331
2025-02-23T06:00:00,2025-02-23T22:30:00,0.5868756995462263,0.9099,0.45495,0.26699909950855566
2025-02-23T06:00:00,2025-02-23T22:40:00,0.5707979328894908,0.9099,0.45495,0.2596845195680738
2025-02-23T06:00:00,2025-02-23T22:50:00,0.5551606250573968,0.9099,0.45495,0.2525703263698627
2025-02-23T06:00:00,2025-02-23T23:00:00,0.5399517094492694,0.9099,0.45495,0.24565103021394513
2025-02-23T06:00:00,2025-02-23T23:20:00,0.5107724323058846,0.9099,0.45495,0.23237591807756222
2025-02-23T06:00:00,2025-02-23T23:30:00,0.4967795544484943,0.9099,0.45495,0.2260098582963425
2025-02-23T06:00:00,2025-02-23T23:40:00,0.4831700187962724,0.9099,0.45495,0.21981820005136415
2025-02-23T12:00:00,2025-02-23T12:00:00,59.43770974179415,0.4432,0.2216,13.171396478781583
2025-02-23T12:00:00,2025-02-23T12:10:00,59.68691698332236,0.4432,0.2216,13.226620803504234
2025-02-23T12:00:00,2025-02-23T12:20:00,13.530919153908826,0.4432,0.2216,2.998451684506196
2025-02-23T12:00:00,2025-02-23T12:30:00,60.06699232450944,0.4432,0.2216,13.310845499111291
2025-02-23T12:00:00,2025-02-23T12:40:00,60.115126302776616,0.4432,0.2216,13.321511988695297
2025-02-23T12:00:00,2025-02-23T13:00:00,38.78780591722352,0.4432,0.2216,8.595377791256732
2025-02-23T12:00:00,2025-02-23T13:10:00,38.365875241653384,0.4432,0.2216,8.50187795355039
2025-02-23T12:00:00,2025-02-23T13:20:00,37.89106355559545,0.4432,0.2216,8.396659683919951
2025-02-23T12:00:00,2025-02-23T13:30:00,37.365214241264994,0.4432,0.2216,8.280131475864323
2025-02-23T12:00:00,2025-02-23T13:40:00,36.740489934771176,0.4432,0.2216,8.141692569545292
2025-02-23T12:00:00,2025-02-23T15:00:00,57.586535384059516,0.4432,0.2216,12.761176241107588
2025-02-23T12:00:00,2025-02-23T15:10:00,55.94777052055042,0.4432,0.2216,12.398025947353974
2025-02-23T12:00:00,2025-02-23T15:20:00,259.50843737842354,0.4432,0.2216,57.507069723058656
2025-02-23T12:00:00,2025-02-23T15:30:00,8.559863593182513,0.4432,0.2216,1.8968657722492448
2025-02-23T12:00:00,2025-02-23T15:40:00,6.878486468042411,0.4432,0.2216,1.5242726013181982
2025-02-23T12:00:00,2025-02-23T15:50:00,5.2941378903478835,0.4432,0.2216,1.1731809565010909
2025-02-23T12:00:00,2025-02-23T16:00:00,21.87336572363438,0.4432,0.2216,4.847137844357378
2025-02-23T12:00:00,2025-02-23T16:10:00,19.375809911790384,0.4432,0.2216,4.293679476452749
2025-02-23T12:00:00,2025-02-23T16:20:00,16.77984968379542,0.4432,0.2216,3.7184146899290647
2025-02-23T12:00:00,2025-02-23T16:30:00,14.141100166924616,0.4432,0.2216,3.133667796990495
2025-02-23T12:00:00,2025-02-23T16:40:00,11.397105564499611,0.4432,0.2216,2.5255985930931137
2025-02-23T18:00:00,2025-02-23T20:50:00,2.5603015137768352,1.2313,0.61565,1.5762496269567088
2025-02-23T18:00:00,2025-02-23T21:40:00,0.7305959805190696,1.2313,0.61565,0.4497914154065652
2025-02-23T18:00:00,2025-02-23T21:50:00,16.057466352460096,1.2313,0.61565,9.885779159892058
2025-02-24T06:00:00,2025-02-24T15:00:00,85.70202370127754,0.9099,0.45495,38.99013568289622
2025-02-24T06:00:00,2025-02-24T15:10:00,86.61273209574142,0.9099,0.45495,39.40446246695756
2025-02-24T06:00:00,2025-02-24T18:00:00,2.319996791404492,0.9099,0.45495,1.0554825402494736
2025-02-24T06:00:00,2025-02-24T18:10:00,2.2564392662155797,0.9099,0.45495,1.026567044164778
2025-02-24T06:00:00,2025-02-24T18:20:00,2.1932746636176716,0.9099,0.45495,0.9978303082128598
2025-02-24T06:00:00,2025-02-24T18:30:00,2.134500089889684,0.9099,0.45495,0.9710908158953119
2025-02-24T06:00:00,2025-02-24T18:40:00,2.076024343831932,0.9099,0.45495,0.9444872752263376
2025-02-24T06:00:00,2025-02-24T19:00:00,0.8327701990619971,0.9099,0.45495,0.3788688020632556
2025-02-24T06:00:00,2025-02-24T19:10:00,2.2029004405039814,0.9099,0.45495,1.0022095554072863
2025-02-24T06:00:00,2025-02-24T19:20:00,0.06540371639596287,0.9099,0.45495,0.02975542077434331
2025-02-24T06:00:00,2025-02-24T19:40:00,2.2833322886931455,0.9099,0.45495,1.0388020247409466
2025-02-24T06:00:00,2025-02-24T20:00:00,0.6257620792766829,0.9099,0.45495,0.28469045796692694
2025-02-24T06:00:00,2025-02-24T20:10:00,0.2815927859301155,0.9099,0.45495,0.12811063795890604
2025-02-24T06:00:00,2025-02-24T20:20:00,0.4584334876772118,0.9099,0.45495,0.20856431521874752
2025-02-24T06:00:00,2025-02-24T20:40:00,2.249415786228724,0.9099,0.45495,1.023371711944758
2025-02-24T06:00:00,2025-02-24T20:50:00,1.44678460518071,0.9099,0.45495,0.6582146561269641
2025-02-24T06:00:00,2025-02-24T21:20:00,0.09908187211306085,0.9099,0.45495,0.045077297717837035
2025-02-24T06:00:00,2025-02-24T22:00:00,1.1911260688077618,0.9099,0.45495,0.5419028050040913
2025-02-24T06:00:00,2025-02-24T22:10:00,1.158494547332566,0.9099,0.45495,0.527057094308951
2025-02-24T06:00:00,2025-02-24T22:30:00,1.0958888867257883,0.9099,0.45495,0.49857464901589743
2025-02-24T06:00:00,2025-02-24T22:40:00,1.0658664376517208,0.9099,0.45495,0.4849159358096504
2025-02-24T06:00:00,2025-02-24T22:50:00,1.0366664692678569,0.9099,0.45495,0.47163141019341154
2025-02-24T06:00:00,2025-02-24T23:00:00,1.008266449286566,0.9099,0.45495,0.45871082110292327
2025-02-24T06:00:00,2025-02-24T23:20:00,0.9537791948837366,0.9099,0.45495,0.433921844712356
2025-02-24T06:00:00,2025-02-24T23:30:00,0.9276499151244479,0.9099,0.45495,0.4220343288858676
2025-02-24T06:00:00,2025-02-24T23:40:00,0.9022364606464635,0.9099,0.45495,0.41047247777110857
2025-02-24T12:00:00,2025-02-24T12:00:00,37.987851922967366,0.4432,0.2216,8.418107986129568
2025-02-24T12:00:00,2025-02-24T12:10:00,37.47627672597923,0.4432,0.2216,8.304742922476997
2025-02-24T12:00:00,2025-02-24T12:20:00,37.241250415466084,0.4432,0.2216,8.252661092067283
2025-02-24T12:00:00,2025-02-24T12:30:00,37.38264020186898,0.4432,0.2216,8.283993068734166
2025-02-24T12:00:00,2025-02-24T12:40:00,37.17977291700436,0.4432,0.2216,8.239037678408165
2025-02-24T12:00:00,2025-02-24T15:00:00,3.8896652609792,0.4432,0.2216,0.8619498218329906
2025-02-24T12:00:00,2025-02-24T15:10:00,2.0902774573480656,0.4432,0.2216,0.4632054845483313
2025-02-24T18:00:00,2025-02-24T20:50:00,4.462868560891479,1.2313,0.61565,2.7475650295128395
2025-02-24T18:00:00,2025-02-24T21:00:00,1.3203039845528792,1.2313,0.61565,0.8128451480899801
2025-02-24T18:00:00,2025-02-24T21:10:00,1.7372237191019622,1.2313,0.61565,1.069521782665123
2025-02-24T18:00:00,2025-02-24T21:20:00,1.7887134390642814,1.2313,0.61565,1.101221428759925
2025-02-24T18:00:00,2025-02-24T21:30:00,1.6433432266939008,1.2313,0.61565,1.0117242575141001
2025-02-24T18:00:00,2025-02-24T21:40:00,28.001965413803305,1.2313,0.61565,17.239410007008004
2025-02-24T18:00:00,2025-02-24T21:50:00,15.44475399679311,1.2313,0.61565,9.508562798125679
2025-02-24T18:00:00,2025-02-24T22:00:00,0.06538310380437906,1.2313,0.61565,0.04025310785716597
2025-02-24T18:00:00,2025-02-24T22:10:00,0.06359189948761923,1.2313,0.61565,0.03915035291955278
2025-02-24T18:00:00,2025-02-24T22:30:00,0.06015535946653472,1.2313,0.61565,0.0370346470555721
2025-02-24T18:00:00,2025-02-24T22:40:00,0.05850737193941313,1.2313,0.61565,0.0360200635344997
2025-02-24T18:00:00,2025-02-24T22:50:00,0.05690453189276923,1.2313,0.61565,0.035033275059783375
2025-02-24T18:00:00,2025-02-24T23:00:00,0.055345602487022916,1.2313,0.61565,0.03407352017113566
2025-02-24T18:00:00,2025-02-24T23:20:00,0.05235469673471016,1.2313,0.61565,0.03223216904472431
2025-02-24T18:00:00,2025-02-24T23:30:00,0.05092041244233769,1.2313,0.61565,0.031349151920125204
2025-02-24T18:00:00,2025-02-24T23:40:00,0.04952542111823277,1.2313,0.61565,0.030490325511440007
2025-02-25T06:00:00,2025-02-25T06:00:00,13.824311857083103,0.9099,0.45495,6.289370679379958
2025-02-25T06:00:00,2025-02-25T06:10:00,10.7206262971348,0.9099,0.45495,4.8773489338814775
2025-02-25T06:00:00,2025-02-25T06:20:00,6.949581669553595,0.9099,0.45495,3.1617121805634083
2025-02-25T06:00:00,2025-02-25T06:30:00,24.61823004907751,0.9099,0.45495,11.200063760827813
2025-02-25T06:00:00,2025-02-25T06:40:00,7.839809118662629,0.9099,0.45495,3.566721158535563
2025-02-25T06:00:00,2025-02-25T06:50:00,701.0579107478612,0.9099,0.45495,318.9462964947395
2025-02-25T06:00:00,2025-02-25T07:00:00,354.49270816623505,0.9099,0.45495,161.27645758022865
2025-02-25T06:00:00,2025-02-25T07:10:00,62.70627527650305,0.9099,0.45495,28.528219937045062
2025-02-25T06:00:00,2025-02-25T07:20:00,60.99860465756194,0.9099,0.45495,27.751315188957808
2025-02-25T06:00:00,2025-02-25T07:30:00,59.35782777095426,0.9099,0.45495,27.004843744395643
2025-02-25T06:00:00,2025-02-25T11:00:00,365.69121360857514,0.9099,0.45495,166.37121763122127
2025-02-25T06:00:00,2025-02-25T11:10:00,26.892476665739423,0.9099,0.45495,12.23473225907815
2025-02-25T06:00:00,2025-02-25T11:20:00,25.986086597791427,0.9099,0.45495,11.82237009766521
2025-02-25T06:00:00,2025-02-25T11:30:00,25.333943837898914,0.9099,0.45495,11.525677749052111
2025-02-25T06:00:00,2025-02-25T11:40:00,25.361692745599612,0.9099,0.45495,11.538302114610543
2025-02-25T06:00:00,2025-02-25T11:50:00,25.55813179169263,0.9099,0.45495,11.627672058630562
2025-02-25T06:00:00,2025-02-25T22:00:00,0.005979346932917906,0.9099,0.45495,0.0027203038871310013
2025-02-25T06:00:00,2025-02-25T22:10:00,0.005815539597278985,0.9099,0.45495,0.002645779739782074
2025-02-25T06:00:00,2025-02-25T22:30:00,0.005501264748772883,0.9099,0.45495,0.002502800397454223
2025-02-25T06:00:00,2025-02-25T22:40:00,0.005350554724600443,0.9099,0.45495,0.0024342348719569714
2025-02-25T06:00:00,2025-02-25T22:50:00,0.005203973480092827,0.9099,0.45495,0.0023675477347682317
2025-02-25T06:00:00,2025-02-25T23:00:00,0.005061407905714077,0.9099,0.45495,0.0023026875267046195
2025-02-25T06:00:00,2025-02-25T23:20:00,0.004787886734220592,0.9099,0.45495,0.0021782490697336587
2025-02-25T06:00:00,2025-02-25T23:30:00,0.004656720073626275,0.9099,0.45495,0.0021185747974962737
2025-02-25T06:00:00,2025-02-25T23:40:00,0.004529146792265237,0.9099,0.45495,0.00206053533314107
2025-02-25T12:00:00,2025-02-25T12:00:00,43.80011493378652,0.4432,0.2216,9.706105469327092
2025-02-25T12:00:00,2025-02-25T12:10:00,43.78308391285259,0.4432,0.2216,9.702331395088134
2025-02-25T12:00:00,2025-02-25T12:20:00,43.77999410356506,0.4432,0.2216,9.701646693350016
2025-02-25T12:00:00,2025-02-25T12:30:00,43.73765729489219,0.4432,0.2216,9.692264856548109
2025-02-25T12:00:00,2025-02-25T12:40:00,43.525622354880625,0.4432,0.2216,9.645277913841547
2025-02-25T12:00:00,2025-02-25T13:00:00,83.11562424094927,0.4432,0.2216,18.418422331794357
2025-02-25T12:00:00,2025-02-25T13:10:00,85.91138342055126,0.4432,0.2216,19.03796256599416
2025-02-25T12:00:00,2025-02-25T13:20:00,78.16175375560215,0.4432,0.2216,17.320644632241436
2025-02-25T12:00:00,2025-02-25T13:30:00,81.14554148305331,0.4432,0.2216,17.98185199264461
2025-02-25T12:00:00,2025-02-25T13:40:00,80.51562098523993,0.4432,0.2216,17.842261610329167
2025-02-25T12:00:00,2025-02-25T15:00:00,43.026457388682275,0.4432,0.2216,9.534662957331992
2025-02-25T12:00:00,2025-02-25T15:10:00,40.88380782573017,0.4432,0.2216,9.059851814181807
2025-02-25T12:00:00,2025-02-25T15:20:00,214.51362338466924,0.4432,0.2216,47.5362189420427
2025-02-25T12:00:00,2025-02-25T15:30:00,22.833582714441945,0.4432,0.2216,5.059921929520335
2025-02-25T12:00:00,2025-02-25T15:40:00,21.257310040416996,0.4432,0.2216,4.710619904956406
2025-02-25T12:00:00,2025-02-25T15:50:00,19.633578036709082,0.4432,0.2216,4.350800892934733
2025-02-25T12:00:00,2025-02-25T16:00:00,21.918884024695103,0.4432,0.2216,4.857224699872435
2025-02-25T12:00:00,2025-02-25T16:10:00,20.282366831691206,0.4432,0.2216,4.4945724899027715
2025-02-25T12:00:00,2025-02-25T16:20:00,17.844752747145435,0.4432,0.2216,3.9543972087674284
2025-02-25T12:00:00,2025-02-25T16:30:00,14.933113665995961,0.4432,0.2216,3.309177988384705
2025-02-25T12:00:00,2025-02-25T16:40:00,11.888680827426924,0.4432,0.2216,2.634531671357806
2025-02-25T12:00:00,2025-02-25T16:50:00,9.71690118417223,0.4432,0.2216,2.153265302412566
2025-02-25T12:00:00,2025-02-25T17:00:00,4.483358576035926,0.4432,0.2216,0.9935122604495611
2025-02-25T12:00:00,2025-02-25T17:10:00,2.8000243185549607,0.4432,0.2216,0.6204853889917793
2025-02-25T12:00:00,2025-02-25T17:20:00,0.3217783043421605,0.4432,0.2216,0.07130607224222275
2025-02-25T12:00:00,2025-02-25T18:50:00,3.3649789709525066,0.4432,0.2216,0.7456793399630754
2025-02-25T12:00:00,2025-02-25T20:00:00,0.5171235842705073,0.4432,0.2216,0.11459458627434442
2025-02-25T12:00:00,2025-02-25T20:10:00,0.43025580861251456,0.4432,0.2216,0.09534468718853323
2025-02-25T12:00:00,2025-02-25T21:50:00,29.77096502925258,0.4432,0.2216,6.597245850482372
2025-02-25T18:00:00,2025-02-25T19:10:00,2.160633586379163,1.2313,0.61565,1.3301940674543316
2025-02-25T18:00:00,2025-02-25T19:30:00,0.8497019323476707,1.2313,0.61565,0.5231189946498435
2025-02-25T18:00:00,2025-02-25T19:40:00,0.5271264486270866,1.2313,0.61565,0.3245253980972659
2025-02-25T18:00:00,2025-02-25T20:30:00,0.1150912981285046,1.2313,0.61565,0.07085595769281386
2025-02-25T18:00:00,2025-02-25T20:40:00,2.8201839543817186,1.2313,0.61565,1.7362462515151051
2025-02-25T18:00:00,2025-02-25T20:50:00,21.692496007206046,1.2313,0.61565,13.354985166836403
2025-02-25T18:00:00,2025-02-25T21:00:00,1.0136262386512271,1.2313,0.61565,0.624038993825628
2025-02-25T18:00:00,2025-02-25T21:10:00,0.9858574178347226,1.2313,0.61565,0.606943119289947
2025-02-25T18:00:00,2025-02-25T21:30:00,0.8995804548336537,1.2313,0.61565,0.5538267070183389
2025-02-25T18:00:00,2025-02-25T21:40:00,9.546203970688339,1.2313,0.61565,5.877120474554276
2025-02-25T18:00:00,2025-02-25T22:00:00,5.366741092337406,1.2313,0.61565,3.3040341534975246
2025-02-25T18:00:00,2025-02-25T22:10:00,5.219716413931565,1.2313,0.61565,3.213518410236968
2025-02-25T18:00:00,2025-02-25T22:30:00,4.937640166766641,1.2313,0.61565,3.039858168669883
2025-02-25T18:00:00,2025-02-25T22:40:00,4.802370932586655,1.2313,0.61565,2.956579664646974
2025-02-25T18:00:00,2025-02-25T22:50:00,4.670807469807187,1.2313,0.61565,2.8755826187867948
2025-02-25T18:00:00,2025-02-25T23:00:00,4.542848256882962,1.2313,0.61565,2.7968045293499957
2025-02-25T18:00:00,2025-02-25T23:20:00,4.297350324405215,1.2313,0.61565,2.645663727220071
2025-02-25T18:00:00,2025-02-25T23:30:00,4.179622165253932,1.2313,0.61565,2.5731843860385832
2025-02-25T18:00:00,2025-02-25T23:40:00,4.065119230580422,1.2313,0.61565,2.5026906543068366
2025-02-26T06:00:00,2025-02-26T22:00:00,0.6078604987812923,0.9099,0.45495,0.27654613392054894
2025-02-26T06:00:00,2025-02-26T22:10:00,0.5912078425767504,0.9099,0.45495,0.26897000798029264
2025-02-26T06:00:00,2025-02-26T22:30:00,0.5592586567772742,0.9099,0.45495,0.2544347259008209
2025-02-26T06:00:00,2025-02-26T22:40:00,0.5439374734478406,0.9099,0.45495,0.2474643535450951
2025-02-26T06:00:00,2025-02-26T22:50:00,0.5290360219466947,0.9099,0.45495,0.24068493818464878
2025-02-26T06:00:00,2025-02-26T23:00:00,0.5145428035011719,0.9099,0.45495,0.23409124845285814
2025-02-26T06:00:00,2025-02-26T23:20:00,0.4867366371297521,0.9099,0.45495,0.22144083306218074
2025-02-26T06:00:00,2025-02-26T23:30:00,0.47340223244873414,0.9099,0.45495,0.21537434565255162
2025-02-26T06:00:00,2025-02-26T23:40:00,0.46043313075688275,0.9099,0.45495,0.20947405283784382
2025-02-26T12:00:00,2025-02-26T16:30:00,0.019957731447675542,0.4432,0.2216,0.0044226332888049
2025-02-26T12:00:00,2025-02-26T21:50:00,31.87703014347437,0.4432,0.2216,7.06394987979392
2025-02-26T12:00:00,2025-02-26T22:00:00,0.5824917735214967,0.4432,0.2216,0.12908017701236366
2025-02-26T12:00:00,2025-02-26T22:10:00,0.5665341068104226,0.4432,0.2216,0.12554395806918964
2025-02-26T12:00:00,2025-02-26T22:30:00,0.5359183027962899,0.4432,0.2216,0.11875949589965784
2025-02-26T12:00:00,2025-02-26T22:40:00,0.5212365406680419,0.4432,0.2216,0.11550601741203809
2025-02-26T12:00:00,2025-02-26T22:50:00,0.5069569930903981,0.4432,0.2216,0.11234166966883222
2025-02-26T12:00:00,2025-02-26T23:00:00,0.4930686411851184,0.4432,0.2216,0.10926401088662223
2025-02-26T12:00:00,2025-02-26T23:20:00,0.4664229499501289,0.4432,0.2216,0.10335932570894855
2025-02-26T12:00:00,2025-02-26T23:30:00,0.4536450493515076,0.4432,0.2216,0.10052774293629409
2025-02-26T12:00:00,2025-02-26T23:40:00,0.4412172060206103,0.4432,0.2216,0.09777373285416724
2025-02-26T18:00:00,2025-02-26T20:50:00,4.025649542765791,1.2313,0.61565,2.4783911410037596
2025-02-26T18:00:00,2025-02-26T22:00:00,1.2106207982342312,1.2313,0.61565,0.7453186944329044
2025-02-26T18:00:00,2025-02-26T22:10:00,1.1774552084530114,1.2313,0.61565,0.7249002990840965
2025-02-26T18:00:00,2025-02-26T22:30:00,1.1138249036494017,1.2313,0.61565,0.6857263019317542
2025-02-26T18:00:00,2025-02-26T22:40:00,1.0833110880132608,1.2313,0.61565,0.666940471335364
2025-02-26T18:00:00,2025-02-26T22:50:00,1.0536332143115033,1.2313,0.61565,0.648669288390877
2025-02-26T18:00:00,2025-02-26T23:00:00,1.0247683814777702,1.2313,0.61565,0.6308986540567892
2025-02-26T18:00:00,2025-02-26T23:20:00,0.969389353895167,1.2313,0.61565,0.5968045557255596
2025-02-26T18:00:00,2025-02-26T23:30:00,0.9428324256673477,1.2313,0.61565,0.5804547828621026
2025-02-26T18:00:00,2025-02-26T23:40:00,0.9170030383745598,1.2313,0.61565,0.5645529205752977
2025-02-27T06:00:00,2025-02-27T06:00:00,26.03678691978098,0.9099,0.45495,11.845436209154357
2025-02-27T06:00:00,2025-02-27T06:10:00,6.803977860947043,0.9099,0.45495,3.0954697278378576
2025-02-27T06:00:00,2025-02-27T06:20:00,8.877490029876185,0.9099,0.45495,4.03881408909217
2025-02-27T06:00:00,2025-02-27T06:30:00,15.95009177224972,0.9099,0.45495,7.256494251785011
2025-02-27T06:00:00,2025-02-27T06:40:00,6.24197664955534,0.9099,0.45495,2.839787276715202
2025-02-27T06:00:00,2025-02-27T07:00:00,17.019198601419646,0.9099,0.45495,7.742884403715868
2025-02-27T06:00:00,2025-02-27T07:10:00,15.35686105370877,0.9099,0.45495,6.986603936384805
2025-02-27T06:00:00,2025-02-27T07:20:00,13.669811810873114,0.9099,0.45495,6.219080883356724
2025-02-27T06:00:00,2025-02-27T11:10:00,28.933978195776717,0.9099,0.45495,13.163513380168618
2025-02-27T06:00:00,2025-02-27T11:30:00,42.470819478867725,0.9099,0.45495,19.322099321910873
2025-02-27T06:00:00,2025-02-27T11:40:00,27.00246320143856,0.9099,0.45495,12.284770633494473
2025-02-27T06:00:00,2025-02-27T11:50:00,27.433762393742427,0.9099,0.45495,12.480990201033118
2025-02-27T06:00:00,2025-02-27T12:20:00,8.846304358715997,0.9099,0.45495,4.024626167997843
2025-02-27T06:00:00,2025-02-27T12:30:00,0.005504041155745654,0.9099,0.45495,0.002504063523806485
2025-02-27T06:00:00,2025-02-27T22:00:00,0.81330457543595,0.9099,0.45495,0.37001291659458546
2025-02-27T06:00:00,2025-02-27T22:10:00,0.7910236713280483,0.9099,0.45495,0.3598762192706956
2025-02-27T06:00:00,2025-02-27T22:30:00,0.7482763320222148,0.9099,0.45495,0.34042831725350664
2025-02-27T06:00:00,2025-02-27T22:40:00,0.7277769106449341,0.9099,0.45495,0.3311021054979128
2025-02-27T06:00:00,2025-02-27T23:00:00,0.6884474598764427,0.9099,0.45495,0.3132091718707876
2025-02-27T06:00:00,2025-02-27T23:30:00,0.6334022402252231,0.9099,0.45495,0.28816634919046524
2025-02-27T06:00:00,2025-02-27T23:40:00,0.6160498546585131,0.9099,0.45495,0.2802718813768906
2025-02-27T12:00:00,2025-02-27T15:10:00,0.8335938333837021,0.4432,0.2216,0.18472439347782837
2025-02-27T12:00:00,2025-02-27T16:30:00,7.846263228544899,0.4432,0.2216,1.7387319314455496
2025-02-27T12:00:00,2025-02-27T16:40:00,2.3896085648067356,0.4432,0.2216,0.5295372579611726
2025-02-27T12:00:00,2025-02-27T21:50:00,30.82969770327884,0.4432,0.2216,6.83186101104659
2025-02-28T06:00:00,2025-02-28T15:50:00,13.365085655410894,0.9099,0.45495,6.0804457189291865
2025-02-28T06:00:00,2025-02-28T16:00:00,21.50346369167835,0.9099,0.45495,9.783000806529065
2025-02-28T06:00:00,2025-02-28T16:10:00,22.93570365396465,0.9099,0.45495,10.434598377371218
2025-02-28T06:00:00,2025-02-28T16:20:00,24.46975249109471,0.9099,0.45495,11.13251389582354
2025-02-28T06:00:00,2025-02-28T16:30:00,26.24196518754121,0.9099,0.45495,11.938782062071875
2025-02-28T06:00:00,2025-02-28T16:40:00,28.117110191341737,0.9099,0.45495,12.791879281550925
2025-02-28T06:00:00,2025-02-28T16:50:00,29.76355906058791,0.9099,0.45495,13.540931194614469
2025-02-28T06:00:00,2025-02-28T22:00:00,0.0756121515257746,0.9099,0.45495,0.03439974833665116
2025-02-28T06:00:00,2025-02-28T22:10:00,0.07354071709823984,0.9099,0.45495,0.03345734924384421
2025-02-28T06:00:00,2025-02-28T22:30:00,0.06956653768929755,0.9099,0.45495,0.03164929632174592
2025-02-28T06:00:00,2025-02-28T22:40:00,0.06766072601385531,0.9099,0.45495,0.030782247300003476
2025-02-28T06:00:00,2025-02-28T23:00:00,0.06400430444614358,0.9099,0.45495,0.029118758307773024
2025-02-28T06:00:00,2025-02-28T23:30:00,0.05888680281782399,0.9099,0.45495,0.026790550941969027
2025-02-28T06:00:00,2025-02-28T23:40:00,0.05727356806369244,0.9099,0.45495,0.026056609790576876
2025-02-28T12:00:00,2025-02-28T17:00:00,4.49105151328655,0.4432,0.2216,0.9952170153442994
2025-02-28T12:00:00,2025-02-28T17:10:00,2.9301017981488826,0.4432,0.2216,0.6493105584697924
2025-02-28T12:00:00,2025-02-28T17:20:00,0.1882551955376357,0.4432,0.2216,0.041717351331140066
2025-02-28T12:00:00,2025-02-28T21:50:00,29.364915191523266,0.4432,0.2216,6.507265206441556
2025-02-28T18:00:00,2025-02-28T21:00:00,1.4801760512403916,1.2313,0.61565,0.9112703859461472
2025-02-28T18:00:00,2025-02-28T21:10:00,1.439625854356791,1.2313,0.61565,0.8863056572347584
2025-02-28T18:00:00,2025-02-28T21:20:00,1.4001865513198481,1.2313,0.61565,0.8620248503200646
2025-02-28T18:00:00,2025-02-28T21:30:00,1.36182770861177,1.2313,0.61565,0.8384092288068363
2025-02-28T18:00:00,2025-02-28T21:40:00,11.888197026325486,1.2313,0.61565,7.318968499257285
2025-02-28T18:00:00,2025-02-28T22:00:00,3.0080296941071083,1.2313,0.61565,1.8518934811770413
2025-02-28T18:00:00,2025-02-28T22:10:00,2.925623147787519,1.2313,0.61565,1.801159890935386
2025-02-28T18:00:00,2025-02-28T22:30:00,2.767520919102253,1.2313,0.61565,1.7038242538453023
2025-02-28T18:00:00,2025-02-28T22:40:00,2.691703236432204,1.2313,0.61565,1.6571470975094864
2025-02-28T18:00:00,2025-02-28T23:00:00,2.546242163989973,1.2313,0.61565,1.567593988260427
2025-02-28T18:00:00,2025-02-28T23:30:00,2.3426558812727762,1.2313,0.61565,1.4422560933055848
2025-02-28T18:00:00,2025-02-28T23:40:00,2.2784775984687258,1.2313,0.61565,1.4027447334972711
