开始时间,结束时间,归属日期,日内时段,日初计划购电_kWh,保留原计划执行_kWh,调整增购执行_kWh,调整后普通购电_kWh,相对日初净调整_kWh,紧急购电_kWh,实际外网总购电_kWh,普通电价_元每kWh,原计划执行费_元,调整增购单价_元每kWh,调整增购费_元,紧急单价_元每kWh,紧急购电费_元,本时刻调减总量_kWh,本时刻违约费_元,本段总费用_元,费用标签,弃购电_kWh,购电利用量_kWh
2025-02-01T00:10:00,2025-02-01T00:20:00,2025-02-01,1,438.81306766760304,438.81306766760304,0.0,438.81306766760304,0.0,0.0,438.81306766760304,0.4248,186.40779114519776,0.6372,0.0,2.124,0.0,0.0,0.0,186.40779114519776,186.41元,0.0,438.81306766760304
2025-02-01T00:20:00,2025-02-01T00:30:00,2025-02-01,2,1155.8324382580272,1155.8324382580272,0.0,1155.8324382580272,0.0,0.0,1155.8324382580272,0.4245,490.65087004053254,0.6367499999999999,0.0,2.1225,0.0,0.0,0.0,490.65087004053254,490.65元,0.0,1155.8324382580272
2025-02-01T00:30:00,2025-02-01T00:40:00,2025-02-01,3,436.632359048205,436.632359048205,0.0,436.632359048205,0.0,0.0,436.632359048205,0.4269,186.3983540776787,0.64035,0.0,2.1345,0.0,0.0,0.0,186.3983540776787,186.40元,0.0,436.632359048205
2025-02-01T00:40:00,2025-02-01T00:50:00,2025-02-01,4,457.5029731904826,457.5029731904826,0.0,457.5029731904826,0.0,0.0,457.5029731904826,0.4272,195.44527014697417,0.6408,0.0,2.136,0.0,0.0,0.0,195.44527014697417,195.45元,0.0,457.5029731904826
2025-02-01T00:50:00,2025-02-01T01:00:00,2025-02-01,5,466.51842341893683,466.51842341893683,0.0,466.51842341893683,0.0,0.0,466.51842341893683,0.4271,199.2500186422279,0.6406499999999999,0.0,2.1355,0.0,0.0,0.0,199.2500186422279,199.25元,0.0,466.51842341893683
2025-02-01T01:00:00,2025-02-01T01:10:00,2025-02-01,6,463.4415834096056,463.4415834096056,0.0,463.4415834096056,0.0,0.0,463.4415834096056,0.4285,198.584718491016,0.6427499999999999,0.0,2.1425,0.0,0.0,0.0,198.584718491016,198.58元,0.0,463.4415834096056
2025-02-01T01:10:00,2025-02-01T01:20:00,2025-02-01,7,476.32244757157594,476.32244757157594,0.0,476.32244757157594,0.0,0.0,476.32244757157594,0.4311,205.34260714810637,0.64665,0.0,2.1555,0.0,0.0,0.0,205.34260714810637,205.34元,0.0,476.32244757157594
2025-02-01T01:20:00,2025-02-01T01:30:00,2025-02-01,8,468.86709789903483,468.86709789903483,0.0,468.86709789903483,0.0,0.0,468.86709789903483,0.4302,201.7066255161648,0.6453,0.0,2.1510000000000002,0.0,0.0,0.0,201.7066255161648,201.71元,0.0,468.86709789903483
2025-02-01T01:30:00,2025-02-01T01:40:00,2025-02-01,9,452.5262558182414,452.5262558182414,0.0,452.5262558182414,0.0,0.0,452.5262558182414,0.4279,193.6359848646255,0.64185,0.0,2.1395,0.0,0.0,0.0,193.6359848646255,193.64元,0.0,452.5262558182414
2025-02-01T01:40:00,2025-02-01T01:50:00,2025-02-01,10,477.46070319622567,477.46070319622567,0.0,477.46070319622567,0.0,0.0,477.46070319622567,0.4312,205.8810552182125,0.6468,0.0,2.156,0.0,0.0,0.0,205.8810552182125,205.88元,0.0,477.46070319622567
2025-02-01T01:50:00,2025-02-01T02:00:00,2025-02-01,11,494.00180334468456,494.00180334468456,0.0,494.00180334468456,0.0,0.0,494.00180334468456,0.4333,214.05098138925183,0.64995,0.0,2.1665,0.0,0.0,0.0,214.05098138925183,214.05元,0.0,494.00180334468456
2025-02-01T02:00:00,2025-02-01T02:10:00,2025-02-01,12,486.73893368586994,486.73893368586994,0.0,486.73893368586994,0.0,0.0,486.73893368586994,0.4311,209.83315431197852,0.64665,0.0,2.1555,0.0,0.0,0.0,209.83315431197852,209.83元,0.0,486.73893368586994
2025-02-01T02:10:00,2025-02-01T02:20:00,2025-02-01,13,490.0645575806002,490.0645575806002,0.0,490.0645575806002,0.0,0.0,490.0645575806002,0.4293,210.38471456935167,0.64395,0.0,2.1465,0.0,0.0,0.0,210.38471456935167,210.38元,0.0,490.0645575806002
2025-02-01T02:20:00,2025-02-01T02:30:00,2025-02-01,14,498.11994281851764,498.11994281851764,0.0,498.11994281851764,0.0,0.0,498.11994281851764,0.4324,215.38706327472704,0.6486000000000001,0.0,2.162,0.0,0.0,0.0,215.38706327472704,215.39元,0.0,498.11994281851764
2025-02-01T02:30:00,2025-02-01T02:40:00,2025-02-01,15,499.4546001040474,499.4546001040474,0.0,499.4546001040474,0.0,0.0,499.4546001040474,0.4367,218.1118238654375,0.6550499999999999,0.0,2.1835,0.0,0.0,0.0,218.1118238654375,218.11元,0.0,499.4546001040474
2025-02-01T02:40:00,2025-02-01T02:50:00,2025-02-01,16,492.7778907048412,492.7778907048412,0.0,492.7778907048412,0.0,0.0,492.7778907048412,0.4348,214.25982687846496,0.6522,0.0,2.174,0.0,0.0,0.0,214.25982687846496,214.26元,0.0,492.7778907048412
2025-02-01T02:50:00,2025-02-01T03:00:00,2025-02-01,17,495.9155132628215,495.9155132628215,0.0,495.9155132628215,0.0,0.0,495.9155132628215,0.4335,214.9793749994331,0.65025,0.0,2.1675,0.0,0.0,0.0,214.9793749994331,214.98元,0.0,495.9155132628215
2025-02-01T03:00:00,2025-02-01T03:10:00,2025-02-01,18,508.55270310127014,508.55270310127014,0.0,508.55270310127014,0.0,0.0,508.55270310127014,0.4357,221.57641274122338,0.65355,0.0,2.1784999999999997,0.0,0.0,0.0,221.57641274122338,221.58元,0.0,508.55270310127014
2025-02-01T03:10:00,2025-02-01T03:20:00,2025-02-01,19,512.8085973614035,512.8085973614035,0.0,512.8085973614035,0.0,0.0,512.8085973614035,0.4374,224.30248048587788,0.6561,0.0,2.1870000000000003,0.0,0.0,0.0,224.30248048587788,224.30元,0.0,512.8085973614035
2025-02-01T03:20:00,2025-02-01T03:30:00,2025-02-01,20,511.69235763520555,511.69235763520555,0.0,511.69235763520555,0.0,0.0,511.69235763520555,0.4371,223.66072952234833,0.65565,0.0,2.1854999999999998,0.0,0.0,0.0,223.66072952234833,223.66元,0.0,511.69235763520555
2025-02-01T03:30:00,2025-02-01T03:40:00,2025-02-01,21,506.9093584279571,506.9093584279571,0.0,506.9093584279571,0.0,0.0,506.9093584279571,0.4356,220.8097165312181,0.6534,0.0,2.178,0.0,0.0,0.0,220.8097165312181,220.81元,0.0,506.9093584279571
2025-02-01T03:40:00,2025-02-01T03:50:00,2025-02-01,22,499.02232561722235,499.02232561722235,0.0,499.02232561722235,0.0,0.0,499.02232561722235,0.4353,217.2244183411769,0.65295,0.0,2.1765,0.0,0.0,0.0,217.2244183411769,217.22元,0.0,499.02232561722235
2025-02-01T03:50:00,2025-02-01T04:00:00,2025-02-01,23,509.47473657506293,509.47473657506293,0.0,509.47473657506293,0.0,0.0,509.47473657506293,0.436,222.13098514672743,0.654,0.0,2.18,0.0,0.0,0.0,222.13098514672743,222.13元,0.0,509.47473657506293
2025-02-01T04:00:00,2025-02-01T04:10:00,2025-02-01,24,527.2687994535693,527.2687994535693,0.0,527.2687994535693,0.0,0.0,527.2687994535693,0.4378,230.83828040077265,0.6567000000000001,0.0,2.189,0.0,0.0,0.0,230.83828040077265,230.84元,0.0,527.2687994535693
2025-02-01T04:10:00,2025-02-01T04:20:00,2025-02-01,25,519.4628758004685,519.4628758004685,0.0,519.4628758004685,0.0,0.0,519.4628758004685,0.4401,228.61561163978618,0.66015,0.0,2.2005,0.0,0.0,0.0,228.61561163978618,228.62元,0.0,519.4628758004685
2025-02-01T04:20:00,2025-02-01T04:30:00,2025-02-01,26,514.8992048382323,514.8992048382323,0.0,514.8992048382323,0.0,0.0,514.8992048382323,0.4389,225.98926100350016,0.65835,0.0,2.1945,0.0,0.0,0.0,225.98926100350016,225.99元,0.0,514.8992048382323
2025-02-01T04:30:00,2025-02-01T04:40:00,2025-02-01,27,526.7736577401041,526.7736577401041,0.0,526.7736577401041,0.0,0.0,526.7736577401041,0.4364,229.88402423778143,0.6546000000000001,0.0,2.182,0.0,0.0,0.0,229.88402423778143,229.88元,0.0,526.7736577401041
2025-02-01T04:40:00,2025-02-01T04:50:00,2025-02-01,28,539.394455236465,539.394455236465,0.0,539.394455236465,0.0,0.0,539.394455236465,0.4393,236.95598418537907,0.65895,0.0,2.1965000000000003,0.0,0.0,0.0,236.95598418537907,236.96元,0.0,539.394455236465
2025-02-01T04:50:00,2025-02-01T05:00:00,2025-02-01,29,547.4541268662202,547.4541268662202,0.0,547.4541268662202,0.0,0.0,547.4541268662202,0.4422,242.08421490024259,0.6633,0.0,2.211,0.0,0.0,0.0,242.08421490024259,242.08元,0.0,547.4541268662202
2025-02-01T05:00:00,2025-02-01T05:10:00,2025-02-01,30,546.4732411710656,546.4732411710656,0.0,546.4732411710656,0.0,0.0,546.4732411710656,0.4395,240.17498949468336,0.65925,0.0,2.1975,0.0,0.0,0.0,240.17498949468336,240.17元,0.0,546.4732411710656
2025-02-01T05:10:00,2025-02-01T05:20:00,2025-02-01,31,535.7293589393831,535.7293589393831,0.0,535.7293589393831,0.0,0.0,535.7293589393831,0.4333,232.1315312284347,0.64995,0.0,2.1665,0.0,0.0,0.0,232.1315312284347,232.13元,33.831507056774356,501.8978518826088
2025-02-01T05:20:00,2025-02-01T05:30:00,2025-02-01,32,536.9608188339558,536.9608188339558,0.0,536.9608188339558,0.0,0.0,536.9608188339558,0.4439,238.356907480393,0.66585,0.0,2.2195,0.0,0.0,0.0,238.356907480393,238.36元,38.44206882495514,498.5187500090007
2025-02-01T05:30:00,2025-02-01T05:40:00,2025-02-01,33,554.1875598313693,554.1875598313693,0.0,554.1875598313693,0.0,0.0,554.1875598313693,0.4301,238.3560694834719,0.64515,0.0,2.1505,0.0,0.0,0.0,238.3560694834719,238.36元,24.96422648903522,529.2233333423341
2025-02-01T05:40:00,2025-02-01T05:50:00,2025-02-01,34,1400.8541497831538,1400.8541497831538,0.0,1400.8541497831538,0.0,0.0,1400.8541497831538,0.3713,520.137145814485,0.5569500000000001,0.0,1.8565,0.0,0.0,0.0,520.137145814485,520.14元,853.4438331074865,547.4103166756673
2025-02-01T05:50:00,2025-02-01T06:00:00,2025-02-01,35,556.5770580143713,556.5770580143713,0.0,556.5770580143713,0.0,0.0,556.5770580143713,0.5708,317.6941847146031,0.8562,0.0,2.854,0.0,0.0,0.0,317.6941847146031,317.69元,25.349658005370664,531.2274000090007
2025-02-01T06:00:00,2025-02-01T06:10:00,2025-02-01,36,501.56499592158355,472.3654285089505,0.0,472.3654285089505,-29.19956741263303,0.0,472.3654285089505,0.9099,429.8053034002941,1.3648500000000001,0.0,4.5495,0.0,1396.941333345667,635.5384596056113,1065.3437630059054,1065.34元,0.0,472.3654285089505
2025-02-01T06:10:00,2025-02-01T06:20:00,2025-02-01,37,240.90114359673294,240.90114359673294,108.60696137896855,349.5081049757015,108.60696137896855,0.0,349.5081049757015,0.9368,225.6761913214194,1.4052,152.6145021297266,4.684,0.0,0.0,0.0,378.290693451146,378.29元,0.0,349.5081049757015
2025-02-01T06:20:00,2025-02-01T06:30:00,2025-02-01,38,515.7784113796479,488.2219150889144,0.0,488.2219150889144,-27.55649629073349,0.0,488.2219150889144,0.8758,427.58475323487124,1.3137,0.0,4.3790000000000004,0.0,0.0,0.0,427.58475323487124,427.58元,0.0,488.2219150889144
2025-02-01T06:30:00,2025-02-01T06:40:00,2025-02-01,39,236.37009228675544,209.74149411300874,0.0,209.74149411300874,-26.628598173746695,0.0,209.74149411300874,0.8759,183.71257469358437,1.31385,0.0,4.3795,0.0,0.0,0.0,183.71257469358437,183.71元,0.0,209.74149411300874
2025-02-01T06:40:00,2025-02-01T06:50:00,2025-02-01,40,360.97538272317456,334.96760802085396,0.0,334.96760802085396,-26.007774702320603,0.0,334.96760802085396,0.8601,288.1056396587365,1.29015,0.0,4.3004999999999995,0.0,0.0,0.0,288.1056396587365,288.11元,0.0,334.96760802085396
2025-02-01T06:50:00,2025-02-01T07:00:00,2025-02-01,41,416.2586417810766,391.04401808724066,0.0,391.04401808724066,-25.21462369383596,0.0,391.04401808724066,0.8442,330.11936006924856,1.2663,0.0,4.221,0.0,0.0,0.0,330.11936006924856,330.12元,0.0,391.04401808724066
2025-02-01T07:00:00,2025-02-01T07:10:00,2025-02-01,42,62.38323753347646,34.1499251495884,0.0,34.1499251495884,-28.233312383888062,0.0,34.1499251495884,0.8334,28.460547619666972,1.2501,0.0,4.167,0.0,0.0,0.0,28.460547619666972,28.46元,0.0,34.1499251495884
2025-02-01T07:10:00,2025-02-01T07:20:00,2025-02-01,43,105.12498467350144,77.92472692589047,0.0,77.92472692589047,-27.200257747610976,0.0,77.92472692589047,0.8092,63.05668902843057,1.2138,0.0,4.046,0.0,0.0,0.0,63.05668902843057,63.06元,0.0,77.92472692589047
2025-02-01T07:20:00,2025-02-01T07:30:00,2025-02-01,44,131.5224640548185,105.36287606139024,0.0,105.36287606139024,-26.15958799342826,0.0,105.36287606139024,0.7972,83.9952847961403,1.1958,0.0,3.986,0.0,0.0,0.0,83.9952847961403,84.00元,0.0,105.36287606139024
2025-02-01T07:30:00,2025-02-01T07:40:00,2025-02-01,45,175.1912608968595,142.65430482902764,0.0,142.65430482902764,-32.53695606783185,0.0,142.65430482902764,0.7644,109.04495061130872,1.1465999999999998,0.0,3.822,0.0,0.0,0.0,109.04495061130872,109.04元,0.0,142.65430482902764
2025-02-01T07:40:00,2025-02-01T07:50:00,2025-02-01,46,352.10250884041227,312.3755325659823,0.0,312.3755325659823,-39.726976274429944,0.0,312.3755325659823,0.6899,215.5078799172712,1.03485,0.0,3.4494999999999996,0.0,0.0,0.0,215.5078799172712,215.51元,0.0,312.3755325659823
2025-02-01T07:50:00,2025-02-01T08:00:00,2025-02-01,47,0.0,0.0,0.0,0.0,0.0,0.0,0.0,0.86,0.0,1.29,0.0,4.3,0.0,0.0,0.0,0.0,0.00元,0.0,0.0
2025-02-01T08:00:00,2025-02-01T08:10:00,2025-02-01,48,0.0,0.0,0.0,0.0,0.0,0.0,0.0,1.1617,0.0,1.74255,0.0,5.8084999999999996,0.0,0.0,0.0,0.0,0.00元,0.0,0.0
2025-02-01T08:10:00,2025-02-01T08:20:00,2025-02-01,49,0.0,0.0,0.0,0.0,0.0,0.0,0.0,1.1683,0.0,1.7524499999999998,0.0,5.8415,0.0,0.0,0.0,0.0,0.00元,0.0,0.0
2025-02-01T08:20:00,2025-02-01T08:30:00,2025-02-01,50,0.0,0.0,0.0,0.0,0.0,0.0,0.0,1.0956,0.0,1.6433999999999997,0.0,5.478,0.0,0.0,0.0,0.0,0.00元,0.0,0.0
2025-02-01T08:30:00,2025-02-01T08:40:00,2025-02-01,51,0.0,0.0,0.0,0.0,0.0,0.0,0.0,1.0849,0.0,1.6273499999999999,0.0,5.4245,0.0,0.0,0.0,0.0,0.00元,0.0,0.0
2025-02-01T08:40:00,2025-02-01T08:50:00,2025-02-01,52,0.0,0.0,0.0,0.0,0.0,0.0,0.0,1.061,0.0,1.5915,0.0,5.305,0.0,0.0,0.0,0.0,0.00元,0.0,0.0
2025-02-01T08:50:00,2025-02-01T09:00:00,2025-02-01,53,0.0,0.0,0.0,0.0,0.0,0.0,0.0,1.043,0.0,1.5644999999999998,0.0,5.215,0.0,0.0,0.0,0.0,0.00元,0.0,0.0
2025-02-01T09:00:00,2025-02-01T09:10:00,2025-02-01,54,0.0,0.0,0.0,0.0,0.0,0.0,0.0,1.036,0.0,1.554,0.0,5.18,0.0,0.0,0.0,0.0,0.00元,0.0,0.0
2025-02-01T09:10:00,2025-02-01T09:20:00,2025-02-01,55,0.0,0.0,0.0,0.0,0.0,0.0,0.0,1.0147,0.0,1.52205,0.0,5.073499999999999,0.0,0.0,0.0,0.0,0.00元,0.0,0.0
2025-02-01T09:20:00,2025-02-01T09:30:00,2025-02-01,56,0.0,0.0,0.0,0.0,0.0,0.0,0.0,0.9922,0.0,1.4883,0.0,4.961,0.0,0.0,0.0,0.0,0.00元,0.0,0.0
2025-02-01T09:30:00,2025-02-01T09:40:00,2025-02-01,57,0.0,0.0,0.0,0.0,0.0,0.0,0.0,0.97,0.0,1.455,0.0,4.85,0.0,0.0,0.0,0.0,0.00元,0.0,0.0
2025-02-01T09:40:00,2025-02-01T09:50:00,2025-02-01,58,0.0,0.0,0.0,0.0,0.0,0.0,0.0,0.9422,0.0,1.4133,0.0,4.711,0.0,0.0,0.0,0.0,0.00元,0.0,0.0
2025-02-01T09:50:00,2025-02-01T10:00:00,2025-02-01,59,0.0,0.0,0.0,0.0,0.0,0.0,0.0,0.9569,0.0,1.43535,0.0,4.7844999999999995,0.0,0.0,0.0,0.0,0.00元,0.0,0.0
2025-02-01T10:00:00,2025-02-01T10:10:00,2025-02-01,60,0.0,0.0,0.0,0.0,0.0,0.0,0.0,0.9977,0.0,1.49655,0.0,4.9885,0.0,0.0,0.0,0.0,0.00元,0.0,0.0
2025-02-01T10:10:00,2025-02-01T10:20:00,2025-02-01,61,0.0,0.0,0.0,0.0,0.0,0.0,0.0,0.9919,0.0,1.48785,0.0,4.9595,0.0,0.0,0.0,0.0,0.00元,0.0,0.0
2025-02-01T10:20:00,2025-02-01T10:30:00,2025-02-01,62,0.0,0.0,0.0,0.0,0.0,0.0,0.0,0.9588,0.0,1.4382,0.0,4.794,0.0,0.0,0.0,0.0,0.00元,0.0,0.0
2025-02-01T10:30:00,2025-02-01T10:40:00,2025-02-01,63,0.0,0.0,0.0,0.0,0.0,0.0,0.0,0.9549,0.0,1.43235,0.0,4.7745,0.0,0.0,0.0,0.0,0.00元,0.0,0.0
2025-02-01T10:40:00,2025-02-01T10:50:00,2025-02-01,64,0.0,0.0,0.0,0.0,0.0,0.0,0.0,0.9839,0.0,1.4758499999999999,0.0,4.9195,0.0,0.0,0.0,0.0,0.00元,0.0,0.0
2025-02-01T10:50:00,2025-02-01T11:00:00,2025-02-01,65,0.0,0.0,0.0,0.0,0.0,0.0,0.0,0.799,0.0,1.1985000000000001,0.0,3.995,0.0,0.0,0.0,0.0,0.00元,0.0,0.0
2025-02-01T11:00:00,2025-02-01T11:10:00,2025-02-01,66,0.0,0.0,0.0,0.0,0.0,0.0,0.0,0.5025,0.0,0.7537499999999999,0.0,2.5124999999999997,0.0,0.0,0.0,0.0,0.00元,0.0,0.0
2025-02-01T11:10:00,2025-02-01T11:20:00,2025-02-01,67,0.0,0.0,0.0,0.0,0.0,0.0,0.0,0.4662,0.0,0.6993,0.0,2.331,0.0,0.0,0.0,0.0,0.00元,0.0,0.0
2025-02-01T11:20:00,2025-02-01T11:30:00,2025-02-01,68,0.0,0.0,0.0,0.0,0.0,0.0,0.0,0.5007,0.0,0.75105,0.0,2.5035000000000003,0.0,0.0,0.0,0.0,0.00元,0.0,0.0
2025-02-01T11:30:00,2025-02-01T11:40:00,2025-02-01,69,0.0,0.0,0.0,0.0,0.0,0.0,0.0,0.4827,0.0,0.7240500000000001,0.0,2.4135,0.0,0.0,0.0,0.0,0.00元,0.0,0.0
2025-02-01T11:40:00,2025-02-01T11:50:00,2025-02-01,70,0.0,0.0,0.0,0.0,0.0,0.0,0.0,0.4785,0.0,0.71775,0.0,2.3925,0.0,0.0,0.0,0.0,0.00元,0.0,0.0
2025-02-01T11:50:00,2025-02-01T12:00:00,2025-02-01,71,0.0,0.0,0.0,0.0,0.0,0.0,0.0,0.4662,0.0,0.6993,0.0,2.331,0.0,0.0,0.0,0.0,0.00元,0.0,0.0
2025-02-01T12:00:00,2025-02-01T12:10:00,2025-02-01,72,0.0,0.0,112.50965186885924,112.50965186885924,112.50965186885924,0.0,112.50965186885924,0.4432,0.0,0.6648,74.79641656241762,2.2159999999999997,0.0,679.414970465963,150.5583574552574,225.35477401767503,225.35元,0.0,112.50965186885924
2025-02-01T12:10:00,2025-02-01T12:20:00,2025-02-01,73,0.0,0.0,419.9959583009529,419.9959583009529,419.9959583009529,0.0,419.9959583009529,0.4411,0.0,0.66165,277.89032580982547,2.2055,0.0,0.0,0.0,277.89032580982547,277.89元,0.0,419.9959583009529
2025-02-01T12:20:00,2025-02-01T12:30:00,2025-02-01,74,0.0,0.0,0.0,0.0,0.0,0.0,0.0,0.4551,0.0,0.68265,0.0,2.2755,0.0,0.0,0.0,0.0,0.00元,0.0,0.0
2025-02-01T12:30:00,2025-02-01T12:40:00,2025-02-01,75,0.0,0.0,0.0,0.0,0.0,0.0,0.0,0.4463,0.0,0.66945,0.0,2.2315,0.0,0.0,0.0,0.0,0.00元,0.0,0.0
2025-02-01T12:40:00,2025-02-01T12:50:00,2025-02-01,76,0.0,0.0,435.3053013035899,435.3053013035899,435.3053013035899,0.0,435.3053013035899,0.4113,0.0,0.61695,268.56160563924976,2.0564999999999998,0.0,0.0,0.0,268.56160563924976,268.56元,0.0,435.3053013035899
2025-02-01T12:50:00,2025-02-01T13:00:00,2025-02-01,77,0.0,0.0,0.0,0.0,0.0,0.0,0.0,0.5682,0.0,0.8523000000000001,0.0,2.841,0.0,0.0,0.0,0.0,0.00元,0.0,0.0
2025-02-01T13:00:00,2025-02-01T13:10:00,2025-02-01,78,0.0,0.0,0.0,0.0,0.0,0.0,0.0,0.8279,0.0,1.24185,0.0,4.1395,0.0,0.0,0.0,0.0,0.00元,0.0,0.0
2025-02-01T13:10:00,2025-02-01T13:20:00,2025-02-01,79,0.0,0.0,0.0,0.0,0.0,0.0,0.0,0.8636,0.0,1.2954,0.0,4.3180000000000005,0.0,0.0,0.0,0.0,0.00元,0.0,0.0
2025-02-01T13:20:00,2025-02-01T13:30:00,2025-02-01,80,0.0,0.0,0.0,0.0,0.0,0.0,0.0,0.8416,0.0,1.2624,0.0,4.208,0.0,0.0,0.0,0.0,0.00元,0.0,0.0
2025-02-01T13:30:00,2025-02-01T13:40:00,2025-02-01,81,0.0,0.0,0.0,0.0,0.0,0.0,0.0,0.8618,0.0,1.2927,0.0,4.309,0.0,0.0,0.0,0.0,0.00元,0.0,0.0
2025-02-01T13:40:00,2025-02-01T13:50:00,2025-02-01,82,0.0,0.0,0.0,0.0,0.0,0.0,0.0,0.8623,0.0,1.29345,0.0,4.3115,0.0,0.0,0.0,0.0,0.00元,0.0,0.0
2025-02-01T13:50:00,2025-02-01T14:00:00,2025-02-01,83,0.0,0.0,0.0,0.0,0.0,0.0,0.0,0.9026,0.0,1.3538999999999999,0.0,4.513,0.0,0.0,0.0,0.0,0.00元,0.0,0.0
2025-02-01T14:00:00,2025-02-01T14:10:00,2025-02-01,84,0.0,0.0,0.0,0.0,0.0,0.0,0.0,0.9754,0.0,1.4631,0.0,4.877000000000001,0.0,0.0,0.0,0.0,0.00元,0.0,0.0
2025-02-01T14:10:00,2025-02-01T14:20:00,2025-02-01,85,0.0,0.0,0.0,0.0,0.0,0.0,0.0,1.0002,0.0,1.5003,0.0,5.0009999999999994,0.0,0.0,0.0,0.0,0.00元,0.0,0.0
2025-02-01T14:20:00,2025-02-01T14:30:00,2025-02-01,86,0.0,0.0,0.0,0.0,0.0,0.0,0.0,0.9978,0.0,1.4967000000000001,0.0,4.989,0.0,0.0,0.0,0.0,0.00元,0.0,0.0
2025-02-01T14:30:00,2025-02-01T14:40:00,2025-02-01,87,0.0,0.0,0.0,0.0,0.0,0.0,0.0,1.0271,0.0,1.5406499999999999,0.0,5.1354999999999995,0.0,0.0,0.0,0.0,0.00元,0.0,0.0
2025-02-01T14:40:00,2025-02-01T14:50:00,2025-02-01,88,0.0,0.0,0.0,0.0,0.0,0.0,0.0,1.0906,0.0,1.6359,0.0,5.453,0.0,0.0,0.0,0.0,0.00元,0.0,0.0
2025-02-01T14:50:00,2025-02-01T15:00:00,2025-02-01,89,0.0,0.0,0.0,0.0,0.0,0.0,0.0,0.9376,0.0,1.4064,0.0,4.688,0.0,0.0,0.0,0.0,0.00元,0.0,0.0
2025-02-01T15:00:00,2025-02-01T15:10:00,2025-02-01,90,239.3986859185162,145.03422998699548,0.0,145.03422998699548,-94.36445593152072,0.0,145.03422998699548,0.6694,97.08591355329477,1.0041,0.0,3.347,0.0,0.0,0.0,97.08591355329477,97.09元,0.0,145.03422998699548
2025-02-01T15:10:00,2025-02-01T15:20:00,2025-02-01,91,322.0752566457164,187.17443881936344,0.0,187.17443881936344,-134.90081782635298,0.0,187.17443881936344,0.66,123.53512962077988,0.99,0.0,3.3000000000000003,0.0,0.0,0.0,123.53512962077988,123.54元,0.0,187.17443881936344
2025-02-01T15:20:00,2025-02-01T15:30:00,2025-02-01,92,301.54647106275263,206.80621065739388,0.0,206.80621065739388,-94.74026040535875,0.0,206.80621065739388,0.7217,149.25204223144115,1.08255,0.0,3.6085000000000003,0.0,0.0,0.0,149.25204223144115,149.25元,0.0,206.80621065739388
2025-02-01T15:30:00,2025-02-01T15:40:00,2025-02-01,93,290.94808741449043,195.93454824190508,0.0,195.93454824190508,-95.01353917258535,0.0,195.93454824190508,0.7308,143.18896785518425,1.0962,0.0,3.654,0.0,0.0,0.0,143.18896785518425,143.19元,0.0,195.93454824190508
2025-02-01T15:40:00,2025-02-01T15:50:00,2025-02-01,94,302.57219987259805,207.28955103717442,0.0,207.28955103717442,-95.28264883542363,0.0,207.28955103717442,0.7534,156.1719477514072,1.1300999999999999,0.0,3.767,0.0,0.0,0.0,156.1719477514072,156.17元,0.0,207.28955103717442
2025-02-01T15:50:00,2025-02-01T16:00:00,2025-02-01,95,324.43735877849906,228.84532981802954,0.0,228.84532981802954,-95.59202896046952,0.0,228.84532981802954,0.7823,179.02570151664452,1.1734499999999999,0.0,3.9115,0.0,0.0,0.0,179.02570151664452,179.03元,0.0,228.84532981802954
2025-02-01T16:00:00,2025-02-01T16:10:00,2025-02-01,96,446.50061863990857,430.6490678230037,0.0,430.6490678230037,-15.851550816904876,0.0,430.6490678230037,0.8055,346.88782413142945,1.20825,0.0,4.0275,0.0,0.0,0.0,346.88782413142945,346.89元,0.0,430.6490678230037
2025-02-01T16:10:00,2025-02-01T16:20:00,2025-02-01,97,443.7403083297338,427.56971248797174,0.0,427.56971248797174,-16.170595841762065,0.0,427.56971248797174,0.8271,353.6429091988014,1.24065,0.0,4.1354999999999995,0.0,0.0,0.0,353.6429091988014,353.64元,0.0,427.56971248797174
2025-02-01T16:20:00,2025-02-01T16:30:00,2025-02-01,98,462.96085198633835,446.48219899011747,0.0,446.48219899011747,-16.478652996220887,0.0,446.48219899011747,0.8519,380.35818531968107,1.27785,0.0,4.2595,0.0,0.0,0.0,380.35818531968107,380.36元,0.0,446.48219899011747
2025-02-01T16:30:00,2025-02-01T16:40:00,2025-02-01,99,502.9447703445476,486.15362801413175,0.0,486.15362801413175,-16.791142330415823,0.0,486.15362801413175,0.8791,427.37765438722323,1.3186499999999999,0.0,4.3955,0.0,0.0,0.0,427.37765438722323,427.38元,0.0,486.15362801413175
2025-02-01T16:40:00,2025-02-01T16:50:00,2025-02-01,100,517.5999036841118,490.6700651313708,0.0,490.6700651313708,-26.929838552741046,0.0,490.6700651313708,0.9024,442.780666774549,1.3536,0.0,4.512,0.0,0.0,0.0,442.780666774549,442.78元,0.0,490.6700651313708
2025-02-01T16:50:00,2025-02-01T17:00:00,2025-02-01,101,471.19355013172316,446.6964100425165,0.0,446.6964100425165,-24.497140089206653,0.0,446.6964100425165,0.9163,409.3079205219579,1.37445,0.0,4.5815,0.0,0.0,0.0,409.3079205219579,409.31元,0.0,446.6964100425165
2025-02-01T17:00:00,2025-02-01T17:10:00,2025-02-01,102,440.2238546702489,422.34142522523746,0.0,422.34142522523746,-17.88242944501144,0.0,422.34142522523746,0.9264,391.25709632866,1.3896,0.0,4.632,0.0,0.0,0.0,391.25709632866,391.26元,0.0,422.34142522523746
2025-02-01T17:10:00,2025-02-01T17:20:00,2025-02-01,103,452.0830176693797,436.1834974191547,0.0,436.1834974191547,-15.899520250224953,0.0,436.1834974191547,0.9462,412.71682525800423,1.4193,0.0,4.731,0.0,0.0,0.0,412.71682525800423,412.72元,0.0,436.1834974191547
2025-02-01T17:20:00,2025-02-01T17:30:00,2025-02-01,104,464.7465087675033,449.7309773393615,0.0,449.7309773393615,-15.015531428141799,0.0,449.7309773393615,0.9742,438.127918124006,1.4613,0.0,4.8709999999999996,0.0,0.0,0.0,438.127918124006,438.13元,0.0,449.7309773393615
2025-02-01T17:30:00,2025-02-01T17:40:00,2025-02-01,105,454.87640002763646,440.27222693434385,0.0,440.27222693434385,-14.604173093292616,0.0,440.27222693434385,0.9862,434.1964702026499,1.4792999999999998,0.0,4.931,0.0,0.0,0.0,434.1964702026499,434.20元,0.0,440.27222693434385
2025-02-01T17:40:00,2025-02-01T17:50:00,2025-02-01,106,459.19036925154427,444.95875301091206,0.0,444.95875301091206,-14.231616240632206,0.0,444.95875301091206,0.976,434.27974293865014,1.464,0.0,4.88,0.0,0.0,0.0,434.27974293865014,434.28元,0.0,444.95875301091206
2025-02-01T17:50:00,2025-02-01T18:00:00,2025-02-01,107,459.94574006541336,446.1307842422598,0.0,446.1307842422598,-13.814955823153582,0.0,446.1307842422598,1.0742,479.23368843303547,1.6113,0.0,5.371,0.0,0.0,0.0,479.23368843303547,479.23元,0.0,446.1307842422598
2025-02-01T18:00:00,2025-02-01T18:10:00,2025-02-01,108,0.0,0.0,438.5179166666666,438.5179166666666,438.5179166666666,0.0,438.5179166666666,1.2313,0.0,1.84695,809.9206661874999,6.1565,0.0,139.26981742173666,85.74146309569218,895.6621292831921,895.66元,0.0,438.5179166666666
2025-02-01T18:10:00,2025-02-01T18:20:00,2025-02-01,109,0.0,0.0,0.0,0.0,0.0,0.0,0.0,1.2561,0.0,1.88415,0.0,6.2805,0.0,0.0,0.0,0.0,0.00元,0.0,0.0
2025-02-01T18:20:00,2025-02-01T18:30:00,2025-02-01,110,0.0,0.0,109.81105925411123,109.81105925411123,109.81105925411123,0.0,109.81105925411123,1.2447,0.0,1.8670499999999999,205.02273818038836,6.2235,0.0,0.0,0.0,205.02273818038836,205.02元,0.0,109.81105925411123
2025-02-01T18:30:00,2025-02-01T18:40:00,2025-02-01,111,0.0,0.0,0.0,0.0,0.0,0.0,0.0,1.2545,0.0,1.8817499999999998,0.0,6.2725,0.0,0.0,0.0,0.0,0.00元,0.0,0.0
2025-02-01T18:40:00,2025-02-01T18:50:00,2025-02-01,112,0.0,0.0,0.0,0.0,0.0,0.0,0.0,1.2522,0.0,1.8782999999999999,0.0,6.261,0.0,0.0,0.0,0.0,0.00元,0.0,0.0
2025-02-01T18:50:00,2025-02-01T19:00:00,2025-02-01,113,0.0,0.0,0.0,0.0,0.0,0.0,0.0,1.2881,0.0,1.93215,0.0,6.4405,0.0,0.0,0.0,0.0,0.00元,0.0,0.0
2025-02-01T19:00:00,2025-02-01T19:10:00,2025-02-01,114,0.0,0.0,0.0,0.0,0.0,0.0,0.0,1.3466,0.0,2.0199,0.0,6.7330000000000005,0.0,0.0,0.0,0.0,0.00元,0.0,0.0
2025-02-01T19:10:00,2025-02-01T19:20:00,2025-02-01,115,0.0,0.0,0.0,0.0,0.0,0.0,0.0,1.3523,0.0,2.0284500000000003,0.0,6.7615,0.0,0.0,0.0,0.0,0.00元,0.0,0.0
2025-02-01T19:20:00,2025-02-01T19:30:00,2025-02-01,116,0.0,0.0,0.0,0.0,0.0,0.0,0.0,1.3445,0.0,2.01675,0.0,6.7225,0.0,0.0,0.0,0.0,0.00元,0.0,0.0
2025-02-01T19:30:00,2025-02-01T19:40:00,2025-02-01,117,0.0,0.0,0.0,0.0,0.0,0.0,0.0,1.3483,0.0,2.02245,0.0,6.7415,0.0,0.0,0.0,0.0,0.00元,0.0,0.0
2025-02-01T19:40:00,2025-02-01T19:50:00,2025-02-01,118,0.0,0.0,0.0,0.0,0.0,0.0,0.0,1.349,0.0,2.0235,0.0,6.745,0.0,0.0,0.0,0.0,0.00元,0.0,0.0
2025-02-01T19:50:00,2025-02-01T20:00:00,2025-02-01,119,0.0,0.0,0.0,0.0,0.0,0.0,0.0,1.3473,0.0,2.02095,0.0,6.7364999999999995,0.0,0.0,0.0,0.0,0.00元,0.0,0.0
2025-02-01T20:00:00,2025-02-01T20:10:00,2025-02-01,120,0.0,0.0,0.0,0.0,0.0,0.0,0.0,1.3482,0.0,2.0223,0.0,6.7410000000000005,0.0,0.0,0.0,0.0,0.00元,0.0,0.0
2025-02-01T20:10:00,2025-02-01T20:20:00,2025-02-01,121,0.0,0.0,0.0,0.0,0.0,0.0,0.0,1.3513,0.0,2.02695,0.0,6.7565,0.0,0.0,0.0,0.0,0.00元,0.0,0.0
2025-02-01T20:20:00,2025-02-01T20:30:00,2025-02-01,122,0.0,0.0,0.0,0.0,0.0,0.0,0.0,1.34,0.0,2.0100000000000002,0.0,6.7,0.0,0.0,0.0,0.0,0.00元,0.0,0.0
2025-02-01T20:30:00,2025-02-01T20:40:00,2025-02-01,123,0.0,0.0,0.0,0.0,0.0,0.0,0.0,1.3489,0.0,2.0233499999999998,0.0,6.7445,0.0,0.0,0.0,0.0,0.00元,0.0,0.0
2025-02-01T20:40:00,2025-02-01T20:50:00,2025-02-01,124,0.0,0.0,0.0,0.0,0.0,0.0,0.0,1.3952,0.0,2.0928,0.0,6.976,0.0,0.0,0.0,0.0,0.00元,0.0,0.0
2025-02-01T20:50:00,2025-02-01T21:00:00,2025-02-01,125,4.004232628902514,4.004232628902514,355.3524881964611,359.3567208253636,355.3524881964611,0.0,359.3567208253636,1.2226,4.895574812096213,1.8338999999999999,651.6809281034899,6.1129999999999995,0.0,0.0,0.0,656.5765029155862,656.58元,0.0,359.3567208253636
2025-02-01T21:00:00,2025-02-01T21:10:00,2025-02-01,126,518.5055257147543,516.1661839858277,0.0,516.1661839858277,-2.33934172892657,0.0,516.1661839858277,0.9332,481.68628289557444,1.3998,0.0,4.666,0.0,0.0,0.0,481.68628289557444,481.69元,0.0,516.1661839858277
2025-02-01T21:10:00,2025-02-01T21:20:00,2025-02-01,127,501.6398179781423,499.36456373908334,0.0,499.36456373908334,-2.2752542390589383,0.0,499.36456373908334,0.9068,452.8237863986008,1.3602,0.0,4.534000000000001,0.0,0.0,0.0,452.8237863986008,452.82元,0.0,499.36456373908334
2025-02-01T21:20:00,2025-02-01T21:30:00,2025-02-01,128,472.37553347454303,470.1626110150563,0.0,470.1626110150563,-2.2129224594867196,0.0,470.1626110150563,0.9371,440.58938278220927,1.40565,0.0,4.6855,0.0,0.0,0.0,440.58938278220927,440.59元,0.0,470.1626110150563
2025-02-01T21:30:00,2025-02-01T21:40:00,2025-02-01,129,467.27871947788054,465.1264211862724,0.0,465.1264211862724,-2.1522982916081332,0.0,465.1264211862724,0.9371,435.8699692936559,1.40565,0.0,4.6855,0.0,0.0,0.0,435.8699692936559,435.87元,0.0,465.1264211862724
2025-02-01T21:40:00,2025-02-01T21:50:00,2025-02-01,130,349.29443303997937,0.0,0.0,0.0,-349.29443303997937,0.0,0.0,0.9871,0.0,1.48065,0.0,4.9355,0.0,0.0,0.0,0.0,0.00元,0.0,0.0
2025-02-01T21:50:00,2025-02-01T22:00:00,2025-02-01,131,473.3990826632996,466.30624784501356,0.0,466.30624784501356,-7.0928348182860645,0.0,466.30624784501356,0.7764,362.0401708268685,1.1646,0.0,3.8819999999999997,0.0,0.0,0.0,362.0401708268685,362.04元,0.0,466.30624784501356
2025-02-01T22:00:00,2025-02-01T22:10:00,2025-02-01,132,1249.1956424735545,1241.236318297213,0.0,1241.236318297213,-7.959324176341397,0.0,1241.236318297213,0.4209,522.436366371297,0.63135,0.0,2.1045,0.0,0.0,0.0,522.436366371297,522.44元,15.817984973879668,1225.4183333233334
2025-02-01T22:10:00,2025-02-01T22:20:00,2025-02-01,133,1233.3749380587665,1225.6336637300365,0.0,1225.6336637300365,-7.7412743287300145,0.0,1225.6336637300365,0.3859,472.9720308334211,0.5788500000000001,0.0,1.9295,0.0,0.0,0.0,472.9720308334211,472.97元,20.530513740036433,1205.10314999
2025-02-01T22:20:00,2025-02-01T22:30:00,2025-02-01,134,420.3443406415487,420.3443406415487,0.0,420.3443406415487,0.0,0.0,420.3443406415487,0.4368,183.60640799222847,0.6552,0.0,2.184,0.0,0.0,0.0,183.60640799222847,183.61元,0.0,420.3443406415487
2025-02-01T22:30:00,2025-02-01T22:40:00,2025-02-01,135,1276.625246251213,1269.302314498546,0.0,1269.302314498546,-7.322931752667046,0.0,1269.302314498546,0.4198,532.8531116264896,0.6297,0.0,2.099,0.0,0.0,0.0,532.8531116264896,532.85元,76.8123145085459,1192.4899999900001
2025-02-01T22:40:00,2025-02-01T22:50:00,2025-02-01,136,1267.6566090623985,1260.534292854137,0.0,1260.534292854137,-7.122316208261509,0.0,1260.534292854137,0.4186,527.6596549887417,0.6279,0.0,2.093,0.0,0.0,0.0,527.6596549887417,527.66元,45.15024286413699,1215.38404999
2025-02-01T22:50:00,2025-02-01T23:00:00,2025-02-01,137,1245.1994839002227,1238.2722872686293,0.0,1238.2722872686293,-6.9271966315934606,0.0,1238.2722872686293,0.4241,525.1512770306257,0.63615,0.0,2.1205,0.0,0.0,0.0,525.1512770306257,525.15元,0.0,1238.2722872686293
2025-02-01T23:00:00,2025-02-01T23:10:00,2025-02-01,138,1231.724382911957,1224.9869604542039,0.0,1224.9869604542039,-6.737422457753155,0.0,1224.9869604542039,0.4237,519.0269751444462,0.6355500000000001,0.0,2.1185,0.0,0.0,0.0,519.0269751444462,519.03元,0.0,1224.9869604542039
2025-02-01T23:10:00,2025-02-01T23:20:00,2025-02-01,139,938.2399960451505,938.2399960451505,0.0,938.2399960451505,0.0,0.0,938.2399960451505,0.4248,398.56435031997995,0.6372,0.0,2.124,0.0,0.0,0.0,398.56435031997995,398.56元,0.0,938.2399960451505
2025-02-01T23:20:00,2025-02-01T23:30:00,2025-02-01,140,1250.16645035278,1243.7931217828434,0.0,1243.7931217828434,-6.373328569936575,0.0,1243.7931217828434,0.424,527.3682836359255,0.636,0.0,2.12,0.0,0.0,0.0,527.3682836359255,527.37元,9.499921792843445,1234.29319999
2025-02-01T23:30:00,2025-02-01T23:40:00,2025-02-01,141,1258.6108063970353,1252.4120784957813,0.0,1252.4120784957813,-6.19872790125396,0.0,1252.4120784957813,0.422,528.5178971252197,0.633,0.0,2.11,0.0,0.0,0.0,528.5178971252197,528.52元,9.133745172448009,1243.2783333233333
2025-02-01T23:40:00,2025-02-01T23:50:00,2025-02-01,142,1261.1756101879587,1255.146699678773,0.0,1255.146699678773,-6.028910509185607,0.0,1255.146699678773,0.424,532.1822006637998,0.636,0.0,2.12,0.0,0.0,0.0,532.1822006637998,532.18元,34.57666635543978,1220.5700333233333
2025-02-01T23:50:00,2025-02-02T00:00:00,2025-02-01,143,491.2817030540603,491.2817030540603,0.0,491.2817030540603,0.0,0.0,491.2817030540603,0.4271,209.82641537438914,0.6406499999999999,0.0,2.1355,0.0,0.0,0.0,209.82641537438914,209.83元,0.0,491.2817030540603
2025-02-02T00:00:00,2025-02-02T00:10:00,2025-02-01,144,571.0104583333333,571.0104583333333,0.0,571.0104583333333,0.0,0.0,571.0104583333333,0.4276,244.16407198333332,0.6414,0.0,2.138,0.0,0.0,0.0,244.16407198333332,244.16元,0.0,571.0104583333333
2025-02-02T00:10:00,2025-02-02T00:20:00,2025-02-02,1,597.9495166941613,597.9495166941613,0.0,597.9495166941613,0.0,0.0,597.9495166941613,0.4248,254.00895469167972,0.6372,0.0,2.124,0.0,0.0,0.0,254.00895469167972,254.01元,0.0,597.9495166941613
2025-02-02T00:20:00,2025-02-02T00:30:00,2025-02-02,2,1146.6968202624778,1146.6968202624778,0.0,1146.6968202624778,0.0,0.0,1146.6968202624778,0.4245,486.77280020142183,0.6367499999999999,0.0,2.1225,0.0,0.0,0.0,486.77280020142183,486.77元,0.0,1146.6968202624778
2025-02-02T00:30:00,2025-02-02T00:40:00,2025-02-02,3,585.4590474926123,585.4590474926123,0.0,585.4590474926123,0.0,0.0,585.4590474926123,0.4269,249.93246737459617,0.64035,0.0,2.1345,0.0,0.0,0.0,249.93246737459617,249.93元,0.0,585.4590474926123
2025-02-02T00:40:00,2025-02-02T00:50:00,2025-02-02,4,583.4192477528553,583.4192477528553,0.0,583.4192477528553,0.0,0.0,583.4192477528553,0.4272,249.23670264001981,0.6408,0.0,2.136,0.0,0.0,0.0,249.23670264001981,249.24元,0.0,583.4192477528553
2025-02-02T00:50:00,2025-02-02T01:00:00,2025-02-02,5,593.0409633598704,593.0409633598704,0.0,593.0409633598704,0.0,0.0,593.0409633598704,0.4271,253.28779545100062,0.6406499999999999,0.0,2.1355,0.0,0.0,0.0,253.28779545100062,253.29元,0.0,593.0409633598704
2025-02-02T01:00:00,2025-02-02T01:10:00,2025-02-02,6,609.5997272857996,609.5997272857996,0.0,609.5997272857996,0.0,0.0,609.5997272857996,0.4285,261.2134831419651,0.6427499999999999,0.0,2.1425,0.0,0.0,0.0,261.2134831419651,261.21元,0.0,609.5997272857996
2025-02-02T01:10:00,2025-02-02T01:20:00,2025-02-02,7,618.3919294196381,618.3919294196381,0.0,618.3919294196381,0.0,0.0,618.3919294196381,0.4311,266.588760772806,0.64665,0.0,2.1555,0.0,0.0,0.0,266.588760772806,266.59元,0.0,618.3919294196381
2025-02-02T01:20:00,2025-02-02T01:30:00,2025-02-02,8,625.0253926448399,625.0253926448399,0.0,625.0253926448399,0.0,0.0,625.0253926448399,0.4302,268.88592391581017,0.6453,0.0,2.1510000000000002,0.0,0.0,0.0,268.88592391581017,268.89元,0.0,625.0253926448399
2025-02-02T01:30:00,2025-02-02T01:40:00,2025-02-02,9,625.8452089102309,625.8452089102309,0.0,625.8452089102309,0.0,0.0,625.8452089102309,0.4279,267.7991648926878,0.64185,0.0,2.1395,0.0,0.0,0.0,267.7991648926878,267.80元,0.0,625.8452089102309
2025-02-02T01:40:00,2025-02-02T01:50:00,2025-02-02,10,610.9646011277463,610.9646011277463,0.0,610.9646011277463,0.0,0.0,610.9646011277463,0.4312,263.44793600628424,0.6468,0.0,2.156,0.0,0.0,0.0,263.44793600628424,263.45元,0.0,610.9646011277463
2025-02-02T01:50:00,2025-02-02T02:00:00,2025-02-02,11,602.9834892305054,602.9834892305054,0.0,602.9834892305054,0.0,0.0,602.9834892305054,0.4333,261.272745883578,0.64995,0.0,2.1665,0.0,0.0,0.0,261.272745883578,261.27元,0.0,602.9834892305054
2025-02-02T02:00:00,2025-02-02T02:10:00,2025-02-02,12,618.7397503913941,618.7397503913941,0.0,618.7397503913941,0.0,0.0,618.7397503913941,0.4311,266.73870639372996,0.64665,0.0,2.1555,0.0,0.0,0.0,266.73870639372996,266.74元,0.0,618.7397503913941
2025-02-02T02:10:00,2025-02-02T02:20:00,2025-02-02,13,653.0813875689952,653.0813875689952,0.0,653.0813875689952,0.0,0.0,653.0813875689952,0.4293,280.36783968336965,0.64395,0.0,2.1465,0.0,0.0,0.0,280.36783968336965,280.37元,0.0,653.0813875689952
2025-02-02T02:20:00,2025-02-02T02:30:00,2025-02-02,14,670.5799572143596,670.5799572143596,0.0,670.5799572143596,0.0,0.0,670.5799572143596,0.4324,289.9587734994891,0.6486000000000001,0.0,2.162,0.0,0.0,0.0,289.9587734994891,289.96元,0.0,670.5799572143596
2025-02-02T02:30:00,2025-02-02T02:40:00,2025-02-02,15,662.7525461387792,662.7525461387792,0.0,662.7525461387792,0.0,0.0,662.7525461387792,0.4367,289.42403689880484,0.6550499999999999,0.0,2.1835,0.0,0.0,0.0,289.42403689880484,289.42元,0.0,662.7525461387792
2025-02-02T02:40:00,2025-02-02T02:50:00,2025-02-02,16,650.1222433760513,650.1222433760513,0.0,650.1222433760513,0.0,0.0,650.1222433760513,0.4348,282.67315141990713,0.6522,0.0,2.174,0.0,0.0,0.0,282.67315141990713,282.67元,0.0,650.1222433760513
2025-02-02T02:50:00,2025-02-02T03:00:00,2025-02-02,17,632.5646045393844,632.5646045393844,0.0,632.5646045393844,0.0,0.0,632.5646045393844,0.4335,274.21675606782316,0.65025,0.0,2.1675,0.0,0.0,0.0,274.21675606782316,274.22元,0.0,632.5646045393844
2025-02-02T03:00:00,2025-02-02T03:10:00,2025-02-02,18,621.9309453397584,621.9309453397584,0.0,621.9309453397584,0.0,0.0,621.9309453397584,0.4357,270.97531288453274,0.65355,0.0,2.1784999999999997,0.0,0.0,0.0,270.97531288453274,270.98元,0.0,621.9309453397584
2025-02-02T03:10:00,2025-02-02T03:20:00,2025-02-02,19,639.3963967658835,639.3963967658835,0.0,639.3963967658835,0.0,0.0,639.3963967658835,0.4374,279.67198394539747,0.6561,0.0,2.1870000000000003,0.0,0.0,0.0,279.67198394539747,279.67元,0.0,639.3963967658835
2025-02-02T03:20:00,2025-02-02T03:30:00,2025-02-02,20,672.8428419258946,672.8428419258946,0.0,672.8428419258946,0.0,0.0,672.8428419258946,0.4371,294.0996062058085,0.65565,0.0,2.1854999999999998,0.0,0.0,0.0,294.0996062058085,294.10元,0.0,672.8428419258946
2025-02-02T03:30:00,2025-02-02T03:40:00,2025-02-02,21,689.6458328842511,689.6458328842511,0.0,689.6458328842511,0.0,0.0,689.6458328842511,0.4356,300.4097248043798,0.6534,0.0,2.178,0.0,0.0,0.0,300.4097248043798,300.41元,0.0,689.6458328842511
2025-02-02T03:40:00,2025-02-02T03:50:00,2025-02-02,22,666.3563333273073,666.3563333273073,0.0,666.3563333273073,0.0,0.0,666.3563333273073,0.4353,290.0649118973769,0.65295,0.0,2.1765,0.0,0.0,0.0,290.0649118973769,290.06元,0.0,666.3563333273073
2025-02-02T03:50:00,2025-02-02T04:00:00,2025-02-02,23,661.1977437243454,661.1977437243454,0.0,661.1977437243454,0.0,0.0,661.1977437243454,0.436,288.2822162638146,0.654,0.0,2.18,0.0,0.0,0.0,288.2822162638146,288.28元,0.0,661.1977437243454
2025-02-02T04:00:00,2025-02-02T04:10:00,2025-02-02,24,684.8764231508648,684.8764231508648,0.0,684.8764231508648,0.0,0.0,684.8764231508648,0.4378,299.8388980554486,0.6567000000000001,0.0,2.189,0.0,0.0,0.0,299.8388980554486,299.84元,0.0,684.8764231508648
2025-02-02T04:10:00,2025-02-02T04:20:00,2025-02-02,25,691.722076940913,691.722076940913,0.0,691.722076940913,0.0,0.0,691.722076940913,0.4401,304.4268860616958,0.66015,0.0,2.2005,0.0,0.0,0.0,304.4268860616958,304.43元,0.0,691.722076940913
2025-02-02T04:20:00,2025-02-02T04:30:00,2025-02-02,26,683.207869335245,683.207869335245,0.0,683.207869335245,0.0,0.0,683.207869335245,0.4389,299.8599338512391,0.65835,0.0,2.1945,0.0,0.0,0.0,299.8599338512391,299.86元,0.0,683.207869335245
2025-02-02T04:30:00,2025-02-02T04:40:00,2025-02-02,27,682.0517169587541,682.0517169587541,0.0,682.0517169587541,0.0,0.0,682.0517169587541,0.4364,297.6473692808003,0.6546000000000001,0.0,2.182,0.0,0.0,0.0,297.6473692808003,297.65元,0.0,682.0517169587541
2025-02-02T04:40:00,2025-02-02T04:50:00,2025-02-02,28,703.4884931272926,703.4884931272926,0.0,703.4884931272926,0.0,0.0,703.4884931272926,0.4393,309.0424950308197,0.65895,0.0,2.1965000000000003,0.0,0.0,0.0,309.0424950308197,309.04元,0.0,703.4884931272926
2025-02-02T04:50:00,2025-02-02T05:00:00,2025-02-02,29,701.0525299475023,701.0525299475023,0.0,701.0525299475023,0.0,0.0,701.0525299475023,0.4422,310.0054287427855,0.6633,0.0,2.211,0.0,0.0,0.0,310.0054287427855,310.01元,0.0,701.0525299475023
2025-02-02T05:00:00,2025-02-02T05:10:00,2025-02-02,30,682.7137886317902,682.7137886317902,0.0,682.7137886317902,0.0,0.0,682.7137886317902,0.4395,300.0527101036718,0.65925,0.0,2.1975,0.0,0.0,0.0,300.0527101036718,300.05元,0.0,682.7137886317902
2025-02-02T05:10:00,2025-02-02T05:20:00,2025-02-02,31,701.6553167624812,701.6553167624812,0.0,701.6553167624812,0.0,0.0,701.6553167624812,0.4333,304.02724875318313,0.64995,0.0,2.1665,0.0,0.0,0.0,304.02724875318313,304.03元,0.0,701.6553167624812
2025-02-02T05:20:00,2025-02-02T05:30:00,2025-02-02,32,714.1827493428877,714.1827493428877,0.0,714.1827493428877,0.0,0.0,714.1827493428877,0.4439,317.02572243330786,0.66585,0.0,2.2195,0.0,0.0,0.0,317.02572243330786,317.03元,0.0,714.1827493428877
2025-02-02T05:30:00,2025-02-02T05:40:00,2025-02-02,33,699.2482367659053,699.2482367659053,0.0,699.2482367659053,0.0,0.0,699.2482367659053,0.4301,300.7466666330159,0.64515,0.0,2.1505,0.0,0.0,0.0,300.7466666330159,300.75元,0.0,699.2482367659053
2025-02-02T05:40:00,2025-02-02T05:50:00,2025-02-02,34,1528.1934019110986,1528.1934019110986,0.0,1528.1934019110986,0.0,0.0,1528.1934019110986,0.3713,567.418210129591,0.5569500000000001,0.0,1.8565,0.0,0.0,0.0,567.418210129591,567.42元,652.8906342324775,875.3027676786211
2025-02-02T05:50:00,2025-02-02T06:00:00,2025-02-02,35,778.4979574684473,778.4979574684473,0.0,778.4979574684473,0.0,0.0,778.4979574684473,0.5708,444.3666341229897,0.8562,0.0,2.854,0.0,0.0,0.0,444.3666341229897,444.37元,54.715907459446726,723.7820500090006
2025-02-02T06:00:00,2025-02-02T06:10:00,2025-02-02,36,854.6760555429604,808.5418686555704,0.0,808.5418686555704,-46.13418688739,0.0,808.5418686555704,0.9099,735.6922462897036,1.3648500000000001,0.0,4.5495,0.0,3365.8824725928744,1531.3082309061283,2267.000477195832,2267.00元,0.0,808.5418686555704
2025-02-02T06:10:00,2025-02-02T06:20:00,2025-02-02,37,591.1443439473665,591.1443439473665,92.09570703989971,683.2400509872662,92.09570703989971,0.0,683.2400509872662,0.9368,553.7840214098928,1.4052,129.41288753246707,4.684,0.0,0.0,0.0,683.19690894236,683.20元,0.0,683.2400509872662
2025-02-02T06:20:00,2025-02-02T06:30:00,2025-02-02,38,857.7393288483845,813.986485707855,0.0,813.986485707855,-43.752843140529535,0.0,813.986485707855,0.8758,712.8893641829394,1.3137,0.0,4.3790000000000004,0.0,0.0,0.0,712.8893641829394,712.89元,0.0,813.986485707855
2025-02-02T06:30:00,2025-02-02T06:40:00,2025-02-02,39,601.6959338374445,559.4656540499309,0.0,559.4656540499309,-42.23027978751361,0.0,559.4656540499309,0.8759,490.0359663823345,1.31385,0.0,4.3795,0.0,0.0,0.0,490.0359663823345,490.04元,0.0,559.4656540499309
2025-02-02T06:40:00,2025-02-02T06:50:00,2025-02-02,40,693.437287037705,652.1200258100884,0.0,652.1200258100884,-41.317261227616655,0.0,652.1200258100884,0.8601,560.888434199257,1.29015,0.0,4.3004999999999995,0.0,0.0,0.0,560.888434199257,560.89元,0.0,652.1200258100884
2025-02-02T06:50:00,2025-02-02T07:00:00,2025-02-02,41,701.4629685418963,661.3308928868878,0.0,661.3308928868878,-40.13207565500852,0.0,661.3308928868878,0.8442,558.2955397751107,1.2663,0.0,4.221,0.0,0.0,0.0,558.2955397751107,558.30元,0.0,661.3308928868878
2025-02-02T07:00:00,2025-02-02T07:10:00,2025-02-02,42,333.58513613873976,304.501910050934,0.0,304.501910050934,-29.08322608780577,0.0,304.501910050934,0.8334,253.7718918364484,1.2501,0.0,4.167,0.0,0.0,0.0,253.7718918364484,253.77元,0.0,304.501910050934
2025-02-02T07:10:00,2025-02-02T07:20:00,2025-02-02,43,391.5155378256712,391.5155378256712,0.0,391.5155378256712,0.0,0.0,391.5155378256712,0.8092,316.81437320853314,1.2138,0.0,4.046,0.0,0.0,0.0,316.81437320853314,316.81元,0.0,391.5155378256712
2025-02-02T07:20:00,2025-02-02T07:30:00,2025-02-02,44,479.11422383764875,479.11422383764875,0.0,479.11422383764875,0.0,0.0,479.11422383764875,0.7972,381.94985924337357,1.1958,0.0,3.986,0.0,0.0,0.0,381.94985924337357,381.95元,0.0,479.11422383764875
2025-02-02T07:30:00,2025-02-02T07:40:00,2025-02-02,45,631.965962342995,600.8634263194117,0.0,600.8634263194117,-31.102536023583298,0.0,600.8634263194117,0.7644,459.3000030785583,1.1465999999999998,0.0,3.822,0.0,0.0,0.0,459.3000030785583,459.30元,0.0,600.8634263194117
2025-02-02T07:40:00,2025-02-02T07:50:00,2025-02-02,46,564.9304415378494,564.9304415378494,0.0,564.9304415378494,0.0,0.0,564.9304415378494,0.6899,389.7455116169623,1.03485,0.0,3.4494999999999996,0.0,0.0,0.0,389.7455116169623,389.75元,0.0,564.9304415378494
2025-02-02T07:50:00,2025-02-02T08:00:00,2025-02-02,47,106.62212303909132,78.68737462802972,0.0,78.68737462802972,-27.934748411061605,0.0,78.68737462802972,0.86,67.67114218010555,1.29,0.0,4.3,0.0,0.0,0.0,67.67114218010555,67.67元,0.0,78.68737462802972
2025-02-02T08:00:00,2025-02-02T08:10:00,2025-02-02,48,399.66219499211456,385.71330262282163,0.0,385.71330262282163,-13.948892369292935,0.0,385.71330262282163,1.1617,448.0831436569319,1.74255,0.0,5.8084999999999996,0.0,0.0,0.0,448.0831436569319,448.08元,0.0,385.71330262282163
2025-02-02T08:10:00,2025-02-02T08:20:00,2025-02-02,49,328.54589266174366,304.8161050847589,0.0,304.8161050847589,-23.72978757698479,0.0,304.8161050847589,1.1683,356.11665557052373,1.7524499999999998,0.0,5.8415,0.0,0.0,0.0,356.11665557052373,356.12元,0.0,304.8161050847589
2025-02-02T08:20:00,2025-02-02T08:30:00,2025-02-02,50,250.08688694094087,227.65159658548464,0.0,227.65159658548464,-22.43529035545623,0.0,227.65159658548464,1.0956,249.41508921905694,1.6433999999999997,0.0,5.478,0.0,0.0,0.0,249.41508921905694,249.42元,0.0,227.65159658548464
2025-02-02T08:30:00,2025-02-02T08:40:00,2025-02-02,51,273.1747231202372,252.00919205871514,0.0,252.00919205871514,-21.165531061522074,0.0,252.00919205871514,1.0849,273.40477246450007,1.6273499999999999,0.0,5.4245,0.0,0.0,0.0,273.40477246450007,273.40元,0.0,252.00919205871514
2025-02-02T08:40:00,2025-02-02T08:50:00,2025-02-02,52,181.24430969909304,161.38715911600684,0.0,161.38715911600684,-19.857150583086195,0.0,161.38715911600684,1.061,171.23177582208325,1.5915,0.0,5.305,0.0,0.0,0.0,171.23177582208325,171.23元,0.0,161.38715911600684
2025-02-02T08:50:00,2025-02-02T09:00:00,2025-02-02,53,36.510454912514206,17.88505145272802,0.0,17.88505145272802,-18.625403459786185,0.0,17.88505145272802,1.043,18.654108665195324,1.5644999999999998,0.0,5.215,0.0,0.0,0.0,18.654108665195324,18.65元,0.0,17.88505145272802
2025-02-02T09:00:00,2025-02-02T09:10:00,2025-02-02,54,101.35643287999665,0.0,0.0,0.0,-101.35643287999665,0.0,0.0,1.036,0.0,1.554,0.0,5.18,0.0,0.0,0.0,0.0,0.00元,0.0,0.0
2025-02-02T09:10:00,2025-02-02T09:20:00,2025-02-02,55,78.40280897884873,0.0,0.0,0.0,-78.40280897884873,0.0,0.0,1.0147,0.0,1.52205,0.0,5.073499999999999,0.0,0.0,0.0,0.0,0.00元,0.0,0.0
2025-02-02T09:20:00,2025-02-02T09:30:00,2025-02-02,56,39.517845533108925,0.0,0.0,0.0,-39.517845533108925,0.0,0.0,0.9922,0.0,1.4883,0.0,4.961,0.0,0.0,0.0,0.0,0.00元,0.0,0.0
2025-02-02T09:30:00,2025-02-02T09:40:00,2025-02-02,57,0.0,0.0,0.0,0.0,0.0,0.0,0.0,0.97,0.0,1.455,0.0,4.85,0.0,0.0,0.0,0.0,0.00元,0.0,0.0
2025-02-02T09:40:00,2025-02-02T09:50:00,2025-02-02,58,0.0,0.0,0.0,0.0,0.0,0.0,0.0,0.9422,0.0,1.4133,0.0,4.711,0.0,0.0,0.0,0.0,0.00元,0.0,0.0
2025-02-02T09:50:00,2025-02-02T10:00:00,2025-02-02,59,0.0,0.0,0.0,0.0,0.0,0.0,0.0,0.9569,0.0,1.43535,0.0,4.7844999999999995,0.0,0.0,0.0,0.0,0.00元,0.0,0.0
2025-02-02T10:00:00,2025-02-02T10:10:00,2025-02-02,60,0.0,0.0,0.0,0.0,0.0,0.0,0.0,0.9977,0.0,1.49655,0.0,4.9885,0.0,0.0,0.0,0.0,0.00元,0.0,0.0
2025-02-02T10:10:00,2025-02-02T10:20:00,2025-02-02,61,0.0,0.0,0.0,0.0,0.0,0.0,0.0,0.9919,0.0,1.48785,0.0,4.9595,0.0,0.0,0.0,0.0,0.00元,0.0,0.0
2025-02-02T10:20:00,2025-02-02T10:30:00,2025-02-02,62,0.0,0.0,0.0,0.0,0.0,0.0,0.0,0.9588,0.0,1.4382,0.0,4.794,0.0,0.0,0.0,0.0,0.00元,0.0,0.0
2025-02-02T10:30:00,2025-02-02T10:40:00,2025-02-02,63,0.0,0.0,0.0,0.0,0.0,96.6729838646763,96.6729838646763,0.9549,0.0,1.43235,0.0,4.7745,461.565161461897,0.0,0.0,461.565161461897,461.57元,0.0,96.6729838646763
2025-02-02T10:40:00,2025-02-02T10:50:00,2025-02-02,64,0.0,0.0,0.0,0.0,0.0,126.60864999999993,126.60864999999993,0.9839,0.0,1.4758499999999999,0.0,4.9195,622.8512536749996,0.0,0.0,622.8512536749996,622.85元,0.0,126.60864999999993
2025-02-02T10:50:00,2025-02-02T11:00:00,2025-02-02,65,0.0,0.0,0.0,0.0,0.0,99.80025000000003,99.80025000000003,0.799,0.0,1.1985000000000001,0.0,3.995,398.70199875000014,0.0,0.0,398.70199875000014,398.70元,0.0,99.80025000000003
2025-02-02T11:00:00,2025-02-02T11:10:00,2025-02-02,66,923.5064835245893,0.0,0.0,0.0,-923.5064835245893,85.46375000000015,85.46375000000015,0.5025,0.0,0.7537499999999999,0.0,2.5124999999999997,214.72767187500034,0.0,0.0,214.72767187500034,214.73元,0.0,85.46375000000015
2025-02-02T11:10:00,2025-02-02T11:20:00,2025-02-02,67,927.7564142162099,819.8399307609342,0.0,819.8399307609342,-107.91648345527574,0.0,819.8399307609342,0.4662,382.2093757207475,0.6993,0.0,2.331,0.0,0.0,0.0,382.2093757207475,382.21元,0.0,819.8399307609342
2025-02-02T11:20:00,2025-02-02T11:30:00,2025-02-02,68,947.6247059178758,774.498259258669,0.0,774.498259258669,-173.12644665920675,0.0,774.498259258669,0.5007,387.7912784108156,0.75105,0.0,2.5035000000000003,0.0,0.0,0.0,387.7912784108156,387.79元,0.0,774.498259258669
2025-02-02T11:30:00,2025-02-02T11:40:00,2025-02-02,69,944.533212877917,837.6972425046409,0.0,837.6972425046409,-106.83597037327604,0.0,837.6972425046409,0.4827,404.3564589569902,0.7240500000000001,0.0,2.4135,0.0,0.0,0.0,404.3564589569902,404.36元,0.0,837.6972425046409
2025-02-02T11:40:00,2025-02-02T11:50:00,2025-02-02,70,919.9698825001852,813.7930912182688,0.0,813.7930912182688,-106.1767912819164,0.0,813.7930912182688,0.4785,389.39999414794164,0.71775,0.0,2.3925,0.0,0.0,0.0,389.39999414794164,389.40元,0.0,813.7930912182688
2025-02-02T11:50:00,2025-02-02T12:00:00,2025-02-02,71,889.7792948431144,784.1440052928782,0.0,784.1440052928782,-105.63528955023617,0.0,784.1440052928782,0.4662,365.56793526753984,0.6993,0.0,2.331,0.0,0.0,0.0,365.56793526753984,365.57元,0.0,784.1440052928782
2025-02-02T12:00:00,2025-02-02T12:10:00,2025-02-02,72,903.472137758495,819.9615234954694,0.0,819.9615234954694,-83.51061426302567,0.0,819.9615234954694,0.4432,363.406947213192,0.6648,0.0,2.2159999999999997,0.0,613.6380756424433,135.98219756236543,499.3891447755574,499.39元,0.0,819.9615234954694
2025-02-02T12:10:00,2025-02-02T12:20:00,2025-02-02,73,900.7051416131436,818.9916445496423,0.0,818.9916445496423,-81.71349706350134,0.0,818.9916445496423,0.4411,361.2572144108472,0.66165,0.0,2.2055,0.0,0.0,0.0,361.2572144108472,361.26元,0.0,818.9916445496423
2025-02-02T12:20:00,2025-02-02T12:30:00,2025-02-02,74,902.4179884116483,822.3516030657162,0.0,822.3516030657162,-80.06638534593208,0.0,822.3516030657162,0.4551,374.25221455520744,0.68265,0.0,2.2755,0.0,0.0,0.0,374.25221455520744,374.25元,0.0,822.3516030657162
2025-02-02T12:30:00,2025-02-02T12:40:00,2025-02-02,75,897.7257251622094,819.1870442729852,0.0,819.1870442729852,-78.53868088922422,0.0,819.1870442729852,0.4463,365.6031778590333,0.66945,0.0,2.2315,0.0,0.0,0.0,365.6031778590333,365.60元,0.0,819.1870442729852
2025-02-02T12:40:00,2025-02-02T12:50:00,2025-02-02,76,890.1737290584814,813.1718901986766,0.0,813.1718901986766,-77.00183885980482,0.0,813.1718901986766,0.4113,334.45759843871565,0.61695,0.0,2.0564999999999998,0.0,0.0,0.0,334.45759843871565,334.46元,0.0,813.1718901986766
2025-02-02T12:50:00,2025-02-02T13:00:00,2025-02-02,77,390.0746145685019,33.23713481339473,802.2256861634497,835.4628209768445,445.38820640834257,0.0,835.4628209768445,0.5682,18.88534000097089,0.8523000000000001,683.7369523171083,2.841,0.0,0.0,0.0,702.6222923180792,702.62元,0.0,835.4628209768445
2025-02-02T13:00:00,2025-02-02T13:10:00,2025-02-02,78,189.62846877956918,124.49757859280908,0.0,124.49757859280908,-65.1308901867601,0.0,124.49757859280908,0.8279,103.07154531698663,1.24185,0.0,4.1395,0.0,0.0,0.0,103.07154531698663,103.07元,0.0,124.49757859280908
2025-02-02T13:10:00,2025-02-02T13:20:00,2025-02-02,79,179.24633620555676,114.50043453253318,0.0,114.50043453253318,-64.74590167302358,0.0,114.50043453253318,0.8636,98.88257526229566,1.2954,0.0,4.3180000000000005,0.0,0.0,0.0,98.88257526229566,98.88元,0.0,114.50043453253318
2025-02-02T13:20:00,2025-02-02T13:30:00,2025-02-02,80,182.81190568237173,118.33867154216023,0.0,118.33867154216023,-64.4732341402115,0.0,118.33867154216023,0.8416,99.59382596988205,1.2624,0.0,4.208,0.0,0.0,0.0,99.59382596988205,99.59元,0.0,118.33867154216023
2025-02-02T13:30:00,2025-02-02T13:40:00,2025-02-02,81,208.11447760329997,143.79405547550414,0.0,143.79405547550414,-64.32042212779584,0.0,143.79405547550414,0.8618,123.92171700878947,1.2927,0.0,4.309,0.0,0.0,0.0,123.92171700878947,123.92元,0.0,143.79405547550414
2025-02-02T13:40:00,2025-02-02T13:50:00,2025-02-02,82,207.74453352487615,143.65842794330274,0.0,143.65842794330274,-64.0861055815734,0.0,143.65842794330274,0.8623,123.87666241550994,1.29345,0.0,4.3115,0.0,0.0,0.0,123.87666241550994,123.88元,0.0,143.65842794330274
2025-02-02T13:50:00,2025-02-02T14:00:00,2025-02-02,83,0.3004817949943373,0.3004817949943373,128.26540200002952,128.56588379502386,128.26540200002952,0.0,128.56588379502386,0.9026,0.27121486816188883,1.3538999999999999,173.65852776783996,4.513,0.0,0.0,0.0,173.92974263600183,173.93元,0.0,128.56588379502386
2025-02-02T14:00:00,2025-02-02T14:10:00,2025-02-02,84,0.0,0.0,0.0,0.0,0.0,0.0,0.0,0.9754,0.0,1.4631,0.0,4.877000000000001,0.0,0.0,0.0,0.0,0.00元,0.0,0.0
2025-02-02T14:10:00,2025-02-02T14:20:00,2025-02-02,85,0.0,0.0,0.0,0.0,0.0,0.0,0.0,1.0002,0.0,1.5003,0.0,5.0009999999999994,0.0,0.0,0.0,0.0,0.00元,0.0,0.0
2025-02-02T14:20:00,2025-02-02T14:30:00,2025-02-02,86,0.0,0.0,0.0,0.0,0.0,0.0,0.0,0.9978,0.0,1.4967000000000001,0.0,4.989,0.0,0.0,0.0,0.0,0.00元,0.0,0.0
2025-02-02T14:30:00,2025-02-02T14:40:00,2025-02-02,87,0.0,0.0,0.0,0.0,0.0,0.0,0.0,1.0271,0.0,1.5406499999999999,0.0,5.1354999999999995,0.0,0.0,0.0,0.0,0.00元,0.0,0.0
2025-02-02T14:40:00,2025-02-02T14:50:00,2025-02-02,88,0.0,0.0,0.0,0.0,0.0,0.0,0.0,1.0906,0.0,1.6359,0.0,5.453,0.0,0.0,0.0,0.0,0.00元,0.0,0.0
2025-02-02T14:50:00,2025-02-02T15:00:00,2025-02-02,89,0.0,0.0,0.0,0.0,0.0,0.0,0.0,0.9376,0.0,1.4064,0.0,4.688,0.0,0.0,0.0,0.0,0.00元,0.0,0.0
2025-02-02T15:00:00,2025-02-02T15:10:00,2025-02-02,90,1443.253104166669,1414.5575707003413,0.0,1414.5575707003413,-28.69553346632756,0.0,1414.5575707003413,0.6694,946.9048378268085,1.0041,0.0,3.347,0.0,0.0,0.0,946.9048378268085,946.90元,0.0,1414.5575707003413
2025-02-02T15:10:00,2025-02-02T15:20:00,2025-02-02,91,1459.4441888399797,1433.4634664718951,0.0,1433.4634664718951,-25.98072236808457,0.0,1433.4634664718951,0.66,946.0858878714508,0.99,0.0,3.3000000000000003,0.0,0.0,0.0,946.0858878714508,946.09元,0.0,1433.4634664718951
2025-02-02T15:20:00,2025-02-02T15:30:00,2025-02-02,92,1475.9815601106002,1452.862129266283,0.0,1452.862129266283,-23.119430844317094,0.0,1452.862129266283,0.7217,1048.5305986914766,1.08255,0.0,3.6085000000000003,0.0,0.0,0.0,1048.5305986914766,1048.53元,0.0,1452.862129266283
2025-02-02T15:30:00,2025-02-02T15:40:00,2025-02-02,93,1068.1281802746328,1068.1281802746328,413.0525677651524,1481.1807480397852,413.0525677651524,0.0,1481.1807480397852,0.7308,780.5880741447016,1.0962,452.78822478416004,3.654,0.0,0.0,0.0,1233.3762989288616,1233.38元,0.0,1481.1807480397852
2025-02-02T15:40:00,2025-02-02T15:50:00,2025-02-02,94,688.6381727014973,688.6381727014973,709.8284175457889,1398.4665902472861,709.8284175457889,0.0,1398.4665902472861,0.7534,518.819999313308,1.1300999999999999,802.1770946684959,3.767,0.0,0.0,0.0,1320.997093981804,1321.00元,0.0,1398.4665902472861
2025-02-02T15:50:00,2025-02-02T16:00:00,2025-02-02,95,701.2600300407968,701.2600300407968,0.0,701.2600300407968,0.0,0.0,701.2600300407968,0.7823,548.5957215009153,1.1734499999999999,0.0,3.9115,0.0,0.0,0.0,548.5957215009153,548.60元,0.0,701.2600300407968
2025-02-02T16:00:00,2025-02-02T16:10:00,2025-02-02,96,896.3542036681426,896.3542036681426,0.0,896.3542036681426,0.0,0.0,896.3542036681426,0.8055,722.0133110546889,1.20825,0.0,4.0275,0.0,0.0,0.0,722.0133110546889,722.01元,0.0,896.3542036681426
2025-02-02T16:10:00,2025-02-02T16:20:00,2025-02-02,97,911.4094767764275,911.4094767764275,0.0,911.4094767764275,0.0,0.0,911.4094767764275,0.8271,753.8267782417831,1.24065,0.0,4.1354999999999995,0.0,0.0,0.0,753.8267782417831,753.83元,0.0,911.4094767764275
2025-02-02T16:20:00,2025-02-02T16:30:00,2025-02-02,98,919.5361719589878,919.5361719589878,0.0,919.5361719589878,0.0,0.0,919.5361719589878,0.8519,783.3528648918617,1.27785,0.0,4.2595,0.0,0.0,0.0,783.3528648918617,783.35元,0.0,919.5361719589878
2025-02-02T16:30:00,2025-02-02T16:40:00,2025-02-02,99,929.6459375356227,929.6459375356227,0.0,929.6459375356227,0.0,0.0,929.6459375356227,0.8791,817.2517436875659,1.3186499999999999,0.0,4.3955,0.0,0.0,0.0,817.2517436875659,817.25元,0.0,929.6459375356227
2025-02-02T16:40:00,2025-02-02T16:50:00,2025-02-02,100,961.8059725364698,961.641993688032,0.0,961.641993688032,-0.16397884843775046,0.0,961.641993688032,0.9024,867.7857351040801,1.3536,0.0,4.512,0.0,0.0,0.0,867.7857351040801,867.79元,0.0,961.641993688032
2025-02-02T16:50:00,2025-02-02T17:00:00,2025-02-02,101,980.026701178119,969.8632495616148,0.0,969.8632495616148,-10.163451616504176,0.0,969.8632495616148,0.9163,888.6856955733076,1.37445,0.0,4.5815,0.0,0.0,0.0,888.6856955733076,888.69元,0.0,969.8632495616148
2025-02-02T17:00:00,2025-02-02T17:10:00,2025-02-02,102,1021.5920386976173,1015.0403642552119,0.0,1015.0403642552119,-6.551674442405442,0.0,1015.0403642552119,0.9264,940.3333934460283,1.3896,0.0,4.632,0.0,0.0,0.0,940.3333934460283,940.33元,0.0,1015.0403642552119
2025-02-02T17:10:00,2025-02-02T17:20:00,2025-02-02,103,1026.8293923381239,1020.107424247095,0.0,1020.107424247095,-6.721968091028884,0.0,1020.107424247095,0.9462,965.2256448226013,1.4193,0.0,4.731,0.0,0.0,0.0,965.2256448226013,965.23元,0.0,1020.107424247095
2025-02-02T17:20:00,2025-02-02T17:30:00,2025-02-02,104,1033.3185135722138,1026.671099042329,0.0,1026.671099042329,-6.647414529884827,0.0,1026.671099042329,0.9742,1000.1829846870368,1.4613,0.0,4.8709999999999996,0.0,0.0,0.0,1000.1829846870368,1000.18元,0.0,1026.671099042329
2025-02-02T17:30:00,2025-02-02T17:40:00,2025-02-02,105,1055.1812811833267,1048.715976050312,0.0,1048.715976050312,-6.465305133014681,0.0,1048.715976050312,0.9862,1034.2436955808178,1.4792999999999998,0.0,4.931,0.0,0.0,0.0,1034.2436955808178,1034.24元,0.0,1048.715976050312
2025-02-02T17:40:00,2025-02-02T17:50:00,2025-02-02,106,1079.6749613406296,1073.3931633814045,0.0,1073.3931633814045,-6.2817979592250595,0.0,1073.3931633814045,0.976,1047.6317274602509,1.464,0.0,4.88,0.0,0.0,0.0,1047.6317274602509,1047.63元,0.0,1073.3931633814045
2025-02-02T17:50:00,2025-02-02T18:00:00,2025-02-02,107,940.6365265693221,934.5206099593753,0.0,934.5206099593753,-6.115916609946794,0.0,934.5206099593753,1.0742,1003.862039218361,1.6113,0.0,5.371,0.0,0.0,0.0,1003.862039218361,1003.86元,0.0,934.5206099593753
2025-02-02T18:00:00,2025-02-02T18:10:00,2025-02-02,108,728.1256406696579,722.1772727931534,0.0,722.1772727931534,-5.948367876504449,0.0,722.1772727931534,1.2313,889.2168759902098,1.84695,0.0,6.1565,0.0,201.02052404606638,123.75828562896078,1012.9751616191706,1012.98元,0.0,722.1772727931534
2025-02-02T18:10:00,2025-02-02T18:20:00,2025-02-02,109,133.62859667072576,133.62859667072576,532.0181638464896,665.6467605172154,532.0181638464896,0.0,665.6467605172154,1.2561,167.85088027809863,1.88415,1002.4020234113634,6.2805,0.0,0.0,0.0,1170.252903689462,1170.25元,0.0,665.6467605172154
2025-02-02T18:20:00,2025-02-02T18:30:00,2025-02-02,110,745.1931706261423,745.1931706261423,0.0,745.1931706261423,0.0,0.0,745.1931706261423,1.2447,927.5419394783593,1.8670499999999999,0.0,6.2235,0.0,0.0,0.0,927.5419394783593,927.54元,0.0,745.1931706261423
2025-02-02T18:30:00,2025-02-02T18:40:00,2025-02-02,111,728.0683813700994,728.0683813700994,0.0,728.0683813700994,0.0,0.0,728.0683813700994,1.2545,913.3617844287896,1.8817499999999998,0.0,6.2725,0.0,0.0,0.0,913.3617844287896,913.36元,0.0,728.0683813700994
2025-02-02T18:40:00,2025-02-02T18:50:00,2025-02-02,112,743.3442406235374,743.3442406235374,0.0,743.3442406235374,0.0,0.0,743.3442406235374,1.2522,930.8156581087935,1.8782999999999999,0.0,6.261,0.0,0.0,0.0,930.8156581087935,930.82元,0.0,743.3442406235374
2025-02-02T18:50:00,2025-02-02T19:00:00,2025-02-02,113,142.27383838609046,142.27383838609046,191.04007769560144,333.3139160816919,191.04007769560144,0.0,333.3139160816919,1.2881,183.2629312251231,1.93215,369.1180861195563,6.4405,0.0,0.0,0.0,552.3810173446794,552.38元,0.0,333.3139160816919
2025-02-02T19:00:00,2025-02-02T19:10:00,2025-02-02,114,82.82125696760568,82.82125696760568,0.0,82.82125696760568,0.0,0.0,82.82125696760568,1.3466,111.5271046325778,2.0199,0.0,6.7330000000000005,0.0,0.0,0.0,111.5271046325778,111.53元,0.0,82.82125696760568
2025-02-02T19:10:00,2025-02-02T19:20:00,2025-02-02,115,77.82854398477184,77.82854398477184,0.0,77.82854398477184,0.0,0.0,77.82854398477184,1.3523,105.24754003060697,2.0284500000000003,0.0,6.7615,0.0,0.0,0.0,105.24754003060697,105.25元,0.0,77.82854398477184
2025-02-02T19:20:00,2025-02-02T19:30:00,2025-02-02,116,71.88025781395197,71.88025781395197,0.0,71.88025781395197,0.0,0.0,71.88025781395197,1.3445,96.64300663085842,2.01675,0.0,6.7225,0.0,0.0,0.0,96.64300663085842,96.64元,0.0,71.88025781395197
2025-02-02T19:30:00,2025-02-02T19:40:00,2025-02-02,117,82.06520531607691,82.06520531607691,0.0,82.06520531607691,0.0,0.0,82.06520531607691,1.3483,110.6485163276665,2.02245,0.0,6.7415,0.0,0.0,0.0,110.6485163276665,110.65元,0.0,82.06520531607691
2025-02-02T19:40:00,2025-02-02T19:50:00,2025-02-02,118,104.66380163693952,104.66380163693952,0.0,104.66380163693952,0.0,0.0,104.66380163693952,1.349,141.19146840823143,2.0235,0.0,6.745,0.0,0.0,0.0,141.19146840823143,141.19元,0.0,104.66380163693952
2025-02-02T19:50:00,2025-02-02T20:00:00,2025-02-02,119,104.22453393510295,104.22453393510295,0.0,104.22453393510295,0.0,0.0,104.22453393510295,1.3473,140.4217145707642,2.02095,0.0,6.7364999999999995,0.0,0.0,0.0,140.4217145707642,140.42元,0.0,104.22453393510295
2025-02-02T20:00:00,2025-02-02T20:10:00,2025-02-02,120,79.96462926054676,79.96462926054676,0.0,79.96462926054676,0.0,0.0,79.96462926054676,1.3482,107.80831316906914,2.0223,0.0,6.7410000000000005,0.0,0.0,0.0,107.80831316906914,107.81元,0.0,79.96462926054676
2025-02-02T20:10:00,2025-02-02T20:20:00,2025-02-02,121,47.542373731921316,47.542373731921316,0.0,47.542373731921316,0.0,0.0,47.542373731921316,1.3513,64.24400962394527,2.02695,0.0,6.7565,0.0,0.0,0.0,64.24400962394527,64.24元,0.0,47.542373731921316
2025-02-02T20:20:00,2025-02-02T20:30:00,2025-02-02,122,80.29269449128515,80.29269449128515,0.0,80.29269449128515,0.0,0.0,80.29269449128515,1.34,107.5922106183221,2.0100000000000002,0.0,6.7,0.0,0.0,0.0,107.5922106183221,107.59元,0.0,80.29269449128515
2025-02-02T20:30:00,2025-02-02T20:40:00,2025-02-02,123,81.67264943634098,81.67264943634098,0.0,81.67264943634098,0.0,0.0,81.67264943634098,1.3489,110.16823682468033,2.0233499999999998,0.0,6.7445,0.0,0.0,0.0,110.16823682468033,110.17元,0.0,81.67264943634098
2025-02-02T20:40:00,2025-02-02T20:50:00,2025-02-02,124,105.6149722301717,105.6149722301717,0.0,105.6149722301717,0.0,0.0,105.6149722301717,1.3952,147.35400925553554,2.0928,0.0,6.976,0.0,0.0,0.0,147.35400925553554,147.35元,0.0,105.6149722301717
2025-02-02T20:50:00,2025-02-02T21:00:00,2025-02-02,125,622.584643977382,601.4110005705949,0.0,601.4110005705949,-21.173643406787164,0.0,601.4110005705949,1.2226,735.2850892976093,1.8338999999999999,0.0,6.1129999999999995,0.0,0.0,0.0,735.2850892976093,735.29元,0.0,601.4110005705949
2025-02-02T21:00:00,2025-02-02T21:10:00,2025-02-02,126,730.1111068444181,720.3793735465332,0.0,720.3793735465332,-9.731733297884944,0.0,720.3793735465332,0.9332,672.2580313936248,1.3998,0.0,4.666,0.0,0.0,0.0,672.2580313936248,672.26元,0.0,720.3793735465332
2025-02-02T21:10:00,2025-02-02T21:20:00,2025-02-02,127,733.8968146240848,724.4316872484596,0.0,724.4316872484596,-9.465127375625116,0.0,724.4316872484596,0.9068,656.9146539969032,1.3602,0.0,4.534000000000001,0.0,0.0,0.0,656.9146539969032,656.91元,0.0,724.4316872484596
2025-02-02T21:20:00,2025-02-02T21:30:00,2025-02-02,128,729.2896307998141,720.0838055378046,0.0,720.0838055378046,-9.205825262009512,0.0,720.0838055378046,0.9371,674.7905341694767,1.40565,0.0,4.6855,0.0,0.0,0.0,674.7905341694767,674.79元,0.0,720.0838055378046
2025-02-02T21:30:00,2025-02-02T21:40:00,2025-02-02,129,724.8999818874746,715.9463550220934,0.0,715.9463550220934,-8.953626865381239,0.0,715.9463550220934,0.9371,670.9133292912037,1.40565,0.0,4.6855,0.0,0.0,0.0,670.9133292912037,670.91元,0.0,715.9463550220934
2025-02-02T21:40:00,2025-02-02T21:50:00,2025-02-02,130,604.8618116102853,236.46225403458288,0.0,236.46225403458288,-368.3995575757024,0.0,236.46225403458288,0.9871,233.41189095753677,1.48065,0.0,4.9355,0.0,0.0,0.0,233.41189095753677,233.41元,0.0,236.46225403458288
2025-02-02T21:50:00,2025-02-02T22:00:00,2025-02-02,131,682.103715073481,561.2361202924492,0.0,561.2361202924492,-120.86759478103181,0.0,561.2361202924492,0.7764,435.7437237950575,1.1646,0.0,3.8819999999999997,0.0,0.0,0.0,435.7437237950575,435.74元,0.0,561.2361202924492
2025-02-02T22:00:00,2025-02-02T22:10:00,2025-02-02,132,1395.1527854388128,1377.7206960018966,0.0,1377.7206960018966,-17.432089436916158,0.0,1377.7206960018966,0.4209,579.8826409471983,0.63135,0.0,2.1045,0.0,0.0,0.0,579.8826409471983,579.88元,0.0,1377.7206960018966
2025-02-02T22:10:00,2025-02-02T22:20:00,2025-02-02,133,1379.9364655987629,1362.9819373669256,0.0,1362.9819373669256,-16.95452823183723,0.0,1362.9819373669256,0.3859,525.9747296298966,0.5788500000000001,0.0,1.9295,0.0,0.0,0.0,525.9747296298966,525.97元,0.0,1362.9819373669256
2025-02-02T22:20:00,2025-02-02T22:30:00,2025-02-02,134,565.2123423506063,565.2123423506063,0.0,565.2123423506063,0.0,0.0,565.2123423506063,0.4368,246.88475113874483,0.6552,0.0,2.184,0.0,0.0,0.0,246.88475113874483,246.88元,0.0,565.2123423506063
2025-02-02T22:30:00,2025-02-02T22:40:00,2025-02-02,135,1403.0578664035806,1387.019569881827,0.0,1387.019569881827,-16.038296521753637,0.0,1387.019569881827,0.4198,582.270815436391,0.6297,0.0,2.099,0.0,0.0,0.0,582.270815436391,582.27元,12.089569891827061,1374.92999999
2025-02-02T22:40:00,2025-02-02T22:50:00,2025-02-02,136,1412.2890382191974,1396.6901192168202,0.0,1396.6901192168202,-15.598919002377215,0.0,1396.6901192168202,0.4186,584.654483904161,0.6279,0.0,2.093,0.0,0.0,0.0,584.654483904161,584.65元,16.806119226820208,1379.8839999900001
2025-02-02T22:50:00,2025-02-02T23:00:00,2025-02-02,137,1416.8157588513625,1401.6441803914754,0.0,1401.6441803914754,-15.171578459887087,0.0,1401.6441803914754,0.4241,594.4372969040247,0.63615,0.0,2.1205,0.0,0.0,0.0,594.4372969040247,594.44元,24.37014706814204,1377.2740333233335
2025-02-02T23:00:00,2025-02-02T23:10:00,2025-02-02,138,1413.741552452976,1398.985607317968,0.0,1398.985607317968,-14.755945135008005,0.0,1398.985607317968,0.4237,592.7502018206231,0.6355500000000001,0.0,2.1185,0.0,0.0,0.0,592.7502018206231,592.75元,24.11060732796806,1374.87499999
2025-02-02T23:10:00,2025-02-02T23:20:00,2025-02-02,139,1116.3655859222708,1116.3655859222708,0.0,1116.3655859222708,0.0,0.0,1116.3655859222708,0.4248,474.2321008997807,0.6372,0.0,2.124,0.0,0.0,0.0,474.2321008997807,474.23元,0.0,1116.3655859222708
2025-02-02T23:20:00,2025-02-02T23:30:00,2025-02-02,140,1427.0780123761333,1413.1194863530036,0.0,1413.1194863530036,-13.958526023129707,0.0,1413.1194863530036,0.424,599.1626622136735,0.636,0.0,2.12,0.0,0.0,0.0,599.1626622136735,599.16元,17.35761969633699,1395.7618666566666
2025-02-02T23:30:00,2025-02-02T23:40:00,2025-02-02,141,1436.8757350553542,1423.2996101513131,0.0,1423.2996101513131,-13.57612490404108,0.0,1423.2996101513131,0.422,600.6324354838541,0.633,0.0,2.11,0.0,0.0,0.0,600.6324354838541,600.63元,41.50794349464649,1381.7916666566666
2025-02-02T23:40:00,2025-02-02T23:50:00,2025-02-02,142,1422.181325931358,1408.9771260677971,0.0,1408.9771260677971,-13.204199863560916,0.0,1408.9771260677971,0.424,597.406301452746,0.636,0.0,2.12,0.0,0.0,0.0,597.406301452746,597.41元,38.49587607779721,1370.48124999
2025-02-02T23:50:00,2025-02-03T00:00:00,2025-02-02,143,594.7124972448702,594.7124972448702,0.0,594.7124972448702,0.0,0.0,594.7124972448702,0.4271,254.00170757328405,0.6406499999999999,0.0,2.1355,0.0,0.0,0.0,254.00170757328405,254.00元,0.0,594.7124972448702
2025-02-03T00:00:00,2025-02-03T00:10:00,2025-02-02,144,587.9167249999999,587.9167249999999,0.0,587.9167249999999,0.0,0.0,587.9167249999999,0.4276,251.39319160999995,0.6414,0.0,2.138,0.0,0.0,0.0,251.39319160999995,251.39元,0.0,587.9167249999999
2025-02-03T00:10:00,2025-02-03T00:20:00,2025-02-03,1,827.1724941223027,827.1724941223027,0.0,827.1724941223027,0.0,0.0,827.1724941223027,0.4248,351.3828755031542,0.6372,0.0,2.124,0.0,0.0,0.0,351.3828755031542,351.38元,0.0,827.1724941223027
2025-02-03T00:20:00,2025-02-03T00:30:00,2025-02-03,2,1398.6514580548514,1398.6514580548514,0.0,1398.6514580548514,0.0,0.0,1398.6514580548514,0.4245,593.7275439442844,0.6367499999999999,0.0,2.1225,0.0,0.0,0.0,593.7275439442844,593.73元,5.7870580648514,1392.86439999
2025-02-03T00:30:00,2025-02-03T00:40:00,2025-02-03,3,583.2984213263794,583.2984213263794,0.0,583.2984213263794,0.0,0.0,583.2984213263794,0.4269,249.01009606423136,0.64035,0.0,2.1345,0.0,0.0,0.0,249.01009606423136,249.01元,0.0,583.2984213263794
2025-02-03T00:40:00,2025-02-03T00:50:00,2025-02-03,4,570.5770501095,570.5770501095,0.0,570.5770501095,0.0,0.0,570.5770501095,0.4272,243.7505158067784,0.6408,0.0,2.136,0.0,0.0,0.0,243.7505158067784,243.75元,0.0,570.5770501095
2025-02-03T00:50:00,2025-02-03T01:00:00,2025-02-03,5,569.5748633887079,569.5748633887079,0.0,569.5748633887079,0.0,0.0,569.5748633887079,0.4271,243.2654241533171,0.6406499999999999,0.0,2.1355,0.0,0.0,0.0,243.2654241533171,243.27元,0.0,569.5748633887079
2025-02-03T01:00:00,2025-02-03T01:10:00,2025-02-03,6,592.8384883506897,592.8384883506897,0.0,592.8384883506897,0.0,0.0,592.8384883506897,0.4285,254.03129225827053,0.6427499999999999,0.0,2.1425,0.0,0.0,0.0,254.03129225827053,254.03元,0.0,592.8384883506897
2025-02-03T01:10:00,2025-02-03T01:20:00,2025-02-03,7,607.3901599198574,607.3901599198574,0.0,607.3901599198574,0.0,0.0,607.3901599198574,0.4311,261.8458979414505,0.64665,0.0,2.1555,0.0,0.0,0.0,261.8458979414505,261.85元,0.0,607.3901599198574
2025-02-03T01:20:00,2025-02-03T01:30:00,2025-02-03,8,614.8819986171084,614.8819986171084,0.0,614.8819986171084,0.0,0.0,614.8819986171084,0.4302,264.52223580508,0.6453,0.0,2.1510000000000002,0.0,0.0,0.0,264.52223580508,264.52元,0.0,614.8819986171084
2025-02-03T01:30:00,2025-02-03T01:40:00,2025-02-03,9,622.6776759087589,622.6776759087589,0.0,622.6776759087589,0.0,0.0,622.6776759087589,0.4279,266.44377752135796,0.64185,0.0,2.1395,0.0,0.0,0.0,266.44377752135796,266.44元,0.0,622.6776759087589
2025-02-03T01:40:00,2025-02-03T01:50:00,2025-02-03,10,631.1304820459173,631.1304820459173,0.0,631.1304820459173,0.0,0.0,631.1304820459173,0.4312,272.1434638581996,0.6468,0.0,2.156,0.0,0.0,0.0,272.1434638581996,272.14元,0.0,631.1304820459173
2025-02-03T01:50:00,2025-02-03T02:00:00,2025-02-03,11,627.7265438945595,627.7265438945595,0.0,627.7265438945595,0.0,0.0,627.7265438945595,0.4333,271.9939114695127,0.64995,0.0,2.1665,0.0,0.0,0.0,271.9939114695127,271.99元,0.0,627.7265438945595
2025-02-03T02:00:00,2025-02-03T02:10:00,2025-02-03,12,619.6885344232302,619.6885344232302,0.0,619.6885344232302,0.0,0.0,619.6885344232302,0.4311,267.1477271898545,0.64665,0.0,2.1555,0.0,0.0,0.0,267.1477271898545,267.15元,0.0,619.6885344232302
2025-02-03T02:10:00,2025-02-03T02:20:00,2025-02-03,13,626.3768121819473,626.3768121819473,0.0,626.3768121819473,0.0,0.0,626.3768121819473,0.4293,268.90356546971003,0.64395,0.0,2.1465,0.0,0.0,0.0,268.90356546971003,268.90元,0.0,626.3768121819473
2025-02-03T02:20:00,2025-02-03T02:30:00,2025-02-03,14,625.9397624392203,625.9397624392203,0.0,625.9397624392203,0.0,0.0,625.9397624392203,0.4324,270.6563532787189,0.6486000000000001,0.0,2.162,0.0,0.0,0.0,270.6563532787189,270.66元,0.0,625.9397624392203
2025-02-03T02:30:00,2025-02-03T02:40:00,2025-02-03,15,629.0805808107483,629.0805808107483,0.0,629.0805808107483,0.0,0.0,629.0805808107483,0.4367,274.7194896400538,0.6550499999999999,0.0,2.1835,0.0,0.0,0.0,274.7194896400538,274.72元,0.0,629.0805808107483
2025-02-03T02:40:00,2025-02-03T02:50:00,2025-02-03,16,666.5854593800273,666.5854593800273,0.0,666.5854593800273,0.0,0.0,666.5854593800273,0.4348,289.8313577384359,0.6522,0.0,2.174,0.0,0.0,0.0,289.8313577384359,289.83元,0.0,666.5854593800273
2025-02-03T02:50:00,2025-02-03T03:00:00,2025-02-03,17,680.1512719777529,680.1512719777529,0.0,680.1512719777529,0.0,0.0,680.1512719777529,0.4335,294.8455764023559,0.65025,0.0,2.1675,0.0,0.0,0.0,294.8455764023559,294.85元,0.0,680.1512719777529
2025-02-03T03:00:00,2025-02-03T03:10:00,2025-02-03,18,657.3759577869034,657.3759577869034,0.0,657.3759577869034,0.0,0.0,657.3759577869034,0.4357,286.4187048077538,0.65355,0.0,2.1784999999999997,0.0,0.0,0.0,286.4187048077538,286.42元,0.0,657.3759577869034
2025-02-03T03:10:00,2025-02-03T03:20:00,2025-02-03,19,643.4669382737103,643.4669382737103,0.0,643.4669382737103,0.0,0.0,643.4669382737103,0.4374,281.4524388009209,0.6561,0.0,2.1870000000000003,0.0,0.0,0.0,281.4524388009209,281.45元,0.0,643.4669382737103
2025-02-03T03:20:00,2025-02-03T03:30:00,2025-02-03,20,639.6655924447216,639.6655924447216,0.0,639.6655924447216,0.0,0.0,639.6655924447216,0.4371,279.5978304575878,0.65565,0.0,2.1854999999999998,0.0,0.0,0.0,279.5978304575878,279.60元,0.0,639.6655924447216
2025-02-03T03:30:00,2025-02-03T03:40:00,2025-02-03,21,639.6666704301563,639.6666704301563,0.0,639.6666704301563,0.0,0.0,639.6666704301563,0.4356,278.6388016393761,0.6534,0.0,2.178,0.0,0.0,0.0,278.6388016393761,278.64元,0.0,639.6666704301563
2025-02-03T03:40:00,2025-02-03T03:50:00,2025-02-03,22,645.3865245604102,645.3865245604102,0.0,645.3865245604102,0.0,0.0,645.3865245604102,0.4353,280.93675414114654,0.65295,0.0,2.1765,0.0,0.0,0.0,280.93675414114654,280.94元,0.0,645.3865245604102
2025-02-03T03:50:00,2025-02-03T04:00:00,2025-02-03,23,672.9371737692314,672.9371737692314,0.0,672.9371737692314,0.0,0.0,672.9371737692314,0.436,293.4006077633849,0.654,0.0,2.18,0.0,0.0,0.0,293.4006077633849,293.40元,0.0,672.9371737692314
2025-02-03T04:00:00,2025-02-03T04:10:00,2025-02-03,24,698.8538171570847,698.8538171570847,0.0,698.8538171570847,0.0,0.0,698.8538171570847,0.4378,305.95820115137167,0.6567000000000001,0.0,2.189,0.0,0.0,0.0,305.95820115137167,305.96元,0.0,698.8538171570847
2025-02-03T04:10:00,2025-02-03T04:20:00,2025-02-03,25,683.0482733815468,683.0482733815468,0.0,683.0482733815468,0.0,0.0,683.0482733815468,0.4401,300.60954511521874,0.66015,0.0,2.2005,0.0,0.0,0.0,300.60954511521874,300.61元,0.0,683.0482733815468
2025-02-03T04:20:00,2025-02-03T04:30:00,2025-02-03,26,687.3946900415729,687.3946900415729,0.0,687.3946900415729,0.0,0.0,687.3946900415729,0.4389,301.6975294592463,0.65835,0.0,2.1945,0.0,0.0,0.0,301.6975294592463,301.70元,0.0,687.3946900415729
2025-02-03T04:30:00,2025-02-03T04:40:00,2025-02-03,27,711.8593988891342,711.8593988891342,0.0,711.8593988891342,0.0,0.0,711.8593988891342,0.4364,310.6554416752182,0.6546000000000001,0.0,2.182,0.0,0.0,0.0,310.6554416752182,310.66元,0.0,711.8593988891342
2025-02-03T04:40:00,2025-02-03T04:50:00,2025-02-03,28,696.3634568683931,696.3634568683931,0.0,696.3634568683931,0.0,0.0,696.3634568683931,0.4393,305.9124666022851,0.65895,0.0,2.1965000000000003,0.0,0.0,0.0,305.9124666022851,305.91元,0.0,696.3634568683931
2025-02-03T04:50:00,2025-02-03T05:00:00,2025-02-03,29,689.2925835019022,689.2925835019022,0.0,689.2925835019022,0.0,0.0,689.2925835019022,0.4422,304.8051804245411,0.6633,0.0,2.211,0.0,0.0,0.0,304.8051804245411,304.81元,0.0,689.2925835019022
2025-02-03T05:00:00,2025-02-03T05:10:00,2025-02-03,30,702.4753734886577,702.4753734886577,0.0,702.4753734886577,0.0,0.0,702.4753734886577,0.4395,308.7379266482651,0.65925,0.0,2.1975,0.0,0.0,0.0,308.7379266482651,308.74元,0.0,702.4753734886577
2025-02-03T05:10:00,2025-02-03T05:20:00,2025-02-03,31,698.5719254201435,698.5719254201435,0.0,698.5719254201435,0.0,0.0,698.5719254201435,0.4333,302.6912152845482,0.64995,0.0,2.1665,0.0,0.0,0.0,302.6912152845482,302.69元,0.0,698.5719254201435
2025-02-03T05:20:00,2025-02-03T05:30:00,2025-02-03,32,700.1511939656781,700.1511939656781,0.0,700.1511939656781,0.0,0.0,700.1511939656781,0.4439,310.7971150013645,0.66585,0.0,2.2195,0.0,0.0,0.0,310.7971150013645,310.80元,0.0,700.1511939656781
2025-02-03T05:30:00,2025-02-03T05:40:00,2025-02-03,33,700.524955842487,700.524955842487,0.0,700.524955842487,0.0,0.0,700.524955842487,0.4301,301.2957835078536,0.64515,0.0,2.1505,0.0,0.0,0.0,301.2957835078536,301.30元,0.0,700.524955842487
2025-02-03T05:40:00,2025-02-03T05:50:00,2025-02-03,34,1515.687184748755,1515.687184748755,0.0,1515.687184748755,0.0,0.0,1515.687184748755,0.3713,562.7746516972128,0.5569500000000001,0.0,1.8565,0.0,0.0,0.0,562.7746516972128,562.77元,317.3695083470328,1198.317676401722
2025-02-03T05:50:00,2025-02-03T06:00:00,2025-02-03,35,757.4160398678633,757.4160398678633,0.0,757.4160398678633,0.0,0.0,757.4160398678633,0.5708,432.3330755565764,0.8562,0.0,2.854,0.0,0.0,0.0,432.3330755565764,432.33元,7.489773192195961,749.9262666756674
2025-02-03T06:00:00,2025-02-03T06:10:00,2025-02-03,36,842.3263669271512,534.6193095969006,0.0,534.6193095969006,-307.70705733025056,0.0,534.6193095969006,0.9099,486.4501098022199,1.3648500000000001,0.0,4.5495,0.0,3121.624244938582,1420.1829502348078,1906.6330600370277,1906.63元,0.0,534.6193095969006
2025-02-03T06:10:00,2025-02-03T06:20:00,2025-02-03,37,670.1742620151333,166.4030144884748,0.0,166.4030144884748,-503.7712475266585,0.0,166.4030144884748,0.9368,155.8863439728032,1.4052,0.0,4.684,0.0,0.0,0.0,155.8863439728032,155.89元,0.0,166.4030144884748
2025-02-03T06:20:00,2025-02-03T06:30:00,2025-02-03,38,868.0760798255836,839.1431569538644,0.0,839.1431569538644,-28.932922871719256,0.0,839.1431569538644,0.8758,734.9215768601945,1.3137,0.0,4.3790000000000004,0.0,0.0,0.0,734.9215768601945,734.92元,0.0,839.1431569538644
2025-02-03T06:30:00,2025-02-03T06:40:00,2025-02-03,39,648.0485837037279,620.3025124114009,0.0,620.3025124114009,-27.746071292326974,0.0,620.3025124114009,0.8759,543.322970621146,1.31385,0.0,4.3795,0.0,0.0,0.0,543.322970621146,543.32元,0.0,620.3025124114009
2025-02-03T06:40:00,2025-02-03T06:50:00,2025-02-03,40,714.1239592847865,686.7761951792968,0.0,686.7761951792968,-27.34776410548966,0.0,686.7761951792968,0.8601,590.6962054737131,1.29015,0.0,4.3004999999999995,0.0,0.0,0.0,590.6962054737131,590.70元,0.0,686.7761951792968
2025-02-03T06:50:00,2025-02-03T07:00:00,2025-02-03,41,728.1213654645322,701.5386631587149,0.0,701.5386631587149,-26.582702305817293,0.0,701.5386631587149,0.8442,592.2389394385871,1.2663,0.0,4.221,0.0,0.0,0.0,592.2389394385871,592.24元,0.0,701.5386631587149
2025-02-03T07:00:00,2025-02-03T07:10:00,2025-02-03,42,544.1382562276776,251.29750115346405,0.0,251.29750115346405,-292.8407550742136,0.0,251.29750115346405,0.8334,209.43133746129695,1.2501,0.0,4.167,0.0,0.0,0.0,209.43133746129695,209.43元,0.0,251.29750115346405
2025-02-03T07:10:00,2025-02-03T07:20:00,2025-02-03,43,646.2376234928317,570.2404925366492,0.0,570.2404925366492,-75.99713095618256,0.0,570.2404925366492,0.8092,461.4386065606565,1.2138,0.0,4.046,0.0,0.0,0.0,461.4386065606565,461.44元,0.0,570.2404925366492
2025-02-03T07:20:00,2025-02-03T07:30:00,2025-02-03,44,628.1147788352432,569.1497417145777,0.0,569.1497417145777,-58.965037120665556,0.0,569.1497417145777,0.7972,453.72617409486134,1.1958,0.0,3.986,0.0,0.0,0.0,453.72617409486134,453.73元,0.0,569.1497417145777
2025-02-03T07:30:00,2025-02-03T07:40:00,2025-02-03,45,591.0659482774952,533.1265573985838,0.0,533.1265573985838,-57.939390878911354,0.0,533.1265573985838,0.7644,407.52194047547744,1.1465999999999998,0.0,3.822,0.0,0.0,0.0,407.52194047547744,407.52元,0.0,533.1265573985838
2025-02-03T07:40:00,2025-02-03T07:50:00,2025-02-03,46,523.2889953295737,523.2889953295737,0.0,523.2889953295737,0.0,0.0,523.2889953295737,0.6899,361.0170778778729,1.03485,0.0,3.4494999999999996,0.0,0.0,0.0,361.0170778778729,361.02元,0.0,523.2889953295737
2025-02-03T07:50:00,2025-02-03T08:00:00,2025-02-03,47,47.01998646211723,0.0,0.0,0.0,-47.01998646211723,0.0,0.0,0.86,0.0,1.29,0.0,4.3,0.0,0.0,0.0,0.0,0.00元,0.0,0.0
2025-02-03T08:00:00,2025-02-03T08:10:00,2025-02-03,48,390.27556247597477,332.3160452599118,0.0,332.3160452599118,-57.95951721606298,0.0,332.3160452599118,1.1617,386.0515497784395,1.74255,0.0,5.8084999999999996,0.0,0.0,0.0,386.0515497784395,386.05元,0.0,332.3160452599118
2025-02-03T08:10:00,2025-02-03T08:20:00,2025-02-03,49,311.94266484050786,266.0910142584206,0.0,266.0910142584206,-45.851650582087245,0.0,266.0910142584206,1.1683,310.8741319581128,1.7524499999999998,0.0,5.8415,0.0,0.0,0.0,310.8741319581128,310.87元,0.0,266.0910142584206
2025-02-03T08:20:00,2025-02-03T08:30:00,2025-02-03,50,203.90497300935465,159.01714440736407,0.0,159.01714440736407,-44.88782860199058,0.0,159.01714440736407,1.0956,174.21918341270805,1.6433999999999997,0.0,5.478,0.0,0.0,0.0,174.21918341270805,174.22元,0.0,159.01714440736407
2025-02-03T08:30:00,2025-02-03T08:40:00,2025-02-03,51,199.78946781853836,155.86684945103968,0.0,155.86684945103968,-43.92261836749867,0.0,155.86684945103968,1.0849,169.09994496943295,1.6273499999999999,0.0,5.4245,0.0,0.0,0.0,169.09994496943295,169.10元,0.0,155.86684945103968
2025-02-03T08:40:00,2025-02-03T08:50:00,2025-02-03,52,140.6391978244875,97.70419396118575,0.0,97.70419396118575,-42.935003863301745,0.0,97.70419396118575,1.061,103.66414979281808,1.5915,0.0,5.305,0.0,0.0,0.0,103.66414979281808,103.66元,0.0,97.70419396118575
2025-02-03T08:50:00,2025-02-03T09:00:00,2025-02-03,53,15.711848872163614,0.0,0.0,0.0,-15.711848872163614,0.0,0.0,1.043,0.0,1.5644999999999998,0.0,5.215,0.0,0.0,0.0,0.0,0.00元,0.0,0.0
2025-02-03T09:00:00,2025-02-03T09:10:00,2025-02-03,54,0.0,0.0,0.0,0.0,0.0,0.0,0.0,1.036,0.0,1.554,0.0,5.18,0.0,0.0,0.0,0.0,0.00元,0.0,0.0
2025-02-03T09:10:00,2025-02-03T09:20:00,2025-02-03,55,0.0,0.0,0.0,0.0,0.0,0.0,0.0,1.0147,0.0,1.52205,0.0,5.073499999999999,0.0,0.0,0.0,0.0,0.00元,0.0,0.0
2025-02-03T09:20:00,2025-02-03T09:30:00,2025-02-03,56,0.0,0.0,0.0,0.0,0.0,0.0,0.0,0.9922,0.0,1.4883,0.0,4.961,0.0,0.0,0.0,0.0,0.00元,0.0,0.0
2025-02-03T09:30:00,2025-02-03T09:40:00,2025-02-03,57,0.0,0.0,0.0,0.0,0.0,0.0,0.0,0.97,0.0,1.455,0.0,4.85,0.0,0.0,0.0,0.0,0.00元,0.0,0.0
2025-02-03T09:40:00,2025-02-03T09:50:00,2025-02-03,58,0.0,0.0,0.0,0.0,0.0,0.0,0.0,0.9422,0.0,1.4133,0.0,4.711,0.0,0.0,0.0,0.0,0.00元,0.0,0.0
2025-02-03T09:50:00,2025-02-03T10:00:00,2025-02-03,59,0.0,0.0,0.0,0.0,0.0,231.91536252957692,231.91536252957692,0.9569,0.0,1.43535,0.0,4.7844999999999995,1109.5990520227608,0.0,0.0,1109.5990520227608,1109.60元,0.0,231.91536252957692
2025-02-03T10:00:00,2025-02-03T10:10:00,2025-02-03,60,0.0,0.0,0.0,0.0,0.0,236.78916666666686,236.78916666666686,0.9977,0.0,1.49655,0.0,4.9885,1181.2227579166677,0.0,0.0,1181.2227579166677,1181.22元,0.0,236.78916666666686
2025-02-03T10:10:00,2025-02-03T10:20:00,2025-02-03,61,0.0,0.0,0.0,0.0,0.0,196.02129999999994,196.02129999999994,0.9919,0.0,1.48785,0.0,4.9595,972.1676373499996,0.0,0.0,972.1676373499996,972.17元,0.0,196.02129999999994
2025-02-03T10:20:00,2025-02-03T10:30:00,2025-02-03,62,0.0,0.0,0.0,0.0,0.0,199.09936666666675,199.09936666666675,0.9588,0.0,1.4382,0.0,4.794,954.4823638000005,0.0,0.0,954.4823638000005,954.48元,0.0,199.09936666666675
2025-02-03T10:30:00,2025-02-03T10:40:00,2025-02-03,63,0.0,0.0,0.0,0.0,0.0,225.44750000000005,225.44750000000005,0.9549,0.0,1.43235,0.0,4.7745,1076.3990887500001,0.0,0.0,1076.3990887500001,1076.40元,0.0,225.44750000000005
2025-02-03T10:40:00,2025-02-03T10:50:00,2025-02-03,64,0.0,0.0,0.0,0.0,0.0,237.37681666666668,237.37681666666668,0.9839,0.0,1.4758499999999999,0.0,4.9195,1167.7752495916668,0.0,0.0,1167.7752495916668,1167.78元,0.0,237.37681666666668
2025-02-03T10:50:00,2025-02-03T11:00:00,2025-02-03,65,0.0,0.0,0.0,0.0,0.0,163.51271666666668,163.51271666666668,0.799,0.0,1.1985000000000001,0.0,3.995,653.2333030833333,0.0,0.0,653.2333030833333,653.23元,0.0,163.51271666666668
2025-02-03T11:00:00,2025-02-03T11:10:00,2025-02-03,66,900.2688738951841,853.7713293556436,0.0,853.7713293556436,-46.49754453954051,0.0,853.7713293556436,0.5025,429.02009300121085,0.7537499999999999,0.0,2.5124999999999997,0.0,0.0,0.0,429.02009300121085,429.02元,0.0,853.7713293556436
2025-02-03T11:10:00,2025-02-03T11:20:00,2025-02-03,67,994.3215444225128,898.9555148970527,0.0,898.9555148970527,-95.36602952546014,0.0,898.9555148970527,0.4662,419.093061045006,0.6993,0.0,2.331,0.0,0.0,0.0,419.093061045006,419.09元,0.0,898.9555148970527
2025-02-03T11:20:00,2025-02-03T11:30:00,2025-02-03,68,1009.1589636323118,914.1709157183819,0.0,914.1709157183819,-94.9880479139299,0.0,914.1709157183819,0.5007,457.7253775001939,0.75105,0.0,2.5035000000000003,0.0,0.0,0.0,457.7253775001939,457.73元,0.0,914.1709157183819
2025-02-03T11:30:00,2025-02-03T11:40:00,2025-02-03,69,997.4003732538484,902.85188460955,0.0,902.85188460955,-94.54848864429846,0.0,902.85188460955,0.4827,435.8066047010298,0.7240500000000001,0.0,2.4135,0.0,0.0,0.0,435.8066047010298,435.81元,0.0,902.85188460955
2025-02-03T11:40:00,2025-02-03T11:50:00,2025-02-03,70,959.8419901908679,865.7263642943773,0.0,865.7263642943773,-94.11562589649066,0.0,865.7263642943773,0.4785,414.2500653148595,0.71775,0.0,2.3925,0.0,0.0,0.0,414.2500653148595,414.25元,0.0,865.7263642943773
2025-02-03T11:50:00,2025-02-03T12:00:00,2025-02-03,71,920.0906760723876,826.3241422609002,0.0,826.3241422609002,-93.76653381148742,0.0,826.3241422609002,0.4662,385.23231512203165,0.6993,0.0,2.331,0.0,0.0,0.0,385.23231512203165,385.23元,0.0,826.3241422609002
2025-02-03T12:00:00,2025-02-03T12:10:00,2025-02-03,72,915.2601887967411,844.616448762724,0.0,844.616448762724,-70.64374003401713,0.0,844.616448762724,0.4432,374.33401009163924,0.6648,0.0,2.2159999999999997,0.0,337.7180362810434,74.83831683987921,449.17232693151846,449.17元,0.0,844.616448762724
2025-02-03T12:10:00,2025-02-03T12:20:00,2025-02-03,73,913.564939388072,843.7612249151749,0.0,843.7612249151749,-69.80371447289713,0.0,843.7612249151749,0.4411,372.18307631008366,0.66165,0.0,2.2055,0.0,0.0,0.0,372.18307631008366,372.18元,0.0,843.7612249151749
2025-02-03T12:20:00,2025-02-03T12:30:00,2025-02-03,74,906.0799675724039,836.9451728827077,0.0,836.9451728827077,-69.13479468969626,0.0,836.9451728827077,0.4551,380.89374817892025,0.68265,0.0,2.2755,0.0,0.0,0.0,380.89374817892025,380.89元,0.0,836.9451728827077
2025-02-03T12:30:00,2025-02-03T12:40:00,2025-02-03,75,893.0939139269725,824.3434540754748,0.0,824.3434540754748,-68.75045985149768,0.0,824.3434540754748,0.4463,367.9044835538844,0.66945,0.0,2.2315,0.0,0.0,0.0,367.9044835538844,367.90元,0.0,824.3434540754748
2025-02-03T12:40:00,2025-02-03T12:50:00,2025-02-03,76,902.9617239812839,834.7323527895138,0.0,834.7323527895138,-68.22937119177004,0.0,834.7323527895138,0.4113,343.325416702327,0.61695,0.0,2.0564999999999998,0.0,0.0,0.0,343.325416702327,343.33元,0.0,834.7323527895138
2025-02-03T12:50:00,2025-02-03T13:00:00,2025-02-03,77,106.94160808568995,88.77909662986872,784.2331283736938,873.0122250035625,766.0706169178726,0.0,873.0122250035625,0.5682,50.44428270509141,0.8523000000000001,668.4018953128992,2.841,0.0,0.0,0.0,718.8461780179907,718.85元,0.0,873.0122250035625
2025-02-03T13:00:00,2025-02-03T13:10:00,2025-02-03,78,242.6910273887895,172.8650900156979,0.0,172.8650900156979,-69.82593737309162,0.0,172.8650900156979,0.8279,143.11500802399627,1.24185,0.0,4.1395,0.0,0.0,0.0,143.11500802399627,143.12元,0.0,172.8650900156979
2025-02-03T13:10:00,2025-02-03T13:20:00,2025-02-03,79,240.05849914563532,0.0,140.92192313930173,140.92192313930173,-99.1365760063336,0.0,140.92192313930173,0.8636,0.0,1.2954,182.55025923465146,4.3180000000000005,0.0,0.0,0.0,182.55025923465146,182.55元,0.0,140.92192313930173
2025-02-03T13:20:00,2025-02-03T13:30:00,2025-02-03,80,226.6275653908849,157.09290987732936,0.0,157.09290987732936,-69.53465551355555,0.0,157.09290987732936,0.8416,132.2093929527604,1.2624,0.0,4.208,0.0,0.0,0.0,132.2093929527604,132.21元,0.0,157.09290987732936
2025-02-03T13:30:00,2025-02-03T13:40:00,2025-02-03,81,229.14135515822454,159.60224095567537,0.0,159.60224095567537,-69.53911420254917,0.0,159.60224095567537,0.8618,137.54521125560103,1.2927,0.0,4.309,0.0,0.0,0.0,137.54521125560103,137.55元,0.0,159.60224095567537
2025-02-03T13:40:00,2025-02-03T13:50:00,2025-02-03,82,250.23378445319486,52.60367601408757,101.72302286910781,154.32669888319538,-95.90708556999948,0.0,154.32669888319538,0.8623,45.360149826947705,1.29345,131.5736439300475,4.3115,0.0,0.0,0.0,176.9337937569952,176.93元,0.0,154.32669888319538
2025-02-03T13:50:00,2025-02-03T14:00:00,2025-02-03,83,46.893426224284575,0.0,134.06013808473153,134.06013808473153,87.16671186044695,0.0,134.06013808473153,0.9026,0.0,1.3538999999999999,181.504020952918,4.513,0.0,0.0,0.0,181.504020952918,181.50元,0.0,134.06013808473153
2025-02-03T14:00:00,2025-02-03T14:10:00,2025-02-03,84,0.0,0.0,0.0,0.0,0.0,0.0,0.0,0.9754,0.0,1.4631,0.0,4.877000000000001,0.0,0.0,0.0,0.0,0.00元,0.0,0.0
2025-02-03T14:10:00,2025-02-03T14:20:00,2025-02-03,85,0.0,0.0,0.0,0.0,0.0,0.0,0.0,1.0002,0.0,1.5003,0.0,5.0009999999999994,0.0,0.0,0.0,0.0,0.00元,0.0,0.0
2025-02-03T14:20:00,2025-02-03T14:30:00,2025-02-03,86,0.0,0.0,0.0,0.0,0.0,0.0,0.0,0.9978,0.0,1.4967000000000001,0.0,4.989,0.0,0.0,0.0,0.0,0.00元,0.0,0.0
2025-02-03T14:30:00,2025-02-03T14:40:00,2025-02-03,87,0.0,0.0,0.0,0.0,0.0,0.0,0.0,1.0271,0.0,1.5406499999999999,0.0,5.1354999999999995,0.0,0.0,0.0,0.0,0.00元,0.0,0.0
2025-02-03T14:40:00,2025-02-03T14:50:00,2025-02-03,88,0.0,0.0,0.0,0.0,0.0,0.0,0.0,1.0906,0.0,1.6359,0.0,5.453,0.0,0.0,0.0,0.0,0.00元,0.0,0.0
2025-02-03T14:50:00,2025-02-03T15:00:00,2025-02-03,89,0.0,0.0,0.0,0.0,0.0,0.0,0.0,0.9376,0.0,1.4064,0.0,4.688,0.0,0.0,0.0,0.0,0.00元,0.0,0.0
2025-02-03T15:00:00,2025-02-03T15:10:00,2025-02-03,90,1471.2682656361872,1445.3128211631783,0.0,1445.3128211631783,-25.95544447300881,0.0,1445.3128211631783,0.6694,967.4924024866316,1.0041,0.0,3.347,0.0,0.0,0.0,967.4924024866316,967.49元,0.0,1445.3128211631783
2025-02-03T15:10:00,2025-02-03T15:20:00,2025-02-03,91,1447.1671114628666,1423.7435330095418,0.0,1423.7435330095418,-23.423578453324808,0.0,1423.7435330095418,0.66,939.6707317862977,0.99,0.0,3.3000000000000003,0.0,0.0,0.0,939.6707317862977,939.67元,0.0,1423.7435330095418
2025-02-03T15:20:00,2025-02-03T15:30:00,2025-02-03,92,1448.1081723503012,1427.0890811557856,0.12326456226401206,1427.2123457180496,-20.895826632251556,0.0,1427.2123457180496,0.7217,1029.9301898701306,1.08255,0.13344005187890626,3.6085000000000003,0.0,0.0,0.0,1030.0636299220093,1030.06元,0.0,1427.2123457180496
2025-02-03T15:30:00,2025-02-03T15:40:00,2025-02-03,93,1490.7651281140027,1469.8065392969236,2.8257479794244773,1472.632287276348,-18.132840837654612,0.0,1472.632287276348,0.7308,1074.1346189181918,1.0962,3.097584935045112,3.654,0.0,0.0,0.0,1077.232203853237,1077.23元,0.0,1472.632287276348
2025-02-03T15:40:00,2025-02-03T15:50:00,2025-02-03,94,694.4655566529888,694.4655566529888,0.0,694.4655566529888,0.0,0.0,694.4655566529888,0.7534,523.2103503823618,1.1300999999999999,0.0,3.767,0.0,0.0,0.0,523.2103503823618,523.21元,0.0,694.4655566529888
2025-02-03T15:50:00,2025-02-03T16:00:00,2025-02-03,95,713.914343624639,713.914343624639,0.0,713.914343624639,0.0,0.0,713.914343624639,0.7823,558.495191017555,1.1734499999999999,0.0,3.9115,0.0,0.0,0.0,558.495191017555,558.50元,0.0,713.914343624639
2025-02-03T16:00:00,2025-02-03T16:10:00,2025-02-03,96,907.638035980413,905.716840561885,0.0,905.716840561885,-1.9211954185279865,0.0,905.716840561885,0.8055,729.5549150725983,1.20825,0.0,4.0275,0.0,0.0,0.0,729.5549150725983,729.55元,0.0,905.716840561885
2025-02-03T16:10:00,2025-02-03T16:20:00,2025-02-03,97,915.9588361794698,913.6775444374514,0.0,913.6775444374514,-2.281291742018425,0.0,913.6775444374514,0.8271,755.702697004216,1.24065,0.0,4.1354999999999995,0.0,0.0,0.0,755.702697004216,755.70元,0.0,913.6775444374514
2025-02-03T16:20:00,2025-02-03T16:30:00,2025-02-03,98,919.8664592198579,917.2386558417422,0.0,917.2386558417422,-2.6278033781156864,0.0,917.2386558417422,0.8519,781.3956109115802,1.27785,0.0,4.2595,0.0,0.0,0.0,781.3956109115802,781.40元,0.0,917.2386558417422
2025-02-03T16:30:00,2025-02-03T16:40:00,2025-02-03,99,922.348514906598,919.3767834682549,0.0,919.3767834682549,-2.971731438343113,0.0,919.3767834682549,0.8791,808.2241303469428,1.3186499999999999,0.0,4.3955,0.0,0.0,0.0,808.2241303469428,808.22元,0.0,919.3767834682549
2025-02-03T16:40:00,2025-02-03T16:50:00,2025-02-03,100,933.8594262202594,930.5294238620145,0.0,930.5294238620145,-3.330002358244883,0.0,930.5294238620145,0.9024,839.7097520930819,1.3536,0.0,4.512,0.0,0.0,0.0,839.7097520930819,839.71元,0.0,930.5294238620145
2025-02-03T16:50:00,2025-02-03T17:00:00,2025-02-03,101,952.3531400044311,948.6850049792193,0.0,948.6850049792193,-3.668135025211768,0.0,948.6850049792193,0.9163,869.2800700624587,1.37445,0.0,4.5815,0.0,0.0,0.0,869.2800700624587,869.28元,0.0,948.6850049792193
2025-02-03T17:00:00,2025-02-03T17:10:00,2025-02-03,102,1005.9748470245963,1002.3279482507805,0.0,1002.3279482507805,-3.646898773815792,0.0,1002.3279482507805,0.9264,928.556611259523,1.3896,0.0,4.632,0.0,0.0,0.0,928.556611259523,928.56元,0.0,1002.3279482507805
2025-02-03T17:10:00,2025-02-03T17:20:00,2025-02-03,103,1007.1173641491775,1003.1934081800655,0.0,1003.1934081800655,-3.9239559691120576,0.0,1003.1934081800655,0.9462,949.221602819978,1.4193,0.0,4.731,0.0,0.0,0.0,949.221602819978,949.22元,0.0,1003.1934081800655
2025-02-03T17:20:00,2025-02-03T17:30:00,2025-02-03,104,1011.0176120750682,1007.0745298032425,0.4675196186327639,1007.5420494218753,-3.475562653192924,0.0,1007.5420494218753,0.9742,981.0920069343188,1.4613,0.6831864187080579,4.8709999999999996,0.0,0.0,0.0,981.7751933530269,981.78元,0.0,1007.5420494218753
2025-02-03T17:30:00,2025-02-03T17:40:00,2025-02-03,105,1042.2417329887744,1038.406673517557,0.45471167422351755,1038.8613851917805,-3.380347796993874,0.0,1038.8613851917805,0.9862,1024.0766614230147,1.4792999999999998,0.6726549796788495,4.931,0.0,0.0,0.0,1024.7493164026937,1024.75元,0.0,1038.8613851917805
2025-02-03T17:40:00,2025-02-03T17:50:00,2025-02-03,106,1075.0556495369215,1071.3323662328485,0.3989475229063828,1071.7313137557549,-3.32433578116661,0.0,1071.7313137557549,0.976,1045.6203894432601,1.464,0.5840591735349444,4.88,0.0,0.0,0.0,1046.204448616795,1046.20元,0.0,1071.7313137557549
2025-02-03T17:50:00,2025-02-03T18:00:00,2025-02-03,107,945.634098997629,942.0062881770133,0.43013881385127206,942.4364269908646,-3.197672006764492,0.0,942.4364269908646,1.0742,1011.9031547597477,1.6113,0.6930826707585547,5.371,0.0,0.0,0.0,1012.5962374305062,1012.60元,0.0,942.4364269908646
2025-02-03T18:00:00,2025-02-03T18:10:00,2025-02-03,108,737.1146502822792,733.5862252360158,0.4183549361346195,734.0045801721504,-3.1100701101287314,0.0,734.0045801721504,1.2313,903.2647191331063,1.84695,0.7726806492938355,6.1565,0.0,3.101076305662559,1.9091776275811547,905.9465774099813,905.95元,0.0,734.0045801721504
2025-02-03T18:10:00,2025-02-03T18:20:00,2025-02-03,109,712.1917687112206,708.7604886342433,0.40378477193769413,709.164273406181,-3.027495305039565,0.0,709.164273406181,1.2561,890.274049773473,1.88415,0.7607910780464064,6.2805,0.0,0.0,0.0,891.0348408515193,891.03元,0.0,709.164273406181
2025-02-03T18:20:00,2025-02-03T18:30:00,2025-02-03,110,727.651548659193,724.3138015763524,0.3957468132003896,724.7095483895528,-2.942000269640289,0.0,724.7095483895528,1.2447,901.5533888220857,1.8670499999999999,0.7388790875857874,6.2235,0.0,0.0,0.0,902.2922679096714,902.29元,0.0,724.7095483895528
2025-02-03T18:30:00,2025-02-03T18:40:00,2025-02-03,111,706.0987423816642,702.8524346254114,0.3849051223232891,703.2373397477347,-2.861402633929515,0.0,703.2373397477347,1.2545,881.7283792375786,1.8817499999999998,0.7242952139318493,6.2725,0.0,0.0,0.0,882.4526744515105,882.45元,0.0,703.2373397477347
2025-02-03T18:40:00,2025-02-03T18:50:00,2025-02-03,112,714.1212423884564,710.9639035165644,0.3741373137974051,711.3380408303618,-2.783201558094561,0.0,711.3380408303618,1.2522,890.268999983442,1.8782999999999999,0.702742116505666,6.261,0.0,0.0,0.0,890.9717420999477,890.97元,0.0,711.3380408303618
2025-02-03T18:50:00,2025-02-03T19:00:00,2025-02-03,113,181.4475248376192,181.4475248376192,403.65126899359745,585.0987938312167,403.65126899359745,0.0,585.0987938312167,1.2881,233.7225567433373,1.93215,779.9147993859792,6.4405,0.0,0.0,0.0,1013.6373561293166,1013.64元,0.0,585.0987938312167
2025-02-03T19:00:00,2025-02-03T19:10:00,2025-02-03,114,38.88220824752602,38.88220824752602,0.0,38.88220824752602,0.0,0.0,38.88220824752602,1.3466,52.35878162611854,2.0199,0.0,6.7330000000000005,0.0,0.0,0.0,52.35878162611854,52.36元,0.0,38.88220824752602
2025-02-03T19:10:00,2025-02-03T19:20:00,2025-02-03,115,50.10851545008779,50.10851545008779,0.0,50.10851545008779,0.0,0.0,50.10851545008779,1.3523,67.76174544315373,2.0284500000000003,0.0,6.7615,0.0,0.0,0.0,67.76174544315373,67.76元,0.0,50.10851545008779
2025-02-03T19:20:00,2025-02-03T19:30:00,2025-02-03,116,90.27832249942185,90.27832249942185,0.0,90.27832249942185,0.0,0.0,90.27832249942185,1.3445,121.37920460047268,2.01675,0.0,6.7225,0.0,0.0,0.0,121.37920460047268,121.38元,0.0,90.27832249942185
2025-02-03T19:30:00,2025-02-03T19:40:00,2025-02-03,117,77.55938539910164,77.55938539910164,0.0,77.55938539910164,0.0,0.0,77.55938539910164,1.3483,104.57331933360875,2.02245,0.0,6.7415,0.0,0.0,0.0,104.57331933360875,104.57元,0.0,77.55938539910164
2025-02-03T19:40:00,2025-02-03T19:50:00,2025-02-03,118,56.21369944689138,56.21369944689138,0.0,56.21369944689138,0.0,0.0,56.21369944689138,1.349,75.83228055385648,2.0235,0.0,6.745,0.0,0.0,0.0,75.83228055385648,75.83元,0.0,56.21369944689138
2025-02-03T19:50:00,2025-02-03T20:00:00,2025-02-03,119,41.9568585596553,41.9568585596553,12.39347768172081,54.35033624137611,12.39347768172081,0.0,54.35033624137611,1.3473,56.52847553742359,2.02095,25.04659872087367,6.7364999999999995,0.0,0.0,0.0,81.57507425829726,81.58元,0.0,54.35033624137611
2025-02-03T20:00:00,2025-02-03T20:10:00,2025-02-03,120,24.406282160429214,24.406282160429214,6.650108977890568,31.056391138319782,6.650108977890568,0.0,31.056391138319782,1.3482,32.904549608690665,2.0223,13.448515385988097,6.7410000000000005,0.0,0.0,0.0,46.35306499467877,46.35元,0.0,31.056391138319782
2025-02-03T20:10:00,2025-02-03T20:20:00,2025-02-03,121,61.43768945436773,61.43768945436773,0.0,61.43768945436773,0.0,0.0,61.43768945436773,1.3513,83.0207497596871,2.02695,0.0,6.7565,0.0,0.0,0.0,83.0207497596871,83.02元,0.0,61.43768945436773
2025-02-03T20:20:00,2025-02-03T20:30:00,2025-02-03,122,69.47621212790966,69.47621212790966,0.0,69.47621212790966,0.0,0.0,69.47621212790966,1.34,93.09812425139896,2.0100000000000002,0.0,6.7,0.0,0.0,0.0,93.09812425139896,93.10元,0.0,69.47621212790966
2025-02-03T20:30:00,2025-02-03T20:40:00,2025-02-03,123,49.93477621590171,49.93477621590171,0.0,49.93477621590171,0.0,0.0,49.93477621590171,1.3489,67.35701963762982,2.0233499999999998,0.0,6.7445,0.0,0.0,0.0,67.35701963762982,67.36元,0.0,49.93477621590171
2025-02-03T20:40:00,2025-02-03T20:50:00,2025-02-03,124,78.50994113430818,78.50994113430818,0.0,78.50994113430818,0.0,0.0,78.50994113430818,1.3952,109.53706987058678,2.0928,0.0,6.976,0.0,0.0,0.0,109.53706987058678,109.54元,0.0,78.50994113430818
2025-02-03T20:50:00,2025-02-03T21:00:00,2025-02-03,125,643.6254819163448,641.2052582336161,0.0,641.2052582336161,-2.4202236827287607,0.0,641.2052582336161,1.2226,783.937548716419,1.8338999999999999,0.0,6.1129999999999995,0.0,0.0,0.0,783.937548716419,783.94元,0.0,641.2052582336161
2025-02-03T21:00:00,2025-02-03T21:10:00,2025-02-03,126,726.4378406148932,724.2977426438365,0.0,724.2977426438365,-2.1400979710566617,0.0,724.2977426438365,0.9332,675.9146534352283,1.3998,0.0,4.666,0.0,0.0,0.0,675.9146534352283,675.91元,0.0,724.2977426438365
2025-02-03T21:10:00,2025-02-03T21:20:00,2025-02-03,127,744.1189804823314,742.0375116142139,0.0,742.0375116142139,-2.0814688681174403,0.0,742.0375116142139,0.9068,672.8796155317692,1.3602,0.0,4.534000000000001,0.0,0.0,0.0,672.8796155317692,672.88元,0.0,742.0375116142139
2025-02-03T21:20:00,2025-02-03T21:30:00,2025-02-03,128,748.5357309833288,746.5112850432195,0.0,746.5112850432195,-2.024445940109331,0.0,746.5112850432195,0.9371,699.555725214001,1.40565,0.0,4.6855,0.0,0.0,0.0,699.555725214001,699.56元,0.0,746.5112850432195
2025-02-03T21:30:00,2025-02-03T21:40:00,2025-02-03,129,751.8046861406284,749.8357009555981,0.0,749.8357009555981,-1.9689851850303057,0.0,749.8357009555981,0.9371,702.671035365491,1.40565,0.0,4.6855,0.0,0.0,0.0,702.671035365491,702.67元,0.0,749.8357009555981
2025-02-03T21:40:00,2025-02-03T21:50:00,2025-02-03,130,450.066715102709,448.15167129637274,0.0,448.15167129637274,-1.9150438063362571,0.0,448.15167129637274,0.9871,442.3705147366495,1.48065,0.0,4.9355,0.0,0.0,0.0,442.3705147366495,442.37元,0.0,448.15167129637274
2025-02-03T21:50:00,2025-02-03T22:00:00,2025-02-03,131,616.4173363222277,614.7755967729036,0.0,614.7755967729036,-1.641739549324143,0.0,614.7755967729036,0.7764,477.3117733344823,1.1646,0.0,3.8819999999999997,0.0,0.0,0.0,477.3117733344823,477.31元,0.0,614.7755967729036
2025-02-03T22:00:00,2025-02-03T22:10:00,2025-02-03,132,1403.7442367341387,1401.7516861426263,0.0,1401.7516861426263,-1.9925505915123267,0.0,1401.7516861426263,0.4209,589.9972846974314,0.63135,0.0,2.1045,0.0,0.0,0.0,589.9972846974314,590.00元,19.523352819292988,1382.2283333233333
2025-02-03T22:10:00,2025-02-03T22:20:00,2025-02-03,133,1400.5797356557198,1398.641772029534,0.0,1398.641772029534,-1.9379636261858195,0.0,1398.641772029534,0.3859,539.7358598261972,0.5788500000000001,0.0,1.9295,0.0,0.0,0.0,539.7358598261972,539.74元,47.78887203953399,1350.85289999
2025-02-03T22:20:00,2025-02-03T22:30:00,2025-02-03,134,585.1241056307416,585.1241056307416,0.0,585.1241056307416,0.0,0.0,585.1241056307416,0.4368,255.58220933950795,0.6552,0.0,2.184,0.0,0.0,0.0,255.58220933950795,255.58元,0.0,585.1241056307416
2025-02-03T22:30:00,2025-02-03T22:40:00,2025-02-03,135,1403.7740491066693,1401.9408140640817,0.0,1401.9408140640817,-1.833235042587603,0.0,1401.9408140640817,0.4198,588.5347537441015,0.6297,0.0,2.099,0.0,0.0,0.0,588.5347537441015,588.53元,8.997480740748408,1392.9433333233333
2025-02-03T22:40:00,2025-02-03T22:50:00,2025-02-03,136,1409.9916790004668,1408.2086663904397,0.0,1408.2086663904397,-1.7830126100270718,0.0,1408.2086663904397,0.4186,589.4761477510381,0.6279,0.0,2.093,0.0,0.0,0.0,589.4761477510381,589.48元,0.0,1408.2086663904397
2025-02-03T22:50:00,2025-02-03T23:00:00,2025-02-03,137,1405.1728745418982,1403.438708494631,0.0,1403.438708494631,-1.734166047267081,0.0,1403.438708494631,0.4241,595.198356272573,0.63615,0.0,2.1205,0.0,0.0,0.0,595.198356272573,595.20元,2.18409183796438,1401.2546166566667
2025-02-03T23:00:00,2025-02-03T23:10:00,2025-02-03,138,1391.4178154498886,1389.7311577882533,0.0,1389.7311577882533,-1.6866576616353086,0.0,1389.7311577882533,0.4237,588.829091554883,0.6355500000000001,0.0,2.1185,0.0,0.0,0.0,588.829091554883,588.83元,13.777824464920052,1375.9533333233333
2025-02-03T23:10:00,2025-02-03T23:20:00,2025-02-03,139,958.627666252653,958.627666252653,0.0,958.627666252653,0.0,0.0,958.627666252653,0.4248,407.225032624127,0.6372,0.0,2.124,0.0,0.0,0.0,407.225032624127,407.23元,0.0,958.627666252653
2025-02-03T23:20:00,2025-02-03T23:30:00,2025-02-03,140,1433.3286505766946,1431.7331407908666,0.0,1431.7331407908666,-1.5955097858279714,0.0,1431.7331407908666,0.424,607.0548516953274,0.636,0.0,2.12,0.0,0.0,0.0,607.0548516953274,607.05元,30.830107467533246,1400.9030333233334
2025-02-03T23:30:00,2025-02-03T23:40:00,2025-02-03,141,1446.9696159294047,1445.4178159684252,0.0,1445.4178159684252,-1.5517999609794515,0.0,1445.4178159684252,0.422,609.9663183386754,0.633,0.0,2.11,0.0,0.0,0.0,609.9663183386754,609.97元,96.46781597842526,1348.94999999
2025-02-03T23:40:00,2025-02-03T23:50:00,2025-02-03,142,1458.335644767389,1456.8263571777516,0.0,1456.8263571777516,-1.5092875896375517,0.0,1456.8263571777516,0.424,617.6943754433667,0.636,0.0,2.12,0.0,0.0,0.0,617.6943754433667,617.69元,90.3432405210849,1366.4831166566667
2025-02-03T23:50:00,2025-02-04T00:00:00,2025-02-03,143,606.0768502250797,606.0768502250797,0.0,606.0768502250797,0.0,0.0,606.0768502250797,0.4271,258.85542273113157,0.6406499999999999,0.0,2.1355,0.0,0.0,0.0,258.85542273113157,258.86元,0.0,606.0768502250797
2025-02-04T00:00:00,2025-02-04T00:10:00,2025-02-03,144,558.2781666666666,558.2781666666666,0.0,558.2781666666666,0.0,0.0,558.2781666666666,0.4276,238.71974406666664,0.6414,0.0,2.138,0.0,0.0,0.0,238.71974406666664,238.72元,0.0,558.2781666666666
2025-02-04T00:10:00,2025-02-04T00:20:00,2025-02-04,1,818.7985751545216,818.7985751545216,0.0,818.7985751545216,0.0,0.0,818.7985751545216,0.4248,347.8256347256408,0.6372,0.0,2.124,0.0,0.0,0.0,347.8256347256408,347.83元,0.0,818.7985751545216
2025-02-04T00:20:00,2025-02-04T00:30:00,2025-02-04,2,1430.5631367725528,1430.5631367725528,0.0,1430.5631367725528,0.0,0.0,1430.5631367725528,0.4245,607.2740515599486,0.6367499999999999,0.0,2.1225,0.0,0.0,0.0,607.2740515599486,607.27元,29.079870115886017,1401.4832666566667
2025-02-04T00:30:00,2025-02-04T00:40:00,2025-02-04,3,570.137723249047,570.137723249047,0.0,570.137723249047,0.0,0.0,570.137723249047,0.4269,243.39179405501815,0.64035,0.0,2.1345,0.0,0.0,0.0,243.39179405501815,243.39元,0.0,570.137723249047
2025-02-04T00:40:00,2025-02-04T00:50:00,2025-02-04,4,574.182870821378,574.182870821378,0.0,574.182870821378,0.0,0.0,574.182870821378,0.4272,245.29092241489266,0.6408,0.0,2.136,0.0,0.0,0.0,245.29092241489266,245.29元,0.0,574.182870821378
2025-02-04T00:50:00,2025-02-04T01:00:00,2025-02-04,5,597.2598968706908,597.2598968706908,0.0,597.2598968706908,0.0,0.0,597.2598968706908,0.4271,255.08970195347203,0.6406499999999999,0.0,2.1355,0.0,0.0,0.0,255.08970195347203,255.09元,0.0,597.2598968706908
2025-02-04T01:00:00,2025-02-04T01:10:00,2025-02-04,6,620.4792000607952,620.4792000607952,0.0,620.4792000607952,0.0,0.0,620.4792000607952,0.4285,265.8753372260507,0.6427499999999999,0.0,2.1425,0.0,0.0,0.0,265.8753372260507,265.88元,0.0,620.4792000607952
2025-02-04T01:10:00,2025-02-04T01:20:00,2025-02-04,7,638.1256015472927,638.1256015472927,0.0,638.1256015472927,0.0,0.0,638.1256015472927,0.4311,275.0959468270379,0.64665,0.0,2.1555,0.0,0.0,0.0,275.0959468270379,275.10元,0.0,638.1256015472927
2025-02-04T01:20:00,2025-02-04T01:30:00,2025-02-04,8,642.1306961764092,642.1306961764092,0.0,642.1306961764092,0.0,0.0,642.1306961764092,0.4302,276.24462549509127,0.6453,0.0,2.1510000000000002,0.0,0.0,0.0,276.24462549509127,276.24元,0.0,642.1306961764092
2025-02-04T01:30:00,2025-02-04T01:40:00,2025-02-04,9,632.1660061738125,632.1660061738125,0.0,632.1660061738125,0.0,0.0,632.1660061738125,0.4279,270.5038340417744,0.64185,0.0,2.1395,0.0,0.0,0.0,270.5038340417744,270.50元,0.0,632.1660061738125
2025-02-04T01:40:00,2025-02-04T01:50:00,2025-02-04,10,620.9664748236937,620.9664748236937,0.0,620.9664748236937,0.0,0.0,620.9664748236937,0.4312,267.76074394397676,0.6468,0.0,2.156,0.0,0.0,0.0,267.76074394397676,267.76元,0.0,620.9664748236937
2025-02-04T01:50:00,2025-02-04T02:00:00,2025-02-04,11,636.9918851383745,636.9918851383745,0.0,636.9918851383745,0.0,0.0,636.9918851383745,0.4333,276.00858383045767,0.64995,0.0,2.1665,0.0,0.0,0.0,276.00858383045767,276.01元,0.0,636.9918851383745
2025-02-04T02:00:00,2025-02-04T02:10:00,2025-02-04,12,653.2364151853699,653.2364151853699,0.0,653.2364151853699,0.0,0.0,653.2364151853699,0.4311,281.61021858641294,0.64665,0.0,2.1555,0.0,0.0,0.0,281.61021858641294,281.61元,0.0,653.2364151853699
2025-02-04T02:10:00,2025-02-04T02:20:00,2025-02-04,13,618.7441259054907,618.7441259054907,0.0,618.7441259054907,0.0,0.0,618.7441259054907,0.4293,265.62685325122715,0.64395,0.0,2.1465,0.0,0.0,0.0,265.62685325122715,265.63元,0.0,618.7441259054907
2025-02-04T02:20:00,2025-02-04T02:30:00,2025-02-04,14,618.8530072555646,618.8530072555646,0.0,618.8530072555646,0.0,0.0,618.8530072555646,0.4324,267.5920403373062,0.6486000000000001,0.0,2.162,0.0,0.0,0.0,267.5920403373062,267.59元,0.0,618.8530072555646
2025-02-04T02:30:00,2025-02-04T02:40:00,2025-02-04,15,657.1457326760146,657.1457326760146,0.0,657.1457326760146,0.0,0.0,657.1457326760146,0.4367,286.97554145961556,0.6550499999999999,0.0,2.1835,0.0,0.0,0.0,286.97554145961556,286.98元,0.0,657.1457326760146
2025-02-04T02:40:00,2025-02-04T02:50:00,2025-02-04,16,653.4000752168611,653.4000752168611,0.0,653.4000752168611,0.0,0.0,653.4000752168611,0.4348,284.0983527042912,0.6522,0.0,2.174,0.0,0.0,0.0,284.0983527042912,284.10元,0.0,653.4000752168611
2025-02-04T02:50:00,2025-02-04T03:00:00,2025-02-04,17,654.8680328223719,654.8680328223719,0.0,654.8680328223719,0.0,0.0,654.8680328223719,0.4335,283.8852922284982,0.65025,0.0,2.1675,0.0,0.0,0.0,283.8852922284982,283.89元,0.0,654.8680328223719
2025-02-04T03:00:00,2025-02-04T03:10:00,2025-02-04,18,668.5027902745812,668.5027902745812,0.0,668.5027902745812,0.0,0.0,668.5027902745812,0.4357,291.266665722635,0.65355,0.0,2.1784999999999997,0.0,0.0,0.0,291.266665722635,291.27元,0.0,668.5027902745812
2025-02-04T03:10:00,2025-02-04T03:20:00,2025-02-04,19,652.5954836292253,652.5954836292253,0.0,652.5954836292253,0.0,0.0,652.5954836292253,0.4374,285.4452645394232,0.6561,0.0,2.1870000000000003,0.0,0.0,0.0,285.4452645394232,285.45元,0.0,652.5954836292253
2025-02-04T03:20:00,2025-02-04T03:30:00,2025-02-04,20,660.9301929776321,660.9301929776321,0.0,660.9301929776321,0.0,0.0,660.9301929776321,0.4371,288.892587350523,0.65565,0.0,2.1854999999999998,0.0,0.0,0.0,288.892587350523,288.89元,0.0,660.9301929776321
2025-02-04T03:30:00,2025-02-04T03:40:00,2025-02-04,21,688.9753502014382,688.9753502014382,0.0,688.9753502014382,0.0,0.0,688.9753502014382,0.4356,300.1176625477465,0.6534,0.0,2.178,0.0,0.0,0.0,300.1176625477465,300.12元,0.0,688.9753502014382
2025-02-04T03:40:00,2025-02-04T03:50:00,2025-02-04,22,674.7564508869948,674.7564508869948,0.0,674.7564508869948,0.0,0.0,674.7564508869948,0.4353,293.7214830711088,0.65295,0.0,2.1765,0.0,0.0,0.0,293.7214830711088,293.72元,0.0,674.7564508869948
2025-02-04T03:50:00,2025-02-04T04:00:00,2025-02-04,23,656.859626232984,656.859626232984,0.0,656.859626232984,0.0,0.0,656.859626232984,0.436,286.390797037581,0.654,0.0,2.18,0.0,0.0,0.0,286.390797037581,286.39元,0.0,656.859626232984
2025-02-04T04:00:00,2025-02-04T04:10:00,2025-02-04,24,662.3472541181051,662.3472541181051,0.0,662.3472541181051,0.0,0.0,662.3472541181051,0.4378,289.9756278529064,0.6567000000000001,0.0,2.189,0.0,0.0,0.0,289.9756278529064,289.98元,0.0,662.3472541181051
2025-02-04T04:10:00,2025-02-04T04:20:00,2025-02-04,25,680.9891184956688,680.9891184956688,0.0,680.9891184956688,0.0,0.0,680.9891184956688,0.4401,299.7033110499438,0.66015,0.0,2.2005,0.0,0.0,0.0,299.7033110499438,299.70元,0.0,680.9891184956688
2025-02-04T04:20:00,2025-02-04T04:30:00,2025-02-04,26,703.3095162819519,703.3095162819519,0.0,703.3095162819519,0.0,0.0,703.3095162819519,0.4389,308.6825466961487,0.65835,0.0,2.1945,0.0,0.0,0.0,308.6825466961487,308.68元,0.0,703.3095162819519
2025-02-04T04:30:00,2025-02-04T04:40:00,2025-02-04,27,711.8169000718099,711.8169000718099,0.0,711.8169000718099,0.0,0.0,711.8169000718099,0.4364,310.6368951913378,0.6546000000000001,0.0,2.182,0.0,0.0,0.0,310.6368951913378,310.64元,0.0,711.8169000718099
2025-02-04T04:40:00,2025-02-04T04:50:00,2025-02-04,28,692.3397650150483,692.3397650150483,0.0,692.3397650150483,0.0,0.0,692.3397650150483,0.4393,304.14485877111076,0.65895,0.0,2.1965000000000003,0.0,0.0,0.0,304.14485877111076,304.14元,0.0,692.3397650150483
2025-02-04T04:50:00,2025-02-04T05:00:00,2025-02-04,29,677.3234528425717,677.3234528425717,0.0,677.3234528425717,0.0,0.0,677.3234528425717,0.4422,299.5124308469852,0.6633,0.0,2.211,0.0,0.0,0.0,299.5124308469852,299.51元,0.0,677.3234528425717
2025-02-04T05:00:00,2025-02-04T05:10:00,2025-02-04,30,685.184881287159,685.184881287159,0.0,685.184881287159,0.0,0.0,685.184881287159,0.4395,301.13875532570637,0.65925,0.0,2.1975,0.0,0.0,0.0,301.13875532570637,301.14元,0.0,685.184881287159
2025-02-04T05:10:00,2025-02-04T05:20:00,2025-02-04,31,708.3251641649291,708.3251641649291,0.0,708.3251641649291,0.0,0.0,708.3251641649291,0.4333,306.9172936326638,0.64995,0.0,2.1665,0.0,0.0,0.0,306.9172936326638,306.92元,0.0,708.3251641649291
2025-02-04T05:20:00,2025-02-04T05:30:00,2025-02-04,32,736.8674888568763,736.8674888568763,0.0,736.8674888568763,0.0,0.0,736.8674888568763,0.4439,327.0954783035674,0.66585,0.0,2.2195,0.0,0.0,0.0,327.0954783035674,327.10元,0.0,736.8674888568763
2025-02-04T05:30:00,2025-02-04T05:40:00,2025-02-04,33,730.4787038569372,730.4787038569372,0.0,730.4787038569372,0.0,0.0,730.4787038569372,0.4301,314.17889052886864,0.64515,0.0,2.1505,0.0,0.0,0.0,314.17889052886864,314.18元,31.996517356106267,698.482186500831
2025-02-04T05:40:00,2025-02-04T05:50:00,2025-02-04,34,1503.4799944514007,1503.4799944514007,0.0,1503.4799944514007,0.0,0.0,1503.4799944514007,0.3713,558.2421219398051,0.5569500000000001,0.0,1.8565,0.0,0.0,0.0,558.2421219398051,558.24元,848.1159944433003,655.3640000081003
2025-02-04T05:50:00,2025-02-04T06:00:00,2025-02-04,35,731.6199549466,731.6199549466,0.0,731.6199549466,0.0,0.0,731.6199549466,0.5708,417.6086702835193,0.8562,0.0,2.854,0.0,0.0,0.0,417.6086702835193,417.61元,20.552804938499744,711.0671500081003
2025-02-04T06:00:00,2025-02-04T06:10:00,2025-02-04,36,162.77282036567408,124.44470302510729,0.0,124.44470302510729,-38.32811734056679,0.0,124.44470302510729,0.9099,113.23223528254512,1.3648500000000001,0.0,4.5495,0.0,2868.049501909518,1304.8191208937353,1418.0513561762805,1418.05元,0.0,124.44470302510729
2025-02-04T06:10:00,2025-02-04T06:20:00,2025-02-04,37,173.92256471031135,132.31437315946243,0.0,132.31437315946243,-41.608191550848915,0.0,132.31437315946243,0.9368,123.9521047757844,1.4052,0.0,4.684,0.0,0.0,0.0,123.9521047757844,123.95元,0.0,132.31437315946243
2025-02-04T06:20:00,2025-02-04T06:30:00,2025-02-04,38,845.0768861546828,753.6531132310622,0.0,753.6531132310622,-91.42377292362062,0.0,753.6531132310622,0.8758,660.0493965677643,1.3137,0.0,4.3790000000000004,0.0,0.0,0.0,660.0493965677643,660.05元,0.0,753.6531132310622
2025-02-04T06:30:00,2025-02-04T06:40:00,2025-02-04,39,403.181759231027,118.90181396249227,0.0,118.90181396249227,-284.27994526853473,0.0,118.90181396249227,0.8759,104.14609884974698,1.31385,0.0,4.3795,0.0,0.0,0.0,104.14609884974698,104.15元,0.0,118.90181396249227
2025-02-04T06:40:00,2025-02-04T06:50:00,2025-02-04,40,865.7549076427771,824.7902248787367,0.0,824.7902248787367,-40.96468276404039,0.0,824.7902248787367,0.8601,709.4020724182014,1.29015,0.0,4.3004999999999995,0.0,0.0,0.0,709.4020724182014,709.40元,0.0,824.7902248787367
2025-02-04T06:50:00,2025-02-04T07:00:00,2025-02-04,41,865.5510750046136,825.7566237062907,0.0,825.7566237062907,-39.79445129832288,0.0,825.7566237062907,0.8442,697.1037417328506,1.2663,0.0,4.221,0.0,0.0,0.0,697.1037417328506,697.10元,0.0,825.7566237062907
2025-02-04T07:00:00,2025-02-04T07:10:00,2025-02-04,42,646.1886594490962,605.1648077085188,0.0,605.1648077085188,-41.02385174057747,0.0,605.1648077085188,0.8334,504.34435074427955,1.2501,0.0,4.167,0.0,0.0,0.0,504.34435074427955,504.34元,0.0,605.1648077085188
2025-02-04T07:10:00,2025-02-04T07:20:00,2025-02-04,43,638.1037697139698,598.4557533517572,0.0,598.4557533517572,-39.648016362212616,0.0,598.4557533517572,0.8092,484.2703956122419,1.2138,0.0,4.046,0.0,0.0,0.0,484.2703956122419,484.27元,0.0,598.4557533517572
2025-02-04T07:20:00,2025-02-04T07:30:00,2025-02-04,44,639.6474410503276,601.3600395581896,0.0,601.3600395581896,-38.28740149213809,0.0,601.3600395581896,0.7972,479.40422353578873,1.1958,0.0,3.986,0.0,0.0,0.0,479.40422353578873,479.40元,0.0,601.3600395581896
2025-02-04T07:30:00,2025-02-04T07:40:00,2025-02-04,45,609.071020571056,609.071020571056,0.0,609.071020571056,0.0,0.0,609.071020571056,0.7644,465.5738881245152,1.1465999999999998,0.0,3.822,0.0,0.0,0.0,465.5738881245152,465.57元,0.0,609.071020571056
2025-02-04T07:40:00,2025-02-04T07:50:00,2025-02-04,46,1382.1427730011278,1346.519228680363,0.0,1346.519228680363,-35.62354432076472,0.0,1346.519228680363,0.6899,928.9636158665825,1.03485,0.0,3.4494999999999996,0.0,0.0,0.0,928.9636158665825,928.96元,0.0,1346.519228680363
2025-02-04T07:50:00,2025-02-04T08:00:00,2025-02-04,47,669.8147359929249,635.494186923336,0.0,635.494186923336,-34.32054906958888,0.0,635.494186923336,0.86,546.525000754069,1.29,0.0,4.3,0.0,0.0,0.0,546.525000754069,546.53元,0.0,635.494186923336
2025-02-04T08:00:00,2025-02-04T08:10:00,2025-02-04,48,270.6264916320341,204.75623910643606,0.0,204.75623910643606,-65.87025252559806,0.0,204.75623910643606,1.1617,237.86532296994676,1.74255,0.0,5.8084999999999996,0.0,0.0,0.0,237.86532296994676,237.87元,0.0,204.75623910643606
2025-02-04T08:10:00,2025-02-04T08:20:00,2025-02-04,49,205.3914664218437,137.10459306427606,0.0,137.10459306427606,-68.28687335756763,0.0,137.10459306427606,1.1683,160.1792960769937,1.7524499999999998,0.0,5.8415,0.0,0.0,0.0,160.1792960769937,160.18元,0.0,137.10459306427606
2025-02-04T08:20:00,2025-02-04T08:30:00,2025-02-04,50,113.24759979428086,33.95334124105341,0.0,33.95334124105341,-79.29425855322745,0.0,33.95334124105341,1.0956,37.19928066369811,1.6433999999999997,0.0,5.478,0.0,0.0,0.0,37.19928066369811,37.20元,0.0,33.95334124105341
2025-02-04T08:30:00,2025-02-04T08:40:00,2025-02-04,51,33.37714123272838,12.217694708074305,0.0,12.217694708074305,-21.159446524654072,0.0,12.217694708074305,1.0849,13.254976988789814,1.6273499999999999,0.0,5.4245,0.0,0.0,0.0,13.254976988789814,13.25元,0.0,12.217694708074305
2025-02-04T08:40:00,2025-02-04T08:50:00,2025-02-04,52,25.365315768257005,0.0,0.0,0.0,-25.365315768257005,0.0,0.0,1.061,0.0,1.5915,0.0,5.305,0.0,0.0,0.0,0.0,0.00元,0.0,0.0
2025-02-04T08:50:00,2025-02-04T09:00:00,2025-02-04,53,0.0,0.0,0.0,0.0,0.0,0.0,0.0,1.043,0.0,1.5644999999999998,0.0,5.215,0.0,0.0,0.0,0.0,0.00元,0.0,0.0
2025-02-04T09:00:00,2025-02-04T09:10:00,2025-02-04,54,0.0,0.0,0.0,0.0,0.0,0.0,0.0,1.036,0.0,1.554,0.0,5.18,0.0,0.0,0.0,0.0,0.00元,0.0,0.0
2025-02-04T09:10:00,2025-02-04T09:20:00,2025-02-04,55,0.0,0.0,0.0,0.0,0.0,0.0,0.0,1.0147,0.0,1.52205,0.0,5.073499999999999,0.0,0.0,0.0,0.0,0.00元,0.0,0.0
2025-02-04T09:20:00,2025-02-04T09:30:00,2025-02-04,56,0.0,0.0,0.0,0.0,0.0,0.0,0.0,0.9922,0.0,1.4883,0.0,4.961,0.0,0.0,0.0,0.0,0.00元,0.0,0.0
2025-02-04T09:30:00,2025-02-04T09:40:00,2025-02-04,57,0.0,0.0,0.0,0.0,0.0,0.0,0.0,0.97,0.0,1.455,0.0,4.85,0.0,0.0,0.0,0.0,0.00元,0.0,0.0
2025-02-04T09:40:00,2025-02-04T09:50:00,2025-02-04,58,0.0,0.0,0.0,0.0,0.0,31.85470870258876,31.85470870258876,0.9422,0.0,1.4133,0.0,4.711,150.06753269789564,0.0,0.0,150.06753269789564,150.07元,0.0,31.85470870258876
2025-02-04T09:50:00,2025-02-04T10:00:00,2025-02-04,59,0.0,0.0,0.0,0.0,0.0,342.74894999999975,342.74894999999975,0.9569,0.0,1.43535,0.0,4.7844999999999995,1639.8823512749987,0.0,0.0,1639.8823512749987,1639.88元,0.0,342.74894999999975
2025-02-04T10:00:00,2025-02-04T10:10:00,2025-02-04,60,0.0,0.0,0.0,0.0,0.0,306.05958333333325,306.05958333333325,0.9977,0.0,1.49655,0.0,4.9885,1526.7782314583328,0.0,0.0,1526.7782314583328,1526.78元,0.0,306.05958333333325
2025-02-04T10:10:00,2025-02-04T10:20:00,2025-02-04,61,0.0,0.0,0.0,0.0,0.0,264.70471666666646,264.70471666666646,0.9919,0.0,1.48785,0.0,4.9595,1312.8030423083324,0.0,0.0,1312.8030423083324,1312.80元,0.0,264.70471666666646
2025-02-04T10:20:00,2025-02-04T10:30:00,2025-02-04,62,0.0,0.0,0.0,0.0,0.0,219.8678499999997,219.8678499999997,0.9588,0.0,1.4382,0.0,4.794,1054.0464728999984,0.0,0.0,1054.0464728999984,1054.05元,0.0,219.8678499999997
2025-02-04T10:30:00,2025-02-04T10:40:00,2025-02-04,63,0.0,0.0,0.0,0.0,0.0,187.62541666666647,187.62541666666647,0.9549,0.0,1.43235,0.0,4.7745,895.817551874999,0.0,0.0,895.817551874999,895.82元,0.0,187.62541666666647
2025-02-04T10:40:00,2025-02-04T10:50:00,2025-02-04,64,0.0,0.0,0.0,0.0,0.0,176.51319999999959,176.51319999999959,0.9839,0.0,1.4758499999999999,0.0,4.9195,868.356687399998,0.0,0.0,868.356687399998,868.36元,0.0,176.51319999999959
2025-02-04T10:50:00,2025-02-04T11:00:00,2025-02-04,65,171.73485511951333,171.73485511951333,0.0,171.73485511951333,0.0,0.0,171.73485511951333,0.799,137.21614924049115,1.1985000000000001,0.0,3.995,0.0,0.0,0.0,137.21614924049115,137.22元,0.0,171.73485511951333
2025-02-04T11:00:00,2025-02-04T11:10:00,2025-02-04,66,975.2242190784633,923.725619025042,0.0,923.725619025042,-51.49860005342134,0.0,923.725619025042,0.5025,464.17212356008355,0.7537499999999999,0.0,2.5124999999999997,0.0,0.0,0.0,464.17212356008355,464.17元,0.0,923.725619025042
2025-02-04T11:10:00,2025-02-04T11:20:00,2025-02-04,67,968.216437460883,917.3098395268452,0.0,917.3098395268452,-50.90659793403779,0.0,917.3098395268452,0.4662,427.6498471874152,0.6993,0.0,2.331,0.0,0.0,0.0,427.6498471874152,427.65元,0.0,917.3098395268452
2025-02-04T11:20:00,2025-02-04T11:30:00,2025-02-04,68,952.7606266699707,902.3487003590609,0.0,902.3487003590609,-50.41192631090985,0.0,902.3487003590609,0.5007,451.8059942697818,0.75105,0.0,2.5035000000000003,0.0,0.0,0.0,451.8059942697818,451.81元,0.0,902.3487003590609
2025-02-04T11:30:00,2025-02-04T11:40:00,2025-02-04,69,945.6266966730715,895.7856026328949,0.0,895.7856026328949,-49.841094040176586,0.0,895.7856026328949,0.4827,432.3957103908984,0.7240500000000001,0.0,2.4135,0.0,0.0,0.0,432.3957103908984,432.40元,0.0,895.7856026328949
2025-02-04T11:40:00,2025-02-04T11:50:00,2025-02-04,70,969.8249381116187,920.6487101072913,0.0,920.6487101072913,-49.17622800432741,0.0,920.6487101072913,0.4785,440.53040778633886,0.71775,0.0,2.3925,0.0,0.0,0.0,440.53040778633886,440.53元,0.0,920.6487101072913
2025-02-04T11:50:00,2025-02-04T12:00:00,2025-02-04,71,929.2456461426881,880.5642887474145,0.0,880.5642887474145,-48.68135739527361,0.0,880.5642887474145,0.4662,410.5190714140446,0.6993,0.0,2.331,0.0,0.0,0.0,410.5190714140446,410.52元,0.0,880.5642887474145
2025-02-04T12:00:00,2025-02-04T12:10:00,2025-02-04,72,920.6653004339802,792.9719834962274,0.0,792.9719834962274,-127.6933169377528,0.0,792.9719834962274,0.4432,351.44518308552796,0.6648,0.0,2.2159999999999997,0.0,1244.105128552004,275.6936964871241,627.1388795726521,627.14元,0.0,792.9719834962274
2025-02-04T12:10:00,2025-02-04T12:20:00,2025-02-04,73,933.5245764668925,807.9416837337161,0.0,807.9416837337161,-125.58289273317644,0.0,807.9416837337161,0.4411,356.3830766949422,0.66165,0.0,2.2055,0.0,0.0,0.0,356.3830766949422,356.38元,0.0,807.9416837337161
2025-02-04T12:20:00,2025-02-04T12:30:00,2025-02-04,74,954.5406313473762,830.4897459382668,0.0,830.4897459382668,-124.05088540910947,0.0,830.4897459382668,0.4551,377.9558833765052,0.68265,0.0,2.2755,0.0,0.0,0.0,377.9558833765052,377.96元,0.0,830.4897459382668
2025-02-04T12:30:00,2025-02-04T12:40:00,2025-02-04,75,936.9531342455165,814.2433551096518,0.0,814.2433551096518,-122.70977913586466,0.0,814.2433551096518,0.4463,363.39680938543756,0.66945,0.0,2.2315,0.0,0.0,0.0,363.39680938543756,363.40元,0.0,814.2433551096518
2025-02-04T12:40:00,2025-02-04T12:50:00,2025-02-04,76,923.9427480370533,803.0037805048216,0.0,803.0037805048216,-120.93896753223169,0.0,803.0037805048216,0.4113,330.2754549216331,0.61695,0.0,2.0564999999999998,0.0,0.0,0.0,330.2754549216331,330.28元,0.0,803.0037805048216
2025-02-04T12:50:00,2025-02-04T13:00:00,2025-02-04,77,561.4283109399403,561.4283109399403,0.0,561.4283109399403,0.0,0.0,561.4283109399403,0.5682,319.0035662760741,0.8523000000000001,0.0,2.841,0.0,0.0,0.0,319.0035662760741,319.00元,0.0,561.4283109399403
2025-02-04T13:00:00,2025-02-04T13:10:00,2025-02-04,78,249.91671871621838,220.8891719139849,0.0,220.8891719139849,-29.027546802233473,0.0,220.8891719139849,0.8279,182.8741454275881,1.24185,0.0,4.1395,0.0,0.0,0.0,182.8741454275881,182.87元,0.0,220.8891719139849
2025-02-04T13:10:00,2025-02-04T13:20:00,2025-02-04,79,240.50282794398754,0.0,0.0,0.0,-240.50282794398754,0.0,0.0,0.8636,0.0,1.2954,0.0,4.3180000000000005,0.0,0.0,0.0,0.0,0.00元,0.0,0.0
2025-02-04T13:20:00,2025-02-04T13:30:00,2025-02-04,80,245.74037568039853,216.57813452173832,0.0,216.57813452173832,-29.16224115866021,0.0,216.57813452173832,0.8416,182.272158013495,1.2624,0.0,4.208,0.0,0.0,0.0,182.272158013495,182.27元,0.0,216.57813452173832
2025-02-04T13:30:00,2025-02-04T13:40:00,2025-02-04,81,275.3747276269082,183.85759482472463,0.0,183.85759482472463,-91.5171328021836,0.0,183.85759482472463,0.8618,158.44847521994768,1.2927,0.0,4.309,0.0,0.0,0.0,158.44847521994768,158.45元,0.0,183.85759482472463
2025-02-04T13:40:00,2025-02-04T13:50:00,2025-02-04,82,271.7891672736894,0.0,0.0,0.0,-271.7891672736894,0.0,0.0,0.8623,0.0,1.29345,0.0,4.3115,0.0,0.0,0.0,0.0,0.00元,0.0,0.0
2025-02-04T13:50:00,2025-02-04T14:00:00,2025-02-04,83,276.89091963511964,0.0,0.0,0.0,-276.89091963511964,0.0,0.0,0.9026,0.0,1.3538999999999999,0.0,4.513,0.0,0.0,0.0,0.0,0.00元,0.0,0.0
2025-02-04T14:00:00,2025-02-04T14:10:00,2025-02-04,84,0.0,0.0,0.0,0.0,0.0,0.0,0.0,0.9754,0.0,1.4631,0.0,4.877000000000001,0.0,0.0,0.0,0.0,0.00元,0.0,0.0
2025-02-04T14:10:00,2025-02-04T14:20:00,2025-02-04,85,0.0,0.0,0.0,0.0,0.0,0.0,0.0,1.0002,0.0,1.5003,0.0,5.0009999999999994,0.0,0.0,0.0,0.0,0.00元,0.0,0.0
2025-02-04T14:20:00,2025-02-04T14:30:00,2025-02-04,86,0.0,0.0,0.0,0.0,0.0,0.0,0.0,0.9978,0.0,1.4967000000000001,0.0,4.989,0.0,0.0,0.0,0.0,0.00元,0.0,0.0
2025-02-04T14:30:00,2025-02-04T14:40:00,2025-02-04,87,0.0,0.0,0.0,0.0,0.0,0.0,0.0,1.0271,0.0,1.5406499999999999,0.0,5.1354999999999995,0.0,0.0,0.0,0.0,0.00元,0.0,0.0
2025-02-04T14:40:00,2025-02-04T14:50:00,2025-02-04,88,0.0,0.0,0.0,0.0,0.0,0.0,0.0,1.0906,0.0,1.6359,0.0,5.453,0.0,0.0,0.0,0.0,0.00元,0.0,0.0
2025-02-04T14:50:00,2025-02-04T15:00:00,2025-02-04,89,0.0,0.0,0.0,0.0,0.0,0.0,0.0,0.9376,0.0,1.4064,0.0,4.688,0.0,0.0,0.0,0.0,0.00元,0.0,0.0
2025-02-04T15:00:00,2025-02-04T15:10:00,2025-02-04,90,1501.4214161034674,1374.3359847238016,0.0,1374.3359847238016,-127.0854313796658,0.0,1374.3359847238016,0.6694,919.9805081741129,1.0041,0.0,3.347,0.0,0.0,0.0,919.9805081741129,919.98元,0.0,1374.3359847238016
2025-02-04T15:10:00,2025-02-04T15:20:00,2025-02-04,91,1510.4381777009141,1386.4515092494485,0.0,1386.4515092494485,-123.98666845146568,0.0,1386.4515092494485,0.66,915.057996104636,0.99,0.0,3.3000000000000003,0.0,0.0,0.0,915.057996104636,915.06元,0.0,1386.4515092494485
2025-02-04T15:20:00,2025-02-04T15:30:00,2025-02-04,92,1519.3359516297353,1398.6095285708789,0.0,1398.6095285708789,-120.72642305885643,0.0,1398.6095285708789,0.7217,1009.3764967696032,1.08255,0.0,3.6085000000000003,0.0,0.0,0.0,1009.3764967696032,1009.38元,0.0,1398.6095285708789
2025-02-04T15:30:00,2025-02-04T15:40:00,2025-02-04,93,1546.7600344008188,1429.4052045194376,0.0,1429.4052045194376,-117.35482988138119,0.0,1429.4052045194376,0.7308,1044.609323462805,1.0962,0.0,3.654,0.0,0.0,0.0,1044.609323462805,1044.61元,0.0,1429.4052045194376
2025-02-04T15:40:00,2025-02-04T15:50:00,2025-02-04,94,1400.6342074557197,1400.6342074557197,0.0,1400.6342074557197,0.0,0.0,1400.6342074557197,0.7534,1055.2378118971392,1.1300999999999999,0.0,3.767,0.0,0.0,0.0,1055.2378118971392,1055.24元,0.0,1400.6342074557197
2025-02-04T15:50:00,2025-02-04T16:00:00,2025-02-04,95,781.2347725771679,781.2347725771679,0.0,781.2347725771679,0.0,0.0,781.2347725771679,0.7823,611.1599625871185,1.1734499999999999,0.0,3.9115,0.0,0.0,0.0,611.1599625871185,611.16元,0.0,781.2347725771679
2025-02-04T16:00:00,2025-02-04T16:10:00,2025-02-04,96,887.8569577423601,870.0798478239758,0.0,870.0798478239758,-17.777109918384326,0.0,870.0798478239758,0.8055,700.8493174222125,1.20825,0.0,4.0275,0.0,0.0,0.0,700.8493174222125,700.85元,0.0,870.0798478239758
2025-02-04T16:10:00,2025-02-04T16:20:00,2025-02-04,97,879.6855808520909,861.679898548864,0.0,861.679898548864,-18.005682303226877,0.0,861.679898548864,0.8271,712.6954440897654,1.24065,0.0,4.1354999999999995,0.0,0.0,0.0,712.6954440897654,712.70元,0.0,861.679898548864
2025-02-04T16:20:00,2025-02-04T16:30:00,2025-02-04,98,903.1196086856472,857.2500775822906,0.0,857.2500775822906,-45.86953110335662,0.0,857.2500775822906,0.8519,730.2913410923534,1.27785,0.0,4.2595,0.0,0.0,0.0,730.2913410923534,730.29元,0.0,857.2500775822906
2025-02-04T16:30:00,2025-02-04T16:40:00,2025-02-04,99,943.0716814845168,900.3108551529948,0.0,900.3108551529948,-42.760826331522026,0.0,900.3108551529948,0.8791,791.4632727649978,1.3186499999999999,0.0,4.3955,0.0,0.0,0.0,791.4632727649978,791.46元,0.0,900.3108551529948
2025-02-04T16:40:00,2025-02-04T16:50:00,2025-02-04,100,965.9506240316703,926.3065871832068,0.0,926.3065871832068,-39.64403684846343,0.0,926.3065871832068,0.9024,835.8990642741259,1.3536,0.0,4.512,0.0,0.0,0.0,835.8990642741259,835.90元,0.0,926.3065871832068
2025-02-04T16:50:00,2025-02-04T17:00:00,2025-02-04,101,969.246423320006,932.5413472213735,0.0,932.5413472213735,-36.7050760986325,0.0,932.5413472213735,0.9163,854.4876364589445,1.37445,0.0,4.5815,0.0,0.0,0.0,854.4876364589445,854.49元,0.0,932.5413472213735
2025-02-04T17:00:00,2025-02-04T17:10:00,2025-02-04,102,1002.6799696244597,976.816330211042,0.0,976.816330211042,-25.863639413417673,0.0,976.816330211042,0.9264,904.9226483075093,1.3896,0.0,4.632,0.0,0.0,0.0,904.9226483075093,904.92元,0.0,976.816330211042
2025-02-04T17:10:00,2025-02-04T17:20:00,2025-02-04,103,1019.2962575660446,996.0944908133202,0.0,996.0944908133202,-23.201766752724325,0.0,996.0944908133202,0.9462,942.5046072075637,1.4193,0.0,4.731,0.0,0.0,0.0,942.5046072075637,942.50元,0.0,996.0944908133202
2025-02-04T17:20:00,2025-02-04T17:30:00,2025-02-04,104,1027.348032766002,1005.4956511638758,0.0,1005.4956511638758,-21.85238160212623,0.0,1005.4956511638758,0.9742,979.5538633638478,1.4613,0.0,4.8709999999999996,0.0,0.0,0.0,979.5538633638478,979.55元,0.0,1005.4956511638758
2025-02-04T17:30:00,2025-02-04T17:40:00,2025-02-04,105,1048.0745528500654,1026.8208286681822,0.0,1026.8208286681822,-21.25372418188317,0.0,1026.8208286681822,0.9862,1012.6507012325612,1.4792999999999998,0.0,4.931,0.0,0.0,0.0,1012.6507012325612,1012.65元,0.0,1026.8208286681822
2025-02-04T17:40:00,2025-02-04T17:50:00,2025-02-04,106,1091.1159040413252,1070.411472521219,0.0,1070.411472521219,-20.704431520106255,0.0,1070.411472521219,0.976,1044.7215971807095,1.464,0.0,4.88,0.0,0.0,0.0,1044.7215971807095,1044.72元,0.0,1070.411472521219
2025-02-04T17:50:00,2025-02-04T18:00:00,2025-02-04,107,961.699168293921,941.5940066545361,0.0,941.5940066545361,-20.10516163938496,0.0,941.5940066545361,1.0742,1011.4602819483027,1.6113,0.0,5.371,0.0,0.0,0.0,1011.4602819483027,1011.46元,0.0,941.5940066545361
2025-02-04T18:00:00,2025-02-04T18:10:00,2025-02-04,108,738.0967734140929,718.5424031904793,2.3246468095208,720.8670500000001,-17.22972341409286,0.0,720.8670500000001,1.2313,884.7412610484372,1.84695,4.293506424844442,6.1565,0.0,0.0,0.0,889.0347674732816,889.03元,0.0,720.8670500000001
2025-02-04T18:10:00,2025-02-04T18:20:00,2025-02-04,109,712.460631877927,693.439597312919,2.260717921716264,695.7003152346352,-16.76031664329173,0.0,695.7003152346352,1.2561,871.0294781847575,1.88415,4.259531672201699,6.2805,0.0,0.0,0.0,875.2890098569593,875.29元,0.0,695.7003152346352
2025-02-04T18:20:00,2025-02-04T18:30:00,2025-02-04,110,736.1071952661782,717.6095535946424,2.1990216613301072,719.8085752559725,-16.298620010205696,0.0,719.8085752559725,1.2447,893.2086113592513,1.8670499999999999,4.105683392786377,6.2235,0.0,0.0,0.0,897.3142947520378,897.31元,0.0,719.8085752559725
2025-02-04T18:30:00,2025-02-04T18:40:00,2025-02-04,111,716.3482546135543,698.3573655077247,2.1387783130854814,700.4961438208102,-15.852110792744156,0.0,700.4961438208102,1.2545,876.0893150294406,1.8817499999999998,4.024646090648605,6.2725,0.0,0.0,0.0,880.1139611200891,880.11元,0.0,700.4961438208102
2025-02-04T18:40:00,2025-02-04T18:50:00,2025-02-04,112,713.773927580251,696.2757384441235,2.0801678531306607,698.3559062972541,-15.418021282996847,0.0,698.3559062972541,1.2522,871.8764796797313,1.8782999999999999,3.90717927853532,6.261,0.0,0.0,0.0,875.7836589582668,875.78元,0.0,698.3559062972541
2025-02-04T18:50:00,2025-02-04T19:00:00,2025-02-04,113,49.5011667771638,31.55436768880736,69.62332786117918,101.17769554998654,51.676528772822735,0.0,101.17769554998654,1.2881,40.64518101995276,1.93215,134.52271292697736,6.4405,0.0,0.0,0.0,175.16789394693012,175.17元,0.0,101.17769554998654
2025-02-04T19:00:00,2025-02-04T19:10:00,2025-02-04,114,28.2154355458905,10.541245680136853,17.857444307605874,28.398689987742728,0.1832544418522275,0.0,28.398689987742728,1.3466,14.194841432872288,2.0199,36.070251756933104,6.7330000000000005,0.0,0.0,0.0,50.26509318980539,50.27元,0.0,28.398689987742728
2025-02-04T19:10:00,2025-02-04T19:20:00,2025-02-04,115,13.23715153164494,0.0,6.857955005025701,6.857955005025701,-6.379196526619239,0.0,6.857955005025701,1.3523,0.0,2.0284500000000003,13.911018829944384,6.7615,0.0,0.0,0.0,13.911018829944384,13.91元,0.0,6.857955005025701
2025-02-04T19:20:00,2025-02-04T19:30:00,2025-02-04,116,29.47755087787732,17.75660523391514,6.856445545818474,24.613050779733612,-4.864500098143708,0.0,24.613050779733612,1.3445,23.873755736998906,2.01675,13.827736554529407,6.7225,0.0,0.0,0.0,37.70149229152831,37.70元,0.0,24.613050779733612
2025-02-04T19:30:00,2025-02-04T19:40:00,2025-02-04,117,24.70956996810287,16.255063112559583,3.4195628137433687,19.67462592630295,-5.034944041799918,0.0,19.67462592630295,1.3483,21.916701594664087,2.02245,6.915894812655276,6.7415,0.0,0.0,0.0,28.83259640731936,28.83元,0.0,19.67462592630295
2025-02-04T19:40:00,2025-02-04T19:50:00,2025-02-04,118,27.29369571497034,15.242590558241886,5.874265050665485,21.116855608907372,-6.1768401060629685,0.0,21.116855608907372,1.349,20.562254663068305,2.0235,11.886575330021609,6.745,0.0,0.0,0.0,32.448829993089916,32.45元,0.0,21.116855608907372
2025-02-04T19:50:00,2025-02-04T20:00:00,2025-02-04,119,31.959856247908647,19.844197594449156,3.9019018974809114,23.746099491930067,-8.21375675597858,0.0,23.746099491930067,1.3473,26.736087419001347,2.02095,7.885548639714048,6.7364999999999995,0.0,0.0,0.0,34.621636058715396,34.62元,0.0,23.746099491930067
2025-02-04T20:00:00,2025-02-04T20:10:00,2025-02-04,120,40.90104721404714,26.88972869027623,8.886524076003298,35.776252766279526,-5.124794447767613,0.0,35.776252766279526,1.3482,36.25273222023041,2.0223,17.971217638901468,6.7410000000000005,0.0,0.0,0.0,54.223949859131885,54.22元,0.0,35.776252766279526
2025-02-04T20:10:00,2025-02-04T20:20:00,2025-02-04,121,28.42356173609437,18.156814088938404,0.0,18.156814088938404,-10.266747647155967,0.0,18.156814088938404,1.3513,24.535302878382463,2.02695,0.0,6.7565,0.0,0.0,0.0,24.535302878382463,24.54元,0.0,18.156814088938404
2025-02-04T20:20:00,2025-02-04T20:30:00,2025-02-04,122,56.384026459676306,54.93802762901066,0.0,54.93802762901066,-1.4459988306656442,0.0,54.93802762901066,1.34,73.61695702287429,2.0100000000000002,0.0,6.7,0.0,0.0,0.0,73.61695702287429,73.62元,0.0,54.93802762901066
2025-02-04T20:30:00,2025-02-04T20:40:00,2025-02-04,123,64.05429098104526,49.82628281482812,0.0,49.82628281482812,-14.228008166217137,0.0,49.82628281482812,1.3489,67.21067288892165,2.0233499999999998,0.0,6.7445,0.0,0.0,0.0,67.21067288892165,67.21元,0.0,49.82628281482812
2025-02-04T20:40:00,2025-02-04T20:50:00,2025-02-04,124,51.57789243832883,41.65346111673966,0.11696129305209979,41.77042240979176,-9.807470028537068,0.0,41.77042240979176,1.3952,58.114908950075176,2.0928,0.24477659409943445,6.976,0.0,0.0,0.0,58.35968554417461,58.36元,0.0,41.77042240979176
2025-02-04T20:50:00,2025-02-04T21:00:00,2025-02-04,125,720.9151536822483,708.720756729483,0.0,708.720756729483,-12.19439695276526,0.0,708.720756729483,1.2226,866.4819971774658,1.8338999999999999,0.0,6.1129999999999995,0.0,0.0,0.0,866.4819971774658,866.48元,0.0,708.720756729483
2025-02-04T21:00:00,2025-02-04T21:10:00,2025-02-04,126,754.996980261223,739.8593350083128,0.0,739.8593350083128,-15.13764525291026,0.0,739.8593350083128,0.9332,690.4367314297575,1.3998,0.0,4.666,0.0,0.0,0.0,690.4367314297575,690.44元,0.0,739.8593350083128
2025-02-04T21:10:00,2025-02-04T21:20:00,2025-02-04,127,743.0120659850644,731.4766607199882,1.3713427095497082,732.8480034295379,-10.16406255552647,0.0,732.8480034295379,0.9068,663.3030359408854,1.3602,1.8653003535295132,4.534000000000001,0.0,0.0,0.0,665.1683362944149,665.17元,0.0,732.8480034295379
2025-02-04T21:20:00,2025-02-04T21:30:00,2025-02-04,128,726.4712533202189,715.2518665140544,1.3337740589688565,716.5856405730233,-9.885612747195637,0.0,716.5856405730233,0.9371,670.2625241103204,1.40565,1.8748195059895731,4.6855,0.0,0.0,0.0,672.13734361631,672.14元,0.0,716.5856405730233
2025-02-04T21:30:00,2025-02-04T21:40:00,2025-02-04,129,719.668001517796,708.7559756796203,1.297234621214784,710.0532103008351,-9.614791216960953,0.0,710.0532103008351,0.9371,664.1752248093723,1.40565,1.8234578453105612,4.6855,0.0,0.0,0.0,665.9986826546827,666.00元,0.0,710.0532103008351
2025-02-04T21:40:00,2025-02-04T21:50:00,2025-02-04,130,667.2653434517256,646.7413384987229,27.094156342715678,673.8354948414386,6.570151389713033,0.0,673.8354948414386,0.9871,638.3983752320894,1.48065,40.116962588841965,4.9355,0.0,0.0,0.0,678.5153378209313,678.52元,0.0,673.8354948414386
2025-02-04T21:50:00,2025-02-04T22:00:00,2025-02-04,131,727.3635475439155,679.650731303912,65.49647097443687,745.1472022783489,17.783654734433412,0.0,745.1472022783489,0.7764,527.6808277843573,1.1646,76.27719009682919,3.8819999999999997,0.0,0.0,0.0,603.9580178811864,603.96元,0.0,745.1472022783489
2025-02-04T22:00:00,2025-02-04T22:10:00,2025-02-04,132,1389.4449396288762,1379.4053912041718,0.0,1379.4053912041718,-10.039548424704435,0.0,1379.4053912041718,0.4209,580.5917291578359,0.63135,0.0,2.1045,0.0,0.0,0.0,580.5917291578359,580.59元,0.0,1379.4053912041718
2025-02-04T22:10:00,2025-02-04T22:20:00,2025-02-04,133,1368.2451158701654,1358.4806061240715,0.0,1358.4806061240715,-9.764509746093836,0.0,1358.4806061240715,0.3859,524.2376659032792,0.5788500000000001,0.0,1.9295,0.0,0.0,0.0,524.2376659032792,524.24元,0.0,1358.4806061240715
2025-02-04T22:20:00,2025-02-04T22:30:00,2025-02-04,134,539.3960082274897,539.3960082274897,0.0,539.3960082274897,0.0,0.0,539.3960082274897,0.4368,235.6081763937675,0.6552,0.0,2.184,0.0,0.0,0.0,235.6081763937675,235.61元,0.0,539.3960082274897
2025-02-04T22:30:00,2025-02-04T22:40:00,2025-02-04,135,1364.104388564392,1354.8675581108419,0.0,1354.8675581108419,-9.236830453550056,0.0,1354.8675581108419,0.4198,568.7734008949315,0.6297,0.0,2.099,0.0,0.0,0.0,568.7734008949315,568.77元,0.0,1354.8675581108419
2025-02-04T22:40:00,2025-02-04T22:50:00,2025-02-04,136,1404.358610040414,1395.3748273869269,0.0,1395.3748273869269,-8.983782653487197,0.0,1395.3748273869269,0.4186,584.1039027441676,0.6279,0.0,2.093,0.0,0.0,0.0,584.1039027441676,584.10元,0.0,1395.3748273869269
2025-02-04T22:50:00,2025-02-04T23:00:00,2025-02-04,137,1426.5431321212532,1417.805464891031,0.0,1417.805464891031,-8.737667230222087,0.0,1417.805464891031,0.4241,601.2912976602862,0.63615,0.0,2.1205,0.0,0.0,0.0,601.2912976602862,601.29元,31.693631567697814,1386.1118333233333
2025-02-04T23:00:00,2025-02-04T23:10:00,2025-02-04,138,1414.2664639219688,1405.7681696543023,0.0,1405.7681696543023,-8.498294267666552,0.0,1405.7681696543023,0.4237,595.6239734825278,0.6355500000000001,0.0,2.1185,0.0,0.0,0.0,595.6239734825278,595.62元,17.733169664302288,1388.03499999
2025-02-04T23:10:00,2025-02-04T23:20:00,2025-02-04,139,940.5418888751784,940.5418888751784,0.0,940.5418888751784,0.0,0.0,940.5418888751784,0.4248,399.5421943941758,0.6372,0.0,2.124,0.0,0.0,0.0,399.5421943941758,399.54元,0.0,940.5418888751784
2025-02-04T23:20:00,2025-02-04T23:30:00,2025-02-04,140,1426.1338456141305,1418.094803682075,0.0,1418.094803682075,-8.039041932055397,0.0,1418.094803682075,0.424,601.2721967611998,0.636,0.0,2.12,0.0,0.0,0.0,601.2721967611998,601.27元,40.42848702540845,1377.6663166566666
2025-02-04T23:30:00,2025-02-04T23:40:00,2025-02-04,141,1429.0369187343272,1421.218110559484,0.0,1421.218110559484,-7.8188081748430704,0.0,1421.218110559484,0.422,599.7540426561022,0.633,0.0,2.11,0.0,0.0,0.0,599.7540426561022,599.75元,42.31311056948413,1378.90499999
2025-02-04T23:40:00,2025-02-04T23:50:00,2025-02-04,142,1438.652238049827,1431.0476302132606,0.0,1431.0476302132606,-7.604607836566402,0.0,1431.0476302132606,0.424,606.7641952104225,0.636,0.0,2.12,0.0,0.0,0.0,606.7641952104225,606.76元,40.99784688992735,1390.0497833233333
2025-02-04T23:50:00,2025-02-05T00:00:00,2025-02-04,143,610.147499394775,610.147499394775,0.0,610.147499394775,0.0,0.0,610.147499394775,0.4271,260.5939969915084,0.6406499999999999,0.0,2.1355,0.0,0.0,0.0,260.5939969915084,260.59元,0.0,610.147499394775
2025-02-05T00:00:00,2025-02-05T00:10:00,2025-02-04,144,569.5260333333332,569.5260333333332,0.0,569.5260333333332,0.0,0.0,569.5260333333332,0.4276,243.52933185333328,0.6414,0.0,2.138,0.0,0.0,0.0,243.52933185333328,243.53元,0.0,569.5260333333332
2025-02-05T00:10:00,2025-02-05T00:20:00,2025-02-05,1,1200.7402864874025,1200.7402864874025,0.0,1200.7402864874025,0.0,0.0,1200.7402864874025,0.4248,510.07447369984857,0.6372,0.0,2.124,0.0,0.0,0.0,510.07447369984857,510.07元,0.0,1200.7402864874025
2025-02-05T00:20:00,2025-02-05T00:30:00,2025-02-05,2,1399.9403397681767,1399.9403397681767,0.0,1399.9403397681767,0.0,0.0,1399.9403397681767,0.4245,594.274674231591,0.6367499999999999,0.0,2.1225,0.0,0.0,0.0,594.274674231591,594.27元,0.0,1399.9403397681767
2025-02-05T00:30:00,2025-02-05T00:40:00,2025-02-05,3,594.9685547488103,594.9685547488103,0.0,594.9685547488103,0.0,0.0,594.9685547488103,0.4269,253.99207602226713,0.64035,0.0,2.1345,0.0,0.0,0.0,253.99207602226713,253.99元,0.0,594.9685547488103
2025-02-05T00:40:00,2025-02-05T00:50:00,2025-02-05,4,578.4027018177557,578.4027018177557,0.0,578.4027018177557,0.0,0.0,578.4027018177557,0.4272,247.09363421654524,0.6408,0.0,2.136,0.0,0.0,0.0,247.09363421654524,247.09元,0.0,578.4027018177557
2025-02-05T00:50:00,2025-02-05T01:00:00,2025-02-05,5,578.2570853773963,578.2570853773963,0.0,578.2570853773963,0.0,0.0,578.2570853773963,0.4271,246.97360116468593,0.6406499999999999,0.0,2.1355,0.0,0.0,0.0,246.97360116468593,246.97元,0.0,578.2570853773963
2025-02-05T01:00:00,2025-02-05T01:10:00,2025-02-05,6,603.276760863515,603.276760863515,0.0,603.276760863515,0.0,0.0,603.276760863515,0.4285,258.5040920300162,0.6427499999999999,0.0,2.1425,0.0,0.0,0.0,258.5040920300162,258.50元,0.0,603.276760863515
2025-02-05T01:10:00,2025-02-05T01:20:00,2025-02-05,7,600.7040676964051,600.7040676964051,0.0,600.7040676964051,0.0,0.0,600.7040676964051,0.4311,258.9635235839202,0.64665,0.0,2.1555,0.0,0.0,0.0,258.9635235839202,258.96元,0.0,600.7040676964051
2025-02-05T01:20:00,2025-02-05T01:30:00,2025-02-05,8,602.7409088862894,602.7409088862894,0.0,602.7409088862894,0.0,0.0,602.7409088862894,0.4302,259.2991390028817,0.6453,0.0,2.1510000000000002,0.0,0.0,0.0,259.2991390028817,259.30元,0.0,602.7409088862894
2025-02-05T01:30:00,2025-02-05T01:40:00,2025-02-05,9,614.7484481267193,614.7484481267193,0.0,614.7484481267193,0.0,0.0,614.7484481267193,0.4279,263.0508609534232,0.64185,0.0,2.1395,0.0,0.0,0.0,263.0508609534232,263.05元,0.0,614.7484481267193
2025-02-05T01:40:00,2025-02-05T01:50:00,2025-02-05,10,606.2329943762851,606.2329943762851,0.0,606.2329943762851,0.0,0.0,606.2329943762851,0.4312,261.40766717505414,0.6468,0.0,2.156,0.0,0.0,0.0,261.40766717505414,261.41元,0.0,606.2329943762851
2025-02-05T01:50:00,2025-02-05T02:00:00,2025-02-05,11,598.38329059562,598.38329059562,0.0,598.38329059562,0.0,0.0,598.38329059562,0.4333,259.27947981508214,0.64995,0.0,2.1665,0.0,0.0,0.0,259.27947981508214,259.28元,0.0,598.38329059562
2025-02-05T02:00:00,2025-02-05T02:10:00,2025-02-05,12,605.7898999733471,605.7898999733471,0.0,605.7898999733471,0.0,0.0,605.7898999733471,0.4311,261.1560258785099,0.64665,0.0,2.1555,0.0,0.0,0.0,261.1560258785099,261.16元,0.0,605.7898999733471
2025-02-05T02:10:00,2025-02-05T02:20:00,2025-02-05,13,622.3024479746036,622.3024479746036,0.0,622.3024479746036,0.0,0.0,622.3024479746036,0.4293,267.15444091549733,0.64395,0.0,2.1465,0.0,0.0,0.0,267.15444091549733,267.15元,0.0,622.3024479746036
2025-02-05T02:20:00,2025-02-05T02:30:00,2025-02-05,14,638.8985502124369,638.8985502124369,0.0,638.8985502124369,0.0,0.0,638.8985502124369,0.4324,276.2597331118577,0.6486000000000001,0.0,2.162,0.0,0.0,0.0,276.2597331118577,276.26元,0.0,638.8985502124369
2025-02-05T02:30:00,2025-02-05T02:40:00,2025-02-05,15,642.9324878090256,642.9324878090256,0.0,642.9324878090256,0.0,0.0,642.9324878090256,0.4367,280.76861742620144,0.6550499999999999,0.0,2.1835,0.0,0.0,0.0,280.76861742620144,280.77元,0.0,642.9324878090256
2025-02-05T02:40:00,2025-02-05T02:50:00,2025-02-05,16,630.1342402470059,630.1342402470059,0.0,630.1342402470059,0.0,0.0,630.1342402470059,0.4348,273.98236765939816,0.6522,0.0,2.174,0.0,0.0,0.0,273.98236765939816,273.98元,0.0,630.1342402470059
2025-02-05T02:50:00,2025-02-05T03:00:00,2025-02-05,17,639.5575432111725,639.5575432111725,0.0,639.5575432111725,0.0,0.0,639.5575432111725,0.4335,277.2481949820433,0.65025,0.0,2.1675,0.0,0.0,0.0,277.2481949820433,277.25元,0.0,639.5575432111725
2025-02-05T03:00:00,2025-02-05T03:10:00,2025-02-05,18,660.0970972541511,660.0970972541511,0.0,660.0970972541511,0.0,0.0,660.0970972541511,0.4357,287.6043052736336,0.65355,0.0,2.1784999999999997,0.0,0.0,0.0,287.6043052736336,287.60元,0.0,660.0970972541511
2025-02-05T03:10:00,2025-02-05T03:20:00,2025-02-05,19,644.827876452968,644.827876452968,0.0,644.827876452968,0.0,0.0,644.827876452968,0.4374,282.0477131605282,0.6561,0.0,2.1870000000000003,0.0,0.0,0.0,282.0477131605282,282.05元,0.0,644.827876452968
2025-02-05T03:20:00,2025-02-05T03:30:00,2025-02-05,20,644.3893637234295,644.3893637234295,0.0,644.3893637234295,0.0,0.0,644.3893637234295,0.4371,281.66259088351103,0.65565,0.0,2.1854999999999998,0.0,0.0,0.0,281.66259088351103,281.66元,0.0,644.3893637234295
2025-02-05T03:30:00,2025-02-05T03:40:00,2025-02-05,21,660.4556302925561,660.4556302925561,0.0,660.4556302925561,0.0,0.0,660.4556302925561,0.4356,287.6944725554374,0.6534,0.0,2.178,0.0,0.0,0.0,287.6944725554374,287.69元,0.0,660.4556302925561
2025-02-05T03:40:00,2025-02-05T03:50:00,2025-02-05,22,645.8208934959738,645.8208934959738,0.0,645.8208934959738,0.0,0.0,645.8208934959738,0.4353,281.1258349387974,0.65295,0.0,2.1765,0.0,0.0,0.0,281.1258349387974,281.13元,0.0,645.8208934959738
2025-02-05T03:50:00,2025-02-05T04:00:00,2025-02-05,23,650.8480295671566,650.8480295671566,0.0,650.8480295671566,0.0,0.0,650.8480295671566,0.436,283.76974089128026,0.654,0.0,2.18,0.0,0.0,0.0,283.76974089128026,283.77元,0.0,650.8480295671566
2025-02-05T04:00:00,2025-02-05T04:10:00,2025-02-05,24,682.3938339187473,682.3938339187473,0.0,682.3938339187473,0.0,0.0,682.3938339187473,0.4378,298.75202048962757,0.6567000000000001,0.0,2.189,0.0,0.0,0.0,298.75202048962757,298.75元,0.0,682.3938339187473
2025-02-05T04:10:00,2025-02-05T04:20:00,2025-02-05,25,692.1420247495032,692.1420247495032,0.0,692.1420247495032,0.0,0.0,692.1420247495032,0.4401,304.61170509225633,0.66015,0.0,2.2005,0.0,0.0,0.0,304.61170509225633,304.61元,0.0,692.1420247495032
2025-02-05T04:20:00,2025-02-05T04:30:00,2025-02-05,26,685.7721591437463,685.7721591437463,0.0,685.7721591437463,0.0,0.0,685.7721591437463,0.4389,300.98540064819025,0.65835,0.0,2.1945,0.0,0.0,0.0,300.98540064819025,300.99元,0.0,685.7721591437463
2025-02-05T04:30:00,2025-02-05T04:40:00,2025-02-05,27,679.6017891635227,679.6017891635227,0.0,679.6017891635227,0.0,0.0,679.6017891635227,0.4364,296.57822079096127,0.6546000000000001,0.0,2.182,0.0,0.0,0.0,296.57822079096127,296.58元,0.0,679.6017891635227
2025-02-05T04:40:00,2025-02-05T04:50:00,2025-02-05,28,681.7620429336732,681.7620429336732,0.0,681.7620429336732,0.0,0.0,681.7620429336732,0.4393,299.4980654607627,0.65895,0.0,2.1965000000000003,0.0,0.0,0.0,299.4980654607627,299.50元,0.0,681.7620429336732
2025-02-05T04:50:00,2025-02-05T05:00:00,2025-02-05,29,682.6905257532543,682.6905257532543,0.0,682.6905257532543,0.0,0.0,682.6905257532543,0.4422,301.88575048808906,0.6633,0.0,2.211,0.0,0.0,0.0,301.88575048808906,301.89元,0.0,682.6905257532543
2025-02-05T05:00:00,2025-02-05T05:10:00,2025-02-05,30,681.828811000755,681.828811000755,0.0,681.828811000755,0.0,0.0,681.828811000755,0.4395,299.6637624348318,0.65925,0.0,2.1975,0.0,0.0,0.0,299.6637624348318,299.66元,0.0,681.828811000755
2025-02-05T05:10:00,2025-02-05T05:20:00,2025-02-05,31,690.3393423648705,690.3393423648705,0.0,690.3393423648705,0.0,0.0,690.3393423648705,0.4333,299.1240370466984,0.64995,0.0,2.1665,0.0,0.0,0.0,299.1240370466984,299.12元,0.0,690.3393423648705
2025-02-05T05:20:00,2025-02-05T05:30:00,2025-02-05,32,711.3646274922987,711.3646274922987,0.0,711.3646274922987,0.0,0.0,711.3646274922987,0.4439,315.77475814383143,0.66585,0.0,2.2195,0.0,0.0,0.0,315.77475814383143,315.77元,0.0,711.3646274922987
2025-02-05T05:30:00,2025-02-05T05:40:00,2025-02-05,33,715.0736762645864,715.0736762645864,0.0,715.0736762645864,0.0,0.0,715.0736762645864,0.4301,307.5531881613986,0.64515,0.0,2.1505,0.0,0.0,0.0,307.5531881613986,307.55元,0.0,715.0736762645864
2025-02-05T05:40:00,2025-02-05T05:50:00,2025-02-05,34,1517.7870193616263,1517.7870193616263,0.0,1517.7870193616263,0.0,0.0,1517.7870193616263,0.3713,563.5543202889719,0.5569500000000001,0.0,1.8565,0.0,0.0,0.0,563.5543202889719,563.55元,64.26726522969726,1453.5197541319292
2025-02-05T05:50:00,2025-02-05T06:00:00,2025-02-05,35,766.2853749237512,766.2853749237512,0.0,766.2853749237512,0.0,0.0,766.2853749237512,0.5708,437.39569200647713,0.8562,0.0,2.854,0.0,0.0,0.0,437.39569200647713,437.40元,28.192508248984286,738.0928666747669
2025-02-05T06:00:00,2025-02-05T06:10:00,2025-02-05,36,171.5026076012458,171.5026076012458,0.0,171.5026076012458,0.0,0.0,171.5026076012458,0.9099,156.05022265637356,1.3648500000000001,0.0,4.5495,0.0,104.48050832425884,47.53340726212156,203.58362991849512,203.58元,0.0,171.5026076012458
2025-02-05T06:10:00,2025-02-05T06:20:00,2025-02-05,37,134.97103146951542,134.97103146951542,0.0,134.97103146951542,0.0,6.848485207151149,141.81951667666658,0.9368,126.44086228064205,1.4052,0.0,4.684,32.078304710295974,0.0,0.0,158.519166990938,158.52元,0.0,141.81951667666658
2025-02-05T06:20:00,2025-02-05T06:30:00,2025-02-05,38,697.3834750670721,697.3834750670721,0.0,697.3834750670721,0.0,0.0,697.3834750670721,0.8758,610.7684474637418,1.3137,0.0,4.3790000000000004,0.0,0.0,0.0,610.7684474637418,610.77元,0.0,697.3834750670721
2025-02-05T06:30:00,2025-02-05T06:40:00,2025-02-05,39,138.9003681386863,138.9003681386863,0.0,138.9003681386863,0.0,0.0,138.9003681386863,0.8759,121.66283245267533,1.31385,0.0,4.3795,0.0,0.0,0.0,121.66283245267533,121.66元,0.0,138.9003681386863
2025-02-05T06:40:00,2025-02-05T06:50:00,2025-02-05,40,872.417451181352,872.417451181352,0.0,872.417451181352,0.0,0.0,872.417451181352,0.8601,750.3662497610809,1.29015,0.0,4.3004999999999995,0.0,0.0,0.0,750.3662497610809,750.37元,0.0,872.417451181352
2025-02-05T06:50:00,2025-02-05T07:00:00,2025-02-05,41,864.7158874840657,864.7158874840657,0.0,864.7158874840657,0.0,0.0,864.7158874840657,0.8442,729.9931522140482,1.2663,0.0,4.221,0.0,0.0,0.0,729.9931522140482,729.99元,0.0,864.7158874840657
2025-02-05T07:00:00,2025-02-05T07:10:00,2025-02-05,42,625.7576625584386,625.7576625584386,0.0,625.7576625584386,0.0,0.0,625.7576625584386,0.8334,521.5064359762027,1.2501,0.0,4.167,0.0,0.0,0.0,521.5064359762027,521.51元,0.0,625.7576625584386
2025-02-05T07:10:00,2025-02-05T07:20:00,2025-02-05,43,592.9976978900208,592.9976978900208,0.8444958462122258,593.8421937362331,0.8444958462122258,0.0,593.8421937362331,0.8092,479.85373713260486,1.2138,1.0250490581323997,4.046,0.0,0.0,0.0,480.87878619073723,480.88元,0.0,593.8421937362331
2025-02-05T07:20:00,2025-02-05T07:30:00,2025-02-05,44,603.6666212600344,603.6666212600344,1.968300345860257,605.6349216058946,1.968300345860257,0.0,605.6349216058946,0.7972,481.24303046849946,1.1958,2.3536935535796952,3.986,0.0,0.0,0.0,483.59672402207906,483.60元,0.0,605.6349216058946
2025-02-05T07:30:00,2025-02-05T07:40:00,2025-02-05,45,601.6735478281299,601.6735478281299,3.1142587426122645,604.7878065707422,3.1142587426122645,0.0,604.7878065707422,0.7644,459.9192599598225,1.1465999999999998,3.5708090742792225,3.822,0.0,0.0,0.0,463.49006903410174,463.49元,0.0,604.7878065707422
2025-02-05T07:40:00,2025-02-05T07:50:00,2025-02-05,46,1367.7472988654172,1367.7472988654172,0.0,1367.7472988654172,0.0,0.0,1367.7472988654172,0.6899,943.6088614872513,1.03485,0.0,3.4494999999999996,0.0,0.0,0.0,943.6088614872513,943.61元,0.0,1367.7472988654172
2025-02-05T07:50:00,2025-02-05T08:00:00,2025-02-05,47,644.8945778601118,644.8945778601118,0.0,644.8945778601118,0.0,0.0,644.8945778601118,0.86,554.6093369596962,1.29,0.0,4.3,0.0,0.0,0.0,554.6093369596962,554.61元,0.0,644.8945778601118
2025-02-05T08:00:00,2025-02-05T08:10:00,2025-02-05,48,217.573552850508,217.573552850508,0.0,217.573552850508,0.0,0.0,217.573552850508,1.1617,252.75519634643516,1.74255,0.0,5.8084999999999996,0.0,0.0,0.0,252.75519634643516,252.76元,0.0,217.573552850508
2025-02-05T08:10:00,2025-02-05T08:20:00,2025-02-05,49,170.80377220908565,170.80377220908565,0.0,170.80377220908565,0.0,0.0,170.80377220908565,1.1683,199.55004707187476,1.7524499999999998,0.0,5.8415,0.0,0.0,0.0,199.55004707187476,199.55元,0.0,170.80377220908565
2025-02-05T08:20:00,2025-02-05T08:30:00,2025-02-05,50,67.75999016417563,67.75999016417563,0.0,67.75999016417563,0.0,0.0,67.75999016417563,1.0956,74.23784522387082,1.6433999999999997,0.0,5.478,0.0,0.0,0.0,74.23784522387082,74.24元,0.0,67.75999016417563
2025-02-05T08:30:00,2025-02-05T08:40:00,2025-02-05,51,16.235979638948834,16.235979638948834,0.0,16.235979638948834,0.0,0.0,16.235979638948834,1.0849,17.61441431029559,1.6273499999999999,0.0,5.4245,0.0,0.0,0.0,17.61441431029559,17.61元,0.0,16.235979638948834
2025-02-05T08:40:00,2025-02-05T08:50:00,2025-02-05,52,0.0,0.0,0.0,0.0,0.0,0.0,0.0,1.061,0.0,1.5915,0.0,5.305,0.0,0.0,0.0,0.0,0.00元,0.0,0.0
2025-02-05T08:50:00,2025-02-05T09:00:00,2025-02-05,53,0.0,0.0,0.0,0.0,0.0,0.0,0.0,1.043,0.0,1.5644999999999998,0.0,5.215,0.0,0.0,0.0,0.0,0.00元,0.0,0.0
2025-02-05T09:00:00,2025-02-05T09:10:00,2025-02-05,54,0.0,0.0,0.0,0.0,0.0,0.0,0.0,1.036,0.0,1.554,0.0,5.18,0.0,0.0,0.0,0.0,0.00元,0.0,0.0
2025-02-05T09:10:00,2025-02-05T09:20:00,2025-02-05,55,0.0,0.0,0.0,0.0,0.0,0.0,0.0,1.0147,0.0,1.52205,0.0,5.073499999999999,0.0,0.0,0.0,0.0,0.00元,0.0,0.0
2025-02-05T09:20:00,2025-02-05T09:30:00,2025-02-05,56,0.0,0.0,0.0,0.0,0.0,0.0,0.0,0.9922,0.0,1.4883,0.0,4.961,0.0,0.0,0.0,0.0,0.00元,0.0,0.0
2025-02-05T09:30:00,2025-02-05T09:40:00,2025-02-05,57,0.0,0.0,0.0,0.0,0.0,0.0,0.0,0.97,0.0,1.455,0.0,4.85,0.0,0.0,0.0,0.0,0.00元,0.0,0.0
2025-02-05T09:40:00,2025-02-05T09:50:00,2025-02-05,58,0.0,0.0,0.0,0.0,0.0,0.0,0.0,0.9422,0.0,1.4133,0.0,4.711,0.0,0.0,0.0,0.0,0.00元,0.0,0.0
2025-02-05T09:50:00,2025-02-05T10:00:00,2025-02-05,59,0.0,0.0,0.0,0.0,0.0,258.1611730278722,258.1611730278722,0.9569,0.0,1.43535,0.0,4.7844999999999995,1235.1721323518548,0.0,0.0,1235.1721323518548,1235.17元,0.0,258.1611730278722
2025-02-05T10:00:00,2025-02-05T10:10:00,2025-02-05,60,0.0,0.0,0.0,0.0,0.0,292.26000000000005,292.26000000000005,0.9977,0.0,1.49655,0.0,4.9885,1457.9390100000003,0.0,0.0,1457.9390100000003,1457.94元,0.0,292.26000000000005
2025-02-05T10:10:00,2025-02-05T10:20:00,2025-02-05,61,0.0,0.0,0.0,0.0,0.0,287.86746666666664,287.86746666666664,0.9919,0.0,1.48785,0.0,4.9595,1427.6787009333332,0.0,0.0,1427.6787009333332,1427.68元,0.0,287.86746666666664
2025-02-05T10:20:00,2025-02-05T10:30:00,2025-02-05,62,0.0,0.0,0.0,0.0,0.0,286.15635000000015,286.15635000000015,0.9588,0.0,1.4382,0.0,4.794,1371.8335419000007,0.0,0.0,1371.8335419000007,1371.83元,0.0,286.15635000000015
2025-02-05T10:30:00,2025-02-05T10:40:00,2025-02-05,63,0.0,0.0,0.0,0.0,0.0,239.08083333333326,239.08083333333326,0.9549,0.0,1.43235,0.0,4.7745,1141.4914387499996,0.0,0.0,1141.4914387499996,1141.49元,0.0,239.08083333333326
2025-02-05T10:40:00,2025-02-05T10:50:00,2025-02-05,64,0.0,0.0,0.0,0.0,0.0,178.2589666666667,178.2589666666667,0.9839,0.0,1.4758499999999999,0.0,4.9195,876.944986516667,0.0,0.0,876.944986516667,876.94元,0.0,178.2589666666667
2025-02-05T10:50:00,2025-02-05T11:00:00,2025-02-05,65,20.333475403511315,20.333475403511315,156.46846587754794,176.80194128105927,156.46846587754794,0.0,176.80194128105927,0.799,16.24644684740554,1.1985000000000001,187.52745635424122,3.995,0.0,0.0,0.0,203.77390320164676,203.77元,0.0,176.80194128105927
2025-02-05T11:00:00,2025-02-05T11:10:00,2025-02-05,66,918.3553891410126,918.3553891410126,85.05029554499549,1003.405684686008,85.05029554499549,0.0,1003.405684686008,0.5025,461.47358304335876,0.7537499999999999,64.10666026704034,2.5124999999999997,0.0,0.0,0.0,525.5802433103992,525.58元,0.0,1003.405684686008
2025-02-05T11:10:00,2025-02-05T11:20:00,2025-02-05,67,911.4126823273956,911.4126823273956,85.39740276636553,996.8100850937611,85.39740276636553,0.0,996.8100850937611,0.4662,424.90059250103184,0.6993,59.718403754519414,2.331,0.0,0.0,0.0,484.6189962555512,484.62元,0.0,996.8100850937611
2025-02-05T11:20:00,2025-02-05T11:30:00,2025-02-05,68,890.3989723731253,890.3989723731253,85.66844326908313,976.0674156422084,85.66844326908313,0.0,976.0674156422084,0.5007,445.82276546722386,0.75105,64.34128431724488,2.5035000000000003,0.0,0.0,0.0,510.1640497844687,510.16元,0.0,976.0674156422084
2025-02-05T11:30:00,2025-02-05T11:40:00,2025-02-05,69,873.12526334079,873.12526334079,86.13866157794178,959.2639249187317,86.13866157794178,0.0,959.2639249187317,0.4827,421.45756461459933,0.7240500000000001,62.36869791550875,2.4135,0.0,0.0,0.0,483.82626253010807,483.83元,0.0,959.2639249187317
2025-02-05T11:40:00,2025-02-05T11:50:00,2025-02-05,70,877.4423763180067,877.4423763180067,86.7032300727999,964.1456063908066,86.7032300727999,0.0,964.1456063908066,0.4785,419.8561770681662,0.71775,62.231243384752126,2.3925,0.0,0.0,0.0,482.0874204529183,482.09元,0.0,964.1456063908066
2025-02-05T11:50:00,2025-02-05T12:00:00,2025-02-05,71,853.0243537802104,853.0243537802104,87.00771639406184,940.0320701742722,87.00771639406184,0.0,940.0320701742722,0.4662,397.67995373233407,0.6993,60.84449607436745,2.331,0.0,0.0,0.0,458.5244498067015,458.52元,0.0,940.0320701742722
2025-02-05T12:00:00,2025-02-05T12:10:00,2025-02-05,72,855.7127015026405,810.1864588278944,0.0,810.1864588278944,-45.52624267474607,0.0,810.1864588278944,0.4432,359.0746385525228,0.6648,0.0,2.2159999999999997,0.0,1006.4078579497813,223.0199813216715,582.0946198741943,582.09元,0.0,810.1864588278944
2025-02-05T12:10:00,2025-02-05T12:20:00,2025-02-05,73,836.7605052920441,792.7945012343795,0.0,792.7945012343795,-43.96600405766458,0.0,792.7945012343795,0.4411,349.7016544944848,0.66165,0.0,2.2055,0.0,0.0,0.0,349.7016544944848,349.70元,0.0,792.7945012343795
2025-02-05T12:20:00,2025-02-05T12:30:00,2025-02-05,74,828.8417126187254,786.0705859718713,0.0,786.0705859718713,-42.7711266468541,0.0,786.0705859718713,0.4551,357.7407236757986,0.68265,0.0,2.2755,0.0,0.0,0.0,357.7407236757986,357.74元,0.0,786.0705859718713
2025-02-05T12:30:00,2025-02-05T12:40:00,2025-02-05,75,826.785607299419,784.9762919192108,0.0,784.9762919192108,-41.809315380208204,0.0,784.9762919192108,0.4463,350.33491908354375,0.66945,0.0,2.2315,0.0,0.0,0.0,350.33491908354375,350.33元,0.0,784.9762919192108
2025-02-05T12:40:00,2025-02-05T12:50:00,2025-02-05,76,851.4220564594387,810.9006670937089,0.0,810.9006670937089,-40.521389365729874,0.0,810.9006670937089,0.4113,333.52344437564244,0.61695,0.0,2.0564999999999998,0.0,0.0,0.0,333.52344437564244,333.52元,0.0,810.9006670937089
2025-02-05T12:50:00,2025-02-05T13:00:00,2025-02-05,77,851.5772525658872,851.5772525658872,0.0,851.5772525658872,0.0,0.0,851.5772525658872,0.5682,483.86619490793714,0.8523000000000001,0.0,2.841,0.0,0.0,0.0,483.86619490793714,483.87元,0.0,851.5772525658872
2025-02-05T13:00:00,2025-02-05T13:10:00,2025-02-05,78,153.96207162006476,153.96207162006476,0.0,153.96207162006476,0.0,0.0,153.96207162006476,0.8279,127.46519909425162,1.24185,0.0,4.1395,0.0,0.0,0.0,127.46519909425162,127.47元,0.0,153.96207162006476
2025-02-05T13:10:00,2025-02-05T13:20:00,2025-02-05,79,163.0652322754314,130.071115213927,0.0,130.071115213927,-32.994117061504426,0.0,130.071115213927,0.8636,112.32941509874735,1.2954,0.0,4.3180000000000005,0.0,0.0,0.0,112.32941509874735,112.33元,0.0,130.071115213927
2025-02-05T13:20:00,2025-02-05T13:30:00,2025-02-05,80,153.98782257359517,142.64204131105774,0.0,142.64204131105774,-11.345781262537429,0.0,142.64204131105774,0.8416,120.0475419673862,1.2624,0.0,4.208,0.0,0.0,0.0,120.0475419673862,120.05元,0.0,142.64204131105774
2025-02-05T13:30:00,2025-02-05T13:40:00,2025-02-05,81,142.29344478293729,112.8864981056455,0.0,112.8864981056455,-29.406946677291785,0.0,112.8864981056455,0.8618,97.2855840674453,1.2927,0.0,4.309,0.0,0.0,0.0,97.2855840674453,97.29元,0.0,112.8864981056455
2025-02-05T13:40:00,2025-02-05T13:50:00,2025-02-05,82,140.76764946044068,112.82713969193537,0.0,112.82713969193537,-27.940509768505308,0.0,112.82713969193537,0.8623,97.29084255635587,1.29345,0.0,4.3115,0.0,0.0,0.0,97.29084255635587,97.29元,0.0,112.82713969193537
2025-02-05T13:50:00,2025-02-05T14:00:00,2025-02-05,83,0.28401294260924176,0.28401294260924176,0.0,0.28401294260924176,0.0,0.0,0.28401294260924176,0.9026,0.2563500819991016,1.3538999999999999,0.0,4.513,0.0,0.0,0.0,0.2563500819991016,0.26元,0.0,0.28401294260924176
2025-02-05T14:00:00,2025-02-05T14:10:00,2025-02-05,84,0.0,0.0,0.0,0.0,0.0,0.0,0.0,0.9754,0.0,1.4631,0.0,4.877000000000001,0.0,0.0,0.0,0.0,0.00元,0.0,0.0
2025-02-05T14:10:00,2025-02-05T14:20:00,2025-02-05,85,0.0,0.0,0.0,0.0,0.0,0.0,0.0,1.0002,0.0,1.5003,0.0,5.0009999999999994,0.0,0.0,0.0,0.0,0.00元,0.0,0.0
2025-02-05T14:20:00,2025-02-05T14:30:00,2025-02-05,86,0.0,0.0,0.0,0.0,0.0,0.0,0.0,0.9978,0.0,1.4967000000000001,0.0,4.989,0.0,0.0,0.0,0.0,0.00元,0.0,0.0
2025-02-05T14:30:00,2025-02-05T14:40:00,2025-02-05,87,0.0,0.0,0.0,0.0,0.0,0.0,0.0,1.0271,0.0,1.5406499999999999,0.0,5.1354999999999995,0.0,0.0,0.0,0.0,0.00元,0.0,0.0
2025-02-05T14:40:00,2025-02-05T14:50:00,2025-02-05,88,0.0,0.0,0.0,0.0,0.0,0.0,0.0,1.0906,0.0,1.6359,0.0,5.453,0.0,0.0,0.0,0.0,0.00元,0.0,0.0
2025-02-05T14:50:00,2025-02-05T15:00:00,2025-02-05,89,0.0,0.0,0.0,0.0,0.0,0.0,0.0,0.9376,0.0,1.4064,0.0,4.688,0.0,0.0,0.0,0.0,0.00元,0.0,0.0
2025-02-05T15:00:00,2025-02-05T15:10:00,2025-02-05,90,1465.5748562495555,1401.0676133088473,0.0,1401.0676133088473,-64.50724294070824,0.0,1401.0676133088473,0.6694,937.8746603489424,1.0041,0.0,3.347,0.0,0.0,0.0,937.8746603489424,937.87元,0.0,1401.0676133088473
2025-02-05T15:10:00,2025-02-05T15:20:00,2025-02-05,91,1460.5510019377039,1398.517462433856,0.0,1398.517462433856,-62.033539503847805,0.0,1398.517462433856,0.66,923.021525206345,0.99,0.0,3.3000000000000003,0.0,0.0,0.0,923.021525206345,923.02元,0.0,1398.517462433856
2025-02-05T15:20:00,2025-02-05T15:30:00,2025-02-05,92,1479.0976460330612,1419.5548140186966,0.0,1419.5548140186966,-59.54283201436465,0.0,1419.5548140186966,0.7217,1024.4927092772932,1.08255,0.0,3.6085000000000003,0.0,0.0,0.0,1024.4927092772932,1024.49元,0.0,1419.5548140186966
2025-02-05T15:30:00,2025-02-05T15:40:00,2025-02-05,93,1274.7998067947422,1274.7998067947422,0.0,1274.7998067947422,0.0,0.0,1274.7998067947422,0.7308,931.6236988055975,1.0962,0.0,3.654,0.0,0.0,0.0,931.6236988055975,931.62元,0.0,1274.7998067947422
2025-02-05T15:40:00,2025-02-05T15:50:00,2025-02-05,94,679.4928513550574,679.4928513550574,0.0,679.4928513550574,0.0,0.0,679.4928513550574,0.7534,511.9299142109002,1.1300999999999999,0.0,3.767,0.0,0.0,0.0,511.9299142109002,511.93元,0.0,679.4928513550574
2025-02-05T15:50:00,2025-02-05T16:00:00,2025-02-05,95,684.270560879754,684.270560879754,0.0,684.270560879754,0.0,0.0,684.270560879754,0.7823,535.3048597762316,1.1734499999999999,0.0,3.9115,0.0,0.0,0.0,535.3048597762316,535.30元,0.0,684.270560879754
2025-02-05T16:00:00,2025-02-05T16:10:00,2025-02-05,96,867.984195847939,867.984195847939,0.0,867.984195847939,0.0,0.0,867.984195847939,0.8055,699.1612697555148,1.20825,0.0,4.0275,0.0,0.0,0.0,699.1612697555148,699.16元,0.0,867.984195847939
2025-02-05T16:10:00,2025-02-05T16:20:00,2025-02-05,97,870.0503349733932,870.0503349733932,0.0,870.0503349733932,0.0,0.0,870.0503349733932,0.8271,719.6186320564934,1.24065,0.0,4.1354999999999995,0.0,0.0,0.0,719.6186320564934,719.62元,0.0,870.0503349733932
2025-02-05T16:20:00,2025-02-05T16:30:00,2025-02-05,98,894.593216966282,864.876756950616,0.0,864.876756950616,-29.716460015665916,0.0,864.876756950616,0.8519,736.7885092462298,1.27785,0.0,4.2595,0.0,0.0,0.0,736.7885092462298,736.79元,0.0,864.876756950616
2025-02-05T16:30:00,2025-02-05T16:40:00,2025-02-05,99,927.2672775811736,900.0173036330673,0.0,900.0173036330673,-27.249973948106344,0.0,900.0173036330673,0.8791,791.2052116238294,1.3186499999999999,0.0,4.3955,0.0,0.0,0.0,791.2052116238294,791.21元,0.0,900.0173036330673
2025-02-05T16:40:00,2025-02-05T16:50:00,2025-02-05,100,915.9377590067918,891.1613609707456,0.0,891.1613609707456,-24.776398036046203,0.0,891.1613609707456,0.9024,804.1840121400008,1.3536,0.0,4.512,0.0,0.0,0.0,804.1840121400008,804.18元,0.0,891.1613609707456
2025-02-05T16:50:00,2025-02-05T17:00:00,2025-02-05,101,932.5363801644894,910.1121744114112,0.0,910.1121744114112,-22.42420575307824,0.0,910.1121744114112,0.9163,833.9357854131761,1.37445,0.0,4.5815,0.0,0.0,0.0,833.9357854131761,833.94元,0.0,910.1121744114112
2025-02-05T17:00:00,2025-02-05T17:10:00,2025-02-05,102,1027.7204314283454,1008.5004320323678,0.0,1008.5004320323678,-19.21999939597754,0.0,1008.5004320323678,0.9264,934.2748002347855,1.3896,0.0,4.632,0.0,0.0,0.0,934.2748002347855,934.27元,0.0,1008.5004320323678
2025-02-05T17:10:00,2025-02-05T17:20:00,2025-02-05,103,1045.5333900188625,1028.487161738955,0.0,1028.487161738955,-17.04622827990761,0.0,1028.487161738955,0.9462,973.1545524373992,1.4193,0.0,4.731,0.0,0.0,0.0,973.1545524373992,973.15元,0.0,1028.487161738955
2025-02-05T17:20:00,2025-02-05T17:30:00,2025-02-05,104,1026.2372571433646,1010.3095999723828,0.0,1010.3095999723828,-15.927657170981774,0.0,1010.3095999723828,0.9742,984.2436122930952,1.4613,0.0,4.8709999999999996,0.0,0.0,0.0,984.2436122930952,984.24元,0.0,1010.3095999723828
2025-02-05T17:30:00,2025-02-05T17:40:00,2025-02-05,105,1019.6819244819226,1004.1994469663557,0.0,1004.1994469663557,-15.48247751556687,0.0,1004.1994469663557,0.9862,990.3414945982199,1.4792999999999998,0.0,4.931,0.0,0.0,0.0,990.3414945982199,990.34元,0.0,1004.1994469663557
2025-02-05T17:40:00,2025-02-05T17:50:00,2025-02-05,106,1046.3455530913345,1031.2627259873977,0.0,1031.2627259873977,-15.08282710393678,0.0,1031.2627259873977,0.976,1006.5124205637002,1.464,0.0,4.88,0.0,0.0,0.0,1006.5124205637002,1006.51元,0.0,1031.2627259873977
2025-02-05T17:50:00,2025-02-05T18:00:00,2025-02-05,107,930.073329507747,915.4275332997603,0.0,915.4275332997603,-14.645796207986677,0.0,915.4275332997603,1.0742,983.3522562706025,1.6113,0.0,5.371,0.0,0.0,0.0,983.3522562706025,983.35元,0.0,915.4275332997603
2025-02-05T18:00:00,2025-02-05T18:10:00,2025-02-05,108,730.4791362476508,716.2345692848294,7.807214048503965,724.0417833333333,-6.437352914317444,0.0,724.0417833333333,1.2313,881.8996251604104,1.84695,14.4195339868844,6.1565,0.0,0.0,0.0,896.3191591472948,896.32元,0.0,724.0417833333333
2025-02-05T18:10:00,2025-02-05T18:20:00,2025-02-05,109,698.6370236408665,669.5072345713528,22.86632364841398,692.3735582197668,-6.263465421099681,0.0,692.3735582197668,1.2561,840.9680373450763,1.88415,43.0835837021592,6.2805,0.0,0.0,0.0,884.0516210472355,884.05元,0.0,692.3735582197668
2025-02-05T18:20:00,2025-02-05T18:30:00,2025-02-05,110,713.0259779186418,699.5511949196845,7.3853080549641845,706.9365029746486,-6.089474943993196,0.0,706.9365029746486,1.2447,870.7313723165312,1.8670499999999999,13.78873940402088,6.2235,0.0,0.0,0.0,884.5201117205521,884.52元,0.0,706.9365029746486
2025-02-05T18:30:00,2025-02-05T18:40:00,2025-02-05,111,704.5869070108793,691.481272737922,7.182983679141557,698.6642564170636,-5.922650593815661,0.0,698.6642564170636,1.2545,867.4632566497231,1.8817499999999998,13.516579538224624,6.2725,0.0,0.0,0.0,880.9798361879479,880.98元,0.0,698.6642564170636
2025-02-05T18:40:00,2025-02-05T18:50:00,2025-02-05,112,725.2208336978007,712.4741088931958,6.986151252703394,719.4602601458992,-5.76057355190153,0.0,719.4602601458992,1.2522,892.1600791560597,1.8782999999999999,13.122087897952785,6.261,0.0,0.0,0.0,905.2821670540125,905.28元,0.0,719.4602601458992
2025-02-05T18:50:00,2025-02-05T19:00:00,2025-02-05,113,41.52960869545234,5.220380084149497,283.02835832276315,288.24873840691265,246.7191297114603,0.0,288.24873840691265,1.2881,6.724371586392967,1.93215,546.8532425333269,6.4405,0.0,0.0,0.0,553.5776141197199,553.58元,0.0,288.24873840691265
2025-02-05T19:00:00,2025-02-05T19:10:00,2025-02-05,114,0.0,0.0,0.0,0.0,0.0,0.0,0.0,1.3466,0.0,2.0199,0.0,6.7330000000000005,0.0,0.0,0.0,0.0,0.00元,0.0,0.0
2025-02-05T19:10:00,2025-02-05T19:20:00,2025-02-05,115,3.1583363339137804,0.0,7.042088367063684,7.042088367063684,3.8837520331499036,0.0,7.042088367063684,1.3523,0.0,2.0284500000000003,14.28452414817033,6.7615,0.0,0.0,0.0,14.28452414817033,14.28元,0.0,7.042088367063684
2025-02-05T19:20:00,2025-02-05T19:30:00,2025-02-05,116,36.45424869372869,25.22663331475701,1.746040396493754,26.972673711250764,-9.481574982477923,0.0,26.972673711250764,1.3445,33.9172084916908,2.01675,3.521326969628779,6.7225,0.0,0.0,0.0,37.43853546131958,37.44元,0.0,26.972673711250764
2025-02-05T19:30:00,2025-02-05T19:40:00,2025-02-05,117,29.92811074240842,22.697977056788318,6.391326027599689,29.089303084388007,-0.8388076580204142,0.0,29.089303084388007,1.3483,30.603682465667692,2.02245,12.926137324518992,6.7415,0.0,0.0,0.0,43.52981979018668,43.53元,0.0,29.089303084388007
2025-02-05T19:40:00,2025-02-05T19:50:00,2025-02-05,118,20.902177604147482,8.644239136469878,7.405530442630493,16.04976957910037,-4.8524080250471116,0.0,16.04976957910037,1.349,11.661078595097864,2.0235,14.985090850662802,6.745,0.0,0.0,0.0,26.646169445760666,26.65元,0.0,16.04976957910037
2025-02-05T19:50:00,2025-02-05T20:00:00,2025-02-05,119,0.7095055490237883,0.0,0.44663896510110135,0.44663896510110135,-0.2628665839226869,0.0,0.44663896510110135,1.3473,0.0,2.02095,0.9026350165210707,6.7364999999999995,0.0,0.0,0.0,0.9026350165210707,0.90元,0.0,0.44663896510110135
2025-02-05T20:00:00,2025-02-05T20:10:00,2025-02-05,120,0.0,0.0,0.0,0.0,0.0,0.0,0.0,1.3482,0.0,2.0223,0.0,6.7410000000000005,0.0,0.0,0.0,0.0,0.00元,0.0,0.0
2025-02-05T20:10:00,2025-02-05T20:20:00,2025-02-05,121,13.926467391973688,8.036447633411399,4.186058662253572,12.22250629566497,-1.703961096308717,0.0,12.22250629566497,1.3513,10.859651687028823,2.02695,8.484931605454877,6.7565,0.0,0.0,0.0,19.3445832924837,19.34元,0.0,12.22250629566497
2025-02-05T20:20:00,2025-02-05T20:30:00,2025-02-05,122,20.544288612256764,10.838192396544855,1.9573017097604861,12.795494106305341,-7.748794505951423,0.0,12.795494106305341,1.34,14.523177811370106,2.0100000000000002,3.934176436618577,6.7,0.0,0.0,0.0,18.457354247988683,18.46元,0.0,12.795494106305341
2025-02-05T20:30:00,2025-02-05T20:40:00,2025-02-05,123,24.49202948441723,11.21123081725932,14.428478189527937,25.639709006787257,1.1476795223700265,0.0,25.639709006787257,1.3489,15.122829249401097,2.0233499999999998,29.19386134478135,6.7445,0.0,0.0,0.0,44.31669059418245,44.32元,0.0,25.639709006787257
2025-02-05T20:40:00,2025-02-05T20:50:00,2025-02-05,124,8.857854862112617,1.7178392834907754,1.9034164908960065,3.621255774386782,-5.2365990877258355,0.0,3.621255774386782,1.3952,2.39672936832633,2.0928,3.9834700321471623,6.976,0.0,0.0,0.0,6.380199400473492,6.38元,0.0,3.621255774386782
2025-02-05T20:50:00,2025-02-05T21:00:00,2025-02-05,125,736.9590250134166,728.0759005773697,4.868695136379074,732.9445957137488,-4.014429299667881,0.0,732.9445957137488,1.2226,890.1455960458921,1.8338999999999999,8.928700010605583,6.1129999999999995,0.0,0.0,0.0,899.0742960564977,899.07元,0.0,732.9445957137488
2025-02-05T21:00:00,2025-02-05T21:10:00,2025-02-05,126,793.8052106721092,779.0090365755084,0.0,779.0090365755084,-14.796174096600794,0.0,779.0090365755084,0.9332,726.9712329322645,1.3998,0.0,4.666,0.0,0.0,0.0,726.9712329322645,726.97元,0.0,779.0090365755084
2025-02-05T21:10:00,2025-02-05T21:20:00,2025-02-05,127,726.2478528707103,725.2734325682558,0.0,725.2734325682558,-0.9744203024545186,0.0,725.2734325682558,0.9068,657.6779486528943,1.3602,0.0,4.534000000000001,0.0,0.0,0.0,657.6779486528943,657.68元,0.0,725.2734325682558
2025-02-05T21:20:00,2025-02-05T21:30:00,2025-02-05,128,722.7502625963959,714.5773935745538,0.0,714.5773935745538,-8.172869021842189,0.0,714.5773935745538,0.9371,669.6304755187143,1.40565,0.0,4.6855,0.0,0.0,0.0,669.6304755187143,669.63元,0.0,714.5773935745538
2025-02-05T21:30:00,2025-02-05T21:40:00,2025-02-05,129,753.7820661170907,745.8330971155615,0.0,745.8330971155615,-7.948969001529235,0.0,745.8330971155615,0.9371,698.9201953069927,1.40565,0.0,4.6855,0.0,0.0,0.0,698.9201953069927,698.92元,0.0,745.8330971155615
2025-02-05T21:40:00,2025-02-05T21:50:00,2025-02-05,130,743.0543389162561,740.039179860248,0.0,740.039179860248,-3.0151590560080876,0.0,740.039179860248,0.9871,730.4926744400508,1.48065,0.0,4.9355,0.0,0.0,0.0,730.4926744400508,730.49元,0.0,740.039179860248
2025-02-05T21:50:00,2025-02-05T22:00:00,2025-02-05,131,710.290714365658,710.290714365658,0.0,710.290714365658,0.0,0.0,710.290714365658,0.7764,551.4697106334969,1.1646,0.0,3.8819999999999997,0.0,0.0,0.0,551.4697106334969,551.47元,0.0,710.290714365658
2025-02-05T22:00:00,2025-02-05T22:10:00,2025-02-05,132,1440.3871326932983,1433.0737281613797,0.0,1433.0737281613797,-7.31340453191865,0.0,1433.0737281613797,0.4209,603.1807321831247,0.63135,0.0,2.1045,0.0,0.0,0.0,603.1807321831247,603.18元,70.24872817137974,1362.82499999
2025-02-05T22:10:00,2025-02-05T22:20:00,2025-02-05,133,1403.375105470801,1396.262055480094,0.0,1396.262055480094,-7.113049990706941,0.0,1396.262055480094,0.3859,538.8175272097683,0.5788500000000001,0.0,1.9295,0.0,0.0,0.0,538.8175272097683,538.82元,31.397255490094032,1364.86479999
2025-02-05T22:20:00,2025-02-05T22:30:00,2025-02-05,134,561.9539503787565,561.9539503787565,0.0,561.9539503787565,0.0,0.0,561.9539503787565,0.4368,245.46148552544088,0.6552,0.0,2.184,0.0,0.0,0.0,245.46148552544088,245.46元,0.0,561.9539503787565
2025-02-05T22:30:00,2025-02-05T22:40:00,2025-02-05,135,1381.630960325803,1374.9023033342864,0.0,1374.9023033342864,-6.728656991516573,0.0,1374.9023033342864,0.4198,577.1839869397335,0.6297,0.0,2.099,0.0,0.0,0.0,577.1839869397335,577.18元,0.0,1374.9023033342864
2025-02-05T22:40:00,2025-02-05T22:50:00,2025-02-05,136,1385.8034069422872,1379.2590850273582,0.0,1379.2590850273582,-6.544321914929014,0.0,1379.2590850273582,0.4186,577.3578529924522,0.6279,0.0,2.093,0.0,0.0,0.0,577.3578529924522,577.36元,0.0,1379.2590850273582
2025-02-05T22:50:00,2025-02-05T23:00:00,2025-02-05,137,1398.0176689257896,1391.6526321316387,0.0,1391.6526321316387,-6.36503679415091,0.0,1391.6526321316387,0.4241,590.1998812870279,0.63615,0.0,2.1205,0.0,0.0,0.0,590.1998812870279,590.20元,0.0,1391.6526321316387
2025-02-05T23:00:00,2025-02-05T23:10:00,2025-02-05,138,1407.5388212196447,1401.3481579366435,0.0,1401.3481579366435,-6.190663283001186,0.0,1401.3481579366435,0.4237,593.7512145177559,0.6355500000000001,0.0,2.1185,0.0,0.0,0.0,593.7512145177559,593.75元,10.706491279976824,1390.6416666566668
2025-02-05T23:10:00,2025-02-05T23:20:00,2025-02-05,139,1019.9471152173587,1019.9471152173587,0.0,1019.9471152173587,0.0,0.0,1019.9471152173587,0.4248,433.273534544334,0.6372,0.0,2.124,0.0,0.0,0.0,433.273534544334,433.27元,0.0,1019.9471152173587
2025-02-05T23:20:00,2025-02-05T23:30:00,2025-02-05,140,1407.433579476066,1401.5774629246973,0.0,1401.5774629246973,-5.856116551368586,0.0,1401.5774629246973,0.424,594.2688442800717,0.636,0.0,2.12,0.0,0.0,0.0,594.2688442800717,594.27元,19.48189626803059,1382.0955666566667
2025-02-05T23:30:00,2025-02-05T23:40:00,2025-02-05,141,1404.3431191562863,1398.6474339799101,0.0,1398.6474339799101,-5.695685176376173,0.0,1398.6474339799101,0.422,590.229217139522,0.633,0.0,2.11,0.0,0.0,0.0,590.229217139522,590.23元,10.422433989910125,1388.22499999
2025-02-05T23:40:00,2025-02-05T23:50:00,2025-02-05,142,1416.5145766036853,1410.9749277008966,0.0,1410.9749277008966,-5.539648902788713,0.0,1410.9749277008966,0.424,598.2533693451802,0.636,0.0,2.12,0.0,0.0,0.0,598.2533693451802,598.25元,9.700427710896626,1401.27449999
2025-02-05T23:50:00,2025-02-06T00:00:00,2025-02-05,143,596.4472248238166,596.4472248238166,0.0,596.4472248238166,0.0,0.0,596.4472248238166,0.4271,254.74260972225204,0.6406499999999999,0.0,2.1355,0.0,0.0,0.0,254.74260972225204,254.74元,0.0,596.4472248238166
2025-02-06T00:00:00,2025-02-06T00:10:00,2025-02-05,144,579.8109166666667,579.8109166666667,0.0,579.8109166666667,0.0,0.0,579.8109166666667,0.4276,247.92714796666667,0.6414,0.0,2.138,0.0,0.0,0.0,247.92714796666667,247.93元,0.0,579.8109166666667
2025-02-06T00:10:00,2025-02-06T00:20:00,2025-02-06,1,1082.6163614975567,1082.6163614975567,0.0,1082.6163614975567,0.0,0.0,1082.6163614975567,0.4248,459.8954303641621,0.6372,0.0,2.124,0.0,0.0,0.0,459.8954303641621,459.90元,0.0,1082.6163614975567
2025-02-06T00:20:00,2025-02-06T00:30:00,2025-02-06,2,1393.8264972809811,1393.8264972809811,0.0,1393.8264972809811,0.0,0.0,1393.8264972809811,0.4245,591.6793480957765,0.6367499999999999,0.0,2.1225,0.0,0.0,0.0,591.6793480957765,591.68元,0.0,1393.8264972809811
2025-02-06T00:30:00,2025-02-06T00:40:00,2025-02-06,3,588.004140923913,588.004140923913,0.0,588.004140923913,0.0,0.0,588.004140923913,0.4269,251.0189677604185,0.64035,0.0,2.1345,0.0,0.0,0.0,251.0189677604185,251.02元,0.0,588.004140923913
2025-02-06T00:40:00,2025-02-06T00:50:00,2025-02-06,4,614.5732719045719,614.5732719045719,0.0,614.5732719045719,0.0,0.0,614.5732719045719,0.4272,262.54570175763314,0.6408,0.0,2.136,0.0,0.0,0.0,262.54570175763314,262.55元,0.0,614.5732719045719
2025-02-06T00:50:00,2025-02-06T01:00:00,2025-02-06,5,625.020045505904,625.020045505904,0.0,625.020045505904,0.0,0.0,625.020045505904,0.4271,266.9460614355716,0.6406499999999999,0.0,2.1355,0.0,0.0,0.0,266.9460614355716,266.95元,0.0,625.020045505904
2025-02-06T01:00:00,2025-02-06T01:10:00,2025-02-06,6,624.446249937394,624.446249937394,0.0,624.446249937394,0.0,0.0,624.446249937394,0.4285,267.5752180981733,0.6427499999999999,0.0,2.1425,0.0,0.0,0.0,267.5752180981733,267.58元,0.0,624.446249937394
2025-02-06T01:10:00,2025-02-06T01:20:00,2025-02-06,7,628.7514390516776,628.7514390516776,0.0,628.7514390516776,0.0,0.0,628.7514390516776,0.4311,271.0547453751782,0.64665,0.0,2.1555,0.0,0.0,0.0,271.0547453751782,271.05元,0.0,628.7514390516776
2025-02-06T01:20:00,2025-02-06T01:30:00,2025-02-06,8,631.2557467218836,631.2557467218836,0.0,631.2557467218836,0.0,0.0,631.2557467218836,0.4302,271.5662222397543,0.6453,0.0,2.1510000000000002,0.0,0.0,0.0,271.5662222397543,271.57元,0.0,631.2557467218836
2025-02-06T01:30:00,2025-02-06T01:40:00,2025-02-06,9,631.3434120465396,631.3434120465396,0.0,631.3434120465396,0.0,0.0,631.3434120465396,0.4279,270.1518460147143,0.64185,0.0,2.1395,0.0,0.0,0.0,270.1518460147143,270.15元,0.0,631.3434120465396
2025-02-06T01:40:00,2025-02-06T01:50:00,2025-02-06,10,636.014140382196,636.014140382196,0.0,636.014140382196,0.0,0.0,636.014140382196,0.4312,274.24929733280294,0.6468,0.0,2.156,0.0,0.0,0.0,274.24929733280294,274.25元,0.0,636.014140382196
2025-02-06T01:50:00,2025-02-06T02:00:00,2025-02-06,11,635.8632085372587,635.8632085372587,0.0,635.8632085372587,0.0,0.0,635.8632085372587,0.4333,275.5195282591942,0.64995,0.0,2.1665,0.0,0.0,0.0,275.5195282591942,275.52元,0.0,635.8632085372587
2025-02-06T02:00:00,2025-02-06T02:10:00,2025-02-06,12,633.1318557938437,633.1318557938437,0.0,633.1318557938437,0.0,0.0,633.1318557938437,0.4311,272.94314303272597,0.64665,0.0,2.1555,0.0,0.0,0.0,272.94314303272597,272.94元,0.0,633.1318557938437
2025-02-06T02:10:00,2025-02-06T02:20:00,2025-02-06,13,639.8951099244674,639.8951099244674,0.0,639.8951099244674,0.0,0.0,639.8951099244674,0.4293,274.7069706905739,0.64395,0.0,2.1465,0.0,0.0,0.0,274.7069706905739,274.71元,0.0,639.8951099244674
2025-02-06T02:20:00,2025-02-06T02:30:00,2025-02-06,14,644.3355740370474,644.3355740370474,0.0,644.3355740370474,0.0,0.0,644.3355740370474,0.4324,278.61070221361933,0.6486000000000001,0.0,2.162,0.0,0.0,0.0,278.61070221361933,278.61元,0.0,644.3355740370474
2025-02-06T02:30:00,2025-02-06T02:40:00,2025-02-06,15,634.9291684150172,634.9291684150172,0.0,634.9291684150172,0.0,0.0,634.9291684150172,0.4367,277.273567846838,0.6550499999999999,0.0,2.1835,0.0,0.0,0.0,277.273567846838,277.27元,0.0,634.9291684150172
2025-02-06T02:40:00,2025-02-06T02:50:00,2025-02-06,16,619.2811481860232,619.2811481860232,0.0,619.2811481860232,0.0,0.0,619.2811481860232,0.4348,269.2634432312829,0.6522,0.0,2.174,0.0,0.0,0.0,269.2634432312829,269.26元,0.0,619.2811481860232
2025-02-06T02:50:00,2025-02-06T03:00:00,2025-02-06,17,651.3055976526658,651.3055976526658,0.0,651.3055976526658,0.0,0.0,651.3055976526658,0.4335,282.34097658243064,0.65025,0.0,2.1675,0.0,0.0,0.0,282.34097658243064,282.34元,0.0,651.3055976526658
2025-02-06T03:00:00,2025-02-06T03:10:00,2025-02-06,18,695.2924237854143,695.2924237854143,0.0,695.2924237854143,0.0,0.0,695.2924237854143,0.4357,302.938909043305,0.65355,0.0,2.1784999999999997,0.0,0.0,0.0,302.938909043305,302.94元,0.0,695.2924237854143
2025-02-06T03:10:00,2025-02-06T03:20:00,2025-02-06,19,662.8040913778133,662.8040913778133,0.0,662.8040913778133,0.0,0.0,662.8040913778133,0.4374,289.9105095686555,0.6561,0.0,2.1870000000000003,0.0,0.0,0.0,289.9105095686555,289.91元,0.0,662.8040913778133
2025-02-06T03:20:00,2025-02-06T03:30:00,2025-02-06,20,653.2162548641072,653.2162548641072,0.0,653.2162548641072,0.0,0.0,653.2162548641072,0.4371,285.52082500110123,0.65565,0.0,2.1854999999999998,0.0,0.0,0.0,285.52082500110123,285.52元,0.0,653.2162548641072
2025-02-06T03:30:00,2025-02-06T03:40:00,2025-02-06,21,682.0373901327272,682.0373901327272,0.0,682.0373901327272,0.0,0.0,682.0373901327272,0.4356,297.09548714181597,0.6534,0.0,2.178,0.0,0.0,0.0,297.09548714181597,297.10元,0.0,682.0373901327272
2025-02-06T03:40:00,2025-02-06T03:50:00,2025-02-06,22,667.7668613357572,667.7668613357572,0.0,667.7668613357572,0.0,0.0,667.7668613357572,0.4353,290.67891473945514,0.65295,0.0,2.1765,0.0,0.0,0.0,290.67891473945514,290.68元,0.0,667.7668613357572
2025-02-06T03:50:00,2025-02-06T04:00:00,2025-02-06,23,665.1722368611524,665.1722368611524,0.0,665.1722368611524,0.0,0.0,665.1722368611524,0.436,290.0150952714625,0.654,0.0,2.18,0.0,0.0,0.0,290.0150952714625,290.02元,0.0,665.1722368611524
2025-02-06T04:00:00,2025-02-06T04:10:00,2025-02-06,24,686.676901134489,686.676901134489,0.0,686.676901134489,0.0,0.0,686.676901134489,0.4378,300.62714731667927,0.6567000000000001,0.0,2.189,0.0,0.0,0.0,300.62714731667927,300.63元,0.0,686.676901134489
2025-02-06T04:10:00,2025-02-06T04:20:00,2025-02-06,25,684.0348664170107,684.0348664170107,0.0,684.0348664170107,0.0,0.0,684.0348664170107,0.4401,301.0437447101264,0.66015,0.0,2.2005,0.0,0.0,0.0,301.0437447101264,301.04元,0.0,684.0348664170107
2025-02-06T04:20:00,2025-02-06T04:30:00,2025-02-06,26,677.0575121000783,677.0575121000783,0.0,677.0575121000783,0.0,0.0,677.0575121000783,0.4389,297.16054206072437,0.65835,0.0,2.1945,0.0,0.0,0.0,297.16054206072437,297.16元,0.0,677.0575121000783
2025-02-06T04:30:00,2025-02-06T04:40:00,2025-02-06,27,687.2912239961172,687.2912239961172,0.0,687.2912239961172,0.0,0.0,687.2912239961172,0.4364,299.93389015190553,0.6546000000000001,0.0,2.182,0.0,0.0,0.0,299.93389015190553,299.93元,0.0,687.2912239961172
2025-02-06T04:40:00,2025-02-06T04:50:00,2025-02-06,28,708.1405686261601,708.1405686261601,0.0,708.1405686261601,0.0,0.0,708.1405686261601,0.4393,311.08615179747216,0.65895,0.0,2.1965000000000003,0.0,0.0,0.0,311.08615179747216,311.09元,0.0,708.1405686261601
2025-02-06T04:50:00,2025-02-06T05:00:00,2025-02-06,29,688.855038424957,688.855038424957,0.0,688.855038424957,0.0,0.0,688.855038424957,0.4422,304.611697991516,0.6633,0.0,2.211,0.0,0.0,0.0,304.611697991516,304.61元,0.0,688.855038424957
2025-02-06T05:00:00,2025-02-06T05:10:00,2025-02-06,30,655.9215914175953,655.9215914175953,0.0,655.9215914175953,0.0,0.0,655.9215914175953,0.4395,288.27753942803315,0.65925,0.0,2.1975,0.0,0.0,0.0,288.27753942803315,288.28元,0.0,655.9215914175953
2025-02-06T05:10:00,2025-02-06T05:20:00,2025-02-06,31,687.1183372061597,687.1183372061597,0.0,687.1183372061597,0.0,0.0,687.1183372061597,0.4333,297.728375511429,0.64995,0.0,2.1665,0.0,0.0,0.0,297.728375511429,297.73元,0.0,687.1183372061597
2025-02-06T05:20:00,2025-02-06T05:30:00,2025-02-06,32,715.7909388438826,715.7909388438826,0.0,715.7909388438826,0.0,0.0,715.7909388438826,0.4439,317.7395977527995,0.66585,0.0,2.2195,0.0,0.0,0.0,317.7395977527995,317.74元,0.0,715.7909388438826
2025-02-06T05:30:00,2025-02-06T05:40:00,2025-02-06,33,701.8473143375678,701.8473143375678,0.0,701.8473143375678,0.0,0.0,701.8473143375678,0.4301,301.8645298965879,0.64515,0.0,2.1505,0.0,0.0,0.0,301.8645298965879,301.86元,0.0,701.8473143375678
2025-02-06T05:40:00,2025-02-06T05:50:00,2025-02-06,34,1520.0910205767034,1520.0910205767034,0.0,1520.0910205767034,0.0,0.0,1520.0910205767034,0.3713,564.40979594013,0.5569500000000001,0.0,1.8565,0.0,0.0,0.0,564.40979594013,564.41元,761.0045609665021,759.0864596102012
2025-02-06T05:50:00,2025-02-06T06:00:00,2025-02-06,35,775.7950699767981,775.7950699767981,0.0,775.7950699767981,0.0,0.0,775.7950699767981,0.5708,442.82382594275634,0.8562,0.0,2.854,0.0,0.0,0.0,442.82382594275634,442.82元,61.08400330203106,714.711066674767
2025-02-06T06:00:00,2025-02-06T06:10:00,2025-02-06,36,177.57340042487874,145.73953955694424,0.0,145.73953955694424,-31.833860867934504,0.0,145.73953955694424,0.9099,132.60840704286358,1.3648500000000001,0.0,4.5495,0.0,3342.456768340173,1520.6507067563616,1653.2591137992251,1653.26元,0.0,145.73953955694424
2025-02-06T06:10:00,2025-02-06T06:20:00,2025-02-06,37,169.97965006804043,140.8765479682554,0.0,140.8765479682554,-29.10310209978502,6.519602041744512,147.39615000999993,0.9368,131.97315013666167,1.4052,0.0,4.684,30.53781596353129,0.0,0.0,162.51096610019295,162.51元,0.0,147.39615000999993
2025-02-06T06:20:00,2025-02-06T06:30:00,2025-02-06,38,856.6045290321083,353.38301305196626,0.0,353.38301305196626,-503.22151598014204,0.0,353.38301305196626,0.8758,309.4928428309121,1.3137,0.0,4.3790000000000004,0.0,0.0,0.0,309.4928428309121,309.49元,0.0,353.38301305196626
2025-02-06T06:30:00,2025-02-06T06:40:00,2025-02-06,39,320.290054673367,149.51365436869025,0.0,149.51365436869025,-170.77640030467677,0.0,149.51365436869025,0.8759,130.9590098615358,1.31385,0.0,4.3795,0.0,0.0,0.0,130.9590098615358,130.96元,0.0,149.51365436869025
2025-02-06T06:40:00,2025-02-06T06:50:00,2025-02-06,40,851.6368644852558,821.191561402099,0.0,821.191561402099,-30.445303083156887,0.0,821.191561402099,0.8601,706.3068619619453,1.29015,0.0,4.3004999999999995,0.0,0.0,0.0,706.3068619619453,706.31元,0.0,821.191561402099
2025-02-06T06:50:00,2025-02-06T07:00:00,2025-02-06,41,835.8606080780619,806.2855897153747,0.0,806.2855897153747,-29.57501836268716,0.0,806.2855897153747,0.8442,680.6662948377193,1.2663,0.0,4.221,0.0,0.0,0.0,680.6662948377193,680.67元,0.0,806.2855897153747
2025-02-06T07:00:00,2025-02-06T07:10:00,2025-02-06,42,667.2496415723772,626.9790702733402,0.0,626.9790702733402,-40.27057129903699,0.0,626.9790702733402,0.8334,522.5243571658017,1.2501,0.0,4.167,0.0,0.0,0.0,522.5243571658017,522.52元,0.0,626.9790702733402
2025-02-06T07:10:00,2025-02-06T07:20:00,2025-02-06,43,647.843102197143,608.5814378091845,0.0,608.5814378091845,-39.26166438795849,0.0,608.5814378091845,0.8092,492.46409947519214,1.2138,0.0,4.046,0.0,0.0,0.0,492.46409947519214,492.46元,0.0,608.5814378091845
2025-02-06T07:20:00,2025-02-06T07:30:00,2025-02-06,44,629.2049112511079,590.9393905159507,0.0,590.9393905159507,-38.265520735157224,0.0,590.9393905159507,0.7972,471.09688211931586,1.1958,0.0,3.986,0.0,0.0,0.0,471.09688211931586,471.10元,0.0,590.9393905159507
2025-02-06T07:30:00,2025-02-06T07:40:00,2025-02-06,45,605.6362750741301,605.6362750741301,0.0,605.6362750741301,0.0,0.0,605.6362750741301,0.7644,462.94836866666503,1.1465999999999998,0.0,3.822,0.0,0.0,0.0,462.94836866666503,462.95元,0.0,605.6362750741301
2025-02-06T07:40:00,2025-02-06T07:50:00,2025-02-06,46,1414.4784286960275,1378.17620213091,0.0,1378.17620213091,-36.30222656511751,0.0,1378.17620213091,0.6899,950.8037618501148,1.03485,0.0,3.4494999999999996,0.0,0.0,0.0,950.8037618501148,950.80元,0.0,1378.17620213091
2025-02-06T07:50:00,2025-02-06T08:00:00,2025-02-06,47,692.4983751297982,657.1748294982426,0.0,657.1748294982426,-35.32354563155559,0.0,657.1748294982426,0.86,565.1703533684887,1.29,0.0,4.3,0.0,0.0,0.0,565.1703533684887,565.17元,0.0,657.1748294982426
2025-02-06T08:00:00,2025-02-06T08:10:00,2025-02-06,48,169.0495690099831,115.07751970131426,0.0,115.07751970131426,-53.97204930866883,1.9699803086858685,117.04750001000012,1.1617,133.68555463701676,1.74255,0.0,5.8084999999999996,11.442630623001868,0.0,0.0,145.12818526001863,145.13元,0.0,117.04750001000012
2025-02-06T08:10:00,2025-02-06T08:20:00,2025-02-06,49,130.93575962521413,93.43898963083552,0.0,93.43898963083552,-37.49676999437861,10.94721037916451,104.38620001000004,1.1683,109.16477158570513,1.7524499999999998,0.0,5.8415,63.94812942988948,0.0,0.0,173.11290101559462,173.11元,0.0,104.38620001000004
2025-02-06T08:20:00,2025-02-06T08:30:00,2025-02-06,50,50.85207728492992,30.519805411957122,0.0,30.519805411957122,-20.332271872972797,0.0,30.519805411957122,1.0956,33.43749880934022,1.6433999999999997,0.0,5.478,0.0,0.0,0.0,33.43749880934022,33.44元,0.0,30.519805411957122
2025-02-06T08:30:00,2025-02-06T08:40:00,2025-02-06,51,19.293650630889715,0.0,0.0,0.0,-19.293650630889715,0.0,0.0,1.0849,0.0,1.6273499999999999,0.0,5.4245,0.0,0.0,0.0,0.0,0.00元,0.0,0.0
2025-02-06T08:40:00,2025-02-06T08:50:00,2025-02-06,52,0.0,0.0,0.0,0.0,0.0,0.0,0.0,1.061,0.0,1.5915,0.0,5.305,0.0,0.0,0.0,0.0,0.00元,0.0,0.0
2025-02-06T08:50:00,2025-02-06T09:00:00,2025-02-06,53,0.0,0.0,0.0,0.0,0.0,0.0,0.0,1.043,0.0,1.5644999999999998,0.0,5.215,0.0,0.0,0.0,0.0,0.00元,0.0,0.0
2025-02-06T09:00:00,2025-02-06T09:10:00,2025-02-06,54,0.0,0.0,0.0,0.0,0.0,0.0,0.0,1.036,0.0,1.554,0.0,5.18,0.0,0.0,0.0,0.0,0.00元,0.0,0.0
2025-02-06T09:10:00,2025-02-06T09:20:00,2025-02-06,55,0.0,0.0,0.0,0.0,0.0,0.0,0.0,1.0147,0.0,1.52205,0.0,5.073499999999999,0.0,0.0,0.0,0.0,0.00元,0.0,0.0
2025-02-06T09:20:00,2025-02-06T09:30:00,2025-02-06,56,0.0,0.0,0.0,0.0,0.0,0.0,0.0,0.9922,0.0,1.4883,0.0,4.961,0.0,0.0,0.0,0.0,0.00元,0.0,0.0
2025-02-06T09:30:00,2025-02-06T09:40:00,2025-02-06,57,0.0,0.0,0.0,0.0,0.0,0.0,0.0,0.97,0.0,1.455,0.0,4.85,0.0,0.0,0.0,0.0,0.00元,0.0,0.0
2025-02-06T09:40:00,2025-02-06T09:50:00,2025-02-06,58,0.0,0.0,0.0,0.0,0.0,73.57177085398222,73.57177085398222,0.9422,0.0,1.4133,0.0,4.711,346.59661249311023,0.0,0.0,346.59661249311023,346.60元,0.0,73.57177085398222
2025-02-06T09:50:00,2025-02-06T10:00:00,2025-02-06,59,0.0,0.0,0.0,0.0,0.0,303.3206833333334,303.3206833333334,0.9569,0.0,1.43535,0.0,4.7844999999999995,1451.2378094083338,0.0,0.0,1451.2378094083338,1451.24元,0.0,303.3206833333334
2025-02-06T10:00:00,2025-02-06T10:10:00,2025-02-06,60,0.0,0.0,0.0,0.0,0.0,223.58791666666667,223.58791666666667,0.9977,0.0,1.49655,0.0,4.9885,1115.3683222916666,0.0,0.0,1115.3683222916666,1115.37元,0.0,223.58791666666667
2025-02-06T10:10:00,2025-02-06T10:20:00,2025-02-06,61,0.0,0.0,0.0,0.0,0.0,226.9638166666668,226.9638166666668,0.9919,0.0,1.48785,0.0,4.9595,1125.627048758334,0.0,0.0,1125.627048758334,1125.63元,0.0,226.9638166666668
2025-02-06T10:20:00,2025-02-06T10:30:00,2025-02-06,62,0.0,0.0,0.0,0.0,0.0,238.29731666666663,238.29731666666663,0.9588,0.0,1.4382,0.0,4.794,1142.3973360999998,0.0,0.0,1142.3973360999998,1142.40元,0.0,238.29731666666663
2025-02-06T10:30:00,2025-02-06T10:40:00,2025-02-06,63,0.0,0.0,0.0,0.0,0.0,200.5829166666668,200.5829166666668,0.9549,0.0,1.43235,0.0,4.7745,957.6831356250005,0.0,0.0,957.6831356250005,957.68元,0.0,200.5829166666668
2025-02-06T10:40:00,2025-02-06T10:50:00,2025-02-06,64,0.0,0.0,0.0,0.0,0.0,131.35674999999998,131.35674999999998,0.9839,0.0,1.4758499999999999,0.0,4.9195,646.2095316249998,0.0,0.0,646.2095316249998,646.21元,0.0,131.35674999999998
2025-02-06T10:50:00,2025-02-06T11:00:00,2025-02-06,65,52.64577514225928,52.64577514225928,0.0,52.64577514225928,0.0,34.17487485774063,86.82064999999992,0.799,42.06397433866517,1.1985000000000001,0.0,3.995,136.52862505667383,0.0,0.0,178.592599395339,178.59元,0.0,86.82064999999992
2025-02-06T11:00:00,2025-02-06T11:10:00,2025-02-06,66,1066.9102847733088,976.6560246484637,0.0,976.6560246484637,-90.25426012484513,0.0,976.6560246484637,0.5025,490.76965238585296,0.7537499999999999,0.0,2.5124999999999997,0.0,0.0,0.0,490.76965238585296,490.77元,0.0,976.6560246484637
2025-02-06T11:10:00,2025-02-06T11:20:00,2025-02-06,67,1078.5745692712703,988.7443251035933,0.0,988.7443251035933,-89.83024416767705,0.0,988.7443251035933,0.4662,460.95260436329517,0.6993,0.0,2.331,0.0,0.0,0.0,460.95260436329517,460.95元,0.0,988.7443251035933
2025-02-06T11:20:00,2025-02-06T11:30:00,2025-02-06,68,1075.3614858143146,985.9180632894817,0.0,985.9180632894817,-89.44342252483295,0.0,985.9180632894817,0.5007,493.6491742890435,0.75105,0.0,2.5035000000000003,0.0,0.0,0.0,493.6491742890435,493.65元,0.0,985.9180632894817
2025-02-06T11:30:00,2025-02-06T11:40:00,2025-02-06,69,1055.1950127041514,966.2059508901737,0.0,966.2059508901737,-88.98906181397774,0.0,966.2059508901737,0.4827,466.38761249468683,0.7240500000000001,0.0,2.4135,0.0,0.0,0.0,466.38761249468683,466.39元,0.0,966.2059508901737
2025-02-06T11:40:00,2025-02-06T11:50:00,2025-02-06,70,1050.4090589343123,961.9071867325846,0.0,961.9071867325846,-88.50187220172768,0.0,961.9071867325846,0.4785,460.2725888515417,0.71775,0.0,2.3925,0.0,0.0,0.0,460.2725888515417,460.27元,0.0,961.9071867325846
2025-02-06T11:50:00,2025-02-06T12:00:00,2025-02-06,71,1033.538233941099,945.4434555332056,0.0,945.4434555332056,-88.09477840789339,0.0,945.4434555332056,0.4662,440.7657389695804,0.6993,0.0,2.331,0.0,0.0,0.0,440.7657389695804,440.77元,0.0,945.4434555332056
2025-02-06T12:00:00,2025-02-06T12:10:00,2025-02-06,72,989.8210088680918,811.1402743906461,0.0,811.1402743906461,-178.68073447744564,0.0,811.1402743906461,0.4432,359.49736960993437,0.6648,0.0,2.2159999999999997,0.0,1863.8299248983708,413.02471135747896,772.5220809674133,772.52元,0.0,811.1402743906461
2025-02-06T12:10:00,2025-02-06T12:20:00,2025-02-06,73,958.4860938767661,781.1859125047705,0.0,781.1859125047705,-177.30018137199556,0.0,781.1859125047705,0.4411,344.5811060058543,0.66165,0.0,2.2055,0.0,0.0,0.0,344.5811060058543,344.58元,0.0,781.1859125047705
2025-02-06T12:20:00,2025-02-06T12:30:00,2025-02-06,74,972.6918746440618,796.3620656511422,0.0,796.3620656511422,-176.32980899291965,0.0,796.3620656511422,0.4551,362.42437607783484,0.68265,0.0,2.2755,0.0,0.0,0.0,362.42437607783484,362.42元,0.0,796.3620656511422
2025-02-06T12:30:00,2025-02-06T12:40:00,2025-02-06,75,996.7404106682463,821.0001588226502,0.0,821.0001588226502,-175.74025184559616,0.0,821.0001588226502,0.4463,366.41237088254877,0.66945,0.0,2.2315,0.0,0.0,0.0,366.41237088254877,366.41元,0.0,821.0001588226502
2025-02-06T12:40:00,2025-02-06T12:50:00,2025-02-06,76,960.6942744283859,785.8617413343906,0.0,785.8617413343906,-174.83253309399538,0.0,785.8617413343906,0.4113,323.2249342108348,0.61695,0.0,2.0564999999999998,0.0,0.0,0.0,323.2249342108348,323.22元,0.0,785.8617413343906
2025-02-06T12:50:00,2025-02-06T13:00:00,2025-02-06,77,919.3103126416063,786.0756348872227,0.0,786.0756348872227,-133.2346777543836,0.0,786.0756348872227,0.5682,446.64817574292,0.8523000000000001,0.0,2.841,0.0,0.0,0.0,446.64817574292,446.65元,0.0,786.0756348872227
2025-02-06T13:00:00,2025-02-06T13:10:00,2025-02-06,78,296.8976727766012,132.22940066948036,0.0,132.22940066948036,-164.66827210712086,0.0,132.22940066948036,0.8279,109.47272081426279,1.24185,0.0,4.1395,0.0,0.0,0.0,109.47272081426279,109.47元,0.0,132.22940066948036
2025-02-06T13:10:00,2025-02-06T13:20:00,2025-02-06,79,327.7527838562178,0.0,0.0,0.0,-327.7527838562178,0.0,0.0,0.8636,0.0,1.2954,0.0,4.3180000000000005,0.0,0.0,0.0,0.0,0.00元,0.0,0.0
2025-02-06T13:20:00,2025-02-06T13:30:00,2025-02-06,80,320.5390508279147,158.73596671113887,0.0,158.73596671113887,-161.80308411677584,0.0,158.73596671113887,0.8416,133.59218958409448,1.2624,0.0,4.208,0.0,0.0,0.0,133.59218958409448,133.59元,0.0,158.73596671113887
2025-02-06T13:30:00,2025-02-06T13:40:00,2025-02-06,81,299.3348944554672,139.1525598985911,0.0,139.1525598985911,-160.18233455687607,0.0,139.1525598985911,0.8618,119.92167612060582,1.2927,0.0,4.309,0.0,0.0,0.0,119.92167612060582,119.92元,0.0,139.1525598985911
2025-02-06T13:40:00,2025-02-06T13:50:00,2025-02-06,82,300.50088625433943,141.76507343799904,0.0,141.76507343799904,-158.7358128163404,0.0,141.76507343799904,0.8623,122.24402282558655,1.29345,0.0,4.3115,0.0,0.0,0.0,122.24402282558655,122.24元,0.0,141.76507343799904
2025-02-06T13:50:00,2025-02-06T14:00:00,2025-02-06,83,324.2174533274904,0.0,0.0,0.0,-324.2174533274904,0.0,0.0,0.9026,0.0,1.3538999999999999,0.0,4.513,0.0,0.0,0.0,0.0,0.00元,0.0,0.0
2025-02-06T14:00:00,2025-02-06T14:10:00,2025-02-06,84,0.0,0.0,0.0,0.0,0.0,0.0,0.0,0.9754,0.0,1.4631,0.0,4.877000000000001,0.0,0.0,0.0,0.0,0.00元,0.0,0.0
2025-02-06T14:10:00,2025-02-06T14:20:00,2025-02-06,85,0.0,0.0,0.0,0.0,0.0,0.0,0.0,1.0002,0.0,1.5003,0.0,5.0009999999999994,0.0,0.0,0.0,0.0,0.00元,0.0,0.0
2025-02-06T14:20:00,2025-02-06T14:30:00,2025-02-06,86,0.0,0.0,0.0,0.0,0.0,0.0,0.0,0.9978,0.0,1.4967000000000001,0.0,4.989,0.0,0.0,0.0,0.0,0.00元,0.0,0.0
2025-02-06T14:30:00,2025-02-06T14:40:00,2025-02-06,87,0.0,0.0,0.0,0.0,0.0,0.0,0.0,1.0271,0.0,1.5406499999999999,0.0,5.1354999999999995,0.0,0.0,0.0,0.0,0.00元,0.0,0.0
2025-02-06T14:40:00,2025-02-06T14:50:00,2025-02-06,88,0.0,0.0,0.0,0.0,0.0,0.0,0.0,1.0906,0.0,1.6359,0.0,5.453,0.0,0.0,0.0,0.0,0.00元,0.0,0.0
2025-02-06T14:50:00,2025-02-06T15:00:00,2025-02-06,89,0.0,0.0,0.0,0.0,0.0,0.0,0.0,0.9376,0.0,1.4064,0.0,4.688,0.0,0.0,0.0,0.0,0.00元,0.0,0.0
2025-02-06T15:00:00,2025-02-06T15:10:00,2025-02-06,90,1516.3353121836699,1390.9022632675565,0.0,1390.9022632675565,-125.43304891611342,0.0,1390.9022632675565,0.6694,931.0699750313023,1.0041,0.0,3.347,0.0,0.0,0.0,931.0699750313023,931.07元,0.0,1390.9022632675565
2025-02-06T15:10:00,2025-02-06T15:20:00,2025-02-06,91,1524.6161632146145,1401.6804692480691,0.0,1401.6804692480691,-122.93569396654539,0.0,1401.6804692480691,0.66,925.1091097037257,0.99,0.0,3.3000000000000003,0.0,0.0,0.0,925.1091097037257,925.11元,0.0,1401.6804692480691
2025-02-06T15:20:00,2025-02-06T15:30:00,2025-02-06,92,1530.2175645808602,1409.7701898764076,0.0,1409.7701898764076,-120.44737470445261,0.0,1409.7701898764076,0.7217,1017.4311460338033,1.08255,0.0,3.6085000000000003,0.0,0.0,0.0,1017.4311460338033,1017.43元,0.0,1409.7701898764076
2025-02-06T15:30:00,2025-02-06T15:40:00,2025-02-06,93,1543.6243829504215,1425.9730773674924,0.0,1425.9730773674924,-117.65130558292913,0.0,1425.9730773674924,0.7308,1042.1011249401633,1.0962,0.0,3.654,0.0,0.0,0.0,1042.1011249401633,1042.10元,0.0,1425.9730773674924
2025-02-06T15:40:00,2025-02-06T15:50:00,2025-02-06,94,1171.151477367337,1041.4962099437053,0.0,1041.4962099437053,-129.6552674236318,0.0,1041.4962099437053,0.7534,784.6632445715875,1.1300999999999999,0.0,3.767,0.0,0.0,0.0,784.6632445715875,784.66元,0.0,1041.4962099437053
2025-02-06T15:50:00,2025-02-06T16:00:00,2025-02-06,95,747.6182554675242,635.6059755701936,0.0,635.6059755701936,-112.0122798973307,0.0,635.6059755701936,0.7823,497.2345546885624,1.1734499999999999,0.0,3.9115,0.0,0.0,0.0,497.2345546885624,497.23元,0.0,635.6059755701936
2025-02-06T16:00:00,2025-02-06T16:10:00,2025-02-06,96,871.0365491697426,831.5706141434912,0.0,831.5706141434912,-39.46593502625137,0.0,831.5706141434912,0.8055,669.8301296925821,1.20825,0.0,4.0275,0.0,0.0,0.0,669.8301296925821,669.83元,0.0,831.5706141434912
2025-02-06T16:10:00,2025-02-06T16:20:00,2025-02-06,97,922.1241258353328,885.5290599070286,0.0,885.5290599070286,-36.59506592830428,0.0,885.5290599070286,0.8271,732.4210854491033,1.24065,0.0,4.1354999999999995,0.0,0.0,0.0,732.4210854491033,732.42元,0.0,885.5290599070286
2025-02-06T16:20:00,2025-02-06T16:30:00,2025-02-06,98,937.3572772639843,903.5557867655733,0.0,903.5557867655733,-33.801490498411,0.0,903.5557867655733,0.8519,769.7391747455919,1.27785,0.0,4.2595,0.0,0.0,0.0,769.7391747455919,769.74元,0.0,903.5557867655733
2025-02-06T16:30:00,2025-02-06T16:40:00,2025-02-06,99,913.5676760798897,882.4846987096244,0.0,882.4846987096244,-31.082977370265326,0.0,882.4846987096244,0.8791,775.7922986356308,1.3186499999999999,0.0,4.3955,0.0,0.0,0.0,775.7922986356308,775.79元,0.0,882.4846987096244
2025-02-06T16:40:00,2025-02-06T16:50:00,2025-02-06,100,936.974416680559,908.6685503892711,0.0,908.6685503892711,-28.305866291287884,0.0,908.6685503892711,0.9024,819.9824998712783,1.3536,0.0,4.512,0.0,0.0,0.0,819.9824998712783,819.98元,0.0,908.6685503892711
2025-02-06T16:50:00,2025-02-06T17:00:00,2025-02-06,101,970.1201674829656,944.4230446397141,0.0,944.4230446397141,-25.697122843251464,0.0,944.4230446397141,0.9163,865.37483580337,1.37445,0.0,4.5815,0.0,0.0,0.0,865.37483580337,865.37元,0.0,944.4230446397141
2025-02-06T17:00:00,2025-02-06T17:10:00,2025-02-06,102,1025.3015111978968,1008.2146496140102,0.0,1008.2146496140102,-17.086861583886616,0.0,1008.2146496140102,0.9264,934.0100514024191,1.3896,0.0,4.632,0.0,0.0,0.0,934.0100514024191,934.01元,0.0,1008.2146496140102
2025-02-06T17:10:00,2025-02-06T17:20:00,2025-02-06,103,1032.169519635785,1017.5198138238824,0.0,1017.5198138238824,-14.649705811902663,0.0,1017.5198138238824,0.9462,962.7772478401575,1.4193,0.0,4.731,0.0,0.0,0.0,962.7772478401575,962.78元,0.0,1017.5198138238824
2025-02-06T17:20:00,2025-02-06T17:30:00,2025-02-06,104,1031.8684569151026,1018.4717327170381,0.0,1018.4717327170381,-13.396724198064476,0.0,1018.4717327170381,0.9742,992.1951620129385,1.4613,0.0,4.8709999999999996,0.0,0.0,0.0,992.1951620129385,992.20元,0.0,1018.4717327170381
2025-02-06T17:30:00,2025-02-06T17:40:00,2025-02-06,105,1044.827163470725,1031.8258571624788,0.0,1031.8258571624788,-13.001306308246285,0.0,1031.8258571624788,0.9862,1017.5866603336365,1.4792999999999998,0.0,4.931,0.0,0.0,0.0,1017.5866603336365,1017.59元,0.0,1031.8258571624788
2025-02-06T17:40:00,2025-02-06T17:50:00,2025-02-06,106,1064.81219412865,1052.1422116887654,0.0,1052.1422116887654,-12.669982439884507,0.0,1052.1422116887654,0.976,1026.890798608235,1.464,0.0,4.88,0.0,0.0,0.0,1026.890798608235,1026.89元,0.0,1052.1422116887654
2025-02-06T17:50:00,2025-02-06T18:00:00,2025-02-06,107,934.43052235657,922.131813546127,0.0,922.131813546127,-12.298708810443031,0.0,922.131813546127,1.0742,990.5539941112496,1.6113,0.0,5.371,0.0,0.0,0.0,990.5539941112496,990.55元,0.0,922.131813546127
2025-02-06T18:00:00,2025-02-06T18:10:00,2025-02-06,108,731.0919513946446,719.1301721428575,0.787461190475824,719.9176333333334,-11.174318061311283,0.0,719.9176333333334,1.2313,885.4649809595005,1.84695,1.454401445749323,6.1565,0.0,0.0,0.0,886.9193824052498,886.92元,0.0,719.9176333333334
2025-02-06T18:10:00,2025-02-06T18:20:00,2025-02-06,109,709.6896344355761,698.0537701452694,0.7654645348197846,698.8192346800892,-10.870399755486915,0.0,698.8192346800892,1.2561,876.8253406794729,1.88415,1.442250003280697,6.2805,0.0,0.0,0.0,878.2675906827535,878.27元,0.0,698.8192346800892
2025-02-06T18:20:00,2025-02-06T18:30:00,2025-02-06,110,746.5545097969821,735.2391514487816,0.7449063695272571,735.9840578183089,-10.57045197867319,0.0,735.9840578183089,1.2447,915.1521718082985,1.8670499999999999,1.3907774372258652,6.2235,0.0,0.0,0.0,916.5429492455243,916.54元,0.0,735.9840578183089
2025-02-06T18:30:00,2025-02-06T18:40:00,2025-02-06,111,746.6314391362732,735.6260709466376,0.7244992700346984,736.3505702166723,-10.280868919600948,0.0,736.3505702166723,1.2545,922.8429060025568,1.8817499999999998,1.3633265013877935,6.2725,0.0,0.0,0.0,924.2062325039445,924.21元,0.0,736.3505702166723
2025-02-06T18:40:00,2025-02-06T18:50:00,2025-02-06,112,736.513262461902,725.8092640438532,0.7046208239534053,726.5138848678066,-9.999377594095336,0.0,726.5138848678066,1.2522,908.8583604357129,1.8782999999999999,1.323489293631681,6.261,0.0,0.0,0.0,910.1818497293448,910.18元,0.0,726.5138848678066
2025-02-06T18:50:00,2025-02-06T19:00:00,2025-02-06,113,68.1573049153775,50.76041506199738,211.74162975624387,262.50204481824125,194.34473990286375,0.0,262.50204481824125,1.2881,65.38449064135882,1.93215,409.11658993352665,6.4405,0.0,0.0,0.0,474.50108057488546,474.50元,0.0,262.50204481824125
2025-02-06T19:00:00,2025-02-06T19:10:00,2025-02-06,114,16.328617960266456,8.813488266465356,0.0,8.813488266465356,-7.5151296938011,0.0,8.813488266465356,1.3466,11.868243299622248,2.0199,0.0,6.7330000000000005,0.0,0.0,0.0,11.868243299622248,11.87元,0.0,8.813488266465356
2025-02-06T19:10:00,2025-02-06T19:20:00,2025-02-06,115,15.176645268276957,1.6866640496217542,13.473829870680333,15.160493920302088,-0.016151347974869168,0.0,15.160493920302088,1.3523,2.2808757943034985,2.0284500000000003,27.330990201181525,6.7615,0.0,0.0,0.0,29.611865995485022,29.61元,0.0,15.160493920302088
2025-02-06T19:20:00,2025-02-06T19:30:00,2025-02-06,116,40.05601643067928,33.8167642405607,0.0,33.8167642405607,-6.239252190118577,0.0,33.8167642405607,1.3445,45.46663952143386,2.01675,0.0,6.7225,0.0,0.0,0.0,45.46663952143386,45.47元,0.0,33.8167642405607
2025-02-06T19:30:00,2025-02-06T19:40:00,2025-02-06,117,46.41959073853286,40.96729390985206,0.9243370047996677,41.89163091465173,-4.527959823881133,0.0,41.89163091465173,1.3483,55.23620237865354,2.02245,1.8694253753570882,6.7415,0.0,0.0,0.0,57.10562775401062,57.11元,0.0,41.89163091465173
2025-02-06T19:40:00,2025-02-06T19:50:00,2025-02-06,118,48.68585552049228,38.157049139456376,2.088312442709139,40.245361582165515,-8.440493938326767,0.0,40.245361582165515,1.349,51.47385928912665,2.0235,4.225700227821942,6.745,0.0,0.0,0.0,55.69955951694859,55.70元,0.0,40.245361582165515
2025-02-06T19:50:00,2025-02-06T20:00:00,2025-02-06,119,36.097788045341304,29.575697268336057,2.7694357695487497,32.34513303788481,-3.7526550074564966,0.0,32.34513303788481,1.3473,39.847336929629165,2.02095,5.596891218469546,6.7364999999999995,0.0,0.0,0.0,45.444228148098716,45.44元,0.0,32.34513303788481
2025-02-06T20:00:00,2025-02-06T20:10:00,2025-02-06,120,17.240967052377982,6.124125153705563,10.531757750486463,16.655882904192026,-0.5850841481859561,0.0,16.655882904192026,1.3482,8.256545532225841,2.0223,21.298373698808774,6.7410000000000005,0.0,0.0,0.0,29.554919231034617,29.55元,0.0,16.655882904192026
2025-02-06T20:10:00,2025-02-06T20:20:00,2025-02-06,121,17.69968148281862,13.400540042727243,0.0,13.400540042727243,-4.299141440091375,0.0,13.400540042727243,1.3513,18.108149759737323,2.02695,0.0,6.7565,0.0,0.0,0.0,18.108149759737323,18.11元,0.0,13.400540042727243
2025-02-06T20:20:00,2025-02-06T20:30:00,2025-02-06,122,17.3263684795229,15.713236508482169,0.0,15.713236508482169,-1.6131319710407297,0.0,15.713236508482169,1.34,21.05573692136611,2.0100000000000002,0.0,6.7,0.0,0.0,0.0,21.05573692136611,21.06元,0.0,15.713236508482169
2025-02-06T20:30:00,2025-02-06T20:40:00,2025-02-06,123,35.35763345929843,23.581741201376644,9.800771891550198,33.38251309292684,-1.9751203663715842,0.0,33.38251309292684,1.3489,31.809410706536955,2.0233499999999998,19.830391806768095,6.7445,0.0,0.0,0.0,51.63980251330505,51.64元,0.0,33.38251309292684
2025-02-06T20:40:00,2025-02-06T20:50:00,2025-02-06,124,17.55761398206755,11.881277114709974,0.0,11.881277114709974,-5.676336867357577,0.0,11.881277114709974,1.3952,16.576757830443356,2.0928,0.0,6.976,0.0,0.0,0.0,16.576757830443356,16.58元,0.0,11.881277114709974
2025-02-06T20:50:00,2025-02-06T21:00:00,2025-02-06,125,741.0793216694655,733.619777701054,0.4910725444874515,734.1108502455414,-6.968471423924029,0.0,734.1108502455414,1.2226,896.9235402173085,1.8338999999999999,0.9005779393355373,6.1129999999999995,0.0,0.0,0.0,897.8241181566441,897.82元,0.0,734.1108502455414
2025-02-06T21:00:00,2025-02-06T21:10:00,2025-02-06,126,797.6659064141969,795.435769216815,0.0,795.435769216815,-2.230137197381964,0.0,795.435769216815,0.9332,742.3006598331317,1.3998,0.0,4.666,0.0,0.0,0.0,742.3006598331317,742.30元,0.0,795.435769216815
2025-02-06T21:10:00,2025-02-06T21:20:00,2025-02-06,127,723.3397637047026,720.9078560645215,0.0,720.9078560645215,-2.431907640181066,0.0,720.9078560645215,0.9068,653.7192438793081,1.3602,0.0,4.534000000000001,0.0,0.0,0.0,653.7192438793081,653.72元,0.0,720.9078560645215
2025-02-06T21:20:00,2025-02-06T21:30:00,2025-02-06,128,707.7693034396079,700.906191675789,0.0,700.906191675789,-6.8631117638188925,0.0,700.906191675789,0.9371,656.819192219382,1.40565,0.0,4.6855,0.0,0.0,0.0,656.819192219382,656.82元,0.0,700.906191675789
2025-02-06T21:30:00,2025-02-06T21:40:00,2025-02-06,129,735.7494744125659,730.7641351464002,0.0,730.7641351464002,-4.985339266165624,0.0,730.7641351464002,0.9371,684.7990710456917,1.40565,0.0,4.6855,0.0,0.0,0.0,684.7990710456917,684.80元,0.0,730.7641351464002
2025-02-06T21:40:00,2025-02-06T21:50:00,2025-02-06,130,741.7345349060172,736.0742057919839,0.0,736.0742057919839,-5.6603291140332885,0.0,736.0742057919839,0.9871,726.5788485372673,1.48065,0.0,4.9355,0.0,0.0,0.0,726.5788485372673,726.58元,0.0,736.0742057919839
2025-02-06T21:50:00,2025-02-06T22:00:00,2025-02-06,131,704.9184305231388,704.9184305231388,0.0,704.9184305231388,0.0,0.0,704.9184305231388,0.7764,547.2986694581649,1.1646,0.0,3.8819999999999997,0.0,0.0,0.0,547.2986694581649,547.30元,0.0,704.9184305231388
2025-02-06T22:00:00,2025-02-06T22:10:00,2025-02-06,132,1415.954188148493,1409.8128059065366,0.0,1409.8128059065366,-6.1413822419563076,0.0,1409.8128059065366,0.4209,593.3902100060612,0.63135,0.0,2.1045,0.0,0.0,0.0,593.3902100060612,593.39元,7.55113924986994,1402.2616666566666
2025-02-06T22:10:00,2025-02-06T22:20:00,2025-02-06,133,1391.3537162616678,1385.3805803974583,0.0,1385.3805803974583,-5.973135864209553,0.0,1385.3805803974583,0.3859,534.6183659753792,0.5788500000000001,0.0,1.9295,0.0,0.0,0.0,534.6183659753792,534.62元,4.277447074124885,1381.1031333233334
2025-02-06T22:20:00,2025-02-06T22:30:00,2025-02-06,134,567.6523521957319,567.6523521957319,0.0,567.6523521957319,0.0,0.0,567.6523521957319,0.4368,247.9505474390957,0.6552,0.0,2.184,0.0,0.0,0.0,247.9505474390957,247.95元,0.0,567.6523521957319
2025-02-06T22:30:00,2025-02-06T22:40:00,2025-02-06,135,1395.3443495829517,1389.694005153136,0.0,1389.694005153136,-5.650344429815732,0.0,1389.694005153136,0.4198,583.3935433632865,0.6297,0.0,2.099,0.0,0.0,0.0,583.3935433632865,583.39元,2.682338496469348,1387.0116666566666
2025-02-06T22:40:00,2025-02-06T22:50:00,2025-02-06,136,1404.8746310086049,1399.3790807189166,0.0,1399.3790807189166,-5.4955502896882535,0.0,1399.3790807189166,0.4186,585.7800831889385,0.6279,0.0,2.093,0.0,0.0,0.0,585.7800831889385,585.78元,0.0,1399.3790807189166
2025-02-06T22:50:00,2025-02-06T23:00:00,2025-02-06,137,1397.4076571834985,1392.06266036753,0.0,1392.06266036753,-5.344996815968443,0.0,1392.06266036753,0.4241,590.3737742618695,0.63615,0.0,2.1205,0.0,0.0,0.0,590.3737742618695,590.37元,0.0,1392.06266036753
2025-02-06T23:00:00,2025-02-06T23:10:00,2025-02-06,138,1381.7055861163317,1376.5070182829477,0.0,1376.5070182829477,-5.198567833384004,0.0,1376.5070182829477,0.4237,583.2260236464849,0.6355500000000001,0.0,2.1185,0.0,0.0,0.0,583.2260236464849,583.23元,0.0,1376.5070182829477
2025-02-06T23:10:00,2025-02-06T23:20:00,2025-02-06,139,1011.1942758121143,1011.1942758121143,0.0,1011.1942758121143,0.0,0.0,1011.1942758121143,0.4248,429.55532836498617,0.6372,0.0,2.124,0.0,0.0,0.0,429.55532836498617,429.56元,0.0,1011.1942758121143
2025-02-06T23:20:00,2025-02-06T23:30:00,2025-02-06,140,1422.6031366464622,1417.6855021797187,0.0,1417.6855021797187,-4.917634466743493,0.0,1417.6855021797187,0.424,601.0986529242007,0.636,0.0,2.12,0.0,0.0,0.0,601.0986529242007,601.10元,22.51355218971866,1395.17194999
2025-02-06T23:30:00,2025-02-06T23:40:00,2025-02-06,141,1428.9639249663514,1424.181011667175,0.0,1424.181011667175,-4.782913299176471,0.0,1424.181011667175,0.422,601.0043869235478,0.633,0.0,2.11,0.0,0.0,0.0,601.0043869235478,601.00元,44.006011677174904,1380.17499999
2025-02-06T23:40:00,2025-02-06T23:50:00,2025-02-06,142,1436.693336999696,1432.0414541112575,0.0,1432.0414541112575,-4.651882888438422,0.0,1432.0414541112575,0.424,607.1855765431732,0.636,0.0,2.12,0.0,0.0,0.0,607.1855765431732,607.19元,12.321070787924207,1419.7203833233334
2025-02-06T23:50:00,2025-02-07T00:00:00,2025-02-06,143,548.8825756580592,548.8825756580592,0.0,548.8825756580592,0.0,0.0,548.8825756580592,0.4271,234.42774806355706,0.6406499999999999,0.0,2.1355,0.0,0.0,0.0,234.42774806355706,234.43元,0.0,548.8825756580592
2025-02-07T00:00:00,2025-02-07T00:10:00,2025-02-06,144,447.25447500000007,447.25447500000007,0.0,447.25447500000007,0.0,0.0,447.25447500000007,0.4276,191.24601351,0.6414,0.0,2.138,0.0,0.0,0.0,191.24601351,191.25元,0.0,447.25447500000007
2025-02-07T00:10:00,2025-02-07T00:20:00,2025-02-07,1,763.5052513285971,763.5052513285971,0.0,763.5052513285971,0.0,0.0,763.5052513285971,0.4248,324.33703076438803,0.6372,0.0,2.124,0.0,0.0,0.0,324.33703076438803,324.34元,0.0,763.5052513285971
2025-02-07T00:20:00,2025-02-07T00:30:00,2025-02-07,2,1282.3984363480656,1282.3984363480656,0.0,1282.3984363480656,0.0,0.0,1282.3984363480656,0.4245,544.3781362297539,0.6367499999999999,0.0,2.1225,0.0,0.0,0.0,544.3781362297539,544.38元,23.79898635806557,1258.59944999
2025-02-07T00:30:00,2025-02-07T00:40:00,2025-02-07,3,476.0944827377046,476.0944827377046,0.0,476.0944827377046,0.0,0.0,476.0944827377046,0.4269,203.24473468072608,0.64035,0.0,2.1345,0.0,0.0,0.0,203.24473468072608,203.24元,0.0,476.0944827377046
2025-02-07T00:40:00,2025-02-07T00:50:00,2025-02-07,4,453.0931696999075,453.0931696999075,0.0,453.0931696999075,0.0,0.0,453.0931696999075,0.4272,193.5614020958005,0.6408,0.0,2.136,0.0,0.0,0.0,193.5614020958005,193.56元,0.0,453.0931696999075
2025-02-07T00:50:00,2025-02-07T01:00:00,2025-02-07,5,438.21479968474404,438.21479968474404,0.0,438.21479968474404,0.0,0.0,438.21479968474404,0.4271,187.16154094535418,0.6406499999999999,0.0,2.1355,0.0,0.0,0.0,187.16154094535418,187.16元,0.0,438.21479968474404
2025-02-07T01:00:00,2025-02-07T01:10:00,2025-02-07,6,450.39459271245846,450.39459271245846,0.0,450.39459271245846,0.0,0.0,450.39459271245846,0.4285,192.99408297728846,0.6427499999999999,0.0,2.1425,0.0,0.0,0.0,192.99408297728846,192.99元,0.0,450.39459271245846
2025-02-07T01:10:00,2025-02-07T01:20:00,2025-02-07,7,451.6801698418566,451.6801698418566,0.0,451.6801698418566,0.0,0.0,451.6801698418566,0.4311,194.71932121882438,0.64665,0.0,2.1555,0.0,0.0,0.0,194.71932121882438,194.72元,0.0,451.6801698418566
2025-02-07T01:20:00,2025-02-07T01:30:00,2025-02-07,8,441.4136608016618,441.4136608016618,0.0,441.4136608016618,0.0,0.0,441.4136608016618,0.4302,189.89615687687493,0.6453,0.0,2.1510000000000002,0.0,0.0,0.0,189.89615687687493,189.90元,0.0,441.4136608016618
2025-02-07T01:30:00,2025-02-07T01:40:00,2025-02-07,9,445.36011745160516,445.36011745160516,0.0,445.36011745160516,0.0,0.0,445.36011745160516,0.4279,190.56959425754184,0.64185,0.0,2.1395,0.0,0.0,0.0,190.56959425754184,190.57元,0.0,445.36011745160516
2025-02-07T01:40:00,2025-02-07T01:50:00,2025-02-07,10,483.60550807334903,483.60550807334903,0.0,483.60550807334903,0.0,0.0,483.60550807334903,0.4312,208.53069508122812,0.6468,0.0,2.156,0.0,0.0,0.0,208.53069508122812,208.53元,0.0,483.60550807334903
2025-02-07T01:50:00,2025-02-07T02:00:00,2025-02-07,11,491.5572283246722,491.5572283246722,0.0,491.5572283246722,0.0,0.0,491.5572283246722,0.4333,212.9917470330805,0.64995,0.0,2.1665,0.0,0.0,0.0,212.9917470330805,212.99元,0.0,491.5572283246722
2025-02-07T02:00:00,2025-02-07T02:10:00,2025-02-07,12,463.62415802367934,463.62415802367934,0.0,463.62415802367934,0.0,0.0,463.62415802367934,0.4311,199.86837452400815,0.64665,0.0,2.1555,0.0,0.0,0.0,199.86837452400815,199.87元,0.0,463.62415802367934
2025-02-07T02:10:00,2025-02-07T02:20:00,2025-02-07,13,458.6546104297887,458.6546104297887,0.0,458.6546104297887,0.0,0.0,458.6546104297887,0.4293,196.9004242575083,0.64395,0.0,2.1465,0.0,0.0,0.0,196.9004242575083,196.90元,0.0,458.6546104297887
2025-02-07T02:20:00,2025-02-07T02:30:00,2025-02-07,14,472.11775652158923,472.11775652158923,0.0,472.11775652158923,0.0,0.0,472.11775652158923,0.4324,204.1437179199352,0.6486000000000001,0.0,2.162,0.0,0.0,0.0,204.1437179199352,204.14元,0.0,472.11775652158923
2025-02-07T02:30:00,2025-02-07T02:40:00,2025-02-07,15,488.83855093831727,488.83855093831727,0.0,488.83855093831727,0.0,0.0,488.83855093831727,0.4367,213.47579519476315,0.6550499999999999,0.0,2.1835,0.0,0.0,0.0,213.47579519476315,213.48元,0.0,488.83855093831727
2025-02-07T02:40:00,2025-02-07T02:50:00,2025-02-07,16,501.897011251704,501.897011251704,0.0,501.897011251704,0.0,0.0,501.897011251704,0.4348,218.2248204922409,0.6522,0.0,2.174,0.0,0.0,0.0,218.2248204922409,218.22元,0.0,501.897011251704
2025-02-07T02:50:00,2025-02-07T03:00:00,2025-02-07,17,513.0815930682758,513.0815930682758,0.0,513.0815930682758,0.0,0.0,513.0815930682758,0.4335,222.42087059509754,0.65025,0.0,2.1675,0.0,0.0,0.0,222.42087059509754,222.42元,0.0,513.0815930682758
2025-02-07T03:00:00,2025-02-07T03:10:00,2025-02-07,18,526.806645962184,526.806645962184,0.0,526.806645962184,0.0,0.0,526.806645962184,0.4357,229.52965564572355,0.65355,0.0,2.1784999999999997,0.0,0.0,0.0,229.52965564572355,229.53元,0.0,526.806645962184
2025-02-07T03:10:00,2025-02-07T03:20:00,2025-02-07,19,542.1091935719761,542.1091935719761,0.0,542.1091935719761,0.0,0.0,542.1091935719761,0.4374,237.11856126838236,0.6561,0.0,2.1870000000000003,0.0,0.0,0.0,237.11856126838236,237.12元,0.0,542.1091935719761
2025-02-07T03:20:00,2025-02-07T03:30:00,2025-02-07,20,535.8107220280501,535.8107220280501,0.0,535.8107220280501,0.0,0.0,535.8107220280501,0.4371,234.2028665984607,0.65565,0.0,2.1854999999999998,0.0,0.0,0.0,234.2028665984607,234.20元,0.0,535.8107220280501
2025-02-07T03:30:00,2025-02-07T03:40:00,2025-02-07,21,510.0276650441947,510.0276650441947,0.0,510.0276650441947,0.0,0.0,510.0276650441947,0.4356,222.1680508932512,0.6534,0.0,2.178,0.0,0.0,0.0,222.1680508932512,222.17元,0.0,510.0276650441947
2025-02-07T03:40:00,2025-02-07T03:50:00,2025-02-07,22,494.2676740066248,494.2676740066248,0.0,494.2676740066248,0.0,0.0,494.2676740066248,0.4353,215.15471849508378,0.65295,0.0,2.1765,0.0,0.0,0.0,215.15471849508378,215.15元,0.0,494.2676740066248
2025-02-07T03:50:00,2025-02-07T04:00:00,2025-02-07,23,503.5379813939083,503.5379813939083,0.0,503.5379813939083,0.0,0.0,503.5379813939083,0.436,219.542559887744,0.654,0.0,2.18,0.0,0.0,0.0,219.542559887744,219.54元,0.0,503.5379813939083
2025-02-07T04:00:00,2025-02-07T04:10:00,2025-02-07,24,534.1603091945224,534.1603091945224,0.0,534.1603091945224,0.0,0.0,534.1603091945224,0.4378,233.85538336536192,0.6567000000000001,0.0,2.189,0.0,0.0,0.0,233.85538336536192,233.86元,0.0,534.1603091945224
2025-02-07T04:10:00,2025-02-07T04:20:00,2025-02-07,25,562.816811488769,562.816811488769,0.0,562.816811488769,0.0,0.0,562.816811488769,0.4401,247.6956787362072,0.66015,0.0,2.2005,0.0,0.0,0.0,247.6956787362072,247.70元,0.0,562.816811488769
2025-02-07T04:20:00,2025-02-07T04:30:00,2025-02-07,26,549.4385745284446,549.4385745284446,0.0,549.4385745284446,0.0,0.0,549.4385745284446,0.4389,241.14859036053434,0.65835,0.0,2.1945,0.0,0.0,0.0,241.14859036053434,241.15元,0.0,549.4385745284446
2025-02-07T04:30:00,2025-02-07T04:40:00,2025-02-07,27,516.3932801476635,516.3932801476635,0.0,516.3932801476635,0.0,0.0,516.3932801476635,0.4364,225.35402745644038,0.6546000000000001,0.0,2.182,0.0,0.0,0.0,225.35402745644038,225.35元,0.0,516.3932801476635
2025-02-07T04:40:00,2025-02-07T04:50:00,2025-02-07,28,524.872263338222,524.872263338222,0.0,524.872263338222,0.0,0.0,524.872263338222,0.4393,230.57638528448092,0.65895,0.0,2.1965000000000003,0.0,0.0,0.0,230.57638528448092,230.58元,0.0,524.872263338222
2025-02-07T04:50:00,2025-02-07T05:00:00,2025-02-07,29,528.418581364534,528.418581364534,0.0,528.418581364534,0.0,0.0,528.418581364534,0.4422,233.66669667939692,0.6633,0.0,2.211,0.0,0.0,0.0,233.66669667939692,233.67元,0.0,528.418581364534
2025-02-07T05:00:00,2025-02-07T05:10:00,2025-02-07,30,519.0728836267532,519.0728836267532,0.0,519.0728836267532,0.0,0.0,519.0728836267532,0.4395,228.13253235395803,0.65925,0.0,2.1975,0.0,0.0,0.0,228.13253235395803,228.13元,0.0,519.0728836267532
2025-02-07T05:10:00,2025-02-07T05:20:00,2025-02-07,31,538.4935113131205,538.4935113131205,0.0,538.4935113131205,0.0,0.0,538.4935113131205,0.4333,233.32923845197513,0.64995,0.0,2.1665,0.0,0.0,0.0,233.32923845197513,233.33元,0.0,538.4935113131205
2025-02-07T05:20:00,2025-02-07T05:30:00,2025-02-07,32,562.9893639217408,562.9893639217408,0.0,562.9893639217408,0.0,0.0,562.9893639217408,0.4439,249.91097864486076,0.66585,0.0,2.2195,0.0,0.0,0.0,249.91097864486076,249.91元,41.2657518174289,521.723612104312
2025-02-07T05:30:00,2025-02-07T05:40:00,2025-02-07,33,568.6215476809556,568.6215476809556,0.0,568.6215476809556,0.0,0.0,568.6215476809556,0.4301,244.56412765757898,0.64515,0.0,2.1505,0.0,0.0,0.0,244.56412765757898,244.56元,75.8548810061886,492.76666667476695
2025-02-07T05:40:00,2025-02-07T05:50:00,2025-02-07,34,1386.3424831170746,1386.3424831170746,0.0,1386.3424831170746,0.0,0.0,1386.3424831170746,0.3713,514.7489639813698,0.5569500000000001,0.0,1.8565,0.0,0.0,0.0,514.7489639813698,514.75元,874.564949775641,511.7775333414336
2025-02-07T05:50:00,2025-02-07T06:00:00,2025-02-07,35,25.009848537016808,25.009848537016808,0.0,25.009848537016808,0.0,0.0,25.009848537016808,0.5708,14.275621544929193,0.8562,0.0,2.854,0.0,0.0,0.0,14.275621544929193,14.28元,0.0,25.009848537016808
2025-02-07T06:00:00,2025-02-07T06:10:00,2025-02-07,36,0.0,0.0,0.0,0.0,0.0,0.0,0.0,0.9099,0.0,1.3648500000000001,0.0,4.5495,0.0,368.9278945605483,167.84374563032145,167.84374563032145,167.84元,0.0,0.0
2025-02-07T06:10:00,2025-02-07T06:20:00,2025-02-07,37,0.0,0.0,0.0,0.0,0.0,0.0,0.0,0.9368,0.0,1.4052,0.0,4.684,0.0,0.0,0.0,0.0,0.00元,0.0,0.0
2025-02-07T06:20:00,2025-02-07T06:30:00,2025-02-07,38,0.0,0.0,0.0,0.0,0.0,0.0,0.0,0.8758,0.0,1.3137,0.0,4.3790000000000004,0.0,0.0,0.0,0.0,0.00元,0.0,0.0
2025-02-07T06:30:00,2025-02-07T06:40:00,2025-02-07,39,0.0,0.0,0.0,0.0,0.0,0.0,0.0,0.8759,0.0,1.31385,0.0,4.3795,0.0,0.0,0.0,0.0,0.00元,0.0,0.0
2025-02-07T06:40:00,2025-02-07T06:50:00,2025-02-07,40,0.0,0.0,0.0,0.0,0.0,0.0,0.0,0.8601,0.0,1.29015,0.0,4.3004999999999995,0.0,0.0,0.0,0.0,0.00元,0.0,0.0
2025-02-07T06:50:00,2025-02-07T07:00:00,2025-02-07,41,0.0,0.0,0.0,0.0,0.0,0.0,0.0,0.8442,0.0,1.2663,0.0,4.221,0.0,0.0,0.0,0.0,0.00元,0.0,0.0
2025-02-07T07:00:00,2025-02-07T07:10:00,2025-02-07,42,0.0,0.0,0.0,0.0,0.0,0.0,0.0,0.8334,0.0,1.2501,0.0,4.167,0.0,0.0,0.0,0.0,0.00元,0.0,0.0
2025-02-07T07:10:00,2025-02-07T07:20:00,2025-02-07,43,0.0,0.0,0.0,0.0,0.0,0.0,0.0,0.8092,0.0,1.2138,0.0,4.046,0.0,0.0,0.0,0.0,0.00元,0.0,0.0
2025-02-07T07:20:00,2025-02-07T07:30:00,2025-02-07,44,0.0,0.0,0.0,0.0,0.0,0.0,0.0,0.7972,0.0,1.1958,0.0,3.986,0.0,0.0,0.0,0.0,0.00元,0.0,0.0
2025-02-07T07:30:00,2025-02-07T07:40:00,2025-02-07,45,0.0,0.0,0.0,0.0,0.0,0.0,0.0,0.7644,0.0,1.1465999999999998,0.0,3.822,0.0,0.0,0.0,0.0,0.00元,0.0,0.0
2025-02-07T07:40:00,2025-02-07T07:50:00,2025-02-07,46,0.0,0.0,0.0,0.0,0.0,0.0,0.0,0.6899,0.0,1.03485,0.0,3.4494999999999996,0.0,0.0,0.0,0.0,0.00元,0.0,0.0
2025-02-07T07:50:00,2025-02-07T08:00:00,2025-02-07,47,0.0,0.0,0.0,0.0,0.0,0.0,0.0,0.86,0.0,1.29,0.0,4.3,0.0,0.0,0.0,0.0,0.00元,0.0,0.0
2025-02-07T08:00:00,2025-02-07T08:10:00,2025-02-07,48,0.0,0.0,0.0,0.0,0.0,0.0,0.0,1.1617,0.0,1.74255,0.0,5.8084999999999996,0.0,0.0,0.0,0.0,0.00元,0.0,0.0
2025-02-07T08:10:00,2025-02-07T08:20:00,2025-02-07,49,0.0,0.0,0.0,0.0,0.0,0.0,0.0,1.1683,0.0,1.7524499999999998,0.0,5.8415,0.0,0.0,0.0,0.0,0.00元,0.0,0.0
2025-02-07T08:20:00,2025-02-07T08:30:00,2025-02-07,50,0.0,0.0,0.0,0.0,0.0,0.0,0.0,1.0956,0.0,1.6433999999999997,0.0,5.478,0.0,0.0,0.0,0.0,0.00元,0.0,0.0
2025-02-07T08:30:00,2025-02-07T08:40:00,2025-02-07,51,0.0,0.0,0.0,0.0,0.0,0.0,0.0,1.0849,0.0,1.6273499999999999,0.0,5.4245,0.0,0.0,0.0,0.0,0.00元,0.0,0.0
2025-02-07T08:40:00,2025-02-07T08:50:00,2025-02-07,52,0.0,0.0,0.0,0.0,0.0,0.0,0.0,1.061,0.0,1.5915,0.0,5.305,0.0,0.0,0.0,0.0,0.00元,0.0,0.0
2025-02-07T08:50:00,2025-02-07T09:00:00,2025-02-07,53,0.0,0.0,0.0,0.0,0.0,0.0,0.0,1.043,0.0,1.5644999999999998,0.0,5.215,0.0,0.0,0.0,0.0,0.00元,0.0,0.0
2025-02-07T09:00:00,2025-02-07T09:10:00,2025-02-07,54,0.0,0.0,0.0,0.0,0.0,0.0,0.0,1.036,0.0,1.554,0.0,5.18,0.0,0.0,0.0,0.0,0.00元,0.0,0.0
2025-02-07T09:10:00,2025-02-07T09:20:00,2025-02-07,55,0.0,0.0,0.0,0.0,0.0,0.0,0.0,1.0147,0.0,1.52205,0.0,5.073499999999999,0.0,0.0,0.0,0.0,0.00元,0.0,0.0
2025-02-07T09:20:00,2025-02-07T09:30:00,2025-02-07,56,0.0,0.0,0.0,0.0,0.0,0.0,0.0,0.9922,0.0,1.4883,0.0,4.961,0.0,0.0,0.0,0.0,0.00元,0.0,0.0
2025-02-07T09:30:00,2025-02-07T09:40:00,2025-02-07,57,0.0,0.0,0.0,0.0,0.0,0.0,0.0,0.97,0.0,1.455,0.0,4.85,0.0,0.0,0.0,0.0,0.00元,0.0,0.0
2025-02-07T09:40:00,2025-02-07T09:50:00,2025-02-07,58,0.0,0.0,0.0,0.0,0.0,0.0,0.0,0.9422,0.0,1.4133,0.0,4.711,0.0,0.0,0.0,0.0,0.00元,0.0,0.0
2025-02-07T09:50:00,2025-02-07T10:00:00,2025-02-07,59,0.0,0.0,0.0,0.0,0.0,0.0,0.0,0.9569,0.0,1.43535,0.0,4.7844999999999995,0.0,0.0,0.0,0.0,0.00元,0.0,0.0
2025-02-07T10:00:00,2025-02-07T10:10:00,2025-02-07,60,0.0,0.0,0.0,0.0,0.0,0.0,0.0,0.9977,0.0,1.49655,0.0,4.9885,0.0,0.0,0.0,0.0,0.00元,0.0,0.0
2025-02-07T10:10:00,2025-02-07T10:20:00,2025-02-07,61,0.0,0.0,0.0,0.0,0.0,0.0,0.0,0.9919,0.0,1.48785,0.0,4.9595,0.0,0.0,0.0,0.0,0.00元,0.0,0.0
2025-02-07T10:20:00,2025-02-07T10:30:00,2025-02-07,62,0.0,0.0,0.0,0.0,0.0,0.0,0.0,0.9588,0.0,1.4382,0.0,4.794,0.0,0.0,0.0,0.0,0.00元,0.0,0.0
2025-02-07T10:30:00,2025-02-07T10:40:00,2025-02-07,63,0.0,0.0,0.0,0.0,0.0,0.0,0.0,0.9549,0.0,1.43235,0.0,4.7745,0.0,0.0,0.0,0.0,0.00元,0.0,0.0
2025-02-07T10:40:00,2025-02-07T10:50:00,2025-02-07,64,0.0,0.0,0.0,0.0,0.0,0.0,0.0,0.9839,0.0,1.4758499999999999,0.0,4.9195,0.0,0.0,0.0,0.0,0.00元,0.0,0.0
2025-02-07T10:50:00,2025-02-07T11:00:00,2025-02-07,65,0.0,0.0,0.0,0.0,0.0,0.0,0.0,0.799,0.0,1.1985000000000001,0.0,3.995,0.0,0.0,0.0,0.0,0.00元,0.0,0.0
2025-02-07T11:00:00,2025-02-07T11:10:00,2025-02-07,66,0.0,0.0,0.0,0.0,0.0,0.0,0.0,0.5025,0.0,0.7537499999999999,0.0,2.5124999999999997,0.0,0.0,0.0,0.0,0.00元,0.0,0.0
2025-02-07T11:10:00,2025-02-07T11:20:00,2025-02-07,67,0.0,0.0,0.0,0.0,0.0,0.0,0.0,0.4662,0.0,0.6993,0.0,2.331,0.0,0.0,0.0,0.0,0.00元,0.0,0.0
2025-02-07T11:20:00,2025-02-07T11:30:00,2025-02-07,68,0.0,0.0,0.0,0.0,0.0,0.0,0.0,0.5007,0.0,0.75105,0.0,2.5035000000000003,0.0,0.0,0.0,0.0,0.00元,0.0,0.0
2025-02-07T11:30:00,2025-02-07T11:40:00,2025-02-07,69,0.0,0.0,0.0,0.0,0.0,0.0,0.0,0.4827,0.0,0.7240500000000001,0.0,2.4135,0.0,0.0,0.0,0.0,0.00元,0.0,0.0
2025-02-07T11:40:00,2025-02-07T11:50:00,2025-02-07,70,0.0,0.0,0.0,0.0,0.0,0.0,0.0,0.4785,0.0,0.71775,0.0,2.3925,0.0,0.0,0.0,0.0,0.00元,0.0,0.0
2025-02-07T11:50:00,2025-02-07T12:00:00,2025-02-07,71,0.0,0.0,0.0,0.0,0.0,0.0,0.0,0.4662,0.0,0.6993,0.0,2.331,0.0,0.0,0.0,0.0,0.00元,0.0,0.0
2025-02-07T12:00:00,2025-02-07T12:10:00,2025-02-07,72,0.0,0.0,0.0,0.0,0.0,0.0,0.0,0.4432,0.0,0.6648,0.0,2.2159999999999997,0.0,768.479157400069,170.29498127985528,170.29498127985528,170.29元,0.0,0.0
2025-02-07T12:10:00,2025-02-07T12:20:00,2025-02-07,73,0.0,0.0,0.0,0.0,0.0,0.0,0.0,0.4411,0.0,0.66165,0.0,2.2055,0.0,0.0,0.0,0.0,0.00元,0.0,0.0
2025-02-07T12:20:00,2025-02-07T12:30:00,2025-02-07,74,0.0,0.0,0.0,0.0,0.0,0.0,0.0,0.4551,0.0,0.68265,0.0,2.2755,0.0,0.0,0.0,0.0,0.00元,0.0,0.0
2025-02-07T12:30:00,2025-02-07T12:40:00,2025-02-07,75,0.0,0.0,0.0,0.0,0.0,0.0,0.0,0.4463,0.0,0.66945,0.0,2.2315,0.0,0.0,0.0,0.0,0.00元,0.0,0.0
2025-02-07T12:40:00,2025-02-07T12:50:00,2025-02-07,76,0.0,0.0,0.0,0.0,0.0,0.0,0.0,0.4113,0.0,0.61695,0.0,2.0564999999999998,0.0,0.0,0.0,0.0,0.00元,0.0,0.0
2025-02-07T12:50:00,2025-02-07T13:00:00,2025-02-07,77,0.0,0.0,0.0,0.0,0.0,0.0,0.0,0.5682,0.0,0.8523000000000001,0.0,2.841,0.0,0.0,0.0,0.0,0.00元,0.0,0.0
2025-02-07T13:00:00,2025-02-07T13:10:00,2025-02-07,78,0.0,0.0,0.0,0.0,0.0,0.0,0.0,0.8279,0.0,1.24185,0.0,4.1395,0.0,0.0,0.0,0.0,0.00元,0.0,0.0
2025-02-07T13:10:00,2025-02-07T13:20:00,2025-02-07,79,0.0,0.0,0.0,0.0,0.0,0.0,0.0,0.8636,0.0,1.2954,0.0,4.3180000000000005,0.0,0.0,0.0,0.0,0.00元,0.0,0.0
2025-02-07T13:20:00,2025-02-07T13:30:00,2025-02-07,80,0.0,0.0,0.0,0.0,0.0,0.0,0.0,0.8416,0.0,1.2624,0.0,4.208,0.0,0.0,0.0,0.0,0.00元,0.0,0.0
2025-02-07T13:30:00,2025-02-07T13:40:00,2025-02-07,81,0.0,0.0,0.0,0.0,0.0,0.0,0.0,0.8618,0.0,1.2927,0.0,4.309,0.0,0.0,0.0,0.0,0.00元,0.0,0.0
2025-02-07T13:40:00,2025-02-07T13:50:00,2025-02-07,82,0.0,0.0,0.0,0.0,0.0,0.0,0.0,0.8623,0.0,1.29345,0.0,4.3115,0.0,0.0,0.0,0.0,0.00元,0.0,0.0
2025-02-07T13:50:00,2025-02-07T14:00:00,2025-02-07,83,0.0,0.0,0.0,0.0,0.0,0.0,0.0,0.9026,0.0,1.3538999999999999,0.0,4.513,0.0,0.0,0.0,0.0,0.00元,0.0,0.0
2025-02-07T14:00:00,2025-02-07T14:10:00,2025-02-07,84,0.0,0.0,0.0,0.0,0.0,0.0,0.0,0.9754,0.0,1.4631,0.0,4.877000000000001,0.0,0.0,0.0,0.0,0.00元,0.0,0.0
2025-02-07T14:10:00,2025-02-07T14:20:00,2025-02-07,85,0.0,0.0,0.0,0.0,0.0,0.0,0.0,1.0002,0.0,1.5003,0.0,5.0009999999999994,0.0,0.0,0.0,0.0,0.00元,0.0,0.0
2025-02-07T14:20:00,2025-02-07T14:30:00,2025-02-07,86,0.0,0.0,0.0,0.0,0.0,0.0,0.0,0.9978,0.0,1.4967000000000001,0.0,4.989,0.0,0.0,0.0,0.0,0.00元,0.0,0.0
2025-02-07T14:30:00,2025-02-07T14:40:00,2025-02-07,87,0.0,0.0,0.0,0.0,0.0,0.0,0.0,1.0271,0.0,1.5406499999999999,0.0,5.1354999999999995,0.0,0.0,0.0,0.0,0.00元,0.0,0.0
2025-02-07T14:40:00,2025-02-07T14:50:00,2025-02-07,88,0.0,0.0,0.0,0.0,0.0,0.0,0.0,1.0906,0.0,1.6359,0.0,5.453,0.0,0.0,0.0,0.0,0.00元,0.0,0.0
2025-02-07T14:50:00,2025-02-07T15:00:00,2025-02-07,89,0.0,0.0,0.0,0.0,0.0,0.0,0.0,0.9376,0.0,1.4064,0.0,4.688,0.0,0.0,0.0,0.0,0.00元,0.0,0.0
2025-02-07T15:00:00,2025-02-07T15:10:00,2025-02-07,90,205.69058088899794,110.19679457928498,0.0,110.19679457928498,-95.49378630971296,0.0,110.19679457928498,0.6694,73.76573429137336,1.0041,0.0,3.347,0.0,0.0,0.0,73.76573429137336,73.77元,0.0,110.19679457928498
2025-02-07T15:10:00,2025-02-07T15:20:00,2025-02-07,91,301.6242678084792,139.2015851914549,0.0,139.2015851914549,-162.4226826170243,0.0,139.2015851914549,0.66,91.87304622636024,0.99,0.0,3.3000000000000003,0.0,0.0,0.0,91.87304622636024,91.87元,0.0,139.2015851914549
2025-02-07T15:20:00,2025-02-07T15:30:00,2025-02-07,92,255.25145877181433,164.46522471780904,0.0,164.46522471780904,-90.78623405400529,0.0,164.46522471780904,0.7217,118.69455267884278,1.08255,0.0,3.6085000000000003,0.0,0.0,0.0,118.69455267884278,118.69元,0.0,164.46522471780904
2025-02-07T15:30:00,2025-02-07T15:40:00,2025-02-07,93,262.8035142024089,174.39158925770204,0.0,174.39158925770204,-88.41192494470687,0.0,174.39158925770204,0.7308,127.44537342952864,1.0962,0.0,3.654,0.0,0.0,0.0,127.44537342952864,127.45元,0.0,174.39158925770204
2025-02-07T15:40:00,2025-02-07T15:50:00,2025-02-07,94,261.80588259714733,175.99150989905812,0.0,175.99150989905812,-85.81437269808922,0.0,175.99150989905812,0.7534,132.59200355795036,1.1300999999999999,0.0,3.767,0.0,0.0,0.0,132.59200355795036,132.59元,0.0,175.99150989905812
2025-02-07T15:50:00,2025-02-07T16:00:00,2025-02-07,95,264.5597555329849,181.28229353446613,0.0,181.28229353446613,-83.27746199851879,0.0,181.28229353446613,0.7823,141.81713823201287,1.1734499999999999,0.0,3.9115,0.0,0.0,0.0,141.81713823201287,141.82元,0.0,181.28229353446613
2025-02-07T16:00:00,2025-02-07T16:10:00,2025-02-07,96,410.165430572142,371.73053240299,0.0,371.73053240299,-38.43489816915201,0.0,371.73053240299,0.8055,299.42894385060845,1.20825,0.0,4.0275,0.0,0.0,0.0,299.42894385060845,299.43元,0.0,371.73053240299
2025-02-07T16:10:00,2025-02-07T16:20:00,2025-02-07,97,430.9817811188495,395.2115245362575,0.0,395.2115245362575,-35.77025658259197,0.0,395.2115245362575,0.8271,326.8794519439386,1.24065,0.0,4.1354999999999995,0.0,0.0,0.0,326.8794519439386,326.88元,0.0,395.2115245362575
2025-02-07T16:20:00,2025-02-07T16:30:00,2025-02-07,98,463.92221425431035,430.76318910857975,0.0,430.76318910857975,-33.159025145730595,0.0,430.76318910857975,0.8519,366.9671608015991,1.27785,0.0,4.2595,0.0,0.0,0.0,366.9671608015991,366.97元,0.0,430.76318910857975
2025-02-07T16:30:00,2025-02-07T16:40:00,2025-02-07,99,495.60441980036353,464.94067832068936,0.0,464.94067832068936,-30.663741479674172,0.0,464.94067832068936,0.8791,408.729350311718,1.3186499999999999,0.0,4.3955,0.0,0.0,0.0,408.729350311718,408.73元,0.0,464.94067832068936
2025-02-07T16:40:00,2025-02-07T16:50:00,2025-02-07,100,497.3773141918312,469.24713722985945,0.0,469.24713722985945,-28.130176961971756,0.0,469.24713722985945,0.9024,423.44861663622515,1.3536,0.0,4.512,0.0,0.0,0.0,423.44861663622515,423.45元,0.0,469.24713722985945
2025-02-07T16:50:00,2025-02-07T17:00:00,2025-02-07,101,453.87221196313163,428.1260887676375,0.0,428.1260887676375,-25.746123195494135,0.0,428.1260887676375,0.9163,392.29193513778625,1.37445,0.0,4.5815,0.0,0.0,0.0,392.29193513778625,392.29元,0.0,428.1260887676375
2025-02-07T17:00:00,2025-02-07T17:10:00,2025-02-07,102,444.64029446971716,426.92234958732155,0.0,426.92234958732155,-17.717944882395614,0.0,426.92234958732155,0.9264,395.5008646576947,1.3896,0.0,4.632,0.0,0.0,0.0,395.5008646576947,395.50元,0.0,426.92234958732155
2025-02-07T17:10:00,2025-02-07T17:20:00,2025-02-07,103,449.359721476427,433.916611462424,0.0,433.916611462424,-15.443110014003025,0.0,433.916611462424,0.9462,410.5718977657456,1.4193,0.0,4.731,0.0,0.0,0.0,410.5718977657456,410.57元,0.0,433.916611462424
2025-02-07T17:20:00,2025-02-07T17:30:00,2025-02-07,104,473.1398705139514,458.9633068622385,0.0,458.9633068622385,-14.176563651712911,0.0,458.9633068622385,0.9742,447.1220535451927,1.4613,0.0,4.8709999999999996,0.0,0.0,0.0,447.1220535451927,447.12元,0.0,458.9633068622385
2025-02-07T17:30:00,2025-02-07T17:40:00,2025-02-07,105,475.4361669059152,461.69951997429314,0.0,461.69951997429314,-13.736646931622033,0.0,461.69951997429314,0.9862,455.32806659864787,1.4792999999999998,0.0,4.931,0.0,0.0,0.0,455.32806659864787,455.33元,2.1444653434159653,459.5550546308772
2025-02-07T17:40:00,2025-02-07T17:50:00,2025-02-07,106,447.9121395555024,434.53418952144074,0.0,434.53418952144074,-13.377950034061655,0.0,434.53418952144074,0.976,424.10536897292616,1.464,0.0,4.88,0.0,0.0,0.0,424.10536897292616,424.11元,29.76292284667378,404.77126667476693
2025-02-07T17:50:00,2025-02-07T18:00:00,2025-02-07,107,249.36162969979412,64.3882448446115,0.0,64.3882448446115,-184.97338485518262,0.0,64.3882448446115,1.0742,69.16585261208168,1.6113,0.0,5.371,0.0,0.0,0.0,69.16585261208168,69.17元,0.0,64.3882448446115
2025-02-07T18:00:00,2025-02-07T18:10:00,2025-02-07,108,0.0,0.0,0.0,0.0,0.0,0.0,0.0,1.2313,0.0,1.84695,0.0,6.1565,0.0,42.508037816242904,26.170073481569947,26.170073481569947,26.17元,0.0,0.0
2025-02-07T18:10:00,2025-02-07T18:20:00,2025-02-07,109,0.0,0.0,0.0,0.0,0.0,0.0,0.0,1.2561,0.0,1.88415,0.0,6.2805,0.0,0.0,0.0,0.0,0.00元,0.0,0.0
2025-02-07T18:20:00,2025-02-07T18:30:00,2025-02-07,110,0.0,0.0,0.0,0.0,0.0,0.0,0.0,1.2447,0.0,1.8670499999999999,0.0,6.2235,0.0,0.0,0.0,0.0,0.00元,0.0,0.0
2025-02-07T18:30:00,2025-02-07T18:40:00,2025-02-07,111,0.0,0.0,0.0,0.0,0.0,0.0,0.0,1.2545,0.0,1.8817499999999998,0.0,6.2725,0.0,0.0,0.0,0.0,0.00元,0.0,0.0
2025-02-07T18:40:00,2025-02-07T18:50:00,2025-02-07,112,0.0,0.0,0.0,0.0,0.0,0.0,0.0,1.2522,0.0,1.8782999999999999,0.0,6.261,0.0,0.0,0.0,0.0,0.00元,0.0,0.0
2025-02-07T18:50:00,2025-02-07T19:00:00,2025-02-07,113,0.0,0.0,0.0,0.0,0.0,0.0,0.0,1.2881,0.0,1.93215,0.0,6.4405,0.0,0.0,0.0,0.0,0.00元,0.0,0.0
2025-02-07T19:00:00,2025-02-07T19:10:00,2025-02-07,114,0.0,0.0,0.0,0.0,0.0,0.0,0.0,1.3466,0.0,2.0199,0.0,6.7330000000000005,0.0,0.0,0.0,0.0,0.00元,0.0,0.0
2025-02-07T19:10:00,2025-02-07T19:20:00,2025-02-07,115,0.0,0.0,0.0,0.0,0.0,0.0,0.0,1.3523,0.0,2.0284500000000003,0.0,6.7615,0.0,0.0,0.0,0.0,0.00元,0.0,0.0
2025-02-07T19:20:00,2025-02-07T19:30:00,2025-02-07,116,0.0,0.0,0.0,0.0,0.0,0.0,0.0,1.3445,0.0,2.01675,0.0,6.7225,0.0,0.0,0.0,0.0,0.00元,0.0,0.0
2025-02-07T19:30:00,2025-02-07T19:40:00,2025-02-07,117,0.0,0.0,0.0,0.0,0.0,0.0,0.0,1.3483,0.0,2.02245,0.0,6.7415,0.0,0.0,0.0,0.0,0.00元,0.0,0.0
2025-02-07T19:40:00,2025-02-07T19:50:00,2025-02-07,118,0.0,0.0,0.0,0.0,0.0,0.0,0.0,1.349,0.0,2.0235,0.0,6.745,0.0,0.0,0.0,0.0,0.00元,0.0,0.0
2025-02-07T19:50:00,2025-02-07T20:00:00,2025-02-07,119,0.0,0.0,0.0,0.0,0.0,0.0,0.0,1.3473,0.0,2.02095,0.0,6.7364999999999995,0.0,0.0,0.0,0.0,0.00元,0.0,0.0
2025-02-07T20:00:00,2025-02-07T20:10:00,2025-02-07,120,0.0,0.0,0.0,0.0,0.0,0.0,0.0,1.3482,0.0,2.0223,0.0,6.7410000000000005,0.0,0.0,0.0,0.0,0.00元,0.0,0.0
2025-02-07T20:10:00,2025-02-07T20:20:00,2025-02-07,121,0.0,0.0,0.0,0.0,0.0,0.0,0.0,1.3513,0.0,2.02695,0.0,6.7565,0.0,0.0,0.0,0.0,0.00元,0.0,0.0
2025-02-07T20:20:00,2025-02-07T20:30:00,2025-02-07,122,0.0,0.0,0.0,0.0,0.0,0.0,0.0,1.34,0.0,2.0100000000000002,0.0,6.7,0.0,0.0,0.0,0.0,0.00元,0.0,0.0
2025-02-07T20:30:00,2025-02-07T20:40:00,2025-02-07,123,0.0,0.0,0.0,0.0,0.0,0.0,0.0,1.3489,0.0,2.0233499999999998,0.0,6.7445,0.0,0.0,0.0,0.0,0.00元,0.0,0.0
2025-02-07T20:40:00,2025-02-07T20:50:00,2025-02-07,124,0.0,0.0,0.0,0.0,0.0,0.0,0.0,1.3952,0.0,2.0928,0.0,6.976,0.0,0.0,0.0,0.0,0.00元,0.0,0.0
2025-02-07T20:50:00,2025-02-07T21:00:00,2025-02-07,125,0.0,0.0,0.0,0.0,0.0,0.0,0.0,1.2226,0.0,1.8338999999999999,0.0,6.1129999999999995,0.0,0.0,0.0,0.0,0.00元,0.0,0.0
2025-02-07T21:00:00,2025-02-07T21:10:00,2025-02-07,126,443.61119387052685,435.9456620976482,0.0,435.9456620976482,-7.665531772878637,0.0,435.9456620976482,0.9332,406.82449186952533,1.3998,0.0,4.666,0.0,0.0,0.0,406.82449186952533,406.82元,0.0,435.9456620976482
2025-02-07T21:10:00,2025-02-07T21:20:00,2025-02-07,127,459.2234403909486,457.15202418654474,0.0,457.15202418654474,-2.0714162044038744,0.0,457.15202418654474,0.9068,414.5454555323588,1.3602,0.0,4.534000000000001,0.0,0.0,0.0,414.5454555323588,414.55元,0.0,457.15202418654474
2025-02-07T21:20:00,2025-02-07T21:30:00,2025-02-07,128,493.61719472547867,486.36591236071854,0.0,486.36591236071854,-7.251282364760129,0.0,486.36591236071854,0.9371,455.7734964732294,1.40565,0.0,4.6855,0.0,0.0,0.0,455.7734964732294,455.77元,0.0,486.36591236071854
2025-02-07T21:30:00,2025-02-07T21:40:00,2025-02-07,129,514.0121159519052,506.9594862591046,0.0,506.9594862591046,-7.052629692800622,0.0,506.9594862591046,0.9371,475.07173457340696,1.40565,0.0,4.6855,0.0,0.0,0.0,475.07173457340696,475.07元,0.0,506.9594862591046
2025-02-07T21:40:00,2025-02-07T21:50:00,2025-02-07,130,460.76404981213864,455.75797074022216,0.0,455.75797074022216,-5.006079071916474,0.0,455.75797074022216,0.9871,449.8786929176733,1.48065,0.0,4.9355,0.0,0.0,0.0,449.8786929176733,449.88元,0.0,455.75797074022216
2025-02-07T21:50:00,2025-02-07T22:00:00,2025-02-07,131,443.1988544612535,443.1988544612535,0.0,443.1988544612535,0.0,0.0,443.1988544612535,0.7764,344.0995906037172,1.1646,0.0,3.8819999999999997,0.0,0.0,0.0,344.0995906037172,344.10元,0.0,443.1988544612535
2025-02-07T22:00:00,2025-02-07T22:10:00,2025-02-07,132,1238.0217519256073,1226.1119732661107,0.0,1226.1119732661107,-11.909778659496624,0.0,1226.1119732661107,0.4209,516.070529547706,0.63135,0.0,2.1045,0.0,0.0,0.0,516.070529547706,516.07元,21.498639942777338,1204.6133333233333
2025-02-07T22:10:00,2025-02-07T22:20:00,2025-02-07,133,1223.698297580683,1212.1147935349918,0.0,1212.1147935349918,-11.583504045691143,0.0,1212.1147935349918,0.3859,467.75509882515337,0.5788500000000001,0.0,1.9295,0.0,0.0,0.0,467.75509882515337,467.76元,25.675360211658464,1186.4394333233333
2025-02-07T22:20:00,2025-02-07T22:30:00,2025-02-07,134,397.39698740715,397.39698740715,0.0,397.39698740715,0.0,0.0,397.39698740715,0.4368,173.58300409944312,0.6552,0.0,2.184,0.0,0.0,0.0,173.58300409944312,173.58元,0.0,397.39698740715
2025-02-07T22:30:00,2025-02-07T22:40:00,2025-02-07,135,1237.1109112675845,1226.1533859324431,0.0,1226.1533859324431,-10.957525335141327,0.0,1226.1533859324431,0.4198,514.7391914144397,0.6297,0.0,2.099,0.0,0.0,0.0,514.7391914144397,514.74元,0.0,1226.1533859324431
2025-02-07T22:40:00,2025-02-07T22:50:00,2025-02-07,136,1235.9824588913493,1225.3251206922748,0.0,1225.3251206922748,-10.657338199074502,0.0,1225.3251206922748,0.4186,512.9210955217862,0.6279,0.0,2.093,0.0,0.0,0.0,512.9210955217862,512.92元,0.0,1225.3251206922748
2025-02-07T22:50:00,2025-02-07T23:00:00,2025-02-07,137,1234.751651086468,1224.4425333650147,0.0,1224.4425333650147,-10.309117721453276,0.0,1224.4425333650147,0.4241,519.2860784001027,0.63615,0.0,2.1205,0.0,0.0,0.0,519.2860784001027,519.29元,11.31053337501475,1213.13199999
2025-02-07T23:00:00,2025-02-07T23:10:00,2025-02-07,138,1239.4426420353882,1229.361232052632,0.0,1229.361232052632,-10.081409982756213,0.0,1229.361232052632,0.4237,520.8803540207002,0.6355500000000001,0.0,2.1185,0.0,0.0,0.0,520.8803540207002,520.88元,0.0,1229.361232052632
2025-02-07T23:10:00,2025-02-07T23:20:00,2025-02-07,139,413.87631971400543,413.87631971400543,0.0,413.87631971400543,0.0,0.0,413.87631971400543,0.4248,175.8146606145095,0.6372,0.0,2.124,0.0,0.0,0.0,175.8146606145095,175.81元,0.0,413.87631971400543
2025-02-07T23:20:00,2025-02-07T23:30:00,2025-02-07,140,1242.871094646116,1233.3344894129966,0.0,1233.3344894129966,-9.536605233119417,0.0,1233.3344894129966,0.424,522.9338235111105,0.636,0.0,2.12,0.0,0.0,0.0,522.9338235111105,522.93元,0.0,1233.3344894129966
2025-02-07T23:30:00,2025-02-07T23:40:00,2025-02-07,141,1238.226565114468,1228.951220168245,0.0,1228.951220168245,-9.275344946222958,0.0,1228.951220168245,0.422,518.6174149109994,0.633,0.0,2.11,0.0,0.0,0.0,518.6174149109994,518.62元,0.0,1228.951220168245
2025-02-07T23:40:00,2025-02-07T23:50:00,2025-02-07,142,1259.3032476223811,1250.2820056008861,0.0,1250.2820056008861,-9.021242021495027,0.0,1250.2820056008861,0.424,530.1195703747757,0.636,0.0,2.12,0.0,0.0,0.0,530.1195703747757,530.12元,5.830805610886151,1244.45119999
2025-02-07T23:50:00,2025-02-08T00:00:00,2025-02-07,143,437.1142652301682,437.1142652301682,0.0,437.1142652301682,0.0,0.0,437.1142652301682,0.4271,186.69150267980484,0.6406499999999999,0.0,2.1355,0.0,0.0,0.0,186.69150267980484,186.69元,0.0,437.1142652301682
2025-02-08T00:00:00,2025-02-08T00:10:00,2025-02-07,144,420.24689166666667,420.24689166666667,0.0,420.24689166666667,0.0,0.0,420.24689166666667,0.4276,179.69757087666665,0.6414,0.0,2.138,0.0,0.0,0.0,179.69757087666665,179.70元,0.0,420.24689166666667
2025-02-08T00:10:00,2025-02-08T00:20:00,2025-02-08,1,1253.9209590729292,1253.9209590729292,0.0,1253.9209590729292,0.0,0.0,1253.9209590729292,0.4248,532.6656234141803,0.6372,0.0,2.124,0.0,0.0,0.0,532.6656234141803,532.67元,30.2957090829293,1223.62524999
2025-02-08T00:20:00,2025-02-08T00:30:00,2025-02-08,2,1249.3937150628308,1249.3937150628308,0.0,1249.3937150628308,0.0,0.0,1249.3937150628308,0.4245,530.3676320441716,0.6367499999999999,0.0,2.1225,0.0,0.0,0.0,530.3676320441716,530.37元,4.325781739497407,1245.0679333233334
2025-02-08T00:30:00,2025-02-08T00:40:00,2025-02-08,3,458.4868948286629,458.4868948286629,0.0,458.4868948286629,0.0,0.0,458.4868948286629,0.4269,195.7280554023562,0.64035,0.0,2.1345,0.0,0.0,0.0,195.7280554023562,195.73元,0.0,458.4868948286629
2025-02-08T00:40:00,2025-02-08T00:50:00,2025-02-08,4,431.5963588953453,431.5963588953453,0.0,431.5963588953453,0.0,0.0,431.5963588953453,0.4272,184.37796452009152,0.6408,0.0,2.136,0.0,0.0,0.0,184.37796452009152,184.38元,0.0,431.5963588953453
2025-02-08T00:50:00,2025-02-08T01:00:00,2025-02-08,5,432.3953984100842,432.3953984100842,0.0,432.3953984100842,0.0,0.0,432.3953984100842,0.4271,184.67607466094697,0.6406499999999999,0.0,2.1355,0.0,0.0,0.0,184.67607466094697,184.68元,0.0,432.3953984100842
2025-02-08T01:00:00,2025-02-08T01:10:00,2025-02-08,6,420.9824174528426,420.9824174528426,0.0,420.9824174528426,0.0,0.0,420.9824174528426,0.4285,180.39096587854306,0.6427499999999999,0.0,2.1425,0.0,0.0,0.0,180.39096587854306,180.39元,0.0,420.9824174528426
2025-02-08T01:10:00,2025-02-08T01:20:00,2025-02-08,7,442.0891164435851,442.0891164435851,0.0,442.0891164435851,0.0,0.0,442.0891164435851,0.4311,190.58461809882954,0.64665,0.0,2.1555,0.0,0.0,0.0,190.58461809882954,190.58元,0.0,442.0891164435851
2025-02-08T01:20:00,2025-02-08T01:30:00,2025-02-08,8,448.7710388900586,448.7710388900586,0.0,448.7710388900586,0.0,0.0,448.7710388900586,0.4302,193.06130093050322,0.6453,0.0,2.1510000000000002,0.0,0.0,0.0,193.06130093050322,193.06元,0.0,448.7710388900586
2025-02-08T01:30:00,2025-02-08T01:40:00,2025-02-08,9,442.3157580312946,442.3157580312946,0.0,442.3157580312946,0.0,0.0,442.3157580312946,0.4279,189.26691286159095,0.64185,0.0,2.1395,0.0,0.0,0.0,189.26691286159095,189.27元,0.0,442.3157580312946
2025-02-08T01:40:00,2025-02-08T01:50:00,2025-02-08,10,466.7351156708548,466.7351156708548,0.0,466.7351156708548,0.0,0.0,466.7351156708548,0.4312,201.25618187727258,0.6468,0.0,2.156,0.0,0.0,0.0,201.25618187727258,201.26元,0.0,466.7351156708548
2025-02-08T01:50:00,2025-02-08T02:00:00,2025-02-08,11,457.041000640808,457.041000640808,0.0,457.041000640808,0.0,0.0,457.041000640808,0.4333,198.03586557766212,0.64995,0.0,2.1665,0.0,0.0,0.0,198.03586557766212,198.04元,0.0,457.041000640808
2025-02-08T02:00:00,2025-02-08T02:10:00,2025-02-08,12,422.8858914287951,422.8858914287951,0.0,422.8858914287951,0.0,0.0,422.8858914287951,0.4311,182.30610779495356,0.64665,0.0,2.1555,0.0,0.0,0.0,182.30610779495356,182.31元,0.0,422.8858914287951
2025-02-08T02:10:00,2025-02-08T02:20:00,2025-02-08,13,445.922148801612,445.922148801612,0.0,445.922148801612,0.0,0.0,445.922148801612,0.4293,191.43437848053205,0.64395,0.0,2.1465,0.0,0.0,0.0,191.43437848053205,191.43元,0.0,445.922148801612
2025-02-08T02:20:00,2025-02-08T02:30:00,2025-02-08,14,486.24861842540935,486.24861842540935,0.0,486.24861842540935,0.0,0.0,486.24861842540935,0.4324,210.253902607147,0.6486000000000001,0.0,2.162,0.0,0.0,0.0,210.253902607147,210.25元,0.0,486.24861842540935
2025-02-08T02:30:00,2025-02-08T02:40:00,2025-02-08,15,498.2613951492628,498.2613951492628,0.0,498.2613951492628,0.0,0.0,498.2613951492628,0.4367,217.59075126168304,0.6550499999999999,0.0,2.1835,0.0,0.0,0.0,217.59075126168304,217.59元,0.0,498.2613951492628
2025-02-08T02:40:00,2025-02-08T02:50:00,2025-02-08,16,476.18498395221,476.18498395221,0.0,476.18498395221,0.0,0.0,476.18498395221,0.4348,207.04523102242092,0.6522,0.0,2.174,0.0,0.0,0.0,207.04523102242092,207.05元,0.0,476.18498395221
2025-02-08T02:50:00,2025-02-08T03:00:00,2025-02-08,17,468.02292422050465,468.02292422050465,0.0,468.02292422050465,0.0,0.0,468.02292422050465,0.4335,202.88793764958876,0.65025,0.0,2.1675,0.0,0.0,0.0,202.88793764958876,202.89元,0.0,468.02292422050465
2025-02-08T03:00:00,2025-02-08T03:10:00,2025-02-08,18,483.08375068850756,483.08375068850756,0.0,483.08375068850756,0.0,0.0,483.08375068850756,0.4357,210.47959017498275,0.65355,0.0,2.1784999999999997,0.0,0.0,0.0,210.47959017498275,210.48元,0.0,483.08375068850756
2025-02-08T03:10:00,2025-02-08T03:20:00,2025-02-08,19,488.50010937663217,488.50010937663217,0.0,488.50010937663217,0.0,0.0,488.50010937663217,0.4374,213.6699478413389,0.6561,0.0,2.1870000000000003,0.0,0.0,0.0,213.6699478413389,213.67元,0.0,488.50010937663217
2025-02-08T03:20:00,2025-02-08T03:30:00,2025-02-08,20,489.85791602642223,489.85791602642223,0.0,489.85791602642223,0.0,0.0,489.85791602642223,0.4371,214.11689509514915,0.65565,0.0,2.1854999999999998,0.0,0.0,0.0,214.11689509514915,214.12元,0.0,489.85791602642223
2025-02-08T03:30:00,2025-02-08T03:40:00,2025-02-08,21,496.8362045328446,496.8362045328446,0.0,496.8362045328446,0.0,0.0,496.8362045328446,0.4356,216.4218506945071,0.6534,0.0,2.178,0.0,0.0,0.0,216.4218506945071,216.42元,0.0,496.8362045328446
2025-02-08T03:40:00,2025-02-08T03:50:00,2025-02-08,22,508.45885787386874,508.45885787386874,0.0,508.45885787386874,0.0,0.0,508.45885787386874,0.4353,221.33214083249507,0.65295,0.0,2.1765,0.0,0.0,0.0,221.33214083249507,221.33元,0.0,508.45885787386874
2025-02-08T03:50:00,2025-02-08T04:00:00,2025-02-08,23,506.65921570407795,506.65921570407795,0.0,506.65921570407795,0.0,0.0,506.65921570407795,0.436,220.90341804697798,0.654,0.0,2.18,0.0,0.0,0.0,220.90341804697798,220.90元,0.0,506.65921570407795
2025-02-08T04:00:00,2025-02-08T04:10:00,2025-02-08,24,495.77729361238096,495.77729361238096,0.0,495.77729361238096,0.0,0.0,495.77729361238096,0.4378,217.0512991435004,0.6567000000000001,0.0,2.189,0.0,0.0,0.0,217.0512991435004,217.05元,0.0,495.77729361238096
2025-02-08T04:10:00,2025-02-08T04:20:00,2025-02-08,25,498.4937732105649,498.4937732105649,0.0,498.4937732105649,0.0,0.0,498.4937732105649,0.4401,219.3871095899696,0.66015,0.0,2.2005,0.0,0.0,0.0,219.3871095899696,219.39元,0.0,498.4937732105649
2025-02-08T04:20:00,2025-02-08T04:30:00,2025-02-08,26,504.9101688860861,504.9101688860861,0.0,504.9101688860861,0.0,0.0,504.9101688860861,0.4389,221.6050731241032,0.65835,0.0,2.1945,0.0,0.0,0.0,221.6050731241032,221.61元,0.0,504.9101688860861
2025-02-08T04:30:00,2025-02-08T04:40:00,2025-02-08,27,508.23853538583796,508.23853538583796,0.0,508.23853538583796,0.0,0.0,508.23853538583796,0.4364,221.79529684237968,0.6546000000000001,0.0,2.182,0.0,0.0,0.0,221.79529684237968,221.80元,0.0,508.23853538583796
2025-02-08T04:40:00,2025-02-08T04:50:00,2025-02-08,28,511.95254373095503,511.95254373095503,0.0,511.95254373095503,0.0,0.0,511.95254373095503,0.4393,224.90075246100855,0.65895,0.0,2.1965000000000003,0.0,0.0,0.0,224.90075246100855,224.90元,0.0,511.95254373095503
2025-02-08T04:50:00,2025-02-08T05:00:00,2025-02-08,29,514.3192965976709,514.3192965976709,0.0,514.3192965976709,0.0,0.0,514.3192965976709,0.4422,227.43199295549007,0.6633,0.0,2.211,0.0,0.0,0.0,227.43199295549007,227.43元,0.0,514.3192965976709
2025-02-08T05:00:00,2025-02-08T05:10:00,2025-02-08,30,510.77236605295974,510.77236605295974,0.0,510.77236605295974,0.0,0.0,510.77236605295974,0.4395,224.48445488027582,0.65925,0.0,2.1975,0.0,0.0,0.0,224.48445488027582,224.48元,0.0,510.77236605295974
2025-02-08T05:10:00,2025-02-08T05:20:00,2025-02-08,31,501.3627569960537,501.3627569960537,0.0,501.3627569960537,0.0,0.0,501.3627569960537,0.4333,217.24048260639006,0.64995,0.0,2.1665,0.0,0.0,0.0,217.24048260639006,217.24元,0.0,501.3627569960537
2025-02-08T05:20:00,2025-02-08T05:30:00,2025-02-08,32,508.9864691476708,508.9864691476708,0.0,508.9864691476708,0.0,0.0,508.9864691476708,0.4439,225.93909365465106,0.66585,0.0,2.2195,0.0,0.0,0.0,225.93909365465106,225.94元,0.0,508.9864691476708
2025-02-08T05:30:00,2025-02-08T05:40:00,2025-02-08,33,533.9374103775529,533.9374103775529,0.0,533.9374103775529,0.0,0.0,533.9374103775529,0.4301,229.64648020338547,0.64515,0.0,2.1505,0.0,0.0,0.0,229.64648020338547,229.65元,0.0,533.9374103775529
2025-02-08T05:40:00,2025-02-08T05:50:00,2025-02-08,34,1382.7909515663237,1382.7909515663237,0.0,1382.7909515663237,0.0,0.0,1382.7909515663237,0.3713,513.430280316576,0.5569500000000001,0.0,1.8565,0.0,0.0,0.0,513.430280316576,513.43元,30.969051576323743,1351.82189999
2025-02-08T05:50:00,2025-02-08T06:00:00,2025-02-08,35,0.0,0.0,0.0,0.0,0.0,0.0,0.0,0.5708,0.0,0.8562,0.0,2.854,0.0,0.0,0.0,0.0,0.00元,0.0,0.0
2025-02-08T06:00:00,2025-02-08T06:10:00,2025-02-08,36,0.0,0.0,0.0,0.0,0.0,0.0,0.0,0.9099,0.0,1.3648500000000001,0.0,4.5495,0.0,0.0,0.0,0.0,0.00元,0.0,0.0
2025-02-08T06:10:00,2025-02-08T06:20:00,2025-02-08,37,0.0,0.0,0.0,0.0,0.0,0.0,0.0,0.9368,0.0,1.4052,0.0,4.684,0.0,0.0,0.0,0.0,0.00元,0.0,0.0
2025-02-08T06:20:00,2025-02-08T06:30:00,2025-02-08,38,0.0,0.0,0.0,0.0,0.0,0.0,0.0,0.8758,0.0,1.3137,0.0,4.3790000000000004,0.0,0.0,0.0,0.0,0.00元,0.0,0.0
2025-02-08T06:30:00,2025-02-08T06:40:00,2025-02-08,39,0.0,0.0,0.0,0.0,0.0,0.0,0.0,0.8759,0.0,1.31385,0.0,4.3795,0.0,0.0,0.0,0.0,0.00元,0.0,0.0
2025-02-08T06:40:00,2025-02-08T06:50:00,2025-02-08,40,0.0,0.0,0.0,0.0,0.0,0.0,0.0,0.8601,0.0,1.29015,0.0,4.3004999999999995,0.0,0.0,0.0,0.0,0.00元,0.0,0.0
2025-02-08T06:50:00,2025-02-08T07:00:00,2025-02-08,41,0.0,0.0,0.0,0.0,0.0,0.0,0.0,0.8442,0.0,1.2663,0.0,4.221,0.0,0.0,0.0,0.0,0.00元,0.0,0.0
2025-02-08T07:00:00,2025-02-08T07:10:00,2025-02-08,42,0.0,0.0,0.0,0.0,0.0,0.0,0.0,0.8334,0.0,1.2501,0.0,4.167,0.0,0.0,0.0,0.0,0.00元,0.0,0.0
2025-02-08T07:10:00,2025-02-08T07:20:00,2025-02-08,43,0.0,0.0,0.0,0.0,0.0,0.0,0.0,0.8092,0.0,1.2138,0.0,4.046,0.0,0.0,0.0,0.0,0.00元,0.0,0.0
2025-02-08T07:20:00,2025-02-08T07:30:00,2025-02-08,44,0.0,0.0,0.0,0.0,0.0,0.0,0.0,0.7972,0.0,1.1958,0.0,3.986,0.0,0.0,0.0,0.0,0.00元,0.0,0.0
2025-02-08T07:30:00,2025-02-08T07:40:00,2025-02-08,45,0.0,0.0,0.0,0.0,0.0,0.0,0.0,0.7644,0.0,1.1465999999999998,0.0,3.822,0.0,0.0,0.0,0.0,0.00元,0.0,0.0
2025-02-08T07:40:00,2025-02-08T07:50:00,2025-02-08,46,0.0,0.0,0.0,0.0,0.0,0.0,0.0,0.6899,0.0,1.03485,0.0,3.4494999999999996,0.0,0.0,0.0,0.0,0.00元,0.0,0.0
2025-02-08T07:50:00,2025-02-08T08:00:00,2025-02-08,47,0.0,0.0,0.0,0.0,0.0,0.0,0.0,0.86,0.0,1.29,0.0,4.3,0.0,0.0,0.0,0.0,0.00元,0.0,0.0
2025-02-08T08:00:00,2025-02-08T08:10:00,2025-02-08,48,0.0,0.0,0.0,0.0,0.0,0.0,0.0,1.1617,0.0,1.74255,0.0,5.8084999999999996,0.0,0.0,0.0,0.0,0.00元,0.0,0.0
2025-02-08T08:10:00,2025-02-08T08:20:00,2025-02-08,49,0.0,0.0,0.0,0.0,0.0,0.0,0.0,1.1683,0.0,1.7524499999999998,0.0,5.8415,0.0,0.0,0.0,0.0,0.00元,0.0,0.0
2025-02-08T08:20:00,2025-02-08T08:30:00,2025-02-08,50,0.0,0.0,0.0,0.0,0.0,0.0,0.0,1.0956,0.0,1.6433999999999997,0.0,5.478,0.0,0.0,0.0,0.0,0.00元,0.0,0.0
2025-02-08T08:30:00,2025-02-08T08:40:00,2025-02-08,51,0.0,0.0,0.0,0.0,0.0,0.0,0.0,1.0849,0.0,1.6273499999999999,0.0,5.4245,0.0,0.0,0.0,0.0,0.00元,0.0,0.0
2025-02-08T08:40:00,2025-02-08T08:50:00,2025-02-08,52,0.0,0.0,0.0,0.0,0.0,0.0,0.0,1.061,0.0,1.5915,0.0,5.305,0.0,0.0,0.0,0.0,0.00元,0.0,0.0
2025-02-08T08:50:00,2025-02-08T09:00:00,2025-02-08,53,0.0,0.0,0.0,0.0,0.0,0.0,0.0,1.043,0.0,1.5644999999999998,0.0,5.215,0.0,0.0,0.0,0.0,0.00元,0.0,0.0
2025-02-08T09:00:00,2025-02-08T09:10:00,2025-02-08,54,0.0,0.0,0.0,0.0,0.0,0.0,0.0,1.036,0.0,1.554,0.0,5.18,0.0,0.0,0.0,0.0,0.00元,0.0,0.0
2025-02-08T09:10:00,2025-02-08T09:20:00,2025-02-08,55,0.0,0.0,0.0,0.0,0.0,0.0,0.0,1.0147,0.0,1.52205,0.0,5.073499999999999,0.0,0.0,0.0,0.0,0.00元,0.0,0.0
2025-02-08T09:20:00,2025-02-08T09:30:00,2025-02-08,56,0.0,0.0,0.0,0.0,0.0,0.0,0.0,0.9922,0.0,1.4883,0.0,4.961,0.0,0.0,0.0,0.0,0.00元,0.0,0.0
2025-02-08T09:30:00,2025-02-08T09:40:00,2025-02-08,57,0.0,0.0,0.0,0.0,0.0,0.0,0.0,0.97,0.0,1.455,0.0,4.85,0.0,0.0,0.0,0.0,0.00元,0.0,0.0
2025-02-08T09:40:00,2025-02-08T09:50:00,2025-02-08,58,0.0,0.0,0.0,0.0,0.0,0.0,0.0,0.9422,0.0,1.4133,0.0,4.711,0.0,0.0,0.0,0.0,0.00元,0.0,0.0
2025-02-08T09:50:00,2025-02-08T10:00:00,2025-02-08,59,0.0,0.0,0.0,0.0,0.0,0.0,0.0,0.9569,0.0,1.43535,0.0,4.7844999999999995,0.0,0.0,0.0,0.0,0.00元,0.0,0.0
2025-02-08T10:00:00,2025-02-08T10:10:00,2025-02-08,60,0.0,0.0,0.0,0.0,0.0,0.0,0.0,0.9977,0.0,1.49655,0.0,4.9885,0.0,0.0,0.0,0.0,0.00元,0.0,0.0
2025-02-08T10:10:00,2025-02-08T10:20:00,2025-02-08,61,0.0,0.0,0.0,0.0,0.0,0.0,0.0,0.9919,0.0,1.48785,0.0,4.9595,0.0,0.0,0.0,0.0,0.00元,0.0,0.0
2025-02-08T10:20:00,2025-02-08T10:30:00,2025-02-08,62,0.0,0.0,0.0,0.0,0.0,0.0,0.0,0.9588,0.0,1.4382,0.0,4.794,0.0,0.0,0.0,0.0,0.00元,0.0,0.0
2025-02-08T10:30:00,2025-02-08T10:40:00,2025-02-08,63,0.0,0.0,0.0,0.0,0.0,0.0,0.0,0.9549,0.0,1.43235,0.0,4.7745,0.0,0.0,0.0,0.0,0.00元,0.0,0.0
2025-02-08T10:40:00,2025-02-08T10:50:00,2025-02-08,64,0.0,0.0,0.0,0.0,0.0,0.0,0.0,0.9839,0.0,1.4758499999999999,0.0,4.9195,0.0,0.0,0.0,0.0,0.00元,0.0,0.0
2025-02-08T10:50:00,2025-02-08T11:00:00,2025-02-08,65,0.0,0.0,0.0,0.0,0.0,0.0,0.0,0.799,0.0,1.1985000000000001,0.0,3.995,0.0,0.0,0.0,0.0,0.00元,0.0,0.0
2025-02-08T11:00:00,2025-02-08T11:10:00,2025-02-08,66,0.0,0.0,0.0,0.0,0.0,0.0,0.0,0.5025,0.0,0.7537499999999999,0.0,2.5124999999999997,0.0,0.0,0.0,0.0,0.00元,0.0,0.0
2025-02-08T11:10:00,2025-02-08T11:20:00,2025-02-08,67,0.0,0.0,0.0,0.0,0.0,0.0,0.0,0.4662,0.0,0.6993,0.0,2.331,0.0,0.0,0.0,0.0,0.00元,0.0,0.0
2025-02-08T11:20:00,2025-02-08T11:30:00,2025-02-08,68,0.0,0.0,0.0,0.0,0.0,0.0,0.0,0.5007,0.0,0.75105,0.0,2.5035000000000003,0.0,0.0,0.0,0.0,0.00元,0.0,0.0
2025-02-08T11:30:00,2025-02-08T11:40:00,2025-02-08,69,0.0,0.0,0.0,0.0,0.0,0.0,0.0,0.4827,0.0,0.7240500000000001,0.0,2.4135,0.0,0.0,0.0,0.0,0.00元,0.0,0.0
2025-02-08T11:40:00,2025-02-08T11:50:00,2025-02-08,70,0.0,0.0,0.0,0.0,0.0,0.0,0.0,0.4785,0.0,0.71775,0.0,2.3925,0.0,0.0,0.0,0.0,0.00元,0.0,0.0
2025-02-08T11:50:00,2025-02-08T12:00:00,2025-02-08,71,0.0,0.0,0.0,0.0,0.0,0.0,0.0,0.4662,0.0,0.6993,0.0,2.331,0.0,0.0,0.0,0.0,0.00元,0.0,0.0
2025-02-08T12:00:00,2025-02-08T12:10:00,2025-02-08,72,0.0,0.0,0.0,0.0,0.0,0.0,0.0,0.4432,0.0,0.6648,0.0,2.2159999999999997,0.0,320.7149786023317,71.0704392582767,71.0704392582767,71.07元,0.0,0.0
2025-02-08T12:10:00,2025-02-08T12:20:00,2025-02-08,73,0.0,0.0,0.0,0.0,0.0,0.0,0.0,0.4411,0.0,0.66165,0.0,2.2055,0.0,0.0,0.0,0.0,0.00元,0.0,0.0
2025-02-08T12:20:00,2025-02-08T12:30:00,2025-02-08,74,0.0,0.0,0.0,0.0,0.0,0.0,0.0,0.4551,0.0,0.68265,0.0,2.2755,0.0,0.0,0.0,0.0,0.00元,0.0,0.0
2025-02-08T12:30:00,2025-02-08T12:40:00,2025-02-08,75,0.0,0.0,0.0,0.0,0.0,0.0,0.0,0.4463,0.0,0.66945,0.0,2.2315,0.0,0.0,0.0,0.0,0.00元,0.0,0.0
2025-02-08T12:40:00,2025-02-08T12:50:00,2025-02-08,76,0.0,0.0,9.393758401506261,9.393758401506261,9.393758401506261,0.0,9.393758401506261,0.4113,0.0,0.61695,5.795479245809288,2.0564999999999998,0.0,0.0,0.0,5.795479245809288,5.80元,0.0,9.393758401506261
2025-02-08T12:50:00,2025-02-08T13:00:00,2025-02-08,77,0.0,0.0,0.0,0.0,0.0,0.0,0.0,0.5682,0.0,0.8523000000000001,0.0,2.841,0.0,0.0,0.0,0.0,0.00元,0.0,0.0
2025-02-08T13:00:00,2025-02-08T13:10:00,2025-02-08,78,0.0,0.0,0.0,0.0,0.0,0.0,0.0,0.8279,0.0,1.24185,0.0,4.1395,0.0,0.0,0.0,0.0,0.00元,0.0,0.0
2025-02-08T13:10:00,2025-02-08T13:20:00,2025-02-08,79,0.0,0.0,0.0,0.0,0.0,0.0,0.0,0.8636,0.0,1.2954,0.0,4.3180000000000005,0.0,0.0,0.0,0.0,0.00元,0.0,0.0
2025-02-08T13:20:00,2025-02-08T13:30:00,2025-02-08,80,0.0,0.0,0.0,0.0,0.0,0.0,0.0,0.8416,0.0,1.2624,0.0,4.208,0.0,0.0,0.0,0.0,0.00元,0.0,0.0
2025-02-08T13:30:00,2025-02-08T13:40:00,2025-02-08,81,0.0,0.0,0.0,0.0,0.0,0.0,0.0,0.8618,0.0,1.2927,0.0,4.309,0.0,0.0,0.0,0.0,0.00元,0.0,0.0
2025-02-08T13:40:00,2025-02-08T13:50:00,2025-02-08,82,0.0,0.0,0.0,0.0,0.0,0.0,0.0,0.8623,0.0,1.29345,0.0,4.3115,0.0,0.0,0.0,0.0,0.00元,0.0,0.0
2025-02-08T13:50:00,2025-02-08T14:00:00,2025-02-08,83,0.0,0.0,0.0,0.0,0.0,0.0,0.0,0.9026,0.0,1.3538999999999999,0.0,4.513,0.0,0.0,0.0,0.0,0.00元,0.0,0.0
2025-02-08T14:00:00,2025-02-08T14:10:00,2025-02-08,84,0.0,0.0,0.0,0.0,0.0,0.0,0.0,0.9754,0.0,1.4631,0.0,4.877000000000001,0.0,0.0,0.0,0.0,0.00元,0.0,0.0
2025-02-08T14:10:00,2025-02-08T14:20:00,2025-02-08,85,0.0,0.0,0.0,0.0,0.0,0.0,0.0,1.0002,0.0,1.5003,0.0,5.0009999999999994,0.0,0.0,0.0,0.0,0.00元,0.0,0.0
2025-02-08T14:20:00,2025-02-08T14:30:00,2025-02-08,86,0.0,0.0,0.0,0.0,0.0,0.0,0.0,0.9978,0.0,1.4967000000000001,0.0,4.989,0.0,0.0,0.0,0.0,0.00元,0.0,0.0
2025-02-08T14:30:00,2025-02-08T14:40:00,2025-02-08,87,0.0,0.0,0.0,0.0,0.0,0.0,0.0,1.0271,0.0,1.5406499999999999,0.0,5.1354999999999995,0.0,0.0,0.0,0.0,0.00元,0.0,0.0
2025-02-08T14:40:00,2025-02-08T14:50:00,2025-02-08,88,0.0,0.0,0.0,0.0,0.0,0.0,0.0,1.0906,0.0,1.6359,0.0,5.453,0.0,0.0,0.0,0.0,0.00元,0.0,0.0
2025-02-08T14:50:00,2025-02-08T15:00:00,2025-02-08,89,0.0,0.0,0.0,0.0,0.0,0.0,0.0,0.9376,0.0,1.4064,0.0,4.688,0.0,0.0,0.0,0.0,0.00元,0.0,0.0
2025-02-08T15:00:00,2025-02-08T15:10:00,2025-02-08,90,60.10052830962081,60.10052830962081,24.47641430807664,84.57694261769745,24.47641430807664,0.0,84.57694261769745,0.6694,40.231293650460174,1.0041,24.576767606739757,3.347,0.0,0.0,0.0,64.80806125719992,64.81元,0.0,84.57694261769745
2025-02-08T15:10:00,2025-02-08T15:20:00,2025-02-08,91,93.16998381725693,93.16998381725693,26.42447216416747,119.5944559814244,26.42447216416747,0.0,119.5944559814244,0.66,61.49218931938958,0.99,26.160227442525795,3.3000000000000003,0.0,0.0,0.0,87.65241676191538,87.65元,0.0,119.5944559814244
2025-02-08T15:20:00,2025-02-08T15:30:00,2025-02-08,92,115.91637913912962,115.91637913912962,28.17240738192794,144.08878652105756,28.17240738192794,0.0,144.08878652105756,0.7217,83.65685082470985,1.08255,30.49803961130609,3.6085000000000003,0.0,0.0,0.0,114.15489043601593,114.15元,0.0,144.08878652105756
2025-02-08T15:30:00,2025-02-08T15:40:00,2025-02-08,93,129.81353366621545,129.81353366621545,30.000284690888407,159.81381835710386,30.000284690888407,0.0,159.81381835710386,0.7308,94.86773040327024,1.0962,32.886312078151875,3.654,0.0,0.0,0.0,127.75404248142212,127.75元,0.0,159.81381835710386
2025-02-08T15:40:00,2025-02-08T15:50:00,2025-02-08,94,140.99764094094763,140.99764094094763,11.04061204401043,152.03825298495806,11.04061204401043,0.0,152.03825298495806,0.7534,106.22762268490995,1.1300999999999999,12.476995670936187,3.767,0.0,0.0,0.0,118.70461835584612,118.70元,0.0,152.03825298495806
2025-02-08T15:50:00,2025-02-08T16:00:00,2025-02-08,95,141.55418915897997,141.55418915897997,0.0,141.55418915897997,0.0,0.0,141.55418915897997,0.7823,110.73784217907003,1.1734499999999999,0.0,3.9115,0.0,0.0,0.0,110.73784217907003,110.74元,0.0,141.55418915897997
2025-02-08T16:00:00,2025-02-08T16:10:00,2025-02-08,96,370.5957517006351,370.5957517006351,0.0,370.5957517006351,0.0,0.0,370.5957517006351,0.8055,298.5148779948616,1.20825,0.0,4.0275,0.0,0.0,0.0,298.5148779948616,298.51元,0.0,370.5957517006351
2025-02-08T16:10:00,2025-02-08T16:20:00,2025-02-08,97,386.6461612737412,386.6461612737412,0.0,386.6461612737412,0.0,0.0,386.6461612737412,0.8271,319.79503998951134,1.24065,0.0,4.1354999999999995,0.0,0.0,0.0,319.79503998951134,319.80元,0.0,386.6461612737412
2025-02-08T16:20:00,2025-02-08T16:30:00,2025-02-08,98,409.53875855811,409.53875855811,0.0,409.53875855811,0.0,0.0,409.53875855811,0.8519,348.8860684156539,1.27785,0.0,4.2595,0.0,0.0,0.0,348.8860684156539,348.89元,0.0,409.53875855811
2025-02-08T16:30:00,2025-02-08T16:40:00,2025-02-08,99,436.67968867166917,436.67968867166917,0.0,436.67968867166917,0.0,0.0,436.67968867166917,0.8791,383.8851143112644,1.3186499999999999,0.0,4.3955,0.0,0.0,0.0,383.8851143112644,383.89元,0.0,436.67968867166917
2025-02-08T16:40:00,2025-02-08T16:50:00,2025-02-08,100,465.1477915472313,465.1477915472313,0.0,465.1477915472313,0.0,0.0,465.1477915472313,0.9024,419.7493670922215,1.3536,0.0,4.512,0.0,0.0,0.0,419.7493670922215,419.75元,0.0,465.1477915472313
2025-02-08T16:50:00,2025-02-08T17:00:00,2025-02-08,101,430.1200685528184,430.1200685528184,0.0,430.1200685528184,0.0,0.0,430.1200685528184,0.9163,394.1190188149475,1.37445,0.0,4.5815,0.0,0.0,0.0,394.1190188149475,394.12元,0.0,430.1200685528184
2025-02-08T17:00:00,2025-02-08T17:10:00,2025-02-08,102,425.3813840587265,425.3813840587265,0.0,425.3813840587265,0.0,0.0,425.3813840587265,0.9264,394.0733141920042,1.3896,0.0,4.632,0.0,0.0,0.0,394.0733141920042,394.07元,0.0,425.3813840587265
2025-02-08T17:10:00,2025-02-08T17:20:00,2025-02-08,103,431.2267426404303,431.2267426404303,0.0,431.2267426404303,0.0,0.0,431.2267426404303,0.9462,408.0267438863752,1.4193,0.0,4.731,0.0,0.0,0.0,408.0267438863752,408.03元,12.168036933047528,419.0587057073828
2025-02-08T17:20:00,2025-02-08T17:30:00,2025-02-08,104,446.7040274953292,443.5666230473107,0.0,443.5666230473107,-3.137404448018515,0.0,443.5666230473107,0.9742,432.1226041726901,1.4613,0.0,4.8709999999999996,0.0,0.0,0.0,432.1226041726901,432.12元,26.83578970587704,416.73083334143365
2025-02-08T17:30:00,2025-02-08T17:40:00,2025-02-08,105,443.1835207953172,440.21927474451957,0.0,440.21927474451957,-2.9642460507976125,0.0,440.21927474451957,0.9862,434.1442487530452,1.4792999999999998,0.0,4.931,0.0,0.0,0.0,434.1442487530452,434.14元,0.0,440.21927474451957
2025-02-08T17:40:00,2025-02-08T17:50:00,2025-02-08,106,450.8202373202848,447.925343131322,0.0,447.925343131322,-2.8948941889627804,0.0,447.925343131322,0.976,437.1751348961703,1.464,0.0,4.88,0.0,0.0,0.0,437.1751348961703,437.18元,0.0,447.925343131322
2025-02-08T17:50:00,2025-02-08T18:00:00,2025-02-08,107,172.02089101433552,172.02089101433552,0.0,172.02089101433552,0.0,0.0,172.02089101433552,1.0742,184.7848411275992,1.6113,0.0,5.371,0.0,0.0,0.0,184.7848411275992,184.78元,0.0,172.02089101433552
2025-02-08T18:00:00,2025-02-08T18:10:00,2025-02-08,108,0.0,0.0,0.0,0.0,0.0,0.0,0.0,1.2313,0.0,1.84695,0.0,6.1565,0.0,0.0,0.0,0.0,0.00元,0.0,0.0
2025-02-08T18:10:00,2025-02-08T18:20:00,2025-02-08,109,0.0,0.0,0.0,0.0,0.0,0.0,0.0,1.2561,0.0,1.88415,0.0,6.2805,0.0,0.0,0.0,0.0,0.00元,0.0,0.0
2025-02-08T18:20:00,2025-02-08T18:30:00,2025-02-08,110,0.0,0.0,0.0,0.0,0.0,0.0,0.0,1.2447,0.0,1.8670499999999999,0.0,6.2235,0.0,0.0,0.0,0.0,0.00元,0.0,0.0
2025-02-08T18:30:00,2025-02-08T18:40:00,2025-02-08,111,0.0,0.0,0.0,0.0,0.0,0.0,0.0,1.2545,0.0,1.8817499999999998,0.0,6.2725,0.0,0.0,0.0,0.0,0.00元,0.0,0.0
2025-02-08T18:40:00,2025-02-08T18:50:00,2025-02-08,112,0.0,0.0,0.0,0.0,0.0,0.0,0.0,1.2522,0.0,1.8782999999999999,0.0,6.261,0.0,0.0,0.0,0.0,0.00元,0.0,0.0
2025-02-08T18:50:00,2025-02-08T19:00:00,2025-02-08,113,0.0,0.0,0.0,0.0,0.0,0.0,0.0,1.2881,0.0,1.93215,0.0,6.4405,0.0,0.0,0.0,0.0,0.00元,0.0,0.0
2025-02-08T19:00:00,2025-02-08T19:10:00,2025-02-08,114,0.0,0.0,0.0,0.0,0.0,0.0,0.0,1.3466,0.0,2.0199,0.0,6.7330000000000005,0.0,0.0,0.0,0.0,0.00元,0.0,0.0
2025-02-08T19:10:00,2025-02-08T19:20:00,2025-02-08,115,0.0,0.0,0.0,0.0,0.0,0.0,0.0,1.3523,0.0,2.0284500000000003,0.0,6.7615,0.0,0.0,0.0,0.0,0.00元,0.0,0.0
2025-02-08T19:20:00,2025-02-08T19:30:00,2025-02-08,116,0.0,0.0,0.0,0.0,0.0,0.0,0.0,1.3445,0.0,2.01675,0.0,6.7225,0.0,0.0,0.0,0.0,0.00元,0.0,0.0
2025-02-08T19:30:00,2025-02-08T19:40:00,2025-02-08,117,0.0,0.0,0.0,0.0,0.0,0.0,0.0,1.3483,0.0,2.02245,0.0,6.7415,0.0,0.0,0.0,0.0,0.00元,0.0,0.0
2025-02-08T19:40:00,2025-02-08T19:50:00,2025-02-08,118,0.0,0.0,0.0,0.0,0.0,0.0,0.0,1.349,0.0,2.0235,0.0,6.745,0.0,0.0,0.0,0.0,0.00元,0.0,0.0
2025-02-08T19:50:00,2025-02-08T20:00:00,2025-02-08,119,0.0,0.0,0.0,0.0,0.0,0.0,0.0,1.3473,0.0,2.02095,0.0,6.7364999999999995,0.0,0.0,0.0,0.0,0.00元,0.0,0.0
2025-02-08T20:00:00,2025-02-08T20:10:00,2025-02-08,120,0.0,0.0,0.0,0.0,0.0,0.0,0.0,1.3482,0.0,2.0223,0.0,6.7410000000000005,0.0,0.0,0.0,0.0,0.00元,0.0,0.0
2025-02-08T20:10:00,2025-02-08T20:20:00,2025-02-08,121,0.0,0.0,0.0,0.0,0.0,0.0,0.0,1.3513,0.0,2.02695,0.0,6.7565,0.0,0.0,0.0,0.0,0.00元,0.0,0.0
2025-02-08T20:20:00,2025-02-08T20:30:00,2025-02-08,122,0.0,0.0,0.0,0.0,0.0,0.0,0.0,1.34,0.0,2.0100000000000002,0.0,6.7,0.0,0.0,0.0,0.0,0.00元,0.0,0.0
2025-02-08T20:30:00,2025-02-08T20:40:00,2025-02-08,123,0.0,0.0,0.0,0.0,0.0,0.0,0.0,1.3489,0.0,2.0233499999999998,0.0,6.7445,0.0,0.0,0.0,0.0,0.00元,0.0,0.0
2025-02-08T20:40:00,2025-02-08T20:50:00,2025-02-08,124,0.0,0.0,0.0,0.0,0.0,0.0,0.0,1.3952,0.0,2.0928,0.0,6.976,0.0,0.0,0.0,0.0,0.00元,0.0,0.0
2025-02-08T20:50:00,2025-02-08T21:00:00,2025-02-08,125,0.0,0.0,227.38623081656817,227.38623081656817,227.38623081656817,0.0,227.38623081656817,1.2226,0.0,1.8338999999999999,417.00360869450435,6.1129999999999995,0.0,0.0,0.0,417.00360869450435,417.00元,0.0,227.38623081656817
2025-02-08T21:00:00,2025-02-08T21:10:00,2025-02-08,126,477.34122508186977,477.34122508186977,24.916889307655538,502.2581143895253,24.916889307655538,0.0,502.2581143895253,0.9332,445.4548312464009,1.3998,34.87866165285622,4.666,0.0,0.0,0.0,480.3334928992571,480.33元,0.0,502.2581143895253
2025-02-08T21:10:00,2025-02-08T21:20:00,2025-02-08,127,498.1042325457592,498.1042325457592,0.0,498.1042325457592,0.0,0.0,498.1042325457592,0.9068,451.6809180724945,1.3602,0.0,4.534000000000001,0.0,0.0,0.0,451.6809180724945,451.68元,0.0,498.1042325457592
2025-02-08T21:20:00,2025-02-08T21:30:00,2025-02-08,128,493.9665733355156,493.9665733355156,0.0,493.9665733355156,0.0,0.0,493.9665733355156,0.9371,462.89607587271166,1.40565,0.0,4.6855,0.0,0.0,0.0,462.89607587271166,462.90元,0.0,493.9665733355156
2025-02-08T21:30:00,2025-02-08T21:40:00,2025-02-08,129,475.23379032766206,475.23379032766206,0.0,475.23379032766206,0.0,0.0,475.23379032766206,0.9371,445.3415849160521,1.40565,0.0,4.6855,0.0,0.0,0.0,445.3415849160521,445.34元,0.0,475.23379032766206
2025-02-08T21:40:00,2025-02-08T21:50:00,2025-02-08,130,438.3300713834277,438.3300713834277,0.0,438.3300713834277,0.0,0.0,438.3300713834277,0.9871,432.67561346258145,1.48065,0.0,4.9355,0.0,0.0,0.0,432.67561346258145,432.68元,0.0,438.3300713834277
2025-02-08T21:50:00,2025-02-08T22:00:00,2025-02-08,131,440.3010534314714,440.3010534314714,0.0,440.3010534314714,0.0,0.0,440.3010534314714,0.7764,341.8497378841944,1.1646,0.0,3.8819999999999997,0.0,0.0,0.0,341.8497378841944,341.85元,0.0,440.3010534314714
2025-02-08T22:00:00,2025-02-08T22:10:00,2025-02-08,132,1232.031008093008,1230.6307974045167,0.0,1230.6307974045167,-1.40021068849137,0.0,1230.6307974045167,0.4209,517.9725026275611,0.63135,0.0,2.1045,0.0,0.0,0.0,517.9725026275611,517.97元,17.50246408118334,1213.1283333233334
2025-02-08T22:10:00,2025-02-08T22:20:00,2025-02-08,133,1214.0950586599797,1212.7332074754468,0.0,1212.7332074754468,-1.3618511845329522,0.0,1212.7332074754468,0.3859,467.99374476477493,0.5788500000000001,0.0,1.9295,0.0,0.0,0.0,467.99374476477493,467.99元,0.0,1212.7332074754468
2025-02-08T22:20:00,2025-02-08T22:30:00,2025-02-08,134,382.0926923514403,382.0926923514403,0.0,382.0926923514403,0.0,0.0,382.0926923514403,0.4368,166.89808801910914,0.6552,0.0,2.184,0.0,0.0,0.0,166.89808801910914,166.90元,0.0,382.0926923514403
2025-02-08T22:30:00,2025-02-08T22:40:00,2025-02-08,135,1218.96019942392,1217.671943400669,0.0,1217.671943400669,-1.288256023250824,0.0,1217.671943400669,0.4198,511.17868183960087,0.6297,0.0,2.099,0.0,0.0,0.0,511.17868183960087,511.18元,5.523610077335767,1212.1483333233334
2025-02-08T22:40:00,2025-02-08T22:50:00,2025-02-08,136,1230.423123323276,1229.1701597473902,0.0,1229.1701597473902,-1.2529635758858149,0.0,1229.1701597473902,0.4186,514.5306288702576,0.6279,0.0,2.093,0.0,0.0,0.0,514.5306288702576,514.53元,25.437609757390184,1203.73254999
2025-02-08T22:50:00,2025-02-08T23:00:00,2025-02-08,137,1248.0179890219733,1246.799351038403,0.0,1246.799351038403,-1.218637983570261,0.0,1246.799351038403,0.4241,528.7676047753868,0.63615,0.0,2.1205,0.0,0.0,0.0,528.7676047753868,528.77元,25.084884381736394,1221.7144666566667
2025-02-08T23:00:00,2025-02-08T23:10:00,2025-02-08,138,1255.8651730229196,1254.679920264115,0.0,1254.679920264115,-1.1852527588046087,0.0,1254.679920264115,0.4237,531.6078822159055,0.6355500000000001,0.0,2.1185,0.0,0.0,0.0,531.6078822159055,531.61元,19.65825360744838,1235.0216666566666
2025-02-08T23:10:00,2025-02-08T23:20:00,2025-02-08,139,848.4208418894159,848.4208418894159,0.0,848.4208418894159,0.0,0.0,848.4208418894159,0.4248,360.40917363462387,0.6372,0.0,2.124,0.0,0.0,0.0,360.40917363462387,360.41元,0.0,848.4208418894159
2025-02-08T23:20:00,2025-02-08T23:30:00,2025-02-08,140,1239.7091846176952,1238.5879835474561,0.0,1238.5879835474561,-1.1212010702390671,0.0,1238.5879835474561,0.424,525.1613050241214,0.636,0.0,2.12,0.0,0.0,0.0,525.1613050241214,525.16元,15.996016890789399,1222.5919666566667
2025-02-08T23:30:00,2025-02-08T23:40:00,2025-02-08,141,1247.4566429026356,1246.3661577219737,0.0,1246.3661577219737,-1.0904851806619718,0.0,1246.3661577219737,0.422,525.9665185586729,0.633,0.0,2.11,0.0,0.0,0.0,525.9665185586729,525.97元,1.7611577319736318,1244.6049999900001
2025-02-08T23:40:00,2025-02-08T23:50:00,2025-02-08,142,1232.3426958790112,1231.28208511007,0.0,1231.28208511007,-1.0606107689411601,0.0,1231.28208511007,0.424,522.0636040866697,0.636,0.0,2.12,0.0,0.0,0.0,522.0636040866697,522.06元,14.973701786736676,1216.3083833233334
2025-02-08T23:50:00,2025-02-09T00:00:00,2025-02-08,143,467.3483219225883,467.3483219225883,0.0,467.3483219225883,0.0,0.0,467.3483219225883,0.4271,199.60446829313744,0.6406499999999999,0.0,2.1355,0.0,0.0,0.0,199.60446829313744,199.60元,0.0,467.3483219225883
2025-02-09T00:00:00,2025-02-09T00:10:00,2025-02-08,144,574.1873333333334,574.1873333333334,0.0,574.1873333333334,0.0,0.0,574.1873333333334,0.4276,245.52250373333337,0.6414,0.0,2.138,0.0,0.0,0.0,245.52250373333337,245.52元,0.0,574.1873333333334
2025-02-09T00:10:00,2025-02-09T00:20:00,2025-02-09,1,983.8858678798249,983.8858678798249,0.0,983.8858678798249,0.0,0.0,983.8858678798249,0.4248,417.95471667534963,0.6372,0.0,2.124,0.0,0.0,0.0,417.95471667534963,417.95元,0.0,983.8858678798249
2025-02-09T00:20:00,2025-02-09T00:30:00,2025-02-09,2,1410.5234717487274,1410.5234717487274,0.0,1410.5234717487274,0.0,0.0,1410.5234717487274,0.4245,598.7672137573347,0.6367499999999999,0.0,2.1225,0.0,0.0,0.0,598.7672137573347,598.77元,8.733621758727388,1401.78984999
2025-02-09T00:30:00,2025-02-09T00:40:00,2025-02-09,3,577.0750328251835,577.0750328251835,0.0,577.0750328251835,0.0,0.0,577.0750328251835,0.4269,246.35333151307083,0.64035,0.0,2.1345,0.0,0.0,0.0,246.35333151307083,246.35元,0.0,577.0750328251835
2025-02-09T00:40:00,2025-02-09T00:50:00,2025-02-09,4,580.4069410909472,580.4069410909472,0.0,580.4069410909472,0.0,0.0,580.4069410909472,0.4272,247.94984523405265,0.6408,0.0,2.136,0.0,0.0,0.0,247.94984523405265,247.95元,0.0,580.4069410909472
2025-02-09T00:50:00,2025-02-09T01:00:00,2025-02-09,5,584.2851024177743,584.2851024177743,0.0,584.2851024177743,0.0,0.0,584.2851024177743,0.4271,249.5481672426314,0.6406499999999999,0.0,2.1355,0.0,0.0,0.0,249.5481672426314,249.55元,0.0,584.2851024177743
2025-02-09T01:00:00,2025-02-09T01:10:00,2025-02-09,6,592.8246783731468,592.8246783731468,0.0,592.8246783731468,0.0,0.0,592.8246783731468,0.4285,254.02537468289339,0.6427499999999999,0.0,2.1425,0.0,0.0,0.0,254.02537468289339,254.03元,0.0,592.8246783731468
2025-02-09T01:10:00,2025-02-09T01:20:00,2025-02-09,7,606.826055573346,606.826055573346,0.0,606.826055573346,0.0,0.0,606.826055573346,0.4311,261.60271255766946,0.64665,0.0,2.1555,0.0,0.0,0.0,261.60271255766946,261.60元,0.0,606.826055573346
2025-02-09T01:20:00,2025-02-09T01:30:00,2025-02-09,8,600.6147091980856,600.6147091980856,0.0,600.6147091980856,0.0,0.0,600.6147091980856,0.4302,258.38444789701646,0.6453,0.0,2.1510000000000002,0.0,0.0,0.0,258.38444789701646,258.38元,0.0,600.6147091980856
2025-02-09T01:30:00,2025-02-09T01:40:00,2025-02-09,9,583.7337973335115,583.7337973335115,0.0,583.7337973335115,0.0,0.0,583.7337973335115,0.4279,249.77969187900956,0.64185,0.0,2.1395,0.0,0.0,0.0,249.77969187900956,249.78元,0.0,583.7337973335115
2025-02-09T01:40:00,2025-02-09T01:50:00,2025-02-09,10,593.956266143704,593.956266143704,0.0,593.956266143704,0.0,0.0,593.956266143704,0.4312,256.1139419611652,0.6468,0.0,2.156,0.0,0.0,0.0,256.1139419611652,256.11元,0.0,593.956266143704
2025-02-09T01:50:00,2025-02-09T02:00:00,2025-02-09,11,614.7234133708158,614.7234133708158,0.0,614.7234133708158,0.0,0.0,614.7234133708158,0.4333,266.3596550135745,0.64995,0.0,2.1665,0.0,0.0,0.0,266.3596550135745,266.36元,0.0,614.7234133708158
2025-02-09T02:00:00,2025-02-09T02:10:00,2025-02-09,12,621.3498951639726,621.3498951639726,0.0,621.3498951639726,0.0,0.0,621.3498951639726,0.4311,267.8639398051886,0.64665,0.0,2.1555,0.0,0.0,0.0,267.8639398051886,267.86元,0.0,621.3498951639726
2025-02-09T02:10:00,2025-02-09T02:20:00,2025-02-09,13,608.6927845703958,608.6927845703958,0.0,608.6927845703958,0.0,0.0,608.6927845703958,0.4293,261.31181241607095,0.64395,0.0,2.1465,0.0,0.0,0.0,261.31181241607095,261.31元,0.0,608.6927845703958
2025-02-09T02:20:00,2025-02-09T02:30:00,2025-02-09,14,622.7829325222037,622.7829325222037,0.0,622.7829325222037,0.0,0.0,622.7829325222037,0.4324,269.2913400226009,0.6486000000000001,0.0,2.162,0.0,0.0,0.0,269.2913400226009,269.29元,0.0,622.7829325222037
2025-02-09T02:30:00,2025-02-09T02:40:00,2025-02-09,15,646.6236638190069,646.6236638190069,0.0,646.6236638190069,0.0,0.0,646.6236638190069,0.4367,282.3805539897603,0.6550499999999999,0.0,2.1835,0.0,0.0,0.0,282.3805539897603,282.38元,0.0,646.6236638190069
2025-02-09T02:40:00,2025-02-09T02:50:00,2025-02-09,16,622.6221622730828,622.6221622730828,0.0,622.6221622730828,0.0,0.0,622.6221622730828,0.4348,270.71611615633645,0.6522,0.0,2.174,0.0,0.0,0.0,270.71611615633645,270.72元,0.0,622.6221622730828
2025-02-09T02:50:00,2025-02-09T03:00:00,2025-02-09,17,628.7907525172377,628.7907525172377,0.0,628.7907525172377,0.0,0.0,628.7907525172377,0.4335,272.58079121622256,0.65025,0.0,2.1675,0.0,0.0,0.0,272.58079121622256,272.58元,0.0,628.7907525172377
2025-02-09T03:00:00,2025-02-09T03:10:00,2025-02-09,18,663.3434368088031,663.3434368088031,0.0,663.3434368088031,0.0,0.0,663.3434368088031,0.4357,289.01873541759545,0.65355,0.0,2.1784999999999997,0.0,0.0,0.0,289.01873541759545,289.02元,0.0,663.3434368088031
2025-02-09T03:10:00,2025-02-09T03:20:00,2025-02-09,19,645.7866034965336,645.7866034965336,0.0,645.7866034965336,0.0,0.0,645.7866034965336,0.4374,282.46706036938383,0.6561,0.0,2.1870000000000003,0.0,0.0,0.0,282.46706036938383,282.47元,0.0,645.7866034965336
2025-02-09T03:20:00,2025-02-09T03:30:00,2025-02-09,20,635.6532729838495,635.6532729838495,0.0,635.6532729838495,0.0,0.0,635.6532729838495,0.4371,277.84404562124064,0.65565,0.0,2.1854999999999998,0.0,0.0,0.0,277.84404562124064,277.84元,0.0,635.6532729838495
2025-02-09T03:30:00,2025-02-09T03:40:00,2025-02-09,21,654.3129745218498,654.3129745218498,0.0,654.3129745218498,0.0,0.0,654.3129745218498,0.4356,285.01873170171774,0.6534,0.0,2.178,0.0,0.0,0.0,285.01873170171774,285.02元,0.0,654.3129745218498
2025-02-09T03:40:00,2025-02-09T03:50:00,2025-02-09,22,659.6699129988662,659.6699129988662,0.0,659.6699129988662,0.0,0.0,659.6699129988662,0.4353,287.15431312840644,0.65295,0.0,2.1765,0.0,0.0,0.0,287.15431312840644,287.15元,0.0,659.6699129988662
2025-02-09T03:50:00,2025-02-09T04:00:00,2025-02-09,23,653.3927757266505,653.3927757266505,0.0,653.3927757266505,0.0,0.0,653.3927757266505,0.436,284.8792502168196,0.654,0.0,2.18,0.0,0.0,0.0,284.8792502168196,284.88元,0.0,653.3927757266505
2025-02-09T04:00:00,2025-02-09T04:10:00,2025-02-09,24,646.8845800566205,646.8845800566205,0.0,646.8845800566205,0.0,0.0,646.8845800566205,0.4378,283.20606914878846,0.6567000000000001,0.0,2.189,0.0,0.0,0.0,283.20606914878846,283.21元,0.0,646.8845800566205
2025-02-09T04:10:00,2025-02-09T04:20:00,2025-02-09,25,647.1887334929205,647.1887334929205,0.0,647.1887334929205,0.0,0.0,647.1887334929205,0.4401,284.8277616102343,0.66015,0.0,2.2005,0.0,0.0,0.0,284.8277616102343,284.83元,0.0,647.1887334929205
2025-02-09T04:20:00,2025-02-09T04:30:00,2025-02-09,26,652.0709538023867,652.0709538023867,0.0,652.0709538023867,0.0,0.0,652.0709538023867,0.4389,286.19394162386754,0.65835,0.0,2.1945,0.0,0.0,0.0,286.19394162386754,286.19元,0.0,652.0709538023867
2025-02-09T04:30:00,2025-02-09T04:40:00,2025-02-09,27,658.4165457881641,658.4165457881641,0.0,658.4165457881641,0.0,0.0,658.4165457881641,0.4364,287.3329805819548,0.6546000000000001,0.0,2.182,0.0,0.0,0.0,287.3329805819548,287.33元,0.0,658.4165457881641
2025-02-09T04:40:00,2025-02-09T04:50:00,2025-02-09,28,664.5931205603946,664.5931205603946,0.0,664.5931205603946,0.0,0.0,664.5931205603946,0.4393,291.9557578621814,0.65895,0.0,2.1965000000000003,0.0,0.0,0.0,291.9557578621814,291.96元,0.0,664.5931205603946
2025-02-09T04:50:00,2025-02-09T05:00:00,2025-02-09,29,669.4587107594036,669.4587107594036,0.0,669.4587107594036,0.0,0.0,669.4587107594036,0.4422,296.0346418978083,0.6633,0.0,2.211,0.0,0.0,0.0,296.0346418978083,296.03元,0.0,669.4587107594036
2025-02-09T05:00:00,2025-02-09T05:10:00,2025-02-09,30,677.1765975440311,677.1765975440311,0.0,677.1765975440311,0.0,0.0,677.1765975440311,0.4395,297.6191146206017,0.65925,0.0,2.1975,0.0,0.0,0.0,297.6191146206017,297.62元,0.0,677.1765975440311
2025-02-09T05:10:00,2025-02-09T05:20:00,2025-02-09,31,690.6071893062207,690.6071893062207,0.0,690.6071893062207,0.0,0.0,690.6071893062207,0.4333,299.2400951263854,0.64995,0.0,2.1665,0.0,0.0,0.0,299.2400951263854,299.24元,0.0,690.6071893062207
2025-02-09T05:20:00,2025-02-09T05:30:00,2025-02-09,32,687.5772474138665,687.5772474138665,0.0,687.5772474138665,0.0,0.0,687.5772474138665,0.4439,305.21554012701534,0.66585,0.0,2.2195,0.0,0.0,0.0,305.21554012701534,305.22元,0.0,687.5772474138665
2025-02-09T05:30:00,2025-02-09T05:40:00,2025-02-09,33,661.6572532473494,661.6572532473494,0.0,661.6572532473494,0.0,0.0,661.6572532473494,0.4301,284.578784621685,0.64515,0.0,2.1505,0.0,0.0,0.0,284.578784621685,284.58元,0.0,661.6572532473494
2025-02-09T05:40:00,2025-02-09T05:50:00,2025-02-09,34,1478.8626291109845,1478.8626291109845,0.0,1478.8626291109845,0.0,0.0,1478.8626291109845,0.3713,549.1016941889086,0.5569500000000001,0.0,1.8565,0.0,0.0,0.0,549.1016941889086,549.10元,231.00608984903204,1247.8565392619525
2025-02-09T05:50:00,2025-02-09T06:00:00,2025-02-09,35,732.7055790914573,732.7055790914573,0.0,732.7055790914573,0.0,0.0,732.7055790914573,0.5708,418.2283445454038,0.8562,0.0,2.854,0.0,0.0,0.0,418.2283445454038,418.23元,0.0,732.7055790914573
2025-02-09T06:00:00,2025-02-09T06:10:00,2025-02-09,36,319.268847761581,110.10660334877423,0.0,110.10660334877423,-209.16224441280679,0.0,110.10660334877423,0.9099,100.18599838704968,1.3648500000000001,0.0,4.5495,0.0,1039.6144422479636,472.972590500711,573.1585888877607,573.16元,0.0,110.10660334877423
2025-02-09T06:10:00,2025-02-09T06:20:00,2025-02-09,37,124.10535837392752,115.40312288873974,0.0,115.40312288873974,-8.70223548518777,3.2695771212602187,118.67270000999996,0.9368,108.10964552217139,1.4052,0.0,4.684,15.314699235982864,0.0,0.0,123.42434475815426,123.42元,0.0,118.67270000999996
2025-02-09T06:20:00,2025-02-09T06:30:00,2025-02-09,38,815.2425607873431,798.1266567275661,0.0,798.1266567275661,-17.115904059776994,0.0,798.1266567275661,0.8758,698.9993259620024,1.3137,0.0,4.3790000000000004,0.0,0.0,0.0,698.9993259620024,699.00元,0.0,798.1266567275661
2025-02-09T06:30:00,2025-02-09T06:40:00,2025-02-09,39,832.9149424335226,490.46466386379655,0.0,490.46466386379655,-342.45027856972604,0.0,490.46466386379655,0.8759,429.5979990782994,1.31385,0.0,4.3795,0.0,0.0,0.0,429.5979990782994,429.60元,0.0,490.46466386379655
2025-02-09T06:40:00,2025-02-09T06:50:00,2025-02-09,40,828.484634311191,811.8750246895909,0.0,811.8750246895909,-16.609609621600157,0.0,811.8750246895909,0.8601,698.293708735517,1.29015,0.0,4.3004999999999995,0.0,0.0,0.0,698.293708735517,698.29元,0.0,811.8750246895909
2025-02-09T06:50:00,2025-02-09T07:00:00,2025-02-09,41,802.6332665175275,786.7078677419979,0.0,786.7078677419979,-15.92539877552963,0.0,786.7078677419979,0.8442,664.1387819477947,1.2663,0.0,4.221,0.0,0.0,0.0,664.1387819477947,664.14元,0.0,786.7078677419979
2025-02-09T07:00:00,2025-02-09T07:10:00,2025-02-09,42,602.9210423688024,555.4130024408557,0.0,555.4130024408557,-47.5080399279467,0.0,555.4130024408557,0.8334,462.8811962342092,1.2501,0.0,4.167,0.0,0.0,0.0,462.8811962342092,462.88元,0.0,555.4130024408557
2025-02-09T07:10:00,2025-02-09T07:20:00,2025-02-09,43,596.0853313440898,549.6164141381889,0.0,549.6164141381889,-46.46891720590088,0.0,549.6164141381889,0.8092,444.7496023206225,1.2138,0.0,4.046,0.0,0.0,0.0,444.7496023206225,444.75元,0.0,549.6164141381889
2025-02-09T07:20:00,2025-02-09T07:30:00,2025-02-09,44,596.2003795046107,550.8194247721382,0.0,550.8194247721382,-45.38095473247256,0.0,550.8194247721382,0.7972,439.1132454283486,1.1958,0.0,3.986,0.0,0.0,0.0,439.1132454283486,439.11元,0.0,550.8194247721382
2025-02-09T07:30:00,2025-02-09T07:40:00,2025-02-09,45,574.7753996356223,574.7753996356223,0.0,574.7753996356223,0.0,0.0,574.7753996356223,0.7644,439.3583154814697,1.1465999999999998,0.0,3.822,0.0,0.0,0.0,439.3583154814697,439.36元,0.0,574.7753996356223
2025-02-09T07:40:00,2025-02-09T07:50:00,2025-02-09,46,1369.6738100788116,1326.5487494067088,0.0,1326.5487494067088,-43.12506067210279,0.0,1326.5487494067088,0.6899,915.1859822156883,1.03485,0.0,3.4494999999999996,0.0,0.0,0.0,915.1859822156883,915.19元,0.0,1326.5487494067088
2025-02-09T07:50:00,2025-02-09T08:00:00,2025-02-09,47,636.091998024547,594.1414894493937,0.0,594.1414894493937,-41.95050857515332,0.0,594.1414894493937,0.86,510.96168092647855,1.29,0.0,4.3,0.0,0.0,0.0,510.96168092647855,510.96元,0.0,594.1414894493937
2025-02-09T08:00:00,2025-02-09T08:10:00,2025-02-09,48,176.2179149351449,101.55047298410545,0.0,101.55047298410545,-74.66744195103945,0.0,101.55047298410545,1.1617,117.9711844656353,1.74255,0.0,5.8084999999999996,0.0,0.0,0.0,117.9711844656353,117.97元,0.0,101.55047298410545
2025-02-09T08:10:00,2025-02-09T08:20:00,2025-02-09,49,136.5410467961534,84.93714897961286,0.0,84.93714897961286,-51.60389781654055,0.0,84.93714897961286,1.1683,99.23207115288169,1.7524499999999998,0.0,5.8415,0.0,0.0,0.0,99.23207115288169,99.23元,0.0,84.93714897961286
2025-02-09T08:20:00,2025-02-09T08:30:00,2025-02-09,50,57.07311701654851,14.359272150641686,0.0,14.359272150641686,-42.71384486590682,0.0,14.359272150641686,1.0956,15.73201856824303,1.6433999999999997,0.0,5.478,0.0,0.0,0.0,15.73201856824303,15.73元,0.0,14.359272150641686
2025-02-09T08:30:00,2025-02-09T08:40:00,2025-02-09,51,26.47820744835542,0.0,0.0,0.0,-26.47820744835542,0.0,0.0,1.0849,0.0,1.6273499999999999,0.0,5.4245,0.0,0.0,0.0,0.0,0.00元,0.0,0.0
2025-02-09T08:40:00,2025-02-09T08:50:00,2025-02-09,52,0.0,0.0,0.0,0.0,0.0,0.0,0.0,1.061,0.0,1.5915,0.0,5.305,0.0,0.0,0.0,0.0,0.00元,0.0,0.0
2025-02-09T08:50:00,2025-02-09T09:00:00,2025-02-09,53,0.0,0.0,0.0,0.0,0.0,0.0,0.0,1.043,0.0,1.5644999999999998,0.0,5.215,0.0,0.0,0.0,0.0,0.00元,0.0,0.0
2025-02-09T09:00:00,2025-02-09T09:10:00,2025-02-09,54,0.0,0.0,0.0,0.0,0.0,0.0,0.0,1.036,0.0,1.554,0.0,5.18,0.0,0.0,0.0,0.0,0.00元,0.0,0.0
2025-02-09T09:10:00,2025-02-09T09:20:00,2025-02-09,55,0.0,0.0,0.0,0.0,0.0,0.0,0.0,1.0147,0.0,1.52205,0.0,5.073499999999999,0.0,0.0,0.0,0.0,0.00元,0.0,0.0
2025-02-09T09:20:00,2025-02-09T09:30:00,2025-02-09,56,0.0,0.0,0.0,0.0,0.0,0.0,0.0,0.9922,0.0,1.4883,0.0,4.961,0.0,0.0,0.0,0.0,0.00元,0.0,0.0
2025-02-09T09:30:00,2025-02-09T09:40:00,2025-02-09,57,0.0,0.0,0.0,0.0,0.0,0.0,0.0,0.97,0.0,1.455,0.0,4.85,0.0,0.0,0.0,0.0,0.00元,0.0,0.0
2025-02-09T09:40:00,2025-02-09T09:50:00,2025-02-09,58,0.0,0.0,0.0,0.0,0.0,0.0,0.0,0.9422,0.0,1.4133,0.0,4.711,0.0,0.0,0.0,0.0,0.00元,0.0,0.0
2025-02-09T09:50:00,2025-02-09T10:00:00,2025-02-09,59,0.0,0.0,0.0,0.0,0.0,0.0,0.0,0.9569,0.0,1.43535,0.0,4.7844999999999995,0.0,0.0,0.0,0.0,0.00元,0.0,0.0
2025-02-09T10:00:00,2025-02-09T10:10:00,2025-02-09,60,0.0,0.0,0.0,0.0,0.0,0.0,0.0,0.9977,0.0,1.49655,0.0,4.9885,0.0,0.0,0.0,0.0,0.00元,0.0,0.0
2025-02-09T10:10:00,2025-02-09T10:20:00,2025-02-09,61,0.0,0.0,0.0,0.0,0.0,234.51665258462705,234.51665258462705,0.9919,0.0,1.48785,0.0,4.9595,1163.0853384934578,0.0,0.0,1163.0853384934578,1163.09元,0.0,234.51665258462705
2025-02-09T10:20:00,2025-02-09T10:30:00,2025-02-09,62,0.0,0.0,0.0,0.0,0.0,250.65245,250.65245,0.9588,0.0,1.4382,0.0,4.794,1201.6278453,0.0,0.0,1201.6278453,1201.63元,0.0,250.65245
2025-02-09T10:30:00,2025-02-09T10:40:00,2025-02-09,63,0.0,0.0,0.0,0.0,0.0,205.0608333333334,205.0608333333334,0.9549,0.0,1.43235,0.0,4.7745,979.0629487500003,0.0,0.0,979.0629487500003,979.06元,0.0,205.0608333333334
2025-02-09T10:40:00,2025-02-09T10:50:00,2025-02-09,64,0.0,0.0,0.0,0.0,0.0,191.10251666666665,191.10251666666665,0.9839,0.0,1.4758499999999999,0.0,4.9195,940.1288307416665,0.0,0.0,940.1288307416665,940.13元,0.0,191.10251666666665
2025-02-09T10:50:00,2025-02-09T11:00:00,2025-02-09,65,169.44075026755857,169.44075026755857,0.0,169.44075026755857,0.0,57.20093306577454,226.6416833333331,0.799,135.3831594637793,1.1985000000000001,0.0,3.995,228.5177275977693,0.0,0.0,363.90088706154864,363.90元,0.0,226.6416833333331
2025-02-09T11:00:00,2025-02-09T11:10:00,2025-02-09,66,943.0395680610926,943.0395680610926,0.0,943.0395680610926,0.0,0.0,943.0395680610926,0.5025,473.877382950699,0.7537499999999999,0.0,2.5124999999999997,0.0,0.0,0.0,473.877382950699,473.88元,0.0,943.0395680610926
2025-02-09T11:10:00,2025-02-09T11:20:00,2025-02-09,67,922.562700541031,922.562700541031,0.0,922.562700541031,0.0,0.0,922.562700541031,0.4662,430.09873099222864,0.6993,0.0,2.331,0.0,0.0,0.0,430.09873099222864,430.10元,0.0,922.562700541031
2025-02-09T11:20:00,2025-02-09T11:30:00,2025-02-09,68,917.8339513070097,917.8339513070097,0.0,917.8339513070097,0.0,0.0,917.8339513070097,0.5007,459.5594594194198,0.75105,0.0,2.5035000000000003,0.0,0.0,0.0,459.5594594194198,459.56元,0.0,917.8339513070097
2025-02-09T11:30:00,2025-02-09T11:40:00,2025-02-09,69,935.5046267818535,935.5046267818535,0.0,935.5046267818535,0.0,0.0,935.5046267818535,0.4827,451.5680833476007,0.7240500000000001,0.0,2.4135,0.0,0.0,0.0,451.5680833476007,451.57元,0.0,935.5046267818535
2025-02-09T11:40:00,2025-02-09T11:50:00,2025-02-09,70,946.4491556049733,946.4491556049733,0.0,946.4491556049733,0.0,0.0,946.4491556049733,0.4785,452.8759209569797,0.71775,0.0,2.3925,0.0,0.0,0.0,452.8759209569797,452.88元,0.0,946.4491556049733
2025-02-09T11:50:00,2025-02-09T12:00:00,2025-02-09,71,896.3466783520474,896.3466783520474,0.0,896.3466783520474,0.0,0.0,896.3466783520474,0.4662,417.8768214477245,0.6993,0.0,2.331,0.0,0.0,0.0,417.8768214477245,417.88元,0.0,896.3466783520474
2025-02-09T12:00:00,2025-02-09T12:10:00,2025-02-09,72,798.5614559773065,798.5614559773065,62.5938318888243,861.1552878661308,62.5938318888243,0.0,861.1552878661308,0.4432,353.92243728914224,0.6648,41.61237943969039,2.2159999999999997,0.0,9.229193953648746,2.045189380128562,397.58000610896124,397.58元,0.0,861.1552878661308
2025-02-09T12:10:00,2025-02-09T12:20:00,2025-02-09,73,803.861378900088,803.861378900088,62.07229724118406,865.933676141272,62.07229724118406,0.0,865.933676141272,0.4411,354.5832542328288,0.66165,41.070135469629435,2.2055,0.0,0.0,0.0,395.65338970245824,395.65元,0.0,865.933676141272
2025-02-09T12:20:00,2025-02-09T12:30:00,2025-02-09,74,831.2746285247209,831.2746285247209,61.67881358255863,892.9534421072796,61.67881358255863,0.0,892.9534421072796,0.4551,378.3130834416005,0.68265,42.10504209213365,2.2755,0.0,0.0,0.0,420.41812553373416,420.42元,0.0,892.9534421072796
2025-02-09T12:30:00,2025-02-09T12:40:00,2025-02-09,75,827.0652559514912,827.0652559514912,61.465461346456095,888.5307172979473,61.465461346456095,0.0,888.5307172979473,0.4463,369.1192237311505,0.66945,41.14805309838503,2.2315,0.0,0.0,0.0,410.2672768295355,410.27元,0.0,888.5307172979473
2025-02-09T12:40:00,2025-02-09T12:50:00,2025-02-09,76,796.5492223723446,796.5492223723446,61.40014558087432,857.9493679532189,61.40014558087432,0.0,857.9493679532189,0.4113,327.62069516174535,0.61695,37.880819816120415,2.0564999999999998,0.0,0.0,0.0,365.5015149778658,365.50元,0.0,857.9493679532189
2025-02-09T12:50:00,2025-02-09T13:00:00,2025-02-09,77,771.7673097009956,771.7673097009956,101.37771870708855,873.1450284080842,101.37771870708855,0.0,873.1450284080842,0.5682,438.51818537210573,0.8523000000000001,86.40422965405158,2.841,0.0,0.0,0.0,524.9224150261573,524.92元,0.0,873.1450284080842
2025-02-09T13:00:00,2025-02-09T13:10:00,2025-02-09,78,132.5421580955042,132.5421580955042,55.41808611293186,187.96024420843605,55.41808611293186,0.0,187.96024420843605,0.8279,109.73165268726791,1.24185,68.82095023934443,4.1395,0.0,0.0,0.0,178.55260292661234,178.55元,0.0,187.96024420843605
2025-02-09T13:10:00,2025-02-09T13:20:00,2025-02-09,79,142.90431822294545,142.90431822294545,55.17396975162728,198.07828797457273,55.17396975162728,0.0,198.07828797457273,0.8636,123.41216921733569,1.2954,71.47236041625798,4.3180000000000005,0.0,0.0,0.0,194.88452963359367,194.88元,0.0,198.07828797457273
2025-02-09T13:20:00,2025-02-09T13:30:00,2025-02-09,80,141.08832658854908,141.08832658854908,54.86379800908719,195.95212459763627,54.86379800908719,0.0,195.95212459763627,0.8416,118.73993565692291,1.2624,69.26005860667168,4.208,0.0,0.0,0.0,187.99999426359457,188.00元,0.0,195.95212459763627
2025-02-09T13:30:00,2025-02-09T13:40:00,2025-02-09,81,153.45016055319218,153.45016055319218,54.512904268982766,207.96306482217494,54.512904268982766,0.0,207.96306482217494,0.8618,132.24334836474102,1.2927,70.46883134851402,4.309,0.0,0.0,0.0,202.71217971325504,202.71元,0.0,207.96306482217494
2025-02-09T13:40:00,2025-02-09T13:50:00,2025-02-09,82,170.71490907330895,170.71490907330895,53.99468779151334,224.7095968648223,53.99468779151334,0.0,224.7095968648223,0.8623,147.2074660939143,1.29345,69.83942892393293,4.3115,0.0,0.0,0.0,217.04689501784722,217.05元,0.0,224.7095968648223
2025-02-09T13:50:00,2025-02-09T14:00:00,2025-02-09,83,0.0,0.0,203.86842348851872,203.86842348851872,203.86842348851872,0.0,203.86842348851872,0.9026,0.0,1.3538999999999999,276.01745856110546,4.513,0.0,0.0,0.0,276.01745856110546,276.02元,0.0,203.86842348851872
2025-02-09T14:00:00,2025-02-09T14:10:00,2025-02-09,84,0.0,0.0,0.0,0.0,0.0,0.0,0.0,0.9754,0.0,1.4631,0.0,4.877000000000001,0.0,0.0,0.0,0.0,0.00元,0.0,0.0
2025-02-09T14:10:00,2025-02-09T14:20:00,2025-02-09,85,0.0,0.0,0.0,0.0,0.0,0.0,0.0,1.0002,0.0,1.5003,0.0,5.0009999999999994,0.0,0.0,0.0,0.0,0.00元,0.0,0.0
2025-02-09T14:20:00,2025-02-09T14:30:00,2025-02-09,86,0.0,0.0,0.0,0.0,0.0,0.0,0.0,0.9978,0.0,1.4967000000000001,0.0,4.989,0.0,0.0,0.0,0.0,0.00元,0.0,0.0
2025-02-09T14:30:00,2025-02-09T14:40:00,2025-02-09,87,0.0,0.0,0.0,0.0,0.0,0.0,0.0,1.0271,0.0,1.5406499999999999,0.0,5.1354999999999995,0.0,0.0,0.0,0.0,0.00元,0.0,0.0
2025-02-09T14:40:00,2025-02-09T14:50:00,2025-02-09,88,0.0,0.0,0.0,0.0,0.0,0.0,0.0,1.0906,0.0,1.6359,0.0,5.453,0.0,0.0,0.0,0.0,0.00元,0.0,0.0
2025-02-09T14:50:00,2025-02-09T15:00:00,2025-02-09,89,0.0,0.0,0.0,0.0,0.0,0.0,0.0,0.9376,0.0,1.4064,0.0,4.688,0.0,0.0,0.0,0.0,0.00元,0.0,0.0
2025-02-09T15:00:00,2025-02-09T15:10:00,2025-02-09,90,1382.3564111355843,1382.3564111355843,8.53311747768771,1390.889528613272,8.53311747768771,0.0,1390.889528613272,0.6694,925.34938161416,1.0041,8.56810325934623,3.347,0.0,0.0,0.0,933.9174848735063,933.92元,0.0,1390.889528613272
2025-02-09T15:10:00,2025-02-09T15:20:00,2025-02-09,91,1379.2870435166246,1379.2870435166246,9.775125276661129,1389.0621687932858,9.775125276661129,0.0,1389.0621687932858,0.66,910.3294487209723,0.99,9.677374023894519,3.3000000000000003,0.0,0.0,0.0,920.0068227448668,920.01元,0.0,1389.0621687932858
2025-02-09T15:20:00,2025-02-09T15:30:00,2025-02-09,92,1314.3517533765637,1314.3517533765637,86.49918296018927,1400.850936336753,86.49918296018927,0.0,1400.850936336753,0.7217,948.567660411866,1.08255,93.63969051355289,3.6085000000000003,0.0,0.0,0.0,1042.207350925419,1042.21元,0.0,1400.850936336753
2025-02-09T15:30:00,2025-02-09T15:40:00,2025-02-09,93,586.4595346181882,586.4595346181882,845.4714773303676,1431.9310119485558,845.4714773303676,0.0,1431.9310119485558,0.7308,428.5846278989719,1.0962,926.805833449549,3.654,0.0,0.0,0.0,1355.3904613485208,1355.39元,0.0,1431.9310119485558
2025-02-09T15:40:00,2025-02-09T15:50:00,2025-02-09,94,608.4008431071697,608.4008431071697,190.68818746659338,799.0890305737631,190.68818746659338,0.0,799.0890305737631,0.7534,458.3691951969417,1.1300999999999999,215.49672065599717,3.767,0.0,0.0,0.0,673.8659158529389,673.87元,0.0,799.0890305737631
2025-02-09T15:50:00,2025-02-09T16:00:00,2025-02-09,95,631.1528398221706,631.1528398221706,15.616011379917722,646.7688512020883,15.616011379917722,0.0,646.7688512020883,0.7823,493.75086659288405,1.1734499999999999,18.324608553764453,3.9115,0.0,0.0,0.0,512.0754751466484,512.08元,0.0,646.7688512020883
2025-02-09T16:00:00,2025-02-09T16:10:00,2025-02-09,96,859.2195377995913,859.2195377995913,4.803700595200439,864.0232383947917,4.803700595200439,0.0,864.0232383947917,0.8055,692.1013376975708,1.20825,5.804071244150931,4.0275,0.0,0.0,0.0,697.9054089417217,697.91元,0.0,864.0232383947917
2025-02-09T16:10:00,2025-02-09T16:20:00,2025-02-09,97,863.3169862438435,863.3169862438435,3.78628211094167,867.1032683547852,3.78628211094167,0.0,867.1032683547852,0.8271,714.049479322283,1.24065,4.697450900939782,4.1354999999999995,0.0,0.0,0.0,718.7469302232228,718.75元,0.0,867.1032683547852
2025-02-09T16:20:00,2025-02-09T16:30:00,2025-02-09,98,880.3854902384163,880.3854902384163,2.7817529173083813,883.1672431557247,2.7817529173083813,0.0,883.1672431557247,0.8519,750.0003991341068,1.27785,3.554662965382515,4.2595,0.0,0.0,0.0,753.5550620994894,753.56元,0.0,883.1672431557247
2025-02-09T16:30:00,2025-02-09T16:40:00,2025-02-09,99,908.530151423305,908.530151423305,2.234418182949298,910.7645696062543,2.234418182949298,0.0,910.7645696062543,0.8791,798.6888561162275,1.3186499999999999,2.946415536946092,4.3955,0.0,0.0,0.0,801.6352716531736,801.64元,0.0,910.7645696062543
2025-02-09T16:40:00,2025-02-09T16:50:00,2025-02-09,100,916.1943867176543,916.1943867176543,3.847476748394115,920.0418634660484,3.847476748394115,0.0,920.0418634660484,0.9024,826.7738145740112,1.3536,5.207944526626274,4.512,0.0,0.0,0.0,831.9817591006374,831.98元,0.0,920.0418634660484
2025-02-09T16:50:00,2025-02-09T17:00:00,2025-02-09,101,920.0386569084584,920.0386569084584,5.360278473199628,925.398935381658,5.360278473199628,0.0,925.398935381658,0.9163,843.0314213252204,1.37445,7.367434747489229,4.5815,0.0,0.0,0.0,850.3988560727097,850.40元,0.0,925.398935381658
2025-02-09T17:00:00,2025-02-09T17:10:00,2025-02-09,102,985.6592068856351,985.6592068856351,3.834729576424479,989.4939364620595,3.834729576424479,0.0,989.4939364620595,0.9264,913.1146892588523,1.3896,5.328740219399456,4.632,0.0,0.0,0.0,918.4434294782518,918.44元,0.0,989.4939364620595
2025-02-09T17:10:00,2025-02-09T17:20:00,2025-02-09,103,1001.4096785152742,1001.4096785152742,5.309958182699802,1006.719636697974,5.309958182699802,0.0,1006.719636697974,0.9462,947.5338378111525,1.4193,7.53642364870583,4.731,0.0,0.0,0.0,955.0702614598583,955.07元,0.0,1006.719636697974
2025-02-09T17:20:00,2025-02-09T17:30:00,2025-02-09,104,1012.4661035665702,1012.4661035665702,6.0310874453510905,1018.4971910119212,6.0310874453510905,0.0,1018.4971910119212,0.9742,986.3444780945526,1.4613,8.813228083891548,4.8709999999999996,0.0,0.0,0.0,995.1577061784441,995.16元,0.0,1018.4971910119212
2025-02-09T17:30:00,2025-02-09T17:40:00,2025-02-09,105,1033.8117172053344,1033.8117172053344,5.987208070485622,1039.79892527582,5.987208070485622,0.0,1039.79892527582,0.9862,1019.5451155079007,1.4792999999999998,8.85687689866938,4.931,0.0,0.0,0.0,1028.4019924065703,1028.40元,0.0,1039.79892527582
2025-02-09T17:40:00,2025-02-09T17:50:00,2025-02-09,106,1057.9483387995258,1057.9483387995258,5.816102274304967,1063.7644410738308,5.816102274304967,0.0,1063.7644410738308,0.976,1032.557578668337,1.464,8.51477372958247,4.88,0.0,0.0,0.0,1041.0723523979198,1041.07元,0.0,1063.7644410738308
2025-02-09T17:50:00,2025-02-09T18:00:00,2025-02-09,107,913.9848303269221,913.9848303269221,5.661994114209051,919.6468244411311,5.661994114209051,0.0,919.6468244411311,1.0742,981.8025047371797,1.6113,9.123171116225045,5.371,0.0,0.0,0.0,990.9256758534049,990.93元,0.0,919.6468244411311
2025-02-09T18:00:00,2025-02-09T18:10:00,2025-02-09,108,696.1845524702755,696.1845524702755,5.508497344473881,701.6930498147494,5.508497344473881,0.0,701.6930498147494,1.2313,857.2120394566504,1.84695,10.173919170376035,6.1565,0.0,53.68521603326644,33.05130325088049,900.4372618779068,900.44元,0.0,701.6930498147494
2025-02-09T18:10:00,2025-02-09T18:20:00,2025-02-09,109,692.3360630635185,692.3360630635185,1.361900662145672,693.6979637256642,1.361900662145672,0.0,693.6979637256642,1.2561,869.6433288140856,1.88415,2.566025132581768,6.2805,0.0,0.0,0.0,872.2093539466673,872.21元,0.0,693.6979637256642
2025-02-09T18:20:00,2025-02-09T18:30:00,2025-02-09,110,744.8265298935233,744.8265298935233,2.303472126741667,747.130002020265,2.303472126741667,0.0,747.130002020265,1.2447,927.0855817584685,1.8670499999999999,4.300697634233029,6.2235,0.0,0.0,0.0,931.3862793927016,931.39元,0.0,747.130002020265
2025-02-09T18:30:00,2025-02-09T18:40:00,2025-02-09,111,747.8568867013489,747.8568867013489,1.2887346069551313,749.145621308304,1.2887346069551313,0.0,749.145621308304,1.2545,938.1864643668422,1.8817499999999998,2.4250763466378182,6.2725,0.0,0.0,0.0,940.6115407134799,940.61元,0.0,749.145621308304
2025-02-09T18:40:00,2025-02-09T18:50:00,2025-02-09,112,748.4368255346432,748.4368255346432,1.253396270325652,749.6902218049688,1.253396270325652,0.0,749.6902218049688,1.2522,937.1925929344801,1.8782999999999999,2.354254214552672,6.261,0.0,0.0,0.0,939.5468471490327,939.55元,10.163812379722629,739.5264094252461
2025-02-09T18:50:00,2025-02-09T19:00:00,2025-02-09,113,81.13405418254695,81.13405418254695,77.37484091173758,158.50889509428453,77.37484091173758,0.0,158.50889509428453,1.2881,104.50877519253872,1.93215,149.49979886761378,6.4405,0.0,0.0,0.0,254.00857406015248,254.01元,0.0,158.50889509428453
2025-02-09T19:00:00,2025-02-09T19:10:00,2025-02-09,114,26.149070596461115,26.149070596461115,7.273140173718048,33.42221077017916,7.273140173718048,0.0,33.42221077017916,1.3466,35.21233846519454,2.0199,14.691015836893085,6.7330000000000005,0.0,0.0,0.0,49.90335430208762,49.90元,0.0,33.42221077017916
2025-02-09T19:10:00,2025-02-09T19:20:00,2025-02-09,115,20.153824076837623,20.153824076837623,10.33679273597329,30.490616812810913,10.33679273597329,0.0,30.490616812810913,1.3523,27.25401629910752,2.0284500000000003,20.967667225285023,6.7615,0.0,0.0,0.0,48.22168352439254,48.22元,0.0,30.490616812810913
2025-02-09T19:20:00,2025-02-09T19:30:00,2025-02-09,116,1.1444800631373937,1.1444800631373937,9.04940575763851,10.193885820775904,9.04940575763851,0.0,10.193885820775904,1.3445,1.5387534448882259,2.01675,18.250389061717467,6.7225,0.0,0.0,0.0,19.789142506605693,19.79元,0.0,10.193885820775904
2025-02-09T19:30:00,2025-02-09T19:40:00,2025-02-09,117,0.0,0.0,0.0,0.0,0.0,0.0,0.0,1.3483,0.0,2.02245,0.0,6.7415,0.0,0.0,0.0,0.0,0.00元,0.0,0.0
2025-02-09T19:40:00,2025-02-09T19:50:00,2025-02-09,118,17.736255367889044,17.736255367889044,1.0846671097685885,18.820922477657632,1.0846671097685885,0.0,18.820922477657632,1.349,23.92620849128232,2.0235,2.1948238966167386,6.745,0.0,0.0,0.0,26.121032387899056,26.12元,0.0,18.820922477657632
2025-02-09T19:50:00,2025-02-09T20:00:00,2025-02-09,119,17.058701349122202,17.058701349122202,9.764750579832366,26.82345192895457,9.764750579832366,0.0,26.82345192895457,1.3473,22.98318832767234,2.02095,19.73407268431222,6.7364999999999995,0.0,0.0,0.0,42.71726101198456,42.72元,0.0,26.82345192895457
2025-02-09T20:00:00,2025-02-09T20:10:00,2025-02-09,120,0.0,0.0,0.125697961734204,0.125697961734204,0.125697961734204,0.0,0.125697961734204,1.3482,0.0,2.0223,0.2541989880150808,6.7410000000000005,0.0,0.0,0.0,0.2541989880150808,0.25元,0.0,0.125697961734204
2025-02-09T20:10:00,2025-02-09T20:20:00,2025-02-09,121,5.861793041534611,5.861793041534611,7.875921584971707,13.737714626506317,7.875921584971707,0.0,13.737714626506317,1.3513,7.92104093702572,2.02695,15.9640992566584,6.7565,0.0,0.0,0.0,23.88514019368412,23.89元,0.0,13.737714626506317
2025-02-09T20:20:00,2025-02-09T20:30:00,2025-02-09,122,2.46257905862376,2.46257905862376,3.682719966730474,6.145299025354234,3.682719966730474,0.0,6.145299025354234,1.34,3.2998559385558384,2.0100000000000002,7.4022671331282535,6.7,0.0,0.0,0.0,10.702123071684092,10.70元,0.0,6.145299025354234
2025-02-09T20:30:00,2025-02-09T20:40:00,2025-02-09,123,6.352130273985949,6.352130273985949,6.3148628113308405,12.66699308531679,6.3148628113308405,0.0,12.66699308531679,1.3489,8.568388526579646,2.0233499999999998,12.777177669306257,6.7445,0.0,0.0,0.0,21.345566195885905,21.35元,0.0,12.66699308531679
2025-02-09T20:40:00,2025-02-09T20:50:00,2025-02-09,124,7.886550013941246,7.886550013941246,6.049232929840741,13.935782943781987,6.049232929840741,0.0,13.935782943781987,1.3952,11.003314579450826,2.0928,12.659834675570703,6.976,0.0,0.0,0.0,23.66314925502153,23.66元,0.0,13.935782943781987
2025-02-09T20:50:00,2025-02-09T21:00:00,2025-02-09,125,725.3772009035523,725.3772009035523,3.435181111107795,728.8123820146601,3.435181111107795,0.0,728.8123820146601,1.2226,886.846165824683,1.8338999999999999,6.299778639660585,6.1129999999999995,0.0,0.0,0.0,893.1459444643435,893.15元,0.0,728.8123820146601
2025-02-09T21:00:00,2025-02-09T21:10:00,2025-02-09,126,754.358473166728,753.9118689246176,0.0,753.9118689246176,-0.4466042421104248,0.0,753.9118689246176,0.9332,703.5505560804531,1.3998,0.0,4.666,0.0,0.0,0.0,703.5505560804531,703.55元,0.0,753.9118689246176
2025-02-09T21:10:00,2025-02-09T21:20:00,2025-02-09,127,712.1595245246267,711.4622890218272,0.0,711.4622890218272,-0.6972355027994581,0.0,711.4622890218272,0.9068,645.154003684993,1.3602,0.0,4.534000000000001,0.0,0.0,0.0,645.154003684993,645.15元,0.0,711.4622890218272
2025-02-09T21:20:00,2025-02-09T21:30:00,2025-02-09,128,715.3190810549812,714.640946683354,0.0,714.640946683354,-0.6781343716272659,0.0,714.640946683354,0.9371,669.690031136971,1.40565,0.0,4.6855,0.0,0.0,0.0,669.690031136971,669.69元,0.0,714.640946683354
2025-02-09T21:30:00,2025-02-09T21:40:00,2025-02-09,129,712.9897119334058,712.3301554074748,0.0,712.3301554074748,-0.6595565259310661,0.0,712.3301554074748,0.9371,667.5245886323446,1.40565,0.0,4.6855,0.0,0.0,0.0,667.5245886323446,667.52元,0.0,712.3301554074748
2025-02-09T21:40:00,2025-02-09T21:50:00,2025-02-09,130,682.9350216928311,680.4229208203202,0.0,680.4229208203202,-2.5121008725109277,0.0,680.4229208203202,0.9871,671.6454651417381,1.48065,0.0,4.9355,0.0,0.0,0.0,671.6454651417381,671.65元,0.0,680.4229208203202
2025-02-09T21:50:00,2025-02-09T22:00:00,2025-02-09,131,653.8689305544882,653.8689305544882,0.0,653.8689305544882,0.0,0.0,653.8689305544882,0.7764,507.6638376825046,1.1646,0.0,3.8819999999999997,0.0,0.0,0.0,507.6638376825046,507.66元,0.0,653.8689305544882
2025-02-09T22:00:00,2025-02-09T22:10:00,2025-02-09,132,1398.6249958876197,1398.0181745898044,0.0,1398.0181745898044,-0.6068212978152587,0.0,1398.0181745898044,0.4209,588.4258496848487,0.63135,0.0,2.1045,0.0,0.0,0.0,588.4258496848487,588.43元,12.056507933137702,1385.9616666566667
2025-02-09T22:10:00,2025-02-09T22:20:00,2025-02-09,133,1372.573889188875,1371.9836920778102,0.0,1371.9836920778102,-0.5901971110647537,0.0,1371.9836920778102,0.3859,529.448506772827,0.5788500000000001,0.0,1.9295,0.0,0.0,0.0,529.448506772827,529.45元,0.0,1371.9836920778102
2025-02-09T22:20:00,2025-02-09T22:30:00,2025-02-09,134,547.8236750065458,547.8236750065458,0.0,547.8236750065458,0.0,0.0,547.8236750065458,0.4368,239.28938124285924,0.6552,0.0,2.184,0.0,0.0,0.0,239.28938124285924,239.29元,0.0,547.8236750065458
2025-02-09T22:30:00,2025-02-09T22:40:00,2025-02-09,135,1385.3606783854189,1384.8023758396857,0.0,1384.8023758396857,-0.5583025457331132,0.0,1384.8023758396857,0.4198,581.3400373775,0.6297,0.0,2.099,0.0,0.0,0.0,581.3400373775,581.34元,17.715709183019037,1367.0866666566667
2025-02-09T22:40:00,2025-02-09T22:50:00,2025-02-09,136,1389.7285725197503,1389.1855649641848,0.0,1389.1855649641848,-0.5430075555655094,0.0,1389.1855649641848,0.4186,581.5130774940078,0.6279,0.0,2.093,0.0,0.0,0.0,581.5130774940078,581.51元,27.289264974184782,1361.89629999
2025-02-09T22:50:00,2025-02-09T23:00:00,2025-02-09,137,1388.7373704249696,1388.2092388453186,0.0,1388.2092388453186,-0.5281315796510171,0.0,1388.2092388453186,0.4241,588.7395381942996,0.63615,0.0,2.1205,0.0,0.0,0.0,588.7395381942996,588.74元,21.524338855318653,1366.68489999
2025-02-09T23:00:00,2025-02-09T23:10:00,2025-02-09,138,1388.0811074425787,1387.5674443037037,0.0,1387.5674443037037,-0.5136631388750175,0.0,1387.5674443037037,0.4237,587.9123261514793,0.6355500000000001,0.0,2.1185,0.0,0.0,0.0,587.9123261514793,587.91元,11.837444313703706,1375.7299999900001
2025-02-09T23:10:00,2025-02-09T23:20:00,2025-02-09,139,1008.1067874767728,1008.1067874767728,0.0,1008.1067874767728,0.0,0.0,1008.1067874767728,0.4248,428.2437633201331,0.6372,0.0,2.124,0.0,0.0,0.0,428.2437633201331,428.24元,0.0,1008.1067874767728
2025-02-09T23:20:00,2025-02-09T23:30:00,2025-02-09,140,1404.8798368397945,1404.3939323297473,0.0,1404.3939323297473,-0.48590451004724855,0.0,1404.3939323297473,0.424,595.4630273078128,0.636,0.0,2.12,0.0,0.0,0.0,595.4630273078128,595.46元,11.289782339747255,1393.10414999
2025-02-09T23:30:00,2025-02-09T23:40:00,2025-02-09,141,1394.649699908334,1394.177107006411,0.0,1394.177107006411,-0.47259290192300796,0.0,1394.177107006411,0.422,588.3427391567054,0.633,0.0,2.11,0.0,0.0,0.0,588.3427391567054,588.34元,10.095440349744415,1384.0816666566666
2025-02-09T23:40:00,2025-02-09T23:50:00,2025-02-09,142,1383.6901301426876,1383.230484170424,0.0,1383.230484170424,-0.4596459722636155,0.0,1383.230484170424,0.424,586.4897252882597,0.636,0.0,2.12,0.0,0.0,0.0,586.4897252882597,586.49元,0.0,1383.230484170424
2025-02-09T23:50:00,2025-02-10T00:00:00,2025-02-09,143,571.7484345836336,571.7484345836336,0.0,571.7484345836336,0.0,0.0,571.7484345836336,0.4271,244.19375641066992,0.6406499999999999,0.0,2.1355,0.0,0.0,0.0,244.19375641066992,244.19元,0.0,571.7484345836336
2025-02-10T00:00:00,2025-02-10T00:10:00,2025-02-09,144,598.0419,598.0419,0.0,598.0419,0.0,0.0,598.0419,0.4276,255.72271644,0.6414,0.0,2.138,0.0,0.0,0.0,255.72271644,255.72元,0.0,598.0419
2025-02-10T00:10:00,2025-02-10T00:20:00,2025-02-10,1,1195.8328494547154,1195.8328494547154,0.0,1195.8328494547154,0.0,0.0,1195.8328494547154,0.4248,507.9897944483631,0.6372,0.0,2.124,0.0,0.0,0.0,507.9897944483631,507.99元,0.0,1195.8328494547154
2025-02-10T00:20:00,2025-02-10T00:30:00,2025-02-10,2,1405.3882282642967,1405.3882282642967,0.0,1405.3882282642967,0.0,0.0,1405.3882282642967,0.4245,596.5873028981939,0.6367499999999999,0.0,2.1225,0.0,0.0,0.0,596.5873028981939,596.59元,8.138661607629949,1397.2495666566667
2025-02-10T00:30:00,2025-02-10T00:40:00,2025-02-10,3,610.9968296052807,610.9968296052807,0.0,610.9968296052807,0.0,0.0,610.9968296052807,0.4269,260.8345465584943,0.64035,0.0,2.1345,0.0,0.0,0.0,260.8345465584943,260.83元,0.0,610.9968296052807
2025-02-10T00:40:00,2025-02-10T00:50:00,2025-02-10,4,595.8464222558412,595.8464222558412,0.0,595.8464222558412,0.0,0.0,595.8464222558412,0.4272,254.54559158769536,0.6408,0.0,2.136,0.0,0.0,0.0,254.54559158769536,254.55元,0.0,595.8464222558412
2025-02-10T00:50:00,2025-02-10T01:00:00,2025-02-10,5,583.4812171523148,583.4812171523148,0.0,583.4812171523148,0.0,0.0,583.4812171523148,0.4271,249.20482784575364,0.6406499999999999,0.0,2.1355,0.0,0.0,0.0,249.20482784575364,249.20元,0.0,583.4812171523148
2025-02-10T01:00:00,2025-02-10T01:10:00,2025-02-10,6,595.5157527167489,595.5157527167489,0.0,595.5157527167489,0.0,0.0,595.5157527167489,0.4285,255.1785000391269,0.6427499999999999,0.0,2.1425,0.0,0.0,0.0,255.1785000391269,255.18元,0.0,595.5157527167489
2025-02-10T01:10:00,2025-02-10T01:20:00,2025-02-10,7,595.7286323344633,595.7286323344633,0.0,595.7286323344633,0.0,0.0,595.7286323344633,0.4311,256.8186133993871,0.64665,0.0,2.1555,0.0,0.0,0.0,256.8186133993871,256.82元,0.0,595.7286323344633
2025-02-10T01:20:00,2025-02-10T01:30:00,2025-02-10,8,606.8862218322269,606.8862218322269,0.0,606.8862218322269,0.0,0.0,606.8862218322269,0.4302,261.08245263222403,0.6453,0.0,2.1510000000000002,0.0,0.0,0.0,261.08245263222403,261.08元,0.0,606.8862218322269
2025-02-10T01:30:00,2025-02-10T01:40:00,2025-02-10,9,622.7368836236982,622.7368836236982,0.0,622.7368836236982,0.0,0.0,622.7368836236982,0.4279,266.46911250258046,0.64185,0.0,2.1395,0.0,0.0,0.0,266.46911250258046,266.47元,0.0,622.7368836236982
2025-02-10T01:40:00,2025-02-10T01:50:00,2025-02-10,10,611.5597208554487,611.5597208554487,0.0,611.5597208554487,0.0,0.0,611.5597208554487,0.4312,263.70455163286954,0.6468,0.0,2.156,0.0,0.0,0.0,263.70455163286954,263.70元,0.0,611.5597208554487
2025-02-10T01:50:00,2025-02-10T02:00:00,2025-02-10,11,615.6158440535506,615.6158440535506,0.0,615.6158440535506,0.0,0.0,615.6158440535506,0.4333,266.7463452284035,0.64995,0.0,2.1665,0.0,0.0,0.0,266.7463452284035,266.75元,0.0,615.6158440535506
2025-02-10T02:00:00,2025-02-10T02:10:00,2025-02-10,12,641.2605827707152,641.2605827707152,0.0,641.2605827707152,0.0,0.0,641.2605827707152,0.4311,276.44743723245534,0.64665,0.0,2.1555,0.0,0.0,0.0,276.44743723245534,276.45元,0.0,641.2605827707152
2025-02-10T02:10:00,2025-02-10T02:20:00,2025-02-10,13,650.1551730672988,650.1551730672988,0.0,650.1551730672988,0.0,0.0,650.1551730672988,0.4293,279.1116157977914,0.64395,0.0,2.1465,0.0,0.0,0.0,279.1116157977914,279.11元,0.0,650.1551730672988
2025-02-10T02:20:00,2025-02-10T02:30:00,2025-02-10,14,644.6788249928311,644.6788249928311,0.0,644.6788249928311,0.0,0.0,644.6788249928311,0.4324,278.75912392690014,0.6486000000000001,0.0,2.162,0.0,0.0,0.0,278.75912392690014,278.76元,0.0,644.6788249928311
2025-02-10T02:30:00,2025-02-10T02:40:00,2025-02-10,15,636.4119350680459,636.4119350680459,0.0,636.4119350680459,0.0,0.0,636.4119350680459,0.4367,277.92109204421564,0.6550499999999999,0.0,2.1835,0.0,0.0,0.0,277.92109204421564,277.92元,0.0,636.4119350680459
2025-02-10T02:40:00,2025-02-10T02:50:00,2025-02-10,16,633.4146762674084,633.4146762674084,0.0,633.4146762674084,0.0,0.0,633.4146762674084,0.4348,275.4087012410692,0.6522,0.0,2.174,0.0,0.0,0.0,275.4087012410692,275.41元,0.0,633.4146762674084
2025-02-10T02:50:00,2025-02-10T03:00:00,2025-02-10,17,636.1238363354511,636.1238363354511,0.0,636.1238363354511,0.0,0.0,636.1238363354511,0.4335,275.75968305141805,0.65025,0.0,2.1675,0.0,0.0,0.0,275.75968305141805,275.76元,0.0,636.1238363354511
2025-02-10T03:00:00,2025-02-10T03:10:00,2025-02-10,18,646.078245270244,646.078245270244,0.0,646.078245270244,0.0,0.0,646.078245270244,0.4357,281.4962914642453,0.65355,0.0,2.1784999999999997,0.0,0.0,0.0,281.4962914642453,281.50元,0.0,646.078245270244
2025-02-10T03:10:00,2025-02-10T03:20:00,2025-02-10,19,663.7417111406495,663.7417111406495,0.0,663.7417111406495,0.0,0.0,663.7417111406495,0.4374,290.3206244529201,0.6561,0.0,2.1870000000000003,0.0,0.0,0.0,290.3206244529201,290.32元,0.0,663.7417111406495
2025-02-10T03:20:00,2025-02-10T03:30:00,2025-02-10,20,673.7070425706866,673.7070425706866,0.0,673.7070425706866,0.0,0.0,673.7070425706866,0.4371,294.4773483076471,0.65565,0.0,2.1854999999999998,0.0,0.0,0.0,294.4773483076471,294.48元,0.0,673.7070425706866
2025-02-10T03:30:00,2025-02-10T03:40:00,2025-02-10,21,665.4637837243203,665.4637837243203,0.0,665.4637837243203,0.0,0.0,665.4637837243203,0.4356,289.8760241903139,0.6534,0.0,2.178,0.0,0.0,0.0,289.8760241903139,289.88元,0.0,665.4637837243203
2025-02-10T03:40:00,2025-02-10T03:50:00,2025-02-10,22,646.3799884573382,646.3799884573382,0.0,646.3799884573382,0.0,0.0,646.3799884573382,0.4353,281.36920897547935,0.65295,0.0,2.1765,0.0,0.0,0.0,281.36920897547935,281.37元,0.0,646.3799884573382
2025-02-10T03:50:00,2025-02-10T04:00:00,2025-02-10,23,657.1709403029616,657.1709403029616,0.0,657.1709403029616,0.0,0.0,657.1709403029616,0.436,286.5265299720913,0.654,0.0,2.18,0.0,0.0,0.0,286.5265299720913,286.53元,0.0,657.1709403029616
2025-02-10T04:00:00,2025-02-10T04:10:00,2025-02-10,24,688.1576157911876,688.1576157911876,0.0,688.1576157911876,0.0,0.0,688.1576157911876,0.4378,301.2754041933819,0.6567000000000001,0.0,2.189,0.0,0.0,0.0,301.2754041933819,301.28元,0.0,688.1576157911876
2025-02-10T04:10:00,2025-02-10T04:20:00,2025-02-10,25,692.3426569351786,692.3426569351786,0.0,692.3426569351786,0.0,0.0,692.3426569351786,0.4401,304.7000033171721,0.66015,0.0,2.2005,0.0,0.0,0.0,304.7000033171721,304.70元,0.0,692.3426569351786
2025-02-10T04:20:00,2025-02-10T04:30:00,2025-02-10,26,705.0909137180267,705.0909137180267,0.0,705.0909137180267,0.0,0.0,705.0909137180267,0.4389,309.46440203084194,0.65835,0.0,2.1945,0.0,0.0,0.0,309.46440203084194,309.46元,0.0,705.0909137180267
2025-02-10T04:30:00,2025-02-10T04:40:00,2025-02-10,27,717.0790982465459,717.0790982465459,0.0,717.0790982465459,0.0,0.0,717.0790982465459,0.4364,312.9333184747926,0.6546000000000001,0.0,2.182,0.0,0.0,0.0,312.9333184747926,312.93元,0.0,717.0790982465459
2025-02-10T04:40:00,2025-02-10T04:50:00,2025-02-10,28,681.3646905720835,681.3646905720835,0.0,681.3646905720835,0.0,0.0,681.3646905720835,0.4393,299.3235085683163,0.65895,0.0,2.1965000000000003,0.0,0.0,0.0,299.3235085683163,299.32元,0.0,681.3646905720835
2025-02-10T04:50:00,2025-02-10T05:00:00,2025-02-10,29,660.9761070116766,660.9761070116766,0.0,660.9761070116766,0.0,0.0,660.9761070116766,0.4422,292.2836345205634,0.6633,0.0,2.211,0.0,0.0,0.0,292.2836345205634,292.28元,0.0,660.9761070116766
2025-02-10T05:00:00,2025-02-10T05:10:00,2025-02-10,30,673.3515426362068,673.3515426362068,0.0,673.3515426362068,0.0,0.0,673.3515426362068,0.4395,295.9380029886129,0.65925,0.0,2.1975,0.0,0.0,0.0,295.9380029886129,295.94元,0.0,673.3515426362068
2025-02-10T05:10:00,2025-02-10T05:20:00,2025-02-10,31,675.3930584490168,675.3930584490168,0.0,675.3930584490168,0.0,0.0,675.3930584490168,0.4333,292.647812225959,0.64995,0.0,2.1665,0.0,0.0,0.0,292.647812225959,292.65元,0.0,675.3930584490168
2025-02-10T05:20:00,2025-02-10T05:30:00,2025-02-10,32,676.072983196628,676.072983196628,0.0,676.072983196628,0.0,0.0,676.072983196628,0.4439,300.10879724098317,0.66585,0.0,2.2195,0.0,0.0,0.0,300.10879724098317,300.11元,0.0,676.072983196628
2025-02-10T05:30:00,2025-02-10T05:40:00,2025-02-10,33,675.0818788961762,675.0818788961762,0.0,675.0818788961762,0.0,0.0,675.0818788961762,0.4301,290.3527161132454,0.64515,0.0,2.1505,0.0,0.0,0.0,290.3527161132454,290.35元,0.0,675.0818788961762
2025-02-10T05:40:00,2025-02-10T05:50:00,2025-02-10,34,1505.8539756923087,1505.8539756923087,0.0,1505.8539756923087,0.0,0.0,1505.8539756923087,0.3713,559.1235811745543,0.5569500000000001,0.0,1.8565,0.0,0.0,0.0,559.1235811745543,559.12元,559.8386191498709,946.0153565424379
2025-02-10T05:50:00,2025-02-10T06:00:00,2025-02-10,35,755.6254369552665,755.6254369552665,0.0,755.6254369552665,0.0,0.0,755.6254369552665,0.5708,431.31099941406615,0.8562,0.0,2.854,0.0,0.0,0.0,431.31099941406615,431.31元,0.0,755.6254369552665
2025-02-10T06:00:00,2025-02-10T06:10:00,2025-02-10,36,126.70694220708674,126.70694220708674,1.086175576513483,127.79311778360022,1.086175576513483,2.23188222639964,130.02500000999987,0.9099,115.29064671422823,1.3648500000000001,1.4824667356044274,4.5495,10.153948189005163,4094.555979272298,1862.818242769932,1989.74530440877,1989.75元,0.0,130.02500000999987
2025-02-10T06:10:00,2025-02-10T06:20:00,2025-02-10,37,124.18930140762086,124.18930140762086,7.926549568212749,132.1158509758336,7.926549568212749,0.0,132.1158509758336,0.9368,116.34053755865922,1.4052,11.138387453252555,4.684,0.0,0.0,0.0,127.47892501191177,127.48元,0.0,132.1158509758336
2025-02-10T06:20:00,2025-02-10T06:30:00,2025-02-10,38,199.26520841827585,147.66178416036678,0.0,147.66178416036678,-51.60342425790907,0.0,147.66178416036678,0.8758,129.32219056764922,1.3137,0.0,4.3790000000000004,0.0,0.0,0.0,129.32219056764922,129.32元,0.0,147.66178416036678
2025-02-10T06:30:00,2025-02-10T06:40:00,2025-02-10,39,163.78073166890488,163.78073166890488,7.455581205121462,171.23631287402634,7.455581205121462,0.0,171.23631287402634,0.8759,143.45554286879377,1.31385,9.795515366348832,4.3795,0.0,0.0,0.0,153.2510582351426,153.25元,0.0,171.23631287402634
2025-02-10T06:40:00,2025-02-10T06:50:00,2025-02-10,40,844.2872325047541,163.0725655884661,0.0,163.0725655884661,-681.214666916288,0.0,163.0725655884661,0.8601,140.25871366263968,1.29015,0.0,4.3004999999999995,0.0,0.0,0.0,140.25871366263968,140.26元,0.0,163.0725655884661
2025-02-10T06:50:00,2025-02-10T07:00:00,2025-02-10,41,821.1724005106626,820.8980134834743,0.0,820.8980134834743,-0.27438702718825425,0.0,820.8980134834743,0.8442,693.002102982749,1.2663,0.0,4.221,0.0,0.0,0.0,693.002102982749,693.00元,0.0,820.8980134834743
2025-02-10T07:00:00,2025-02-10T07:10:00,2025-02-10,42,619.7606662748001,604.468252197954,0.0,604.468252197954,-15.292414076846057,0.0,604.468252197954,0.8334,503.7638413817749,1.2501,0.0,4.167,0.0,0.0,0.0,503.7638413817749,503.76元,0.0,604.468252197954
2025-02-10T07:10:00,2025-02-10T07:20:00,2025-02-10,43,618.4348377193965,603.7348740953204,0.0,603.7348740953204,-14.699963624076076,0.0,603.7348740953204,0.8092,488.54226011793327,1.2138,0.0,4.046,0.0,0.0,0.0,488.54226011793327,488.54元,0.0,603.7348740953204
2025-02-10T07:20:00,2025-02-10T07:30:00,2025-02-10,44,604.3679020934378,590.3016119517101,0.0,590.3016119517101,-14.066290141727677,0.0,590.3016119517101,0.7972,470.58844504790335,1.1958,0.0,3.986,0.0,0.0,0.0,470.58844504790335,470.59元,0.0,590.3016119517101
2025-02-10T07:30:00,2025-02-10T07:40:00,2025-02-10,45,561.6816624603872,561.6816624603872,0.0,561.6816624603872,0.0,0.0,561.6816624603872,0.7644,429.34946278471995,1.1465999999999998,0.0,3.822,0.0,0.0,0.0,429.34946278471995,429.35元,0.0,561.6816624603872
2025-02-10T07:40:00,2025-02-10T07:50:00,2025-02-10,46,1345.5405829614535,1332.8280569391645,0.0,1332.8280569391645,-12.712526022289012,0.0,1332.8280569391645,0.6899,919.5180764823295,1.03485,0.0,3.4494999999999996,0.0,0.0,0.0,919.5180764823295,919.52元,0.0,1332.8280569391645
2025-02-10T07:50:00,2025-02-10T08:00:00,2025-02-10,47,611.2036681381944,130.43260776934937,0.0,130.43260776934937,-480.77106036884504,0.0,130.43260776934937,0.86,112.17204268164046,1.29,0.0,4.3,0.0,0.0,0.0,112.17204268164046,112.17元,0.0,130.43260776934937
2025-02-10T08:00:00,2025-02-10T08:10:00,2025-02-10,48,118.44618528138722,54.346027437229736,0.0,54.346027437229736,-64.10015784415748,0.0,54.346027437229736,1.1617,63.13378007382978,1.74255,0.0,5.8084999999999996,0.0,0.0,0.0,63.13378007382978,63.13元,0.0,54.346027437229736
2025-02-10T08:10:00,2025-02-10T08:20:00,2025-02-10,49,55.761466852575154,14.316378725290406,0.0,14.316378725290406,-41.44508812728475,0.0,14.316378725290406,1.1683,16.72582526475678,1.7524499999999998,0.0,5.8415,0.0,0.0,0.0,16.72582526475678,16.73元,0.0,14.316378725290406
2025-02-10T08:20:00,2025-02-10T08:30:00,2025-02-10,50,0.0,0.0,0.0,0.0,0.0,0.0,0.0,1.0956,0.0,1.6433999999999997,0.0,5.478,0.0,0.0,0.0,0.0,0.00元,0.0,0.0
2025-02-10T08:30:00,2025-02-10T08:40:00,2025-02-10,51,0.0,0.0,0.0,0.0,0.0,0.0,0.0,1.0849,0.0,1.6273499999999999,0.0,5.4245,0.0,0.0,0.0,0.0,0.00元,0.0,0.0
2025-02-10T08:40:00,2025-02-10T08:50:00,2025-02-10,52,0.0,0.0,0.0,0.0,0.0,0.0,0.0,1.061,0.0,1.5915,0.0,5.305,0.0,0.0,0.0,0.0,0.00元,0.0,0.0
2025-02-10T08:50:00,2025-02-10T09:00:00,2025-02-10,53,0.0,0.0,0.0,0.0,0.0,0.0,0.0,1.043,0.0,1.5644999999999998,0.0,5.215,0.0,0.0,0.0,0.0,0.00元,0.0,0.0
2025-02-10T09:00:00,2025-02-10T09:10:00,2025-02-10,54,0.0,0.0,0.0,0.0,0.0,0.0,0.0,1.036,0.0,1.554,0.0,5.18,0.0,0.0,0.0,0.0,0.00元,0.0,0.0
2025-02-10T09:10:00,2025-02-10T09:20:00,2025-02-10,55,0.0,0.0,0.0,0.0,0.0,0.0,0.0,1.0147,0.0,1.52205,0.0,5.073499999999999,0.0,0.0,0.0,0.0,0.00元,0.0,0.0
2025-02-10T09:20:00,2025-02-10T09:30:00,2025-02-10,56,0.0,0.0,0.0,0.0,0.0,0.0,0.0,0.9922,0.0,1.4883,0.0,4.961,0.0,0.0,0.0,0.0,0.00元,0.0,0.0
2025-02-10T09:30:00,2025-02-10T09:40:00,2025-02-10,57,0.0,0.0,0.0,0.0,0.0,132.02888697475774,132.02888697475774,0.97,0.0,1.455,0.0,4.85,640.340101827575,0.0,0.0,640.340101827575,640.34元,0.0,132.02888697475774
2025-02-10T09:40:00,2025-02-10T09:50:00,2025-02-10,58,0.0,0.0,0.0,0.0,0.0,174.48613333333338,174.48613333333338,0.9422,0.0,1.4133,0.0,4.711,822.0041741333335,0.0,0.0,822.0041741333335,822.00元,0.0,174.48613333333338
2025-02-10T09:50:00,2025-02-10T10:00:00,2025-02-10,59,0.0,0.0,0.0,0.0,0.0,115.184,115.184,0.9569,0.0,1.43535,0.0,4.7844999999999995,551.097848,0.0,0.0,551.097848,551.10元,0.0,115.184
2025-02-10T10:00:00,2025-02-10T10:10:00,2025-02-10,60,0.0,0.0,0.0,0.0,0.0,110.15833333333333,110.15833333333333,0.9977,0.0,1.49655,0.0,4.9885,549.5248458333333,0.0,0.0,549.5248458333333,549.52元,0.0,110.15833333333333
2025-02-10T10:10:00,2025-02-10T10:20:00,2025-02-10,61,0.0,0.0,0.0,0.0,0.0,111.65605000000008,111.65605000000008,0.9919,0.0,1.48785,0.0,4.9595,553.7581799750004,0.0,0.0,553.7581799750004,553.76元,0.0,111.65605000000008
2025-02-10T10:20:00,2025-02-10T10:30:00,2025-02-10,62,0.0,0.0,0.0,0.0,0.0,74.89525000000006,74.89525000000006,0.9588,0.0,1.4382,0.0,4.794,359.04782850000026,0.0,0.0,359.04782850000026,359.05元,0.0,74.89525000000006
2025-02-10T10:30:00,2025-02-10T10:40:00,2025-02-10,63,0.0,0.0,0.0,0.0,0.0,32.68791666666656,32.68791666666656,0.9549,0.0,1.43235,0.0,4.7745,156.06845812499947,0.0,0.0,156.06845812499947,156.07元,0.0,32.68791666666656
2025-02-10T10:40:00,2025-02-10T10:50:00,2025-02-10,64,0.0,0.0,0.0,0.0,0.0,54.68443333333338,54.68443333333338,0.9839,0.0,1.4758499999999999,0.0,4.9195,269.02006978333355,0.0,0.0,269.02006978333355,269.02元,0.0,54.68443333333338
2025-02-10T10:50:00,2025-02-10T11:00:00,2025-02-10,65,2.737673387373917,0.0,0.0,0.0,-2.737673387373917,57.9766500000001,57.9766500000001,0.799,0.0,1.1985000000000001,0.0,3.995,231.6167167500004,0.0,0.0,231.6167167500004,231.62元,0.0,57.9766500000001
2025-02-10T11:00:00,2025-02-10T11:10:00,2025-02-10,66,840.939039729289,708.0952119403572,0.0,708.0952119403572,-132.84382778893178,0.0,708.0952119403572,0.5025,355.8178440000295,0.7537499999999999,0.0,2.5124999999999997,0.0,0.0,0.0,355.8178440000295,355.82元,0.0,708.0952119403572
2025-02-10T11:10:00,2025-02-10T11:20:00,2025-02-10,67,839.357302970377,706.5816030641987,0.0,706.5816030641987,-132.77569990617826,0.0,706.5816030641987,0.4662,329.40834334852946,0.6993,0.0,2.331,0.0,0.0,0.0,329.40834334852946,329.41元,0.0,706.5816030641987
2025-02-10T11:20:00,2025-02-10T11:30:00,2025-02-10,68,857.533041451256,724.886894169928,0.0,724.886894169928,-132.646147281328,0.0,724.886894169928,0.5007,362.950867910883,0.75105,0.0,2.5035000000000003,0.0,0.0,0.0,362.950867910883,362.95元,0.0,724.886894169928
2025-02-10T11:30:00,2025-02-10T11:40:00,2025-02-10,69,870.7051580151452,738.2746313014358,0.0,738.2746313014358,-132.43052671370947,0.0,738.2746313014358,0.4827,356.36516452920307,0.7240500000000001,0.0,2.4135,0.0,0.0,0.0,356.36516452920307,356.37元,0.0,738.2746313014358
2025-02-10T11:40:00,2025-02-10T11:50:00,2025-02-10,70,857.8837292119675,725.5383255995818,0.0,725.5383255995818,-132.34540361238578,0.0,725.5383255995818,0.4785,347.1700887993999,0.71775,0.0,2.3925,0.0,0.0,0.0,347.1700887993999,347.17元,0.0,725.5383255995818
2025-02-10T11:50:00,2025-02-10T12:00:00,2025-02-10,71,806.5936949942301,674.2784375765397,0.0,674.2784375765397,-132.31525741769042,0.0,674.2784375765397,0.4662,314.3486075981828,0.6993,0.0,2.331,0.0,0.0,0.0,314.3486075981828,314.35元,0.0,674.2784375765397
2025-02-10T12:00:00,2025-02-10T12:10:00,2025-02-10,72,798.4962648017441,724.3176995698595,0.0,724.3176995698595,-74.17856523188459,0.0,724.3176995698595,0.4432,321.0176044493617,0.6648,0.0,2.2159999999999997,0.0,343.8920705880671,76.20648284231567,397.2240872916774,397.22元,0.0,724.3176995698595
2025-02-10T12:10:00,2025-02-10T12:20:00,2025-02-10,73,796.0728962071709,722.1424842113399,0.0,722.1424842113399,-73.93041199583092,0.0,722.1424842113399,0.4411,318.53704978562206,0.66165,0.0,2.2055,0.0,0.0,0.0,318.53704978562206,318.54元,0.0,722.1424842113399
2025-02-10T12:20:00,2025-02-10T12:30:00,2025-02-10,74,801.7846046342023,677.9266231381388,50.40029449976305,728.3269176379018,-73.45768699630048,0.0,728.3269176379018,0.4551,308.524406190167,0.68265,34.40576104026324,2.2755,0.0,0.0,0.0,342.9301672304302,342.93元,0.0,728.3269176379018
2025-02-10T12:30:00,2025-02-10T12:40:00,2025-02-10,75,790.1313728218018,717.5563919353921,0.0,717.5563919353921,-72.57498088640978,0.0,717.5563919353921,0.4463,320.2454177207655,0.66945,0.0,2.2315,0.0,0.0,0.0,320.2454177207655,320.25元,0.0,717.5563919353921
2025-02-10T12:40:00,2025-02-10T12:50:00,2025-02-10,76,782.88218827049,711.4004033981165,0.0,711.4004033981165,-71.48178487237351,0.0,711.4004033981165,0.4113,292.59898591764534,0.61695,0.0,2.0564999999999998,0.0,0.0,0.0,292.59898591764534,292.60元,0.0,711.4004033981165
2025-02-10T12:50:00,2025-02-10T13:00:00,2025-02-10,77,772.5339868347235,515.7095631947931,226.40182116158644,742.1113843563795,-30.422602478343947,0.0,742.1113843563795,0.5682,293.02617380728145,0.8523000000000001,192.96227217602015,2.841,0.0,0.0,0.0,485.9884459833016,485.99元,0.0,742.1113843563795
2025-02-10T13:00:00,2025-02-10T13:10:00,2025-02-10,78,141.30581884187518,0.0,86.49865286238457,86.49865286238457,-54.807165979490605,0.0,86.49865286238457,0.8279,0.0,1.24185,107.41835205715228,4.1395,0.0,0.0,0.0,107.41835205715228,107.42元,0.0,86.49865286238457
2025-02-10T13:10:00,2025-02-10T13:20:00,2025-02-10,79,129.70844121934942,0.0,76.42964805843326,76.42964805843326,-53.278793160916166,0.0,76.42964805843326,0.8636,0.0,1.2954,99.00696609489445,4.3180000000000005,0.0,0.0,0.0,99.00696609489445,99.01元,0.0,76.42964805843326
2025-02-10T13:20:00,2025-02-10T13:30:00,2025-02-10,80,134.55081490131965,0.0,82.60768256154267,82.60768256154267,-51.94313233977698,0.0,82.60768256154267,0.8416,0.0,1.2624,104.28393846569148,4.208,0.0,0.0,0.0,104.28393846569148,104.28元,0.0,82.60768256154267
2025-02-10T13:30:00,2025-02-10T13:40:00,2025-02-10,81,158.55415461026178,0.0,107.75641559958274,107.75641559958274,-50.79773901067904,0.0,107.75641559958274,0.8618,0.0,1.2927,139.2967184455806,4.309,0.0,0.0,0.0,139.2967184455806,139.30元,0.0,107.75641559958274
2025-02-10T13:40:00,2025-02-10T13:50:00,2025-02-10,82,142.211861268632,0.0,93.22354056604149,93.22354056604149,-48.9883207025905,0.0,93.22354056604149,0.8623,0.0,1.29345,120.57998854514636,4.3115,0.0,0.0,0.0,120.57998854514636,120.58元,0.0,93.22354056604149
2025-02-10T13:50:00,2025-02-10T14:00:00,2025-02-10,83,0.2717208646230584,0.0,0.14184528107480787,0.14184528107480787,-0.12987558354825052,0.0,0.14184528107480787,0.9026,0.0,1.3538999999999999,0.19204432604718236,4.513,0.0,0.0,0.0,0.19204432604718236,0.19元,0.0,0.14184528107480787
2025-02-10T14:00:00,2025-02-10T14:10:00,2025-02-10,84,0.0,0.0,0.0,0.0,0.0,0.0,0.0,0.9754,0.0,1.4631,0.0,4.877000000000001,0.0,0.0,0.0,0.0,0.00元,0.0,0.0
2025-02-10T14:10:00,2025-02-10T14:20:00,2025-02-10,85,0.0,0.0,0.0,0.0,0.0,0.0,0.0,1.0002,0.0,1.5003,0.0,5.0009999999999994,0.0,0.0,0.0,0.0,0.00元,0.0,0.0
2025-02-10T14:20:00,2025-02-10T14:30:00,2025-02-10,86,0.0,0.0,0.0,0.0,0.0,0.0,0.0,0.9978,0.0,1.4967000000000001,0.0,4.989,0.0,0.0,0.0,0.0,0.00元,0.0,0.0
2025-02-10T14:30:00,2025-02-10T14:40:00,2025-02-10,87,0.0,0.0,0.0,0.0,0.0,0.0,0.0,1.0271,0.0,1.5406499999999999,0.0,5.1354999999999995,0.0,0.0,0.0,0.0,0.00元,0.0,0.0
2025-02-10T14:40:00,2025-02-10T14:50:00,2025-02-10,88,0.0,0.0,0.0,0.0,0.0,0.0,0.0,1.0906,0.0,1.6359,0.0,5.453,0.0,0.0,0.0,0.0,0.00元,0.0,0.0
2025-02-10T14:50:00,2025-02-10T15:00:00,2025-02-10,89,0.0,0.0,0.0,0.0,0.0,0.0,0.0,0.9376,0.0,1.4064,0.0,4.688,0.0,0.0,0.0,0.0,0.00元,0.0,0.0
2025-02-10T15:00:00,2025-02-10T15:10:00,2025-02-10,90,1425.3858696934599,1401.329480782938,2.682360950853763,1404.0118417337917,-21.374027959668183,0.0,1404.0118417337917,0.6694,938.0499544360987,1.0041,2.6933586307522632,3.347,0.0,0.0,0.0,940.7433130668509,940.74元,0.0,1404.0118417337917
2025-02-10T15:10:00,2025-02-10T15:20:00,2025-02-10,91,1421.0715935216367,1396.472983034725,5.479041465658156,1401.9520245003832,-19.119569021253483,0.0,1401.9520245003832,0.66,921.6721688029186,0.99,5.4242510510015745,3.3000000000000003,0.0,0.0,0.0,927.0964198539202,927.10元,0.0,1401.9520245003832
2025-02-10T15:20:00,2025-02-10T15:30:00,2025-02-10,92,1409.5403089453134,949.7786747570447,442.73228475685096,1392.5109595138956,-17.029349431417813,0.0,1392.5109595138956,0.7217,685.4552695721592,1.08255,479.279834863529,3.6085000000000003,0.0,0.0,0.0,1164.7351044356883,1164.74元,0.0,1392.5109595138956
2025-02-10T15:30:00,2025-02-10T15:40:00,2025-02-10,93,796.874971370447,558.6163144017173,709.301000483074,1267.9173148847913,471.0423435143442,0.0,1267.9173148847913,0.7308,408.236802564775,1.0962,777.5357567295457,3.654,0.0,0.0,0.0,1185.7725592943207,1185.77元,0.0,1267.9173148847913
2025-02-10T15:40:00,2025-02-10T15:50:00,2025-02-10,94,624.33537540015,597.9913394489649,14.328173326809178,612.3195127757741,-12.015862624375927,0.0,612.3195127757741,0.7534,450.52667514085016,1.1300999999999999,16.19226867662705,3.767,0.0,0.0,0.0,466.7189438174772,466.72元,0.0,612.3195127757741
2025-02-10T15:50:00,2025-02-10T16:00:00,2025-02-10,95,637.9988501577429,610.9484034191737,17.8071421829286,628.7555456021023,-9.243304555640634,0.0,628.7555456021023,0.7823,477.94493599481956,1.1734499999999999,20.895790994557565,3.9115,0.0,0.0,0.0,498.8407269893772,498.84元,0.0,628.7555456021023
2025-02-10T16:00:00,2025-02-10T16:10:00,2025-02-10,96,824.550836960483,822.5567652904012,0.0,822.5567652904012,-1.9940716700817802,0.0,822.5567652904012,0.8055,662.5694744414182,1.20825,0.0,4.0275,0.0,0.0,0.0,662.5694744414182,662.57元,0.0,822.5567652904012
2025-02-10T16:10:00,2025-02-10T16:20:00,2025-02-10,97,861.4946860509483,858.7477775925695,0.0,858.7477775925695,-2.7469084583788117,0.0,858.7477775925695,0.8271,710.2702868468142,1.24065,0.0,4.1354999999999995,0.0,0.0,0.0,710.2702868468142,710.27元,0.0,858.7477775925695
2025-02-10T16:20:00,2025-02-10T16:30:00,2025-02-10,98,893.2272773461543,889.736335329848,0.0,889.736335329848,-3.4909420163063487,0.0,889.736335329848,0.8519,757.9663840674975,1.27785,0.0,4.2595,0.0,0.0,0.0,757.9663840674975,757.97元,0.0,889.736335329848
2025-02-10T16:30:00,2025-02-10T16:40:00,2025-02-10,99,899.4996939519084,895.3041753947673,0.0,895.3041753947673,-4.195518557141099,0.0,895.3041753947673,0.8791,787.06190058954,1.3186499999999999,0.0,4.3955,0.0,0.0,0.0,787.06190058954,787.06元,0.0,895.3041753947673
2025-02-10T16:40:00,2025-02-10T16:50:00,2025-02-10,100,909.1502626713603,904.2507320840759,0.0,904.2507320840759,-4.899530587284403,0.0,904.2507320840759,0.9024,815.9958606326701,1.3536,0.0,4.512,0.0,0.0,0.0,815.9958606326701,816.00元,0.0,904.2507320840759
2025-02-10T16:50:00,2025-02-10T17:00:00,2025-02-10,101,923.2398960561961,917.68627934918,0.0,917.68627934918,-5.55361670701609,0.0,917.68627934918,0.9163,840.8759377676537,1.37445,0.0,4.5815,0.0,0.0,0.0,840.8759377676537,840.88元,0.0,917.68627934918
2025-02-10T17:00:00,2025-02-10T17:10:00,2025-02-10,102,997.4986346871755,997.4986346871755,0.0,997.4986346871755,0.0,0.0,997.4986346871755,0.9264,924.0827351741993,1.3896,0.0,4.632,0.0,0.0,0.0,924.0827351741993,924.08元,0.0,997.4986346871755
2025-02-10T17:10:00,2025-02-10T17:20:00,2025-02-10,103,1010.3627591241216,1010.3627591241216,0.0,1010.3627591241216,0.0,0.0,1010.3627591241216,0.9462,956.0052426832439,1.4193,0.0,4.731,0.0,0.0,0.0,956.0052426832439,956.01元,0.0,1010.3627591241216
2025-02-10T17:20:00,2025-02-10T17:30:00,2025-02-10,104,1020.7653823883105,1020.7653823883105,0.0,1020.7653823883105,0.0,0.0,1020.7653823883105,0.9742,994.429635522692,1.4613,0.0,4.8709999999999996,0.0,0.0,0.0,994.429635522692,994.43元,0.0,1020.7653823883105
2025-02-10T17:30:00,2025-02-10T17:40:00,2025-02-10,105,1038.3757643090828,1038.3757643090828,0.0,1038.3757643090828,0.0,0.0,1038.3757643090828,0.9862,1024.0461787616175,1.4792999999999998,0.0,4.931,0.0,0.0,0.0,1024.0461787616175,1024.05元,0.0,1038.3757643090828
2025-02-10T17:40:00,2025-02-10T17:50:00,2025-02-10,106,1050.0745814946315,1050.0745814946315,0.0,1050.0745814946315,0.0,0.0,1050.0745814946315,0.976,1024.8727915387603,1.464,0.0,4.88,0.0,0.0,0.0,1024.8727915387603,1024.87元,0.0,1050.0745814946315
2025-02-10T17:50:00,2025-02-10T18:00:00,2025-02-10,107,922.5266301352218,922.5266301352218,0.0,922.5266301352218,0.0,0.0,922.5266301352218,1.0742,990.9781060912553,1.6113,0.0,5.371,0.0,0.0,0.0,990.9781060912553,990.98元,0.0,922.5266301352218
2025-02-10T18:00:00,2025-02-10T18:10:00,2025-02-10,108,732.6714468588083,732.6301466964811,0.0,732.6301466964811,-0.04130016232716116,0.0,732.6301466964811,1.2313,902.0874996273773,1.84695,0.0,6.1565,0.0,112.04227197084754,68.9788247388523,971.0663243662295,971.07元,0.0,732.6301466964811
2025-02-10T18:10:00,2025-02-10T18:20:00,2025-02-10,109,709.9414945500278,689.691914779122,0.0,689.691914779122,-20.24957977090571,0.0,689.691914779122,1.2561,866.3220141540552,1.88415,0.0,6.2805,0.0,0.0,0.0,866.3220141540552,866.32元,0.0,689.691914779122
2025-02-10T18:20:00,2025-02-10T18:30:00,2025-02-10,110,734.5926695868989,734.5279662093865,0.0,734.5279662093865,-0.0647033775123873,0.0,734.5279662093865,1.2447,914.2669595408233,1.8670499999999999,0.0,6.2235,0.0,0.0,0.0,914.2669595408233,914.27元,0.0,734.5279662093865
2025-02-10T18:30:00,2025-02-10T18:40:00,2025-02-10,111,724.187577842497,705.0325703684587,0.0,705.0325703684587,-19.15500747403837,0.0,705.0325703684587,1.2545,884.4633595272313,1.8817499999999998,0.0,6.2725,0.0,0.0,0.0,884.4633595272313,884.46元,0.0,705.0325703684587
2025-02-10T18:40:00,2025-02-10T18:50:00,2025-02-10,112,714.189260688754,695.5589938099675,0.0,695.5589938099675,-18.630266878786415,0.0,695.5589938099675,1.2522,870.9789720488413,1.8782999999999999,0.0,6.261,0.0,0.0,0.0,870.9789720488413,870.98元,0.0,695.5589938099675
2025-02-10T18:50:00,2025-02-10T19:00:00,2025-02-10,113,64.47438488980151,59.591546352515365,0.0,59.591546352515365,-4.882838537286148,0.0,59.591546352515365,1.2881,76.75987085667505,1.93215,0.0,6.4405,0.0,0.0,0.0,76.75987085667505,76.76元,0.0,59.591546352515365
2025-02-10T19:00:00,2025-02-10T19:10:00,2025-02-10,114,0.0,0.0,0.0,0.0,0.0,0.0,0.0,1.3466,0.0,2.0199,0.0,6.7330000000000005,0.0,0.0,0.0,0.0,0.00元,0.0,0.0
2025-02-10T19:10:00,2025-02-10T19:20:00,2025-02-10,115,13.398358635874501,12.386082993043146,0.0,12.386082993043146,-1.012275642831355,0.0,12.386082993043146,1.3523,16.749700031492246,2.0284500000000003,0.0,6.7615,0.0,0.0,0.0,16.749700031492246,16.75元,0.0,12.386082993043146
2025-02-10T19:20:00,2025-02-10T19:30:00,2025-02-10,116,22.02144250087997,21.94431565241632,0.0,21.94431565241632,-0.07712684846364937,0.0,21.94431565241632,1.3445,29.504132394673746,2.01675,0.0,6.7225,0.0,0.0,0.0,29.504132394673746,29.50元,0.0,21.94431565241632
2025-02-10T19:30:00,2025-02-10T19:40:00,2025-02-10,117,19.77188976442926,19.462688401758214,0.0,19.462688401758214,-0.3092013626710468,0.0,19.462688401758214,1.3483,26.2415427720906,2.02245,0.0,6.7415,0.0,0.0,0.0,26.2415427720906,26.24元,0.0,19.462688401758214
2025-02-10T19:40:00,2025-02-10T19:50:00,2025-02-10,118,21.1075986527743,21.1075986527743,0.0,21.1075986527743,0.0,0.0,21.1075986527743,1.349,28.47415058259253,2.0235,0.0,6.745,0.0,0.0,0.0,28.47415058259253,28.47元,0.0,21.1075986527743
2025-02-10T19:50:00,2025-02-10T20:00:00,2025-02-10,119,12.26542252479976,12.26542252479976,0.0,12.26542252479976,0.0,0.0,12.26542252479976,1.3473,16.525203767662717,2.02095,0.0,6.7364999999999995,0.0,0.0,0.0,16.525203767662717,16.53元,0.0,12.26542252479976
2025-02-10T20:00:00,2025-02-10T20:10:00,2025-02-10,120,8.223092330863778,7.006810019140289,0.0,7.006810019140289,-1.2162823117234893,0.0,7.006810019140289,1.3482,9.446581267804937,2.0223,0.0,6.7410000000000005,0.0,0.0,0.0,9.446581267804937,9.45元,0.0,7.006810019140289
2025-02-10T20:10:00,2025-02-10T20:20:00,2025-02-10,121,0.0,0.0,0.0,0.0,0.0,0.0,0.0,1.3513,0.0,2.02695,0.0,6.7565,0.0,0.0,0.0,0.0,0.00元,0.0,0.0
2025-02-10T20:20:00,2025-02-10T20:30:00,2025-02-10,122,7.819080314356597,7.819080314356597,0.0,7.819080314356597,0.0,0.0,7.819080314356597,1.34,10.47756762123784,2.0100000000000002,0.0,6.7,0.0,0.0,0.0,10.47756762123784,10.48元,0.0,7.819080314356597
2025-02-10T20:30:00,2025-02-10T20:40:00,2025-02-10,123,29.62188132958113,29.62188132958113,0.0,29.62188132958113,0.0,0.0,29.62188132958113,1.3489,39.956955725471985,2.0233499999999998,0.0,6.7445,0.0,0.0,0.0,39.956955725471985,39.96元,0.0,29.62188132958113
2025-02-10T20:40:00,2025-02-10T20:50:00,2025-02-10,124,18.067321078888426,15.63327997296983,0.0,15.63327997296983,-2.4340411059185953,0.0,15.63327997296983,1.3952,21.81155221828751,2.0928,0.0,6.976,0.0,0.0,0.0,21.81155221828751,21.81元,0.0,15.63327997296983
2025-02-10T20:50:00,2025-02-10T21:00:00,2025-02-10,125,709.8653345360431,705.8185123552333,0.0,705.8185123552333,-4.046822180809727,0.0,705.8185123552333,1.2226,862.9337132055082,1.8338999999999999,0.0,6.1129999999999995,0.0,0.0,0.0,862.9337132055082,862.93元,0.0,705.8185123552333
2025-02-10T21:00:00,2025-02-10T21:10:00,2025-02-10,126,755.897094994292,755.5422090916215,0.0,755.5422090916215,-0.35488590267050313,0.0,755.5422090916215,0.9332,705.0719895243012,1.3998,0.0,4.666,0.0,0.0,0.0,705.0719895243012,705.07元,0.0,755.5422090916215
2025-02-10T21:10:00,2025-02-10T21:20:00,2025-02-10,127,736.7260137650686,736.701650203138,0.0,736.701650203138,-0.024363561930613287,0.0,736.701650203138,0.9068,668.0410564042056,1.3602,0.0,4.534000000000001,0.0,0.0,0.0,668.0410564042056,668.04元,0.0,736.701650203138
2025-02-10T21:20:00,2025-02-10T21:30:00,2025-02-10,128,738.0604161261974,733.0171657670269,0.0,733.0171657670269,-5.043250359170543,0.0,733.0171657670269,0.9371,686.910386040281,1.40565,0.0,4.6855,0.0,0.0,0.0,686.910386040281,686.91元,0.0,733.0171657670269
2025-02-10T21:30:00,2025-02-10T21:40:00,2025-02-10,129,725.3080398702608,720.4029519917129,0.0,720.4029519917129,-4.905087878547874,0.0,720.4029519917129,0.9371,675.0896063114342,1.40565,0.0,4.6855,0.0,0.0,0.0,675.0896063114342,675.09元,0.0,720.4029519917129
2025-02-10T21:40:00,2025-02-10T21:50:00,2025-02-10,130,714.8639367238462,713.5730201901632,0.0,713.5730201901632,-1.2909165336830029,0.0,713.5730201901632,0.9871,704.3679282297101,1.48065,0.0,4.9355,0.0,0.0,0.0,704.3679282297101,704.37元,0.0,713.5730201901632
2025-02-10T21:50:00,2025-02-10T22:00:00,2025-02-10,131,677.103199338529,677.103199338529,0.0,677.103199338529,0.0,0.0,677.103199338529,0.7764,525.7029239664339,1.1646,0.0,3.8819999999999997,0.0,0.0,0.0,525.7029239664339,525.70元,0.0,677.103199338529
2025-02-10T22:00:00,2025-02-10T22:10:00,2025-02-10,132,1387.158958577435,1376.4697911894336,0.0,1376.4697911894336,-10.689167388001351,0.0,1376.4697911894336,0.4209,579.3561351116326,0.63135,0.0,2.1045,0.0,0.0,0.0,579.3561351116326,579.36元,0.0,1376.4697911894336
2025-02-10T22:10:00,2025-02-10T22:20:00,2025-02-10,133,1364.3703379883277,1353.9740059301116,0.0,1353.9740059301116,-10.396332058216103,0.0,1353.9740059301116,0.3859,522.4985688884301,0.5788500000000001,0.0,1.9295,0.0,0.0,0.0,522.4985688884301,522.50元,0.0,1353.9740059301116
2025-02-10T22:20:00,2025-02-10T22:30:00,2025-02-10,134,551.605581888376,551.605581888376,0.0,551.605581888376,0.0,0.0,551.605581888376,0.4368,240.94131816884266,0.6552,0.0,2.184,0.0,0.0,0.0,240.94131816884266,240.94元,0.0,551.605581888376
2025-02-10T22:30:00,2025-02-10T22:40:00,2025-02-10,135,1395.7309003030423,1385.8963915506738,0.0,1385.8963915506738,-9.834508752368492,0.0,1385.8963915506738,0.4198,581.7993051729728,0.6297,0.0,2.099,0.0,0.0,0.0,581.7993051729728,581.80元,20.73972489400716,1365.1566666566666
2025-02-10T22:40:00,2025-02-10T22:50:00,2025-02-10,136,1414.3632674465885,1404.7981802037948,0.0,1404.7981802037948,-9.565087242793652,0.0,1404.7981802037948,0.4186,588.0485182333085,0.6279,0.0,2.093,0.0,0.0,0.0,588.0485182333085,588.05元,24.837813547128114,1379.9603666566668
2025-02-10T22:50:00,2025-02-10T23:00:00,2025-02-10,137,1402.361686721467,1393.0586400451175,0.0,1393.0586400451175,-9.303046676349595,0.0,1393.0586400451175,0.4241,590.7961692431343,0.63615,0.0,2.1205,0.0,0.0,0.0,590.7961692431343,590.80元,7.371806721784188,1385.6868333233333
2025-02-10T23:00:00,2025-02-10T23:10:00,2025-02-10,138,1380.6517598844016,1371.6035750361616,0.0,1371.6035750361616,-9.048184848239998,0.0,1371.6035750361616,0.4237,581.1484347428217,0.6355500000000001,0.0,2.1185,0.0,0.0,0.0,581.1484347428217,581.15元,0.0,1371.6035750361616
2025-02-10T23:10:00,2025-02-10T23:20:00,2025-02-10,139,1017.2208822386956,1017.2208822386956,0.0,1017.2208822386956,0.0,0.0,1017.2208822386956,0.4248,432.1154307749979,0.6372,0.0,2.124,0.0,0.0,0.0,432.1154307749979,432.12元,0.0,1017.2208822386956
2025-02-10T23:20:00,2025-02-10T23:30:00,2025-02-10,140,1408.8209158359177,1400.2616997023065,0.0,1400.2616997023065,-8.559216133611244,0.0,1400.2616997023065,0.424,593.7109606737779,0.636,0.0,2.12,0.0,0.0,0.0,593.7109606737779,593.71元,0.0,1400.2616997023065
2025-02-10T23:30:00,2025-02-10T23:40:00,2025-02-10,141,1377.3256005708747,1369.000868638718,0.0,1369.000868638718,-8.324731932156737,0.0,1369.000868638718,0.422,577.718366565539,0.633,0.0,2.11,0.0,0.0,0.0,577.718366565539,577.72元,0.0,1369.000868638718
2025-02-10T23:40:00,2025-02-10T23:50:00,2025-02-10,142,1392.9925689189017,1384.8958973708927,0.0,1384.8958973708927,-8.096671548008999,0.0,1384.8958973708927,0.424,587.1958604852585,0.636,0.0,2.12,0.0,0.0,0.0,587.1958604852585,587.20元,0.0,1384.8958973708927
2025-02-10T23:50:00,2025-02-11T00:00:00,2025-02-10,143,588.5656352331061,588.5656352331061,0.0,588.5656352331061,0.0,0.0,588.5656352331061,0.4271,251.37638280805962,0.6406499999999999,0.0,2.1355,0.0,0.0,0.0,251.37638280805962,251.38元,0.0,588.5656352331061
2025-02-11T00:00:00,2025-02-11T00:10:00,2025-02-10,144,599.8652833333333,599.8652833333333,0.0,599.8652833333333,0.0,0.0,599.8652833333333,0.4276,256.50239515333334,0.6414,0.0,2.138,0.0,0.0,0.0,256.50239515333334,256.50元,0.0,599.8652833333333
2025-02-11T00:10:00,2025-02-11T00:20:00,2025-02-11,1,1413.196734665266,1413.196734665266,0.0,1413.196734665266,0.0,0.0,1413.196734665266,0.4248,600.325972885805,0.6372,0.0,2.124,0.0,0.0,0.0,600.325972885805,600.33元,11.001151341932648,1402.1955833233333
2025-02-11T00:20:00,2025-02-11T00:30:00,2025-02-11,2,1423.639080885144,1423.639080885144,0.0,1423.639080885144,0.0,0.0,1423.639080885144,0.4245,604.3347898357437,0.6367499999999999,0.0,2.1225,0.0,0.0,0.0,604.3347898357437,604.33元,31.002414228477384,1392.6366666566666
2025-02-11T00:30:00,2025-02-11T00:40:00,2025-02-11,3,782.4717537781676,782.4717537781676,0.0,782.4717537781676,0.0,0.0,782.4717537781676,0.4269,334.03719168789974,0.64035,0.0,2.1345,0.0,0.0,0.0,334.03719168789974,334.04元,0.0,782.4717537781676
2025-02-11T00:40:00,2025-02-11T00:50:00,2025-02-11,4,588.2619064908896,588.2619064908896,0.0,588.2619064908896,0.0,0.0,588.2619064908896,0.4272,251.30548645290804,0.6408,0.0,2.136,0.0,0.0,0.0,251.30548645290804,251.31元,0.0,588.2619064908896
2025-02-11T00:50:00,2025-02-11T01:00:00,2025-02-11,5,582.1183586891027,582.1183586891027,0.0,582.1183586891027,0.0,0.0,582.1183586891027,0.4271,248.62275099611574,0.6406499999999999,0.0,2.1355,0.0,0.0,0.0,248.62275099611574,248.62元,0.0,582.1183586891027
2025-02-11T01:00:00,2025-02-11T01:10:00,2025-02-11,6,614.0518078430792,614.0518078430792,0.0,614.0518078430792,0.0,0.0,614.0518078430792,0.4285,263.12119966075943,0.6427499999999999,0.0,2.1425,0.0,0.0,0.0,263.12119966075943,263.12元,0.0,614.0518078430792
2025-02-11T01:10:00,2025-02-11T01:20:00,2025-02-11,7,627.1490613393123,627.1490613393123,0.0,627.1490613393123,0.0,0.0,627.1490613393123,0.4311,270.3639603433775,0.64665,0.0,2.1555,0.0,0.0,0.0,270.3639603433775,270.36元,0.0,627.1490613393123
2025-02-11T01:20:00,2025-02-11T01:30:00,2025-02-11,8,620.8956335991335,620.8956335991335,0.0,620.8956335991335,0.0,0.0,620.8956335991335,0.4302,267.1093015743472,0.6453,0.0,2.1510000000000002,0.0,0.0,0.0,267.1093015743472,267.11元,0.0,620.8956335991335
2025-02-11T01:30:00,2025-02-11T01:40:00,2025-02-11,9,617.6121126439748,617.6121126439748,0.0,617.6121126439748,0.0,0.0,617.6121126439748,0.4279,264.2762230003568,0.64185,0.0,2.1395,0.0,0.0,0.0,264.2762230003568,264.28元,0.0,617.6121126439748
2025-02-11T01:40:00,2025-02-11T01:50:00,2025-02-11,10,635.1383316634088,635.1383316634088,0.0,635.1383316634088,0.0,0.0,635.1383316634088,0.4312,273.8716486132619,0.6468,0.0,2.156,0.0,0.0,0.0,273.8716486132619,273.87元,0.0,635.1383316634088
2025-02-11T01:50:00,2025-02-11T02:00:00,2025-02-11,11,643.7610555858905,643.7610555858905,0.0,643.7610555858905,0.0,0.0,643.7610555858905,0.4333,278.9416653853664,0.64995,0.0,2.1665,0.0,0.0,0.0,278.9416653853664,278.94元,0.0,643.7610555858905
2025-02-11T02:00:00,2025-02-11T02:10:00,2025-02-11,12,633.9864076521275,633.9864076521275,0.0,633.9864076521275,0.0,0.0,633.9864076521275,0.4311,273.3115403388321,0.64665,0.0,2.1555,0.0,0.0,0.0,273.3115403388321,273.31元,0.0,633.9864076521275
2025-02-11T02:10:00,2025-02-11T02:20:00,2025-02-11,13,627.1128626576717,627.1128626576717,0.0,627.1128626576717,0.0,0.0,627.1128626576717,0.4293,269.2195519389385,0.64395,0.0,2.1465,0.0,0.0,0.0,269.2195519389385,269.22元,0.0,627.1128626576717
2025-02-11T02:20:00,2025-02-11T02:30:00,2025-02-11,14,637.6943676979987,637.6943676979987,0.0,637.6943676979987,0.0,0.0,637.6943676979987,0.4324,275.7390445926146,0.6486000000000001,0.0,2.162,0.0,0.0,0.0,275.7390445926146,275.74元,0.0,637.6943676979987
2025-02-11T02:30:00,2025-02-11T02:40:00,2025-02-11,15,652.2619320826695,652.2619320826695,0.0,652.2619320826695,0.0,0.0,652.2619320826695,0.4367,284.84278574050177,0.6550499999999999,0.0,2.1835,0.0,0.0,0.0,284.84278574050177,284.84元,0.0,652.2619320826695
2025-02-11T02:40:00,2025-02-11T02:50:00,2025-02-11,16,646.0685422518463,646.0685422518463,0.0,646.0685422518463,0.0,0.0,646.0685422518463,0.4348,280.9106021711028,0.6522,0.0,2.174,0.0,0.0,0.0,280.9106021711028,280.91元,0.0,646.0685422518463
2025-02-11T02:50:00,2025-02-11T03:00:00,2025-02-11,17,650.8030308617589,650.8030308617589,0.0,650.8030308617589,0.0,0.0,650.8030308617589,0.4335,282.1231138785725,0.65025,0.0,2.1675,0.0,0.0,0.0,282.1231138785725,282.12元,0.0,650.8030308617589
2025-02-11T03:00:00,2025-02-11T03:10:00,2025-02-11,18,658.305512539065,658.305512539065,0.0,658.305512539065,0.0,0.0,658.305512539065,0.4357,286.8237118132706,0.65355,0.0,2.1784999999999997,0.0,0.0,0.0,286.8237118132706,286.82元,0.0,658.305512539065
2025-02-11T03:10:00,2025-02-11T03:20:00,2025-02-11,19,632.5137079707064,632.5137079707064,0.0,632.5137079707064,0.0,0.0,632.5137079707064,0.4374,276.661495866387,0.6561,0.0,2.1870000000000003,0.0,0.0,0.0,276.661495866387,276.66元,0.0,632.5137079707064
2025-02-11T03:20:00,2025-02-11T03:30:00,2025-02-11,20,638.6402521625363,638.6402521625363,0.0,638.6402521625363,0.0,0.0,638.6402521625363,0.4371,279.1496542202446,0.65565,0.0,2.1854999999999998,0.0,0.0,0.0,279.1496542202446,279.15元,0.0,638.6402521625363
2025-02-11T03:30:00,2025-02-11T03:40:00,2025-02-11,21,674.8063760333249,674.8063760333249,0.0,674.8063760333249,0.0,0.0,674.8063760333249,0.4356,293.9456574001163,0.6534,0.0,2.178,0.0,0.0,0.0,293.9456574001163,293.95元,0.0,674.8063760333249
2025-02-11T03:40:00,2025-02-11T03:50:00,2025-02-11,22,670.735353010759,670.735353010759,0.0,670.735353010759,0.0,0.0,670.735353010759,0.4353,291.97109916558344,0.65295,0.0,2.1765,0.0,0.0,0.0,291.97109916558344,291.97元,0.0,670.735353010759
2025-02-11T03:50:00,2025-02-11T04:00:00,2025-02-11,23,653.4145439627079,653.4145439627079,0.0,653.4145439627079,0.0,0.0,653.4145439627079,0.436,284.88874116774065,0.654,0.0,2.18,0.0,0.0,0.0,284.88874116774065,284.89元,0.0,653.4145439627079
2025-02-11T04:00:00,2025-02-11T04:10:00,2025-02-11,24,648.5745479637062,648.5745479637062,0.0,648.5745479637062,0.0,0.0,648.5745479637062,0.4378,283.94593709851057,0.6567000000000001,0.0,2.189,0.0,0.0,0.0,283.94593709851057,283.95元,0.0,648.5745479637062
2025-02-11T04:10:00,2025-02-11T04:20:00,2025-02-11,25,654.7222472299366,654.7222472299366,0.0,654.7222472299366,0.0,0.0,654.7222472299366,0.4401,288.14326100589506,0.66015,0.0,2.2005,0.0,0.0,0.0,288.14326100589506,288.14元,0.0,654.7222472299366
2025-02-11T04:20:00,2025-02-11T04:30:00,2025-02-11,26,667.7031178893236,667.7031178893236,0.0,667.7031178893236,0.0,0.0,667.7031178893236,0.4389,293.0548984416241,0.65835,0.0,2.1945,0.0,0.0,0.0,293.0548984416241,293.05元,0.0,667.7031178893236
2025-02-11T04:30:00,2025-02-11T04:40:00,2025-02-11,27,679.6753349200309,679.6753349200309,0.0,679.6753349200309,0.0,0.0,679.6753349200309,0.4364,296.6103161591015,0.6546000000000001,0.0,2.182,0.0,0.0,0.0,296.6103161591015,296.61元,0.0,679.6753349200309
2025-02-11T04:40:00,2025-02-11T04:50:00,2025-02-11,28,681.1557662573059,681.1557662573059,0.0,681.1557662573059,0.0,0.0,681.1557662573059,0.4393,299.2317281168345,0.65895,0.0,2.1965000000000003,0.0,0.0,0.0,299.2317281168345,299.23元,0.0,681.1557662573059
2025-02-11T04:50:00,2025-02-11T05:00:00,2025-02-11,29,669.9195202353,669.9195202353,0.0,669.9195202353,0.0,0.0,669.9195202353,0.4422,296.2384118480496,0.6633,0.0,2.211,0.0,0.0,0.0,296.2384118480496,296.24元,0.0,669.9195202353
2025-02-11T05:00:00,2025-02-11T05:10:00,2025-02-11,30,658.4732255304801,658.4732255304801,0.0,658.4732255304801,0.0,0.0,658.4732255304801,0.4395,289.398982620646,0.65925,0.0,2.1975,0.0,0.0,0.0,289.398982620646,289.40元,0.0,658.4732255304801
2025-02-11T05:10:00,2025-02-11T05:20:00,2025-02-11,31,667.0767006801864,667.0767006801864,0.0,667.0767006801864,0.0,0.0,667.0767006801864,0.4333,289.0443344047248,0.64995,0.0,2.1665,0.0,0.0,0.0,289.0443344047248,289.04元,0.0,667.0767006801864
2025-02-11T05:20:00,2025-02-11T05:30:00,2025-02-11,32,694.1549879972166,694.1549879972166,0.0,694.1549879972166,0.0,0.0,694.1549879972166,0.4439,308.1353991719645,0.66585,0.0,2.2195,0.0,0.0,0.0,308.1353991719645,308.14元,0.0,694.1549879972166
2025-02-11T05:30:00,2025-02-11T05:40:00,2025-02-11,33,702.3438759066122,702.3438759066122,0.0,702.3438759066122,0.0,0.0,702.3438759066122,0.4301,302.0781010274339,0.64515,0.0,2.1505,0.0,0.0,0.0,302.0781010274339,302.08元,0.0,702.3438759066122
2025-02-11T05:40:00,2025-02-11T05:50:00,2025-02-11,34,1500.3775252636892,1500.3775252636892,0.0,1500.3775252636892,0.0,0.0,1500.3775252636892,0.3713,557.0901751304078,0.5569500000000001,0.0,1.8565,0.0,0.0,0.0,557.0901751304078,557.09元,703.7925513847323,796.5849738789569
2025-02-11T05:50:00,2025-02-11T06:00:00,2025-02-11,35,726.6287335009888,726.6287335009888,0.0,726.6287335009888,0.0,0.0,726.6287335009888,0.5708,414.7596810823644,0.8562,0.0,2.854,0.0,0.0,0.0,414.7596810823644,414.76元,15.483033491988044,711.1457000090007
2025-02-11T06:00:00,2025-02-11T06:10:00,2025-02-11,36,109.68298919597987,108.78390742784609,0.0,108.78390742784609,-0.899081768133783,0.0,108.78390742784609,0.9099,98.98247736859716,1.3648500000000001,0.0,4.5495,0.0,2054.378581859552,934.6395358170032,1033.6220131856003,1033.62元,0.0,108.78390742784609
2025-02-11T06:10:00,2025-02-11T06:20:00,2025-02-11,37,131.23248433354604,131.23248433354604,9.231369974129166,140.4638543076752,9.231369974129166,0.0,140.4638543076752,0.9368,122.93859132366593,1.4052,12.971921087646303,4.684,0.0,0.0,0.0,135.91051241131223,135.91元,0.0,140.4638543076752
2025-02-11T06:20:00,2025-02-11T06:30:00,2025-02-11,38,131.99780033250443,131.99780033250443,1.2521894178773891,133.24998975038181,1.2521894178773891,0.0,133.24998975038181,0.8758,115.60367353120738,1.3137,1.6450012382655261,4.3790000000000004,0.0,0.0,0.0,117.2486747694729,117.25元,0.0,133.24998975038181
2025-02-11T06:30:00,2025-02-11T06:40:00,2025-02-11,39,115.98248470281771,115.98248470281771,5.52776078429531,121.51024548711302,5.52776078429531,0.0,121.51024548711302,0.8759,101.58905835119803,1.31385,7.262648506446394,4.3795,0.0,0.0,0.0,108.85170685764443,108.85元,0.0,121.51024548711302
2025-02-11T06:40:00,2025-02-11T06:50:00,2025-02-11,40,298.3979508481742,140.03044048810716,0.0,140.03044048810716,-158.36751036006706,0.0,140.03044048810716,0.8601,120.44018186382097,1.29015,0.0,4.3004999999999995,0.0,0.0,0.0,120.44018186382097,120.44元,0.0,140.03044048810716
2025-02-11T06:50:00,2025-02-11T07:00:00,2025-02-11,41,813.6700743964163,811.5783625128279,0.0,811.5783625128279,-2.0917118835884594,0.0,811.5783625128279,0.8442,685.1344536333293,1.2663,0.0,4.221,0.0,0.0,0.0,685.1344536333293,685.13元,0.0,811.5783625128279
2025-02-11T07:00:00,2025-02-11T07:10:00,2025-02-11,42,572.2474971545413,572.2474971545413,0.0,572.2474971545413,0.0,0.0,572.2474971545413,0.8334,476.9110641285947,1.2501,0.0,4.167,0.0,0.0,0.0,476.9110641285947,476.91元,0.0,572.2474971545413
2025-02-11T07:10:00,2025-02-11T07:20:00,2025-02-11,43,567.7084868060397,567.7084868060397,0.0,567.7084868060397,0.0,0.0,567.7084868060397,0.8092,459.3897075234473,1.2138,0.0,4.046,0.0,0.0,0.0,459.3897075234473,459.39元,0.0,567.7084868060397
2025-02-11T07:20:00,2025-02-11T07:30:00,2025-02-11,44,561.0699258353275,561.0699258353275,0.0,561.0699258353275,0.0,0.0,561.0699258353275,0.7972,447.2849448759231,1.1958,0.0,3.986,0.0,0.0,0.0,447.2849448759231,447.28元,0.0,561.0699258353275
2025-02-11T07:30:00,2025-02-11T07:40:00,2025-02-11,45,528.9806822905622,528.9806822905622,0.0,528.9806822905622,0.0,0.0,528.9806822905622,0.7644,404.3528335429057,1.1465999999999998,0.0,3.822,0.0,0.0,0.0,404.3528335429057,404.35元,0.0,528.9806822905622
2025-02-11T07:40:00,2025-02-11T07:50:00,2025-02-11,46,1331.4130899970523,1331.4130899970523,0.0,1331.4130899970523,0.0,0.0,1331.4130899970523,0.6899,918.5418907889664,1.03485,0.0,3.4494999999999996,0.0,0.0,0.0,918.5418907889664,918.54元,0.0,1331.4130899970523
2025-02-11T07:50:00,2025-02-11T08:00:00,2025-02-11,47,611.1233106546184,446.721969727756,0.0,446.721969727756,-164.40134092686242,0.0,446.721969727756,0.86,384.18089396587015,1.29,0.0,4.3,0.0,0.0,0.0,384.18089396587015,384.18元,0.0,446.721969727756
2025-02-11T08:00:00,2025-02-11T08:10:00,2025-02-11,48,109.6445946334461,101.16956133457677,0.0,101.16956133457677,-8.475033298869334,0.0,101.16956133457677,1.1617,117.52867940237783,1.74255,0.0,5.8084999999999996,0.0,0.0,0.0,117.52867940237783,117.53元,0.0,101.16956133457677
2025-02-11T08:10:00,2025-02-11T08:20:00,2025-02-11,49,45.157562688666076,45.157562688666076,14.257829804035055,59.41539249270113,14.257829804035055,0.0,59.41539249270113,1.1683,52.757580489168575,1.7524499999999998,24.98613384008123,5.8415,0.0,0.0,0.0,77.7437143292498,77.74元,0.0,59.41539249270113
2025-02-11T08:20:00,2025-02-11T08:30:00,2025-02-11,50,0.0,0.0,0.0,0.0,0.0,0.0,0.0,1.0956,0.0,1.6433999999999997,0.0,5.478,0.0,0.0,0.0,0.0,0.00元,0.0,0.0
2025-02-11T08:30:00,2025-02-11T08:40:00,2025-02-11,51,0.0,0.0,0.0,0.0,0.0,0.0,0.0,1.0849,0.0,1.6273499999999999,0.0,5.4245,0.0,0.0,0.0,0.0,0.00元,0.0,0.0
2025-02-11T08:40:00,2025-02-11T08:50:00,2025-02-11,52,0.0,0.0,0.0,0.0,0.0,0.0,0.0,1.061,0.0,1.5915,0.0,5.305,0.0,0.0,0.0,0.0,0.00元,0.0,0.0
2025-02-11T08:50:00,2025-02-11T09:00:00,2025-02-11,53,0.0,0.0,0.0,0.0,0.0,0.0,0.0,1.043,0.0,1.5644999999999998,0.0,5.215,0.0,0.0,0.0,0.0,0.00元,0.0,0.0
2025-02-11T09:00:00,2025-02-11T09:10:00,2025-02-11,54,0.0,0.0,0.0,0.0,0.0,0.0,0.0,1.036,0.0,1.554,0.0,5.18,0.0,0.0,0.0,0.0,0.00元,0.0,0.0
2025-02-11T09:10:00,2025-02-11T09:20:00,2025-02-11,55,0.0,0.0,0.0,0.0,0.0,0.0,0.0,1.0147,0.0,1.52205,0.0,5.073499999999999,0.0,0.0,0.0,0.0,0.00元,0.0,0.0
2025-02-11T09:20:00,2025-02-11T09:30:00,2025-02-11,56,0.0,0.0,0.0,0.0,0.0,327.27667265016515,327.27667265016515,0.9922,0.0,1.4883,0.0,4.961,1623.6195730174693,0.0,0.0,1623.6195730174693,1623.62元,0.0,327.27667265016515
2025-02-11T09:30:00,2025-02-11T09:40:00,2025-02-11,57,0.0,0.0,0.0,0.0,0.0,347.04208333333355,347.04208333333355,0.97,0.0,1.455,0.0,4.85,1683.1541041666676,0.0,0.0,1683.1541041666676,1683.15元,0.0,347.04208333333355
2025-02-11T09:40:00,2025-02-11T09:50:00,2025-02-11,58,0.0,0.0,0.0,0.0,0.0,284.6040000000001,284.6040000000001,0.9422,0.0,1.4133,0.0,4.711,1340.7694440000005,0.0,0.0,1340.7694440000005,1340.77元,0.0,284.6040000000001
2025-02-11T09:50:00,2025-02-11T10:00:00,2025-02-11,59,0.0,0.0,0.0,0.0,0.0,236.2109000000001,236.2109000000001,0.9569,0.0,1.43535,0.0,4.7844999999999995,1130.1510510500004,0.0,0.0,1130.1510510500004,1130.15元,0.0,236.2109000000001
2025-02-11T10:00:00,2025-02-11T10:10:00,2025-02-11,60,0.0,0.0,0.0,0.0,0.0,196.6979166666668,196.6979166666668,0.9977,0.0,1.49655,0.0,4.9885,981.2275572916673,0.0,0.0,981.2275572916673,981.23元,0.0,196.6979166666668
2025-02-11T10:10:00,2025-02-11T10:20:00,2025-02-11,61,0.0,0.0,0.0,0.0,0.0,152.8872833333333,152.8872833333333,0.9919,0.0,1.48785,0.0,4.9595,758.2444816916665,0.0,0.0,758.2444816916665,758.24元,0.0,152.8872833333333
2025-02-11T10:20:00,2025-02-11T10:30:00,2025-02-11,62,0.0,0.0,0.0,0.0,0.0,131.63646666666665,131.63646666666665,0.9588,0.0,1.4382,0.0,4.794,631.0652211999999,0.0,0.0,631.0652211999999,631.07元,0.0,131.63646666666665
2025-02-11T10:30:00,2025-02-11T10:40:00,2025-02-11,63,0.0,0.0,0.0,0.0,0.0,108.4504166666666,108.4504166666666,0.9549,0.0,1.43235,0.0,4.7745,517.7965143749997,0.0,0.0,517.7965143749997,517.80元,0.0,108.4504166666666
2025-02-11T10:40:00,2025-02-11T10:50:00,2025-02-11,64,0.0,0.0,0.0,0.0,0.0,32.06000000000021,32.06000000000021,0.9839,0.0,1.4758499999999999,0.0,4.9195,157.71917000000101,0.0,0.0,157.71917000000101,157.72元,0.0,32.06000000000021
2025-02-11T10:50:00,2025-02-11T11:00:00,2025-02-11,65,0.0,0.0,0.0,0.0,0.0,0.0,0.0,0.799,0.0,1.1985000000000001,0.0,3.995,0.0,0.0,0.0,0.0,0.00元,0.0,0.0
2025-02-11T11:00:00,2025-02-11T11:10:00,2025-02-11,66,793.0402877062053,793.0402877062053,0.0,793.0402877062053,0.0,0.0,793.0402877062053,0.5025,398.5027445723681,0.7537499999999999,0.0,2.5124999999999997,0.0,0.0,0.0,398.5027445723681,398.50元,0.0,793.0402877062053
2025-02-11T11:10:00,2025-02-11T11:20:00,2025-02-11,67,805.0696675909597,805.0696675909597,0.0,805.0696675909597,0.0,0.0,805.0696675909597,0.4662,375.32347903090545,0.6993,0.0,2.331,0.0,0.0,0.0,375.32347903090545,375.32元,0.0,805.0696675909597
2025-02-11T11:20:00,2025-02-11T11:30:00,2025-02-11,68,801.3958021932125,801.3958021932125,0.0,801.3958021932125,0.0,0.0,801.3958021932125,0.5007,401.2588781581415,0.75105,0.0,2.5035000000000003,0.0,0.0,0.0,401.2588781581415,401.26元,0.0,801.3958021932125
2025-02-11T11:30:00,2025-02-11T11:40:00,2025-02-11,69,782.6480165506647,782.6480165506647,0.0,782.6480165506647,0.0,0.0,782.6480165506647,0.4827,377.7841975890059,0.7240500000000001,0.0,2.4135,0.0,0.0,0.0,377.7841975890059,377.78元,0.0,782.6480165506647
2025-02-11T11:40:00,2025-02-11T11:50:00,2025-02-11,70,774.6357538785445,774.6357538785445,0.0,774.6357538785445,0.0,0.0,774.6357538785445,0.4785,370.6632082308835,0.71775,0.0,2.3925,0.0,0.0,0.0,370.6632082308835,370.66元,0.0,774.6357538785445
2025-02-11T11:50:00,2025-02-11T12:00:00,2025-02-11,71,743.9865050973677,743.9865050973677,0.0,743.9865050973677,0.0,0.0,743.9865050973677,0.4662,346.84650867639283,0.6993,0.0,2.331,0.0,0.0,0.0,346.84650867639283,346.85元,0.0,743.9865050973677
2025-02-11T12:00:00,2025-02-11T12:10:00,2025-02-11,72,834.3540036871401,757.6983259059879,0.0,757.6983259059879,-76.65567778115224,0.0,757.6983259059879,0.4432,335.8118980415338,0.6648,0.0,2.2159999999999997,0.0,506.1657620094171,112.16633286128683,447.97823090282066,447.98元,0.0,757.6983259059879
2025-02-11T12:10:00,2025-02-11T12:20:00,2025-02-11,73,819.5751342132402,742.3053651691138,0.0,742.3053651691138,-77.2697690441264,0.0,742.3053651691138,0.4411,327.4308965760961,0.66165,0.0,2.2055,0.0,0.0,0.0,327.4308965760961,327.43元,0.0,742.3053651691138
2025-02-11T12:20:00,2025-02-11T12:30:00,2025-02-11,74,829.2001383453038,719.0941732356113,32.653977902047245,751.7481511376585,-77.45198720764529,0.0,751.7481511376585,0.4551,327.2597582395267,0.68265,22.29123801483255,2.2755,0.0,0.0,0.0,349.55099625435923,349.55元,0.0,751.7481511376585
2025-02-11T12:30:00,2025-02-11T12:40:00,2025-02-11,75,833.8752019305601,756.4702485207139,0.0,756.4702485207139,-77.40495340984626,0.0,756.4702485207139,0.4463,337.6126719147946,0.66945,0.0,2.2315,0.0,0.0,0.0,337.6126719147946,337.61元,0.0,756.4702485207139
2025-02-11T12:40:00,2025-02-11T12:50:00,2025-02-11,76,817.0815979110797,739.7533380114384,0.0,739.7533380114384,-77.32825989964135,0.0,739.7533380114384,0.4113,304.26054792410457,0.61695,0.0,2.0564999999999998,0.0,0.0,0.0,304.26054792410457,304.26元,0.0,739.7533380114384
2025-02-11T12:50:00,2025-02-11T13:00:00,2025-02-11,77,343.35387938622443,343.35387938622443,419.02058049515097,762.3744598813754,419.02058049515097,0.0,762.3744598813754,0.5682,195.09367426725274,0.8523000000000001,357.1312407560172,2.841,0.0,0.0,0.0,552.2249150232699,552.22元,0.0,762.3744598813754
2025-02-11T13:00:00,2025-02-11T13:10:00,2025-02-11,78,232.40163404233408,0.0,22.99836447089502,22.99836447089502,-209.40326957143907,0.0,22.99836447089502,0.8279,0.0,1.24185,28.560518918180982,4.1395,0.0,0.0,0.0,28.560518918180982,28.56元,0.0,22.99836447089502
2025-02-11T13:10:00,2025-02-11T13:20:00,2025-02-11,79,248.7244132504062,0.0,0.0,0.0,-248.7244132504062,0.0,0.0,0.8636,0.0,1.2954,0.0,4.3180000000000005,0.0,0.0,0.0,0.0,0.00元,0.0,0.0
2025-02-11T13:20:00,2025-02-11T13:30:00,2025-02-11,80,240.35079161404417,0.0,0.0,0.0,-240.35079161404417,0.0,0.0,0.8416,0.0,1.2624,0.0,4.208,0.0,0.0,0.0,0.0,0.00元,0.0,0.0
2025-02-11T13:30:00,2025-02-11T13:40:00,2025-02-11,81,230.3194234001321,0.0,0.0,0.0,-230.3194234001321,0.0,0.0,0.8618,0.0,1.2927,0.0,4.309,0.0,0.0,0.0,0.0,0.00元,0.0,0.0
2025-02-11T13:40:00,2025-02-11T13:50:00,2025-02-11,82,228.55176670237074,0.0,0.0,0.0,-228.55176670237074,0.0,0.0,0.8623,0.0,1.29345,0.0,4.3115,0.0,0.0,0.0,0.0,0.00元,0.0,0.0
2025-02-11T13:50:00,2025-02-11T14:00:00,2025-02-11,83,0.2710248064514677,0.0,0.0,0.0,-0.2710248064514677,0.0,0.0,0.9026,0.0,1.3538999999999999,0.0,4.513,0.0,0.0,0.0,0.0,0.00元,0.0,0.0
2025-02-11T14:00:00,2025-02-11T14:10:00,2025-02-11,84,0.0,0.0,0.0,0.0,0.0,0.0,0.0,0.9754,0.0,1.4631,0.0,4.877000000000001,0.0,0.0,0.0,0.0,0.00元,0.0,0.0
2025-02-11T14:10:00,2025-02-11T14:20:00,2025-02-11,85,0.0,0.0,0.0,0.0,0.0,0.0,0.0,1.0002,0.0,1.5003,0.0,5.0009999999999994,0.0,0.0,0.0,0.0,0.00元,0.0,0.0
2025-02-11T14:20:00,2025-02-11T14:30:00,2025-02-11,86,0.0,0.0,0.0,0.0,0.0,0.0,0.0,0.9978,0.0,1.4967000000000001,0.0,4.989,0.0,0.0,0.0,0.0,0.00元,0.0,0.0
2025-02-11T14:30:00,2025-02-11T14:40:00,2025-02-11,87,0.0,0.0,0.0,0.0,0.0,0.0,0.0,1.0271,0.0,1.5406499999999999,0.0,5.1354999999999995,0.0,0.0,0.0,0.0,0.00元,0.0,0.0
2025-02-11T14:40:00,2025-02-11T14:50:00,2025-02-11,88,0.0,0.0,0.0,0.0,0.0,0.0,0.0,1.0906,0.0,1.6359,0.0,5.453,0.0,0.0,0.0,0.0,0.00元,0.0,0.0
2025-02-11T14:50:00,2025-02-11T15:00:00,2025-02-11,89,0.0,0.0,0.0,0.0,0.0,0.0,0.0,0.9376,0.0,1.4064,0.0,4.688,0.0,0.0,0.0,0.0,0.00元,0.0,0.0
2025-02-11T15:00:00,2025-02-11T15:10:00,2025-02-11,90,1473.3432632605702,1360.9300904282318,0.0,1360.9300904282318,-112.41317283233843,0.0,1360.9300904282318,0.6694,911.0066025326583,1.0041,0.0,3.347,0.0,0.0,0.0,911.0066025326583,911.01元,0.0,1360.9300904282318
2025-02-11T15:10:00,2025-02-11T15:20:00,2025-02-11,91,1501.9328099871927,1391.2043762057158,0.0,1391.2043762057158,-110.72843378147695,0.0,1391.2043762057158,0.66,918.1948882957724,0.99,0.0,3.3000000000000003,0.0,0.0,0.0,918.1948882957724,918.19元,0.0,1391.2043762057158
2025-02-11T15:20:00,2025-02-11T15:30:00,2025-02-11,92,1512.5930703765541,1403.4731925984574,0.0,1403.4731925984574,-109.11987777809668,0.0,1403.4731925984574,0.7217,1012.8866030983068,1.08255,0.0,3.6085000000000003,0.0,0.0,0.0,1012.8866030983068,1012.89元,0.0,1403.4731925984574
2025-02-11T15:30:00,2025-02-11T15:40:00,2025-02-11,93,1341.9029423109516,1248.182289719664,0.0,1248.182289719664,-93.72065259128772,0.0,1248.182289719664,0.7308,912.1716173271304,1.0962,0.0,3.654,0.0,0.0,0.0,912.1716173271304,912.17元,0.0,1248.182289719664
2025-02-11T15:40:00,2025-02-11T15:50:00,2025-02-11,94,701.9239834190646,654.1997369404437,0.0,654.1997369404437,-47.7242464786209,0.0,654.1997369404437,0.7534,492.87408181093025,1.1300999999999999,0.0,3.767,0.0,0.0,0.0,492.87408181093025,492.87元,0.0,654.1997369404437
2025-02-11T15:50:00,2025-02-11T16:00:00,2025-02-11,95,718.5919894533066,670.0813527343216,0.0,670.0813527343216,-48.51063671898498,0.0,670.0813527343216,0.7823,524.2046422440598,1.1734499999999999,0.0,3.9115,0.0,0.0,0.0,524.2046422440598,524.20元,0.0,670.0813527343216
2025-02-11T16:00:00,2025-02-11T16:10:00,2025-02-11,96,863.1055549081185,850.0720649464331,0.0,850.0720649464331,-13.033489961685405,0.0,850.0720649464331,0.8055,684.7330483143519,1.20825,0.0,4.0275,0.0,0.0,0.0,684.7330483143519,684.73元,0.0,850.0720649464331
2025-02-11T16:10:00,2025-02-11T16:20:00,2025-02-11,97,876.3962290542264,862.5561600793443,0.0,862.5561600793443,-13.840068974882115,0.0,862.5561600793443,0.8271,713.4202000016256,1.24065,0.0,4.1354999999999995,0.0,0.0,0.0,713.4202000016256,713.42元,0.0,862.5561600793443
2025-02-11T16:20:00,2025-02-11T16:30:00,2025-02-11,98,899.8486926902228,885.2225288090794,0.0,885.2225288090794,-14.626163881143384,0.0,885.2225288090794,0.8519,754.1210722924548,1.27785,0.0,4.2595,0.0,0.0,0.0,754.1210722924548,754.12元,0.0,885.2225288090794
2025-02-11T16:30:00,2025-02-11T16:40:00,2025-02-11,99,923.454773945814,908.0911240814476,0.0,908.0911240814476,-15.363649864366494,0.0,908.0911240814476,0.8791,798.3029071800005,1.3186499999999999,0.0,4.3955,0.0,0.0,0.0,798.3029071800005,798.30元,0.0,908.0911240814476
2025-02-11T16:40:00,2025-02-11T16:50:00,2025-02-11,100,934.9861761147693,918.8648456022256,0.0,918.8648456022256,-16.121330512543636,0.0,918.8648456022256,0.9024,829.1836366714484,1.3536,0.0,4.512,0.0,0.0,0.0,829.1836366714484,829.18元,0.0,918.8648456022256
2025-02-11T16:50:00,2025-02-11T17:00:00,2025-02-11,101,948.3140266863553,931.4864524777568,0.0,931.4864524777568,-16.82757420859855,0.0,931.4864524777568,0.9163,853.5210364053685,1.37445,0.0,4.5815,0.0,0.0,0.0,853.5210364053685,853.52元,0.0,931.4864524777568
2025-02-11T17:00:00,2025-02-11T17:10:00,2025-02-11,102,1000.1298383536487,1000.1298383536487,0.0,1000.1298383536487,0.0,0.0,1000.1298383536487,0.9264,926.5202822508202,1.3896,0.0,4.632,0.0,0.0,0.0,926.5202822508202,926.52元,0.0,1000.1298383536487
2025-02-11T17:10:00,2025-02-11T17:20:00,2025-02-11,103,1011.9921030263353,1011.9921030263353,0.0,1011.9921030263353,0.0,0.0,1011.9921030263353,0.9462,957.5469278835185,1.4193,0.0,4.731,0.0,0.0,0.0,957.5469278835185,957.55元,0.0,1011.9921030263353
2025-02-11T17:20:00,2025-02-11T17:30:00,2025-02-11,104,1010.6424597715468,1010.6424597715468,0.8102625021281256,1011.4527222736749,0.8102625021281256,0.0,1011.4527222736749,0.9742,984.5678843094408,1.4613,1.1840365943598299,4.8709999999999996,0.0,0.0,0.0,985.7519209038006,985.75元,0.0,1011.4527222736749
2025-02-11T17:30:00,2025-02-11T17:40:00,2025-02-11,105,1018.1853952650106,1018.1853952650106,1.0965896551616652,1019.2819849201722,1.0965896551616652,0.0,1019.2819849201722,0.9862,1004.1344368103533,1.4792999999999998,1.6221850768806512,4.931,0.0,0.0,0.0,1005.7566218872341,1005.76元,0.0,1019.2819849201722
2025-02-11T17:40:00,2025-02-11T17:50:00,2025-02-11,106,1041.843002901477,1041.843002901477,1.0645023342278819,1042.9075052357048,1.0645023342278819,0.0,1042.9075052357048,0.976,1016.8387708318414,1.464,1.558431417309619,4.88,0.0,0.0,0.0,1018.397202249151,1018.40元,0.0,1042.9075052357048
2025-02-11T17:50:00,2025-02-11T18:00:00,2025-02-11,107,933.4350534966857,933.4350534966857,1.0310038498828362,934.4660573465685,1.0310038498828362,0.0,934.4660573465685,1.0742,1002.6959344661398,1.6113,1.661256503316214,5.371,0.0,0.0,0.0,1004.357190969456,1004.36元,9.850286585037743,924.6157707615307
2025-02-11T18:00:00,2025-02-11T18:10:00,2025-02-11,108,744.6387879606398,733.7826916666672,0.0,733.7826916666672,-10.856096293972541,0.0,733.7826916666672,1.2313,903.5066282491674,1.84695,0.0,6.1565,0.0,104.2214726175664,64.16394961700476,967.6705778661722,967.67元,20.317691658566993,713.4650000081002
2025-02-11T18:10:00,2025-02-11T18:20:00,2025-02-11,109,694.238518641992,683.679705114284,0.0,683.679705114284,-10.558813527707912,0.0,683.679705114284,1.2561,858.7700775940522,1.88415,0.0,6.2805,0.0,0.0,0.0,858.7700775940522,858.77元,0.0,683.679705114284
2025-02-11T18:20:00,2025-02-11T18:30:00,2025-02-11,110,711.4660402554798,701.1962245661422,0.0,701.1962245661422,-10.269815689337634,0.0,701.1962245661422,1.2447,872.7789407174771,1.8670499999999999,0.0,6.2235,0.0,0.0,0.0,872.7789407174771,872.78元,0.0,701.1962245661422
2025-02-11T18:30:00,2025-02-11T18:40:00,2025-02-11,111,722.2655544960562,712.2774637361081,0.0,712.2774637361081,-9.988090759948136,0.0,712.2774637361081,1.2545,893.5520782569475,1.8817499999999998,0.0,6.2725,0.0,0.0,0.0,893.5520782569475,893.55元,0.0,712.2774637361081
2025-02-11T18:40:00,2025-02-11T18:50:00,2025-02-11,112,724.2368699276659,714.5223990499198,0.0,714.5223990499198,-9.714470877746066,0.0,714.5223990499198,1.2522,894.7249480903096,1.8782999999999999,0.0,6.261,0.0,0.0,0.0,894.7249480903096,894.72元,0.0,714.5223990499198
2025-02-11T18:50:00,2025-02-11T19:00:00,2025-02-11,113,38.8310636010425,30.56375376772985,25.07579607118589,55.63954983891574,16.80848623787324,0.0,55.63954983891574,1.2881,39.36917122821282,1.93215,48.45019937894182,6.4405,0.0,0.0,0.0,87.81937060715464,87.82元,0.0,55.63954983891574
2025-02-11T19:00:00,2025-02-11T19:10:00,2025-02-11,114,3.0990725549870604,3.0990725549870604,3.4643227221603183,6.563395277147379,3.4643227221603183,0.0,6.563395277147379,1.3466,4.173211102545576,2.0199,6.9975854664916275,6.7330000000000005,0.0,0.0,0.0,11.170796569037202,11.17元,0.0,6.563395277147379
2025-02-11T19:10:00,2025-02-11T19:20:00,2025-02-11,115,0.0,0.0,0.0,0.0,0.0,0.0,0.0,1.3523,0.0,2.0284500000000003,0.0,6.7615,0.0,0.0,0.0,0.0,0.00元,0.0,0.0
2025-02-11T19:20:00,2025-02-11T19:30:00,2025-02-11,116,2.2791735589669315,2.1241994173392413,5.601392965627838,7.725592382967079,5.446418824000148,0.0,7.725592382967079,1.3445,2.85598611661261,2.01675,11.296609263429943,6.7225,0.0,0.0,0.0,14.152595380042552,14.15元,0.0,7.725592382967079
2025-02-11T19:30:00,2025-02-11T19:40:00,2025-02-11,117,2.282284140914726,1.8973681523808636,0.6174672063008302,2.514835358681694,0.23255121776696797,0.0,2.514835358681694,1.3483,2.5582214798551184,2.02245,1.248796551383114,6.7415,0.0,0.0,0.0,3.8070180312382327,3.81元,0.0,2.514835358681694
2025-02-11T19:40:00,2025-02-11T19:50:00,2025-02-11,118,2.645582581341273,2.645582581341273,1.2908264545206976,3.9364090358619706,1.2908264545206976,0.0,3.9364090358619706,1.349,3.568890902229377,2.0235,2.6119873307226316,6.745,0.0,0.0,0.0,6.180878232952009,6.18元,0.0,3.9364090358619706
2025-02-11T19:50:00,2025-02-11T20:00:00,2025-02-11,119,18.53194414627376,18.53194414627376,1.2554635888470784,19.787407735120837,1.2554635888470784,0.0,19.787407735120837,1.3473,24.968088348274634,2.02095,2.537229139880503,6.7364999999999995,0.0,0.0,0.0,27.505317488155136,27.51元,0.0,19.787407735120837
2025-02-11T20:00:00,2025-02-11T20:10:00,2025-02-11,120,37.975068490267745,36.68912535991353,0.9288748421721493,37.61800020208568,-0.35706828818206304,0.0,37.61800020208568,1.3482,49.46427881023543,2.0223,1.8784635933247378,6.7410000000000005,0.0,0.0,0.0,51.342742403560166,51.34元,0.0,37.61800020208568
2025-02-11T20:10:00,2025-02-11T20:20:00,2025-02-11,121,0.0,0.0,0.0,0.0,0.0,0.0,0.0,1.3513,0.0,2.02695,0.0,6.7565,0.0,0.0,0.0,0.0,0.00元,0.0,0.0
2025-02-11T20:20:00,2025-02-11T20:30:00,2025-02-11,122,0.0,0.0,0.0,0.0,0.0,0.0,0.0,1.34,0.0,2.0100000000000002,0.0,6.7,0.0,0.0,0.0,0.0,0.00元,0.0,0.0
2025-02-11T20:30:00,2025-02-11T20:40:00,2025-02-11,123,10.685378596404462,10.685378596404462,1.123438180129142,11.808816776533604,1.123438180129142,0.0,11.808816776533604,1.3489,14.413507188689978,2.0233499999999998,2.2731086417642996,6.7445,0.0,0.0,0.0,16.68661583045428,16.69元,0.0,11.808816776533604
2025-02-11T20:40:00,2025-02-11T20:50:00,2025-02-11,124,11.27355812385224,10.422862688017176,3.2462410375320587,13.669103725549235,2.3955456016969947,0.0,13.669103725549235,1.3952,14.541978022321564,2.0928,6.793733243347092,6.976,0.0,0.0,0.0,21.335711265668657,21.34元,0.0,13.669103725549235
2025-02-11T20:50:00,2025-02-11T21:00:00,2025-02-11,125,722.6127709080466,722.6127709080466,1.1424655504322345,723.7552364584789,1.1424655504322345,0.0,723.7552364584789,1.2226,883.4663737121778,1.8338999999999999,2.0951675729376746,6.1129999999999995,0.0,0.0,0.0,885.5615412851154,885.56元,0.0,723.7552364584789
2025-02-11T21:00:00,2025-02-11T21:10:00,2025-02-11,126,728.8057605246383,728.8057605246383,13.27634710372115,742.0821076283595,13.27634710372115,0.0,742.0821076283595,0.9332,680.1215357215925,1.3998,18.584230675788866,4.666,0.0,0.0,0.0,698.7057663973815,698.71元,0.0,742.0821076283595
2025-02-11T21:10:00,2025-02-11T21:20:00,2025-02-11,127,734.5042631821836,734.5042631821836,0.0,734.5042631821836,0.0,0.0,734.5042631821836,0.9068,666.0484658536042,1.3602,0.0,4.534000000000001,0.0,0.0,0.0,666.0484658536042,666.05元,0.0,734.5042631821836
2025-02-11T21:20:00,2025-02-11T21:30:00,2025-02-11,128,710.8045523014447,710.8045523014447,0.0,710.8045523014447,0.0,0.0,710.8045523014447,0.9371,666.0949459616838,1.40565,0.0,4.6855,0.0,0.0,0.0,666.0949459616838,666.09元,0.0,710.8045523014447
2025-02-11T21:30:00,2025-02-11T21:40:00,2025-02-11,129,716.2881128654121,716.2881128654121,0.0,716.2881128654121,0.0,0.0,716.2881128654121,0.9371,671.2335905661778,1.40565,0.0,4.6855,0.0,0.0,0.0,671.2335905661778,671.23元,0.0,716.2881128654121
2025-02-11T21:40:00,2025-02-11T21:50:00,2025-02-11,130,737.3226163536117,734.5829100657138,0.0,734.5829100657138,-2.7397062878978886,0.0,734.5829100657138,0.9871,725.1067905258661,1.48065,0.0,4.9355,0.0,0.0,0.0,725.1067905258661,725.11元,0.0,734.5829100657138
2025-02-11T21:50:00,2025-02-11T22:00:00,2025-02-11,131,656.1317485200115,656.1317485200115,0.0,656.1317485200115,0.0,0.0,656.1317485200115,0.7764,509.42068955093686,1.1646,0.0,3.8819999999999997,0.0,0.0,0.0,509.42068955093686,509.42元,0.0,656.1317485200115
2025-02-11T22:00:00,2025-02-11T22:10:00,2025-02-11,132,1382.269299564742,1376.69559388155,0.0,1376.69559388155,-5.5737056831919745,0.0,1376.69559388155,0.4209,579.4511754647443,0.63135,0.0,2.1045,0.0,0.0,0.0,579.4511754647443,579.45元,23.735593891549904,1352.9599999900001
2025-02-11T22:10:00,2025-02-11T22:20:00,2025-02-11,133,1386.7966269804288,1381.3756158788274,0.0,1381.3756158788274,-5.42101110160138,0.0,1381.3756158788274,0.3859,533.0728501676396,0.5788500000000001,0.0,1.9295,0.0,0.0,0.0,533.0728501676396,533.07元,31.59846588882737,1349.77714999
2025-02-11T22:20:00,2025-02-11T22:30:00,2025-02-11,134,587.9405052799018,587.9405052799018,0.0,587.9405052799018,0.0,0.0,587.9405052799018,0.4368,256.8124127062611,0.6552,0.0,2.184,0.0,0.0,0.0,256.8124127062611,256.81元,0.0,587.9405052799018
2025-02-11T22:30:00,2025-02-11T22:40:00,2025-02-11,135,1418.3462072702428,1413.2181504876344,0.0,1413.2181504876344,-5.1280567826083825,0.0,1413.2181504876344,0.4198,593.268979574709,0.6297,0.0,2.099,0.0,0.0,0.0,593.268979574709,593.27元,22.791483830967756,1390.4266666566666
2025-02-11T22:40:00,2025-02-11T22:50:00,2025-02-11,136,1406.1576475309353,1401.1700765452633,0.0,1401.1700765452633,-4.987570985671937,0.0,1401.1700765452633,0.4186,586.5297940418473,0.6279,0.0,2.093,0.0,0.0,0.0,586.5297940418473,586.53元,34.99225988859666,1366.1778166566667
2025-02-11T22:50:00,2025-02-11T23:00:00,2025-02-11,137,1397.4033824109686,1392.5524485403685,0.0,1392.5524485403685,-4.850933870600102,0.0,1392.5524485403685,0.4241,590.5814934259703,0.63615,0.0,2.1205,0.0,0.0,0.0,590.5814934259703,590.58元,21.28298188370183,1371.2694666566667
2025-02-11T23:00:00,2025-02-11T23:10:00,2025-02-11,138,1394.9688150260195,1390.2507750252785,0.0,1390.2507750252785,-4.718040000740984,0.0,1390.2507750252785,0.4237,589.0492533782106,0.6355500000000001,0.0,2.1185,0.0,0.0,0.0,589.0492533782106,589.05元,0.0,1390.2507750252785
2025-02-11T23:10:00,2025-02-11T23:20:00,2025-02-11,139,1004.1503546152646,1004.1503546152646,0.0,1004.1503546152646,0.0,0.0,1004.1503546152646,0.4248,426.56307064056443,0.6372,0.0,2.124,0.0,0.0,0.0,426.56307064056443,426.56元,0.0,1004.1503546152646
2025-02-11T23:20:00,2025-02-11T23:30:00,2025-02-11,140,1393.0438672409568,1388.5807926275747,0.0,1388.5807926275747,-4.463074613382105,0.0,1388.5807926275747,0.424,588.7582560740917,0.636,0.0,2.12,0.0,0.0,0.0,588.7582560740917,588.76元,2.2142093042414137,1386.3665833233333
2025-02-11T23:30:00,2025-02-11T23:40:00,2025-02-11,141,1392.7882768813497,1388.4474705306702,0.0,1388.4474705306702,-4.340806350679486,0.0,1388.4474705306702,0.422,585.9248325639428,0.633,0.0,2.11,0.0,0.0,0.0,585.9248325639428,585.92元,0.0,1388.4474705306702
2025-02-11T23:40:00,2025-02-11T23:50:00,2025-02-11,142,1405.4670968326595,1401.2452091416935,0.0,1401.2452091416935,-4.221887690966014,0.0,1401.2452091416935,0.424,594.127968676078,0.636,0.0,2.12,0.0,0.0,0.0,594.127968676078,594.13元,0.0,1401.2452091416935
2025-02-11T23:50:00,2025-02-12T00:00:00,2025-02-11,143,572.419630671039,572.419630671039,0.0,572.419630671039,0.0,0.0,572.419630671039,0.4271,244.48042425960077,0.6406499999999999,0.0,2.1355,0.0,0.0,0.0,244.48042425960077,244.48元,0.0,572.419630671039
2025-02-12T00:00:00,2025-02-12T00:10:00,2025-02-11,144,575.6921749999999,575.6921749999999,0.0,575.6921749999999,0.0,0.0,575.6921749999999,0.4276,246.16597402999994,0.6414,0.0,2.138,0.0,0.0,0.0,246.16597402999994,246.17元,0.0,575.6921749999999
2025-02-12T00:10:00,2025-02-12T00:20:00,2025-02-12,1,1430.277704199441,1430.277704199441,0.0,1430.277704199441,0.0,0.0,1430.277704199441,0.4248,607.5819687439225,0.6372,0.0,2.124,0.0,0.0,0.0,607.5819687439225,607.58元,51.4521042094409,1378.82559999
2025-02-12T00:20:00,2025-02-12T00:30:00,2025-02-12,2,1454.7438490753207,1454.7438490753207,0.0,1454.7438490753207,0.0,0.0,1454.7438490753207,0.4245,617.5387639324736,0.6367499999999999,0.0,2.1225,0.0,0.0,0.0,617.5387639324736,617.54元,63.14333241865403,1391.6005166566667
2025-02-12T00:30:00,2025-02-12T00:40:00,2025-02-12,3,786.2878123268521,786.2878123268521,0.0,786.2878123268521,0.0,0.0,786.2878123268521,0.4269,335.66626708233315,0.64035,0.0,2.1345,0.0,0.0,0.0,335.66626708233315,335.67元,0.0,786.2878123268521
2025-02-12T00:40:00,2025-02-12T00:50:00,2025-02-12,4,590.1894138287132,590.1894138287132,0.0,590.1894138287132,0.0,0.0,590.1894138287132,0.4272,252.1289175876263,0.6408,0.0,2.136,0.0,0.0,0.0,252.1289175876263,252.13元,0.0,590.1894138287132
2025-02-12T00:50:00,2025-02-12T01:00:00,2025-02-12,5,582.7621365239157,582.7621365239157,0.0,582.7621365239157,0.0,0.0,582.7621365239157,0.4271,248.8977085093644,0.6406499999999999,0.0,2.1355,0.0,0.0,0.0,248.8977085093644,248.90元,0.0,582.7621365239157
2025-02-12T01:00:00,2025-02-12T01:10:00,2025-02-12,6,610.9429369226242,610.9429369226242,0.0,610.9429369226242,0.0,0.0,610.9429369226242,0.4285,261.7890484713445,0.6427499999999999,0.0,2.1425,0.0,0.0,0.0,261.7890484713445,261.79元,0.0,610.9429369226242
2025-02-12T01:10:00,2025-02-12T01:20:00,2025-02-12,7,635.8144829864244,635.8144829864244,0.0,635.8144829864244,0.0,0.0,635.8144829864244,0.4311,274.09962361544757,0.64665,0.0,2.1555,0.0,0.0,0.0,274.09962361544757,274.10元,0.0,635.8144829864244
2025-02-12T01:20:00,2025-02-12T01:30:00,2025-02-12,8,627.6961038968443,627.6961038968443,0.0,627.6961038968443,0.0,0.0,627.6961038968443,0.4302,270.03486389642245,0.6453,0.0,2.1510000000000002,0.0,0.0,0.0,270.03486389642245,270.03元,0.0,627.6961038968443
2025-02-12T01:30:00,2025-02-12T01:40:00,2025-02-12,9,608.427284930614,608.427284930614,0.0,608.427284930614,0.0,0.0,608.427284930614,0.4279,260.3460352218097,0.64185,0.0,2.1395,0.0,0.0,0.0,260.3460352218097,260.35元,0.0,608.427284930614
2025-02-12T01:40:00,2025-02-12T01:50:00,2025-02-12,10,625.1160098383441,625.1160098383441,0.0,625.1160098383441,0.0,0.0,625.1160098383441,0.4312,269.550023442294,0.6468,0.0,2.156,0.0,0.0,0.0,269.550023442294,269.55元,0.0,625.1160098383441
2025-02-12T01:50:00,2025-02-12T02:00:00,2025-02-12,11,633.8624848931938,633.8624848931938,0.0,633.8624848931938,0.0,0.0,633.8624848931938,0.4333,274.6526147042209,0.64995,0.0,2.1665,0.0,0.0,0.0,274.6526147042209,274.65元,0.0,633.8624848931938
2025-02-12T02:00:00,2025-02-12T02:10:00,2025-02-12,12,622.3859346094386,622.3859346094386,0.0,622.3859346094386,0.0,0.0,622.3859346094386,0.4311,268.31057641012893,0.64665,0.0,2.1555,0.0,0.0,0.0,268.31057641012893,268.31元,0.0,622.3859346094386
2025-02-12T02:10:00,2025-02-12T02:20:00,2025-02-12,13,626.2922632975148,626.2922632975148,0.0,626.2922632975148,0.0,0.0,626.2922632975148,0.4293,268.8672686336231,0.64395,0.0,2.1465,0.0,0.0,0.0,268.8672686336231,268.87元,0.0,626.2922632975148
2025-02-12T02:20:00,2025-02-12T02:30:00,2025-02-12,14,651.868977455457,651.868977455457,0.0,651.868977455457,0.0,0.0,651.868977455457,0.4324,281.8681458517396,0.6486000000000001,0.0,2.162,0.0,0.0,0.0,281.8681458517396,281.87元,0.0,651.868977455457
2025-02-12T02:30:00,2025-02-12T02:40:00,2025-02-12,15,669.1654773299734,669.1654773299734,0.0,669.1654773299734,0.0,0.0,669.1654773299734,0.4367,292.2245639499994,0.6550499999999999,0.0,2.1835,0.0,0.0,0.0,292.2245639499994,292.22元,0.0,669.1654773299734
2025-02-12T02:40:00,2025-02-12T02:50:00,2025-02-12,16,644.9501809804176,644.9501809804176,0.0,644.9501809804176,0.0,0.0,644.9501809804176,0.4348,280.4243386902856,0.6522,0.0,2.174,0.0,0.0,0.0,280.4243386902856,280.42元,0.0,644.9501809804176
2025-02-12T02:50:00,2025-02-12T03:00:00,2025-02-12,17,642.1540250122365,642.1540250122365,0.0,642.1540250122365,0.0,0.0,642.1540250122365,0.4335,278.3737698428045,0.65025,0.0,2.1675,0.0,0.0,0.0,278.3737698428045,278.37元,0.0,642.1540250122365
2025-02-12T03:00:00,2025-02-12T03:10:00,2025-02-12,18,658.5493169798245,658.5493169798245,0.0,658.5493169798245,0.0,0.0,658.5493169798245,0.4357,286.92993740810954,0.65355,0.0,2.1784999999999997,0.0,0.0,0.0,286.92993740810954,286.93元,0.0,658.5493169798245
2025-02-12T03:10:00,2025-02-12T03:20:00,2025-02-12,19,634.9662527920375,634.9662527920375,0.0,634.9662527920375,0.0,0.0,634.9662527920375,0.4374,277.73423897123723,0.6561,0.0,2.1870000000000003,0.0,0.0,0.0,277.73423897123723,277.73元,0.0,634.9662527920375
2025-02-12T03:20:00,2025-02-12T03:30:00,2025-02-12,20,638.0504974536286,638.0504974536286,0.0,638.0504974536286,0.0,0.0,638.0504974536286,0.4371,278.8918724369811,0.65565,0.0,2.1854999999999998,0.0,0.0,0.0,278.8918724369811,278.89元,0.0,638.0504974536286
2025-02-12T03:30:00,2025-02-12T03:40:00,2025-02-12,21,665.4736449758688,665.4736449758688,0.0,665.4736449758688,0.0,0.0,665.4736449758688,0.4356,289.8803197514884,0.6534,0.0,2.178,0.0,0.0,0.0,289.8803197514884,289.88元,0.0,665.4736449758688
2025-02-12T03:40:00,2025-02-12T03:50:00,2025-02-12,22,648.7810374562828,648.7810374562828,0.0,648.7810374562828,0.0,0.0,648.7810374562828,0.4353,282.4143856047199,0.65295,0.0,2.1765,0.0,0.0,0.0,282.4143856047199,282.41元,0.0,648.7810374562828
2025-02-12T03:50:00,2025-02-12T04:00:00,2025-02-12,23,656.5505341607657,656.5505341607657,0.0,656.5505341607657,0.0,0.0,656.5505341607657,0.436,286.25603289409383,0.654,0.0,2.18,0.0,0.0,0.0,286.25603289409383,286.26元,0.0,656.5505341607657
2025-02-12T04:00:00,2025-02-12T04:10:00,2025-02-12,24,699.2579172746833,699.2579172746833,0.0,699.2579172746833,0.0,0.0,699.2579172746833,0.4378,306.1351161828564,0.6567000000000001,0.0,2.189,0.0,0.0,0.0,306.1351161828564,306.14元,0.0,699.2579172746833
2025-02-12T04:10:00,2025-02-12T04:20:00,2025-02-12,25,711.3278659895587,711.3278659895587,0.0,711.3278659895587,0.0,0.0,711.3278659895587,0.4401,313.0553938220048,0.66015,0.0,2.2005,0.0,0.0,0.0,313.0553938220048,313.06元,0.0,711.3278659895587
2025-02-12T04:20:00,2025-02-12T04:30:00,2025-02-12,26,696.9091455919488,696.9091455919488,0.0,696.9091455919488,0.0,0.0,696.9091455919488,0.4389,305.87342400030633,0.65835,0.0,2.1945,0.0,0.0,0.0,305.87342400030633,305.87元,0.0,696.9091455919488
2025-02-12T04:30:00,2025-02-12T04:40:00,2025-02-12,27,679.2929998877866,679.2929998877866,0.0,679.2929998877866,0.0,0.0,679.2929998877866,0.4364,296.44346515103007,0.6546000000000001,0.0,2.182,0.0,0.0,0.0,296.44346515103007,296.44元,0.0,679.2929998877866
2025-02-12T04:40:00,2025-02-12T04:50:00,2025-02-12,28,676.6463406597979,676.6463406597979,0.0,676.6463406597979,0.0,0.0,676.6463406597979,0.4393,297.25073745184926,0.65895,0.0,2.1965000000000003,0.0,0.0,0.0,297.25073745184926,297.25元,0.0,676.6463406597979
2025-02-12T04:50:00,2025-02-12T05:00:00,2025-02-12,29,683.7799824409207,683.7799824409207,0.0,683.7799824409207,0.0,0.0,683.7799824409207,0.4422,302.3675082353751,0.6633,0.0,2.211,0.0,0.0,0.0,302.3675082353751,302.37元,0.0,683.7799824409207
2025-02-12T05:00:00,2025-02-12T05:10:00,2025-02-12,30,686.8876494213845,686.8876494213845,0.0,686.8876494213845,0.0,0.0,686.8876494213845,0.4395,301.88712192069846,0.65925,0.0,2.1975,0.0,0.0,0.0,301.88712192069846,301.89元,0.0,686.8876494213845
2025-02-12T05:10:00,2025-02-12T05:20:00,2025-02-12,31,679.4696137064188,679.4696137064188,0.0,679.4696137064188,0.0,0.0,679.4696137064188,0.4333,294.4141836189913,0.64995,0.0,2.1665,0.0,0.0,0.0,294.4141836189913,294.41元,0.0,679.4696137064188
2025-02-12T05:20:00,2025-02-12T05:30:00,2025-02-12,32,692.7629173472309,692.7629173472309,0.0,692.7629173472309,0.0,0.0,692.7629173472309,0.4439,307.5174590104358,0.66585,0.0,2.2195,0.0,0.0,0.0,307.5174590104358,307.52元,0.0,692.7629173472309
2025-02-12T05:30:00,2025-02-12T05:40:00,2025-02-12,33,708.909828505409,708.909828505409,0.0,708.909828505409,0.0,0.0,708.909828505409,0.4301,304.9021172401764,0.64515,0.0,2.1505,0.0,0.0,0.0,304.9021172401764,304.90元,7.106825770290334,701.8030027351186
2025-02-12T05:40:00,2025-02-12T05:50:00,2025-02-12,34,1524.0976832654642,1524.0976832654642,0.0,1524.0976832654642,0.0,0.0,1524.0976832654642,0.3713,565.8974697964669,0.5569500000000001,0.0,1.8565,0.0,0.0,0.0,565.8974697964669,565.90元,868.4755832573641,655.6221000081001
2025-02-12T05:50:00,2025-02-12T06:00:00,2025-02-12,35,750.7712444523662,750.7712444523662,0.0,750.7712444523662,0.0,0.0,750.7712444523662,0.5708,428.5402263334106,0.8562,0.0,2.854,0.0,0.0,0.0,428.5402263334106,428.54元,37.52899444426598,713.2422500081002
2025-02-12T06:00:00,2025-02-12T06:10:00,2025-02-12,36,128.27320902062536,110.42498467961661,0.0,110.42498467961661,-17.848224341008745,0.0,110.42498467961661,0.9099,100.47569355998316,1.3648500000000001,0.0,4.5495,0.0,3305.4763564791033,1503.826468380168,1604.3021619401513,1604.30元,0.0,110.42498467961661
2025-02-12T06:10:00,2025-02-12T06:20:00,2025-02-12,37,140.90811450238107,134.215267114016,0.0,134.215267114016,-6.692847388365067,0.0,134.215267114016,0.9368,125.73286223241018,1.4052,0.0,4.684,0.0,0.0,0.0,125.73286223241018,125.73元,0.0,134.215267114016
2025-02-12T06:20:00,2025-02-12T06:30:00,2025-02-12,38,156.0178723683199,122.58488587406839,0.0,122.58488587406839,-33.43298649425151,9.566764135931514,132.1516500099999,0.8758,107.3598430485091,1.3137,0.0,4.3790000000000004,41.8928601512441,0.0,0.0,149.2527031997532,149.25元,0.0,132.1516500099999
2025-02-12T06:30:00,2025-02-12T06:40:00,2025-02-12,39,122.63599613223766,112.72158830869,0.0,112.72158830869,-9.914407823547663,3.1050783679765948,115.82666667666659,0.8759,98.73283919958158,1.31385,0.0,4.3795,13.598690712553498,0.0,0.0,112.33152991213508,112.33元,0.0,115.82666667666659
2025-02-12T06:40:00,2025-02-12T06:50:00,2025-02-12,40,847.3808019787012,149.1914212251387,0.0,149.1914212251387,-698.1893807535625,0.0,149.1914212251387,0.8601,128.3195413957418,1.29015,0.0,4.3004999999999995,0.0,0.0,0.0,128.3195413957418,128.32元,0.0,149.1914212251387
2025-02-12T06:50:00,2025-02-12T07:00:00,2025-02-12,41,822.8806107142121,802.196781173109,0.0,802.196781173109,-20.683829541103137,0.0,802.196781173109,0.8442,677.2145226663386,1.2663,0.0,4.221,0.0,0.0,0.0,677.2145226663386,677.21元,0.0,802.196781173109
2025-02-12T07:00:00,2025-02-12T07:10:00,2025-02-12,42,595.989153158166,548.0393884727569,0.0,548.0393884727569,-47.94976468540915,0.0,548.0393884727569,0.8334,456.7360263531956,1.2501,0.0,4.167,0.0,0.0,0.0,456.7360263531956,456.74元,0.0,548.0393884727569
2025-02-12T07:10:00,2025-02-12T07:20:00,2025-02-12,43,611.7282233662329,565.0975964394759,0.0,565.0975964394759,-46.63062692675703,0.0,565.0975964394759,0.8092,457.2769750388239,1.2138,0.0,4.046,0.0,0.0,0.0,457.2769750388239,457.28元,0.0,565.0975964394759
2025-02-12T07:20:00,2025-02-12T07:30:00,2025-02-12,44,632.165317059654,586.9036315264526,0.0,586.9036315264526,-45.26168553320133,0.0,586.9036315264526,0.7972,467.879575052888,1.1958,0.0,3.986,0.0,0.0,0.0,467.879575052888,467.88元,0.0,586.9036315264526
2025-02-12T07:30:00,2025-02-12T07:40:00,2025-02-12,45,590.2824141498488,590.2824141498488,0.0,590.2824141498488,0.0,0.0,590.2824141498488,0.7644,451.2118773761444,1.1465999999999998,0.0,3.822,0.0,0.0,0.0,451.2118773761444,451.21元,0.0,590.2824141498488
2025-02-12T07:40:00,2025-02-12T07:50:00,2025-02-12,46,1351.3908391523535,1308.9384869373005,0.0,1308.9384869373005,-42.452352215053,0.0,1308.9384869373005,0.6899,903.0366621380435,1.03485,0.0,3.4494999999999996,0.0,0.0,0.0,903.0366621380435,903.04元,0.0,1308.9384869373005
2025-02-12T07:50:00,2025-02-12T08:00:00,2025-02-12,47,634.6106825132013,0.0,0.0,0.0,-634.6106825132013,0.0,0.0,0.86,0.0,1.29,0.0,4.3,0.0,0.0,0.0,0.0,0.00元,0.0,0.0
2025-02-12T08:00:00,2025-02-12T08:10:00,2025-02-12,48,139.23824800261127,67.58650698710153,0.0,67.58650698710153,-71.65174101550974,0.0,67.58650698710153,1.1617,78.51524516691585,1.74255,0.0,5.8084999999999996,0.0,0.0,0.0,78.51524516691585,78.52元,0.0,67.58650698710153
2025-02-12T08:10:00,2025-02-12T08:20:00,2025-02-12,49,75.21926329872599,26.9874708184567,0.0,26.9874708184567,-48.23179248026929,0.0,26.9874708184567,1.1683,31.52946215720296,1.7524499999999998,0.0,5.8415,0.0,0.0,0.0,31.52946215720296,31.53元,0.0,26.9874708184567
2025-02-12T08:20:00,2025-02-12T08:30:00,2025-02-12,50,0.0,0.0,0.0,0.0,0.0,0.0,0.0,1.0956,0.0,1.6433999999999997,0.0,5.478,0.0,0.0,0.0,0.0,0.00元,0.0,0.0
2025-02-12T08:30:00,2025-02-12T08:40:00,2025-02-12,51,0.0,0.0,0.0,0.0,0.0,0.0,0.0,1.0849,0.0,1.6273499999999999,0.0,5.4245,0.0,0.0,0.0,0.0,0.00元,0.0,0.0
2025-02-12T08:40:00,2025-02-12T08:50:00,2025-02-12,52,0.0,0.0,0.0,0.0,0.0,0.0,0.0,1.061,0.0,1.5915,0.0,5.305,0.0,0.0,0.0,0.0,0.00元,0.0,0.0
2025-02-12T08:50:00,2025-02-12T09:00:00,2025-02-12,53,0.0,0.0,0.0,0.0,0.0,0.0,0.0,1.043,0.0,1.5644999999999998,0.0,5.215,0.0,0.0,0.0,0.0,0.00元,0.0,0.0
2025-02-12T09:00:00,2025-02-12T09:10:00,2025-02-12,54,0.0,0.0,0.0,0.0,0.0,0.0,0.0,1.036,0.0,1.554,0.0,5.18,0.0,0.0,0.0,0.0,0.00元,0.0,0.0
2025-02-12T09:10:00,2025-02-12T09:20:00,2025-02-12,55,0.0,0.0,0.0,0.0,0.0,48.415568667145344,48.415568667145344,1.0147,0.0,1.52205,0.0,5.073499999999999,245.63638763276188,0.0,0.0,245.63638763276188,245.64元,0.0,48.415568667145344
2025-02-12T09:20:00,2025-02-12T09:30:00,2025-02-12,56,0.0,0.0,0.0,0.0,0.0,371.7288666666664,371.7288666666664,0.9922,0.0,1.4883,0.0,4.961,1844.146907533332,0.0,0.0,1844.146907533332,1844.15元,0.0,371.7288666666664
2025-02-12T09:30:00,2025-02-12T09:40:00,2025-02-12,57,0.0,0.0,0.0,0.0,0.0,323.1033333333332,323.1033333333332,0.97,0.0,1.455,0.0,4.85,1567.051166666666,0.0,0.0,1567.051166666666,1567.05元,0.0,323.1033333333332
2025-02-12T09:40:00,2025-02-12T09:50:00,2025-02-12,58,0.0,0.0,0.0,0.0,0.0,242.60736666666656,242.60736666666656,0.9422,0.0,1.4133,0.0,4.711,1142.9233043666663,0.0,0.0,1142.9233043666663,1142.92元,0.0,242.60736666666656
2025-02-12T09:50:00,2025-02-12T10:00:00,2025-02-12,59,0.0,0.0,0.0,0.0,0.0,191.40098333333327,191.40098333333327,0.9569,0.0,1.43535,0.0,4.7844999999999995,915.758004758333,0.0,0.0,915.758004758333,915.76元,0.0,191.40098333333327
2025-02-12T10:00:00,2025-02-12T10:10:00,2025-02-12,60,0.0,0.0,0.0,0.0,0.0,175.26041666666657,175.26041666666657,0.9977,0.0,1.49655,0.0,4.9885,874.2865885416662,0.0,0.0,874.2865885416662,874.29元,0.0,175.26041666666657
2025-02-12T10:10:00,2025-02-12T10:20:00,2025-02-12,61,0.0,0.0,0.0,0.0,0.0,145.9262999999998,145.9262999999998,0.9919,0.0,1.48785,0.0,4.9595,723.7214848499991,0.0,0.0,723.7214848499991,723.72元,0.0,145.9262999999998
2025-02-12T10:20:00,2025-02-12T10:30:00,2025-02-12,62,0.0,0.0,0.0,0.0,0.0,114.28678333333318,114.28678333333318,0.9588,0.0,1.4382,0.0,4.794,547.8908392999992,0.0,0.0,547.8908392999992,547.89元,0.0,114.28678333333318
2025-02-12T10:30:00,2025-02-12T10:40:00,2025-02-12,63,0.0,0.0,0.0,0.0,0.0,87.78583333333319,87.78583333333319,0.9549,0.0,1.43235,0.0,4.7745,419.1334612499993,0.0,0.0,419.1334612499993,419.13元,0.0,87.78583333333319
2025-02-12T10:40:00,2025-02-12T10:50:00,2025-02-12,64,0.0,0.0,0.0,0.0,0.0,58.64456666666644,58.64456666666644,0.9839,0.0,1.4758499999999999,0.0,4.9195,288.5019457166656,0.0,0.0,288.5019457166656,288.50元,0.0,58.64456666666644
2025-02-12T10:50:00,2025-02-12T11:00:00,2025-02-12,65,22.684770501359964,0.0,0.0,0.0,-22.684770501359964,33.43536666666643,33.43536666666643,0.799,0.0,1.1985000000000001,0.0,3.995,133.5742898333324,0.0,0.0,133.5742898333324,133.57元,0.0,33.43536666666643
2025-02-12T11:00:00,2025-02-12T11:10:00,2025-02-12,66,845.7072502673985,754.776725120271,0.0,754.776725120271,-90.93052514712758,0.0,754.776725120271,0.5025,379.2753043729361,0.7537499999999999,0.0,2.5124999999999997,0.0,0.0,0.0,379.2753043729361,379.28元,0.0,754.776725120271
2025-02-12T11:10:00,2025-02-12T11:20:00,2025-02-12,67,835.2750174812978,744.7099154330814,0.0,744.7099154330814,-90.56510204821643,0.0,744.7099154330814,0.4662,347.1837625749026,0.6993,0.0,2.331,0.0,0.0,0.0,347.1837625749026,347.18元,0.0,744.7099154330814
2025-02-12T11:20:00,2025-02-12T11:30:00,2025-02-12,68,803.8176472886311,713.857453912504,0.0,713.857453912504,-89.96019337612711,0.0,713.857453912504,0.5007,357.42842717399077,0.75105,0.0,2.5035000000000003,0.0,0.0,0.0,357.42842717399077,357.43元,0.0,713.857453912504
2025-02-12T11:30:00,2025-02-12T11:40:00,2025-02-12,69,787.0742865052936,697.5674095245639,0.0,697.5674095245639,-89.50687698072966,0.0,697.5674095245639,0.4827,336.715788577507,0.7240500000000001,0.0,2.4135,0.0,0.0,0.0,336.715788577507,336.72元,0.0,697.5674095245639
2025-02-12T11:40:00,2025-02-12T11:50:00,2025-02-12,70,820.7435513121671,731.0357992513738,0.0,731.0357992513738,-89.70775206079338,0.0,731.0357992513738,0.4785,349.80062994178235,0.71775,0.0,2.3925,0.0,0.0,0.0,349.80062994178235,349.80元,0.0,731.0357992513738
2025-02-12T11:50:00,2025-02-12T12:00:00,2025-02-12,71,794.4932127736032,704.7677562386626,0.0,704.7677562386626,-89.72545653494058,0.0,704.7677562386626,0.4662,328.5627279584645,0.6993,0.0,2.331,0.0,0.0,0.0,328.5627279584645,328.56元,0.0,704.7677562386626
2025-02-12T12:00:00,2025-02-12T12:10:00,2025-02-12,72,747.4888728273801,717.8929583011727,0.0,717.8929583011727,-29.595914526207366,0.0,717.8929583011727,0.4432,318.17015911907976,0.6648,0.0,2.2159999999999997,0.0,231.40706102960166,51.279804724159725,369.44996384323946,369.45元,0.0,717.8929583011727
2025-02-12T12:10:00,2025-02-12T12:20:00,2025-02-12,73,745.7787687151282,716.1630392449199,0.0,716.1630392449199,-29.615729470208294,0.0,716.1630392449199,0.4411,315.89951661093414,0.66165,0.0,2.2055,0.0,0.0,0.0,315.89951661093414,315.90元,0.0,716.1630392449199
2025-02-12T12:20:00,2025-02-12T12:30:00,2025-02-12,74,753.0884133175822,723.7668440971164,0.0,723.7668440971164,-29.32156922046579,0.0,723.7668440971164,0.4551,329.3862907485977,0.68265,0.0,2.2755,0.0,0.0,0.0,329.3862907485977,329.39元,0.0,723.7668440971164
2025-02-12T12:30:00,2025-02-12T12:40:00,2025-02-12,75,746.8030563854951,717.9795166888629,0.0,717.9795166888629,-28.823539696632224,0.0,717.9795166888629,0.4463,320.43425829823946,0.66945,0.0,2.2315,0.0,0.0,0.0,320.43425829823946,320.43元,0.0,717.9795166888629
2025-02-12T12:40:00,2025-02-12T12:50:00,2025-02-12,76,771.7847654693729,743.4823980430773,0.0,743.4823980430773,-28.302367426295632,0.0,743.4823980430773,0.4113,305.7943103151177,0.61695,0.0,2.0564999999999998,0.0,0.0,0.0,305.7943103151177,305.79元,0.0,743.4823980430773
2025-02-12T12:50:00,2025-02-12T13:00:00,2025-02-12,77,745.1781693352677,561.4655833385199,196.125407690786,757.5909910293059,12.412821694038144,0.0,757.5909910293059,0.5682,319.024744452947,0.8523000000000001,167.15768497485692,2.841,0.0,0.0,0.0,486.1824294278039,486.18元,0.0,757.5909910293059
2025-02-12T13:00:00,2025-02-12T13:10:00,2025-02-12,78,84.40566459992215,23.855012965753424,15.915906279219705,39.77091924497313,-44.63474535494902,0.0,39.77091924497313,0.8279,19.74956523434726,1.24185,19.76516821284899,4.1395,0.0,0.0,0.0,39.51473344719625,39.51元,0.0,39.77091924497313
2025-02-12T13:10:00,2025-02-12T13:20:00,2025-02-12,79,88.5325833234092,0.0,22.65060663743407,22.65060663743407,-65.88197668597513,0.0,22.65060663743407,0.8636,0.0,1.2954,29.341595838132097,4.3180000000000005,0.0,0.0,0.0,29.341595838132097,29.34元,0.0,22.65060663743407
2025-02-12T13:20:00,2025-02-12T13:30:00,2025-02-12,80,116.78539337941595,0.0,74.39140361733212,74.39140361733212,-42.393989762083834,0.0,74.39140361733212,0.8416,0.0,1.2624,93.91170792652007,4.208,0.0,0.0,0.0,93.91170792652007,93.91元,0.0,74.39140361733212
2025-02-12T13:30:00,2025-02-12T13:40:00,2025-02-12,81,145.25388257902728,0.0,103.69595042142396,103.69595042142396,-41.55793215760332,0.0,103.69595042142396,0.8618,0.0,1.2927,134.04775510977476,4.309,0.0,0.0,0.0,134.04775510977476,134.05元,0.0,103.69595042142396
2025-02-12T13:40:00,2025-02-12T13:50:00,2025-02-12,82,142.07117963573387,0.0,102.34261361610686,102.34261361610686,-39.72856601962701,0.0,102.34261361610686,0.8623,0.0,1.29345,132.3750535817534,4.3115,0.0,0.0,0.0,132.3750535817534,132.38元,0.0,102.34261361610686
2025-02-12T13:50:00,2025-02-12T14:00:00,2025-02-12,83,0.27005571411063617,0.0,0.0,0.0,-0.27005571411063617,0.0,0.0,0.9026,0.0,1.3538999999999999,0.0,4.513,0.0,0.0,0.0,0.0,0.00元,0.0,0.0
2025-02-12T14:00:00,2025-02-12T14:10:00,2025-02-12,84,0.0,0.0,0.0,0.0,0.0,0.0,0.0,0.9754,0.0,1.4631,0.0,4.877000000000001,0.0,0.0,0.0,0.0,0.00元,0.0,0.0
2025-02-12T14:10:00,2025-02-12T14:20:00,2025-02-12,85,0.0,0.0,0.0,0.0,0.0,0.0,0.0,1.0002,0.0,1.5003,0.0,5.0009999999999994,0.0,0.0,0.0,0.0,0.00元,0.0,0.0
2025-02-12T14:20:00,2025-02-12T14:30:00,2025-02-12,86,0.0,0.0,0.0,0.0,0.0,0.0,0.0,0.9978,0.0,1.4967000000000001,0.0,4.989,0.0,0.0,0.0,0.0,0.00元,0.0,0.0
2025-02-12T14:30:00,2025-02-12T14:40:00,2025-02-12,87,0.0,0.0,0.0,0.0,0.0,0.0,0.0,1.0271,0.0,1.5406499999999999,0.0,5.1354999999999995,0.0,0.0,0.0,0.0,0.00元,0.0,0.0
2025-02-12T14:40:00,2025-02-12T14:50:00,2025-02-12,88,0.0,0.0,0.0,0.0,0.0,0.0,0.0,1.0906,0.0,1.6359,0.0,5.453,0.0,0.0,0.0,0.0,0.00元,0.0,0.0
2025-02-12T14:50:00,2025-02-12T15:00:00,2025-02-12,89,0.0,0.0,0.0,0.0,0.0,0.0,0.0,0.9376,0.0,1.4064,0.0,4.688,0.0,0.0,0.0,0.0,0.00元,0.0,0.0
2025-02-12T15:00:00,2025-02-12T15:10:00,2025-02-12,90,1405.7158880260326,1342.4866101960215,0.0,1342.4866101960215,-63.22927783001114,0.0,1342.4866101960215,0.6694,898.6605368652168,1.0041,0.0,3.347,0.0,0.0,0.0,898.6605368652168,898.66元,0.0,1342.4866101960215
2025-02-12T15:10:00,2025-02-12T15:20:00,2025-02-12,91,1419.0218926045625,1357.567782072545,0.0,1357.567782072545,-61.45411053201747,0.0,1357.567782072545,0.66,895.9947361678798,0.99,0.0,3.3000000000000003,0.0,0.0,0.0,895.9947361678798,895.99元,0.0,1357.567782072545
2025-02-12T15:20:00,2025-02-12T15:30:00,2025-02-12,92,1440.4676890056317,1380.9240809705984,0.0,1380.9240809705984,-59.54360803503323,0.0,1380.9240809705984,0.7217,996.6129092364808,1.08255,0.0,3.6085000000000003,0.0,0.0,0.0,996.6129092364808,996.61元,0.0,1380.9240809705984
2025-02-12T15:30:00,2025-02-12T15:40:00,2025-02-12,93,990.5914213788354,990.5914213788354,0.0,990.5914213788354,0.0,0.0,990.5914213788354,0.7308,723.9242107436529,1.0962,0.0,3.654,0.0,0.0,0.0,723.9242107436529,723.92元,0.0,990.5914213788354
2025-02-12T15:40:00,2025-02-12T15:50:00,2025-02-12,94,635.0763425971636,635.0763425971636,0.0,635.0763425971636,0.0,0.0,635.0763425971636,0.7534,478.46651651270304,1.1300999999999999,0.0,3.767,0.0,0.0,0.0,478.46651651270304,478.47元,0.0,635.0763425971636
2025-02-12T15:50:00,2025-02-12T16:00:00,2025-02-12,95,657.9247478003301,615.0476213235538,0.0,615.0476213235538,-42.87712647677631,0.0,615.0476213235538,0.7823,481.15175416141614,1.1734499999999999,0.0,3.9115,0.0,0.0,0.0,481.15175416141614,481.15元,0.0,615.0476213235538
2025-02-12T16:00:00,2025-02-12T16:10:00,2025-02-12,96,844.3231924461979,836.8208960860975,0.0,836.8208960860975,-7.502296360100445,0.0,836.8208960860975,0.8055,674.0592317973516,1.20825,0.0,4.0275,0.0,0.0,0.0,674.0592317973516,674.06元,0.0,836.8208960860975
2025-02-12T16:10:00,2025-02-12T16:20:00,2025-02-12,97,844.6601877381952,835.830515058444,0.0,835.830515058444,-8.829672679751184,0.0,835.830515058444,0.8271,691.315419004839,1.24065,0.0,4.1354999999999995,0.0,0.0,0.0,691.315419004839,691.32元,0.0,835.830515058444
2025-02-12T16:20:00,2025-02-12T16:30:00,2025-02-12,98,864.8560380505746,854.7498238138543,0.0,854.7498238138543,-10.106214236720348,0.0,854.7498238138543,0.8519,728.1613749070225,1.27785,0.0,4.2595,0.0,0.0,0.0,728.1613749070225,728.16元,0.0,854.7498238138543
2025-02-12T16:30:00,2025-02-12T16:40:00,2025-02-12,99,902.5434776392613,891.2070571790082,0.0,891.2070571790082,-11.336420460253066,0.0,891.2070571790082,0.8791,783.4601239660661,1.3186499999999999,0.0,4.3955,0.0,0.0,0.0,783.4601239660661,783.46元,0.0,891.2070571790082
2025-02-12T16:40:00,2025-02-12T16:50:00,2025-02-12,100,907.0849586791288,894.4799393800713,0.0,894.4799393800713,-12.605019299057517,0.0,894.4799393800713,0.9024,807.1786972965763,1.3536,0.0,4.512,0.0,0.0,0.0,807.1786972965763,807.18元,0.0,894.4799393800713
2025-02-12T16:50:00,2025-02-12T17:00:00,2025-02-12,101,920.99542924586,907.2420876849737,0.0,907.2420876849737,-13.75334156088627,0.0,907.2420876849737,0.9163,831.3059249457415,1.37445,0.0,4.5815,0.0,0.0,0.0,831.3059249457415,831.31元,0.0,907.2420876849737
2025-02-12T17:00:00,2025-02-12T17:10:00,2025-02-12,102,1006.8999410668371,1006.8999410668371,0.0,1006.8999410668371,0.0,0.0,1006.8999410668371,0.9264,932.7921054043179,1.3896,0.0,4.632,0.0,0.0,0.0,932.7921054043179,932.79元,0.0,1006.8999410668371
2025-02-12T17:10:00,2025-02-12T17:20:00,2025-02-12,103,1017.2963834933631,1017.1772564499297,0.0,1017.1772564499297,-0.11912704343342284,0.0,1017.1772564499297,0.9462,962.4531200529235,1.4193,0.0,4.731,0.0,0.0,0.0,962.4531200529235,962.45元,0.0,1017.1772564499297
2025-02-12T17:20:00,2025-02-12T17:30:00,2025-02-12,104,1013.5994611277919,1012.2604274665628,0.0,1012.2604274665628,-1.3390336612291094,0.0,1012.2604274665628,0.9742,986.1441084379254,1.4613,0.0,4.8709999999999996,0.0,0.0,0.0,986.1441084379254,986.14元,0.0,1012.2604274665628
2025-02-12T17:30:00,2025-02-12T17:40:00,2025-02-12,105,1027.4173416676024,1025.9094867705273,0.0,1025.9094867705273,-1.507854897075049,0.0,1025.9094867705273,0.9862,1011.751935853094,1.4792999999999998,0.0,4.931,0.0,0.0,0.0,1011.751935853094,1011.75元,0.0,1025.9094867705273
2025-02-12T17:40:00,2025-02-12T17:50:00,2025-02-12,106,1055.8991119177429,1054.4329502382789,0.0,1054.4329502382789,-1.466161679463994,0.0,1054.4329502382789,0.976,1029.12655943256,1.464,0.0,4.88,0.0,0.0,0.0,1029.12655943256,1029.13元,12.701392961207608,1041.7315572770713
2025-02-12T17:50:00,2025-02-12T18:00:00,2025-02-12,107,923.4386907035171,922.0171154595263,0.0,922.0171154595263,-1.4215752439907874,0.0,922.0171154595263,1.0742,990.4307854266232,1.6113,0.0,5.371,0.0,0.0,0.0,990.4307854266232,990.43元,20.19561545142597,901.8215000081003
2025-02-12T18:00:00,2025-02-12T18:10:00,2025-02-12,108,717.1695060459158,711.650583333334,0.0,711.650583333334,-5.518922712581798,0.0,711.650583333334,1.2313,876.2553632583342,1.84695,0.0,6.1565,0.0,23.764694031269414,14.630733880351016,890.8860971386853,890.89元,1.2989166585671001,710.3516666747669
2025-02-12T18:10:00,2025-02-12T18:20:00,2025-02-12,109,714.3287836750111,708.9610163561472,0.0,708.9610163561472,-5.367767318863912,0.0,708.9610163561472,1.2561,890.5259326449565,1.88415,0.0,6.2805,0.0,0.0,0.0,890.5259326449565,890.53元,2.7287496813802137,706.232266674767
2025-02-12T18:20:00,2025-02-12T18:30:00,2025-02-12,110,730.659890533702,725.4387350269462,0.0,725.4387350269462,-5.221155506755736,0.0,725.4387350269462,1.2447,902.9535934880399,1.8670499999999999,0.0,6.2235,0.0,0.0,0.0,902.9535934880399,902.95元,0.0,725.4387350269462
2025-02-12T18:30:00,2025-02-12T18:40:00,2025-02-12,111,696.6187122046571,691.5410581881747,0.0,691.5410581881747,-5.07765401648237,0.0,691.5410581881747,1.2545,867.5382574970652,1.8817499999999998,0.0,6.2725,0.0,0.0,0.0,867.5382574970652,867.54元,0.0,691.5410581881747
2025-02-12T18:40:00,2025-02-12T18:50:00,2025-02-12,112,725.3505927982684,720.412040974347,0.0,720.412040974347,-4.938551823921443,0.0,720.412040974347,1.2522,902.0999577080772,1.8782999999999999,0.0,6.261,0.0,0.0,0.0,902.0999577080772,902.10元,0.0,720.412040974347
2025-02-12T18:50:00,2025-02-12T19:00:00,2025-02-12,113,74.95725497924695,64.57598153428921,77.5403966365933,142.1163781708825,67.15912319163556,0.0,142.1163781708825,1.2881,83.18032181431794,1.93215,149.81967736139376,6.4405,0.0,0.0,0.0,232.99999917571168,233.00元,0.0,142.1163781708825
2025-02-12T19:00:00,2025-02-12T19:10:00,2025-02-12,114,2.2503744182678247,2.2503744182678247,7.710928200929175,9.961302619197,7.710928200929175,0.0,9.961302619197,1.3466,3.0303541916394527,2.0199,15.575303873056841,6.7330000000000005,0.0,0.0,0.0,18.605658064696293,18.61元,0.0,9.961302619197
2025-02-12T19:10:00,2025-02-12T19:20:00,2025-02-12,115,8.091790998402871,6.656777656859049,0.0,6.656777656859049,-1.4350133415438222,0.0,6.656777656859049,1.3523,9.001960425370493,2.0284500000000003,0.0,6.7615,0.0,0.0,0.0,9.001960425370493,9.00元,0.0,6.656777656859049
2025-02-12T19:20:00,2025-02-12T19:30:00,2025-02-12,116,17.328878401732595,16.17396436283468,0.9712266910659082,17.14519105390059,-0.1836873478320058,0.0,17.14519105390059,1.3445,21.74589508583123,2.01675,1.9587214292071704,6.7225,0.0,0.0,0.0,23.7046165150384,23.70元,0.0,17.14519105390059
2025-02-12T19:30:00,2025-02-12T19:40:00,2025-02-12,117,8.615225018277783,7.257763008811594,5.746608191808264,13.004371200619858,4.389146182342074,0.0,13.004371200619858,1.3483,9.785641864780672,2.02245,11.622227737522623,6.7415,0.0,0.0,0.0,21.407869602303297,21.41元,0.0,13.004371200619858
2025-02-12T19:40:00,2025-02-12T19:50:00,2025-02-12,118,14.608425888690817,14.608425888690817,0.0,14.608425888690817,0.0,0.0,14.608425888690817,1.349,19.706766523843914,2.0235,0.0,6.745,0.0,0.0,0.0,19.706766523843914,19.71元,0.0,14.608425888690817
2025-02-12T19:50:00,2025-02-12T20:00:00,2025-02-12,119,0.0,0.0,0.0,0.0,0.0,0.0,0.0,1.3473,0.0,2.02095,0.0,6.7364999999999995,0.0,0.0,0.0,0.0,0.00元,0.0,0.0
2025-02-12T20:00:00,2025-02-12T20:10:00,2025-02-12,120,0.0,0.0,0.0,0.0,0.0,0.0,0.0,1.3482,0.0,2.0223,0.0,6.7410000000000005,0.0,0.0,0.0,0.0,0.00元,0.0,0.0
2025-02-12T20:10:00,2025-02-12T20:20:00,2025-02-12,121,0.0,0.0,0.0,0.0,0.0,0.0,0.0,1.3513,0.0,2.02695,0.0,6.7565,0.0,0.0,0.0,0.0,0.00元,0.0,0.0
2025-02-12T20:20:00,2025-02-12T20:30:00,2025-02-12,122,14.681597206137326,14.681597206137326,0.0,14.681597206137326,0.0,0.0,14.681597206137326,1.34,19.67334025622402,2.0100000000000002,0.0,6.7,0.0,0.0,0.0,19.67334025622402,19.67元,0.0,14.681597206137326
2025-02-12T20:30:00,2025-02-12T20:40:00,2025-02-12,123,20.265510309963588,20.265510309963588,1.7531460273569337,22.01865633732052,1.7531460273569337,0.0,22.01865633732052,1.3489,27.336146857109885,2.0233499999999998,3.5472280144526516,6.7445,0.0,0.0,0.0,30.883374871562534,30.88元,0.0,22.01865633732052
2025-02-12T20:40:00,2025-02-12T20:50:00,2025-02-12,124,0.0,0.0,0.0,0.0,0.0,0.0,0.0,1.3952,0.0,2.0928,0.0,6.976,0.0,0.0,0.0,0.0,0.00元,0.0,0.0
2025-02-12T20:50:00,2025-02-12T21:00:00,2025-02-12,125,714.5722112456524,709.5001243517955,0.0,709.5001243517955,-5.072086893856863,0.0,709.5001243517955,1.2226,867.4348520325052,1.8338999999999999,0.0,6.1129999999999995,0.0,0.0,0.0,867.4348520325052,867.43元,0.0,709.5001243517955
2025-02-12T21:00:00,2025-02-12T21:10:00,2025-02-12,126,750.4505926008,744.0688395356219,0.0,744.0688395356219,-6.381753065178032,0.0,744.0688395356219,0.9332,694.3650410546423,1.3998,0.0,4.666,0.0,0.0,0.0,694.3650410546423,694.37元,0.0,744.0688395356219
2025-02-12T21:10:00,2025-02-12T21:20:00,2025-02-12,127,736.8996020058228,730.6926804027798,0.0,730.6926804027798,-6.206921603042929,0.0,730.6926804027798,0.9068,662.5921225892408,1.3602,0.0,4.534000000000001,0.0,0.0,0.0,662.5921225892408,662.59元,0.0,730.6926804027798
2025-02-12T21:20:00,2025-02-12T21:30:00,2025-02-12,128,719.275408236508,715.8201271275103,0.0,715.8201271275103,-3.455281108997724,0.0,715.8201271275103,0.9371,670.7950411311899,1.40565,0.0,4.6855,0.0,0.0,0.0,670.7950411311899,670.80元,0.0,715.8201271275103
2025-02-12T21:30:00,2025-02-12T21:40:00,2025-02-12,129,745.1101463473102,741.7495244710035,0.0,741.7495244710035,-3.360621876306709,0.0,741.7495244710035,0.9371,695.0934793817775,1.40565,0.0,4.6855,0.0,0.0,0.0,695.0934793817775,695.09元,0.0,741.7495244710035
2025-02-12T21:40:00,2025-02-12T21:50:00,2025-02-12,130,743.7144636995299,740.9591107407338,0.0,740.9591107407338,-2.755352958796152,0.0,740.9591107407338,0.9871,731.4007382121782,1.48065,0.0,4.9355,0.0,0.0,0.0,731.4007382121782,731.40元,0.0,740.9591107407338
2025-02-12T21:50:00,2025-02-12T22:00:00,2025-02-12,131,663.9805395277671,663.9805395277671,0.0,663.9805395277671,0.0,0.0,663.9805395277671,0.7764,515.5144908893583,1.1646,0.0,3.8819999999999997,0.0,0.0,0.0,515.5144908893583,515.51元,0.0,663.9805395277671
2025-02-12T22:00:00,2025-02-12T22:10:00,2025-02-12,132,1384.705745786695,1381.613824399718,0.0,1381.613824399718,-3.091921386976992,0.0,1381.613824399718,0.4209,581.5212586898413,0.63135,0.0,2.1045,0.0,0.0,0.0,581.5212586898413,581.52元,14.428824409717883,1367.18499999
2025-02-12T22:10:00,2025-02-12T22:20:00,2025-02-12,133,1376.3787198192947,1373.371503235429,0.0,1373.371503235429,-3.007216583865784,0.0,1373.371503235429,0.3859,529.984063098552,0.5788500000000001,0.0,1.9295,0.0,0.0,0.0,529.984063098552,529.98元,32.39535324542884,1340.97614999
2025-02-12T22:20:00,2025-02-12T22:30:00,2025-02-12,134,564.5482938217458,564.5482938217458,0.0,564.5482938217458,0.0,0.0,564.5482938217458,0.4368,246.59469474133857,0.6552,0.0,2.184,0.0,0.0,0.0,246.59469474133857,246.59元,0.0,564.5482938217458
2025-02-12T22:30:00,2025-02-12T22:40:00,2025-02-12,135,1392.9686997129838,1390.1239947104227,0.0,1390.1239947104227,-2.8447050025611134,0.0,1390.1239947104227,0.4198,583.5740529794355,0.6297,0.0,2.099,0.0,0.0,0.0,583.5740529794355,583.57元,19.42399472042279,1370.69999999
2025-02-12T22:40:00,2025-02-12T22:50:00,2025-02-12,136,1392.7130670420102,1389.9462942204436,0.0,1389.9462942204436,-2.7667728215665193,0.0,1389.9462942204436,0.4186,581.8315187606778,0.6279,0.0,2.093,0.0,0.0,0.0,581.8315187606778,581.83元,0.8775775637769733,1389.0687166566668
2025-02-12T22:50:00,2025-02-12T23:00:00,2025-02-12,137,1396.0575221509966,1393.3665465175775,0.0,1393.3665465175775,-2.690975633419157,0.0,1393.3665465175775,0.4241,590.9267523781045,0.63615,0.0,2.1205,0.0,0.0,0.0,590.9267523781045,590.93元,0.0,1393.3665465175775
2025-02-12T23:00:00,2025-02-12T23:10:00,2025-02-12,138,1397.0255465051537,1394.408291556279,0.0,1394.408291556279,-2.617254948874688,0.0,1394.408291556279,0.4237,590.8107931323955,0.6355500000000001,0.0,2.1185,0.0,0.0,0.0,590.8107931323955,590.81元,2.613291566279023,1391.79499999
2025-02-12T23:10:00,2025-02-12T23:20:00,2025-02-12,139,1017.460419773546,1017.460419773546,0.0,1017.460419773546,0.0,0.0,1017.460419773546,0.4248,432.21718631980235,0.6372,0.0,2.124,0.0,0.0,0.0,432.21718631980235,432.22元,0.0,1017.460419773546
2025-02-12T23:20:00,2025-02-12T23:30:00,2025-02-12,140,1391.3604210715393,1388.8846039701084,0.0,1388.8846039701084,-2.4758171014309482,0.0,1388.8846039701084,0.424,588.887072083326,0.636,0.0,2.12,0.0,0.0,0.0,588.887072083326,588.89元,0.0,1388.8846039701084
2025-02-12T23:30:00,2025-02-12T23:40:00,2025-02-12,141,1393.7335847994989,1391.3255940021259,0.0,1391.3255940021259,-2.4079907973730315,0.0,1391.3255940021259,0.422,587.1394006688971,0.633,0.0,2.11,0.0,0.0,0.0,587.1394006688971,587.14元,0.0,1391.3255940021259
2025-02-12T23:40:00,2025-02-12T23:50:00,2025-02-12,142,1405.161790631134,1402.819768000754,0.0,1402.819768000754,-2.3420226303799154,0.0,1402.819768000754,0.424,594.7955816323197,0.636,0.0,2.12,0.0,0.0,0.0,594.7955816323197,594.80元,0.0,1402.819768000754
2025-02-12T23:50:00,2025-02-13T00:00:00,2025-02-12,143,571.784808931425,571.784808931425,0.0,571.784808931425,0.0,0.0,571.784808931425,0.4271,244.2092918946116,0.6406499999999999,0.0,2.1355,0.0,0.0,0.0,244.2092918946116,244.21元,0.0,571.784808931425
2025-02-13T00:00:00,2025-02-13T00:10:00,2025-02-12,144,570.0634416666667,570.0634416666667,0.0,570.0634416666667,0.0,0.0,570.0634416666667,0.4276,243.75912765666666,0.6414,0.0,2.138,0.0,0.0,0.0,243.75912765666666,243.76元,0.0,570.0634416666667
2025-02-13T00:10:00,2025-02-13T00:20:00,2025-02-13,1,1419.205946617853,1419.205946617853,0.0,1419.205946617853,0.0,0.0,1419.205946617853,0.4248,602.878686123264,0.6372,0.0,2.124,0.0,0.0,0.0,602.878686123264,602.88元,0.0,1419.205946617853
2025-02-13T00:20:00,2025-02-13T00:30:00,2025-02-13,2,1438.1371099413386,1438.1371099413386,0.0,1438.1371099413386,0.0,0.0,1438.1371099413386,0.4245,610.4892031700982,0.6367499999999999,0.0,2.1225,0.0,0.0,0.0,610.4892031700982,610.49元,10.722126618005284,1427.4149833233334
2025-02-13T00:30:00,2025-02-13T00:40:00,2025-02-13,3,619.2603216316803,619.2603216316803,0.0,619.2603216316803,0.0,0.0,619.2603216316803,0.4269,264.3622313045643,0.64035,0.0,2.1345,0.0,0.0,0.0,264.3622313045643,264.36元,0.0,619.2603216316803
2025-02-13T00:40:00,2025-02-13T00:50:00,2025-02-13,4,596.8150919806941,596.8150919806941,0.0,596.8150919806941,0.0,0.0,596.8150919806941,0.4272,254.95940729415253,0.6408,0.0,2.136,0.0,0.0,0.0,254.95940729415253,254.96元,0.0,596.8150919806941
2025-02-13T00:50:00,2025-02-13T01:00:00,2025-02-13,5,612.735875997261,612.735875997261,0.0,612.735875997261,0.0,0.0,612.735875997261,0.4271,261.6994926384302,0.6406499999999999,0.0,2.1355,0.0,0.0,0.0,261.6994926384302,261.70元,0.0,612.735875997261
2025-02-13T01:00:00,2025-02-13T01:10:00,2025-02-13,6,640.8969180322423,640.8969180322423,0.0,640.8969180322423,0.0,0.0,640.8969180322423,0.4285,274.6243293768158,0.6427499999999999,0.0,2.1425,0.0,0.0,0.0,274.6243293768158,274.62元,0.0,640.8969180322423
2025-02-13T01:10:00,2025-02-13T01:20:00,2025-02-13,7,625.7321093774793,625.7321093774793,0.0,625.7321093774793,0.0,0.0,625.7321093774793,0.4311,269.7531123526313,0.64665,0.0,2.1555,0.0,0.0,0.0,269.7531123526313,269.75元,0.0,625.7321093774793
2025-02-13T01:20:00,2025-02-13T01:30:00,2025-02-13,8,605.6826441774202,605.6826441774202,0.0,605.6826441774202,0.0,0.0,605.6826441774202,0.4302,260.5646735251262,0.6453,0.0,2.1510000000000002,0.0,0.0,0.0,260.5646735251262,260.56元,0.0,605.6826441774202
2025-02-13T01:30:00,2025-02-13T01:40:00,2025-02-13,9,613.1401085404674,613.1401085404674,0.0,613.1401085404674,0.0,0.0,613.1401085404674,0.4279,262.362652444466,0.64185,0.0,2.1395,0.0,0.0,0.0,262.362652444466,262.36元,0.0,613.1401085404674
2025-02-13T01:40:00,2025-02-13T01:50:00,2025-02-13,10,639.2341688185079,639.2341688185079,0.0,639.2341688185079,0.0,0.0,639.2341688185079,0.4312,275.63777359454065,0.6468,0.0,2.156,0.0,0.0,0.0,275.63777359454065,275.64元,0.0,639.2341688185079
2025-02-13T01:50:00,2025-02-13T02:00:00,2025-02-13,11,634.0908923879164,634.0908923879164,0.0,634.0908923879164,0.0,0.0,634.0908923879164,0.4333,274.75158367168416,0.64995,0.0,2.1665,0.0,0.0,0.0,274.75158367168416,274.75元,0.0,634.0908923879164
2025-02-13T02:00:00,2025-02-13T02:10:00,2025-02-13,12,605.9367284319931,605.9367284319931,0.0,605.9367284319931,0.0,0.0,605.9367284319931,0.4311,261.2193236270322,0.64665,0.0,2.1555,0.0,0.0,0.0,261.2193236270322,261.22元,0.0,605.9367284319931
2025-02-13T02:10:00,2025-02-13T02:20:00,2025-02-13,13,610.1602478914622,610.1602478914622,0.0,610.1602478914622,0.0,0.0,610.1602478914622,0.4293,261.9417944198047,0.64395,0.0,2.1465,0.0,0.0,0.0,261.9417944198047,261.94元,0.0,610.1602478914622
2025-02-13T02:20:00,2025-02-13T02:30:00,2025-02-13,14,620.0172025829922,620.0172025829922,0.0,620.0172025829922,0.0,0.0,620.0172025829922,0.4324,268.09543839688587,0.6486000000000001,0.0,2.162,0.0,0.0,0.0,268.09543839688587,268.10元,0.0,620.0172025829922
2025-02-13T02:30:00,2025-02-13T02:40:00,2025-02-13,15,616.9110443190372,616.9110443190372,0.0,616.9110443190372,0.0,0.0,616.9110443190372,0.4367,269.4050530541235,0.6550499999999999,0.0,2.1835,0.0,0.0,0.0,269.4050530541235,269.41元,0.0,616.9110443190372
2025-02-13T02:40:00,2025-02-13T02:50:00,2025-02-13,16,616.6274031956248,616.6274031956248,0.0,616.6274031956248,0.0,0.0,616.6274031956248,0.4348,268.10959490945766,0.6522,0.0,2.174,0.0,0.0,0.0,268.10959490945766,268.11元,0.0,616.6274031956248
2025-02-13T02:50:00,2025-02-13T03:00:00,2025-02-13,17,651.5432733813955,651.5432733813955,0.0,651.5432733813955,0.0,0.0,651.5432733813955,0.4335,282.4440090108349,0.65025,0.0,2.1675,0.0,0.0,0.0,282.4440090108349,282.44元,0.0,651.5432733813955
2025-02-13T03:00:00,2025-02-13T03:10:00,2025-02-13,18,684.5080447411852,684.5080447411852,0.0,684.5080447411852,0.0,0.0,684.5080447411852,0.4357,298.2401550937344,0.65355,0.0,2.1784999999999997,0.0,0.0,0.0,298.2401550937344,298.24元,0.0,684.5080447411852
2025-02-13T03:10:00,2025-02-13T03:20:00,2025-02-13,19,646.8239802941235,646.8239802941235,0.0,646.8239802941235,0.0,0.0,646.8239802941235,0.4374,282.92080898064967,0.6561,0.0,2.1870000000000003,0.0,0.0,0.0,282.92080898064967,282.92元,0.0,646.8239802941235
2025-02-13T03:20:00,2025-02-13T03:30:00,2025-02-13,20,631.9612470062131,631.9612470062131,0.0,631.9612470062131,0.0,0.0,631.9612470062131,0.4371,276.2302610664157,0.65565,0.0,2.1854999999999998,0.0,0.0,0.0,276.2302610664157,276.23元,0.0,631.9612470062131
2025-02-13T03:30:00,2025-02-13T03:40:00,2025-02-13,21,659.8172624173577,659.8172624173577,0.0,659.8172624173577,0.0,0.0,659.8172624173577,0.4356,287.416399509001,0.6534,0.0,2.178,0.0,0.0,0.0,287.416399509001,287.42元,0.0,659.8172624173577
2025-02-13T03:40:00,2025-02-13T03:50:00,2025-02-13,22,662.3175137694777,662.3175137694777,0.0,662.3175137694777,0.0,0.0,662.3175137694777,0.4353,288.3068137438537,0.65295,0.0,2.1765,0.0,0.0,0.0,288.3068137438537,288.31元,0.0,662.3175137694777
2025-02-13T03:50:00,2025-02-13T04:00:00,2025-02-13,23,676.1491396356806,676.1491396356806,0.0,676.1491396356806,0.0,0.0,676.1491396356806,0.436,294.80102488115676,0.654,0.0,2.18,0.0,0.0,0.0,294.80102488115676,294.80元,0.0,676.1491396356806
2025-02-13T04:00:00,2025-02-13T04:10:00,2025-02-13,24,696.4346807171257,696.4346807171257,0.0,696.4346807171257,0.0,0.0,696.4346807171257,0.4378,304.89910321795765,0.6567000000000001,0.0,2.189,0.0,0.0,0.0,304.89910321795765,304.90元,0.0,696.4346807171257
2025-02-13T04:10:00,2025-02-13T04:20:00,2025-02-13,25,671.9934289742215,671.9934289742215,0.0,671.9934289742215,0.0,0.0,671.9934289742215,0.4401,295.7443080915549,0.66015,0.0,2.2005,0.0,0.0,0.0,295.7443080915549,295.74元,0.0,671.9934289742215
2025-02-13T04:20:00,2025-02-13T04:30:00,2025-02-13,26,641.5672792587945,641.5672792587945,0.0,641.5672792587945,0.0,0.0,641.5672792587945,0.4389,281.5838788666849,0.65835,0.0,2.1945,0.0,0.0,0.0,281.5838788666849,281.58元,0.0,641.5672792587945
2025-02-13T04:30:00,2025-02-13T04:40:00,2025-02-13,27,645.8526409472031,645.8526409472031,0.0,645.8526409472031,0.0,0.0,645.8526409472031,0.4364,281.85009250935946,0.6546000000000001,0.0,2.182,0.0,0.0,0.0,281.85009250935946,281.85元,0.0,645.8526409472031
2025-02-13T04:40:00,2025-02-13T04:50:00,2025-02-13,28,684.70652086893,684.70652086893,0.0,684.70652086893,0.0,0.0,684.70652086893,0.4393,300.791574617721,0.65895,0.0,2.1965000000000003,0.0,0.0,0.0,300.791574617721,300.79元,0.0,684.70652086893
2025-02-13T04:50:00,2025-02-13T05:00:00,2025-02-13,29,684.2445868020469,684.2445868020469,0.0,684.2445868020469,0.0,0.0,684.2445868020469,0.4422,302.57295628386515,0.6633,0.0,2.211,0.0,0.0,0.0,302.57295628386515,302.57元,0.0,684.2445868020469
2025-02-13T05:00:00,2025-02-13T05:10:00,2025-02-13,30,654.2564170546027,654.2564170546027,0.0,654.2564170546027,0.0,0.0,654.2564170546027,0.4395,287.54569529549786,0.65925,0.0,2.1975,0.0,0.0,0.0,287.54569529549786,287.55元,0.0,654.2564170546027
2025-02-13T05:10:00,2025-02-13T05:20:00,2025-02-13,31,674.3421713781592,674.3421713781592,0.0,674.3421713781592,0.0,0.0,674.3421713781592,0.4333,292.1924628581564,0.64995,0.0,2.1665,0.0,0.0,0.0,292.1924628581564,292.19元,0.0,674.3421713781592
2025-02-13T05:20:00,2025-02-13T05:30:00,2025-02-13,32,697.5148562989608,697.5148562989608,0.0,697.5148562989608,0.0,0.0,697.5148562989608,0.4439,309.62684471110873,0.66585,0.0,2.2195,0.0,0.0,0.0,309.62684471110873,309.63元,0.0,697.5148562989608
2025-02-13T05:30:00,2025-02-13T05:40:00,2025-02-13,33,681.9793743531558,681.9793743531558,0.0,681.9793743531558,0.0,0.0,681.9793743531558,0.4301,293.31932890929227,0.64515,0.0,2.1505,0.0,0.0,0.0,293.31932890929227,293.32元,0.0,681.9793743531558
2025-02-13T05:40:00,2025-02-13T05:50:00,2025-02-13,34,1485.34561412506,1485.34561412506,0.0,1485.34561412506,0.0,0.0,1485.34561412506,0.3713,551.5088265246347,0.5569500000000001,0.0,1.8565,0.0,0.0,0.0,551.5088265246347,551.51元,360.3232266809749,1125.0223874440849
2025-02-13T05:50:00,2025-02-13T06:00:00,2025-02-13,35,735.4420490457001,735.4420490457001,0.0,735.4420490457001,0.0,0.0,735.4420490457001,0.5708,419.79032159528555,0.8562,0.0,2.854,0.0,0.0,0.0,419.79032159528555,419.79元,0.0,735.4420490457001
2025-02-13T06:00:00,2025-02-13T06:10:00,2025-02-13,36,134.48784446888305,134.48784446888305,0.22750114978009606,134.71534561866315,0.22750114978009606,0.0,134.71534561866315,0.9099,122.3704896822367,1.3648500000000001,0.31050494427736414,4.5495,0.0,2143.0588124515625,974.9846067248384,1097.6656013513525,1097.67元,0.0,134.71534561866315
2025-02-13T06:10:00,2025-02-13T06:20:00,2025-02-13,37,145.54913616604574,145.54913616604574,7.420896634347628,152.97003280039337,7.420896634347628,0.0,152.97003280039337,0.9368,136.35043076035166,1.4052,10.427843950585286,4.684,0.0,0.0,0.0,146.77827471093693,146.78元,0.0,152.97003280039337
2025-02-13T06:20:00,2025-02-13T06:30:00,2025-02-13,38,141.43436535347666,141.43436535347666,2.8147354773183224,144.249100830795,2.8147354773183224,0.0,144.249100830795,0.8758,123.86821717657486,1.3137,3.6977179965530804,4.3790000000000004,0.0,0.0,0.0,127.56593517312794,127.57元,0.0,144.249100830795
2025-02-13T06:30:00,2025-02-13T06:40:00,2025-02-13,39,128.67242427152541,128.67242427152541,6.931436020883666,135.60386029240908,6.931436020883666,0.0,135.60386029240908,0.8759,112.70417641942912,1.31385,9.106867216038005,4.3795,0.0,0.0,0.0,121.81104363546712,121.81元,0.0,135.60386029240908
2025-02-13T06:40:00,2025-02-13T06:50:00,2025-02-13,40,110.77127223202922,110.77127223202922,14.489016829250545,125.26028906127976,14.489016829250545,0.0,125.26028906127976,0.8601,95.27437124676833,1.29015,18.69300506225759,4.3004999999999995,0.0,0.0,0.0,113.96737630902592,113.97元,0.0,125.26028906127976
2025-02-13T06:50:00,2025-02-13T07:00:00,2025-02-13,41,788.8981351303967,232.1974166842882,0.0,232.1974166842882,-556.7007184461085,0.0,232.1974166842882,0.8442,196.0210591648761,1.2663,0.0,4.221,0.0,0.0,0.0,196.0210591648761,196.02元,0.0,232.1974166842882
2025-02-13T07:00:00,2025-02-13T07:10:00,2025-02-13,42,603.045920510149,583.7303548137836,0.0,583.7303548137836,-19.31556569636541,0.0,583.7303548137836,0.8334,486.4808777018073,1.2501,0.0,4.167,0.0,0.0,0.0,486.4808777018073,486.48元,0.0,583.7303548137836
2025-02-13T07:10:00,2025-02-13T07:20:00,2025-02-13,43,587.607928603577,569.4722556108279,0.0,569.4722556108279,-18.13567299274905,0.0,569.4722556108279,0.8092,460.816949240282,1.2138,0.0,4.046,0.0,0.0,0.0,460.816949240282,460.82元,0.0,569.4722556108279
2025-02-13T07:20:00,2025-02-13T07:30:00,2025-02-13,44,578.2669120855901,561.3625983774475,0.0,561.3625983774475,-16.90431370814258,0.0,561.3625983774475,0.7972,447.51826342650116,1.1958,0.0,3.986,0.0,0.0,0.0,447.51826342650116,447.52元,0.0,561.3625983774475
2025-02-13T07:30:00,2025-02-13T07:40:00,2025-02-13,45,548.3233141112299,548.3233141112299,0.0,548.3233141112299,0.0,0.0,548.3233141112299,0.7644,419.13834130662417,1.1465999999999998,0.0,3.822,0.0,0.0,0.0,419.13834130662417,419.14元,0.0,548.3233141112299
2025-02-13T07:40:00,2025-02-13T07:50:00,2025-02-13,46,1321.9972153542767,1307.6875903825194,0.0,1307.6875903825194,-14.30962497175733,0.0,1307.6875903825194,0.6899,902.1736686049001,1.03485,0.0,3.4494999999999996,0.0,0.0,0.0,902.1736686049001,902.17元,0.0,1307.6875903825194
2025-02-13T07:50:00,2025-02-13T08:00:00,2025-02-13,47,387.3588430210983,0.0,0.0,0.0,-387.3588430210983,0.0,0.0,0.86,0.0,1.29,0.0,4.3,0.0,0.0,0.0,0.0,0.00元,0.0,0.0
2025-02-13T08:00:00,2025-02-13T08:10:00,2025-02-13,48,105.40887622430705,47.44461785571616,0.0,47.44461785571616,-57.96425836859089,0.0,47.44461785571616,1.1617,55.11641256298546,1.74255,0.0,5.8084999999999996,0.0,0.0,0.0,55.11641256298546,55.12元,0.0,47.44461785571616
2025-02-13T08:10:00,2025-02-13T08:20:00,2025-02-13,49,64.76650037581635,30.15836548116215,0.0,30.15836548116215,-34.6081348946542,0.0,30.15836548116215,1.1683,35.23401839164173,1.7524499999999998,0.0,5.8415,0.0,0.0,0.0,35.23401839164173,35.23元,0.0,30.15836548116215
2025-02-13T08:20:00,2025-02-13T08:30:00,2025-02-13,50,0.0,0.0,0.0,0.0,0.0,0.0,0.0,1.0956,0.0,1.6433999999999997,0.0,5.478,0.0,0.0,0.0,0.0,0.00元,0.0,0.0
2025-02-13T08:30:00,2025-02-13T08:40:00,2025-02-13,51,0.0,0.0,0.0,0.0,0.0,0.0,0.0,1.0849,0.0,1.6273499999999999,0.0,5.4245,0.0,0.0,0.0,0.0,0.00元,0.0,0.0
2025-02-13T08:40:00,2025-02-13T08:50:00,2025-02-13,52,0.0,0.0,0.0,0.0,0.0,0.0,0.0,1.061,0.0,1.5915,0.0,5.305,0.0,0.0,0.0,0.0,0.00元,0.0,0.0
2025-02-13T08:50:00,2025-02-13T09:00:00,2025-02-13,53,0.0,0.0,0.0,0.0,0.0,0.0,0.0,1.043,0.0,1.5644999999999998,0.0,5.215,0.0,0.0,0.0,0.0,0.00元,0.0,0.0
2025-02-13T09:00:00,2025-02-13T09:10:00,2025-02-13,54,0.0,0.0,0.0,0.0,0.0,0.0,0.0,1.036,0.0,1.554,0.0,5.18,0.0,0.0,0.0,0.0,0.00元,0.0,0.0
2025-02-13T09:10:00,2025-02-13T09:20:00,2025-02-13,55,0.0,0.0,0.0,0.0,0.0,267.52831770302924,267.52831770302924,1.0147,0.0,1.52205,0.0,5.073499999999999,1357.3049198663186,0.0,0.0,1357.3049198663186,1357.30元,0.0,267.52831770302924
2025-02-13T09:20:00,2025-02-13T09:30:00,2025-02-13,56,0.0,0.0,0.0,0.0,0.0,273.6458166666667,273.6458166666667,0.9922,0.0,1.4883,0.0,4.961,1357.5568964833333,0.0,0.0,1357.5568964833333,1357.56元,0.0,273.6458166666667
2025-02-13T09:30:00,2025-02-13T09:40:00,2025-02-13,57,0.0,0.0,0.0,0.0,0.0,222.9983333333335,222.9983333333335,0.97,0.0,1.455,0.0,4.85,1081.5419166666675,0.0,0.0,1081.5419166666675,1081.54元,0.0,222.9983333333335
2025-02-13T09:40:00,2025-02-13T09:50:00,2025-02-13,58,0.0,0.0,0.0,0.0,0.0,163.62378333333328,163.62378333333328,0.9422,0.0,1.4133,0.0,4.711,770.831643283333,0.0,0.0,770.831643283333,770.83元,0.0,163.62378333333328
2025-02-13T09:50:00,2025-02-13T10:00:00,2025-02-13,59,0.0,0.0,0.0,0.0,0.0,107.03498333333326,107.03498333333326,0.9569,0.0,1.43535,0.0,4.7844999999999995,512.1088777583329,0.0,0.0,512.1088777583329,512.11元,0.0,107.03498333333326
2025-02-13T10:00:00,2025-02-13T10:10:00,2025-02-13,60,0.0,0.0,0.0,0.0,0.0,52.88541666666678,52.88541666666678,0.9977,0.0,1.49655,0.0,4.9885,263.81890104166723,0.0,0.0,263.81890104166723,263.82元,0.0,52.88541666666678
2025-02-13T10:10:00,2025-02-13T10:20:00,2025-02-13,61,0.0,0.0,0.0,0.0,0.0,0.0,0.0,0.9919,0.0,1.48785,0.0,4.9595,0.0,0.0,0.0,0.0,0.00元,0.0,0.0
2025-02-13T10:20:00,2025-02-13T10:30:00,2025-02-13,62,0.0,0.0,0.0,0.0,0.0,0.0,0.0,0.9588,0.0,1.4382,0.0,4.794,0.0,0.0,0.0,0.0,0.00元,0.0,0.0
2025-02-13T10:30:00,2025-02-13T10:40:00,2025-02-13,63,0.0,0.0,0.0,0.0,0.0,0.0,0.0,0.9549,0.0,1.43235,0.0,4.7745,0.0,0.0,0.0,0.0,0.00元,0.0,0.0
2025-02-13T10:40:00,2025-02-13T10:50:00,2025-02-13,64,0.0,0.0,0.0,0.0,0.0,0.0,0.0,0.9839,0.0,1.4758499999999999,0.0,4.9195,0.0,0.0,0.0,0.0,0.00元,0.0,0.0
2025-02-13T10:50:00,2025-02-13T11:00:00,2025-02-13,65,0.0,0.0,0.0,0.0,0.0,0.0,0.0,0.799,0.0,1.1985000000000001,0.0,3.995,0.0,0.0,0.0,0.0,0.00元,0.0,0.0
2025-02-13T11:00:00,2025-02-13T11:10:00,2025-02-13,66,838.9878867066569,727.7642207949756,0.0,727.7642207949756,-111.22366591168134,0.0,727.7642207949756,0.5025,365.7015209494752,0.7537499999999999,0.0,2.5124999999999997,0.0,0.0,0.0,365.7015209494752,365.70元,0.0,727.7642207949756
2025-02-13T11:10:00,2025-02-13T11:20:00,2025-02-13,67,856.8348887810097,774.6569880295973,0.0,774.6569880295973,-82.17790075141238,0.0,774.6569880295973,0.4662,361.14508781939827,0.6993,0.0,2.331,0.0,0.0,0.0,361.14508781939827,361.15元,0.0,774.6569880295973
2025-02-13T11:20:00,2025-02-13T11:30:00,2025-02-13,68,829.5337537423997,748.0049118698545,0.0,748.0049118698545,-81.52884187254517,0.0,748.0049118698545,0.5007,374.52605937323614,0.75105,0.0,2.5035000000000003,0.0,0.0,0.0,374.52605937323614,374.53元,0.0,748.0049118698545
2025-02-13T11:30:00,2025-02-13T11:40:00,2025-02-13,69,785.6533952282317,704.5771842457979,0.0,704.5771842457979,-81.07621098243385,0.0,704.5771842457979,0.4827,340.09940683544664,0.7240500000000001,0.0,2.4135,0.0,0.0,0.0,340.09940683544664,340.10元,0.0,704.5771842457979
2025-02-13T11:40:00,2025-02-13T11:50:00,2025-02-13,70,802.1352001686504,720.7889373799363,0.0,720.7889373799363,-81.34626278871406,0.0,720.7889373799363,0.4785,344.89750653629955,0.71775,0.0,2.3925,0.0,0.0,0.0,344.89750653629955,344.90元,0.0,720.7889373799363
2025-02-13T11:50:00,2025-02-13T12:00:00,2025-02-13,71,781.4047154895953,699.8177613960048,0.0,699.8177613960048,-81.58695409359052,0.0,699.8177613960048,0.4662,326.25504036281745,0.6993,0.0,2.331,0.0,0.0,0.0,326.25504036281745,326.26元,0.0,699.8177613960048
2025-02-13T12:00:00,2025-02-13T12:10:00,2025-02-13,72,776.8948380752503,746.6678177226846,0.0,746.6678177226846,-30.22702035256566,0.0,746.6678177226846,0.4432,330.9231768146938,0.6648,0.0,2.2159999999999997,0.0,179.5947416308095,39.798194745387384,370.7213715600812,370.72元,0.0,746.6678177226846
2025-02-13T12:10:00,2025-02-13T12:20:00,2025-02-13,73,785.7634910856797,755.5573203606226,0.0,755.5573203606226,-30.206170725057063,0.0,755.5573203606226,0.4411,333.2763340110706,0.66165,0.0,2.2055,0.0,0.0,0.0,333.2763340110706,333.28元,0.0,755.5573203606226
2025-02-13T12:20:00,2025-02-13T12:30:00,2025-02-13,74,806.5165995811241,736.8458437215487,39.897294338077245,776.743138059626,-29.77346152149812,0.0,776.743138059626,0.4551,335.3385434776768,0.68265,27.23588797988843,2.2755,0.0,0.0,0.0,362.57443145756525,362.57元,0.0,776.743138059626
2025-02-13T12:30:00,2025-02-13T12:40:00,2025-02-13,75,793.338183930516,764.2740908840025,0.0,764.2740908840025,-29.064093046513563,0.0,764.2740908840025,0.4463,341.09552676153027,0.66945,0.0,2.2315,0.0,0.0,0.0,341.09552676153027,341.10元,0.0,764.2740908840025
2025-02-13T12:40:00,2025-02-13T12:50:00,2025-02-13,76,763.4015542145229,734.732366329555,0.0,734.732366329555,-28.66918788496787,0.0,734.732366329555,0.4113,302.195422271346,0.61695,0.0,2.0564999999999998,0.0,0.0,0.0,302.195422271346,302.20元,0.0,734.732366329555
2025-02-13T12:50:00,2025-02-13T13:00:00,2025-02-13,77,412.07491589082747,0.0,754.8870127133886,754.8870127133886,342.8120968225611,0.0,754.8870127133886,0.5682,0.0,0.8523000000000001,643.3902009356211,2.841,0.0,0.0,0.0,643.3902009356211,643.39元,0.0,754.8870127133886
2025-02-13T13:00:00,2025-02-13T13:10:00,2025-02-13,78,43.404567507923275,37.57143615921291,36.59099499249305,74.16243115170596,30.757863643782684,0.0,74.16243115170596,0.8279,31.105391996212365,1.24185,45.440527131427494,4.1395,0.0,0.0,0.0,76.54591912763986,76.55元,0.0,74.16243115170596
2025-02-13T13:10:00,2025-02-13T13:20:00,2025-02-13,79,57.20513762992209,50.49649752979235,38.63784971506334,89.13434724485569,31.929209614933598,0.0,89.13434724485569,0.8636,43.60877526672868,1.2954,50.051470520893055,4.3180000000000005,0.0,0.0,0.0,93.66024578762173,93.66元,0.0,89.13434724485569
2025-02-13T13:20:00,2025-02-13T13:30:00,2025-02-13,80,50.7679183147261,43.32410085331003,40.38987459081682,83.71397544412685,32.94605712940074,0.0,83.71397544412685,0.8416,36.46156327814572,1.2624,50.98817768344715,4.208,0.0,0.0,0.0,87.44974096159287,87.45元,0.0,83.71397544412685
2025-02-13T13:30:00,2025-02-13T13:40:00,2025-02-13,81,55.78471571295745,47.75300425272076,41.83299122085202,89.58599547357278,33.80127976061533,0.0,89.58599547357278,0.8618,41.153539064994746,1.2927,54.07750775119541,4.309,0.0,0.0,0.0,95.23104681619016,95.23元,0.0,89.58599547357278
2025-02-13T13:40:00,2025-02-13T13:50:00,2025-02-13,82,75.92869475906218,66.87615225509467,44.15805656641078,111.03420882150544,35.10551406244326,0.0,111.03420882150544,0.8623,57.66730608956813,1.29345,57.116238265824016,4.3115,0.0,0.0,0.0,114.78354435539215,114.78元,0.0,111.03420882150544
2025-02-13T13:50:00,2025-02-13T14:00:00,2025-02-13,83,0.0,0.0,0.0,0.0,0.0,0.0,0.0,0.9026,0.0,1.3538999999999999,0.0,4.513,0.0,0.0,0.0,0.0,0.00元,0.0,0.0
2025-02-13T14:00:00,2025-02-13T14:10:00,2025-02-13,84,0.0,0.0,0.0,0.0,0.0,0.0,0.0,0.9754,0.0,1.4631,0.0,4.877000000000001,0.0,0.0,0.0,0.0,0.00元,0.0,0.0
2025-02-13T14:10:00,2025-02-13T14:20:00,2025-02-13,85,0.0,0.0,0.0,0.0,0.0,0.0,0.0,1.0002,0.0,1.5003,0.0,5.0009999999999994,0.0,0.0,0.0,0.0,0.00元,0.0,0.0
2025-02-13T14:20:00,2025-02-13T14:30:00,2025-02-13,86,0.0,0.0,0.0,0.0,0.0,0.0,0.0,0.9978,0.0,1.4967000000000001,0.0,4.989,0.0,0.0,0.0,0.0,0.00元,0.0,0.0
2025-02-13T14:30:00,2025-02-13T14:40:00,2025-02-13,87,0.0,0.0,0.0,0.0,0.0,0.0,0.0,1.0271,0.0,1.5406499999999999,0.0,5.1354999999999995,0.0,0.0,0.0,0.0,0.00元,0.0,0.0
2025-02-13T14:40:00,2025-02-13T14:50:00,2025-02-13,88,0.0,0.0,0.0,0.0,0.0,0.0,0.0,1.0906,0.0,1.6359,0.0,5.453,0.0,0.0,0.0,0.0,0.00元,0.0,0.0
2025-02-13T14:50:00,2025-02-13T15:00:00,2025-02-13,89,0.0,0.0,0.0,0.0,0.0,0.0,0.0,0.9376,0.0,1.4064,0.0,4.688,0.0,0.0,0.0,0.0,0.00元,0.0,0.0
2025-02-13T15:00:00,2025-02-13T15:10:00,2025-02-13,90,1336.3720915870515,1336.3720915870515,11.745093043923816,1348.1171846309753,11.745093043923816,0.0,1348.1171846309753,0.6694,894.5674781083723,1.0041,11.793247925403904,3.347,0.0,0.0,0.0,906.3607260337761,906.36元,0.0,1348.1171846309753
2025-02-13T15:10:00,2025-02-13T15:20:00,2025-02-13,91,1350.0363311628557,1350.0363311628557,13.167870377300005,1363.2042015401557,13.167870377300005,0.0,1363.2042015401557,0.66,891.0239785674848,0.99,13.036191673527005,3.3000000000000003,0.0,0.0,0.0,904.0601702410119,904.06元,0.0,1363.2042015401557
2025-02-13T15:20:00,2025-02-13T15:30:00,2025-02-13,92,533.2224523049011,533.2224523049011,690.2662804202029,1223.488732725104,690.2662804202029,0.0,1223.488732725104,0.7217,384.8266438284472,1.08255,747.2477618688906,3.6085000000000003,0.0,0.0,0.0,1132.0744056973376,1132.07元,0.0,1223.488732725104
2025-02-13T15:30:00,2025-02-13T15:40:00,2025-02-13,93,512.031359701543,512.031359701543,16.453705645925197,528.4850653474682,16.453705645925197,0.0,528.4850653474682,0.7308,374.19251766988765,1.0962,18.0365521290632,3.654,0.0,0.0,0.0,392.2290697989509,392.23元,0.0,528.4850653474682
2025-02-13T15:40:00,2025-02-13T15:50:00,2025-02-13,94,535.1287545443608,535.1287545443608,18.283672424288397,553.4124269686492,18.283672424288397,0.0,553.4124269686492,0.7534,403.16600367372143,1.1300999999999999,20.662378206688317,3.767,0.0,0.0,0.0,423.8283818804098,423.83元,0.0,553.4124269686492
2025-02-13T15:50:00,2025-02-13T16:00:00,2025-02-13,95,562.5973638537818,562.5973638537818,20.122418477884935,582.7197823316667,20.122418477884935,0.0,582.7197823316667,0.7823,440.11991774281347,1.1734499999999999,23.612651962874075,3.9115,0.0,0.0,0.0,463.7325697056875,463.73元,0.0,582.7197823316667
2025-02-13T16:00:00,2025-02-13T16:10:00,2025-02-13,96,815.3475261309388,815.3475261309388,7.593353882836368,822.9408800137752,7.593353882836368,0.0,822.9408800137752,0.8055,656.7624322984713,1.20825,9.174669828937041,4.0275,0.0,0.0,0.0,665.9371021274084,665.94元,0.0,822.9408800137752
2025-02-13T16:10:00,2025-02-13T16:20:00,2025-02-13,97,848.2540474361812,848.2540474361812,5.940260089118624,854.1943075252998,5.940260089118624,0.0,854.1943075252998,0.8271,701.5909226344654,1.24065,7.36978367956502,4.1354999999999995,0.0,0.0,0.0,708.9607063140304,708.96元,0.0,854.1943075252998
2025-02-13T16:20:00,2025-02-13T16:30:00,2025-02-13,98,863.7902492376936,863.7902492376936,4.366586453770424,868.156835691464,4.366586453770424,0.0,868.156835691464,0.8519,735.8629133255912,1.27785,5.579842499950536,4.2595,0.0,0.0,0.0,741.4427558255417,741.44元,0.0,868.156835691464
2025-02-13T16:30:00,2025-02-13T16:40:00,2025-02-13,99,864.8991327396654,864.8991327396654,0.0,864.8991327396654,0.0,0.0,864.8991327396654,0.8791,760.3328275914399,1.3186499999999999,0.0,4.3955,0.0,0.0,0.0,760.3328275914399,760.33元,0.0,864.8991327396654
2025-02-13T16:40:00,2025-02-13T16:50:00,2025-02-13,100,882.5689165537419,882.5689165537419,0.0,882.5689165537419,0.0,0.0,882.5689165537419,0.9024,796.4301902980967,1.3536,0.0,4.512,0.0,0.0,0.0,796.4301902980967,796.43元,0.0,882.5689165537419
2025-02-13T16:50:00,2025-02-13T17:00:00,2025-02-13,101,905.7629651469349,905.7629651469349,0.0,905.7629651469349,0.0,0.0,905.7629651469349,0.9163,829.9506049641365,1.37445,0.0,4.5815,0.0,0.0,0.0,829.9506049641365,829.95元,0.0,905.7629651469349
2025-02-13T17:00:00,2025-02-13T17:10:00,2025-02-13,102,1004.1575341866549,1004.1575341866549,0.0,1004.1575341866549,0.0,0.0,1004.1575341866549,0.9264,930.2515396705171,1.3896,0.0,4.632,0.0,0.0,0.0,930.2515396705171,930.25元,0.0,1004.1575341866549
2025-02-13T17:10:00,2025-02-13T17:20:00,2025-02-13,103,1018.6292913506862,1018.6292913506862,0.0,1018.6292913506862,0.0,0.0,1018.6292913506862,0.9462,963.8270354760193,1.4193,0.0,4.731,0.0,0.0,0.0,963.8270354760193,963.83元,0.0,1018.6292913506862
2025-02-13T17:20:00,2025-02-13T17:30:00,2025-02-13,104,1024.588589812493,1024.588589812493,0.0,1024.588589812493,0.0,0.0,1024.588589812493,0.9742,998.1542041953306,1.4613,0.0,4.8709999999999996,0.0,0.0,0.0,998.1542041953306,998.15元,0.0,1024.588589812493
2025-02-13T17:30:00,2025-02-13T17:40:00,2025-02-13,105,1037.718790119294,1037.718790119294,0.0,1037.718790119294,0.0,0.0,1037.718790119294,0.9862,1023.3982708156477,1.4792999999999998,0.0,4.931,0.0,0.0,0.0,1023.3982708156477,1023.40元,0.0,1037.718790119294
2025-02-13T17:40:00,2025-02-13T17:50:00,2025-02-13,106,1054.791089373953,1054.791089373953,0.0,1054.791089373953,0.0,0.0,1054.791089373953,0.976,1029.476103228978,1.464,0.0,4.88,0.0,0.0,0.0,1029.476103228978,1029.48元,0.0,1054.791089373953
2025-02-13T17:50:00,2025-02-13T18:00:00,2025-02-13,107,925.1991249025126,925.1991249025126,0.0,925.1991249025126,0.0,0.0,925.1991249025126,1.0742,993.848899970279,1.6113,0.0,5.371,0.0,0.0,0.0,993.848899970279,993.85元,0.0,925.1991249025126
2025-02-13T18:00:00,2025-02-13T18:10:00,2025-02-13,108,724.5176232050696,718.3271751775349,0.0,718.3271751775349,-6.190448027534785,0.0,718.3271751775349,1.2313,884.4762507960987,1.84695,0.0,6.1565,0.0,153.4010110908191,94.44133247806279,978.9175832741615,978.92元,0.0,718.3271751775349
2025-02-13T18:10:00,2025-02-13T18:20:00,2025-02-13,109,700.5594139889077,683.5000953067904,0.0,683.5000953067904,-17.05931868211735,0.0,683.5000953067904,1.2561,858.5444697148594,1.88415,0.0,6.2805,0.0,0.0,0.0,858.5444697148594,858.54元,0.0,683.5000953067904
2025-02-13T18:20:00,2025-02-13T18:30:00,2025-02-13,110,731.3401502809115,714.747429941259,0.0,714.747429941259,-16.592720339652487,0.0,714.747429941259,1.2447,889.6461260478851,1.8670499999999999,0.0,6.2235,0.0,0.0,0.0,889.6461260478851,889.65元,0.0,714.747429941259
2025-02-13T18:30:00,2025-02-13T18:40:00,2025-02-13,111,721.913508874119,705.7760848336719,0.0,705.7760848336719,-16.13742404044706,0.0,705.7760848336719,1.2545,885.3960984238414,1.8817499999999998,0.0,6.2725,0.0,0.0,0.0,885.3960984238414,885.40元,0.0,705.7760848336719
2025-02-13T18:40:00,2025-02-13T18:50:00,2025-02-13,112,702.1254340525588,686.4301031816951,0.0,686.4301031816951,-15.6953308708637,0.0,686.4301031816951,1.2522,859.5477752041186,1.8782999999999999,0.0,6.261,0.0,0.0,0.0,859.5477752041186,859.55元,0.0,686.4301031816951
2025-02-13T18:50:00,2025-02-13T19:00:00,2025-02-13,113,45.38070846592575,45.38070846592575,0.0,45.38070846592575,0.0,0.0,45.38070846592575,1.2881,58.45489057495896,1.93215,0.0,6.4405,0.0,0.0,0.0,58.45489057495896,58.45元,0.0,45.38070846592575
2025-02-13T19:00:00,2025-02-13T19:10:00,2025-02-13,114,31.33333379274268,31.33333379274268,0.0,31.33333379274268,0.0,0.0,31.33333379274268,1.3466,42.19346728530729,2.0199,0.0,6.7330000000000005,0.0,0.0,0.0,42.19346728530729,42.19元,0.0,31.33333379274268
2025-02-13T19:10:00,2025-02-13T19:20:00,2025-02-13,115,20.81489643743282,20.81489643743282,0.0,20.81489643743282,0.0,0.0,20.81489643743282,1.3523,28.147984452340406,2.0284500000000003,0.0,6.7615,0.0,0.0,0.0,28.147984452340406,28.15元,0.0,20.81489643743282
2025-02-13T19:20:00,2025-02-13T19:30:00,2025-02-13,116,6.16752112141512,6.16752112141512,0.0,6.16752112141512,0.0,0.0,6.16752112141512,1.3445,8.292232147742629,2.01675,0.0,6.7225,0.0,0.0,0.0,8.292232147742629,8.29元,0.0,6.16752112141512
2025-02-13T19:30:00,2025-02-13T19:40:00,2025-02-13,117,0.0,0.0,0.0,0.0,0.0,0.0,0.0,1.3483,0.0,2.02245,0.0,6.7415,0.0,0.0,0.0,0.0,0.00元,0.0,0.0
2025-02-13T19:40:00,2025-02-13T19:50:00,2025-02-13,118,0.841901906761791,0.841901906761791,0.0,0.841901906761791,0.0,0.0,0.841901906761791,1.349,1.135725672221656,2.0235,0.0,6.745,0.0,0.0,0.0,1.135725672221656,1.14元,0.0,0.841901906761791
2025-02-13T19:50:00,2025-02-13T20:00:00,2025-02-13,119,0.0,0.0,0.0,0.0,0.0,0.0,0.0,1.3473,0.0,2.02095,0.0,6.7364999999999995,0.0,0.0,0.0,0.0,0.00元,0.0,0.0
2025-02-13T20:00:00,2025-02-13T20:10:00,2025-02-13,120,0.0,0.0,0.0,0.0,0.0,0.0,0.0,1.3482,0.0,2.0223,0.0,6.7410000000000005,0.0,0.0,0.0,0.0,0.00元,0.0,0.0
2025-02-13T20:10:00,2025-02-13T20:20:00,2025-02-13,121,0.0,0.0,0.0,0.0,0.0,0.0,0.0,1.3513,0.0,2.02695,0.0,6.7565,0.0,0.0,0.0,0.0,0.00元,0.0,0.0
2025-02-13T20:20:00,2025-02-13T20:30:00,2025-02-13,122,16.88606263590873,16.88606263590873,0.0,16.88606263590873,0.0,0.0,16.88606263590873,1.34,22.627323932117697,2.0100000000000002,0.0,6.7,0.0,0.0,0.0,22.627323932117697,22.63元,0.0,16.88606263590873
2025-02-13T20:30:00,2025-02-13T20:40:00,2025-02-13,123,19.116276997934392,19.116276997934392,0.0,19.116276997934392,0.0,0.0,19.116276997934392,1.3489,25.7859460425137,2.0233499999999998,0.0,6.7445,0.0,0.0,0.0,25.7859460425137,25.79元,0.0,19.116276997934392
2025-02-13T20:40:00,2025-02-13T20:50:00,2025-02-13,124,30.35217570799921,13.761155619981082,0.0,13.761155619981082,-16.591020088018126,0.0,13.761155619981082,1.3952,19.199564320997606,2.0928,0.0,6.976,0.0,0.0,0.0,19.199564320997606,19.20元,0.0,13.761155619981082
2025-02-13T20:50:00,2025-02-13T21:00:00,2025-02-13,125,723.8558690725268,711.2873641258891,0.0,711.2873641258891,-12.568504946637745,0.0,711.2873641258891,1.2226,869.619931380312,1.8338999999999999,0.0,6.1129999999999995,0.0,0.0,0.0,869.619931380312,869.62元,0.0,711.2873641258891
2025-02-13T21:00:00,2025-02-13T21:10:00,2025-02-13,126,728.7224449420495,723.1426517064212,0.0,723.1426517064212,-5.5797932356282445,0.0,723.1426517064212,0.9332,674.8367225724323,1.3998,0.0,4.666,0.0,0.0,0.0,674.8367225724323,674.84元,0.0,723.1426517064212
2025-02-13T21:10:00,2025-02-13T21:20:00,2025-02-13,127,751.5637517132316,746.1368198308763,0.0,746.1368198308763,-5.426931882355234,0.0,746.1368198308763,0.9068,676.5968682226387,1.3602,0.0,4.534000000000001,0.0,0.0,0.0,676.5968682226387,676.60元,0.0,746.1368198308763
2025-02-13T21:20:00,2025-02-13T21:30:00,2025-02-13,128,736.4234013711971,733.726741756645,0.0,733.726741756645,-2.696659614552118,0.0,733.726741756645,0.9371,687.575329700152,1.40565,0.0,4.6855,0.0,0.0,0.0,687.575329700152,687.58元,0.0,733.726741756645
2025-02-13T21:30:00,2025-02-13T21:40:00,2025-02-13,129,723.0546370918158,720.4318538774436,0.0,720.4318538774436,-2.622783214372248,0.0,720.4318538774436,0.9371,675.1166902685524,1.40565,0.0,4.6855,0.0,0.0,0.0,675.1166902685524,675.12元,0.0,720.4318538774436
2025-02-13T21:40:00,2025-02-13T21:50:00,2025-02-13,130,736.6276842722908,735.2879219682638,0.0,735.2879219682638,-1.3397623040269764,0.0,735.2879219682638,0.9871,725.8027077748732,1.48065,0.0,4.9355,0.0,0.0,0.0,725.8027077748732,725.80元,0.0,735.2879219682638
2025-02-13T21:50:00,2025-02-13T22:00:00,2025-02-13,131,682.7812292666206,682.7812292666206,0.0,682.7812292666206,0.0,0.0,682.7812292666206,0.7764,530.1113464026042,1.1646,0.0,3.8819999999999997,0.0,0.0,0.0,530.1113464026042,530.11元,0.0,682.7812292666206
2025-02-13T22:00:00,2025-02-13T22:10:00,2025-02-13,132,1405.3002377346525,1396.2949879578885,0.0,1396.2949879578885,-9.005249776764003,0.0,1396.2949879578885,0.4209,587.7005604314752,0.63135,0.0,2.1045,0.0,0.0,0.0,587.7005604314752,587.70元,33.77998796788847,1362.51499999
2025-02-13T22:10:00,2025-02-13T22:20:00,2025-02-13,133,1385.225605645866,1376.4670593954345,0.0,1376.4670593954345,-8.758546250431436,0.0,1376.4670593954345,0.3859,531.1786382206982,0.5788500000000001,0.0,1.9295,0.0,0.0,0.0,531.1786382206982,531.18元,28.641192738767806,1347.8258666566667
2025-02-13T22:20:00,2025-02-13T22:30:00,2025-02-13,134,562.6126895797521,562.6126895797521,0.0,562.6126895797521,0.0,0.0,562.6126895797521,0.4368,245.74922280843572,0.6552,0.0,2.184,0.0,0.0,0.0,245.74922280843572,245.75元,0.0,562.6126895797521
2025-02-13T22:30:00,2025-02-13T22:40:00,2025-02-13,135,1393.462216597467,1385.1769868380134,0.0,1385.1769868380134,-8.285229759453614,0.0,1385.1769868380134,0.4198,581.497299074598,0.6297,0.0,2.099,0.0,0.0,0.0,581.497299074598,581.50元,0.0,1385.1769868380134
2025-02-13T22:40:00,2025-02-13T22:50:00,2025-02-13,136,1408.998794651182,1400.9405430931997,0.0,1400.9405430931997,-8.058251557982203,0.0,1400.9405430931997,0.4186,586.4337113388134,0.6279,0.0,2.093,0.0,0.0,0.0,586.4337113388134,586.43元,0.0,1400.9405430931997
2025-02-13T22:50:00,2025-02-13T23:00:00,2025-02-13,137,1406.5153525527746,1398.8430168728123,0.0,1398.8430168728123,-7.672335679962316,0.0,1398.8430168728123,0.4241,593.2493234557596,0.63615,0.0,2.1205,0.0,0.0,0.0,593.2493234557596,593.25元,0.0,1398.8430168728123
2025-02-13T23:00:00,2025-02-13T23:10:00,2025-02-13,138,1391.0140167875984,1383.3912374234924,0.0,1383.3912374234924,-7.622779364106009,0.0,1383.3912374234924,0.4237,586.1428672963337,0.6355500000000001,0.0,2.1185,0.0,0.0,0.0,586.1428672963337,586.14元,0.041237433492361815,1383.34999999
2025-02-13T23:10:00,2025-02-13T23:20:00,2025-02-13,139,569.8678795490434,569.8678795490434,0.0,569.8678795490434,0.0,0.0,569.8678795490434,0.4248,242.07987523243366,0.6372,0.0,2.124,0.0,0.0,0.0,242.07987523243366,242.08元,0.0,569.8678795490434
2025-02-13T23:20:00,2025-02-13T23:30:00,2025-02-13,140,1401.7135857010262,1394.502745382163,0.0,1394.502745382163,-7.21084031886312,0.0,1394.502745382163,0.424,591.2691640420371,0.636,0.0,2.12,0.0,0.0,0.0,591.2691640420371,591.27元,7.74291205882968,1386.7598333233334
2025-02-13T23:30:00,2025-02-13T23:40:00,2025-02-13,141,1396.2393359612706,1389.2260403833734,0.0,1389.2260403833734,-7.013295577897225,0.0,1389.2260403833734,0.422,586.2533890417835,0.633,0.0,2.11,0.0,0.0,0.0,586.2533890417835,586.25元,0.0,1389.2260403833734
2025-02-13T23:40:00,2025-02-13T23:50:00,2025-02-13,142,1426.8006802629936,1419.9795175845904,0.0,1419.9795175845904,-6.821162678403198,0.0,1419.9795175845904,0.424,602.0713154558663,0.636,0.0,2.12,0.0,0.0,0.0,602.0713154558663,602.07元,5.764967594590408,1414.21454999
2025-02-13T23:50:00,2025-02-14T00:00:00,2025-02-13,143,539.3035360869007,539.3035360869007,0.0,539.3035360869007,0.0,0.0,539.3035360869007,0.4271,230.3365402627153,0.6406499999999999,0.0,2.1355,0.0,0.0,0.0,230.3365402627153,230.34元,0.0,539.3035360869007
2025-02-14T00:00:00,2025-02-14T00:10:00,2025-02-13,144,414.89396666666664,414.89396666666664,0.0,414.89396666666664,0.0,0.0,414.89396666666664,0.4276,177.40866014666665,0.6414,0.0,2.138,0.0,0.0,0.0,177.40866014666665,177.41元,0.0,414.89396666666664
2025-02-14T00:10:00,2025-02-14T00:20:00,2025-02-14,1,757.3587179178369,757.3587179178369,0.0,757.3587179178369,0.0,0.0,757.3587179178369,0.4248,321.72598337149714,0.6372,0.0,2.124,0.0,0.0,0.0,321.72598337149714,321.73元,0.0,757.3587179178369
2025-02-14T00:20:00,2025-02-14T00:30:00,2025-02-14,2,1257.9602594032358,1257.9602594032358,0.0,1257.9602594032358,0.0,0.0,1257.9602594032358,0.4245,534.0041301166735,0.6367499999999999,0.0,2.1225,0.0,0.0,0.0,534.0041301166735,534.00元,7.22575941323577,1250.7344999900001
2025-02-14T00:30:00,2025-02-14T00:40:00,2025-02-14,3,449.36364732193505,449.36364732193505,0.0,449.36364732193505,0.0,0.0,449.36364732193505,0.4269,191.83334104173406,0.64035,0.0,2.1345,0.0,0.0,0.0,191.83334104173406,191.83元,0.0,449.36364732193505
2025-02-14T00:40:00,2025-02-14T00:50:00,2025-02-14,4,428.13092912911134,428.13092912911134,0.0,428.13092912911134,0.0,0.0,428.13092912911134,0.4272,182.89753292395636,0.6408,0.0,2.136,0.0,0.0,0.0,182.89753292395636,182.90元,0.0,428.13092912911134
2025-02-14T00:50:00,2025-02-14T01:00:00,2025-02-14,5,406.29578123989455,406.29578123989455,0.0,406.29578123989455,0.0,0.0,406.29578123989455,0.4271,173.52892816755895,0.6406499999999999,0.0,2.1355,0.0,0.0,0.0,173.52892816755895,173.53元,0.0,406.29578123989455
2025-02-14T01:00:00,2025-02-14T01:10:00,2025-02-14,6,405.8017766062056,405.8017766062056,0.0,405.8017766062056,0.0,0.0,405.8017766062056,0.4285,173.8860612757591,0.6427499999999999,0.0,2.1425,0.0,0.0,0.0,173.8860612757591,173.89元,0.0,405.8017766062056
2025-02-14T01:10:00,2025-02-14T01:20:00,2025-02-14,7,410.47752814496664,410.47752814496664,0.0,410.47752814496664,0.0,0.0,410.47752814496664,0.4311,176.95686238329512,0.64665,0.0,2.1555,0.0,0.0,0.0,176.95686238329512,176.96元,0.0,410.47752814496664
2025-02-14T01:20:00,2025-02-14T01:30:00,2025-02-14,8,425.5680546637118,425.5680546637118,0.0,425.5680546637118,0.0,0.0,425.5680546637118,0.4302,183.07937711632883,0.6453,0.0,2.1510000000000002,0.0,0.0,0.0,183.07937711632883,183.08元,0.0,425.5680546637118
2025-02-14T01:30:00,2025-02-14T01:40:00,2025-02-14,9,447.717593450336,447.717593450336,0.0,447.717593450336,0.0,0.0,447.717593450336,0.4279,191.57835823739876,0.64185,0.0,2.1395,0.0,0.0,0.0,191.57835823739876,191.58元,0.0,447.717593450336
2025-02-14T01:40:00,2025-02-14T01:50:00,2025-02-14,10,460.7401595270523,460.7401595270523,0.0,460.7401595270523,0.0,0.0,460.7401595270523,0.4312,198.67115678806496,0.6468,0.0,2.156,0.0,0.0,0.0,198.67115678806496,198.67元,0.0,460.7401595270523
2025-02-14T01:50:00,2025-02-14T02:00:00,2025-02-14,11,455.8082807352908,455.8082807352908,0.0,455.8082807352908,0.0,0.0,455.8082807352908,0.4333,197.5017280426015,0.64995,0.0,2.1665,0.0,0.0,0.0,197.5017280426015,197.50元,0.0,455.8082807352908
2025-02-14T02:00:00,2025-02-14T02:10:00,2025-02-14,12,447.525321151606,447.525321151606,0.0,447.525321151606,0.0,0.0,447.525321151606,0.4311,192.92816594845735,0.64665,0.0,2.1555,0.0,0.0,0.0,192.92816594845735,192.93元,0.0,447.525321151606
2025-02-14T02:10:00,2025-02-14T02:20:00,2025-02-14,13,461.17792700132054,461.17792700132054,0.0,461.17792700132054,0.0,0.0,461.17792700132054,0.4293,197.9836840616669,0.64395,0.0,2.1465,0.0,0.0,0.0,197.9836840616669,197.98元,0.0,461.17792700132054
2025-02-14T02:20:00,2025-02-14T02:30:00,2025-02-14,14,479.62569090330277,479.62569090330277,0.0,479.62569090330277,0.0,0.0,479.62569090330277,0.4324,207.39014874658812,0.6486000000000001,0.0,2.162,0.0,0.0,0.0,207.39014874658812,207.39元,0.0,479.62569090330277
2025-02-14T02:30:00,2025-02-14T02:40:00,2025-02-14,15,487.85218861260523,487.85218861260523,0.0,487.85218861260523,0.0,0.0,487.85218861260523,0.4367,213.0450507671247,0.6550499999999999,0.0,2.1835,0.0,0.0,0.0,213.0450507671247,213.05元,0.0,487.85218861260523
2025-02-14T02:40:00,2025-02-14T02:50:00,2025-02-14,16,486.0253332610208,486.0253332610208,0.0,486.0253332610208,0.0,0.0,486.0253332610208,0.4348,211.32381490189186,0.6522,0.0,2.174,0.0,0.0,0.0,211.32381490189186,211.32元,0.0,486.0253332610208
2025-02-14T02:50:00,2025-02-14T03:00:00,2025-02-14,17,482.8774612622812,482.8774612622812,0.0,482.8774612622812,0.0,0.0,482.8774612622812,0.4335,209.3273794571989,0.65025,0.0,2.1675,0.0,0.0,0.0,209.3273794571989,209.33元,0.0,482.8774612622812
2025-02-14T03:00:00,2025-02-14T03:10:00,2025-02-14,18,482.1492832152874,482.1492832152874,0.0,482.1492832152874,0.0,0.0,482.1492832152874,0.4357,210.0724426969007,0.65355,0.0,2.1784999999999997,0.0,0.0,0.0,210.0724426969007,210.07元,0.0,482.1492832152874
2025-02-14T03:10:00,2025-02-14T03:20:00,2025-02-14,19,483.6713214720919,483.6713214720919,0.0,483.6713214720919,0.0,0.0,483.6713214720919,0.4374,211.55783601189302,0.6561,0.0,2.1870000000000003,0.0,0.0,0.0,211.55783601189302,211.56元,0.0,483.6713214720919
2025-02-14T03:20:00,2025-02-14T03:30:00,2025-02-14,20,498.5098335373513,498.5098335373513,0.0,498.5098335373513,0.0,0.0,498.5098335373513,0.4371,217.89864823917625,0.65565,0.0,2.1854999999999998,0.0,0.0,0.0,217.89864823917625,217.90元,0.0,498.5098335373513
2025-02-14T03:30:00,2025-02-14T03:40:00,2025-02-14,21,515.9424021326339,515.9424021326339,0.0,515.9424021326339,0.0,0.0,515.9424021326339,0.4356,224.7445103689753,0.6534,0.0,2.178,0.0,0.0,0.0,224.7445103689753,224.74元,0.0,515.9424021326339
2025-02-14T03:40:00,2025-02-14T03:50:00,2025-02-14,22,509.716867758967,509.716867758967,0.0,509.716867758967,0.0,0.0,509.716867758967,0.4353,221.87975253547833,0.65295,0.0,2.1765,0.0,0.0,0.0,221.87975253547833,221.88元,0.0,509.716867758967
2025-02-14T03:50:00,2025-02-14T04:00:00,2025-02-14,23,490.78683459100256,490.78683459100256,0.0,490.78683459100256,0.0,0.0,490.78683459100256,0.436,213.98305988167712,0.654,0.0,2.18,0.0,0.0,0.0,213.98305988167712,213.98元,0.0,490.78683459100256
2025-02-14T04:00:00,2025-02-14T04:10:00,2025-02-14,24,493.9463188695171,493.9463188695171,0.0,493.9463188695171,0.0,0.0,493.9463188695171,0.4378,216.2496984010746,0.6567000000000001,0.0,2.189,0.0,0.0,0.0,216.2496984010746,216.25元,0.0,493.9463188695171
2025-02-14T04:10:00,2025-02-14T04:20:00,2025-02-14,25,539.2305072922903,539.2305072922903,0.0,539.2305072922903,0.0,0.0,539.2305072922903,0.4401,237.31534625933696,0.66015,0.0,2.2005,0.0,0.0,0.0,237.31534625933696,237.32元,0.0,539.2305072922903
2025-02-14T04:20:00,2025-02-14T04:30:00,2025-02-14,26,536.1661929034076,536.1661929034076,0.0,536.1661929034076,0.0,0.0,536.1661929034076,0.4389,235.3233420653056,0.65835,0.0,2.1945,0.0,0.0,0.0,235.3233420653056,235.32元,0.0,536.1661929034076
2025-02-14T04:30:00,2025-02-14T04:40:00,2025-02-14,27,493.8502151476953,493.8502151476953,0.0,493.8502151476953,0.0,0.0,493.8502151476953,0.4364,215.51623389045423,0.6546000000000001,0.0,2.182,0.0,0.0,0.0,215.51623389045423,215.52元,0.0,493.8502151476953
2025-02-14T04:40:00,2025-02-14T04:50:00,2025-02-14,28,508.8783297194185,508.8783297194185,0.0,508.8783297194185,0.0,0.0,508.8783297194185,0.4393,223.55025024574056,0.65895,0.0,2.1965000000000003,0.0,0.0,0.0,223.55025024574056,223.55元,0.0,508.8783297194185
2025-02-14T04:50:00,2025-02-14T05:00:00,2025-02-14,29,521.8783338016771,521.8783338016771,0.0,521.8783338016771,0.0,0.0,521.8783338016771,0.4422,230.77459920710157,0.6633,0.0,2.211,0.0,0.0,0.0,230.77459920710157,230.77元,0.0,521.8783338016771
2025-02-14T05:00:00,2025-02-14T05:10:00,2025-02-14,30,511.61536157401724,511.61536157401724,0.0,511.61536157401724,0.0,0.0,511.61536157401724,0.4395,224.85495141178058,0.65925,0.0,2.1975,0.0,0.0,0.0,224.85495141178058,224.85元,0.0,511.61536157401724
2025-02-14T05:10:00,2025-02-14T05:20:00,2025-02-14,31,518.5706994122996,518.5706994122996,0.0,518.5706994122996,0.0,0.0,518.5706994122996,0.4333,224.69668405534944,0.64995,0.0,2.1665,0.0,0.0,0.0,224.69668405534944,224.70元,0.0,518.5706994122996
2025-02-14T05:20:00,2025-02-14T05:30:00,2025-02-14,32,517.8779110380813,517.8779110380813,0.0,517.8779110380813,0.0,0.0,517.8779110380813,0.4439,229.88600470980427,0.66585,0.0,2.2195,0.0,0.0,0.0,229.88600470980427,229.89元,0.0,517.8779110380813
2025-02-14T05:30:00,2025-02-14T05:40:00,2025-02-14,33,510.66104718912595,510.66104718912595,0.0,510.66104718912595,0.0,0.0,510.66104718912595,0.4301,219.63531639604307,0.64515,0.0,2.1505,0.0,0.0,0.0,219.63531639604307,219.64元,0.0,510.66104718912595
2025-02-14T05:40:00,2025-02-14T05:50:00,2025-02-14,34,1357.331697466242,1357.331697466242,0.0,1357.331697466242,0.0,0.0,1357.331697466242,0.3713,503.9772592692157,0.5569500000000001,0.0,1.8565,0.0,0.0,0.0,503.9772592692157,503.98元,0.0,1357.331697466242
2025-02-14T05:50:00,2025-02-14T06:00:00,2025-02-14,35,0.0,0.0,0.0,0.0,0.0,0.0,0.0,0.5708,0.0,0.8562,0.0,2.854,0.0,0.0,0.0,0.0,0.00元,0.0,0.0
2025-02-14T06:00:00,2025-02-14T06:10:00,2025-02-14,36,0.0,0.0,0.0,0.0,0.0,0.0,0.0,0.9099,0.0,1.3648500000000001,0.0,4.5495,0.0,0.0,0.0,0.0,0.00元,0.0,0.0
2025-02-14T06:10:00,2025-02-14T06:20:00,2025-02-14,37,0.0,0.0,0.0,0.0,0.0,0.0,0.0,0.9368,0.0,1.4052,0.0,4.684,0.0,0.0,0.0,0.0,0.00元,0.0,0.0
2025-02-14T06:20:00,2025-02-14T06:30:00,2025-02-14,38,0.0,0.0,0.0,0.0,0.0,0.0,0.0,0.8758,0.0,1.3137,0.0,4.3790000000000004,0.0,0.0,0.0,0.0,0.00元,0.0,0.0
2025-02-14T06:30:00,2025-02-14T06:40:00,2025-02-14,39,0.0,0.0,0.0,0.0,0.0,0.0,0.0,0.8759,0.0,1.31385,0.0,4.3795,0.0,0.0,0.0,0.0,0.00元,0.0,0.0
2025-02-14T06:40:00,2025-02-14T06:50:00,2025-02-14,40,0.0,0.0,0.0,0.0,0.0,0.0,0.0,0.8601,0.0,1.29015,0.0,4.3004999999999995,0.0,0.0,0.0,0.0,0.00元,0.0,0.0
2025-02-14T06:50:00,2025-02-14T07:00:00,2025-02-14,41,0.0,0.0,0.0,0.0,0.0,0.0,0.0,0.8442,0.0,1.2663,0.0,4.221,0.0,0.0,0.0,0.0,0.00元,0.0,0.0
2025-02-14T07:00:00,2025-02-14T07:10:00,2025-02-14,42,0.0,0.0,0.0,0.0,0.0,0.0,0.0,0.8334,0.0,1.2501,0.0,4.167,0.0,0.0,0.0,0.0,0.00元,0.0,0.0
2025-02-14T07:10:00,2025-02-14T07:20:00,2025-02-14,43,0.0,0.0,0.0,0.0,0.0,0.0,0.0,0.8092,0.0,1.2138,0.0,4.046,0.0,0.0,0.0,0.0,0.00元,0.0,0.0
2025-02-14T07:20:00,2025-02-14T07:30:00,2025-02-14,44,0.0,0.0,0.0,0.0,0.0,0.0,0.0,0.7972,0.0,1.1958,0.0,3.986,0.0,0.0,0.0,0.0,0.00元,0.0,0.0
2025-02-14T07:30:00,2025-02-14T07:40:00,2025-02-14,45,0.0,0.0,0.0,0.0,0.0,0.0,0.0,0.7644,0.0,1.1465999999999998,0.0,3.822,0.0,0.0,0.0,0.0,0.00元,0.0,0.0
2025-02-14T07:40:00,2025-02-14T07:50:00,2025-02-14,46,0.0,0.0,0.0,0.0,0.0,0.0,0.0,0.6899,0.0,1.03485,0.0,3.4494999999999996,0.0,0.0,0.0,0.0,0.00元,0.0,0.0
2025-02-14T07:50:00,2025-02-14T08:00:00,2025-02-14,47,0.0,0.0,0.0,0.0,0.0,0.0,0.0,0.86,0.0,1.29,0.0,4.3,0.0,0.0,0.0,0.0,0.00元,0.0,0.0
2025-02-14T08:00:00,2025-02-14T08:10:00,2025-02-14,48,0.0,0.0,0.0,0.0,0.0,0.0,0.0,1.1617,0.0,1.74255,0.0,5.8084999999999996,0.0,0.0,0.0,0.0,0.00元,0.0,0.0
2025-02-14T08:10:00,2025-02-14T08:20:00,2025-02-14,49,0.0,0.0,0.0,0.0,0.0,0.0,0.0,1.1683,0.0,1.7524499999999998,0.0,5.8415,0.0,0.0,0.0,0.0,0.00元,0.0,0.0
2025-02-14T08:20:00,2025-02-14T08:30:00,2025-02-14,50,0.0,0.0,0.0,0.0,0.0,0.0,0.0,1.0956,0.0,1.6433999999999997,0.0,5.478,0.0,0.0,0.0,0.0,0.00元,0.0,0.0
2025-02-14T08:30:00,2025-02-14T08:40:00,2025-02-14,51,0.0,0.0,0.0,0.0,0.0,0.0,0.0,1.0849,0.0,1.6273499999999999,0.0,5.4245,0.0,0.0,0.0,0.0,0.00元,0.0,0.0
2025-02-14T08:40:00,2025-02-14T08:50:00,2025-02-14,52,0.0,0.0,0.0,0.0,0.0,0.0,0.0,1.061,0.0,1.5915,0.0,5.305,0.0,0.0,0.0,0.0,0.00元,0.0,0.0
2025-02-14T08:50:00,2025-02-14T09:00:00,2025-02-14,53,0.0,0.0,0.0,0.0,0.0,0.0,0.0,1.043,0.0,1.5644999999999998,0.0,5.215,0.0,0.0,0.0,0.0,0.00元,0.0,0.0
2025-02-14T09:00:00,2025-02-14T09:10:00,2025-02-14,54,0.0,0.0,0.0,0.0,0.0,0.0,0.0,1.036,0.0,1.554,0.0,5.18,0.0,0.0,0.0,0.0,0.00元,0.0,0.0
2025-02-14T09:10:00,2025-02-14T09:20:00,2025-02-14,55,0.0,0.0,0.0,0.0,0.0,0.0,0.0,1.0147,0.0,1.52205,0.0,5.073499999999999,0.0,0.0,0.0,0.0,0.00元,0.0,0.0
2025-02-14T09:20:00,2025-02-14T09:30:00,2025-02-14,56,0.0,0.0,0.0,0.0,0.0,0.0,0.0,0.9922,0.0,1.4883,0.0,4.961,0.0,0.0,0.0,0.0,0.00元,0.0,0.0
2025-02-14T09:30:00,2025-02-14T09:40:00,2025-02-14,57,0.0,0.0,0.0,0.0,0.0,0.0,0.0,0.97,0.0,1.455,0.0,4.85,0.0,0.0,0.0,0.0,0.00元,0.0,0.0
2025-02-14T09:40:00,2025-02-14T09:50:00,2025-02-14,58,0.0,0.0,0.0,0.0,0.0,0.0,0.0,0.9422,0.0,1.4133,0.0,4.711,0.0,0.0,0.0,0.0,0.00元,0.0,0.0
2025-02-14T09:50:00,2025-02-14T10:00:00,2025-02-14,59,0.0,0.0,0.0,0.0,0.0,0.0,0.0,0.9569,0.0,1.43535,0.0,4.7844999999999995,0.0,0.0,0.0,0.0,0.00元,0.0,0.0
2025-02-14T10:00:00,2025-02-14T10:10:00,2025-02-14,60,0.0,0.0,0.0,0.0,0.0,0.0,0.0,0.9977,0.0,1.49655,0.0,4.9885,0.0,0.0,0.0,0.0,0.00元,0.0,0.0
2025-02-14T10:10:00,2025-02-14T10:20:00,2025-02-14,61,0.0,0.0,0.0,0.0,0.0,0.0,0.0,0.9919,0.0,1.48785,0.0,4.9595,0.0,0.0,0.0,0.0,0.00元,0.0,0.0
2025-02-14T10:20:00,2025-02-14T10:30:00,2025-02-14,62,0.0,0.0,0.0,0.0,0.0,0.0,0.0,0.9588,0.0,1.4382,0.0,4.794,0.0,0.0,0.0,0.0,0.00元,0.0,0.0
2025-02-14T10:30:00,2025-02-14T10:40:00,2025-02-14,63,0.0,0.0,0.0,0.0,0.0,0.0,0.0,0.9549,0.0,1.43235,0.0,4.7745,0.0,0.0,0.0,0.0,0.00元,0.0,0.0
2025-02-14T10:40:00,2025-02-14T10:50:00,2025-02-14,64,0.0,0.0,0.0,0.0,0.0,0.0,0.0,0.9839,0.0,1.4758499999999999,0.0,4.9195,0.0,0.0,0.0,0.0,0.00元,0.0,0.0
2025-02-14T10:50:00,2025-02-14T11:00:00,2025-02-14,65,0.0,0.0,0.0,0.0,0.0,0.0,0.0,0.799,0.0,1.1985000000000001,0.0,3.995,0.0,0.0,0.0,0.0,0.00元,0.0,0.0
2025-02-14T11:00:00,2025-02-14T11:10:00,2025-02-14,66,0.0,0.0,0.0,0.0,0.0,0.0,0.0,0.5025,0.0,0.7537499999999999,0.0,2.5124999999999997,0.0,0.0,0.0,0.0,0.00元,0.0,0.0
2025-02-14T11:10:00,2025-02-14T11:20:00,2025-02-14,67,0.0,0.0,0.0,0.0,0.0,0.0,0.0,0.4662,0.0,0.6993,0.0,2.331,0.0,0.0,0.0,0.0,0.00元,0.0,0.0
2025-02-14T11:20:00,2025-02-14T11:30:00,2025-02-14,68,0.0,0.0,0.0,0.0,0.0,0.0,0.0,0.5007,0.0,0.75105,0.0,2.5035000000000003,0.0,0.0,0.0,0.0,0.00元,0.0,0.0
2025-02-14T11:30:00,2025-02-14T11:40:00,2025-02-14,69,0.0,0.0,0.0,0.0,0.0,0.0,0.0,0.4827,0.0,0.7240500000000001,0.0,2.4135,0.0,0.0,0.0,0.0,0.00元,0.0,0.0
2025-02-14T11:40:00,2025-02-14T11:50:00,2025-02-14,70,0.0,0.0,0.0,0.0,0.0,0.0,0.0,0.4785,0.0,0.71775,0.0,2.3925,0.0,0.0,0.0,0.0,0.00元,0.0,0.0
2025-02-14T11:50:00,2025-02-14T12:00:00,2025-02-14,71,0.0,0.0,0.0,0.0,0.0,0.0,0.0,0.4662,0.0,0.6993,0.0,2.331,0.0,0.0,0.0,0.0,0.00元,0.0,0.0
2025-02-14T12:00:00,2025-02-14T12:10:00,2025-02-14,72,0.0,0.0,0.0,0.0,0.0,0.0,0.0,0.4432,0.0,0.6648,0.0,2.2159999999999997,0.0,138.56593367853998,30.706210903164457,30.706210903164457,30.71元,0.0,0.0
2025-02-14T12:10:00,2025-02-14T12:20:00,2025-02-14,73,0.0,0.0,268.400970009111,268.400970009111,268.400970009111,0.0,268.400970009111,0.4411,0.0,0.66165,177.58750180652828,2.2055,0.0,0.0,0.0,177.58750180652828,177.59元,0.0,268.400970009111
2025-02-14T12:20:00,2025-02-14T12:30:00,2025-02-14,74,0.0,0.0,0.0,0.0,0.0,0.0,0.0,0.4551,0.0,0.68265,0.0,2.2755,0.0,0.0,0.0,0.0,0.00元,0.0,0.0
2025-02-14T12:30:00,2025-02-14T12:40:00,2025-02-14,75,0.0,0.0,0.0,0.0,0.0,0.0,0.0,0.4463,0.0,0.66945,0.0,2.2315,0.0,0.0,0.0,0.0,0.00元,0.0,0.0
2025-02-14T12:40:00,2025-02-14T12:50:00,2025-02-14,76,0.0,0.0,311.7932426621412,311.7932426621412,311.7932426621412,0.0,311.7932426621412,0.4113,0.0,0.61695,192.360841060408,2.0564999999999998,0.0,0.0,0.0,192.360841060408,192.36元,0.0,311.7932426621412
2025-02-14T12:50:00,2025-02-14T13:00:00,2025-02-14,77,0.0,0.0,0.0,0.0,0.0,0.0,0.0,0.5682,0.0,0.8523000000000001,0.0,2.841,0.0,0.0,0.0,0.0,0.00元,0.0,0.0
2025-02-14T13:00:00,2025-02-14T13:10:00,2025-02-14,78,0.0,0.0,0.0,0.0,0.0,0.0,0.0,0.8279,0.0,1.24185,0.0,4.1395,0.0,0.0,0.0,0.0,0.00元,0.0,0.0
2025-02-14T13:10:00,2025-02-14T13:20:00,2025-02-14,79,0.0,0.0,0.0,0.0,0.0,0.0,0.0,0.8636,0.0,1.2954,0.0,4.3180000000000005,0.0,0.0,0.0,0.0,0.00元,0.0,0.0
2025-02-14T13:20:00,2025-02-14T13:30:00,2025-02-14,80,0.0,0.0,0.0,0.0,0.0,0.0,0.0,0.8416,0.0,1.2624,0.0,4.208,0.0,0.0,0.0,0.0,0.00元,0.0,0.0
2025-02-14T13:30:00,2025-02-14T13:40:00,2025-02-14,81,0.0,0.0,0.0,0.0,0.0,0.0,0.0,0.8618,0.0,1.2927,0.0,4.309,0.0,0.0,0.0,0.0,0.00元,0.0,0.0
2025-02-14T13:40:00,2025-02-14T13:50:00,2025-02-14,82,0.0,0.0,0.0,0.0,0.0,0.0,0.0,0.8623,0.0,1.29345,0.0,4.3115,0.0,0.0,0.0,0.0,0.00元,0.0,0.0
2025-02-14T13:50:00,2025-02-14T14:00:00,2025-02-14,83,0.0,0.0,0.0,0.0,0.0,0.0,0.0,0.9026,0.0,1.3538999999999999,0.0,4.513,0.0,0.0,0.0,0.0,0.00元,0.0,0.0
2025-02-14T14:00:00,2025-02-14T14:10:00,2025-02-14,84,0.0,0.0,0.0,0.0,0.0,0.0,0.0,0.9754,0.0,1.4631,0.0,4.877000000000001,0.0,0.0,0.0,0.0,0.00元,0.0,0.0
2025-02-14T14:10:00,2025-02-14T14:20:00,2025-02-14,85,0.0,0.0,0.0,0.0,0.0,0.0,0.0,1.0002,0.0,1.5003,0.0,5.0009999999999994,0.0,0.0,0.0,0.0,0.00元,0.0,0.0
2025-02-14T14:20:00,2025-02-14T14:30:00,2025-02-14,86,0.0,0.0,0.0,0.0,0.0,0.0,0.0,0.9978,0.0,1.4967000000000001,0.0,4.989,0.0,0.0,0.0,0.0,0.00元,0.0,0.0
2025-02-14T14:30:00,2025-02-14T14:40:00,2025-02-14,87,0.0,0.0,0.0,0.0,0.0,0.0,0.0,1.0271,0.0,1.5406499999999999,0.0,5.1354999999999995,0.0,0.0,0.0,0.0,0.00元,0.0,0.0
2025-02-14T14:40:00,2025-02-14T14:50:00,2025-02-14,88,0.0,0.0,0.0,0.0,0.0,0.0,0.0,1.0906,0.0,1.6359,0.0,5.453,0.0,0.0,0.0,0.0,0.00元,0.0,0.0
2025-02-14T14:50:00,2025-02-14T15:00:00,2025-02-14,89,0.0,0.0,0.0,0.0,0.0,0.0,0.0,0.9376,0.0,1.4064,0.0,4.688,0.0,0.0,0.0,0.0,0.00元,0.0,0.0
2025-02-14T15:00:00,2025-02-14T15:10:00,2025-02-14,90,39.411277947483995,39.411277947483995,50.89055558471398,90.30183353219797,50.89055558471398,0.0,90.30183353219797,0.6694,26.381909458045786,1.0041,51.099206862611304,3.347,0.0,0.0,0.0,77.4811163206571,77.48元,0.0,90.30183353219797
2025-02-14T15:10:00,2025-02-14T15:20:00,2025-02-14,91,46.16783639100299,46.16783639100299,51.96958189685199,98.13741828785498,51.96958189685199,0.0,98.13741828785498,0.66,30.470772018061975,0.99,51.44988607788348,3.3000000000000003,0.0,0.0,0.0,81.92065809594546,81.92元,0.0,98.13741828785498
2025-02-14T15:20:00,2025-02-14T15:30:00,2025-02-14,92,52.19265884213587,52.19265884213587,53.38185475583782,105.57451359797369,53.38185475583782,0.0,105.57451359797369,0.7217,37.66744188636946,1.08255,57.78852686593223,3.6085000000000003,0.0,0.0,0.0,95.45596875230169,95.46元,0.0,105.57451359797369
2025-02-14T15:30:00,2025-02-14T15:40:00,2025-02-14,93,66.49849763322572,66.49849763322572,54.86216633071513,121.36066396394085,54.86216633071513,0.0,121.36066396394085,0.7308,48.59710207036136,1.0962,60.13990673172992,3.654,0.0,0.0,0.0,108.73700880209128,108.74元,0.0,121.36066396394085
2025-02-14T15:40:00,2025-02-14T15:50:00,2025-02-14,94,109.47496276404183,109.47496276404183,56.297112630947026,165.77207539498886,56.297112630947026,0.0,165.77207539498886,0.7534,82.47843694642911,1.1300999999999999,63.621366984233234,3.767,0.0,0.0,0.0,146.09980393066235,146.10元,0.0,165.77207539498886
2025-02-14T15:50:00,2025-02-14T16:00:00,2025-02-14,95,131.5026746600509,131.5026746600509,57.820482781272005,189.3231574413229,57.820482781272005,0.0,189.3231574413229,0.7823,102.87454238655782,1.1734499999999999,67.84944551968364,3.9115,0.0,0.0,0.0,170.72398790624146,170.72元,0.0,189.3231574413229
2025-02-14T16:00:00,2025-02-14T16:10:00,2025-02-14,96,354.28828171523713,354.28828171523713,7.821022551415751,362.1093042666529,7.821022551415751,0.0,362.1093042666529,0.8055,285.3792109216235,1.20825,9.44975049774808,4.0275,0.0,0.0,0.0,294.82896141937164,294.83元,0.0,362.1093042666529
2025-02-14T16:10:00,2025-02-14T16:20:00,2025-02-14,97,366.4324460775923,366.4324460775923,9.352689383447512,375.78513546103983,9.352689383447512,0.0,375.78513546103983,0.8271,303.0762761507766,1.24065,11.603414083574155,4.1354999999999995,0.0,0.0,0.0,314.67969023435074,314.68元,0.0,375.78513546103983
2025-02-14T16:20:00,2025-02-14T16:30:00,2025-02-14,98,403.0128609439639,403.0128609439639,10.815430745220453,413.82829168918437,10.815430745220453,0.0,413.82829168918437,0.8519,343.32665623816285,1.27785,13.820498177779957,4.2595,0.0,0.0,0.0,357.1471544159428,357.15元,0.0,413.82829168918437
2025-02-14T16:30:00,2025-02-14T16:40:00,2025-02-14,99,443.759082200822,443.759082200822,12.274687157724259,456.03376935854624,12.274687157724259,0.0,456.03376935854624,0.8791,390.1086091627426,1.3186499999999999,16.186016220533094,4.3955,0.0,0.0,0.0,406.2946253832757,406.29元,0.0,456.03376935854624
2025-02-14T16:40:00,2025-02-14T16:50:00,2025-02-14,100,452.69246145171724,452.69246145171724,13.763025370059154,466.4554868217764,13.763025370059154,0.0,466.4554868217764,0.9024,408.50967721402964,1.3536,18.62963114091207,4.512,0.0,0.0,0.0,427.1393083549417,427.14元,0.0,466.4554868217764
2025-02-14T16:50:00,2025-02-14T17:00:00,2025-02-14,101,401.7972581563608,401.7972581563608,13.682824563473673,415.48008271983446,13.682824563473673,0.0,415.48008271983446,0.9163,368.1668276486734,1.37445,18.80635822126639,4.5815,0.0,0.0,0.0,386.97318586993975,386.97元,0.0,415.48008271983446
2025-02-14T17:00:00,2025-02-14T17:10:00,2025-02-14,102,411.2898100941506,411.2898100941506,0.0,411.2898100941506,0.0,0.0,411.2898100941506,0.9264,381.01888007122113,1.3896,0.0,4.632,0.0,0.0,0.0,381.01888007122113,381.02元,0.0,411.2898100941506
2025-02-14T17:10:00,2025-02-14T17:20:00,2025-02-14,103,417.3007131671872,417.3007131671872,0.0,417.3007131671872,0.0,0.0,417.3007131671872,0.9462,394.84993479879256,1.4193,0.0,4.731,0.0,0.0,0.0,394.84993479879256,394.85元,0.0,417.3007131671872
2025-02-14T17:20:00,2025-02-14T17:30:00,2025-02-14,104,441.1321723003517,441.1321723003517,0.6686557251379668,441.8008280254897,0.6686557251379668,0.0,441.8008280254897,0.9742,429.7509622550026,1.4613,0.9771066111441108,4.8709999999999996,0.0,0.0,0.0,430.7280688661467,430.73元,0.0,441.8008280254897
2025-02-14T17:30:00,2025-02-14T17:40:00,2025-02-14,105,438.4539479298287,438.4539479298287,1.009134878109478,439.4630828079382,1.009134878109478,0.0,439.4630828079382,0.9862,432.4032834483971,1.4792999999999998,1.4928132251873507,4.931,0.0,0.0,0.0,433.8960966735844,433.90元,0.0,439.4630828079382
2025-02-14T17:40:00,2025-02-14T17:50:00,2025-02-14,106,418.01120678186567,418.01120678186567,0.9814891004635911,418.99269588232926,0.9814891004635911,0.0,418.99269588232926,0.976,407.9789378191009,1.464,1.4369000430786973,4.88,0.0,0.0,0.0,409.41583786217956,409.42元,0.0,418.99269588232926
2025-02-14T17:50:00,2025-02-14T18:00:00,2025-02-14,107,190.80205046859157,190.80205046859157,41.66698473401772,232.4690352026093,41.66698473401772,0.0,232.4690352026093,1.0742,204.95956261336107,1.6113,67.13801250192274,5.371,0.0,0.0,0.0,272.0975751152838,272.10元,0.0,232.4690352026093
2025-02-14T18:00:00,2025-02-14T18:10:00,2025-02-14,108,0.0,0.0,0.0,0.0,0.0,0.0,0.0,1.2313,0.0,1.84695,0.0,6.1565,0.0,28.390963957731458,17.478896960577373,17.478896960577373,17.48元,0.0,0.0
2025-02-14T18:10:00,2025-02-14T18:20:00,2025-02-14,109,0.0,0.0,0.0,0.0,0.0,0.0,0.0,1.2561,0.0,1.88415,0.0,6.2805,0.0,0.0,0.0,0.0,0.00元,0.0,0.0
2025-02-14T18:20:00,2025-02-14T18:30:00,2025-02-14,110,0.0,0.0,0.0,0.0,0.0,0.0,0.0,1.2447,0.0,1.8670499999999999,0.0,6.2235,0.0,0.0,0.0,0.0,0.00元,0.0,0.0
2025-02-14T18:30:00,2025-02-14T18:40:00,2025-02-14,111,0.0,0.0,0.0,0.0,0.0,0.0,0.0,1.2545,0.0,1.8817499999999998,0.0,6.2725,0.0,0.0,0.0,0.0,0.00元,0.0,0.0
2025-02-14T18:40:00,2025-02-14T18:50:00,2025-02-14,112,0.0,0.0,0.0,0.0,0.0,0.0,0.0,1.2522,0.0,1.8782999999999999,0.0,6.261,0.0,0.0,0.0,0.0,0.00元,0.0,0.0
2025-02-14T18:50:00,2025-02-14T19:00:00,2025-02-14,113,0.0,0.0,0.0,0.0,0.0,0.0,0.0,1.2881,0.0,1.93215,0.0,6.4405,0.0,0.0,0.0,0.0,0.00元,0.0,0.0
2025-02-14T19:00:00,2025-02-14T19:10:00,2025-02-14,114,0.0,0.0,0.0,0.0,0.0,0.0,0.0,1.3466,0.0,2.0199,0.0,6.7330000000000005,0.0,0.0,0.0,0.0,0.00元,0.0,0.0
2025-02-14T19:10:00,2025-02-14T19:20:00,2025-02-14,115,0.0,0.0,0.0,0.0,0.0,0.0,0.0,1.3523,0.0,2.0284500000000003,0.0,6.7615,0.0,0.0,0.0,0.0,0.00元,0.0,0.0
2025-02-14T19:20:00,2025-02-14T19:30:00,2025-02-14,116,0.0,0.0,0.0,0.0,0.0,0.0,0.0,1.3445,0.0,2.01675,0.0,6.7225,0.0,0.0,0.0,0.0,0.00元,0.0,0.0
2025-02-14T19:30:00,2025-02-14T19:40:00,2025-02-14,117,0.0,0.0,0.0,0.0,0.0,0.0,0.0,1.3483,0.0,2.02245,0.0,6.7415,0.0,0.0,0.0,0.0,0.00元,0.0,0.0
2025-02-14T19:40:00,2025-02-14T19:50:00,2025-02-14,118,0.0,0.0,0.0,0.0,0.0,0.0,0.0,1.349,0.0,2.0235,0.0,6.745,0.0,0.0,0.0,0.0,0.00元,0.0,0.0
2025-02-14T19:50:00,2025-02-14T20:00:00,2025-02-14,119,0.0,0.0,0.0,0.0,0.0,0.0,0.0,1.3473,0.0,2.02095,0.0,6.7364999999999995,0.0,0.0,0.0,0.0,0.00元,0.0,0.0
2025-02-14T20:00:00,2025-02-14T20:10:00,2025-02-14,120,0.0,0.0,0.0,0.0,0.0,0.0,0.0,1.3482,0.0,2.0223,0.0,6.7410000000000005,0.0,0.0,0.0,0.0,0.00元,0.0,0.0
2025-02-14T20:10:00,2025-02-14T20:20:00,2025-02-14,121,0.0,0.0,0.0,0.0,0.0,0.0,0.0,1.3513,0.0,2.02695,0.0,6.7565,0.0,0.0,0.0,0.0,0.00元,0.0,0.0
2025-02-14T20:20:00,2025-02-14T20:30:00,2025-02-14,122,0.0,0.0,0.0,0.0,0.0,0.0,0.0,1.34,0.0,2.0100000000000002,0.0,6.7,0.0,0.0,0.0,0.0,0.00元,0.0,0.0
2025-02-14T20:30:00,2025-02-14T20:40:00,2025-02-14,123,0.0,0.0,0.0,0.0,0.0,0.0,0.0,1.3489,0.0,2.0233499999999998,0.0,6.7445,0.0,0.0,0.0,0.0,0.00元,0.0,0.0
2025-02-14T20:40:00,2025-02-14T20:50:00,2025-02-14,124,0.0,0.0,0.0,0.0,0.0,0.0,0.0,1.3952,0.0,2.0928,0.0,6.976,0.0,0.0,0.0,0.0,0.00元,0.0,0.0
2025-02-14T20:50:00,2025-02-14T21:00:00,2025-02-14,125,0.0,0.0,112.40029563923429,112.40029563923429,112.40029563923429,0.0,112.40029563923429,1.2226,0.0,1.8338999999999999,206.13090217279174,6.1129999999999995,0.0,0.0,0.0,206.13090217279174,206.13元,0.0,112.40029563923429
2025-02-14T21:00:00,2025-02-14T21:10:00,2025-02-14,126,463.44356191675183,463.44356191675183,0.0,463.44356191675183,0.0,0.0,463.44356191675183,0.9332,432.48553198071284,1.3998,0.0,4.666,0.0,0.0,0.0,432.48553198071284,432.49元,0.0,463.44356191675183
2025-02-14T21:10:00,2025-02-14T21:20:00,2025-02-14,127,467.95676054150294,467.95676054150294,0.0,467.95676054150294,0.0,0.0,467.95676054150294,0.9068,424.3431904590349,1.3602,0.0,4.534000000000001,0.0,0.0,0.0,424.3431904590349,424.34元,0.0,467.95676054150294
2025-02-14T21:20:00,2025-02-14T21:30:00,2025-02-14,128,481.1600310283424,481.1600310283424,0.0,481.1600310283424,0.0,0.0,481.1600310283424,0.9371,450.8950650766597,1.40565,0.0,4.6855,0.0,0.0,0.0,450.8950650766597,450.90元,0.0,481.1600310283424
2025-02-14T21:30:00,2025-02-14T21:40:00,2025-02-14,129,489.3295882460895,489.3295882460895,0.0,489.3295882460895,0.0,0.0,489.3295882460895,0.9371,458.5507571454105,1.40565,0.0,4.6855,0.0,0.0,0.0,458.5507571454105,458.55元,0.0,489.3295882460895
2025-02-14T21:40:00,2025-02-14T21:50:00,2025-02-14,130,473.2335733581468,473.2335733581468,0.0,473.2335733581468,0.0,0.0,473.2335733581468,0.9871,467.12886026182673,1.48065,0.0,4.9355,0.0,0.0,0.0,467.12886026182673,467.13元,0.0,473.2335733581468
2025-02-14T21:50:00,2025-02-14T22:00:00,2025-02-14,131,432.5892380555338,432.5892380555338,0.0,432.5892380555338,0.0,0.0,432.5892380555338,0.7764,335.8622844263165,1.1646,0.0,3.8819999999999997,0.0,0.0,0.0,335.8622844263165,335.86元,0.0,432.5892380555338
2025-02-14T22:00:00,2025-02-14T22:10:00,2025-02-14,132,1211.5964431660786,1208.837470588689,0.0,1208.837470588689,-2.7589725773896134,0.0,1208.837470588689,0.4209,508.7996913707792,0.63135,0.0,2.1045,0.0,0.0,0.0,508.7996913707792,508.80元,20.602470598689017,1188.23499999
2025-02-14T22:10:00,2025-02-14T22:20:00,2025-02-14,133,1198.113400496166,1195.4300114151556,0.0,1195.4300114151556,-2.6833890810103185,0.0,1195.4300114151556,0.3859,461.31644140510855,0.5788500000000001,0.0,1.9295,0.0,0.0,0.0,461.31644140510855,461.32元,0.0,1195.4300114151556
2025-02-14T22:20:00,2025-02-14T22:30:00,2025-02-14,134,392.47331480228644,392.47331480228644,0.0,392.47331480228644,0.0,0.0,392.47331480228644,0.4368,171.43234390563873,0.6552,0.0,2.184,0.0,0.0,0.0,171.43234390563873,171.43元,0.0,392.47331480228644
2025-02-14T22:30:00,2025-02-14T22:40:00,2025-02-14,135,1248.4061436670718,1245.8677663571289,0.0,1245.8677663571289,-2.5383773099429163,0.0,1245.8677663571289,0.4198,523.0152883167227,0.6297,0.0,2.099,0.0,0.0,0.0,523.0152883167227,523.02元,49.18943303379546,1196.6783333233334
2025-02-14T22:40:00,2025-02-14T22:50:00,2025-02-14,136,1231.1854079129052,1228.7165707766442,0.0,1228.7165707766442,-2.4688371362610724,0.0,1228.7165707766442,0.4186,514.3407565271033,0.6279,0.0,2.093,0.0,0.0,0.0,514.3407565271033,514.34元,4.031004119977516,1224.6855666566667
2025-02-14T22:50:00,2025-02-14T23:00:00,2025-02-14,137,1222.028585160665,1219.718227885819,0.0,1219.718227885819,-2.3103572748459555,0.0,1219.718227885819,0.4241,517.2825004463758,0.63615,0.0,2.1205,0.0,0.0,0.0,517.2825004463758,517.28元,0.0,1219.718227885819
2025-02-14T23:00:00,2025-02-14T23:10:00,2025-02-14,138,1234.7923653846487,1232.456945518414,0.0,1232.456945518414,-2.3354198662348153,0.0,1232.456945518414,0.4237,522.192007816152,0.6355500000000001,0.0,2.1185,0.0,0.0,0.0,522.192007816152,522.19元,12.97861219508058,1219.4783333233333
2025-02-14T23:10:00,2025-02-14T23:20:00,2025-02-14,139,404.2448848101385,404.2448848101385,0.0,404.2448848101385,0.0,0.0,404.2448848101385,0.4248,171.72322706734684,0.6372,0.0,2.124,0.0,0.0,0.0,171.72322706734684,171.72元,0.0,404.2448848101385
2025-02-14T23:20:00,2025-02-14T23:30:00,2025-02-14,140,1238.2149095206191,1236.0056969842813,0.0,1236.0056969842813,-2.2092125363378727,0.0,1236.0056969842813,0.424,524.0664155213352,0.636,0.0,2.12,0.0,0.0,0.0,524.0664155213352,524.07元,0.0,1236.0056969842813
2025-02-14T23:30:00,2025-02-14T23:40:00,2025-02-14,141,1243.7716932409758,1241.6230032372323,0.0,1241.6230032372323,-2.148690003743468,0.0,1241.6230032372323,0.422,523.964907366112,0.633,0.0,2.11,0.0,0.0,0.0,523.964907366112,523.96元,0.0,1241.6230032372323
2025-02-14T23:40:00,2025-02-14T23:50:00,2025-02-14,142,1249.6400862835453,1247.550260765969,0.0,1247.550260765969,-2.0898255175764007,0.0,1247.550260765969,0.424,528.9613105647708,0.636,0.0,2.12,0.0,0.0,0.0,528.9613105647708,528.96元,1.7023774426355578,1245.8478833233335
2025-02-14T23:50:00,2025-02-15T00:00:00,2025-02-14,143,415.9257863836184,415.9257863836184,0.0,415.9257863836184,0.0,0.0,415.9257863836184,0.4271,177.6419033644434,0.6406499999999999,0.0,2.1355,0.0,0.0,0.0,177.6419033644434,177.64元,0.0,415.9257863836184
2025-02-15T00:00:00,2025-02-15T00:10:00,2025-02-14,144,406.61762500000003,406.61762500000003,0.0,406.61762500000003,0.0,0.0,406.61762500000003,0.4276,173.86969645,0.6414,0.0,2.138,0.0,0.0,0.0,173.86969645,173.87元,0.0,406.61762500000003
2025-02-15T00:10:00,2025-02-15T00:20:00,2025-02-15,1,401.9223078442454,401.9223078442454,0.0,401.9223078442454,0.0,0.0,401.9223078442454,0.4248,170.73659637223545,0.6372,0.0,2.124,0.0,0.0,0.0,170.73659637223545,170.74元,0.0,401.9223078442454
2025-02-15T00:20:00,2025-02-15T00:30:00,2025-02-15,2,850.1240338455225,850.1240338455225,0.0,850.1240338455225,0.0,0.0,850.1240338455225,0.4245,360.8776523674243,0.6367499999999999,0.0,2.1225,0.0,0.0,0.0,360.8776523674243,360.88元,0.0,850.1240338455225
2025-02-15T00:30:00,2025-02-15T00:40:00,2025-02-15,3,437.6211209413814,437.6211209413814,0.0,437.6211209413814,0.0,0.0,437.6211209413814,0.4269,186.8204565298757,0.64035,0.0,2.1345,0.0,0.0,0.0,186.8204565298757,186.82元,0.0,437.6211209413814
2025-02-15T00:40:00,2025-02-15T00:50:00,2025-02-15,4,442.5772028494492,442.5772028494492,0.0,442.5772028494492,0.0,0.0,442.5772028494492,0.4272,189.0689810572847,0.6408,0.0,2.136,0.0,0.0,0.0,189.0689810572847,189.07元,0.0,442.5772028494492
2025-02-15T00:50:00,2025-02-15T01:00:00,2025-02-15,5,436.53721900719626,436.53721900719626,0.0,436.53721900719626,0.0,0.0,436.53721900719626,0.4271,186.44504623797351,0.6406499999999999,0.0,2.1355,0.0,0.0,0.0,186.44504623797351,186.45元,0.0,436.53721900719626
2025-02-15T01:00:00,2025-02-15T01:10:00,2025-02-15,6,434.63136632707574,434.63136632707574,0.0,434.63136632707574,0.0,0.0,434.63136632707574,0.4285,186.23954047115194,0.6427499999999999,0.0,2.1425,0.0,0.0,0.0,186.23954047115194,186.24元,0.0,434.63136632707574
2025-02-15T01:10:00,2025-02-15T01:20:00,2025-02-15,7,443.3175320573567,443.3175320573567,0.0,443.3175320573567,0.0,0.0,443.3175320573567,0.4311,191.11418806992646,0.64665,0.0,2.1555,0.0,0.0,0.0,191.11418806992646,191.11元,0.0,443.3175320573567
2025-02-15T01:20:00,2025-02-15T01:30:00,2025-02-15,8,436.19750048525117,436.19750048525117,0.0,436.19750048525117,0.0,0.0,436.19750048525117,0.4302,187.65216470875507,0.6453,0.0,2.1510000000000002,0.0,0.0,0.0,187.65216470875507,187.65元,0.0,436.19750048525117
2025-02-15T01:30:00,2025-02-15T01:40:00,2025-02-15,9,423.04734047237326,423.04734047237326,0.0,423.04734047237326,0.0,0.0,423.04734047237326,0.4279,181.02195698812852,0.64185,0.0,2.1395,0.0,0.0,0.0,181.02195698812852,181.02元,0.0,423.04734047237326
2025-02-15T01:40:00,2025-02-15T01:50:00,2025-02-15,10,440.16467215589614,440.16467215589614,0.0,440.16467215589614,0.0,0.0,440.16467215589614,0.4312,189.79900663362244,0.6468,0.0,2.156,0.0,0.0,0.0,189.79900663362244,189.80元,0.0,440.16467215589614
2025-02-15T01:50:00,2025-02-15T02:00:00,2025-02-15,11,453.9913611487623,453.9913611487623,0.0,453.9913611487623,0.0,0.0,453.9913611487623,0.4333,196.7144567857587,0.64995,0.0,2.1665,0.0,0.0,0.0,196.7144567857587,196.71元,0.0,453.9913611487623
2025-02-15T02:00:00,2025-02-15T02:10:00,2025-02-15,12,449.6987510723086,449.6987510723086,0.0,449.6987510723086,0.0,0.0,449.6987510723086,0.4311,193.86513158727223,0.64665,0.0,2.1555,0.0,0.0,0.0,193.86513158727223,193.87元,0.0,449.6987510723086
2025-02-15T02:10:00,2025-02-15T02:20:00,2025-02-15,13,447.0664585879983,447.0664585879983,0.0,447.0664585879983,0.0,0.0,447.0664585879983,0.4293,191.92563067182766,0.64395,0.0,2.1465,0.0,0.0,0.0,191.92563067182766,191.93元,0.0,447.0664585879983
2025-02-15T02:20:00,2025-02-15T02:30:00,2025-02-15,14,456.5238692616163,456.5238692616163,0.0,456.5238692616163,0.0,0.0,456.5238692616163,0.4324,197.4009210687229,0.6486000000000001,0.0,2.162,0.0,0.0,0.0,197.4009210687229,197.40元,0.0,456.5238692616163
2025-02-15T02:30:00,2025-02-15T02:40:00,2025-02-15,15,461.6827925932856,461.6827925932856,0.0,461.6827925932856,0.0,0.0,461.6827925932856,0.4367,201.6168755254878,0.6550499999999999,0.0,2.1835,0.0,0.0,0.0,201.6168755254878,201.62元,0.0,461.6827925932856
2025-02-15T02:40:00,2025-02-15T02:50:00,2025-02-15,16,441.2540762133291,441.2540762133291,0.0,441.2540762133291,0.0,0.0,441.2540762133291,0.4348,191.8572723375555,0.6522,0.0,2.174,0.0,0.0,0.0,191.8572723375555,191.86元,0.0,441.2540762133291
2025-02-15T02:50:00,2025-02-15T03:00:00,2025-02-15,17,447.690741743996,447.690741743996,0.0,447.690741743996,0.0,0.0,447.690741743996,0.4335,194.07393654602225,0.65025,0.0,2.1675,0.0,0.0,0.0,194.07393654602225,194.07元,0.0,447.690741743996
2025-02-15T03:00:00,2025-02-15T03:10:00,2025-02-15,18,484.76407066041384,484.76407066041384,0.0,484.76407066041384,0.0,0.0,484.76407066041384,0.4357,211.21170558674228,0.65355,0.0,2.1784999999999997,0.0,0.0,0.0,211.21170558674228,211.21元,0.0,484.76407066041384
2025-02-15T03:10:00,2025-02-15T03:20:00,2025-02-15,19,500.49401431744656,500.49401431744656,0.0,500.49401431744656,0.0,0.0,500.49401431744656,0.4374,218.91608186245114,0.6561,0.0,2.1870000000000003,0.0,0.0,0.0,218.91608186245114,218.92元,0.0,500.49401431744656
2025-02-15T03:20:00,2025-02-15T03:30:00,2025-02-15,20,489.9085406424872,489.9085406424872,0.0,489.9085406424872,0.0,0.0,489.9085406424872,0.4371,214.13902311483116,0.65565,0.0,2.1854999999999998,0.0,0.0,0.0,214.13902311483116,214.14元,0.0,489.9085406424872
2025-02-15T03:30:00,2025-02-15T03:40:00,2025-02-15,21,471.5852758275314,471.5852758275314,0.0,471.5852758275314,0.0,0.0,471.5852758275314,0.4356,205.42254615047267,0.6534,0.0,2.178,0.0,0.0,0.0,205.42254615047267,205.42元,0.0,471.5852758275314
2025-02-15T03:40:00,2025-02-15T03:50:00,2025-02-15,22,469.3242510205585,469.3242510205585,0.0,469.3242510205585,0.0,0.0,469.3242510205585,0.4353,204.29684646924912,0.65295,0.0,2.1765,0.0,0.0,0.0,204.29684646924912,204.30元,0.0,469.3242510205585
2025-02-15T03:50:00,2025-02-15T04:00:00,2025-02-15,23,483.2071931828988,483.2071931828988,0.0,483.2071931828988,0.0,0.0,483.2071931828988,0.436,210.67833622774387,0.654,0.0,2.18,0.0,0.0,0.0,210.67833622774387,210.68元,0.0,483.2071931828988
2025-02-15T04:00:00,2025-02-15T04:10:00,2025-02-15,24,498.64119011261096,498.64119011261096,0.0,498.64119011261096,0.0,0.0,498.64119011261096,0.4378,218.3051130313011,0.6567000000000001,0.0,2.189,0.0,0.0,0.0,218.3051130313011,218.31元,0.0,498.64119011261096
2025-02-15T04:10:00,2025-02-15T04:20:00,2025-02-15,25,501.1440488005525,501.1440488005525,0.0,501.1440488005525,0.0,0.0,501.1440488005525,0.4401,220.55349587712317,0.66015,0.0,2.2005,0.0,0.0,0.0,220.55349587712317,220.55元,0.0,501.1440488005525
2025-02-15T04:20:00,2025-02-15T04:30:00,2025-02-15,26,509.8075854524928,509.8075854524928,0.0,509.8075854524928,0.0,0.0,509.8075854524928,0.4389,223.75454925509908,0.65835,0.0,2.1945,0.0,0.0,0.0,223.75454925509908,223.75元,0.0,509.8075854524928
2025-02-15T04:30:00,2025-02-15T04:40:00,2025-02-15,27,521.1939430106213,521.1939430106213,0.0,521.1939430106213,0.0,0.0,521.1939430106213,0.4364,227.44903672983514,0.6546000000000001,0.0,2.182,0.0,0.0,0.0,227.44903672983514,227.45元,0.0,521.1939430106213
2025-02-15T04:40:00,2025-02-15T04:50:00,2025-02-15,28,512.618360693821,512.618360693821,0.0,512.618360693821,0.0,0.0,512.618360693821,0.4393,225.1932458527956,0.65895,0.0,2.1965000000000003,0.0,0.0,0.0,225.1932458527956,225.19元,0.0,512.618360693821
2025-02-15T04:50:00,2025-02-15T05:00:00,2025-02-15,29,507.2029255879071,507.2029255879071,0.0,507.2029255879071,0.0,0.0,507.2029255879071,0.4422,224.2851336949725,0.6633,0.0,2.211,0.0,0.0,0.0,224.2851336949725,224.29元,0.0,507.2029255879071
2025-02-15T05:00:00,2025-02-15T05:10:00,2025-02-15,30,510.7971003589618,510.7971003589618,0.0,510.7971003589618,0.0,0.0,510.7971003589618,0.4395,224.49532560776373,0.65925,0.0,2.1975,0.0,0.0,0.0,224.49532560776373,224.50元,0.0,510.7971003589618
2025-02-15T05:10:00,2025-02-15T05:20:00,2025-02-15,31,507.82599478885516,507.82599478885516,0.0,507.82599478885516,0.0,0.0,507.82599478885516,0.4333,220.04100354201094,0.64995,0.0,2.1665,0.0,0.0,0.0,220.04100354201094,220.04元,0.0,507.82599478885516
2025-02-15T05:20:00,2025-02-15T05:30:00,2025-02-15,32,512.3544715082986,512.3544715082986,0.0,512.3544715082986,0.0,0.0,512.3544715082986,0.4439,227.43414990253376,0.66585,0.0,2.2195,0.0,0.0,0.0,227.43414990253376,227.43元,0.0,512.3544715082986
2025-02-15T05:30:00,2025-02-15T05:40:00,2025-02-15,33,525.0520027605735,525.0520027605735,0.0,525.0520027605735,0.0,0.0,525.0520027605735,0.4301,225.82486638732266,0.64515,0.0,2.1505,0.0,0.0,0.0,225.82486638732266,225.82元,0.0,525.0520027605735
2025-02-15T05:40:00,2025-02-15T05:50:00,2025-02-15,34,1362.47391779002,1362.47391779002,0.0,1362.47391779002,0.0,0.0,1362.47391779002,0.3713,505.8865656754345,0.5569500000000001,0.0,1.8565,0.0,0.0,0.0,505.8865656754345,505.89元,10.533701133353468,1351.9402166566667
2025-02-15T05:50:00,2025-02-15T06:00:00,2025-02-15,35,0.0,0.0,0.0,0.0,0.0,0.0,0.0,0.5708,0.0,0.8562,0.0,2.854,0.0,0.0,0.0,0.0,0.00元,0.0,0.0
2025-02-15T06:00:00,2025-02-15T06:10:00,2025-02-15,36,0.0,0.0,0.0,0.0,0.0,0.0,0.0,0.9099,0.0,1.3648500000000001,0.0,4.5495,0.0,318.5350455751883,144.91751898443192,144.91751898443192,144.92元,0.0,0.0
2025-02-15T06:10:00,2025-02-15T06:20:00,2025-02-15,37,0.0,0.0,0.0,0.0,0.0,0.0,0.0,0.9368,0.0,1.4052,0.0,4.684,0.0,0.0,0.0,0.0,0.00元,0.0,0.0
2025-02-15T06:20:00,2025-02-15T06:30:00,2025-02-15,38,0.0,0.0,0.0,0.0,0.0,0.0,0.0,0.8758,0.0,1.3137,0.0,4.3790000000000004,0.0,0.0,0.0,0.0,0.00元,0.0,0.0
2025-02-15T06:30:00,2025-02-15T06:40:00,2025-02-15,39,0.0,0.0,0.0,0.0,0.0,0.0,0.0,0.8759,0.0,1.31385,0.0,4.3795,0.0,0.0,0.0,0.0,0.00元,0.0,0.0
2025-02-15T06:40:00,2025-02-15T06:50:00,2025-02-15,40,0.0,0.0,0.0,0.0,0.0,0.0,0.0,0.8601,0.0,1.29015,0.0,4.3004999999999995,0.0,0.0,0.0,0.0,0.00元,0.0,0.0
2025-02-15T06:50:00,2025-02-15T07:00:00,2025-02-15,41,0.0,0.0,0.0,0.0,0.0,0.0,0.0,0.8442,0.0,1.2663,0.0,4.221,0.0,0.0,0.0,0.0,0.00元,0.0,0.0
2025-02-15T07:00:00,2025-02-15T07:10:00,2025-02-15,42,0.0,0.0,0.0,0.0,0.0,0.0,0.0,0.8334,0.0,1.2501,0.0,4.167,0.0,0.0,0.0,0.0,0.00元,0.0,0.0
2025-02-15T07:10:00,2025-02-15T07:20:00,2025-02-15,43,0.0,0.0,0.0,0.0,0.0,0.0,0.0,0.8092,0.0,1.2138,0.0,4.046,0.0,0.0,0.0,0.0,0.00元,0.0,0.0
2025-02-15T07:20:00,2025-02-15T07:30:00,2025-02-15,44,0.0,0.0,0.0,0.0,0.0,0.0,0.0,0.7972,0.0,1.1958,0.0,3.986,0.0,0.0,0.0,0.0,0.00元,0.0,0.0
2025-02-15T07:30:00,2025-02-15T07:40:00,2025-02-15,45,0.0,0.0,0.0,0.0,0.0,0.0,0.0,0.7644,0.0,1.1465999999999998,0.0,3.822,0.0,0.0,0.0,0.0,0.00元,0.0,0.0
2025-02-15T07:40:00,2025-02-15T07:50:00,2025-02-15,46,0.0,0.0,0.0,0.0,0.0,0.0,0.0,0.6899,0.0,1.03485,0.0,3.4494999999999996,0.0,0.0,0.0,0.0,0.00元,0.0,0.0
2025-02-15T07:50:00,2025-02-15T08:00:00,2025-02-15,47,0.0,0.0,0.0,0.0,0.0,0.0,0.0,0.86,0.0,1.29,0.0,4.3,0.0,0.0,0.0,0.0,0.00元,0.0,0.0
2025-02-15T08:00:00,2025-02-15T08:10:00,2025-02-15,48,0.0,0.0,0.0,0.0,0.0,0.0,0.0,1.1617,0.0,1.74255,0.0,5.8084999999999996,0.0,0.0,0.0,0.0,0.00元,0.0,0.0
2025-02-15T08:10:00,2025-02-15T08:20:00,2025-02-15,49,0.0,0.0,0.0,0.0,0.0,0.0,0.0,1.1683,0.0,1.7524499999999998,0.0,5.8415,0.0,0.0,0.0,0.0,0.00元,0.0,0.0
2025-02-15T08:20:00,2025-02-15T08:30:00,2025-02-15,50,0.0,0.0,0.0,0.0,0.0,0.0,0.0,1.0956,0.0,1.6433999999999997,0.0,5.478,0.0,0.0,0.0,0.0,0.00元,0.0,0.0
2025-02-15T08:30:00,2025-02-15T08:40:00,2025-02-15,51,0.0,0.0,0.0,0.0,0.0,0.0,0.0,1.0849,0.0,1.6273499999999999,0.0,5.4245,0.0,0.0,0.0,0.0,0.00元,0.0,0.0
2025-02-15T08:40:00,2025-02-15T08:50:00,2025-02-15,52,0.0,0.0,0.0,0.0,0.0,0.0,0.0,1.061,0.0,1.5915,0.0,5.305,0.0,0.0,0.0,0.0,0.00元,0.0,0.0
2025-02-15T08:50:00,2025-02-15T09:00:00,2025-02-15,53,0.0,0.0,0.0,0.0,0.0,0.0,0.0,1.043,0.0,1.5644999999999998,0.0,5.215,0.0,0.0,0.0,0.0,0.00元,0.0,0.0
2025-02-15T09:00:00,2025-02-15T09:10:00,2025-02-15,54,0.0,0.0,0.0,0.0,0.0,0.0,0.0,1.036,0.0,1.554,0.0,5.18,0.0,0.0,0.0,0.0,0.00元,0.0,0.0
2025-02-15T09:10:00,2025-02-15T09:20:00,2025-02-15,55,0.0,0.0,0.0,0.0,0.0,0.0,0.0,1.0147,0.0,1.52205,0.0,5.073499999999999,0.0,0.0,0.0,0.0,0.00元,0.0,0.0
2025-02-15T09:20:00,2025-02-15T09:30:00,2025-02-15,56,0.0,0.0,0.0,0.0,0.0,0.0,0.0,0.9922,0.0,1.4883,0.0,4.961,0.0,0.0,0.0,0.0,0.00元,0.0,0.0
2025-02-15T09:30:00,2025-02-15T09:40:00,2025-02-15,57,0.0,0.0,0.0,0.0,0.0,0.0,0.0,0.97,0.0,1.455,0.0,4.85,0.0,0.0,0.0,0.0,0.00元,0.0,0.0
2025-02-15T09:40:00,2025-02-15T09:50:00,2025-02-15,58,0.0,0.0,0.0,0.0,0.0,0.0,0.0,0.9422,0.0,1.4133,0.0,4.711,0.0,0.0,0.0,0.0,0.00元,0.0,0.0
2025-02-15T09:50:00,2025-02-15T10:00:00,2025-02-15,59,0.0,0.0,0.0,0.0,0.0,0.0,0.0,0.9569,0.0,1.43535,0.0,4.7844999999999995,0.0,0.0,0.0,0.0,0.00元,0.0,0.0
2025-02-15T10:00:00,2025-02-15T10:10:00,2025-02-15,60,0.0,0.0,0.0,0.0,0.0,0.0,0.0,0.9977,0.0,1.49655,0.0,4.9885,0.0,0.0,0.0,0.0,0.00元,0.0,0.0
2025-02-15T10:10:00,2025-02-15T10:20:00,2025-02-15,61,0.0,0.0,0.0,0.0,0.0,0.0,0.0,0.9919,0.0,1.48785,0.0,4.9595,0.0,0.0,0.0,0.0,0.00元,0.0,0.0
2025-02-15T10:20:00,2025-02-15T10:30:00,2025-02-15,62,0.0,0.0,0.0,0.0,0.0,0.0,0.0,0.9588,0.0,1.4382,0.0,4.794,0.0,0.0,0.0,0.0,0.00元,0.0,0.0
2025-02-15T10:30:00,2025-02-15T10:40:00,2025-02-15,63,0.0,0.0,0.0,0.0,0.0,0.0,0.0,0.9549,0.0,1.43235,0.0,4.7745,0.0,0.0,0.0,0.0,0.00元,0.0,0.0
2025-02-15T10:40:00,2025-02-15T10:50:00,2025-02-15,64,0.0,0.0,0.0,0.0,0.0,0.0,0.0,0.9839,0.0,1.4758499999999999,0.0,4.9195,0.0,0.0,0.0,0.0,0.00元,0.0,0.0
2025-02-15T10:50:00,2025-02-15T11:00:00,2025-02-15,65,0.0,0.0,0.0,0.0,0.0,0.0,0.0,0.799,0.0,1.1985000000000001,0.0,3.995,0.0,0.0,0.0,0.0,0.00元,0.0,0.0
2025-02-15T11:00:00,2025-02-15T11:10:00,2025-02-15,66,0.0,0.0,0.0,0.0,0.0,0.0,0.0,0.5025,0.0,0.7537499999999999,0.0,2.5124999999999997,0.0,0.0,0.0,0.0,0.00元,0.0,0.0
2025-02-15T11:10:00,2025-02-15T11:20:00,2025-02-15,67,0.0,0.0,0.0,0.0,0.0,0.0,0.0,0.4662,0.0,0.6993,0.0,2.331,0.0,0.0,0.0,0.0,0.00元,0.0,0.0
2025-02-15T11:20:00,2025-02-15T11:30:00,2025-02-15,68,0.0,0.0,0.0,0.0,0.0,0.0,0.0,0.5007,0.0,0.75105,0.0,2.5035000000000003,0.0,0.0,0.0,0.0,0.00元,0.0,0.0
2025-02-15T11:30:00,2025-02-15T11:40:00,2025-02-15,69,0.0,0.0,0.0,0.0,0.0,0.0,0.0,0.4827,0.0,0.7240500000000001,0.0,2.4135,0.0,0.0,0.0,0.0,0.00元,0.0,0.0
2025-02-15T11:40:00,2025-02-15T11:50:00,2025-02-15,70,0.0,0.0,0.0,0.0,0.0,0.0,0.0,0.4785,0.0,0.71775,0.0,2.3925,0.0,0.0,0.0,0.0,0.00元,0.0,0.0
2025-02-15T11:50:00,2025-02-15T12:00:00,2025-02-15,71,0.0,0.0,0.0,0.0,0.0,0.0,0.0,0.4662,0.0,0.6993,0.0,2.331,0.0,0.0,0.0,0.0,0.00元,0.0,0.0
2025-02-15T12:00:00,2025-02-15T12:10:00,2025-02-15,72,0.0,0.0,290.5900476236418,290.5900476236418,290.5900476236418,0.0,290.5900476236418,0.4432,0.0,0.6648,193.18426366019705,2.2159999999999997,0.0,0.0,0.0,193.18426366019705,193.18元,0.0,290.5900476236418
2025-02-15T12:10:00,2025-02-15T12:20:00,2025-02-15,73,0.0,0.0,279.5505437940857,279.5505437940857,279.5505437940857,0.0,279.5505437940857,0.4411,0.0,0.66165,184.96461730135678,2.2055,0.0,0.0,0.0,184.96461730135678,184.96元,0.0,279.5505437940857
2025-02-15T12:20:00,2025-02-15T12:30:00,2025-02-15,74,0.0,0.0,0.0,0.0,0.0,0.0,0.0,0.4551,0.0,0.68265,0.0,2.2755,0.0,0.0,0.0,0.0,0.00元,0.0,0.0
2025-02-15T12:30:00,2025-02-15T12:40:00,2025-02-15,75,0.0,0.0,95.0730018469435,95.0730018469435,95.0730018469435,0.0,95.0730018469435,0.4463,0.0,0.66945,63.64662108643632,2.2315,0.0,0.0,0.0,63.64662108643632,63.65元,0.0,95.0730018469435
2025-02-15T12:40:00,2025-02-15T12:50:00,2025-02-15,76,0.0,0.0,277.28453543640296,277.28453543640296,277.28453543640296,0.0,277.28453543640296,0.4113,0.0,0.61695,171.0706941374888,2.0564999999999998,0.0,0.0,0.0,171.0706941374888,171.07元,0.0,277.28453543640296
2025-02-15T12:50:00,2025-02-15T13:00:00,2025-02-15,77,0.0,0.0,0.0,0.0,0.0,0.0,0.0,0.5682,0.0,0.8523000000000001,0.0,2.841,0.0,0.0,0.0,0.0,0.00元,0.0,0.0
2025-02-15T13:00:00,2025-02-15T13:10:00,2025-02-15,78,0.0,0.0,0.0,0.0,0.0,0.0,0.0,0.8279,0.0,1.24185,0.0,4.1395,0.0,0.0,0.0,0.0,0.00元,0.0,0.0
2025-02-15T13:10:00,2025-02-15T13:20:00,2025-02-15,79,0.0,0.0,0.0,0.0,0.0,0.0,0.0,0.8636,0.0,1.2954,0.0,4.3180000000000005,0.0,0.0,0.0,0.0,0.00元,0.0,0.0
2025-02-15T13:20:00,2025-02-15T13:30:00,2025-02-15,80,0.0,0.0,0.0,0.0,0.0,0.0,0.0,0.8416,0.0,1.2624,0.0,4.208,0.0,0.0,0.0,0.0,0.00元,0.0,0.0
2025-02-15T13:30:00,2025-02-15T13:40:00,2025-02-15,81,0.0,0.0,0.0,0.0,0.0,0.0,0.0,0.8618,0.0,1.2927,0.0,4.309,0.0,0.0,0.0,0.0,0.00元,0.0,0.0
2025-02-15T13:40:00,2025-02-15T13:50:00,2025-02-15,82,0.0,0.0,0.0,0.0,0.0,0.0,0.0,0.8623,0.0,1.29345,0.0,4.3115,0.0,0.0,0.0,0.0,0.00元,0.0,0.0
2025-02-15T13:50:00,2025-02-15T14:00:00,2025-02-15,83,0.0,0.0,0.0,0.0,0.0,0.0,0.0,0.9026,0.0,1.3538999999999999,0.0,4.513,0.0,0.0,0.0,0.0,0.00元,0.0,0.0
2025-02-15T14:00:00,2025-02-15T14:10:00,2025-02-15,84,0.0,0.0,0.0,0.0,0.0,0.0,0.0,0.9754,0.0,1.4631,0.0,4.877000000000001,0.0,0.0,0.0,0.0,0.00元,0.0,0.0
2025-02-15T14:10:00,2025-02-15T14:20:00,2025-02-15,85,0.0,0.0,0.0,0.0,0.0,0.0,0.0,1.0002,0.0,1.5003,0.0,5.0009999999999994,0.0,0.0,0.0,0.0,0.00元,0.0,0.0
2025-02-15T14:20:00,2025-02-15T14:30:00,2025-02-15,86,0.0,0.0,0.0,0.0,0.0,0.0,0.0,0.9978,0.0,1.4967000000000001,0.0,4.989,0.0,0.0,0.0,0.0,0.00元,0.0,0.0
2025-02-15T14:30:00,2025-02-15T14:40:00,2025-02-15,87,0.0,0.0,0.0,0.0,0.0,0.0,0.0,1.0271,0.0,1.5406499999999999,0.0,5.1354999999999995,0.0,0.0,0.0,0.0,0.00元,0.0,0.0
2025-02-15T14:40:00,2025-02-15T14:50:00,2025-02-15,88,0.0,0.0,0.0,0.0,0.0,0.0,0.0,1.0906,0.0,1.6359,0.0,5.453,0.0,0.0,0.0,0.0,0.00元,0.0,0.0
2025-02-15T14:50:00,2025-02-15T15:00:00,2025-02-15,89,0.0,0.0,0.0,0.0,0.0,0.0,0.0,0.9376,0.0,1.4064,0.0,4.688,0.0,0.0,0.0,0.0,0.00元,0.0,0.0
2025-02-15T15:00:00,2025-02-15T15:10:00,2025-02-15,90,107.05640914551104,67.42218028583598,4.901945014594887,72.32412530043086,-34.732283845080175,0.0,72.32412530043086,0.6694,45.1324074833386,1.0041,4.9220429891547255,3.347,0.0,0.0,0.0,50.054450472493336,50.05元,0.0,72.32412530043086
2025-02-15T15:10:00,2025-02-15T15:20:00,2025-02-15,91,108.20593829896075,67.58121333469376,7.425579266188265,75.00679260088202,-33.19914569807872,0.0,75.00679260088202,0.66,44.60360080089788,0.99,7.351323473526383,3.3000000000000003,0.0,0.0,0.0,51.954924274424265,51.95元,0.0,75.00679260088202
2025-02-15T15:20:00,2025-02-15T15:30:00,2025-02-15,92,135.1433932843634,93.24721283898504,10.631852176957466,103.8790650159425,-31.26432826842091,0.0,103.8790650159425,0.7217,67.2965135058955,1.08255,11.509511574165305,3.6085000000000003,0.0,0.0,0.0,78.8060250800608,78.81元,0.0,103.8790650159425
2025-02-15T15:30:00,2025-02-15T15:40:00,2025-02-15,93,178.69676753425756,135.45668021159665,10.849469786570268,146.30614999816692,-32.390617536090645,0.0,146.30614999816692,0.7308,98.99174189863483,1.0962,11.893188780038328,3.654,0.0,0.0,0.0,110.88493067867314,110.88元,0.0,146.30614999816692
2025-02-15T15:40:00,2025-02-15T15:50:00,2025-02-15,94,175.67188883232325,131.1666411597537,0.0,131.1666411597537,-44.50524767256954,0.0,131.1666411597537,0.7534,98.82094744975844,1.1300999999999999,0.0,3.767,0.0,0.0,0.0,98.82094744975844,98.82元,0.0,131.1666411597537
2025-02-15T15:50:00,2025-02-15T16:00:00,2025-02-15,95,167.4598439840355,121.64087926886594,0.0,121.64087926886594,-45.81896471516956,0.0,121.64087926886594,0.7823,95.15965985203383,1.1734499999999999,0.0,3.9115,0.0,0.0,0.0,95.15965985203383,95.16元,0.0,121.64087926886594
2025-02-15T16:00:00,2025-02-15T16:10:00,2025-02-15,96,349.9449330288837,346.53852767015087,0.0,346.53852767015087,-3.4064053587328544,0.0,346.53852767015087,0.8055,279.13678403830653,1.20825,0.0,4.0275,0.0,0.0,0.0,279.13678403830653,279.14元,0.0,346.53852767015087
2025-02-15T16:10:00,2025-02-15T16:20:00,2025-02-15,97,386.5129563748284,381.7394902740822,0.0,381.7394902740822,-4.773466100746191,0.0,381.7394902740822,0.8271,315.7367324056934,1.24065,0.0,4.1354999999999995,0.0,0.0,0.0,315.7367324056934,315.74元,0.0,381.7394902740822
2025-02-15T16:20:00,2025-02-15T16:30:00,2025-02-15,98,411.839730336836,405.78005687633623,0.0,405.78005687633623,-6.059673460499766,0.0,405.78005687633623,0.8519,345.6840304529508,1.27785,0.0,4.2595,0.0,0.0,0.0,345.6840304529508,345.68元,0.0,405.78005687633623
2025-02-15T16:30:00,2025-02-15T16:40:00,2025-02-15,99,428.0863963020163,420.7720876312622,0.0,420.7720876312622,-7.314308670754087,0.0,420.7720876312622,0.8791,369.9007422366426,1.3186499999999999,0.0,4.3955,0.0,0.0,0.0,369.9007422366426,369.90元,0.0,420.7720876312622
2025-02-15T16:40:00,2025-02-15T16:50:00,2025-02-15,100,453.01349934745747,444.3997663698161,0.0,444.3997663698161,-8.613732977641348,0.0,444.3997663698161,0.9024,401.0263491721221,1.3536,0.0,4.512,0.0,0.0,0.0,401.0263491721221,401.03元,0.0,444.3997663698161
2025-02-15T16:50:00,2025-02-15T17:00:00,2025-02-15,101,427.9570400166288,418.1372078942468,0.0,418.1372078942468,-9.819832122382024,0.0,418.1372078942468,0.9163,383.1391235934983,1.37445,0.0,4.5815,0.0,0.0,0.0,383.1391235934983,383.14元,0.0,418.1372078942468
2025-02-15T17:00:00,2025-02-15T17:10:00,2025-02-15,102,425.5716146163388,425.5716146163388,0.0,425.5716146163388,0.0,0.0,425.5716146163388,0.9264,394.2495437805763,1.3896,0.0,4.632,0.0,0.0,0.0,394.2495437805763,394.25元,0.0,425.5716146163388
2025-02-15T17:10:00,2025-02-15T17:20:00,2025-02-15,103,400.02164299522667,400.02164299522667,0.0,400.02164299522667,0.0,0.0,400.02164299522667,0.9462,378.5004786020835,1.4193,0.0,4.731,0.0,0.0,0.0,378.5004786020835,378.50元,0.0,400.02164299522667
2025-02-15T17:20:00,2025-02-15T17:30:00,2025-02-15,104,421.6308278065619,420.90842114581676,0.0,420.90842114581676,-0.7224066607451505,0.0,420.90842114581676,0.9742,410.0489838802547,1.4613,0.0,4.8709999999999996,0.0,0.0,0.0,410.0489838802547,410.05元,0.0,420.90842114581676
2025-02-15T17:30:00,2025-02-15T17:40:00,2025-02-15,105,454.1872835935996,453.1217750928306,0.03121605890811452,453.1529911517387,-1.0342924418608845,0.0,453.1529911517387,0.9862,446.8686945965495,1.4792999999999998,0.0461779159427738,4.931,0.0,0.0,0.0,446.9148725124923,446.91元,0.0,453.1529911517387
2025-02-15T17:40:00,2025-02-15T17:50:00,2025-02-15,106,453.31581565096604,452.2794973127126,0.030360878651947587,452.3098581913645,-1.0059574596015182,0.0,452.3098581913645,0.976,441.42478937720745,1.464,0.04444832634645127,4.88,0.0,0.0,0.0,441.469237703554,441.47元,0.0,452.3098581913645
2025-02-15T17:50:00,2025-02-15T18:00:00,2025-02-15,107,205.91700523222616,189.85965403816783,27.86086913176422,217.72052316993205,11.803517937705891,0.0,217.72052316993205,1.0742,203.9472403677999,1.6113,44.89221843201169,5.371,0.0,0.0,0.0,248.83945879981158,248.84元,0.0,217.72052316993205
2025-02-15T18:00:00,2025-02-15T18:10:00,2025-02-15,108,0.0,0.0,0.0,0.0,0.0,0.0,0.0,1.2313,0.0,1.84695,0.0,6.1565,0.0,0.0,0.0,0.0,0.00元,0.0,0.0
2025-02-15T18:10:00,2025-02-15T18:20:00,2025-02-15,109,0.0,0.0,0.0,0.0,0.0,0.0,0.0,1.2561,0.0,1.88415,0.0,6.2805,0.0,0.0,0.0,0.0,0.00元,0.0,0.0
2025-02-15T18:20:00,2025-02-15T18:30:00,2025-02-15,110,0.0,0.0,0.0,0.0,0.0,0.0,0.0,1.2447,0.0,1.8670499999999999,0.0,6.2235,0.0,0.0,0.0,0.0,0.00元,0.0,0.0
2025-02-15T18:30:00,2025-02-15T18:40:00,2025-02-15,111,0.0,0.0,0.0,0.0,0.0,0.0,0.0,1.2545,0.0,1.8817499999999998,0.0,6.2725,0.0,0.0,0.0,0.0,0.00元,0.0,0.0
2025-02-15T18:40:00,2025-02-15T18:50:00,2025-02-15,112,0.0,0.0,0.0,0.0,0.0,0.0,0.0,1.2522,0.0,1.8782999999999999,0.0,6.261,0.0,0.0,0.0,0.0,0.00元,0.0,0.0
2025-02-15T18:50:00,2025-02-15T19:00:00,2025-02-15,113,0.0,0.0,0.0,0.0,0.0,0.0,0.0,1.2881,0.0,1.93215,0.0,6.4405,0.0,0.0,0.0,0.0,0.00元,0.0,0.0
2025-02-15T19:00:00,2025-02-15T19:10:00,2025-02-15,114,0.0,0.0,0.0,0.0,0.0,0.0,0.0,1.3466,0.0,2.0199,0.0,6.7330000000000005,0.0,0.0,0.0,0.0,0.00元,0.0,0.0
2025-02-15T19:10:00,2025-02-15T19:20:00,2025-02-15,115,0.0,0.0,0.0,0.0,0.0,0.0,0.0,1.3523,0.0,2.0284500000000003,0.0,6.7615,0.0,0.0,0.0,0.0,0.00元,0.0,0.0
2025-02-15T19:20:00,2025-02-15T19:30:00,2025-02-15,116,0.0,0.0,0.0,0.0,0.0,0.0,0.0,1.3445,0.0,2.01675,0.0,6.7225,0.0,0.0,0.0,0.0,0.00元,0.0,0.0
2025-02-15T19:30:00,2025-02-15T19:40:00,2025-02-15,117,0.0,0.0,0.0,0.0,0.0,0.0,0.0,1.3483,0.0,2.02245,0.0,6.7415,0.0,0.0,0.0,0.0,0.00元,0.0,0.0
2025-02-15T19:40:00,2025-02-15T19:50:00,2025-02-15,118,0.0,0.0,0.0,0.0,0.0,0.0,0.0,1.349,0.0,2.0235,0.0,6.745,0.0,0.0,0.0,0.0,0.00元,0.0,0.0
2025-02-15T19:50:00,2025-02-15T20:00:00,2025-02-15,119,0.0,0.0,0.0,0.0,0.0,0.0,0.0,1.3473,0.0,2.02095,0.0,6.7364999999999995,0.0,0.0,0.0,0.0,0.00元,0.0,0.0
2025-02-15T20:00:00,2025-02-15T20:10:00,2025-02-15,120,0.0,0.0,0.0,0.0,0.0,0.0,0.0,1.3482,0.0,2.0223,0.0,6.7410000000000005,0.0,0.0,0.0,0.0,0.00元,0.0,0.0
2025-02-15T20:10:00,2025-02-15T20:20:00,2025-02-15,121,0.0,0.0,0.0,0.0,0.0,0.0,0.0,1.3513,0.0,2.02695,0.0,6.7565,0.0,0.0,0.0,0.0,0.00元,0.0,0.0
2025-02-15T20:20:00,2025-02-15T20:30:00,2025-02-15,122,0.0,0.0,0.0,0.0,0.0,0.0,0.0,1.34,0.0,2.0100000000000002,0.0,6.7,0.0,0.0,0.0,0.0,0.00元,0.0,0.0
2025-02-15T20:30:00,2025-02-15T20:40:00,2025-02-15,123,0.0,0.0,0.0,0.0,0.0,0.0,0.0,1.3489,0.0,2.0233499999999998,0.0,6.7445,0.0,0.0,0.0,0.0,0.00元,0.0,0.0
2025-02-15T20:40:00,2025-02-15T20:50:00,2025-02-15,124,0.0,0.0,0.0,0.0,0.0,0.0,0.0,1.3952,0.0,2.0928,0.0,6.976,0.0,0.0,0.0,0.0,0.00元,0.0,0.0
2025-02-15T20:50:00,2025-02-15T21:00:00,2025-02-15,125,0.0,0.0,29.9066796743179,29.9066796743179,29.9066796743179,0.0,29.9066796743179,1.2226,0.0,1.8338999999999999,54.84585985473159,6.1129999999999995,0.0,0.0,0.0,54.84585985473159,54.85元,0.0,29.9066796743179
2025-02-15T21:00:00,2025-02-15T21:10:00,2025-02-15,126,438.18386852781384,438.18386852781384,8.79355162315062,446.97742015096446,8.79355162315062,0.0,446.97742015096446,0.9332,408.9131861101559,1.3998,12.309213562086239,4.666,0.0,0.0,0.0,421.22239967224215,421.22元,0.0,446.97742015096446
2025-02-15T21:10:00,2025-02-15T21:20:00,2025-02-15,127,442.36722883295965,442.36722883295965,9.085103433218535,451.4523322661782,9.085103433218535,0.0,451.4523322661782,0.9068,401.13860310572784,1.3602,12.357557689863851,4.534000000000001,0.0,0.0,0.0,413.49616079559166,413.50元,0.0,451.4523322661782
2025-02-15T21:20:00,2025-02-15T21:30:00,2025-02-15,128,457.94569843708945,457.94569843708945,0.4893238450000581,458.4350222820895,0.4893238450000581,0.0,458.4350222820895,0.9371,429.14091400539655,1.40565,0.6878180627243317,4.6855,0.0,0.0,0.0,429.82873206812087,429.83元,0.0,458.4350222820895
2025-02-15T21:30:00,2025-02-15T21:40:00,2025-02-15,129,466.51581893465027,466.51581893465027,0.4759185624068323,466.9917374970571,0.4759185624068323,0.0,466.9917374970571,0.9371,437.1719739236608,1.40565,0.6689749272471638,4.6855,0.0,0.0,0.0,437.840948850908,437.84元,0.0,466.9917374970571
2025-02-15T21:40:00,2025-02-15T21:50:00,2025-02-15,130,456.0010499482128,456.0010499482128,6.045043501004557,462.0460934492174,6.045043501004557,0.0,462.0460934492174,0.9871,450.1186364038809,1.48065,8.950593659762397,4.9355,0.0,0.0,0.0,459.06923006364326,459.07元,0.0,462.0460934492174
2025-02-15T21:50:00,2025-02-15T22:00:00,2025-02-15,131,424.94119002633965,424.94119002633965,28.27911191719238,453.22030194353204,28.27911191719238,0.0,453.22030194353204,0.7764,329.9243399364501,1.1646,32.933853738762245,3.8819999999999997,0.0,0.0,0.0,362.85819367521236,362.86元,0.0,453.22030194353204
2025-02-15T22:00:00,2025-02-15T22:10:00,2025-02-15,132,1221.084106917662,1220.5807963402374,0.0,1220.5807963402374,-0.5033105774245996,0.0,1220.5807963402374,0.4209,513.7424571796059,0.63135,0.0,2.1045,0.0,0.0,0.0,513.7424571796059,513.74元,26.43746301690407,1194.1433333233333
2025-02-15T22:10:00,2025-02-15T22:20:00,2025-02-15,133,1230.2550444108929,1229.7655222899098,0.0,1229.7655222899098,-0.48952212098311065,0.0,1229.7655222899098,0.3859,474.5665150516762,0.5788500000000001,0.0,1.9295,0.0,0.0,0.0,474.5665150516762,474.57元,53.860272299909745,1175.9052499900001
2025-02-15T22:20:00,2025-02-15T22:30:00,2025-02-15,134,404.2149859713606,404.2149859713606,0.0,404.2149859713606,0.0,0.0,404.2149859713606,0.4368,176.5611058722903,0.6552,0.0,2.184,0.0,0.0,0.0,176.5611058722903,176.56元,0.0,404.2149859713606
2025-02-15T22:30:00,2025-02-15T22:40:00,2025-02-15,135,1219.088438782069,1218.6253706964858,0.0,1218.6253706964858,-0.4630680855832452,0.0,1218.6253706964858,0.4198,511.57893061838473,0.6297,0.0,2.099,0.0,0.0,0.0,511.57893061838473,511.58元,0.0,1218.6253706964858
2025-02-15T22:40:00,2025-02-15T22:50:00,2025-02-15,136,1215.0311441557135,1214.5807620624655,0.0,1214.5807620624655,-0.4503820932479812,0.0,1214.5807620624655,0.4186,508.4235069993481,0.6279,0.0,2.093,0.0,0.0,0.0,508.4235069993481,508.42元,0.0,1214.5807620624655
2025-02-15T22:50:00,2025-02-15T23:00:00,2025-02-15,137,1229.157803369028,1228.7197597287218,0.0,1228.7197597287218,-0.4380436403062049,0.0,1228.7197597287218,0.4241,521.1000501009509,0.63615,0.0,2.1205,0.0,0.0,0.0,521.1000501009509,521.10元,0.0,1228.7197597287218
2025-02-15T23:00:00,2025-02-15T23:10:00,2025-02-15,138,1238.5354343304352,1238.1093911247012,0.0,1238.1093911247012,-0.426043205734004,0.0,1238.1093911247012,0.4237,524.586949019536,0.6355500000000001,0.0,2.1185,0.0,0.0,0.0,524.586949019536,524.59元,3.07605780136793,1235.0333333233334
2025-02-15T23:10:00,2025-02-15T23:20:00,2025-02-15,139,844.7964621651965,844.7964621651965,0.0,844.7964621651965,0.0,0.0,844.7964621651965,0.4248,358.8695371277755,0.6372,0.0,2.124,0.0,0.0,0.0,358.8695371277755,358.87元,0.0,844.7964621651965
2025-02-15T23:20:00,2025-02-15T23:30:00,2025-02-15,140,1228.9517771287292,1228.5487575241016,0.0,1228.5487575241016,-0.403019604627616,0.0,1228.5487575241016,0.424,520.904673190219,0.636,0.0,2.12,0.0,0.0,0.0,520.904673190219,520.90元,0.0,1228.5487575241016
2025-02-15T23:30:00,2025-02-15T23:40:00,2025-02-15,141,1246.2767937827384,1245.884815110912,0.0,1245.884815110912,-0.3919786718263367,0.0,1245.884815110912,0.422,525.7633919768049,0.633,0.0,2.11,0.0,0.0,0.0,525.7633919768049,525.76元,5.833148454245467,1240.0516666566666
2025-02-15T23:40:00,2025-02-15T23:50:00,2025-02-15,142,1223.301256820875,1222.9200166097226,0.0,1222.9200166097226,-0.38124021115254436,0.0,1222.9200166097226,0.424,518.5180870425223,0.636,0.0,2.12,0.0,0.0,0.0,518.5180870425223,518.52元,4.251616619722532,1218.6683999900001
2025-02-15T23:50:00,2025-02-16T00:00:00,2025-02-15,143,440.99180649053693,440.99180649053693,0.0,440.99180649053693,0.0,0.0,440.99180649053693,0.4271,188.3476005521083,0.6406499999999999,0.0,2.1355,0.0,0.0,0.0,188.3476005521083,188.35元,0.0,440.99180649053693
2025-02-16T00:00:00,2025-02-16T00:10:00,2025-02-15,144,564.7325166666667,564.7325166666667,0.0,564.7325166666667,0.0,0.0,564.7325166666667,0.4276,241.47962412666666,0.6414,0.0,2.138,0.0,0.0,0.0,241.47962412666666,241.48元,0.0,564.7325166666667
2025-02-16T00:10:00,2025-02-16T00:20:00,2025-02-16,1,1426.9005105210204,1426.9005105210204,0.0,1426.9005105210204,0.0,0.0,1426.9005105210204,0.4248,606.1473368693295,0.6372,0.0,2.124,0.0,0.0,0.0,606.1473368693295,606.15元,0.0,1426.9005105210204
2025-02-16T00:20:00,2025-02-16T00:30:00,2025-02-16,2,1421.820369012376,1421.820369012376,0.0,1421.820369012376,0.0,0.0,1421.820369012376,0.4245,603.5627466457536,0.6367499999999999,0.0,2.1225,0.0,0.0,0.0,603.5627466457536,603.56元,12.58498568904269,1409.2353833233333
2025-02-16T00:30:00,2025-02-16T00:40:00,2025-02-16,3,833.199308926127,833.199308926127,0.0,833.199308926127,0.0,0.0,833.199308926127,0.4269,355.6927849805636,0.64035,0.0,2.1345,0.0,0.0,0.0,355.6927849805636,355.69元,0.0,833.199308926127
2025-02-16T00:40:00,2025-02-16T00:50:00,2025-02-16,4,602.0018175411565,602.0018175411565,0.0,602.0018175411565,0.0,0.0,602.0018175411565,0.4272,257.1751764535821,0.6408,0.0,2.136,0.0,0.0,0.0,257.1751764535821,257.18元,0.0,602.0018175411565
2025-02-16T00:50:00,2025-02-16T01:00:00,2025-02-16,5,616.256968952546,616.256968952546,0.0,616.256968952546,0.0,0.0,616.256968952546,0.4271,263.2033514396324,0.6406499999999999,0.0,2.1355,0.0,0.0,0.0,263.2033514396324,263.20元,0.0,616.256968952546
2025-02-16T01:00:00,2025-02-16T01:10:00,2025-02-16,6,626.4184498287335,626.4184498287335,0.0,626.4184498287335,0.0,0.0,626.4184498287335,0.4285,268.4203057516123,0.6427499999999999,0.0,2.1425,0.0,0.0,0.0,268.4203057516123,268.42元,0.0,626.4184498287335
2025-02-16T01:10:00,2025-02-16T01:20:00,2025-02-16,7,617.8618745612173,617.8618745612173,0.0,617.8618745612173,0.0,0.0,617.8618745612173,0.4311,266.3602541233408,0.64665,0.0,2.1555,0.0,0.0,0.0,266.3602541233408,266.36元,0.0,617.8618745612173
2025-02-16T01:20:00,2025-02-16T01:30:00,2025-02-16,8,608.7495928316985,608.7495928316985,0.0,608.7495928316985,0.0,0.0,608.7495928316985,0.4302,261.8840748361967,0.6453,0.0,2.1510000000000002,0.0,0.0,0.0,261.8840748361967,261.88元,0.0,608.7495928316985
2025-02-16T01:30:00,2025-02-16T01:40:00,2025-02-16,9,612.2091327548269,612.2091327548269,0.0,612.2091327548269,0.0,0.0,612.2091327548269,0.4279,261.96428790579046,0.64185,0.0,2.1395,0.0,0.0,0.0,261.96428790579046,261.96元,0.0,612.2091327548269
2025-02-16T01:40:00,2025-02-16T01:50:00,2025-02-16,10,623.235476526169,623.235476526169,0.0,623.235476526169,0.0,0.0,623.235476526169,0.4312,268.7391374780841,0.6468,0.0,2.156,0.0,0.0,0.0,268.7391374780841,268.74元,0.0,623.235476526169
2025-02-16T01:50:00,2025-02-16T02:00:00,2025-02-16,11,619.4654269085868,619.4654269085868,0.0,619.4654269085868,0.0,0.0,619.4654269085868,0.4333,268.4143694794907,0.64995,0.0,2.1665,0.0,0.0,0.0,268.4143694794907,268.41元,0.0,619.4654269085868
2025-02-16T02:00:00,2025-02-16T02:10:00,2025-02-16,12,612.0484228902221,612.0484228902221,0.0,612.0484228902221,0.0,0.0,612.0484228902221,0.4311,263.8540751079747,0.64665,0.0,2.1555,0.0,0.0,0.0,263.8540751079747,263.85元,0.0,612.0484228902221
2025-02-16T02:10:00,2025-02-16T02:20:00,2025-02-16,13,633.3702053472861,633.3702053472861,0.0,633.3702053472861,0.0,0.0,633.3702053472861,0.4293,271.9058291555899,0.64395,0.0,2.1465,0.0,0.0,0.0,271.9058291555899,271.91元,0.0,633.3702053472861
2025-02-16T02:20:00,2025-02-16T02:30:00,2025-02-16,14,651.2071177115187,651.2071177115187,0.0,651.2071177115187,0.0,0.0,651.2071177115187,0.4324,281.58195769846066,0.6486000000000001,0.0,2.162,0.0,0.0,0.0,281.58195769846066,281.58元,0.0,651.2071177115187
2025-02-16T02:30:00,2025-02-16T02:40:00,2025-02-16,15,645.5708483088613,645.5708483088613,0.0,645.5708483088613,0.0,0.0,645.5708483088613,0.4367,281.9207894564797,0.6550499999999999,0.0,2.1835,0.0,0.0,0.0,281.9207894564797,281.92元,0.0,645.5708483088613
2025-02-16T02:40:00,2025-02-16T02:50:00,2025-02-16,16,629.7244068692138,629.7244068692138,0.0,629.7244068692138,0.0,0.0,629.7244068692138,0.4348,273.80417210673414,0.6522,0.0,2.174,0.0,0.0,0.0,273.80417210673414,273.80元,0.0,629.7244068692138
2025-02-16T02:50:00,2025-02-16T03:00:00,2025-02-16,17,632.9231710404918,632.9231710404918,0.0,632.9231710404918,0.0,0.0,632.9231710404918,0.4335,274.3721946460532,0.65025,0.0,2.1675,0.0,0.0,0.0,274.3721946460532,274.37元,0.0,632.9231710404918
2025-02-16T03:00:00,2025-02-16T03:10:00,2025-02-16,18,647.0473312401964,647.0473312401964,0.0,647.0473312401964,0.0,0.0,647.0473312401964,0.4357,281.91852222135356,0.65355,0.0,2.1784999999999997,0.0,0.0,0.0,281.91852222135356,281.92元,0.0,647.0473312401964
2025-02-16T03:10:00,2025-02-16T03:20:00,2025-02-16,19,640.6564946777183,640.6564946777183,0.0,640.6564946777183,0.0,0.0,640.6564946777183,0.4374,280.223150772034,0.6561,0.0,2.1870000000000003,0.0,0.0,0.0,280.223150772034,280.22元,0.0,640.6564946777183
2025-02-16T03:20:00,2025-02-16T03:30:00,2025-02-16,20,650.5923110472635,650.5923110472635,0.0,650.5923110472635,0.0,0.0,650.5923110472635,0.4371,284.37389915875883,0.65565,0.0,2.1854999999999998,0.0,0.0,0.0,284.37389915875883,284.37元,0.0,650.5923110472635
2025-02-16T03:30:00,2025-02-16T03:40:00,2025-02-16,21,670.6354832246237,670.6354832246237,0.0,670.6354832246237,0.0,0.0,670.6354832246237,0.4356,292.1288164926461,0.6534,0.0,2.178,0.0,0.0,0.0,292.1288164926461,292.13元,0.0,670.6354832246237
2025-02-16T03:40:00,2025-02-16T03:50:00,2025-02-16,22,655.3110754676901,655.3110754676901,0.0,655.3110754676901,0.0,0.0,655.3110754676901,0.4353,285.2569111510855,0.65295,0.0,2.1765,0.0,0.0,0.0,285.2569111510855,285.26元,0.0,655.3110754676901
2025-02-16T03:50:00,2025-02-16T04:00:00,2025-02-16,23,643.0181891206053,643.0181891206053,0.0,643.0181891206053,0.0,0.0,643.0181891206053,0.436,280.3559304565839,0.654,0.0,2.18,0.0,0.0,0.0,280.3559304565839,280.36元,0.0,643.0181891206053
2025-02-16T04:00:00,2025-02-16T04:10:00,2025-02-16,24,661.1735699881195,661.1735699881195,0.0,661.1735699881195,0.0,0.0,661.1735699881195,0.4378,289.4617889407987,0.6567000000000001,0.0,2.189,0.0,0.0,0.0,289.4617889407987,289.46元,0.0,661.1735699881195
2025-02-16T04:10:00,2025-02-16T04:20:00,2025-02-16,25,690.3912690467241,690.3912690467241,0.0,690.3912690467241,0.0,0.0,690.3912690467241,0.4401,303.8411975074633,0.66015,0.0,2.2005,0.0,0.0,0.0,303.8411975074633,303.84元,0.0,690.3912690467241
2025-02-16T04:20:00,2025-02-16T04:30:00,2025-02-16,26,660.0493348257983,660.0493348257983,0.0,660.0493348257983,0.0,0.0,660.0493348257983,0.4389,289.6956530550429,0.65835,0.0,2.1945,0.0,0.0,0.0,289.6956530550429,289.70元,0.0,660.0493348257983
2025-02-16T04:30:00,2025-02-16T04:40:00,2025-02-16,27,612.3872291253455,612.3872291253455,0.0,612.3872291253455,0.0,0.0,612.3872291253455,0.4364,267.24578679030077,0.6546000000000001,0.0,2.182,0.0,0.0,0.0,267.24578679030077,267.25元,0.0,612.3872291253455
2025-02-16T04:40:00,2025-02-16T04:50:00,2025-02-16,28,658.8399772201403,658.8399772201403,0.0,658.8399772201403,0.0,0.0,658.8399772201403,0.4393,289.42840199280766,0.65895,0.0,2.1965000000000003,0.0,0.0,0.0,289.42840199280766,289.43元,0.0,658.8399772201403
2025-02-16T04:50:00,2025-02-16T05:00:00,2025-02-16,29,692.1040078341612,692.1040078341612,0.0,692.1040078341612,0.0,0.0,692.1040078341612,0.4422,306.04839226426606,0.6633,0.0,2.211,0.0,0.0,0.0,306.04839226426606,306.05元,0.0,692.1040078341612
2025-02-16T05:00:00,2025-02-16T05:10:00,2025-02-16,30,679.0986070333369,679.0986070333369,0.0,679.0986070333369,0.0,0.0,679.0986070333369,0.4395,298.46383779115155,0.65925,0.0,2.1975,0.0,0.0,0.0,298.46383779115155,298.46元,0.0,679.0986070333369
2025-02-16T05:10:00,2025-02-16T05:20:00,2025-02-16,31,688.9751798693067,688.9751798693067,0.0,688.9751798693067,0.0,0.0,688.9751798693067,0.4333,298.5329454373706,0.64995,0.0,2.1665,0.0,0.0,0.0,298.5329454373706,298.53元,0.0,688.9751798693067
2025-02-16T05:20:00,2025-02-16T05:30:00,2025-02-16,32,681.422685630191,681.422685630191,0.0,681.422685630191,0.0,0.0,681.422685630191,0.4439,302.48353015124184,0.66585,0.0,2.2195,0.0,0.0,0.0,302.48353015124184,302.48元,0.0,681.422685630191
2025-02-16T05:30:00,2025-02-16T05:40:00,2025-02-16,33,649.6989148891754,649.6989148891754,0.0,649.6989148891754,0.0,0.0,649.6989148891754,0.4301,279.4355032938343,0.64515,0.0,2.1505,0.0,0.0,0.0,279.4355032938343,279.44元,0.0,649.6989148891754
2025-02-16T05:40:00,2025-02-16T05:50:00,2025-02-16,34,1484.4962287985832,1484.4962287985832,0.0,1484.4962287985832,0.0,0.0,1484.4962287985832,0.3713,551.1934497529139,0.5569500000000001,0.0,1.8565,0.0,0.0,0.0,551.1934497529139,551.19元,550.402976987822,934.0932518107612
2025-02-16T05:50:00,2025-02-16T06:00:00,2025-02-16,35,744.7382251342169,744.7382251342169,0.0,744.7382251342169,0.0,0.0,744.7382251342169,0.5708,425.096578906611,0.8562,0.0,2.854,0.0,0.0,0.0,425.096578906611,425.10元,15.83805845945003,728.9001666747669
2025-02-16T06:00:00,2025-02-16T06:10:00,2025-02-16,36,114.71460094173017,104.97338172058619,0.0,104.97338172058619,-9.741219221143979,32.1999516227471,137.1733333433333,0.9099,95.51528002756137,1.3648500000000001,0.0,4.5495,146.49367990768795,3957.625748916056,1800.5218344693599,2042.5307944046092,2042.53元,0.0,137.1733333433333
2025-02-16T06:10:00,2025-02-16T06:20:00,2025-02-16,37,116.68534480402445,112.49838582118059,0.0,112.49838582118059,-4.186958982843862,8.106414188819251,120.60480000999985,0.9368,105.38848783728197,1.4052,0.0,4.684,37.97044406042937,0.0,0.0,143.35893189771136,143.36元,0.0,120.60480000999985
2025-02-16T06:20:00,2025-02-16T06:30:00,2025-02-16,38,120.77532020152739,118.27086305124953,0.0,118.27086305124953,-2.504457150277858,0.0,118.27086305124953,0.8758,103.58162186028434,1.3137,0.0,4.3790000000000004,0.0,0.0,0.0,103.58162186028434,103.58元,0.0,118.27086305124953
2025-02-16T06:30:00,2025-02-16T06:40:00,2025-02-16,39,120.23314960530001,115.7725494361274,0.0,115.7725494361274,-4.460600169172608,10.670783907205866,126.44333334333328,0.8759,101.405176051104,1.31385,0.0,4.3795,46.73269812160809,0.0,0.0,148.1378741727121,148.14元,0.0,126.44333334333328
2025-02-16T06:40:00,2025-02-16T06:50:00,2025-02-16,40,455.3401129490191,96.27031283146835,0.0,96.27031283146835,-359.06980011755076,0.0,96.27031283146835,0.8601,82.80209606634592,1.29015,0.0,4.3004999999999995,0.0,0.0,0.0,82.80209606634592,82.80元,0.0,96.27031283146835
2025-02-16T06:50:00,2025-02-16T07:00:00,2025-02-16,41,764.3428041140172,679.8900366877801,0.0,679.8900366877801,-84.45276742623707,0.0,679.8900366877801,0.8442,573.963168971824,1.2663,0.0,4.221,0.0,0.0,0.0,573.963168971824,573.96元,0.0,679.8900366877801
2025-02-16T07:00:00,2025-02-16T07:10:00,2025-02-16,42,566.6410047773103,524.189332900253,0.0,524.189332900253,-42.451671877057265,0.0,524.189332900253,0.8334,436.8593900390709,1.2501,0.0,4.167,0.0,0.0,0.0,436.8593900390709,436.86元,0.0,524.189332900253
2025-02-16T07:10:00,2025-02-16T07:20:00,2025-02-16,43,579.3488078353541,538.6133949995376,0.0,538.6133949995376,-40.73541283581653,0.0,538.6133949995376,0.8092,435.8459592336258,1.2138,0.0,4.046,0.0,0.0,0.0,435.8459592336258,435.85元,0.0,538.6133949995376
2025-02-16T07:20:00,2025-02-16T07:30:00,2025-02-16,44,581.6923957575422,542.7170566050288,0.0,542.7170566050288,-38.97533915251336,0.0,542.7170566050288,0.7972,432.65403752552896,1.1958,0.0,3.986,0.0,0.0,0.0,432.65403752552896,432.65元,0.0,542.7170566050288
2025-02-16T07:30:00,2025-02-16T07:40:00,2025-02-16,45,547.4583399042119,547.4583399042119,0.0,547.4583399042119,0.0,0.0,547.4583399042119,0.7644,418.4771550227796,1.1465999999999998,0.0,3.822,0.0,0.0,0.0,418.4771550227796,418.48元,0.0,547.4583399042119
2025-02-16T07:40:00,2025-02-16T07:50:00,2025-02-16,46,1331.3997275725058,1296.1603434927554,0.0,1296.1603434927554,-35.23938407975038,0.0,1296.1603434927554,0.6899,894.2210209756519,1.03485,0.0,3.4494999999999996,0.0,0.0,0.0,894.2210209756519,894.22元,0.0,1296.1603434927554
2025-02-16T07:50:00,2025-02-16T08:00:00,2025-02-16,47,602.4693723638188,0.0,0.0,0.0,-602.4693723638188,0.0,0.0,0.86,0.0,1.29,0.0,4.3,0.0,0.0,0.0,0.0,0.00元,0.0,0.0
2025-02-16T08:00:00,2025-02-16T08:10:00,2025-02-16,48,95.04913023046049,32.66218078920065,0.0,32.66218078920065,-62.386949441259844,0.0,32.66218078920065,1.1617,37.94365542281439,1.74255,0.0,5.8084999999999996,0.0,0.0,0.0,37.94365542281439,37.94元,0.0,32.66218078920065
2025-02-16T08:10:00,2025-02-16T08:20:00,2025-02-16,49,7.958778472322365,0.0,0.0,0.0,-7.958778472322365,0.0,0.0,1.1683,0.0,1.7524499999999998,0.0,5.8415,0.0,0.0,0.0,0.0,0.00元,0.0,0.0
2025-02-16T08:20:00,2025-02-16T08:30:00,2025-02-16,50,0.0,0.0,0.0,0.0,0.0,0.0,0.0,1.0956,0.0,1.6433999999999997,0.0,5.478,0.0,0.0,0.0,0.0,0.00元,0.0,0.0
2025-02-16T08:30:00,2025-02-16T08:40:00,2025-02-16,51,0.0,0.0,0.0,0.0,0.0,0.0,0.0,1.0849,0.0,1.6273499999999999,0.0,5.4245,0.0,0.0,0.0,0.0,0.00元,0.0,0.0
2025-02-16T08:40:00,2025-02-16T08:50:00,2025-02-16,52,0.0,0.0,0.0,0.0,0.0,0.0,0.0,1.061,0.0,1.5915,0.0,5.305,0.0,0.0,0.0,0.0,0.00元,0.0,0.0
2025-02-16T08:50:00,2025-02-16T09:00:00,2025-02-16,53,0.0,0.0,0.0,0.0,0.0,0.0,0.0,1.043,0.0,1.5644999999999998,0.0,5.215,0.0,0.0,0.0,0.0,0.00元,0.0,0.0
2025-02-16T09:00:00,2025-02-16T09:10:00,2025-02-16,54,0.0,0.0,0.0,0.0,0.0,0.0,0.0,1.036,0.0,1.554,0.0,5.18,0.0,0.0,0.0,0.0,0.00元,0.0,0.0
2025-02-16T09:10:00,2025-02-16T09:20:00,2025-02-16,55,0.0,0.0,0.0,0.0,0.0,228.38085067446772,228.38085067446772,1.0147,0.0,1.52205,0.0,5.073499999999999,1158.6902458969118,0.0,0.0,1158.6902458969118,1158.69元,0.0,228.38085067446772
2025-02-16T09:20:00,2025-02-16T09:30:00,2025-02-16,56,0.0,0.0,0.0,0.0,0.0,353.7246166666667,353.7246166666667,0.9922,0.0,1.4883,0.0,4.961,1754.8278232833334,0.0,0.0,1754.8278232833334,1754.83元,0.0,353.7246166666667
2025-02-16T09:30:00,2025-02-16T09:40:00,2025-02-16,57,0.0,0.0,0.0,0.0,0.0,323.87791666666664,323.87791666666664,0.97,0.0,1.455,0.0,4.85,1570.807895833333,0.0,0.0,1570.807895833333,1570.81元,0.0,323.87791666666664
2025-02-16T09:40:00,2025-02-16T09:50:00,2025-02-16,58,0.0,0.0,0.0,0.0,0.0,287.85391666666663,287.85391666666663,0.9422,0.0,1.4133,0.0,4.711,1356.0798014166667,0.0,0.0,1356.0798014166667,1356.08元,0.0,287.85391666666663
2025-02-16T09:50:00,2025-02-16T10:00:00,2025-02-16,59,0.0,0.0,0.0,0.0,0.0,262.1060499999999,262.1060499999999,0.9569,0.0,1.43535,0.0,4.7844999999999995,1254.0463962249996,0.0,0.0,1254.0463962249996,1254.05元,0.0,262.1060499999999
2025-02-16T10:00:00,2025-02-16T10:10:00,2025-02-16,60,0.0,0.0,0.0,0.0,0.0,244.0962500000001,244.0962500000001,0.9977,0.0,1.49655,0.0,4.9885,1217.6741431250005,0.0,0.0,1217.6741431250005,1217.67元,0.0,244.0962500000001
2025-02-16T10:10:00,2025-02-16T10:20:00,2025-02-16,61,0.0,0.0,0.0,0.0,0.0,217.46536666666663,217.46536666666663,0.9919,0.0,1.48785,0.0,4.9595,1078.519485983333,0.0,0.0,1078.519485983333,1078.52元,0.0,217.46536666666663
2025-02-16T10:20:00,2025-02-16T10:30:00,2025-02-16,62,0.0,0.0,0.0,0.0,0.0,205.02563333333325,205.02563333333325,0.9588,0.0,1.4382,0.0,4.794,982.8928861999996,0.0,0.0,982.8928861999996,982.89元,0.0,205.02563333333325
2025-02-16T10:30:00,2025-02-16T10:40:00,2025-02-16,63,0.0,0.0,0.0,0.0,0.0,195.7229166666669,195.7229166666669,0.9549,0.0,1.43235,0.0,4.7745,934.479065625001,0.0,0.0,934.479065625001,934.48元,0.0,195.7229166666669
2025-02-16T10:40:00,2025-02-16T10:50:00,2025-02-16,64,0.0,0.0,0.0,0.0,0.0,155.50034999999986,155.50034999999986,0.9839,0.0,1.4758499999999999,0.0,4.9195,764.9839718249992,0.0,0.0,764.9839718249992,764.98元,0.0,155.50034999999986
2025-02-16T10:50:00,2025-02-16T11:00:00,2025-02-16,65,57.18170265169536,0.0,0.0,0.0,-57.18170265169536,131.06406666666675,131.06406666666675,0.799,0.0,1.1985000000000001,0.0,3.995,523.6009463333337,0.0,0.0,523.6009463333337,523.60元,0.0,131.06406666666675
2025-02-16T11:00:00,2025-02-16T11:10:00,2025-02-16,66,912.862100905014,818.1014219646814,0.0,818.1014219646814,-94.76067894033258,0.0,818.1014219646814,0.5025,411.09596453725237,0.7537499999999999,0.0,2.5124999999999997,0.0,0.0,0.0,411.09596453725237,411.10元,0.0,818.1014219646814
2025-02-16T11:10:00,2025-02-16T11:20:00,2025-02-16,67,887.384570896539,793.424053801842,0.0,793.424053801842,-93.96051709469702,0.0,793.424053801842,0.4662,369.8942938824187,0.6993,0.0,2.331,0.0,0.0,0.0,369.8942938824187,369.89元,0.0,793.424053801842
2025-02-16T11:20:00,2025-02-16T11:30:00,2025-02-16,68,861.5749903521538,768.2245593192928,0.0,768.2245593192928,-93.35043103286102,0.0,768.2245593192928,0.5007,384.65003685116994,0.75105,0.0,2.5035000000000003,0.0,0.0,0.0,384.65003685116994,384.65元,0.0,768.2245593192928
2025-02-16T11:30:00,2025-02-16T11:40:00,2025-02-16,69,860.72185381311,767.6248816879857,0.0,767.6248816879857,-93.09697212512424,0.0,767.6248816879857,0.4827,370.5325303907907,0.7240500000000001,0.0,2.4135,0.0,0.0,0.0,370.5325303907907,370.53元,0.0,767.6248816879857
2025-02-16T11:40:00,2025-02-16T11:50:00,2025-02-16,70,875.9921506107736,782.7938511171654,0.0,782.7938511171654,-93.19829949360815,0.0,782.7938511171654,0.4785,374.5668577595637,0.71775,0.0,2.3925,0.0,0.0,0.0,374.5668577595637,374.57元,0.0,782.7938511171654
2025-02-16T11:50:00,2025-02-16T12:00:00,2025-02-16,71,848.6284571156226,755.75035746121,0.0,755.75035746121,-92.87809965441261,0.0,755.75035746121,0.4662,352.3308166484161,0.6993,0.0,2.331,0.0,0.0,0.0,352.3308166484161,352.33元,0.0,755.75035746121
2025-02-16T12:00:00,2025-02-16T12:10:00,2025-02-16,72,812.4188823589301,716.9990550537042,0.0,716.9990550537042,-95.41982730522591,0.0,716.9990550537042,0.4432,317.77398119980165,0.6648,0.0,2.2159999999999997,0.0,608.2540721562539,134.78910238982584,452.56308358962747,452.56元,0.0,716.9990550537042
2025-02-16T12:10:00,2025-02-16T12:20:00,2025-02-16,73,789.9166249660899,695.4342233218445,0.0,695.4342233218445,-94.48240164424544,0.0,695.4342233218445,0.4411,306.7560359072656,0.66165,0.0,2.2055,0.0,0.0,0.0,306.7560359072656,306.76元,0.0,695.4342233218445
2025-02-16T12:20:00,2025-02-16T12:30:00,2025-02-16,74,792.4047863637012,699.028620815952,0.0,699.028620815952,-93.37616554774922,0.0,699.028620815952,0.4551,318.12792533333976,0.68265,0.0,2.2755,0.0,0.0,0.0,318.12792533333976,318.13元,0.0,699.028620815952
2025-02-16T12:30:00,2025-02-16T12:40:00,2025-02-16,75,790.290001445874,697.9033301934387,0.0,697.9033301934387,-92.38667125243535,0.0,697.9033301934387,0.4463,311.4742562653317,0.66945,0.0,2.2315,0.0,0.0,0.0,311.4742562653317,311.47元,0.0,697.9033301934387
2025-02-16T12:40:00,2025-02-16T12:50:00,2025-02-16,76,775.6712303609178,684.2275039682352,0.0,684.2275039682352,-91.4437263926826,0.0,684.2275039682352,0.4113,281.4227723821351,0.61695,0.0,2.0564999999999998,0.0,0.0,0.0,281.4227723821351,281.42元,0.0,684.2275039682352
2025-02-16T12:50:00,2025-02-16T13:00:00,2025-02-16,77,765.1278000503478,714.8941696746297,0.0,714.8941696746297,-50.23363037571812,0.0,714.8941696746297,0.5682,406.2028672091246,0.8523000000000001,0.0,2.841,0.0,0.0,0.0,406.2028672091246,406.20元,0.0,714.8941696746297
2025-02-16T13:00:00,2025-02-16T13:10:00,2025-02-16,78,108.85151245013935,0.0,0.0,0.0,-108.85151245013935,0.0,0.0,0.8279,0.0,1.24185,0.0,4.1395,0.0,0.0,0.0,0.0,0.00元,0.0,0.0
2025-02-16T13:10:00,2025-02-16T13:20:00,2025-02-16,79,106.96324362429664,0.0,0.0,0.0,-106.96324362429664,0.0,0.0,0.8636,0.0,1.2954,0.0,4.3180000000000005,0.0,0.0,0.0,0.0,0.00元,0.0,0.0
2025-02-16T13:20:00,2025-02-16T13:30:00,2025-02-16,80,97.4426790642633,0.0,0.0,0.0,-97.4426790642633,0.0,0.0,0.8416,0.0,1.2624,0.0,4.208,0.0,0.0,0.0,0.0,0.00元,0.0,0.0
2025-02-16T13:30:00,2025-02-16T13:40:00,2025-02-16,81,108.02072472187899,0.0,0.0,0.0,-108.02072472187899,0.0,0.0,0.8618,0.0,1.2927,0.0,4.309,0.0,0.0,0.0,0.0,0.00元,0.0,0.0
2025-02-16T13:40:00,2025-02-16T13:50:00,2025-02-16,82,116.9192311332547,0.0,2.2166214153317014,2.2166214153317014,-114.702609717923,0.0,2.2166214153317014,0.8623,0.0,1.29345,2.867088969660789,4.3115,0.0,0.0,0.0,2.867088969660789,2.87元,0.0,2.2166214153317014
2025-02-16T13:50:00,2025-02-16T14:00:00,2025-02-16,83,0.25975486148896404,0.0,0.0,0.0,-0.25975486148896404,0.0,0.0,0.9026,0.0,1.3538999999999999,0.0,4.513,0.0,0.0,0.0,0.0,0.00元,0.0,0.0
2025-02-16T14:00:00,2025-02-16T14:10:00,2025-02-16,84,0.0,0.0,0.0,0.0,0.0,0.0,0.0,0.9754,0.0,1.4631,0.0,4.877000000000001,0.0,0.0,0.0,0.0,0.00元,0.0,0.0
2025-02-16T14:10:00,2025-02-16T14:20:00,2025-02-16,85,0.0,0.0,0.0,0.0,0.0,0.0,0.0,1.0002,0.0,1.5003,0.0,5.0009999999999994,0.0,0.0,0.0,0.0,0.00元,0.0,0.0
2025-02-16T14:20:00,2025-02-16T14:30:00,2025-02-16,86,0.0,0.0,0.0,0.0,0.0,0.0,0.0,0.9978,0.0,1.4967000000000001,0.0,4.989,0.0,0.0,0.0,0.0,0.00元,0.0,0.0
2025-02-16T14:30:00,2025-02-16T14:40:00,2025-02-16,87,0.0,0.0,0.0,0.0,0.0,0.0,0.0,1.0271,0.0,1.5406499999999999,0.0,5.1354999999999995,0.0,0.0,0.0,0.0,0.00元,0.0,0.0
2025-02-16T14:40:00,2025-02-16T14:50:00,2025-02-16,88,0.0,0.0,0.0,0.0,0.0,0.0,0.0,1.0906,0.0,1.6359,0.0,5.453,0.0,0.0,0.0,0.0,0.00元,0.0,0.0
2025-02-16T14:50:00,2025-02-16T15:00:00,2025-02-16,89,0.0,0.0,0.0,0.0,0.0,0.0,0.0,0.9376,0.0,1.4064,0.0,4.688,0.0,0.0,0.0,0.0,0.00元,0.0,0.0
2025-02-16T15:00:00,2025-02-16T15:10:00,2025-02-16,90,1362.6232192002467,1257.8597345989988,0.0,1257.8597345989988,-104.76348460124791,0.0,1257.8597345989988,0.6694,842.0113063405698,1.0041,0.0,3.347,0.0,0.0,0.0,842.0113063405698,842.01元,0.0,1257.8597345989988
2025-02-16T15:10:00,2025-02-16T15:20:00,2025-02-16,91,1383.241595776207,1280.5683801584762,0.0,1280.5683801584762,-102.67321561773088,0.0,1280.5683801584762,0.66,845.1751309045943,0.99,0.0,3.3000000000000003,0.0,0.0,0.0,845.1751309045943,845.18元,0.0,1280.5683801584762
2025-02-16T15:20:00,2025-02-16T15:30:00,2025-02-16,92,1413.048774112819,787.539243066989,299.2573071739655,1086.7965502409545,-326.25222387186454,0.0,1086.7965502409545,0.7217,568.367071721446,1.08255,323.96099788117635,3.6085000000000003,0.0,0.0,0.0,892.3280696026225,892.33元,0.0,1086.7965502409545
2025-02-16T15:30:00,2025-02-16T15:40:00,2025-02-16,93,952.896014932841,536.8529061393143,0.0,536.8529061393143,-416.0431087935267,0.0,536.8529061393143,0.7308,392.3321038066109,1.0962,0.0,3.654,0.0,0.0,0.0,392.3321038066109,392.33元,0.0,536.8529061393143
2025-02-16T15:40:00,2025-02-16T15:50:00,2025-02-16,94,617.9684205946069,554.9096390048808,0.0,554.9096390048808,-63.058781589726095,0.0,554.9096390048808,0.7534,418.06892202627716,1.1300999999999999,0.0,3.767,0.0,0.0,0.0,418.06892202627716,418.07元,0.0,554.9096390048808
2025-02-16T15:50:00,2025-02-16T16:00:00,2025-02-16,95,646.0537700125254,581.3067974167561,0.0,581.3067974167561,-64.74697259576931,0.0,581.3067974167561,0.7823,454.75630761912834,1.1734499999999999,0.0,3.9115,0.0,0.0,0.0,454.75630761912834,454.76元,0.0,581.3067974167561
2025-02-16T16:00:00,2025-02-16T16:10:00,2025-02-16,96,851.6949958395068,840.4509722279462,0.0,840.4509722279462,-11.244023611560579,0.0,840.4509722279462,0.8055,676.9832581296106,1.20825,0.0,4.0275,0.0,0.0,0.0,676.9832581296106,676.98元,0.0,840.4509722279462
2025-02-16T16:10:00,2025-02-16T16:20:00,2025-02-16,97,860.4397308545055,847.5303876147339,0.0,847.5303876147339,-12.909343239771601,0.0,847.5303876147339,0.8271,700.9923835961463,1.24065,0.0,4.1354999999999995,0.0,0.0,0.0,700.9923835961463,700.99元,0.0,847.5303876147339
2025-02-16T16:20:00,2025-02-16T16:30:00,2025-02-16,98,862.3042102035298,847.8047229161912,0.0,847.8047229161912,-14.499487287338638,0.0,847.8047229161912,0.8519,722.2448434523033,1.27785,0.0,4.2595,0.0,0.0,0.0,722.2448434523033,722.24元,0.0,847.8047229161912
2025-02-16T16:30:00,2025-02-16T16:40:00,2025-02-16,99,868.7828397842356,852.6852375102852,0.0,852.6852375102852,-16.09760227395043,0.0,852.6852375102852,0.8791,749.5955922952917,1.3186499999999999,0.0,4.3955,0.0,0.0,0.0,749.5955922952917,749.60元,0.0,852.6852375102852
2025-02-16T16:40:00,2025-02-16T16:50:00,2025-02-16,100,881.1395143260693,863.3853110152911,0.0,863.3853110152911,-17.754203310778166,0.0,863.3853110152911,0.9024,779.1189046601987,1.3536,0.0,4.512,0.0,0.0,0.0,779.1189046601987,779.12元,0.0,863.3853110152911
2025-02-16T16:50:00,2025-02-16T17:00:00,2025-02-16,101,889.6884093171992,870.4014158941808,0.0,870.4014158941808,-19.28699342301843,0.0,870.4014158941808,0.9163,797.5488173838379,1.37445,0.0,4.5815,0.0,0.0,0.0,797.5488173838379,797.55元,0.0,870.4014158941808
2025-02-16T17:00:00,2025-02-16T17:10:00,2025-02-16,102,957.6664198257596,957.6664198257596,0.0,957.6664198257596,0.0,0.0,957.6664198257596,0.9264,887.1821713265837,1.3896,0.0,4.632,0.0,0.0,0.0,887.1821713265837,887.18元,0.0,957.6664198257596
2025-02-16T17:10:00,2025-02-16T17:20:00,2025-02-16,103,997.2692431438011,997.2692431438011,0.0,997.2692431438011,0.0,0.0,997.2692431438011,0.9462,943.6161578626646,1.4193,0.0,4.731,0.0,0.0,0.0,943.6161578626646,943.62元,0.0,997.2692431438011
2025-02-16T17:20:00,2025-02-16T17:30:00,2025-02-16,104,1014.9140041503248,1014.9140041503248,0.0,1014.9140041503248,0.0,0.0,1014.9140041503248,0.9742,988.7292228432464,1.4613,0.0,4.8709999999999996,0.0,0.0,0.0,988.7292228432464,988.73元,0.0,1014.9140041503248
2025-02-16T17:30:00,2025-02-16T17:40:00,2025-02-16,105,1018.824642631745,1017.3723268261468,0.0,1017.3723268261468,-1.4523158055981185,0.0,1017.3723268261468,0.9862,1003.3325887159459,1.4792999999999998,0.0,4.931,0.0,0.0,0.0,1003.3325887159459,1003.33元,0.0,1017.3723268261468
2025-02-16T17:40:00,2025-02-16T17:50:00,2025-02-16,106,1036.674675284227,1036.4668396835652,0.0,1036.4668396835652,-0.20783560066183782,0.0,1036.4668396835652,0.976,1011.5916355311597,1.464,0.0,4.88,0.0,0.0,0.0,1011.5916355311597,1011.59元,0.0,1036.4668396835652
2025-02-16T17:50:00,2025-02-16T18:00:00,2025-02-16,107,908.8920582832001,907.5349432970904,0.0,907.5349432970904,-1.35711498610965,0.0,907.5349432970904,1.0742,974.8740360897345,1.6113,0.0,5.371,0.0,0.0,0.0,974.8740360897345,974.87元,0.0,907.5349432970904
2025-02-16T18:00:00,2025-02-16T18:10:00,2025-02-16,108,711.7100077274981,710.3738126822797,2.058920651053654,712.4327333333333,0.7227256058351941,0.0,712.4327333333333,1.2313,874.683275555691,1.84695,3.8027234964635466,6.1565,0.0,0.0,0.0,878.4859990521545,878.49元,0.0,712.4327333333333
2025-02-16T18:10:00,2025-02-16T18:20:00,2025-02-16,109,706.3335313923244,705.0339421090442,2.0025154432420322,707.0364575522863,0.7029261599618621,0.0,707.0364575522863,1.2561,885.5931346831704,1.88415,3.773039472384475,6.2805,0.0,0.0,0.0,889.3661741555549,889.37元,0.0,707.0364575522863
2025-02-16T18:20:00,2025-02-16T18:30:00,2025-02-16,110,745.578067107946,744.3152809879083,1.9445722347420542,746.2598532226503,0.6817861147043232,0.0,746.2598532226503,1.2447,926.4492302456493,1.8670499999999999,3.6306135908751522,6.2235,0.0,0.0,0.0,930.0798438365246,930.08元,0.0,746.2598532226503
2025-02-16T18:30:00,2025-02-16T18:40:00,2025-02-16,111,736.2251476298942,734.9957888416856,1.8942984451668963,736.8900872868525,0.6649396569582677,0.0,736.8900872868525,1.2545,922.0522171018945,1.8817499999999998,3.5645960991928067,6.2725,0.0,0.0,0.0,925.6168132010873,925.62元,0.0,736.8900872868525
2025-02-16T18:40:00,2025-02-16T18:50:00,2025-02-16,112,730.0844373320734,728.8887574706794,1.8424031487637649,730.7311606194431,0.6467232873696958,0.0,730.7311606194431,1.2522,912.7145021047847,1.8782999999999999,3.4605858343229796,6.261,0.0,0.0,0.0,916.1750879391076,916.18元,0.0,730.7311606194431
2025-02-16T18:50:00,2025-02-16T19:00:00,2025-02-16,113,49.830712740528384,36.664469459975635,252.0370262732689,288.70149573324454,238.87078299271616,0.0,288.70149573324454,1.2881,47.22750311139462,1.93215,486.97334031389653,6.4405,0.0,0.0,0.0,534.2008434252912,534.20元,0.0,288.70149573324454
2025-02-16T19:00:00,2025-02-16T19:10:00,2025-02-16,114,15.679511377881227,15.679511377881227,12.99436943566377,28.673880813544997,12.99436943566377,0.0,28.673880813544997,1.3466,21.11403002145486,2.0199,26.24732682309725,6.7330000000000005,0.0,0.0,0.0,47.36135684455211,47.36元,0.0,28.673880813544997
2025-02-16T19:10:00,2025-02-16T19:20:00,2025-02-16,115,18.463354771757054,17.070410355269814,2.5114091118535953,19.58181946712341,1.118464695366356,0.0,19.58181946712341,1.3523,23.084315923431372,2.0284500000000003,5.094267812939425,6.7615,0.0,0.0,0.0,28.178583736370797,28.18元,0.0,19.58181946712341
2025-02-16T19:20:00,2025-02-16T19:30:00,2025-02-16,116,0.0,0.0,10.695293788065896,10.695293788065896,10.695293788065896,0.0,10.695293788065896,1.3445,0.0,2.01675,21.569733747081898,6.7225,0.0,0.0,0.0,21.569733747081898,21.57元,0.0,10.695293788065896
2025-02-16T19:30:00,2025-02-16T19:40:00,2025-02-16,117,0.0,0.0,3.609523394191683,3.609523394191683,3.609523394191683,0.0,3.609523394191683,1.3483,0.0,2.02245,7.300080588582969,6.7415,0.0,0.0,0.0,7.300080588582969,7.30元,0.0,3.609523394191683
2025-02-16T19:40:00,2025-02-16T19:50:00,2025-02-16,118,31.113591174997623,31.113591174997623,9.526230702833686,40.63982187783131,9.526230702833686,0.0,40.63982187783131,1.349,41.972234495071795,2.0235,19.276327827183962,6.745,0.0,0.0,0.0,61.24856232225576,61.25元,0.0,40.63982187783131
2025-02-16T19:50:00,2025-02-16T20:00:00,2025-02-16,119,25.00648606026425,23.51048734871779,12.256429091835571,35.76691644055336,10.760430380289108,0.0,35.76691644055336,1.3473,31.675679604927474,2.02095,24.769630373145095,6.7364999999999995,0.0,0.0,0.0,56.44530997807257,56.45元,0.0,35.76691644055336
2025-02-16T20:00:00,2025-02-16T20:10:00,2025-02-16,120,0.0,0.0,0.0,0.0,0.0,0.0,0.0,1.3482,0.0,2.0223,0.0,6.7410000000000005,0.0,0.0,0.0,0.0,0.00元,0.0,0.0
2025-02-16T20:10:00,2025-02-16T20:20:00,2025-02-16,121,0.0,0.0,0.0,0.0,0.0,0.0,0.0,1.3513,0.0,2.02695,0.0,6.7565,0.0,0.0,0.0,0.0,0.00元,0.0,0.0
2025-02-16T20:20:00,2025-02-16T20:30:00,2025-02-16,122,0.0,0.0,0.0,0.0,0.0,0.0,0.0,1.34,0.0,2.0100000000000002,0.0,6.7,0.0,0.0,0.0,0.0,0.00元,0.0,0.0
2025-02-16T20:30:00,2025-02-16T20:40:00,2025-02-16,123,0.0,0.0,0.0,0.0,0.0,0.0,0.0,1.3489,0.0,2.0233499999999998,0.0,6.7445,0.0,0.0,0.0,0.0,0.00元,0.0,0.0
2025-02-16T20:40:00,2025-02-16T20:50:00,2025-02-16,124,1.0643724988674421,0.0,0.0,0.0,-1.0643724988674421,0.0,0.0,1.3952,0.0,2.0928,0.0,6.976,0.0,0.0,0.0,0.0,0.00元,0.0,0.0
2025-02-16T20:50:00,2025-02-16T21:00:00,2025-02-16,125,723.5197863690539,722.686515207601,0.0,722.686515207601,-0.8332711614528989,0.0,722.686515207601,1.2226,883.556533492813,1.8338999999999999,0.0,6.1129999999999995,0.0,0.0,0.0,883.556533492813,883.56元,0.0,722.686515207601
2025-02-16T21:00:00,2025-02-16T21:10:00,2025-02-16,126,739.8906774415249,729.1765856805872,0.0,729.1765856805872,-10.714091760937663,0.0,729.1765856805872,0.9332,680.467589757124,1.3998,0.0,4.666,0.0,0.0,0.0,680.467589757124,680.47元,0.0,729.1765856805872
2025-02-16T21:10:00,2025-02-16T21:20:00,2025-02-16,127,723.7908301832898,713.3702565683667,0.0,713.3702565683667,-10.420573614923114,0.0,713.3702565683667,0.9068,646.884148656195,1.3602,0.0,4.534000000000001,0.0,0.0,0.0,646.884148656195,646.88元,0.0,713.3702565683667
2025-02-16T21:20:00,2025-02-16T21:30:00,2025-02-16,128,707.3040169926286,699.750519071866,7.968164209365,707.718683281231,0.41466628860246146,0.0,707.718683281231,0.9371,655.7362114222457,1.40565,11.200450020893912,4.6855,0.0,0.0,0.0,666.9366614431397,666.94元,0.0,707.718683281231
2025-02-16T21:30:00,2025-02-16T21:40:00,2025-02-16,129,725.2159674632172,717.8694015675944,7.749872184426749,725.6192737520212,0.4033062888039467,0.0,725.6192737520212,0.9371,672.7154162089928,1.40565,10.893607836039461,4.6855,0.0,0.0,0.0,683.6090240450322,683.61元,0.0,725.6192737520212
2025-02-16T21:40:00,2025-02-16T21:50:00,2025-02-16,130,713.9757960766909,703.5731546315684,0.0,703.5731546315684,-10.402641445122526,0.0,703.5731546315684,0.9871,694.4970609368212,1.48065,0.0,4.9355,0.0,0.0,0.0,694.4970609368212,694.50元,0.0,703.5731546315684
2025-02-16T21:50:00,2025-02-16T22:00:00,2025-02-16,131,646.0624892668737,646.0624892668737,21.366446037775404,667.4289353046491,21.366446037775404,0.0,667.4289353046491,0.7764,501.60291666680075,1.1646,24.883363055593236,3.8819999999999997,0.0,0.0,0.0,526.486279722394,526.49元,0.0,667.4289353046491
2025-02-16T22:00:00,2025-02-16T22:10:00,2025-02-16,132,1389.9818904310584,1383.2227235120845,0.0,1383.2227235120845,-6.7591669189739605,0.0,1383.2227235120845,0.4209,582.1984443262363,0.63135,0.0,2.1045,0.0,0.0,0.0,582.1984443262363,582.20元,9.821056855417844,1373.4016666566667
2025-02-16T22:10:00,2025-02-16T22:20:00,2025-02-16,133,1380.3899825961391,1373.8159865891685,0.0,1373.8159865891685,-6.573996006970674,0.0,1373.8159865891685,0.3859,530.1555892247601,0.5788500000000001,0.0,1.9295,0.0,0.0,0.0,530.1555892247601,530.16元,16.43661993250179,1357.3793666566667
2025-02-16T22:20:00,2025-02-16T22:30:00,2025-02-16,134,555.6813995481237,555.6813995481237,0.0,555.6813995481237,0.0,0.0,555.6813995481237,0.4368,242.72163532262047,0.6552,0.0,2.184,0.0,0.0,0.0,242.72163532262047,242.72元,0.0,555.6813995481237
2025-02-16T22:30:00,2025-02-16T22:40:00,2025-02-16,135,1374.944181533037,1368.7254477616875,0.0,1368.7254477616875,-6.218733771349434,0.0,1368.7254477616875,0.4198,574.5909429703564,0.6297,0.0,2.099,0.0,0.0,0.0,574.5909429703564,574.59元,0.0,1368.7254477616875
2025-02-16T22:40:00,2025-02-16T22:50:00,2025-02-16,136,1372.473918995629,1366.42555068762,0.0,1366.42555068762,-6.048368308009003,0.0,1366.42555068762,0.4186,571.9857355178377,0.6279,0.0,2.093,0.0,0.0,0.0,571.9857355178377,571.99元,0.0,1366.42555068762
2025-02-16T22:50:00,2025-02-16T23:00:00,2025-02-16,137,1376.102645073933,1370.219974978315,0.0,1370.219974978315,-5.882670095618096,0.0,1370.219974978315,0.4241,581.1102913883033,0.63615,0.0,2.1205,0.0,0.0,0.0,581.1102913883033,581.11元,0.0,1370.219974978315
2025-02-16T23:00:00,2025-02-16T23:10:00,2025-02-16,138,1382.4803114273027,1376.7588001549059,0.0,1376.7588001549059,-5.7215112723968105,0.0,1376.7588001549059,0.4237,583.3327036256336,0.6355500000000001,0.0,2.1185,0.0,0.0,0.0,583.3327036256336,583.33元,0.0,1376.7588001549059
2025-02-16T23:10:00,2025-02-16T23:20:00,2025-02-16,139,1018.5598229821178,1018.5598229821178,0.0,1018.5598229821178,0.0,0.0,1018.5598229821178,0.4248,432.68421280280364,0.6372,0.0,2.124,0.0,0.0,0.0,432.68421280280364,432.68元,0.0,1018.5598229821178
2025-02-16T23:20:00,2025-02-16T23:30:00,2025-02-16,140,1398.7428200058298,1393.3305022412492,0.0,1393.3305022412492,-5.412317764580621,0.0,1393.3305022412492,0.424,590.7721329502897,0.636,0.0,2.12,0.0,0.0,0.0,590.7721329502897,590.77元,21.422018917915914,1371.9084833233333
2025-02-16T23:30:00,2025-02-16T23:40:00,2025-02-16,141,1391.8652664439815,1386.6012219545742,0.0,1386.6012219545742,-5.264044489407297,0.0,1386.6012219545742,0.422,585.1457156648303,0.633,0.0,2.11,0.0,0.0,0.0,585.1457156648303,585.15元,0.0,1386.6012219545742
2025-02-16T23:40:00,2025-02-16T23:50:00,2025-02-16,142,1394.4759390735776,1389.3561058354405,0.0,1389.3561058354405,-5.119833238137062,0.0,1389.3561058354405,0.424,589.0869888742268,0.636,0.0,2.12,0.0,0.0,0.0,589.0869888742268,589.09元,0.0,1389.3561058354405
2025-02-16T23:50:00,2025-02-17T00:00:00,2025-02-16,143,576.231635419422,576.231635419422,0.0,576.231635419422,0.0,0.0,576.231635419422,0.4271,246.10853148763513,0.6406499999999999,0.0,2.1355,0.0,0.0,0.0,246.10853148763513,246.11元,0.0,576.231635419422
2025-02-17T00:00:00,2025-02-17T00:10:00,2025-02-16,144,593.081025,593.081025,0.0,593.081025,0.0,0.0,593.081025,0.4276,253.60144628999996,0.6414,0.0,2.138,0.0,0.0,0.0,253.60144628999996,253.60元,0.0,593.081025
2025-02-17T00:10:00,2025-02-17T00:20:00,2025-02-17,1,1407.9809454768492,1407.9809454768492,0.0,1407.9809454768492,0.0,0.0,1407.9809454768492,0.4248,598.1103056385656,0.6372,0.0,2.124,0.0,0.0,0.0,598.1103056385656,598.11元,2.696278820182548,1405.2846666566668
2025-02-17T00:20:00,2025-02-17T00:30:00,2025-02-17,2,1408.318469716456,1408.318469716456,0.0,1408.318469716456,0.0,0.0,1408.318469716456,0.4245,597.8311903946355,0.6367499999999999,0.0,2.1225,0.0,0.0,0.0,597.8311903946355,597.83元,0.0,1408.318469716456
2025-02-17T00:30:00,2025-02-17T00:40:00,2025-02-17,3,646.334480643864,646.334480643864,0.0,646.334480643864,0.0,0.0,646.334480643864,0.4269,275.92018978686554,0.64035,0.0,2.1345,0.0,0.0,0.0,275.92018978686554,275.92元,0.0,646.334480643864
2025-02-17T00:40:00,2025-02-17T00:50:00,2025-02-17,4,582.9421654165791,582.9421654165791,0.0,582.9421654165791,0.0,0.0,582.9421654165791,0.4272,249.0328930659626,0.6408,0.0,2.136,0.0,0.0,0.0,249.0328930659626,249.03元,0.0,582.9421654165791
2025-02-17T00:50:00,2025-02-17T01:00:00,2025-02-17,5,570.2823410278213,570.2823410278213,0.0,570.2823410278213,0.0,0.0,570.2823410278213,0.4271,243.56758785298246,0.6406499999999999,0.0,2.1355,0.0,0.0,0.0,243.56758785298246,243.57元,0.0,570.2823410278213
2025-02-17T01:00:00,2025-02-17T01:10:00,2025-02-17,6,578.5457554534988,578.5457554534988,0.0,578.5457554534988,0.0,0.0,578.5457554534988,0.4285,247.90685621182425,0.6427499999999999,0.0,2.1425,0.0,0.0,0.0,247.90685621182425,247.91元,0.0,578.5457554534988
2025-02-17T01:10:00,2025-02-17T01:20:00,2025-02-17,7,607.5267572755755,607.5267572755755,0.0,607.5267572755755,0.0,0.0,607.5267572755755,0.4311,261.9047850615006,0.64665,0.0,2.1555,0.0,0.0,0.0,261.9047850615006,261.90元,0.0,607.5267572755755
2025-02-17T01:20:00,2025-02-17T01:30:00,2025-02-17,8,624.9675373048691,624.9675373048691,0.0,624.9675373048691,0.0,0.0,624.9675373048691,0.4302,268.8610345485547,0.6453,0.0,2.1510000000000002,0.0,0.0,0.0,268.8610345485547,268.86元,0.0,624.9675373048691
2025-02-17T01:30:00,2025-02-17T01:40:00,2025-02-17,9,616.6471884425556,616.6471884425556,0.0,616.6471884425556,0.0,0.0,616.6471884425556,0.4279,263.86333193456954,0.64185,0.0,2.1395,0.0,0.0,0.0,263.86333193456954,263.86元,0.0,616.6471884425556
2025-02-17T01:40:00,2025-02-17T01:50:00,2025-02-17,10,598.0119127338082,598.0119127338082,0.0,598.0119127338082,0.0,0.0,598.0119127338082,0.4312,257.8627367708181,0.6468,0.0,2.156,0.0,0.0,0.0,257.8627367708181,257.86元,0.0,598.0119127338082
2025-02-17T01:50:00,2025-02-17T02:00:00,2025-02-17,11,601.8445554209376,601.8445554209376,0.0,601.8445554209376,0.0,0.0,601.8445554209376,0.4333,260.77924586389224,0.64995,0.0,2.1665,0.0,0.0,0.0,260.77924586389224,260.78元,0.0,601.8445554209376
2025-02-17T02:00:00,2025-02-17T02:10:00,2025-02-17,12,623.3765706663072,623.3765706663072,0.0,623.3765706663072,0.0,0.0,623.3765706663072,0.4311,268.73763961424504,0.64665,0.0,2.1555,0.0,0.0,0.0,268.73763961424504,268.74元,0.0,623.3765706663072
2025-02-17T02:10:00,2025-02-17T02:20:00,2025-02-17,13,629.2212389449422,629.2212389449422,0.0,629.2212389449422,0.0,0.0,629.2212389449422,0.4293,270.1246778790637,0.64395,0.0,2.1465,0.0,0.0,0.0,270.1246778790637,270.12元,0.0,629.2212389449422
2025-02-17T02:20:00,2025-02-17T02:30:00,2025-02-17,14,636.6184361067458,636.6184361067458,0.0,636.6184361067458,0.0,0.0,636.6184361067458,0.4324,275.2738117725569,0.6486000000000001,0.0,2.162,0.0,0.0,0.0,275.2738117725569,275.27元,0.0,636.6184361067458
2025-02-17T02:30:00,2025-02-17T02:40:00,2025-02-17,15,645.2302249415786,645.2302249415786,0.0,645.2302249415786,0.0,0.0,645.2302249415786,0.4367,281.7720392319874,0.6550499999999999,0.0,2.1835,0.0,0.0,0.0,281.7720392319874,281.77元,0.0,645.2302249415786
2025-02-17T02:40:00,2025-02-17T02:50:00,2025-02-17,16,636.6605425804515,636.6605425804515,0.0,636.6605425804515,0.0,0.0,636.6605425804515,0.4348,276.8200039139803,0.6522,0.0,2.174,0.0,0.0,0.0,276.8200039139803,276.82元,0.0,636.6605425804515
2025-02-17T02:50:00,2025-02-17T03:00:00,2025-02-17,17,640.9637728994285,640.9637728994285,0.0,640.9637728994285,0.0,0.0,640.9637728994285,0.4335,277.85779555190226,0.65025,0.0,2.1675,0.0,0.0,0.0,277.85779555190226,277.86元,0.0,640.9637728994285
2025-02-17T03:00:00,2025-02-17T03:10:00,2025-02-17,18,653.2261080928272,653.2261080928272,0.0,653.2261080928272,0.0,0.0,653.2261080928272,0.4357,284.6106152960448,0.65355,0.0,2.1784999999999997,0.0,0.0,0.0,284.6106152960448,284.61元,0.0,653.2261080928272
2025-02-17T03:10:00,2025-02-17T03:20:00,2025-02-17,19,638.3967694156468,638.3967694156468,0.0,638.3967694156468,0.0,0.0,638.3967694156468,0.4374,279.2347469424039,0.6561,0.0,2.1870000000000003,0.0,0.0,0.0,279.2347469424039,279.23元,0.0,638.3967694156468
2025-02-17T03:20:00,2025-02-17T03:30:00,2025-02-17,20,628.9217054284863,628.9217054284863,0.0,628.9217054284863,0.0,0.0,628.9217054284863,0.4371,274.90167744279137,0.65565,0.0,2.1854999999999998,0.0,0.0,0.0,274.90167744279137,274.90元,0.0,628.9217054284863
2025-02-17T03:30:00,2025-02-17T03:40:00,2025-02-17,21,637.6092035782193,637.6092035782193,0.0,637.6092035782193,0.0,0.0,637.6092035782193,0.4356,277.7425690786723,0.6534,0.0,2.178,0.0,0.0,0.0,277.7425690786723,277.74元,0.0,637.6092035782193
2025-02-17T03:40:00,2025-02-17T03:50:00,2025-02-17,22,646.3774242810223,646.3774242810223,0.0,646.3774242810223,0.0,0.0,646.3774242810223,0.4353,281.368092789529,0.65295,0.0,2.1765,0.0,0.0,0.0,281.368092789529,281.37元,0.0,646.3774242810223
2025-02-17T03:50:00,2025-02-17T04:00:00,2025-02-17,23,660.9819000076972,660.9819000076972,0.0,660.9819000076972,0.0,0.0,660.9819000076972,0.436,288.18810840335595,0.654,0.0,2.18,0.0,0.0,0.0,288.18810840335595,288.19元,0.0,660.9819000076972
2025-02-17T04:00:00,2025-02-17T04:10:00,2025-02-17,24,676.8513327045533,676.8513327045533,0.0,676.8513327045533,0.0,0.0,676.8513327045533,0.4378,296.3255134580535,0.6567000000000001,0.0,2.189,0.0,0.0,0.0,296.3255134580535,296.33元,0.0,676.8513327045533
2025-02-17T04:10:00,2025-02-17T04:20:00,2025-02-17,25,680.7971470497915,680.7971470497915,0.0,680.7971470497915,0.0,0.0,680.7971470497915,0.4401,299.6188244166132,0.66015,0.0,2.2005,0.0,0.0,0.0,299.6188244166132,299.62元,0.0,680.7971470497915
2025-02-17T04:20:00,2025-02-17T04:30:00,2025-02-17,26,690.7321478786622,690.7321478786622,0.0,690.7321478786622,0.0,0.0,690.7321478786622,0.4389,303.16233970394484,0.65835,0.0,2.1945,0.0,0.0,0.0,303.16233970394484,303.16元,0.0,690.7321478786622
2025-02-17T04:30:00,2025-02-17T04:40:00,2025-02-17,27,705.1803842773407,705.1803842773407,0.0,705.1803842773407,0.0,0.0,705.1803842773407,0.4364,307.7407196986315,0.6546000000000001,0.0,2.182,0.0,0.0,0.0,307.7407196986315,307.74元,0.0,705.1803842773407
2025-02-17T04:40:00,2025-02-17T04:50:00,2025-02-17,28,701.9978697624974,701.9978697624974,0.0,701.9978697624974,0.0,0.0,701.9978697624974,0.4393,308.3876641866651,0.65895,0.0,2.1965000000000003,0.0,0.0,0.0,308.3876641866651,308.39元,0.0,701.9978697624974
2025-02-17T04:50:00,2025-02-17T05:00:00,2025-02-17,29,686.0210767939406,686.0210767939406,0.0,686.0210767939406,0.0,0.0,686.0210767939406,0.4422,303.3585201582805,0.6633,0.0,2.211,0.0,0.0,0.0,303.3585201582805,303.36元,0.0,686.0210767939406
2025-02-17T05:00:00,2025-02-17T05:10:00,2025-02-17,30,675.0922958779756,675.0922958779756,0.0,675.0922958779756,0.0,0.0,675.0922958779756,0.4395,296.7030640383703,0.65925,0.0,2.1975,0.0,0.0,0.0,296.7030640383703,296.70元,0.0,675.0922958779756
2025-02-17T05:10:00,2025-02-17T05:20:00,2025-02-17,31,683.2267555341688,683.2267555341688,0.0,683.2267555341688,0.0,0.0,683.2267555341688,0.4333,296.04215317295535,0.64995,0.0,2.1665,0.0,0.0,0.0,296.04215317295535,296.04元,0.0,683.2267555341688
2025-02-17T05:20:00,2025-02-17T05:30:00,2025-02-17,32,686.2356916393445,686.2356916393445,0.0,686.2356916393445,0.0,0.0,686.2356916393445,0.4439,304.620023518705,0.66585,0.0,2.2195,0.0,0.0,0.0,304.620023518705,304.62元,0.0,686.2356916393445
2025-02-17T05:30:00,2025-02-17T05:40:00,2025-02-17,33,671.6791199712327,671.6791199712327,0.0,671.6791199712327,0.0,0.0,671.6791199712327,0.4301,288.88918949962715,0.64515,0.0,2.1505,0.0,0.0,0.0,288.88918949962715,288.89元,0.0,671.6791199712327
2025-02-17T05:40:00,2025-02-17T05:50:00,2025-02-17,34,1499.5933549260399,1499.5933549260399,0.0,1499.5933549260399,0.0,0.0,1499.5933549260399,0.3713,556.7990126840386,0.5569500000000001,0.0,1.8565,0.0,0.0,0.0,556.7990126840386,556.80元,542.5715536927991,957.0218012332408
2025-02-17T05:50:00,2025-02-17T06:00:00,2025-02-17,35,760.1548189723303,760.1548189723303,0.0,760.1548189723303,0.0,0.0,760.1548189723303,0.5708,433.8963706694061,0.8562,0.0,2.854,0.0,0.0,0.0,433.8963706694061,433.90元,23.374002297563358,736.7808166747669
2025-02-17T06:00:00,2025-02-17T06:10:00,2025-02-17,36,139.2482378149283,122.42234526032371,0.0,122.42234526032371,-16.825892554604593,5.454321416342956,127.87666667666666,0.9099,111.39209195236855,1.3648500000000001,0.0,4.5495,24.81443528365228,4199.1991492068755,1910.425652931668,2046.6321801676888,2046.63元,0.0,127.87666667666666
2025-02-17T06:10:00,2025-02-17T06:20:00,2025-02-17,37,108.41615222144651,92.10296873927496,0.0,92.10296873927496,-16.313183482171553,14.987197937391663,107.09016667666663,0.9368,86.28206111495278,1.4052,0.0,4.684,70.20003513874255,0.0,0.0,156.48209625369532,156.48元,0.0,107.09016667666663
2025-02-17T06:20:00,2025-02-17T06:30:00,2025-02-17,38,111.06139405267697,97.32548502694931,0.0,97.32548502694931,-13.735909025727665,0.0,97.32548502694931,0.8758,85.23765978660221,1.3137,0.0,4.3790000000000004,0.0,0.0,0.0,85.23765978660221,85.24元,0.0,97.32548502694931
2025-02-17T06:30:00,2025-02-17T06:40:00,2025-02-17,39,129.06477325954438,117.04374303478028,0.0,117.04374303478028,-12.021030224764104,0.0,117.04374303478028,0.8759,102.51861452416405,1.31385,0.0,4.3795,0.0,0.0,0.0,102.51861452416405,102.52元,0.0,117.04374303478028
2025-02-17T06:40:00,2025-02-17T06:50:00,2025-02-17,40,473.85257541689884,92.02338579487684,0.0,92.02338579487684,-381.829189622022,0.0,92.02338579487684,0.8601,79.14931412217358,1.29015,0.0,4.3004999999999995,0.0,0.0,0.0,79.14931412217358,79.15元,0.0,92.02338579487684
2025-02-17T06:50:00,2025-02-17T07:00:00,2025-02-17,41,768.8140939466483,61.83924964182904,0.0,61.83924964182904,-706.9748443048193,2.2436670348375776,64.08291667666661,0.8442,52.20469454763207,1.2663,0.0,4.221,9.470518554049415,0.0,0.0,61.675213101681486,61.68元,0.0,64.08291667666661
2025-02-17T07:00:00,2025-02-17T07:10:00,2025-02-17,42,558.968233656981,513.8570216831605,0.0,513.8570216831605,-45.11121197382056,0.0,513.8570216831605,0.8334,428.248441870746,1.2501,0.0,4.167,0.0,0.0,0.0,428.248441870746,428.25元,0.0,513.8570216831605
2025-02-17T07:10:00,2025-02-17T07:20:00,2025-02-17,43,533.760319340965,490.769540610784,0.0,490.769540610784,-42.99077873018098,0.0,490.769540610784,0.8092,397.13071226224645,1.2138,0.0,4.046,0.0,0.0,0.0,397.13071226224645,397.13元,0.0,490.769540610784
2025-02-17T07:20:00,2025-02-17T07:30:00,2025-02-17,44,522.5711969724821,481.78328761647117,0.0,481.78328761647117,-40.787909356010914,0.0,481.78328761647117,0.7972,384.0776368878508,1.1958,0.0,3.986,0.0,0.0,0.0,384.0776368878508,384.08元,0.0,481.78328761647117
2025-02-17T07:30:00,2025-02-17T07:40:00,2025-02-17,45,507.2959068474059,507.2959068474059,0.0,507.2959068474059,0.0,0.0,507.2959068474059,0.7644,387.77699119415706,1.1465999999999998,0.0,3.822,0.0,0.0,0.0,387.77699119415706,387.78元,0.0,507.2959068474059
2025-02-17T07:40:00,2025-02-17T07:50:00,2025-02-17,46,1290.2874135420589,1254.153294012487,0.0,1254.153294012487,-36.13411952957176,0.0,1254.153294012487,0.6899,865.2403575392148,1.03485,0.0,3.4494999999999996,0.0,0.0,0.0,865.2403575392148,865.24元,0.0,1254.153294012487
2025-02-17T07:50:00,2025-02-17T08:00:00,2025-02-17,47,553.0967964602889,0.0,0.0,0.0,-553.0967964602889,0.0,0.0,0.86,0.0,1.29,0.0,4.3,0.0,0.0,0.0,0.0,0.00元,0.0,0.0
2025-02-17T08:00:00,2025-02-17T08:10:00,2025-02-17,48,48.880092633311165,0.0,0.0,0.0,-48.880092633311165,0.0,0.0,1.1617,0.0,1.74255,0.0,5.8084999999999996,0.0,0.0,0.0,0.0,0.00元,0.0,0.0
2025-02-17T08:10:00,2025-02-17T08:20:00,2025-02-17,49,53.77505392864339,0.0,0.0,0.0,-53.77505392864339,0.0,0.0,1.1683,0.0,1.7524499999999998,0.0,5.8415,0.0,0.0,0.0,0.0,0.00元,0.0,0.0
2025-02-17T08:20:00,2025-02-17T08:30:00,2025-02-17,50,0.0,0.0,0.0,0.0,0.0,0.0,0.0,1.0956,0.0,1.6433999999999997,0.0,5.478,0.0,0.0,0.0,0.0,0.00元,0.0,0.0
2025-02-17T08:30:00,2025-02-17T08:40:00,2025-02-17,51,0.0,0.0,0.0,0.0,0.0,0.0,0.0,1.0849,0.0,1.6273499999999999,0.0,5.4245,0.0,0.0,0.0,0.0,0.00元,0.0,0.0
2025-02-17T08:40:00,2025-02-17T08:50:00,2025-02-17,52,0.0,0.0,0.0,0.0,0.0,0.0,0.0,1.061,0.0,1.5915,0.0,5.305,0.0,0.0,0.0,0.0,0.00元,0.0,0.0
2025-02-17T08:50:00,2025-02-17T09:00:00,2025-02-17,53,0.0,0.0,0.0,0.0,0.0,0.0,0.0,1.043,0.0,1.5644999999999998,0.0,5.215,0.0,0.0,0.0,0.0,0.00元,0.0,0.0
2025-02-17T09:00:00,2025-02-17T09:10:00,2025-02-17,54,0.0,0.0,0.0,0.0,0.0,0.0,0.0,1.036,0.0,1.554,0.0,5.18,0.0,0.0,0.0,0.0,0.00元,0.0,0.0
2025-02-17T09:10:00,2025-02-17T09:20:00,2025-02-17,55,0.0,0.0,0.0,0.0,0.0,131.6019445744564,131.6019445744564,1.0147,0.0,1.52205,0.0,5.073499999999999,667.6824657985046,0.0,0.0,667.6824657985046,667.68元,0.0,131.6019445744564
2025-02-17T09:20:00,2025-02-17T09:30:00,2025-02-17,56,0.0,0.0,0.0,0.0,0.0,252.01893333333334,252.01893333333334,0.9922,0.0,1.4883,0.0,4.961,1250.2659282666666,0.0,0.0,1250.2659282666666,1250.27元,0.0,252.01893333333334
2025-02-17T09:30:00,2025-02-17T09:40:00,2025-02-17,57,0.0,0.0,0.0,0.0,0.0,203.86250000000013,203.86250000000013,0.97,0.0,1.455,0.0,4.85,988.7331250000007,0.0,0.0,988.7331250000007,988.73元,0.0,203.86250000000013
2025-02-17T09:40:00,2025-02-17T09:50:00,2025-02-17,58,0.0,0.0,0.0,0.0,0.0,144.00579999999997,144.00579999999997,0.9422,0.0,1.4133,0.0,4.711,678.4113237999998,0.0,0.0,678.4113237999998,678.41元,0.0,144.00579999999997
2025-02-17T09:50:00,2025-02-17T10:00:00,2025-02-17,59,0.0,0.0,0.0,0.0,0.0,116.94719999999987,116.94719999999987,0.9569,0.0,1.43535,0.0,4.7844999999999995,559.5338783999994,0.0,0.0,559.5338783999994,559.53元,0.0,116.94719999999987
2025-02-17T10:00:00,2025-02-17T10:10:00,2025-02-17,60,0.0,0.0,0.0,0.0,0.0,124.7666666666668,124.7666666666668,0.9977,0.0,1.49655,0.0,4.9885,622.3985166666673,0.0,0.0,622.3985166666673,622.40元,0.0,124.7666666666668
2025-02-17T10:10:00,2025-02-17T10:20:00,2025-02-17,61,0.0,0.0,0.0,0.0,0.0,116.16094999999999,116.16094999999999,0.9919,0.0,1.48785,0.0,4.9595,576.1002315249999,0.0,0.0,576.1002315249999,576.10元,0.0,116.16094999999999
2025-02-17T10:20:00,2025-02-17T10:30:00,2025-02-17,62,0.0,0.0,0.0,0.0,0.0,58.521383333333496,58.521383333333496,0.9588,0.0,1.4382,0.0,4.794,280.5515117000008,0.0,0.0,280.5515117000008,280.55元,0.0,58.521383333333496
2025-02-17T10:30:00,2025-02-17T10:40:00,2025-02-17,63,0.0,0.0,0.0,0.0,0.0,1.2979166666669164,1.2979166666669164,0.9549,0.0,1.43235,0.0,4.7745,6.196903125001192,0.0,0.0,6.196903125001192,6.20元,0.0,1.2979166666669164
2025-02-17T10:40:00,2025-02-17T10:50:00,2025-02-17,64,0.0,0.0,0.0,0.0,0.0,19.827250000000088,19.827250000000088,0.9839,0.0,1.4758499999999999,0.0,4.9195,97.54015637500044,0.0,0.0,97.54015637500044,97.54元,0.0,19.827250000000088
2025-02-17T10:50:00,2025-02-17T11:00:00,2025-02-17,65,84.55521113787475,0.0,0.0,0.0,-84.55521113787475,0.0,0.0,0.799,0.0,1.1985000000000001,0.0,3.995,0.0,0.0,0.0,0.0,0.00元,0.0,0.0
2025-02-17T11:00:00,2025-02-17T11:10:00,2025-02-17,66,966.9586743979412,790.6193089793011,0.0,790.6193089793011,-176.3393654186401,0.0,790.6193089793011,0.5025,397.28620276209875,0.7537499999999999,0.0,2.5124999999999997,0.0,0.0,0.0,397.28620276209875,397.29元,0.0,790.6193089793011
2025-02-17T11:10:00,2025-02-17T11:20:00,2025-02-17,67,967.8099094646922,792.4477358385731,0.0,792.4477358385731,-175.3621736261191,0.0,792.4477358385731,0.4662,369.43913444794276,0.6993,0.0,2.331,0.0,0.0,0.0,369.43913444794276,369.44元,0.0,792.4477358385731
2025-02-17T11:20:00,2025-02-17T11:30:00,2025-02-17,68,964.7871100792396,789.9511512729033,0.0,789.9511512729033,-174.8359588063363,0.0,789.9511512729033,0.5007,395.5285414423427,0.75105,0.0,2.5035000000000003,0.0,0.0,0.0,395.5285414423427,395.53元,0.0,789.9511512729033
2025-02-17T11:30:00,2025-02-17T11:40:00,2025-02-17,69,942.7772288558987,768.0548169550242,0.0,768.0548169550242,-174.72241190087448,0.0,768.0548169550242,0.4827,370.7400601441902,0.7240500000000001,0.0,2.4135,0.0,0.0,0.0,370.7400601441902,370.74元,0.0,768.0548169550242
2025-02-17T11:40:00,2025-02-17T11:50:00,2025-02-17,70,915.8743751374453,741.1993056504765,0.0,741.1993056504765,-174.67506948696882,0.0,741.1993056504765,0.4785,354.663867753753,0.71775,0.0,2.3925,0.0,0.0,0.0,354.663867753753,354.66元,0.0,741.1993056504765
2025-02-17T11:50:00,2025-02-17T12:00:00,2025-02-17,71,883.8888028190487,709.8573508270207,0.0,709.8573508270207,-174.031451992028,0.0,709.8573508270207,0.4662,330.935496955557,0.6993,0.0,2.331,0.0,0.0,0.0,330.935496955557,330.94元,0.0,709.8573508270207
2025-02-17T12:00:00,2025-02-17T12:10:00,2025-02-17,72,912.2595102074316,685.0420865804602,0.0,685.0420865804602,-227.21742362697137,0.0,685.0420865804602,0.4432,303.61065277245996,0.6648,0.0,2.2159999999999997,0.0,1159.2704173195943,256.8943244780221,560.504977250482,560.50元,0.0,685.0420865804602
2025-02-17T12:10:00,2025-02-17T12:20:00,2025-02-17,73,907.3380013012103,680.2113151514251,0.0,680.2113151514251,-227.1266861497852,0.0,680.2113151514251,0.4411,300.04121111329357,0.66165,0.0,2.2055,0.0,0.0,0.0,300.04121111329357,300.04元,0.0,680.2113151514251
2025-02-17T12:20:00,2025-02-17T12:30:00,2025-02-17,74,902.877635801233,676.1573333631464,0.0,676.1573333631464,-226.7203024380866,0.0,676.1573333631464,0.4551,307.7192024135679,0.68265,0.0,2.2755,0.0,0.0,0.0,307.7192024135679,307.72元,0.0,676.1573333631464
2025-02-17T12:30:00,2025-02-17T12:40:00,2025-02-17,75,898.6166738399,672.3276004102314,0.0,672.3276004102314,-226.28907342966863,0.0,672.3276004102314,0.4463,300.0598080630863,0.66945,0.0,2.2315,0.0,0.0,0.0,300.0598080630863,300.06元,0.0,672.3276004102314
2025-02-17T12:40:00,2025-02-17T12:50:00,2025-02-17,76,917.6598146036639,691.6255944127375,0.0,691.6255944127375,-226.03422019092636,0.0,691.6255944127375,0.4113,284.46560698195896,0.61695,0.0,2.0564999999999998,0.0,0.0,0.0,284.46560698195896,284.47元,0.0,691.6255944127375
2025-02-17T12:50:00,2025-02-17T13:00:00,2025-02-17,77,915.1298145674675,260.7393611118443,256.6296061891724,517.3689673010167,-397.7608472664508,0.0,517.3689673010167,0.5682,148.15210498374992,0.8523000000000001,218.7254133550317,2.841,0.0,0.0,0.0,366.87751833878167,366.88元,0.0,517.3689673010167
2025-02-17T13:00:00,2025-02-17T13:10:00,2025-02-17,78,58.42635481246862,18.572972783489377,0.0,18.572972783489377,-39.85338202897924,0.0,18.572972783489377,0.8279,15.376564167450855,1.24185,0.0,4.1395,0.0,0.0,0.0,15.376564167450855,15.38元,0.0,18.572972783489377
2025-02-17T13:10:00,2025-02-17T13:20:00,2025-02-17,79,47.599646933731265,0.0,0.0,0.0,-47.599646933731265,0.0,0.0,0.8636,0.0,1.2954,0.0,4.3180000000000005,0.0,0.0,0.0,0.0,0.00元,0.0,0.0
2025-02-17T13:20:00,2025-02-17T13:30:00,2025-02-17,80,38.89607643056502,0.0,0.0,0.0,-38.89607643056502,0.0,0.0,0.8416,0.0,1.2624,0.0,4.208,0.0,0.0,0.0,0.0,0.00元,0.0,0.0
2025-02-17T13:30:00,2025-02-17T13:40:00,2025-02-17,81,43.16475918650758,0.36388868377744077,0.0,0.36388868377744077,-42.80087050273014,0.0,0.36388868377744077,0.8618,0.31359926767939844,1.2927,0.0,4.309,0.0,0.0,0.0,0.31359926767939844,0.31元,0.0,0.36388868377744077
2025-02-17T13:40:00,2025-02-17T13:50:00,2025-02-17,82,37.06938231365825,0.0,0.0,0.0,-37.06938231365825,0.0,0.0,0.8623,0.0,1.29345,0.0,4.3115,0.0,0.0,0.0,0.0,0.00元,0.0,0.0
2025-02-17T13:50:00,2025-02-17T14:00:00,2025-02-17,83,0.0,0.0,0.0,0.0,0.0,0.0,0.0,0.9026,0.0,1.3538999999999999,0.0,4.513,0.0,0.0,0.0,0.0,0.00元,0.0,0.0
2025-02-17T14:00:00,2025-02-17T14:10:00,2025-02-17,84,0.0,0.0,0.0,0.0,0.0,0.0,0.0,0.9754,0.0,1.4631,0.0,4.877000000000001,0.0,0.0,0.0,0.0,0.00元,0.0,0.0
2025-02-17T14:10:00,2025-02-17T14:20:00,2025-02-17,85,0.0,0.0,0.0,0.0,0.0,0.0,0.0,1.0002,0.0,1.5003,0.0,5.0009999999999994,0.0,0.0,0.0,0.0,0.00元,0.0,0.0
2025-02-17T14:20:00,2025-02-17T14:30:00,2025-02-17,86,0.0,0.0,0.0,0.0,0.0,0.0,0.0,0.9978,0.0,1.4967000000000001,0.0,4.989,0.0,0.0,0.0,0.0,0.00元,0.0,0.0
2025-02-17T14:30:00,2025-02-17T14:40:00,2025-02-17,87,0.0,0.0,0.0,0.0,0.0,0.0,0.0,1.0271,0.0,1.5406499999999999,0.0,5.1354999999999995,0.0,0.0,0.0,0.0,0.00元,0.0,0.0
2025-02-17T14:40:00,2025-02-17T14:50:00,2025-02-17,88,0.0,0.0,0.0,0.0,0.0,0.0,0.0,1.0906,0.0,1.6359,0.0,5.453,0.0,0.0,0.0,0.0,0.00元,0.0,0.0
2025-02-17T14:50:00,2025-02-17T15:00:00,2025-02-17,89,0.0,0.0,0.0,0.0,0.0,0.0,0.0,0.9376,0.0,1.4064,0.0,4.688,0.0,0.0,0.0,0.0,0.00元,0.0,0.0
2025-02-17T15:00:00,2025-02-17T15:10:00,2025-02-17,90,1306.340634139996,1302.8491815479824,0.0,1302.8491815479824,-3.491452592013502,0.0,1302.8491815479824,0.6694,872.1272421282195,1.0041,0.0,3.347,0.0,0.0,0.0,872.1272421282195,872.13元,0.0,1302.8491815479824
2025-02-17T15:10:00,2025-02-17T15:20:00,2025-02-17,91,1312.876477504774,1310.7182618096488,0.0,1310.7182618096488,-2.1582156951251363,0.0,1310.7182618096488,0.66,865.0740527943682,0.99,0.0,3.3000000000000003,0.0,0.0,0.0,865.0740527943682,865.07元,0.0,1310.7182618096488
2025-02-17T15:20:00,2025-02-17T15:30:00,2025-02-17,92,854.5377281367325,854.5377281367325,0.0,854.5377281367325,0.0,0.0,854.5377281367325,0.7217,616.7198783962799,1.08255,0.0,3.6085000000000003,0.0,0.0,0.0,616.7198783962799,616.72元,0.0,854.5377281367325
2025-02-17T15:30:00,2025-02-17T15:40:00,2025-02-17,93,515.4174761536743,515.4174761536743,1.194869550915314,516.6123457045896,1.194869550915314,0.0,516.6123457045896,0.7308,376.6670915731052,1.0962,1.3098160017133673,3.654,0.0,0.0,0.0,377.9769075748186,377.98元,0.0,516.6123457045896
2025-02-17T15:40:00,2025-02-17T15:50:00,2025-02-17,94,526.8852305963738,526.8852305963738,2.834204902078227,529.7194354984521,2.834204902078227,0.0,529.7194354984521,0.7534,396.95533273130803,1.1300999999999999,3.202934959838604,3.767,0.0,0.0,0.0,400.15826769114665,400.16元,0.0,529.7194354984521
2025-02-17T15:50:00,2025-02-17T16:00:00,2025-02-17,95,530.757642303266,530.757642303266,4.405254444636967,535.162896747903,4.405254444636967,0.0,535.162896747903,0.7823,415.211703573845,1.1734499999999999,5.169345828059249,3.9115,0.0,0.0,0.0,420.38104940190425,420.38元,0.0,535.162896747903
2025-02-17T16:00:00,2025-02-17T16:10:00,2025-02-17,96,790.0328875693763,790.0328875693763,0.0,790.0328875693763,0.0,0.0,790.0328875693763,0.8055,636.3714909371325,1.20825,0.0,4.0275,0.0,0.0,0.0,636.3714909371325,636.37元,0.0,790.0328875693763
2025-02-17T16:10:00,2025-02-17T16:20:00,2025-02-17,97,828.3264034006548,828.3264034006548,0.0,828.3264034006548,0.0,0.0,828.3264034006548,0.8271,685.1087682526816,1.24065,0.0,4.1354999999999995,0.0,0.0,0.0,685.1087682526816,685.11元,0.0,828.3264034006548
2025-02-17T16:20:00,2025-02-17T16:30:00,2025-02-17,98,848.538643355421,848.538643355421,0.0,848.538643355421,0.0,0.0,848.538643355421,0.8519,722.870070274483,1.27785,0.0,4.2595,0.0,0.0,0.0,722.870070274483,722.87元,0.0,848.538643355421
2025-02-17T16:30:00,2025-02-17T16:40:00,2025-02-17,99,851.0714640965941,851.0714640965941,0.0,851.0714640965941,0.0,0.0,851.0714640965941,0.8791,748.1769240873159,1.3186499999999999,0.0,4.3955,0.0,0.0,0.0,748.1769240873159,748.18元,0.0,851.0714640965941
2025-02-17T16:40:00,2025-02-17T16:50:00,2025-02-17,100,876.089857787303,876.089857787303,0.0,876.089857787303,0.0,0.0,876.089857787303,0.9024,790.5834876672623,1.3536,0.0,4.512,0.0,0.0,0.0,790.5834876672623,790.58元,0.0,876.089857787303
2025-02-17T16:50:00,2025-02-17T17:00:00,2025-02-17,101,899.2713876671272,899.2713876671272,0.0,899.2713876671272,0.0,0.0,899.2713876671272,0.9163,824.0023725193887,1.37445,0.0,4.5815,0.0,0.0,0.0,824.0023725193887,824.00元,0.0,899.2713876671272
2025-02-17T17:00:00,2025-02-17T17:10:00,2025-02-17,102,970.445663772559,970.445663772559,0.0,970.445663772559,0.0,0.0,970.445663772559,0.9264,899.0208629188986,1.3896,0.0,4.632,0.0,0.0,0.0,899.0208629188986,899.02元,0.0,970.445663772559
2025-02-17T17:10:00,2025-02-17T17:20:00,2025-02-17,103,980.0171615454229,980.0171615454229,0.0,980.0171615454229,0.0,0.0,980.0171615454229,0.9462,927.2922382542793,1.4193,0.0,4.731,0.0,0.0,0.0,927.2922382542793,927.29元,0.0,980.0171615454229
2025-02-17T17:20:00,2025-02-17T17:30:00,2025-02-17,104,1000.0402140402963,1000.0402140402963,0.0,1000.0402140402963,0.0,0.0,1000.0402140402963,0.9742,974.2391765180566,1.4613,0.0,4.8709999999999996,0.0,0.0,0.0,974.2391765180566,974.24元,0.0,1000.0402140402963
2025-02-17T17:30:00,2025-02-17T17:40:00,2025-02-17,105,1031.2423176235282,1031.2423176235282,0.0,1031.2423176235282,0.0,0.0,1031.2423176235282,0.9862,1017.0111736403235,1.4792999999999998,0.0,4.931,0.0,0.0,0.0,1017.0111736403235,1017.01元,31.190650947860696,1000.0516666756674
2025-02-17T17:40:00,2025-02-17T17:50:00,2025-02-17,106,1041.677744692977,1041.677744692977,0.0,1041.677744692977,0.0,0.0,1041.677744692977,0.976,1016.6774788203456,1.464,0.0,4.88,0.0,0.0,0.0,1016.6774788203456,1016.68元,5.952394683976399,1035.7253500090007
2025-02-17T17:50:00,2025-02-17T18:00:00,2025-02-17,107,912.9321319768461,909.3948163550713,0.0,909.3948163550713,-3.5373156217748374,0.0,909.3948163550713,1.0742,976.8719117286176,1.6113,0.0,5.371,0.0,0.0,0.0,976.8719117286176,976.87元,12.573649679403959,896.8211666756673
2025-02-17T18:00:00,2025-02-17T18:10:00,2025-02-17,108,725.3407964359621,721.6779761477056,6.662232185627545,728.3402083333332,2.999411897371033,0.0,728.3402083333332,1.2313,888.60209203067,1.84695,12.304809735244795,6.1565,0.0,0.0,0.0,900.9069017659148,900.91元,56.46020832433246,671.8800000090007
2025-02-17T18:10:00,2025-02-17T18:20:00,2025-02-17,109,698.9632745342569,695.400799123026,6.479716851330068,701.8805159743561,2.917241440099133,0.0,701.8805159743561,1.2561,873.492943778433,1.88415,12.208758505433547,6.2805,0.0,0.0,0.0,885.7017022838664,885.70元,21.877599298688757,680.0029166756673
2025-02-17T18:20:00,2025-02-17T18:30:00,2025-02-17,110,712.3164311795651,708.8504259883325,6.301886992142158,715.1523129804747,2.835881800909533,0.0,715.1523129804747,1.2447,882.3061252276774,1.8670499999999999,11.765938108679016,6.2235,0.0,0.0,0.0,894.0720633363566,894.07元,0.0,715.1523129804747
2025-02-17T18:30:00,2025-02-17T18:40:00,2025-02-17,111,697.6141152732106,694.2441579252092,6.129549511350433,700.3737074365596,2.759592163348998,0.0,700.3737074365596,1.2545,870.9292961171749,1.8817499999999998,11.534279792983677,6.2725,0.0,0.0,0.0,882.4635759101585,882.46元,0.0,700.3737074365596
2025-02-17T18:40:00,2025-02-17T18:50:00,2025-02-17,112,710.1294578637998,706.8518222594424,5.961627297445716,712.8134495568881,2.6839916930883874,0.0,712.8134495568881,1.2522,885.1198518332737,1.8782999999999999,11.197724552792288,6.261,0.0,0.0,0.0,896.3175763860662,896.32元,0.0,712.8134495568881
2025-02-17T18:50:00,2025-02-17T19:00:00,2025-02-17,113,66.90490034063441,66.90490034063441,5.720444372252473,72.62534471288689,5.720444372252473,0.0,72.62534471288689,1.2881,86.18020212877119,1.93215,11.052756593847615,6.4405,0.0,0.0,0.0,97.2329587226188,97.23元,0.0,72.62534471288689
2025-02-17T19:00:00,2025-02-17T19:10:00,2025-02-17,114,31.013781211570517,31.013781211570517,14.921542774757995,45.93532398632851,14.921542774757995,0.0,45.93532398632851,1.3466,41.76315777950086,2.0199,30.140024250733674,6.7330000000000005,0.0,0.0,0.0,71.90318203023453,71.90元,0.0,45.93532398632851
2025-02-17T19:10:00,2025-02-17T19:20:00,2025-02-17,115,1.107393847646449,1.107393847646449,2.9928421131486402,4.100235960795089,2.9928421131486402,0.0,4.100235960795089,1.3523,1.4975287001722932,2.0284500000000003,6.07083058441636,6.7615,0.0,0.0,0.0,7.568359284588653,7.57元,0.0,4.100235960795089
2025-02-17T19:20:00,2025-02-17T19:30:00,2025-02-17,116,0.0,0.0,0.0,0.0,0.0,2.457116676666593,2.457116676666593,1.3445,0.0,2.01675,0.0,6.7225,16.517966858891175,0.0,0.0,16.517966858891175,16.52元,0.0,2.457116676666593
2025-02-17T19:30:00,2025-02-17T19:40:00,2025-02-17,117,5.121701960700307,5.121701960700307,11.023231847038119,16.144933807738425,11.023231847038119,0.0,16.144933807738425,1.3483,6.905590753612223,2.02245,22.293935249042246,6.7415,0.0,0.0,0.0,29.19952600265447,29.20元,0.0,16.144933807738425
2025-02-17T19:40:00,2025-02-17T19:50:00,2025-02-17,118,24.013510380037246,24.013510380037246,2.349297484785552,26.3628078648228,2.349297484785552,0.0,26.3628078648228,1.349,32.394225502670245,2.0235,4.753803460463565,6.745,0.0,0.0,0.0,37.14802896313381,37.15元,0.0,26.3628078648228
2025-02-17T19:50:00,2025-02-17T20:00:00,2025-02-17,119,12.66081087065811,12.66081087065811,10.015054588571616,22.675865459229726,10.015054588571616,0.0,22.675865459229726,1.3473,17.05791048603767,2.02095,20.239924570773805,6.7364999999999995,0.0,0.0,0.0,37.29783505681148,37.30元,0.0,22.675865459229726
2025-02-17T20:00:00,2025-02-17T20:10:00,2025-02-17,120,0.0,0.0,0.0,0.0,0.0,0.0,0.0,1.3482,0.0,2.0223,0.0,6.7410000000000005,0.0,0.0,0.0,0.0,0.00元,0.0,0.0
2025-02-17T20:10:00,2025-02-17T20:20:00,2025-02-17,121,0.0,0.0,0.0,0.0,0.0,0.0,0.0,1.3513,0.0,2.02695,0.0,6.7565,0.0,0.0,0.0,0.0,0.00元,0.0,0.0
2025-02-17T20:20:00,2025-02-17T20:30:00,2025-02-17,122,0.0,0.0,0.0,0.0,0.0,0.0,0.0,1.34,0.0,2.0100000000000002,0.0,6.7,0.0,0.0,0.0,0.0,0.00元,0.0,0.0
2025-02-17T20:30:00,2025-02-17T20:40:00,2025-02-17,123,0.0,0.0,0.4760935980286831,0.4760935980286831,0.4760935980286831,0.0,0.4760935980286831,1.3489,0.0,2.0233499999999998,0.963303981571336,6.7445,0.0,0.0,0.0,0.963303981571336,0.96元,0.0,0.4760935980286831
2025-02-17T20:40:00,2025-02-17T20:50:00,2025-02-17,124,15.420760242453525,15.420760242453525,0.0,15.420760242453525,0.0,0.0,15.420760242453525,1.3952,21.515044690271157,2.0928,0.0,6.976,0.0,0.0,0.0,21.515044690271157,21.52元,0.0,15.420760242453525
2025-02-17T20:50:00,2025-02-17T21:00:00,2025-02-17,125,721.303415511999,721.303415511999,0.0,721.303415511999,0.0,0.0,721.303415511999,1.2226,881.8655558049699,1.8338999999999999,0.0,6.1129999999999995,0.0,0.0,0.0,881.8655558049699,881.87元,0.0,721.303415511999
2025-02-17T21:00:00,2025-02-17T21:10:00,2025-02-17,126,733.6468653610383,719.5787526996271,3.3935549749704705,722.9723076745976,-10.674557686440721,0.0,722.9723076745976,0.9332,671.510892019292,1.3998,4.750298253963665,4.666,0.0,0.0,0.0,676.2611902732558,676.26元,0.0,722.9723076745976
2025-02-17T21:10:00,2025-02-17T21:20:00,2025-02-17,127,740.5975764608938,735.782510921559,0.0,735.782510921559,-4.815065539334796,0.0,735.782510921559,0.9068,667.2075809036697,1.3602,0.0,4.534000000000001,0.0,0.0,0.0,667.2075809036697,667.21元,0.0,735.782510921559
2025-02-17T21:20:00,2025-02-17T21:30:00,2025-02-17,128,730.8463489561645,728.7447932862309,0.0,728.7447932862309,-2.1015556699336457,0.0,728.7447932862309,0.9371,682.906745788527,1.40565,0.0,4.6855,0.0,0.0,0.0,682.906745788527,682.91元,0.0,728.7447932862309
2025-02-17T21:30:00,2025-02-17T21:40:00,2025-02-17,129,740.636719119302,738.5927366658153,3.561013534968197,742.1537502007835,1.5170310814814911,0.0,742.1537502007835,0.9371,692.1352535295356,1.40565,5.005538675428046,4.6855,0.0,0.0,0.0,697.1407922049636,697.14元,0.0,742.1537502007835
2025-02-17T21:40:00,2025-02-17T21:50:00,2025-02-17,130,744.0025861849892,743.773290152728,0.0,743.773290152728,-0.22929603226123163,0.0,743.773290152728,0.9871,734.1786147097578,1.48065,0.0,4.9355,0.0,0.0,0.0,734.1786147097578,734.18元,0.0,743.773290152728
2025-02-17T21:50:00,2025-02-17T22:00:00,2025-02-17,131,681.1474537555449,681.1474537555449,15.075985021202541,696.2234387767475,15.075985021202541,0.0,696.2234387767475,0.7764,528.8428830958051,1.1646,17.55749215569248,3.8819999999999997,0.0,0.0,0.0,546.4003752514975,546.40元,0.0,696.2234387767475
2025-02-17T22:00:00,2025-02-17T22:10:00,2025-02-17,132,1404.1996623145194,1402.3191076745884,0.0,1402.3191076745884,-1.880554639931006,0.0,1402.3191076745884,0.4209,590.2361124202342,0.63135,0.0,2.1045,0.0,0.0,0.0,590.2361124202342,590.24元,45.747441017921794,1356.5716666566666
2025-02-17T22:10:00,2025-02-17T22:20:00,2025-02-17,133,1367.7513802284147,1365.9223443661563,0.0,1365.9223443661563,-1.829035862258479,0.0,1365.9223443661563,0.3859,527.1094326908998,0.5788500000000001,0.0,1.9295,0.0,0.0,0.0,527.1094326908998,527.11元,14.974177709489588,1350.9481666566667
2025-02-17T22:20:00,2025-02-17T22:30:00,2025-02-17,134,538.2793998783872,538.2793998783872,0.0,538.2793998783872,0.0,0.0,538.2793998783872,0.4368,235.12044186687953,0.6552,0.0,2.184,0.0,0.0,0.0,235.12044186687953,235.12元,0.0,538.2793998783872
2025-02-17T22:30:00,2025-02-17T22:40:00,2025-02-17,135,1376.216482529948,1374.4862887370746,0.0,1374.4862887370746,-1.7301937928734787,0.0,1374.4862887370746,0.4198,577.0093440118239,0.6297,0.0,2.099,0.0,0.0,0.0,577.0093440118239,577.01元,0.0,1374.4862887370746
2025-02-17T22:40:00,2025-02-17T22:50:00,2025-02-17,136,1390.30554790708,1388.622753677852,0.0,1388.622753677852,-1.6827942292279658,0.0,1388.622753677852,0.4186,581.2774846895488,0.6279,0.0,2.093,0.0,0.0,0.0,581.2774846895488,581.28元,1.6568370211853027,1386.9659166566666
2025-02-17T22:50:00,2025-02-17T23:00:00,2025-02-17,137,1390.0000800221414,1388.363386820729,0.0,1388.363386820729,-1.6366932014125268,0.0,1388.363386820729,0.4241,588.8049123506711,0.63615,0.0,2.1205,0.0,0.0,0.0,588.8049123506711,588.80元,0.0,1388.363386820729
2025-02-17T23:00:00,2025-02-17T23:10:00,2025-02-17,138,1382.0886396725336,1380.4967845371739,0.0,1380.4967845371739,-1.591855135359765,0.0,1380.4967845371739,0.4237,584.9164876084006,0.6355500000000001,0.0,2.1185,0.0,0.0,0.0,584.9164876084006,584.92元,0.0,1380.4967845371739
2025-02-17T23:10:00,2025-02-17T23:20:00,2025-02-17,139,1020.5203033549784,1020.5203033549784,0.0,1020.5203033549784,0.0,0.0,1020.5203033549784,0.4248,433.51702486519486,0.6372,0.0,2.124,0.0,0.0,0.0,433.51702486519486,433.52元,0.0,1020.5203033549784
2025-02-17T23:20:00,2025-02-17T23:30:00,2025-02-17,140,1409.049702841421,1407.5438724029996,0.0,1407.5438724029996,-1.5058304384215262,0.0,1407.5438724029996,0.424,596.7986018988718,0.636,0.0,2.12,0.0,0.0,0.0,596.7986018988718,596.80元,0.0,1407.5438724029996
2025-02-17T23:30:00,2025-02-17T23:40:00,2025-02-17,141,1409.1970201845168,1407.73244275833,0.0,1407.73244275833,-1.464577426186679,0.0,1407.73244275833,0.422,594.0630908440153,0.633,0.0,2.11,0.0,0.0,0.0,594.0630908440153,594.06元,0.0,1407.73244275833
2025-02-17T23:40:00,2025-02-17T23:50:00,2025-02-17,142,1419.4525285394257,1418.028073977633,0.0,1418.028073977633,-1.4244545617925723,0.0,1418.028073977633,0.424,601.2439033665164,0.636,0.0,2.12,0.0,0.0,0.0,601.2439033665164,601.24元,8.623423987633025,1409.40464999
2025-02-17T23:50:00,2025-02-18T00:00:00,2025-02-17,143,597.1957517485222,597.1957517485222,0.0,597.1957517485222,0.0,0.0,597.1957517485222,0.4271,255.06230557179381,0.6406499999999999,0.0,2.1355,0.0,0.0,0.0,255.06230557179381,255.06元,0.0,597.1957517485222
2025-02-18T00:00:00,2025-02-18T00:10:00,2025-02-17,144,598.8421999999999,598.8421999999999,0.0,598.8421999999999,0.0,0.0,598.8421999999999,0.4276,256.06492471999996,0.6414,0.0,2.138,0.0,0.0,0.0,256.06492471999996,256.06元,0.0,598.8421999999999
2025-02-18T00:10:00,2025-02-18T00:20:00,2025-02-18,1,1411.5207051757611,1411.5207051757611,0.0,1411.5207051757611,0.0,0.0,1411.5207051757611,0.4248,599.6139955586633,0.6372,0.0,2.124,0.0,0.0,0.0,599.6139955586633,599.61元,3.129571852427822,1408.3911333233334
2025-02-18T00:20:00,2025-02-18T00:30:00,2025-02-18,2,1407.6084417987151,1407.6084417987151,0.0,1407.6084417987151,0.0,0.0,1407.6084417987151,0.4245,597.5297835435546,0.6367499999999999,0.0,2.1225,0.0,0.0,0.0,597.5297835435546,597.53元,3.7782084753817946,1403.8302333233335
2025-02-18T00:30:00,2025-02-18T00:40:00,2025-02-18,3,699.5088563094795,699.5088563094795,0.0,699.5088563094795,0.0,0.0,699.5088563094795,0.4269,298.6203307585168,0.64035,0.0,2.1345,0.0,0.0,0.0,298.6203307585168,298.62元,0.0,699.5088563094795
2025-02-18T00:40:00,2025-02-18T00:50:00,2025-02-18,4,588.299103502499,588.299103502499,0.0,588.299103502499,0.0,0.0,588.299103502499,0.4272,251.32137701626758,0.6408,0.0,2.136,0.0,0.0,0.0,251.32137701626758,251.32元,0.0,588.299103502499
2025-02-18T00:50:00,2025-02-18T01:00:00,2025-02-18,5,578.3612819169567,578.3612819169567,0.0,578.3612819169567,0.0,0.0,578.3612819169567,0.4271,247.01810350673222,0.6406499999999999,0.0,2.1355,0.0,0.0,0.0,247.01810350673222,247.02元,0.0,578.3612819169567
2025-02-18T01:00:00,2025-02-18T01:10:00,2025-02-18,6,573.3407859892095,573.3407859892095,0.0,573.3407859892095,0.0,0.0,573.3407859892095,0.4285,245.67652679637627,0.6427499999999999,0.0,2.1425,0.0,0.0,0.0,245.67652679637627,245.68元,0.0,573.3407859892095
2025-02-18T01:10:00,2025-02-18T01:20:00,2025-02-18,7,586.0285610627406,586.0285610627406,0.0,586.0285610627406,0.0,0.0,586.0285610627406,0.4311,252.63691267414745,0.64665,0.0,2.1555,0.0,0.0,0.0,252.63691267414745,252.64元,0.0,586.0285610627406
2025-02-18T01:20:00,2025-02-18T01:30:00,2025-02-18,8,596.6129010245504,596.6129010245504,0.0,596.6129010245504,0.0,0.0,596.6129010245504,0.4302,256.6628700207616,0.6453,0.0,2.1510000000000002,0.0,0.0,0.0,256.6628700207616,256.66元,0.0,596.6129010245504
2025-02-18T01:30:00,2025-02-18T01:40:00,2025-02-18,9,604.0201673672261,604.0201673672261,0.0,604.0201673672261,0.0,0.0,604.0201673672261,0.4279,258.46022961643604,0.64185,0.0,2.1395,0.0,0.0,0.0,258.46022961643604,258.46元,0.0,604.0201673672261
2025-02-18T01:40:00,2025-02-18T01:50:00,2025-02-18,10,623.2590714624017,623.2590714624017,0.0,623.2590714624017,0.0,0.0,623.2590714624017,0.4312,268.7493116145876,0.6468,0.0,2.156,0.0,0.0,0.0,268.7493116145876,268.75元,0.0,623.2590714624017
2025-02-18T01:50:00,2025-02-18T02:00:00,2025-02-18,11,631.0030544955836,631.0030544955836,0.0,631.0030544955836,0.0,0.0,631.0030544955836,0.4333,273.4136235129364,0.64995,0.0,2.1665,0.0,0.0,0.0,273.4136235129364,273.41元,0.0,631.0030544955836
2025-02-18T02:00:00,2025-02-18T02:10:00,2025-02-18,12,624.1740499027608,624.1740499027608,0.0,624.1740499027608,0.0,0.0,624.1740499027608,0.4311,269.08143291308016,0.64665,0.0,2.1555,0.0,0.0,0.0,269.08143291308016,269.08元,0.0,624.1740499027608
2025-02-18T02:10:00,2025-02-18T02:20:00,2025-02-18,13,624.7456133087524,624.7456133087524,0.0,624.7456133087524,0.0,0.0,624.7456133087524,0.4293,268.2032917934474,0.64395,0.0,2.1465,0.0,0.0,0.0,268.2032917934474,268.20元,0.0,624.7456133087524
2025-02-18T02:20:00,2025-02-18T02:30:00,2025-02-18,14,634.216941633909,634.216941633909,0.0,634.216941633909,0.0,0.0,634.216941633909,0.4324,274.23540556250225,0.6486000000000001,0.0,2.162,0.0,0.0,0.0,274.23540556250225,274.24元,0.0,634.216941633909
2025-02-18T02:30:00,2025-02-18T02:40:00,2025-02-18,15,643.8850247024587,643.8850247024587,0.0,643.8850247024587,0.0,0.0,643.8850247024587,0.4367,281.1845902875637,0.6550499999999999,0.0,2.1835,0.0,0.0,0.0,281.1845902875637,281.18元,0.0,643.8850247024587
2025-02-18T02:40:00,2025-02-18T02:50:00,2025-02-18,16,644.6691101857832,644.6691101857832,0.0,644.6691101857832,0.0,0.0,644.6691101857832,0.4348,280.30212910877856,0.6522,0.0,2.174,0.0,0.0,0.0,280.30212910877856,280.30元,0.0,644.6691101857832
2025-02-18T02:50:00,2025-02-18T03:00:00,2025-02-18,17,644.5250710472486,644.5250710472486,0.0,644.5250710472486,0.0,0.0,644.5250710472486,0.4335,279.40161829898227,0.65025,0.0,2.1675,0.0,0.0,0.0,279.40161829898227,279.40元,0.0,644.5250710472486
2025-02-18T03:00:00,2025-02-18T03:10:00,2025-02-18,18,645.1862721552131,645.1862721552131,0.0,645.1862721552131,0.0,0.0,645.1862721552131,0.4357,281.10765877802635,0.65355,0.0,2.1784999999999997,0.0,0.0,0.0,281.10765877802635,281.11元,0.0,645.1862721552131
2025-02-18T03:10:00,2025-02-18T03:20:00,2025-02-18,19,641.3511427308393,641.3511427308393,0.0,641.3511427308393,0.0,0.0,641.3511427308393,0.4374,280.5269898304691,0.6561,0.0,2.1870000000000003,0.0,0.0,0.0,280.5269898304691,280.53元,0.0,641.3511427308393
2025-02-18T03:20:00,2025-02-18T03:30:00,2025-02-18,20,641.3743979640019,641.3743979640019,0.0,641.3743979640019,0.0,0.0,641.3743979640019,0.4371,280.34474935006523,0.65565,0.0,2.1854999999999998,0.0,0.0,0.0,280.34474935006523,280.34元,0.0,641.3743979640019
2025-02-18T03:30:00,2025-02-18T03:40:00,2025-02-18,21,649.4271314639201,649.4271314639201,0.0,649.4271314639201,0.0,0.0,649.4271314639201,0.4356,282.8904584656836,0.6534,0.0,2.178,0.0,0.0,0.0,282.8904584656836,282.89元,0.0,649.4271314639201
2025-02-18T03:40:00,2025-02-18T03:50:00,2025-02-18,22,658.3661535444751,658.3661535444751,0.0,658.3661535444751,0.0,0.0,658.3661535444751,0.4353,286.58678663791,0.65295,0.0,2.1765,0.0,0.0,0.0,286.58678663791,286.59元,0.0,658.3661535444751
2025-02-18T03:50:00,2025-02-18T04:00:00,2025-02-18,23,648.1697220108435,648.1697220108435,0.0,648.1697220108435,0.0,0.0,648.1697220108435,0.436,282.6019987967278,0.654,0.0,2.18,0.0,0.0,0.0,282.6019987967278,282.60元,0.0,648.1697220108435
2025-02-18T04:00:00,2025-02-18T04:10:00,2025-02-18,24,630.3756712807436,630.3756712807436,0.0,630.3756712807436,0.0,0.0,630.3756712807436,0.4378,275.97846888670955,0.6567000000000001,0.0,2.189,0.0,0.0,0.0,275.97846888670955,275.98元,0.0,630.3756712807436
2025-02-18T04:10:00,2025-02-18T04:20:00,2025-02-18,25,639.0000606735914,639.0000606735914,0.0,639.0000606735914,0.0,0.0,639.0000606735914,0.4401,281.22392670244756,0.66015,0.0,2.2005,0.0,0.0,0.0,281.22392670244756,281.22元,0.0,639.0000606735914
2025-02-18T04:20:00,2025-02-18T04:30:00,2025-02-18,26,659.6466360342017,659.6466360342017,0.0,659.6466360342017,0.0,0.0,659.6466360342017,0.4389,289.51890855541114,0.65835,0.0,2.1945,0.0,0.0,0.0,289.51890855541114,289.52元,0.0,659.6466360342017
2025-02-18T04:30:00,2025-02-18T04:40:00,2025-02-18,27,675.7282613576657,675.7282613576657,0.0,675.7282613576657,0.0,0.0,675.7282613576657,0.4364,294.88781325648534,0.6546000000000001,0.0,2.182,0.0,0.0,0.0,294.88781325648534,294.89元,0.0,675.7282613576657
2025-02-18T04:40:00,2025-02-18T04:50:00,2025-02-18,28,681.9647721971484,681.9647721971484,0.0,681.9647721971484,0.0,0.0,681.9647721971484,0.4393,299.5871244262073,0.65895,0.0,2.1965000000000003,0.0,0.0,0.0,299.5871244262073,299.59元,0.0,681.9647721971484
2025-02-18T04:50:00,2025-02-18T05:00:00,2025-02-18,29,677.3816617154823,677.3816617154823,0.0,677.3816617154823,0.0,0.0,677.3816617154823,0.4422,299.5381708105863,0.6633,0.0,2.211,0.0,0.0,0.0,299.5381708105863,299.54元,0.0,677.3816617154823
2025-02-18T05:00:00,2025-02-18T05:10:00,2025-02-18,30,667.6803951311371,667.6803951311371,0.0,667.6803951311371,0.0,0.0,667.6803951311371,0.4395,293.44553366013474,0.65925,0.0,2.1975,0.0,0.0,0.0,293.44553366013474,293.45元,0.0,667.6803951311371
2025-02-18T05:10:00,2025-02-18T05:20:00,2025-02-18,31,663.1926395686504,663.1926395686504,0.0,663.1926395686504,0.0,0.0,663.1926395686504,0.4333,287.3613707250962,0.64995,0.0,2.1665,0.0,0.0,0.0,287.3613707250962,287.36元,0.0,663.1926395686504
2025-02-18T05:20:00,2025-02-18T05:30:00,2025-02-18,32,669.0372044032529,669.0372044032529,0.0,669.0372044032529,0.0,0.0,669.0372044032529,0.4439,296.98561503460394,0.66585,0.0,2.2195,0.0,0.0,0.0,296.98561503460394,296.99元,0.0,669.0372044032529
2025-02-18T05:30:00,2025-02-18T05:40:00,2025-02-18,33,668.7161798328133,668.7161798328133,0.0,668.7161798328133,0.0,0.0,668.7161798328133,0.4301,287.614828946093,0.64515,0.0,2.1505,0.0,0.0,0.0,287.614828946093,287.61元,0.0,668.7161798328133
2025-02-18T05:40:00,2025-02-18T05:50:00,2025-02-18,34,1486.5548322643256,1486.5548322643256,0.0,1486.5548322643256,0.0,0.0,1486.5548322643256,0.3713,551.9578092197441,0.5569500000000001,0.0,1.8565,0.0,0.0,0.0,551.9578092197441,551.96元,369.3176889375378,1117.2371433267876
2025-02-18T05:50:00,2025-02-18T06:00:00,2025-02-18,35,718.2559020917324,718.2559020917324,0.0,718.2559020917324,0.0,0.0,718.2559020917324,0.5708,409.98046891396086,0.8562,0.0,2.854,0.0,0.0,0.0,409.98046891396086,409.98元,0.7974020836321415,717.4585000081003
2025-02-18T06:00:00,2025-02-18T06:10:00,2025-02-18,36,93.20675253996717,93.20675253996717,18.83412540483664,112.04087794480381,18.83412540483664,5.499122065196153,117.54000000999996,0.9099,84.80882413611613,1.3648500000000001,25.70575605879129,4.5495,25.0182558356099,7.119257335578027,3.2389061248212236,138.77174215533856,138.77元,0.0,117.54000000999996
2025-02-18T06:10:00,2025-02-18T06:20:00,2025-02-18,37,119.26578626933315,119.26578626933315,11.879735884190836,131.14552215352398,11.879735884190836,0.0,131.14552215352398,0.9368,111.72818857711128,1.4052,16.693404864464963,4.684,0.0,0.0,0.0,128.42159344157625,128.42元,0.0,131.14552215352398
2025-02-18T06:20:00,2025-02-18T06:30:00,2025-02-18,38,116.28377900000658,116.28377900000658,13.890003895741302,130.17378289574788,13.890003895741302,0.0,130.17378289574788,0.8758,101.84133364820576,1.3137,18.24729811783535,4.3790000000000004,0.0,0.0,0.0,120.0886317660411,120.09元,0.0,130.17378289574788
2025-02-18T06:30:00,2025-02-18T06:40:00,2025-02-18,39,85.83538463530601,85.83538463530601,13.913154107480182,99.7485387427862,13.913154107480182,0.0,99.7485387427862,0.8759,75.18321340206454,1.31385,18.279797524112837,4.3795,0.0,0.0,0.0,93.46301092617738,93.46元,0.0,99.7485387427862
2025-02-18T06:40:00,2025-02-18T06:50:00,2025-02-18,40,103.66827643483418,103.66827643483418,14.3103519858455,117.97862842067968,14.3103519858455,0.0,117.97862842067968,0.8601,89.16508456160088,1.29015,18.462500614538573,4.3004999999999995,0.0,0.0,0.0,107.62758517613945,107.63元,0.0,117.97862842067968
2025-02-18T06:50:00,2025-02-18T07:00:00,2025-02-18,41,781.1191267483719,781.1191267483719,0.0,781.1191267483719,0.0,0.0,781.1191267483719,0.8442,659.4207668009755,1.2663,0.0,4.221,0.0,0.0,0.0,659.4207668009755,659.42元,0.0,781.1191267483719
2025-02-18T07:00:00,2025-02-18T07:10:00,2025-02-18,42,529.5322920196936,529.5322920196936,0.0,529.5322920196936,0.0,0.0,529.5322920196936,0.8334,441.31221216921267,1.2501,0.0,4.167,0.0,0.0,0.0,441.31221216921267,441.31元,0.0,529.5322920196936
2025-02-18T07:10:00,2025-02-18T07:20:00,2025-02-18,43,525.4903490824828,525.4903490824828,0.0,525.4903490824828,0.0,0.0,525.4903490824828,0.8092,425.2267904775451,1.2138,0.0,4.046,0.0,0.0,0.0,425.2267904775451,425.23元,0.0,525.4903490824828
2025-02-18T07:20:00,2025-02-18T07:30:00,2025-02-18,44,536.7221297755523,536.7221297755523,0.0,536.7221297755523,0.0,0.0,536.7221297755523,0.7972,427.8748818570703,1.1958,0.0,3.986,0.0,0.0,0.0,427.8748818570703,427.87元,0.0,536.7221297755523
2025-02-18T07:30:00,2025-02-18T07:40:00,2025-02-18,45,508.8650994670571,508.8650994670571,0.0,508.8650994670571,0.0,0.0,508.8650994670571,0.7644,388.97648203261843,1.1465999999999998,0.0,3.822,0.0,0.0,0.0,388.97648203261843,388.98元,0.0,508.8650994670571
2025-02-18T07:40:00,2025-02-18T07:50:00,2025-02-18,46,1275.7128586475865,1275.7128586475865,0.0,1275.7128586475865,0.0,0.0,1275.7128586475865,0.6899,880.1143011809698,1.03485,0.0,3.4494999999999996,0.0,0.0,0.0,880.1143011809698,880.11元,0.0,1275.7128586475865
2025-02-18T07:50:00,2025-02-18T08:00:00,2025-02-18,47,2.7586292132707513,2.7586292132707513,0.0,2.7586292132707513,0.0,0.0,2.7586292132707513,0.86,2.3724211234128463,1.29,0.0,4.3,0.0,0.0,0.0,2.3724211234128463,2.37元,0.0,2.7586292132707513
2025-02-18T08:00:00,2025-02-18T08:10:00,2025-02-18,48,7.761217712410144,7.761217712410144,36.505145335153884,44.26636304756403,36.505145335153884,0.0,44.26636304756403,1.1617,9.016206616506864,1.74255,63.6120410037724,5.8084999999999996,0.0,0.0,0.0,72.62824762027927,72.63元,0.0,44.26636304756403
2025-02-18T08:10:00,2025-02-18T08:20:00,2025-02-18,49,10.915600019228691,10.915600019228691,0.0,10.915600019228691,0.0,0.0,10.915600019228691,1.1683,12.752695502464878,1.7524499999999998,0.0,5.8415,0.0,0.0,0.0,12.752695502464878,12.75元,0.0,10.915600019228691
2025-02-18T08:20:00,2025-02-18T08:30:00,2025-02-18,50,0.0,0.0,0.0,0.0,0.0,0.0,0.0,1.0956,0.0,1.6433999999999997,0.0,5.478,0.0,0.0,0.0,0.0,0.00元,0.0,0.0
2025-02-18T08:30:00,2025-02-18T08:40:00,2025-02-18,51,0.0,0.0,0.0,0.0,0.0,0.0,0.0,1.0849,0.0,1.6273499999999999,0.0,5.4245,0.0,0.0,0.0,0.0,0.00元,0.0,0.0
2025-02-18T08:40:00,2025-02-18T08:50:00,2025-02-18,52,0.0,0.0,0.0,0.0,0.0,0.0,0.0,1.061,0.0,1.5915,0.0,5.305,0.0,0.0,0.0,0.0,0.00元,0.0,0.0
2025-02-18T08:50:00,2025-02-18T09:00:00,2025-02-18,53,0.0,0.0,0.0,0.0,0.0,0.0,0.0,1.043,0.0,1.5644999999999998,0.0,5.215,0.0,0.0,0.0,0.0,0.00元,0.0,0.0
2025-02-18T09:00:00,2025-02-18T09:10:00,2025-02-18,54,0.0,0.0,0.0,0.0,0.0,0.0,0.0,1.036,0.0,1.554,0.0,5.18,0.0,0.0,0.0,0.0,0.00元,0.0,0.0
2025-02-18T09:10:00,2025-02-18T09:20:00,2025-02-18,55,0.0,0.0,0.0,0.0,0.0,0.0,0.0,1.0147,0.0,1.52205,0.0,5.073499999999999,0.0,0.0,0.0,0.0,0.00元,0.0,0.0
2025-02-18T09:20:00,2025-02-18T09:30:00,2025-02-18,56,0.0,0.0,0.0,0.0,0.0,0.0,0.0,0.9922,0.0,1.4883,0.0,4.961,0.0,0.0,0.0,0.0,0.00元,0.0,0.0
2025-02-18T09:30:00,2025-02-18T09:40:00,2025-02-18,57,0.0,0.0,0.0,0.0,0.0,0.0,0.0,0.97,0.0,1.455,0.0,4.85,0.0,0.0,0.0,0.0,0.00元,0.0,0.0
2025-02-18T09:40:00,2025-02-18T09:50:00,2025-02-18,58,0.0,0.0,0.0,0.0,0.0,96.9025859010922,96.9025859010922,0.9422,0.0,1.4133,0.0,4.711,456.50808218004534,0.0,0.0,456.50808218004534,456.51元,0.0,96.9025859010922
2025-02-18T09:50:00,2025-02-18T10:00:00,2025-02-18,59,0.0,0.0,0.0,0.0,0.0,72.69805,72.69805,0.9569,0.0,1.43535,0.0,4.7844999999999995,347.82382022499996,0.0,0.0,347.82382022499996,347.82元,0.0,72.69805
2025-02-18T10:00:00,2025-02-18T10:10:00,2025-02-18,60,0.0,0.0,0.0,0.0,0.0,29.277916666666936,29.277916666666936,0.9977,0.0,1.49655,0.0,4.9885,146.05288729166801,0.0,0.0,146.05288729166801,146.05元,0.0,29.277916666666936
2025-02-18T10:10:00,2025-02-18T10:20:00,2025-02-18,61,0.0,0.0,0.0,0.0,0.0,0.0,0.0,0.9919,0.0,1.48785,0.0,4.9595,0.0,0.0,0.0,0.0,0.00元,0.0,0.0
2025-02-18T10:20:00,2025-02-18T10:30:00,2025-02-18,62,0.0,0.0,0.0,0.0,0.0,0.0,0.0,0.9588,0.0,1.4382,0.0,4.794,0.0,0.0,0.0,0.0,0.00元,0.0,0.0
2025-02-18T10:30:00,2025-02-18T10:40:00,2025-02-18,63,0.0,0.0,0.0,0.0,0.0,22.11127950180039,22.11127950180039,0.9549,0.0,1.43235,0.0,4.7745,105.57030398134596,0.0,0.0,105.57030398134596,105.57元,0.0,22.11127950180039
2025-02-18T10:40:00,2025-02-18T10:50:00,2025-02-18,64,0.0,0.0,0.0,0.0,0.0,57.67175000000001,57.67175000000001,0.9839,0.0,1.4758499999999999,0.0,4.9195,283.71617412500007,0.0,0.0,283.71617412500007,283.72元,0.0,57.67175000000001
2025-02-18T10:50:00,2025-02-18T11:00:00,2025-02-18,65,0.0,0.0,0.0,0.0,0.0,31.641566666666716,31.641566666666716,0.799,0.0,1.1985000000000001,0.0,3.995,126.40805883333354,0.0,0.0,126.40805883333354,126.41元,0.0,31.641566666666716
2025-02-18T11:00:00,2025-02-18T11:10:00,2025-02-18,66,312.80364526135355,312.80364526135355,436.797151170536,749.6007964318895,436.797151170536,0.0,749.6007964318895,0.5025,157.18383174383015,0.7537499999999999,329.2358526947915,2.5124999999999997,0.0,0.0,0.0,486.41968443862163,486.42元,0.0,749.6007964318895
2025-02-18T11:10:00,2025-02-18T11:20:00,2025-02-18,67,647.4056988810656,647.4056988810656,96.6464458172502,744.0521446983158,96.6464458172502,0.0,744.0521446983158,0.4662,301.8205368183528,0.6993,67.58485956000307,2.331,0.0,0.0,0.0,369.4053963783559,369.41元,0.0,744.0521446983158
2025-02-18T11:20:00,2025-02-18T11:30:00,2025-02-18,68,635.3814082934863,635.3814082934863,96.8642011600009,732.2456094534872,96.8642011600009,0.0,732.2456094534872,0.5007,318.1354711325486,0.75105,72.74985828121868,2.5035000000000003,0.0,0.0,0.0,390.8853294137673,390.89元,0.0,732.2456094534872
2025-02-18T11:30:00,2025-02-18T11:40:00,2025-02-18,69,625.682647857287,625.682647857287,96.5831623440447,722.2658102013316,96.5831623440447,0.0,722.2658102013316,0.4827,302.0170141207124,0.7240500000000001,69.93103869520556,2.4135,0.0,0.0,0.0,371.948052815918,371.95元,0.0,722.2658102013316
2025-02-18T11:40:00,2025-02-18T11:50:00,2025-02-18,70,635.1170752311094,635.1170752311094,96.40192816925378,731.5190034003632,96.40192816925378,0.0,731.5190034003632,0.4785,303.90352049808587,0.71775,69.1924839434819,2.3925,0.0,0.0,0.0,373.09600444156774,373.10元,0.0,731.5190034003632
2025-02-18T11:50:00,2025-02-18T12:00:00,2025-02-18,71,619.6265450284421,619.6265450284421,96.96444861553027,716.5909936439724,96.96444861553027,0.0,716.5909936439724,0.4662,288.86989529225974,0.6993,67.80723891684032,2.331,0.0,0.0,0.0,356.6771342091001,356.68元,0.0,716.5909936439724
2025-02-18T12:00:00,2025-02-18T12:10:00,2025-02-18,72,686.0538969334995,686.0538969334995,75.66201636119786,761.7159132946973,75.66201636119786,0.0,761.7159132946973,0.4432,304.05908712092696,0.6648,50.300108476924336,2.2159999999999997,0.0,75.16081687941812,16.655637020479055,371.01483261833033,371.01元,0.0,761.7159132946973
2025-02-18T12:10:00,2025-02-18T12:20:00,2025-02-18,73,658.5427700034994,658.5427700034994,75.81690596630074,734.3596759698002,75.81690596630074,0.0,734.3596759698002,0.4411,290.4832158485436,0.66165,50.16425583260288,2.2055,0.0,0.0,0.0,340.64747168114644,340.65元,0.0,734.3596759698002
2025-02-18T12:20:00,2025-02-18T12:30:00,2025-02-18,74,667.6363302283402,667.6363302283402,76.11844375603823,743.7547739843784,76.11844375603823,0.0,743.7547739843784,0.4551,303.84129388691764,0.68265,51.9622556300595,2.2755,0.0,0.0,0.0,355.8035495169771,355.80元,0.0,743.7547739843784
2025-02-18T12:30:00,2025-02-18T12:40:00,2025-02-18,75,683.9350872252077,683.9350872252077,76.34502089042189,760.2801081156296,76.34502089042189,0.0,760.2801081156296,0.4463,305.2402294286102,0.66945,51.10917423509294,2.2315,0.0,0.0,0.0,356.3494036637031,356.35元,0.0,760.2801081156296
2025-02-18T12:40:00,2025-02-18T12:50:00,2025-02-18,76,664.466479757608,664.466479757608,76.39562459563854,740.8621043532465,76.39562459563854,0.0,740.8621043532465,0.4113,273.2950631243042,0.61695,47.132280594279194,2.0564999999999998,0.0,0.0,0.0,320.42734371858336,320.43元,0.0,740.8621043532465
2025-02-18T12:50:00,2025-02-18T13:00:00,2025-02-18,77,0.0,0.0,752.7654750119453,752.7654750119453,752.7654750119453,0.0,752.7654750119453,0.5682,0.0,0.8523000000000001,641.582014352681,2.841,0.0,0.0,0.0,641.582014352681,641.58元,0.0,752.7654750119453
2025-02-18T13:00:00,2025-02-18T13:10:00,2025-02-18,78,0.0,0.0,16.292893784098624,16.292893784098624,16.292893784098624,0.0,16.292893784098624,0.8279,0.0,1.24185,20.233330145782876,4.1395,0.0,0.0,0.0,20.233330145782876,20.23元,0.0,16.292893784098624
2025-02-18T13:10:00,2025-02-18T13:20:00,2025-02-18,79,0.0,0.0,26.617322528523573,26.617322528523573,26.617322528523573,0.0,26.617322528523573,0.8636,0.0,1.2954,34.48007960344944,4.3180000000000005,0.0,0.0,0.0,34.48007960344944,34.48元,0.0,26.617322528523573
2025-02-18T13:20:00,2025-02-18T13:30:00,2025-02-18,80,0.0,0.0,1.5158692388429245,1.5158692388429245,1.5158692388429245,0.0,1.5158692388429245,0.8416,0.0,1.2624,1.9136333271153079,4.208,0.0,0.0,0.0,1.9136333271153079,1.91元,0.0,1.5158692388429245
2025-02-18T13:30:00,2025-02-18T13:40:00,2025-02-18,81,0.0,0.0,0.0,0.0,0.0,0.0,0.0,0.8618,0.0,1.2927,0.0,4.309,0.0,0.0,0.0,0.0,0.00元,0.0,0.0
2025-02-18T13:40:00,2025-02-18T13:50:00,2025-02-18,82,0.0,0.0,5.821675812531112,5.821675812531112,5.821675812531112,0.0,5.821675812531112,0.8623,0.0,1.29345,7.530046579718366,4.3115,0.0,0.0,0.0,7.530046579718366,7.53元,0.0,5.821675812531112
2025-02-18T13:50:00,2025-02-18T14:00:00,2025-02-18,83,0.0,0.0,0.0,0.0,0.0,0.0,0.0,0.9026,0.0,1.3538999999999999,0.0,4.513,0.0,0.0,0.0,0.0,0.00元,0.0,0.0
2025-02-18T14:00:00,2025-02-18T14:10:00,2025-02-18,84,0.0,0.0,0.0,0.0,0.0,0.0,0.0,0.9754,0.0,1.4631,0.0,4.877000000000001,0.0,0.0,0.0,0.0,0.00元,0.0,0.0
2025-02-18T14:10:00,2025-02-18T14:20:00,2025-02-18,85,0.0,0.0,0.0,0.0,0.0,0.0,0.0,1.0002,0.0,1.5003,0.0,5.0009999999999994,0.0,0.0,0.0,0.0,0.00元,0.0,0.0
2025-02-18T14:20:00,2025-02-18T14:30:00,2025-02-18,86,0.0,0.0,0.0,0.0,0.0,0.0,0.0,0.9978,0.0,1.4967000000000001,0.0,4.989,0.0,0.0,0.0,0.0,0.00元,0.0,0.0
2025-02-18T14:30:00,2025-02-18T14:40:00,2025-02-18,87,0.0,0.0,0.0,0.0,0.0,0.0,0.0,1.0271,0.0,1.5406499999999999,0.0,5.1354999999999995,0.0,0.0,0.0,0.0,0.00元,0.0,0.0
2025-02-18T14:40:00,2025-02-18T14:50:00,2025-02-18,88,0.0,0.0,0.0,0.0,0.0,0.0,0.0,1.0906,0.0,1.6359,0.0,5.453,0.0,0.0,0.0,0.0,0.00元,0.0,0.0
2025-02-18T14:50:00,2025-02-18T15:00:00,2025-02-18,89,0.0,0.0,0.0,0.0,0.0,0.0,0.0,0.9376,0.0,1.4064,0.0,4.688,0.0,0.0,0.0,0.0,0.00元,0.0,0.0
2025-02-18T15:00:00,2025-02-18T15:10:00,2025-02-18,90,1002.5862136849314,1002.5862136849314,278.44064695089673,1281.0268606358281,278.44064695089673,0.0,1281.0268606358281,0.6694,671.131211440693,1.0041,279.58225360339543,3.347,0.0,0.0,0.0,950.7134650440885,950.71元,0.0,1281.0268606358281
2025-02-18T15:10:00,2025-02-18T15:20:00,2025-02-18,91,1328.599249200795,1302.89985892608,0.0,1302.89985892608,-25.699390274714915,0.0,1302.89985892608,0.66,859.9139068912128,0.99,0.0,3.3000000000000003,0.0,0.0,0.0,859.9139068912128,859.91元,0.0,1302.89985892608
2025-02-18T15:20:00,2025-02-18T15:30:00,2025-02-18,92,498.8239874735955,498.8239874735955,793.2822296184754,1292.106217092071,793.2822296184754,0.0,1292.106217092071,0.7217,360.00127175969385,1.08255,858.7676776734805,3.6085000000000003,0.0,0.0,0.0,1218.7689494331744,1218.77元,0.0,1292.106217092071
2025-02-18T15:30:00,2025-02-18T15:40:00,2025-02-18,93,507.1996743295048,507.1996743295048,11.951345161765403,519.1510194912702,11.951345161765403,0.0,519.1510194912702,0.7308,370.6615220000021,1.0962,13.101064566327235,3.654,0.0,0.0,0.0,383.76258656632933,383.76元,0.0,519.1510194912702
2025-02-18T15:40:00,2025-02-18T15:50:00,2025-02-18,94,556.5176630119881,556.5176630119881,9.493434532650781,566.0110975446389,9.493434532650781,0.0,566.0110975446389,0.7534,419.2804073132318,1.1300999999999999,10.728530365348647,3.767,0.0,0.0,0.0,430.0089376785805,430.01元,0.0,566.0110975446389
2025-02-18T15:50:00,2025-02-18T16:00:00,2025-02-18,95,577.1919211913723,577.1919211913723,7.1076968697619805,584.2996180611343,7.1076968697619805,0.0,584.2996180611343,0.7823,451.53723994801055,1.1734499999999999,8.340526891822195,3.9115,0.0,0.0,0.0,459.8777668398327,459.88元,0.0,584.2996180611343
2025-02-18T16:00:00,2025-02-18T16:10:00,2025-02-18,96,789.623845816234,789.623845816234,0.0,789.623845816234,0.0,0.0,789.623845816234,0.8055,636.0420078049765,1.20825,0.0,4.0275,0.0,0.0,0.0,636.0420078049765,636.04元,0.0,789.623845816234
2025-02-18T16:10:00,2025-02-18T16:20:00,2025-02-18,97,794.396352684334,794.396352684334,0.0,794.396352684334,0.0,0.0,794.396352684334,0.8271,657.0452233052126,1.24065,0.0,4.1354999999999995,0.0,0.0,0.0,657.0452233052126,657.05元,0.0,794.396352684334
2025-02-18T16:20:00,2025-02-18T16:30:00,2025-02-18,98,819.3590675886476,819.3590675886476,0.0,819.3590675886476,0.0,0.0,819.3590675886476,0.8519,698.0119896787688,1.27785,0.0,4.2595,0.0,0.0,0.0,698.0119896787688,698.01元,0.0,819.3590675886476
2025-02-18T16:30:00,2025-02-18T16:40:00,2025-02-18,99,851.098243757588,851.098243757588,0.0,851.098243757588,0.0,0.0,851.098243757588,0.8791,748.2004660872956,1.3186499999999999,0.0,4.3955,0.0,0.0,0.0,748.2004660872956,748.20元,0.0,851.098243757588
2025-02-18T16:40:00,2025-02-18T16:50:00,2025-02-18,100,880.8876594539461,880.8876594539461,0.0,880.8876594539461,0.0,0.0,880.8876594539461,0.9024,794.9130238912409,1.3536,0.0,4.512,0.0,0.0,0.0,794.9130238912409,794.91元,0.0,880.8876594539461
2025-02-18T16:50:00,2025-02-18T17:00:00,2025-02-18,101,896.7688528793033,896.7688528793033,0.0,896.7688528793033,0.0,0.0,896.7688528793033,0.9163,821.7092998933056,1.37445,0.0,4.5815,0.0,0.0,0.0,821.7092998933056,821.71元,0.0,896.7688528793033
2025-02-18T17:00:00,2025-02-18T17:10:00,2025-02-18,102,970.103660158304,970.103660158304,0.0,970.103660158304,0.0,0.0,970.103660158304,0.9264,898.7040307706528,1.3896,0.0,4.632,0.0,0.0,0.0,898.7040307706528,898.70元,0.0,970.103660158304
2025-02-18T17:10:00,2025-02-18T17:20:00,2025-02-18,103,991.5028923188756,991.5028923188756,0.0,991.5028923188756,0.0,0.0,991.5028923188756,0.9462,938.1600367121201,1.4193,0.0,4.731,0.0,0.0,0.0,938.1600367121201,938.16元,0.0,991.5028923188756
2025-02-18T17:20:00,2025-02-18T17:30:00,2025-02-18,104,1007.7830745981985,1007.7830745981985,0.0,1007.7830745981985,0.0,0.0,1007.7830745981985,0.9742,981.7822712735649,1.4613,0.0,4.8709999999999996,0.0,0.0,0.0,981.7822712735649,981.78元,0.0,1007.7830745981985
2025-02-18T17:30:00,2025-02-18T17:40:00,2025-02-18,105,1021.4955902831748,1021.4955902831748,0.0,1021.4955902831748,0.0,0.0,1021.4955902831748,0.9862,1007.398951137267,1.4792999999999998,0.0,4.931,0.0,0.0,0.0,1007.398951137267,1007.40元,0.0,1021.4955902831748
2025-02-18T17:40:00,2025-02-18T17:50:00,2025-02-18,106,1029.7194533016016,1029.7194533016016,0.0,1029.7194533016016,0.0,0.0,1029.7194533016016,0.976,1005.0061864223632,1.464,0.0,4.88,0.0,0.0,0.0,1005.0061864223632,1005.01元,0.0,1029.7194533016016
2025-02-18T17:50:00,2025-02-18T18:00:00,2025-02-18,107,907.8429103880461,907.8429103880461,0.0,907.8429103880461,0.0,0.0,907.8429103880461,1.0742,975.2048543388391,1.6113,0.0,5.371,0.0,0.0,0.0,975.2048543388391,975.20元,0.0,907.8429103880461
2025-02-18T18:00:00,2025-02-18T18:10:00,2025-02-18,108,723.1195850527795,723.1195850527795,20.595223280553796,743.7148083333333,20.595223280553796,0.0,743.7148083333333,1.2313,890.3771450754874,1.84695,38.038347638018834,6.1565,0.0,0.0,0.0,928.4154927135062,928.42元,0.0,743.7148083333333
2025-02-18T18:10:00,2025-02-18T18:20:00,2025-02-18,109,692.2868661678646,692.2868661678646,20.031006369877446,712.317872537742,20.031006369877446,0.0,712.317872537742,1.2561,869.5815325934547,1.88415,37.74142065180459,6.2805,0.0,0.0,0.0,907.3229532452593,907.32元,0.0,712.317872537742
2025-02-18T18:20:00,2025-02-18T18:30:00,2025-02-18,110,714.5956804441529,714.5956804441529,19.480826314614774,734.0765067587677,19.480826314614774,0.0,734.0765067587677,1.2447,889.4572434488371,1.8670499999999999,36.37167677070151,6.2235,0.0,0.0,0.0,925.8289202195385,925.83元,0.0,734.0765067587677
2025-02-18T18:30:00,2025-02-18T18:40:00,2025-02-18,111,715.179722615301,715.179722615301,18.948520147317367,734.1282427626184,18.948520147317367,0.0,734.1282427626184,1.2545,897.192962020895,1.8817499999999998,35.65637778721445,6.2725,0.0,0.0,0.0,932.8493398081096,932.85元,0.0,734.1282427626184
2025-02-18T18:40:00,2025-02-18T18:50:00,2025-02-18,112,719.0758703722465,719.0758703722465,18.429415530010147,737.5052859022567,18.429415530010147,0.0,737.5052859022567,1.2522,900.4268048801271,1.8782999999999999,34.61597119001806,6.261,0.0,0.0,0.0,935.0427760701451,935.04元,0.0,737.5052859022567
2025-02-18T18:50:00,2025-02-18T19:00:00,2025-02-18,113,98.34155225969812,98.34155225969812,108.96070510094808,207.3022573606462,108.96070510094808,0.0,207.3022573606462,1.2881,126.67375346571716,1.93215,210.52842636079683,6.4405,0.0,0.0,0.0,337.202179826514,337.20元,0.0,207.3022573606462
2025-02-18T19:00:00,2025-02-18T19:10:00,2025-02-18,114,7.063416881587727,7.063416881587727,35.0569377657024,42.12035464729013,35.0569377657024,0.0,42.12035464729013,1.3466,9.511597172746034,2.0199,70.81150859294227,6.7330000000000005,0.0,0.0,0.0,80.32310576568831,80.32元,0.0,42.12035464729013
2025-02-18T19:10:00,2025-02-18T19:20:00,2025-02-18,115,2.0176838308162814,2.0176838308162814,17.479331370279965,19.497015201096247,17.479331370279965,0.0,19.497015201096247,1.3523,2.7285138444128574,2.0284500000000003,35.455949718044394,6.7615,0.0,0.0,0.0,38.18446356245725,38.18元,0.0,19.497015201096247
2025-02-18T19:20:00,2025-02-18T19:30:00,2025-02-18,116,0.0,0.0,22.73218202076862,22.73218202076862,22.73218202076862,0.0,22.73218202076862,1.3445,0.0,2.01675,45.84512809038511,6.7225,0.0,0.0,0.0,45.84512809038511,45.85元,0.0,22.73218202076862
2025-02-18T19:30:00,2025-02-18T19:40:00,2025-02-18,117,11.7890064244948,11.7890064244948,24.72686353103768,36.51586995553248,24.72686353103768,0.0,36.51586995553248,1.3483,15.89511736214634,2.02245,50.008845148347156,6.7415,0.0,0.0,0.0,65.9039625104935,65.90元,0.0,36.51586995553248
2025-02-18T19:40:00,2025-02-18T19:50:00,2025-02-18,118,26.24441689226194,26.24441689226194,15.677511013396952,41.92192790565889,15.677511013396952,0.0,41.92192790565889,1.349,35.40371838766136,2.0235,31.72344353560873,6.745,0.0,0.0,0.0,67.12716192327008,67.13元,0.0,41.92192790565889
2025-02-18T19:50:00,2025-02-18T20:00:00,2025-02-18,119,21.465138377456356,21.465138377456356,22.97813473846179,44.443273115918146,22.97813473846179,0.0,44.443273115918146,1.3473,28.919980935946946,2.02095,46.437661399694356,6.7364999999999995,0.0,0.0,0.0,75.3576423356413,75.36元,0.0,44.443273115918146
2025-02-18T20:00:00,2025-02-18T20:10:00,2025-02-18,120,7.9185342491950905,7.9185342491950905,18.614887599869235,26.533421849064325,18.614887599869235,0.0,26.533421849064325,1.3482,10.675767874764821,2.0223,37.64488719321555,6.7410000000000005,0.0,0.0,0.0,48.320655067980375,48.32元,0.0,26.533421849064325
2025-02-18T20:10:00,2025-02-18T20:20:00,2025-02-18,121,0.0,0.0,2.9674933497335587,2.9674933497335587,2.9674933497335587,0.0,2.9674933497335587,1.3513,0.0,2.02695,6.014960645242437,6.7565,0.0,0.0,0.0,6.014960645242437,6.01元,0.0,2.9674933497335587
2025-02-18T20:20:00,2025-02-18T20:30:00,2025-02-18,122,6.807266945243214,6.807266945243214,10.574144557094428,17.38141150233764,10.574144557094428,0.0,17.38141150233764,1.34,9.121737706625908,2.0100000000000002,21.2540305597598,6.7,0.0,0.0,0.0,30.37576826638571,30.38元,0.0,17.38141150233764
2025-02-18T20:30:00,2025-02-18T20:40:00,2025-02-18,123,8.770126755186993,8.770126755186993,20.112512729587365,28.88263948477436,20.112512729587365,0.0,28.88263948477436,1.3489,11.830023980071735,2.0233499999999998,40.6946526314106,6.7445,0.0,0.0,0.0,52.52467661148233,52.52元,0.0,28.88263948477436
2025-02-18T20:40:00,2025-02-18T20:50:00,2025-02-18,124,13.91413075119874,13.91413075119874,7.860429173598391,21.77455992479713,7.860429173598391,0.0,21.77455992479713,1.3952,19.412995224072482,2.0928,16.45030617450671,6.976,0.0,0.0,0.0,35.863301398579196,35.86元,0.0,21.77455992479713
2025-02-18T20:50:00,2025-02-18T21:00:00,2025-02-18,125,725.3110632444278,725.3110632444278,0.0,725.3110632444278,0.0,0.0,725.3110632444278,1.2226,886.7653059226374,1.8338999999999999,0.0,6.1129999999999995,0.0,0.0,0.0,886.7653059226374,886.77元,0.0,725.3110632444278
2025-02-18T21:00:00,2025-02-18T21:10:00,2025-02-18,126,756.7706682983817,749.6514109628037,2.1918134347600926,751.8432243975637,-4.927443900817934,0.0,751.8432243975637,0.9332,699.5746967104884,1.3998,3.0681004459771777,4.666,0.0,0.0,0.0,702.6427971564656,702.64元,0.0,751.8432243975637
2025-02-18T21:10:00,2025-02-18T21:20:00,2025-02-18,127,736.7488541806335,734.7572191944346,0.0,734.7572191944346,-1.9916349861989602,0.0,734.7572191944346,0.9068,666.2778463655134,1.3602,0.0,4.534000000000001,0.0,0.0,0.0,666.2778463655134,666.28元,0.0,734.7572191944346
2025-02-18T21:20:00,2025-02-18T21:30:00,2025-02-18,128,715.761372565473,714.5921782369805,12.985774136561417,727.577952373542,11.816579808068923,0.0,727.577952373542,0.9371,669.6443302258745,1.40565,18.253453415057557,4.6855,0.0,0.0,0.0,687.8977836409321,687.90元,0.0,727.577952373542
2025-02-18T21:30:00,2025-02-18T21:40:00,2025-02-18,129,741.2922928569731,740.1551292184623,12.630022064041327,752.7851512825036,11.492858425530585,0.0,752.7851512825036,0.9371,693.5993715906211,1.40565,17.753390514319694,4.6855,0.0,0.0,0.0,711.3527621049408,711.35元,0.0,752.7851512825036
2025-02-18T21:40:00,2025-02-18T21:50:00,2025-02-18,130,733.4821590251418,733.4821590251418,14.812528461488569,748.2946874866303,14.812528461488569,0.0,748.2946874866303,0.9871,724.0202391737174,1.48065,21.93217026650305,4.9355,0.0,0.0,0.0,745.9524094402205,745.95元,0.0,748.2946874866303
2025-02-18T21:50:00,2025-02-18T22:00:00,2025-02-18,131,645.5960260130513,645.5960260130513,38.70069049909057,684.2967165121419,38.70069049909057,0.0,684.2967165121419,0.7764,501.240754596533,1.1646,45.07082415524088,3.8819999999999997,0.0,0.0,0.0,546.3115787517739,546.31元,0.0,684.2967165121419
2025-02-18T22:00:00,2025-02-18T22:10:00,2025-02-18,132,1362.4697089187794,1361.423467864648,0.0,1361.423467864648,-1.0462410541313147,0.0,1361.423467864648,0.4209,573.0231376242303,0.63135,0.0,2.1045,0.0,0.0,0.0,573.0231376242303,573.02元,5.8151345413146975,1355.6083333233335
2025-02-18T22:10:00,2025-02-18T22:20:00,2025-02-18,133,1358.2272014987595,1357.2096227653683,0.0,1357.2096227653683,-1.0175787333912467,0.0,1357.2096227653683,0.3859,523.7471934251556,0.5788500000000001,0.0,1.9295,0.0,0.0,0.0,523.7471934251556,523.75元,0.0,1357.2096227653683
2025-02-18T22:20:00,2025-02-18T22:30:00,2025-02-18,134,559.1793439677384,559.1793439677384,0.0,559.1793439677384,0.0,0.0,559.1793439677384,0.4368,244.24953744510816,0.6552,0.0,2.184,0.0,0.0,0.0,244.24953744510816,244.25元,0.0,559.1793439677384
2025-02-18T22:30:00,2025-02-18T22:40:00,2025-02-18,135,1394.2266778700189,1393.2640896318094,0.0,1393.2640896318094,-0.9625882382094915,0.0,1393.2640896318094,0.4198,584.8922648274336,0.6297,0.0,2.099,0.0,0.0,0.0,584.8922648274336,584.89元,50.832422975142656,1342.4316666566667
2025-02-18T22:40:00,2025-02-18T22:50:00,2025-02-18,136,1378.4422248217456,1377.5060071916432,0.0,1377.5060071916432,-0.9362176301024192,0.0,1377.5060071916432,0.4186,576.6240146104219,0.6279,0.0,2.093,0.0,0.0,0.0,576.6240146104219,576.62元,29.465190534976493,1348.0408166566667
2025-02-18T22:50:00,2025-02-18T23:00:00,2025-02-18,137,1381.0723540089355,1380.1617845503429,0.0,1380.1617845503429,-0.9105694585925903,0.0,1380.1617845503429,0.4241,585.3266128278004,0.63615,0.0,2.1205,0.0,0.0,0.0,585.3266128278004,585.33元,0.32098456034281414,1379.84079999
2025-02-18T23:00:00,2025-02-18T23:10:00,2025-02-18,138,1398.4197955188981,1397.5341715867457,0.0,1397.5341715867457,-0.8856239321523844,0.0,1397.5341715867457,0.4237,592.1352285013043,0.6355500000000001,0.0,2.1185,0.0,0.0,0.0,592.1352285013043,592.14元,2.3791715967457696,1395.15499999
2025-02-18T23:10:00,2025-02-18T23:20:00,2025-02-18,139,1018.8140575892287,1018.8140575892287,0.0,1018.8140575892287,0.0,0.0,1018.8140575892287,0.4248,432.79221166390437,0.6372,0.0,2.124,0.0,0.0,0.0,432.79221166390437,432.79元,0.0,1018.8140575892287
2025-02-18T23:20:00,2025-02-18T23:30:00,2025-02-18,140,1391.1781020183857,1390.3403376738756,0.0,1390.3403376738756,-0.8377643445101057,0.0,1390.3403376738756,0.424,589.5043031737232,0.636,0.0,2.12,0.0,0.0,0.0,589.5043031737232,589.50元,0.11890435054237175,1390.2214333233333
2025-02-18T23:30:00,2025-02-18T23:40:00,2025-02-18,141,1400.33583000582,1399.5210166535812,0.0,1399.5210166535812,-0.8148133522388434,0.0,1399.5210166535812,0.422,590.5978690278113,0.633,0.0,2.11,0.0,0.0,0.0,590.5978690278113,590.60元,0.0,1399.5210166535812
2025-02-18T23:40:00,2025-02-18T23:50:00,2025-02-18,142,1417.3755704750392,1416.5830793606374,0.0,1416.5830793606374,-0.7924911144018552,0.0,1416.5830793606374,0.424,600.6312256489102,0.636,0.0,2.12,0.0,0.0,0.0,600.6312256489102,600.63元,26.00174603730408,1390.5813333233334
2025-02-18T23:50:00,2025-02-19T00:00:00,2025-02-18,143,573.6829263262188,573.6829263262188,0.0,573.6829263262188,0.0,0.0,573.6829263262188,0.4271,245.019977833928,0.6406499999999999,0.0,2.1355,0.0,0.0,0.0,245.019977833928,245.02元,0.0,573.6829263262188
2025-02-19T00:00:00,2025-02-19T00:10:00,2025-02-18,144,547.0871166666667,547.0871166666667,0.0,547.0871166666667,0.0,0.0,547.0871166666667,0.4276,233.93445108666668,0.6414,0.0,2.138,0.0,0.0,0.0,233.93445108666668,233.93元,0.0,547.0871166666667
2025-02-19T00:10:00,2025-02-19T00:20:00,2025-02-19,1,846.9391393526876,846.9391393526876,0.0,846.9391393526876,0.0,0.0,846.9391393526876,0.4248,359.7797463970217,0.6372,0.0,2.124,0.0,0.0,0.0,359.7797463970217,359.78元,0.0,846.9391393526876
2025-02-19T00:20:00,2025-02-19T00:30:00,2025-02-19,2,1404.391902796361,1404.391902796361,0.0,1404.391902796361,0.0,0.0,1404.391902796361,0.4245,596.1643627370552,0.6367499999999999,0.0,2.1225,0.0,0.0,0.0,596.1643627370552,596.16元,18.83088613969425,1385.5610166566667
2025-02-19T00:30:00,2025-02-19T00:40:00,2025-02-19,3,575.6618278710276,575.6618278710276,0.0,575.6618278710276,0.0,0.0,575.6618278710276,0.4269,245.7500343181417,0.64035,0.0,2.1345,0.0,0.0,0.0,245.7500343181417,245.75元,0.0,575.6618278710276
2025-02-19T00:40:00,2025-02-19T00:50:00,2025-02-19,4,577.602594122649,577.602594122649,0.0,577.602594122649,0.0,0.0,577.602594122649,0.4272,246.75182820919565,0.6408,0.0,2.136,0.0,0.0,0.0,246.75182820919565,246.75元,0.0,577.602594122649
2025-02-19T00:50:00,2025-02-19T01:00:00,2025-02-19,5,575.2521517570542,575.2521517570542,0.0,575.2521517570542,0.0,0.0,575.2521517570542,0.4271,245.69019401543784,0.6406499999999999,0.0,2.1355,0.0,0.0,0.0,245.69019401543784,245.69元,0.0,575.2521517570542
2025-02-19T01:00:00,2025-02-19T01:10:00,2025-02-19,6,581.0367302667164,581.0367302667164,0.0,581.0367302667164,0.0,0.0,581.0367302667164,0.4285,248.97423891928798,0.6427499999999999,0.0,2.1425,0.0,0.0,0.0,248.97423891928798,248.97元,0.0,581.0367302667164
2025-02-19T01:10:00,2025-02-19T01:20:00,2025-02-19,7,608.0280776169612,608.0280776169612,0.0,608.0280776169612,0.0,0.0,608.0280776169612,0.4311,262.120904260672,0.64665,0.0,2.1555,0.0,0.0,0.0,262.120904260672,262.12元,0.0,608.0280776169612
2025-02-19T01:20:00,2025-02-19T01:30:00,2025-02-19,8,607.7278944316416,607.7278944316416,0.0,607.7278944316416,0.0,0.0,607.7278944316416,0.4302,261.44454018449227,0.6453,0.0,2.1510000000000002,0.0,0.0,0.0,261.44454018449227,261.44元,0.0,607.7278944316416
2025-02-19T01:30:00,2025-02-19T01:40:00,2025-02-19,9,586.8305081782906,586.8305081782906,0.0,586.8305081782906,0.0,0.0,586.8305081782906,0.4279,251.10477444949058,0.64185,0.0,2.1395,0.0,0.0,0.0,251.10477444949058,251.10元,0.0,586.8305081782906
2025-02-19T01:40:00,2025-02-19T01:50:00,2025-02-19,10,597.4171281861021,597.4171281861021,0.0,597.4171281861021,0.0,0.0,597.4171281861021,0.4312,257.60626567384725,0.6468,0.0,2.156,0.0,0.0,0.0,257.60626567384725,257.61元,0.0,597.4171281861021
2025-02-19T01:50:00,2025-02-19T02:00:00,2025-02-19,11,593.4255664967513,593.4255664967513,0.0,593.4255664967513,0.0,0.0,593.4255664967513,0.4333,257.13129796304236,0.64995,0.0,2.1665,0.0,0.0,0.0,257.13129796304236,257.13元,0.0,593.4255664967513
2025-02-19T02:00:00,2025-02-19T02:10:00,2025-02-19,12,580.5750412147372,580.5750412147372,0.0,580.5750412147372,0.0,0.0,580.5750412147372,0.4311,250.2859002676732,0.64665,0.0,2.1555,0.0,0.0,0.0,250.2859002676732,250.29元,0.0,580.5750412147372
2025-02-19T02:10:00,2025-02-19T02:20:00,2025-02-19,13,611.9696098572576,611.9696098572576,0.0,611.9696098572576,0.0,0.0,611.9696098572576,0.4293,262.7185535117207,0.64395,0.0,2.1465,0.0,0.0,0.0,262.7185535117207,262.72元,0.0,611.9696098572576
2025-02-19T02:20:00,2025-02-19T02:30:00,2025-02-19,14,625.5132510369663,625.5132510369663,0.0,625.5132510369663,0.0,0.0,625.5132510369663,0.4324,270.47192974838424,0.6486000000000001,0.0,2.162,0.0,0.0,0.0,270.47192974838424,270.47元,0.0,625.5132510369663
2025-02-19T02:30:00,2025-02-19T02:40:00,2025-02-19,15,612.280241977621,612.280241977621,0.0,612.280241977621,0.0,0.0,612.280241977621,0.4367,267.3827816716271,0.6550499999999999,0.0,2.1835,0.0,0.0,0.0,267.3827816716271,267.38元,0.0,612.280241977621
2025-02-19T02:40:00,2025-02-19T02:50:00,2025-02-19,16,625.3502543626366,625.3502543626366,0.0,625.3502543626366,0.0,0.0,625.3502543626366,0.4348,271.9022905968744,0.6522,0.0,2.174,0.0,0.0,0.0,271.9022905968744,271.90元,0.0,625.3502543626366
2025-02-19T02:50:00,2025-02-19T03:00:00,2025-02-19,17,636.0697893498887,636.0697893498887,0.0,636.0697893498887,0.0,0.0,636.0697893498887,0.4335,275.73625368317676,0.65025,0.0,2.1675,0.0,0.0,0.0,275.73625368317676,275.74元,0.0,636.0697893498887
2025-02-19T03:00:00,2025-02-19T03:10:00,2025-02-19,18,628.9104767527767,628.9104767527767,0.0,628.9104767527767,0.0,0.0,628.9104767527767,0.4357,274.0162947211848,0.65355,0.0,2.1784999999999997,0.0,0.0,0.0,274.0162947211848,274.02元,0.0,628.9104767527767
2025-02-19T03:10:00,2025-02-19T03:20:00,2025-02-19,19,622.6065550542281,622.6065550542281,0.0,622.6065550542281,0.0,0.0,622.6065550542281,0.4374,272.32810718071937,0.6561,0.0,2.1870000000000003,0.0,0.0,0.0,272.32810718071937,272.33元,0.0,622.6065550542281
2025-02-19T03:20:00,2025-02-19T03:30:00,2025-02-19,20,633.8196214203167,633.8196214203167,0.0,633.8196214203167,0.0,0.0,633.8196214203167,0.4371,277.0425565228204,0.65565,0.0,2.1854999999999998,0.0,0.0,0.0,277.0425565228204,277.04元,0.0,633.8196214203167
2025-02-19T03:30:00,2025-02-19T03:40:00,2025-02-19,21,649.9010692135098,649.9010692135098,0.0,649.9010692135098,0.0,0.0,649.9010692135098,0.4356,283.09690574940487,0.6534,0.0,2.178,0.0,0.0,0.0,283.09690574940487,283.10元,0.0,649.9010692135098
2025-02-19T03:40:00,2025-02-19T03:50:00,2025-02-19,22,643.8658005055506,643.8658005055506,0.0,643.8658005055506,0.0,0.0,643.8658005055506,0.4353,280.2747829600662,0.65295,0.0,2.1765,0.0,0.0,0.0,280.2747829600662,280.27元,0.0,643.8658005055506
2025-02-19T03:50:00,2025-02-19T04:00:00,2025-02-19,23,643.8136794233234,643.8136794233234,0.0,643.8136794233234,0.0,0.0,643.8136794233234,0.436,280.702764228569,0.654,0.0,2.18,0.0,0.0,0.0,280.702764228569,280.70元,0.0,643.8136794233234
2025-02-19T04:00:00,2025-02-19T04:10:00,2025-02-19,24,664.1227204943725,664.1227204943725,0.0,664.1227204943725,0.0,0.0,664.1227204943725,0.4378,290.7529270324363,0.6567000000000001,0.0,2.189,0.0,0.0,0.0,290.7529270324363,290.75元,0.0,664.1227204943725
2025-02-19T04:10:00,2025-02-19T04:20:00,2025-02-19,25,688.3125894920898,688.3125894920898,0.0,688.3125894920898,0.0,0.0,688.3125894920898,0.4401,302.92637063546874,0.66015,0.0,2.2005,0.0,0.0,0.0,302.92637063546874,302.93元,0.0,688.3125894920898
2025-02-19T04:20:00,2025-02-19T04:30:00,2025-02-19,26,689.4824601139105,689.4824601139105,0.0,689.4824601139105,0.0,0.0,689.4824601139105,0.4389,302.6138517439953,0.65835,0.0,2.1945,0.0,0.0,0.0,302.6138517439953,302.61元,0.0,689.4824601139105
2025-02-19T04:30:00,2025-02-19T04:40:00,2025-02-19,27,679.1891789925236,679.1891789925236,0.0,679.1891789925236,0.0,0.0,679.1891789925236,0.4364,296.3981577123373,0.6546000000000001,0.0,2.182,0.0,0.0,0.0,296.3981577123373,296.40元,0.0,679.1891789925236
2025-02-19T04:40:00,2025-02-19T04:50:00,2025-02-19,28,691.816630628325,691.816630628325,0.0,691.816630628325,0.0,0.0,691.816630628325,0.4393,303.9150458350232,0.65895,0.0,2.1965000000000003,0.0,0.0,0.0,303.9150458350232,303.92元,0.0,691.816630628325
2025-02-19T04:50:00,2025-02-19T05:00:00,2025-02-19,29,691.9940419589666,691.9940419589666,0.0,691.9940419589666,0.0,0.0,691.9940419589666,0.4422,305.99976535425503,0.6633,0.0,2.211,0.0,0.0,0.0,305.99976535425503,306.00元,0.0,691.9940419589666
2025-02-19T05:00:00,2025-02-19T05:10:00,2025-02-19,30,671.1814932517841,671.1814932517841,0.0,671.1814932517841,0.0,0.0,671.1814932517841,0.4395,294.9842662841591,0.65925,0.0,2.1975,0.0,0.0,0.0,294.9842662841591,294.98元,0.0,671.1814932517841
2025-02-19T05:10:00,2025-02-19T05:20:00,2025-02-19,31,660.7513265322774,660.7513265322774,0.0,660.7513265322774,0.0,0.0,660.7513265322774,0.4333,286.30354978643584,0.64995,0.0,2.1665,0.0,0.0,0.0,286.30354978643584,286.30元,0.0,660.7513265322774
2025-02-19T05:20:00,2025-02-19T05:30:00,2025-02-19,32,671.6046920321356,671.6046920321356,0.0,671.6046920321356,0.0,0.0,671.6046920321356,0.4439,298.12532279306504,0.66585,0.0,2.2195,0.0,0.0,0.0,298.12532279306504,298.13元,0.0,671.6046920321356
2025-02-19T05:30:00,2025-02-19T05:40:00,2025-02-19,33,680.4025146160964,680.4025146160964,0.0,680.4025146160964,0.0,0.0,680.4025146160964,0.4301,292.641121536383,0.64515,0.0,2.1505,0.0,0.0,0.0,292.641121536383,292.64元,0.0,680.4025146160964
2025-02-19T05:40:00,2025-02-19T05:50:00,2025-02-19,34,1499.5217341263847,1499.5217341263847,0.0,1499.5217341263847,0.0,0.0,1499.5217341263847,0.3713,556.7724198811267,0.5569500000000001,0.0,1.8565,0.0,0.0,0.0,556.7724198811267,556.77元,63.00590080305141,1436.5158333233333
2025-02-19T05:50:00,2025-02-19T06:00:00,2025-02-19,35,725.7850235238801,725.7850235238801,0.0,725.7850235238801,0.0,0.0,725.7850235238801,0.5708,414.27809142743075,0.8562,0.0,2.854,0.0,0.0,0.0,414.27809142743075,414.28元,0.0,725.7850235238801
2025-02-19T06:00:00,2025-02-19T06:10:00,2025-02-19,36,101.15388024800052,101.15388024800052,6.664807749978991,107.81868799797951,6.664807749978991,2.514645345353748,110.33333334333325,0.9099,92.03991563765568,1.3648500000000001,9.096462857558826,4.5495,11.440378998686878,229.6711726491589,104.48889999673484,217.06565749063623,217.07元,0.0,110.33333334333325
2025-02-19T06:10:00,2025-02-19T06:20:00,2025-02-19,37,120.58549092557087,120.58549092557087,14.86467860449386,135.45016953006473,14.86467860449386,0.0,135.45016953006473,0.9368,112.96448789907478,1.4052,20.887846375034773,4.684,0.0,0.0,0.0,133.85233427410955,133.85元,0.0,135.45016953006473
2025-02-19T06:20:00,2025-02-19T06:30:00,2025-02-19,38,125.22385899847313,125.22385899847313,2.147351398349315,127.37121039682245,2.147351398349315,0.0,127.37121039682245,0.8758,109.67105571086277,1.3137,2.820975532011495,4.3790000000000004,0.0,0.0,0.0,112.49203124287426,112.49元,0.0,127.37121039682245
2025-02-19T06:30:00,2025-02-19T06:40:00,2025-02-19,39,100.46515649283697,100.46515649283697,2.3751082357141513,102.84026472855112,2.3751082357141513,58.4593186147822,161.29958334333332,0.8759,87.9974305720759,1.31385,3.120535955493038,4.3795,256.02258587343863,0.0,0.0,347.14055240100754,347.14元,0.0,161.29958334333332
2025-02-19T06:40:00,2025-02-19T06:50:00,2025-02-19,40,96.60710010536286,96.60710010536286,3.0538524458997927,99.66095255126265,3.0538524458997927,0.0,99.66095255126265,0.8601,83.0917668006226,1.29015,3.9399277330776172,4.3004999999999995,0.0,0.0,0.0,87.03169453370022,87.03元,0.0,99.66095255126265
2025-02-19T06:50:00,2025-02-19T07:00:00,2025-02-19,41,783.6153543853952,777.1620814448762,0.0,777.1620814448762,-6.453272940519014,0.0,777.1620814448762,0.8442,656.0802291557644,1.2663,0.0,4.221,0.0,0.0,0.0,656.0802291557644,656.08元,0.0,777.1620814448762
2025-02-19T07:00:00,2025-02-19T07:10:00,2025-02-19,42,542.8068342586854,525.0739694471966,0.0,525.0739694471966,-17.732864811488753,0.0,525.0739694471966,0.8334,437.5966461372937,1.2501,0.0,4.167,0.0,0.0,0.0,437.5966461372937,437.60元,0.0,525.0739694471966
2025-02-19T07:10:00,2025-02-19T07:20:00,2025-02-19,43,503.8328864552179,488.2602451703969,0.0,488.2602451703969,-15.572641284820975,0.0,488.2602451703969,0.8092,395.1001903918852,1.2138,0.0,4.046,0.0,0.0,0.0,395.1001903918852,395.10元,0.0,488.2602451703969
2025-02-19T07:20:00,2025-02-19T07:30:00,2025-02-19,44,503.73818817701283,490.4821235919028,0.0,490.4821235919028,-13.256064585110039,0.0,490.4821235919028,0.7972,391.0123489274649,1.1958,0.0,3.986,0.0,0.0,0.0,391.0123489274649,391.01元,0.0,490.4821235919028
2025-02-19T07:30:00,2025-02-19T07:40:00,2025-02-19,45,503.3978336568211,503.3978336568211,0.0,503.3978336568211,0.0,0.0,503.3978336568211,0.7644,384.79730404727405,1.1465999999999998,0.0,3.822,0.0,0.0,0.0,384.79730404727405,384.80元,0.0,503.3978336568211
2025-02-19T07:40:00,2025-02-19T07:50:00,2025-02-19,46,1268.7660445469432,1260.4610694227417,0.0,1260.4610694227417,-8.304975124201519,0.0,1260.4610694227417,0.6899,869.5920917947494,1.03485,0.0,3.4494999999999996,0.0,0.0,0.0,869.5920917947494,869.59元,0.0,1260.4610694227417
2025-02-19T07:50:00,2025-02-19T08:00:00,2025-02-19,47,106.0743291546321,95.74075639559754,0.0,95.74075639559754,-10.333572759034553,0.0,95.74075639559754,0.86,82.33705050021389,1.29,0.0,4.3,0.0,0.0,0.0,82.33705050021389,82.34元,0.0,95.74075639559754
2025-02-19T08:00:00,2025-02-19T08:10:00,2025-02-19,48,26.003030098924796,17.28820490045996,0.0,17.28820490045996,-8.714825198464837,0.0,17.28820490045996,1.1617,20.083707632864336,1.74255,0.0,5.8084999999999996,0.0,0.0,0.0,20.083707632864336,20.08元,0.0,17.28820490045996
2025-02-19T08:10:00,2025-02-19T08:20:00,2025-02-19,49,18.5104656052157,0.0,0.0,0.0,-18.5104656052157,0.0,0.0,1.1683,0.0,1.7524499999999998,0.0,5.8415,0.0,0.0,0.0,0.0,0.00元,0.0,0.0
2025-02-19T08:20:00,2025-02-19T08:30:00,2025-02-19,50,0.0,0.0,0.0,0.0,0.0,0.0,0.0,1.0956,0.0,1.6433999999999997,0.0,5.478,0.0,0.0,0.0,0.0,0.00元,0.0,0.0
2025-02-19T08:30:00,2025-02-19T08:40:00,2025-02-19,51,0.0,0.0,0.0,0.0,0.0,0.0,0.0,1.0849,0.0,1.6273499999999999,0.0,5.4245,0.0,0.0,0.0,0.0,0.00元,0.0,0.0
2025-02-19T08:40:00,2025-02-19T08:50:00,2025-02-19,52,0.0,0.0,0.0,0.0,0.0,0.0,0.0,1.061,0.0,1.5915,0.0,5.305,0.0,0.0,0.0,0.0,0.00元,0.0,0.0
2025-02-19T08:50:00,2025-02-19T09:00:00,2025-02-19,53,0.0,0.0,0.0,0.0,0.0,0.0,0.0,1.043,0.0,1.5644999999999998,0.0,5.215,0.0,0.0,0.0,0.0,0.00元,0.0,0.0
2025-02-19T09:00:00,2025-02-19T09:10:00,2025-02-19,54,0.0,0.0,0.0,0.0,0.0,0.0,0.0,1.036,0.0,1.554,0.0,5.18,0.0,0.0,0.0,0.0,0.00元,0.0,0.0
2025-02-19T09:10:00,2025-02-19T09:20:00,2025-02-19,55,0.0,0.0,0.0,0.0,0.0,0.0,0.0,1.0147,0.0,1.52205,0.0,5.073499999999999,0.0,0.0,0.0,0.0,0.00元,0.0,0.0
2025-02-19T09:20:00,2025-02-19T09:30:00,2025-02-19,56,0.0,0.0,0.0,0.0,0.0,336.748982902119,336.748982902119,0.9922,0.0,1.4883,0.0,4.961,1670.6117041774123,0.0,0.0,1670.6117041774123,1670.61元,0.0,336.748982902119
2025-02-19T09:30:00,2025-02-19T09:40:00,2025-02-19,57,0.0,0.0,0.0,0.0,0.0,295.7350000000002,295.7350000000002,0.97,0.0,1.455,0.0,4.85,1434.3147500000007,0.0,0.0,1434.3147500000007,1434.31元,0.0,295.7350000000002
2025-02-19T09:40:00,2025-02-19T09:50:00,2025-02-19,58,0.0,0.0,0.0,0.0,0.0,244.23031666666674,244.23031666666674,0.9422,0.0,1.4133,0.0,4.711,1150.5690218166671,0.0,0.0,1150.5690218166671,1150.57元,0.0,244.23031666666674
2025-02-19T09:50:00,2025-02-19T10:00:00,2025-02-19,59,0.0,0.0,0.0,0.0,0.0,228.25259999999986,228.25259999999986,0.9569,0.0,1.43535,0.0,4.7844999999999995,1092.0745646999992,0.0,0.0,1092.0745646999992,1092.07元,0.0,228.25259999999986
2025-02-19T10:00:00,2025-02-19T10:10:00,2025-02-19,60,0.0,0.0,0.0,0.0,0.0,211.66666666666657,211.66666666666657,0.9977,0.0,1.49655,0.0,4.9885,1055.8991666666661,0.0,0.0,1055.8991666666661,1055.90元,0.0,211.66666666666657
2025-02-19T10:10:00,2025-02-19T10:20:00,2025-02-19,61,0.0,0.0,0.0,0.0,0.0,119.12906666666666,119.12906666666666,0.9919,0.0,1.48785,0.0,4.9595,590.8206061333333,0.0,0.0,590.8206061333333,590.82元,0.0,119.12906666666666
2025-02-19T10:20:00,2025-02-19T10:30:00,2025-02-19,62,0.0,0.0,0.0,0.0,0.0,59.343816666666534,59.343816666666534,0.9588,0.0,1.4382,0.0,4.794,284.49425709999934,0.0,0.0,284.49425709999934,284.49元,0.0,59.343816666666534
2025-02-19T10:30:00,2025-02-19T10:40:00,2025-02-19,63,0.0,0.0,0.0,0.0,0.0,52.54708333333341,52.54708333333341,0.9549,0.0,1.43235,0.0,4.7745,250.88604937500037,0.0,0.0,250.88604937500037,250.89元,0.0,52.54708333333341
2025-02-19T10:40:00,2025-02-19T10:50:00,2025-02-19,64,0.0,0.0,0.0,0.0,0.0,12.679799999999926,12.679799999999926,0.9839,0.0,1.4758499999999999,0.0,4.9195,62.37827609999964,0.0,0.0,62.37827609999964,62.38元,0.0,12.679799999999926
2025-02-19T10:50:00,2025-02-19T11:00:00,2025-02-19,65,0.0,0.0,0.0,0.0,0.0,0.0,0.0,0.799,0.0,1.1985000000000001,0.0,3.995,0.0,0.0,0.0,0.0,0.00元,0.0,0.0
2025-02-19T11:00:00,2025-02-19T11:10:00,2025-02-19,66,68.97119570343509,68.97119570343509,0.0,68.97119570343509,0.0,0.0,68.97119570343509,0.5025,34.65802584097613,0.7537499999999999,0.0,2.5124999999999997,0.0,0.0,0.0,34.65802584097613,34.66元,0.0,68.97119570343509
2025-02-19T11:10:00,2025-02-19T11:20:00,2025-02-19,67,659.905371132559,636.161850330153,0.0,636.161850330153,-23.74352080240601,0.0,636.161850330153,0.4662,296.5786546239173,0.6993,0.0,2.331,0.0,0.0,0.0,296.5786546239173,296.58元,0.0,636.161850330153
2025-02-19T11:20:00,2025-02-19T11:30:00,2025-02-19,68,661.3038579589012,637.827265453859,0.0,637.827265453859,-23.476592505042163,0.0,637.827265453859,0.5007,319.3601118127472,0.75105,0.0,2.5035000000000003,0.0,0.0,0.0,319.3601118127472,319.36元,0.0,637.827265453859
2025-02-19T11:30:00,2025-02-19T11:40:00,2025-02-19,69,654.946980496739,631.3120346158975,0.0,631.3120346158975,-23.634945880841542,0.0,631.3120346158975,0.4827,304.7343191090937,0.7240500000000001,0.0,2.4135,0.0,0.0,0.0,304.7343191090937,304.73元,0.0,631.3120346158975
2025-02-19T11:40:00,2025-02-19T11:50:00,2025-02-19,70,640.7397245372478,617.4201592283542,0.0,617.4201592283542,-23.319565308893516,0.0,617.4201592283542,0.4785,295.43554619076747,0.71775,0.0,2.3925,0.0,0.0,0.0,295.43554619076747,295.44元,0.0,617.4201592283542
2025-02-19T11:50:00,2025-02-19T12:00:00,2025-02-19,71,612.9715612107269,590.4143499462278,0.0,590.4143499462278,-22.557211264499074,0.0,590.4143499462278,0.4662,275.2511699449314,0.6993,0.0,2.331,0.0,0.0,0.0,275.2511699449314,275.25元,0.0,590.4143499462278
2025-02-19T12:00:00,2025-02-19T12:10:00,2025-02-19,72,634.6414610333103,634.6414610333103,96.97435582866001,731.6158168619703,96.97435582866001,0.0,731.6158168619703,0.4432,281.2730955299631,0.6648,64.46855175489317,2.2159999999999997,0.0,0.0,0.0,345.7416472848563,345.74元,0.0,731.6158168619703
2025-02-19T12:10:00,2025-02-19T12:20:00,2025-02-19,73,616.1250539742924,616.1250539742924,96.68885743176838,712.8139114060608,96.68885743176838,0.0,712.8139114060608,0.4411,271.7727613080604,0.66165,63.97418251972955,2.2055,0.0,0.0,0.0,335.74694382778995,335.75元,0.0,712.8139114060608
2025-02-19T12:20:00,2025-02-19T12:30:00,2025-02-19,74,608.6177530666547,608.6177530666547,96.54695625939121,705.1647093260459,96.54695625939121,0.0,705.1647093260459,0.4551,276.98193942063455,0.68265,65.9077796904734,2.2755,0.0,0.0,0.0,342.889719111108,342.89元,0.0,705.1647093260459
2025-02-19T12:30:00,2025-02-19T12:40:00,2025-02-19,75,612.392485603339,612.392485603339,96.36059753557038,708.7530831389093,96.36059753557038,0.0,708.7530831389093,0.4463,273.31076632477016,0.66945,64.50860202018758,2.2315,0.0,0.0,0.0,337.81936834495775,337.82元,0.0,708.7530831389093
2025-02-19T12:40:00,2025-02-19T12:50:00,2025-02-19,76,632.9601082571361,632.9601082571361,96.02790224202545,728.9880104991615,96.02790224202545,0.0,728.9880104991615,0.4113,260.33649252616004,0.61695,59.2444142882176,2.0564999999999998,0.0,0.0,0.0,319.58090681437767,319.58元,0.0,728.9880104991615
2025-02-19T12:50:00,2025-02-19T13:00:00,2025-02-19,77,0.0,0.0,756.0907700612528,756.0907700612528,756.0907700612528,0.0,756.0907700612528,0.5682,0.0,0.8523000000000001,644.4161633232058,2.841,0.0,0.0,0.0,644.4161633232058,644.42元,0.0,756.0907700612528
2025-02-19T13:00:00,2025-02-19T13:10:00,2025-02-19,78,0.0,0.0,63.2240778238704,63.2240778238704,63.2240778238704,0.0,63.2240778238704,0.8279,0.0,1.24185,78.51482104557346,4.1395,0.0,0.0,0.0,78.51482104557346,78.51元,0.0,63.2240778238704
2025-02-19T13:10:00,2025-02-19T13:20:00,2025-02-19,79,0.0,0.0,58.49860553023473,58.49860553023473,58.49860553023473,0.0,58.49860553023473,0.8636,0.0,1.2954,75.77909360386607,4.3180000000000005,0.0,0.0,0.0,75.77909360386607,75.78元,0.0,58.49860553023473
2025-02-19T13:20:00,2025-02-19T13:30:00,2025-02-19,80,0.0,0.0,54.48512953585862,54.48512953585862,54.48512953585862,0.0,54.48512953585862,0.8416,0.0,1.2624,68.78202752606792,4.208,0.0,0.0,0.0,68.78202752606792,68.78元,0.0,54.48512953585862
2025-02-19T13:30:00,2025-02-19T13:40:00,2025-02-19,81,0.0,0.0,67.3368370189944,67.3368370189944,67.3368370189944,0.0,67.3368370189944,0.8618,0.0,1.2927,87.04632921445406,4.309,0.0,0.0,0.0,87.04632921445406,87.05元,0.0,67.3368370189944
2025-02-19T13:40:00,2025-02-19T13:50:00,2025-02-19,82,23.319118581449857,23.319118581449857,67.34393215406067,90.66305073551052,67.34393215406067,0.0,90.66305073551052,0.8623,20.108075952784212,1.29345,87.10600904466976,4.3115,0.0,0.0,0.0,107.21408499745398,107.21元,0.0,90.66305073551052
2025-02-19T13:50:00,2025-02-19T14:00:00,2025-02-19,83,0.0,0.0,89.71666194896306,89.71666194896306,89.71666194896306,0.0,89.71666194896306,0.9026,0.0,1.3538999999999999,121.46738861270109,4.513,0.0,0.0,0.0,121.46738861270109,121.47元,0.0,89.71666194896306
2025-02-19T14:00:00,2025-02-19T14:10:00,2025-02-19,84,0.0,0.0,0.0,0.0,0.0,0.0,0.0,0.9754,0.0,1.4631,0.0,4.877000000000001,0.0,0.0,0.0,0.0,0.00元,0.0,0.0
2025-02-19T14:10:00,2025-02-19T14:20:00,2025-02-19,85,0.0,0.0,0.0,0.0,0.0,0.0,0.0,1.0002,0.0,1.5003,0.0,5.0009999999999994,0.0,0.0,0.0,0.0,0.00元,0.0,0.0
2025-02-19T14:20:00,2025-02-19T14:30:00,2025-02-19,86,0.0,0.0,0.0,0.0,0.0,0.0,0.0,0.9978,0.0,1.4967000000000001,0.0,4.989,0.0,0.0,0.0,0.0,0.00元,0.0,0.0
2025-02-19T14:30:00,2025-02-19T14:40:00,2025-02-19,87,0.0,0.0,0.0,0.0,0.0,0.0,0.0,1.0271,0.0,1.5406499999999999,0.0,5.1354999999999995,0.0,0.0,0.0,0.0,0.00元,0.0,0.0
2025-02-19T14:40:00,2025-02-19T14:50:00,2025-02-19,88,0.0,0.0,0.0,0.0,0.0,0.0,0.0,1.0906,0.0,1.6359,0.0,5.453,0.0,0.0,0.0,0.0,0.00元,0.0,0.0
2025-02-19T14:50:00,2025-02-19T15:00:00,2025-02-19,89,0.0,0.0,0.0,0.0,0.0,0.0,0.0,0.9376,0.0,1.4064,0.0,4.688,0.0,0.0,0.0,0.0,0.00元,0.0,0.0
2025-02-19T15:00:00,2025-02-19T15:10:00,2025-02-19,90,1256.537202030719,1256.537202030719,32.87219969347734,1289.4094017241964,32.87219969347734,0.0,1289.4094017241964,0.6694,841.1260030393634,1.0041,33.0069757122206,3.347,0.0,0.0,0.0,874.1329787515839,874.13元,0.0,1289.4094017241964
2025-02-19T15:10:00,2025-02-19T15:20:00,2025-02-19,91,1269.7918876849103,1269.7918876849103,33.343388248623114,1303.1352759335334,33.343388248623114,0.0,1303.1352759335334,0.66,838.0626458720409,0.99,33.00995436613688,3.3000000000000003,0.0,0.0,0.0,871.0726002381776,871.07元,0.0,1303.1352759335334
2025-02-19T15:20:00,2025-02-19T15:30:00,2025-02-19,92,859.2593678862695,859.2593678862695,454.25025710688215,1313.5096249931516,454.25025710688215,0.0,1313.5096249931516,0.7217,620.1274858035207,1.08255,491.74861583105525,3.6085000000000003,0.0,0.0,0.0,1111.876101634576,1111.88元,0.0,1313.5096249931516
2025-02-19T15:30:00,2025-02-19T15:40:00,2025-02-19,93,463.7406064013603,463.7406064013603,868.1577230688963,1331.8983294702566,868.1577230688963,0.0,1331.8983294702566,0.7308,338.9016351581141,1.0962,951.6744960281242,3.654,0.0,0.0,0.0,1290.5761311862382,1290.58元,0.0,1331.8983294702566
2025-02-19T15:40:00,2025-02-19T15:50:00,2025-02-19,94,526.0028330256492,526.0028330256492,547.9352999003339,1073.9381329259832,547.9352999003339,0.0,1073.9381329259832,0.7534,396.2905344015241,1.1300999999999999,619.2216824173673,3.767,0.0,0.0,0.0,1015.5122168188915,1015.51元,0.0,1073.9381329259832
2025-02-19T15:50:00,2025-02-19T16:00:00,2025-02-19,95,543.8345469066606,543.8345469066606,36.14317606110103,579.9777229677617,36.14317606110103,0.0,579.9777229677617,0.7823,425.4417660450806,1.1734499999999999,42.412209948899005,3.9115,0.0,0.0,0.0,467.85397599397965,467.85元,0.0,579.9777229677617
2025-02-19T16:00:00,2025-02-19T16:10:00,2025-02-19,96,746.6870493851212,746.6870493851212,11.16169772024648,757.8487471053677,11.16169772024648,0.0,757.8487471053677,0.8055,601.4564182797151,1.20825,13.486121270487809,4.0275,0.0,0.0,0.0,614.942539550203,614.94元,0.0,757.8487471053677
2025-02-19T16:10:00,2025-02-19T16:20:00,2025-02-19,97,780.5698086824615,780.5698086824615,9.036649908776099,789.6064585912376,9.036649908776099,0.0,789.6064585912376,0.8271,645.6092887612639,1.24065,11.211319709323066,4.1354999999999995,0.0,0.0,0.0,656.8206084705869,656.82元,0.0,789.6064585912376
2025-02-19T16:20:00,2025-02-19T16:30:00,2025-02-19,98,818.9090321086655,818.9090321086655,7.012519510313609,825.9215516189792,7.012519510313609,0.0,825.9215516189792,0.8519,697.6286044533722,1.27785,8.960948056254246,4.2595,0.0,0.0,0.0,706.5895525096264,706.59元,0.0,825.9215516189792
2025-02-19T16:30:00,2025-02-19T16:40:00,2025-02-19,99,828.3985952878916,828.3985952878916,7.698143732196286,836.0967390200879,7.698143732196286,0.0,836.0967390200879,0.8791,728.2452051175854,1.3186499999999999,10.151157232460632,4.3955,0.0,0.0,0.0,738.396362350046,738.40元,0.0,836.0967390200879
2025-02-19T16:40:00,2025-02-19T16:50:00,2025-02-19,100,832.1225780003499,832.1225780003499,8.37779926598887,840.5003772663388,8.37779926598887,0.0,840.5003772663388,0.9024,750.9074143875157,1.3536,11.340189086442534,4.512,0.0,0.0,0.0,762.2476034739583,762.25元,0.0,840.5003772663388
2025-02-19T16:50:00,2025-02-19T17:00:00,2025-02-19,101,856.0014282879591,856.0014282879591,9.027642610752991,865.0290708987121,9.027642610752991,0.0,865.0290708987121,0.9163,784.354108740257,1.37445,12.40804338634945,4.5815,0.0,0.0,0.0,796.7621521266065,796.76元,0.0,865.0290708987121
2025-02-19T17:00:00,2025-02-19T17:10:00,2025-02-19,102,986.8373342884095,986.8373342884095,3.216053622458162,990.0533879108676,3.216053622458162,0.0,990.0533879108676,0.9264,914.2061064847825,1.3896,4.469028113767862,4.632,0.0,0.0,0.0,918.6751345985504,918.68元,0.0,990.0533879108676
2025-02-19T17:10:00,2025-02-19T17:20:00,2025-02-19,103,1002.3205874295927,1002.3205874295927,3.791875542076241,1006.112462971669,3.791875542076241,0.0,1006.112462971669,0.9462,948.3957398258807,1.4193,5.381808956868809,4.731,0.0,0.0,0.0,953.7775487827495,953.78元,0.0,1006.112462971669
2025-02-19T17:20:00,2025-02-19T17:30:00,2025-02-19,104,1006.8148536482009,1006.8148536482009,4.258894155975781,1011.0737478041767,4.258894155975781,0.0,1011.0737478041767,0.9742,980.8390304240774,1.4613,6.223522030127409,4.8709999999999996,0.0,0.0,0.0,987.0625524542047,987.06元,0.0,1011.0737478041767
2025-02-19T17:30:00,2025-02-19T17:40:00,2025-02-19,105,1023.1431358231141,1023.1431358231141,4.488786942458091,1027.6319227655722,4.488786942458091,0.0,1027.6319227655722,0.9862,1009.0237605487551,1.4792999999999998,6.6402625239782544,4.931,0.0,0.0,0.0,1015.6640230727335,1015.66元,0.0,1027.6319227655722
2025-02-19T17:40:00,2025-02-19T17:50:00,2025-02-19,106,1038.9424605605382,1038.9424605605382,4.365814277055961,1043.3082748375941,4.365814277055961,0.0,1043.3082748375941,0.976,1014.0078415070852,1.464,6.391552101609927,4.88,0.0,0.0,0.0,1020.3993936086952,1020.40元,0.0,1043.3082748375941
2025-02-19T17:50:00,2025-02-19T18:00:00,2025-02-19,107,907.9433199496913,907.9433199496913,4.234134021431032,912.1774539711223,4.234134021431032,0.0,912.1774539711223,1.0742,975.3127142899584,1.6113,6.822460148731822,5.371,0.0,0.0,0.0,982.1351744386903,982.14元,0.0,912.1774539711223
2025-02-19T18:00:00,2025-02-19T18:10:00,2025-02-19,108,713.5396784062023,713.5396784062023,0.0,713.5396784062023,0.0,0.0,713.5396784062023,1.2313,878.5814060215569,1.84695,0.0,6.1565,0.0,72.19469285190496,44.44666265427529,923.0280686758322,923.03元,0.0,713.5396784062023
2025-02-19T18:10:00,2025-02-19T18:20:00,2025-02-19,109,707.376766952784,707.376766952784,0.0,707.376766952784,0.0,0.0,707.376766952784,1.2561,888.535956969392,1.88415,0.0,6.2805,0.0,0.0,0.0,888.535956969392,888.54元,0.0,707.376766952784
2025-02-19T18:20:00,2025-02-19T18:30:00,2025-02-19,110,735.418428844358,735.418428844358,0.0,735.418428844358,0.0,0.0,735.418428844358,1.2447,915.3753183825723,1.8670499999999999,0.0,6.2235,0.0,0.0,0.0,915.3753183825723,915.38元,0.0,735.418428844358
2025-02-19T18:30:00,2025-02-19T18:40:00,2025-02-19,111,718.7428411732524,718.7428411732524,0.0,718.7428411732524,0.0,0.0,718.7428411732524,1.2545,901.662894251845,1.8817499999999998,0.0,6.2725,0.0,0.0,0.0,901.662894251845,901.66元,0.0,718.7428411732524
2025-02-19T18:40:00,2025-02-19T18:50:00,2025-02-19,112,728.2483462172106,728.2483462172106,0.0,728.2483462172106,0.0,0.0,728.2483462172106,1.2522,911.9125791331911,1.8782999999999999,0.0,6.261,0.0,0.0,0.0,911.9125791331911,911.91元,0.0,728.2483462172106
2025-02-19T18:50:00,2025-02-19T19:00:00,2025-02-19,113,58.73990168569219,58.73990168569219,34.43723720356604,93.17713888925823,34.43723720356604,0.0,93.17713888925823,1.2881,75.6628673613401,1.93215,66.53790786287013,6.4405,0.0,0.0,0.0,142.20077522421025,142.20元,0.0,93.17713888925823
2025-02-19T19:00:00,2025-02-19T19:10:00,2025-02-19,114,0.0,0.0,1.459337733987013,1.459337733987013,1.459337733987013,0.0,1.459337733987013,1.3466,0.0,2.0199,2.947716288880368,6.7330000000000005,0.0,0.0,0.0,2.947716288880368,2.95元,0.0,1.459337733987013
2025-02-19T19:10:00,2025-02-19T19:20:00,2025-02-19,115,0.0,0.0,0.0,0.0,0.0,0.0,0.0,1.3523,0.0,2.0284500000000003,0.0,6.7615,0.0,0.0,0.0,0.0,0.00元,0.0,0.0
2025-02-19T19:20:00,2025-02-19T19:30:00,2025-02-19,116,31.750966446875395,31.750966446875395,2.1826084958989895,33.933574942774385,2.1826084958989895,0.0,33.933574942774385,1.3445,42.68917438782397,2.01675,4.401775684104288,6.7225,0.0,0.0,0.0,47.090950071928255,47.09元,0.0,33.933574942774385
2025-02-19T19:30:00,2025-02-19T19:40:00,2025-02-19,117,22.153960414749122,22.153960414749122,7.87427525239093,30.028235667140052,7.87427525239093,0.0,30.028235667140052,1.3483,29.87018482720624,2.02245,15.925327984198038,6.7415,0.0,0.0,0.0,45.79551281140428,45.80元,0.0,30.028235667140052
2025-02-19T19:40:00,2025-02-19T19:50:00,2025-02-19,118,7.481622344591415,7.481622344591415,0.0,7.481622344591415,0.0,0.0,7.481622344591415,1.349,10.092708542853819,2.0235,0.0,6.745,0.0,0.0,0.0,10.092708542853819,10.09元,0.0,7.481622344591415
2025-02-19T19:50:00,2025-02-19T20:00:00,2025-02-19,119,0.0,0.0,5.642447078418741,5.642447078418741,5.642447078418741,0.0,5.642447078418741,1.3473,0.0,2.02095,11.403103423130354,6.7364999999999995,0.0,0.0,0.0,11.403103423130354,11.40元,0.0,5.642447078418741
2025-02-19T20:00:00,2025-02-19T20:10:00,2025-02-19,120,8.67210768846303,8.67210768846303,3.1097578820526905,11.78186557051572,3.1097578820526905,3.1581344394843347,14.940000010000055,1.3482,11.691735585585857,2.0223,6.288863364875156,6.7410000000000005,21.288984256563904,0.0,0.0,39.269583207024915,39.27元,0.0,14.940000010000055
2025-02-19T20:10:00,2025-02-19T20:20:00,2025-02-19,121,0.0,0.0,0.0,0.0,0.0,0.0,0.0,1.3513,0.0,2.02695,0.0,6.7565,0.0,0.0,0.0,0.0,0.00元,0.0,0.0
2025-02-19T20:20:00,2025-02-19T20:30:00,2025-02-19,122,0.21434306908599865,0.21434306908599865,2.7482822002043577,2.9626252692903563,2.7482822002043577,0.0,2.9626252692903563,1.34,0.2872197125752382,2.0100000000000002,5.5240472224107595,6.7,0.0,0.0,0.0,5.811266934985998,5.81元,0.0,2.9626252692903563
2025-02-19T20:30:00,2025-02-19T20:40:00,2025-02-19,123,0.0,0.0,0.0,0.0,0.0,0.0,0.0,1.3489,0.0,2.0233499999999998,0.0,6.7445,0.0,0.0,0.0,0.0,0.00元,0.0,0.0
2025-02-19T20:40:00,2025-02-19T20:50:00,2025-02-19,124,8.01700275516248,8.01700275516248,0.0,8.01700275516248,0.0,0.0,8.01700275516248,1.3952,11.185322244002691,2.0928,0.0,6.976,0.0,0.0,0.0,11.185322244002691,11.19元,0.0,8.01700275516248
2025-02-19T20:50:00,2025-02-19T21:00:00,2025-02-19,125,725.2360571598546,708.8534592814283,0.0,708.8534592814283,-16.38259787842628,0.0,708.8534592814283,1.2226,866.6442393174741,1.8338999999999999,0.0,6.1129999999999995,0.0,0.0,0.0,866.6442393174741,866.64元,0.0,708.8534592814283
2025-02-19T21:00:00,2025-02-19T21:10:00,2025-02-19,126,748.5897333405087,738.3114392848998,0.0,738.3114392848998,-10.278294055608853,0.0,738.3114392848998,0.9332,688.9922351406685,1.3998,0.0,4.666,0.0,0.0,0.0,688.9922351406685,688.99元,0.0,738.3114392848998
2025-02-19T21:10:00,2025-02-19T21:20:00,2025-02-19,127,734.015687885022,734.015687885022,0.0,734.015687885022,0.0,0.0,734.015687885022,0.9068,665.605425774138,1.3602,0.0,4.534000000000001,0.0,0.0,0.0,665.605425774138,665.61元,0.0,734.015687885022
2025-02-19T21:20:00,2025-02-19T21:30:00,2025-02-19,128,721.9198015075496,721.4990392774774,0.0,721.4990392774774,-0.4207622300721141,0.0,721.4990392774774,0.9371,676.1167497069241,1.40565,0.0,4.6855,0.0,0.0,0.0,676.1167497069241,676.12元,0.0,721.4990392774774
2025-02-19T21:30:00,2025-02-19T21:40:00,2025-02-19,129,754.422970874689,754.0137356459194,0.0,754.0137356459194,-0.40923522876960305,0.0,754.0137356459194,0.9371,706.5862716737911,1.40565,0.0,4.6855,0.0,0.0,0.0,706.5862716737911,706.59元,0.0,754.0137356459194
2025-02-19T21:40:00,2025-02-19T21:50:00,2025-02-19,130,756.8365096113298,756.8365096113298,0.0,756.8365096113298,0.0,0.0,756.8365096113298,0.9871,747.0733186373436,1.48065,0.0,4.9355,0.0,0.0,0.0,747.0733186373436,747.07元,0.0,756.8365096113298
2025-02-19T21:50:00,2025-02-19T22:00:00,2025-02-19,131,671.6490363774009,671.6490363774009,11.975286334697557,683.6243227120984,11.975286334697557,0.0,683.6243227120984,0.7764,521.468311843414,1.1646,13.946418465388774,3.8819999999999997,0.0,0.0,0.0,535.4147303088027,535.41元,0.0,683.6243227120984
2025-02-19T22:00:00,2025-02-19T22:10:00,2025-02-19,132,1377.7274448860098,1377.1914741712212,0.0,1377.1914741712212,-0.5359707147886184,0.0,1377.1914741712212,0.4209,579.659891478667,0.63135,0.0,2.1045,0.0,0.0,0.0,579.659891478667,579.66元,0.0,1377.1914741712212
2025-02-19T22:10:00,2025-02-19T22:20:00,2025-02-19,133,1353.8833699095849,1353.3620823927781,0.0,1353.3620823927781,-0.5212875168067512,0.0,1353.3620823927781,0.3859,522.2624275953731,0.5788500000000001,0.0,1.9295,0.0,0.0,0.0,522.2624275953731,522.26元,0.0,1353.3620823927781
2025-02-19T22:20:00,2025-02-19T22:30:00,2025-02-19,134,538.0928167492114,538.0928167492114,0.0,538.0928167492114,0.0,0.0,538.0928167492114,0.4368,235.03894235605554,0.6552,0.0,2.184,0.0,0.0,0.0,235.03894235605554,235.04元,0.0,538.0928167492114
2025-02-19T22:30:00,2025-02-19T22:40:00,2025-02-19,135,1376.444264441848,1375.9511475793015,0.0,1375.9511475793015,-0.4931168625464579,0.0,1375.9511475793015,0.4198,577.6242917537908,0.6297,0.0,2.099,0.0,0.0,0.0,577.6242917537908,577.62元,0.0,1375.9511475793015
2025-02-19T22:40:00,2025-02-19T22:50:00,2025-02-19,136,1389.9122645051768,1389.432656836923,0.0,1389.432656836923,-0.47960766825394785,0.0,1389.432656836923,0.4186,581.6165101519359,0.6279,0.0,2.093,0.0,0.0,0.0,581.6165101519359,581.62元,0.0,1389.432656836923
2025-02-19T22:50:00,2025-02-19T23:00:00,2025-02-19,137,1396.0749017714656,1395.6084332060623,0.0,1395.6084332060623,-0.46646856540337467,0.0,1395.6084332060623,0.4241,591.877536522691,0.63615,0.0,2.1205,0.0,0.0,0.0,591.877536522691,591.88元,0.0,1395.6084332060623
2025-02-19T23:00:00,2025-02-19T23:10:00,2025-02-19,138,1395.2561985547472,1394.802509139602,0.0,1394.802509139602,-0.45368941514516337,0.0,1394.802509139602,0.4237,590.9778231224494,0.6355500000000001,0.0,2.1185,0.0,0.0,0.0,590.9778231224494,590.98元,0.0,1394.802509139602
2025-02-19T23:10:00,2025-02-19T23:20:00,2025-02-19,139,1027.6943152355097,1027.6943152355097,0.0,1027.6943152355097,0.0,0.0,1027.6943152355097,0.4248,436.5645451120445,0.6372,0.0,2.124,0.0,0.0,0.0,436.5645451120445,436.56元,0.0,1027.6943152355097
2025-02-19T23:20:00,2025-02-19T23:30:00,2025-02-19,140,1407.0879881735668,1406.6588163753677,0.0,1406.6588163753677,-0.42917179819914963,0.0,1406.6588163753677,0.424,596.4233381431559,0.636,0.0,2.12,0.0,0.0,0.0,596.4233381431559,596.42元,37.288316385367686,1369.37049999
2025-02-19T23:30:00,2025-02-19T23:40:00,2025-02-19,141,1401.818514717093,1401.4011003047121,0.0,1401.4011003047121,-0.4174144123808219,0.0,1401.4011003047121,0.422,591.3912643285885,0.633,0.0,2.11,0.0,0.0,0.0,591.3912643285885,591.39元,20.471100314712196,1380.92999999
2025-02-19T23:40:00,2025-02-19T23:50:00,2025-02-19,142,1405.166276527854,1404.7602974015595,0.0,1404.7602974015595,-0.4059791262945964,0.0,1404.7602974015595,0.424,595.6183660982612,0.636,0.0,2.12,0.0,0.0,0.0,595.6183660982612,595.62元,0.0,1404.7602974015595
2025-02-19T23:50:00,2025-02-20T00:00:00,2025-02-19,143,559.8286416692691,559.8286416692691,0.0,559.8286416692691,0.0,0.0,559.8286416692691,0.4271,239.10281285694484,0.6406499999999999,0.0,2.1355,0.0,0.0,0.0,239.10281285694484,239.10元,0.0,559.8286416692691
2025-02-20T00:00:00,2025-02-20T00:10:00,2025-02-19,144,566.674875,566.674875,0.0,566.674875,0.0,0.0,566.674875,0.4276,242.31017655,0.6414,0.0,2.138,0.0,0.0,0.0,242.31017655,242.31元,0.0,566.674875
2025-02-20T00:10:00,2025-02-20T00:20:00,2025-02-20,1,1436.3066067228724,1436.3066067228724,0.0,1436.3066067228724,0.0,0.0,1436.3066067228724,0.4248,610.1430465358762,0.6372,0.0,2.124,0.0,0.0,0.0,610.1430465358762,610.14元,29.95904006620571,1406.3475666566667
2025-02-20T00:20:00,2025-02-20T00:30:00,2025-02-20,2,1441.216599763628,1441.216599763628,0.0,1441.216599763628,0.0,0.0,1441.216599763628,0.4245,611.79644659966,0.6367499999999999,0.0,2.1225,0.0,0.0,0.0,611.79644659966,611.80元,21.567533106961257,1419.6490666566667
2025-02-20T00:30:00,2025-02-20T00:40:00,2025-02-20,3,978.6830710586995,978.6830710586995,0.0,978.6830710586995,0.0,0.0,978.6830710586995,0.4269,417.7998030349588,0.64035,0.0,2.1345,0.0,0.0,0.0,417.7998030349588,417.80元,0.0,978.6830710586995
2025-02-20T00:40:00,2025-02-20T00:50:00,2025-02-20,4,619.3056057669376,619.3056057669376,0.0,619.3056057669376,0.0,0.0,619.3056057669376,0.4272,264.5673547836357,0.6408,0.0,2.136,0.0,0.0,0.0,264.5673547836357,264.57元,0.0,619.3056057669376
2025-02-20T00:50:00,2025-02-20T01:00:00,2025-02-20,5,633.8532020642438,633.8532020642438,0.0,633.8532020642438,0.0,0.0,633.8532020642438,0.4271,270.7187026016385,0.6406499999999999,0.0,2.1355,0.0,0.0,0.0,270.7187026016385,270.72元,0.0,633.8532020642438
2025-02-20T01:00:00,2025-02-20T01:10:00,2025-02-20,6,617.3773300526123,617.3773300526123,0.0,617.3773300526123,0.0,0.0,617.3773300526123,0.4285,264.54618592754434,0.6427499999999999,0.0,2.1425,0.0,0.0,0.0,264.54618592754434,264.55元,0.0,617.3773300526123
2025-02-20T01:10:00,2025-02-20T01:20:00,2025-02-20,7,628.0110707194418,628.0110707194418,0.0,628.0110707194418,0.0,0.0,628.0110707194418,0.4311,270.73557258715135,0.64665,0.0,2.1555,0.0,0.0,0.0,270.73557258715135,270.74元,0.0,628.0110707194418
2025-02-20T01:20:00,2025-02-20T01:30:00,2025-02-20,8,625.9598168853236,625.9598168853236,0.0,625.9598168853236,0.0,0.0,625.9598168853236,0.4302,269.2879132240662,0.6453,0.0,2.1510000000000002,0.0,0.0,0.0,269.2879132240662,269.29元,0.0,625.9598168853236
2025-02-20T01:30:00,2025-02-20T01:40:00,2025-02-20,9,615.7274721606792,615.7274721606792,0.0,615.7274721606792,0.0,0.0,615.7274721606792,0.4279,263.46978533755464,0.64185,0.0,2.1395,0.0,0.0,0.0,263.46978533755464,263.47元,0.0,615.7274721606792
2025-02-20T01:40:00,2025-02-20T01:50:00,2025-02-20,10,643.7593932414862,643.7593932414862,0.0,643.7593932414862,0.0,0.0,643.7593932414862,0.4312,277.5890503657289,0.6468,0.0,2.156,0.0,0.0,0.0,277.5890503657289,277.59元,0.0,643.7593932414862
2025-02-20T01:50:00,2025-02-20T02:00:00,2025-02-20,11,648.5788488772664,648.5788488772664,0.0,648.5788488772664,0.0,0.0,648.5788488772664,0.4333,281.02921521851954,0.64995,0.0,2.1665,0.0,0.0,0.0,281.02921521851954,281.03元,0.0,648.5788488772664
2025-02-20T02:00:00,2025-02-20T02:10:00,2025-02-20,12,624.6829238445172,624.6829238445172,0.0,624.6829238445172,0.0,0.0,624.6829238445172,0.4311,269.30080846937136,0.64665,0.0,2.1555,0.0,0.0,0.0,269.30080846937136,269.30元,0.0,624.6829238445172
2025-02-20T02:10:00,2025-02-20T02:20:00,2025-02-20,13,628.6430812587682,628.6430812587682,0.0,628.6430812587682,0.0,0.0,628.6430812587682,0.4293,269.8764747843892,0.64395,0.0,2.1465,0.0,0.0,0.0,269.8764747843892,269.88元,0.0,628.6430812587682
2025-02-20T02:20:00,2025-02-20T02:30:00,2025-02-20,14,632.1575323917916,632.1575323917916,0.0,632.1575323917916,0.0,0.0,632.1575323917916,0.4324,273.3449170062107,0.6486000000000001,0.0,2.162,0.0,0.0,0.0,273.3449170062107,273.34元,0.0,632.1575323917916
2025-02-20T02:30:00,2025-02-20T02:40:00,2025-02-20,15,623.8396039938135,623.8396039938135,0.0,623.8396039938135,0.0,0.0,623.8396039938135,0.4367,272.4307550640983,0.6550499999999999,0.0,2.1835,0.0,0.0,0.0,272.4307550640983,272.43元,0.0,623.8396039938135
2025-02-20T02:40:00,2025-02-20T02:50:00,2025-02-20,16,624.5095139539338,624.5095139539338,0.0,624.5095139539338,0.0,0.0,624.5095139539338,0.4348,271.53673666717043,0.6522,0.0,2.174,0.0,0.0,0.0,271.53673666717043,271.54元,0.0,624.5095139539338
2025-02-20T02:50:00,2025-02-20T03:00:00,2025-02-20,17,628.146584465283,628.146584465283,0.0,628.146584465283,0.0,0.0,628.146584465283,0.4335,272.3015443657002,0.65025,0.0,2.1675,0.0,0.0,0.0,272.3015443657002,272.30元,0.0,628.146584465283
2025-02-20T03:00:00,2025-02-20T03:10:00,2025-02-20,18,633.9939576947833,633.9939576947833,0.0,633.9939576947833,0.0,0.0,633.9939576947833,0.4357,276.23116736761705,0.65355,0.0,2.1784999999999997,0.0,0.0,0.0,276.23116736761705,276.23元,0.0,633.9939576947833
2025-02-20T03:10:00,2025-02-20T03:20:00,2025-02-20,19,648.5474772907271,648.5474772907271,0.0,648.5474772907271,0.0,0.0,648.5474772907271,0.4374,283.67466656696405,0.6561,0.0,2.1870000000000003,0.0,0.0,0.0,283.67466656696405,283.67元,0.0,648.5474772907271
2025-02-20T03:20:00,2025-02-20T03:30:00,2025-02-20,20,658.5301065613791,658.5301065613791,0.0,658.5301065613791,0.0,0.0,658.5301065613791,0.4371,287.84350957797875,0.65565,0.0,2.1854999999999998,0.0,0.0,0.0,287.84350957797875,287.84元,0.0,658.5301065613791
2025-02-20T03:30:00,2025-02-20T03:40:00,2025-02-20,21,664.4481641578179,664.4481641578179,0.0,664.4481641578179,0.0,0.0,664.4481641578179,0.4356,289.4336203071455,0.6534,0.0,2.178,0.0,0.0,0.0,289.4336203071455,289.43元,0.0,664.4481641578179
2025-02-20T03:40:00,2025-02-20T03:50:00,2025-02-20,22,678.468310594233,678.468310594233,0.0,678.468310594233,0.0,0.0,678.468310594233,0.4353,295.33725560166965,0.65295,0.0,2.1765,0.0,0.0,0.0,295.33725560166965,295.34元,0.0,678.468310594233
2025-02-20T03:50:00,2025-02-20T04:00:00,2025-02-20,23,684.6134831055665,684.6134831055665,0.0,684.6134831055665,0.0,0.0,684.6134831055665,0.436,298.491478634027,0.654,0.0,2.18,0.0,0.0,0.0,298.491478634027,298.49元,0.0,684.6134831055665
2025-02-20T04:00:00,2025-02-20T04:10:00,2025-02-20,24,674.8249313423855,674.8249313423855,0.0,674.8249313423855,0.0,0.0,674.8249313423855,0.4378,295.4383549416964,0.6567000000000001,0.0,2.189,0.0,0.0,0.0,295.4383549416964,295.44元,0.0,674.8249313423855
2025-02-20T04:10:00,2025-02-20T04:20:00,2025-02-20,25,658.998973069551,658.998973069551,0.0,658.998973069551,0.0,0.0,658.998973069551,0.4401,290.0254480479094,0.66015,0.0,2.2005,0.0,0.0,0.0,290.0254480479094,290.03元,0.0,658.998973069551
2025-02-20T04:20:00,2025-02-20T04:30:00,2025-02-20,26,657.0824615352398,657.0824615352398,0.0,657.0824615352398,0.0,0.0,657.0824615352398,0.4389,288.39349236781675,0.65835,0.0,2.1945,0.0,0.0,0.0,288.39349236781675,288.39元,0.0,657.0824615352398
2025-02-20T04:30:00,2025-02-20T04:40:00,2025-02-20,27,665.8052936768894,665.8052936768894,0.0,665.8052936768894,0.0,0.0,665.8052936768894,0.4364,290.55743016059455,0.6546000000000001,0.0,2.182,0.0,0.0,0.0,290.55743016059455,290.56元,0.0,665.8052936768894
2025-02-20T04:40:00,2025-02-20T04:50:00,2025-02-20,28,664.3063978095137,664.3063978095137,0.0,664.3063978095137,0.0,0.0,664.3063978095137,0.4393,291.82980055771935,0.65895,0.0,2.1965000000000003,0.0,0.0,0.0,291.82980055771935,291.83元,0.0,664.3063978095137
2025-02-20T04:50:00,2025-02-20T05:00:00,2025-02-20,29,663.2505386107948,663.2505386107948,0.0,663.2505386107948,0.0,0.0,663.2505386107948,0.4422,293.28938817369345,0.6633,0.0,2.211,0.0,0.0,0.0,293.28938817369345,293.29元,0.0,663.2505386107948
2025-02-20T05:00:00,2025-02-20T05:10:00,2025-02-20,30,673.2082459593527,673.2082459593527,0.0,673.2082459593527,0.0,0.0,673.2082459593527,0.4395,295.8750240991355,0.65925,0.0,2.1975,0.0,0.0,0.0,295.8750240991355,295.88元,0.0,673.2082459593527
2025-02-20T05:10:00,2025-02-20T05:20:00,2025-02-20,31,690.4220614076178,690.4220614076178,0.0,690.4220614076178,0.0,0.0,690.4220614076178,0.4333,299.15987920792077,0.64995,0.0,2.1665,0.0,0.0,0.0,299.15987920792077,299.16元,0.0,690.4220614076178
2025-02-20T05:20:00,2025-02-20T05:30:00,2025-02-20,32,688.3393160870082,688.3393160870082,0.0,688.3393160870082,0.0,0.0,688.3393160870082,0.4439,305.55382241102296,0.66585,0.0,2.2195,0.0,0.0,0.0,305.55382241102296,305.55元,0.0,688.3393160870082
2025-02-20T05:30:00,2025-02-20T05:40:00,2025-02-20,33,668.5046298779299,668.5046298779299,0.0,668.5046298779299,0.0,0.0,668.5046298779299,0.4301,287.52384131049763,0.64515,0.0,2.1505,0.0,0.0,0.0,287.52384131049763,287.52元,0.0,668.5046298779299
2025-02-20T05:40:00,2025-02-20T05:50:00,2025-02-20,34,1505.045250148159,1505.045250148159,0.0,1505.045250148159,0.0,0.0,1505.045250148159,0.3713,558.8233013800115,0.5569500000000001,0.0,1.8565,0.0,0.0,0.0,558.8233013800115,558.82元,706.9474903635879,798.0977597845712
2025-02-20T05:50:00,2025-02-20T06:00:00,2025-02-20,35,755.8421146959921,755.8421146959921,0.0,755.8421146959921,0.0,0.0,755.8421146959921,0.5708,431.4346790684723,0.8562,0.0,2.854,0.0,0.0,0.0,431.4346790684723,431.43元,25.897998021225114,729.944116674767
2025-02-20T06:00:00,2025-02-20T06:10:00,2025-02-20,36,129.1713047021983,112.58439336813558,0.0,112.58439336813558,-16.586911334062734,0.0,112.58439336813558,0.9099,102.44053952566657,1.3648500000000001,0.0,4.5495,0.0,1783.3589665349066,811.3391618250558,913.7797013507225,913.78元,0.0,112.58439336813558
2025-02-20T06:10:00,2025-02-20T06:20:00,2025-02-20,37,103.89099216850684,101.68947014360037,0.0,101.68947014360037,-2.201522024906467,40.783063199732844,142.47253334333323,0.9368,95.26269563052483,1.4052,0.0,4.684,191.02786802754864,0.0,0.0,286.2905636580735,286.29元,0.0,142.47253334333323
2025-02-20T06:20:00,2025-02-20T06:30:00,2025-02-20,38,102.90939909481699,95.37279872973954,0.0,95.37279872973954,-7.536600365077447,15.233834613593778,110.60663334333333,0.8758,83.5274971275059,1.3137,0.0,4.3790000000000004,66.70896177292717,0.0,0.0,150.23645890043306,150.24元,0.0,110.60663334333333
2025-02-20T06:30:00,2025-02-20T06:40:00,2025-02-20,39,113.09053367984302,99.84662481564101,0.0,99.84662481564101,-13.243908864202012,0.0,99.84662481564101,0.8759,87.45565867601997,1.31385,0.0,4.3795,0.0,0.0,0.0,87.45565867601997,87.46元,0.0,99.84662481564101
2025-02-20T06:40:00,2025-02-20T06:50:00,2025-02-20,40,92.71358513250846,86.49691460744987,0.0,86.49691460744987,-6.216670525058589,0.0,86.49691460744987,0.8601,74.39599625386762,1.29015,0.0,4.3004999999999995,0.0,0.0,0.0,74.39599625386762,74.40元,0.0,86.49691460744987
2025-02-20T06:50:00,2025-02-20T07:00:00,2025-02-20,41,762.8894447878946,169.075854888609,0.0,169.075854888609,-593.8135898992856,0.0,169.075854888609,0.8442,142.73383669696372,1.2663,0.0,4.221,0.0,0.0,0.0,142.73383669696372,142.73元,0.0,169.075854888609
2025-02-20T07:00:00,2025-02-20T07:10:00,2025-02-20,42,561.6363369444473,539.2733005782228,0.0,539.2733005782228,-22.36303636622449,0.0,539.2733005782228,0.8334,449.4303687018909,1.2501,0.0,4.167,0.0,0.0,0.0,449.4303687018909,449.43元,0.0,539.2733005782228
2025-02-20T07:10:00,2025-02-20T07:20:00,2025-02-20,43,548.4735685059721,528.4231151982601,0.0,528.4231151982601,-20.05045330771202,0.0,528.4231151982601,0.8092,427.5999848184321,1.2138,0.0,4.046,0.0,0.0,0.0,427.5999848184321,427.60元,0.0,528.4231151982601
2025-02-20T07:20:00,2025-02-20T07:30:00,2025-02-20,44,528.3100162710477,510.7180603010749,0.0,510.7180603010749,-17.591955969972844,0.0,510.7180603010749,0.7972,407.1444376720169,1.1958,0.0,3.986,0.0,0.0,0.0,407.1444376720169,407.14元,0.0,510.7180603010749
2025-02-20T07:30:00,2025-02-20T07:40:00,2025-02-20,45,488.5396383152831,488.5396383152831,0.0,488.5396383152831,0.0,0.0,488.5396383152831,0.7644,373.4396995282024,1.1465999999999998,0.0,3.822,0.0,0.0,0.0,373.4396995282024,373.44元,0.0,488.5396383152831
2025-02-20T07:40:00,2025-02-20T07:50:00,2025-02-20,46,1282.1601618293657,1269.6651750304054,0.0,1269.6651750304054,-12.494986798960326,0.0,1269.6651750304054,0.6899,875.9420042534766,1.03485,0.0,3.4494999999999996,0.0,0.0,0.0,875.9420042534766,875.94元,0.0,1269.6651750304054
2025-02-20T07:50:00,2025-02-20T08:00:00,2025-02-20,47,476.59719093605986,0.0,0.0,0.0,-476.59719093605986,0.0,0.0,0.86,0.0,1.29,0.0,4.3,0.0,0.0,0.0,0.0,0.00元,0.0,0.0
2025-02-20T08:00:00,2025-02-20T08:10:00,2025-02-20,48,0.0,0.0,0.0,0.0,0.0,0.0,0.0,1.1617,0.0,1.74255,0.0,5.8084999999999996,0.0,0.0,0.0,0.0,0.00元,0.0,0.0
2025-02-20T08:10:00,2025-02-20T08:20:00,2025-02-20,49,0.0,0.0,0.0,0.0,0.0,0.0,0.0,1.1683,0.0,1.7524499999999998,0.0,5.8415,0.0,0.0,0.0,0.0,0.00元,0.0,0.0
2025-02-20T08:20:00,2025-02-20T08:30:00,2025-02-20,50,0.0,0.0,0.0,0.0,0.0,0.0,0.0,1.0956,0.0,1.6433999999999997,0.0,5.478,0.0,0.0,0.0,0.0,0.00元,0.0,0.0
2025-02-20T08:30:00,2025-02-20T08:40:00,2025-02-20,51,0.0,0.0,0.0,0.0,0.0,0.0,0.0,1.0849,0.0,1.6273499999999999,0.0,5.4245,0.0,0.0,0.0,0.0,0.00元,0.0,0.0
2025-02-20T08:40:00,2025-02-20T08:50:00,2025-02-20,52,0.0,0.0,0.0,0.0,0.0,0.0,0.0,1.061,0.0,1.5915,0.0,5.305,0.0,0.0,0.0,0.0,0.00元,0.0,0.0
2025-02-20T08:50:00,2025-02-20T09:00:00,2025-02-20,53,0.0,0.0,0.0,0.0,0.0,0.0,0.0,1.043,0.0,1.5644999999999998,0.0,5.215,0.0,0.0,0.0,0.0,0.00元,0.0,0.0
2025-02-20T09:00:00,2025-02-20T09:10:00,2025-02-20,54,0.0,0.0,0.0,0.0,0.0,92.72440066836101,92.72440066836101,1.036,0.0,1.554,0.0,5.18,480.31239546211003,0.0,0.0,480.31239546211003,480.31元,0.0,92.72440066836101
2025-02-20T09:10:00,2025-02-20T09:20:00,2025-02-20,55,0.0,0.0,0.0,0.0,0.0,277.07031666666666,277.07031666666666,1.0147,0.0,1.52205,0.0,5.073499999999999,1405.7162516083333,0.0,0.0,1405.7162516083333,1405.72元,0.0,277.07031666666666
2025-02-20T09:20:00,2025-02-20T09:30:00,2025-02-20,56,0.0,0.0,0.0,0.0,0.0,267.13376666666676,267.13376666666676,0.9922,0.0,1.4883,0.0,4.961,1325.2506164333338,0.0,0.0,1325.2506164333338,1325.25元,0.0,267.13376666666676
2025-02-20T09:30:00,2025-02-20T09:40:00,2025-02-20,57,0.0,0.0,0.0,0.0,0.0,246.98000000000008,246.98000000000008,0.97,0.0,1.455,0.0,4.85,1197.8530000000003,0.0,0.0,1197.8530000000003,1197.85元,0.0,246.98000000000008
2025-02-20T09:40:00,2025-02-20T09:50:00,2025-02-20,58,0.0,0.0,0.0,0.0,0.0,183.7831166666669,183.7831166666669,0.9422,0.0,1.4133,0.0,4.711,865.8022626166678,0.0,0.0,865.8022626166678,865.80元,0.0,183.7831166666669
2025-02-20T09:50:00,2025-02-20T10:00:00,2025-02-20,59,0.0,0.0,0.0,0.0,0.0,140.3529333333334,140.3529333333334,0.9569,0.0,1.43535,0.0,4.7844999999999995,671.5186095333336,0.0,0.0,671.5186095333336,671.52元,0.0,140.3529333333334
2025-02-20T10:00:00,2025-02-20T10:10:00,2025-02-20,60,0.0,0.0,0.0,0.0,0.0,136.5295833333335,136.5295833333335,0.9977,0.0,1.49655,0.0,4.9885,681.0778264583341,0.0,0.0,681.0778264583341,681.08元,0.0,136.5295833333335
2025-02-20T10:10:00,2025-02-20T10:20:00,2025-02-20,61,0.0,0.0,0.0,0.0,0.0,137.50701666666674,137.50701666666674,0.9919,0.0,1.48785,0.0,4.9595,681.9660491583337,0.0,0.0,681.9660491583337,681.97元,0.0,137.50701666666674
2025-02-20T10:20:00,2025-02-20T10:30:00,2025-02-20,62,0.0,0.0,0.0,0.0,0.0,155.32718333333338,155.32718333333338,0.9588,0.0,1.4382,0.0,4.794,744.6385169000001,0.0,0.0,744.6385169000001,744.64元,0.0,155.32718333333338
2025-02-20T10:30:00,2025-02-20T10:40:00,2025-02-20,63,0.0,0.0,0.0,0.0,0.0,159.4570833333333,159.4570833333333,0.9549,0.0,1.43235,0.0,4.7745,761.3278443749997,0.0,0.0,761.3278443749997,761.33元,0.0,159.4570833333333
2025-02-20T10:40:00,2025-02-20T10:50:00,2025-02-20,64,0.0,0.0,0.0,0.0,0.0,97.61575000000019,97.61575000000019,0.9839,0.0,1.4758499999999999,0.0,4.9195,480.2206821250009,0.0,0.0,480.2206821250009,480.22元,0.0,97.61575000000019
2025-02-20T10:50:00,2025-02-20T11:00:00,2025-02-20,65,94.04206714493307,5.095731018195011,0.0,5.095731018195011,-88.94633612673806,41.65025231513827,46.74598333333328,0.799,4.071489083537814,1.1985000000000001,0.0,3.995,166.39275799897737,0.0,0.0,170.4642470825152,170.46元,0.0,46.74598333333328
2025-02-20T11:00:00,2025-02-20T11:10:00,2025-02-20,66,827.7003487910666,755.2435983256695,0.0,755.2435983256695,-72.45675046539714,0.0,755.2435983256695,0.5025,379.5099081586489,0.7537499999999999,0.0,2.5124999999999997,0.0,0.0,0.0,379.5099081586489,379.51元,0.0,755.2435983256695
2025-02-20T11:10:00,2025-02-20T11:20:00,2025-02-20,67,831.2629134998796,759.8395562719987,0.0,759.8395562719987,-71.42335722788084,0.0,759.8395562719987,0.4662,354.23720113400583,0.6993,0.0,2.331,0.0,0.0,0.0,354.23720113400583,354.24元,0.0,759.8395562719987
2025-02-20T11:20:00,2025-02-20T11:30:00,2025-02-20,68,822.9173379992343,751.8535920388605,0.0,751.8535920388605,-71.06374596037381,0.0,751.8535920388605,0.5007,376.4530935338575,0.75105,0.0,2.5035000000000003,0.0,0.0,0.0,376.4530935338575,376.45元,0.0,751.8535920388605
2025-02-20T11:30:00,2025-02-20T11:40:00,2025-02-20,69,805.1885238943352,734.1871378572777,0.0,734.1871378572777,-71.0013860370575,0.0,734.1871378572777,0.4827,354.39213144370797,0.7240500000000001,0.0,2.4135,0.0,0.0,0.0,354.39213144370797,354.39元,0.0,734.1871378572777
2025-02-20T11:40:00,2025-02-20T11:50:00,2025-02-20,70,788.7397484273102,718.0909248423644,0.0,718.0909248423644,-70.64882358494583,0.0,718.0909248423644,0.4785,343.60650753707137,0.71775,0.0,2.3925,0.0,0.0,0.0,343.60650753707137,343.61元,0.0,718.0909248423644
2025-02-20T11:50:00,2025-02-20T12:00:00,2025-02-20,71,755.9698283252559,686.1367017405829,0.0,686.1367017405829,-69.83312658467298,0.0,686.1367017405829,0.4662,319.87693035145975,0.6993,0.0,2.331,0.0,0.0,0.0,319.87693035145975,319.88元,0.0,686.1367017405829
2025-02-20T12:00:00,2025-02-20T12:10:00,2025-02-20,72,760.5815081359584,702.0791413897124,0.0,702.0791413897124,-58.502366746246025,0.0,702.0791413897124,0.4432,311.1614754639205,0.6648,0.0,2.2159999999999997,0.0,778.9758267720061,172.62104321267657,483.7825186765971,483.78元,0.0,702.0791413897124
2025-02-20T12:10:00,2025-02-20T12:20:00,2025-02-20,73,765.4593185833756,707.26385987695,0.0,707.26385987695,-58.1954587064256,0.0,707.26385987695,0.4411,311.97408859172265,0.66165,0.0,2.2055,0.0,0.0,0.0,311.97408859172265,311.97元,0.0,707.26385987695
2025-02-20T12:20:00,2025-02-20T12:30:00,2025-02-20,74,773.3389466897974,699.9391346121143,15.631970444075023,715.5711050561894,-57.767841633607986,0.0,715.5711050561894,0.4551,318.54230016197323,0.68265,10.671164623647815,2.2755,0.0,0.0,0.0,329.21346478562106,329.21元,0.0,715.5711050561894
2025-02-20T12:30:00,2025-02-20T12:40:00,2025-02-20,75,762.2478136611793,704.8205587927908,0.0,704.8205587927908,-57.427254868388445,0.0,704.8205587927908,0.4463,314.56141538922253,0.66945,0.0,2.2315,0.0,0.0,0.0,314.56141538922253,314.56元,0.0,704.8205587927908
2025-02-20T12:40:00,2025-02-20T12:50:00,2025-02-20,76,746.2655275771486,689.0985447711445,0.0,689.0985447711445,-57.16698280600417,0.0,689.0985447711445,0.4113,283.4262314643717,0.61695,0.0,2.0564999999999998,0.0,0.0,0.0,283.4262314643717,283.43元,0.0,689.0985447711445
2025-02-20T12:50:00,2025-02-20T13:00:00,2025-02-20,77,196.86559898933473,196.86559898933473,501.56839587014446,698.4339948594792,501.56839587014446,0.0,698.4339948594792,0.5682,111.85903334574,0.8523000000000001,427.48674380012415,2.841,0.0,0.0,0.0,539.3457771458642,539.35元,0.0,698.4339948594792
2025-02-20T13:00:00,2025-02-20T13:10:00,2025-02-20,78,0.0,0.0,0.0,0.0,0.0,0.0,0.0,0.8279,0.0,1.24185,0.0,4.1395,0.0,0.0,0.0,0.0,0.00元,0.0,0.0
2025-02-20T13:10:00,2025-02-20T13:20:00,2025-02-20,79,0.0,0.0,0.0,0.0,0.0,0.0,0.0,0.8636,0.0,1.2954,0.0,4.3180000000000005,0.0,0.0,0.0,0.0,0.00元,0.0,0.0
2025-02-20T13:20:00,2025-02-20T13:30:00,2025-02-20,80,0.0,0.0,0.0,0.0,0.0,0.0,0.0,0.8416,0.0,1.2624,0.0,4.208,0.0,0.0,0.0,0.0,0.00元,0.0,0.0
2025-02-20T13:30:00,2025-02-20T13:40:00,2025-02-20,81,0.0,0.0,0.0,0.0,0.0,0.0,0.0,0.8618,0.0,1.2927,0.0,4.309,0.0,0.0,0.0,0.0,0.00元,0.0,0.0
2025-02-20T13:40:00,2025-02-20T13:50:00,2025-02-20,82,0.0,0.0,0.0,0.0,0.0,0.0,0.0,0.8623,0.0,1.29345,0.0,4.3115,0.0,0.0,0.0,0.0,0.00元,0.0,0.0
2025-02-20T13:50:00,2025-02-20T14:00:00,2025-02-20,83,0.0,0.0,0.0,0.0,0.0,0.0,0.0,0.9026,0.0,1.3538999999999999,0.0,4.513,0.0,0.0,0.0,0.0,0.00元,0.0,0.0
2025-02-20T14:00:00,2025-02-20T14:10:00,2025-02-20,84,0.0,0.0,0.0,0.0,0.0,0.0,0.0,0.9754,0.0,1.4631,0.0,4.877000000000001,0.0,0.0,0.0,0.0,0.00元,0.0,0.0
2025-02-20T14:10:00,2025-02-20T14:20:00,2025-02-20,85,0.0,0.0,0.0,0.0,0.0,0.0,0.0,1.0002,0.0,1.5003,0.0,5.0009999999999994,0.0,0.0,0.0,0.0,0.00元,0.0,0.0
2025-02-20T14:20:00,2025-02-20T14:30:00,2025-02-20,86,0.0,0.0,0.0,0.0,0.0,0.0,0.0,0.9978,0.0,1.4967000000000001,0.0,4.989,0.0,0.0,0.0,0.0,0.00元,0.0,0.0
2025-02-20T14:30:00,2025-02-20T14:40:00,2025-02-20,87,0.0,0.0,0.0,0.0,0.0,0.0,0.0,1.0271,0.0,1.5406499999999999,0.0,5.1354999999999995,0.0,0.0,0.0,0.0,0.00元,0.0,0.0
2025-02-20T14:40:00,2025-02-20T14:50:00,2025-02-20,88,0.0,0.0,0.0,0.0,0.0,0.0,0.0,1.0906,0.0,1.6359,0.0,5.453,0.0,0.0,0.0,0.0,0.00元,0.0,0.0
2025-02-20T14:50:00,2025-02-20T15:00:00,2025-02-20,89,0.0,0.0,0.0,0.0,0.0,0.0,0.0,0.9376,0.0,1.4064,0.0,4.688,0.0,0.0,0.0,0.0,0.00元,0.0,0.0
2025-02-20T15:00:00,2025-02-20T15:10:00,2025-02-20,90,946.5195992696082,946.5195992696082,288.25055613876964,1234.7701554083778,288.25055613876964,0.0,1234.7701554083778,0.6694,633.6002197510758,1.0041,289.43238341893857,3.347,0.0,0.0,0.0,923.0326031700143,923.03元,0.0,1234.7701554083778
2025-02-20T15:10:00,2025-02-20T15:20:00,2025-02-20,91,1259.0261658023906,1259.0261658023906,12.698973926391773,1271.7251397287823,12.698973926391773,0.0,1271.7251397287823,0.66,830.9572694295778,0.99,12.571984187127855,3.3000000000000003,0.0,0.0,0.0,843.5292536167057,843.53元,0.0,1271.7251397287823
2025-02-20T15:20:00,2025-02-20T15:30:00,2025-02-20,92,444.4705538242912,444.4705538242912,428.17030429361,872.6408581179012,428.17030429361,0.0,872.6408581179012,0.7217,320.77439869499096,1.08255,463.51576291304747,3.6085000000000003,0.0,0.0,0.0,784.2901616080384,784.29元,0.0,872.6408581179012
2025-02-20T15:30:00,2025-02-20T15:40:00,2025-02-20,93,442.40654884784885,442.40654884784885,73.23727914288963,515.6438279907385,73.23727914288963,0.0,515.6438279907385,0.7308,323.31070589800794,1.0962,80.28270539643562,3.654,0.0,0.0,0.0,403.5934112944435,403.59元,0.0,515.6438279907385
2025-02-20T15:40:00,2025-02-20T15:50:00,2025-02-20,94,482.9021165124959,482.9021165124959,16.3116232737342,499.2137397862301,16.3116232737342,0.0,499.2137397862301,0.7534,363.8184545805144,1.1300999999999999,18.433765461647017,3.767,0.0,0.0,0.0,382.2522200421614,382.25元,0.0,499.2137397862301
2025-02-20T15:50:00,2025-02-20T16:00:00,2025-02-20,95,517.2309296410235,517.2309296410235,17.36147605079259,534.5924056918161,17.36147605079259,0.0,534.5924056918161,0.7823,404.6297562581727,1.1734499999999999,20.372824071802565,3.9115,0.0,0.0,0.0,425.0025803299753,425.00元,0.0,534.5924056918161
2025-02-20T16:00:00,2025-02-20T16:10:00,2025-02-20,96,776.6142099455321,776.6142099455321,2.995446401333311,779.6096563468654,2.995446401333311,0.0,779.6096563468654,0.8055,625.5627461111261,1.20825,3.619248114410973,4.0275,0.0,0.0,0.0,629.1819942255371,629.18元,0.0,779.6096563468654
2025-02-20T16:10:00,2025-02-20T16:20:00,2025-02-20,97,782.009508086884,782.009508086884,4.08258262599611,786.0920907128801,4.08258262599611,0.0,786.0920907128801,0.8271,646.8000641386617,1.24065,5.065056134942074,4.1354999999999995,0.0,0.0,0.0,651.8651202736038,651.87元,0.0,786.0920907128801
2025-02-20T16:20:00,2025-02-20T16:30:00,2025-02-20,98,810.1376018345724,810.1376018345724,5.195396643825916,815.3329984783983,5.195396643825916,0.0,815.3329984783983,0.8519,690.1562230028721,1.27785,6.638937601312946,4.2595,0.0,0.0,0.0,696.7951606041852,696.80元,0.0,815.3329984783983
2025-02-20T16:30:00,2025-02-20T16:40:00,2025-02-20,99,840.2030294217366,840.2030294217366,2.2069760967285674,842.4100055184651,2.2069760967285674,0.0,842.4100055184651,0.8791,738.6224831646487,1.3186499999999999,2.9102290299511253,4.3955,0.0,0.0,0.0,741.5327121945998,741.53元,0.0,842.4100055184651
2025-02-20T16:40:00,2025-02-20T16:50:00,2025-02-20,100,835.3506208549754,835.3506208549754,0.0,835.3506208549754,0.0,0.0,835.3506208549754,0.9024,753.8204002595298,1.3536,0.0,4.512,0.0,0.0,0.0,753.8204002595298,753.82元,0.0,835.3506208549754
2025-02-20T16:50:00,2025-02-20T17:00:00,2025-02-20,101,853.1747299356787,853.1747299356787,0.0,853.1747299356787,0.0,0.0,853.1747299356787,0.9163,781.7640050400623,1.37445,0.0,4.5815,0.0,0.0,0.0,781.7640050400623,781.76元,0.0,853.1747299356787
2025-02-20T17:00:00,2025-02-20T17:10:00,2025-02-20,102,988.7029788001412,988.7029788001412,0.0,988.7029788001412,0.0,0.0,988.7029788001412,0.9264,915.9344395604508,1.3896,0.0,4.632,0.0,0.0,0.0,915.9344395604508,915.93元,0.0,988.7029788001412
2025-02-20T17:10:00,2025-02-20T17:20:00,2025-02-20,103,996.0028226708278,996.0028226708278,0.0,996.0028226708278,0.0,0.0,996.0028226708278,0.9462,942.4178708111373,1.4193,0.0,4.731,0.0,0.0,0.0,942.4178708111373,942.42元,0.0,996.0028226708278
2025-02-20T17:20:00,2025-02-20T17:30:00,2025-02-20,104,990.7419835027173,990.7419835027173,0.0,990.7419835027173,0.0,0.0,990.7419835027173,0.9742,965.1808403283471,1.4613,0.0,4.8709999999999996,0.0,0.0,0.0,965.1808403283471,965.18元,0.0,990.7419835027173
2025-02-20T17:30:00,2025-02-20T17:40:00,2025-02-20,105,1009.9763384434658,1009.9763384434658,0.0,1009.9763384434658,0.0,0.0,1009.9763384434658,0.9862,996.038664972946,1.4792999999999998,0.0,4.931,0.0,0.0,0.0,996.038664972946,996.04元,0.0,1009.9763384434658
2025-02-20T17:40:00,2025-02-20T17:50:00,2025-02-20,106,1040.9637879055547,1040.9637879055547,0.0,1040.9637879055547,0.0,0.0,1040.9637879055547,0.976,1015.9806569958214,1.464,0.0,4.88,0.0,0.0,0.0,1015.9806569958214,1015.98元,0.0,1040.9637879055547
2025-02-20T17:50:00,2025-02-20T18:00:00,2025-02-20,107,915.3584526361433,915.3584526361433,0.0,915.3584526361433,0.0,0.0,915.3584526361433,1.0742,983.2780498217452,1.6113,0.0,5.371,0.0,0.0,0.0,983.2780498217452,983.28元,0.0,915.3584526361433
2025-02-20T18:00:00,2025-02-20T18:10:00,2025-02-20,108,709.3788550155143,706.1927298332249,10.084770166775002,716.2774999999999,6.8986449844856,0.0,716.2774999999999,1.2313,869.5351082436499,1.84695,18.62606625952509,6.1565,0.0,0.0,0.0,888.161174503175,888.16元,0.0,716.2774999999999
2025-02-20T18:10:00,2025-02-20T18:20:00,2025-02-20,109,689.9242416618159,686.8254020448682,9.808492614894817,696.633894659763,6.709652997947046,0.0,696.633894659763,1.2561,862.7213875085589,1.88415,18.48067136035407,6.2805,0.0,0.0,0.0,881.202058868913,881.20元,0.0,696.633894659763
2025-02-20T18:20:00,2025-02-20T18:30:00,2025-02-20,110,721.9021434595646,718.8869825878569,9.539371346170697,728.4263539340276,6.524210474462961,0.0,728.4263539340276,1.2447,894.7986272271054,1.8670499999999999,17.810483271867998,6.2235,0.0,0.0,0.0,912.6091104989733,912.61元,0.0,728.4263539340276
2025-02-20T18:30:00,2025-02-20T18:40:00,2025-02-20,111,716.3261402482143,713.3947635699392,9.27843646476174,722.6732000347009,6.347059786486625,0.0,722.6732000347009,1.2545,894.9537308984886,1.8817499999999998,17.459697817565402,6.2725,0.0,0.0,0.0,912.413428716054,912.41元,0.0,722.6732000347009
2025-02-20T18:40:00,2025-02-20T18:50:00,2025-02-20,112,718.5423098080591,715.6912397266543,9.024248846266914,724.7154885729212,6.173178764862087,0.0,724.7154885729212,1.2522,896.1885703857165,1.8782999999999999,16.950246607943146,6.261,0.0,0.0,0.0,913.1388169936596,913.14元,0.0,724.7154885729212
2025-02-20T18:50:00,2025-02-20T19:00:00,2025-02-20,113,54.0784933727266,54.0784933727266,23.5117538356875,77.5902472084141,23.5117538356875,0.0,77.5902472084141,1.2881,69.65850731340913,1.93215,45.428235173623605,6.4405,0.0,0.0,0.0,115.08674248703274,115.09元,0.0,77.5902472084141
2025-02-20T19:00:00,2025-02-20T19:10:00,2025-02-20,114,0.0,0.0,20.993936441907294,20.993936441907294,20.993936441907294,0.0,20.993936441907294,1.3466,0.0,2.0199,42.405652219008545,6.7330000000000005,0.0,0.0,0.0,42.405652219008545,42.41元,0.0,20.993936441907294
2025-02-20T19:10:00,2025-02-20T19:20:00,2025-02-20,115,14.348649468940607,14.348649468940607,6.203049190130741,20.55169865907135,6.203049190130741,0.0,20.55169865907135,1.3523,19.403678676848383,2.0284500000000003,12.582575129720704,6.7615,0.0,0.0,0.0,31.98625380656909,31.99元,0.0,20.55169865907135
2025-02-20T19:20:00,2025-02-20T19:30:00,2025-02-20,116,36.631572994649105,36.631572994649105,3.122259475567148,39.75383247021625,3.122259475567148,0.0,39.75383247021625,1.3445,49.25114989130572,2.01675,6.296816797350046,6.7225,0.0,0.0,0.0,55.54796668865577,55.55元,0.0,39.75383247021625
2025-02-20T19:30:00,2025-02-20T19:40:00,2025-02-20,117,23.087801769941393,23.087801769941393,14.059957628660868,37.14775939860226,14.059957628660868,0.0,37.14775939860226,1.3483,31.12928312641198,2.02245,28.435561306085173,6.7415,0.0,0.0,0.0,59.56484443249715,59.56元,0.0,37.14775939860226
2025-02-20T19:40:00,2025-02-20T19:50:00,2025-02-20,118,37.86348135283686,37.86348135283686,5.30283057576662,43.16631192860348,5.30283057576662,0.0,43.16631192860348,1.349,51.077836344976916,2.0235,10.730277670063757,6.745,0.0,0.0,0.0,61.80811401504067,61.81元,0.0,43.16631192860348
2025-02-20T19:50:00,2025-02-20T20:00:00,2025-02-20,119,20.279837711965115,20.279837711965115,12.887674096171054,33.16751180813617,12.887674096171054,0.0,33.16751180813617,1.3473,27.3230253493306,2.02095,26.04534496465689,6.7364999999999995,0.0,0.0,0.0,53.36837031398749,53.37元,0.0,33.16751180813617
2025-02-20T20:00:00,2025-02-20T20:10:00,2025-02-20,120,0.0,0.0,0.0,0.0,0.0,0.0,0.0,1.3482,0.0,2.0223,0.0,6.7410000000000005,0.0,0.0,0.0,0.0,0.00元,0.0,0.0
2025-02-20T20:10:00,2025-02-20T20:20:00,2025-02-20,121,0.0,0.0,0.0,0.0,0.0,0.0,0.0,1.3513,0.0,2.02695,0.0,6.7565,0.0,0.0,0.0,0.0,0.00元,0.0,0.0
2025-02-20T20:20:00,2025-02-20T20:30:00,2025-02-20,122,9.077140916451299,9.077140916451299,1.2904726021179158,10.367613518569215,1.2904726021179158,0.0,10.367613518569215,1.34,12.16336882804474,2.0100000000000002,2.593849930257011,6.7,0.0,0.0,0.0,14.757218758301752,14.76元,0.0,10.367613518569215
2025-02-20T20:30:00,2025-02-20T20:40:00,2025-02-20,123,6.973416856100016,6.973416856100016,11.083171822097597,18.056588678197613,11.083171822097597,0.0,18.056588678197613,1.3489,9.406441997193312,2.0233499999999998,22.42513570624117,6.7445,0.0,0.0,0.0,31.831577703434483,31.83元,0.0,18.056588678197613
2025-02-20T20:40:00,2025-02-20T20:50:00,2025-02-20,124,13.801687505225573,13.801687505225573,0.0,13.801687505225573,0.0,0.0,13.801687505225573,1.3952,19.25611440729072,2.0928,0.0,6.976,0.0,0.0,0.0,19.25611440729072,19.26元,0.0,13.801687505225573
2025-02-20T20:50:00,2025-02-20T21:00:00,2025-02-20,125,718.6657342501286,718.6657342501286,4.302097915453828,722.9678321655824,4.302097915453828,0.0,722.9678321655824,1.2226,878.6407266942072,1.8338999999999999,7.889617367150775,6.1129999999999995,0.0,0.0,0.0,886.530344061358,886.53元,0.0,722.9678321655824
2025-02-20T21:00:00,2025-02-20T21:10:00,2025-02-20,126,729.0518084929748,729.0518084929748,4.184239693563313,733.2360481865381,4.184239693563313,0.0,733.2360481865381,0.9332,680.3511476856442,1.3998,5.857098723049926,4.666,0.0,0.0,0.0,686.2082464086941,686.21元,0.0,733.2360481865381
2025-02-20T21:10:00,2025-02-20T21:20:00,2025-02-20,127,733.6426713299785,733.6426713299785,4.2962648194517215,737.9389361494302,4.2962648194517215,0.0,737.9389361494302,0.9068,665.2671743620245,1.3602,5.843779407418232,4.534000000000001,0.0,0.0,0.0,671.1109537694427,671.11元,0.0,737.9389361494302
2025-02-20T21:20:00,2025-02-20T21:30:00,2025-02-20,128,721.846552218079,721.846552218079,3.958121158301765,725.8046733763807,3.958121158301765,0.0,725.8046733763807,0.9371,676.4424040835618,1.40565,5.563733006166876,4.6855,0.0,0.0,0.0,682.0061370897287,682.01元,0.0,725.8046733763807
2025-02-20T21:30:00,2025-02-20T21:40:00,2025-02-20,129,723.9258342135533,723.9258342135533,3.8496863595332798,727.7755205730866,3.8496863595332798,0.0,727.7755205730866,0.9371,678.3908992415209,1.40565,5.411311631277955,4.6855,0.0,0.0,0.0,683.8022108727988,683.80元,0.0,727.7755205730866
2025-02-20T21:40:00,2025-02-20T21:50:00,2025-02-20,130,707.4859182736415,707.4859182736415,59.341786213195064,766.8277044868365,59.341786213195064,0.0,766.8277044868365,0.9871,698.3593499279115,1.48065,87.86441575656727,4.9355,0.0,0.0,0.0,786.2237656844787,786.22元,0.0,766.8277044868365
2025-02-20T21:50:00,2025-02-20T22:00:00,2025-02-20,131,737.5041146274865,719.294472411506,0.0,719.294472411506,-18.209642215980466,0.0,719.294472411506,0.7764,558.4602283802933,1.1646,0.0,3.8819999999999997,0.0,0.0,0.0,558.4602283802933,558.46元,0.0,719.294472411506
2025-02-20T22:00:00,2025-02-20T22:10:00,2025-02-20,132,1378.1201295787237,1376.4843183667556,0.0,1376.4843183667556,-1.6358112119680754,0.0,1376.4843183667556,0.4209,579.3622496005675,0.63135,0.0,2.1045,0.0,0.0,0.0,579.3622496005675,579.36元,2.839318376755606,1373.64499999
2025-02-20T22:10:00,2025-02-20T22:20:00,2025-02-20,133,1360.0695774689527,1358.4785801604753,0.0,1358.4785801604753,-1.5909973084774265,0.0,1358.4785801604753,0.3859,524.2368840839274,0.5788500000000001,0.0,1.9295,0.0,0.0,0.0,524.2368840839274,524.24元,0.0,1358.4785801604753
2025-02-20T22:20:00,2025-02-20T22:30:00,2025-02-20,134,549.6699554898025,549.6699554898025,0.0,549.6699554898025,0.0,0.0,549.6699554898025,0.4368,240.09583655794574,0.6552,0.0,2.184,0.0,0.0,0.0,240.09583655794574,240.10元,0.0,549.6699554898025
2025-02-20T22:30:00,2025-02-20T22:40:00,2025-02-20,135,1389.5072931473337,1388.0022741783741,0.0,1388.0022741783741,-1.5050189689595754,0.0,1388.0022741783741,0.4198,582.6833547000815,0.6297,0.0,2.099,0.0,0.0,0.0,582.6833547000815,582.68元,0.0,1388.0022741783741
2025-02-20T22:40:00,2025-02-20T22:50:00,2025-02-20,136,1408.7463976666054,1407.2826094792504,0.0,1407.2826094792504,-1.4637881873550214,0.0,1407.2826094792504,0.4186,589.0885003280142,0.6279,0.0,2.093,0.0,0.0,0.0,589.0885003280142,589.09元,29.059142822583674,1378.2234666566667
2025-02-20T22:50:00,2025-02-20T23:00:00,2025-02-20,137,1217.1894233117903,1217.1894233117903,0.0,1217.1894233117903,0.0,0.0,1217.1894233117903,0.4241,516.2100344265302,0.63615,0.0,2.1205,0.0,0.0,0.0,516.2100344265302,516.21元,0.0,1217.1894233117903
2025-02-20T23:00:00,2025-02-20T23:10:00,2025-02-20,138,1384.2926922497622,1382.9080079534601,0.0,1382.9080079534601,-1.3846842963021118,0.0,1382.9080079534601,0.4237,585.9381229698811,0.6355500000000001,0.0,2.1185,0.0,0.0,0.0,585.9381229698811,585.94元,0.0,1382.9080079534601
2025-02-20T23:10:00,2025-02-20T23:20:00,2025-02-20,139,548.3762011389111,548.3762011389111,0.0,548.3762011389111,0.0,0.0,548.3762011389111,0.4248,232.95021024380947,0.6372,0.0,2.124,0.0,0.0,0.0,232.95021024380947,232.95元,0.0,548.3762011389111
2025-02-20T23:20:00,2025-02-20T23:30:00,2025-02-20,140,1393.0648028624644,1391.7549476409308,0.0,1391.7549476409308,-1.309855221533553,0.0,1391.7549476409308,0.424,590.1040977997546,0.636,0.0,2.12,0.0,0.0,0.0,590.1040977997546,590.10元,0.0,1391.7549476409308
2025-02-20T23:30:00,2025-02-20T23:40:00,2025-02-20,141,1410.0596281536987,1408.7856571008608,0.0,1408.7856571008608,-1.273971052837851,0.0,1408.7856571008608,0.422,594.5075472965632,0.633,0.0,2.11,0.0,0.0,0.0,594.5075472965632,594.51元,23.38565711086084,1385.39999999
2025-02-20T23:40:00,2025-02-20T23:50:00,2025-02-20,142,1418.3587104312683,1417.1196404815616,0.0,1417.1196404815616,-1.239069949706618,0.0,1417.1196404815616,0.424,600.8587275641821,0.636,0.0,2.12,0.0,0.0,0.0,600.8587275641821,600.86元,34.36195715822827,1382.7576833233334
2025-02-20T23:50:00,2025-02-21T00:00:00,2025-02-20,143,512.8466016274605,512.8466016274605,0.0,512.8466016274605,0.0,0.0,512.8466016274605,0.4271,219.03678355508836,0.6406499999999999,0.0,2.1355,0.0,0.0,0.0,219.03678355508836,219.04元,0.0,512.8466016274605
2025-02-21T00:00:00,2025-02-21T00:10:00,2025-02-20,144,419.6825833333333,419.6825833333333,0.0,419.6825833333333,0.0,0.0,419.6825833333333,0.4276,179.4562726333333,0.6414,0.0,2.138,0.0,0.0,0.0,179.4562726333333,179.46元,0.0,419.6825833333333
2025-02-21T00:10:00,2025-02-21T00:20:00,2025-02-21,1,422.47364360938985,422.47364360938985,0.0,422.47364360938985,0.0,0.0,422.47364360938985,0.4248,179.46680380526882,0.6372,0.0,2.124,0.0,0.0,0.0,179.46680380526882,179.47元,0.0,422.47364360938985
2025-02-21T00:20:00,2025-02-21T00:30:00,2025-02-21,2,452.86877819771007,452.86877819771007,0.0,452.86877819771007,0.0,0.0,452.86877819771007,0.4245,192.2427963449279,0.6367499999999999,0.0,2.1225,0.0,0.0,0.0,192.2427963449279,192.24元,0.0,452.86877819771007
2025-02-21T00:30:00,2025-02-21T00:40:00,2025-02-21,3,412.0606233643329,412.0606233643329,0.0,412.0606233643329,0.0,0.0,412.0606233643329,0.4269,175.90868011423373,0.64035,0.0,2.1345,0.0,0.0,0.0,175.90868011423373,175.91元,0.0,412.0606233643329
2025-02-21T00:40:00,2025-02-21T00:50:00,2025-02-21,4,425.2182056696447,425.2182056696447,0.0,425.2182056696447,0.0,0.0,425.2182056696447,0.4272,181.65321746207223,0.6408,0.0,2.136,0.0,0.0,0.0,181.65321746207223,181.65元,0.0,425.2182056696447
2025-02-21T00:50:00,2025-02-21T01:00:00,2025-02-21,5,438.447300213526,438.447300213526,0.0,438.447300213526,0.0,0.0,438.447300213526,0.4271,187.26084192119694,0.6406499999999999,0.0,2.1355,0.0,0.0,0.0,187.26084192119694,187.26元,0.0,438.447300213526
2025-02-21T01:00:00,2025-02-21T01:10:00,2025-02-21,6,431.2212730054749,431.2212730054749,0.0,431.2212730054749,0.0,0.0,431.2212730054749,0.4285,184.778315482846,0.6427499999999999,0.0,2.1425,0.0,0.0,0.0,184.778315482846,184.78元,0.0,431.2212730054749
2025-02-21T01:10:00,2025-02-21T01:20:00,2025-02-21,7,420.5289665225138,420.5289665225138,0.0,420.5289665225138,0.0,0.0,420.5289665225138,0.4311,181.2900374678557,0.64665,0.0,2.1555,0.0,0.0,0.0,181.2900374678557,181.29元,0.0,420.5289665225138
2025-02-21T01:20:00,2025-02-21T01:30:00,2025-02-21,8,424.1951079338306,424.1951079338306,0.0,424.1951079338306,0.0,0.0,424.1951079338306,0.4302,182.48873543313394,0.6453,0.0,2.1510000000000002,0.0,0.0,0.0,182.48873543313394,182.49元,0.0,424.1951079338306
2025-02-21T01:30:00,2025-02-21T01:40:00,2025-02-21,9,436.7312023283975,436.7312023283975,0.0,436.7312023283975,0.0,0.0,436.7312023283975,0.4279,186.8772814763213,0.64185,0.0,2.1395,0.0,0.0,0.0,186.8772814763213,186.88元,0.0,436.7312023283975
2025-02-21T01:40:00,2025-02-21T01:50:00,2025-02-21,10,437.73854261215246,437.73854261215246,0.0,437.73854261215246,0.0,0.0,437.73854261215246,0.4312,188.75285957436014,0.6468,0.0,2.156,0.0,0.0,0.0,188.75285957436014,188.75元,0.0,437.73854261215246
2025-02-21T01:50:00,2025-02-21T02:00:00,2025-02-21,11,439.18767690799694,439.18767690799694,0.0,439.18767690799694,0.0,0.0,439.18767690799694,0.4333,190.30002040423508,0.64995,0.0,2.1665,0.0,0.0,0.0,190.30002040423508,190.30元,0.0,439.18767690799694
2025-02-21T02:00:00,2025-02-21T02:10:00,2025-02-21,12,451.15556095853447,451.15556095853447,0.0,451.15556095853447,0.0,0.0,451.15556095853447,0.4311,194.4931623292242,0.64665,0.0,2.1555,0.0,0.0,0.0,194.4931623292242,194.49元,0.0,451.15556095853447
2025-02-21T02:10:00,2025-02-21T02:20:00,2025-02-21,13,470.5401530314717,470.5401530314717,0.0,470.5401530314717,0.0,0.0,470.5401530314717,0.4293,202.0028876964108,0.64395,0.0,2.1465,0.0,0.0,0.0,202.0028876964108,202.00元,0.0,470.5401530314717
2025-02-21T02:20:00,2025-02-21T02:30:00,2025-02-21,14,483.19781632761334,483.19781632761334,0.0,483.19781632761334,0.0,0.0,483.19781632761334,0.4324,208.93473578006,0.6486000000000001,0.0,2.162,0.0,0.0,0.0,208.93473578006,208.93元,0.0,483.19781632761334
2025-02-21T02:30:00,2025-02-21T02:40:00,2025-02-21,15,488.6055363913761,488.6055363913761,0.0,488.6055363913761,0.0,0.0,488.6055363913761,0.4367,213.37403774211393,0.6550499999999999,0.0,2.1835,0.0,0.0,0.0,213.37403774211393,213.37元,0.0,488.6055363913761
2025-02-21T02:40:00,2025-02-21T02:50:00,2025-02-21,16,497.1539260237549,497.1539260237549,0.0,497.1539260237549,0.0,0.0,497.1539260237549,0.4348,216.16252703512862,0.6522,0.0,2.174,0.0,0.0,0.0,216.16252703512862,216.16元,0.0,497.1539260237549
2025-02-21T02:50:00,2025-02-21T03:00:00,2025-02-21,17,498.6918626976728,498.6918626976728,0.0,498.6918626976728,0.0,0.0,498.6918626976728,0.4335,216.18292247944115,0.65025,0.0,2.1675,0.0,0.0,0.0,216.18292247944115,216.18元,0.0,498.6918626976728
2025-02-21T03:00:00,2025-02-21T03:10:00,2025-02-21,18,497.7273309756499,497.7273309756499,0.0,497.7273309756499,0.0,0.0,497.7273309756499,0.4357,216.85979810609066,0.65355,0.0,2.1784999999999997,0.0,0.0,0.0,216.85979810609066,216.86元,0.0,497.7273309756499
2025-02-21T03:10:00,2025-02-21T03:20:00,2025-02-21,19,510.155283263063,510.155283263063,0.0,510.155283263063,0.0,0.0,510.155283263063,0.4374,223.14192089926377,0.6561,0.0,2.1870000000000003,0.0,0.0,0.0,223.14192089926377,223.14元,0.0,510.155283263063
2025-02-21T03:20:00,2025-02-21T03:30:00,2025-02-21,20,518.4441372302623,518.4441372302623,0.0,518.4441372302623,0.0,0.0,518.4441372302623,0.4371,226.61193238334764,0.65565,0.0,2.1854999999999998,0.0,0.0,0.0,226.61193238334764,226.61元,0.0,518.4441372302623
2025-02-21T03:30:00,2025-02-21T03:40:00,2025-02-21,21,517.3879740701578,517.3879740701578,0.0,517.3879740701578,0.0,0.0,517.3879740701578,0.4356,225.37420150496075,0.6534,0.0,2.178,0.0,0.0,0.0,225.37420150496075,225.37元,0.0,517.3879740701578
2025-02-21T03:40:00,2025-02-21T03:50:00,2025-02-21,22,515.6786417578796,515.6786417578796,0.0,515.6786417578796,0.0,0.0,515.6786417578796,0.4353,224.474912757205,0.65295,0.0,2.1765,0.0,0.0,0.0,224.474912757205,224.47元,0.0,515.6786417578796
2025-02-21T03:50:00,2025-02-21T04:00:00,2025-02-21,23,495.8749783124572,495.8749783124572,0.0,495.8749783124572,0.0,0.0,495.8749783124572,0.436,216.20149054423132,0.654,0.0,2.18,0.0,0.0,0.0,216.20149054423132,216.20元,0.0,495.8749783124572
2025-02-21T04:00:00,2025-02-21T04:10:00,2025-02-21,24,476.61496922712695,476.61496922712695,0.0,476.61496922712695,0.0,0.0,476.61496922712695,0.4378,208.6620335276362,0.6567000000000001,0.0,2.189,0.0,0.0,0.0,208.6620335276362,208.66元,0.0,476.61496922712695
2025-02-21T04:10:00,2025-02-21T04:20:00,2025-02-21,25,496.40122573488463,496.40122573488463,0.0,496.40122573488463,0.0,0.0,496.40122573488463,0.4401,218.46617944592273,0.66015,0.0,2.2005,0.0,0.0,0.0,218.46617944592273,218.47元,0.0,496.40122573488463
2025-02-21T04:20:00,2025-02-21T04:30:00,2025-02-21,26,504.76210057589225,504.76210057589225,0.0,504.76210057589225,0.0,0.0,504.76210057589225,0.4389,221.5400859427591,0.65835,0.0,2.1945,0.0,0.0,0.0,221.5400859427591,221.54元,0.0,504.76210057589225
2025-02-21T04:30:00,2025-02-21T04:40:00,2025-02-21,27,495.28869293335975,495.28869293335975,0.0,495.28869293335975,0.0,0.0,495.28869293335975,0.4364,216.1439855961182,0.6546000000000001,0.0,2.182,0.0,0.0,0.0,216.1439855961182,216.14元,0.0,495.28869293335975
2025-02-21T04:40:00,2025-02-21T04:50:00,2025-02-21,28,510.2458736387948,510.2458736387948,0.0,510.2458736387948,0.0,0.0,510.2458736387948,0.4393,224.15101228952258,0.65895,0.0,2.1965000000000003,0.0,0.0,0.0,224.15101228952258,224.15元,0.0,510.2458736387948
2025-02-21T04:50:00,2025-02-21T05:00:00,2025-02-21,29,520.7921787732835,520.7921787732835,0.0,520.7921787732835,0.0,0.0,520.7921787732835,0.4422,230.29430145354593,0.6633,0.0,2.211,0.0,0.0,0.0,230.29430145354593,230.29元,0.0,520.7921787732835
2025-02-21T05:00:00,2025-02-21T05:10:00,2025-02-21,30,509.2802114512954,509.2802114512954,0.0,509.2802114512954,0.0,0.0,509.2802114512954,0.4395,223.8286529328443,0.65925,0.0,2.1975,0.0,0.0,0.0,223.8286529328443,223.83元,0.0,509.2802114512954
2025-02-21T05:10:00,2025-02-21T05:20:00,2025-02-21,31,490.2179071655286,490.2179071655286,0.0,490.2179071655286,0.0,0.0,490.2179071655286,0.4333,212.41141917482355,0.64995,0.0,2.1665,0.0,0.0,0.0,212.41141917482355,212.41元,0.0,490.2179071655286
2025-02-21T05:20:00,2025-02-21T05:30:00,2025-02-21,32,487.31139717740785,487.31139717740785,0.0,487.31139717740785,0.0,0.0,487.31139717740785,0.4439,216.31752920705136,0.66585,0.0,2.2195,0.0,0.0,0.0,216.31752920705136,216.32元,0.0,487.31139717740785
2025-02-21T05:30:00,2025-02-21T05:40:00,2025-02-21,33,512.2751823120551,512.2751823120551,0.0,512.2751823120551,0.0,0.0,512.2751823120551,0.4301,220.3295559124149,0.64515,0.0,2.1505,0.0,0.0,0.0,220.3295559124149,220.33元,0.0,512.2751823120551
2025-02-21T05:40:00,2025-02-21T05:50:00,2025-02-21,34,1385.1449176328304,1385.1449176328304,0.0,1385.1449176328304,0.0,0.0,1385.1449176328304,0.3713,514.30430791707,0.5569500000000001,0.0,1.8565,0.0,0.0,0.0,514.30430791707,514.30元,0.0,1385.1449176328304
2025-02-21T05:50:00,2025-02-21T06:00:00,2025-02-21,35,0.0,0.0,0.0,0.0,0.0,0.0,0.0,0.5708,0.0,0.8562,0.0,2.854,0.0,0.0,0.0,0.0,0.00元,0.0,0.0
2025-02-21T06:00:00,2025-02-21T06:10:00,2025-02-21,36,0.0,0.0,0.0,0.0,0.0,0.0,0.0,0.9099,0.0,1.3648500000000001,0.0,4.5495,0.0,3.0062692861176856,1.3677022117192412,1.3677022117192412,1.37元,0.0,0.0
2025-02-21T06:10:00,2025-02-21T06:20:00,2025-02-21,37,0.0,0.0,0.0,0.0,0.0,0.0,0.0,0.9368,0.0,1.4052,0.0,4.684,0.0,0.0,0.0,0.0,0.00元,0.0,0.0
2025-02-21T06:20:00,2025-02-21T06:30:00,2025-02-21,38,0.0,0.0,0.0,0.0,0.0,0.0,0.0,0.8758,0.0,1.3137,0.0,4.3790000000000004,0.0,0.0,0.0,0.0,0.00元,0.0,0.0
2025-02-21T06:30:00,2025-02-21T06:40:00,2025-02-21,39,0.0,0.0,0.0,0.0,0.0,0.0,0.0,0.8759,0.0,1.31385,0.0,4.3795,0.0,0.0,0.0,0.0,0.00元,0.0,0.0
2025-02-21T06:40:00,2025-02-21T06:50:00,2025-02-21,40,0.0,0.0,0.0,0.0,0.0,0.0,0.0,0.8601,0.0,1.29015,0.0,4.3004999999999995,0.0,0.0,0.0,0.0,0.00元,0.0,0.0
2025-02-21T06:50:00,2025-02-21T07:00:00,2025-02-21,41,0.0,0.0,0.0,0.0,0.0,0.0,0.0,0.8442,0.0,1.2663,0.0,4.221,0.0,0.0,0.0,0.0,0.00元,0.0,0.0
2025-02-21T07:00:00,2025-02-21T07:10:00,2025-02-21,42,0.0,0.0,0.0,0.0,0.0,0.0,0.0,0.8334,0.0,1.2501,0.0,4.167,0.0,0.0,0.0,0.0,0.00元,0.0,0.0
2025-02-21T07:10:00,2025-02-21T07:20:00,2025-02-21,43,0.0,0.0,0.0,0.0,0.0,0.0,0.0,0.8092,0.0,1.2138,0.0,4.046,0.0,0.0,0.0,0.0,0.00元,0.0,0.0
2025-02-21T07:20:00,2025-02-21T07:30:00,2025-02-21,44,0.0,0.0,0.0,0.0,0.0,0.0,0.0,0.7972,0.0,1.1958,0.0,3.986,0.0,0.0,0.0,0.0,0.00元,0.0,0.0
2025-02-21T07:30:00,2025-02-21T07:40:00,2025-02-21,45,0.0,0.0,0.0,0.0,0.0,0.0,0.0,0.7644,0.0,1.1465999999999998,0.0,3.822,0.0,0.0,0.0,0.0,0.00元,0.0,0.0
2025-02-21T07:40:00,2025-02-21T07:50:00,2025-02-21,46,0.0,0.0,0.0,0.0,0.0,0.0,0.0,0.6899,0.0,1.03485,0.0,3.4494999999999996,0.0,0.0,0.0,0.0,0.00元,0.0,0.0
2025-02-21T07:50:00,2025-02-21T08:00:00,2025-02-21,47,0.0,0.0,0.0,0.0,0.0,0.0,0.0,0.86,0.0,1.29,0.0,4.3,0.0,0.0,0.0,0.0,0.00元,0.0,0.0
2025-02-21T08:00:00,2025-02-21T08:10:00,2025-02-21,48,0.0,0.0,0.0,0.0,0.0,0.0,0.0,1.1617,0.0,1.74255,0.0,5.8084999999999996,0.0,0.0,0.0,0.0,0.00元,0.0,0.0
2025-02-21T08:10:00,2025-02-21T08:20:00,2025-02-21,49,0.0,0.0,0.0,0.0,0.0,0.0,0.0,1.1683,0.0,1.7524499999999998,0.0,5.8415,0.0,0.0,0.0,0.0,0.00元,0.0,0.0
2025-02-21T08:20:00,2025-02-21T08:30:00,2025-02-21,50,0.0,0.0,0.0,0.0,0.0,0.0,0.0,1.0956,0.0,1.6433999999999997,0.0,5.478,0.0,0.0,0.0,0.0,0.00元,0.0,0.0
2025-02-21T08:30:00,2025-02-21T08:40:00,2025-02-21,51,0.0,0.0,0.0,0.0,0.0,0.0,0.0,1.0849,0.0,1.6273499999999999,0.0,5.4245,0.0,0.0,0.0,0.0,0.00元,0.0,0.0
2025-02-21T08:40:00,2025-02-21T08:50:00,2025-02-21,52,0.0,0.0,0.0,0.0,0.0,0.0,0.0,1.061,0.0,1.5915,0.0,5.305,0.0,0.0,0.0,0.0,0.00元,0.0,0.0
2025-02-21T08:50:00,2025-02-21T09:00:00,2025-02-21,53,0.0,0.0,0.0,0.0,0.0,0.0,0.0,1.043,0.0,1.5644999999999998,0.0,5.215,0.0,0.0,0.0,0.0,0.00元,0.0,0.0
2025-02-21T09:00:00,2025-02-21T09:10:00,2025-02-21,54,0.0,0.0,0.0,0.0,0.0,0.0,0.0,1.036,0.0,1.554,0.0,5.18,0.0,0.0,0.0,0.0,0.00元,0.0,0.0
2025-02-21T09:10:00,2025-02-21T09:20:00,2025-02-21,55,0.0,0.0,0.0,0.0,0.0,0.0,0.0,1.0147,0.0,1.52205,0.0,5.073499999999999,0.0,0.0,0.0,0.0,0.00元,0.0,0.0
2025-02-21T09:20:00,2025-02-21T09:30:00,2025-02-21,56,0.0,0.0,0.0,0.0,0.0,0.0,0.0,0.9922,0.0,1.4883,0.0,4.961,0.0,0.0,0.0,0.0,0.00元,0.0,0.0
2025-02-21T09:30:00,2025-02-21T09:40:00,2025-02-21,57,0.0,0.0,0.0,0.0,0.0,0.0,0.0,0.97,0.0,1.455,0.0,4.85,0.0,0.0,0.0,0.0,0.00元,0.0,0.0
2025-02-21T09:40:00,2025-02-21T09:50:00,2025-02-21,58,0.0,0.0,0.0,0.0,0.0,0.0,0.0,0.9422,0.0,1.4133,0.0,4.711,0.0,0.0,0.0,0.0,0.00元,0.0,0.0
2025-02-21T09:50:00,2025-02-21T10:00:00,2025-02-21,59,0.0,0.0,0.0,0.0,0.0,0.0,0.0,0.9569,0.0,1.43535,0.0,4.7844999999999995,0.0,0.0,0.0,0.0,0.00元,0.0,0.0
2025-02-21T10:00:00,2025-02-21T10:10:00,2025-02-21,60,0.0,0.0,0.0,0.0,0.0,0.0,0.0,0.9977,0.0,1.49655,0.0,4.9885,0.0,0.0,0.0,0.0,0.00元,0.0,0.0
2025-02-21T10:10:00,2025-02-21T10:20:00,2025-02-21,61,0.0,0.0,0.0,0.0,0.0,0.0,0.0,0.9919,0.0,1.48785,0.0,4.9595,0.0,0.0,0.0,0.0,0.00元,0.0,0.0
2025-02-21T10:20:00,2025-02-21T10:30:00,2025-02-21,62,0.0,0.0,0.0,0.0,0.0,0.0,0.0,0.9588,0.0,1.4382,0.0,4.794,0.0,0.0,0.0,0.0,0.00元,0.0,0.0
2025-02-21T10:30:00,2025-02-21T10:40:00,2025-02-21,63,0.0,0.0,0.0,0.0,0.0,0.0,0.0,0.9549,0.0,1.43235,0.0,4.7745,0.0,0.0,0.0,0.0,0.00元,0.0,0.0
2025-02-21T10:40:00,2025-02-21T10:50:00,2025-02-21,64,0.0,0.0,0.0,0.0,0.0,0.0,0.0,0.9839,0.0,1.4758499999999999,0.0,4.9195,0.0,0.0,0.0,0.0,0.00元,0.0,0.0
2025-02-21T10:50:00,2025-02-21T11:00:00,2025-02-21,65,0.0,0.0,0.0,0.0,0.0,0.0,0.0,0.799,0.0,1.1985000000000001,0.0,3.995,0.0,0.0,0.0,0.0,0.00元,0.0,0.0
2025-02-21T11:00:00,2025-02-21T11:10:00,2025-02-21,66,0.0,0.0,0.0,0.0,0.0,0.0,0.0,0.5025,0.0,0.7537499999999999,0.0,2.5124999999999997,0.0,0.0,0.0,0.0,0.00元,0.0,0.0
2025-02-21T11:10:00,2025-02-21T11:20:00,2025-02-21,67,0.0,0.0,0.0,0.0,0.0,0.0,0.0,0.4662,0.0,0.6993,0.0,2.331,0.0,0.0,0.0,0.0,0.00元,0.0,0.0
2025-02-21T11:20:00,2025-02-21T11:30:00,2025-02-21,68,0.0,0.0,0.0,0.0,0.0,0.0,0.0,0.5007,0.0,0.75105,0.0,2.5035000000000003,0.0,0.0,0.0,0.0,0.00元,0.0,0.0
2025-02-21T11:30:00,2025-02-21T11:40:00,2025-02-21,69,0.0,0.0,0.0,0.0,0.0,0.0,0.0,0.4827,0.0,0.7240500000000001,0.0,2.4135,0.0,0.0,0.0,0.0,0.00元,0.0,0.0
2025-02-21T11:40:00,2025-02-21T11:50:00,2025-02-21,70,0.0,0.0,0.0,0.0,0.0,0.0,0.0,0.4785,0.0,0.71775,0.0,2.3925,0.0,0.0,0.0,0.0,0.00元,0.0,0.0
2025-02-21T11:50:00,2025-02-21T12:00:00,2025-02-21,71,0.0,0.0,0.0,0.0,0.0,0.0,0.0,0.4662,0.0,0.6993,0.0,2.331,0.0,0.0,0.0,0.0,0.00元,0.0,0.0
2025-02-21T12:00:00,2025-02-21T12:10:00,2025-02-21,72,0.0,0.0,0.0,0.0,0.0,0.0,0.0,0.4432,0.0,0.6648,0.0,2.2159999999999997,0.0,30.773151363491593,6.819330342149737,6.819330342149737,6.82元,0.0,0.0
2025-02-21T12:10:00,2025-02-21T12:20:00,2025-02-21,73,0.0,0.0,0.0,0.0,0.0,0.0,0.0,0.4411,0.0,0.66165,0.0,2.2055,0.0,0.0,0.0,0.0,0.00元,0.0,0.0
2025-02-21T12:20:00,2025-02-21T12:30:00,2025-02-21,74,0.0,0.0,0.0,0.0,0.0,0.0,0.0,0.4551,0.0,0.68265,0.0,2.2755,0.0,0.0,0.0,0.0,0.00元,0.0,0.0
2025-02-21T12:30:00,2025-02-21T12:40:00,2025-02-21,75,0.0,0.0,0.0,0.0,0.0,0.0,0.0,0.4463,0.0,0.66945,0.0,2.2315,0.0,0.0,0.0,0.0,0.00元,0.0,0.0
2025-02-21T12:40:00,2025-02-21T12:50:00,2025-02-21,76,0.0,0.0,0.0,0.0,0.0,0.0,0.0,0.4113,0.0,0.61695,0.0,2.0564999999999998,0.0,0.0,0.0,0.0,0.00元,0.0,0.0
2025-02-21T12:50:00,2025-02-21T13:00:00,2025-02-21,77,0.0,0.0,0.0,0.0,0.0,0.0,0.0,0.5682,0.0,0.8523000000000001,0.0,2.841,0.0,0.0,0.0,0.0,0.00元,0.0,0.0
2025-02-21T13:00:00,2025-02-21T13:10:00,2025-02-21,78,0.0,0.0,0.0,0.0,0.0,0.0,0.0,0.8279,0.0,1.24185,0.0,4.1395,0.0,0.0,0.0,0.0,0.00元,0.0,0.0
2025-02-21T13:10:00,2025-02-21T13:20:00,2025-02-21,79,0.0,0.0,0.0,0.0,0.0,0.0,0.0,0.8636,0.0,1.2954,0.0,4.3180000000000005,0.0,0.0,0.0,0.0,0.00元,0.0,0.0
2025-02-21T13:20:00,2025-02-21T13:30:00,2025-02-21,80,0.0,0.0,0.0,0.0,0.0,0.0,0.0,0.8416,0.0,1.2624,0.0,4.208,0.0,0.0,0.0,0.0,0.00元,0.0,0.0
2025-02-21T13:30:00,2025-02-21T13:40:00,2025-02-21,81,0.0,0.0,0.0,0.0,0.0,0.0,0.0,0.8618,0.0,1.2927,0.0,4.309,0.0,0.0,0.0,0.0,0.00元,0.0,0.0
2025-02-21T13:40:00,2025-02-21T13:50:00,2025-02-21,82,0.0,0.0,0.0,0.0,0.0,0.0,0.0,0.8623,0.0,1.29345,0.0,4.3115,0.0,0.0,0.0,0.0,0.00元,0.0,0.0
2025-02-21T13:50:00,2025-02-21T14:00:00,2025-02-21,83,0.0,0.0,0.0,0.0,0.0,0.0,0.0,0.9026,0.0,1.3538999999999999,0.0,4.513,0.0,0.0,0.0,0.0,0.00元,0.0,0.0
2025-02-21T14:00:00,2025-02-21T14:10:00,2025-02-21,84,0.0,0.0,0.0,0.0,0.0,0.0,0.0,0.9754,0.0,1.4631,0.0,4.877000000000001,0.0,0.0,0.0,0.0,0.00元,0.0,0.0
2025-02-21T14:10:00,2025-02-21T14:20:00,2025-02-21,85,0.0,0.0,0.0,0.0,0.0,0.0,0.0,1.0002,0.0,1.5003,0.0,5.0009999999999994,0.0,0.0,0.0,0.0,0.00元,0.0,0.0
2025-02-21T14:20:00,2025-02-21T14:30:00,2025-02-21,86,0.0,0.0,0.0,0.0,0.0,0.0,0.0,0.9978,0.0,1.4967000000000001,0.0,4.989,0.0,0.0,0.0,0.0,0.00元,0.0,0.0
2025-02-21T14:30:00,2025-02-21T14:40:00,2025-02-21,87,0.0,0.0,0.0,0.0,0.0,0.0,0.0,1.0271,0.0,1.5406499999999999,0.0,5.1354999999999995,0.0,0.0,0.0,0.0,0.00元,0.0,0.0
2025-02-21T14:40:00,2025-02-21T14:50:00,2025-02-21,88,0.0,0.0,0.0,0.0,0.0,0.0,0.0,1.0906,0.0,1.6359,0.0,5.453,0.0,0.0,0.0,0.0,0.00元,0.0,0.0
2025-02-21T14:50:00,2025-02-21T15:00:00,2025-02-21,89,0.0,0.0,0.0,0.0,0.0,0.0,0.0,0.9376,0.0,1.4064,0.0,4.688,0.0,0.0,0.0,0.0,0.00元,0.0,0.0
2025-02-21T15:00:00,2025-02-21T15:10:00,2025-02-21,90,0.0,0.0,0.0,0.0,0.0,0.0,0.0,0.6694,0.0,1.0041,0.0,3.347,0.0,0.0,0.0,0.0,0.00元,0.0,0.0
2025-02-21T15:10:00,2025-02-21T15:20:00,2025-02-21,91,0.0,0.0,0.0,0.0,0.0,0.0,0.0,0.66,0.0,0.99,0.0,3.3000000000000003,0.0,0.0,0.0,0.0,0.00元,0.0,0.0
2025-02-21T15:20:00,2025-02-21T15:30:00,2025-02-21,92,0.0,0.0,0.0,0.0,0.0,0.0,0.0,0.7217,0.0,1.08255,0.0,3.6085000000000003,0.0,0.0,0.0,0.0,0.00元,0.0,0.0
2025-02-21T15:30:00,2025-02-21T15:40:00,2025-02-21,93,0.0,0.0,6.772744173706997,6.772744173706997,6.772744173706997,0.0,6.772744173706997,0.7308,0.0,1.0962,7.42428216321761,3.654,0.0,0.0,0.0,7.42428216321761,7.42元,0.0,6.772744173706997
2025-02-21T15:40:00,2025-02-21T15:50:00,2025-02-21,94,11.978993618988625,11.978993618988625,16.626656710516727,28.60565032950535,16.626656710516727,0.0,28.60565032950535,0.7534,9.02497379254603,1.1300999999999999,18.78978474855495,3.767,0.0,0.0,0.0,27.814758541100982,27.81元,0.0,28.60565032950535
2025-02-21T15:50:00,2025-02-21T16:00:00,2025-02-21,95,35.87730441519727,35.87730441519727,13.60746052062882,49.48476493582609,13.60746052062882,0.0,49.48476493582609,0.7823,28.066815244008826,1.1734499999999999,15.967674547931889,3.9115,0.0,0.0,0.0,44.034489791940715,44.03元,0.0,49.48476493582609
2025-02-21T16:00:00,2025-02-21T16:10:00,2025-02-21,96,302.3371061209909,302.3371061209909,1.8704469149532201,304.2075530359441,1.8704469149532201,0.0,304.2075530359441,0.8055,243.53253898045816,1.20825,2.259967484992228,4.0275,0.0,0.0,0.0,245.79250646545034,245.79元,0.0,304.2075530359441
2025-02-21T16:10:00,2025-02-21T16:20:00,2025-02-21,97,338.23561396085347,338.23561396085347,3.193358436813128,341.4289723976666,3.193358436813128,0.0,341.4289723976666,0.8271,279.7546763070219,1.24065,3.9618401446322067,4.1354999999999995,0.0,0.0,0.0,283.7165164516541,283.72元,0.0,341.4289723976666
2025-02-21T16:20:00,2025-02-21T16:30:00,2025-02-21,98,357.4355728331434,357.4355728331434,4.550617199080932,361.98619003222433,4.550617199080932,0.0,361.98619003222433,0.8519,304.49936449655485,1.27785,5.815006187845569,4.2595,0.0,0.0,0.0,310.3143706844004,310.31元,0.0,361.98619003222433
2025-02-21T16:30:00,2025-02-21T16:40:00,2025-02-21,99,367.1582147033579,367.1582147033579,5.928302009958827,373.0865167133167,5.928302009958827,0.0,373.0865167133167,0.8791,322.7687865457219,1.3186499999999999,7.817355445432208,4.3955,0.0,0.0,0.0,330.58614199115414,330.59元,0.0,373.0865167133167
2025-02-21T16:40:00,2025-02-21T16:50:00,2025-02-21,100,391.2133261564449,391.2133261564449,6.11363496106236,397.32696111750727,6.11363496106236,0.0,397.32696111750727,0.9024,353.0309055235759,1.3536,8.27541628329401,4.512,0.0,0.0,0.0,361.3063218068699,361.31元,0.0,397.32696111750727
2025-02-21T16:50:00,2025-02-21T17:00:00,2025-02-21,101,357.2739941158688,357.2739941158688,4.245749575731622,361.5197436916004,4.245749575731622,0.0,361.5197436916004,0.9163,327.3701608083706,1.37445,5.835570504364329,4.5815,0.0,0.0,0.0,333.20573131273494,333.21元,0.0,361.5197436916004
2025-02-21T17:00:00,2025-02-21T17:10:00,2025-02-21,102,403.6272263293405,403.6272263293405,0.0,403.6272263293405,0.0,0.0,403.6272263293405,0.9264,373.920262471501,1.3896,0.0,4.632,0.0,0.0,0.0,373.920262471501,373.92元,0.0,403.6272263293405
2025-02-21T17:10:00,2025-02-21T17:20:00,2025-02-21,103,434.66092271097654,434.66092271097654,0.0,434.66092271097654,0.0,0.0,434.66092271097654,0.9462,411.276165069126,1.4193,0.0,4.731,0.0,0.0,0.0,411.276165069126,411.28元,0.0,434.66092271097654
2025-02-21T17:20:00,2025-02-21T17:30:00,2025-02-21,104,461.1132997030501,461.1132997030501,0.0,461.1132997030501,0.0,0.0,461.1132997030501,0.9742,449.21657657071137,1.4613,0.0,4.8709999999999996,0.0,0.0,0.0,449.21657657071137,449.22元,24.45693302738271,436.65636667566736
2025-02-21T17:30:00,2025-02-21T17:40:00,2025-02-21,105,445.08701721038375,445.08701721038375,0.0,445.08701721038375,0.0,0.0,445.08701721038375,0.9862,438.94481637288044,1.4792999999999998,0.0,4.931,0.0,0.0,0.0,438.94481637288044,438.94元,17.755350534716456,427.3316666756673
2025-02-21T17:40:00,2025-02-21T17:50:00,2025-02-21,106,442.2265047276591,442.2265047276591,0.0,442.2265047276591,0.0,0.0,442.2265047276591,0.976,431.6130686141953,1.464,0.0,4.88,0.0,0.0,0.0,431.6130686141953,431.61元,0.0,442.2265047276591
2025-02-21T17:50:00,2025-02-21T18:00:00,2025-02-21,107,160.739997257992,160.739997257992,0.0,160.739997257992,0.0,0.0,160.739997257992,1.0742,172.66690505453502,1.6113,0.0,5.371,0.0,0.0,0.0,172.66690505453502,172.67元,0.0,160.739997257992
2025-02-21T18:00:00,2025-02-21T18:10:00,2025-02-21,108,0.0,0.0,0.0,0.0,0.0,0.0,0.0,1.2313,0.0,1.84695,0.0,6.1565,0.0,13.21519606089089,8.135935454887477,8.135935454887477,8.14元,0.0,0.0
2025-02-21T18:10:00,2025-02-21T18:20:00,2025-02-21,109,0.0,0.0,0.0,0.0,0.0,0.0,0.0,1.2561,0.0,1.88415,0.0,6.2805,0.0,0.0,0.0,0.0,0.00元,0.0,0.0
2025-02-21T18:20:00,2025-02-21T18:30:00,2025-02-21,110,0.0,0.0,0.0,0.0,0.0,0.0,0.0,1.2447,0.0,1.8670499999999999,0.0,6.2235,0.0,0.0,0.0,0.0,0.00元,0.0,0.0
2025-02-21T18:30:00,2025-02-21T18:40:00,2025-02-21,111,0.0,0.0,0.0,0.0,0.0,0.0,0.0,1.2545,0.0,1.8817499999999998,0.0,6.2725,0.0,0.0,0.0,0.0,0.00元,0.0,0.0
2025-02-21T18:40:00,2025-02-21T18:50:00,2025-02-21,112,0.0,0.0,0.0,0.0,0.0,0.0,0.0,1.2522,0.0,1.8782999999999999,0.0,6.261,0.0,0.0,0.0,0.0,0.00元,0.0,0.0
2025-02-21T18:50:00,2025-02-21T19:00:00,2025-02-21,113,0.0,0.0,0.0,0.0,0.0,0.0,0.0,1.2881,0.0,1.93215,0.0,6.4405,0.0,0.0,0.0,0.0,0.00元,0.0,0.0
2025-02-21T19:00:00,2025-02-21T19:10:00,2025-02-21,114,0.0,0.0,0.0,0.0,0.0,0.0,0.0,1.3466,0.0,2.0199,0.0,6.7330000000000005,0.0,0.0,0.0,0.0,0.00元,0.0,0.0
2025-02-21T19:10:00,2025-02-21T19:20:00,2025-02-21,115,0.0,0.0,0.0,0.0,0.0,0.0,0.0,1.3523,0.0,2.0284500000000003,0.0,6.7615,0.0,0.0,0.0,0.0,0.00元,0.0,0.0
2025-02-21T19:20:00,2025-02-21T19:30:00,2025-02-21,116,0.0,0.0,0.0,0.0,0.0,0.0,0.0,1.3445,0.0,2.01675,0.0,6.7225,0.0,0.0,0.0,0.0,0.00元,0.0,0.0
2025-02-21T19:30:00,2025-02-21T19:40:00,2025-02-21,117,0.0,0.0,0.0,0.0,0.0,0.0,0.0,1.3483,0.0,2.02245,0.0,6.7415,0.0,0.0,0.0,0.0,0.00元,0.0,0.0
2025-02-21T19:40:00,2025-02-21T19:50:00,2025-02-21,118,0.0,0.0,0.0,0.0,0.0,0.0,0.0,1.349,0.0,2.0235,0.0,6.745,0.0,0.0,0.0,0.0,0.00元,0.0,0.0
2025-02-21T19:50:00,2025-02-21T20:00:00,2025-02-21,119,0.0,0.0,0.0,0.0,0.0,0.0,0.0,1.3473,0.0,2.02095,0.0,6.7364999999999995,0.0,0.0,0.0,0.0,0.00元,0.0,0.0
2025-02-21T20:00:00,2025-02-21T20:10:00,2025-02-21,120,0.0,0.0,0.0,0.0,0.0,0.0,0.0,1.3482,0.0,2.0223,0.0,6.7410000000000005,0.0,0.0,0.0,0.0,0.00元,0.0,0.0
2025-02-21T20:10:00,2025-02-21T20:20:00,2025-02-21,121,0.0,0.0,0.0,0.0,0.0,0.0,0.0,1.3513,0.0,2.02695,0.0,6.7565,0.0,0.0,0.0,0.0,0.00元,0.0,0.0
2025-02-21T20:20:00,2025-02-21T20:30:00,2025-02-21,122,0.0,0.0,0.0,0.0,0.0,0.0,0.0,1.34,0.0,2.0100000000000002,0.0,6.7,0.0,0.0,0.0,0.0,0.00元,0.0,0.0
2025-02-21T20:30:00,2025-02-21T20:40:00,2025-02-21,123,0.0,0.0,0.0,0.0,0.0,0.0,0.0,1.3489,0.0,2.0233499999999998,0.0,6.7445,0.0,0.0,0.0,0.0,0.00元,0.0,0.0
2025-02-21T20:40:00,2025-02-21T20:50:00,2025-02-21,124,0.0,0.0,0.0,0.0,0.0,0.0,0.0,1.3952,0.0,2.0928,0.0,6.976,0.0,0.0,0.0,0.0,0.00元,0.0,0.0
2025-02-21T20:50:00,2025-02-21T21:00:00,2025-02-21,125,0.0,0.0,224.76450565097122,224.76450565097122,224.76450565097122,0.0,224.76450565097122,1.2226,0.0,1.8338999999999999,412.1956269133161,6.1129999999999995,0.0,0.0,0.0,412.1956269133161,412.20元,0.0,224.76450565097122
2025-02-21T21:00:00,2025-02-21T21:10:00,2025-02-21,126,454.30151946791733,454.30151946791733,7.674728729039259,461.9762481969566,7.674728729039259,0.0,461.9762481969566,0.9332,423.95417796746045,1.3998,10.743085274909156,4.666,0.0,0.0,0.0,434.6972632423697,434.70元,0.0,461.9762481969566
2025-02-21T21:10:00,2025-02-21T21:20:00,2025-02-21,127,457.41888183621035,457.41888183621035,7.534268034293348,464.9531498705037,7.534268034293348,0.0,464.9531498705037,0.9068,414.78744204907554,1.3602,10.248111380245811,4.534000000000001,0.0,0.0,0.0,425.03555342932134,425.04元,0.0,464.9531498705037
2025-02-21T21:20:00,2025-02-21T21:30:00,2025-02-21,128,473.721378546423,473.721378546423,7.259982312525494,480.9813608589485,7.259982312525494,0.0,480.9813608589485,0.9371,443.92430383585304,1.40565,10.204994137601462,4.6855,0.0,0.0,0.0,454.12929797345447,454.13元,0.0,480.9813608589485
2025-02-21T21:30:00,2025-02-21T21:40:00,2025-02-21,129,489.7789515118638,489.7789515118638,7.061091300947794,496.8400428128116,7.061091300947794,0.0,496.8400428128116,0.9371,458.9718554617676,1.40565,9.925422987177267,4.6855,0.0,0.0,0.0,468.8972784489448,468.90元,0.0,496.8400428128116
2025-02-21T21:40:00,2025-02-21T21:50:00,2025-02-21,130,454.74834016080416,454.74834016080416,38.87330412788634,493.6216442886905,38.87330412788634,0.0,493.6216442886905,0.9871,448.8820865727298,1.48065,57.55775775695491,4.9355,0.0,0.0,0.0,506.43984432968466,506.44元,0.0,493.6216442886905
2025-02-21T21:50:00,2025-02-21T22:00:00,2025-02-21,131,447.85304136827494,447.85304136827494,0.0,447.85304136827494,0.0,0.0,447.85304136827494,0.7764,347.71310131832865,1.1646,0.0,3.8819999999999997,0.0,0.0,0.0,347.71310131832865,347.71元,0.0,447.85304136827494
2025-02-21T22:00:00,2025-02-21T22:10:00,2025-02-21,132,1197.17561150464,1196.51908223123,0.0,1196.51908223123,-0.6565292734101149,0.0,1196.51908223123,0.4209,503.61488171112467,0.63135,0.0,2.1045,0.0,0.0,0.0,503.61488171112467,503.61元,0.0,1196.51908223123
2025-02-21T22:10:00,2025-02-21T22:20:00,2025-02-21,133,1202.2140078422283,1201.5754645315517,0.0,1201.5754645315517,-0.6385433106765959,0.0,1201.5754645315517,0.3859,463.6879717627258,0.5788500000000001,0.0,1.9295,0.0,0.0,0.0,463.6879717627258,463.69元,0.0,1201.5754645315517
2025-02-21T22:20:00,2025-02-21T22:30:00,2025-02-21,134,382.2535502183304,382.2535502183304,0.0,382.2535502183304,0.0,0.0,382.2535502183304,0.4368,166.96835073536673,0.6552,0.0,2.184,0.0,0.0,0.0,166.96835073536673,166.97元,0.0,382.2535502183304
2025-02-21T22:30:00,2025-02-21T22:40:00,2025-02-21,135,1212.5262979426493,1211.9222618516076,0.0,1211.9222618516076,-0.6040360910417348,0.0,1211.9222618516076,0.4198,508.7649655253049,0.6297,0.0,2.099,0.0,0.0,0.0,508.7649655253049,508.76元,0.0,1211.9222618516076
2025-02-21T22:40:00,2025-02-21T22:50:00,2025-02-21,136,1228.0942937684497,1227.5068055619627,0.0,1227.5068055619627,-0.5874882064870235,0.0,1227.5068055619627,0.4186,513.8343488082376,0.6279,0.0,2.093,0.0,0.0,0.0,513.8343488082376,513.83元,0.0,1227.5068055619627
2025-02-21T22:50:00,2025-02-21T23:00:00,2025-02-21,137,638.2737826946355,638.2737826946355,0.0,638.2737826946355,0.0,0.0,638.2737826946355,0.4241,270.6919112407949,0.63615,0.0,2.1205,0.0,0.0,0.0,270.6919112407949,270.69元,0.0,638.2737826946355
2025-02-21T23:00:00,2025-02-21T23:10:00,2025-02-21,138,1223.492902104,1222.9371620722027,0.0,1222.9371620722027,-0.5557400317973133,0.0,1222.9371620722027,0.4237,518.1584755699923,0.6355500000000001,0.0,2.1185,0.0,0.0,0.0,518.1584755699923,518.16元,0.0,1222.9371620722027
2025-02-21T23:10:00,2025-02-21T23:20:00,2025-02-21,139,399.4808789779941,399.4808789779941,0.0,399.4808789779941,0.0,0.0,399.4808789779941,0.4248,169.6994773898519,0.6372,0.0,2.124,0.0,0.0,0.0,169.6994773898519,169.70元,0.0,399.4808789779941
2025-02-21T23:20:00,2025-02-21T23:30:00,2025-02-21,140,1241.5126743429898,1240.9869667976604,0.0,1240.9869667976604,-0.5257075453293965,0.0,1240.9869667976604,0.424,526.178473922208,0.636,0.0,2.12,0.0,0.0,0.0,526.178473922208,526.18元,1.8994168076604785,1239.08754999
2025-02-21T23:30:00,2025-02-21T23:40:00,2025-02-21,141,1242.326407293057,1241.8151017808157,0.0,1241.8151017808157,-0.5113055122412788,0.0,1241.8151017808157,0.422,524.0459729515042,0.633,0.0,2.11,0.0,0.0,0.0,524.0459729515042,524.05元,28.60510179081563,1213.2099999900001
2025-02-21T23:40:00,2025-02-21T23:50:00,2025-02-21,142,1247.8047628489057,1247.3074648185257,0.0,1247.3074648185257,-0.4972980303800796,0.0,1247.3074648185257,0.424,528.8583650830549,0.636,0.0,2.12,0.0,0.0,0.0,528.8583650830549,528.86元,6.57636482852569,1240.73109999
2025-02-21T23:50:00,2025-02-22T00:00:00,2025-02-21,143,418.88270612199744,418.88270612199744,0.0,418.88270612199744,0.0,0.0,418.88270612199744,0.4271,178.9048037847051,0.6406499999999999,0.0,2.1355,0.0,0.0,0.0,178.9048037847051,178.90元,0.0,418.88270612199744
2025-02-22T00:00:00,2025-02-22T00:10:00,2025-02-21,144,432.1097166666666,432.1097166666666,0.0,432.1097166666666,0.0,0.0,432.1097166666666,0.4276,184.77011484666662,0.6414,0.0,2.138,0.0,0.0,0.0,184.77011484666662,184.77元,0.0,432.1097166666666
2025-02-22T00:10:00,2025-02-22T00:20:00,2025-02-22,1,425.9800887342673,425.9800887342673,0.0,425.9800887342673,0.0,0.0,425.9800887342673,0.4248,180.95634169431676,0.6372,0.0,2.124,0.0,0.0,0.0,180.95634169431676,180.96元,0.0,425.9800887342673
2025-02-22T00:20:00,2025-02-22T00:30:00,2025-02-22,2,417.4266336652563,417.4266336652563,0.0,417.4266336652563,0.0,0.0,417.4266336652563,0.4245,177.1976059909013,0.6367499999999999,0.0,2.1225,0.0,0.0,0.0,177.1976059909013,177.20元,0.0,417.4266336652563
2025-02-22T00:30:00,2025-02-22T00:40:00,2025-02-22,3,419.8373579756682,419.8373579756682,0.0,419.8373579756682,0.0,0.0,419.8373579756682,0.4269,179.22856811981276,0.64035,0.0,2.1345,0.0,0.0,0.0,179.22856811981276,179.23元,0.0,419.8373579756682
2025-02-22T00:40:00,2025-02-22T00:50:00,2025-02-22,4,445.45141061664646,445.45141061664646,0.0,445.45141061664646,0.0,0.0,445.45141061664646,0.4272,190.2968426154314,0.6408,0.0,2.136,0.0,0.0,0.0,190.2968426154314,190.30元,0.0,445.45141061664646
2025-02-22T00:50:00,2025-02-22T01:00:00,2025-02-22,5,458.54645774792607,458.54645774792607,0.0,458.54645774792607,0.0,0.0,458.54645774792607,0.4271,195.84519210413922,0.6406499999999999,0.0,2.1355,0.0,0.0,0.0,195.84519210413922,195.85元,0.0,458.54645774792607
2025-02-22T01:00:00,2025-02-22T01:10:00,2025-02-22,6,452.89084251752,452.89084251752,0.0,452.89084251752,0.0,0.0,452.89084251752,0.4285,194.06372601875734,0.6427499999999999,0.0,2.1425,0.0,0.0,0.0,194.06372601875734,194.06元,0.0,452.89084251752
2025-02-22T01:10:00,2025-02-22T01:20:00,2025-02-22,7,454.03331734744296,454.03331734744296,0.0,454.03331734744296,0.0,0.0,454.03331734744296,0.4311,195.73376310848266,0.64665,0.0,2.1555,0.0,0.0,0.0,195.73376310848266,195.73元,0.0,454.03331734744296
2025-02-22T01:20:00,2025-02-22T01:30:00,2025-02-22,8,449.37005372530336,449.37005372530336,0.0,449.37005372530336,0.0,0.0,449.37005372530336,0.4302,193.3189971126255,0.6453,0.0,2.1510000000000002,0.0,0.0,0.0,193.3189971126255,193.32元,0.0,449.37005372530336
2025-02-22T01:30:00,2025-02-22T01:40:00,2025-02-22,9,442.3905836682734,442.3905836682734,0.0,442.3905836682734,0.0,0.0,442.3905836682734,0.4279,189.29893075165418,0.64185,0.0,2.1395,0.0,0.0,0.0,189.29893075165418,189.30元,0.0,442.3905836682734
2025-02-22T01:40:00,2025-02-22T01:50:00,2025-02-22,10,450.92668452594427,450.92668452594427,0.0,450.92668452594427,0.0,0.0,450.92668452594427,0.4312,194.43958636758717,0.6468,0.0,2.156,0.0,0.0,0.0,194.43958636758717,194.44元,0.0,450.92668452594427
2025-02-22T01:50:00,2025-02-22T02:00:00,2025-02-22,11,447.8672162885823,447.8672162885823,0.0,447.8672162885823,0.0,0.0,447.8672162885823,0.4333,194.0608648178427,0.64995,0.0,2.1665,0.0,0.0,0.0,194.0608648178427,194.06元,0.0,447.8672162885823
2025-02-22T02:00:00,2025-02-22T02:10:00,2025-02-22,12,441.05951140063917,441.05951140063917,0.0,441.05951140063917,0.0,0.0,441.05951140063917,0.4311,190.14075536481553,0.64665,0.0,2.1555,0.0,0.0,0.0,190.14075536481553,190.14元,0.0,441.05951140063917
2025-02-22T02:10:00,2025-02-22T02:20:00,2025-02-22,13,466.454897912702,466.454897912702,0.0,466.454897912702,0.0,0.0,466.454897912702,0.4293,200.249087673923,0.64395,0.0,2.1465,0.0,0.0,0.0,200.249087673923,200.25元,0.0,466.454897912702
2025-02-22T02:20:00,2025-02-22T02:30:00,2025-02-22,14,487.991199305082,487.991199305082,0.0,487.991199305082,0.0,0.0,487.991199305082,0.4324,211.00739457951744,0.6486000000000001,0.0,2.162,0.0,0.0,0.0,211.00739457951744,211.01元,0.0,487.991199305082
2025-02-22T02:30:00,2025-02-22T02:40:00,2025-02-22,15,485.086857649568,485.086857649568,0.0,485.086857649568,0.0,0.0,485.086857649568,0.4367,211.83743073556633,0.6550499999999999,0.0,2.1835,0.0,0.0,0.0,211.83743073556633,211.84元,0.0,485.086857649568
2025-02-22T02:40:00,2025-02-22T02:50:00,2025-02-22,16,472.97882427587973,472.97882427587973,0.0,472.97882427587973,0.0,0.0,472.97882427587973,0.4348,205.65119279515253,0.6522,0.0,2.174,0.0,0.0,0.0,205.65119279515253,205.65元,0.0,472.97882427587973
2025-02-22T02:50:00,2025-02-22T03:00:00,2025-02-22,17,473.1740479426947,473.1740479426947,0.0,473.1740479426947,0.0,0.0,473.1740479426947,0.4335,205.12094978315815,0.65025,0.0,2.1675,0.0,0.0,0.0,205.12094978315815,205.12元,0.0,473.1740479426947
2025-02-22T03:00:00,2025-02-22T03:10:00,2025-02-22,18,485.0616121797863,485.0616121797863,0.0,485.0616121797863,0.0,0.0,485.0616121797863,0.4357,211.3413444267329,0.65355,0.0,2.1784999999999997,0.0,0.0,0.0,211.3413444267329,211.34元,0.0,485.0616121797863
2025-02-22T03:10:00,2025-02-22T03:20:00,2025-02-22,19,488.15580930115493,488.15580930115493,0.0,488.15580930115493,0.0,0.0,488.15580930115493,0.4374,213.5193509883252,0.6561,0.0,2.1870000000000003,0.0,0.0,0.0,213.5193509883252,213.52元,0.0,488.15580930115493
2025-02-22T03:20:00,2025-02-22T03:30:00,2025-02-22,20,476.59636358903094,476.59636358903094,0.0,476.59636358903094,0.0,0.0,476.59636358903094,0.4371,208.32027052476542,0.65565,0.0,2.1854999999999998,0.0,0.0,0.0,208.32027052476542,208.32元,0.0,476.59636358903094
2025-02-22T03:30:00,2025-02-22T03:40:00,2025-02-22,21,468.39914864863556,468.39914864863556,0.0,468.39914864863556,0.0,0.0,468.39914864863556,0.4356,204.03466915134564,0.6534,0.0,2.178,0.0,0.0,0.0,204.03466915134564,204.03元,0.0,468.39914864863556
2025-02-22T03:40:00,2025-02-22T03:50:00,2025-02-22,22,487.3292597669206,487.3292597669206,0.0,487.3292597669206,0.0,0.0,487.3292597669206,0.4353,212.13442677654055,0.65295,0.0,2.1765,0.0,0.0,0.0,212.13442677654055,212.13元,0.0,487.3292597669206
2025-02-22T03:50:00,2025-02-22T04:00:00,2025-02-22,23,501.7151296085117,501.7151296085117,0.0,501.7151296085117,0.0,0.0,501.7151296085117,0.436,218.7477965093111,0.654,0.0,2.18,0.0,0.0,0.0,218.7477965093111,218.75元,0.0,501.7151296085117
2025-02-22T04:00:00,2025-02-22T04:10:00,2025-02-22,24,498.1328539154151,498.1328539154151,0.0,498.1328539154151,0.0,0.0,498.1328539154151,0.4378,218.08256344416876,0.6567000000000001,0.0,2.189,0.0,0.0,0.0,218.08256344416876,218.08元,0.0,498.1328539154151
2025-02-22T04:10:00,2025-02-22T04:20:00,2025-02-22,25,492.60487804371866,492.60487804371866,0.0,492.60487804371866,0.0,0.0,492.60487804371866,0.4401,216.79540682704058,0.66015,0.0,2.2005,0.0,0.0,0.0,216.79540682704058,216.80元,0.0,492.60487804371866
2025-02-22T04:20:00,2025-02-22T04:30:00,2025-02-22,26,489.66019433718674,489.66019433718674,0.0,489.66019433718674,0.0,0.0,489.66019433718674,0.4389,214.91185929459127,0.65835,0.0,2.1945,0.0,0.0,0.0,214.91185929459127,214.91元,0.0,489.66019433718674
2025-02-22T04:30:00,2025-02-22T04:40:00,2025-02-22,27,491.18542700431783,491.18542700431783,0.0,491.18542700431783,0.0,0.0,491.18542700431783,0.4364,214.3533203446843,0.6546000000000001,0.0,2.182,0.0,0.0,0.0,214.3533203446843,214.35元,0.0,491.18542700431783
2025-02-22T04:40:00,2025-02-22T04:50:00,2025-02-22,28,499.66689427433795,499.66689427433795,0.0,499.66689427433795,0.0,0.0,499.66689427433795,0.4393,219.50366665471668,0.65895,0.0,2.1965000000000003,0.0,0.0,0.0,219.50366665471668,219.50元,0.0,499.66689427433795
2025-02-22T04:50:00,2025-02-22T05:00:00,2025-02-22,29,516.7550569030651,516.7550569030651,0.0,516.7550569030651,0.0,0.0,516.7550569030651,0.4422,228.5090861625354,0.6633,0.0,2.211,0.0,0.0,0.0,228.5090861625354,228.51元,0.0,516.7550569030651
2025-02-22T05:00:00,2025-02-22T05:10:00,2025-02-22,30,523.6114308154712,523.6114308154712,0.0,523.6114308154712,0.0,0.0,523.6114308154712,0.4395,230.12722384339958,0.65925,0.0,2.1975,0.0,0.0,0.0,230.12722384339958,230.13元,0.0,523.6114308154712
2025-02-22T05:10:00,2025-02-22T05:20:00,2025-02-22,31,501.90572828334246,501.90572828334246,0.0,501.90572828334246,0.0,0.0,501.90572828334246,0.4333,217.4757520651723,0.64995,0.0,2.1665,0.0,0.0,0.0,217.4757520651723,217.48元,0.0,501.90572828334246
2025-02-22T05:20:00,2025-02-22T05:30:00,2025-02-22,32,512.4396281460421,512.4396281460421,0.0,512.4396281460421,0.0,0.0,512.4396281460421,0.4439,227.4719509340281,0.66585,0.0,2.2195,0.0,0.0,0.0,227.4719509340281,227.47元,0.0,512.4396281460421
2025-02-22T05:30:00,2025-02-22T05:40:00,2025-02-22,33,544.9365963643577,544.9365963643577,0.0,544.9365963643577,0.0,0.0,544.9365963643577,0.4301,234.37723009631023,0.64515,0.0,2.1505,0.0,0.0,0.0,234.37723009631023,234.38元,0.0,544.9365963643577
2025-02-22T05:40:00,2025-02-22T05:50:00,2025-02-22,34,1152.9087363118374,1152.9087363118374,0.0,1152.9087363118374,0.0,0.0,1152.9087363118374,0.3713,428.07501379258525,0.5569500000000001,0.0,1.8565,0.0,0.0,0.0,428.07501379258525,428.08元,0.0,1152.9087363118374
2025-02-22T05:50:00,2025-02-22T06:00:00,2025-02-22,35,0.0,0.0,0.0,0.0,0.0,0.0,0.0,0.5708,0.0,0.8562,0.0,2.854,0.0,0.0,0.0,0.0,0.00元,0.0,0.0
2025-02-22T06:00:00,2025-02-22T06:10:00,2025-02-22,36,0.0,0.0,0.0,0.0,0.0,0.0,0.0,0.9099,0.0,1.3648500000000001,0.0,4.5495,0.0,0.0,0.0,0.0,0.00元,0.0,0.0
2025-02-22T06:10:00,2025-02-22T06:20:00,2025-02-22,37,0.0,0.0,0.0,0.0,0.0,0.0,0.0,0.9368,0.0,1.4052,0.0,4.684,0.0,0.0,0.0,0.0,0.00元,0.0,0.0
2025-02-22T06:20:00,2025-02-22T06:30:00,2025-02-22,38,0.0,0.0,0.0,0.0,0.0,0.0,0.0,0.8758,0.0,1.3137,0.0,4.3790000000000004,0.0,0.0,0.0,0.0,0.00元,0.0,0.0
2025-02-22T06:30:00,2025-02-22T06:40:00,2025-02-22,39,0.0,0.0,0.0,0.0,0.0,0.0,0.0,0.8759,0.0,1.31385,0.0,4.3795,0.0,0.0,0.0,0.0,0.00元,0.0,0.0
2025-02-22T06:40:00,2025-02-22T06:50:00,2025-02-22,40,0.0,0.0,0.0,0.0,0.0,0.0,0.0,0.8601,0.0,1.29015,0.0,4.3004999999999995,0.0,0.0,0.0,0.0,0.00元,0.0,0.0
2025-02-22T06:50:00,2025-02-22T07:00:00,2025-02-22,41,0.0,0.0,0.0,0.0,0.0,0.0,0.0,0.8442,0.0,1.2663,0.0,4.221,0.0,0.0,0.0,0.0,0.00元,0.0,0.0
2025-02-22T07:00:00,2025-02-22T07:10:00,2025-02-22,42,0.0,0.0,0.0,0.0,0.0,0.0,0.0,0.8334,0.0,1.2501,0.0,4.167,0.0,0.0,0.0,0.0,0.00元,0.0,0.0
2025-02-22T07:10:00,2025-02-22T07:20:00,2025-02-22,43,0.0,0.0,0.0,0.0,0.0,0.0,0.0,0.8092,0.0,1.2138,0.0,4.046,0.0,0.0,0.0,0.0,0.00元,0.0,0.0
2025-02-22T07:20:00,2025-02-22T07:30:00,2025-02-22,44,0.0,0.0,0.0,0.0,0.0,0.0,0.0,0.7972,0.0,1.1958,0.0,3.986,0.0,0.0,0.0,0.0,0.00元,0.0,0.0
2025-02-22T07:30:00,2025-02-22T07:40:00,2025-02-22,45,0.0,0.0,0.0,0.0,0.0,0.0,0.0,0.7644,0.0,1.1465999999999998,0.0,3.822,0.0,0.0,0.0,0.0,0.00元,0.0,0.0
2025-02-22T07:40:00,2025-02-22T07:50:00,2025-02-22,46,0.0,0.0,102.48162427580972,102.48162427580972,102.48162427580972,0.0,102.48162427580972,0.6899,0.0,1.03485,106.05310888182169,3.4494999999999996,0.0,0.0,0.0,106.05310888182169,106.05元,0.0,102.48162427580972
2025-02-22T07:50:00,2025-02-22T08:00:00,2025-02-22,47,0.0,0.0,0.0,0.0,0.0,0.0,0.0,0.86,0.0,1.29,0.0,4.3,0.0,0.0,0.0,0.0,0.00元,0.0,0.0
2025-02-22T08:00:00,2025-02-22T08:10:00,2025-02-22,48,0.0,0.0,0.0,0.0,0.0,0.0,0.0,1.1617,0.0,1.74255,0.0,5.8084999999999996,0.0,0.0,0.0,0.0,0.00元,0.0,0.0
2025-02-22T08:10:00,2025-02-22T08:20:00,2025-02-22,49,0.0,0.0,0.0,0.0,0.0,0.0,0.0,1.1683,0.0,1.7524499999999998,0.0,5.8415,0.0,0.0,0.0,0.0,0.00元,0.0,0.0
2025-02-22T08:20:00,2025-02-22T08:30:00,2025-02-22,50,0.0,0.0,0.0,0.0,0.0,0.0,0.0,1.0956,0.0,1.6433999999999997,0.0,5.478,0.0,0.0,0.0,0.0,0.00元,0.0,0.0
2025-02-22T08:30:00,2025-02-22T08:40:00,2025-02-22,51,0.0,0.0,0.0,0.0,0.0,0.0,0.0,1.0849,0.0,1.6273499999999999,0.0,5.4245,0.0,0.0,0.0,0.0,0.00元,0.0,0.0
2025-02-22T08:40:00,2025-02-22T08:50:00,2025-02-22,52,0.0,0.0,0.0,0.0,0.0,0.0,0.0,1.061,0.0,1.5915,0.0,5.305,0.0,0.0,0.0,0.0,0.00元,0.0,0.0
2025-02-22T08:50:00,2025-02-22T09:00:00,2025-02-22,53,0.0,0.0,0.0,0.0,0.0,0.0,0.0,1.043,0.0,1.5644999999999998,0.0,5.215,0.0,0.0,0.0,0.0,0.00元,0.0,0.0
2025-02-22T09:00:00,2025-02-22T09:10:00,2025-02-22,54,0.0,0.0,0.0,0.0,0.0,0.0,0.0,1.036,0.0,1.554,0.0,5.18,0.0,0.0,0.0,0.0,0.00元,0.0,0.0
2025-02-22T09:10:00,2025-02-22T09:20:00,2025-02-22,55,0.0,0.0,0.0,0.0,0.0,0.0,0.0,1.0147,0.0,1.52205,0.0,5.073499999999999,0.0,0.0,0.0,0.0,0.00元,0.0,0.0
2025-02-22T09:20:00,2025-02-22T09:30:00,2025-02-22,56,0.0,0.0,0.0,0.0,0.0,0.0,0.0,0.9922,0.0,1.4883,0.0,4.961,0.0,0.0,0.0,0.0,0.00元,0.0,0.0
2025-02-22T09:30:00,2025-02-22T09:40:00,2025-02-22,57,0.0,0.0,0.0,0.0,0.0,0.0,0.0,0.97,0.0,1.455,0.0,4.85,0.0,0.0,0.0,0.0,0.00元,0.0,0.0
2025-02-22T09:40:00,2025-02-22T09:50:00,2025-02-22,58,0.0,0.0,0.0,0.0,0.0,0.0,0.0,0.9422,0.0,1.4133,0.0,4.711,0.0,0.0,0.0,0.0,0.00元,0.0,0.0
2025-02-22T09:50:00,2025-02-22T10:00:00,2025-02-22,59,0.0,0.0,0.0,0.0,0.0,0.0,0.0,0.9569,0.0,1.43535,0.0,4.7844999999999995,0.0,0.0,0.0,0.0,0.00元,0.0,0.0
2025-02-22T10:00:00,2025-02-22T10:10:00,2025-02-22,60,0.0,0.0,0.0,0.0,0.0,0.0,0.0,0.9977,0.0,1.49655,0.0,4.9885,0.0,0.0,0.0,0.0,0.00元,0.0,0.0
2025-02-22T10:10:00,2025-02-22T10:20:00,2025-02-22,61,0.0,0.0,0.0,0.0,0.0,0.0,0.0,0.9919,0.0,1.48785,0.0,4.9595,0.0,0.0,0.0,0.0,0.00元,0.0,0.0
2025-02-22T10:20:00,2025-02-22T10:30:00,2025-02-22,62,0.0,0.0,0.0,0.0,0.0,0.0,0.0,0.9588,0.0,1.4382,0.0,4.794,0.0,0.0,0.0,0.0,0.00元,0.0,0.0
2025-02-22T10:30:00,2025-02-22T10:40:00,2025-02-22,63,0.0,0.0,0.0,0.0,0.0,0.0,0.0,0.9549,0.0,1.43235,0.0,4.7745,0.0,0.0,0.0,0.0,0.00元,0.0,0.0
2025-02-22T10:40:00,2025-02-22T10:50:00,2025-02-22,64,0.0,0.0,0.0,0.0,0.0,0.0,0.0,0.9839,0.0,1.4758499999999999,0.0,4.9195,0.0,0.0,0.0,0.0,0.00元,0.0,0.0
2025-02-22T10:50:00,2025-02-22T11:00:00,2025-02-22,65,0.0,0.0,0.0,0.0,0.0,0.0,0.0,0.799,0.0,1.1985000000000001,0.0,3.995,0.0,0.0,0.0,0.0,0.00元,0.0,0.0
2025-02-22T11:00:00,2025-02-22T11:10:00,2025-02-22,66,0.0,0.0,0.0,0.0,0.0,0.0,0.0,0.5025,0.0,0.7537499999999999,0.0,2.5124999999999997,0.0,0.0,0.0,0.0,0.00元,0.0,0.0
2025-02-22T11:10:00,2025-02-22T11:20:00,2025-02-22,67,0.0,0.0,0.0,0.0,0.0,0.0,0.0,0.4662,0.0,0.6993,0.0,2.331,0.0,0.0,0.0,0.0,0.00元,0.0,0.0
2025-02-22T11:20:00,2025-02-22T11:30:00,2025-02-22,68,0.0,0.0,0.0,0.0,0.0,0.0,0.0,0.5007,0.0,0.75105,0.0,2.5035000000000003,0.0,0.0,0.0,0.0,0.00元,0.0,0.0
2025-02-22T11:30:00,2025-02-22T11:40:00,2025-02-22,69,0.0,0.0,0.0,0.0,0.0,0.0,0.0,0.4827,0.0,0.7240500000000001,0.0,2.4135,0.0,0.0,0.0,0.0,0.00元,0.0,0.0
2025-02-22T11:40:00,2025-02-22T11:50:00,2025-02-22,70,0.0,0.0,0.0,0.0,0.0,0.0,0.0,0.4785,0.0,0.71775,0.0,2.3925,0.0,0.0,0.0,0.0,0.00元,0.0,0.0
2025-02-22T11:50:00,2025-02-22T12:00:00,2025-02-22,71,0.0,0.0,0.0,0.0,0.0,0.0,0.0,0.4662,0.0,0.6993,0.0,2.331,0.0,0.0,0.0,0.0,0.00元,0.0,0.0
2025-02-22T12:00:00,2025-02-22T12:10:00,2025-02-22,72,0.0,0.0,0.0,0.0,0.0,0.0,0.0,0.4432,0.0,0.6648,0.0,2.2159999999999997,0.0,327.2483849985391,72.51824211567626,72.51824211567626,72.52元,0.0,0.0
2025-02-22T12:10:00,2025-02-22T12:20:00,2025-02-22,73,0.0,0.0,0.0,0.0,0.0,0.0,0.0,0.4411,0.0,0.66165,0.0,2.2055,0.0,0.0,0.0,0.0,0.00元,0.0,0.0
2025-02-22T12:20:00,2025-02-22T12:30:00,2025-02-22,74,0.0,0.0,0.0,0.0,0.0,0.0,0.0,0.4551,0.0,0.68265,0.0,2.2755,0.0,0.0,0.0,0.0,0.00元,0.0,0.0
2025-02-22T12:30:00,2025-02-22T12:40:00,2025-02-22,75,0.0,0.0,0.0,0.0,0.0,0.0,0.0,0.4463,0.0,0.66945,0.0,2.2315,0.0,0.0,0.0,0.0,0.00元,0.0,0.0
2025-02-22T12:40:00,2025-02-22T12:50:00,2025-02-22,76,0.0,0.0,0.0,0.0,0.0,0.0,0.0,0.4113,0.0,0.61695,0.0,2.0564999999999998,0.0,0.0,0.0,0.0,0.00元,0.0,0.0
2025-02-22T12:50:00,2025-02-22T13:00:00,2025-02-22,77,0.0,0.0,0.0,0.0,0.0,0.0,0.0,0.5682,0.0,0.8523000000000001,0.0,2.841,0.0,0.0,0.0,0.0,0.00元,0.0,0.0
2025-02-22T13:00:00,2025-02-22T13:10:00,2025-02-22,78,0.0,0.0,0.0,0.0,0.0,0.0,0.0,0.8279,0.0,1.24185,0.0,4.1395,0.0,0.0,0.0,0.0,0.00元,0.0,0.0
2025-02-22T13:10:00,2025-02-22T13:20:00,2025-02-22,79,0.0,0.0,0.0,0.0,0.0,0.0,0.0,0.8636,0.0,1.2954,0.0,4.3180000000000005,0.0,0.0,0.0,0.0,0.00元,0.0,0.0
2025-02-22T13:20:00,2025-02-22T13:30:00,2025-02-22,80,0.0,0.0,0.0,0.0,0.0,0.0,0.0,0.8416,0.0,1.2624,0.0,4.208,0.0,0.0,0.0,0.0,0.00元,0.0,0.0
2025-02-22T13:30:00,2025-02-22T13:40:00,2025-02-22,81,0.0,0.0,0.0,0.0,0.0,0.0,0.0,0.8618,0.0,1.2927,0.0,4.309,0.0,0.0,0.0,0.0,0.00元,0.0,0.0
2025-02-22T13:40:00,2025-02-22T13:50:00,2025-02-22,82,0.0,0.0,0.0,0.0,0.0,0.0,0.0,0.8623,0.0,1.29345,0.0,4.3115,0.0,0.0,0.0,0.0,0.00元,0.0,0.0
2025-02-22T13:50:00,2025-02-22T14:00:00,2025-02-22,83,0.0,0.0,0.0,0.0,0.0,0.0,0.0,0.9026,0.0,1.3538999999999999,0.0,4.513,0.0,0.0,0.0,0.0,0.00元,0.0,0.0
2025-02-22T14:00:00,2025-02-22T14:10:00,2025-02-22,84,0.0,0.0,0.0,0.0,0.0,0.0,0.0,0.9754,0.0,1.4631,0.0,4.877000000000001,0.0,0.0,0.0,0.0,0.00元,0.0,0.0
2025-02-22T14:10:00,2025-02-22T14:20:00,2025-02-22,85,0.0,0.0,0.0,0.0,0.0,0.0,0.0,1.0002,0.0,1.5003,0.0,5.0009999999999994,0.0,0.0,0.0,0.0,0.00元,0.0,0.0
2025-02-22T14:20:00,2025-02-22T14:30:00,2025-02-22,86,0.0,0.0,0.0,0.0,0.0,0.0,0.0,0.9978,0.0,1.4967000000000001,0.0,4.989,0.0,0.0,0.0,0.0,0.00元,0.0,0.0
2025-02-22T14:30:00,2025-02-22T14:40:00,2025-02-22,87,0.0,0.0,0.0,0.0,0.0,0.0,0.0,1.0271,0.0,1.5406499999999999,0.0,5.1354999999999995,0.0,0.0,0.0,0.0,0.00元,0.0,0.0
2025-02-22T14:40:00,2025-02-22T14:50:00,2025-02-22,88,0.0,0.0,0.0,0.0,0.0,0.0,0.0,1.0906,0.0,1.6359,0.0,5.453,0.0,0.0,0.0,0.0,0.00元,0.0,0.0
2025-02-22T14:50:00,2025-02-22T15:00:00,2025-02-22,89,0.0,0.0,0.0,0.0,0.0,0.0,0.0,0.9376,0.0,1.4064,0.0,4.688,0.0,0.0,0.0,0.0,0.00元,0.0,0.0
2025-02-22T15:00:00,2025-02-22T15:10:00,2025-02-22,90,23.308393630593514,23.308393630593514,28.549278159240203,51.85767178983372,28.549278159240203,0.0,51.85767178983372,0.6694,15.602638696319298,1.0041,28.666330199693085,3.347,0.0,0.0,0.0,44.26896889601239,44.27元,0.0,51.85767178983372
2025-02-22T15:10:00,2025-02-22T15:20:00,2025-02-22,91,33.94967067747007,33.94967067747007,29.418538115306433,63.3682087927765,29.418538115306433,0.0,63.3682087927765,0.66,22.406782647130246,0.99,29.12435273415337,3.3000000000000003,0.0,0.0,0.0,51.53113538128361,51.53元,0.0,63.3682087927765
2025-02-22T15:20:00,2025-02-22T15:30:00,2025-02-22,92,45.923620243551,45.923620243551,30.33981531262407,76.26343555617507,30.33981531262407,0.0,76.26343555617507,0.7217,33.143076729770755,1.08255,32.84436706668119,3.6085000000000003,0.0,0.0,0.0,65.98744379645194,65.99元,0.0,76.26343555617507
2025-02-22T15:30:00,2025-02-22T15:40:00,2025-02-22,93,60.914538822423424,60.914538822423424,31.449114094584075,92.3636529170075,31.449114094584075,0.0,92.3636529170075,0.7308,44.51634497142704,1.0962,34.47451887048307,3.654,0.0,0.0,0.0,78.9908638419101,78.99元,0.0,92.3636529170075
2025-02-22T15:40:00,2025-02-22T15:50:00,2025-02-22,94,55.83131978174583,55.83131978174583,30.325018406467734,86.15633818821357,30.325018406467734,0.0,86.15633818821357,0.7534,42.06331632356731,1.1300999999999999,34.270303301149184,3.767,0.0,0.0,0.0,76.33361962471649,76.33元,0.0,86.15633818821357
2025-02-22T15:50:00,2025-02-22T16:00:00,2025-02-22,95,61.23838003175388,61.23838003175388,0.0,61.23838003175388,0.0,0.0,61.23838003175388,0.7823,47.90678469884106,1.1734499999999999,0.0,3.9115,0.0,0.0,0.0,47.90678469884106,47.91元,0.0,61.23838003175388
2025-02-22T16:00:00,2025-02-22T16:10:00,2025-02-22,96,315.0761694370358,315.0761694370358,0.0,315.0761694370358,0.0,0.0,315.0761694370358,0.8055,253.79385448153232,1.20825,0.0,4.0275,0.0,0.0,0.0,253.79385448153232,253.79元,0.0,315.0761694370358
2025-02-22T16:10:00,2025-02-22T16:20:00,2025-02-22,97,340.76011358200526,340.76011358200526,0.0,340.76011358200526,0.0,0.0,340.76011358200526,0.8271,281.84268994367653,1.24065,0.0,4.1354999999999995,0.0,0.0,0.0,281.84268994367653,281.84元,0.0,340.76011358200526
2025-02-22T16:20:00,2025-02-22T16:30:00,2025-02-22,98,352.57058114036516,352.57058114036516,0.0,352.57058114036516,0.0,0.0,352.57058114036516,0.8519,300.3548780734771,1.27785,0.0,4.2595,0.0,0.0,0.0,300.3548780734771,300.35元,0.0,352.57058114036516
2025-02-22T16:30:00,2025-02-22T16:40:00,2025-02-22,99,368.67661399730105,368.67661399730105,0.0,368.67661399730105,0.0,0.0,368.67661399730105,0.8791,324.10361136502735,1.3186499999999999,0.0,4.3955,0.0,0.0,0.0,324.10361136502735,324.10元,0.0,368.67661399730105
2025-02-22T16:40:00,2025-02-22T16:50:00,2025-02-22,100,409.56271320174574,409.56271320174574,0.0,409.56271320174574,0.0,0.0,409.56271320174574,0.9024,369.58939239325537,1.3536,0.0,4.512,0.0,0.0,0.0,369.58939239325537,369.59元,0.0,409.56271320174574
2025-02-22T16:50:00,2025-02-22T17:00:00,2025-02-22,101,394.53197283297925,394.53197283297925,0.0,394.53197283297925,0.0,0.0,394.53197283297925,0.9163,361.50964670685886,1.37445,0.0,4.5815,0.0,0.0,0.0,361.50964670685886,361.51元,0.0,394.53197283297925
2025-02-22T17:00:00,2025-02-22T17:10:00,2025-02-22,102,417.8704341834991,417.8704341834991,0.0,417.8704341834991,0.0,0.0,417.8704341834991,0.9264,387.1151702275936,1.3896,0.0,4.632,0.0,0.0,0.0,387.1151702275936,387.12元,0.0,417.8704341834991
2025-02-22T17:10:00,2025-02-22T17:20:00,2025-02-22,103,402.42392219377297,402.42392219377297,0.5430236279639189,402.9669458217369,0.5430236279639189,0.0,402.9669458217369,0.9462,380.773515179748,1.4193,0.7707134351691901,4.731,0.0,0.0,0.0,381.5442286149172,381.54元,0.0,402.9669458217369
2025-02-22T17:20:00,2025-02-22T17:30:00,2025-02-22,104,426.28985586325524,426.28985586325524,1.4661766001213437,427.7560324633766,1.4661766001213437,0.0,427.7560324633766,0.9742,415.29157758198323,1.4613,2.1425238657573193,4.8709999999999996,0.0,0.0,0.0,417.43410144774055,417.43元,0.0,427.7560324633766
2025-02-22T17:30:00,2025-02-22T17:40:00,2025-02-22,105,453.4088562095093,453.4088562095093,2.0851943852794648,455.49405059478875,2.0851943852794648,0.0,455.49405059478875,0.9862,447.15181399381805,1.4792999999999998,3.084628054143912,4.931,0.0,0.0,0.0,450.23644204796193,450.24元,0.0,455.49405059478875
2025-02-22T17:40:00,2025-02-22T17:50:00,2025-02-22,106,455.33168634774194,455.33168634774194,2.060883120038625,457.39256946778056,2.060883120038625,0.0,457.39256946778056,0.976,444.4037258753961,1.464,3.0171328877365466,4.88,0.0,0.0,0.0,447.4208587631327,447.42元,0.0,457.39256946778056
2025-02-22T17:50:00,2025-02-22T18:00:00,2025-02-22,107,173.47135854395822,173.47135854395822,36.78430845636774,210.25566700032596,36.78430845636774,0.0,210.25566700032596,1.0742,186.34293334791994,1.6113,59.270556215745344,5.371,0.0,0.0,0.0,245.61348956366527,245.61元,0.0,210.25566700032596
2025-02-22T18:00:00,2025-02-22T18:10:00,2025-02-22,108,0.0,0.0,0.0,0.0,0.0,0.0,0.0,1.2313,0.0,1.84695,0.0,6.1565,0.0,36.928793554530614,22.735211751846773,22.735211751846773,22.74元,0.0,0.0
2025-02-22T18:10:00,2025-02-22T18:20:00,2025-02-22,109,0.0,0.0,0.0,0.0,0.0,0.0,0.0,1.2561,0.0,1.88415,0.0,6.2805,0.0,0.0,0.0,0.0,0.00元,0.0,0.0
2025-02-22T18:20:00,2025-02-22T18:30:00,2025-02-22,110,0.0,0.0,0.0,0.0,0.0,0.0,0.0,1.2447,0.0,1.8670499999999999,0.0,6.2235,0.0,0.0,0.0,0.0,0.00元,0.0,0.0
2025-02-22T18:30:00,2025-02-22T18:40:00,2025-02-22,111,0.0,0.0,0.0,0.0,0.0,0.0,0.0,1.2545,0.0,1.8817499999999998,0.0,6.2725,0.0,0.0,0.0,0.0,0.00元,0.0,0.0
2025-02-22T18:40:00,2025-02-22T18:50:00,2025-02-22,112,0.0,0.0,0.0,0.0,0.0,0.0,0.0,1.2522,0.0,1.8782999999999999,0.0,6.261,0.0,0.0,0.0,0.0,0.00元,0.0,0.0
2025-02-22T18:50:00,2025-02-22T19:00:00,2025-02-22,113,0.0,0.0,0.0,0.0,0.0,0.0,0.0,1.2881,0.0,1.93215,0.0,6.4405,0.0,0.0,0.0,0.0,0.00元,0.0,0.0
2025-02-22T19:00:00,2025-02-22T19:10:00,2025-02-22,114,0.0,0.0,0.0,0.0,0.0,0.0,0.0,1.3466,0.0,2.0199,0.0,6.7330000000000005,0.0,0.0,0.0,0.0,0.00元,0.0,0.0
2025-02-22T19:10:00,2025-02-22T19:20:00,2025-02-22,115,0.0,0.0,0.0,0.0,0.0,0.0,0.0,1.3523,0.0,2.0284500000000003,0.0,6.7615,0.0,0.0,0.0,0.0,0.00元,0.0,0.0
2025-02-22T19:20:00,2025-02-22T19:30:00,2025-02-22,116,0.0,0.0,0.0,0.0,0.0,0.0,0.0,1.3445,0.0,2.01675,0.0,6.7225,0.0,0.0,0.0,0.0,0.00元,0.0,0.0
2025-02-22T19:30:00,2025-02-22T19:40:00,2025-02-22,117,0.0,0.0,0.0,0.0,0.0,0.0,0.0,1.3483,0.0,2.02245,0.0,6.7415,0.0,0.0,0.0,0.0,0.00元,0.0,0.0
2025-02-22T19:40:00,2025-02-22T19:50:00,2025-02-22,118,0.0,0.0,0.0,0.0,0.0,0.0,0.0,1.349,0.0,2.0235,0.0,6.745,0.0,0.0,0.0,0.0,0.00元,0.0,0.0
2025-02-22T19:50:00,2025-02-22T20:00:00,2025-02-22,119,0.0,0.0,0.0,0.0,0.0,0.0,0.0,1.3473,0.0,2.02095,0.0,6.7364999999999995,0.0,0.0,0.0,0.0,0.00元,0.0,0.0
2025-02-22T20:00:00,2025-02-22T20:10:00,2025-02-22,120,0.0,0.0,0.0,0.0,0.0,0.0,0.0,1.3482,0.0,2.0223,0.0,6.7410000000000005,0.0,0.0,0.0,0.0,0.00元,0.0,0.0
2025-02-22T20:10:00,2025-02-22T20:20:00,2025-02-22,121,0.0,0.0,0.0,0.0,0.0,0.0,0.0,1.3513,0.0,2.02695,0.0,6.7565,0.0,0.0,0.0,0.0,0.00元,0.0,0.0
2025-02-22T20:20:00,2025-02-22T20:30:00,2025-02-22,122,0.0,0.0,0.0,0.0,0.0,0.0,0.0,1.34,0.0,2.0100000000000002,0.0,6.7,0.0,0.0,0.0,0.0,0.00元,0.0,0.0
2025-02-22T20:30:00,2025-02-22T20:40:00,2025-02-22,123,0.0,0.0,0.0,0.0,0.0,0.0,0.0,1.3489,0.0,2.0233499999999998,0.0,6.7445,0.0,0.0,0.0,0.0,0.00元,0.0,0.0
2025-02-22T20:40:00,2025-02-22T20:50:00,2025-02-22,124,0.0,0.0,0.0,0.0,0.0,0.0,0.0,1.3952,0.0,2.0928,0.0,6.976,0.0,0.0,0.0,0.0,0.00元,0.0,0.0
2025-02-22T20:50:00,2025-02-22T21:00:00,2025-02-22,125,0.0,0.0,59.76156517591403,59.76156517591403,59.76156517591403,0.0,59.76156517591403,1.2226,0.0,1.8338999999999999,109.59673437610873,6.1129999999999995,0.0,0.0,0.0,109.59673437610873,109.60元,0.0,59.76156517591403
2025-02-22T21:00:00,2025-02-22T21:10:00,2025-02-22,126,457.03060978380444,457.03060978380444,0.0,457.03060978380444,0.0,0.0,457.03060978380444,0.9332,426.5009650502463,1.3998,0.0,4.666,0.0,0.0,0.0,426.5009650502463,426.50元,0.0,457.03060978380444
2025-02-22T21:10:00,2025-02-22T21:20:00,2025-02-22,127,482.7239851603285,482.7239851603285,0.0,482.7239851603285,0.0,0.0,482.7239851603285,0.9068,437.7341097433859,1.3602,0.0,4.534000000000001,0.0,0.0,0.0,437.7341097433859,437.73元,0.0,482.7239851603285
2025-02-22T21:20:00,2025-02-22T21:30:00,2025-02-22,128,487.4872357223333,487.4872357223333,0.0,487.4872357223333,0.0,0.0,487.4872357223333,0.9371,456.82428859539857,1.40565,0.0,4.6855,0.0,0.0,0.0,456.82428859539857,456.82元,0.0,487.4872357223333
2025-02-22T21:30:00,2025-02-22T21:40:00,2025-02-22,129,473.2230840223927,473.2230840223927,0.0,473.2230840223927,0.0,0.0,473.2230840223927,0.9371,443.4573520373842,1.40565,0.0,4.6855,0.0,0.0,0.0,443.4573520373842,443.46元,0.0,473.2230840223927
2025-02-22T21:40:00,2025-02-22T21:50:00,2025-02-22,130,450.8755944141756,450.8755944141756,23.757558039248863,474.6331524534245,23.757558039248863,0.0,474.6331524534245,0.9871,445.05929924623274,1.48065,35.176628310813825,4.9355,0.0,0.0,0.0,480.2359275570465,480.24元,0.0,474.6331524534245
2025-02-22T21:50:00,2025-02-22T22:00:00,2025-02-22,131,461.462127980968,461.462127980968,0.0,461.462127980968,0.0,0.0,461.462127980968,0.7764,358.2791961644235,1.1646,0.0,3.8819999999999997,0.0,0.0,0.0,358.2791961644235,358.28元,0.0,461.462127980968
2025-02-22T22:00:00,2025-02-22T22:10:00,2025-02-22,132,1203.512892081065,1201.7572677295798,0.0,1201.7572677295798,-1.7556243514852667,0.0,1201.7572677295798,0.4209,505.81963398738014,0.63135,0.0,2.1045,0.0,0.0,0.0,505.81963398738014,505.82元,0.0,1201.7572677295798
2025-02-22T22:10:00,2025-02-22T22:20:00,2025-02-22,133,1190.5946325846382,1188.8871044802493,0.0,1188.8871044802493,-1.7075281043889845,0.0,1188.8871044802493,0.3859,458.7915336189282,0.5788500000000001,0.0,1.9295,0.0,0.0,0.0,458.7915336189282,458.79元,0.0,1188.8871044802493
2025-02-22T22:20:00,2025-02-22T22:30:00,2025-02-22,134,389.3348372003911,389.3348372003911,0.0,389.3348372003911,0.0,0.0,389.3348372003911,0.4368,170.06145688913085,0.6552,0.0,2.184,0.0,0.0,0.0,170.06145688913085,170.06元,0.0,389.3348372003911
2025-02-22T22:30:00,2025-02-22T22:40:00,2025-02-22,135,1251.8633073800775,1250.248055001306,0.0,1250.248055001306,-1.6152523787714017,0.0,1250.248055001306,0.4198,524.8541334895483,0.6297,0.0,2.099,0.0,0.0,0.0,524.8541334895483,524.85元,25.293055011306016,1224.95499999
2025-02-22T22:40:00,2025-02-22T22:50:00,2025-02-22,136,1245.2532814534716,1243.6822797582058,0.0,1243.6822797582058,-1.5710016952657497,0.0,1243.6822797582058,0.4186,520.605402306785,0.6279,0.0,2.093,0.0,0.0,0.0,520.605402306785,520.61元,51.19544643487256,1192.4868333233333
2025-02-22T22:50:00,2025-02-22T23:00:00,2025-02-22,137,1235.3837846225786,1233.8558213402057,0.0,1233.8558213402057,-1.5279632823728662,0.0,1233.8558213402057,0.4241,523.2782538303812,0.63615,0.0,2.1205,0.0,0.0,0.0,523.2782538303812,523.28元,29.558021350205756,1204.29779999
2025-02-22T23:00:00,2025-02-22T23:10:00,2025-02-22,138,1238.0062881226693,1236.520184193364,0.0,1236.520184193364,-1.4861039293052727,0.0,1236.520184193364,0.4237,523.9136020427284,0.6355500000000001,0.0,2.1185,0.0,0.0,0.0,523.9136020427284,523.91元,0.0,1236.520184193364
2025-02-22T23:10:00,2025-02-22T23:20:00,2025-02-22,139,879.4974607665167,879.4974607665167,0.0,879.4974607665167,0.0,0.0,879.4974607665167,0.4248,373.6105213336163,0.6372,0.0,2.124,0.0,0.0,0.0,373.6105213336163,373.61元,0.0,879.4974607665167
2025-02-22T23:20:00,2025-02-22T23:30:00,2025-02-22,140,1245.8847520238337,1244.4789579401277,0.0,1244.4789579401277,-1.4057940837060414,0.0,1244.4789579401277,0.424,527.6590781666141,0.636,0.0,2.12,0.0,0.0,0.0,527.6590781666141,527.66元,21.962874616794345,1222.5160833233333
2025-02-22T23:30:00,2025-02-22T23:40:00,2025-02-22,141,1242.1757258465618,1240.8084442268457,0.0,1240.8084442268457,-1.3672816197160955,0.0,1240.8084442268457,0.422,523.6211634637289,0.633,0.0,2.11,0.0,0.0,0.0,523.6211634637289,523.62元,13.916777570179072,1226.8916666566668
2025-02-22T23:40:00,2025-02-22T23:50:00,2025-02-22,142,1221.0057435000283,1219.6759192752138,0.0,1219.6759192752138,-1.3298242248145016,0.0,1219.6759192752138,0.424,517.1425897726906,0.636,0.0,2.12,0.0,0.0,0.0,517.1425897726906,517.14元,0.0,1219.6759192752138
2025-02-22T23:50:00,2025-02-23T00:00:00,2025-02-22,143,441.1778938066142,441.1778938066142,0.0,441.1778938066142,0.0,0.0,441.1778938066142,0.4271,188.42707844480492,0.6406499999999999,0.0,2.1355,0.0,0.0,0.0,188.42707844480492,188.43元,0.0,441.1778938066142
2025-02-23T00:00:00,2025-02-23T00:10:00,2025-02-22,144,543.8859333333332,543.8859333333332,0.0,543.8859333333332,0.0,0.0,543.8859333333332,0.4276,232.5656250933333,0.6414,0.0,2.138,0.0,0.0,0.0,232.5656250933333,232.57元,0.0,543.8859333333332
2025-02-23T00:10:00,2025-02-23T00:20:00,2025-02-23,1,1415.9073392362025,1415.9073392362025,0.0,1415.9073392362025,0.0,0.0,1415.9073392362025,0.4248,601.4774377075388,0.6372,0.0,2.124,0.0,0.0,0.0,601.4774377075388,601.48元,0.0,1415.9073392362025
2025-02-23T00:20:00,2025-02-23T00:30:00,2025-02-23,2,1403.9788775245263,1403.9788775245263,0.0,1403.9788775245263,0.0,0.0,1403.9788775245263,0.4245,595.9890335091613,0.6367499999999999,0.0,2.1225,0.0,0.0,0.0,595.9890335091613,595.99元,0.0,1403.9788775245263
2025-02-23T00:30:00,2025-02-23T00:40:00,2025-02-23,3,553.8767705497064,553.8767705497064,0.0,553.8767705497064,0.0,0.0,553.8767705497064,0.4269,236.44999334766968,0.64035,0.0,2.1345,0.0,0.0,0.0,236.44999334766968,236.45元,0.0,553.8767705497064
2025-02-23T00:40:00,2025-02-23T00:50:00,2025-02-23,4,585.8698197658138,585.8698197658138,0.0,585.8698197658138,0.0,0.0,585.8698197658138,0.4272,250.28358700395566,0.6408,0.0,2.136,0.0,0.0,0.0,250.28358700395566,250.28元,0.0,585.8698197658138
2025-02-23T00:50:00,2025-02-23T01:00:00,2025-02-23,5,609.9916621755976,609.9916621755976,0.0,609.9916621755976,0.0,0.0,609.9916621755976,0.4271,260.52743891519776,0.6406499999999999,0.0,2.1355,0.0,0.0,0.0,260.52743891519776,260.53元,0.0,609.9916621755976
2025-02-23T01:00:00,2025-02-23T01:10:00,2025-02-23,6,599.8503038253299,599.8503038253299,0.0,599.8503038253299,0.0,0.0,599.8503038253299,0.4285,257.03585518915384,0.6427499999999999,0.0,2.1425,0.0,0.0,0.0,257.03585518915384,257.04元,0.0,599.8503038253299
2025-02-23T01:10:00,2025-02-23T01:20:00,2025-02-23,7,583.357099066165,583.357099066165,0.0,583.357099066165,0.0,0.0,583.357099066165,0.4311,251.48524540742372,0.64665,0.0,2.1555,0.0,0.0,0.0,251.48524540742372,251.49元,0.0,583.357099066165
2025-02-23T01:20:00,2025-02-23T01:30:00,2025-02-23,8,577.7111873129021,577.7111873129021,0.0,577.7111873129021,0.0,0.0,577.7111873129021,0.4302,248.5313527820105,0.6453,0.0,2.1510000000000002,0.0,0.0,0.0,248.5313527820105,248.53元,0.0,577.7111873129021
2025-02-23T01:30:00,2025-02-23T01:40:00,2025-02-23,9,589.9446823002289,589.9446823002289,0.0,589.9446823002289,0.0,0.0,589.9446823002289,0.4279,252.43732955626797,0.64185,0.0,2.1395,0.0,0.0,0.0,252.43732955626797,252.44元,0.0,589.9446823002289
2025-02-23T01:40:00,2025-02-23T01:50:00,2025-02-23,10,612.4392255031743,612.4392255031743,0.0,612.4392255031743,0.0,0.0,612.4392255031743,0.4312,264.08379403696875,0.6468,0.0,2.156,0.0,0.0,0.0,264.08379403696875,264.08元,0.0,612.4392255031743
2025-02-23T01:50:00,2025-02-23T02:00:00,2025-02-23,11,608.6523937218434,608.6523937218434,0.0,608.6523937218434,0.0,0.0,608.6523937218434,0.4333,263.72908219967474,0.64995,0.0,2.1665,0.0,0.0,0.0,263.72908219967474,263.73元,0.0,608.6523937218434
2025-02-23T02:00:00,2025-02-23T02:10:00,2025-02-23,12,585.4623733304962,585.4623733304962,0.0,585.4623733304962,0.0,0.0,585.4623733304962,0.4311,252.39282914277692,0.64665,0.0,2.1555,0.0,0.0,0.0,252.39282914277692,252.39元,0.0,585.4623733304962
2025-02-23T02:10:00,2025-02-23T02:20:00,2025-02-23,13,587.5091078577035,587.5091078577035,0.0,587.5091078577035,0.0,0.0,587.5091078577035,0.4293,252.21766000331212,0.64395,0.0,2.1465,0.0,0.0,0.0,252.21766000331212,252.22元,0.0,587.5091078577035
2025-02-23T02:20:00,2025-02-23T02:30:00,2025-02-23,14,608.1163097309717,608.1163097309717,0.0,608.1163097309717,0.0,0.0,608.1163097309717,0.4324,262.94949232767215,0.6486000000000001,0.0,2.162,0.0,0.0,0.0,262.94949232767215,262.95元,0.0,608.1163097309717
2025-02-23T02:30:00,2025-02-23T02:40:00,2025-02-23,15,625.8936003525669,625.8936003525669,0.0,625.8936003525669,0.0,0.0,625.8936003525669,0.4367,273.3277352739659,0.6550499999999999,0.0,2.1835,0.0,0.0,0.0,273.3277352739659,273.33元,0.0,625.8936003525669
2025-02-23T02:40:00,2025-02-23T02:50:00,2025-02-23,16,626.4044093399282,626.4044093399282,0.0,626.4044093399282,0.0,0.0,626.4044093399282,0.4348,272.3606371810008,0.6522,0.0,2.174,0.0,0.0,0.0,272.3606371810008,272.36元,0.0,626.4044093399282
2025-02-23T02:50:00,2025-02-23T03:00:00,2025-02-23,17,627.107104597392,627.107104597392,0.0,627.107104597392,0.0,0.0,627.107104597392,0.4335,271.85092984296944,0.65025,0.0,2.1675,0.0,0.0,0.0,271.85092984296944,271.85元,0.0,627.107104597392
2025-02-23T03:00:00,2025-02-23T03:10:00,2025-02-23,18,625.2971957192885,625.2971957192885,0.0,625.2971957192885,0.0,0.0,625.2971957192885,0.4357,272.441988174894,0.65355,0.0,2.1784999999999997,0.0,0.0,0.0,272.441988174894,272.44元,0.0,625.2971957192885
2025-02-23T03:10:00,2025-02-23T03:20:00,2025-02-23,19,606.4026182244559,606.4026182244559,0.0,606.4026182244559,0.0,0.0,606.4026182244559,0.4374,265.240505211377,0.6561,0.0,2.1870000000000003,0.0,0.0,0.0,265.240505211377,265.24元,0.0,606.4026182244559
2025-02-23T03:20:00,2025-02-23T03:30:00,2025-02-23,20,617.9602411222332,617.9602411222332,0.0,617.9602411222332,0.0,0.0,617.9602411222332,0.4371,270.11042139452815,0.65565,0.0,2.1854999999999998,0.0,0.0,0.0,270.11042139452815,270.11元,0.0,617.9602411222332
2025-02-23T03:30:00,2025-02-23T03:40:00,2025-02-23,21,654.5130353099754,654.5130353099754,0.0,654.5130353099754,0.0,0.0,654.5130353099754,0.4356,285.1058781810253,0.6534,0.0,2.178,0.0,0.0,0.0,285.1058781810253,285.11元,0.0,654.5130353099754
2025-02-23T03:40:00,2025-02-23T03:50:00,2025-02-23,22,658.0324053021457,658.0324053021457,0.0,658.0324053021457,0.0,0.0,658.0324053021457,0.4353,286.44150602802404,0.65295,0.0,2.1765,0.0,0.0,0.0,286.44150602802404,286.44元,0.0,658.0324053021457
2025-02-23T03:50:00,2025-02-23T04:00:00,2025-02-23,23,636.0042959576964,636.0042959576964,0.0,636.0042959576964,0.0,0.0,636.0042959576964,0.436,277.29787303755563,0.654,0.0,2.18,0.0,0.0,0.0,277.29787303755563,277.30元,0.0,636.0042959576964
2025-02-23T04:00:00,2025-02-23T04:10:00,2025-02-23,24,623.9535550391208,623.9535550391208,0.0,623.9535550391208,0.0,0.0,623.9535550391208,0.4378,273.1668663961271,0.6567000000000001,0.0,2.189,0.0,0.0,0.0,273.1668663961271,273.17元,0.0,623.9535550391208
2025-02-23T04:10:00,2025-02-23T04:20:00,2025-02-23,25,649.117102436553,649.117102436553,0.0,649.117102436553,0.0,0.0,649.117102436553,0.4401,285.67643678232696,0.66015,0.0,2.2005,0.0,0.0,0.0,285.67643678232696,285.68元,0.0,649.117102436553
2025-02-23T04:20:00,2025-02-23T04:30:00,2025-02-23,26,664.0882868902945,664.0882868902945,0.0,664.0882868902945,0.0,0.0,664.0882868902945,0.4389,291.46834911615025,0.65835,0.0,2.1945,0.0,0.0,0.0,291.46834911615025,291.47元,0.0,664.0882868902945
2025-02-23T04:30:00,2025-02-23T04:40:00,2025-02-23,27,650.987766045145,650.987766045145,0.0,650.987766045145,0.0,0.0,650.987766045145,0.4364,284.09106110210126,0.6546000000000001,0.0,2.182,0.0,0.0,0.0,284.09106110210126,284.09元,0.0,650.987766045145
2025-02-23T04:40:00,2025-02-23T04:50:00,2025-02-23,28,640.7050890574885,640.7050890574885,0.0,640.7050890574885,0.0,0.0,640.7050890574885,0.4393,281.4617456229547,0.65895,0.0,2.1965000000000003,0.0,0.0,0.0,281.4617456229547,281.46元,0.0,640.7050890574885
2025-02-23T04:50:00,2025-02-23T05:00:00,2025-02-23,29,663.2372047087925,663.2372047087925,0.0,663.2372047087925,0.0,0.0,663.2372047087925,0.4422,293.28349192222805,0.6633,0.0,2.211,0.0,0.0,0.0,293.28349192222805,293.28元,0.0,663.2372047087925
2025-02-23T05:00:00,2025-02-23T05:10:00,2025-02-23,30,685.5683519980513,685.5683519980513,0.0,685.5683519980513,0.0,0.0,685.5683519980513,0.4395,301.30729070314356,0.65925,0.0,2.1975,0.0,0.0,0.0,301.30729070314356,301.31元,0.0,685.5683519980513
2025-02-23T05:10:00,2025-02-23T05:20:00,2025-02-23,31,650.2109796325518,650.2109796325518,0.0,650.2109796325518,0.0,0.0,650.2109796325518,0.4333,281.73641747478473,0.64995,0.0,2.1665,0.0,0.0,0.0,281.73641747478473,281.74元,0.0,650.2109796325518
2025-02-23T05:20:00,2025-02-23T05:30:00,2025-02-23,32,645.1979414233513,645.1979414233513,0.0,645.1979414233513,0.0,0.0,645.1979414233513,0.4439,286.4033661978256,0.66585,0.0,2.2195,0.0,0.0,0.0,286.4033661978256,286.40元,0.0,645.1979414233513
2025-02-23T05:30:00,2025-02-23T05:40:00,2025-02-23,33,667.4075986230926,667.4075986230926,0.0,667.4075986230926,0.0,0.0,667.4075986230926,0.4301,287.0520081677921,0.64515,0.0,2.1505,0.0,0.0,0.0,287.0520081677921,287.05元,0.0,667.4075986230926
2025-02-23T05:40:00,2025-02-23T05:50:00,2025-02-23,34,1478.0245698591687,1478.0245698591687,0.0,1478.0245698591687,0.0,0.0,1478.0245698591687,0.3713,548.7905227887094,0.5569500000000001,0.0,1.8565,0.0,0.0,0.0,548.7905227887094,548.79元,11.432986535835305,1466.5915833233335
2025-02-23T05:50:00,2025-02-23T06:00:00,2025-02-23,35,730.4171774277265,730.4171774277265,0.0,730.4171774277265,0.0,0.0,730.4171774277265,0.5708,416.9221248757463,0.8562,0.0,2.854,0.0,0.0,0.0,416.9221248757463,416.92元,0.0,730.4171774277265
2025-02-23T06:00:00,2025-02-23T06:10:00,2025-02-23,36,141.28929704644156,141.28929704644156,0.0,141.28929704644156,0.0,0.0,141.28929704644156,0.9099,128.55913138255718,1.3648500000000001,0.0,4.5495,0.0,71.85648394556063,32.69110737103281,161.25023875359,161.25元,0.0,141.28929704644156
2025-02-23T06:10:00,2025-02-23T06:20:00,2025-02-23,37,134.50595138706956,134.50595138706956,0.0,134.50595138706956,0.0,0.0,134.50595138706956,0.9368,126.00517525940676,1.4052,0.0,4.684,0.0,0.0,0.0,126.00517525940676,126.01元,0.0,134.50595138706956
2025-02-23T06:20:00,2025-02-23T06:30:00,2025-02-23,38,89.13546703501345,89.13546703501345,0.0,89.13546703501345,0.0,4.266966308319858,93.4024333433333,0.8758,78.06484202926478,1.3137,0.0,4.3790000000000004,18.685045464132656,0.0,0.0,96.74988749339744,96.75元,0.0,93.4024333433333
2025-02-23T06:30:00,2025-02-23T06:40:00,2025-02-23,39,99.9849728332639,99.9849728332639,0.0,99.9849728332639,0.0,0.0,99.9849728332639,0.8759,87.57683770465584,1.31385,0.0,4.3795,0.0,0.0,0.0,87.57683770465584,87.58元,0.0,99.9849728332639
2025-02-23T06:40:00,2025-02-23T06:50:00,2025-02-23,40,71.5000905987688,71.5000905987688,0.0,71.5000905987688,0.0,0.0,71.5000905987688,0.8601,61.49722792400104,1.29015,0.0,4.3004999999999995,0.0,0.0,0.0,61.49722792400104,61.50元,0.0,71.5000905987688
2025-02-23T06:50:00,2025-02-23T07:00:00,2025-02-23,41,466.0871948993701,466.0871948993701,258.7916073415292,724.8788022408993,258.7916073415292,0.0,724.8788022408993,0.8442,393.4708099340482,1.2663,327.7078123765784,4.221,0.0,0.0,0.0,721.1786223106267,721.18元,0.0,724.8788022408993
2025-02-23T07:00:00,2025-02-23T07:10:00,2025-02-23,42,526.7765436752578,526.7765436752578,0.0,526.7765436752578,0.0,0.0,526.7765436752578,0.8334,439.0155714989599,1.2501,0.0,4.167,0.0,0.0,0.0,439.0155714989599,439.02元,0.0,526.7765436752578
2025-02-23T07:10:00,2025-02-23T07:20:00,2025-02-23,43,520.8851212935347,520.8851212935347,0.0,520.8851212935347,0.0,0.0,520.8851212935347,0.8092,421.50024015072825,1.2138,0.0,4.046,0.0,0.0,0.0,421.50024015072825,421.50元,0.0,520.8851212935347
2025-02-23T07:20:00,2025-02-23T07:30:00,2025-02-23,44,500.63107797309084,500.63107797309084,0.0,500.63107797309084,0.0,0.0,500.63107797309084,0.7972,399.103095360148,1.1958,0.0,3.986,0.0,0.0,0.0,399.103095360148,399.10元,0.0,500.63107797309084
2025-02-23T07:30:00,2025-02-23T07:40:00,2025-02-23,45,463.1675608383567,463.1675608383567,0.0,463.1675608383567,0.0,0.0,463.1675608383567,0.7644,354.04528350483986,1.1465999999999998,0.0,3.822,0.0,0.0,0.0,354.04528350483986,354.05元,0.0,463.1675608383567
2025-02-23T07:40:00,2025-02-23T07:50:00,2025-02-23,46,441.2550333760389,441.2550333760389,112.01645114537655,553.2714845214155,112.01645114537655,0.0,553.2714845214155,0.6899,304.4218475261292,1.03485,115.92022446779292,3.4494999999999996,0.0,0.0,0.0,420.34207199392216,420.34元,0.0,553.2714845214155
2025-02-23T07:50:00,2025-02-23T08:00:00,2025-02-23,47,0.0,0.0,0.0,0.0,0.0,0.0,0.0,0.86,0.0,1.29,0.0,4.3,0.0,0.0,0.0,0.0,0.00元,0.0,0.0
2025-02-23T08:00:00,2025-02-23T08:10:00,2025-02-23,48,0.0,0.0,0.0,0.0,0.0,0.0,0.0,1.1617,0.0,1.74255,0.0,5.8084999999999996,0.0,0.0,0.0,0.0,0.00元,0.0,0.0
2025-02-23T08:10:00,2025-02-23T08:20:00,2025-02-23,49,0.0,0.0,0.0,0.0,0.0,0.0,0.0,1.1683,0.0,1.7524499999999998,0.0,5.8415,0.0,0.0,0.0,0.0,0.00元,0.0,0.0
2025-02-23T08:20:00,2025-02-23T08:30:00,2025-02-23,50,0.0,0.0,0.0,0.0,0.0,0.0,0.0,1.0956,0.0,1.6433999999999997,0.0,5.478,0.0,0.0,0.0,0.0,0.00元,0.0,0.0
2025-02-23T08:30:00,2025-02-23T08:40:00,2025-02-23,51,0.0,0.0,0.0,0.0,0.0,0.0,0.0,1.0849,0.0,1.6273499999999999,0.0,5.4245,0.0,0.0,0.0,0.0,0.00元,0.0,0.0
2025-02-23T08:40:00,2025-02-23T08:50:00,2025-02-23,52,0.0,0.0,0.0,0.0,0.0,0.0,0.0,1.061,0.0,1.5915,0.0,5.305,0.0,0.0,0.0,0.0,0.00元,0.0,0.0
2025-02-23T08:50:00,2025-02-23T09:00:00,2025-02-23,53,0.0,0.0,0.0,0.0,0.0,0.0,0.0,1.043,0.0,1.5644999999999998,0.0,5.215,0.0,0.0,0.0,0.0,0.00元,0.0,0.0
2025-02-23T09:00:00,2025-02-23T09:10:00,2025-02-23,54,0.0,0.0,0.0,0.0,0.0,0.0,0.0,1.036,0.0,1.554,0.0,5.18,0.0,0.0,0.0,0.0,0.00元,0.0,0.0
2025-02-23T09:10:00,2025-02-23T09:20:00,2025-02-23,55,0.0,0.0,0.0,0.0,0.0,204.08638259284407,204.08638259284407,1.0147,0.0,1.52205,0.0,5.073499999999999,1035.4322620847943,0.0,0.0,1035.4322620847943,1035.43元,0.0,204.08638259284407
2025-02-23T09:20:00,2025-02-23T09:30:00,2025-02-23,56,0.0,0.0,0.0,0.0,0.0,301.3055,301.3055,0.9922,0.0,1.4883,0.0,4.961,1494.7765854999998,0.0,0.0,1494.7765854999998,1494.78元,0.0,301.3055
2025-02-23T09:30:00,2025-02-23T09:40:00,2025-02-23,57,0.0,0.0,0.0,0.0,0.0,264.1187499999999,264.1187499999999,0.97,0.0,1.455,0.0,4.85,1280.9759374999994,0.0,0.0,1280.9759374999994,1280.98元,0.0,264.1187499999999
2025-02-23T09:40:00,2025-02-23T09:50:00,2025-02-23,58,0.0,0.0,0.0,0.0,0.0,242.95356666666675,242.95356666666675,0.9422,0.0,1.4133,0.0,4.711,1144.5542525666672,0.0,0.0,1144.5542525666672,1144.55元,0.0,242.95356666666675
2025-02-23T09:50:00,2025-02-23T10:00:00,2025-02-23,59,0.0,0.0,0.0,0.0,0.0,222.00005000000004,222.00005000000004,0.9569,0.0,1.43535,0.0,4.7844999999999995,1062.1592392250002,0.0,0.0,1062.1592392250002,1062.16元,0.0,222.00005000000004
2025-02-23T10:00:00,2025-02-23T10:10:00,2025-02-23,60,0.0,0.0,0.0,0.0,0.0,206.19333333333333,206.19333333333333,0.9977,0.0,1.49655,0.0,4.9885,1028.5954433333334,0.0,0.0,1028.5954433333334,1028.60元,0.0,206.19333333333333
2025-02-23T10:10:00,2025-02-23T10:20:00,2025-02-23,61,0.0,0.0,0.0,0.0,0.0,215.82878333333343,215.82878333333343,0.9919,0.0,1.48785,0.0,4.9595,1070.402850941667,0.0,0.0,1070.402850941667,1070.40元,0.0,215.82878333333343
2025-02-23T10:20:00,2025-02-23T10:30:00,2025-02-23,62,0.0,0.0,0.0,0.0,0.0,169.86711666666673,169.86711666666673,0.9588,0.0,1.4382,0.0,4.794,814.3429573000003,0.0,0.0,814.3429573000003,814.34元,0.0,169.86711666666673
2025-02-23T10:30:00,2025-02-23T10:40:00,2025-02-23,63,0.0,0.0,0.0,0.0,0.0,70.23500000000016,70.23500000000016,0.9549,0.0,1.43235,0.0,4.7745,335.3370075000007,0.0,0.0,335.3370075000007,335.34元,0.0,70.23500000000016
2025-02-23T10:40:00,2025-02-23T10:50:00,2025-02-23,64,0.0,0.0,0.0,0.0,0.0,2.7593166666668285,2.7593166666668285,0.9839,0.0,1.4758499999999999,0.0,4.9195,13.574458341667462,0.0,0.0,13.574458341667462,13.57元,0.0,2.7593166666668285
2025-02-23T10:50:00,2025-02-23T11:00:00,2025-02-23,65,0.0,0.0,0.0,0.0,0.0,0.0,0.0,0.799,0.0,1.1985000000000001,0.0,3.995,0.0,0.0,0.0,0.0,0.00元,0.0,0.0
2025-02-23T11:00:00,2025-02-23T11:10:00,2025-02-23,66,538.1410768227366,538.1410768227366,88.23288801806007,626.3739648407967,88.23288801806007,0.0,626.3739648407967,0.5025,270.4158911034251,0.7537499999999999,66.50553934361277,2.5124999999999997,0.0,0.0,0.0,336.9214304470379,336.92元,0.0,626.3739648407967
2025-02-23T11:10:00,2025-02-23T11:20:00,2025-02-23,67,795.5900207806702,790.4836413980898,0.0,790.4836413980898,-5.106379382580371,0.0,790.4836413980898,0.4662,368.5234736197895,0.6993,0.0,2.331,0.0,0.0,0.0,368.5234736197895,368.52元,0.0,790.4836413980898
2025-02-23T11:20:00,2025-02-23T11:30:00,2025-02-23,68,753.4177637172166,749.3013549393819,0.0,749.3013549393819,-4.116408777834749,0.0,749.3013549393819,0.5007,375.17518841814854,0.75105,0.0,2.5035000000000003,0.0,0.0,0.0,375.17518841814854,375.18元,0.0,749.3013549393819
2025-02-23T11:30:00,2025-02-23T11:40:00,2025-02-23,69,737.1364947815554,733.3008599058577,0.0,733.3008599058577,-3.8356348756976786,0.0,733.3008599058577,0.4827,353.96432507655754,0.7240500000000001,0.0,2.4135,0.0,0.0,0.0,353.96432507655754,353.96元,0.0,733.3008599058577
2025-02-23T11:40:00,2025-02-23T11:50:00,2025-02-23,70,771.2398131982649,767.4070942496897,0.0,767.4070942496897,-3.8327189485751205,0.0,767.4070942496897,0.4785,367.2042945984765,0.71775,0.0,2.3925,0.0,0.0,0.0,367.2042945984765,367.20元,0.0,767.4070942496897
2025-02-23T11:50:00,2025-02-23T12:00:00,2025-02-23,71,770.1092235235955,766.5112306957566,0.0,766.5112306957566,-3.5979928278388797,0.0,766.5112306957566,0.4662,357.3475357503617,0.6993,0.0,2.331,0.0,0.0,0.0,357.3475357503617,357.35元,0.0,766.5112306957566
2025-02-23T12:00:00,2025-02-23T12:10:00,2025-02-23,72,768.9575550685946,709.5198453268005,0.0,709.5198453268005,-59.43770974179415,0.0,709.5198453268005,0.4432,314.45919544883793,0.6648,0.0,2.2159999999999997,0.0,919.3305756820706,203.72365557114685,518.1828510199848,518.18元,0.0,709.5198453268005
2025-02-23T12:10:00,2025-02-23T12:20:00,2025-02-23,73,747.6763594465989,687.9894424632765,0.0,687.9894424632765,-59.68691698332236,0.0,687.9894424632765,0.4411,303.4721430705513,0.66165,0.0,2.2055,0.0,0.0,0.0,303.4721430705513,303.47元,0.0,687.9894424632765
2025-02-23T12:20:00,2025-02-23T12:30:00,2025-02-23,74,748.3913164824697,688.5042010567571,0.0,688.5042010567571,-59.887115425712636,0.0,688.5042010567571,0.4551,313.33826190093015,0.68265,0.0,2.2755,0.0,0.0,0.0,313.33826190093015,313.34元,0.0,688.5042010567571
2025-02-23T12:30:00,2025-02-23T12:40:00,2025-02-23,75,753.2478063801758,693.1714493260478,0.0,693.1714493260478,-60.07635705412804,0.0,693.1714493260478,0.4463,309.3624178342151,0.66945,0.0,2.2315,0.0,0.0,0.0,309.3624178342151,309.36元,0.0,693.1714493260478
2025-02-23T12:40:00,2025-02-23T12:50:00,2025-02-23,76,757.0452153082753,696.9300890054986,0.0,696.9300890054986,-60.115126302776616,0.0,696.9300890054986,0.4113,286.6473456079616,0.61695,0.0,2.0564999999999998,0.0,0.0,0.0,286.6473456079616,286.65元,0.0,696.9300890054986
2025-02-23T12:50:00,2025-02-23T13:00:00,2025-02-23,77,0.0,0.0,703.5952549917688,703.5952549917688,703.5952549917688,0.0,703.5952549917688,0.5682,0.0,0.8523000000000001,599.6742358294846,2.841,0.0,0.0,0.0,599.6742358294846,599.67元,0.0,703.5952549917688
2025-02-23T13:00:00,2025-02-23T13:10:00,2025-02-23,78,53.722800496228956,53.722800496228956,0.0,53.722800496228956,0.0,0.0,53.722800496228956,0.8279,44.47710653082795,1.24185,0.0,4.1395,0.0,0.0,0.0,44.47710653082795,44.48元,0.0,53.722800496228956
2025-02-23T13:10:00,2025-02-23T13:20:00,2025-02-23,79,66.82004863927364,66.82004863927364,0.0,66.82004863927364,0.0,0.0,66.82004863927364,0.8636,57.705794004876715,1.2954,0.0,4.3180000000000005,0.0,0.0,0.0,57.705794004876715,57.71元,0.0,66.82004863927364
2025-02-23T13:20:00,2025-02-23T13:30:00,2025-02-23,80,54.55636390232564,54.55636390232564,0.0,54.55636390232564,0.0,0.0,54.55636390232564,0.8416,45.914635860197265,1.2624,0.0,4.208,0.0,0.0,0.0,45.914635860197265,45.91元,0.0,54.55636390232564
2025-02-23T13:30:00,2025-02-23T13:40:00,2025-02-23,81,41.73384546712896,41.73384546712896,0.0,41.73384546712896,0.0,0.0,41.73384546712896,0.8618,35.96622802357174,1.2927,0.0,4.309,0.0,0.0,0.0,35.96622802357174,35.97元,0.0,41.73384546712896
2025-02-23T13:40:00,2025-02-23T13:50:00,2025-02-23,82,61.32614225599332,61.32614225599332,0.0,61.32614225599332,0.0,0.0,61.32614225599332,0.8623,52.881532467343035,1.29345,0.0,4.3115,0.0,0.0,0.0,52.881532467343035,52.88元,0.0,61.32614225599332
2025-02-23T13:50:00,2025-02-23T14:00:00,2025-02-23,83,0.0,0.0,0.0,0.0,0.0,0.0,0.0,0.9026,0.0,1.3538999999999999,0.0,4.513,0.0,0.0,0.0,0.0,0.00元,0.0,0.0
2025-02-23T14:00:00,2025-02-23T14:10:00,2025-02-23,84,0.0,0.0,0.0,0.0,0.0,0.0,0.0,0.9754,0.0,1.4631,0.0,4.877000000000001,0.0,0.0,0.0,0.0,0.00元,0.0,0.0
2025-02-23T14:10:00,2025-02-23T14:20:00,2025-02-23,85,0.0,0.0,0.0,0.0,0.0,0.0,0.0,1.0002,0.0,1.5003,0.0,5.0009999999999994,0.0,0.0,0.0,0.0,0.00元,0.0,0.0
2025-02-23T14:20:00,2025-02-23T14:30:00,2025-02-23,86,0.0,0.0,0.0,0.0,0.0,0.0,0.0,0.9978,0.0,1.4967000000000001,0.0,4.989,0.0,0.0,0.0,0.0,0.00元,0.0,0.0
2025-02-23T14:30:00,2025-02-23T14:40:00,2025-02-23,87,0.0,0.0,0.0,0.0,0.0,0.0,0.0,1.0271,0.0,1.5406499999999999,0.0,5.1354999999999995,0.0,0.0,0.0,0.0,0.00元,0.0,0.0
2025-02-23T14:40:00,2025-02-23T14:50:00,2025-02-23,88,0.0,0.0,0.0,0.0,0.0,0.0,0.0,1.0906,0.0,1.6359,0.0,5.453,0.0,0.0,0.0,0.0,0.00元,0.0,0.0
2025-02-23T14:50:00,2025-02-23T15:00:00,2025-02-23,89,0.0,0.0,0.0,0.0,0.0,0.0,0.0,0.9376,0.0,1.4064,0.0,4.688,0.0,0.0,0.0,0.0,0.00元,0.0,0.0
2025-02-23T15:00:00,2025-02-23T15:10:00,2025-02-23,90,1314.5891085944222,1269.5575597480156,0.0,1269.5575597480156,-45.03154884640662,0.0,1269.5575597480156,0.6694,849.8418304953217,1.0041,0.0,3.347,0.0,0.0,0.0,849.8418304953217,849.84元,0.0,1269.5575597480156
2025-02-23T15:10:00,2025-02-23T15:20:00,2025-02-23,91,1317.1765932176386,1272.6296016936444,0.0,1272.6296016936444,-44.546991523994166,0.0,1272.6296016936444,0.66,839.9355371178053,0.99,0.0,3.3000000000000003,0.0,0.0,0.0,839.9355371178053,839.94元,0.0,1272.6296016936444
2025-02-23T15:20:00,2025-02-23T15:30:00,2025-02-23,92,778.1187545007534,778.1187545007534,0.0,778.1187545007534,0.0,0.0,778.1187545007534,0.7217,561.5683051231938,1.08255,0.0,3.6085000000000003,0.0,0.0,0.0,561.5683051231938,561.57元,0.0,778.1187545007534
2025-02-23T15:30:00,2025-02-23T15:40:00,2025-02-23,93,519.6707352767373,519.6707352767373,0.0,519.6707352767373,0.0,0.0,519.6707352767373,0.7308,379.77537334023964,1.0962,0.0,3.654,0.0,0.0,0.0,379.77537334023964,379.78元,0.0,519.6707352767373
2025-02-23T15:40:00,2025-02-23T15:50:00,2025-02-23,94,522.8653412609763,522.8653412609763,0.0,522.8653412609763,0.0,0.0,522.8653412609763,0.7534,393.9267481060195,1.1300999999999999,0.0,3.767,0.0,0.0,0.0,393.9267481060195,393.93元,0.0,522.8653412609763
2025-02-23T15:50:00,2025-02-23T16:00:00,2025-02-23,95,545.1040269369596,545.1040269369596,0.0,545.1040269369596,0.0,0.0,545.1040269369596,0.7823,426.4348802727835,1.1734499999999999,0.0,3.9115,0.0,0.0,0.0,426.4348802727835,426.43元,0.0,545.1040269369596
2025-02-23T16:00:00,2025-02-23T16:10:00,2025-02-23,96,750.0282720951038,750.0282720951038,4.848214750473744,754.8764868455776,4.848214750473744,0.0,754.8764868455776,0.8055,604.1477731726061,1.20825,5.857855472259901,4.0275,0.0,0.0,0.0,610.0056286448661,610.01元,0.0,754.8764868455776
2025-02-23T16:10:00,2025-02-23T16:20:00,2025-02-23,97,766.9343489981186,766.9343489981186,5.654031481136826,772.5883804792554,5.654031481136826,0.0,772.5883804792554,0.8271,634.3314000563438,1.24065,7.014674157072403,4.1354999999999995,0.0,0.0,0.0,641.3460742134163,641.35元,0.0,772.5883804792554
2025-02-23T16:20:00,2025-02-23T16:30:00,2025-02-23,98,781.6618151929232,781.6618151929232,6.497216021875488,788.1590312147987,6.497216021875488,0.0,788.1590312147987,0.8519,665.8977003628513,1.27785,8.302467493553593,4.2595,0.0,0.0,0.0,674.2001678564048,674.20元,0.0,788.1590312147987
2025-02-23T16:30:00,2025-02-23T16:40:00,2025-02-23,99,801.4616482091876,801.4616482091876,7.357888446945935,808.8195366561336,7.357888446945935,0.0,808.8195366561336,0.8791,704.5649349406968,1.3186499999999999,9.702479600565258,4.3955,0.0,0.0,0.0,714.267414541262,714.27元,0.0,808.8195366561336
2025-02-23T16:40:00,2025-02-23T16:50:00,2025-02-23,100,813.1014928417497,813.1014928417497,8.258241624587868,821.3597344663376,8.258241624587868,0.0,821.3597344663376,0.9024,733.742787140395,1.3536,11.178355863042137,4.512,0.0,0.0,0.0,744.921143003437,744.92元,0.0,821.3597344663376
2025-02-23T16:50:00,2025-02-23T17:00:00,2025-02-23,101,833.4202230349002,833.4202230349002,9.124295249846796,842.544518284747,9.124295249846796,0.0,842.544518284747,0.9163,763.662950366879,1.37445,12.540887606151928,4.5815,0.0,0.0,0.0,776.2038379730311,776.20元,0.0,842.544518284747
2025-02-23T17:00:00,2025-02-23T17:10:00,2025-02-23,102,976.1001832705895,976.1001832705895,2.612320736763081,978.7125040073525,2.612320736763081,0.0,978.7125040073525,0.9264,904.2592097818741,1.3896,3.630080895805978,4.632,0.0,0.0,0.0,907.88929067768,907.89元,0.0,978.7125040073525
2025-02-23T17:10:00,2025-02-23T17:20:00,2025-02-23,103,988.8110656889559,988.8110656889559,3.3195261254120396,992.1305918143679,3.3195261254120396,0.0,992.1305918143679,0.9462,935.61303035489,1.4193,4.711403429797308,4.731,0.0,0.0,0.0,940.3244337846874,940.32元,0.0,992.1305918143679
2025-02-23T17:20:00,2025-02-23T17:30:00,2025-02-23,104,988.543921082304,988.543921082304,3.981077164768976,992.524998247073,3.981077164768976,0.0,992.524998247073,0.9742,963.0394879183805,1.4613,5.817548060876905,4.8709999999999996,0.0,0.0,0.0,968.8570359792574,968.86元,0.0,992.524998247073
2025-02-23T17:30:00,2025-02-23T17:40:00,2025-02-23,105,1009.3726657266644,1009.3726657266644,4.415384968667695,1013.7880506953321,4.415384968667695,0.0,1013.7880506953321,0.9862,995.4433229396365,1.4792999999999998,6.531678984150121,4.931,0.0,0.0,0.0,1001.9750019237865,1001.98元,0.0,1013.7880506953321
2025-02-23T17:40:00,2025-02-23T17:50:00,2025-02-23,106,1055.9203266905124,1055.9203266905124,4.3401235183339395,1060.2604502088464,4.3401235183339395,0.0,1060.2604502088464,0.976,1030.5782388499401,1.464,6.353940830840887,4.88,0.0,0.0,0.0,1036.932179680781,1036.93元,0.0,1060.2604502088464
2025-02-23T17:50:00,2025-02-23T18:00:00,2025-02-23,107,931.1901584689521,931.1901584689521,4.206444284145846,935.3966027530979,4.206444284145846,0.0,935.3966027530979,1.0742,1000.2844682273484,1.6113,6.777843675044202,5.371,0.0,0.0,0.0,1007.0623119023926,1007.06元,0.0,935.3966027530979
2025-02-23T18:00:00,2025-02-23T18:10:00,2025-02-23,108,707.6681154506153,707.6681154506153,9.24843454938457,716.9165499999999,9.24843454938457,0.0,716.9165499999999,1.2313,871.3517505543427,1.84695,17.08139619098583,6.1565,0.0,19.348363846756,11.911820202255333,900.3449669475838,900.34元,0.0,716.9165499999999
2025-02-23T18:10:00,2025-02-23T18:20:00,2025-02-23,109,680.2723966579705,680.2723966579705,8.995068849048835,689.2674655070193,8.995068849048835,0.0,689.2674655070193,1.2561,854.4901574420767,1.88415,16.94805897193536,6.2805,0.0,0.0,0.0,871.4382164140121,871.44元,0.0,689.2674655070193
2025-02-23T18:20:00,2025-02-23T18:30:00,2025-02-23,110,725.3224112032268,725.3224112032268,8.746372095955962,734.0687832991828,8.746372095955962,0.0,734.0687832991828,1.2447,902.8088052246563,1.8670499999999999,16.32991402175458,6.2235,0.0,0.0,0.0,919.1387192464108,919.14元,0.0,734.0687832991828
2025-02-23T18:30:00,2025-02-23T18:40:00,2025-02-23,111,733.5911885367341,733.5911885367341,8.50897055122607,742.1001590879602,8.50897055122607,0.0,742.1001590879602,1.2545,920.2901460193328,1.8817499999999998,16.011755334769656,6.2725,0.0,0.0,0.0,936.3019013541026,936.30元,0.0,742.1001590879602
2025-02-23T18:40:00,2025-02-23T18:50:00,2025-02-23,112,722.582053973809,722.582053973809,8.275862853773674,730.8579168275827,8.275862853773674,0.0,730.8579168275827,1.2522,904.8172479860036,1.8782999999999999,15.544553198243092,6.261,0.0,0.0,0.0,920.3618011842468,920.36元,0.0,730.8579168275827
2025-02-23T18:50:00,2025-02-23T19:00:00,2025-02-23,113,68.13727606018983,68.13727606018983,112.72526485338017,180.86254091357,112.72526485338017,0.0,180.86254091357,1.2881,87.76762529313052,1.93215,217.8021204864585,6.4405,0.0,0.0,0.0,305.569745779589,305.57元,0.0,180.86254091357
2025-02-23T19:00:00,2025-02-23T19:10:00,2025-02-23,114,18.67884968974613,18.67884968974613,14.619281505933941,33.29813119568007,14.619281505933941,0.0,33.29813119568007,1.3466,25.15293899221214,2.0199,29.52948671383597,6.7330000000000005,0.0,0.0,0.0,54.68242570604811,54.68元,0.0,33.29813119568007
2025-02-23T19:10:00,2025-02-23T19:20:00,2025-02-23,115,34.42038363510278,34.42038363510278,8.137611941863952,42.55799557696673,8.137611941863952,0.0,42.55799557696673,1.3523,46.54668478974949,2.0284500000000003,16.506738943473934,6.7615,0.0,0.0,0.0,63.053423733223426,63.05元,0.0,42.55799557696673
2025-02-23T19:20:00,2025-02-23T19:30:00,2025-02-23,116,29.252714038964655,29.252714038964655,6.220449061905583,35.47316310087024,6.220449061905583,0.0,35.47316310087024,1.3445,39.33027402538798,2.01675,12.545090645598085,6.7225,0.0,0.0,0.0,51.875364670986066,51.88元,0.0,35.47316310087024
2025-02-23T19:30:00,2025-02-23T19:40:00,2025-02-23,117,2.271606697614857,2.271606697614857,13.661776936166802,15.93338363378166,13.661776936166802,0.0,15.93338363378166,1.3483,3.0628073103941116,2.02245,27.630260764550552,6.7415,0.0,0.0,0.0,30.693068074944662,30.69元,0.0,15.93338363378166
2025-02-23T19:40:00,2025-02-23T19:50:00,2025-02-23,118,7.580042552111195,7.580042552111195,7.0827142302484845,14.66275678235968,7.0827142302484845,0.0,14.66275678235968,1.349,10.225477402798,2.0235,14.331872244907808,6.745,0.0,0.0,0.0,24.55734964770581,24.56元,0.0,14.66275678235968
2025-02-23T19:50:00,2025-02-23T20:00:00,2025-02-23,119,10.56490179467346,10.56490179467346,14.618796907266415,25.183698701939875,14.618796907266415,0.0,25.183698701939875,1.3473,14.234092187963553,2.02095,29.54385760974006,6.7364999999999995,0.0,0.0,0.0,43.77794979770361,43.78元,0.0,25.183698701939875
2025-02-23T20:00:00,2025-02-23T20:10:00,2025-02-23,120,12.906927075349586,12.906927075349586,7.37480031746793,20.281727392817515,7.37480031746793,0.0,20.281727392817515,1.3482,17.401119082986312,2.0223,14.914058682015394,6.7410000000000005,0.0,0.0,0.0,32.31517776500171,32.32元,0.0,20.281727392817515
2025-02-23T20:10:00,2025-02-23T20:20:00,2025-02-23,121,0.0,0.0,4.910752241176169,4.910752241176169,4.910752241176169,0.0,4.910752241176169,1.3513,0.0,2.02695,9.953849255252036,6.7565,0.0,0.0,0.0,9.953849255252036,9.95元,0.0,4.910752241176169
2025-02-23T20:20:00,2025-02-23T20:30:00,2025-02-23,122,0.0,0.0,0.0,0.0,0.0,0.0,0.0,1.34,0.0,2.0100000000000002,0.0,6.7,0.0,0.0,0.0,0.0,0.00元,0.0,0.0
2025-02-23T20:30:00,2025-02-23T20:40:00,2025-02-23,123,0.0,0.0,0.0,0.0,0.0,0.0,0.0,1.3489,0.0,2.0233499999999998,0.0,6.7445,0.0,0.0,0.0,0.0,0.00元,0.0,0.0
2025-02-23T20:40:00,2025-02-23T20:50:00,2025-02-23,124,8.88296741473971,8.88296741473971,4.381069515495938,13.264036930235648,4.381069515495938,0.0,13.264036930235648,1.3952,12.393516137044843,2.0928,9.168702282029898,6.976,0.0,0.0,0.0,21.562218419074743,21.56元,0.0,13.264036930235648
2025-02-23T20:50:00,2025-02-23T21:00:00,2025-02-23,125,709.8418482441439,709.8418482441439,0.0,709.8418482441439,0.0,0.0,709.8418482441439,1.2226,867.8526436632902,1.8338999999999999,0.0,6.1129999999999995,0.0,0.0,0.0,867.8526436632902,867.85元,0.0,709.8418482441439
2025-02-23T21:00:00,2025-02-23T21:10:00,2025-02-23,126,692.9713791669899,692.9713791669899,2.024308291772968,694.9956874587629,2.024308291772968,0.0,694.9956874587629,0.9332,646.680891038635,1.3998,2.833626746823801,4.666,0.0,0.0,0.0,649.5145177854588,649.51元,0.0,694.9956874587629
2025-02-23T21:10:00,2025-02-23T21:20:00,2025-02-23,127,712.1379074172298,712.1379074172298,2.421941460213475,714.5598488774433,2.421941460213475,0.0,714.5598488774433,0.9068,645.766654445944,1.3602,3.2943247741823685,4.534000000000001,0.0,0.0,0.0,649.0609792201265,649.06元,0.0,714.5598488774433
2025-02-23T21:20:00,2025-02-23T21:30:00,2025-02-23,128,717.6260102391687,717.6260102391687,2.3555911075172844,719.981601346686,2.3555911075172844,0.0,719.981601346686,0.9371,672.4873341951251,1.40565,3.311136640281671,4.6855,0.0,0.0,0.0,675.7984708354068,675.80元,0.0,719.981601346686
2025-02-23T21:30:00,2025-02-23T21:40:00,2025-02-23,129,713.7097725704884,713.7097725704884,2.291058457426857,716.0008310279153,2.291058457426857,0.0,716.0008310279153,0.9371,668.8174278758047,1.40565,3.2204263206820616,4.6855,0.0,0.0,0.0,672.0378541964867,672.04元,0.0,716.0008310279153
2025-02-23T21:40:00,2025-02-23T21:50:00,2025-02-23,130,709.9005373799006,709.9005373799006,27.90134016659158,737.8018775464922,27.90134016659158,0.0,737.8018775464922,0.9871,700.7428204476998,1.48065,41.31211931766382,4.9355,0.0,0.0,0.0,742.0549397653637,742.05元,0.0,737.8018775464922
2025-02-23T21:50:00,2025-02-23T22:00:00,2025-02-23,131,691.3810106822401,691.3810106822401,0.0,691.3810106822401,0.0,0.0,691.3810106822401,0.7764,536.7882166936912,1.1646,0.0,3.8819999999999997,0.0,0.0,0.0,536.7882166936912,536.79元,0.0,691.3810106822401
2025-02-23T22:00:00,2025-02-23T22:10:00,2025-02-23,132,1378.936182760115,1378.2983051857125,0.0,1378.2983051857125,-0.6378775744024097,0.0,1378.2983051857125,0.4209,580.1257566526664,0.63135,0.0,2.1045,0.0,0.0,0.0,580.1257566526664,580.13元,0.0,1378.2983051857125
2025-02-23T22:10:00,2025-02-23T22:20:00,2025-02-23,133,1363.392393743438,1362.7719911587221,0.0,1362.7719911587221,-0.6204025847159755,0.0,1362.7719911587221,0.3859,525.8937113881509,0.5788500000000001,0.0,1.9295,0.0,0.0,0.0,525.8937113881509,525.89元,0.0,1362.7719911587221
2025-02-23T22:20:00,2025-02-23T22:30:00,2025-02-23,134,545.7076136118227,545.7076136118227,0.0,545.7076136118227,0.0,0.0,545.7076136118227,0.4368,238.36508562564416,0.6552,0.0,2.184,0.0,0.0,0.0,238.36508562564416,238.37元,0.0,545.7076136118227
2025-02-23T22:30:00,2025-02-23T22:40:00,2025-02-23,135,1372.6484407745945,1372.0615650750483,0.0,1372.0615650750483,-0.5868756995462263,0.0,1372.0615650750483,0.4198,575.9914450185053,0.6297,0.0,2.099,0.0,0.0,0.0,575.9914450185053,575.99元,0.0,1372.0615650750483
2025-02-23T22:40:00,2025-02-23T22:50:00,2025-02-23,136,1377.4498435476785,1376.879045614789,0.0,1376.879045614789,-0.5707979328894908,0.0,1376.879045614789,0.4186,576.3615684943508,0.6279,0.0,2.093,0.0,0.0,0.0,576.3615684943508,576.36元,33.81586229145568,1343.0631833233333
2025-02-23T22:50:00,2025-02-23T23:00:00,2025-02-23,137,1391.2664793228255,1390.711318697768,0.0,1390.711318697768,-0.5551606250573968,0.0,1390.711318697768,0.4241,589.8006702597235,0.63615,0.0,2.1205,0.0,0.0,0.0,589.8006702597235,589.80元,48.71441870776811,1341.99689999
2025-02-23T23:00:00,2025-02-23T23:10:00,2025-02-23,138,1396.2226387367655,1395.6826870273162,0.0,1395.6826870273162,-0.5399517094492694,0.0,1395.6826870273162,0.4237,591.3507544934739,0.6355500000000001,0.0,2.1185,0.0,0.0,0.0,591.3507544934739,591.35元,4.831020370649518,1390.8516666566668
2025-02-23T23:10:00,2025-02-23T23:20:00,2025-02-23,139,1020.0990326314438,1020.0990326314438,0.0,1020.0990326314438,0.0,0.0,1020.0990326314438,0.4248,433.33806906183736,0.6372,0.0,2.124,0.0,0.0,0.0,433.33806906183736,433.34元,0.0,1020.0990326314438
2025-02-23T23:20:00,2025-02-23T23:30:00,2025-02-23,140,1380.0717681006422,1379.5609956683363,0.0,1379.5609956683363,-0.5107724323058846,0.0,1379.5609956683363,0.424,584.9338621633746,0.636,0.0,2.12,0.0,0.0,0.0,584.9338621633746,584.93元,0.0,1379.5609956683363
2025-02-23T23:30:00,2025-02-23T23:40:00,2025-02-23,141,1399.3706947370642,1398.8739151826157,0.0,1398.8739151826157,-0.4967795544484943,0.0,1398.8739151826157,0.422,590.3247922070639,0.633,0.0,2.11,0.0,0.0,0.0,590.3247922070639,590.32元,0.0,1398.8739151826157
2025-02-23T23:40:00,2025-02-23T23:50:00,2025-02-23,142,1408.6179883897667,1408.1348183709704,0.0,1408.1348183709704,-0.4831700187962724,0.0,1408.1348183709704,0.424,597.0491629892914,0.636,0.0,2.12,0.0,0.0,0.0,597.0491629892914,597.05元,3.3392017143037185,1404.7956166566667
2025-02-23T23:50:00,2025-02-24T00:00:00,2025-02-23,143,570.1104226220577,570.1104226220577,0.0,570.1104226220577,0.0,0.0,570.1104226220577,0.4271,243.49416150188085,0.6406499999999999,0.0,2.1355,0.0,0.0,0.0,243.49416150188085,243.49元,0.0,570.1104226220577
2025-02-24T00:00:00,2025-02-24T00:10:00,2025-02-23,144,572.3560583333332,572.3560583333332,0.0,572.3560583333332,0.0,0.0,572.3560583333332,0.4276,244.73945054333325,0.6414,0.0,2.138,0.0,0.0,0.0,244.73945054333325,244.74元,0.0,572.3560583333332
2025-02-24T00:10:00,2025-02-24T00:20:00,2025-02-24,1,1411.6629932997844,1411.6629932997844,0.0,1411.6629932997844,0.0,0.0,1411.6629932997844,0.4248,599.6744395537485,0.6372,0.0,2.124,0.0,0.0,0.0,599.6744395537485,599.67元,28.51305997645101,1383.1499333233335
2025-02-24T00:20:00,2025-02-24T00:30:00,2025-02-24,2,1415.586978427918,1415.586978427918,0.0,1415.586978427918,0.0,0.0,1415.586978427918,0.4245,600.9166723426512,0.6367499999999999,0.0,2.1225,0.0,0.0,0.0,600.9166723426512,600.92元,34.139911771251256,1381.4470666566667
2025-02-24T00:30:00,2025-02-24T00:40:00,2025-02-24,3,604.3002615499017,604.3002615499017,0.0,604.3002615499017,0.0,0.0,604.3002615499017,0.4269,257.97578165565307,0.64035,0.0,2.1345,0.0,0.0,0.0,257.97578165565307,257.98元,0.0,604.3002615499017
2025-02-24T00:40:00,2025-02-24T00:50:00,2025-02-24,4,582.0049597094603,582.0049597094603,0.0,582.0049597094603,0.0,0.0,582.0049597094603,0.4272,248.63251878788145,0.6408,0.0,2.136,0.0,0.0,0.0,248.63251878788145,248.63元,0.0,582.0049597094603
2025-02-24T00:50:00,2025-02-24T01:00:00,2025-02-24,5,589.3139140631284,589.3139140631284,0.0,589.3139140631284,0.0,0.0,589.3139140631284,0.4271,251.69597269636213,0.6406499999999999,0.0,2.1355,0.0,0.0,0.0,251.69597269636213,251.70元,0.0,589.3139140631284
2025-02-24T01:00:00,2025-02-24T01:10:00,2025-02-24,6,597.3253003107787,597.3253003107787,0.0,597.3253003107787,0.0,0.0,597.3253003107787,0.4285,255.95389118316868,0.6427499999999999,0.0,2.1425,0.0,0.0,0.0,255.95389118316868,255.95元,0.0,597.3253003107787
2025-02-24T01:10:00,2025-02-24T01:20:00,2025-02-24,7,602.7529144299176,602.7529144299176,0.0,602.7529144299176,0.0,0.0,602.7529144299176,0.4311,259.8467814107375,0.64665,0.0,2.1555,0.0,0.0,0.0,259.8467814107375,259.85元,0.0,602.7529144299176
2025-02-24T01:20:00,2025-02-24T01:30:00,2025-02-24,8,593.9928059236904,593.9928059236904,0.0,593.9928059236904,0.0,0.0,593.9928059236904,0.4302,255.53570510837164,0.6453,0.0,2.1510000000000002,0.0,0.0,0.0,255.53570510837164,255.54元,0.0,593.9928059236904
2025-02-24T01:30:00,2025-02-24T01:40:00,2025-02-24,9,587.3398948512317,587.3398948512317,0.0,587.3398948512317,0.0,0.0,587.3398948512317,0.4279,251.32274100684208,0.64185,0.0,2.1395,0.0,0.0,0.0,251.32274100684208,251.32元,0.0,587.3398948512317
2025-02-24T01:40:00,2025-02-24T01:50:00,2025-02-24,10,610.0771006076806,610.0771006076806,0.0,610.0771006076806,0.0,0.0,610.0771006076806,0.4312,263.06524578203187,0.6468,0.0,2.156,0.0,0.0,0.0,263.06524578203187,263.07元,0.0,610.0771006076806
2025-02-24T01:50:00,2025-02-24T02:00:00,2025-02-24,11,619.7799259720591,619.7799259720591,0.0,619.7799259720591,0.0,0.0,619.7799259720591,0.4333,268.5506419236932,0.64995,0.0,2.1665,0.0,0.0,0.0,268.5506419236932,268.55元,0.0,619.7799259720591
2025-02-24T02:00:00,2025-02-24T02:10:00,2025-02-24,12,617.2358678250752,617.2358678250752,0.0,617.2358678250752,0.0,0.0,617.2358678250752,0.4311,266.0903826193899,0.64665,0.0,2.1555,0.0,0.0,0.0,266.0903826193899,266.09元,0.0,617.2358678250752
2025-02-24T02:10:00,2025-02-24T02:20:00,2025-02-24,13,643.0674320367525,643.0674320367525,0.0,643.0674320367525,0.0,0.0,643.0674320367525,0.4293,276.06884857337786,0.64395,0.0,2.1465,0.0,0.0,0.0,276.06884857337786,276.07元,0.0,643.0674320367525
2025-02-24T02:20:00,2025-02-24T02:30:00,2025-02-24,14,655.468598357142,655.468598357142,0.0,655.468598357142,0.0,0.0,655.468598357142,0.4324,283.4246219296282,0.6486000000000001,0.0,2.162,0.0,0.0,0.0,283.4246219296282,283.42元,0.0,655.468598357142
2025-02-24T02:30:00,2025-02-24T02:40:00,2025-02-24,15,638.3550344766937,638.3550344766937,0.0,638.3550344766937,0.0,0.0,638.3550344766937,0.4367,278.76964355597215,0.6550499999999999,0.0,2.1835,0.0,0.0,0.0,278.76964355597215,278.77元,0.0,638.3550344766937
2025-02-24T02:40:00,2025-02-24T02:50:00,2025-02-24,16,621.3180325895389,621.3180325895389,0.0,621.3180325895389,0.0,0.0,621.3180325895389,0.4348,270.1490805699315,0.6522,0.0,2.174,0.0,0.0,0.0,270.1490805699315,270.15元,0.0,621.3180325895389
2025-02-24T02:50:00,2025-02-24T03:00:00,2025-02-24,17,627.2742034596067,627.2742034596067,0.0,627.2742034596067,0.0,0.0,627.2742034596067,0.4335,271.9233671997395,0.65025,0.0,2.1675,0.0,0.0,0.0,271.9233671997395,271.92元,0.0,627.2742034596067
2025-02-24T03:00:00,2025-02-24T03:10:00,2025-02-24,18,645.501941322827,645.501941322827,0.0,645.501941322827,0.0,0.0,645.501941322827,0.4357,281.2451958343557,0.65355,0.0,2.1784999999999997,0.0,0.0,0.0,281.2451958343557,281.25元,0.0,645.501941322827
2025-02-24T03:10:00,2025-02-24T03:20:00,2025-02-24,19,645.8453904586795,645.8453904586795,0.0,645.8453904586795,0.0,0.0,645.8453904586795,0.4374,282.4927737866264,0.6561,0.0,2.1870000000000003,0.0,0.0,0.0,282.4927737866264,282.49元,0.0,645.8453904586795
2025-02-24T03:20:00,2025-02-24T03:30:00,2025-02-24,20,645.0803609310174,645.0803609310174,0.0,645.0803609310174,0.0,0.0,645.0803609310174,0.4371,281.96462576294766,0.65565,0.0,2.1854999999999998,0.0,0.0,0.0,281.96462576294766,281.96元,0.0,645.0803609310174
2025-02-24T03:30:00,2025-02-24T03:40:00,2025-02-24,21,646.0532576647543,646.0532576647543,0.0,646.0532576647543,0.0,0.0,646.0532576647543,0.4356,281.420799038767,0.6534,0.0,2.178,0.0,0.0,0.0,281.420799038767,281.42元,0.0,646.0532576647543
2025-02-24T03:40:00,2025-02-24T03:50:00,2025-02-24,22,636.566121191687,636.566121191687,0.0,636.566121191687,0.0,0.0,636.566121191687,0.4353,277.09723255474137,0.65295,0.0,2.1765,0.0,0.0,0.0,277.09723255474137,277.10元,0.0,636.566121191687
2025-02-24T03:50:00,2025-02-24T04:00:00,2025-02-24,23,646.2018800653815,646.2018800653815,0.0,646.2018800653815,0.0,0.0,646.2018800653815,0.436,281.7440197085063,0.654,0.0,2.18,0.0,0.0,0.0,281.7440197085063,281.74元,0.0,646.2018800653815
2025-02-24T04:00:00,2025-02-24T04:10:00,2025-02-24,24,668.0973357783877,668.0973357783877,0.0,668.0973357783877,0.0,0.0,668.0973357783877,0.4378,292.49301360377814,0.6567000000000001,0.0,2.189,0.0,0.0,0.0,292.49301360377814,292.49元,0.0,668.0973357783877
2025-02-24T04:10:00,2025-02-24T04:20:00,2025-02-24,25,667.4979751817272,667.4979751817272,0.0,667.4979751817272,0.0,0.0,667.4979751817272,0.4401,293.76585887747814,0.66015,0.0,2.2005,0.0,0.0,0.0,293.76585887747814,293.77元,0.0,667.4979751817272
2025-02-24T04:20:00,2025-02-24T04:30:00,2025-02-24,26,683.7146620732481,683.7146620732481,0.0,683.7146620732481,0.0,0.0,683.7146620732481,0.4389,300.0823651839486,0.65835,0.0,2.1945,0.0,0.0,0.0,300.0823651839486,300.08元,0.0,683.7146620732481
2025-02-24T04:30:00,2025-02-24T04:40:00,2025-02-24,27,705.077439621463,705.077439621463,0.0,705.077439621463,0.0,0.0,705.077439621463,0.4364,307.6957946508065,0.6546000000000001,0.0,2.182,0.0,0.0,0.0,307.6957946508065,307.70元,0.0,705.077439621463
2025-02-24T04:40:00,2025-02-24T04:50:00,2025-02-24,28,676.0943630435094,676.0943630435094,0.0,676.0943630435094,0.0,0.0,676.0943630435094,0.4393,297.0082536850137,0.65895,0.0,2.1965000000000003,0.0,0.0,0.0,297.0082536850137,297.01元,0.0,676.0943630435094
2025-02-24T04:50:00,2025-02-24T05:00:00,2025-02-24,29,644.161427439574,644.161427439574,0.0,644.161427439574,0.0,0.0,644.161427439574,0.4422,284.84818321377963,0.6633,0.0,2.211,0.0,0.0,0.0,284.84818321377963,284.85元,0.0,644.161427439574
2025-02-24T05:00:00,2025-02-24T05:10:00,2025-02-24,30,640.2295585765415,640.2295585765415,0.0,640.2295585765415,0.0,0.0,640.2295585765415,0.4395,281.38089099439003,0.65925,0.0,2.1975,0.0,0.0,0.0,281.38089099439003,281.38元,0.0,640.2295585765415
2025-02-24T05:10:00,2025-02-24T05:20:00,2025-02-24,31,652.1248502136061,652.1248502136061,0.0,652.1248502136061,0.0,0.0,652.1248502136061,0.4333,282.5656975975555,0.64995,0.0,2.1665,0.0,0.0,0.0,282.5656975975555,282.57元,0.0,652.1248502136061
2025-02-24T05:20:00,2025-02-24T05:30:00,2025-02-24,32,666.6622190587319,666.6622190587319,0.0,666.6622190587319,0.0,0.0,666.6622190587319,0.4439,295.9313590401711,0.66585,0.0,2.2195,0.0,0.0,0.0,295.9313590401711,295.93元,0.0,666.6622190587319
2025-02-24T05:30:00,2025-02-24T05:40:00,2025-02-24,33,664.8347227603707,664.8347227603707,0.0,664.8347227603707,0.0,0.0,664.8347227603707,0.4301,285.9454142592354,0.64515,0.0,2.1505,0.0,0.0,0.0,285.9454142592354,285.95元,0.0,664.8347227603707
2025-02-24T05:40:00,2025-02-24T05:50:00,2025-02-24,34,1485.3248267654121,1485.3248267654121,0.0,1485.3248267654121,0.0,0.0,1485.3248267654121,0.3713,551.5011081779976,0.5569500000000001,0.0,1.8565,0.0,0.0,0.0,551.5011081779976,551.50元,666.1172734468208,819.2075533185913
2025-02-24T05:50:00,2025-02-24T06:00:00,2025-02-24,35,745.8795810178937,745.8795810178937,0.0,745.8795810178937,0.0,0.0,745.8795810178937,0.5708,425.7480648450137,0.8562,0.0,2.854,0.0,0.0,0.0,425.7480648450137,425.75元,33.49699767646,712.3825833414337
2025-02-24T06:00:00,2025-02-24T06:10:00,2025-02-24,36,143.68094136128707,143.68094136128707,0.0,143.68094136128707,0.0,0.0,143.68094136128707,0.9099,130.7352885446351,1.3648500000000001,0.0,4.5495,0.0,203.18044264276682,92.43694238032677,223.17223092496187,223.17元,0.0,143.68094136128707
2025-02-24T06:10:00,2025-02-24T06:20:00,2025-02-24,37,128.5353455576726,128.5353455576726,0.0,128.5353455576726,0.0,6.32103778566067,134.85638334333328,0.9368,120.41191171842769,1.4052,0.0,4.684,29.60774098803458,0.0,0.0,150.01965270646227,150.02元,0.0,134.85638334333328
2025-02-24T06:20:00,2025-02-24T06:30:00,2025-02-24,38,77.65646120073893,77.65646120073893,0.0,77.65646120073893,0.0,31.87062214259435,109.52708334333329,0.8758,68.01152871960716,1.3137,0.0,4.3790000000000004,139.56145436242068,0.0,0.0,207.57298308202783,207.57元,0.0,109.52708334333329
2025-02-24T06:30:00,2025-02-24T06:40:00,2025-02-24,39,122.67477473984093,122.67477473984093,0.0,122.67477473984093,0.0,0.0,122.67477473984093,0.8759,107.45083519462666,1.31385,0.0,4.3795,0.0,0.0,0.0,107.45083519462666,107.45元,0.0,122.67477473984093
2025-02-24T06:40:00,2025-02-24T06:50:00,2025-02-24,40,76.52005325045207,76.52005325045207,0.0,76.52005325045207,0.0,0.0,76.52005325045207,0.8601,65.81489780071382,1.29015,0.0,4.3004999999999995,0.0,0.0,0.0,65.81489780071382,65.81元,0.0,76.52005325045207
2025-02-24T06:50:00,2025-02-24T07:00:00,2025-02-24,41,658.1057813167192,658.1057813167192,0.0,658.1057813167192,0.0,0.0,658.1057813167192,0.8442,555.5729005875744,1.2663,0.0,4.221,0.0,0.0,0.0,555.5729005875744,555.57元,0.0,658.1057813167192
2025-02-24T07:00:00,2025-02-24T07:10:00,2025-02-24,42,574.0043143946309,574.0043143946309,0.0,574.0043143946309,0.0,0.0,574.0043143946309,0.8334,478.3751956164854,1.2501,0.0,4.167,0.0,0.0,0.0,478.3751956164854,478.38元,0.0,574.0043143946309
2025-02-24T07:10:00,2025-02-24T07:20:00,2025-02-24,43,535.0812442377047,535.0812442377047,0.0,535.0812442377047,0.0,0.0,535.0812442377047,0.8092,432.9877428371507,1.2138,0.0,4.046,0.0,0.0,0.0,432.9877428371507,432.99元,0.0,535.0812442377047
2025-02-24T07:20:00,2025-02-24T07:30:00,2025-02-24,44,499.3552881596787,499.3552881596787,0.0,499.3552881596787,0.0,0.0,499.3552881596787,0.7972,398.0860357208959,1.1958,0.0,3.986,0.0,0.0,0.0,398.0860357208959,398.09元,0.0,499.3552881596787
2025-02-24T07:30:00,2025-02-24T07:40:00,2025-02-24,45,470.51108123616933,470.51108123616933,0.0,470.51108123616933,0.0,0.0,470.51108123616933,0.7644,359.6586704969278,1.1465999999999998,0.0,3.822,0.0,0.0,0.0,359.6586704969278,359.66元,0.0,470.51108123616933
2025-02-24T07:40:00,2025-02-24T07:50:00,2025-02-24,46,439.7266791249084,439.7266791249084,0.0,439.7266791249084,0.0,0.0,439.7266791249084,0.6899,303.3674359282743,1.03485,0.0,3.4494999999999996,0.0,0.0,0.0,303.3674359282743,303.37元,0.0,439.7266791249084
2025-02-24T07:50:00,2025-02-24T08:00:00,2025-02-24,47,0.0,0.0,0.0,0.0,0.0,0.0,0.0,0.86,0.0,1.29,0.0,4.3,0.0,0.0,0.0,0.0,0.00元,0.0,0.0
2025-02-24T08:00:00,2025-02-24T08:10:00,2025-02-24,48,0.0,0.0,0.0,0.0,0.0,0.0,0.0,1.1617,0.0,1.74255,0.0,5.8084999999999996,0.0,0.0,0.0,0.0,0.00元,0.0,0.0
2025-02-24T08:10:00,2025-02-24T08:20:00,2025-02-24,49,0.0,0.0,0.0,0.0,0.0,0.0,0.0,1.1683,0.0,1.7524499999999998,0.0,5.8415,0.0,0.0,0.0,0.0,0.00元,0.0,0.0
2025-02-24T08:20:00,2025-02-24T08:30:00,2025-02-24,50,0.0,0.0,0.0,0.0,0.0,0.0,0.0,1.0956,0.0,1.6433999999999997,0.0,5.478,0.0,0.0,0.0,0.0,0.00元,0.0,0.0
2025-02-24T08:30:00,2025-02-24T08:40:00,2025-02-24,51,0.0,0.0,0.0,0.0,0.0,0.0,0.0,1.0849,0.0,1.6273499999999999,0.0,5.4245,0.0,0.0,0.0,0.0,0.00元,0.0,0.0
2025-02-24T08:40:00,2025-02-24T08:50:00,2025-02-24,52,0.0,0.0,0.0,0.0,0.0,0.0,0.0,1.061,0.0,1.5915,0.0,5.305,0.0,0.0,0.0,0.0,0.00元,0.0,0.0
2025-02-24T08:50:00,2025-02-24T09:00:00,2025-02-24,53,0.0,0.0,0.0,0.0,0.0,0.0,0.0,1.043,0.0,1.5644999999999998,0.0,5.215,0.0,0.0,0.0,0.0,0.00元,0.0,0.0
2025-02-24T09:00:00,2025-02-24T09:10:00,2025-02-24,54,0.0,0.0,0.0,0.0,0.0,0.0,0.0,1.036,0.0,1.554,0.0,5.18,0.0,0.0,0.0,0.0,0.00元,0.0,0.0
2025-02-24T09:10:00,2025-02-24T09:20:00,2025-02-24,55,0.0,0.0,0.0,0.0,0.0,0.0,0.0,1.0147,0.0,1.52205,0.0,5.073499999999999,0.0,0.0,0.0,0.0,0.00元,0.0,0.0
2025-02-24T09:20:00,2025-02-24T09:30:00,2025-02-24,56,0.0,0.0,0.0,0.0,0.0,0.0,0.0,0.9922,0.0,1.4883,0.0,4.961,0.0,0.0,0.0,0.0,0.00元,0.0,0.0
2025-02-24T09:30:00,2025-02-24T09:40:00,2025-02-24,57,0.0,0.0,0.0,0.0,0.0,10.888363531340467,10.888363531340467,0.97,0.0,1.455,0.0,4.85,52.808563127001264,0.0,0.0,52.808563127001264,52.81元,0.0,10.888363531340467
2025-02-24T09:40:00,2025-02-24T09:50:00,2025-02-24,58,0.0,0.0,0.0,0.0,0.0,54.03008333333336,54.03008333333336,0.9422,0.0,1.4133,0.0,4.711,254.53572258333347,0.0,0.0,254.53572258333347,254.54元,0.0,54.03008333333336
2025-02-24T09:50:00,2025-02-24T10:00:00,2025-02-24,59,0.0,0.0,0.0,0.0,0.0,30.461083333333175,30.461083333333175,0.9569,0.0,1.43535,0.0,4.7844999999999995,145.74105320833257,0.0,0.0,145.74105320833257,145.74元,0.0,30.461083333333175
2025-02-24T10:00:00,2025-02-24T10:10:00,2025-02-24,60,0.0,0.0,0.0,0.0,0.0,91.62958333333339,91.62958333333339,0.9977,0.0,1.49655,0.0,4.9885,457.0941764583336,0.0,0.0,457.0941764583336,457.09元,0.0,91.62958333333339
2025-02-24T10:10:00,2025-02-24T10:20:00,2025-02-24,61,0.0,0.0,0.0,0.0,0.0,38.19101666666669,38.19101666666669,0.9919,0.0,1.48785,0.0,4.9595,189.40834715833344,0.0,0.0,189.40834715833344,189.41元,0.0,38.19101666666669
2025-02-24T10:20:00,2025-02-24T10:30:00,2025-02-24,62,0.0,0.0,0.0,0.0,0.0,0.0,0.0,0.9588,0.0,1.4382,0.0,4.794,0.0,0.0,0.0,0.0,0.00元,0.0,0.0
2025-02-24T10:30:00,2025-02-24T10:40:00,2025-02-24,63,0.0,0.0,0.0,0.0,0.0,0.0,0.0,0.9549,0.0,1.43235,0.0,4.7745,0.0,0.0,0.0,0.0,0.00元,0.0,0.0
2025-02-24T10:40:00,2025-02-24T10:50:00,2025-02-24,64,0.0,0.0,0.0,0.0,0.0,0.0,0.0,0.9839,0.0,1.4758499999999999,0.0,4.9195,0.0,0.0,0.0,0.0,0.00元,0.0,0.0
2025-02-24T10:50:00,2025-02-24T11:00:00,2025-02-24,65,0.0,0.0,0.0,0.0,0.0,0.0,0.0,0.799,0.0,1.1985000000000001,0.0,3.995,0.0,0.0,0.0,0.0,0.00元,0.0,0.0
2025-02-24T11:00:00,2025-02-24T11:10:00,2025-02-24,66,0.0,0.0,0.0,0.0,0.0,0.0,0.0,0.5025,0.0,0.7537499999999999,0.0,2.5124999999999997,0.0,0.0,0.0,0.0,0.00元,0.0,0.0
2025-02-24T11:10:00,2025-02-24T11:20:00,2025-02-24,67,630.7687045408469,630.7687045408469,72.85422501066807,703.622929551515,72.85422501066807,0.0,703.622929551515,0.4662,294.06437005694283,0.6993,50.946959549960184,2.331,0.0,0.0,0.0,345.01132960690296,345.01元,0.0,703.622929551515
2025-02-24T11:20:00,2025-02-24T11:30:00,2025-02-24,68,0.0,0.0,0.0,0.0,0.0,0.0,0.0,0.5007,0.0,0.75105,0.0,2.5035000000000003,0.0,0.0,0.0,0.0,0.00元,0.0,0.0
2025-02-24T11:30:00,2025-02-24T11:40:00,2025-02-24,69,531.0904249447362,531.0904249447362,0.0,531.0904249447362,0.0,0.0,531.0904249447362,0.4827,256.3573481208242,0.7240500000000001,0.0,2.4135,0.0,0.0,0.0,256.3573481208242,256.36元,0.0,531.0904249447362
2025-02-24T11:40:00,2025-02-24T11:50:00,2025-02-24,70,600.5638322387925,600.5638322387925,0.0,600.5638322387925,0.0,0.0,600.5638322387925,0.4785,287.36979372626223,0.71775,0.0,2.3925,0.0,0.0,0.0,287.36979372626223,287.37元,0.0,600.5638322387925
2025-02-24T11:50:00,2025-02-24T12:00:00,2025-02-24,71,558.8495550854017,558.8495550854017,157.90089481327004,716.7504498986717,157.90089481327004,0.0,716.7504498986717,0.4662,260.5356625808143,0.6993,110.42009574291974,2.331,0.0,0.0,0.0,370.955758323734,370.96元,0.0,716.7504498986717
2025-02-24T12:00:00,2025-02-24T12:10:00,2025-02-24,72,534.0250932548141,534.0250932548141,120.50043364237149,654.5255268971856,120.50043364237149,0.0,654.5255268971856,0.4432,236.6799213305336,0.6648,80.10868828544857,2.2159999999999997,0.0,193.24773490161328,42.8236980541975,359.6123076701797,359.61元,0.0,654.5255268971856
2025-02-24T12:10:00,2025-02-24T12:20:00,2025-02-24,73,550.3526006775293,550.3526006775293,120.73432834157802,671.0869290191073,120.73432834157802,0.0,671.0869290191073,0.4411,242.76053215885815,0.66165,79.8838683472051,2.2055,0.0,0.0,0.0,322.6444005060633,322.64元,0.0,671.0869290191073
2025-02-24T12:20:00,2025-02-24T12:30:00,2025-02-24,74,560.8572125337456,560.8572125337456,120.83014917445803,681.6873617082036,120.83014917445803,0.0,681.6873617082036,0.4551,255.24611742410764,0.68265,82.48470133394378,2.2755,0.0,0.0,0.0,337.7308187580514,337.73元,0.0,681.6873617082036
2025-02-24T12:30:00,2025-02-24T12:40:00,2025-02-24,75,546.3844260168881,546.3844260168881,120.73779367008751,667.1222196869757,120.73779367008751,0.0,667.1222196869757,0.4463,243.85136933133717,0.66945,80.82791597244008,2.2315,0.0,0.0,0.0,324.67928530377725,324.68元,0.0,667.1222196869757
2025-02-24T12:40:00,2025-02-24T12:50:00,2025-02-24,76,539.3431299846407,539.3431299846407,120.81867766819721,660.1618076528379,120.81867766819721,0.0,660.1618076528379,0.4113,221.8318293626827,0.61695,74.53908318739427,2.0564999999999998,0.0,0.0,0.0,296.3709125500769,296.37元,0.0,660.1618076528379
2025-02-24T12:50:00,2025-02-24T13:00:00,2025-02-24,77,0.0,0.0,670.6420610264807,670.6420610264807,670.6420610264807,0.0,670.6420610264807,0.5682,0.0,0.8523000000000001,571.5882286128696,2.841,0.0,0.0,0.0,571.5882286128696,571.59元,0.0,670.6420610264807
2025-02-24T13:00:00,2025-02-24T13:10:00,2025-02-24,78,0.0,0.0,0.0,0.0,0.0,0.0,0.0,0.8279,0.0,1.24185,0.0,4.1395,0.0,0.0,0.0,0.0,0.00元,0.0,0.0
2025-02-24T13:10:00,2025-02-24T13:20:00,2025-02-24,79,0.0,0.0,0.0,0.0,0.0,0.0,0.0,0.8636,0.0,1.2954,0.0,4.3180000000000005,0.0,0.0,0.0,0.0,0.00元,0.0,0.0
2025-02-24T13:20:00,2025-02-24T13:30:00,2025-02-24,80,0.0,0.0,0.0,0.0,0.0,0.0,0.0,0.8416,0.0,1.2624,0.0,4.208,0.0,0.0,0.0,0.0,0.00元,0.0,0.0
2025-02-24T13:30:00,2025-02-24T13:40:00,2025-02-24,81,0.0,0.0,0.0,0.0,0.0,0.0,0.0,0.8618,0.0,1.2927,0.0,4.309,0.0,0.0,0.0,0.0,0.00元,0.0,0.0
2025-02-24T13:40:00,2025-02-24T13:50:00,2025-02-24,82,0.0,0.0,0.0,0.0,0.0,0.0,0.0,0.8623,0.0,1.29345,0.0,4.3115,0.0,0.0,0.0,0.0,0.00元,0.0,0.0
2025-02-24T13:50:00,2025-02-24T14:00:00,2025-02-24,83,0.0,0.0,0.0,0.0,0.0,0.0,0.0,0.9026,0.0,1.3538999999999999,0.0,4.513,0.0,0.0,0.0,0.0,0.00元,0.0,0.0
2025-02-24T14:00:00,2025-02-24T14:10:00,2025-02-24,84,0.0,0.0,0.0,0.0,0.0,0.0,0.0,0.9754,0.0,1.4631,0.0,4.877000000000001,0.0,0.0,0.0,0.0,0.00元,0.0,0.0
2025-02-24T14:10:00,2025-02-24T14:20:00,2025-02-24,85,0.0,0.0,0.0,0.0,0.0,0.0,0.0,1.0002,0.0,1.5003,0.0,5.0009999999999994,0.0,0.0,0.0,0.0,0.00元,0.0,0.0
2025-02-24T14:20:00,2025-02-24T14:30:00,2025-02-24,86,0.0,0.0,0.0,0.0,0.0,0.0,0.0,0.9978,0.0,1.4967000000000001,0.0,4.989,0.0,0.0,0.0,0.0,0.00元,0.0,0.0
2025-02-24T14:30:00,2025-02-24T14:40:00,2025-02-24,87,0.0,0.0,0.0,0.0,0.0,0.0,0.0,1.0271,0.0,1.5406499999999999,0.0,5.1354999999999995,0.0,0.0,0.0,0.0,0.00元,0.0,0.0
2025-02-24T14:40:00,2025-02-24T14:50:00,2025-02-24,88,0.0,0.0,0.0,0.0,0.0,0.0,0.0,1.0906,0.0,1.6359,0.0,5.453,0.0,0.0,0.0,0.0,0.00元,0.0,0.0
2025-02-24T14:50:00,2025-02-24T15:00:00,2025-02-24,89,0.0,0.0,0.0,0.0,0.0,0.0,0.0,0.9376,0.0,1.4064,0.0,4.688,0.0,0.0,0.0,0.0,0.00元,0.0,0.0
2025-02-24T15:00:00,2025-02-24T15:10:00,2025-02-24,90,1397.1433294756616,1307.551640513405,0.0,1307.551640513405,-89.59168896225674,0.0,1307.551640513405,0.6694,875.2750681596732,1.0041,0.0,3.347,0.0,0.0,0.0,875.2750681596732,875.28元,0.0,1307.551640513405
2025-02-24T15:10:00,2025-02-24T15:20:00,2025-02-24,91,1392.3129231468897,1303.6099135938002,0.0,1303.6099135938002,-88.70300955308949,0.0,1303.6099135938002,0.66,860.3825429719082,0.99,0.0,3.3000000000000003,0.0,0.0,0.0,860.3825429719082,860.38元,0.0,1303.6099135938002
2025-02-24T15:20:00,2025-02-24T15:30:00,2025-02-24,92,931.3309230215018,931.3309230215018,372.0646691105203,1303.395592132022,372.0646691105203,0.0,1303.395592132022,0.7217,672.1415271446178,1.08255,402.77860754559373,3.6085000000000003,0.0,0.0,0.0,1074.9201346902116,1074.92元,0.0,1303.395592132022
2025-02-24T15:30:00,2025-02-24T15:40:00,2025-02-24,93,577.3510591014526,577.3510591014526,746.8256592946032,1324.1767183960558,746.8256592946032,0.0,1324.1767183960558,0.7308,421.92815399134156,1.0962,818.670287718744,3.654,0.0,0.0,0.0,1240.5984417100856,1240.60元,0.0,1324.1767183960558
2025-02-24T15:40:00,2025-02-24T15:50:00,2025-02-24,94,601.7494759239938,601.7494759239938,7.275807604322154,609.025283528316,7.275807604322154,0.0,609.025283528316,0.7534,453.3580551611369,1.1300999999999999,8.222390173644465,3.767,0.0,0.0,0.0,461.5804453347814,461.58元,0.0,609.025283528316
2025-02-24T15:50:00,2025-02-24T16:00:00,2025-02-24,95,615.9537162866533,615.9537162866533,0.0,615.9537162866533,0.0,0.0,615.9537162866533,0.7823,481.86059225104884,1.1734499999999999,0.0,3.9115,0.0,0.0,0.0,481.86059225104884,481.86元,0.0,615.9537162866533
2025-02-24T16:00:00,2025-02-24T16:10:00,2025-02-24,96,765.6176063606124,765.6176063606124,0.0,765.6176063606124,0.0,0.0,765.6176063606124,0.8055,616.7049819234733,1.20825,0.0,4.0275,0.0,0.0,0.0,616.7049819234733,616.70元,0.0,765.6176063606124
2025-02-24T16:10:00,2025-02-24T16:20:00,2025-02-24,97,783.1329917408166,783.1329917408166,0.0,783.1329917408166,0.0,0.0,783.1329917408166,0.8271,647.7292974688294,1.24065,0.0,4.1354999999999995,0.0,0.0,0.0,647.7292974688294,647.73元,0.0,783.1329917408166
2025-02-24T16:20:00,2025-02-24T16:30:00,2025-02-24,98,807.8242143392579,807.8242143392579,0.0,807.8242143392579,0.0,0.0,807.8242143392579,0.8519,688.1854481956137,1.27785,0.0,4.2595,0.0,0.0,0.0,688.1854481956137,688.19元,0.0,807.8242143392579
2025-02-24T16:30:00,2025-02-24T16:40:00,2025-02-24,99,831.6371196406587,831.6371196406587,0.0,831.6371196406587,0.0,0.0,831.6371196406587,0.8791,731.0921918761031,1.3186499999999999,0.0,4.3955,0.0,0.0,0.0,731.0921918761031,731.09元,0.0,831.6371196406587
2025-02-24T16:40:00,2025-02-24T16:50:00,2025-02-24,100,849.754918490394,849.754918490394,0.0,849.754918490394,0.0,0.0,849.754918490394,0.9024,766.8188384457314,1.3536,0.0,4.512,0.0,0.0,0.0,766.8188384457314,766.82元,0.0,849.754918490394
2025-02-24T16:50:00,2025-02-24T17:00:00,2025-02-24,101,870.5692754266222,870.5692754266222,0.0,870.5692754266222,0.0,0.0,870.5692754266222,0.9163,797.702627073414,1.37445,0.0,4.5815,0.0,0.0,0.0,797.702627073414,797.70元,0.0,870.5692754266222
2025-02-24T17:00:00,2025-02-24T17:10:00,2025-02-24,102,971.2538038513751,971.2538038513751,0.0,971.2538038513751,0.0,0.0,971.2538038513751,0.9264,899.7695238879139,1.3896,0.0,4.632,0.0,0.0,0.0,899.7695238879139,899.77元,0.0,971.2538038513751
2025-02-24T17:10:00,2025-02-24T17:20:00,2025-02-24,103,987.5247820671242,987.5247820671242,1.1055245030504466,988.6303065701746,1.1055245030504466,0.0,988.6303065701746,0.9462,934.3959487919129,1.4193,1.569070927179499,4.731,0.0,0.0,0.0,935.9650197190924,935.97元,0.0,988.6303065701746
2025-02-24T17:20:00,2025-02-24T17:30:00,2025-02-24,104,992.2451564130204,992.2451564130204,2.2652823420781942,994.5104387550986,2.2652823420781942,0.0,994.5104387550986,0.9742,966.6452313775644,1.4613,3.310257086478865,4.8709999999999996,0.0,0.0,0.0,969.9554884640434,969.96元,0.0,994.5104387550986
2025-02-24T17:30:00,2025-02-24T17:40:00,2025-02-24,105,1009.0609715365896,1009.0609715365896,3.078735265518276,1012.1397068021079,3.078735265518276,0.0,1012.1397068021079,0.9862,995.1359301293846,1.4792999999999998,4.554373078281185,4.931,0.0,0.0,0.0,999.6903032076658,999.69元,0.0,1012.1397068021079
2025-02-24T17:40:00,2025-02-24T17:50:00,2025-02-24,106,1038.4926409524778,1038.4926409524778,3.111463095462341,1041.6041040479402,3.111463095462341,0.0,1041.6041040479402,0.976,1013.5688175696183,1.464,4.555181971756867,4.88,0.0,0.0,0.0,1018.123999541375,1018.12元,0.0,1041.6041040479402
2025-02-24T17:50:00,2025-02-24T18:00:00,2025-02-24,107,902.6901424724996,902.6901424724996,3.00892923176184,905.6990717042614,3.00892923176184,0.0,905.6990717042614,1.0742,969.6697510439591,1.6113,4.848287671137853,5.371,0.0,0.0,0.0,974.518038715097,974.52元,0.0,905.6990717042614
2025-02-24T18:00:00,2025-02-24T18:10:00,2025-02-24,108,689.5844290217273,687.2644322303228,5.264870853819048,692.5293030841418,2.9448740624145557,0.0,692.5293030841418,1.2313,846.2286954051965,1.84695,9.723953223461091,6.1565,0.0,54.91186074027394,33.80648706474965,889.7591356934072,889.76元,0.0,692.5293030841418
2025-02-24T18:10:00,2025-02-24T18:20:00,2025-02-24,109,686.8644361936017,684.6079969273861,0.0,684.6079969273861,-2.2564392662155797,0.0,684.6079969273861,1.2561,859.9361049404897,1.88415,0.0,6.2805,0.0,0.0,0.0,859.9361049404897,859.94元,0.0,684.6079969273861
2025-02-24T18:20:00,2025-02-24T18:30:00,2025-02-24,110,719.8185347209695,717.6252600573519,4.977649673311021,722.6029097306629,2.784375009693349,0.0,722.6029097306629,1.2447,893.2281611933857,1.8670499999999999,9.29352082255534,6.2235,0.0,0.0,0.0,902.5216820159411,902.52元,0.0,722.6029097306629
2025-02-24T18:30:00,2025-02-24T18:40:00,2025-02-24,111,702.2321448092614,700.0976447193717,0.0,700.0976447193717,-2.134500089889684,0.0,700.0976447193717,1.2545,878.2724953004517,1.8817499999999998,0.0,6.2725,0.0,0.0,0.0,878.2724953004517,878.27元,0.0,700.0976447193717
2025-02-24T18:40:00,2025-02-24T18:50:00,2025-02-24,112,722.5802920564817,720.5042677126497,0.11769177741996373,720.6219594900697,-1.9583325664119684,0.0,720.6219594900697,1.2522,902.21544402978,1.8782999999999999,0.22106046552791786,6.261,0.0,0.0,0.0,902.436504495308,902.44元,0.0,720.6219594900697
2025-02-24T18:50:00,2025-02-24T19:00:00,2025-02-24,113,112.29492011597472,112.29492011597472,78.15860287258022,190.45352298855494,78.15860287258022,0.0,190.45352298855494,1.2881,144.64708660138703,1.93215,151.01414454025587,6.4405,0.0,0.0,0.0,295.66123114164293,295.66元,0.0,190.45352298855494
2025-02-24T19:00:00,2025-02-24T19:10:00,2025-02-24,114,14.276407826137302,13.443637627075304,14.46953454652521,27.913172173600515,13.636764347463213,0.0,27.913172173600515,1.3466,18.103202428619607,2.0199,29.227012830526274,6.7330000000000005,0.0,0.0,0.0,47.33021525914588,47.33元,0.0,27.913172173600515
2025-02-24T19:10:00,2025-02-24T19:20:00,2025-02-24,115,27.562358568417153,25.35945812791317,5.412151264702857,30.77160939261603,3.2092508241988753,0.0,30.77160939261603,1.3523,34.293595226376986,2.0284500000000003,10.97827823288651,6.7615,0.0,0.0,0.0,45.271873459263496,45.27元,0.0,30.77160939261603
2025-02-24T19:20:00,2025-02-24T19:30:00,2025-02-24,116,39.06986132002953,39.00445760363357,5.356430051895586,44.360887655529154,5.291026335499623,0.0,44.360887655529154,1.3445,52.44149324808534,2.01675,10.802580307160424,6.7225,0.0,0.0,0.0,63.244073555245755,63.24元,0.0,44.360887655529154
2025-02-24T19:30:00,2025-02-24T19:40:00,2025-02-24,117,22.421579347582224,22.421579347582224,12.75781751223849,35.17939685982071,12.75781751223849,0.0,35.17939685982071,1.3483,30.231015434345114,2.02245,25.802048027626732,6.7415,0.0,0.0,0.0,56.03306346197185,56.03元,0.0,35.17939685982071
2025-02-24T19:40:00,2025-02-24T19:50:00,2025-02-24,118,8.161116156271419,5.877783867578273,8.074082274486159,13.951866142064432,5.790749985793013,0.0,13.951866142064432,1.349,7.92913043736309,2.0235,16.33790548242274,6.745,0.0,0.0,0.0,24.267035919785833,24.27元,0.0,13.951866142064432
2025-02-24T19:50:00,2025-02-24T20:00:00,2025-02-24,119,0.0,0.0,0.2541927577296974,0.2541927577296974,0.2541927577296974,0.0,0.2541927577296974,1.3473,0.0,2.02095,0.513710853733832,6.7364999999999995,0.0,0.0,0.0,0.513710853733832,0.51元,0.0,0.2541927577296974
2025-02-24T20:00:00,2025-02-24T20:10:00,2025-02-24,120,0.6257620792766829,0.0,0.6863724911030431,0.6863724911030431,0.06061041182636018,0.0,0.6863724911030431,1.3482,0.0,2.0223,1.3880510887576842,6.7410000000000005,0.0,0.0,0.0,1.3880510887576842,1.39元,0.0,0.6863724911030431
2025-02-24T20:10:00,2025-02-24T20:20:00,2025-02-24,121,0.2815927859301155,0.0,0.0,0.0,-0.2815927859301155,0.0,0.0,1.3513,0.0,2.02695,0.0,6.7565,0.0,0.0,0.0,0.0,0.00元,0.0,0.0
2025-02-24T20:20:00,2025-02-24T20:30:00,2025-02-24,122,5.4777489948190805,5.019315507141869,4.614083498481705,9.633399005623573,4.155650010804493,0.0,9.633399005623573,1.34,6.725882779570105,2.0100000000000002,9.274307831948228,6.7,0.0,0.0,0.0,16.00019061151833,16.00元,0.0,9.633399005623573
2025-02-24T20:30:00,2025-02-24T20:40:00,2025-02-24,123,0.0,0.0,3.1188369764480512,3.1188369764480512,3.1188369764480512,5.332829700218546,8.451666676666598,1.3489,0.0,2.0233499999999998,6.310498796296164,6.7445,35.967269913123985,0.0,0.0,42.277768709420144,42.28元,0.0,8.451666676666598
2025-02-24T20:40:00,2025-02-24T20:50:00,2025-02-24,124,9.408572096581906,7.159156310353183,5.886262816131534,13.045419126484717,3.6368470299028104,0.0,13.045419126484717,1.3952,9.98845488420476,2.0928,12.318770821600074,6.976,0.0,0.0,0.0,22.307225705804836,22.31元,0.0,13.045419126484717
2025-02-24T20:50:00,2025-02-24T21:00:00,2025-02-24,125,704.3797185248787,701.7533173563055,0.0,701.7533173563055,-2.6264011685732385,0.0,701.7533173563055,1.2226,857.963605799819,1.8338999999999999,0.0,6.1129999999999995,0.0,0.0,0.0,857.963605799819,857.96元,0.0,701.7533173563055
2025-02-24T21:00:00,2025-02-24T21:10:00,2025-02-24,126,700.2323000065354,700.2323000065354,0.0,700.2323000065354,0.0,0.0,700.2323000065354,0.9332,653.4567823660989,1.3998,0.0,4.666,0.0,0.0,0.0,653.4567823660989,653.46元,0.0,700.2323000065354
2025-02-24T21:10:00,2025-02-24T21:20:00,2025-02-24,127,725.448767715607,725.448767715607,0.0,725.448767715607,0.0,0.0,725.448767715607,0.9068,657.8369425645125,1.3602,0.0,4.534000000000001,0.0,0.0,0.0,657.8369425645125,657.84元,0.0,725.448767715607
2025-02-24T21:20:00,2025-02-24T21:30:00,2025-02-24,128,733.5736156166639,733.4745337445509,0.0,733.4745337445509,-0.09908187211306085,0.0,733.4745337445509,0.9371,687.3389855720186,1.40565,0.0,4.6855,0.0,0.0,0.0,687.3389855720186,687.34元,0.0,733.4745337445509
2025-02-24T21:30:00,2025-02-24T21:40:00,2025-02-24,129,734.7322406401387,734.7322406401387,0.0,734.7322406401387,0.0,0.0,734.7322406401387,0.9371,688.517582703874,1.40565,0.0,4.6855,0.0,0.0,0.0,688.517582703874,688.52元,0.0,734.7322406401387
2025-02-24T21:40:00,2025-02-24T21:50:00,2025-02-24,130,735.382518012518,735.382518012518,0.0,735.382518012518,0.0,0.0,735.382518012518,0.9871,725.8960835301565,1.48065,0.0,4.9355,0.0,0.0,0.0,725.8960835301565,725.90元,0.0,735.382518012518
2025-02-24T21:50:00,2025-02-24T22:00:00,2025-02-24,131,703.3714320975045,703.3714320975045,0.0,703.3714320975045,0.0,0.0,703.3714320975045,0.7764,546.0975798805024,1.1646,0.0,3.8819999999999997,0.0,0.0,0.0,546.0975798805024,546.10元,0.0,703.3714320975045
2025-02-24T22:00:00,2025-02-24T22:10:00,2025-02-24,132,1369.8917059439416,1368.6351967713294,0.0,1368.6351967713294,-1.256509172612141,0.0,1368.6351967713294,0.4209,576.0585543210526,0.63135,0.0,2.1045,0.0,0.0,0.0,576.0585543210526,576.06元,0.0,1368.6351967713294
2025-02-24T22:10:00,2025-02-24T22:20:00,2025-02-24,133,1356.06057269181,1354.8384862449898,0.0,1354.8384862449898,-1.2220864468201853,0.0,1354.8384862449898,0.3859,522.8321718419415,0.5788500000000001,0.0,1.9295,0.0,0.0,0.0,522.8321718419415,522.83元,0.0,1354.8384862449898
2025-02-24T22:20:00,2025-02-24T22:30:00,2025-02-24,134,548.2748647346085,548.2748647346085,0.0,548.2748647346085,0.0,0.0,548.2748647346085,0.4368,239.48646091607702,0.6552,0.0,2.184,0.0,0.0,0.0,239.48646091607702,239.49元,0.0,548.2748647346085
2025-02-24T22:30:00,2025-02-24T22:40:00,2025-02-24,135,1382.0180364595376,1380.8619922133453,0.0,1380.8619922133453,-1.156044246192323,0.0,1380.8619922133453,0.4198,579.6858643311624,0.6297,0.0,2.099,0.0,0.0,0.0,579.6858643311624,579.69元,17.6203255566786,1363.2416666566667
2025-02-24T22:40:00,2025-02-24T22:50:00,2025-02-24,136,1390.5078532180662,1389.383479408475,0.0,1389.383479408475,-1.124373809591134,0.0,1389.383479408475,0.4186,581.5959244803877,0.6279,0.0,2.093,0.0,0.0,0.0,581.5959244803877,581.60元,7.276412751808372,1382.1070666566668
2025-02-24T22:50:00,2025-02-24T23:00:00,2025-02-24,137,1392.2831496556792,1391.1895786545185,0.0,1391.1895786545185,-1.093571001160626,0.0,1391.1895786545185,0.4241,590.0035003073813,0.63615,0.0,2.1205,0.0,0.0,0.0,590.0035003073813,590.00元,0.0,1391.1895786545185
2025-02-24T23:00:00,2025-02-24T23:10:00,2025-02-24,138,1391.6727697083888,1390.6091576566153,0.0,1390.6091576566153,-1.063612051773589,0.0,1390.6091576566153,0.4237,589.2011000991079,0.6355500000000001,0.0,2.1185,0.0,0.0,0.0,589.2011000991079,589.20元,11.602490999948593,1379.0066666566668
2025-02-24T23:10:00,2025-02-24T23:20:00,2025-02-24,139,1050.8390076976978,1050.8390076976978,0.0,1050.8390076976978,0.0,0.0,1050.8390076976978,0.4248,446.396410469982,0.6372,0.0,2.124,0.0,0.0,0.0,446.396410469982,446.40元,0.0,1050.8390076976978
2025-02-24T23:20:00,2025-02-24T23:30:00,2025-02-24,140,1420.8588645021778,1419.8527306105593,0.0,1419.8527306105593,-1.0061338916184468,0.0,1419.8527306105593,0.424,602.0175577788772,0.636,0.0,2.12,0.0,0.0,0.0,602.0175577788772,602.02元,7.381813953892666,1412.4709166566668
2025-02-24T23:30:00,2025-02-24T23:40:00,2025-02-24,141,1412.6216202045048,1411.643049876938,0.0,1411.643049876938,-0.9785703275667856,0.0,1411.643049876938,0.422,595.7133670480678,0.633,0.0,2.11,0.0,0.0,0.0,595.7133670480678,595.71元,0.0,1411.643049876938
2025-02-24T23:40:00,2025-02-24T23:50:00,2025-02-24,142,1410.2083722714244,1409.2566103896597,0.0,1409.2566103896597,-0.9517618817646962,0.0,1409.2566103896597,0.424,597.5248028052157,0.636,0.0,2.12,0.0,0.0,0.0,597.5248028052157,597.52元,6.792743732993123,1402.4638666566666
2025-02-24T23:50:00,2025-02-25T00:00:00,2025-02-24,143,576.0880627091725,576.0880627091725,0.0,576.0880627091725,0.0,0.0,576.0880627091725,0.4271,246.04721158308757,0.6406499999999999,0.0,2.1355,0.0,0.0,0.0,246.04721158308757,246.05元,0.0,576.0880627091725
2025-02-25T00:00:00,2025-02-25T00:10:00,2025-02-24,144,571.5254,571.5254,0.0,571.5254,0.0,0.0,571.5254,0.4276,244.38426103999998,0.6414,0.0,2.138,0.0,0.0,0.0,244.38426103999998,244.38元,0.0,571.5254
2025-02-25T00:10:00,2025-02-25T00:20:00,2025-02-25,1,1405.2609229354018,1405.2609229354018,0.0,1405.2609229354018,0.0,0.0,1405.2609229354018,0.4248,596.9548400629587,0.6372,0.0,2.124,0.0,0.0,0.0,596.9548400629587,596.95元,0.0,1405.2609229354018
2025-02-25T00:20:00,2025-02-25T00:30:00,2025-02-25,2,1402.3222851976611,1402.3222851976611,0.0,1402.3222851976611,0.0,0.0,1402.3222851976611,0.4245,595.2858100664072,0.6367499999999999,0.0,2.1225,0.0,0.0,0.0,595.2858100664072,595.29元,0.0,1402.3222851976611
2025-02-25T00:30:00,2025-02-25T00:40:00,2025-02-25,3,570.3444729191699,570.3444729191699,0.0,570.3444729191699,0.0,0.0,570.3444729191699,0.4269,243.48005548919363,0.64035,0.0,2.1345,0.0,0.0,0.0,243.48005548919363,243.48元,0.0,570.3444729191699
2025-02-25T00:40:00,2025-02-25T00:50:00,2025-02-25,4,561.7529967906044,561.7529967906044,0.0,561.7529967906044,0.0,0.0,561.7529967906044,0.4272,239.9808802289462,0.6408,0.0,2.136,0.0,0.0,0.0,239.9808802289462,239.98元,0.0,561.7529967906044
2025-02-25T00:50:00,2025-02-25T01:00:00,2025-02-25,5,577.462360762252,577.462360762252,0.0,577.462360762252,0.0,0.0,577.462360762252,0.4271,246.63417428155785,0.6406499999999999,0.0,2.1355,0.0,0.0,0.0,246.63417428155785,246.63元,0.0,577.462360762252
2025-02-25T01:00:00,2025-02-25T01:10:00,2025-02-25,6,593.0897062295774,593.0897062295774,0.0,593.0897062295774,0.0,0.0,593.0897062295774,0.4285,254.1389391193739,0.6427499999999999,0.0,2.1425,0.0,0.0,0.0,254.1389391193739,254.14元,0.0,593.0897062295774
2025-02-25T01:10:00,2025-02-25T01:20:00,2025-02-25,7,584.4908038855506,584.4908038855506,0.0,584.4908038855506,0.0,0.0,584.4908038855506,0.4311,251.97398555506084,0.64665,0.0,2.1555,0.0,0.0,0.0,251.97398555506084,251.97元,0.0,584.4908038855506
2025-02-25T01:20:00,2025-02-25T01:30:00,2025-02-25,8,589.0812885181933,589.0812885181933,0.0,589.0812885181933,0.0,0.0,589.0812885181933,0.4302,253.42277032052678,0.6453,0.0,2.1510000000000002,0.0,0.0,0.0,253.42277032052678,253.42元,0.0,589.0812885181933
2025-02-25T01:30:00,2025-02-25T01:40:00,2025-02-25,9,606.0067921939701,606.0067921939701,0.0,606.0067921939701,0.0,0.0,606.0067921939701,0.4279,259.31030637979984,0.64185,0.0,2.1395,0.0,0.0,0.0,259.31030637979984,259.31元,0.0,606.0067921939701
2025-02-25T01:40:00,2025-02-25T01:50:00,2025-02-25,10,598.7949808269124,598.7949808269124,0.0,598.7949808269124,0.0,0.0,598.7949808269124,0.4312,258.20039573256463,0.6468,0.0,2.156,0.0,0.0,0.0,258.20039573256463,258.20元,0.0,598.7949808269124
2025-02-25T01:50:00,2025-02-25T02:00:00,2025-02-25,11,605.2422833768576,605.2422833768576,0.0,605.2422833768576,0.0,0.0,605.2422833768576,0.4333,262.2514813871924,0.64995,0.0,2.1665,0.0,0.0,0.0,262.2514813871924,262.25元,0.0,605.2422833768576
2025-02-25T02:00:00,2025-02-25T02:10:00,2025-02-25,12,621.5897152134879,621.5897152134879,0.0,621.5897152134879,0.0,0.0,621.5897152134879,0.4311,267.96732622853466,0.64665,0.0,2.1555,0.0,0.0,0.0,267.96732622853466,267.97元,0.0,621.5897152134879
2025-02-25T02:10:00,2025-02-25T02:20:00,2025-02-25,13,605.9573073128632,605.9573073128632,0.0,605.9573073128632,0.0,0.0,605.9573073128632,0.4293,260.1374720294122,0.64395,0.0,2.1465,0.0,0.0,0.0,260.1374720294122,260.14元,0.0,605.9573073128632
2025-02-25T02:20:00,2025-02-25T02:30:00,2025-02-25,14,604.3207454531345,604.3207454531345,0.0,604.3207454531345,0.0,0.0,604.3207454531345,0.4324,261.30829033393536,0.6486000000000001,0.0,2.162,0.0,0.0,0.0,261.30829033393536,261.31元,0.0,604.3207454531345
2025-02-25T02:30:00,2025-02-25T02:40:00,2025-02-25,15,627.0128544094616,627.0128544094616,0.0,627.0128544094616,0.0,0.0,627.0128544094616,0.4367,273.81651352061186,0.6550499999999999,0.0,2.1835,0.0,0.0,0.0,273.81651352061186,273.82元,0.0,627.0128544094616
2025-02-25T02:40:00,2025-02-25T02:50:00,2025-02-25,16,633.9684221481582,633.9684221481582,0.0,633.9684221481582,0.0,0.0,633.9684221481582,0.4348,275.6494699500192,0.6522,0.0,2.174,0.0,0.0,0.0,275.6494699500192,275.65元,0.0,633.9684221481582
2025-02-25T02:50:00,2025-02-25T03:00:00,2025-02-25,17,617.6173615200826,617.6173615200826,0.0,617.6173615200826,0.0,0.0,617.6173615200826,0.4335,267.7371262189558,0.65025,0.0,2.1675,0.0,0.0,0.0,267.7371262189558,267.74元,0.0,617.6173615200826
2025-02-25T03:00:00,2025-02-25T03:10:00,2025-02-25,18,601.7058386199634,601.7058386199634,0.0,601.7058386199634,0.0,0.0,601.7058386199634,0.4357,262.16323388671805,0.65355,0.0,2.1784999999999997,0.0,0.0,0.0,262.16323388671805,262.16元,0.0,601.7058386199634
2025-02-25T03:10:00,2025-02-25T03:20:00,2025-02-25,19,617.6115119783476,617.6115119783476,0.0,617.6115119783476,0.0,0.0,617.6115119783476,0.4374,270.14327533932925,0.6561,0.0,2.1870000000000003,0.0,0.0,0.0,270.14327533932925,270.14元,0.0,617.6115119783476
2025-02-25T03:20:00,2025-02-25T03:30:00,2025-02-25,20,638.0270559195205,638.0270559195205,0.0,638.0270559195205,0.0,0.0,638.0270559195205,0.4371,278.8816261424224,0.65565,0.0,2.1854999999999998,0.0,0.0,0.0,278.8816261424224,278.88元,0.0,638.0270559195205
2025-02-25T03:30:00,2025-02-25T03:40:00,2025-02-25,21,643.4119697520881,643.4119697520881,0.0,643.4119697520881,0.0,0.0,643.4119697520881,0.4356,280.27025402400955,0.6534,0.0,2.178,0.0,0.0,0.0,280.27025402400955,280.27元,0.0,643.4119697520881
2025-02-25T03:40:00,2025-02-25T03:50:00,2025-02-25,22,640.4058119589014,640.4058119589014,0.0,640.4058119589014,0.0,0.0,640.4058119589014,0.4353,278.7686499457098,0.65295,0.0,2.1765,0.0,0.0,0.0,278.7686499457098,278.77元,0.0,640.4058119589014
2025-02-25T03:50:00,2025-02-25T04:00:00,2025-02-25,23,648.2560668863466,648.2560668863466,0.0,648.2560668863466,0.0,0.0,648.2560668863466,0.436,282.6396451624471,0.654,0.0,2.18,0.0,0.0,0.0,282.6396451624471,282.64元,0.0,648.2560668863466
2025-02-25T04:00:00,2025-02-25T04:10:00,2025-02-25,24,657.9803955996797,657.9803955996797,0.0,657.9803955996797,0.0,0.0,657.9803955996797,0.4378,288.06381719353976,0.6567000000000001,0.0,2.189,0.0,0.0,0.0,288.06381719353976,288.06元,0.0,657.9803955996797
2025-02-25T04:10:00,2025-02-25T04:20:00,2025-02-25,25,645.5704534044257,645.5704534044257,0.0,645.5704534044257,0.0,0.0,645.5704534044257,0.4401,284.11555654328777,0.66015,0.0,2.2005,0.0,0.0,0.0,284.11555654328777,284.12元,0.0,645.5704534044257
2025-02-25T04:20:00,2025-02-25T04:30:00,2025-02-25,26,649.0852057005267,649.0852057005267,0.0,649.0852057005267,0.0,0.0,649.0852057005267,0.4389,284.8834967819612,0.65835,0.0,2.1945,0.0,0.0,0.0,284.8834967819612,284.88元,0.0,649.0852057005267
2025-02-25T04:30:00,2025-02-25T04:40:00,2025-02-25,27,668.7876988359158,668.7876988359158,0.0,668.7876988359158,0.0,0.0,668.7876988359158,0.4364,291.85895177199365,0.6546000000000001,0.0,2.182,0.0,0.0,0.0,291.85895177199365,291.86元,0.0,668.7876988359158
2025-02-25T04:40:00,2025-02-25T04:50:00,2025-02-25,28,667.1876545606425,667.1876545606425,0.0,667.1876545606425,0.0,0.0,667.1876545606425,0.4393,293.0955366484903,0.65895,0.0,2.1965000000000003,0.0,0.0,0.0,293.0955366484903,293.10元,0.0,667.1876545606425
2025-02-25T04:50:00,2025-02-25T05:00:00,2025-02-25,29,668.5737620847854,668.5737620847854,0.0,668.5737620847854,0.0,0.0,668.5737620847854,0.4422,295.64331759389205,0.6633,0.0,2.211,0.0,0.0,0.0,295.64331759389205,295.64元,0.0,668.5737620847854
2025-02-25T05:00:00,2025-02-25T05:10:00,2025-02-25,30,671.6861522200683,671.6861522200683,0.0,671.6861522200683,0.0,0.0,671.6861522200683,0.4395,295.20606390072,0.65925,0.0,2.1975,0.0,0.0,0.0,295.20606390072,295.21元,0.0,671.6861522200683
2025-02-25T05:10:00,2025-02-25T05:20:00,2025-02-25,31,652.8166663481757,652.8166663481757,0.0,652.8166663481757,0.0,0.0,652.8166663481757,0.4333,282.8654615286645,0.64995,0.0,2.1665,0.0,0.0,0.0,282.8654615286645,282.87元,0.0,652.8166663481757
2025-02-25T05:20:00,2025-02-25T05:30:00,2025-02-25,32,660.9602861022614,660.9602861022614,0.0,660.9602861022614,0.0,0.0,660.9602861022614,0.4439,293.40027100079385,0.66585,0.0,2.2195,0.0,0.0,0.0,293.40027100079385,293.40元,0.0,660.9602861022614
2025-02-25T05:30:00,2025-02-25T05:40:00,2025-02-25,33,676.3373900546209,676.3373900546209,0.0,676.3373900546209,0.0,0.0,676.3373900546209,0.4301,290.8927114624924,0.64515,0.0,2.1505,0.0,0.0,0.0,290.8927114624924,290.89元,0.0,676.3373900546209
2025-02-25T05:40:00,2025-02-25T05:50:00,2025-02-25,34,1478.2410918134601,1478.2410918134601,0.0,1478.2410918134601,0.0,0.0,1478.2410918134601,0.3713,548.8709173903378,0.5569500000000001,0.0,1.8565,0.0,0.0,0.0,548.8709173903378,548.87元,192.27616418055095,1285.9649276329092
2025-02-25T05:50:00,2025-02-25T06:00:00,2025-02-25,35,715.2190535232006,715.2190535232006,0.0,715.2190535232006,0.0,0.0,715.2190535232006,0.5708,408.2470357510429,0.8562,0.0,2.854,0.0,0.0,0.0,408.2470357510429,408.25元,0.0,715.2190535232006
2025-02-25T06:00:00,2025-02-25T06:10:00,2025-02-25,36,111.79119922357131,97.96688736648821,0.0,97.96688736648821,-13.824311857083103,35.73477931017839,133.7016666766666,0.9099,89.14007081476763,1.3648500000000001,0.0,4.5495,162.5753784716566,1797.4363166989137,817.7436522821708,1069.459101568595,1069.46元,0.0,133.7016666766666
2025-02-25T06:10:00,2025-02-25T06:20:00,2025-02-25,37,134.82648918963878,124.10586289250398,0.0,124.10586289250398,-10.7206262971348,0.0,124.10586289250398,0.9368,116.26237235769773,1.4052,0.0,4.684,0.0,0.0,0.0,116.26237235769773,116.26元,0.0,124.10586289250398
2025-02-25T06:20:00,2025-02-25T06:30:00,2025-02-25,38,86.54498213956447,79.59540047001087,0.0,79.59540047001087,-6.949581669553595,15.569966206655742,95.16536667666662,0.8758,69.70965173163552,1.3137,0.0,4.3790000000000004,68.18088201894551,0.0,0.0,137.89053375058103,137.89元,0.0,95.16536667666662
2025-02-25T06:30:00,2025-02-25T06:40:00,2025-02-25,39,95.64194457677229,71.02371452769478,0.0,71.02371452769478,-24.61823004907751,43.40461881563851,114.42833334333329,0.8759,62.209671554807855,1.31385,0.0,4.3795,190.09052810308884,0.0,0.0,252.30019965789674,252.30元,0.0,114.42833334333329
2025-02-25T06:40:00,2025-02-25T06:50:00,2025-02-25,40,58.7832127489952,50.94340363033257,0.0,50.94340363033257,-7.839809118662629,0.0,50.94340363033257,0.8601,43.81642146244904,1.29015,0.0,4.3004999999999995,0.0,0.0,0.0,43.81642146244904,43.82元,0.0,50.94340363033257
2025-02-25T06:50:00,2025-02-25T07:00:00,2025-02-25,41,721.9697455880274,20.911834840166193,0.0,20.911834840166193,-701.0579107478612,0.0,20.911834840166193,0.8442,17.653770972068298,1.2663,0.0,4.221,0.0,0.0,0.0,17.653770972068298,17.65元,0.0,20.911834840166193
2025-02-25T07:00:00,2025-02-25T07:10:00,2025-02-25,42,515.5983879204596,161.10567975422452,0.0,161.10567975422452,-354.49270816623505,0.0,161.10567975422452,0.8334,134.26547350717073,1.2501,0.0,4.167,0.0,0.0,0.0,134.26547350717073,134.27元,0.0,161.10567975422452
2025-02-25T07:10:00,2025-02-25T07:20:00,2025-02-25,43,510.2504021326032,447.54412685610015,0.0,447.54412685610015,-62.70627527650305,0.0,447.54412685610015,0.8092,362.15270745195625,1.2138,0.0,4.046,0.0,0.0,0.0,362.15270745195625,362.15元,0.0,447.54412685610015
2025-02-25T07:20:00,2025-02-25T07:30:00,2025-02-25,44,514.6101519635492,453.6115473059873,0.0,453.6115473059873,-60.99860465756194,0.0,453.6115473059873,0.7972,361.6191255123331,1.1958,0.0,3.986,0.0,0.0,0.0,361.6191255123331,361.62元,0.0,453.6115473059873
2025-02-25T07:30:00,2025-02-25T07:40:00,2025-02-25,45,486.83528363920436,427.4774558682501,0.0,427.4774558682501,-59.35782777095426,0.0,427.4774558682501,0.7644,326.7637672656904,1.1465999999999998,0.0,3.822,0.0,0.0,0.0,326.7637672656904,326.76元,0.0,427.4774558682501
2025-02-25T07:40:00,2025-02-25T07:50:00,2025-02-25,46,544.5269267691043,544.5269267691043,0.0,544.5269267691043,0.0,0.0,544.5269267691043,0.6899,375.669126778005,1.03485,0.0,3.4494999999999996,0.0,0.0,0.0,375.669126778005,375.67元,0.0,544.5269267691043
2025-02-25T07:50:00,2025-02-25T08:00:00,2025-02-25,47,0.0,0.0,0.0,0.0,0.0,0.0,0.0,0.86,0.0,1.29,0.0,4.3,0.0,0.0,0.0,0.0,0.00元,0.0,0.0
2025-02-25T08:00:00,2025-02-25T08:10:00,2025-02-25,48,0.0,0.0,0.0,0.0,0.0,0.0,0.0,1.1617,0.0,1.74255,0.0,5.8084999999999996,0.0,0.0,0.0,0.0,0.00元,0.0,0.0
2025-02-25T08:10:00,2025-02-25T08:20:00,2025-02-25,49,0.0,0.0,0.0,0.0,0.0,0.0,0.0,1.1683,0.0,1.7524499999999998,0.0,5.8415,0.0,0.0,0.0,0.0,0.00元,0.0,0.0
2025-02-25T08:20:00,2025-02-25T08:30:00,2025-02-25,50,0.0,0.0,0.0,0.0,0.0,0.0,0.0,1.0956,0.0,1.6433999999999997,0.0,5.478,0.0,0.0,0.0,0.0,0.00元,0.0,0.0
2025-02-25T08:30:00,2025-02-25T08:40:00,2025-02-25,51,0.0,0.0,0.0,0.0,0.0,0.0,0.0,1.0849,0.0,1.6273499999999999,0.0,5.4245,0.0,0.0,0.0,0.0,0.00元,0.0,0.0
2025-02-25T08:40:00,2025-02-25T08:50:00,2025-02-25,52,0.0,0.0,0.0,0.0,0.0,44.14985583859225,44.14985583859225,1.061,0.0,1.5915,0.0,5.305,234.2149852237319,0.0,0.0,234.2149852237319,234.21元,0.0,44.14985583859225
2025-02-25T08:50:00,2025-02-25T09:00:00,2025-02-25,53,0.0,0.0,0.0,0.0,0.0,309.2432666666668,309.2432666666668,1.043,0.0,1.5644999999999998,0.0,5.215,1612.7036356666672,0.0,0.0,1612.7036356666672,1612.70元,0.0,309.2432666666668
2025-02-25T09:00:00,2025-02-25T09:10:00,2025-02-25,54,0.0,0.0,0.0,0.0,0.0,244.28791666666672,244.28791666666672,1.036,0.0,1.554,0.0,5.18,1265.4114083333336,0.0,0.0,1265.4114083333336,1265.41元,0.0,244.28791666666672
2025-02-25T09:10:00,2025-02-25T09:20:00,2025-02-25,55,0.0,0.0,0.0,0.0,0.0,171.10065000000003,171.10065000000003,1.0147,0.0,1.52205,0.0,5.073499999999999,868.0791477750001,0.0,0.0,868.0791477750001,868.08元,0.0,171.10065000000003
2025-02-25T09:20:00,2025-02-25T09:30:00,2025-02-25,56,0.0,0.0,0.0,0.0,0.0,128.79215000000016,128.79215000000016,0.9922,0.0,1.4883,0.0,4.961,638.9378561500008,0.0,0.0,638.9378561500008,638.94元,0.0,128.79215000000016
2025-02-25T09:30:00,2025-02-25T09:40:00,2025-02-25,57,0.0,0.0,0.0,0.0,0.0,114.18625,114.18625,0.97,0.0,1.455,0.0,4.85,553.8033125,0.0,0.0,553.8033125,553.80元,0.0,114.18625
2025-02-25T09:40:00,2025-02-25T09:50:00,2025-02-25,58,0.0,0.0,0.0,0.0,0.0,76.63283333333314,76.63283333333314,0.9422,0.0,1.4133,0.0,4.711,361.0172778333324,0.0,0.0,361.0172778333324,361.02元,0.0,76.63283333333314
2025-02-25T09:50:00,2025-02-25T10:00:00,2025-02-25,59,0.0,0.0,0.0,0.0,0.0,22.30023333333342,22.30023333333342,0.9569,0.0,1.43535,0.0,4.7844999999999995,106.69546638333375,0.0,0.0,106.69546638333375,106.70元,0.0,22.30023333333342
2025-02-25T10:00:00,2025-02-25T10:10:00,2025-02-25,60,0.0,0.0,0.0,0.0,0.0,0.0,0.0,0.9977,0.0,1.49655,0.0,4.9885,0.0,0.0,0.0,0.0,0.00元,0.0,0.0
2025-02-25T10:10:00,2025-02-25T10:20:00,2025-02-25,61,0.0,0.0,0.0,0.0,0.0,0.0,0.0,0.9919,0.0,1.48785,0.0,4.9595,0.0,0.0,0.0,0.0,0.00元,0.0,0.0
2025-02-25T10:20:00,2025-02-25T10:30:00,2025-02-25,62,0.0,0.0,0.0,0.0,0.0,0.0,0.0,0.9588,0.0,1.4382,0.0,4.794,0.0,0.0,0.0,0.0,0.00元,0.0,0.0
2025-02-25T10:30:00,2025-02-25T10:40:00,2025-02-25,63,0.0,0.0,0.0,0.0,0.0,0.0,0.0,0.9549,0.0,1.43235,0.0,4.7745,0.0,0.0,0.0,0.0,0.00元,0.0,0.0
2025-02-25T10:40:00,2025-02-25T10:50:00,2025-02-25,64,0.0,0.0,0.0,0.0,0.0,0.0,0.0,0.9839,0.0,1.4758499999999999,0.0,4.9195,0.0,0.0,0.0,0.0,0.00元,0.0,0.0
2025-02-25T10:50:00,2025-02-25T11:00:00,2025-02-25,65,0.0,0.0,0.0,0.0,0.0,0.0,0.0,0.799,0.0,1.1985000000000001,0.0,3.995,0.0,0.0,0.0,0.0,0.00元,0.0,0.0
2025-02-25T11:00:00,2025-02-25T11:10:00,2025-02-25,66,643.651603530768,277.9603899221929,0.0,277.9603899221929,-365.69121360857514,0.0,277.9603899221929,0.5025,139.67509593590194,0.7537499999999999,0.0,2.5124999999999997,0.0,0.0,0.0,139.67509593590194,139.68元,0.0,277.9603899221929
2025-02-25T11:10:00,2025-02-25T11:20:00,2025-02-25,67,778.324094986769,751.4316183210295,0.0,751.4316183210295,-26.892476665739423,0.0,751.4316183210295,0.4662,350.31742046126396,0.6993,0.0,2.331,0.0,0.0,0.0,350.31742046126396,350.32元,0.0,751.4316183210295
2025-02-25T11:20:00,2025-02-25T11:30:00,2025-02-25,68,759.3801262950266,733.3940396972351,0.0,733.3940396972351,-25.986086597791427,0.0,733.3940396972351,0.5007,367.21039567640565,0.75105,0.0,2.5035000000000003,0.0,0.0,0.0,367.21039567640565,367.21元,0.0,733.3940396972351
2025-02-25T11:30:00,2025-02-25T11:40:00,2025-02-25,69,753.8276492985407,728.4937054606418,0.0,728.4937054606418,-25.333943837898914,0.0,728.4937054606418,0.4827,351.6439116258518,0.7240500000000001,0.0,2.4135,0.0,0.0,0.0,351.6439116258518,351.64元,0.0,728.4937054606418
2025-02-25T11:40:00,2025-02-25T11:50:00,2025-02-25,70,771.6629184118652,746.3012256662656,0.0,746.3012256662656,-25.361692745599612,0.0,746.3012256662656,0.4785,357.1051364813081,0.71775,0.0,2.3925,0.0,0.0,0.0,357.1051364813081,357.11元,0.0,746.3012256662656
2025-02-25T11:50:00,2025-02-25T12:00:00,2025-02-25,71,748.2434236261037,722.685291834411,0.0,722.685291834411,-25.55813179169263,0.0,722.685291834411,0.4662,336.91588305320244,0.6993,0.0,2.331,0.0,0.0,0.0,336.91588305320244,336.92元,0.0,722.685291834411
2025-02-25T12:00:00,2025-02-25T12:10:00,2025-02-25,72,652.1429798637586,608.342864929972,0.0,608.342864929972,-43.80011493378652,0.0,608.342864929972,0.4432,269.6175577369636,0.6648,0.0,2.2159999999999997,0.0,1127.8979397491707,249.94218344841622,519.5597411853798,519.56元,0.0,608.342864929972
2025-02-25T12:10:00,2025-02-25T12:20:00,2025-02-25,73,649.3589413112874,605.5758573984348,0.0,605.5758573984348,-43.78308391285259,0.0,605.5758573984348,0.4411,267.1195106984496,0.66165,0.0,2.2055,0.0,0.0,0.0,267.1195106984496,267.12元,0.0,605.5758573984348
2025-02-25T12:20:00,2025-02-25T12:30:00,2025-02-25,74,660.773832228682,616.9938381251169,0.0,616.9938381251169,-43.77999410356506,0.0,616.9938381251169,0.4551,280.7938957307407,0.68265,0.0,2.2755,0.0,0.0,0.0,280.7938957307407,280.79元,0.0,616.9938381251169
2025-02-25T12:30:00,2025-02-25T12:40:00,2025-02-25,75,653.2680183546771,609.5303610597849,0.0,609.5303610597849,-43.73765729489219,0.0,609.5303610597849,0.4463,272.033400140982,0.66945,0.0,2.2315,0.0,0.0,0.0,272.033400140982,272.03元,0.0,609.5303610597849
2025-02-25T12:40:00,2025-02-25T12:50:00,2025-02-25,76,638.7604558318036,595.234833476923,0.0,595.234833476923,-43.525622354880625,0.0,595.234833476923,0.4113,244.82008700905843,0.61695,0.0,2.0564999999999998,0.0,0.0,0.0,244.82008700905843,244.82元,0.0,595.234833476923
2025-02-25T12:50:00,2025-02-25T13:00:00,2025-02-25,77,0.0,0.0,440.81323759504676,440.81323759504676,440.81323759504676,0.0,440.81323759504676,0.5682,0.0,0.8523000000000001,375.7051224022584,2.841,0.0,0.0,0.0,375.7051224022584,375.71元,0.0,440.81323759504676
2025-02-25T13:00:00,2025-02-25T13:10:00,2025-02-25,78,37.235393150998334,37.235393150998334,0.0,37.235393150998334,0.0,0.0,37.235393150998334,0.8279,30.82718198971152,1.24185,0.0,4.1395,0.0,0.0,0.0,30.82718198971152,30.83元,0.0,37.235393150998334
2025-02-25T13:10:00,2025-02-25T13:20:00,2025-02-25,79,9.929927306088302,9.929927306088302,0.0,9.929927306088302,0.0,0.0,9.929927306088302,0.8636,8.575485221537859,1.2954,0.0,4.3180000000000005,0.0,0.0,0.0,8.575485221537859,8.58元,0.0,9.929927306088302
2025-02-25T13:20:00,2025-02-25T13:30:00,2025-02-25,80,0.0,0.0,0.0,0.0,0.0,0.0,0.0,0.8416,0.0,1.2624,0.0,4.208,0.0,0.0,0.0,0.0,0.00元,0.0,0.0
2025-02-25T13:30:00,2025-02-25T13:40:00,2025-02-25,81,19.87535360899051,19.87535360899051,0.0,19.87535360899051,0.0,0.0,19.87535360899051,0.8618,17.12857974022802,1.2927,0.0,4.309,0.0,0.0,0.0,17.12857974022802,17.13元,0.0,19.87535360899051
2025-02-25T13:40:00,2025-02-25T13:50:00,2025-02-25,82,35.966364264787444,35.966364264787444,0.0,35.966364264787444,0.0,0.0,35.966364264787444,0.8623,31.013795905526212,1.29345,0.0,4.3115,0.0,0.0,0.0,31.013795905526212,31.01元,0.0,35.966364264787444
2025-02-25T13:50:00,2025-02-25T14:00:00,2025-02-25,83,0.0,0.0,0.0,0.0,0.0,0.0,0.0,0.9026,0.0,1.3538999999999999,0.0,4.513,0.0,0.0,0.0,0.0,0.00元,0.0,0.0
2025-02-25T14:00:00,2025-02-25T14:10:00,2025-02-25,84,0.0,0.0,0.0,0.0,0.0,0.0,0.0,0.9754,0.0,1.4631,0.0,4.877000000000001,0.0,0.0,0.0,0.0,0.00元,0.0,0.0
2025-02-25T14:10:00,2025-02-25T14:20:00,2025-02-25,85,0.0,0.0,0.0,0.0,0.0,0.0,0.0,1.0002,0.0,1.5003,0.0,5.0009999999999994,0.0,0.0,0.0,0.0,0.00元,0.0,0.0
2025-02-25T14:20:00,2025-02-25T14:30:00,2025-02-25,86,0.0,0.0,0.0,0.0,0.0,0.0,0.0,0.9978,0.0,1.4967000000000001,0.0,4.989,0.0,0.0,0.0,0.0,0.00元,0.0,0.0
2025-02-25T14:30:00,2025-02-25T14:40:00,2025-02-25,87,0.0,0.0,0.0,0.0,0.0,0.0,0.0,1.0271,0.0,1.5406499999999999,0.0,5.1354999999999995,0.0,0.0,0.0,0.0,0.00元,0.0,0.0
2025-02-25T14:40:00,2025-02-25T14:50:00,2025-02-25,88,0.0,0.0,0.0,0.0,0.0,0.0,0.0,1.0906,0.0,1.6359,0.0,5.453,0.0,0.0,0.0,0.0,0.00元,0.0,0.0
2025-02-25T14:50:00,2025-02-25T15:00:00,2025-02-25,89,0.0,0.0,0.0,0.0,0.0,0.0,0.0,0.9376,0.0,1.4064,0.0,4.688,0.0,0.0,0.0,0.0,0.00元,0.0,0.0
2025-02-25T15:00:00,2025-02-25T15:10:00,2025-02-25,90,1295.564331803811,1279.4802936666595,0.0,1279.4802936666595,-16.084038137151538,0.0,1279.4802936666595,0.6694,856.4841085804618,1.0041,0.0,3.347,0.0,0.0,0.0,856.4841085804618,856.48元,0.0,1279.4802936666595
2025-02-25T15:10:00,2025-02-25T15:20:00,2025-02-25,91,1295.8540215697042,1280.5534365346423,0.0,1280.5534365346423,-15.300585035061886,0.0,1280.5534365346423,0.66,845.1652681128639,0.99,0.0,3.3000000000000003,0.0,0.0,0.0,845.1652681128639,845.17元,0.0,1280.5534365346423
2025-02-25T15:20:00,2025-02-25T15:30:00,2025-02-25,92,605.1120486145346,605.1120486145346,0.0,605.1120486145346,0.0,0.0,605.1120486145346,0.7217,436.70936548510963,1.08255,0.0,3.6085000000000003,0.0,0.0,0.0,436.70936548510963,436.71元,0.0,605.1120486145346
2025-02-25T15:30:00,2025-02-25T15:40:00,2025-02-25,93,476.3614101708097,476.3614101708097,0.0,476.3614101708097,0.0,0.0,476.3614101708097,0.7308,348.1249185528277,1.0962,0.0,3.654,0.0,0.0,0.0,348.1249185528277,348.12元,0.0,476.3614101708097
2025-02-25T15:40:00,2025-02-25T15:50:00,2025-02-25,94,495.75509007481696,495.75509007481696,0.0,495.75509007481696,0.0,0.0,495.75509007481696,0.7534,373.5018848623671,1.1300999999999999,0.0,3.767,0.0,0.0,0.0,373.5018848623671,373.50元,0.0,495.75509007481696
2025-02-25T15:50:00,2025-02-25T16:00:00,2025-02-25,95,514.3832501079456,514.3832501079456,0.0,514.3832501079456,0.0,0.0,514.3832501079456,0.7823,402.4020165594459,1.1734499999999999,0.0,3.9115,0.0,0.0,0.0,402.4020165594459,402.40元,0.0,514.3832501079456
2025-02-25T16:00:00,2025-02-25T16:10:00,2025-02-25,96,743.7927283109253,743.7927283109253,0.0,743.7927283109253,0.0,0.0,743.7927283109253,0.8055,599.1250426544503,1.20825,0.0,4.0275,0.0,0.0,0.0,599.1250426544503,599.13元,0.0,743.7927283109253
2025-02-25T16:10:00,2025-02-25T16:20:00,2025-02-25,97,761.897429719027,761.897429719027,0.0,761.897429719027,0.0,0.0,761.897429719027,0.8271,630.1653641206071,1.24065,0.0,4.1354999999999995,0.0,0.0,0.0,630.1653641206071,630.17元,0.0,761.897429719027
2025-02-25T16:20:00,2025-02-25T16:30:00,2025-02-25,98,784.0369109055905,784.0369109055905,0.7321533080205427,784.769064213611,0.7321533080205427,0.0,784.769064213611,0.8519,667.9210444004725,1.27785,0.9355821046540505,4.2595,0.0,0.0,0.0,668.8566265051265,668.86元,0.0,784.769064213611
2025-02-25T16:30:00,2025-02-25T16:40:00,2025-02-25,99,809.4213345410162,809.4213345410162,1.8224921493807642,811.243826690397,1.8224921493807642,0.0,811.243826690397,0.8791,711.5622951950073,1.3186499999999999,2.4032292727809446,4.3955,0.0,0.0,0.0,713.9655244677883,713.97元,0.0,811.243826690397
2025-02-25T16:40:00,2025-02-25T16:50:00,2025-02-25,100,832.48511386209,832.48511386209,2.9652513945273995,835.4503652566174,2.9652513945273995,0.0,835.4503652566174,0.9024,751.23456674915,1.3536,4.013764287632288,4.512,0.0,0.0,0.0,755.2483310367822,755.25元,0.0,835.4503652566174
2025-02-25T16:50:00,2025-02-25T17:00:00,2025-02-25,101,851.7751437544098,851.7751437544098,3.3409821476222987,855.1161259020321,3.3409821476222987,0.0,855.1161259020321,0.9163,780.4815642221657,1.37445,4.592012912799468,4.5815,0.0,0.0,0.0,785.0735771349651,785.07元,0.0,855.1161259020321
2025-02-25T17:00:00,2025-02-25T17:10:00,2025-02-25,102,972.4676571234949,972.4676571234949,0.0,972.4676571234949,0.0,0.0,972.4676571234949,0.9264,900.8940375592057,1.3896,0.0,4.632,0.0,0.0,0.0,900.8940375592057,900.89元,0.0,972.4676571234949
2025-02-25T17:10:00,2025-02-25T17:20:00,2025-02-25,103,976.5928599651293,976.5928599651293,0.08761407926022002,976.6804740443895,0.08761407926022002,0.0,976.6804740443895,0.9462,924.0521640990054,1.4193,0.12435066269403028,4.731,0.0,0.0,0.0,924.1765147616994,924.18元,0.0,976.6804740443895
2025-02-25T17:20:00,2025-02-25T17:30:00,2025-02-25,104,990.9007451863674,990.9007451863674,1.0149505361334832,991.9156957225009,1.0149505361334832,0.0,991.9156957225009,0.9742,965.3355059605591,1.4613,1.4831472184518588,4.8709999999999996,0.0,0.0,0.0,966.818653179011,966.82元,0.0,991.9156957225009
2025-02-25T17:30:00,2025-02-25T17:40:00,2025-02-25,105,1025.0178254313864,1025.0178254313864,0.16624845325395654,1025.1840738846404,0.16624845325395654,0.0,1025.1840738846404,0.9862,1010.8725794404332,1.4792999999999998,0.2459313368985779,4.931,0.0,0.0,0.0,1011.1185107773318,1011.12元,0.0,1025.1840738846404
2025-02-25T17:40:00,2025-02-25T17:50:00,2025-02-25,106,1045.5132179752754,1045.5132179752754,0.0,1045.5132179752754,0.0,0.0,1045.5132179752754,0.976,1020.4209007438689,1.464,0.0,4.88,0.0,0.0,0.0,1020.4209007438689,1020.42元,0.0,1045.5132179752754
2025-02-25T17:50:00,2025-02-25T18:00:00,2025-02-25,107,916.0156984418459,916.0156984418459,0.0,916.0156984418459,0.0,0.0,916.0156984418459,1.0742,983.9840632662309,1.6113,0.0,5.371,0.0,0.0,0.0,983.9840632662309,983.98元,0.0,916.0156984418459
2025-02-25T18:00:00,2025-02-25T18:10:00,2025-02-25,108,719.2392471593038,719.2392471593038,0.0,719.2392471593038,0.0,0.0,719.2392471593038,1.2313,885.5992850272507,1.84695,0.0,6.1565,0.0,82.69271736163012,50.90977144368758,936.5090564709383,936.51元,0.0,719.2392471593038
2025-02-25T18:10:00,2025-02-25T18:20:00,2025-02-25,109,694.6026105655293,694.6026105655293,0.0,694.6026105655293,0.0,0.0,694.6026105655293,1.2561,872.4903391313613,1.88415,0.0,6.2805,0.0,0.0,0.0,872.4903391313613,872.49元,0.0,694.6026105655293
2025-02-25T18:20:00,2025-02-25T18:30:00,2025-02-25,110,714.9196298074694,714.9196298074694,0.0,714.9196298074694,0.0,0.0,714.9196298074694,1.2447,889.8604632213571,1.8670499999999999,0.0,6.2235,0.0,0.0,0.0,889.8604632213571,889.86元,0.0,714.9196298074694
2025-02-25T18:30:00,2025-02-25T18:40:00,2025-02-25,111,709.5519520418729,709.5519520418729,0.0,709.5519520418729,0.0,0.0,709.5519520418729,1.2545,890.1329238365296,1.8817499999999998,0.0,6.2725,0.0,0.0,0.0,890.1329238365296,890.13元,0.0,709.5519520418729
2025-02-25T18:40:00,2025-02-25T18:50:00,2025-02-25,112,731.3102451811307,731.3102451811307,0.0,731.3102451811307,0.0,0.0,731.3102451811307,1.2522,915.7466890158117,1.8782999999999999,0.0,6.261,0.0,0.0,0.0,915.7466890158117,915.75元,0.0,731.3102451811307
2025-02-25T18:50:00,2025-02-25T19:00:00,2025-02-25,113,84.20756433687063,84.20756433687063,0.0,84.20756433687063,0.0,0.0,84.20756433687063,1.2881,108.46776362232306,1.93215,0.0,6.4405,0.0,0.0,0.0,108.46776362232306,108.47元,0.0,84.20756433687063
2025-02-25T19:00:00,2025-02-25T19:10:00,2025-02-25,114,0.0,0.0,0.0,0.0,0.0,12.010000009999992,12.010000009999992,1.3466,0.0,2.0199,0.0,6.7330000000000005,80.86333006732994,0.0,0.0,80.86333006732994,80.86元,0.0,12.010000009999992
2025-02-25T19:10:00,2025-02-25T19:20:00,2025-02-25,115,7.3135351151189525,7.3135351151189525,0.0,7.3135351151189525,0.0,0.0,7.3135351151189525,1.3523,9.89009353617536,2.0284500000000003,0.0,6.7615,0.0,0.0,0.0,9.89009353617536,9.89元,0.0,7.3135351151189525
2025-02-25T19:20:00,2025-02-25T19:30:00,2025-02-25,116,22.282498260262514,22.282498260262514,4.27114014185554,26.553638402118054,4.27114014185554,0.0,26.553638402118054,1.3445,29.95881891092295,2.01675,8.61382188108716,6.7225,0.0,0.0,0.0,38.57264079201011,38.57元,0.0,26.553638402118054
2025-02-25T19:30:00,2025-02-25T19:40:00,2025-02-25,117,0.0,0.0,6.545000305168514,6.545000305168514,6.545000305168514,0.0,6.545000305168514,1.3483,0.0,2.02245,13.236935867188063,6.7415,0.0,0.0,0.0,13.236935867188063,13.24元,0.0,6.545000305168514
2025-02-25T19:40:00,2025-02-25T19:50:00,2025-02-25,118,0.0,0.0,0.0,0.0,0.0,0.0,0.0,1.349,0.0,2.0235,0.0,6.745,0.0,0.0,0.0,0.0,0.00元,0.0,0.0
2025-02-25T19:50:00,2025-02-25T20:00:00,2025-02-25,119,14.526955072936858,14.526955072936858,4.693766406500117,19.220721479436975,4.693766406500117,0.0,19.220721479436975,1.3473,19.572166569767827,2.02095,9.485867219216411,6.7364999999999995,0.0,0.0,0.0,29.05803378898424,29.06元,0.0,19.220721479436975
2025-02-25T20:00:00,2025-02-25T20:10:00,2025-02-25,120,26.01878570580641,26.01878570580641,0.0,26.01878570580641,0.0,0.0,26.01878570580641,1.3482,35.0785268885682,2.0223,0.0,6.7410000000000005,0.0,0.0,0.0,35.0785268885682,35.08元,0.0,26.01878570580641
2025-02-25T20:10:00,2025-02-25T20:20:00,2025-02-25,121,3.665348693263013,3.665348693263013,0.0,3.665348693263013,0.0,0.0,3.665348693263013,1.3513,4.95298568920631,2.02695,0.0,6.7565,0.0,0.0,0.0,4.95298568920631,4.95元,0.0,3.665348693263013
2025-02-25T20:20:00,2025-02-25T20:30:00,2025-02-25,122,2.2620631559941557,2.2620631559941557,3.292332815549912,5.554395971544068,3.292332815549912,0.0,5.554395971544068,1.34,3.031164629032169,2.0100000000000002,6.617588959255324,6.7,0.0,0.0,0.0,9.648753588287493,9.65元,0.0,5.554395971544068
2025-02-25T20:30:00,2025-02-25T20:40:00,2025-02-25,123,8.35447042587657,8.35447042587657,0.3215079183830767,8.675978344259647,0.3215079183830767,0.0,8.675978344259647,1.3489,11.269345157464906,2.0233499999999998,0.6505230466603982,6.7445,0.0,0.0,0.0,11.919868204125304,11.92元,0.0,8.675978344259647
2025-02-25T20:40:00,2025-02-25T20:50:00,2025-02-25,124,21.838273392424526,21.838273392424526,0.0,21.838273392424526,0.0,0.0,21.838273392424526,1.3952,30.468759037110697,2.0928,0.0,6.976,0.0,0.0,0.0,30.468759037110697,30.47元,0.0,21.838273392424526
2025-02-25T20:50:00,2025-02-25T21:00:00,2025-02-25,125,716.4290865668894,694.7365905596833,0.0,694.7365905596833,-21.692496007206046,0.0,694.7365905596833,1.2226,849.3849556182688,1.8338999999999999,0.0,6.1129999999999995,0.0,0.0,0.0,849.3849556182688,849.38元,0.0,694.7365905596833
2025-02-25T21:00:00,2025-02-25T21:10:00,2025-02-25,126,710.5911790876451,710.5911790876451,0.0,710.5911790876451,0.0,0.0,710.5911790876451,0.9332,663.1236883245904,1.3998,0.0,4.666,0.0,0.0,0.0,663.1236883245904,663.12元,0.0,710.5911790876451
2025-02-25T21:10:00,2025-02-25T21:20:00,2025-02-25,127,722.2368552872032,722.2368552872032,0.0,722.2368552872032,0.0,0.0,722.2368552872032,0.9068,654.9243803744358,1.3602,0.0,4.534000000000001,0.0,0.0,0.0,654.9243803744358,654.92元,0.0,722.2368552872032
2025-02-25T21:20:00,2025-02-25T21:30:00,2025-02-25,128,719.9196817085121,719.9196817085121,0.0,719.9196817085121,0.0,12.43174488528686,732.351426593799,0.9371,674.6367337290468,1.40565,0.0,4.6855,58.24894066001159,0.0,0.0,732.8856743890584,732.89元,0.0,732.351426593799
2025-02-25T21:30:00,2025-02-25T21:40:00,2025-02-25,129,716.914098185584,716.914098185584,0.0,716.914098185584,0.0,16.23256846873706,733.146666654321,0.9371,671.8202014097108,1.40565,0.0,4.6855,76.0576995602675,0.0,0.0,747.8779009699782,747.88元,0.0,733.146666654321
2025-02-25T21:40:00,2025-02-25T21:50:00,2025-02-25,130,683.6759702808106,683.6759702808106,0.0,683.6759702808106,0.0,57.838429706843804,741.5143999876544,0.9871,674.8565502641882,1.48065,0.0,4.9355,285.4615698181276,0.0,0.0,960.3181200823158,960.32元,0.0,741.5143999876544
2025-02-25T21:50:00,2025-02-25T22:00:00,2025-02-25,131,681.541163638008,651.7701986087554,0.0,651.7701986087554,-29.77096502925258,13.021018057911192,664.7912166666666,0.7764,506.0343821998377,1.1646,0.0,3.8819999999999997,50.547592100811244,0.0,0.0,556.581974300649,556.58元,0.0,664.7912166666666
2025-02-25T22:00:00,2025-02-25T22:10:00,2025-02-25,132,1359.5908006815475,1354.2180802422772,0.0,1354.2180802422772,-5.372720439270324,0.0,1354.2180802422772,0.4209,569.9903899739745,0.63135,0.0,2.1045,0.0,0.0,0.0,569.9903899739745,569.99元,0.0,1354.2180802422772
2025-02-25T22:10:00,2025-02-25T22:20:00,2025-02-25,133,1372.8798407495983,1367.6543087960695,0.0,1367.6543087960695,-5.225531953528844,0.0,1367.6543087960695,0.3859,527.7777977644032,0.5788500000000001,0.0,1.9295,0.0,0.0,0.0,527.7777977644032,527.78元,0.0,1367.6543087960695
2025-02-25T22:20:00,2025-02-25T22:30:00,2025-02-25,134,559.0442769488625,559.0442769488625,0.0,559.0442769488625,0.0,0.0,559.0442769488625,0.4368,244.19054017126314,0.6552,0.0,2.184,0.0,0.0,0.0,244.19054017126314,244.19元,0.0,559.0442769488625
2025-02-25T22:30:00,2025-02-25T22:40:00,2025-02-25,135,1359.6648238829703,1354.7216824514549,0.0,1354.7216824514549,-4.943141431515414,0.0,1354.7216824514549,0.4198,568.7121622931207,0.6297,0.0,2.099,0.0,0.0,0.0,568.7121622931207,568.71元,2.2866824614547943,1352.43499999
2025-02-25T22:40:00,2025-02-25T22:50:00,2025-02-25,136,1359.3087186207517,1354.5009971334405,0.0,1354.5009971334405,-4.807721487311255,0.0,1354.5009971334405,0.4186,566.9941174000583,0.6279,0.0,2.093,0.0,0.0,0.0,566.9941174000583,566.99元,0.0,1354.5009971334405
2025-02-25T22:50:00,2025-02-25T23:00:00,2025-02-25,137,1381.8589040305233,1377.182892587236,0.0,1377.182892587236,-4.67601144328728,0.0,1377.182892587236,0.4241,584.0632647462468,0.63615,0.0,2.1205,0.0,0.0,0.0,584.0632647462468,584.06元,0.0,1377.182892587236
2025-02-25T23:00:00,2025-02-25T23:10:00,2025-02-25,138,1396.2166187810149,1391.6687091162262,0.0,1391.6687091162262,-4.547909664788676,0.0,1391.6687091162262,0.4237,589.650032052545,0.6355500000000001,0.0,2.1185,0.0,0.0,0.0,589.650032052545,589.65元,34.83370912622615,1356.8349999900001
2025-02-25T23:10:00,2025-02-25T23:20:00,2025-02-25,139,1050.9406306638523,1050.9406306638523,0.0,1050.9406306638523,0.0,0.0,1050.9406306638523,0.4248,446.43957990600444,0.6372,0.0,2.124,0.0,0.0,0.0,446.43957990600444,446.44元,0.0,1050.9406306638523
2025-02-25T23:20:00,2025-02-25T23:30:00,2025-02-25,140,1390.0447508198638,1385.7426126087244,0.0,1385.7426126087244,-4.302138211139436,0.0,1385.7426126087244,0.424,587.5548677460991,0.636,0.0,2.12,0.0,0.0,0.0,587.5548677460991,587.55元,0.0,1385.7426126087244
2025-02-25T23:30:00,2025-02-25T23:40:00,2025-02-25,141,1404.0844669557425,1399.900188070415,0.0,1399.900188070415,-4.184278885327558,0.0,1399.900188070415,0.422,590.7578793657151,0.633,0.0,2.11,0.0,0.0,0.0,590.7578793657151,590.76元,0.0,1399.900188070415
2025-02-25T23:40:00,2025-02-25T23:50:00,2025-02-25,142,1397.0080401290656,1392.938391751693,0.0,1392.938391751693,-4.069648377372687,0.0,1392.938391751693,0.424,590.6058781027178,0.636,0.0,2.12,0.0,0.0,0.0,590.6058781027178,590.61元,0.0,1392.938391751693
2025-02-25T23:50:00,2025-02-26T00:00:00,2025-02-25,143,550.3411996903418,550.3411996903418,0.0,550.3411996903418,0.0,0.0,550.3411996903418,0.4271,235.05072638774496,0.6406499999999999,0.0,2.1355,0.0,0.0,0.0,235.05072638774496,235.05元,0.0,550.3411996903418
2025-02-26T00:00:00,2025-02-26T00:10:00,2025-02-25,144,568.2764999999999,568.2764999999999,0.0,568.2764999999999,0.0,0.0,568.2764999999999,0.4276,242.99503139999996,0.6414,0.0,2.138,0.0,0.0,0.0,242.99503139999996,243.00元,0.0,568.2764999999999
2025-02-26T00:10:00,2025-02-26T00:20:00,2025-02-26,1,1409.2284397295343,1409.2284397295343,0.0,1409.2284397295343,0.0,0.0,1409.2284397295343,0.4248,598.6402411971062,0.6372,0.0,2.124,0.0,0.0,0.0,598.6402411971062,598.64元,13.65333973953431,1395.5750999900001
2025-02-26T00:20:00,2025-02-26T00:30:00,2025-02-26,2,1415.3425415045085,1415.3425415045085,0.0,1415.3425415045085,0.0,0.0,1415.3425415045085,0.4245,600.8129088686638,0.6367499999999999,0.0,2.1225,0.0,0.0,0.0,600.8129088686638,600.81元,7.179908181175157,1408.1626333233335
2025-02-26T00:30:00,2025-02-26T00:40:00,2025-02-26,3,935.4193860060491,935.4193860060491,0.0,935.4193860060491,0.0,0.0,935.4193860060491,0.4269,399.33053588598233,0.64035,0.0,2.1345,0.0,0.0,0.0,399.33053588598233,399.33元,0.0,935.4193860060491
2025-02-26T00:40:00,2025-02-26T00:50:00,2025-02-26,4,575.0994739307201,575.0994739307201,0.0,575.0994739307201,0.0,0.0,575.0994739307201,0.4272,245.68249526320366,0.6408,0.0,2.136,0.0,0.0,0.0,245.68249526320366,245.68元,0.0,575.0994739307201
2025-02-26T00:50:00,2025-02-26T01:00:00,2025-02-26,5,594.5890298867312,594.5890298867312,0.0,594.5890298867312,0.0,0.0,594.5890298867312,0.4271,253.94897466462288,0.6406499999999999,0.0,2.1355,0.0,0.0,0.0,253.94897466462288,253.95元,0.0,594.5890298867312
2025-02-26T01:00:00,2025-02-26T01:10:00,2025-02-26,6,624.25787365235,624.25787365235,0.0,624.25787365235,0.0,0.0,624.25787365235,0.4285,267.49449886003197,0.6427499999999999,0.0,2.1425,0.0,0.0,0.0,267.49449886003197,267.49元,0.0,624.25787365235
2025-02-26T01:10:00,2025-02-26T01:20:00,2025-02-26,7,627.2666700768233,627.2666700768233,0.0,627.2666700768233,0.0,0.0,627.2666700768233,0.4311,270.4146614701185,0.64665,0.0,2.1555,0.0,0.0,0.0,270.4146614701185,270.41元,0.0,627.2666700768233
2025-02-26T01:20:00,2025-02-26T01:30:00,2025-02-26,8,626.9323630046559,626.9323630046559,0.0,626.9323630046559,0.0,0.0,626.9323630046559,0.4302,269.706302564603,0.6453,0.0,2.1510000000000002,0.0,0.0,0.0,269.706302564603,269.71元,0.0,626.9323630046559
2025-02-26T01:30:00,2025-02-26T01:40:00,2025-02-26,9,627.3727248153396,627.3727248153396,0.0,627.3727248153396,0.0,0.0,627.3727248153396,0.4279,268.45278894848377,0.64185,0.0,2.1395,0.0,0.0,0.0,268.45278894848377,268.45元,0.0,627.3727248153396
2025-02-26T01:40:00,2025-02-26T01:50:00,2025-02-26,10,611.8981338385148,611.8981338385148,0.0,611.8981338385148,0.0,0.0,611.8981338385148,0.4312,263.8504753111676,0.6468,0.0,2.156,0.0,0.0,0.0,263.8504753111676,263.85元,0.0,611.8981338385148
2025-02-26T01:50:00,2025-02-26T02:00:00,2025-02-26,11,620.1191674101491,620.1191674101491,0.0,620.1191674101491,0.0,0.0,620.1191674101491,0.4333,268.6976352388176,0.64995,0.0,2.1665,0.0,0.0,0.0,268.6976352388176,268.70元,0.0,620.1191674101491
2025-02-26T02:00:00,2025-02-26T02:10:00,2025-02-26,12,644.0849807696399,644.0849807696399,0.0,644.0849807696399,0.0,0.0,644.0849807696399,0.4311,277.6650352097917,0.64665,0.0,2.1555,0.0,0.0,0.0,277.6650352097917,277.67元,0.0,644.0849807696399
2025-02-26T02:10:00,2025-02-26T02:20:00,2025-02-26,13,635.9572467976373,635.9572467976373,0.0,635.9572467976373,0.0,0.0,635.9572467976373,0.4293,273.0164460502257,0.64395,0.0,2.1465,0.0,0.0,0.0,273.0164460502257,273.02元,0.0,635.9572467976373
2025-02-26T02:20:00,2025-02-26T02:30:00,2025-02-26,14,634.1412565943826,634.1412565943826,0.0,634.1412565943826,0.0,0.0,634.1412565943826,0.4324,274.20267935141106,0.6486000000000001,0.0,2.162,0.0,0.0,0.0,274.20267935141106,274.20元,0.0,634.1412565943826
2025-02-26T02:30:00,2025-02-26T02:40:00,2025-02-26,15,646.6091275650315,646.6091275650315,0.0,646.6091275650315,0.0,0.0,646.6091275650315,0.4367,282.3742060076492,0.6550499999999999,0.0,2.1835,0.0,0.0,0.0,282.3742060076492,282.37元,0.0,646.6091275650315
2025-02-26T02:40:00,2025-02-26T02:50:00,2025-02-26,16,644.5161173451049,644.5161173451049,0.0,644.5161173451049,0.0,0.0,644.5161173451049,0.4348,280.2356078216516,0.6522,0.0,2.174,0.0,0.0,0.0,280.2356078216516,280.24元,0.0,644.5161173451049
2025-02-26T02:50:00,2025-02-26T03:00:00,2025-02-26,17,659.61168273255,659.61168273255,0.0,659.61168273255,0.0,0.0,659.61168273255,0.4335,285.9416644645604,0.65025,0.0,2.1675,0.0,0.0,0.0,285.9416644645604,285.94元,0.0,659.61168273255
2025-02-26T03:00:00,2025-02-26T03:10:00,2025-02-26,18,674.7343852928925,674.7343852928925,0.0,674.7343852928925,0.0,0.0,674.7343852928925,0.4357,293.98177167211327,0.65355,0.0,2.1784999999999997,0.0,0.0,0.0,293.98177167211327,293.98元,0.0,674.7343852928925
2025-02-26T03:10:00,2025-02-26T03:20:00,2025-02-26,19,641.4036469706424,641.4036469706424,0.0,641.4036469706424,0.0,0.0,641.4036469706424,0.4374,280.549955184959,0.6561,0.0,2.1870000000000003,0.0,0.0,0.0,280.549955184959,280.55元,0.0,641.4036469706424
2025-02-26T03:20:00,2025-02-26T03:30:00,2025-02-26,20,639.5606790401102,639.5606790401102,0.0,639.5606790401102,0.0,0.0,639.5606790401102,0.4371,279.5519728084322,0.65565,0.0,2.1854999999999998,0.0,0.0,0.0,279.5519728084322,279.55元,0.0,639.5606790401102
2025-02-26T03:30:00,2025-02-26T03:40:00,2025-02-26,21,671.5197327288065,671.5197327288065,0.0,671.5197327288065,0.0,0.0,671.5197327288065,0.4356,292.5139955766681,0.6534,0.0,2.178,0.0,0.0,0.0,292.5139955766681,292.51元,0.0,671.5197327288065
2025-02-26T03:40:00,2025-02-26T03:50:00,2025-02-26,22,658.673629013256,658.673629013256,0.0,658.673629013256,0.0,0.0,658.673629013256,0.4353,286.72063070947036,0.65295,0.0,2.1765,0.0,0.0,0.0,286.72063070947036,286.72元,0.0,658.673629013256
2025-02-26T03:50:00,2025-02-26T04:00:00,2025-02-26,23,639.1040559204081,639.1040559204081,0.0,639.1040559204081,0.0,0.0,639.1040559204081,0.436,278.6493683812979,0.654,0.0,2.18,0.0,0.0,0.0,278.6493683812979,278.65元,0.0,639.1040559204081
2025-02-26T04:00:00,2025-02-26T04:10:00,2025-02-26,24,649.5108533344867,649.5108533344867,0.0,649.5108533344867,0.0,0.0,649.5108533344867,0.4378,284.35585158983827,0.6567000000000001,0.0,2.189,0.0,0.0,0.0,284.35585158983827,284.36元,0.0,649.5108533344867
2025-02-26T04:10:00,2025-02-26T04:20:00,2025-02-26,25,680.993312809131,680.993312809131,0.0,680.993312809131,0.0,0.0,680.993312809131,0.4401,299.70515696729854,0.66015,0.0,2.2005,0.0,0.0,0.0,299.70515696729854,299.71元,0.0,680.993312809131
2025-02-26T04:20:00,2025-02-26T04:30:00,2025-02-26,26,673.3728882180169,673.3728882180169,0.0,673.3728882180169,0.0,0.0,673.3728882180169,0.4389,295.54336063888763,0.65835,0.0,2.1945,0.0,0.0,0.0,295.54336063888763,295.54元,0.0,673.3728882180169
2025-02-26T04:30:00,2025-02-26T04:40:00,2025-02-26,27,646.2075022438175,646.2075022438175,0.0,646.2075022438175,0.0,0.0,646.2075022438175,0.4364,282.00495397920196,0.6546000000000001,0.0,2.182,0.0,0.0,0.0,282.00495397920196,282.00元,0.0,646.2075022438175
2025-02-26T04:40:00,2025-02-26T04:50:00,2025-02-26,28,676.8589060569057,676.8589060569057,0.0,676.8589060569057,0.0,0.0,676.8589060569057,0.4393,297.3441174307987,0.65895,0.0,2.1965000000000003,0.0,0.0,0.0,297.3441174307987,297.34元,0.0,676.8589060569057
2025-02-26T04:50:00,2025-02-26T05:00:00,2025-02-26,29,707.5120507539765,707.5120507539765,0.0,707.5120507539765,0.0,0.0,707.5120507539765,0.4422,312.8618288434084,0.6633,0.0,2.211,0.0,0.0,0.0,312.8618288434084,312.86元,0.0,707.5120507539765
2025-02-26T05:00:00,2025-02-26T05:10:00,2025-02-26,30,700.9434605544714,700.9434605544714,0.0,700.9434605544714,0.0,0.0,700.9434605544714,0.4395,308.0646509136902,0.65925,0.0,2.1975,0.0,0.0,0.0,308.0646509136902,308.06元,0.0,700.9434605544714
2025-02-26T05:10:00,2025-02-26T05:20:00,2025-02-26,31,679.6596873368796,679.6596873368796,0.0,679.6596873368796,0.0,0.0,679.6596873368796,0.4333,294.49654252306993,0.64995,0.0,2.1665,0.0,0.0,0.0,294.49654252306993,294.50元,0.0,679.6596873368796
2025-02-26T05:20:00,2025-02-26T05:30:00,2025-02-26,32,680.5952109762801,680.5952109762801,0.0,680.5952109762801,0.0,0.0,680.5952109762801,0.4439,302.11621415237073,0.66585,0.0,2.2195,0.0,0.0,0.0,302.11621415237073,302.12元,0.0,680.5952109762801
2025-02-26T05:30:00,2025-02-26T05:40:00,2025-02-26,33,677.649576607498,677.649576607498,0.0,677.649576607498,0.0,0.0,677.649576607498,0.4301,291.4570828988849,0.64515,0.0,2.1505,0.0,0.0,0.0,291.4570828988849,291.46元,0.0,677.649576607498
2025-02-26T05:40:00,2025-02-26T05:50:00,2025-02-26,34,1465.617174945692,1465.617174945692,0.0,1465.617174945692,0.0,0.0,1465.617174945692,0.3713,544.1836570573355,0.5569500000000001,0.0,1.8565,0.0,0.0,0.0,544.1836570573355,544.18元,695.6993502065486,769.9178247391435
2025-02-26T05:50:00,2025-02-26T06:00:00,2025-02-26,35,709.0141147350869,709.0141147350869,0.0,709.0141147350869,0.0,0.0,709.0141147350869,0.5708,404.70525669078756,0.8562,0.0,2.854,0.0,0.0,0.0,404.70525669078756,404.71元,5.869181393653315,703.1449333414336
2025-02-26T06:00:00,2025-02-26T06:10:00,2025-02-26,36,107.09562658046184,107.09562658046184,0.0,107.09562658046184,0.0,0.0,107.09562658046184,0.9099,97.44631062556223,1.3648500000000001,0.0,4.5495,0.0,4.766415297366393,2.1684806395368406,99.61479126509907,99.61元,0.0,107.09562658046184
2025-02-26T06:10:00,2025-02-26T06:20:00,2025-02-26,37,127.61605361296381,127.61605361296381,9.523301756108935,137.13935536907275,9.523301756108935,0.0,137.13935536907275,0.9368,119.5507190246245,1.4052,13.382143627684275,4.684,0.0,0.0,0.0,132.93286265230876,132.93元,0.0,137.13935536907275
2025-02-26T06:20:00,2025-02-26T06:30:00,2025-02-26,38,106.85297859148795,106.85297859148795,2.2687602745775166,109.12173886606547,2.2687602745775166,0.0,109.12173886606547,0.8758,93.58183865042515,1.3137,2.9804703727124835,4.3790000000000004,0.0,0.0,0.0,96.56230902313763,96.56元,0.0,109.12173886606547
2025-02-26T06:30:00,2025-02-26T06:40:00,2025-02-26,39,141.17312644005017,141.17312644005017,0.0,141.17312644005017,0.0,0.0,141.17312644005017,0.8759,123.65354144883995,1.31385,0.0,4.3795,0.0,0.0,0.0,123.65354144883995,123.65元,0.0,141.17312644005017
2025-02-26T06:40:00,2025-02-26T06:50:00,2025-02-26,40,54.9861062380362,54.9861062380362,1.181629710217294,56.167735948253494,1.181629710217294,8.27036406174647,64.43810000999997,0.8601,47.29354997533493,1.29015,1.5244795706368417,4.3004999999999995,35.56670064754069,0.0,0.0,84.38473019351248,84.38元,0.0,64.43810000999997
2025-02-26T06:50:00,2025-02-26T07:00:00,2025-02-26,41,17.497785205281048,17.497785205281048,4.076751199445994,21.57453640472704,4.076751199445994,0.0,21.57453640472704,0.8442,14.77163027029826,1.2663,5.162390043858461,4.221,0.0,0.0,0.0,19.934020314156722,19.93元,0.0,21.57453640472704
2025-02-26T07:00:00,2025-02-26T07:10:00,2025-02-26,42,305.9370357426587,305.9370357426587,0.0,305.9370357426587,0.0,0.0,305.9370357426587,0.8334,254.96792558793175,1.2501,0.0,4.167,0.0,0.0,0.0,254.96792558793175,254.97元,0.0,305.9370357426587
2025-02-26T07:10:00,2025-02-26T07:20:00,2025-02-26,43,467.4573320210428,467.4573320210428,0.0,467.4573320210428,0.0,0.0,467.4573320210428,0.8092,378.26647307142787,1.2138,0.0,4.046,0.0,0.0,0.0,378.26647307142787,378.27元,0.0,467.4573320210428
2025-02-26T07:20:00,2025-02-26T07:30:00,2025-02-26,44,448.09660519791237,448.09660519791237,0.0,448.09660519791237,0.0,0.0,448.09660519791237,0.7972,357.22261366377575,1.1958,0.0,3.986,0.0,0.0,0.0,357.22261366377575,357.22元,0.0,448.09660519791237
2025-02-26T07:30:00,2025-02-26T07:40:00,2025-02-26,45,424.9061249900938,424.9061249900938,0.0,424.9061249900938,0.0,0.0,424.9061249900938,0.7644,324.7982419424277,1.1465999999999998,0.0,3.822,0.0,0.0,0.0,324.7982419424277,324.80元,0.0,424.9061249900938
2025-02-26T07:40:00,2025-02-26T07:50:00,2025-02-26,46,365.15891968308296,365.15891968308296,0.0,365.15891968308296,0.0,0.0,365.15891968308296,0.6899,251.92313868935892,1.03485,0.0,3.4494999999999996,0.0,0.0,0.0,251.92313868935892,251.92元,0.0,365.15891968308296
2025-02-26T07:50:00,2025-02-26T08:00:00,2025-02-26,47,0.0,0.0,0.0,0.0,0.0,0.0,0.0,0.86,0.0,1.29,0.0,4.3,0.0,0.0,0.0,0.0,0.00元,0.0,0.0
2025-02-26T08:00:00,2025-02-26T08:10:00,2025-02-26,48,0.0,0.0,0.0,0.0,0.0,0.0,0.0,1.1617,0.0,1.74255,0.0,5.8084999999999996,0.0,0.0,0.0,0.0,0.00元,0.0,0.0
2025-02-26T08:10:00,2025-02-26T08:20:00,2025-02-26,49,0.0,0.0,0.0,0.0,0.0,0.0,0.0,1.1683,0.0,1.7524499999999998,0.0,5.8415,0.0,0.0,0.0,0.0,0.00元,0.0,0.0
2025-02-26T08:20:00,2025-02-26T08:30:00,2025-02-26,50,0.0,0.0,0.0,0.0,0.0,0.0,0.0,1.0956,0.0,1.6433999999999997,0.0,5.478,0.0,0.0,0.0,0.0,0.00元,0.0,0.0
2025-02-26T08:30:00,2025-02-26T08:40:00,2025-02-26,51,0.0,0.0,0.0,0.0,0.0,0.0,0.0,1.0849,0.0,1.6273499999999999,0.0,5.4245,0.0,0.0,0.0,0.0,0.00元,0.0,0.0
2025-02-26T08:40:00,2025-02-26T08:50:00,2025-02-26,52,0.0,0.0,0.0,0.0,0.0,0.0,0.0,1.061,0.0,1.5915,0.0,5.305,0.0,0.0,0.0,0.0,0.00元,0.0,0.0
2025-02-26T08:50:00,2025-02-26T09:00:00,2025-02-26,53,0.0,0.0,0.0,0.0,0.0,124.92426521960105,124.92426521960105,1.043,0.0,1.5644999999999998,0.0,5.215,651.4800431202194,0.0,0.0,651.4800431202194,651.48元,0.0,124.92426521960105
2025-02-26T09:00:00,2025-02-26T09:10:00,2025-02-26,54,0.0,0.0,0.0,0.0,0.0,358.4975000000001,358.4975000000001,1.036,0.0,1.554,0.0,5.18,1857.0170500000006,0.0,0.0,1857.0170500000006,1857.02元,0.0,358.4975000000001
2025-02-26T09:10:00,2025-02-26T09:20:00,2025-02-26,55,0.0,0.0,0.0,0.0,0.0,247.44099999999997,247.44099999999997,1.0147,0.0,1.52205,0.0,5.073499999999999,1255.3919134999999,0.0,0.0,1255.3919134999999,1255.39元,0.0,247.44099999999997
2025-02-26T09:20:00,2025-02-26T09:30:00,2025-02-26,56,0.0,0.0,0.0,0.0,0.0,153.39518333333336,153.39518333333336,0.9922,0.0,1.4883,0.0,4.961,760.9935045166667,0.0,0.0,760.9935045166667,760.99元,0.0,153.39518333333336
2025-02-26T09:30:00,2025-02-26T09:40:00,2025-02-26,57,0.0,0.0,0.0,0.0,0.0,108.80041666666662,108.80041666666662,0.97,0.0,1.455,0.0,4.85,527.682020833333,0.0,0.0,527.682020833333,527.68元,0.0,108.80041666666662
2025-02-26T09:40:00,2025-02-26T09:50:00,2025-02-26,58,0.0,0.0,0.0,0.0,0.0,80.9343833333335,80.9343833333335,0.9422,0.0,1.4133,0.0,4.711,381.2818798833341,0.0,0.0,381.2818798833341,381.28元,0.0,80.9343833333335
2025-02-26T09:50:00,2025-02-26T10:00:00,2025-02-26,59,0.0,0.0,0.0,0.0,0.0,47.98681666666679,47.98681666666679,0.9569,0.0,1.43535,0.0,4.7844999999999995,229.59292434166724,0.0,0.0,229.59292434166724,229.59元,0.0,47.98681666666679
2025-02-26T10:00:00,2025-02-26T10:10:00,2025-02-26,60,0.0,0.0,0.0,0.0,0.0,9.424999999999994,9.424999999999994,0.9977,0.0,1.49655,0.0,4.9885,47.01661249999997,0.0,0.0,47.01661249999997,47.02元,0.0,9.424999999999994
2025-02-26T10:10:00,2025-02-26T10:20:00,2025-02-26,61,0.0,0.0,0.0,0.0,0.0,0.0,0.0,0.9919,0.0,1.48785,0.0,4.9595,0.0,0.0,0.0,0.0,0.00元,0.0,0.0
2025-02-26T10:20:00,2025-02-26T10:30:00,2025-02-26,62,0.0,0.0,0.0,0.0,0.0,0.0,0.0,0.9588,0.0,1.4382,0.0,4.794,0.0,0.0,0.0,0.0,0.00元,0.0,0.0
2025-02-26T10:30:00,2025-02-26T10:40:00,2025-02-26,63,0.0,0.0,0.0,0.0,0.0,0.0,0.0,0.9549,0.0,1.43235,0.0,4.7745,0.0,0.0,0.0,0.0,0.00元,0.0,0.0
2025-02-26T10:40:00,2025-02-26T10:50:00,2025-02-26,64,0.0,0.0,0.0,0.0,0.0,0.0,0.0,0.9839,0.0,1.4758499999999999,0.0,4.9195,0.0,0.0,0.0,0.0,0.00元,0.0,0.0
2025-02-26T10:50:00,2025-02-26T11:00:00,2025-02-26,65,0.0,0.0,0.0,0.0,0.0,0.0,0.0,0.799,0.0,1.1985000000000001,0.0,3.995,0.0,0.0,0.0,0.0,0.00元,0.0,0.0
2025-02-26T11:00:00,2025-02-26T11:10:00,2025-02-26,66,0.0,0.0,0.0,0.0,0.0,0.0,0.0,0.5025,0.0,0.7537499999999999,0.0,2.5124999999999997,0.0,0.0,0.0,0.0,0.00元,0.0,0.0
2025-02-26T11:10:00,2025-02-26T11:20:00,2025-02-26,67,659.6764215839058,659.6764215839058,13.722599473350556,673.3990210572564,13.722599473350556,0.0,673.3990210572564,0.4662,307.5411477424169,0.6993,9.596213811714044,2.331,0.0,0.0,0.0,317.13736155413096,317.14元,0.0,673.3990210572564
2025-02-26T11:20:00,2025-02-26T11:30:00,2025-02-26,68,0.0,0.0,419.5484201189952,419.5484201189952,419.5484201189952,0.0,419.5484201189952,0.5007,0.0,0.75105,315.10184093037134,2.5035000000000003,0.0,0.0,0.0,315.10184093037134,315.10元,0.0,419.5484201189952
2025-02-26T11:30:00,2025-02-26T11:40:00,2025-02-26,69,586.9340689985961,586.9340689985961,52.51933190941634,639.4534009080124,52.51933190941634,0.0,639.4534009080124,0.4827,283.3130751056224,0.7240500000000001,38.0266222690129,2.4135,0.0,0.0,0.0,321.33969737463525,321.34元,0.0,639.4534009080124
2025-02-26T11:40:00,2025-02-26T11:50:00,2025-02-26,70,620.51617646641,620.51617646641,15.342863040152679,635.8590395065627,15.342863040152679,0.0,635.8590395065627,0.4785,296.9169904391772,0.71775,11.012339947069584,2.3925,0.0,0.0,0.0,307.92933038624676,307.93元,0.0,635.8590395065627
2025-02-26T11:50:00,2025-02-26T12:00:00,2025-02-26,71,598.7971185956545,598.7971185956545,15.034147808008356,613.8312664036629,15.034147808008356,0.0,613.8312664036629,0.4662,279.15921668929417,0.6993,10.513379562140244,2.331,0.0,0.0,0.0,289.67259625143436,289.67元,0.0,613.8312664036629
2025-02-26T12:00:00,2025-02-26T12:10:00,2025-02-26,72,523.1043856491427,523.1043856491427,153.66362686165394,676.7680125107967,153.66362686165394,0.0,676.7680125107967,0.4432,231.83986371970005,0.6648,102.15557913762754,2.2159999999999997,0.0,36.46447943831606,8.080528643530839,342.07597150085843,342.08元,0.0,676.7680125107967
2025-02-26T12:10:00,2025-02-26T12:20:00,2025-02-26,73,526.0205957357663,526.0205957357663,153.8707974354718,679.8913931712381,153.8707974354718,0.0,679.8913931712381,0.4411,232.0276847790465,0.66165,101.80861312317991,2.2055,0.0,0.0,0.0,333.8362979022264,333.84元,0.0,679.8913931712381
2025-02-26T12:20:00,2025-02-26T12:30:00,2025-02-26,74,523.3085656986501,523.3085656986501,154.14715326903638,677.4557189676865,154.14715326903638,0.0,677.4557189676865,0.4551,238.15772824945566,0.68265,105.22855417910769,2.2755,0.0,0.0,0.0,343.38628242856333,343.39元,0.0,677.4557189676865
2025-02-26T12:30:00,2025-02-26T12:40:00,2025-02-26,75,501.50327542381,501.50327542381,154.49809568106764,656.0013711048776,154.49809568106764,0.0,656.0013711048776,0.4463,223.8209118216464,0.66945,103.42875015369073,2.2315,0.0,0.0,0.0,327.2496619753371,327.25元,0.0,656.0013711048776
2025-02-26T12:40:00,2025-02-26T12:50:00,2025-02-26,76,495.7568837117012,495.7568837117012,154.79097469004716,650.5478584017484,154.79097469004716,0.0,650.5478584017484,0.4113,203.90480627062271,0.61695,95.4982918350246,2.0564999999999998,0.0,0.0,0.0,299.4030981056473,299.40元,0.0,650.5478584017484
2025-02-26T12:50:00,2025-02-26T13:00:00,2025-02-26,77,0.0,0.0,686.1908956244466,686.1908956244466,686.1908956244466,0.0,686.1908956244466,0.5682,0.0,0.8523000000000001,584.840500340716,2.841,0.0,0.0,0.0,584.840500340716,584.84元,0.0,686.1908956244466
2025-02-26T13:00:00,2025-02-26T13:10:00,2025-02-26,78,0.0,0.0,11.05806551058049,11.05806551058049,11.05806551058049,0.0,11.05806551058049,0.8279,0.0,1.24185,13.732458654314382,4.1395,0.0,0.0,0.0,13.732458654314382,13.73元,0.0,11.05806551058049
2025-02-26T13:10:00,2025-02-26T13:20:00,2025-02-26,79,0.0,0.0,14.0890251292019,14.0890251292019,14.0890251292019,0.0,14.0890251292019,0.8636,0.0,1.2954,18.25092315236814,4.3180000000000005,0.0,0.0,0.0,18.25092315236814,18.25元,0.0,14.0890251292019
2025-02-26T13:20:00,2025-02-26T13:30:00,2025-02-26,80,0.0,0.0,32.76068104287424,32.76068104287424,32.76068104287424,0.0,32.76068104287424,0.8416,0.0,1.2624,41.35708374852444,4.208,0.0,0.0,0.0,41.35708374852444,41.36元,0.0,32.76068104287424
2025-02-26T13:30:00,2025-02-26T13:40:00,2025-02-26,81,0.0,0.0,58.46887327256263,58.46887327256263,58.46887327256263,0.0,58.46887327256263,0.8618,0.0,1.2927,75.58271247944171,4.309,0.0,0.0,0.0,75.58271247944171,75.58元,0.0,58.46887327256263
2025-02-26T13:40:00,2025-02-26T13:50:00,2025-02-26,82,0.0,0.0,22.808117649961332,22.808117649961332,22.808117649961332,0.0,22.808117649961332,0.8623,0.0,1.29345,29.501159774342483,4.3115,0.0,0.0,0.0,29.501159774342483,29.50元,0.0,22.808117649961332
2025-02-26T13:50:00,2025-02-26T14:00:00,2025-02-26,83,0.0,0.0,0.0,0.0,0.0,0.0,0.0,0.9026,0.0,1.3538999999999999,0.0,4.513,0.0,0.0,0.0,0.0,0.00元,0.0,0.0
2025-02-26T14:00:00,2025-02-26T14:10:00,2025-02-26,84,0.0,0.0,0.0,0.0,0.0,0.0,0.0,0.9754,0.0,1.4631,0.0,4.877000000000001,0.0,0.0,0.0,0.0,0.00元,0.0,0.0
2025-02-26T14:10:00,2025-02-26T14:20:00,2025-02-26,85,0.0,0.0,0.0,0.0,0.0,0.0,0.0,1.0002,0.0,1.5003,0.0,5.0009999999999994,0.0,0.0,0.0,0.0,0.00元,0.0,0.0
2025-02-26T14:20:00,2025-02-26T14:30:00,2025-02-26,86,0.0,0.0,0.0,0.0,0.0,0.0,0.0,0.9978,0.0,1.4967000000000001,0.0,4.989,0.0,0.0,0.0,0.0,0.00元,0.0,0.0
2025-02-26T14:30:00,2025-02-26T14:40:00,2025-02-26,87,0.0,0.0,0.0,0.0,0.0,0.0,0.0,1.0271,0.0,1.5406499999999999,0.0,5.1354999999999995,0.0,0.0,0.0,0.0,0.00元,0.0,0.0
2025-02-26T14:40:00,2025-02-26T14:50:00,2025-02-26,88,0.0,0.0,0.0,0.0,0.0,0.0,0.0,1.0906,0.0,1.6359,0.0,5.453,0.0,0.0,0.0,0.0,0.00元,0.0,0.0
2025-02-26T14:50:00,2025-02-26T15:00:00,2025-02-26,89,0.0,0.0,0.0,0.0,0.0,0.0,0.0,0.9376,0.0,1.4064,0.0,4.688,0.0,0.0,0.0,0.0,0.00元,0.0,0.0
2025-02-26T15:00:00,2025-02-26T15:10:00,2025-02-26,90,513.1982979234276,513.1982979234276,748.6182353795762,1261.8165333030038,748.6182353795762,0.0,1261.8165333030038,0.6694,343.53494062994247,1.0041,751.6875701446324,3.347,0.0,0.0,0.0,1095.2225107745749,1095.22元,0.0,1261.8165333030038
2025-02-26T15:10:00,2025-02-26T15:20:00,2025-02-26,91,1272.936994449325,1272.936994449325,26.429929044538312,1299.3669234938634,26.429929044538312,0.0,1299.3669234938634,0.66,840.1384163365545,0.99,26.16562975409293,3.3000000000000003,0.0,0.0,0.0,866.3040460906475,866.30元,0.0,1299.3669234938634
2025-02-26T15:20:00,2025-02-26T15:30:00,2025-02-26,92,450.2684182644041,450.2684182644041,860.520712408196,1310.7891306726,860.520712408196,0.0,1310.7891306726,0.7217,324.95871746142046,1.08255,931.5566972174926,3.6085000000000003,0.0,0.0,0.0,1256.515414678913,1256.52元,0.0,1310.7891306726
2025-02-26T15:30:00,2025-02-26T15:40:00,2025-02-26,93,447.86377446649874,447.86377446649874,608.3471863776691,1056.2109608441679,608.3471863776691,0.0,1056.2109608441679,0.7308,327.29884638011725,1.0962,666.8701857072009,3.654,0.0,0.0,0.0,994.1690320873183,994.17元,0.0,1056.2109608441679
2025-02-26T15:40:00,2025-02-26T15:50:00,2025-02-26,94,483.11832415229924,483.11832415229924,28.884343692673724,512.002667844973,28.884343692673724,0.0,512.002667844973,0.7534,363.9813454163422,1.1300999999999999,32.64219680709057,3.767,0.0,0.0,0.0,396.6235422234328,396.62元,0.0,512.002667844973
2025-02-26T15:50:00,2025-02-26T16:00:00,2025-02-26,95,498.080302282856,498.080302282856,29.77739098373479,527.8576932665908,29.77739098373479,0.0,527.8576932665908,0.7823,389.64822047587825,1.1734499999999999,34.94227944986359,3.9115,0.0,0.0,0.0,424.59049992574177,424.59元,0.0,527.8576932665908
2025-02-26T16:00:00,2025-02-26T16:10:00,2025-02-26,96,713.9758090223852,713.9758090223852,14.254562008264315,728.2303710306495,14.254562008264315,0.0,728.2303710306495,0.8055,575.1075141675312,1.20825,17.22307454648536,4.0275,0.0,0.0,0.0,592.3305887140167,592.33元,0.0,728.2303710306495
2025-02-26T16:10:00,2025-02-26T16:20:00,2025-02-26,97,763.119590786544,763.119590786544,12.99144055550073,776.1110313420447,12.99144055550073,0.0,776.1110313420447,0.8271,631.1762135395505,1.24065,16.11783072518198,4.1354999999999995,0.0,0.0,0.0,647.2940442647325,647.29元,0.0,776.1110313420447
2025-02-26T16:20:00,2025-02-26T16:30:00,2025-02-26,98,783.0814880380406,783.0814880380406,11.70412449857929,794.7856125366199,11.70412449857929,0.0,794.7856125366199,0.8519,667.1071196596067,1.27785,14.956115490509546,4.2595,0.0,0.0,0.0,682.0632351501163,682.06元,0.0,794.7856125366199
2025-02-26T16:30:00,2025-02-26T16:40:00,2025-02-26,99,769.4660520261715,769.4660520261715,10.28920263622922,779.7552546624007,10.28920263622922,0.0,779.7552546624007,0.8791,676.4376063362074,1.3186499999999999,13.56785705626366,4.3955,0.0,0.0,0.0,690.005463392471,690.01元,0.0,779.7552546624007
2025-02-26T16:40:00,2025-02-26T16:50:00,2025-02-26,100,798.5630551913762,798.5630551913762,9.077186784263176,807.6402419756394,9.077186784263176,0.0,807.6402419756394,0.9024,720.6233010046979,1.3536,12.286880031178635,4.512,0.0,0.0,0.0,732.9101810358765,732.91元,0.0,807.6402419756394
2025-02-26T16:50:00,2025-02-26T17:00:00,2025-02-26,101,835.1981327854112,835.1981327854112,2.732491810463216,837.9306245958744,2.732491810463216,0.0,837.9306245958744,0.9163,765.2920490712722,1.37445,3.755673368891167,4.5815,0.0,0.0,0.0,769.0477224401634,769.05元,0.0,837.9306245958744
2025-02-26T17:00:00,2025-02-26T17:10:00,2025-02-26,102,967.6479529142308,967.6479529142308,0.0,967.6479529142308,0.0,0.0,967.6479529142308,0.9264,896.4290635797435,1.3896,0.0,4.632,0.0,0.0,0.0,896.4290635797435,896.43元,0.0,967.6479529142308
2025-02-26T17:10:00,2025-02-26T17:20:00,2025-02-26,103,969.1845327203496,969.1845327203496,0.0,969.1845327203496,0.0,0.0,969.1845327203496,0.9462,917.0424048599948,1.4193,0.0,4.731,0.0,0.0,0.0,917.0424048599948,917.04元,0.0,969.1845327203496
2025-02-26T17:20:00,2025-02-26T17:30:00,2025-02-26,104,987.9787867393184,987.9787867393184,0.0,987.9787867393184,0.0,0.0,987.9787867393184,0.9742,962.4889340414439,1.4613,0.0,4.8709999999999996,0.0,0.0,0.0,962.4889340414439,962.49元,0.0,987.9787867393184
2025-02-26T17:30:00,2025-02-26T17:40:00,2025-02-26,105,1025.8762918800237,1025.8762918800237,0.0,1025.8762918800237,0.0,0.0,1025.8762918800237,0.9862,1011.7191990520794,1.4792999999999998,0.0,4.931,0.0,0.0,0.0,1011.7191990520794,1011.72元,0.0,1025.8762918800237
2025-02-26T17:40:00,2025-02-26T17:50:00,2025-02-26,106,1032.713847728281,1032.713847728281,0.0,1032.713847728281,0.0,0.0,1032.713847728281,0.976,1007.9287153828022,1.464,0.0,4.88,0.0,0.0,0.0,1007.9287153828022,1007.93元,0.0,1032.713847728281
2025-02-26T17:50:00,2025-02-26T18:00:00,2025-02-26,107,894.2794085339297,894.2794085339297,0.0,894.2794085339297,0.0,0.0,894.2794085339297,1.0742,960.6349406471472,1.6113,0.0,5.371,0.0,0.0,0.0,960.6349406471472,960.63元,0.0,894.2794085339297
2025-02-26T18:00:00,2025-02-26T18:10:00,2025-02-26,108,709.9285569811407,709.9285569811407,0.0,709.9285569811407,0.0,0.0,709.9285569811407,1.2313,874.1350322108785,1.84695,0.0,6.1565,0.0,13.518487954842044,8.322657109398504,882.457689320277,882.46元,0.0,709.9285569811407
2025-02-26T18:10:00,2025-02-26T18:20:00,2025-02-26,109,710.7473195095278,710.7473195095278,0.0,710.7473195095278,0.0,0.0,710.7473195095278,1.2561,892.7697080359178,1.88415,0.0,6.2805,0.0,0.0,0.0,892.7697080359178,892.77元,0.0,710.7473195095278
2025-02-26T18:20:00,2025-02-26T18:30:00,2025-02-26,110,733.4806650923314,733.4806650923314,0.0,733.4806650923314,0.0,0.0,733.4806650923314,1.2447,912.9633838404249,1.8670499999999999,0.0,6.2235,0.0,0.0,0.0,912.9633838404249,912.96元,0.0,733.4806650923314
2025-02-26T18:30:00,2025-02-26T18:40:00,2025-02-26,111,707.971592675167,707.971592675167,0.0,707.971592675167,0.0,0.0,707.971592675167,1.2545,888.150363010997,1.8817499999999998,0.0,6.2725,0.0,0.0,0.0,888.150363010997,888.15元,0.0,707.971592675167
2025-02-26T18:40:00,2025-02-26T18:50:00,2025-02-26,112,721.6366515466318,721.6366515466318,0.0,721.6366515466318,0.0,0.0,721.6366515466318,1.2522,903.6334150666924,1.8782999999999999,0.0,6.261,0.0,0.0,0.0,903.6334150666924,903.63元,0.0,721.6366515466318
2025-02-26T18:50:00,2025-02-26T19:00:00,2025-02-26,113,74.47439471359587,74.47439471359587,52.71178624060963,127.1861809542055,52.71178624060963,0.0,127.1861809542055,1.2881,95.93046783058284,1.93215,101.8470777847939,6.4405,0.0,0.0,0.0,197.77754561537674,197.78元,0.0,127.1861809542055
2025-02-26T19:00:00,2025-02-26T19:10:00,2025-02-26,114,0.0,0.0,0.0,0.0,0.0,0.0,0.0,1.3466,0.0,2.0199,0.0,6.7330000000000005,0.0,0.0,0.0,0.0,0.00元,0.0,0.0
2025-02-26T19:10:00,2025-02-26T19:20:00,2025-02-26,115,5.115183637533846,5.115183637533846,0.0,5.115183637533846,0.0,0.0,5.115183637533846,1.3523,6.917262833037021,2.0284500000000003,0.0,6.7615,0.0,0.0,0.0,6.917262833037021,6.92元,0.0,5.115183637533846
2025-02-26T19:20:00,2025-02-26T19:30:00,2025-02-26,116,39.586969253330835,39.586969253330835,1.0764584912542432,40.66342774458508,1.0764584912542432,0.0,40.66342774458508,1.3445,53.22468016110331,2.01675,2.170947662236995,6.7225,0.0,0.0,0.0,55.395627823340305,55.40元,0.0,40.66342774458508
2025-02-26T19:30:00,2025-02-26T19:40:00,2025-02-26,117,28.39643527505723,28.39643527505723,8.658705737953824,37.05514101301105,8.658705737953824,0.0,37.05514101301105,1.3483,38.286913681359664,2.02245,17.51179941972471,6.7415,0.0,0.0,0.0,55.798713101084374,55.80元,0.0,37.05514101301105
2025-02-26T19:40:00,2025-02-26T19:50:00,2025-02-26,118,3.1281488973567093,3.1281488973567093,0.0,3.1281488973567093,0.0,0.0,3.1281488973567093,1.349,4.219872862534201,2.0235,0.0,6.745,0.0,0.0,0.0,4.219872862534201,4.22元,0.0,3.1281488973567093
2025-02-26T19:50:00,2025-02-26T20:00:00,2025-02-26,119,7.358578421933089,7.358578421933089,4.360134714442097,11.718713136375186,4.360134714442097,0.0,11.718713136375186,1.3473,9.914212707870451,2.02095,8.811614251151756,6.7364999999999995,0.0,0.0,0.0,18.725826959022207,18.73元,0.0,11.718713136375186
2025-02-26T20:00:00,2025-02-26T20:10:00,2025-02-26,120,31.037054767263953,31.037054767263953,2.557137830491456,33.59419259775541,2.557137830491456,0.0,33.59419259775541,1.3482,41.84415723722526,2.0223,5.171299834602872,6.7410000000000005,0.0,0.0,0.0,47.01545707182814,47.02元,0.0,33.59419259775541
2025-02-26T20:10:00,2025-02-26T20:20:00,2025-02-26,121,16.94783614823075,16.94783614823075,0.0,16.94783614823075,0.0,0.0,16.94783614823075,1.3513,22.90161098710421,2.02695,0.0,6.7565,0.0,0.0,0.0,22.90161098710421,22.90元,0.0,16.94783614823075
2025-02-26T20:20:00,2025-02-26T20:30:00,2025-02-26,122,0.2295938072613808,0.2295938072613808,0.5880916796897964,0.8176854869511772,0.5880916796897964,0.0,0.8176854869511772,1.34,0.30765570173025025,2.0100000000000002,1.1820642761764908,6.7,0.0,0.0,0.0,1.489719977906741,1.49元,0.0,0.8176854869511772
2025-02-26T20:30:00,2025-02-26T20:40:00,2025-02-26,123,1.879202560511203,1.879202560511203,0.0,1.879202560511203,0.0,0.0,1.879202560511203,1.3489,2.5348563338735617,2.0233499999999998,0.0,6.7445,0.0,0.0,0.0,2.5348563338735617,2.53元,0.0,1.879202560511203
2025-02-26T20:40:00,2025-02-26T20:50:00,2025-02-26,124,12.320362339399253,12.320362339399253,0.26208144570762215,12.582443785106875,0.26208144570762215,0.0,12.582443785106875,1.3952,17.18936953592984,2.0928,0.5484840495769117,6.976,0.0,0.0,0.0,17.73785358550675,17.74元,0.0,12.582443785106875
2025-02-26T20:50:00,2025-02-26T21:00:00,2025-02-26,125,729.8826765910076,725.8570270482418,0.0,725.8570270482418,-4.025649542765791,0.0,725.8570270482418,1.2226,887.4328012691803,1.8338999999999999,0.0,6.1129999999999995,0.0,0.0,0.0,887.4328012691803,887.43元,0.0,725.8570270482418
2025-02-26T21:00:00,2025-02-26T21:10:00,2025-02-26,126,737.3475664476853,737.3475664476853,0.0,737.3475664476853,0.0,0.0,737.3475664476853,0.9332,688.0927490089799,1.3998,0.0,4.666,0.0,0.0,0.0,688.0927490089799,688.09元,0.0,737.3475664476853
2025-02-26T21:10:00,2025-02-26T21:20:00,2025-02-26,127,731.6123698956555,731.6123698956555,0.0,731.6123698956555,0.0,0.0,731.6123698956555,0.9068,663.4260970213805,1.3602,0.0,4.534000000000001,0.0,0.0,0.0,663.4260970213805,663.43元,0.0,731.6123698956555
2025-02-26T21:20:00,2025-02-26T21:30:00,2025-02-26,128,734.7282608898968,734.7282608898968,0.0,734.7282608898968,0.0,0.0,734.7282608898968,0.9371,688.5138532799223,1.40565,0.0,4.6855,0.0,0.0,0.0,688.5138532799223,688.51元,0.0,734.7282608898968
2025-02-26T21:30:00,2025-02-26T21:40:00,2025-02-26,129,755.4875862564608,755.4875862564608,0.0,755.4875862564608,0.0,0.0,755.4875862564608,0.9371,707.9674170809294,1.40565,0.0,4.6855,0.0,0.0,0.0,707.9674170809294,707.97元,0.0,755.4875862564608
2025-02-26T21:40:00,2025-02-26T21:50:00,2025-02-26,130,710.4132347851321,710.4132347851321,0.0,710.4132347851321,0.0,0.0,710.4132347851321,0.9871,701.2489040564038,1.48065,0.0,4.9355,0.0,0.0,0.0,701.2489040564038,701.25元,0.0,710.4132347851321
2025-02-26T21:50:00,2025-02-26T22:00:00,2025-02-26,131,712.1904799047901,680.3134497613157,0.0,680.3134497613157,-31.87703014347437,0.0,680.3134497613157,0.7764,528.1953623946855,1.1646,0.0,3.8819999999999997,0.0,0.0,0.0,528.1953623946855,528.20元,0.0,680.3134497613157
2025-02-26T22:00:00,2025-02-26T22:10:00,2025-02-26,132,1397.6731188718313,1395.2721458012943,0.0,1395.2721458012943,-2.4009730705370202,0.0,1395.2721458012943,0.4209,587.2700461677648,0.63135,0.0,2.1045,0.0,0.0,0.0,587.2700461677648,587.27元,15.410479144627622,1379.8616666566668
2025-02-26T22:10:00,2025-02-26T22:20:00,2025-02-26,133,1362.036318726325,1359.7011215684847,0.0,1359.7011215684847,-2.3351971578401844,0.0,1359.7011215684847,0.3859,524.7086628132782,0.5788500000000001,0.0,1.9295,0.0,0.0,0.0,524.7086628132782,524.71元,26.002588245151394,1333.6985333233333
2025-02-26T22:20:00,2025-02-26T22:30:00,2025-02-26,134,549.013663969949,549.013663969949,0.0,549.013663969949,0.0,0.0,549.013663969949,0.4368,239.80916842207372,0.6552,0.0,2.184,0.0,0.0,0.0,239.80916842207372,239.81元,0.0,549.013663969949
2025-02-26T22:30:00,2025-02-26T22:40:00,2025-02-26,135,1403.7135867845304,1401.5045849213075,0.0,1401.5045849213075,-2.2090018632229658,0.0,1401.5045849213075,0.4198,588.3516247499649,0.6297,0.0,2.099,0.0,0.0,0.0,588.3516247499649,588.35元,0.0,1401.5045849213075
2025-02-26T22:40:00,2025-02-26T22:50:00,2025-02-26,136,1403.3966188240643,1401.2481337219351,0.0,1401.2481337219351,-2.1484851021291433,0.0,1401.2481337219351,0.4186,586.5624687760021,0.6279,0.0,2.093,0.0,0.0,0.0,586.5624687760021,586.56元,16.611683731935152,1384.63644999
2025-02-26T22:50:00,2025-02-26T23:00:00,2025-02-26,137,1400.378697039677,1398.2890708103284,0.0,1398.2890708103284,-2.089626229348596,0.0,1398.2890708103284,0.4241,593.0143949306603,0.63615,0.0,2.1205,0.0,0.0,0.0,593.0143949306603,593.01元,35.01927082032841,1363.2697999900001
2025-02-26T23:00:00,2025-02-26T23:10:00,2025-02-26,138,1400.9417720048214,1398.9093921786573,0.0,1398.9093921786573,-2.0323798261640604,0.0,1398.9093921786573,0.4237,592.7179094660971,0.6355500000000001,0.0,2.1185,0.0,0.0,0.0,592.7179094660971,592.72元,22.564392188657273,1376.3449999900001
2025-02-26T23:10:00,2025-02-26T23:20:00,2025-02-26,139,1055.7878687289383,1055.7878687289383,0.0,1055.7878687289383,0.0,0.0,1055.7878687289383,0.4248,448.498686636053,0.6372,0.0,2.124,0.0,0.0,0.0,448.498686636053,448.50元,0.0,1055.7878687289383
2025-02-26T23:20:00,2025-02-26T23:30:00,2025-02-26,140,1379.189522541853,1377.266973600878,0.0,1377.266973600878,-1.922548940975048,0.0,1377.266973600878,0.424,583.9611968067723,0.636,0.0,2.12,0.0,0.0,0.0,583.9611968067723,583.96元,0.0,1377.266973600878
2025-02-26T23:30:00,2025-02-26T23:40:00,2025-02-26,141,1386.626980635429,1384.7571009279613,0.0,1384.7571009279613,-1.8698797074675895,0.0,1384.7571009279613,0.422,584.3674965915997,0.633,0.0,2.11,0.0,0.0,0.0,584.3674965915997,584.37元,0.0,1384.7571009279613
2025-02-26T23:40:00,2025-02-26T23:50:00,2025-02-26,142,1431.878819673807,1430.0601662986548,0.0,1430.0601662986548,-1.8186533751520528,0.0,1430.0601662986548,0.424,606.3455105106297,0.636,0.0,2.12,0.0,0.0,0.0,606.3455105106297,606.35元,30.958082975321524,1399.1020833233333
2025-02-26T23:50:00,2025-02-27T00:00:00,2025-02-26,143,601.7986248942246,601.7986248942246,0.0,601.7986248942246,0.0,0.0,601.7986248942246,0.4271,257.02819269232333,0.6406499999999999,0.0,2.1355,0.0,0.0,0.0,257.02819269232333,257.03元,0.0,601.7986248942246
2025-02-27T00:00:00,2025-02-27T00:10:00,2025-02-26,144,547.6850833333332,547.6850833333332,0.0,547.6850833333332,0.0,0.0,547.6850833333332,0.4276,234.19014163333327,0.6414,0.0,2.138,0.0,0.0,0.0,234.19014163333327,234.19元,0.0,547.6850833333332
2025-02-27T00:10:00,2025-02-27T00:20:00,2025-02-27,1,1293.9868200300857,1293.9868200300857,0.0,1293.9868200300857,0.0,0.0,1293.9868200300857,0.4248,549.6856011487804,0.6372,0.0,2.124,0.0,0.0,0.0,549.6856011487804,549.69元,0.0,1293.9868200300857
2025-02-27T00:20:00,2025-02-27T00:30:00,2025-02-27,2,1403.6674390133185,1403.6674390133185,0.0,1403.6674390133185,0.0,0.0,1403.6674390133185,0.4245,595.8568278611536,0.6367499999999999,0.0,2.1225,0.0,0.0,0.0,595.8568278611536,595.86元,32.12780568998516,1371.5396333233334
2025-02-27T00:30:00,2025-02-27T00:40:00,2025-02-27,3,566.9732180800647,566.9732180800647,0.0,566.9732180800647,0.0,0.0,566.9732180800647,0.4269,242.04086679837962,0.64035,0.0,2.1345,0.0,0.0,0.0,242.04086679837962,242.04元,0.0,566.9732180800647
2025-02-27T00:40:00,2025-02-27T00:50:00,2025-02-27,4,575.9939653601085,575.9939653601085,0.0,575.9939653601085,0.0,0.0,575.9939653601085,0.4272,246.06462200183836,0.6408,0.0,2.136,0.0,0.0,0.0,246.06462200183836,246.06元,0.0,575.9939653601085
2025-02-27T00:50:00,2025-02-27T01:00:00,2025-02-27,5,593.0836226707936,593.0836226707936,0.0,593.0836226707936,0.0,0.0,593.0836226707936,0.4271,253.30601524269593,0.6406499999999999,0.0,2.1355,0.0,0.0,0.0,253.30601524269593,253.31元,0.0,593.0836226707936
2025-02-27T01:00:00,2025-02-27T01:10:00,2025-02-27,6,606.5078540291853,606.5078540291853,0.0,606.5078540291853,0.0,0.0,606.5078540291853,0.4285,259.88861545150587,0.6427499999999999,0.0,2.1425,0.0,0.0,0.0,259.88861545150587,259.89元,0.0,606.5078540291853
2025-02-27T01:10:00,2025-02-27T01:20:00,2025-02-27,7,606.5262601009182,606.5262601009182,0.0,606.5262601009182,0.0,0.0,606.5262601009182,0.4311,261.47347072950583,0.64665,0.0,2.1555,0.0,0.0,0.0,261.47347072950583,261.47元,0.0,606.5262601009182
2025-02-27T01:20:00,2025-02-27T01:30:00,2025-02-27,8,587.2385526413146,587.2385526413146,0.0,587.2385526413146,0.0,0.0,587.2385526413146,0.4302,252.63002534629356,0.6453,0.0,2.1510000000000002,0.0,0.0,0.0,252.63002534629356,252.63元,0.0,587.2385526413146
2025-02-27T01:30:00,2025-02-27T01:40:00,2025-02-27,9,571.4710389289828,571.4710389289828,0.0,571.4710389289828,0.0,0.0,571.4710389289828,0.4279,244.53245755771175,0.64185,0.0,2.1395,0.0,0.0,0.0,244.53245755771175,244.53元,0.0,571.4710389289828
2025-02-27T01:40:00,2025-02-27T01:50:00,2025-02-27,10,589.0189686921034,589.0189686921034,0.0,589.0189686921034,0.0,0.0,589.0189686921034,0.4312,253.984979300035,0.6468,0.0,2.156,0.0,0.0,0.0,253.984979300035,253.98元,0.0,589.0189686921034
2025-02-27T01:50:00,2025-02-27T02:00:00,2025-02-27,11,589.3875126942704,589.3875126942704,0.0,589.3875126942704,0.0,0.0,589.3875126942704,0.4333,255.38160925042737,0.64995,0.0,2.1665,0.0,0.0,0.0,255.38160925042737,255.38元,0.0,589.3875126942704
2025-02-27T02:00:00,2025-02-27T02:10:00,2025-02-27,12,569.0256138134131,569.0256138134131,0.0,569.0256138134131,0.0,0.0,569.0256138134131,0.4311,245.30694211496237,0.64665,0.0,2.1555,0.0,0.0,0.0,245.30694211496237,245.31元,0.0,569.0256138134131
2025-02-27T02:10:00,2025-02-27T02:20:00,2025-02-27,13,575.7275114473244,575.7275114473244,0.0,575.7275114473244,0.0,0.0,575.7275114473244,0.4293,247.1598206643364,0.64395,0.0,2.1465,0.0,0.0,0.0,247.1598206643364,247.16元,0.0,575.7275114473244
2025-02-27T02:20:00,2025-02-27T02:30:00,2025-02-27,14,593.7842784126468,593.7842784126468,0.0,593.7842784126468,0.0,0.0,593.7842784126468,0.4324,256.7523219856285,0.6486000000000001,0.0,2.162,0.0,0.0,0.0,256.7523219856285,256.75元,0.0,593.7842784126468
2025-02-27T02:30:00,2025-02-27T02:40:00,2025-02-27,15,600.0232761708235,600.0232761708235,0.0,600.0232761708235,0.0,0.0,600.0232761708235,0.4367,262.0301647037986,0.6550499999999999,0.0,2.1835,0.0,0.0,0.0,262.0301647037986,262.03元,0.0,600.0232761708235
2025-02-27T02:40:00,2025-02-27T02:50:00,2025-02-27,16,591.2748708811957,591.2748708811957,0.0,591.2748708811957,0.0,0.0,591.2748708811957,0.4348,257.0863138591439,0.6522,0.0,2.174,0.0,0.0,0.0,257.0863138591439,257.09元,0.0,591.2748708811957
2025-02-27T02:50:00,2025-02-27T03:00:00,2025-02-27,17,605.1388494480797,605.1388494480797,0.0,605.1388494480797,0.0,0.0,605.1388494480797,0.4335,262.3276912357425,0.65025,0.0,2.1675,0.0,0.0,0.0,262.3276912357425,262.33元,0.0,605.1388494480797
2025-02-27T03:00:00,2025-02-27T03:10:00,2025-02-27,18,629.359888061985,629.359888061985,0.0,629.359888061985,0.0,0.0,629.359888061985,0.4357,274.21210322860685,0.65355,0.0,2.1784999999999997,0.0,0.0,0.0,274.21210322860685,274.21元,0.0,629.359888061985
2025-02-27T03:10:00,2025-02-27T03:20:00,2025-02-27,19,612.6610357351426,612.6610357351426,0.0,612.6610357351426,0.0,0.0,612.6610357351426,0.4374,267.9779370305514,0.6561,0.0,2.1870000000000003,0.0,0.0,0.0,267.9779370305514,267.98元,0.0,612.6610357351426
2025-02-27T03:20:00,2025-02-27T03:30:00,2025-02-27,20,586.8633161648212,586.8633161648212,0.0,586.8633161648212,0.0,0.0,586.8633161648212,0.4371,256.5179554956433,0.65565,0.0,2.1854999999999998,0.0,0.0,0.0,256.5179554956433,256.52元,0.0,586.8633161648212
2025-02-27T03:30:00,2025-02-27T03:40:00,2025-02-27,21,591.4914462579283,591.4914462579283,0.0,591.4914462579283,0.0,0.0,591.4914462579283,0.4356,257.6536739899535,0.6534,0.0,2.178,0.0,0.0,0.0,257.6536739899535,257.65元,0.0,591.4914462579283
2025-02-27T03:40:00,2025-02-27T03:50:00,2025-02-27,22,635.6994013170342,635.6994013170342,0.0,635.6994013170342,0.0,0.0,635.6994013170342,0.4353,276.719949393305,0.65295,0.0,2.1765,0.0,0.0,0.0,276.719949393305,276.72元,0.0,635.6994013170342
2025-02-27T03:50:00,2025-02-27T04:00:00,2025-02-27,23,664.5031102213023,664.5031102213023,0.0,664.5031102213023,0.0,0.0,664.5031102213023,0.436,289.72335605648783,0.654,0.0,2.18,0.0,0.0,0.0,289.72335605648783,289.72元,0.0,664.5031102213023
2025-02-27T04:00:00,2025-02-27T04:10:00,2025-02-27,24,662.2349647691277,662.2349647691277,0.0,662.2349647691277,0.0,0.0,662.2349647691277,0.4378,289.9264675759241,0.6567000000000001,0.0,2.189,0.0,0.0,0.0,289.9264675759241,289.93元,0.0,662.2349647691277
2025-02-27T04:10:00,2025-02-27T04:20:00,2025-02-27,25,658.1587648492891,658.1587648492891,0.0,658.1587648492891,0.0,0.0,658.1587648492891,0.4401,289.65567241017214,0.66015,0.0,2.2005,0.0,0.0,0.0,289.65567241017214,289.66元,0.0,658.1587648492891
2025-02-27T04:20:00,2025-02-27T04:30:00,2025-02-27,26,642.0927936074122,642.0927936074122,0.0,642.0927936074122,0.0,0.0,642.0927936074122,0.4389,281.81452711429324,0.65835,0.0,2.1945,0.0,0.0,0.0,281.81452711429324,281.81元,0.0,642.0927936074122
2025-02-27T04:30:00,2025-02-27T04:40:00,2025-02-27,27,630.4592701078712,630.4592701078712,0.0,630.4592701078712,0.0,0.0,630.4592701078712,0.4364,275.132425475075,0.6546000000000001,0.0,2.182,0.0,0.0,0.0,275.132425475075,275.13元,0.0,630.4592701078712
2025-02-27T04:40:00,2025-02-27T04:50:00,2025-02-27,28,655.3861013920989,655.3861013920989,0.0,655.3861013920989,0.0,0.0,655.3861013920989,0.4393,287.9111143415491,0.65895,0.0,2.1965000000000003,0.0,0.0,0.0,287.9111143415491,287.91元,0.0,655.3861013920989
2025-02-27T04:50:00,2025-02-27T05:00:00,2025-02-27,29,666.1705461254143,666.1705461254143,0.0,666.1705461254143,0.0,0.0,666.1705461254143,0.4422,294.5806154966582,0.6633,0.0,2.211,0.0,0.0,0.0,294.5806154966582,294.58元,0.0,666.1705461254143
2025-02-27T05:00:00,2025-02-27T05:10:00,2025-02-27,30,650.9297929316483,650.9297929316483,0.0,650.9297929316483,0.0,0.0,650.9297929316483,0.4395,286.0836439934594,0.65925,0.0,2.1975,0.0,0.0,0.0,286.0836439934594,286.08元,0.0,650.9297929316483
2025-02-27T05:10:00,2025-02-27T05:20:00,2025-02-27,31,648.6377359020593,648.6377359020593,0.0,648.6377359020593,0.0,0.0,648.6377359020593,0.4333,281.0547309663623,0.64995,0.0,2.1665,0.0,0.0,0.0,281.0547309663623,281.05元,0.0,648.6377359020593
2025-02-27T05:20:00,2025-02-27T05:30:00,2025-02-27,32,661.3728443866329,661.3728443866329,0.0,661.3728443866329,0.0,0.0,661.3728443866329,0.4439,293.5834056232263,0.66585,0.0,2.2195,0.0,0.0,0.0,293.5834056232263,293.58元,0.0,661.3728443866329
2025-02-27T05:30:00,2025-02-27T05:40:00,2025-02-27,33,667.9454396902505,667.9454396902505,0.0,667.9454396902505,0.0,0.0,667.9454396902505,0.4301,287.2833336107767,0.64515,0.0,2.1505,0.0,0.0,0.0,287.2833336107767,287.28元,0.0,667.9454396902505
2025-02-27T05:40:00,2025-02-27T05:50:00,2025-02-27,34,1493.240987049898,1493.240987049898,0.0,1493.240987049898,0.0,0.0,1493.240987049898,0.3713,554.4403784916271,0.5569500000000001,0.0,1.8565,0.0,0.0,0.0,554.4403784916271,554.44元,17.775453726564585,1475.4655333233334
2025-02-27T05:50:00,2025-02-27T06:00:00,2025-02-27,35,727.2343339558083,727.2343339558083,0.0,727.2343339558083,0.0,0.0,727.2343339558083,0.5708,415.10535782197536,0.8562,0.0,2.854,0.0,0.0,0.0,415.10535782197536,415.11元,0.0,727.2343339558083
2025-02-27T06:00:00,2025-02-27T06:10:00,2025-02-27,36,107.99192078445844,81.95513386467746,0.0,81.95513386467746,-26.03678691978098,13.826532811989061,95.78166667666653,0.9099,74.57097630347003,1.3648500000000001,0.0,4.5495,62.90381102814424,249.6673074122993,113.58614150722556,251.06092883883983,251.06元,0.0,95.78166667666653
2025-02-27T06:10:00,2025-02-27T06:20:00,2025-02-27,37,143.1412048659978,136.33722700505075,0.0,136.33722700505075,-6.803977860947043,0.0,136.33722700505075,0.9368,127.72071425833154,1.4052,0.0,4.684,0.0,0.0,0.0,127.72071425833154,127.72元,0.0,136.33722700505075
2025-02-27T06:20:00,2025-02-27T06:30:00,2025-02-27,38,102.88785062505099,94.0103605951748,0.0,94.0103605951748,-8.877490029876185,11.666472748158519,105.67683334333333,0.8758,82.3342738092541,1.3137,0.0,4.3790000000000004,51.08748416418616,0.0,0.0,133.42175797344026,133.42元,0.0,105.67683334333333
2025-02-27T06:30:00,2025-02-27T06:40:00,2025-02-27,39,99.34789260661114,83.39780083436142,0.0,83.39780083436142,-15.95009177224972,0.0,83.39780083436142,0.8759,73.04813375081717,1.31385,0.0,4.3795,0.0,0.0,0.0,73.04813375081717,73.05元,0.0,83.39780083436142
2025-02-27T06:40:00,2025-02-27T06:50:00,2025-02-27,40,46.46841266437366,40.22643601481832,0.0,40.22643601481832,-6.24197664955534,20.6838139951817,60.91025001000002,0.8601,34.59875761634523,1.29015,0.0,4.3004999999999995,88.95074208627891,0.0,0.0,123.54949970262415,123.55元,0.0,60.91025001000002
2025-02-27T06:50:00,2025-02-27T07:00:00,2025-02-27,41,231.40011276976549,231.40011276976549,0.0,231.40011276976549,0.0,0.0,231.40011276976549,0.8442,195.34797520023602,1.2663,0.0,4.221,0.0,0.0,0.0,195.34797520023602,195.35元,0.0,231.40011276976549
2025-02-27T07:00:00,2025-02-27T07:10:00,2025-02-27,42,495.42743545342665,478.408236852007,0.0,478.408236852007,-17.019198601419646,0.0,478.408236852007,0.8334,398.70542459246263,1.2501,0.0,4.167,0.0,0.0,0.0,398.70542459246263,398.71元,0.0,478.408236852007
2025-02-27T07:10:00,2025-02-27T07:20:00,2025-02-27,43,490.3370394927256,474.9801784390168,0.0,474.9801784390168,-15.35686105370877,0.0,474.9801784390168,0.8092,384.3539603928524,1.2138,0.0,4.046,0.0,0.0,0.0,384.3539603928524,384.35元,0.0,474.9801784390168
2025-02-27T07:20:00,2025-02-27T07:30:00,2025-02-27,44,488.61844549035897,474.94863367948585,0.0,474.94863367948585,-13.669811810873114,0.0,474.94863367948585,0.7972,378.62905076928615,1.1958,0.0,3.986,0.0,0.0,0.0,378.62905076928615,378.63元,0.0,474.94863367948585
2025-02-27T07:30:00,2025-02-27T07:40:00,2025-02-27,45,451.4923361939949,451.4923361939949,0.0,451.4923361939949,0.0,0.0,451.4923361939949,0.7644,345.1207417866897,1.1465999999999998,0.0,3.822,0.0,0.0,0.0,345.1207417866897,345.12元,0.0,451.4923361939949
2025-02-27T07:40:00,2025-02-27T07:50:00,2025-02-27,46,386.5231267495815,386.5231267495815,0.0,386.5231267495815,0.0,0.0,386.5231267495815,0.6899,266.6623051445362,1.03485,0.0,3.4494999999999996,0.0,0.0,0.0,266.6623051445362,266.66元,0.0,386.5231267495815
2025-02-27T07:50:00,2025-02-27T08:00:00,2025-02-27,47,0.0,0.0,0.0,0.0,0.0,0.0,0.0,0.86,0.0,1.29,0.0,4.3,0.0,0.0,0.0,0.0,0.00元,0.0,0.0
2025-02-27T08:00:00,2025-02-27T08:10:00,2025-02-27,48,0.0,0.0,3.14548297622423,3.14548297622423,3.14548297622423,0.0,3.14548297622423,1.1617,0.0,1.74255,5.481161360219532,5.8084999999999996,0.0,0.0,0.0,5.481161360219532,5.48元,0.0,3.14548297622423
2025-02-27T08:10:00,2025-02-27T08:20:00,2025-02-27,49,0.0,0.0,0.0,0.0,0.0,0.0,0.0,1.1683,0.0,1.7524499999999998,0.0,5.8415,0.0,0.0,0.0,0.0,0.00元,0.0,0.0
2025-02-27T08:20:00,2025-02-27T08:30:00,2025-02-27,50,0.0,0.0,0.0,0.0,0.0,0.0,0.0,1.0956,0.0,1.6433999999999997,0.0,5.478,0.0,0.0,0.0,0.0,0.00元,0.0,0.0
2025-02-27T08:30:00,2025-02-27T08:40:00,2025-02-27,51,0.0,0.0,0.0,0.0,0.0,0.0,0.0,1.0849,0.0,1.6273499999999999,0.0,5.4245,0.0,0.0,0.0,0.0,0.00元,0.0,0.0
2025-02-27T08:40:00,2025-02-27T08:50:00,2025-02-27,52,0.0,0.0,0.0,0.0,0.0,0.0,0.0,1.061,0.0,1.5915,0.0,5.305,0.0,0.0,0.0,0.0,0.00元,0.0,0.0
2025-02-27T08:50:00,2025-02-27T09:00:00,2025-02-27,53,0.0,0.0,0.0,0.0,0.0,110.55284910870255,110.55284910870255,1.043,0.0,1.5644999999999998,0.0,5.215,576.5331081018837,0.0,0.0,576.5331081018837,576.53元,0.0,110.55284910870255
2025-02-27T09:00:00,2025-02-27T09:10:00,2025-02-27,54,0.0,0.0,0.0,0.0,0.0,430.9733333209877,430.9733333209877,1.036,0.0,1.554,0.0,5.18,2232.4418666027163,0.0,0.0,2232.4418666027163,2232.44元,0.0,430.9733333209877
2025-02-27T09:10:00,2025-02-27T09:20:00,2025-02-27,55,0.0,0.0,0.0,0.0,0.0,386.53563333333335,386.53563333333335,1.0147,0.0,1.52205,0.0,5.073499999999999,1961.0885357166667,0.0,0.0,1961.0885357166667,1961.09元,0.0,386.53563333333335
2025-02-27T09:20:00,2025-02-27T09:30:00,2025-02-27,56,0.0,0.0,0.0,0.0,0.0,307.44386666666657,307.44386666666657,0.9922,0.0,1.4883,0.0,4.961,1525.2290225333327,0.0,0.0,1525.2290225333327,1525.23元,0.0,307.44386666666657
2025-02-27T09:30:00,2025-02-27T09:40:00,2025-02-27,57,0.0,0.0,0.0,0.0,0.0,236.61708333333337,236.61708333333337,0.97,0.0,1.455,0.0,4.85,1147.5928541666667,0.0,0.0,1147.5928541666667,1147.59元,0.0,236.61708333333337
2025-02-27T09:40:00,2025-02-27T09:50:00,2025-02-27,58,0.0,0.0,0.0,0.0,0.0,202.82858333333337,202.82858333333337,0.9422,0.0,1.4133,0.0,4.711,955.5254560833336,0.0,0.0,955.5254560833336,955.53元,0.0,202.82858333333337
2025-02-27T09:50:00,2025-02-27T10:00:00,2025-02-27,59,0.0,0.0,0.0,0.0,0.0,182.39603333333326,182.39603333333326,0.9569,0.0,1.43535,0.0,4.7844999999999995,872.673821483333,0.0,0.0,872.673821483333,872.67元,0.0,182.39603333333326
2025-02-27T10:00:00,2025-02-27T10:10:00,2025-02-27,60,0.0,0.0,0.0,0.0,0.0,145.9620833333334,145.9620833333334,0.9977,0.0,1.49655,0.0,4.9885,728.1318527083337,0.0,0.0,728.1318527083337,728.13元,0.0,145.9620833333334
2025-02-27T10:10:00,2025-02-27T10:20:00,2025-02-27,61,0.0,0.0,0.0,0.0,0.0,83.06083333333325,83.06083333333325,0.9919,0.0,1.48785,0.0,4.9595,411.94020291666624,0.0,0.0,411.94020291666624,411.94元,0.0,83.06083333333325
2025-02-27T10:20:00,2025-02-27T10:30:00,2025-02-27,62,0.0,0.0,0.0,0.0,0.0,26.561833333333464,26.561833333333464,0.9588,0.0,1.4382,0.0,4.794,127.33742900000063,0.0,0.0,127.33742900000063,127.34元,0.0,26.561833333333464
2025-02-27T10:30:00,2025-02-27T10:40:00,2025-02-27,63,0.0,0.0,0.0,0.0,0.0,0.0,0.0,0.9549,0.0,1.43235,0.0,4.7745,0.0,0.0,0.0,0.0,0.00元,0.0,0.0
2025-02-27T10:40:00,2025-02-27T10:50:00,2025-02-27,64,0.0,0.0,0.0,0.0,0.0,0.0,0.0,0.9839,0.0,1.4758499999999999,0.0,4.9195,0.0,0.0,0.0,0.0,0.00元,0.0,0.0
2025-02-27T10:50:00,2025-02-27T11:00:00,2025-02-27,65,0.0,0.0,0.0,0.0,0.0,0.0,0.0,0.799,0.0,1.1985000000000001,0.0,3.995,0.0,0.0,0.0,0.0,0.00元,0.0,0.0
2025-02-27T11:00:00,2025-02-27T11:10:00,2025-02-27,66,0.0,0.0,0.0,0.0,0.0,0.0,0.0,0.5025,0.0,0.7537499999999999,0.0,2.5124999999999997,0.0,0.0,0.0,0.0,0.00元,0.0,0.0
2025-02-27T11:10:00,2025-02-27T11:20:00,2025-02-27,67,631.5007601305734,602.5667819347967,0.0,602.5667819347967,-28.933978195776717,0.0,602.5667819347967,0.4662,280.91663373800225,0.6993,0.0,2.331,0.0,0.0,0.0,280.91663373800225,280.92元,0.0,602.5667819347967
2025-02-27T11:20:00,2025-02-27T11:30:00,2025-02-27,68,0.0,0.0,0.0,0.0,0.0,0.0,0.0,0.5007,0.0,0.75105,0.0,2.5035000000000003,0.0,0.0,0.0,0.0,0.00元,0.0,0.0
2025-02-27T11:30:00,2025-02-27T11:40:00,2025-02-27,69,492.6559660634748,450.1851465846071,0.0,450.1851465846071,-42.470819478867725,0.0,450.1851465846071,0.4827,217.30437025638986,0.7240500000000001,0.0,2.4135,0.0,0.0,0.0,217.30437025638986,217.30元,0.0,450.1851465846071
2025-02-27T11:40:00,2025-02-27T11:50:00,2025-02-27,70,624.6815627129841,597.6790995115456,0.0,597.6790995115456,-27.00246320143856,0.0,597.6790995115456,0.4785,285.98944911627456,0.71775,0.0,2.3925,0.0,0.0,0.0,285.98944911627456,285.99元,0.0,597.6790995115456
2025-02-27T11:50:00,2025-02-27T12:00:00,2025-02-27,71,612.9261652913655,585.492402897623,0.0,585.492402897623,-27.433762393742427,0.0,585.492402897623,0.4662,272.95655823087185,0.6993,0.0,2.331,0.0,0.0,0.0,272.95655823087185,272.96元,0.0,585.492402897623
2025-02-27T12:00:00,2025-02-27T12:10:00,2025-02-27,72,576.8095780296386,576.8095780296386,40.49353915886286,617.3031171885015,40.49353915886286,0.0,617.3031171885015,0.4432,255.6420049827358,0.6648,26.92010483281203,2.2159999999999997,0.0,41.899163330014176,9.284854593931142,291.84696440947897,291.85元,0.0,617.3031171885015
2025-02-27T12:10:00,2025-02-27T12:20:00,2025-02-27,73,547.7097627872275,547.7097627872275,40.537143970831494,588.246906758059,40.537143970831494,0.0,588.246906758059,0.4411,241.59477636544605,0.66165,26.821401308300658,2.2055,0.0,0.0,0.0,268.41617767374674,268.42元,0.0,588.246906758059
2025-02-27T12:20:00,2025-02-27T12:30:00,2025-02-27,74,537.7100511007835,528.8637467420675,49.392697335895264,578.2564440779628,40.546392977179266,0.0,578.2564440779628,0.4551,240.68589114231494,0.68265,33.7179248363489,2.2755,0.0,0.0,0.0,274.40381597866383,274.40元,0.0,578.2564440779628
2025-02-27T12:30:00,2025-02-27T12:40:00,2025-02-27,75,531.757517933086,531.7520138919302,40.78456212528977,572.53657601722,40.77905808413402,0.0,572.53657601722,0.4463,237.32092379996845,0.66945,27.303225114775234,2.2315,0.0,0.0,0.0,264.62414891474367,264.62元,0.0,572.53657601722
2025-02-27T12:40:00,2025-02-27T12:50:00,2025-02-27,76,511.79321306764814,511.79321306764814,41.096845636567195,552.8900587042153,41.096845636567195,0.0,552.8900587042153,0.4113,210.5005485347237,0.61695,25.35469891548013,2.0564999999999998,0.0,0.0,0.0,235.85524745020382,235.86元,0.0,552.8900587042153
2025-02-27T12:50:00,2025-02-27T13:00:00,2025-02-27,77,0.0,0.0,574.7600717968579,574.7600717968579,574.7600717968579,0.0,574.7600717968579,0.5682,0.0,0.8523000000000001,489.868009192462,2.841,0.0,0.0,0.0,489.868009192462,489.87元,0.0,574.7600717968579
2025-02-27T13:00:00,2025-02-27T13:10:00,2025-02-27,78,0.0,0.0,0.0,0.0,0.0,0.0,0.0,0.8279,0.0,1.24185,0.0,4.1395,0.0,0.0,0.0,0.0,0.00元,0.0,0.0
2025-02-27T13:10:00,2025-02-27T13:20:00,2025-02-27,79,0.0,0.0,0.0,0.0,0.0,0.0,0.0,0.8636,0.0,1.2954,0.0,4.3180000000000005,0.0,0.0,0.0,0.0,0.00元,0.0,0.0
2025-02-27T13:20:00,2025-02-27T13:30:00,2025-02-27,80,0.0,0.0,0.0,0.0,0.0,0.0,0.0,0.8416,0.0,1.2624,0.0,4.208,0.0,0.0,0.0,0.0,0.00元,0.0,0.0
2025-02-27T13:30:00,2025-02-27T13:40:00,2025-02-27,81,0.0,0.0,0.0,0.0,0.0,0.0,0.0,0.8618,0.0,1.2927,0.0,4.309,0.0,0.0,0.0,0.0,0.00元,0.0,0.0
2025-02-27T13:40:00,2025-02-27T13:50:00,2025-02-27,82,0.0,0.0,0.0,0.0,0.0,0.0,0.0,0.8623,0.0,1.29345,0.0,4.3115,0.0,0.0,0.0,0.0,0.00元,0.0,0.0
2025-02-27T13:50:00,2025-02-27T14:00:00,2025-02-27,83,0.0,0.0,0.0,0.0,0.0,0.0,0.0,0.9026,0.0,1.3538999999999999,0.0,4.513,0.0,0.0,0.0,0.0,0.00元,0.0,0.0
2025-02-27T14:00:00,2025-02-27T14:10:00,2025-02-27,84,0.0,0.0,0.0,0.0,0.0,0.0,0.0,0.9754,0.0,1.4631,0.0,4.877000000000001,0.0,0.0,0.0,0.0,0.00元,0.0,0.0
2025-02-27T14:10:00,2025-02-27T14:20:00,2025-02-27,85,0.0,0.0,0.0,0.0,0.0,0.0,0.0,1.0002,0.0,1.5003,0.0,5.0009999999999994,0.0,0.0,0.0,0.0,0.00元,0.0,0.0
2025-02-27T14:20:00,2025-02-27T14:30:00,2025-02-27,86,0.0,0.0,0.0,0.0,0.0,0.0,0.0,0.9978,0.0,1.4967000000000001,0.0,4.989,0.0,0.0,0.0,0.0,0.00元,0.0,0.0
2025-02-27T14:30:00,2025-02-27T14:40:00,2025-02-27,87,0.0,0.0,0.0,0.0,0.0,0.0,0.0,1.0271,0.0,1.5406499999999999,0.0,5.1354999999999995,0.0,0.0,0.0,0.0,0.00元,0.0,0.0
2025-02-27T14:40:00,2025-02-27T14:50:00,2025-02-27,88,0.0,0.0,0.0,0.0,0.0,0.0,0.0,1.0906,0.0,1.6359,0.0,5.453,0.0,0.0,0.0,0.0,0.00元,0.0,0.0
2025-02-27T14:50:00,2025-02-27T15:00:00,2025-02-27,89,0.0,0.0,0.0,0.0,0.0,0.0,0.0,0.9376,0.0,1.4064,0.0,4.688,0.0,0.0,0.0,0.0,0.00元,0.0,0.0
2025-02-27T15:00:00,2025-02-27T15:10:00,2025-02-27,90,492.1209709016606,492.1209709016606,737.2646386084685,1229.3856095101291,737.2646386084685,0.0,1229.3856095101291,0.6694,329.4257779215716,1.0041,740.2874236267633,3.347,0.0,0.0,0.0,1069.713201548335,1069.71元,0.0,1229.3856095101291
2025-02-27T15:10:00,2025-02-27T15:20:00,2025-02-27,91,1254.2283598600352,1254.2283598600352,9.738971155312584,1263.9673310153478,9.738971155312584,0.0,1263.9673310153478,0.66,827.7907175076233,0.99,9.641581443759458,3.3000000000000003,0.0,0.0,0.0,837.4322989513828,837.43元,0.0,1263.9673310153478
2025-02-27T15:20:00,2025-02-27T15:30:00,2025-02-27,92,443.27582410051,443.27582410051,844.3117028875948,1287.5875269881049,844.3117028875948,0.0,1287.5875269881049,0.7217,319.91216225333807,1.08255,914.0096339609657,3.6085000000000003,0.0,0.0,0.0,1233.9217962143039,1233.92元,0.0,1287.5875269881049
2025-02-27T15:30:00,2025-02-27T15:40:00,2025-02-27,93,439.6019075984465,439.6019075984465,155.82140205932558,595.423309657772,155.82140205932558,0.0,595.423309657772,0.7308,321.26107407294467,1.0962,170.8114209374327,3.654,0.0,0.0,0.0,492.07249501037734,492.07元,0.0,595.423309657772
2025-02-27T15:40:00,2025-02-27T15:50:00,2025-02-27,94,452.23713108267293,452.23713108267293,13.702882809752055,465.940013892425,13.702882809752055,0.0,465.940013892425,0.7534,340.71545455768575,1.1300999999999999,15.485627863300795,3.767,0.0,0.0,0.0,356.20108242098655,356.20元,0.0,465.940013892425
2025-02-27T15:50:00,2025-02-27T16:00:00,2025-02-27,95,474.0587321282329,474.0587321282329,15.148962868836179,489.2076949970691,15.148962868836179,0.0,489.2076949970691,0.7823,370.8561461439166,1.1734499999999999,17.776550478435816,3.9115,0.0,0.0,0.0,388.6326966223524,388.63元,0.0,489.2076949970691
2025-02-27T16:00:00,2025-02-27T16:10:00,2025-02-27,96,721.6115972272625,721.6115972272625,16.760861043476666,738.3724582707391,16.760861043476666,0.0,738.3724582707391,0.8055,581.2581415665599,1.20825,20.25131035578068,4.0275,0.0,0.0,0.0,601.5094519223406,601.51元,0.0,738.3724582707391
2025-02-27T16:10:00,2025-02-27T16:20:00,2025-02-27,97,731.2356080233878,731.2356080233878,15.441591723607871,746.6771997469957,15.441591723607871,0.0,746.6771997469957,0.8271,604.8049713961441,1.24065,19.157610771894102,4.1354999999999995,0.0,0.0,0.0,623.9625821680381,623.96元,0.0,746.6771997469957
2025-02-27T16:20:00,2025-02-27T16:30:00,2025-02-27,98,751.7817819372192,751.7817819372192,14.042288152034189,765.8240700892534,14.042288152034189,0.0,765.8240700892534,0.8519,640.442900032317,1.27785,17.943937915076887,4.2595,0.0,0.0,0.0,658.3868379473939,658.39元,0.0,765.8240700892534
2025-02-27T16:30:00,2025-02-27T16:40:00,2025-02-27,99,781.8286070930205,781.8286070930205,4.640966460026334,786.4695735530469,4.640966460026334,0.0,786.4695735530469,0.8791,687.3055284954744,1.3186499999999999,6.1198104225137255,4.3955,0.0,0.0,0.0,693.425338917988,693.43元,0.0,786.4695735530469
2025-02-27T16:40:00,2025-02-27T16:50:00,2025-02-27,100,802.3117580439254,802.3117580439254,6.342079913068801,808.6538379569942,6.342079913068801,0.0,808.6538379569942,0.9024,724.0061304588382,1.3536,8.58463937032993,4.512,0.0,0.0,0.0,732.5907698291682,732.59元,0.0,808.6538379569942
2025-02-27T16:50:00,2025-02-27T17:00:00,2025-02-27,101,822.3083497515747,822.3083497515747,0.0,822.3083497515747,0.0,0.0,822.3083497515747,0.9163,753.4811408773679,1.37445,0.0,4.5815,0.0,0.0,0.0,753.4811408773679,753.48元,0.0,822.3083497515747
2025-02-27T17:00:00,2025-02-27T17:10:00,2025-02-27,102,968.4702512574062,968.4702512574062,0.0,968.4702512574062,0.0,0.0,968.4702512574062,0.9264,897.190840764861,1.3896,0.0,4.632,0.0,0.0,0.0,897.190840764861,897.19元,0.0,968.4702512574062
2025-02-27T17:10:00,2025-02-27T17:20:00,2025-02-27,103,1000.5645213592052,1000.5645213592052,0.0,1000.5645213592052,0.0,0.0,1000.5645213592052,0.9462,946.73415011008,1.4193,0.0,4.731,0.0,0.0,0.0,946.73415011008,946.73元,1.9343880168710457,998.6301333423341
2025-02-27T17:20:00,2025-02-27T17:30:00,2025-02-27,104,1007.0605693164604,1007.0605693164604,0.0,1007.0605693164604,0.0,0.0,1007.0605693164604,0.9742,981.0784066280956,1.4613,0.0,4.8709999999999996,0.0,0.0,0.0,981.0784066280956,981.08元,4.5860026407930174,1002.4745666756673
2025-02-27T17:30:00,2025-02-27T17:40:00,2025-02-27,105,1010.4893526191978,1010.4893526191978,0.0,1010.4893526191978,0.0,0.0,1010.4893526191978,0.9862,996.5445995530529,1.4792999999999998,0.0,4.931,0.0,0.0,0.0,996.5445995530529,996.54元,0.0,1010.4893526191978
2025-02-27T17:40:00,2025-02-27T17:50:00,2025-02-27,106,1037.350138367601,1037.350138367601,0.0,1037.350138367601,0.0,0.0,1037.350138367601,0.976,1012.4537350467785,1.464,0.0,4.88,0.0,0.0,0.0,1012.4537350467785,1012.45元,0.0,1037.350138367601
2025-02-27T17:50:00,2025-02-27T18:00:00,2025-02-27,107,913.727285955875,913.727285955875,0.0,913.727285955875,0.0,0.0,913.727285955875,1.0742,981.525850573801,1.6113,0.0,5.371,0.0,0.0,0.0,981.525850573801,981.53元,0.0,913.727285955875
2025-02-27T18:00:00,2025-02-27T18:10:00,2025-02-27,108,706.8727245502027,706.8727245502027,4.850150449797184,711.7228749999999,4.850150449797184,0.0,711.7228749999999,1.2313,870.3723857386647,1.84695,8.957985373252908,6.1565,0.0,0.0,0.0,879.3303711119175,879.33元,0.0,711.7228749999999
2025-02-27T18:10:00,2025-02-27T18:20:00,2025-02-27,109,681.6777752998883,681.6777752998883,4.715475245561038,686.3932505454493,4.715475245561038,0.0,686.3932505454493,1.2561,856.2554535541897,1.88415,8.88466268392383,6.2805,0.0,0.0,0.0,865.1401162381135,865.14元,0.0,686.3932505454493
2025-02-27T18:20:00,2025-02-27T18:30:00,2025-02-27,110,727.6463510492632,727.6463510492632,4.587515995364015,732.2338670446272,4.587515995364015,0.0,732.2338670446272,1.2447,905.7014131510178,1.8670499999999999,8.565121739144384,6.2235,0.0,0.0,0.0,914.2665348901622,914.27元,0.0,732.2338670446272
2025-02-27T18:30:00,2025-02-27T18:40:00,2025-02-27,111,742.7390105063433,742.7390105063433,4.462353831447899,747.2013643377912,4.462353831447899,0.0,747.2013643377912,1.2545,931.7660886802076,1.8817499999999998,8.397034322327084,6.2725,0.0,0.0,0.0,940.1631230025348,940.16元,0.0,747.2013643377912
2025-02-27T18:40:00,2025-02-27T18:50:00,2025-02-27,112,732.1783037539042,732.1783037539042,4.339975887410901,736.5182796413151,4.339975887410901,0.0,736.5182796413151,1.2522,916.8336719606388,1.8782999999999999,8.151776709323896,6.261,0.0,0.0,0.0,924.9854486699627,924.99元,0.0,736.5182796413151
2025-02-27T18:50:00,2025-02-27T19:00:00,2025-02-27,113,53.73644428897944,53.73644428897944,39.31540210307537,93.05184639205481,39.31540210307537,0.0,93.05184639205481,1.2881,69.21791388863441,1.93215,75.96325417345707,6.4405,0.0,0.0,0.0,145.1811680620915,145.18元,0.0,93.05184639205481
2025-02-27T19:00:00,2025-02-27T19:10:00,2025-02-27,114,0.0,0.0,9.51805028549336,9.51805028549336,9.51805028549336,0.0,9.51805028549336,1.3466,0.0,2.0199,19.225509771668037,6.7330000000000005,0.0,0.0,0.0,19.225509771668037,19.23元,0.0,9.51805028549336
2025-02-27T19:10:00,2025-02-27T19:20:00,2025-02-27,115,2.57464351431895,2.57464351431895,4.5165309408404255,7.091174455159376,4.5165309408404255,0.0,7.091174455159376,1.3523,3.4816904244135163,2.0284500000000003,9.161557186947762,6.7615,0.0,0.0,0.0,12.643247611361279,12.64元,0.0,7.091174455159376
2025-02-27T19:20:00,2025-02-27T19:30:00,2025-02-27,116,18.504435946488115,18.504435946488115,2.6651538907832446,21.16958983727136,2.6651538907832446,0.0,21.16958983727136,1.3445,24.87921413005327,2.01675,5.374949109237109,6.7225,0.0,0.0,0.0,30.25416323929038,30.25元,0.0,21.16958983727136
2025-02-27T19:30:00,2025-02-27T19:40:00,2025-02-27,117,2.219750330286274,2.219750330286274,10.20387782489513,12.423628155181405,10.20387782489513,0.0,12.423628155181405,1.3483,2.9928893703249835,2.02245,20.636832706959158,6.7415,0.0,0.0,0.0,23.62972207728414,23.63元,0.0,12.423628155181405
2025-02-27T19:40:00,2025-02-27T19:50:00,2025-02-27,118,10.75703956417749,10.75703956417749,3.027818021822327,13.784857585999816,3.027818021822327,0.0,13.784857585999816,1.349,14.511246372075433,2.0235,6.1267897671574785,6.745,0.0,0.0,0.0,20.638036139232913,20.64元,0.0,13.784857585999816
2025-02-27T19:50:00,2025-02-27T20:00:00,2025-02-27,119,0.0,0.0,9.280356734403199,9.280356734403199,9.280356734403199,0.0,9.280356734403199,1.3473,0.0,2.02095,18.755136942392145,6.7364999999999995,0.0,0.0,0.0,18.755136942392145,18.76元,0.0,9.280356734403199
2025-02-27T20:00:00,2025-02-27T20:10:00,2025-02-27,120,0.0,0.0,0.0,0.0,0.0,0.0,0.0,1.3482,0.0,2.0223,0.0,6.7410000000000005,0.0,0.0,0.0,0.0,0.00元,0.0,0.0
2025-02-27T20:10:00,2025-02-27T20:20:00,2025-02-27,121,2.8000561764027907,2.8000561764027907,0.0,2.8000561764027907,0.0,0.0,2.8000561764027907,1.3513,3.7837159111730907,2.02695,0.0,6.7565,0.0,0.0,0.0,3.7837159111730907,3.78元,0.0,2.8000561764027907
2025-02-27T20:20:00,2025-02-27T20:30:00,2025-02-27,122,22.73797901585033,22.73797901585033,1.932893152622455,24.670872168472783,1.932893152622455,0.0,24.670872168472783,1.34,30.468891881239443,2.0100000000000002,3.885115236771135,6.7,0.0,0.0,0.0,34.35400711801058,34.35元,0.0,24.670872168472783
2025-02-27T20:30:00,2025-02-27T20:40:00,2025-02-27,123,11.640056196470823,11.640056196470823,4.47223118373131,16.112287380202133,4.47223118373131,0.0,16.112287380202133,1.3489,15.701271803419493,2.0233499999999998,9.048888965602746,6.7445,0.0,0.0,0.0,24.75016076902224,24.75元,0.0,16.112287380202133
2025-02-27T20:40:00,2025-02-27T20:50:00,2025-02-27,124,3.536071577155326,3.536071577155326,1.5342091328280958,5.070280709983422,1.5342091328280958,0.0,5.070280709983422,1.3952,4.9335270644471105,2.0928,3.2107928731826387,6.976,0.0,0.0,0.0,8.14431993762975,8.14元,0.0,5.070280709983422
2025-02-27T20:50:00,2025-02-27T21:00:00,2025-02-27,125,708.8524038998308,708.8524038998308,2.373616841615899,711.2260207414467,2.373616841615899,0.0,711.2260207414467,1.2226,866.6429490079331,1.8338999999999999,4.352975925839397,6.1129999999999995,0.0,0.0,0.0,870.9959249337725,871.00元,0.0,711.2260207414467
2025-02-27T21:00:00,2025-02-27T21:10:00,2025-02-27,126,736.8625826814991,736.8625826814991,2.9417649520210034,739.8043476335201,2.9417649520210034,0.0,739.8043476335201,0.9332,687.640162158375,1.3998,4.117882579839001,4.666,0.0,0.0,0.0,691.758044738214,691.76元,0.0,739.8043476335201
2025-02-27T21:10:00,2025-02-27T21:20:00,2025-02-27,127,749.8599590025067,749.8599590025067,2.861173762959652,752.7211327654663,2.861173762959652,0.0,752.7211327654663,0.9068,679.9730108234731,1.3602,3.8917685523777186,4.534000000000001,0.0,0.0,0.0,683.8647793758508,683.86元,0.0,752.7211327654663
2025-02-27T21:20:00,2025-02-27T21:30:00,2025-02-27,128,728.4285247100837,728.4285247100837,2.7827904116622904,731.211315121746,2.7827904116622904,0.0,731.211315121746,0.9371,682.6103705058194,1.40565,3.9116293421530988,4.6855,0.0,0.0,0.0,686.5219998479726,686.52元,0.0,731.211315121746
2025-02-27T21:30:00,2025-02-27T21:40:00,2025-02-27,129,711.1322568065771,711.1322568065771,2.706554413259255,713.8388112198363,2.706554413259255,0.0,713.8388112198363,0.9371,666.4020378534434,1.40565,3.804468210997872,4.6855,0.0,0.0,0.0,670.2065060644412,670.21元,0.0,713.8388112198363
2025-02-27T21:40:00,2025-02-27T21:50:00,2025-02-27,130,682.8565840152203,682.8565840152203,44.50585696496228,727.3624409801826,44.50585696496228,0.0,727.3624409801826,0.9871,674.0477340814239,1.48065,65.8975971151714,4.9355,0.0,0.0,0.0,739.9453311965954,739.95元,0.0,727.3624409801826
2025-02-27T21:50:00,2025-02-27T22:00:00,2025-02-27,131,705.0610905733633,674.2313928700845,1.044812188923288,675.2762050590078,-29.78488551435555,0.0,675.2762050590078,0.7764,523.4732534243336,1.1646,1.2167882752200612,3.8819999999999997,0.0,0.0,0.0,524.6900416995536,524.69元,0.0,675.2762050590078
2025-02-27T22:00:00,2025-02-27T22:10:00,2025-02-27,132,1377.0455324079962,1376.2322278325603,0.0,1376.2322278325603,-0.81330457543595,0.0,1376.2322278325603,0.4209,579.2561446947246,0.63135,0.0,2.1045,0.0,0.0,0.0,579.2561446947246,579.26元,3.4038945092270216,1372.8283333233333
2025-02-27T22:10:00,2025-02-27T22:20:00,2025-02-27,133,1366.9126486410537,1366.1216249697256,0.0,1366.1216249697256,-0.7910236713280483,0.0,1366.1216249697256,0.3859,527.1863350758172,0.5788500000000001,0.0,1.9295,0.0,0.0,0.0,527.1863350758172,527.19元,0.2194749797256384,1365.90214999
2025-02-27T22:20:00,2025-02-27T22:30:00,2025-02-27,134,559.432508185766,559.432508185766,0.0,559.432508185766,0.0,0.0,559.432508185766,0.4368,244.3601195755426,0.6552,0.0,2.184,0.0,0.0,0.0,244.3601195755426,244.36元,0.0,559.432508185766
2025-02-27T22:30:00,2025-02-27T22:40:00,2025-02-27,135,1389.0127078685664,1388.2644315365442,0.0,1388.2644315365442,-0.7482763320222148,0.0,1388.2644315365442,0.4198,582.7934083590412,0.6297,0.0,2.099,0.0,0.0,0.0,582.7934083590412,582.79元,22.91776487987749,1365.3466666566667
2025-02-27T22:40:00,2025-02-27T22:50:00,2025-02-27,136,1386.69671757089,1385.9689406602452,0.0,1385.9689406602452,-0.7277769106449341,0.0,1385.9689406602452,0.4186,580.1665985603787,0.6279,0.0,2.093,0.0,0.0,0.0,580.1665985603787,580.17元,8.804640670245128,1377.16429999
2025-02-27T22:50:00,2025-02-27T23:00:00,2025-02-27,137,562.8798560701309,562.8798560701309,0.0,562.8798560701309,0.0,0.0,562.8798560701309,0.4241,238.7173469593425,0.63615,0.0,2.1205,0.0,0.0,0.0,238.7173469593425,238.72元,0.0,562.8798560701309
2025-02-27T23:00:00,2025-02-27T23:10:00,2025-02-27,138,1409.0561410470596,1408.367693587183,0.0,1408.367693587183,-0.6884474598764427,0.0,1408.367693587183,0.4237,596.7253917728896,0.6355500000000001,0.0,2.1185,0.0,0.0,0.0,596.7253917728896,596.73元,22.67436026384984,1385.6933333233333
2025-02-27T23:10:00,2025-02-27T23:20:00,2025-02-27,139,575.3433315930349,575.3433315930349,0.0,575.3433315930349,0.0,0.0,575.3433315930349,0.4248,244.40584726072123,0.6372,0.0,2.124,0.0,0.0,0.0,244.40584726072123,244.41元,0.0,575.3433315930349
2025-02-27T23:20:00,2025-02-27T23:30:00,2025-02-27,140,1210.2055064160938,1210.2055064160938,0.0,1210.2055064160938,0.0,0.0,1210.2055064160938,0.424,513.1271347204238,0.636,0.0,2.12,0.0,0.0,0.0,513.1271347204238,513.13元,0.0,1210.2055064160938
2025-02-27T23:30:00,2025-02-27T23:40:00,2025-02-27,141,1390.4227511857384,1389.7893489455132,0.0,1389.7893489455132,-0.6334022402252231,0.0,1389.7893489455132,0.422,586.4911052550066,0.633,0.0,2.11,0.0,0.0,0.0,586.4911052550066,586.49元,22.826015622179845,1366.9633333233335
2025-02-27T23:40:00,2025-02-27T23:50:00,2025-02-27,142,1393.0008388636443,1392.3847890089858,0.0,1392.3847890089858,-0.6160498546585131,0.0,1392.3847890089858,0.424,590.37115053981,0.636,0.0,2.12,0.0,0.0,0.0,590.37115053981,590.37元,8.853622352319114,1383.5311666566668
2025-02-27T23:50:00,2025-02-28T00:00:00,2025-02-27,143,502.6026710527094,502.6026710527094,0.0,502.6026710527094,0.0,0.0,502.6026710527094,0.4271,214.66160080661217,0.6406499999999999,0.0,2.1355,0.0,0.0,0.0,214.66160080661217,214.66元,0.0,502.6026710527094
2025-02-28T00:00:00,2025-02-28T00:10:00,2025-02-27,144,407.12715,407.12715,0.0,407.12715,0.0,0.0,407.12715,0.4276,174.08756934,0.6414,0.0,2.138,0.0,0.0,0.0,174.08756934,174.09元,0.0,407.12715
2025-02-28T00:10:00,2025-02-28T00:20:00,2025-02-28,1,395.4093496219734,395.4093496219734,0.0,395.4093496219734,0.0,0.0,395.4093496219734,0.4248,167.9698917194143,0.6372,0.0,2.124,0.0,0.0,0.0,167.9698917194143,167.97元,0.0,395.4093496219734
2025-02-28T00:20:00,2025-02-28T00:30:00,2025-02-28,2,563.9401146157901,563.9401146157901,0.0,563.9401146157901,0.0,0.0,563.9401146157901,0.4245,239.39257865440288,0.6367499999999999,0.0,2.1225,0.0,0.0,0.0,239.39257865440288,239.39元,0.0,563.9401146157901
2025-02-28T00:30:00,2025-02-28T00:40:00,2025-02-28,3,399.6211049216167,399.6211049216167,0.0,399.6211049216167,0.0,0.0,399.6211049216167,0.4269,170.59824969103815,0.64035,0.0,2.1345,0.0,0.0,0.0,170.59824969103815,170.60元,0.0,399.6211049216167
2025-02-28T00:40:00,2025-02-28T00:50:00,2025-02-28,4,422.2482326264499,422.2482326264499,0.0,422.2482326264499,0.0,0.0,422.2482326264499,0.4272,180.38444497801942,0.6408,0.0,2.136,0.0,0.0,0.0,180.38444497801942,180.38元,0.0,422.2482326264499
2025-02-28T00:50:00,2025-02-28T01:00:00,2025-02-28,5,440.3626486861103,440.3626486861103,0.0,440.3626486861103,0.0,0.0,440.3626486861103,0.4271,188.07888725383768,0.6406499999999999,0.0,2.1355,0.0,0.0,0.0,188.07888725383768,188.08元,0.0,440.3626486861103
2025-02-28T01:00:00,2025-02-28T01:10:00,2025-02-28,6,430.47610767861244,430.47610767861244,0.0,430.47610767861244,0.0,0.0,430.47610767861244,0.4285,184.45901214028544,0.6427499999999999,0.0,2.1425,0.0,0.0,0.0,184.45901214028544,184.46元,0.0,430.47610767861244
2025-02-28T01:10:00,2025-02-28T01:20:00,2025-02-28,7,402.90262050660414,402.90262050660414,0.0,402.90262050660414,0.0,0.0,402.90262050660414,0.4311,173.69131970039703,0.64665,0.0,2.1555,0.0,0.0,0.0,173.69131970039703,173.69元,0.0,402.90262050660414
2025-02-28T01:20:00,2025-02-28T01:30:00,2025-02-28,8,412.7948020208835,412.7948020208835,0.0,412.7948020208835,0.0,0.0,412.7948020208835,0.4302,177.5843238293841,0.6453,0.0,2.1510000000000002,0.0,0.0,0.0,177.5843238293841,177.58元,0.0,412.7948020208835
2025-02-28T01:30:00,2025-02-28T01:40:00,2025-02-28,9,440.8836886405337,440.8836886405337,0.0,440.8836886405337,0.0,0.0,440.8836886405337,0.4279,188.65413036928436,0.64185,0.0,2.1395,0.0,0.0,0.0,188.65413036928436,188.65元,0.0,440.8836886405337
2025-02-28T01:40:00,2025-02-28T01:50:00,2025-02-28,10,419.7125859697668,419.7125859697668,0.0,419.7125859697668,0.0,0.0,419.7125859697668,0.4312,180.98006707016344,0.6468,0.0,2.156,0.0,0.0,0.0,180.98006707016344,180.98元,0.0,419.7125859697668
2025-02-28T01:50:00,2025-02-28T02:00:00,2025-02-28,11,425.9320480782317,425.9320480782317,0.0,425.9320480782317,0.0,0.0,425.9320480782317,0.4333,184.5563564322978,0.64995,0.0,2.1665,0.0,0.0,0.0,184.5563564322978,184.56元,0.0,425.9320480782317
2025-02-28T02:00:00,2025-02-28T02:10:00,2025-02-28,12,465.89735594487695,465.89735594487695,0.0,465.89735594487695,0.0,0.0,465.89735594487695,0.4311,200.84835014783644,0.64665,0.0,2.1555,0.0,0.0,0.0,200.84835014783644,200.85元,0.0,465.89735594487695
2025-02-28T02:10:00,2025-02-28T02:20:00,2025-02-28,13,466.6775392321184,466.6775392321184,0.0,466.6775392321184,0.0,0.0,466.6775392321184,0.4293,200.34466759234846,0.64395,0.0,2.1465,0.0,0.0,0.0,200.34466759234846,200.34元,0.0,466.6775392321184
2025-02-28T02:20:00,2025-02-28T02:30:00,2025-02-28,14,464.97934555706144,464.97934555706144,0.0,464.97934555706144,0.0,0.0,464.97934555706144,0.4324,201.05706901887336,0.6486000000000001,0.0,2.162,0.0,0.0,0.0,201.05706901887336,201.06元,0.0,464.97934555706144
2025-02-28T02:30:00,2025-02-28T02:40:00,2025-02-28,15,474.70645725985975,474.70645725985975,0.0,474.70645725985975,0.0,0.0,474.70645725985975,0.4367,207.30430988538075,0.6550499999999999,0.0,2.1835,0.0,0.0,0.0,207.30430988538075,207.30元,0.0,474.70645725985975
2025-02-28T02:40:00,2025-02-28T02:50:00,2025-02-28,16,469.6512256692872,469.6512256692872,0.0,469.6512256692872,0.0,0.0,469.6512256692872,0.4348,204.2043529210061,0.6522,0.0,2.174,0.0,0.0,0.0,204.2043529210061,204.20元,0.0,469.6512256692872
2025-02-28T02:50:00,2025-02-28T03:00:00,2025-02-28,17,467.42783703226735,467.42783703226735,0.0,467.42783703226735,0.0,0.0,467.42783703226735,0.4335,202.6299673534879,0.65025,0.0,2.1675,0.0,0.0,0.0,202.6299673534879,202.63元,0.0,467.42783703226735
2025-02-28T03:00:00,2025-02-28T03:10:00,2025-02-28,18,467.65195594076744,467.65195594076744,0.0,467.65195594076744,0.0,0.0,467.65195594076744,0.4357,203.75595720339237,0.65355,0.0,2.1784999999999997,0.0,0.0,0.0,203.75595720339237,203.76元,0.0,467.65195594076744
2025-02-28T03:10:00,2025-02-28T03:20:00,2025-02-28,19,454.1800304227964,454.1800304227964,0.0,454.1800304227964,0.0,0.0,454.1800304227964,0.4374,198.65834530693115,0.6561,0.0,2.1870000000000003,0.0,0.0,0.0,198.65834530693115,198.66元,0.0,454.1800304227964
2025-02-28T03:20:00,2025-02-28T03:30:00,2025-02-28,20,463.36578036424226,463.36578036424226,0.0,463.36578036424226,0.0,0.0,463.36578036424226,0.4371,202.5371825972103,0.65565,0.0,2.1854999999999998,0.0,0.0,0.0,202.5371825972103,202.54元,0.0,463.36578036424226
2025-02-28T03:30:00,2025-02-28T03:40:00,2025-02-28,21,487.2114550949526,487.2114550949526,0.0,487.2114550949526,0.0,0.0,487.2114550949526,0.4356,212.22930983936135,0.6534,0.0,2.178,0.0,0.0,0.0,212.22930983936135,212.23元,0.0,487.2114550949526
2025-02-28T03:40:00,2025-02-28T03:50:00,2025-02-28,22,480.79109597245645,480.79109597245645,0.0,480.79109597245645,0.0,0.0,480.79109597245645,0.4353,209.2883640768103,0.65295,0.0,2.1765,0.0,0.0,0.0,209.2883640768103,209.29元,0.0,480.79109597245645
2025-02-28T03:50:00,2025-02-28T04:00:00,2025-02-28,23,480.37565063005866,480.37565063005866,0.0,480.37565063005866,0.0,0.0,480.37565063005866,0.436,209.44378367470557,0.654,0.0,2.18,0.0,0.0,0.0,209.44378367470557,209.44元,0.0,480.37565063005866
2025-02-28T04:00:00,2025-02-28T04:10:00,2025-02-28,24,491.06163638937124,491.06163638937124,0.0,491.06163638937124,0.0,0.0,491.06163638937124,0.4378,214.98678441126674,0.6567000000000001,0.0,2.189,0.0,0.0,0.0,214.98678441126674,214.99元,0.0,491.06163638937124
2025-02-28T04:10:00,2025-02-28T04:20:00,2025-02-28,25,482.7989870040074,482.7989870040074,0.0,482.7989870040074,0.0,0.0,482.7989870040074,0.4401,212.47983418046366,0.66015,0.0,2.2005,0.0,0.0,0.0,212.47983418046366,212.48元,0.0,482.7989870040074
2025-02-28T04:20:00,2025-02-28T04:30:00,2025-02-28,26,490.65181106783297,490.65181106783297,0.0,490.65181106783297,0.0,0.0,490.65181106783297,0.4389,215.3470798776719,0.65835,0.0,2.1945,0.0,0.0,0.0,215.3470798776719,215.35元,0.0,490.65181106783297
2025-02-28T04:30:00,2025-02-28T04:40:00,2025-02-28,27,504.3171970878311,504.3171970878311,0.0,504.3171970878311,0.0,0.0,504.3171970878311,0.4364,220.08402480912952,0.6546000000000001,0.0,2.182,0.0,0.0,0.0,220.08402480912952,220.08元,0.0,504.3171970878311
2025-02-28T04:40:00,2025-02-28T04:50:00,2025-02-28,28,479.52401712651863,479.52401712651863,0.0,479.52401712651863,0.0,0.0,479.52401712651863,0.4393,210.65490072367965,0.65895,0.0,2.1965000000000003,0.0,0.0,0.0,210.65490072367965,210.65元,0.0,479.52401712651863
2025-02-28T04:50:00,2025-02-28T05:00:00,2025-02-28,29,480.79276445105126,480.79276445105126,0.0,480.79276445105126,0.0,0.0,480.79276445105126,0.4422,212.60656044025487,0.6633,0.0,2.211,0.0,0.0,0.0,212.60656044025487,212.61元,0.0,480.79276445105126
2025-02-28T05:00:00,2025-02-28T05:10:00,2025-02-28,30,504.7937854595007,504.7937854595007,0.0,504.7937854595007,0.0,0.0,504.7937854595007,0.4395,221.85686870945057,0.65925,0.0,2.1975,0.0,0.0,0.0,221.85686870945057,221.86元,0.0,504.7937854595007
2025-02-28T05:10:00,2025-02-28T05:20:00,2025-02-28,31,485.80022702375913,485.80022702375913,0.0,485.80022702375913,0.0,0.0,485.80022702375913,0.4333,210.49723836939484,0.64995,0.0,2.1665,0.0,0.0,0.0,210.49723836939484,210.50元,0.0,485.80022702375913
2025-02-28T05:20:00,2025-02-28T05:30:00,2025-02-28,32,487.8529728539282,487.8529728539282,0.0,487.8529728539282,0.0,0.0,487.8529728539282,0.4439,216.55793464985874,0.66585,0.0,2.2195,0.0,0.0,0.0,216.55793464985874,216.56元,0.0,487.8529728539282
2025-02-28T05:30:00,2025-02-28T05:40:00,2025-02-28,33,527.112434688901,527.112434688901,0.0,527.112434688901,0.0,0.0,527.112434688901,0.4301,226.7110581596963,0.64515,0.0,2.1505,0.0,0.0,0.0,226.7110581596963,226.71元,0.0,527.112434688901
2025-02-28T05:40:00,2025-02-28T05:50:00,2025-02-28,34,1381.0245733159,1381.0245733159,0.0,1381.0245733159,0.0,0.0,1381.0245733159,0.3713,512.7744240721937,0.5569500000000001,0.0,1.8565,0.0,0.0,0.0,512.7744240721937,512.77元,23.207656659233287,1357.8169166566668
2025-02-28T05:50:00,2025-02-28T06:00:00,2025-02-28,35,0.0,0.0,0.0,0.0,0.0,0.0,0.0,0.5708,0.0,0.8562,0.0,2.854,0.0,0.0,0.0,0.0,0.00元,0.0,0.0
2025-02-28T06:00:00,2025-02-28T06:10:00,2025-02-28,36,0.0,0.0,0.0,0.0,0.0,0.0,0.0,0.9099,0.0,1.3648500000000001,0.0,4.5495,0.0,166.8631847392743,75.91440589713284,75.91440589713284,75.91元,0.0,0.0
2025-02-28T06:10:00,2025-02-28T06:20:00,2025-02-28,37,0.0,0.0,0.0,0.0,0.0,0.0,0.0,0.9368,0.0,1.4052,0.0,4.684,0.0,0.0,0.0,0.0,0.00元,0.0,0.0
2025-02-28T06:20:00,2025-02-28T06:30:00,2025-02-28,38,0.0,0.0,0.0,0.0,0.0,0.0,0.0,0.8758,0.0,1.3137,0.0,4.3790000000000004,0.0,0.0,0.0,0.0,0.00元,0.0,0.0
2025-02-28T06:30:00,2025-02-28T06:40:00,2025-02-28,39,0.0,0.0,0.0,0.0,0.0,0.0,0.0,0.8759,0.0,1.31385,0.0,4.3795,0.0,0.0,0.0,0.0,0.00元,0.0,0.0
2025-02-28T06:40:00,2025-02-28T06:50:00,2025-02-28,40,0.0,0.0,0.0,0.0,0.0,0.0,0.0,0.8601,0.0,1.29015,0.0,4.3004999999999995,0.0,0.0,0.0,0.0,0.00元,0.0,0.0
2025-02-28T06:50:00,2025-02-28T07:00:00,2025-02-28,41,0.0,0.0,75.51628083229025,75.51628083229025,75.51628083229025,0.0,75.51628083229025,0.8442,0.0,1.2663,95.62626641792913,4.221,0.0,0.0,0.0,95.62626641792913,95.63元,0.0,75.51628083229025
2025-02-28T07:00:00,2025-02-28T07:10:00,2025-02-28,42,0.0,0.0,0.0,0.0,0.0,0.0,0.0,0.8334,0.0,1.2501,0.0,4.167,0.0,0.0,0.0,0.0,0.00元,0.0,0.0
2025-02-28T07:10:00,2025-02-28T07:20:00,2025-02-28,43,0.0,0.0,0.0,0.0,0.0,0.0,0.0,0.8092,0.0,1.2138,0.0,4.046,0.0,0.0,0.0,0.0,0.00元,0.0,0.0
2025-02-28T07:20:00,2025-02-28T07:30:00,2025-02-28,44,0.0,0.0,33.15827513902201,33.15827513902201,33.15827513902201,0.0,33.15827513902201,0.7972,0.0,1.1958,39.65066541124252,3.986,0.0,0.0,0.0,39.65066541124252,39.65元,0.0,33.15827513902201
2025-02-28T07:30:00,2025-02-28T07:40:00,2025-02-28,45,0.0,0.0,125.03933999414676,125.03933999414676,125.03933999414676,0.0,125.03933999414676,0.7644,0.0,1.1465999999999998,143.37010723728866,3.822,0.0,0.0,0.0,143.37010723728866,143.37元,0.0,125.03933999414676
2025-02-28T07:40:00,2025-02-28T07:50:00,2025-02-28,46,0.0,0.0,159.31658089753313,159.31658089753313,159.31658089753313,0.0,159.31658089753313,0.6899,0.0,1.03485,164.86876374181216,3.4494999999999996,0.0,0.0,0.0,164.86876374181216,164.87元,0.0,159.31658089753313
2025-02-28T07:50:00,2025-02-28T08:00:00,2025-02-28,47,0.0,0.0,0.0,0.0,0.0,0.0,0.0,0.86,0.0,1.29,0.0,4.3,0.0,0.0,0.0,0.0,0.00元,0.0,0.0
2025-02-28T08:00:00,2025-02-28T08:10:00,2025-02-28,48,0.0,0.0,0.0,0.0,0.0,0.0,0.0,1.1617,0.0,1.74255,0.0,5.8084999999999996,0.0,0.0,0.0,0.0,0.00元,0.0,0.0
2025-02-28T08:10:00,2025-02-28T08:20:00,2025-02-28,49,0.0,0.0,0.0,0.0,0.0,0.0,0.0,1.1683,0.0,1.7524499999999998,0.0,5.8415,0.0,0.0,0.0,0.0,0.00元,0.0,0.0
2025-02-28T08:20:00,2025-02-28T08:30:00,2025-02-28,50,0.0,0.0,0.0,0.0,0.0,0.0,0.0,1.0956,0.0,1.6433999999999997,0.0,5.478,0.0,0.0,0.0,0.0,0.00元,0.0,0.0
2025-02-28T08:30:00,2025-02-28T08:40:00,2025-02-28,51,0.0,0.0,0.0,0.0,0.0,0.0,0.0,1.0849,0.0,1.6273499999999999,0.0,5.4245,0.0,0.0,0.0,0.0,0.00元,0.0,0.0
2025-02-28T08:40:00,2025-02-28T08:50:00,2025-02-28,52,0.0,0.0,0.0,0.0,0.0,0.0,0.0,1.061,0.0,1.5915,0.0,5.305,0.0,0.0,0.0,0.0,0.00元,0.0,0.0
2025-02-28T08:50:00,2025-02-28T09:00:00,2025-02-28,53,0.0,0.0,0.0,0.0,0.0,0.0,0.0,1.043,0.0,1.5644999999999998,0.0,5.215,0.0,0.0,0.0,0.0,0.00元,0.0,0.0
2025-02-28T09:00:00,2025-02-28T09:10:00,2025-02-28,54,0.0,0.0,0.0,0.0,0.0,0.0,0.0,1.036,0.0,1.554,0.0,5.18,0.0,0.0,0.0,0.0,0.00元,0.0,0.0
2025-02-28T09:10:00,2025-02-28T09:20:00,2025-02-28,55,0.0,0.0,0.0,0.0,0.0,0.0,0.0,1.0147,0.0,1.52205,0.0,5.073499999999999,0.0,0.0,0.0,0.0,0.00元,0.0,0.0
2025-02-28T09:20:00,2025-02-28T09:30:00,2025-02-28,56,0.0,0.0,0.0,0.0,0.0,0.0,0.0,0.9922,0.0,1.4883,0.0,4.961,0.0,0.0,0.0,0.0,0.00元,0.0,0.0
2025-02-28T09:30:00,2025-02-28T09:40:00,2025-02-28,57,0.0,0.0,0.0,0.0,0.0,0.0,0.0,0.97,0.0,1.455,0.0,4.85,0.0,0.0,0.0,0.0,0.00元,0.0,0.0
2025-02-28T09:40:00,2025-02-28T09:50:00,2025-02-28,58,0.0,0.0,0.0,0.0,0.0,0.0,0.0,0.9422,0.0,1.4133,0.0,4.711,0.0,0.0,0.0,0.0,0.00元,0.0,0.0
2025-02-28T09:50:00,2025-02-28T10:00:00,2025-02-28,59,0.0,0.0,0.0,0.0,0.0,0.0,0.0,0.9569,0.0,1.43535,0.0,4.7844999999999995,0.0,0.0,0.0,0.0,0.00元,0.0,0.0
2025-02-28T10:00:00,2025-02-28T10:10:00,2025-02-28,60,0.0,0.0,0.0,0.0,0.0,0.0,0.0,0.9977,0.0,1.49655,0.0,4.9885,0.0,0.0,0.0,0.0,0.00元,0.0,0.0
2025-02-28T10:10:00,2025-02-28T10:20:00,2025-02-28,61,0.0,0.0,0.0,0.0,0.0,0.0,0.0,0.9919,0.0,1.48785,0.0,4.9595,0.0,0.0,0.0,0.0,0.00元,0.0,0.0
2025-02-28T10:20:00,2025-02-28T10:30:00,2025-02-28,62,0.0,0.0,0.0,0.0,0.0,0.0,0.0,0.9588,0.0,1.4382,0.0,4.794,0.0,0.0,0.0,0.0,0.00元,0.0,0.0
2025-02-28T10:30:00,2025-02-28T10:40:00,2025-02-28,63,0.0,0.0,0.0,0.0,0.0,0.0,0.0,0.9549,0.0,1.43235,0.0,4.7745,0.0,0.0,0.0,0.0,0.00元,0.0,0.0
2025-02-28T10:40:00,2025-02-28T10:50:00,2025-02-28,64,0.0,0.0,0.0,0.0,0.0,0.0,0.0,0.9839,0.0,1.4758499999999999,0.0,4.9195,0.0,0.0,0.0,0.0,0.00元,0.0,0.0
2025-02-28T10:50:00,2025-02-28T11:00:00,2025-02-28,65,0.0,0.0,0.0,0.0,0.0,0.0,0.0,0.799,0.0,1.1985000000000001,0.0,3.995,0.0,0.0,0.0,0.0,0.00元,0.0,0.0
2025-02-28T11:00:00,2025-02-28T11:10:00,2025-02-28,66,0.0,0.0,0.0,0.0,0.0,0.0,0.0,0.5025,0.0,0.7537499999999999,0.0,2.5124999999999997,0.0,0.0,0.0,0.0,0.00元,0.0,0.0
2025-02-28T11:10:00,2025-02-28T11:20:00,2025-02-28,67,0.0,0.0,0.0,0.0,0.0,0.0,0.0,0.4662,0.0,0.6993,0.0,2.331,0.0,0.0,0.0,0.0,0.00元,0.0,0.0
2025-02-28T11:20:00,2025-02-28T11:30:00,2025-02-28,68,0.0,0.0,0.0,0.0,0.0,0.0,0.0,0.5007,0.0,0.75105,0.0,2.5035000000000003,0.0,0.0,0.0,0.0,0.00元,0.0,0.0
2025-02-28T11:30:00,2025-02-28T11:40:00,2025-02-28,69,0.0,0.0,0.0,0.0,0.0,0.0,0.0,0.4827,0.0,0.7240500000000001,0.0,2.4135,0.0,0.0,0.0,0.0,0.00元,0.0,0.0
2025-02-28T11:40:00,2025-02-28T11:50:00,2025-02-28,70,0.0,0.0,0.0,0.0,0.0,0.0,0.0,0.4785,0.0,0.71775,0.0,2.3925,0.0,0.0,0.0,0.0,0.00元,0.0,0.0
2025-02-28T11:50:00,2025-02-28T12:00:00,2025-02-28,71,0.0,0.0,0.0,0.0,0.0,0.0,0.0,0.4662,0.0,0.6993,0.0,2.331,0.0,0.0,0.0,0.0,0.00元,0.0,0.0
2025-02-28T12:00:00,2025-02-28T12:10:00,2025-02-28,72,0.0,0.0,0.0,0.0,0.0,0.0,0.0,0.4432,0.0,0.6648,0.0,2.2159999999999997,0.0,36.974323698496335,8.193510131586788,8.193510131586788,8.19元,0.0,0.0
2025-02-28T12:10:00,2025-02-28T12:20:00,2025-02-28,73,0.0,0.0,0.0,0.0,0.0,0.0,0.0,0.4411,0.0,0.66165,0.0,2.2055,0.0,0.0,0.0,0.0,0.00元,0.0,0.0
2025-02-28T12:20:00,2025-02-28T12:30:00,2025-02-28,74,0.0,0.0,0.0,0.0,0.0,0.0,0.0,0.4551,0.0,0.68265,0.0,2.2755,0.0,0.0,0.0,0.0,0.00元,0.0,0.0
2025-02-28T12:30:00,2025-02-28T12:40:00,2025-02-28,75,0.0,0.0,0.0,0.0,0.0,0.0,0.0,0.4463,0.0,0.66945,0.0,2.2315,0.0,0.0,0.0,0.0,0.00元,0.0,0.0
2025-02-28T12:40:00,2025-02-28T12:50:00,2025-02-28,76,0.0,0.0,195.37719021994815,195.37719021994815,195.37719021994815,0.0,195.37719021994815,0.4113,0.0,0.61695,120.537957506197,2.0564999999999998,0.0,0.0,0.0,120.537957506197,120.54元,0.0,195.37719021994815
2025-02-28T12:50:00,2025-02-28T13:00:00,2025-02-28,77,0.0,0.0,0.0,0.0,0.0,0.0,0.0,0.5682,0.0,0.8523000000000001,0.0,2.841,0.0,0.0,0.0,0.0,0.00元,0.0,0.0
2025-02-28T13:00:00,2025-02-28T13:10:00,2025-02-28,78,0.0,0.0,0.0,0.0,0.0,0.0,0.0,0.8279,0.0,1.24185,0.0,4.1395,0.0,0.0,0.0,0.0,0.00元,0.0,0.0
2025-02-28T13:10:00,2025-02-28T13:20:00,2025-02-28,79,0.0,0.0,0.0,0.0,0.0,0.0,0.0,0.8636,0.0,1.2954,0.0,4.3180000000000005,0.0,0.0,0.0,0.0,0.00元,0.0,0.0
2025-02-28T13:20:00,2025-02-28T13:30:00,2025-02-28,80,0.0,0.0,0.0,0.0,0.0,0.0,0.0,0.8416,0.0,1.2624,0.0,4.208,0.0,0.0,0.0,0.0,0.00元,0.0,0.0
2025-02-28T13:30:00,2025-02-28T13:40:00,2025-02-28,81,0.0,0.0,0.0,0.0,0.0,0.0,0.0,0.8618,0.0,1.2927,0.0,4.309,0.0,0.0,0.0,0.0,0.00元,0.0,0.0
2025-02-28T13:40:00,2025-02-28T13:50:00,2025-02-28,82,0.0,0.0,0.0,0.0,0.0,0.0,0.0,0.8623,0.0,1.29345,0.0,4.3115,0.0,0.0,0.0,0.0,0.00元,0.0,0.0
2025-02-28T13:50:00,2025-02-28T14:00:00,2025-02-28,83,0.0,0.0,0.0,0.0,0.0,0.0,0.0,0.9026,0.0,1.3538999999999999,0.0,4.513,0.0,0.0,0.0,0.0,0.00元,0.0,0.0
2025-02-28T14:00:00,2025-02-28T14:10:00,2025-02-28,84,0.0,0.0,0.0,0.0,0.0,0.0,0.0,0.9754,0.0,1.4631,0.0,4.877000000000001,0.0,0.0,0.0,0.0,0.00元,0.0,0.0
2025-02-28T14:10:00,2025-02-28T14:20:00,2025-02-28,85,0.0,0.0,0.0,0.0,0.0,0.0,0.0,1.0002,0.0,1.5003,0.0,5.0009999999999994,0.0,0.0,0.0,0.0,0.00元,0.0,0.0
2025-02-28T14:20:00,2025-02-28T14:30:00,2025-02-28,86,0.0,0.0,0.0,0.0,0.0,0.0,0.0,0.9978,0.0,1.4967000000000001,0.0,4.989,0.0,0.0,0.0,0.0,0.00元,0.0,0.0
2025-02-28T14:30:00,2025-02-28T14:40:00,2025-02-28,87,0.0,0.0,0.0,0.0,0.0,0.0,0.0,1.0271,0.0,1.5406499999999999,0.0,5.1354999999999995,0.0,0.0,0.0,0.0,0.00元,0.0,0.0
2025-02-28T14:40:00,2025-02-28T14:50:00,2025-02-28,88,0.0,0.0,0.0,0.0,0.0,0.0,0.0,1.0906,0.0,1.6359,0.0,5.453,0.0,0.0,0.0,0.0,0.00元,0.0,0.0
2025-02-28T14:50:00,2025-02-28T15:00:00,2025-02-28,89,0.0,0.0,0.0,0.0,0.0,0.0,0.0,0.9376,0.0,1.4064,0.0,4.688,0.0,0.0,0.0,0.0,0.00元,0.0,0.0
2025-02-28T15:00:00,2025-02-28T15:10:00,2025-02-28,90,0.0,0.0,0.0,0.0,0.0,0.0,0.0,0.6694,0.0,1.0041,0.0,3.347,0.0,0.0,0.0,0.0,0.00元,0.0,0.0
2025-02-28T15:10:00,2025-02-28T15:20:00,2025-02-28,91,0.0,0.0,5.891316825115496,5.891316825115496,5.891316825115496,0.0,5.891316825115496,0.66,0.0,0.99,5.832403656864341,3.3000000000000003,0.0,0.0,0.0,5.832403656864341,5.83元,0.0,5.891316825115496
2025-02-28T15:20:00,2025-02-28T15:30:00,2025-02-28,92,0.0,0.0,3.036202938412999,3.036202938412999,3.036202938412999,0.0,3.036202938412999,0.7217,0.0,1.08255,3.2868414909789925,3.6085000000000003,0.0,0.0,0.0,3.2868414909789925,3.29元,0.0,3.036202938412999
2025-02-28T15:30:00,2025-02-28T15:40:00,2025-02-28,93,0.0,0.0,0.0,0.0,0.0,0.0,0.0,0.7308,0.0,1.0962,0.0,3.654,0.0,0.0,0.0,0.0,0.00元,0.0,0.0
2025-02-28T15:40:00,2025-02-28T15:50:00,2025-02-28,94,0.0,0.0,21.270079568050278,21.270079568050278,21.270079568050278,0.0,21.270079568050278,0.7534,0.0,1.1300999999999999,24.037316919853616,3.767,0.0,0.0,0.0,24.037316919853616,24.04元,0.0,21.270079568050278
2025-02-28T15:50:00,2025-02-28T16:00:00,2025-02-28,95,30.25058367142742,16.885498016016527,21.29761048253836,38.18310849855489,7.932524827127466,0.0,38.18310849855489,0.7823,13.20952509792973,1.1734499999999999,24.99168102073464,3.9115,0.0,0.0,0.0,38.201206118664366,38.20元,0.0,38.18310849855489
2025-02-28T16:00:00,2025-02-28T16:10:00,2025-02-28,96,314.4201242104961,292.91666051881776,0.0,292.91666051881776,-21.50346369167835,0.0,292.91666051881776,0.8055,235.9443700479077,1.20825,0.0,4.0275,0.0,0.0,0.0,235.9443700479077,235.94元,0.0,292.91666051881776
2025-02-28T16:10:00,2025-02-28T16:20:00,2025-02-28,97,327.62045053276967,304.684746878805,0.0,304.684746878805,-22.93570365396465,0.0,304.684746878805,0.8271,252.00475414345962,1.24065,0.0,4.1354999999999995,0.0,0.0,0.0,252.00475414345962,252.00元,0.0,304.684746878805
2025-02-28T16:20:00,2025-02-28T16:30:00,2025-02-28,98,334.68589304672264,310.21614055562793,0.0,310.21614055562793,-24.46975249109471,0.0,310.21614055562793,0.8519,264.27313013933946,1.27785,0.0,4.2595,0.0,0.0,0.0,264.27313013933946,264.27元,0.0,310.21614055562793
2025-02-28T16:30:00,2025-02-28T16:40:00,2025-02-28,99,356.19824888822404,329.95628370068283,0.0,329.95628370068283,-26.24196518754121,0.0,329.95628370068283,0.8791,290.0645690012703,1.3186499999999999,0.0,4.3955,0.0,0.0,0.0,290.0645690012703,290.06元,0.0,329.95628370068283
2025-02-28T16:40:00,2025-02-28T16:50:00,2025-02-28,100,407.6130951159995,379.49598492465776,2.5056452976424453,382.0016302223002,-25.611464893699292,0.0,382.0016302223002,0.9024,342.45717679601114,1.3536,3.391641474888814,4.512,0.0,0.0,0.0,345.8488182709,345.85元,0.0,382.0016302223002
2025-02-28T16:50:00,2025-02-28T17:00:00,2025-02-28,101,383.4230417288759,353.659482668288,4.5580179744488305,358.2175006427368,-25.20554108613908,0.0,358.2175006427368,0.9163,324.0581839689523,1.37445,6.2647678049811955,4.5815,0.0,0.0,0.0,330.3229517739335,330.32元,0.0,358.2175006427368
2025-02-28T17:00:00,2025-02-28T17:10:00,2025-02-28,102,393.22703206672844,393.22703206672844,0.0,393.22703206672844,0.0,0.0,393.22703206672844,0.9264,364.2855225066172,1.3896,0.0,4.632,0.0,0.0,0.0,364.2855225066172,364.29元,0.0,393.22703206672844
2025-02-28T17:10:00,2025-02-28T17:20:00,2025-02-28,103,402.71673277098535,402.71673277098535,0.061395303336666984,402.778128074322,0.061395303336666984,0.0,402.778128074322,0.9462,381.05057254790637,1.4193,0.08713835402573146,4.731,0.0,0.0,0.0,381.1377109019321,381.14元,0.0,402.778128074322
2025-02-28T17:20:00,2025-02-28T17:30:00,2025-02-28,104,423.72751560721144,423.72751560721144,1.2962485771305978,425.02376418434204,1.2962485771305978,0.0,425.02376418434204,0.9742,412.79534570454535,1.4613,1.8942080457609425,4.8709999999999996,0.0,0.0,0.0,414.6895537503063,414.69元,0.0,425.02376418434204
2025-02-28T17:30:00,2025-02-28T17:40:00,2025-02-28,105,426.0214789237103,426.0214789237103,2.229159891260565,428.25063881497084,2.229159891260565,0.0,428.25063881497084,0.9862,420.14238251456305,1.4792999999999998,3.297596227141754,4.931,0.0,0.0,0.0,423.4399787417048,423.44元,0.0,428.25063881497084
2025-02-28T17:40:00,2025-02-28T17:50:00,2025-02-28,106,454.1568109122119,454.1568109122119,2.532431593138085,456.68924250534997,2.532431593138085,0.0,456.68924250534997,0.976,443.2570474503188,1.464,3.707479852354157,4.88,0.0,0.0,0.0,446.96452730267293,446.96元,0.0,456.68924250534997
2025-02-28T17:50:00,2025-02-28T18:00:00,2025-02-28,107,59.034520127498354,59.034520127498354,31.252245877242103,90.28676600474046,31.252245877242103,0.0,90.28676600474046,1.0742,63.41488152095874,1.6113,50.3567437820002,5.371,0.0,0.0,0.0,113.77162530295894,113.77元,0.0,90.28676600474046
2025-02-28T18:00:00,2025-02-28T18:10:00,2025-02-28,108,0.0,0.0,0.0,0.0,0.0,0.0,0.0,1.2313,0.0,1.84695,0.0,6.1565,0.0,36.130265833014846,22.24359816009559,22.24359816009559,22.24元,0.0,0.0
2025-02-28T18:10:00,2025-02-28T18:20:00,2025-02-28,109,0.0,0.0,0.0,0.0,0.0,0.0,0.0,1.2561,0.0,1.88415,0.0,6.2805,0.0,0.0,0.0,0.0,0.00元,0.0,0.0
2025-02-28T18:20:00,2025-02-28T18:30:00,2025-02-28,110,0.0,0.0,0.0,0.0,0.0,0.0,0.0,1.2447,0.0,1.8670499999999999,0.0,6.2235,0.0,0.0,0.0,0.0,0.00元,0.0,0.0
2025-02-28T18:30:00,2025-02-28T18:40:00,2025-02-28,111,0.0,0.0,0.0,0.0,0.0,0.0,0.0,1.2545,0.0,1.8817499999999998,0.0,6.2725,0.0,0.0,0.0,0.0,0.00元,0.0,0.0
2025-02-28T18:40:00,2025-02-28T18:50:00,2025-02-28,112,0.0,0.0,0.0,0.0,0.0,0.0,0.0,1.2522,0.0,1.8782999999999999,0.0,6.261,0.0,0.0,0.0,0.0,0.00元,0.0,0.0
2025-02-28T18:50:00,2025-02-28T19:00:00,2025-02-28,113,0.0,0.0,0.0,0.0,0.0,0.0,0.0,1.2881,0.0,1.93215,0.0,6.4405,0.0,0.0,0.0,0.0,0.00元,0.0,0.0
2025-02-28T19:00:00,2025-02-28T19:10:00,2025-02-28,114,0.0,0.0,0.0,0.0,0.0,0.0,0.0,1.3466,0.0,2.0199,0.0,6.7330000000000005,0.0,0.0,0.0,0.0,0.00元,0.0,0.0
2025-02-28T19:10:00,2025-02-28T19:20:00,2025-02-28,115,0.0,0.0,0.0,0.0,0.0,0.0,0.0,1.3523,0.0,2.0284500000000003,0.0,6.7615,0.0,0.0,0.0,0.0,0.00元,0.0,0.0
2025-02-28T19:20:00,2025-02-28T19:30:00,2025-02-28,116,0.0,0.0,0.0,0.0,0.0,0.0,0.0,1.3445,0.0,2.01675,0.0,6.7225,0.0,0.0,0.0,0.0,0.00元,0.0,0.0
2025-02-28T19:30:00,2025-02-28T19:40:00,2025-02-28,117,0.0,0.0,0.0,0.0,0.0,0.0,0.0,1.3483,0.0,2.02245,0.0,6.7415,0.0,0.0,0.0,0.0,0.00元,0.0,0.0
2025-02-28T19:40:00,2025-02-28T19:50:00,2025-02-28,118,0.0,0.0,0.0,0.0,0.0,0.0,0.0,1.349,0.0,2.0235,0.0,6.745,0.0,0.0,0.0,0.0,0.00元,0.0,0.0
2025-02-28T19:50:00,2025-02-28T20:00:00,2025-02-28,119,0.0,0.0,0.0,0.0,0.0,0.0,0.0,1.3473,0.0,2.02095,0.0,6.7364999999999995,0.0,0.0,0.0,0.0,0.00元,0.0,0.0
2025-02-28T20:00:00,2025-02-28T20:10:00,2025-02-28,120,0.0,0.0,0.0,0.0,0.0,0.0,0.0,1.3482,0.0,2.0223,0.0,6.7410000000000005,0.0,0.0,0.0,0.0,0.00元,0.0,0.0
2025-02-28T20:10:00,2025-02-28T20:20:00,2025-02-28,121,0.0,0.0,0.0,0.0,0.0,0.0,0.0,1.3513,0.0,2.02695,0.0,6.7565,0.0,0.0,0.0,0.0,0.00元,0.0,0.0
2025-02-28T20:20:00,2025-02-28T20:30:00,2025-02-28,122,0.0,0.0,0.0,0.0,0.0,0.0,0.0,1.34,0.0,2.0100000000000002,0.0,6.7,0.0,0.0,0.0,0.0,0.00元,0.0,0.0
2025-02-28T20:30:00,2025-02-28T20:40:00,2025-02-28,123,0.0,0.0,0.0,0.0,0.0,0.0,0.0,1.3489,0.0,2.0233499999999998,0.0,6.7445,0.0,0.0,0.0,0.0,0.00元,0.0,0.0
2025-02-28T20:40:00,2025-02-28T20:50:00,2025-02-28,124,0.0,0.0,0.0,0.0,0.0,0.0,0.0,1.3952,0.0,2.0928,0.0,6.976,0.0,0.0,0.0,0.0,0.00元,0.0,0.0
2025-02-28T20:50:00,2025-02-28T21:00:00,2025-02-28,125,0.0,0.0,0.0,0.0,0.0,0.0,0.0,1.2226,0.0,1.8338999999999999,0.0,6.1129999999999995,0.0,0.0,0.0,0.0,0.00元,0.0,0.0
2025-02-28T21:00:00,2025-02-28T21:10:00,2025-02-28,126,471.5906130778207,471.5906130778207,0.0,471.5906130778207,0.0,0.0,471.5906130778207,0.9332,440.0883601242223,1.3998,0.0,4.666,0.0,0.0,0.0,440.0883601242223,440.09元,0.0,471.5906130778207
2025-02-28T21:10:00,2025-02-28T21:20:00,2025-02-28,127,479.7495179365927,479.7495179365927,0.0,479.7495179365927,0.0,0.0,479.7495179365927,0.9068,435.03686286490233,1.3602,0.0,4.534000000000001,0.0,0.0,0.0,435.03686286490233,435.04元,0.0,479.7495179365927
2025-02-28T21:20:00,2025-02-28T21:30:00,2025-02-28,128,474.3606697866242,474.3606697866242,0.0,474.3606697866242,0.0,0.0,474.3606697866242,0.9371,444.5233836570456,1.40565,0.0,4.6855,0.0,0.0,0.0,444.5233836570456,444.52元,0.0,474.3606697866242
2025-02-28T21:30:00,2025-02-28T21:40:00,2025-02-28,129,464.7507023629724,464.7507023629724,0.0,464.7507023629724,0.0,0.0,464.7507023629724,0.9371,435.51788318434143,1.40565,0.0,4.6855,0.0,0.0,0.0,435.51788318434143,435.52元,0.0,464.7507023629724
2025-02-28T21:40:00,2025-02-28T21:50:00,2025-02-28,130,398.74048380240805,398.74048380240805,0.0,398.74048380240805,0.0,0.0,398.74048380240805,0.9871,393.596731561357,1.48065,0.0,4.9355,0.0,0.0,0.0,393.596731561357,393.60元,0.0,398.74048380240805
2025-02-28T21:50:00,2025-02-28T22:00:00,2025-02-28,131,463.34280209835936,433.9778869068361,0.0,433.9778869068361,-29.364915191523266,0.0,433.9778869068361,0.7764,336.9404313944675,1.1646,0.0,3.8819999999999997,0.0,0.0,0.0,336.9404313944675,336.94元,0.0,433.9778869068361
2025-02-28T22:00:00,2025-02-28T22:10:00,2025-02-28,132,1229.69286210495,1226.6092202593172,0.0,1226.6092202593172,-3.083641845632883,0.0,1226.6092202593172,0.4209,516.2798208071466,0.63135,0.0,2.1045,0.0,0.0,0.0,516.2798208071466,516.28元,0.0,1226.6092202593172
2025-02-28T22:10:00,2025-02-28T22:20:00,2025-02-28,133,1206.5578253709514,1203.5586615060656,0.0,1203.5586615060656,-2.999163864885759,0.0,1203.5586615060656,0.3859,464.45328747519073,0.5788500000000001,0.0,1.9295,0.0,0.0,0.0,464.45328747519073,464.45元,0.0,1203.5586615060656
2025-02-28T22:20:00,2025-02-28T22:30:00,2025-02-28,134,370.1745058982406,370.1745058982406,0.0,370.1745058982406,0.0,0.0,370.1745058982406,0.4368,161.69222417635152,0.6552,0.0,2.184,0.0,0.0,0.0,161.69222417635152,161.69元,0.0,370.1745058982406
2025-02-28T22:30:00,2025-02-28T22:40:00,2025-02-28,135,1215.0789765926115,1212.24188913582,0.0,1212.24188913582,-2.8370874567915507,0.0,1212.24188913582,0.4198,508.89914505921723,0.6297,0.0,2.099,0.0,0.0,0.0,508.89914505921723,508.90元,27.22355581248666,1185.0183333233333
2025-02-28T22:40:00,2025-02-28T22:50:00,2025-02-28,136,1236.042181901259,1233.282817938813,0.0,1233.282817938813,-2.7593639624460593,0.0,1233.282817938813,0.4186,516.2521875891871,0.6279,0.0,2.093,0.0,0.0,0.0,516.2521875891871,516.25元,45.123034615479575,1188.1597833233334
2025-02-28T22:50:00,2025-02-28T23:00:00,2025-02-28,137,408.3910586495453,408.3910586495453,0.0,408.3910586495453,0.0,0.0,408.3910586495453,0.4241,173.19864797327216,0.63615,0.0,2.1205,0.0,0.0,0.0,173.19864797327216,173.20元,0.0,408.3910586495453
2025-02-28T23:00:00,2025-02-28T23:10:00,2025-02-28,138,1237.3390860443367,1234.7288395759006,0.0,1234.7288395759006,-2.6102464684361166,0.0,1234.7288395759006,0.4237,523.1546093283091,0.6355500000000001,0.0,2.1185,0.0,0.0,0.0,523.1546093283091,523.15元,2.558839585900606,1232.16999999
2025-02-28T23:10:00,2025-02-28T23:20:00,2025-02-28,139,414.3825948439168,414.3825948439168,0.0,414.3825948439168,0.0,0.0,414.3825948439168,0.4248,176.02972628969587,0.6372,0.0,2.124,0.0,0.0,0.0,176.02972628969587,176.03元,0.0,414.3825948439168
2025-02-28T23:20:00,2025-02-28T23:30:00,2025-02-28,140,789.4018407873067,789.4018407873067,0.0,789.4018407873067,0.0,0.0,789.4018407873067,0.424,334.706380493818,0.636,0.0,2.12,0.0,0.0,0.0,334.706380493818,334.71元,0.0,789.4018407873067
2025-02-28T23:30:00,2025-02-28T23:40:00,2025-02-28,141,1222.066637466523,1219.6650947824323,0.0,1219.6650947824323,-2.4015426840906002,0.0,1219.6650947824323,0.422,514.6986699981865,0.633,0.0,2.11,0.0,0.0,0.0,514.6986699981865,514.70元,0.0,1219.6650947824323
2025-02-28T23:40:00,2025-02-28T23:50:00,2025-02-28,142,1242.6196672578553,1240.283916091323,0.0,1240.283916091323,-2.335751166532418,0.0,1240.283916091323,0.424,525.8803804227209,0.636,0.0,2.12,0.0,0.0,0.0,525.8803804227209,525.88元,8.321516101322906,1231.96239999
2025-02-28T23:50:00,2025-03-01T00:00:00,2025-02-28,143,434.7091712298151,434.7091712298151,0.0,434.7091712298151,0.0,0.0,434.7091712298151,0.4271,185.66428703225404,0.6406499999999999,0.0,2.1355,0.0,0.0,0.0,185.66428703225404,185.66元,0.0,434.7091712298151
2025-03-01T00:00:00,2025-03-01T00:10:00,2025-02-28,144,426.9612,426.9612,0.0,426.9612,0.0,0.0,426.9612,0.4276,182.56860912,0.6414,0.0,2.138,0.0,0.0,0.0,182.56860912,182.57元,0.0,426.9612
