abs_minute,interval_start,spill_kwh,grid_paid_kwh,demand_kwh,soc_start_kwh,soc_end_kwh,charge_kwh,capacity_limited,power_limited
1330,2025-01-01 22:10:00,0.6057666766667956,1384.8989000000001,550.9598,1949.9612850021113,2699.9612849921114,749.99999999,False,True
1370,2025-01-01 22:50:00,2.4027666766667073,1400.0807666666667,564.3446666666666,4142.063934244482,4892.063934234482,749.99999999,False,True
1380,2025-01-01 23:00:00,18.208766676666635,1399.8737666666666,548.3316666666666,4892.063934234482,5642.063934224482,749.99999999,False,True
1780,2025-01-02 05:40:00,3.045416676666597,1524.76785,688.3891,9824.36782883148,10574.36782882148,749.99999999,False,True
2840,2025-01-02 23:20:00,40.44675001000018,1480.6033333333335,606.8232499999999,6217.670091811075,6967.670091801075,749.99999999,False,True
2890,2025-01-03 00:10:00,103.63155834333348,1429.3567083333335,492.3918166666666,8565.850191765076,9315.850191755075,749.99999999,False,True
2900,2025-01-03 00:20:00,109.2557833433335,1436.0241500000002,493.4350333333333,9315.850191755075,10065.850191746074,749.999999991,False,True
2950,2025-01-03 01:10:00,113.65310827221982,642.4682083333333,483.7801833333333,10759.468574935998,10799.999999991,40.53142505500219,True,False
2960,2025-01-03 01:20:00,125.82151665856631,647.6633499999999,521.8418333333333,10799.999999991,10799.999999991,0.0,True,False
2970,2025-01-03 01:30:00,123.95166665856638,633.4216666666667,509.47,10799.999999991,10799.999999991,0.0,True,False
2980,2025-01-03 01:40:00,132.7763416585664,620.0332083333334,487.25686666666667,10799.999999991,10799.999999991,0.0,True,False
2990,2025-01-03 01:50:00,148.46587499189977,638.5750916666667,490.1092166666666,10799.999999991,10799.999999991,0.0,True,False
3000,2025-01-03 02:00:00,154.75666665856633,662.625,507.86833333333334,10799.999999991,10799.999999991,0.0,True,False
3010,2025-01-03 02:10:00,139.56780832523296,639.6717583333333,500.10395,10799.999999991,10799.999999991,0.0,True,False
3020,2025-01-03 02:20:00,171.29838332523295,648.0529666666666,476.75458333333336,10799.999999991,10799.999999991,0.0,True,False
3030,2025-01-03 02:30:00,224.19999999189972,690.8833333333333,466.6833333333333,10799.999999991,10799.999999991,0.0,True,False
3040,2025-01-03 02:40:00,197.36440832523303,689.5797916666667,492.2153833333333,10799.999999991,10799.999999991,0.0,True,False
3050,2025-01-03 02:50:00,145.1929083252331,672.0272583333334,526.83435,10799.999999991,10799.999999991,0.0,True,False
3060,2025-01-03 03:00:00,119.46916665856631,668.4691666666666,549.0,10799.999999991,10799.999999991,0.0,True,False
3070,2025-01-03 03:10:00,121.74255832523292,679.5317249999999,557.7891666666667,10799.999999991,10799.999999991,0.0,True,False
3080,2025-01-03 03:20:00,124.42386665856631,689.52015,565.0962833333333,10799.999999991,10799.999999991,0.0,True,False
3090,2025-01-03 03:30:00,115.58833332523304,686.6916666666666,571.1033333333332,10799.999999991,10799.999999991,0.0,True,False
3100,2025-01-03 03:40:00,111.69284999189958,674.3395999999999,562.64675,10799.999999991,10799.999999991,0.0,True,False
3110,2025-01-03 03:50:00,148.8026249918996,682.8375583333333,534.0349333333334,10799.999999991,10799.999999991,0.0,True,False
3120,2025-01-03 04:00:00,176.6674999918998,702.5241666666667,525.8566666666666,10799.999999991,10799.999999991,0.0,True,False
3130,2025-01-03 04:10:00,117.36101665856617,695.7517333333332,578.3907166666667,10799.999999991,10799.999999991,0.0,True,False
3140,2025-01-03 04:20:00,135.67854999189976,697.5829833333333,561.9044333333333,10799.999999991,10799.999999991,0.0,True,False
3150,2025-01-03 04:30:00,220.248333325233,711.1783333333333,490.92999999999995,10799.999999991,10799.999999991,0.0,True,False
3160,2025-01-03 04:40:00,190.5246333252331,703.0214500000001,512.4968166666666,10799.999999991,10799.999999991,0.0,True,False
3170,2025-01-03 04:50:00,137.12662499189977,694.2704583333334,557.1438333333333,10799.999999991,10799.999999991,0.0,True,False
3180,2025-01-03 05:00:00,140.81249999189956,697.7374999999998,556.925,10799.999999991,10799.999999991,0.0,True,False
3190,2025-01-03 05:10:00,184.19158332523315,705.9309833333334,521.7393999999999,10799.999999991,10799.999999991,0.0,True,False
3200,2025-01-03 05:20:00,181.992208325233,719.3859916666667,537.3937833333333,10799.999999991,10799.999999991,0.0,True,False
3210,2025-01-03 05:30:00,115.83499999189982,717.1433333333334,601.3083333333333,10799.999999991,10799.999999991,0.0,True,False
3220,2025-01-03 05:40:00,900.9593999918999,1523.2425833333334,622.2831833333332,10799.999999991,10799.999999991,0.0,True,False
3230,2025-01-03 05:50:00,177.75985832523313,761.6551583333334,583.8952999999999,10799.999999991,10799.999999991,0.0,True,False
3300,2025-01-03 07:00:00,95.61638696354349,913.733125,631.2016666666666,10631.77643575819,10799.999999991,168.22356423281087,True,False
3310,2025-01-03 07:10:00,238.8450416585664,888.022075,649.1770333333333,10799.999999991,10799.999999991,0.0,True,False
3320,2025-01-03 07:20:00,208.57789165856647,859.4041083333334,650.8262166666666,10799.999999991,10799.999999991,0.0,True,False
3330,2025-01-03 07:30:00,153.02812499189972,805.3497916666666,652.3216666666666,10799.999999991,10799.999999991,0.0,True,False
3340,2025-01-03 07:40:00,890.7870666585666,1540.3321833333334,649.5451166666667,10799.999999991,10799.999999991,0.0,True,False
3350,2025-01-03 07:50:00,119.94059999189616,772.9940666666631,653.0534666666666,10799.999999991,10799.999999991,0.0,True,False
3360,2025-01-03 08:00:00,64.02771665856645,734.9577166666668,670.93,10799.999999991,10799.999999991,0.0,True,False
3370,2025-01-03 08:10:00,34.972166658566586,726.02655,691.0543833333332,10799.999999991,10799.999999991,0.0,True,False
3800,2025-01-03 15:20:00,19.839558343333117,1471.2412416666666,618.06835,8839.874958833392,9589.874958824392,749.9999999910001,False,True
3810,2025-01-03 15:30:00,10.629375009999983,1487.4510416666667,643.4883333333332,9589.874958824392,10339.874958815391,749.999999991,False,True
3820,2025-01-03 15:40:00,141.07081011352085,1275.012155864197,622.6913,10339.874958815391,10799.999999991,460.12504117560854,True,False
3830,2025-01-03 15:50:00,146.8213749918999,763.4859916666669,616.6646166666667,10799.999999991,10799.999999991,0.0,True,False
3840,2025-01-03 16:00:00,155.97416665856636,792.1741666666667,636.1999999999999,10799.999999991,10799.999999991,0.0,True,False
3850,2025-01-03 16:10:00,222.757558325233,848.0829083333333,625.32535,10799.999999991,10799.999999991,0.0,True,False
3860,2025-01-03 16:20:00,305.4697499918999,894.3294833333334,588.8597333333332,10799.999999991,10799.999999991,0.0,True,False
3870,2025-01-03 16:30:00,354.547708325233,922.2577083333333,567.71,10799.999999991,10799.999999991,0.0,True,False
3880,2025-01-03 16:40:00,374.17307499189957,964.8666749999998,590.6936,10799.999999991,10799.999999991,0.0,True,False
3890,2025-01-03 16:50:00,455.8062499918998,1020.0615166666666,564.2552666666666,10799.999999991,10799.999999991,0.0,True,False
3900,2025-01-03 17:00:00,558.6743749918999,1058.0977083333335,499.4233333333333,10799.999999991,10799.999999991,0.0,True,False
3910,2025-01-03 17:10:00,545.9934999918997,1045.0759833333334,499.08248333333336,10799.999999991,10799.999999991,0.0,True,False
3920,2025-01-03 17:20:00,528.3563999919,1024.4905666666668,496.1341666666666,10799.999999991,10799.999999991,0.0,True,False
3930,2025-01-03 17:30:00,556.898333325233,1031.435,474.53666666666663,10799.999999991,10799.999999991,0.0,True,False
3940,2025-01-03 17:40:00,573.228458325233,1061.7083249999998,488.4798666666666,10799.999999991,10799.999999991,0.0,True,False
3950,2025-01-03 17:50:00,464.25154165856634,959.3754083333333,495.12386666666663,10799.999999991,10799.999999991,0.0,True,False
3960,2025-01-03 18:00:00,303.0566666585662,779.5616666666665,476.505,10799.999999991,10799.999999991,0.0,True,False
3970,2025-01-03 18:10:00,284.7933666585664,746.1044666666667,461.31109999999995,10799.999999991,10799.999999991,0.0,True,False
3980,2025-01-03 18:20:00,297.84413332523303,760.9626,463.1184666666666,10799.999999991,10799.999999991,0.0,True,False
3990,2025-01-03 18:30:00,281.7333333252331,750.0466666666667,468.31333333333333,10799.999999991,10799.999999991,0.0,True,False
4000,2025-01-03 18:40:00,289.9826749918998,741.9776416666667,451.99496666666664,10799.999999991,10799.999999991,0.0,True,False
4010,2025-01-03 18:50:00,109.91151665856694,544.8247833333339,434.9132666666667,10799.999999991,10799.999999991,0.0,True,False
4200,2025-01-03 22:00:00,174.63250001000006,1421.5391666666667,413.5733333333333,7076.15311856874,7826.15311855874,749.99999999,False,True
4210,2025-01-03 22:10:00,162.31530000999987,1404.6072833333333,408.95865000000003,7826.15311855874,8576.15311854974,749.999999991,False,True
4230,2025-01-03 22:30:00,177.04000001000009,1420.7166666666667,410.3433333333333,8729.65080354074,9479.65080353174,749.999999991,False,True
4240,2025-01-03 22:40:00,185.77765834333331,1428.2689416666667,409.15795,9479.65080353174,10229.65080352274,749.999999991,False,True
4250,2025-01-03 22:50:00,358.56967059082206,1405.3593333333333,413.06833333333327,10229.65080352274,10799.999999991,570.3491964682602,True,False
4260,2025-01-03 23:00:00,962.5599999918998,1384.4666666666667,421.90666666666664,10799.999999991,10799.999999991,0.0,True,False
4270,2025-01-03 23:10:00,834.5953916585664,1271.055125,436.45973333333336,10799.999999991,10799.999999991,0.0,True,False
4280,2025-01-03 23:20:00,1014.5618083252332,1460.3799583333334,445.81814999999995,10799.999999991,10799.999999991,0.0,True,False
4290,2025-01-03 23:30:00,987.3516666585665,1435.5083333333334,448.15666666666664,10799.999999991,10799.999999991,0.0,True,False
4300,2025-01-03 23:40:00,991.5468416585664,1443.6099916666667,452.06315,10799.999999991,10799.999999991,0.0,True,False
4310,2025-01-03 23:50:00,134.59020832523308,593.7763416666667,459.18613333333326,10799.999999991,10799.999999991,0.0,True,False
4320,2025-01-04 00:00:00,90.72833332523297,551.3183333333333,460.59,10799.999999991,10799.999999991,0.0,True,False
4330,2025-01-04 00:10:00,112.01380554745529,561.4795222222223,449.46571666666665,10799.999999991,10799.999999991,0.0,True,False
4340,2025-01-04 00:20:00,106.57427221412192,566.2722222222222,459.69795,10799.999999991,10799.999999991,0.0,True,False
4350,2025-01-04 00:30:00,91.71666665856625,566.1833333333333,474.4666666666667,10799.999999991,10799.999999991,0.0,True,False
4360,2025-01-04 00:40:00,110.98324999189967,554.78995,443.8067,10799.999999991,10799.999999991,0.0,True,False
4370,2025-01-04 00:50:00,119.25099443634414,545.9555777777778,426.7045833333333,10799.999999991,10799.999999991,0.0,True,False
4380,2025-01-04 01:00:00,100.09888888078862,556.3838888888889,456.28499999999997,10799.999999991,10799.999999991,0.0,True,False
4390,2025-01-04 01:10:00,87.78856665856634,589.5722,501.7836333333333,10799.999999991,10799.999999991,0.0,True,False
4400,2025-01-04 01:20:00,109.43647776967757,605.7228444444445,496.2863666666666,10799.999999991,10799.999999991,0.0,True,False
4410,2025-01-04 01:30:00,129.23611110301087,592.1044444444445,462.86833333333334,10799.999999991,10799.999999991,0.0,True,False
4420,2025-01-04 01:40:00,91.73074443634411,575.7744277777778,484.0436833333333,10799.999999991,10799.999999991,0.0,True,False
4430,2025-01-04 01:50:00,98.41303332523304,589.0864666666666,490.67343333333326,10799.999999991,10799.999999991,0.0,True,False
4440,2025-01-04 02:00:00,137.8061111030107,611.0394444444444,473.23333333333335,10799.999999991,10799.999999991,0.0,True,False
4450,2025-01-04 02:10:00,99.55443888078864,593.1491555555556,493.5947166666666,10799.999999991,10799.999999991,0.0,True,False
4460,2025-01-04 02:20:00,83.53540554745527,590.9535055555556,507.4181,10799.999999991,10799.999999991,0.0,True,False
4470,2025-01-04 02:30:00,113.22999999189969,616.15,502.91999999999996,10799.999999991,10799.999999991,0.0,True,False
4480,2025-01-04 02:40:00,109.05547221412186,623.7916555555555,514.7361833333333,10799.999999991,10799.999999991,0.0,True,False
4490,2025-01-04 02:50:00,100.14682221412201,623.6296222222223,523.4828,10799.999999991,10799.999999991,0.0,True,False
4500,2025-01-04 03:00:00,108.63611110301085,628.6461111111112,520.01,10799.999999991,10799.999999991,0.0,True,False
4510,2025-01-04 03:10:00,120.30057221412196,638.9508722222223,518.6503,10799.999999991,10799.999999991,0.0,True,False
4520,2025-01-04 03:20:00,118.96624443634411,648.0455277777777,529.0792833333333,10799.999999991,10799.999999991,0.0,True,False
4530,2025-01-04 03:30:00,111.02388888078858,648.1622222222222,537.1383333333333,10799.999999991,10799.999999991,0.0,True,False
4540,2025-01-04 03:40:00,113.65011665856636,637.10865,523.4585333333333,10799.999999991,10799.999999991,0.0,True,False
4550,2025-01-04 03:50:00,99.31708332523303,633.2366833333333,533.9196,10799.999999991,10799.999999991,0.0,True,False
4560,2025-01-04 04:00:00,92.69833332523305,643.635,550.9366666666666,10799.999999991,10799.999999991,0.0,True,False
4570,2025-01-04 04:10:00,142.80287776967734,656.6313944444444,513.8285166666667,10799.999999991,10799.999999991,0.0,True,False
4580,2025-01-04 04:20:00,147.42041665856627,652.3567999999999,504.9363833333333,10799.999999991,10799.999999991,0.0,True,False
4590,2025-01-04 04:30:00,101.08722221412197,637.7622222222222,536.675,10799.999999991,10799.999999991,0.0,True,False
4600,2025-01-04 04:40:00,99.47830554745528,639.513238888889,540.0349333333334,10799.999999991,10799.999999991,0.0,True,False
4610,2025-01-04 04:50:00,103.80814999189974,648.5615833333334,544.7534333333333,10799.999999991,10799.999999991,0.0,True,False
4620,2025-01-04 05:00:00,85.39666665856632,650.8,565.4033333333333,10799.999999991,10799.999999991,0.0,True,False
4630,2025-01-04 05:10:00,67.04331665856633,644.5336833333333,577.4903666666667,10799.999999991,10799.999999991,0.0,True,False
4640,2025-01-04 05:20:00,93.0913888807888,658.7219222222224,565.6305333333332,10799.999999991,10799.999999991,0.0,True,False
4650,2025-01-04 05:30:00,132.00499999189967,678.5316666666666,546.5266666666666,10799.999999991,10799.999999991,0.0,True,False
4660,2025-01-04 05:40:00,115.18422221412177,667.3657222222221,552.1814999999999,10799.999999991,10799.999999991,0.0,True,False
4670,2025-01-04 05:50:00,143.03105554745522,702.4018722222222,559.3708166666667,10799.999999991,10799.999999991,0.0,True,False
4780,2025-01-04 07:40:00,231.77021050555413,1467.1611388888887,599.1856833333333,10227.415279445999,10799.999999991,572.5847205450012,True,False
5290,2025-01-04 16:10:00,35.034248421385776,705.8874500000002,619.46255,10753.748413570247,10799.999999991,46.251586420752936,True,False
5300,2025-01-04 16:20:00,134.49973888078844,737.2170222222221,602.7172833333333,10799.999999991,10799.999999991,0.0,True,False
5310,2025-01-04 16:30:00,143.68222221412188,763.7772222222222,620.095,10799.999999991,10799.999999991,0.0,True,False
5320,2025-01-04 16:40:00,210.11535554745518,814.5170222222222,604.4016666666666,10799.999999991,10799.999999991,0.0,True,False
5330,2025-01-04 16:50:00,319.1934499918997,857.0029,537.80945,10799.999999991,10799.999999991,0.0,True,False
5340,2025-01-04 17:00:00,399.42291665856646,871.3312500000001,471.9083333333333,10799.999999991,10799.999999991,0.0,True,False
5350,2025-01-04 17:10:00,383.87944999189966,863.0781499999999,479.1987,10799.999999991,10799.999999991,0.0,True,False
5360,2025-01-04 17:20:00,353.6623166585662,848.0513833333332,494.3890666666667,10799.999999991,10799.999999991,0.0,True,False
5370,2025-01-04 17:30:00,363.13722221412183,845.8022222222221,482.66499999999996,10799.999999991,10799.999999991,0.0,True,False
5380,2025-01-04 17:40:00,399.599172214122,870.6321722222223,471.03299999999996,10799.999999991,10799.999999991,0.0,True,False
5390,2025-01-04 17:50:00,333.5845944363443,804.6018944444445,471.0173,10799.999999991,10799.999999991,0.0,True,False
5400,2025-01-04 18:00:00,202.67444443634494,678.5427777777786,475.86833333333334,10799.999999991,10799.999999991,0.0,True,False
5430,2025-01-04 18:30:00,80.07352044130447,656.1355555555556,521.4749999999999,10750.871668388174,10799.999999991,49.12833160282609,True,False
5440,2025-01-04 18:40:00,169.89644999189963,645.31675,475.4203,10799.999999991,10799.999999991,0.0,True,False
5640,2025-01-04 22:00:00,134.80000001000008,1363.3283333333334,395.195,5466.996889505781,6216.996889495781,749.99999999,False,True
5650,2025-01-04 22:10:00,97.32028334333357,1350.5021833333335,419.8485666666666,6216.996889495781,6966.996889486781,749.999999991,False,True
5670,2025-01-04 22:30:00,111.02333334333342,1361.7033333333334,417.34666666666664,7051.72254947778,7801.72254946878,749.999999991,False,True
5680,2025-01-04 22:40:00,101.67718889888896,1366.3430555555556,431.3325333333333,7801.72254946878,8551.72254945878,749.99999999,False,True
5690,2025-01-04 22:50:00,101.3594944544444,1352.3734444444444,417.68061666666665,8551.72254945878,9301.72254944978,749.999999991,False,True
5700,2025-01-04 23:00:00,114.56611112111112,1341.391111111111,393.4916666666666,9301.72254944978,10051.722549439779,749.99999999,False,True
5720,2025-01-04 23:20:00,691.380843616215,1399.9704666666667,480.42425000000003,10594.651164245593,10799.999999991,205.34883574540646,True,False
5730,2025-01-04 23:30:00,928.0205555474553,1384.168888888889,456.1483333333333,10799.999999991,10799.999999991,0.0,True,False
5740,2025-01-04 23:40:00,974.214222214122,1390.8721555555555,416.6579333333333,10799.999999991,10799.999999991,0.0,True,False
5750,2025-01-04 23:50:00,71.10057221412191,548.9129388888889,477.81236666666666,10799.999999991,10799.999999991,0.0,True,False
11400,2025-01-08 22:00:00,19.85910478376774,1387.0757714404344,533.8833333333333,2261.7285743153902,3011.7285743063903,749.999999991,False,True
11410,2025-01-08 22:10:00,37.473248391909,1377.720698381909,506.91411666666664,3011.7285743063903,3761.7285742973904,749.999999991,False,True
11430,2025-01-08 22:30:00,26.924409600592973,1414.0110762572597,553.7533333333333,3793.8641092883904,4543.8641092793905,749.999999991,False,True
11440,2025-01-08 22:40:00,50.24636794242746,1420.8743845990941,537.2946833333333,4543.8641092793905,5293.864109269391,749.99999999,False,True
11450,2025-01-08 22:50:00,4.554476808260566,1391.7967267982606,553.9089166666666,5293.864109269391,6043.864109259391,749.99999999,False,True
11480,2025-01-08 23:20:00,76.17466744983061,1475.1923007731639,565.6842999999999,6807.027761858951,7557.027761848951,749.99999999,False,True
11860,2025-01-09 05:40:00,39.241838529873,1516.2351385198729,643.6599666666666,9531.120900739663,10281.120900729662,749.99999999,False,True
12840,2025-01-09 22:00:00,70.30071939386606,1448.065719383866,544.4316666666666,2354.881770414723,3104.8817704047233,749.99999999,False,True
12850,2025-01-09 22:10:00,68.56630973630489,1423.774459726305,521.8748166666667,3104.8817704047233,3854.8817703947234,749.99999999,False,True
12870,2025-01-09 22:30:00,34.650009465845294,1420.1200094558453,552.1366666666667,3899.7648418223484,4649.764841812348,749.99999999,False,True
12880,2025-01-09 22:40:00,10.40583334912639,1428.561300005793,584.8221333333333,4649.764841812348,5399.764841802348,749.99999999,False,True
12920,2025-01-09 23:20:00,36.391605912126685,1439.21228923546,569.48735,6805.715468268216,7555.715468258216,749.99999999,False,True
12930,2025-01-09 23:30:00,8.676575342694143,1449.241575332694,607.2316666666666,7555.715468258216,8305.715468248216,749.99999999,False,True
12940,2025-01-09 23:40:00,2.855419400017573,1460.7282360566842,624.5394833333332,8305.715468248216,9055.715468238215,749.99999999,False,True
12980,2025-01-10 00:20:00,40.40314357326928,1316.3136935632692,442.57721666666663,9366.231350919823,10116.231350910823,749.999999991,False,True
13300,2025-01-10 05:40:00,67.93526727083723,1451.3152672608371,550.0466666666666,10045.347736460126,10795.347736451125,749.999999991,False,True
13310,2025-01-10 05:50:00,22.15833752901318,579.7150025733182,552.3874833333333,10795.347736451125,10799.999999991,4.652263539874542,True,False
14290,2025-01-10 22:10:00,8.646479814119168,1240.5648631374524,398.58504999999997,2847.090489590327,3597.090489580327,749.99999999,False,True
14330,2025-01-10 22:50:00,2.135804953861558,1244.8561716105282,409.3870333333333,5104.099749133438,5854.099749123438,749.99999999,False,True
14340,2025-01-10 23:00:00,8.593511265705494,1253.7368445890388,411.81,5854.099749123438,6604.0997491134385,749.99999999,False,True
14370,2025-01-10 23:30:00,37.223696936491926,1280.1070302598253,409.55,7329.619539414781,8079.61953940578,749.999999991,False,True
14380,2025-01-10 23:40:00,53.309850782322876,1284.051400772323,397.4082166666667,8079.61953940578,8829.619539396781,749.999999991,False,True
14420,2025-01-11 00:20:00,0.36487351975767185,1292.4071235097576,458.7089166666666,9341.657888402331,10091.65788839333,749.999999991,False,True
15720,2025-01-11 22:00:00,8.400340416990723,1226.9153404069907,385.1816666666667,2306.2432765909844,3056.2432765809845,749.99999999,False,True
15730,2025-01-11 22:10:00,48.915245868282106,1251.6130958582821,369.36451666666665,3056.2432765809845,3806.2432765709846,749.99999999,False,True
15760,2025-01-11 22:40:00,2.090213855098333,1263.2224971784317,427.79895,4533.280349899687,5283.280349889687,749.99999999,False,True
15770,2025-01-11 22:50:00,2.205955716942859,1249.6101223736096,414.0708333333333,5283.280349889687,6033.2803498796875,749.99999999,False,True
15800,2025-01-11 23:20:00,74.18313290990396,1312.4659995665706,404.9495333333333,6775.609555708414,7525.609555698414,749.99999999,False,True
15810,2025-01-11 23:30:00,28.938799855875793,1288.2254665125424,425.95333333333326,7525.609555698414,8275.609555688414,749.99999999,False,True
17200,2025-01-12 22:40:00,2.300541548700031,1420.7469415387,585.1130666666666,4511.677740100464,5261.677740091463,749.999999991,False,True
17240,2025-01-12 23:20:00,3.4540608926303014,1435.222977549297,598.4355833333333,6709.792804663168,7459.792804654167,749.999999991,False,True
17250,2025-01-12 23:30:00,30.658573267086688,1417.84190659042,553.8499999999999,7459.792804654167,8209.792804645167,749.999999991,False,True
17260,2025-01-12 23:40:00,6.691575588329662,1446.186058911663,606.1611499999999,8209.792804645167,8959.792804636167,749.999999991,False,True
17620,2025-01-13 05:40:00,13.495579680182566,1518.3302796701826,671.5013666666666,9964.9330926936,10714.9330926836,749.99999999,False,True
18310,2025-01-13 17:10:00,15.760670591957158,1056.0185177424496,1002.0515499999999,10765.614332555557,10799.999999991,34.385667435443246,True,False
18320,2025-01-13 17:20:00,28.549344751169066,1034.5777447592693,1006.0283999999999,10799.999999991,10799.999999991,0.0,True,False
18600,2025-01-13 22:00:00,20.448245312118836,1414.2649119687856,560.4833333333333,2001.2914557893869,2751.291455780387,749.999999991,False,True
18630,2025-01-13 22:30:00,31.669696944226068,1395.074696934226,530.0716666666666,3487.6798010750267,4237.679801066027,749.999999991,False,True
18680,2025-01-13 23:20:00,39.53005917219661,1449.3120091621965,576.4486166666666,6439.624837214039,7189.624837205039,749.999999991,False,True
18730,2025-01-14 00:10:00,22.994376218231416,1472.6570262082314,616.3293166666666,8533.951896970866,9283.951896960865,749.99999999,False,True
18740,2025-01-14 00:20:00,9.278511436432147,1467.2190447597654,624.6071999999999,9283.951896960865,10033.951896950864,749.99999999,False,True
19060,2025-01-14 05:40:00,15.283768784138367,1536.2206687741384,687.6035666666667,9862.322730708005,10612.322730698004,749.99999999,False,True
20040,2025-01-14 22:00:00,1.4812381475771792,1382.4112381375771,547.5966666666666,1758.6511972884728,2508.651197279473,749.999999991,False,True
20070,2025-01-14 22:30:00,5.21121878945734,1386.747885446124,548.2033333333333,3208.5641039171865,3958.5641039081866,749.999999991,False,True
20170,2025-01-15 00:10:00,33.99885069987976,1470.7719506898798,603.4397666666666,8195.83001966437,8945.83001965437,749.99999999,False,True
20180,2025-01-15 00:20:00,36.587054821263784,1487.9766714779305,618.0562833333333,8945.83001965437,9695.83001964537,749.999999991,False,True
20500,2025-01-15 05:40:00,219.73878257795798,1541.0152143087287,657.20925,10202.339536433306,10799.999999991,597.6604635576936,True,False
20510,2025-01-15 05:50:00,62.8101732208538,808.5489565622875,745.7387833333333,10799.999999991,10799.999999991,0.0,True,False
21530,2025-01-15 22:50:00,21.232409801461237,1387.734676458128,533.1689333333334,4996.005294944444,5746.005294935444,749.999999991,False,True
21540,2025-01-15 23:00:00,37.11788296138251,1413.0578829513825,542.6066666666666,5746.005294935444,6496.005294926444,749.999999991,False,True
21570,2025-01-15 23:30:00,2.712213651568269,1425.593880308235,589.5483333333333,7256.60082285932,8006.60082285032,749.999999991,False,True
21940,2025-01-16 05:40:00,65.65079625844442,1484.4726174911325,714.5808833333333,10166.18315588058,10799.99999999,633.8168441094193,True,False
22920,2025-01-16 22:00:00,32.65279618602198,1387.377796176022,521.3916666666667,2133.130587774545,2883.130587765545,749.999999991,False,True
22960,2025-01-16 22:40:00,16.537979947473893,1417.4923132708072,567.621,4262.300298968848,5012.300298959848,749.999999991,False,True
22970,2025-01-16 22:50:00,27.497726703974074,1442.5278933606407,581.6968333333333,5012.300298959848,5762.300298950848,749.999999991,False,True
22980,2025-01-16 23:00:00,12.728651920519944,1438.20365191052,592.1416666666667,5762.300298950848,6512.300298941847,749.999999991,False,True
23060,2025-01-17 00:20:00,48.86169778166481,1281.8121311049981,399.6171,9366.054819176632,10116.054819167632,749.999999991,False,True
24360,2025-01-17 22:00:00,22.023357290344613,1256.011690613678,400.655,1700.5302612971034,2450.5302612881032,749.999999991,False,True
24390,2025-01-17 22:30:00,22.523899848105195,1235.2105665047718,379.3533333333333,3170.979379324511,3920.979379315511,749.999999991,False,True
24400,2025-01-17 22:40:00,22.456586263626143,1240.8370195869595,385.0471,3920.979379315511,4670.979379306511,749.999999991,False,True
24440,2025-01-17 23:20:00,11.705298422320531,1275.5203484123206,430.48171666666667,6095.843737765445,6845.843737756445,749.999999991,False,True
24500,2025-01-18 00:20:00,20.836180751724434,1302.1705807417245,448.0010666666667,8995.597400905031,9745.597400896031,749.999999991,False,True
24820,2025-01-18 05:40:00,355.44568209640556,1411.5684900111778,542.8813666666666,10338.082702867705,10799.999999991,461.91729712329504,True,False
25850,2025-01-18 22:50:00,12.321100987832203,1246.7108676444989,401.0564333333333,5159.567622534533,5909.567622525533,749.999999991,False,True
25860,2025-01-18 23:00:00,27.2507330440635,1257.4140663673968,396.83,5909.567622525533,6659.5676225165325,749.999999991,False,True
25890,2025-01-18 23:30:00,4.321440463780156,1263.4247737871135,425.77,7373.333438753761,8123.333438743761,749.99999999,False,True
25900,2025-01-18 23:40:00,15.791998783334513,1266.7688154400012,417.64348333333334,8123.333438743761,8873.33343873476,749.999999991,False,True
25940,2025-01-19 00:20:00,37.058735829823256,1467.0661358198233,596.6740666666667,9285.384411542062,10035.384411533061,749.999999991,False,True
26260,2025-01-19 05:40:00,145.96848568233077,1515.0903173679799,656.88555,10158.987346473916,10799.999999991,641.0126535170842,True,False
26270,2025-01-19 05:50:00,19.523894047128962,752.5785940552292,733.0546999999999,10799.999999991,10799.999999991,0.0,True,False
27250,2025-01-19 22:10:00,2.9600490438860936,1378.6460657005528,542.3526833333333,2668.832950944482,3418.832950935482,749.999999991,False,True
27320,2025-01-19 23:20:00,2.51311488856276,1427.9038315452294,592.0573833333333,6344.187432514924,7094.187432505923,749.999999991,False,True
27340,2025-01-19 23:40:00,48.756852137756134,1436.4425354610894,554.3523499999999,7830.231398788126,8580.231398779126,749.999999991,False,True
27380,2025-01-20 00:20:00,21.67633971547024,1461.2793897054703,606.2697166666667,9267.007360006539,10017.007359996538,749.99999999,False,True
28680,2025-01-20 22:00:00,11.153007335101158,1396.4480073251011,551.9616666666666,2311.919569975178,3061.919569965178,749.99999999,False,True
28690,2025-01-20 22:10:00,21.482866138420597,1397.6001827950872,542.7839833333333,3061.919569965178,3811.9195699551783,749.99999999,False,True
28730,2025-01-20 22:50:00,55.87170862004279,1437.8424252767095,548.6373833333333,5266.7883222251185,6016.788322215119,749.99999999,False,True
28740,2025-01-20 23:00:00,61.94132410579072,1433.4529907624574,538.1783333333333,6016.788322215119,6766.788322205119,749.99999999,False,True
28770,2025-01-20 23:30:00,60.007669835105496,1472.7943364917721,579.4533333333333,7513.316452747219,8263.31645273722,749.99999999,False,True
28780,2025-01-20 23:40:00,39.16510025690501,1466.0165169135716,593.5180833333333,8263.31645273722,9013.316452727218,749.99999999,False,True
30120,2025-01-21 22:00:00,4.22786670337097,1378.8762000267043,541.3149999999999,2109.79558391879,2859.79558390879,749.99999999,False,True
30130,2025-01-21 22:10:00,48.498518211089156,1407.5973015344225,525.76545,2859.79558390879,3609.79558389879,749.99999999,False,True
30170,2025-01-21 22:50:00,38.17717752274461,1432.3956941794113,560.8851833333333,5114.749321659293,5864.749321649293,749.99999999,False,True
30180,2025-01-21 23:00:00,74.99254618066412,1447.1008795039975,538.775,5864.749321649293,6614.749321639293,749.99999999,False,True
30200,2025-01-21 23:20:00,0.7036187818214251,1431.3879854384882,597.3510333333334,6622.661169911333,7372.661169901333,749.99999999,False,True
30210,2025-01-21 23:30:00,55.81015238601196,1450.4284857093453,561.285,7372.661169901333,8122.661169891333,749.99999999,False,True
30220,2025-01-21 23:40:00,5.074470265419669,1446.1664869220863,607.7586833333332,8122.661169891333,8872.661169881332,749.99999999,False,True
30260,2025-01-22 00:20:00,29.94587242155921,1449.5590390782259,586.2798333333333,9339.637394653244,10089.637394644244,749.999999991,False,True
31570,2025-01-22 22:10:00,6.291717884588244,1391.8158012079216,552.19075,2533.244743371317,3283.244743361317,749.99999999,False,True
31650,2025-01-22 23:30:00,16.010192847261912,1421.6218595039286,572.2783333333333,6863.183272310227,7613.183272301227,749.999999991,False,True
31660,2025-01-22 23:40:00,37.59666225894659,1433.94609558228,563.0160999999999,7613.183272301227,8363.183272292226,749.999999991,False,True
31690,2025-01-23 00:10:00,10.110251506967522,1437.1290681636342,593.6854833333333,8384.628655254488,9134.628655244487,749.99999999,False,True
31700,2025-01-23 00:20:00,18.161348991784045,1449.962548981784,598.4678666666666,9134.628655244487,9884.628655235487,749.999999991,False,True
32020,2025-01-23 05:40:00,303.5700822971046,1539.3078743604888,707.8200333333332,10324.874017133954,10799.999999991,475.12598285704587,True,False
32030,2025-01-23 05:50:00,30.149092553112233,788.5281592278792,758.3790666666666,10799.999999991,10799.999999991,0.0,True,False
33050,2025-01-23 22:50:00,17.774453977424052,1419.2126706340907,568.1048833333333,5108.131648778512,5858.131648769511,749.999999991,False,True
33060,2025-01-23 23:00:00,18.708189636478657,1424.2648562931454,572.2233333333334,5858.131648769511,6608.131648760511,749.999999991,False,True
33080,2025-01-23 23:20:00,26.127370982101972,1419.086670972102,559.6259666666666,6627.284052432083,7377.284052423082,749.999999991,False,True
33090,2025-01-23 23:30:00,30.546257866495118,1462.621257856495,598.7416666666666,7377.284052423082,8127.284052414082,749.999999991,False,True
33100,2025-01-23 23:40:00,23.03832010755388,1472.5365200975539,616.1648666666666,8127.284052414082,8877.284052405083,749.999999991,False,True
33460,2025-01-24 05:40:00,10.427518193475855,1409.0090681834758,565.2482166666666,9716.759304804867,10466.759304794867,749.99999999,False,True
34440,2025-01-24 22:00:00,38.221226383911464,1240.1695597072448,368.615,2223.060147237291,2973.060147227291,749.99999999,False,True
34450,2025-01-24 22:10:00,7.408755583208282,1235.729172239875,394.9870833333333,2973.060147227291,3723.060147217291,749.99999999,False,True
34500,2025-01-24 23:00:00,39.406745650392615,1287.540078973726,414.8,5840.703304690128,6590.703304680128,749.99999999,False,True
34520,2025-01-24 23:20:00,40.56224431332634,1267.9842943033264,394.08871666666664,6612.171446893449,7362.171446883449,749.99999999,False,True
34530,2025-01-24 23:30:00,71.73759145038399,1286.8559247737173,381.78499999999997,7362.171446883449,8112.171446873449,749.99999999,False,True
34540,2025-01-24 23:40:00,9.438096808097491,1269.1829134647642,426.4114833333333,8112.171446873449,8862.17144686345,749.99999999,False,True
35890,2025-01-25 22:10:00,9.797380117753612,1240.9884634410869,397.85774999999995,2429.6891291846237,3179.6891291756237,749.999999991,False,True
35910,2025-01-25 22:30:00,0.6321332256951485,1275.1621332156951,441.1966666666666,3204.75758434472,3954.75758433572,749.999999991,False,True
35960,2025-01-25 23:20:00,25.46575560937753,1267.4147555993775,408.61566666666664,6204.702596978571,6954.702596969571,749.999999991,False,True
36010,2025-01-26 00:10:00,32.66082491000031,1469.0178082333337,603.02365,8503.610638420001,9253.61063841,749.99999999,False,True
37350,2025-01-26 22:30:00,27.216082436368872,1424.3727490930355,563.8233333333333,3836.1416182690386,4586.141618259038,749.99999999,False,True
37360,2025-01-26 22:40:00,5.8371787672306175,1416.1743787572307,577.0038666666667,4586.141618259038,5336.141618249038,749.99999999,False,True
37380,2025-01-26 23:00:00,15.352120905097188,1426.6121208950972,577.9266666666666,6081.8064560735165,6831.806456063517,749.99999999,False,True
37400,2025-01-26 23:20:00,0.06910565315990086,1426.6050389764932,593.2026,6864.566213788412,7614.566213778412,749.99999999,False,True
37460,2025-01-27 00:20:00,26.20090441579236,1437.324571072459,577.7903333333334,9284.980765358607,10034.980765348606,749.99999999,False,True
38900,2025-01-28 00:20:00,0.5747062302669895,1458.248606220267,624.3405666666666,9346.263895912489,10096.263895903488,749.999999991,False,True
39220,2025-01-28 05:40:00,41.06096513925854,1536.5846847439066,673.6523666666667,10060.315782345817,10799.99999999,739.6842176441831,True,False
39230,2025-01-28 05:50:00,71.60001065101663,794.3338773266839,722.7338666666666,10799.99999999,10799.99999999,0.0,True,False
40210,2025-01-28 22:10:00,7.736080352709215,1370.4850470093759,529.4156333333333,2557.458517894806,3307.458517885806,749.999999991,False,True
40230,2025-01-28 22:30:00,39.462625379683,1392.8492920363497,520.0533333333333,3341.1158246637483,4091.1158246547484,749.999999991,False,True
40240,2025-01-28 22:40:00,2.321551551744384,1407.5177848750777,571.8629,4091.1158246547484,4841.115824645748,749.999999991,False,True
40280,2025-01-28 23:20:00,6.232698064137359,1430.5846980541373,591.0186666666666,6292.614395782724,7042.6143957727245,749.99999999,False,True
40300,2025-01-28 23:40:00,4.499189588106325,1441.6249229114396,603.7923999999999,7769.567925366348,8519.567925356348,749.99999999,False,True
40330,2025-01-29 00:10:00,1.8596911535427045,1411.627174476876,576.4341499999999,8516.612775577314,9266.612775567313,749.99999999,False,True
40340,2025-01-29 00:20:00,0.9846565569786129,1424.984389880312,590.6664,9266.612775567313,10016.612775557312,749.99999999,False,True
40660,2025-01-29 05:40:00,7.241917692337998,1525.3321656324056,700.34295,10064.02743184494,10799.999999991,735.9725681460608,True,False
41670,2025-01-29 22:30:00,48.52657131144826,1414.638237968115,532.7783333333333,3519.900285946799,4269.900285936799,749.99999999,False,True
41680,2025-01-29 22:40:00,2.9755575772385248,1387.2235242339052,550.9146333333333,4269.900285936799,5019.900285926799,749.99999999,False,True
41700,2025-01-29 23:00:00,7.373223823732693,1412.991557147066,572.285,5752.834349517646,6502.834349507646,749.99999999,False,True
41720,2025-01-29 23:20:00,7.318206325928933,1411.9290229825956,571.2774833333333,6522.911089909674,7272.911089899674,749.99999999,False,True
41730,2025-01-29 23:30:00,0.6596058545474001,1401.266272511214,567.2733333333333,7272.911089899674,8022.911089889674,749.99999999,False,True
41780,2025-01-30 00:20:00,18.563011412698295,1415.2347447360316,563.3384,9282.746554521345,10032.746554512345,749.999999991,False,True
42100,2025-01-30 05:40:00,4.5206918160317775,1527.4461418060318,689.5921166666667,9739.919980796847,10489.919980786846,749.99999999,False,True
43110,2025-01-30 22:30:00,41.097812407213716,1424.9978123972137,550.5666666666666,3162.079402241225,3912.0794022312252,749.99999999,False,True
43120,2025-01-30 22:40:00,5.942148854869507,1408.6589988448695,569.3835166666667,3912.0794022312252,4662.079402221225,749.99999999,False,True
43130,2025-01-30 22:50:00,13.113962909194008,1403.711262899194,557.2639666666666,4662.079402221225,5412.079402211225,749.99999999,False,True
43140,2025-01-30 23:00:00,41.27381702556885,1407.0388170155688,532.4316666666666,5412.079402211225,6162.079402201225,749.99999999,False,True
43170,2025-01-30 23:30:00,12.912718227709426,1434.814384884376,588.5683333333333,6866.644253104203,7616.644253094203,749.99999999,False,True
43180,2025-01-30 23:40:00,23.845682432265896,1450.6562657555992,593.4772499999999,7616.644253094203,8366.644253084203,749.99999999,False,True
43540,2025-01-31 05:40:00,12.435472859742838,1397.7309561830762,551.96215,9886.496963723504,10636.496963713504,749.99999999,False,True
44530,2025-01-31 22:10:00,7.85131845097134,1228.385435107638,387.2007833333333,2739.2440136714526,3489.2440136624527,749.999999991,False,True
44550,2025-01-31 22:30:00,31.87441221646383,1262.8510788731305,397.6433333333333,3526.263310784333,4276.263310775333,749.999999991,False,True
44560,2025-01-31 22:40:00,30.959117067970617,1260.2764837246373,395.9840333333333,4276.263310775333,5026.263310766332,749.999999991,False,True
44570,2025-01-31 22:50:00,32.56569206184303,1256.9670587185096,391.0680333333333,5026.263310766332,5776.263310756332,749.99999999,False,True
44580,2025-01-31 23:00:00,25.89461881233455,1254.3396188023346,395.1116666666667,5776.263310756332,6526.2633107463325,749.99999999,False,True
44660,2025-02-01 00:20:00,20.96747953517592,1269.708129525176,415.4073166666667,9325.861373382842,10075.861373373842,749.999999991,False,True
44950,2025-02-01 05:10:00,12.863879096836541,535.7293589393831,488.78358333333335,10769.326293132708,10799.999999991,30.67370685829191,True,False
44960,2025-02-01 05:20:00,38.43997086157022,536.9587208696705,498.51875,10799.999999991,10799.999999991,0.0,True,False
44970,2025-02-01 05:30:00,24.96422648993562,554.1875598313693,529.2233333333334,10799.999999991,10799.999999991,0.0,True,False
44980,2025-02-01 05:40:00,853.4438331083869,1400.8541497831538,547.4103166666666,10799.999999991,10799.999999991,0.0,True,False
44990,2025-02-01 05:50:00,25.32045942382866,556.5478594319289,531.2274,10799.999999991,10799.999999991,0.0,True,False
45960,2025-02-01 22:00:00,15.817984973879668,1241.236318297213,392.08500000000004,2119.900235077734,2869.9002350677342,749.99999999,False,True
45970,2025-02-01 22:10:00,20.530513740036433,1225.6336637300365,371.76981666666666,2869.9002350677342,3619.9002350577343,749.99999999,False,True
45990,2025-02-01 22:30:00,76.8123145085459,1269.302314498546,359.15666666666664,3670.989746626128,4420.989746616128,749.99999999,False,True
46000,2025-02-01 22:40:00,45.15024286413699,1260.534292854137,382.05071666666663,4420.989746616128,5170.989746606128,749.99999999,False,True
46040,2025-02-01 23:20:00,9.499921792843445,1243.7931217828434,400.95986666666664,6619.75317296301,7369.75317295301,749.99999999,False,True
46050,2025-02-01 23:30:00,9.133745172448009,1252.4120784957813,409.945,7369.75317295301,8119.75317294301,749.99999999,False,True
46060,2025-02-01 23:40:00,34.57666635543978,1255.146699678773,387.2367,8119.75317294301,8869.75317293301,749.99999999,False,True
46100,2025-02-02 00:20:00,9.057842116035879,1424.1256587727025,581.7344833333333,9288.453725582413,10038.453725572412,749.99999999,False,True
46420,2025-02-02 05:40:00,643.9980687744488,1528.1934019110986,633.4947,10574.369430168015,10799.999999991,225.6305698229848,True,False
46430,2025-02-02 05:50:00,54.68561869096857,778.4676686990688,723.7820499999999,10799.999999991,10799.999999991,0.0,True,False
47430,2025-02-02 22:30:00,12.089569891827061,1387.019569881827,541.5966666666666,3268.8199629450637,4018.819962935064,749.99999999,False,True
47440,2025-02-02 22:40:00,16.806119226820208,1396.6901192168202,546.5506666666666,4018.819962935064,4768.819962925064,749.99999999,False,True
47450,2025-02-02 22:50:00,24.37014706814204,1401.6441803914754,543.9407,4768.819962925064,5518.819962915064,749.99999999,False,True
47460,2025-02-02 23:00:00,24.11060732796806,1398.985607317968,541.5416666666666,5518.819962915064,6268.819962905064,749.99999999,False,True
47480,2025-02-02 23:20:00,17.35761969633699,1413.1194863530036,562.4285333333332,6290.557498300182,7040.557498290182,749.99999999,False,True
47490,2025-02-02 23:30:00,41.50794349464649,1423.2996101513131,548.4583333333333,7040.557498290182,7790.557498280182,749.99999999,False,True
47500,2025-02-02 23:40:00,38.49587607779721,1408.9771260677971,537.1479166666666,7790.557498280182,8540.557498270182,749.99999999,False,True
47540,2025-02-03 00:20:00,5.7870580648514,1398.6514580548514,559.5310666666667,9309.567476592503,10059.567476583503,749.999999991,False,True
47860,2025-02-03 05:40:00,317.3671176559177,1515.687184748755,664.1767333333332,10319.270999607446,10799.999999991,480.7290003835537,True,False
47870,2025-02-03 05:50:00,7.458694223038655,757.3849608978056,749.9262666666666,10799.999999991,10799.999999991,0.0,True,False
48840,2025-02-03 22:00:00,19.523352819292988,1401.7516861426263,548.895,1938.0521514376198,2688.0521514276197,749.99999999,False,True
48850,2025-02-03 22:10:00,47.78887203953399,1398.641772029534,517.5195666666666,2688.0521514276197,3438.05215141762,749.99999999,False,True
48870,2025-02-03 22:30:00,8.997480740748408,1401.9408140640817,559.6099999999999,3480.2252414762875,4230.225241466287,749.99999999,False,True
48890,2025-02-03 22:50:00,2.18409183796438,1403.438708494631,567.9212833333333,4972.376626208683,5722.376626198683,749.99999999,False,True
48900,2025-02-03 23:00:00,13.777824464920052,1389.7311577882533,542.6199999999999,5722.376626198683,6472.376626188683,749.99999999,False,True
48920,2025-02-03 23:20:00,30.830107467533246,1431.7331407908666,567.5697,6529.208902844106,7279.208902834106,749.99999999,False,True
48930,2025-02-03 23:30:00,96.46781597842526,1445.4178159684252,515.6166666666666,7279.208902834106,8029.208902824106,749.99999999,False,True
48940,2025-02-03 23:40:00,90.3432405210849,1456.8263571777516,533.1497833333333,8029.208902824106,8779.208902814105,749.99999999,False,True
48980,2025-02-04 00:20:00,29.079870115886017,1430.5631367725528,568.1499333333334,9292.185188788815,10042.185188779815,749.999999991,False,True
49290,2025-02-04 05:30:00,31.994211846780967,730.4787038569372,682.2866666666666,10785.42195718186,10799.999999991,14.578042809140602,True,False
49300,2025-02-04 05:40:00,848.1159944433003,1503.4799944514007,655.364,10799.999999991,10799.999999991,0.0,True,False
49310,2025-02-04 05:50:00,20.522539987945006,731.5896899960453,711.06715,10799.999999991,10799.999999991,0.0,True,False
50330,2025-02-04 22:50:00,31.693631567697814,1417.805464891031,552.7784999999999,4562.847937683649,5312.8479376736495,749.99999999,False,True
50340,2025-02-04 23:00:00,17.733169664302288,1405.7681696543023,554.7016666666666,5312.8479376736495,6062.84793766365,749.99999999,False,True
50360,2025-02-04 23:20:00,40.42848702540845,1418.094803682075,544.3329833333332,6413.620167642311,7163.620167632311,749.99999999,False,True
50370,2025-02-04 23:30:00,42.31311056948413,1421.218110559484,545.5716666666666,7163.620167632311,7913.620167622311,749.99999999,False,True
50380,2025-02-04 23:40:00,40.99784688992735,1431.0476302132606,556.7164499999999,7913.620167622311,8663.620167612311,749.99999999,False,True
50740,2025-02-05 05:40:00,64.26532496477772,1517.7870193616263,684.5589833333333,10107.933560033836,10799.999999991,692.0664399571637,True,False
50750,2025-02-05 05:50:00,28.166702239351043,766.259568914118,738.0928666666666,10799.999999991,10799.999999991,0.0,True,False
51720,2025-02-05 22:00:00,70.24872817137974,1433.0737281613797,529.4916666666666,1657.6745298802812,2407.6745298712813,749.999999991,False,True
51730,2025-02-05 22:10:00,31.397255490094032,1396.262055480094,531.5314666666666,2407.6745298712813,3157.6745298612814,749.99999999,False,True
51780,2025-02-05 23:00:00,10.706491279976824,1401.3481579366435,557.3083333333333,5378.057963610117,6128.057963601117,749.999999991,False,True
51800,2025-02-05 23:20:00,19.48189626803059,1401.5774629246973,548.7622333333334,6549.96279728774,7299.96279727774,749.99999999,False,True
51810,2025-02-05 23:30:00,10.422433989910125,1398.6474339799101,554.8916666666667,7299.96279727774,8049.96279726774,749.99999999,False,True
51820,2025-02-05 23:40:00,9.700427710896626,1410.9749277008966,567.9411666666666,8049.96279726774,8799.96279725774,749.99999999,False,True
52180,2025-02-06 05:40:00,761.0031129826137,1520.0910205767034,629.3025,10683.19313315632,10799.999999991,116.80686683468076,True,False
52190,2025-02-06 05:50:00,61.06468355435127,775.7757502291183,714.7110666666667,10799.999999991,10799.999999991,0.0,True,False
53160,2025-02-06 22:00:00,7.55113924986994,1409.8128059065366,568.9283333333333,1860.577324921688,2610.577324911688,749.99999999,False,True
53170,2025-02-06 22:10:00,4.277447074124885,1385.3805803974583,547.7698,2610.577324911688,3360.577324901688,749.99999999,False,True
53190,2025-02-06 22:30:00,2.682338496469348,1389.694005153136,553.6783333333333,3371.3420468688464,4121.3420468588465,749.99999999,False,True
53240,2025-02-06 23:20:00,22.51355218971866,1417.6855021797187,561.8386166666667,6727.7742234862035,7477.774223477203,749.999999991,False,True
53250,2025-02-06 23:30:00,44.006011677174904,1424.181011667175,546.8416666666667,7477.774223477203,8227.774223468203,749.999999991,False,True
53260,2025-02-06 23:40:00,12.321070787924207,1432.0414541112575,586.3870499999999,8227.774223468203,8977.774223458202,749.99999999,False,True
53300,2025-02-07 00:20:00,23.79898635806557,1282.3984363480656,425.2661166666667,9366.183117443012,10116.183117434011,749.999999991,False,True
53600,2025-02-07 05:20:00,41.264756874118824,562.9884087179266,503.64925,10783.733038331573,10799.999999991,16.266961659427032,True,False
53610,2025-02-07 05:30:00,75.8548810061886,568.6215476809556,492.76666666666665,10799.999999991,10799.999999991,0.0,True,False
53620,2025-02-07 05:40:00,874.564795240909,1386.3423285823426,511.7775333333333,10799.999999991,10799.999999991,0.0,True,False
54600,2025-02-07 22:00:00,21.498639942777338,1226.1119732661107,371.28,1201.8467440172392,1951.846744008239,749.999999991,False,True
54610,2025-02-07 22:10:00,25.675360211658464,1212.1147935349918,353.10609999999997,1951.846744008239,2701.846743999239,749.999999991,False,True
54650,2025-02-07 22:50:00,11.31053337501475,1224.4425333650147,379.79866666666663,4189.38994360092,4939.38994359092,749.99999999,False,True
54700,2025-02-07 23:40:00,5.830805610886151,1250.2820056008861,411.1178666666666,7182.179738768011,7932.17973875901,749.999999991,False,True
54740,2025-02-08 00:20:00,4.325781739497407,1249.3937150628308,411.7346,8394.002125994499,9144.002125985498,749.999999991,False,True
55060,2025-02-08 05:40:00,30.968527173230193,1382.79042716323,518.4885666666667,9412.403392393435,10162.403392384434,749.999999991,False,True
56040,2025-02-08 22:00:00,17.50246408118334,1230.6307974045167,379.79499999999996,1787.088844315414,2537.088844306414,749.999999991,False,True
56070,2025-02-08 22:30:00,5.523610077335767,1217.671943400669,378.81499999999994,3239.1081267972872,3989.1081267882873,749.999999991,False,True
56080,2025-02-08 22:40:00,25.437609757390184,1229.1701597473902,370.3992166666667,3989.1081267882873,4739.108126779287,749.999999991,False,True
56090,2025-02-08 22:50:00,25.084884381736394,1246.799351038403,388.3811333333333,4739.108126779287,5489.108126770287,749.999999991,False,True
56100,2025-02-08 23:00:00,19.65825360744838,1254.679920264115,401.68833333333333,5489.108126770287,6239.108126760287,749.99999999,False,True
56120,2025-02-08 23:20:00,15.996016890789399,1238.5879835474561,389.25863333333336,6659.453913695518,7409.453913685518,749.99999999,False,True
56130,2025-02-08 23:30:00,1.7611577319736318,1246.3661577219737,411.27166666666665,7409.453913685518,8159.453913675518,749.99999999,False,True
56140,2025-02-08 23:40:00,14.973701786736676,1231.28208511007,382.97505,8159.453913675518,8909.453913665518,749.99999999,False,True
56180,2025-02-09 00:20:00,8.733621758727388,1410.5234717487274,568.4565166666666,9357.483311226502,10107.483311217502,749.999999991,False,True
56500,2025-02-09 05:40:00,231.00432113836803,1478.861361019694,637.7195999999999,10250.876304097806,10799.999999991,549.1236958931935,True,False
57480,2025-02-09 22:00:00,12.056507933137702,1398.0181745898044,552.6283333333333,1624.8053674672287,2374.805367458229,749.999999991,False,True
57510,2025-02-09 22:30:00,17.715709183019037,1384.8023758396857,533.7533333333333,3106.1752903376428,3856.175290328643,749.999999991,False,True
57520,2025-02-09 22:40:00,27.289264974184782,1389.1855649641848,528.5629666666666,3856.175290328643,4606.175290319643,749.999999991,False,True
57530,2025-02-09 22:50:00,21.524338855318653,1388.2092388453186,533.3515666666666,4606.175290319643,5356.175290310643,749.999999991,False,True
57540,2025-02-09 23:00:00,11.837444313703706,1387.5674443037037,542.3966666666666,5356.175290310643,6106.175290300643,749.99999999,False,True
57560,2025-02-09 23:20:00,11.289782339747255,1404.3939323297473,559.7708166666666,6510.402246420731,7260.402246411731,749.999999991,False,True
57570,2025-02-09 23:30:00,10.095440349744415,1394.177107006411,550.7483333333332,7260.402246411731,8010.402246401731,749.99999999,False,True
57620,2025-02-10 00:20:00,8.138661607629949,1405.3882282642967,563.9162333333334,9323.9571590568,10073.957159047799,749.999999991,False,True
57940,2025-02-10 05:40:00,559.8357078323447,1505.8515385732076,655.9421833333333,10538.933717323223,10799.99999999,261.0662826667766,True,False
58950,2025-02-10 22:30:00,20.73972489400716,1385.8963915506738,531.8233333333333,2841.399295250877,3591.399295241877,749.999999991,False,True
58960,2025-02-10 22:40:00,24.837813547128114,1404.7981802037948,546.6270333333333,3591.399295241877,4341.399295232877,749.999999991,False,True
58970,2025-02-10 22:50:00,7.371806721784188,1393.0586400451175,552.3534999999999,4341.399295232877,5091.399295223877,749.999999991,False,True
59050,2025-02-11 00:10:00,11.001151341932648,1413.196734665266,568.8622499999999,8406.01678903429,9156.016789024288,749.99999999,False,True
59060,2025-02-11 00:20:00,31.002414228477384,1423.639080885144,559.3033333333333,9156.016789024288,9906.016789015288,749.999999991,False,True
59380,2025-02-11 05:40:00,703.788322324348,1500.37365358869,643.7508,10662.448921852092,10799.99999999,137.5510781379079,True,False
59390,2025-02-11 05:50:00,15.481803778837024,726.6275037878378,711.1457,10799.99999999,10799.99999999,0.0,True,False
60360,2025-02-11 22:00:00,23.735593891549904,1376.69559388155,519.6266666666667,1275.460972080829,2025.460972071829,749.999999991,False,True
60370,2025-02-11 22:10:00,31.59846588882737,1381.3756158788274,516.4438166666666,2025.460972071829,2775.460972062829,749.999999991,False,True
60390,2025-02-11 22:30:00,22.791483830967756,1413.2181504876344,557.0933333333332,2805.767351805741,3555.767351796741,749.999999991,False,True
60400,2025-02-11 22:40:00,34.99225988859666,1401.1700765452633,532.8444833333333,3555.767351796741,4305.767351787741,749.999999991,False,True
60410,2025-02-11 22:50:00,21.28298188370183,1392.5524485403685,537.9361333333333,4305.767351787741,5055.767351778741,749.999999991,False,True
60440,2025-02-11 23:20:00,2.2142093042414137,1388.5807926275747,553.03325,6197.06117343723,6947.061173428229,749.999999991,False,True
60490,2025-02-12 00:10:00,51.4521042094409,1430.277704199441,545.4922666666666,8458.328680201292,9208.328680191291,749.99999999,False,True
60500,2025-02-12 00:20:00,63.14333241865403,1454.7438490753207,558.2671833333333,9208.328680191291,9958.32868018229,749.999999991,False,True
60810,2025-02-12 05:30:00,7.106386411668622,708.909828505409,667.0483333333333,10768.720402106634,10799.999999991,31.279597884366375,True,False
60820,2025-02-12 05:40:00,868.469905304681,1524.092005312781,655.6220999999999,10799.999999991,10799.999999991,0.0,True,False
60830,2025-02-12 05:50:00,37.528564325107915,750.7708143332081,713.2422499999999,10799.999999991,10799.999999991,0.0,True,False
61800,2025-02-12 22:00:00,14.428824409717883,1381.613824399718,533.8516666666667,1374.4346953483616,2124.4346953393615,749.999999991,False,True
61810,2025-02-12 22:10:00,32.39535324542884,1373.371503235429,507.6428166666667,2124.4346953393615,2874.4346953303616,749.999999991,False,True
61830,2025-02-12 22:30:00,19.42399472042279,1390.1239947104227,537.3666666666666,2908.017049760933,3658.017049751933,749.999999991,False,True
61840,2025-02-12 22:40:00,0.8775775637769733,1389.9462942204436,555.7353833333333,3658.017049751933,4408.017049742933,749.999999991,False,True
61860,2025-02-12 23:00:00,2.613291566279023,1394.408291556279,558.4616666666666,5156.758351599752,5906.758351590752,749.999999991,False,True
61940,2025-02-13 00:20:00,10.722126618005284,1438.1371099413386,594.08165,9310.824811193983,10060.824811184983,749.999999991,False,True
62260,2025-02-13 05:40:00,360.3145508664674,1485.3376492935058,667.2488666666666,10388.003191405665,10799.99999999,411.99680858433464,True,False
63240,2025-02-13 22:00:00,33.77998796788847,1396.2949879578885,529.1816666666666,1268.5394349107928,2018.539434901793,749.999999991,False,True
63250,2025-02-13 22:10:00,28.641192738767806,1376.4670593954345,514.4925333333333,2018.539434901793,2768.539434892793,749.999999991,False,True
63300,2025-02-13 23:00:00,0.041237433492361815,1383.3912374234924,550.0166666666667,5019.054642602192,5769.054642593192,749.999999991,False,True
63320,2025-02-13 23:20:00,7.74291205882968,1394.502745382163,553.4265,5796.637149178331,6546.637149169331,749.999999991,False,True
63340,2025-02-13 23:40:00,5.764967594590408,1419.9795175845904,580.8812166666667,7275.450585505367,8025.450585496366,749.999999991,False,True
64680,2025-02-14 22:00:00,20.602470598689017,1208.837470588689,354.90166666666664,1537.0635005627264,2287.0635005527265,749.99999999,False,True
64710,2025-02-14 22:30:00,49.18943303379546,1245.8677663571289,363.345,3046.5968941304245,3796.5968941204246,749.99999999,False,True
64720,2025-02-14 22:40:00,4.031004119977516,1228.7165707766442,391.35223333333334,3796.5968941204246,4546.596894110425,749.99999999,False,True
64740,2025-02-14 23:00:00,12.97861219508058,1232.456945518414,386.145,5282.604379198662,6032.604379188662,749.99999999,False,True
64780,2025-02-14 23:40:00,1.7023774426355578,1247.550260765969,412.51455,7530.283595690149,8280.283595680148,749.99999999,False,True
66120,2025-02-15 22:00:00,26.43746301690407,1220.5807963402374,360.81,1285.061941732078,2035.0619417230778,749.999999991,False,True
66130,2025-02-15 22:10:00,53.860272299909745,1229.7655222899098,342.57191666666665,2035.0619417230778,2785.061941714078,749.999999991,False,True
66180,2025-02-15 23:00:00,3.07605780136793,1238.1093911247012,401.69999999999993,4964.645172291209,5714.6451722822085,749.999999991,False,True
66210,2025-02-15 23:30:00,5.833148454245467,1245.884815110912,406.7183333333333,6831.950414984576,7581.950414975576,749.999999991,False,True
66220,2025-02-15 23:40:00,4.251616619722532,1222.9200166097226,385.33506666666665,7581.950414975576,8331.950414966575,749.999999991,False,True
66260,2025-02-16 00:20:00,12.58498568904269,1421.820369012376,575.9020499999999,9096.321570249977,9846.321570240976,749.999999991,False,True
66580,2025-02-16 05:40:00,550.4934327753136,1484.474532631827,646.3721666666667,10541.151960120138,10799.999999991,258.84803987086195,True,False
66590,2025-02-16 05:50:00,15.83805845945003,744.7382251342169,728.9001666666666,10799.999999991,10799.999999991,0.0,True,False
67560,2025-02-16 22:00:00,9.821056855417844,1383.2227235120845,540.0683333333333,1405.4940150267466,2155.4940150177467,749.999999991,False,True
67570,2025-02-16 22:10:00,16.43661993250179,1373.8159865891685,524.0460333333333,2155.4940150177467,2905.494015008747,749.999999991,False,True
67640,2025-02-16 23:20:00,21.422018917915914,1393.3305022412492,538.5751499999999,6284.16907145624,7034.16907144724,749.999999991,False,True
67690,2025-02-17 00:10:00,2.696278820182548,1407.9809454768492,571.9513333333333,8540.687550799734,9290.687550790733,749.999999991,False,True
68020,2025-02-17 05:40:00,542.4289887481522,1499.5663993643388,641.2454333333333,10515.697220436432,10799.999999991,284.3027795545681,True,False
68030,2025-02-17 05:50:00,23.374002297563358,760.1548189723303,736.7808166666666,10799.999999991,10799.999999991,0.0,True,False
68760,2025-02-17 18:00:00,27.265113380606767,728.3402083333332,671.88,10773.724414533546,10799.999999991,26.275585457453776,True,False
68770,2025-02-17 18:10:00,21.877599299589157,701.8805159743561,680.0029166666666,10799.999999991,10799.999999991,0.0,True,False
69000,2025-02-17 22:00:00,45.747441017921794,1402.3191076745884,523.2383333333332,1368.380737008514,2118.380736999514,749.999999991,False,True
69010,2025-02-17 22:10:00,14.974177709489588,1365.9223443661563,517.6148333333333,2118.380736999514,2868.380736990514,749.999999991,False,True
69040,2025-02-17 22:40:00,1.6568370211853027,1388.622753677852,553.6325833333333,3597.9478226467927,4347.947822637792,749.999999991,False,True
69100,2025-02-17 23:40:00,8.623423987633025,1418.028073977633,576.0713166666667,7700.941148479583,8450.941148470583,749.999999991,False,True
69130,2025-02-18 00:10:00,3.129571852427822,1411.5207051757611,575.0577999999999,8505.847360026253,9255.847360017253,749.999999991,False,True
69140,2025-02-18 00:20:00,3.7782084753817946,1407.6084417987151,570.4969,9255.847360017253,10005.847360008253,749.999999991,False,True
69460,2025-02-18 05:40:00,369.17586997403447,1486.5240226448163,642.9746666666666,10373.063862587296,10799.999999991,426.9361374037038,True,False
69470,2025-02-18 05:50:00,0.7974020836321415,718.2559020917324,717.4585,10799.999999991,10799.999999991,0.0,True,False
70440,2025-02-18 22:00:00,5.8151345413146975,1361.423467864648,522.275,1858.5092717707453,2608.5092717607454,749.99999999,False,True
70470,2025-02-18 22:30:00,50.832422975142656,1393.2640896318094,509.09833333333336,3344.8260618025415,4094.8260617935416,749.999999991,False,True
70480,2025-02-18 22:40:00,29.465190534976493,1377.5060071916432,514.7074833333334,4094.8260617935416,4844.826061784542,749.999999991,False,True
70490,2025-02-18 22:50:00,0.32098456034281414,1380.1617845503429,546.5074666666667,4844.826061784542,5594.826061775541,749.999999991,False,True
70500,2025-02-18 23:00:00,2.3791715967457696,1397.5341715867457,561.8216666666666,5594.826061775541,6344.826061766541,749.999999991,False,True
70520,2025-02-18 23:20:00,0.11890435054237175,1390.3403376738756,556.8880999999999,6765.300998587847,7515.300998577847,749.99999999,False,True
70540,2025-02-18 23:40:00,26.00174603730408,1416.5830793606374,557.2479999999999,8259.06941355707,9009.06941354807,749.999999991,False,True
70580,2025-02-19 00:20:00,18.83088613969425,1404.391902796361,552.2276833333333,9306.829475645432,10056.829475636432,749.999999991,False,True
70900,2025-02-19 05:40:00,62.97068841464556,1499.4865217379788,603.1824999999999,9988.160034066223,10738.160034056222,749.99999999,False,True
71960,2025-02-19 23:20:00,37.288316385367686,1406.6588163753677,536.0371666666666,6042.278731971664,6792.278731962663,749.999999991,False,True
71970,2025-02-19 23:30:00,20.471100314712196,1401.4011003047121,547.5966666666666,6792.278731962663,7542.278731953663,749.999999991,False,True
72010,2025-02-20 00:10:00,29.95904006620571,1436.3066067228724,573.0142333333333,8188.252717964514,8938.252717954514,749.99999999,False,True
72020,2025-02-20 00:20:00,21.567533106961257,1441.216599763628,586.3157333333334,8938.252717954514,9688.252717944513,749.99999999,False,True
72340,2025-02-20 05:40:00,706.9056269090615,1505.0063799291374,671.3373333333333,10685.912922272932,10799.999999991,114.08707771806836,True,False
72350,2025-02-20 05:50:00,25.897998021225114,755.8421146959921,729.9441166666667,10799.999999991,10799.999999991,0.0,True,False
73320,2025-02-20 22:00:00,2.839318376755606,1376.4843183667556,540.3116666666666,1611.6284808218256,2361.6284808118257,749.99999999,False,True
73360,2025-02-20 22:40:00,29.059142822583674,1407.2826094792504,544.8901333333333,3834.645890624497,4584.645890615497,749.999999991,False,True
73410,2025-02-20 23:30:00,23.38565711086084,1408.7856571008608,552.0666666666666,6597.047108322836,7347.047108313835,749.999999991,False,True
73420,2025-02-20 23:40:00,34.36195715822827,1417.1196404815616,549.42435,7347.047108313835,8097.047108304835,749.999999991,False,True
74840,2025-02-21 23:20:00,1.8994168076604785,1240.9869667976604,405.7542166666666,5682.621335889786,6432.621335880785,749.999999991,False,True
74850,2025-02-21 23:30:00,28.60510179081563,1241.8151017808157,379.87666666666667,6432.621335880785,7182.621335871785,749.999999991,False,True
74860,2025-02-21 23:40:00,6.57636482852569,1247.3074648185257,407.3977666666666,7182.621335871785,7932.621335862785,749.999999991,False,True
76230,2025-02-22 22:30:00,25.293055011306016,1250.248055001306,391.62166666666667,2925.2056600893516,3675.2056600803517,749.999999991,False,True
76240,2025-02-22 22:40:00,51.19544643487256,1243.6822797582058,359.15349999999995,3675.2056600803517,4425.205660070352,749.99999999,False,True
76250,2025-02-22 22:50:00,29.558021350205756,1233.8558213402057,370.9644666666666,4425.205660070352,5175.205660060352,749.99999999,False,True
76280,2025-02-22 23:20:00,21.962874616794345,1244.4789579401277,389.18275,6337.841004954062,7087.841004944062,749.99999999,False,True
76290,2025-02-22 23:30:00,13.916777570179072,1240.8084442268457,393.5583333333333,7087.841004944062,7837.841004934062,749.99999999,False,True
76660,2025-02-23 05:40:00,11.394387039423343,1477.9859703627567,633.25825,9916.41231339349,10666.41231338449,749.999999991,False,True
77680,2025-02-23 22:40:00,33.81586229145568,1376.879045614789,509.72985,3645.7397242226793,4395.739724213679,749.999999991,False,True
77690,2025-02-23 22:50:00,48.71441870776811,1390.711318697768,508.66356666666667,4395.739724213679,5145.739724204679,749.999999991,False,True
77700,2025-02-23 23:00:00,4.831020370649518,1395.6826870273162,557.5183333333333,5145.739724204679,5895.739724195679,749.999999991,False,True
77740,2025-02-23 23:40:00,3.3392017143037185,1408.1348183709704,571.4622833333333,7767.689026876865,8517.689026867865,749.999999991,False,True
77770,2025-02-24 00:10:00,28.51305997645101,1411.6629932997844,549.8166,8534.081819709718,9284.081819700717,749.999999991,False,True
77780,2025-02-24 00:20:00,34.139911771251256,1415.586978427918,548.1137333333334,9284.081819700717,10034.081819691717,749.999999991,False,True
78100,2025-02-24 05:40:00,666.0854191965072,1485.2947140362617,624.94025,10625.157859635221,10799.999999991,174.84214035577898,True,False
78110,2025-02-24 05:50:00,33.49699767646,745.8795810178937,712.3825833333333,10799.999999991,10799.999999991,0.0,True,False
79110,2025-02-24 22:30:00,17.6203255566786,1380.8619922133453,529.9083333333333,2834.2544579496434,3584.2544579406435,749.999999991,False,True
79120,2025-02-24 22:40:00,7.276412751808372,1389.383479408475,548.7737333333333,3584.2544579406435,4334.254457931644,749.999999991,False,True
79140,2025-02-24 23:00:00,11.602490999948593,1390.6091576566153,545.6733333333333,5084.23207371171,5834.232073702709,749.999999991,False,True
79160,2025-02-24 23:20:00,7.381813953892666,1419.8527306105593,579.1375833333333,6277.911320621637,7027.911320612637,749.999999991,False,True
79180,2025-02-24 23:40:00,6.792743732993123,1409.2566103896597,569.1305333333332,7771.227065492881,8521.227065483881,749.999999991,False,True
79540,2025-02-25 05:40:00,192.25361222420452,1478.2202499356727,643.8062833333333,10222.055681050679,10799.999999991,577.9443189403213,True,False
80550,2025-02-25 22:30:00,2.2866824614547943,1354.7216824514549,519.1016666666667,2630.0494260078403,3380.0494259988404,749.999999991,False,True
80580,2025-02-25 23:00:00,34.83370912622615,1391.6687091162262,523.5016666666667,4857.8956017294495,5607.895601720449,749.999999991,False,True
80650,2025-02-26 00:10:00,13.65333973953431,1409.2284397295343,562.2417666666666,8259.967727172972,9009.967727162972,749.99999999,False,True
80660,2025-02-26 00:20:00,7.179908181175157,1415.3425415045085,574.8293,9009.967727162972,9759.967727153971,749.999999991,False,True
80980,2025-02-26 05:40:00,695.6824860206428,1465.6023378795137,626.7719999999999,10671.166933318016,10799.999999991,128.83306667298382,True,False
80990,2025-02-26 05:50:00,5.857382138342808,709.0023154797764,703.1449333333333,10799.999999991,10799.999999991,0.0,True,False
81960,2025-02-26 22:00:00,15.410479144627622,1395.2721458012943,546.5283333333333,1423.5220791434167,2173.522079133417,749.99999999,False,True
81970,2025-02-26 22:10:00,26.002588245151394,1359.7011215684847,500.3652,2173.522079133417,2923.522079123417,749.99999999,False,True
82000,2025-02-26 22:40:00,16.611683731935152,1401.2481337219351,551.3031166666666,3676.831078107548,4426.831078097548,749.99999999,False,True
82010,2025-02-26 22:50:00,35.01927082032841,1398.2890708103284,529.9364666666667,4426.831078097548,5176.831078087548,749.99999999,False,True
82020,2025-02-26 23:00:00,22.564392188657273,1398.9093921786573,543.0116666666667,5176.831078087548,5926.831078077548,749.99999999,False,True
82060,2025-02-26 23:40:00,30.958082975321524,1430.0601662986548,565.76875,7842.844821982549,8592.844821972549,749.99999999,False,True
82100,2025-02-27 00:20:00,32.12780568998516,1403.6674390133185,538.2062999999999,9283.05478377161,10033.054783761609,749.99999999,False,True
82420,2025-02-27 05:40:00,17.763470235943025,1493.2290035592764,642.1322,10016.7355425567,10766.7355425477,749.999999991,False,True
83400,2025-02-27 22:00:00,3.4038945092270216,1376.2322278325603,539.4949999999999,1312.0597056626173,2062.059705653617,749.999999991,False,True
83410,2025-02-27 22:10:00,0.2194749797256384,1366.1216249697256,532.5688166666666,2062.059705653617,2812.059705644617,749.999999991,False,True
83430,2025-02-27 22:30:00,22.91776487987749,1388.2644315365442,532.0133333333333,2824.5064730028066,3574.5064729938067,749.999999991,False,True
83440,2025-02-27 22:40:00,8.804640670245128,1385.9689406602452,543.8309666666667,3574.5064729938067,4324.506472984806,749.999999991,False,True
83460,2025-02-27 23:00:00,22.67436026384984,1408.367693587183,552.3599999999999,4333.595548438924,5083.595548428924,749.99999999,False,True
83490,2025-02-27 23:30:00,22.826015622179845,1389.7893489455132,533.63,5685.54415240134,6435.5441523913405,749.99999999,False,True
83500,2025-02-27 23:40:00,8.853622352319114,1392.3847890089858,550.1978333333333,6435.5441523913405,7185.544152381341,749.99999999,False,True
84870,2025-02-28 22:30:00,27.22355581248666,1212.24188913582,351.685,2682.4000416281488,3432.400041619149,749.999999991,False,True
84880,2025-02-28 22:40:00,45.123034615479575,1233.282817938813,354.82645,3432.400041619149,4182.400041610149,749.999999991,False,True
84900,2025-02-28 23:00:00,2.558839585900606,1234.7288395759006,398.83666666666664,4211.96527438574,4961.965274376739,749.999999991,False,True
84940,2025-02-28 23:40:00,8.321516101322906,1240.283916091323,398.62906666666663,6014.094788238368,6764.094788229368,749.999999991,False,True
85300,2025-03-01 05:40:00,29.888478546821254,1335.4306785368212,472.20886666666667,7810.166402163544,8560.166402154544,749.999999991,False,True
86340,2025-03-01 23:00:00,27.03893576097061,1241.3689357509706,380.99666666666667,4993.753180648073,5743.7531806390725,749.999999991,False,True
86380,2025-03-01 23:40:00,2.316695261987312,1216.842911918654,381.19288333333327,7661.899203913144,8411.899203904144,749.999999991,False,True
86410,2025-03-02 00:10:00,40.45680620933705,1434.0371228660038,560.2469833333333,8462.519268480159,9212.519268470158,749.99999999,False,True
86420,2025-03-02 00:20:00,23.287444522221783,1415.9252278455551,559.30445,9212.519268470158,9962.519268461157,749.999999991,False,True
86730,2025-03-02 05:30:00,54.13175607057881,688.4069727111331,623.6733333333333,10790.458305014501,10799.999999991,9.541694976498908,True,False
86740,2025-03-02 05:40:00,860.3932420646353,1468.2666087394023,607.8733666666667,10799.999999991,10799.999999991,0.0,True,False
86750,2025-03-02 05:50:00,35.90363227455346,712.0043822826538,676.10075,10799.999999991,10799.999999991,0.0,True,False
87720,2025-03-02 22:00:00,33.350720413442325,1384.1090537367756,517.425,1209.7301871872694,1959.7301871782693,749.999999991,False,True
87730,2025-03-02 22:10:00,12.472901993113616,1356.1641019831136,510.3578666666666,1959.7301871782693,2709.7301871692694,749.999999991,False,True
87750,2025-03-02 22:30:00,12.066099806459754,1375.8377664631264,530.4383333333333,2725.4363924487016,3475.4363924397016,749.999999991,False,True
87780,2025-03-02 23:00:00,9.646100396265858,1380.4277670529325,537.4483333333333,4939.743895946029,5689.743895936029,749.99999999,False,True
87810,2025-03-02 23:30:00,0.7268691651047369,1405.8468691551047,571.7866666666666,6846.300526100728,7596.300526091728,749.999999991,False,True
88180,2025-03-03 05:40:00,906.5018444688893,1468.289553791689,553.4757166666666,10792.51920660048,10799.999999991,7.480793390519841,True,False
88190,2025-03-03 05:50:00,84.7295116006612,724.4424616087615,639.71295,10799.999999991,10799.999999991,0.0,True,False
89220,2025-03-03 23:00:00,5.296750288103559,1373.3967502781036,534.7666666666667,4860.183047971696,5610.183047962696,749.999999991,False,True
89240,2025-03-03 23:20:00,34.94891487984386,1405.2288815365105,536.9466333333332,6086.352818331478,6836.352818322478,749.999999991,False,True
89250,2025-03-03 23:30:00,22.682455333836735,1407.3774553238368,551.3616666666667,6836.352818322478,7586.352818313478,749.999999991,False,True
89290,2025-03-04 00:10:00,21.101347776740106,1422.2842144334068,567.8495333333333,8294.181120436053,9044.181120426052,749.99999999,False,True
89300,2025-03-04 00:20:00,4.498336208802804,1411.4767528654695,573.6450833333333,9044.181120426052,9794.181120417052,749.999999991,False,True
89620,2025-03-04 05:40:00,611.964765231281,1478.9935293235717,612.7403666666667,10571.140442307938,10799.999999991,228.85955768306158,True,False
89630,2025-03-04 05:50:00,61.360235484110525,742.9784854922108,681.61825,10799.999999991,10799.999999991,0.0,True,False
90610,2025-03-04 22:10:00,37.777009934505365,1384.5075432578387,513.3972,2094.49378422581,2844.49378421681,749.999999991,False,True
90640,2025-03-04 22:40:00,0.07291835894704152,1363.8478516822804,530.4416,3574.0047029655166,4324.004702956517,749.999999991,False,True
90650,2025-03-04 22:50:00,21.016231855321386,1372.7269818453215,518.3774166666667,4324.004702956517,5074.004702947516,749.999999991,False,True
90690,2025-03-04 23:30:00,2.3069944934261377,1416.0153278167595,580.375,6954.706685778143,7704.7066857691425,749.999999991,False,True
90740,2025-03-05 00:20:00,5.780171692331684,1408.2247716823317,569.1112666666667,9099.17689994944,9849.176899939439,749.99999999,False,True
91020,2025-03-05 05:00:00,29.5536919721281,661.083291606794,598.3683333333333,10770.1548603198,10799.999999991,29.845139671199284,True,False
91030,2025-03-05 05:10:00,45.86275202973432,665.1779687045013,619.3152166666666,10799.999999991,10799.999999991,0.0,True,False
91040,2025-03-05 05:20:00,45.43513173384352,675.7409317419438,630.3058,10799.999999991,10799.999999991,0.0,True,False
91050,2025-03-05 05:30:00,55.2874420225671,667.7924420306674,612.505,10799.999999991,10799.999999991,0.0,True,False
91060,2025-03-05 05:40:00,867.5229136218971,1463.4913969633308,595.9684833333333,10799.999999991,10799.999999991,0.0,True,False
91070,2025-03-05 05:50:00,11.150440461960418,704.2416738033941,693.0912333333333,10799.999999991,10799.999999991,0.0,True,False
92040,2025-03-05 22:00:00,5.13548166369275,1371.608814987026,533.14,1517.0646605558534,2267.0646605468532,749.999999991,False,True
92070,2025-03-05 22:30:00,11.245908407593099,1397.3259083975931,552.7466666666667,2983.4147921340536,3733.4147921250537,749.999999991,False,True
92100,2025-03-05 23:00:00,12.508679103910929,1374.3753457605776,528.5333333333333,5182.41372815135,5932.41372814235,749.999999991,False,True
92130,2025-03-05 23:30:00,7.4341301239758115,1393.9591301139758,553.1916666666666,7166.247717026377,7916.247717017377,749.999999991,False,True
92140,2025-03-05 23:40:00,10.730401180750498,1398.8855178374172,554.8217833333333,7916.247717017377,8666.247717008377,749.999999991,False,True
92500,2025-03-06 05:40:00,538.0356427535527,1479.4763687723093,628.5495,10518.397896574119,10799.999999991,281.602103416881,True,False
92510,2025-03-06 05:50:00,22.73752161006283,716.1098549514965,693.3723333333334,10799.999999991,10799.999999991,0.0,True,False
94980,2025-03-07 23:00:00,28.572719281473603,1222.5027192714736,360.59666666666664,5025.092035972774,5775.092035963774,749.999999991,False,True
95000,2025-03-07 23:20:00,1.0563443742357697,1242.197777697569,407.80809999999997,5806.44934429892,6556.449344289919,749.999999991,False,True
96360,2025-03-08 22:00:00,19.0886443566851,1235.6986443466851,383.27666666666664,1286.5101554388857,2036.5101554288858,749.99999999,False,True
96390,2025-03-08 22:30:00,14.242415639390735,1231.215748962724,383.64,2741.6496218117436,3491.6496218027437,749.999999991,False,True
96420,2025-03-08 23:00:00,14.603814452730596,1220.1354811093972,372.1983333333333,4933.020660133134,5683.020660124133,749.999999991,False,True
96440,2025-03-08 23:20:00,7.716790214434346,1238.631406871101,397.5812833333333,6145.033576486366,6895.033576477365,749.999999991,False,True
96450,2025-03-08 23:30:00,16.05173292281892,1233.7900662461523,384.405,6895.033576477365,7645.033576468365,749.999999991,False,True
96460,2025-03-08 23:40:00,5.387809835704835,1214.0010098257048,375.27986666666663,7645.033576468365,8395.033576459366,749.999999991,False,True
96490,2025-03-09 00:10:00,16.110421721107734,1398.1900883777744,548.7463333333333,8395.443847233002,9145.443847223001,749.99999999,False,True
96500,2025-03-09 00:20:00,19.661623409273822,1392.5640900659405,539.5691333333333,9145.443847223001,9895.443847213,749.99999999,False,True
96820,2025-03-09 05:40:00,42.479553982867166,1447.6426873062005,571.8298,10044.157925460157,10794.157925450156,749.99999999,False,True
96830,2025-03-09 05:50:00,27.24253630669167,685.4839969065187,651.7502666666667,10794.157925450156,10799.99999999,5.842074539844256,True,False
97580,2025-03-09 18:20:00,21.99194741833146,745.1495625584647,713.8572833333333,10791.62970136488,10799.999999991,8.370298626119979,True,False
97590,2025-03-09 18:30:00,0.04973553181353054,729.4597355399138,729.41,10799.999999991,10799.999999991,0.0,True,False
97830,2025-03-09 22:30:00,1.3970463233796329,1369.0320463133796,534.3016666666666,3000.305955235655,3750.305955225655,749.99999999,False,True
97860,2025-03-09 23:00:00,13.947751995631158,1377.0894186522978,529.8083333333333,5241.793784104292,5991.793784095292,749.999999991,False,True
97880,2025-03-09 23:20:00,25.68085034185514,1408.3456336651884,549.3314499999999,6466.126801615385,7216.126801606385,749.999999991,False,True
97890,2025-03-09 23:30:00,8.649491796926547,1406.4944917869266,564.5116666666667,7216.126801606385,7966.126801597385,749.999999991,False,True
97900,2025-03-09 23:40:00,7.84935938331511,1413.8136927066485,572.631,7966.126801597385,8716.126801587385,749.99999999,False,True
99250,2025-03-10 22:10:00,9.572969135730084,1367.4734357923967,524.5671333333332,2003.846936340994,2753.846936330994,749.99999999,False,True
99340,2025-03-10 23:40:00,31.630001712826463,1408.8535517028265,543.8902166666667,7572.67832107849,8322.67832106949,749.999999991,False,True
99700,2025-03-11 05:40:00,465.3859538066104,1455.424583768242,604.9340166666666,10453.405848025532,10799.999999991,346.59415196546837,True,False
99710,2025-03-11 05:50:00,36.46753389970181,697.0674005744688,660.5998666666667,10799.999999991,10799.999999991,0.0,True,False
100680,2025-03-11 22:00:00,4.381338736964145,1374.2446720602975,536.53,1447.0099655136848,2197.0099655036847,749.99999999,False,True
100710,2025-03-11 22:30:00,6.701097424206174,1383.1144307475395,543.0799999999999,2901.58668892782,3651.58668891782,749.99999999,False,True
100740,2025-03-11 23:00:00,35.388807619080005,1381.50380760908,512.7816666666666,5083.495111270692,5833.495111261692,749.999999991,False,True
100760,2025-03-11 23:20:00,22.168300288056223,1416.3256336113895,560.824,6306.231954093902,7056.231954083902,749.99999999,False,True
100770,2025-03-11 23:30:00,51.78170302486398,1414.6733696815306,529.5583333333333,7056.231954083902,7806.231954073902,749.99999999,False,True
100780,2025-03-11 23:40:00,64.15603384959921,1422.5493005062658,525.0599333333332,7806.231954073902,8556.231954063902,749.99999999,False,True
102220,2025-03-12 23:40:00,14.174852033311474,1394.5836853566448,547.0754999999999,7478.932650515694,8228.932650506695,749.999999991,False,True
102580,2025-03-13 05:40:00,705.0524172848294,1476.5601314401047,600.5139666666666,10646.105627251252,10799.999999991,153.89437273974764,True,False
102590,2025-03-13 05:50:00,12.228759816346928,708.6924098244472,696.4636499999999,10799.999999991,10799.999999991,0.0,True,False
103600,2025-03-13 22:40:00,1.0818298908507051,1396.940663214184,562.5255,3363.9430685981215,4113.943068589121,749.999999991,False,True
103620,2025-03-13 23:00:00,22.61951034411924,1405.6461770007859,549.6933333333333,4132.104315325983,4882.104315316983,749.999999991,False,True
105000,2025-03-14 22:00:00,25.71024648605816,1240.400246476058,381.3566666666666,1547.2915638921088,2297.2915638821087,749.99999999,False,True
105010,2025-03-14 22:10:00,9.718912935778341,1209.4044462591116,366.3521999999999,2297.2915638821087,3047.291563872109,749.99999999,False,True
105030,2025-03-14 22:30:00,20.370641594206738,1236.79397491754,383.09,3059.7988211990123,3809.7988211890124,749.99999999,False,True
106440,2025-03-15 22:00:00,2.3217917785364,1220.0767917685364,384.4216666666667,1381.3727244515633,2131.372724442563,749.999999991,False,True
106470,2025-03-15 22:30:00,9.828025774569817,1220.2663590979032,377.105,2867.5795736792984,3617.5795736702985,749.999999991,False,True
106900,2025-03-16 05:40:00,292.26090019053674,1423.166362981325,586.01305,10309.59682847929,10799.999999991,490.40317151170933,True,False
107880,2025-03-16 22:00:00,6.65393046348344,1394.7222637868167,554.7349999999999,1638.0700574925465,2388.0700574825464,749.99999999,False,True
107980,2025-03-16 23:40:00,5.207281030914024,1407.895681020914,569.3550666666666,7929.10001389421,8679.10001388521,749.999999991,False,True
108020,2025-03-17 00:20:00,16.512574557546024,1416.8024912142128,566.9565833333334,9291.207286519882,10041.207286509882,749.99999999,False,True
108340,2025-03-17 05:40:00,397.27172111469804,1420.2071548428771,575.9375,10397.701859634639,10799.99999999,402.29814035536117,True,False
108350,2025-03-17 05:50:00,30.406310680472963,665.2000273561403,634.7937166666666,10799.99999999,10799.99999999,0.0,True,False
109320,2025-03-17 22:00:00,28.074025211273685,1401.5040252012736,540.0966666666666,1654.590142951683,2404.590142941683,749.99999999,False,True
109330,2025-03-17 22:10:00,21.929108472568707,1361.161841795902,505.8994,2404.590142941683,3154.590142931683,749.99999999,False,True
109350,2025-03-17 22:30:00,23.148281527118108,1409.5799481837848,553.0983333333334,3167.8842832918385,3917.8842832818386,749.99999999,False,True
109360,2025-03-17 22:40:00,19.08748389646552,1413.5420672197988,561.1212499999999,3917.8842832818386,4667.884283271838,749.99999999,False,True
109370,2025-03-17 22:50:00,22.264228718976817,1397.4541620423101,541.8566,4667.884283271838,5417.884283261838,749.99999999,False,True
109380,2025-03-17 23:00:00,34.26856547032525,1382.2268987936586,514.625,5417.884283261838,6167.8842832518385,749.99999999,False,True
109400,2025-03-17 23:20:00,14.606972431764909,1405.3277724217648,557.3874666666666,6610.546275352193,7360.546275342193,749.99999999,False,True
109780,2025-03-18 05:40:00,53.11723378774024,1437.4523671110737,551.0018,9874.342681177897,10624.342681167896,749.99999999,False,True
110800,2025-03-18 22:40:00,20.34795963812075,1392.684992961454,539.0037,3664.3890737992706,4414.389073789271,749.99999999,False,True
110810,2025-03-18 22:50:00,2.892342039522979,1383.4330586961896,547.2073833333333,4414.389073789271,5164.389073779271,749.99999999,False,True
110840,2025-03-18 23:20:00,26.880658309768926,1399.8492749664356,539.6352833333333,6269.068742544733,7019.068742535733,749.999999991,False,True
110850,2025-03-18 23:30:00,12.977268084581503,1378.6989347412482,532.3883333333333,7019.068742535733,7769.068742526732,749.999999991,False,True
110900,2025-03-19 00:20:00,29.375344435199047,1412.3631777585324,549.6545,9163.096171323432,9913.096171313431,749.99999999,False,True
111220,2025-03-19 05:40:00,395.41400556142366,1444.3474722243072,589.90905,10386.878024994405,10799.999999991,413.1219749965952,True,False
111230,2025-03-19 05:50:00,14.751433816182134,697.3641504909491,682.6127166666666,10799.999999991,10799.999999991,0.0,True,False
112230,2025-03-19 22:30:00,40.93840093726316,1400.1167342605966,525.845,3228.1083122181763,3978.1083122081764,749.99999999,False,True
112240,2025-03-19 22:40:00,44.93989760702879,1418.638530930362,540.3652999999999,3978.1083122081764,4728.1083121981765,749.99999999,False,True
112250,2025-03-19 22:50:00,31.42886921165529,1417.9769525349886,553.21475,4728.1083121981765,5478.108312188177,749.99999999,False,True
112260,2025-03-19 23:00:00,14.396207030433509,1398.4462070204336,550.7166666666667,5478.108312188177,6228.108312178177,749.99999999,False,True
112280,2025-03-19 23:20:00,3.264360876596121,1397.4037108665962,560.8060166666667,6645.5955548856155,7395.595554875616,749.99999999,False,True
112290,2025-03-19 23:30:00,11.664201447867065,1403.014201437867,558.0166666666667,7395.595554875616,8145.595554865616,749.99999999,False,True
112300,2025-03-19 23:40:00,15.844439011171282,1385.8916723345046,536.7139,8145.595554865616,8895.595554855616,749.99999999,False,True
112340,2025-03-20 00:20:00,8.494263717634105,1412.1410970409675,570.3135,9334.310779644338,10084.310779635338,749.999999991,False,True
112660,2025-03-20 05:40:00,32.695467359871934,1442.3354340165388,576.3066333333334,9847.887359510409,10597.887359500408,749.99999999,False,True
113650,2025-03-20 22:10:00,10.8598143378183,1383.0946143278184,538.9014666666667,2040.1565873854229,2790.156587376423,749.999999991,False,True
113670,2025-03-20 22:30:00,14.291925671565984,1390.2652589948993,542.64,2804.930997673251,3554.930997663251,749.99999999,False,True
113680,2025-03-20 22:40:00,35.01128751844475,1392.366720841778,524.0220999999999,3554.930997663251,4304.930997653251,749.99999999,False,True
113700,2025-03-20 23:00:00,4.675955457743263,1387.4092887810766,549.4,4333.105801325559,5083.105801315559,749.99999999,False,True
113730,2025-03-20 23:30:00,16.472578548887206,1394.4275785388872,544.6216666666667,5269.82162325056,6019.82162324056,749.99999999,False,True
115080,2025-03-21 22:00:00,13.955677588922065,1217.720677578922,370.4316666666667,1202.537495437957,1952.5374954289568,749.999999991,False,True
116530,2025-03-22 22:10:00,23.09276471841212,1220.8269813750787,364.4008833333333,2398.7475764344726,3148.7475764244728,749.99999999,False,True
116560,2025-03-22 22:40:00,3.425718590669468,1236.143985247336,399.3849333333333,3882.0708235297707,4632.070823519771,749.99999999,False,True
116570,2025-03-22 22:50:00,20.5906288943197,1243.4811788843197,389.55721666666665,4632.070823519771,5382.070823509771,749.99999999,False,True
116620,2025-03-22 23:40:00,11.643131541997711,1239.2519481986644,394.27548333333334,7982.691089613571,8732.691089603572,749.99999999,False,True
116980,2025-03-23 05:40:00,8.77252438325285,1413.1565077065861,571.0506499999999,9470.830288986237,10220.830288976236,749.99999999,False,True
118010,2025-03-23 22:50:00,0.05202208721265495,1378.4565387438793,545.0711833333332,4383.549758808812,5133.549758799812,749.999999991,False,True
118020,2025-03-23 23:00:00,5.24491090188939,1372.8982442252227,534.3199999999999,5133.549758799812,5883.549758789812,749.99999999,False,True
118040,2025-03-23 23:20:00,26.031788954234564,1403.739222277568,544.3741,6308.179790585076,7058.179790575076,749.99999999,False,True
118050,2025-03-23 23:30:00,32.88716210617189,1406.9904954295052,540.77,7058.179790575076,7808.1797905650765,749.99999999,False,True
118060,2025-03-23 23:40:00,11.49420326205324,1404.3251532520533,559.4976166666667,7808.1797905650765,8558.179790555076,749.99999999,False,True
118420,2025-03-24 05:40:00,7.131628753634004,1406.5545660612393,590.6121833333333,10072.070321413155,10799.99999999,727.9296785768446,True,False
119440,2025-03-24 22:40:00,18.500268628952192,1397.7751686189522,545.9415666666666,3756.236703428394,4506.2367034183935,749.99999999,False,True
119480,2025-03-24 23:20:00,11.516417879914108,1391.7193345365808,546.8695833333334,6325.058379218581,7075.05837920958,749.999999991,False,True
119490,2025-03-24 23:30:00,44.015839580649974,1412.31583957065,534.9666666666667,7075.05837920958,7825.05837920058,749.999999991,False,True
119860,2025-03-25 05:40:00,67.65594757695976,1405.4392038057615,593.8867166666666,10130.493114384079,10799.99999999,669.5068856059214,True,False
120840,2025-03-25 22:00:00,2.3404351975916518,1388.403768520925,552.73,1239.793497228852,1989.7934972198518,749.999999991,False,True
120870,2025-03-25 22:30:00,14.167549392174685,1389.545882715508,542.045,2746.07252128042,3496.07252127142,749.999999991,False,True
120900,2025-03-25 23:00:00,19.08854373082351,1392.8518770541568,540.43,4926.52712362263,5676.52712361363,749.999999991,False,True
120940,2025-03-25 23:40:00,12.745660715831484,1398.1842940391648,552.1052999999999,7514.588452934644,8264.588452925644,749.999999991,False,True
120970,2025-03-26 00:10:00,20.473045498028448,1401.9531288213618,548.14675,8292.870669073967,9042.870669063966,749.99999999,False,True
120980,2025-03-26 00:20:00,6.28060479336954,1390.6205547833695,551.0066166666666,9042.870669063966,9792.870669054966,749.999999991,False,True
122280,2025-03-26 22:00:00,43.24460327437702,1394.2312699310437,517.6533333333333,1401.2169750643131,2151.216975055313,749.999999991,False,True
122340,2025-03-26 23:00:00,9.636872068396535,1385.36520539173,542.395,5046.526504763524,5796.526504754524,749.999999991,False,True
122360,2025-03-26 23:20:00,19.729101035421984,1395.270401025422,542.2079666666666,6242.551067994941,6992.551067985941,749.999999991,False,True
122410,2025-03-27 00:10:00,7.445859934317688,1398.1389599243178,557.3597666666667,8426.013540851369,9176.013540841368,749.99999999,False,True
122420,2025-03-27 00:20:00,30.885125067182564,1410.2129750571826,545.9945166666666,9176.013540841368,9926.013540831367,749.99999999,False,True
123730,2025-03-27 22:10:00,14.07214059486568,1374.2748072515324,526.8693333333333,2261.3361690173415,3011.3361690083416,749.999999991,False,True
125160,2025-03-28 22:00:00,22.96593545290647,1203.2909354429064,346.9916666666666,1490.239544014505,2240.239544004505,749.99999999,False,True
125170,2025-03-28 22:10:00,12.313394684182292,1203.4491946741823,357.80246666666665,2240.239544004505,2990.2395439945053,749.99999999,False,True
125190,2025-03-28 22:30:00,24.038314936240674,1243.5749815929073,386.20333333333326,3011.989892264072,3761.989892254072,749.99999999,False,True
125220,2025-03-28 23:00:00,9.08654423383097,1223.981544223831,381.5616666666666,4474.408032443122,5224.408032433122,749.99999999,False,True
125250,2025-03-28 23:30:00,4.705486547895126,1266.490486537895,428.45166666666665,5235.452375933764,5985.4523759237645,749.99999999,False,True
126680,2025-03-29 23:20:00,34.47056644983717,1249.8614497731705,382.05755,6253.591646169391,7003.591646160391,749.999999991,False,True
126690,2025-03-29 23:30:00,24.713686664481536,1259.4703533211482,401.4233333333333,7003.591646160391,7753.591646151391,749.999999991,False,True
126700,2025-03-29 23:40:00,12.386815215879658,1228.764348539213,383.04419999999993,7753.591646151391,8503.591646142391,749.999999991,False,True
128040,2025-03-30 22:00:00,42.92380645511559,1406.1904731117822,529.9333333333333,1414.4942421539006,2164.4942421439005,749.99999999,False,True
128070,2025-03-30 22:30:00,0.471791921347168,1379.421791911347,545.6166666666666,2870.830319274313,3620.830319264313,749.99999999,False,True
128080,2025-03-30 22:40:00,5.973479762505796,1381.9929964191724,542.6861833333332,3620.830319264313,4370.830319254313,749.99999999,False,True
129490,2025-03-31 22:10:00,0.2888196367906551,1357.228652960124,523.6065,2126.993920976098,2876.993920967098,749.999999991,False,True
129510,2025-03-31 22:30:00,29.379670461673065,1396.629670451673,533.9166666666666,2901.0907623451203,3651.0907623361204,749.999999991,False,True
129520,2025-03-31 22:40:00,2.434033659359094,1386.3440836493592,550.5767166666667,3651.0907623361204,4401.0907623271205,749.999999991,False,True
129530,2025-03-31 22:50:00,2.1777001281952755,1383.3818334515286,547.8707999999999,4401.0907623271205,5151.09076231812,749.999999991,False,True
129540,2025-03-31 23:00:00,35.41013911545087,1395.6168057721175,526.8733333333332,5151.09076231812,5901.09076230912,749.999999991,False,True
129560,2025-03-31 23:20:00,1.9337936330562036,1383.6761936230562,548.4090666666666,6356.499115088422,7106.499115079421,749.999999991,False,True
129580,2025-03-31 23:40:00,27.261051850292,1420.5851185069587,559.9907333333333,7823.818533784407,8573.818533775408,749.999999991,False,True
130920,2025-04-01 22:00:00,11.57544939317858,1382.2671160498453,537.3583333333333,1305.324126715359,2055.324126706359,749.999999991,False,True
130930,2025-04-01 22:10:00,18.627085882650583,1382.622869205984,530.66245,2055.324126706359,2805.324126697359,749.999999991,False,True
130950,2025-04-01 22:30:00,15.816411996645904,1376.6197453199793,527.47,2814.2956435370625,3564.2956435270626,749.99999999,False,True
130960,2025-04-01 22:40:00,44.71851861000368,1404.3600352666704,526.3081833333333,3564.2956435270626,4314.295643517063,749.99999999,False,True
130970,2025-04-01 22:50:00,26.910180145656447,1402.7545468023231,542.5110333333333,4314.295643517063,5064.295643507063,749.99999999,False,True
131000,2025-04-01 23:20:00,15.753264168621278,1412.5766474919546,563.49005,6211.116187319891,6961.116187309891,749.99999999,False,True
131010,2025-04-01 23:30:00,9.856907964208965,1400.376907954209,557.1866666666666,6961.116187309891,7711.116187299891,749.99999999,False,True
131020,2025-04-01 23:40:00,10.457786628756018,1385.0722532854227,541.2811333333333,7711.116187299891,8461.11618728989,749.99999999,False,True
132370,2025-04-02 22:10:00,11.24488673345251,1385.9709367234525,541.3927166666666,1937.1464314586701,2687.14643144967,749.999999991,False,True
132390,2025-04-02 22:30:00,12.5456204012064,1382.5639537245397,536.685,2708.7893889875677,3458.789388978568,749.999999991,False,True
132400,2025-04-02 22:40:00,35.05044349431977,1389.8645101509865,521.4807333333333,3458.789388978568,4208.789388969568,749.999999991,False,True
132410,2025-04-02 22:50:00,39.5045124445736,1396.7359624345736,523.8981166666666,4208.789388969568,4958.7893889605675,749.999999991,False,True
132450,2025-04-02 23:30:00,28.109209657538933,1411.6575429808722,550.2149999999999,6808.42867066091,7558.42867065191,749.999999991,False,True
132820,2025-04-03 05:40:00,7.8691473026363985,1426.3022472926364,585.0997666666666,9909.34662385842,10659.34662384842,749.99999999,False,True
133800,2025-04-03 22:00:00,23.259605879168696,1388.3196058691688,531.7266666666667,1391.699037520856,2141.699037511856,749.999999991,False,True
133830,2025-04-03 22:30:00,34.51744940836874,1382.9424493983688,515.0916666666667,2883.8407363375923,3633.8407363275924,749.99999999,False,True
133840,2025-04-03 22:40:00,5.794742917728846,1386.4771595743955,547.3490833333333,3633.8407363275924,4383.840736317592,749.99999999,False,True
135280,2025-04-04 22:40:00,0.6121020992500156,1231.8035354225833,397.8581,3742.304146814729,4492.304146805729,749.999999991,False,True
135330,2025-04-04 23:30:00,11.628264378428177,1261.7949310350948,416.8333333333333,4691.148350136298,5441.148350126298,749.99999999,False,True
136710,2025-04-05 22:30:00,33.60523766429332,1238.2785709876266,371.34,2936.73612890672,3686.73612889772,749.999999991,False,True
136740,2025-04-05 23:00:00,12.28470502235563,1230.4697050123557,384.8516666666667,5178.9837706352655,5928.983770626265,749.999999991,False,True
136810,2025-04-06 00:10:00,28.98532451909079,1428.6946245090908,566.3759666666666,8521.004435623798,9271.004435613797,749.99999999,False,True
136820,2025-04-06 00:20:00,36.95719016662576,1408.1604568232924,537.8699333333333,9271.004435613797,10021.004435604797,749.999999991,False,True
137140,2025-04-06 05:40:00,116.94536765353563,1423.9429408762671,589.3258833333333,10154.095479090542,10799.999999991,645.9045209004584,True,False
138120,2025-04-06 22:00:00,15.591992158216037,1373.2586588148827,524.3333333333333,1307.3588825399006,2057.3588825309007,749.999999991,False,True
138130,2025-04-06 22:10:00,22.876991895974463,1380.6969418859744,524.4866166666666,2057.3588825309007,2807.358882521901,749.999999991,False,True
138150,2025-04-06 22:30:00,10.02574076576024,1377.6090740890936,534.25,2824.464108206226,3574.464108197226,749.999999991,False,True
138160,2025-04-06 22:40:00,5.493051832589564,1376.5128018225896,537.6864166666667,3574.464108197226,4324.4641081882255,749.999999991,False,True
138170,2025-04-06 22:50:00,7.150420241087537,1377.3454035644208,536.8616499999999,4324.4641081882255,5074.464108179225,749.999999991,False,True
138180,2025-04-06 23:00:00,5.686090307004284,1369.0210902970043,530.0016666666667,5074.464108179225,5824.464108170225,749.999999991,False,True
138250,2025-04-07 00:10:00,26.631278085138995,1419.6900447418057,559.7254333333333,8492.480663286493,9242.480663276492,749.99999999,False,True
138260,2025-04-07 00:20:00,3.5126918533988976,1412.2425251767322,575.3965,9242.480663276492,9992.480663267492,749.999999991,False,True
138580,2025-04-07 05:40:00,18.91951639200635,1430.4218663820063,578.1690166666666,9676.26174264412,10426.261742634118,749.99999999,False,True
139560,2025-04-07 22:00:00,2.4463997588732047,1384.5897330822065,548.81,1200.000000011111,1950.000000002111,749.999999991,False,True
139660,2025-04-07 23:40:00,2.862056548087927,1392.180406538088,555.9850166666666,7387.989882571215,8137.989882562215,749.999999991,False,True
139700,2025-04-08 00:20:00,8.069450617072555,1425.8586672737392,584.4558833333333,8887.611214801931,9637.61121479193,749.99999999,False,True
140020,2025-04-08 05:40:00,516.0907451761085,1448.4984658100284,584.6939666666666,10487.057621420472,10799.999999991,312.942378570528,True,False
141000,2025-04-08 22:00:00,10.910869078473063,1373.0775357351397,528.8333333333333,1330.6502231538934,2080.6502231438935,749.99999999,False,True
141130,2025-04-09 00:10:00,26.875401468340776,1434.9124181250074,574.7036833333333,8294.670422027553,9044.670422017552,749.99999999,False,True
141140,2025-04-09 00:20:00,21.449221802388017,1428.7800884590547,573.9975333333333,9044.670422017552,9794.670422008552,749.999999991,False,True
141460,2025-04-09 05:40:00,524.3486483778719,1459.6771933344044,589.2235,10488.50545953012,10799.999999991,311.49454046087925,True,False
141470,2025-04-09 05:50:00,29.492408122966,685.3265081310664,655.8341,10799.999999991,10799.999999991,0.0,True,False
142500,2025-04-09 23:00:00,19.86251893999451,1377.7258522633279,524.53,5203.89594002261,5953.89594001361,749.999999991,False,True
142580,2025-04-10 00:20:00,30.51772700045762,1419.0314769904576,555.1804166666666,9309.318862607248,10059.318862598248,749.999999991,False,True
142900,2025-04-10 05:40:00,31.595352659100847,1420.2779193157676,555.3492333333334,10021.728820752189,10771.728820742188,749.99999999,False,True
143920,2025-04-10 22:40:00,4.524900244592792,1378.2905169012595,540.4322833333333,3399.210540031554,4149.210540022554,749.999999991,False,True
145780,2025-04-12 05:40:00,13.213268324724702,1290.7576349813912,444.2110333333333,5520.920849808415,6270.920849799415,749.999999991,False,True
146760,2025-04-12 22:00:00,3.2000191936873454,1234.8050191836874,398.27166666666665,1421.934160673481,2171.934160663481,749.99999999,False,True
146790,2025-04-12 22:30:00,15.72733065112265,1211.7889973077893,362.7283333333333,2923.0092296787434,3673.0092296687435,749.99999999,False,True
146840,2025-04-12 23:20:00,3.9466154622249325,1252.5849487855583,415.30499999999995,6266.746408863215,7016.746408854215,749.999999991,False,True
146850,2025-04-12 23:30:00,24.640749258369844,1257.1824159150365,399.2083333333333,7016.746408854215,7766.746408844215,749.99999999,False,True
146860,2025-04-12 23:40:00,23.701753921407764,1230.235137244741,373.20005,7766.746408844215,8516.746408834215,749.99999999,False,True
147220,2025-04-13 05:40:00,78.11083595245496,1417.8962790630553,554.3256666666666,10093.08620119146,10799.999999991,706.9137987995405,True,False
148210,2025-04-13 22:10:00,6.586384231902335,1364.221100888569,524.3013833333333,2359.998864618514,3109.998864609514,749.999999991,False,True
148280,2025-04-13 23:20:00,42.843945238192866,1392.8924285615262,516.71515,6481.050605733504,7231.050605724504,749.999999991,False,True
148290,2025-04-13 23:30:00,22.331280985919868,1402.8779476425866,547.2133333333334,7231.050605724504,7981.0506057155035,749.999999991,False,True
148300,2025-04-13 23:40:00,6.380384861638951,1413.4215681849723,573.70785,7981.0506057155035,8731.050605706503,749.999999991,False,True
148340,2025-04-14 00:20:00,19.82991907777693,1408.0497357344436,554.8864833333333,9335.789400711066,10085.789400702066,749.999999991,False,True
149640,2025-04-14 22:00:00,17.682610643779974,1383.8709439671134,532.855,1439.3236223436031,2189.323622334603,749.999999991,False,True
149650,2025-04-14 22:10:00,5.64926190836558,1361.9854285650322,523.0028333333332,2189.323622334603,2939.323622325603,749.999999991,False,True
149680,2025-04-14 22:40:00,16.135923132323676,1389.287756455657,539.8185,3679.2623674524443,4429.262367443444,749.999999991,False,True
149690,2025-04-14 22:50:00,28.983647660481658,1392.4733143171484,530.1563333333334,4429.262367443444,5179.2623674334445,749.99999999,False,True
149700,2025-04-14 23:00:00,18.692799078666887,1392.6327990686668,540.6066666666666,5179.2623674334445,5929.262367423445,749.99999999,False,True
149730,2025-04-14 23:30:00,31.784670780511867,1419.7946707705119,554.6766666666666,7068.795961187669,7818.795961177669,749.99999999,False,True
149770,2025-04-15 00:10:00,18.36035015339518,1417.2676001433952,565.5739166666666,8549.921356864706,9299.921356854706,749.99999999,False,True
149780,2025-04-15 00:20:00,5.616211501768809,1409.2911114917688,570.3415666666666,9299.921356854706,10049.921356845705,749.999999991,False,True
150100,2025-04-15 05:40:00,97.44671689205892,1415.151057247036,589.3608666666667,10144.49087367152,10799.999999991,655.5091263194794,True,False
151090,2025-04-15 22:10:00,18.678325755019266,1378.610342411686,526.5986833333333,2153.3686310732005,2903.3686310642006,749.999999991,False,True
151110,2025-04-15 22:30:00,31.067659229913936,1383.8843258865807,519.4833333333333,2935.618857593345,3685.6188575843453,749.999999991,False,True
151120,2025-04-15 22:40:00,25.141509728229714,1384.906443051563,526.4315999999999,3685.6188575843453,4435.618857574345,749.99999999,False,True
151130,2025-04-15 22:50:00,5.138784873778824,1398.3839681971122,559.91185,4435.618857574345,5185.6188575643455,749.99999999,False,True
151160,2025-04-15 23:20:00,41.2376436160506,1407.0124102727173,532.4414333333333,6360.60235985773,7110.60235984773,749.99999999,False,True
151170,2025-04-15 23:30:00,9.967122751312893,1395.8737894079795,552.5733333333333,7110.60235984773,7860.602359837731,749.99999999,False,True
151540,2025-04-16 05:40:00,16.74123167755055,1418.4982150008839,568.42365,9530.297662559213,10280.297662549212,749.99999999,False,True
152520,2025-04-16 22:00:00,33.46313631010013,1401.6764696334335,534.88,1223.2339015577816,1973.2339015487814,749.999999991,False,True
152550,2025-04-16 22:30:00,29.75472765330982,1401.9897276433098,538.9016666666666,2709.399844812462,3459.399844803462,749.999999991,False,True
152560,2025-04-16 22:40:00,17.50297952026039,1400.5268628435938,549.69055,3459.399844803462,4209.399844794462,749.999999991,False,True
152600,2025-04-16 23:20:00,8.397789999429499,1395.1028899894295,553.3717666666666,6034.913667636325,6784.913667627325,749.999999991,False,True
152650,2025-04-17 00:10:00,4.063815434550853,1395.8744654245509,558.4773166666666,8245.444375926,8995.444375915999,749.99999999,False,True
152660,2025-04-17 00:20:00,9.174150179711312,1403.6261501697113,561.1186666666666,8995.444375915999,9745.444375906998,749.999999991,False,True
152980,2025-04-17 05:40:00,308.71819446795797,1392.5468173568288,593.3307,10358.551869391016,10799.999999991,441.44813059998376,True,False
153960,2025-04-17 22:00:00,33.98735906928277,1389.8173590592828,522.4966666666667,1382.782749421728,2132.782749412728,749.999999991,False,True
153970,2025-04-17 22:10:00,20.600284553274484,1373.1428678766079,519.20925,2132.782749412728,2882.7827494037283,749.999999991,False,True
153990,2025-04-17 22:30:00,37.00398792176906,1375.3273212451024,504.99,2909.5577157244643,3659.5577157154644,749.999999991,False,True
154000,2025-04-17 22:40:00,13.62921161637518,1374.2062782730418,527.2437333333332,3659.5577157154644,4409.557715705464,749.99999999,False,True
155410,2025-04-18 22:10:00,7.493682524937518,1209.0167325149375,368.18971666666664,2117.7210333849926,2867.7210333749927,749.99999999,False,True
155430,2025-04-18 22:30:00,63.90259166312716,1264.1775916531271,366.94166666666666,2894.937779128959,3644.937779118959,749.99999999,False,True
155440,2025-04-18 22:40:00,47.000847358830235,1248.5002806821635,368.1661,3644.937779118959,4394.937779108959,749.99999999,False,True
156840,2025-04-19 22:00:00,2.7005688167746404,1227.3072354734413,391.2733333333333,1330.7226641328105,2080.7226641228103,749.99999999,False,True
156880,2025-04-19 22:40:00,31.502249839460085,1238.7685331627933,373.93294999999995,3465.5601744925266,4215.560174482526,749.99999999,False,True
156890,2025-04-19 22:50:00,37.70624285204416,1251.7468761753776,380.70730000000003,4215.560174482526,4965.560174472526,749.99999999,False,True
156920,2025-04-19 23:20:00,31.087477300100993,1243.6871439567676,379.2663333333333,6126.660350011323,6876.660350001323,749.99999999,False,True
156930,2025-04-19 23:30:00,31.47044050093347,1235.1221071576,370.31833333333327,6876.660350001323,7626.6603499913235,749.99999999,False,True
156970,2025-04-20 00:10:00,7.335778707550268,1408.3394786975502,567.6703666666666,8339.82290775981,9089.822907749809,749.99999999,False,True
156980,2025-04-20 00:20:00,16.227224582532237,1383.9497079058656,534.38915,9089.822907749809,9839.822907740809,749.999999991,False,True
158280,2025-04-20 22:00:00,10.396831022238636,1380.9818310122387,537.2516666666667,1517.2242732190382,2267.224273209038,749.99999999,False,True
158310,2025-04-20 22:30:00,3.0077011300186234,1371.1577011200186,534.8166666666666,2977.438791716163,3727.438791706163,749.99999999,False,True
158330,2025-04-20 22:50:00,3.4250013461507853,1383.1216680028174,546.3633333333332,4473.744366490219,5223.7443664802195,749.99999999,False,True
158340,2025-04-20 23:00:00,15.162315888599657,1382.3239825452663,533.8283333333333,5223.7443664802195,5973.74436647022,749.99999999,False,True
158380,2025-04-20 23:40:00,22.506446471395968,1403.2558631280626,547.4160833333333,7817.390995017774,8567.390995007774,749.99999999,False,True
159750,2025-04-21 22:30:00,3.5415858281911516,1387.5182524848578,550.6433333333333,3034.911015227777,3784.9110152187773,749.999999991,False,True
159800,2025-04-21 23:20:00,17.41410361928296,1401.8426202759497,551.0951833333334,6310.922656109487,7060.922656100487,749.999999991,False,True
159810,2025-04-21 23:30:00,25.425706653454192,1395.7823733101209,537.0233333333333,7060.922656100487,7810.922656091487,749.999999991,False,True
159820,2025-04-21 23:40:00,6.3866402511298395,1402.4238069077965,562.7038333333333,7810.922656091487,8560.922656082486,749.999999991,False,True
159850,2025-04-22 00:10:00,5.358764219069591,1398.5259642090696,559.8338666666666,8576.372390065728,9326.372390056727,749.999999991,False,True
159860,2025-04-22 00:20:00,9.875765398602532,1411.9881487219359,568.77905,9326.372390056727,10076.372390047727,749.999999991,False,True
161160,2025-04-22 22:00:00,8.704608762915193,1381.5896087529152,539.5516666666666,1519.1258790785098,2269.1258790685097,749.99999999,False,True
161210,2025-04-22 22:50:00,10.251763449011712,1393.4755634390117,549.8904666666666,4438.027604837006,5188.027604828006,749.999999991,False,True
161220,2025-04-22 23:00:00,32.68806586527375,1410.166399188607,544.145,5188.027604828006,5938.027604819005,749.999999991,False,True
161260,2025-04-22 23:40:00,8.931527595993195,1387.6557442526598,545.3908833333332,7787.3055905945,8537.3055905855,749.999999991,False,True
161620,2025-04-23 05:40:00,110.36764569999444,1394.807270538346,628.8695833333334,10209.986962636483,10799.999999991,590.0130373545165,True,False
162610,2025-04-23 22:10:00,23.333457181951864,1379.4441738386186,522.7773833333333,2410.201272161117,3160.201272151117,749.99999999,False,True
162630,2025-04-23 22:30:00,22.037985804648535,1379.6646524613152,524.2933333333333,3192.1483407374776,3942.1483407274777,749.99999999,False,True
162640,2025-04-23 22:40:00,9.804279483875455,1385.7558628072088,542.61825,3942.1483407274777,4692.148340717477,749.99999999,False,True
162650,2025-04-23 22:50:00,4.054060587568748,1397.5326772442354,560.1452833333333,4692.148340717477,5442.1483407074775,749.99999999,False,True
162660,2025-04-23 23:00:00,0.2675133636801013,1394.8708466870135,561.27,5442.1483407074775,6192.148340697478,749.99999999,False,True
162690,2025-04-23 23:30:00,18.77448060313349,1406.6411472598002,554.5333333333333,7336.755369743124,8086.755369733124,749.99999999,False,True
162700,2025-04-23 23:40:00,42.908595023077275,1419.271261679744,543.0293333333333,8086.755369733124,8836.755369723123,749.99999999,False,True
164050,2025-04-24 22:10:00,18.90998512732846,1358.4215184506618,506.17819999999995,1873.8800817025478,2623.8800816925477,749.99999999,False,True
165510,2025-04-25 22:30:00,30.85791674632309,1215.0895834029898,350.8983333333333,2824.9490321074854,3574.9490320984855,749.999999991,False,True
166930,2025-04-26 22:10:00,53.096815298122344,1245.948031954789,359.5178833333333,1981.7496237995242,2731.7496237905243,749.999999991,False,True
167050,2025-04-27 00:10:00,29.95934358932322,1418.9587435793233,555.6660666666667,8290.457621169975,9040.457621159974,749.99999999,False,True
167380,2025-04-27 05:40:00,406.9345513935185,1390.5001484475702,552.6116833333333,10412.141477642353,10799.999999991,387.8585223486465,True,False
168360,2025-04-27 22:00:00,19.710748321163912,1370.9107483111638,517.8666666666666,1622.2591135246494,2372.2591135156495,749.999999991,False,True
168370,2025-04-27 22:10:00,14.481590219045522,1371.9811902090455,524.1662666666666,2372.2591135156495,3122.2591135066496,749.999999991,False,True
168410,2025-04-27 22:50:00,4.8421784624450686,1379.5676951191117,541.3921833333333,4598.164652234521,5348.1646522255205,749.999999991,False,True
168450,2025-04-27 23:30:00,9.655094255342185,1385.1434275786755,542.155,7195.525070737311,7945.52507072831,749.999999991,False,True
168460,2025-04-27 23:40:00,32.423199027352204,1388.6606990173523,522.9041666666667,7945.52507072831,8695.52507071931,749.999999991,False,True
168820,2025-04-28 05:40:00,37.61178750177793,1401.379017134689,561.6202999999999,10078.06776332138,10799.999999991,721.9322366696201,True,False
169830,2025-04-28 22:30:00,1.1001685569096855,1380.7951685469097,546.3616666666667,2776.515579388359,3526.515579379359,749.999999991,False,True
169840,2025-04-28 22:40:00,39.250894925835375,1409.063811582502,536.4795833333333,3526.515579379359,4276.515579370359,749.999999991,False,True
169850,2025-04-28 22:50:00,39.1317269651854,1415.269393621852,542.8043333333333,4276.515579370359,5026.5155793613585,749.999999991,False,True
169860,2025-04-28 23:00:00,11.898354480350342,1393.2466878036837,548.015,5026.5155793613585,5776.515579351359,749.99999999,False,True
169880,2025-04-28 23:20:00,6.81608606822305,1386.754986058223,546.6055666666666,6204.434257705526,6954.434257695526,749.99999999,False,True
169900,2025-04-28 23:40:00,26.543879251831633,1393.3431959084983,533.4659833333333,7684.182294930313,8434.182294921313,749.999999991,False,True
169940,2025-04-29 00:20:00,9.134199914851358,1400.642566571518,558.1750333333333,8839.056554267125,9589.056554257124,749.99999999,False,True
171240,2025-04-29 22:00:00,4.884369239002345,1370.6193692290024,532.4016666666666,1343.8342090831359,2093.8342090731358,749.99999999,False,True
171250,2025-04-29 22:10:00,18.978471161502846,1371.0361211515028,518.7243166666666,2093.8342090731358,2843.834209063136,749.99999999,False,True
171300,2025-04-29 23:00:00,5.468885910621785,1384.9605525672885,546.1583333333333,5082.585771225353,5832.585771215353,749.99999999,False,True
171320,2025-04-29 23:20:00,39.84398262877982,1404.2981492854465,531.1208333333333,6266.358718320422,7016.358718310422,749.99999999,False,True
171330,2025-04-29 23:30:00,10.836543021351183,1390.0882096780178,545.9183333333333,7016.358718310422,7766.358718300422,749.99999999,False,True
171370,2025-04-30 00:10:00,0.6331226751195721,1417.286305998453,583.31985,8536.668933967283,9286.668933957282,749.99999999,False,True
172680,2025-04-30 22:00:00,25.54328353349262,1382.296616856826,523.42,1328.196629942542,2078.1966299335418,749.999999991,False,True
172720,2025-04-30 22:40:00,21.393579487208847,1378.7015461438755,523.9746333333333,3526.020202886042,4276.020202877042,749.999999991,False,True
172730,2025-04-30 22:50:00,19.097147793789183,1391.2501977837892,538.8197166666666,4276.020202877042,5026.020202868041,749.999999991,False,True
172740,2025-04-30 23:00:00,3.569762337757644,1390.3197623277576,553.4166666666666,5026.020202868041,5776.020202859041,749.999999991,False,True
172760,2025-04-30 23:20:00,17.30357875156664,1391.5820954082333,540.9451833333333,5790.617122593605,6540.617122584605,749.999999991,False,True
174250,2025-05-02 00:10:00,48.99288466635948,1302.1801346563595,419.8539166666667,2696.258599068512,3446.258599058512,749.99999999,False,True
174260,2025-05-02 00:20:00,46.05536776438486,1306.0932010877182,426.70449999999994,3446.258599058512,4196.258599049512,749.999999991,False,True
175690,2025-05-03 00:10:00,37.28518697436868,1283.099320297702,412.48079999999993,2946.35866627639,3696.35866626739,749.999999991,False,True
175700,2025-05-03 00:20:00,63.776551254317944,1293.9950179109846,396.88513333333333,3696.35866626739,4446.35866625839,749.999999991,False,True
177140,2025-05-04 00:20:00,5.16781734011328,1424.7608673301133,586.2597166666667,8752.80351265938,9502.80351265038,749.999999991,False,True
177460,2025-05-04 05:40:00,510.5958534060104,1353.1238374819563,605.6476166666666,10586.807669322649,10799.999999991,213.19233066835147,True,False
178570,2025-05-05 00:10:00,16.40093213084878,1470.5033654541821,620.7691,7423.858533623736,8173.858533613736,749.99999999,False,True
178590,2025-05-05 00:30:00,19.552627653841903,1464.0542943105086,611.1683333333333,8903.908350757267,9653.908350748266,749.999999991,False,True
178740,2025-05-05 03:00:00,25.60131042049059,656.3468237759203,573.4866666666667,10748.467037971113,10799.999999991,51.53296201988668,True,False
178750,2025-05-05 03:10:00,61.99947625469506,633.9950095961286,571.9955333333332,10799.999999991,10799.999999991,0.0,True,False
178760,2025-05-05 03:20:00,50.14306235875231,632.2207957001859,582.0777333333333,10799.999999991,10799.999999991,0.0,True,False
178770,2025-05-05 03:30:00,55.73711553148073,653.0754488729144,597.3383333333334,10799.999999991,10799.999999991,0.0,True,False
178780,2025-05-05 03:40:00,33.8202124390501,633.5439291138171,599.7237166666666,10799.999999991,10799.999999991,0.0,True,False
178790,2025-05-05 03:50:00,9.79481075098298,618.4666440924167,608.6718333333333,10799.999999991,10799.999999991,0.0,True,False
178800,2025-05-05 04:00:00,10.472135277084226,630.6521352851845,620.18,10799.999999991,10799.999999991,0.0,True,False
178810,2025-05-05 04:10:00,36.52944411887959,644.7091107936466,608.1796666666667,10799.999999991,10799.999999991,0.0,True,False
178820,2025-05-05 04:20:00,53.4634499542216,643.4741499623218,590.0106999999999,10799.999999991,10799.999999991,0.0,True,False
178830,2025-05-05 04:30:00,51.70700812133109,634.0503414627647,582.3433333333332,10799.999999991,10799.999999991,0.0,True,False
178840,2025-05-05 04:40:00,45.58662400191347,635.9191406766804,590.3325166666666,10799.999999991,10799.999999991,0.0,True,False
178850,2025-05-05 04:50:00,13.751154226777006,632.8799542348772,619.1288,10799.999999991,10799.999999991,0.0,True,False
178880,2025-05-05 05:20:00,4.710474010883442,630.3670961552072,618.8434,10793.868100061109,10799.999999991,6.1318999298913655,True,False
178900,2025-05-05 05:40:00,757.7646772052879,1370.770575186537,601.5110666666667,10789.654651807876,10799.999999991,10.345348183124235,True,False
180010,2025-05-06 00:10:00,49.88284345798194,1455.711093447982,572.4949166666667,7405.702076769914,8155.702076760914,749.999999991,False,True
180020,2025-05-06 00:20:00,46.78904160586102,1448.268391595861,568.1460166666666,8155.702076760914,8905.702076750913,749.99999999,False,True
180030,2025-05-06 00:30:00,35.73874450017137,1452.070411156838,582.9983333333332,8905.702076750913,9655.702076741913,749.999999991,False,True
180340,2025-05-06 05:40:00,396.19954628615073,1381.8062560276724,590.8261666666666,10444.69751122363,10799.999999991,355.3024887673695,True,False
181450,2025-05-07 00:10:00,75.8043049146198,1489.1346215712865,579.9969833333333,7214.882982485855,7964.8829824768545,749.999999991,False,True
181460,2025-05-07 00:20:00,86.90100850502016,1490.6436918283534,570.4093499999999,7964.8829824768545,8714.882982467854,749.999999991,False,True
181470,2025-05-07 00:30:00,25.706084097321074,1465.646084087321,606.6066666666666,8714.882982467854,9464.882982458854,749.999999991,False,True
181670,2025-05-07 03:50:00,16.5546598223952,657.5182875783329,602.3921,10765.285625010656,10799.999999991,34.714374980343926,True,False
181680,2025-05-07 04:00:00,75.13186178499481,662.2968617930951,587.165,10799.999999991,10799.999999991,0.0,True,False
181690,2025-05-07 04:10:00,18.429741529039894,622.7803748704735,604.3506333333332,10799.999999991,10799.999999991,0.0,True,False
181700,2025-05-07 04:20:00,2.4284321544847547,618.184232162585,615.7557999999999,10799.999999991,10799.999999991,0.0,True,False
181710,2025-05-07 04:30:00,41.847337384679214,649.5973373927795,607.75,10799.999999991,10799.999999991,0.0,True,False
181720,2025-05-07 04:40:00,36.67783098150458,641.7558309896049,605.078,10799.999999991,10799.999999991,0.0,True,False
181730,2025-05-07 04:50:00,28.405992357529186,628.5580090322961,600.1520166666667,10799.999999991,10799.999999991,0.0,True,False
181740,2025-05-07 05:00:00,27.605485180201732,628.7838185216353,601.1783333333333,10799.999999991,10799.999999991,0.0,True,False
181780,2025-05-07 05:40:00,765.6924058406157,1395.2952943397913,600.6827499999999,10773.971875341742,10799.999999991,26.028124649258096,True,False
182860,2025-05-07 23:40:00,7.126697483536183,1400.4819308068695,560.0219,6632.753463150839,7382.753463141838,749.999999991,False,True
182890,2025-05-08 00:10:00,56.69291266888353,1483.6395459922169,593.6133,7434.098478045573,8184.0984780365725,749.999999991,False,True
182900,2025-05-08 00:20:00,23.044026269084263,1461.1635595924176,604.7862,8184.0984780365725,8934.098478027572,749.999999991,False,True
183090,2025-05-08 03:30:00,20.950134547260838,654.16511729221,590.3699999999999,10761.439515520546,10799.999999991,38.56048447045431,True,False
183100,2025-05-08 03:40:00,62.87888502614258,653.5065183675762,590.6276333333333,10799.999999991,10799.999999991,0.0,True,False
183110,2025-05-08 03:50:00,65.08515833370306,661.7826583418034,596.6975,10799.999999991,10799.999999991,0.0,True,False
183120,2025-05-08 04:00:00,73.37233699714781,662.722337005248,589.3499999999999,10799.999999991,10799.999999991,0.0,True,False
183130,2025-05-08 04:10:00,55.16097192352672,630.6170052649603,575.4560333333333,10799.999999991,10799.999999991,0.0,True,False
183140,2025-05-08 04:20:00,51.7146166210266,620.0361499624602,568.3215333333333,10799.999999991,10799.999999991,0.0,True,False
183150,2025-05-08 04:30:00,76.74475834104678,642.7380916824804,565.9933333333333,10799.999999991,10799.999999991,0.0,True,False
183160,2025-05-08 04:40:00,90.38441471083851,652.2219980522722,561.8375833333333,10799.999999991,10799.999999991,0.0,True,False
183170,2025-05-08 04:50:00,30.730779665834365,624.7361630072679,594.0053833333333,10799.999999991,10799.999999991,0.0,True,False
183220,2025-05-08 05:40:00,673.0884297374677,1355.6265657980318,584.4572,10711.727157536492,10799.999999991,88.27284245450791,True,False
184210,2025-05-08 22:10:00,9.693617685525275,1412.4826010088586,569.45565,2385.920225960515,3135.920225951515,749.999999991,False,True
184290,2025-05-08 23:30:00,43.530113650829996,1453.9017803074967,577.0383333333333,4838.330099699703,5588.330099689703,749.99999999,False,True
185670,2025-05-09 22:30:00,33.55507009378129,1273.856736750448,406.9683333333333,2971.9232487419695,3721.9232487329696,749.999999991,False,True
185680,2025-05-09 22:40:00,17.137643621953764,1256.9568102786204,406.4858333333333,3721.9232487329696,4471.923248722969,749.99999999,False,True
185730,2025-05-09 23:30:00,1.8197671662267032,1229.0647671562267,393.91166666666663,4563.820717809682,5313.820717799682,749.99999999,False,True
187180,2025-05-10 23:40:00,28.824253603739855,1236.1809369270732,374.02335,6851.07525409556,7601.07525408656,749.999999991,False,True
187210,2025-05-11 00:10:00,21.924714505975537,1435.5075144959756,580.2494666666666,7652.072396626427,8402.072396616426,749.99999999,False,True
187220,2025-05-11 00:20:00,34.168613264768275,1421.170929921435,553.6689833333332,8402.072396616426,9152.072396606425,749.99999999,False,True
187230,2025-05-11 00:30:00,34.168716951562594,1445.2687169415626,577.7666666666667,9152.072396606425,9902.072396596424,749.99999999,False,True
188520,2025-05-11 22:00:00,18.122135293711487,1439.0304686170448,587.5749999999999,1366.882700083755,2116.882700073755,749.99999999,False,True
188530,2025-05-11 22:10:00,53.989724893586406,1431.0980748835864,543.7750166666666,2116.882700073755,2866.8827000637552,749.99999999,False,True
188560,2025-05-11 22:40:00,6.988748441733597,1419.260581765067,578.9385,3566.6570230125417,4316.657023002542,749.99999999,False,True
188570,2025-05-11 22:50:00,24.38383912474682,1414.3262557814135,556.6090833333333,4316.657023002542,5066.657022992542,749.99999999,False,True
188650,2025-05-12 00:10:00,1.8579071965741525,1426.8854071865742,591.6941666666667,7797.386560239051,8547.38656022905,749.99999999,False,True
188660,2025-05-12 00:20:00,29.459699896619433,1439.214066553286,576.4210333333333,8547.38656022905,9297.386560219049,749.99999999,False,True
190000,2025-05-12 22:40:00,21.74666604882963,1418.728149372163,563.64815,3524.822922241988,4274.822922231988,749.99999999,False,True
190010,2025-05-12 22:50:00,13.265955149182325,1418.1741051391823,571.5748166666666,4274.822922231988,5024.822922221988,749.99999999,False,True
190040,2025-05-12 23:20:00,17.962629395916103,1425.9353793859161,574.6394166666666,5723.014828879504,6473.014828870504,749.999999991,False,True
190050,2025-05-12 23:30:00,12.595832512624717,1440.559165835958,594.63,6473.014828870504,7223.014828861504,749.999999991,False,True
190060,2025-05-12 23:40:00,8.808170736730283,1423.8510540600637,581.70955,7223.014828861504,7973.014828851504,749.99999999,False,True
191400,2025-05-13 22:00:00,60.796947135842736,1470.945280459176,576.8149999999999,1474.8525177262447,2224.8525177172446,749.999999991,False,True
191410,2025-05-13 22:10:00,63.0477599707658,1427.9244099607658,531.5433166666667,2224.8525177172446,2974.8525177082447,749.999999991,False,True
191430,2025-05-13 22:30:00,28.375563161833718,1455.6405631518337,593.9316666666666,3014.489260892804,3764.489260882804,749.99999999,False,True
191440,2025-05-13 22:40:00,19.989721054415433,1453.7719210444154,600.4488666666666,3764.489260882804,4514.489260872804,749.99999999,False,True
191450,2025-05-13 22:50:00,10.917608279467451,1443.1704249361342,598.9194833333333,4514.489260872804,5264.489260862804,749.99999999,False,True
191530,2025-05-14 00:10:00,11.079428431532726,1395.1973784215327,550.7846166666666,8212.145635474868,8962.145635464867,749.99999999,False,True
192870,2025-05-14 22:30:00,9.789621492073245,1420.40128814874,577.2783333333333,3162.4743544746507,3912.474354464651,749.99999999,False,True
192900,2025-05-14 23:00:00,22.17088959009424,1442.987556246761,587.4833333333333,5335.4508241097155,6085.450824099716,749.99999999,False,True
192930,2025-05-14 23:30:00,8.092298013961674,1397.2522980039616,555.8266666666666,6793.288219713952,7543.288219703952,749.99999999,False,True
192970,2025-05-15 00:10:00,12.295459647238879,1416.7025429705723,571.07375,8223.051704765905,8973.051704755904,749.99999999,False,True
192980,2025-05-15 00:20:00,17.913825595222413,1418.593942251889,567.3467833333333,8973.051704755904,9723.051704746904,749.999999991,False,True
194320,2025-05-15 22:40:00,13.063103613078049,1446.7720202697446,600.3755833333332,4167.787673816903,4917.7876738069035,749.99999999,False,True
197190,2025-05-17 22:30:00,36.387699483949284,1299.5726994739493,429.8516666666667,3037.4332061311484,3787.4332061211485,749.99999999,False,True
197240,2025-05-17 23:20:00,32.9876078358892,1291.5273244925559,425.2063833333333,5948.849409504747,6698.849409494747,749.99999999,False,True
197250,2025-05-17 23:30:00,4.627937669000395,1281.0179376590004,443.0566666666667,6698.849409494747,7448.849409484747,749.99999999,False,True
198660,2025-05-18 23:00:00,13.069733169873409,1417.07139982654,570.6683333333333,5434.700768756291,6184.700768747291,749.999999991,False,True
198690,2025-05-18 23:30:00,25.284559681154512,1432.0512263378212,573.4333333333333,6881.624066030456,7631.624066021455,749.999999991,False,True
198700,2025-05-18 23:40:00,30.86416155392657,1429.6036948772598,565.4061999999999,7631.624066021455,8381.624066012455,749.999999991,False,True
200040,2025-05-19 22:00:00,5.435488464716506,1432.0938217880498,593.3249999999999,1528.539552594444,2278.539552585444,749.999999991,False,True
200090,2025-05-19 22:50:00,4.849037757240686,1405.1412044139074,566.9588333333334,4464.986400051694,5214.986400042693,749.999999991,False,True
200100,2025-05-19 23:00:00,56.982107823670155,1423.6921078136702,533.3766666666667,5214.986400042693,5964.986400033693,749.999999991,False,True
201510,2025-05-20 22:30:00,17.828921859031645,1422.4755885156983,571.3133333333333,2545.8200810673998,3295.8200810584,749.999999991,False,True
201620,2025-05-21 00:20:00,23.08689063669282,1415.1086906266928,558.6884666666666,7833.041222309087,8583.041222299087,749.99999999,False,True
202920,2025-05-21 22:00:00,28.86592442324592,1424.490924413246,562.2916666666666,1200.000000011111,1950.000000002111,749.999999991,False,True
202930,2025-05-21 22:10:00,41.595800912615225,1411.3896342359485,536.4604999999999,1950.000000002111,2699.999999993111,749.999999991,False,True
203060,2025-05-22 00:20:00,23.74314002880373,1413.4393400188037,556.3628666666666,7972.32590351252,8722.32590350352,749.999999991,False,True
204360,2025-05-22 22:00:00,1.2857743340890613,1442.2891076574224,607.67,1714.2625999952747,2464.262599985275,749.99999999,False,True
204370,2025-05-22 22:10:00,5.251490210458761,1424.172223533792,585.5873999999999,2464.262599985275,3214.262599975275,749.99999999,False,True
205800,2025-05-23 22:00:00,43.66970451223607,1274.5180378355694,397.515,1844.783098849629,2594.783098839629,749.99999999,False,True
205830,2025-05-23 22:30:00,24.978044913165597,1262.716378236499,404.405,3257.8987071829456,4007.8987071729457,749.99999999,False,True
205840,2025-05-23 22:40:00,2.68952025442774,1256.1235869110944,420.1007333333333,4007.8987071729457,4757.898707162945,749.99999999,False,True
207240,2025-05-24 22:00:00,56.44723484594123,1282.448901502608,392.66833333333335,1630.8849129296161,2380.884912920616,749.999999991,False,True
207250,2025-05-24 22:10:00,28.40545966881745,1263.7091763254841,401.9703833333333,2380.884912920616,3130.884912911616,749.999999991,False,True
207290,2025-05-24 22:50:00,15.886187681594258,1304.4374043382609,455.2178833333333,4612.714531465857,5362.714531456857,749.999999991,False,True
207300,2025-05-24 23:00:00,32.8233170615432,1302.9549837182099,436.7983333333333,5362.714531456857,6112.714531447857,749.999999991,False,True
208680,2025-05-25 22:00:00,8.452143150532486,1418.0188098071992,576.2333333333333,1754.5036037734965,2504.5036037644963,749.999999991,False,True
208690,2025-05-25 22:10:00,23.041623483737332,1428.743740140404,572.3687833333333,2504.5036037644963,3254.5036037554964,749.999999991,False,True
208710,2025-05-25 22:30:00,16.728231606562638,1443.3932315965626,593.3316666666666,3279.1384400314246,4029.1384400224247,749.999999991,False,True
208760,2025-05-25 23:20:00,45.58174475315615,1457.9351447431561,579.0200666666666,6213.990299454228,6963.990299444228,749.99999999,False,True
208770,2025-05-25 23:30:00,46.582645841489914,1412.73264583149,532.8166666666666,6963.990299444228,7713.990299434228,749.99999999,False,True
208780,2025-05-25 23:40:00,11.6145207899716,1406.738454113305,561.7905999999999,7713.990299434228,8463.990299424227,749.99999999,False,True
210120,2025-05-26 22:00:00,21.077904858676895,1423.9879048486769,569.5766666666666,1641.7406296727047,2391.7406296627046,749.99999999,False,True
210130,2025-05-26 22:10:00,23.092759951797795,1427.3540099417978,570.9279166666666,2391.7406296627046,3141.7406296527047,749.99999999,False,True
210150,2025-05-26 22:30:00,7.259671231890585,1419.9046712218906,579.3116666666666,3152.249610394967,3902.249610384967,749.99999999,False,True
210200,2025-05-26 23:20:00,43.992884684728885,1436.9340013413955,559.6077833333333,5887.489291496732,6637.489291486732,749.99999999,False,True
210210,2025-05-26 23:30:00,15.503830994944558,1441.1371643182779,592.3,6637.489291486732,7387.489291476732,749.99999999,False,True
210220,2025-05-26 23:40:00,16.713276037787175,1419.6114760277871,569.5648666666666,7387.489291476732,8137.4892914667325,749.99999999,False,True
211560,2025-05-27 22:00:00,27.46124546566329,1429.3612454556633,568.5666666666666,1510.3550878056324,2260.3550877966322,749.999999991,False,True
211570,2025-05-27 22:10:00,25.737662798460626,1421.568246121794,562.4972499999999,2260.3550877966322,3010.3550877876323,749.999999991,False,True
211600,2025-05-27 22:40:00,6.486994571552706,1435.3063112282193,595.4859833333333,3659.36611083773,4409.36611082873,749.999999991,False,True
211610,2025-05-27 22:50:00,25.87597184737978,1449.9220218373798,590.7127166666667,4409.36611082873,5159.366110819729,749.999999991,False,True
211640,2025-05-27 23:20:00,26.126050490805476,1408.9024671474722,549.4430833333333,5878.770997198559,6628.770997189558,749.999999991,False,True
211650,2025-05-27 23:30:00,1.4479067921973785,1424.9079067821974,590.1266666666667,6628.770997189558,7378.770997180558,749.999999991,False,True
213030,2025-05-28 22:30:00,30.845190408420528,1441.8551903984205,577.6766666666666,3354.379150730135,4104.379150720135,749.99999999,False,True
213050,2025-05-28 22:50:00,4.0447499776294,1435.1163666342961,597.7382833333334,4842.470769941246,5592.470769931246,749.99999999,False,True
213060,2025-05-28 23:00:00,63.521685412319805,1449.6900187356532,552.835,5592.470769931246,6342.470769921246,749.99999999,False,True
213090,2025-05-28 23:30:00,13.51346186313048,1439.4417951864639,592.595,7076.3689296886205,7826.368929678621,749.99999999,False,True
213100,2025-05-28 23:40:00,46.56025537410334,1463.33422203077,583.4406333333333,7826.368929678621,8576.36892966862,749.99999999,False,True
214440,2025-05-29 22:00:00,51.74691191247506,1444.0602452358085,558.98,1850.7181108850311,2600.718110876031,749.999999991,False,True
214450,2025-05-29 22:10:00,1.3018621611863557,1420.078278817853,585.4430833333333,2600.718110876031,3350.718110867031,749.999999991,False,True
214470,2025-05-29 22:30:00,54.77901344771623,1460.9923467710496,572.88,3339.6337201121946,4089.6337201031947,749.999999991,False,True
214480,2025-05-29 22:40:00,84.40877822197807,1460.1532448786447,542.4111333333333,4089.6337201031947,4839.633720094194,749.999999991,False,True
217320,2025-05-31 22:00:00,13.576657037384955,1243.616657027385,396.7066666666666,1758.886615168985,2508.886615158985,749.99999999,False,True
217330,2025-05-31 22:10:00,10.903583300450457,1243.7739666237837,399.53704999999997,2508.886615158985,3258.886615148985,749.99999999,False,True
217350,2025-05-31 22:30:00,25.881580915272245,1277.448247571939,418.23333333333335,3271.330489992033,4021.330489982033,749.99999999,False,True
217360,2025-05-31 22:40:00,66.01784331715679,1289.7272933071567,390.37611666666663,4021.330489982033,4771.330489972033,749.99999999,False,True
217370,2025-05-31 22:50:00,54.627589439095566,1290.5531560957622,402.5922333333333,4771.330489972033,5521.330489962033,749.99999999,False,True
217410,2025-05-31 23:30:00,34.2950269805608,1280.6683603038941,413.03999999999996,6981.61254900169,7731.61254899169,749.99999999,False,True
217420,2025-05-31 23:40:00,32.41422203837623,1265.2383053617095,399.49075,7731.61254899169,8481.61254898169,749.99999999,False,True
218910,2025-06-02 00:30:00,37.96370782754206,1526.2720411508753,654.9749999999999,8256.73530181345,9006.73530180345,749.99999999,False,True
219220,2025-06-02 05:40:00,335.37542319808864,1351.2589833082445,558.5416499999999,10388.39228089186,10799.999999991,411.60771909914035,True,False
220330,2025-06-03 00:10:00,15.426441914871468,1535.4829419048715,686.7231666666667,6733.523008204218,7483.523008194218,749.99999999,False,True
220370,2025-06-03 00:50:00,12.136481948111161,1496.9937819381112,651.5239666666666,9324.183908538474,10074.183908529474,749.999999991,False,True
220660,2025-06-03 05:40:00,509.11072557135554,1345.2953228536628,574.6869999999999,10564.652162436923,10799.999999991,235.34783755407662,True,False
221780,2025-06-04 00:20:00,0.9904418008602455,1512.5089251241936,678.18515,8124.920979517272,8874.920979508272,749.999999991,False,True
223230,2025-06-05 00:30:00,0.3809717890364857,1513.5826384457032,679.8683333333333,8335.281137358359,9085.281137348358,749.99999999,False,True
223250,2025-06-05 00:50:00,3.0399140788134593,1494.54263073548,658.1693833333333,9277.685008354192,10027.685008344191,749.99999999,False,True
224680,2025-06-06 00:40:00,1.58215395497347,1366.2754206116401,531.3599333333333,5148.092399426625,5898.092399417625,749.999999991,False,True
226090,2025-06-07 00:10:00,15.011652175081728,1352.2745521650818,503.9295666666667,3498.171043587237,4248.171043578237,749.999999991,False,True
227530,2025-06-08 00:10:00,74.31989013855933,1603.2923234618927,695.6391,7588.087662913166,8338.087662904167,749.999999991,False,True
227540,2025-06-08 00:20:00,49.01174072510775,1572.2591907151077,689.9141166666666,8338.087662904167,9088.087662895166,749.999999991,False,True
227550,2025-06-08 00:30:00,24.891777220769647,1568.5134438774362,710.2883333333332,9088.087662895166,9838.087662886166,749.999999991,False,True
227660,2025-06-08 02:20:00,31.348733914155893,696.9416806996654,614.2233833333332,10753.767392884041,10799.999999991,46.23260710695867,True,False
227670,2025-06-08 02:30:00,29.9658657425965,711.0941990840302,681.1283333333333,10799.999999991,10799.999999991,0.0,True,False
227680,2025-06-08 02:40:00,43.91568152625073,695.1369648676844,651.2212833333333,10799.999999991,10799.999999991,0.0,True,False
227690,2025-06-08 02:50:00,57.21734176899472,687.3589251104283,630.1415833333333,10799.999999991,10799.999999991,0.0,True,False
227700,2025-06-08 03:00:00,45.71406485322357,696.6107315279905,650.8966666666666,10799.999999991,10799.999999991,0.0,True,False
227710,2025-06-08 03:10:00,51.79911820215705,688.9119682102573,637.11285,10799.999999991,10799.999999991,0.0,True,False
227720,2025-06-08 03:20:00,54.09780388184627,675.9215872232799,621.8237833333333,10799.999999991,10799.999999991,0.0,True,False
227730,2025-06-08 03:30:00,46.707350419562864,667.2523504276631,620.545,10799.999999991,10799.999999991,0.0,True,False
227740,2025-06-08 03:40:00,50.321186195003705,661.0485195364373,610.7273333333333,10799.999999991,10799.999999991,0.0,True,False
227750,2025-06-08 03:50:00,61.93442273695221,665.0087727450525,603.07435,10799.999999991,10799.999999991,0.0,True,False
227760,2025-06-08 04:00:00,54.036649591393235,671.1383162661602,617.1016666666667,10799.999999991,10799.999999991,0.0,True,False
227770,2025-06-08 04:10:00,8.270387903287357,662.927221244721,654.6568333333332,10799.999999991,10799.999999991,0.0,True,False
227780,2025-06-08 04:20:00,11.011353187553231,661.6337365289869,650.6223833333333,10799.999999991,10799.999999991,0.0,True,False
227790,2025-06-08 04:30:00,62.09097728865286,668.5909772967532,606.5,10799.999999991,10799.999999991,0.0,True,False
227800,2025-06-08 04:40:00,73.57595286149626,662.8241195362632,589.2481666666666,10799.999999991,10799.999999991,0.0,True,False
227810,2025-06-08 04:50:00,60.17716251595264,654.4172291907196,594.2400666666666,10799.999999991,10799.999999991,0.0,True,False
227820,2025-06-08 05:00:00,51.06806929105833,649.7630692991586,598.6949999999999,10799.999999991,10799.999999991,0.0,True,False
227830,2025-06-08 05:10:00,41.91932096650675,634.2444876412737,592.3251666666666,10799.999999991,10799.999999991,0.0,True,False
227840,2025-06-08 05:20:00,2.7494840785642922,612.0215507533313,609.2720666666667,10799.999999991,10799.999999991,0.0,True,False
227860,2025-06-08 05:40:00,735.6206472582409,1368.2298418573764,607.2845333333332,10777.207804851778,10799.999999991,22.79219513922219,True,False
228850,2025-06-08 22:10:00,3.1639600132327734,1498.9248933365661,662.4276,2536.1946732880406,3286.1946732790407,749.999999991,False,True
228980,2025-06-09 00:20:00,0.04210031944443588,1489.7856003094444,656.4101666666666,8841.269089010184,9591.269089001184,749.999999991,False,True
230280,2025-06-09 22:00:00,18.695343900470554,1512.6703438904706,660.6416666666667,1200.0000000111113,1950.0000000011114,749.99999999,False,True
230290,2025-06-09 22:10:00,21.80477448264036,1517.4693578059737,662.33125,1950.0000000011114,2699.9999999921115,749.999999991,False,True
230320,2025-06-09 22:40:00,16.33879358486569,1497.0659435748657,647.3938166666667,3414.755734642328,4164.755734632328,749.99999999,False,True
230360,2025-06-09 23:20:00,14.92735581084218,1516.0809058008422,667.8202166666666,5612.030217198242,6362.030217188242,749.99999999,False,True
233220,2025-06-11 23:00:00,38.97665520345662,1506.8016551934566,634.4916666666666,5092.51913077346,5842.51913076346,749.99999999,False,True
234610,2025-06-12 22:10:00,29.595338333742227,1486.8838049904089,623.9551333333333,1939.693279557825,2689.693279547825,749.99999999,False,True
236040,2025-06-13 22:00:00,7.514412468229458,1341.2094124582295,500.3616666666667,1444.8562883565962,2194.856288346596,749.99999999,False,True
236100,2025-06-13 23:00:00,40.546644202738655,1364.2516441927387,490.37166666666667,4291.399090036125,5041.399090026125,749.99999999,False,True
237570,2025-06-14 23:30:00,3.5529062859484304,1348.8762396092818,511.99,6121.069626070002,6871.069626061002,749.999999991,False,True
237610,2025-06-15 00:10:00,9.038861728121553,1526.4469117181216,684.0747166666666,7586.155072979978,8336.155072969977,749.99999999,False,True
237620,2025-06-15 00:20:00,3.844339681179,1516.0598730045124,678.8822,8336.155072969977,9086.155072959977,749.99999999,False,True
237630,2025-06-15 00:30:00,36.12608249024333,1530.5360824802433,661.0766666666666,9086.155072959977,9836.155072950976,749.999999991,False,True
237940,2025-06-15 05:40:00,151.7410192936676,1334.2735220875693,589.4202333333333,10266.198957476488,10799.999999991,533.8010425145116,True,False
238950,2025-06-15 22:30:00,6.279545101872933,1523.0562117585396,683.4433333333333,3250.8642104355986,4000.8642104265987,749.999999991,False,True
240370,2025-06-16 22:10:00,41.47138738754165,1492.213320710875,617.4086,2407.264425980556,3157.264425971556,749.999999991,False,True
240390,2025-06-16 22:30:00,6.468332721392463,1489.2266660447258,649.425,3209.759857448926,3959.7598574389262,749.99999999,False,True
240440,2025-06-16 23:20:00,12.56695833573098,1495.715408325731,649.8151166666667,6082.6570708223035,6832.657070813303,749.999999991,False,True
240450,2025-06-16 23:30:00,50.82993300450652,1519.0015996611733,634.8383333333334,6832.657070813303,7582.657070804303,749.999999991,False,True
240460,2025-06-16 23:40:00,43.877763317568444,1541.0809133075684,663.8698166666666,7582.657070804303,8332.657070795303,749.999999991,False,True
240490,2025-06-17 00:10:00,26.15895263144443,1520.3935692881112,660.9012833333334,8378.998184581385,9128.998184571385,749.99999999,False,True
241930,2025-06-18 00:10:00,19.472733181087044,1505.6842498377537,652.8781833333333,7790.4586647138185,8540.458664704818,749.999999991,False,True
241940,2025-06-18 00:20:00,11.072868953327877,1508.9303022766612,664.5241,8540.458664704818,9290.458664695818,749.999999991,False,True
241950,2025-06-18 00:30:00,12.664325623515872,1527.6626589468492,681.665,9290.458664695818,10040.458664686817,749.999999991,False,True
243320,2025-06-18 23:20:00,21.801689805441463,1534.071606462108,678.9365833333333,5866.717503373227,6616.7175033632275,749.99999999,False,True
244680,2025-06-19 22:00:00,8.08113587711022,1500.6561358671102,659.2416666666666,1589.8849826157234,2339.8849826067235,749.999999991,False,True
244690,2025-06-19 22:10:00,5.203637475981842,1460.2217041326485,621.6847333333333,2339.8849826067235,3089.8849825977236,749.999999991,False,True
244710,2025-06-19 22:30:00,36.50639126251291,1537.8480579191796,668.0083333333333,3103.4385906637367,3853.438590654737,749.999999991,False,True
244720,2025-06-19 22:40:00,24.17527220446049,1506.014355527794,648.50575,3853.438590654737,4603.438590644737,749.99999999,False,True
244770,2025-06-19 23:30:00,31.43004214064785,1514.7267087973146,649.9633333333334,5205.337331992995,5955.337331983995,749.999999991,False,True
244780,2025-06-19 23:40:00,59.30416096931912,1522.5153276259857,629.8778333333332,5955.337331983995,6705.337331974994,749.999999991,False,True
246130,2025-06-20 22:10:00,9.942814573925368,1337.9901978972587,494.71404999999993,2106.853643948566,2856.853643939566,749.999999991,False,True
247610,2025-06-21 22:50:00,22.07288994887562,1397.199123272209,541.7928999999999,4805.878657757916,5555.878657747916,749.99999999,False,True
247620,2025-06-21 23:00:00,11.834371203480934,1376.8993711934809,531.7316666666666,5555.878657747916,6305.878657737916,749.99999999,False,True
247650,2025-06-21 23:30:00,1.1364861087551992,1332.6864860987553,498.2166666666667,7041.652233024227,7791.652233014227,749.99999999,False,True
247660,2025-06-21 23:40:00,3.9524321251507137,1341.3809321151507,504.0951666666666,7791.652233014227,8541.652233004226,749.99999999,False,True
249000,2025-06-22 22:00:00,13.675167371026639,1492.8768340276933,645.8683333333333,1612.505919432918,2362.505919423918,749.999999991,False,True
249010,2025-06-22 22:10:00,26.793640897733205,1494.4400408877332,634.3130666666666,2362.505919423918,3112.505919414918,749.999999991,False,True
249030,2025-06-22 22:30:00,5.5681079321436675,1504.7431079221437,665.8416666666667,3147.4544041466042,3897.4544041376043,749.999999991,False,True
249080,2025-06-22 23:20:00,0.05882306462466775,1512.3118230546247,678.9196666666667,6069.176285181527,6819.176285172527,749.999999991,False,True
249090,2025-06-22 23:30:00,8.081270885738938,1496.1896042090723,654.775,6819.176285172527,7569.176285163527,749.999999991,False,True
249130,2025-06-23 00:10:00,19.345862725774616,1496.667146049108,643.98795,8270.253679544725,9020.253679534724,749.99999999,False,True
249140,2025-06-23 00:20:00,4.624376476335434,1515.2392764663355,677.2815666666667,9020.253679534724,9770.253679525724,749.999999991,False,True
250490,2025-06-23 22:50:00,3.6955330992313895,1521.875899755898,684.8470333333332,4390.9224162371665,5140.922416228166,749.999999991,False,True
250500,2025-06-23 23:00:00,20.89268760407662,1520.0743542607433,665.8483333333334,5140.922416228166,5890.922416219166,749.999999991,False,True
250540,2025-06-23 23:40:00,3.1031845550776245,1497.8320845450776,661.3955666666666,7322.107426462446,8072.107426453445,749.999999991,False,True
250570,2025-06-24 00:10:00,5.95980169023209,1500.7172183468988,661.4240833333333,8080.9650854660495,8830.96508545605,749.99999999,False,True
250580,2025-06-24 00:20:00,27.75474572021971,1510.492029043553,649.4039499999999,8830.96508545605,9580.96508544705,749.999999991,False,True
251880,2025-06-24 22:00:00,51.903381629564244,1547.245048286231,662.0083333333333,2233.6574194179516,2983.6574194079517,749.99999999,False,True
251910,2025-06-24 22:30:00,41.43535824642185,1513.9236915697552,639.155,3708.753029955599,4458.753029945598,749.99999999,False,True
251920,2025-06-24 22:40:00,16.60352583380483,1528.5426424904715,678.6057833333333,4458.753029945598,5208.7530299355985,749.99999999,False,True
251940,2025-06-24 23:00:00,4.892272694091154,1510.062272684091,671.8366666666666,5945.727858804487,6695.7278587944875,749.99999999,False,True
251960,2025-06-24 23:20:00,13.104680680783524,1560.2544140041168,713.8163999999999,6734.511912968549,7484.511912958549,749.99999999,False,True
251980,2025-06-24 23:40:00,18.143986756404722,1506.7043867464047,655.2270666666666,8202.22111570302,8952.221115693019,749.99999999,False,True
252020,2025-06-25 00:20:00,2.661364157850122,1484.4434474811835,648.44875,9216.480743617854,9966.480743607854,749.99999999,False,True
253350,2025-06-25 22:30:00,37.42218347865741,1522.153850135324,651.3983333333333,3063.7394547298936,3813.7394547208937,749.999999991,False,True
253360,2025-06-25 22:40:00,11.800382994941849,1534.7227996516085,689.5890833333333,3813.7394547208937,4563.739454711894,749.999999991,False,True
253400,2025-06-25 23:20:00,26.998141066911664,1513.855674390245,653.5242,6032.307464277337,6782.307464268337,749.999999991,False,True
253410,2025-06-25 23:30:00,17.72392749790935,1509.5139274879093,658.4566666666666,6782.307464268337,7532.3074642593365,749.999999991,False,True
253780,2025-06-26 05:40:00,58.03003480540496,1327.9329822648615,581.5300333333332,10180.464377277489,10799.999999991,619.5356227135111,True,False
254850,2025-06-26 23:30:00,22.39137184007847,1490.9863718300785,635.2616666666667,5564.6682946407445,6314.668294631744,749.999999991,False,True
256200,2025-06-27 22:00:00,29.745657716688576,1347.5106577066886,484.4316666666667,1858.834902618923,2608.834902609923,749.999999991,False,True
256230,2025-06-27 22:30:00,16.065418912935336,1341.2304189029353,491.8316666666666,3360.1619613335224,4110.161961324522,749.999999991,False,True
256260,2025-06-27 23:00:00,30.724691566412837,1368.0630248897462,504.005,4832.550333280452,5582.550333271452,749.999999991,False,True
256290,2025-06-27 23:30:00,48.68156683967174,1372.4715668296717,490.4566666666666,5528.448784468723,6278.448784459722,749.999999991,False,True
257670,2025-06-28 22:30:00,45.29220134841409,1371.3938680050808,492.7683333333333,3570.5008453123237,4320.500845303323,749.999999991,False,True
257680,2025-06-28 22:40:00,62.76394127022831,1374.4686912602283,478.3714166666667,4320.500845303323,5070.500845294323,749.999999991,False,True
257690,2025-06-28 22:50:00,23.1701138692108,1377.6746638592108,521.1712166666666,5070.500845294323,5820.500845285323,749.999999991,False,True
257740,2025-06-28 23:40:00,4.869142491565291,1338.2310424815653,500.0285666666667,8011.991148338857,8761.991148329857,749.999999991,False,True
257780,2025-06-29 00:20:00,49.12726757396842,1556.811534230635,674.3509333333333,9239.669389736619,9989.669389727618,749.999999991,False,True
259090,2025-06-29 22:10:00,10.508383207303261,1478.1077665306366,634.26605,2559.20388872115,3309.2038887121503,749.999999991,False,True
259110,2025-06-29 22:30:00,13.312438466674159,1505.5057717900074,658.8599999999999,3348.3936612236052,4098.393661214605,749.999999991,False,True
259120,2025-06-29 22:40:00,16.615188492369604,1534.5593551490363,684.6108333333333,4098.393661214605,4848.393661205605,749.999999991,False,True
259130,2025-06-29 22:50:00,62.32137695997903,1535.895426949979,640.2407166666667,4848.393661205605,5598.393661196605,749.999999991,False,True
259140,2025-06-29 23:00:00,89.55379010720058,1512.0437900972006,589.1566666666666,5598.393661196605,6348.393661187604,749.999999991,False,True
259170,2025-06-29 23:30:00,15.633730140311165,1495.9270634636446,646.96,7117.904528643807,7867.904528633807,749.99999999,False,True
259180,2025-06-29 23:40:00,53.78383874862708,1533.599938738627,646.4827666666666,7867.904528633807,8617.904528623807,749.99999999,False,True
259220,2025-06-30 00:20:00,7.636862372538068,1505.982962362538,665.0127666666666,9267.125683396787,10017.125683386786,749.99999999,False,True
260530,2025-06-30 22:10:00,16.72344768661832,1502.7023310099516,652.64555,2721.0340977877263,3471.0340977777264,749.99999999,False,True
260600,2025-06-30 23:20:00,36.81074695592985,1509.7858136125965,639.6417333333333,6328.883694999932,7078.883694990932,749.999999991,False,True
260610,2025-06-30 23:30:00,27.964242630812684,1500.4942426208127,639.1966666666666,7078.883694990932,7828.8836949819315,749.999999991,False,True
260620,2025-06-30 23:40:00,14.16978936125144,1498.542006017918,651.0388833333333,7828.8836949819315,8578.883694972932,749.999999991,False,True
262110,2025-07-02 00:30:00,9.606752604851174,1601.9667525948512,759.0266666666666,8639.700381963681,9389.70038195368,749.99999999,False,True
264980,2025-07-04 00:20:00,27.99700432028589,1466.0079543102859,604.6776166666666,5182.573426608406,5932.573426599406,749.999999991,False,True
267850,2025-07-06 00:10:00,38.18689366451098,1649.8369603211777,778.3167333333333,6742.847830925558,7492.8478309165575,749.999999991,False,True
267860,2025-07-06 00:20:00,20.906901792612864,1628.0413351159461,773.8010999999999,7492.8478309165575,8242.847830907558,749.999999991,False,True
269290,2025-07-07 00:10:00,52.485200585524346,1631.9786339088578,746.1601,6586.561176248538,7336.561176238538,749.99999999,False,True
269300,2025-07-07 00:20:00,48.9709005625732,1627.7912005525732,745.4869666666666,7336.561176238538,8086.561176228538,749.99999999,False,True
270730,2025-07-08 00:10:00,132.24282924467525,1718.9824292346752,753.4062666666666,6831.169048352566,7581.169048343566,749.999999991,False,True
270740,2025-07-08 00:20:00,111.52999660257045,1708.1742299259038,763.3109,7581.169048343566,8331.169048334566,749.999999991,False,True
270750,2025-07-08 00:30:00,47.20080180396348,1690.5674684606302,810.0333333333333,8331.169048334566,9081.169048325566,749.999999991,False,True
270770,2025-07-08 00:50:00,26.661599867499483,1632.0422165241662,772.0472833333333,9388.999439468997,10138.999439459996,749.999999991,False,True
270940,2025-07-08 03:40:00,15.013803459842642,735.991792729611,689.3800833333332,10771.561884648208,10799.999999991,28.438115342791566,True,False
270950,2025-07-08 03:50:00,41.32340767991386,736.9346410213475,695.6112333333333,10799.999999991,10799.999999991,0.0,True,False
270960,2025-07-08 04:00:00,47.82241880586489,758.5940854806319,710.7716666666666,10799.999999991,10799.999999991,0.0,True,False
270970,2025-07-08 04:10:00,94.21461932301966,752.3737026644532,658.1590833333332,10799.999999991,10799.999999991,0.0,True,False
270980,2025-07-08 04:20:00,81.24756579894981,734.5984158070502,653.35085,10799.999999991,10799.999999991,0.0,True,False
270990,2025-07-08 04:30:00,29.538675644917,729.2286756530174,699.69,10799.999999991,10799.999999991,0.0,True,False
271000,2025-07-08 04:40:00,51.94882357030969,742.9632902450767,691.0144666666666,10799.999999991,10799.999999991,0.0,True,False
271010,2025-07-08 04:50:00,32.58677068151221,754.6335206896125,722.04675,10799.999999991,10799.999999991,0.0,True,False
271060,2025-07-08 05:40:00,645.1842250576427,1409.2466277608269,702.7980666666667,10744.862097558134,10799.999999991,55.13790243286567,True,False
272120,2025-07-08 23:20:00,2.1167186145155403,1622.3364686045156,786.8864166666667,5367.5777304814155,6117.577730472415,749.999999991,False,True
272130,2025-07-08 23:30:00,37.07791408901743,1600.6029140790174,730.1916666666666,6117.577730472415,6867.577730463415,749.999999991,False,True
272170,2025-07-09 00:10:00,24.19889157897432,1587.617558235641,730.0853333333332,7550.431397332164,8300.431397322163,749.99999999,False,True
273520,2025-07-09 22:40:00,4.153622226463532,1604.5317388831302,767.0447833333333,3346.2090120064818,4096.209011997482,749.999999991,False,True
273530,2025-07-09 22:50:00,50.14410097898337,1631.1972343023167,747.7198,4096.209011997482,4846.2090119884815,749.999999991,False,True
273540,2025-07-09 23:00:00,9.953513471944682,1592.2935134619447,749.0066666666667,4846.2090119884815,5596.209011978482,749.99999999,False,True
273610,2025-07-10 00:10:00,56.2749935474942,1623.3800435374942,733.7717166666666,7596.388965665297,8346.388965655296,749.99999999,False,True
273620,2025-07-10 00:20:00,11.704230209642894,1627.9930635329763,782.9555,8346.388965655296,9096.388965645296,749.99999999,False,True
274950,2025-07-10 22:30:00,0.008204992656025095,1596.3365383159894,762.995,2706.9621545629566,3456.9621545529567,749.99999999,False,True
279270,2025-07-13 22:30:00,26.16230524153263,1585.9573052315327,726.4616666666667,2714.1504412429344,3464.1504412329346,749.99999999,False,True
280710,2025-07-14 22:30:00,5.085350290456282,1659.8103502804563,821.3916666666667,2839.442854826613,3589.442854817613,749.999999991,False,True
282150,2025-07-15 22:30:00,82.00787036847724,1603.5745370251439,688.2333333333332,3194.986790133205,3944.986790123205,749.99999999,False,True
282160,2025-07-15 22:40:00,49.73913100984168,1620.038064333175,736.9656,3944.986790123205,4694.986790113205,749.99999999,False,True
282200,2025-07-15 23:20:00,32.57979395752863,1613.4760106141953,747.5628833333333,6172.6523291156445,6922.652329105645,749.99999999,False,True
283610,2025-07-16 22:50:00,4.660438494856854,1589.6979718181901,751.7041999999999,5352.302316148474,6102.302316138474,749.99999999,False,True
283640,2025-07-16 23:20:00,26.063550166038674,1613.039583489372,753.6427,6781.853744315249,7531.853744305249,749.99999999,False,True
283650,2025-07-16 23:30:00,20.246839819323206,1622.0585064759898,768.4783333333332,7531.853744305249,8281.85374429525,749.99999999,False,True
285000,2025-07-17 22:00:00,72.71563370597606,1644.8073003626428,738.7583333333333,1658.1166463147777,2408.1166463057775,749.999999991,False,True
285010,2025-07-17 22:10:00,44.40856557171616,1628.4349822283828,750.6930833333332,2408.1166463057775,3158.1166462967776,749.999999991,False,True
285130,2025-07-18 00:10:00,19.241805741803084,1416.265005731803,563.6898666666666,4545.185788144417,5295.185788134417,749.99999999,False,True
287880,2025-07-19 22:00:00,9.971411109695275,1490.7797444330286,647.4749999999999,1430.3764294748034,2180.3764294658035,749.999999991,False,True
287890,2025-07-19 22:10:00,18.613274113916297,1457.8095741039162,605.8629666666666,2180.3764294658035,2930.3764294568036,749.999999991,False,True
287940,2025-07-19 23:00:00,32.07508675614201,1456.845086746142,591.4366666666666,5160.442995339997,5910.442995329997,749.99999999,False,True
287970,2025-07-19 23:30:00,1.2716561344282047,1477.2166561244283,642.6116666666667,6663.188013637953,7413.188013627953,749.99999999,False,True
288020,2025-07-20 00:20:00,34.2340072972355,1594.0377906205688,726.4704499999999,8708.628299838196,9458.628299828195,749.99999999,False,True
289330,2025-07-20 22:10:00,37.09969166033556,1603.9493583170022,733.5163333333333,2610.592293810114,3360.592293800114,749.99999999,False,True
289410,2025-07-20 23:30:00,42.74040838417499,1614.6587417075084,738.585,6921.8008288790725,7671.800828870072,749.999999991,False,True
289420,2025-07-20 23:40:00,15.2518841977353,1631.799100854402,783.2138833333333,7671.800828870072,8421.800828861073,749.999999991,False,True
290770,2025-07-21 22:10:00,22.709602391508263,1561.5737857148415,705.5308499999999,2157.6445647451883,2907.6445647351884,749.99999999,False,True
290790,2025-07-21 22:30:00,26.8073881610893,1627.524054817756,767.3833333333333,2965.0262117150837,3715.026211705084,749.99999999,False,True
292250,2025-07-22 22:50:00,24.438014796596455,1628.1260981199298,770.35475,5152.452104030041,5902.45210402104,749.999999991,False,True
292260,2025-07-22 23:00:00,10.545392744175608,1626.2470594008423,782.3683333333333,5902.45210402104,6652.45210401204,749.999999991,False,True
292660,2025-07-23 05:40:00,49.99868695949271,1380.6639014467555,650.74785,10188.074371952463,10799.999999991,611.9256280385365,True,False
293640,2025-07-23 22:00:00,1.4510683084026743,1615.3277349650693,780.5433333333333,1200.000000011111,1950.000000001111,749.99999999,False,True
293670,2025-07-23 22:30:00,28.943055502566487,1646.2697221592332,783.9933333333333,2674.72913173865,3424.72913172965,749.999999991,False,True
293680,2025-07-23 22:40:00,8.254094574932417,1590.7001278982657,749.1126999999999,3424.72913172965,4174.72913172065,749.999999991,False,True
293720,2025-07-23 23:20:00,22.24050232823378,1574.9918689849005,719.4180333333334,5695.015214400088,6445.015214391087,749.999999991,False,True
295120,2025-07-24 22:40:00,52.93170878287264,1621.8535754395393,735.5885333333333,4443.009314784625,5193.009314774625,749.99999999,False,True
296530,2025-07-25 22:10:00,13.800696954964671,1454.871180278298,607.7371499999999,2404.9498765351564,3154.9498765251565,749.99999999,False,True
296550,2025-07-25 22:30:00,18.97693000151525,1456.9152633248486,604.605,3194.405322821167,3944.405322811167,749.99999999,False,True
296660,2025-07-26 00:20:00,26.590625923746977,1421.524125913747,561.6001666666666,4960.913045549456,5710.913045539456,749.99999999,False,True
297960,2025-07-26 22:00:00,63.24322211953926,1472.9715554428726,576.395,1906.546611760399,2656.546611750399,749.99999999,False,True
297970,2025-07-26 22:10:00,10.67975405279207,1438.5141873761254,594.5011,2656.546611750399,3406.546611740399,749.99999999,False,True
297990,2025-07-26 22:30:00,23.972905848838302,1444.0929058388383,586.7866666666666,3414.1850704728836,4164.185070462883,749.99999999,False,True
298020,2025-07-26 23:00:00,8.139429549947401,1431.3344295399475,589.8616666666667,5581.70527390938,6331.70527389938,749.99999999,False,True
298050,2025-07-26 23:30:00,43.61321791897637,1473.359884575643,596.4133333333333,7009.753444260507,7759.753444251507,749.999999991,False,True
298060,2025-07-26 23:40:00,87.60583067135211,1471.866080661352,550.9269166666666,7759.753444251507,8509.753444241507,749.99999999,False,True
299400,2025-07-27 22:00:00,26.355636210338155,1615.1489695336716,755.46,2055.413588628414,2805.413588618414,749.99999999,False,True
299410,2025-07-27 22:10:00,11.725216186845948,1573.1547328435126,728.0961833333333,2805.413588618414,3555.413588608414,749.99999999,False,True
299440,2025-07-27 22:40:00,39.02273005508925,1631.3823467117559,759.0262833333333,4249.057958187666,4999.0579581776665,749.99999999,False,True
299450,2025-07-27 22:50:00,28.68097145440958,1614.0585047777429,752.0441999999999,4999.0579581776665,5749.057958167667,749.99999999,False,True
299500,2025-07-27 23:40:00,34.54263293051735,1612.3472662538506,744.4712999999999,7897.1526857415265,8647.152685731526,749.99999999,False,True
300870,2025-07-28 22:30:00,30.815605910807555,1615.7406059008076,751.5916666666667,3703.543311847421,4453.543311838421,749.999999991,False,True
300880,2025-07-28 22:40:00,1.9744661244054589,1624.1179494477387,788.8101499999999,4453.543311838421,5203.54331182942,749.999999991,False,True
300890,2025-07-28 22:50:00,14.891995982995233,1609.8504959729953,761.6251666666667,5203.54331182942,5953.54331182042,749.999999991,False,True
300900,2025-07-28 23:00:00,59.486121144356495,1594.1977878010232,701.3783333333333,5953.54331182042,6703.54331181142,749.999999991,False,True
300980,2025-07-29 00:20:00,27.624790451798383,1624.7742737751316,763.8161499999999,9397.997416021837,10147.997416012837,749.999999991,False,True
301300,2025-07-29 05:40:00,527.4266787641944,1397.3528007076504,697.138,10644.49069024189,10799.999999991,155.50930974911026,True,False
302280,2025-07-29 22:00:00,50.227009219849826,1621.7636758765166,738.2033333333334,1912.6308896216804,2662.63088961268,749.999999991,False,True
302290,2025-07-29 22:10:00,35.72749040029111,1586.7967237236244,717.7358999999999,2662.63088961268,3412.6308896026803,749.99999999,False,True
302330,2025-07-29 22:50:00,6.382271946711277,1604.6732552700446,764.95765,4889.6126970144505,5639.612697004451,749.99999999,False,True
302340,2025-07-29 23:00:00,41.298639706988745,1611.616973030322,736.9849999999999,5639.612697004451,6389.612696994451,749.99999999,False,True
302370,2025-07-29 23:30:00,3.4236614732701502,1615.3236614632701,778.5666666666666,7158.9610721843865,7908.961072174387,749.99999999,False,True
302420,2025-07-30 00:20:00,2.9183870333254083,1561.139003689992,724.8872833333332,9263.836697709616,10013.836697699615,749.99999999,False,True
303720,2025-07-30 22:00:00,26.17974552465477,1612.2447455146548,752.7316666666667,2310.4348958156675,3060.4348958056676,749.99999999,False,True
303730,2025-07-30 22:10:00,29.95316539917666,1625.3532153891767,762.0667166666667,3060.4348958056676,3810.4348957956677,749.99999999,False,True
303750,2025-07-30 22:30:00,47.76808524883153,1626.4147519054982,745.3133333333333,3848.975692972401,4598.975692962401,749.99999999,False,True
303760,2025-07-30 22:40:00,16.95292640212164,1588.6697763921215,738.3835166666665,4598.975692962401,5348.975692952401,749.99999999,False,True
303800,2025-07-30 23:20:00,20.744088321642487,1566.390171644976,712.31275,6827.432652035245,7577.432652025245,749.99999999,False,True
303810,2025-07-30 23:30:00,35.71360371975299,1612.298603709753,743.2516666666667,7577.432652025245,8327.432652015244,749.99999999,False,True
303820,2025-07-30 23:40:00,53.720647680845325,1633.5622810041787,746.5083,8327.432652015244,9077.432652005244,749.99999999,False,True
303860,2025-07-31 00:20:00,75.23645234472563,1605.145085668059,696.5753,9355.690290014158,10105.690290005157,749.999999991,False,True
305160,2025-07-31 22:00:00,51.18211702472535,1638.0604503480588,753.5450000000001,2093.549895858318,2843.549895849318,749.999999991,False,True
305190,2025-07-31 22:30:00,50.46871747350519,1623.8553841301718,740.0533333333333,3597.8310926497206,4347.83109264072,749.999999991,False,True
306600,2025-08-01 22:00:00,81.22061647316148,1453.282283129828,538.7283333333332,2599.241995369377,3349.241995359377,749.99999999,False,True
306610,2025-08-01 22:10:00,41.86875319840737,1447.6189865217407,572.4168999999999,3349.241995359377,4099.241995349377,749.99999999,False,True
306630,2025-08-01 22:30:00,8.018608326670794,1447.3036083166708,605.9516666666666,4100.941301757807,4850.941301747807,749.99999999,False,True
306640,2025-08-01 22:40:00,41.40601351373754,1453.2402301704042,578.5008833333333,4850.941301747807,5600.941301737807,749.99999999,False,True
308040,2025-08-02 22:00:00,62.24724250983626,1430.0972424998363,534.5166666666667,2212.0850538700383,2962.0850538600384,749.99999999,False,True
308050,2025-08-02 22:10:00,11.964452620106833,1432.4945859434401,587.1967999999999,2962.0850538600384,3712.0850538500385,749.99999999,False,True
308070,2025-08-02 22:30:00,26.126123796477025,1428.1577904531437,568.6983333333333,3711.6079666781457,4461.607966668145,749.99999999,False,True
308080,2025-08-02 22:40:00,77.88249672038431,1459.436563377051,548.2207333333333,4461.607966668145,5211.607966658145,749.99999999,False,True
308090,2025-08-02 22:50:00,64.01529433641984,1459.3276443264199,561.9790166666667,5211.607966658145,5961.6079666481455,749.99999999,False,True
308100,2025-08-02 23:00:00,13.798510918032427,1428.1385109080325,581.0066666666667,5961.6079666481455,6711.607966638146,749.99999999,False,True
308120,2025-08-02 23:20:00,34.51913363485698,1461.393233624857,593.5407666666666,6746.877163616573,7496.877163606573,749.99999999,False,True
308180,2025-08-03 00:20:00,34.67303706611289,1547.0369703894462,679.0305999999999,9195.224081939303,9945.224081929302,749.99999999,False,True
309540,2025-08-03 23:00:00,46.232816374471206,1613.2244830311379,733.6583333333333,5195.783565160252,5945.783565151251,749.999999991,False,True
309560,2025-08-03 23:20:00,22.55210708812057,1593.9781904114539,738.0927499999999,5996.528458147592,6746.528458138591,749.999999991,False,True
309580,2025-08-03 23:40:00,3.1827608815543647,1593.7356442048876,757.2195499999999,7494.567396719746,8244.567396710747,749.999999991,False,True
309610,2025-08-04 00:10:00,27.548459664608224,1629.118776321275,768.2369833333333,8293.115098878494,9043.115098868493,749.99999999,False,True
309620,2025-08-04 00:20:00,16.853653404299614,1604.4143033942996,754.2273166666666,9043.115098868493,9793.115098859493,749.999999991,False,True
309940,2025-08-04 05:40:00,586.3953094536355,1407.968243582693,617.46575,10616.303534274848,10799.999999991,183.69646571615195,True,False
310920,2025-08-04 22:00:00,16.145546750861506,1607.6305467408615,758.1516666666666,2405.3395033551496,3155.3395033451498,749.99999999,False,True
310970,2025-08-04 22:50:00,12.896251889784473,1599.7129352131178,753.48335,5315.797321354203,6065.797321344203,749.99999999,False,True
311010,2025-08-04 23:30:00,29.286893721411495,1637.2268937114115,774.6066666666667,7622.837222330349,8372.837222320348,749.99999999,False,True
311020,2025-08-04 23:40:00,16.343471159702624,1606.529804483036,756.8530000000001,8372.837222320348,9122.837222310347,749.99999999,False,True
311060,2025-08-05 00:20:00,7.205016075834684,1589.8188827325014,749.2805333333333,9220.482219146726,9970.482219136726,749.99999999,False,True
311380,2025-08-05 05:40:00,20.401566973527103,1426.1630509723466,654.9028833333333,10124.227259392062,10799.999999991,675.7727405989375,True,False
312400,2025-08-05 22:40:00,4.383660994961239,1617.2743943182945,779.5573999999999,4172.52910419799,4922.52910418899,749.999999991,False,True
312410,2025-08-05 22:50:00,1.121039491286857,1600.4445728146202,765.9902,4922.52910418899,5672.529104179989,749.999999991,False,True
312440,2025-08-05 23:20:00,24.387834527666875,1613.983234517667,756.2620666666667,6533.702516707097,7283.702516698097,749.999999991,False,True
312500,2025-08-06 00:20:00,7.758057581699851,1580.1148409050331,739.0234499999999,9361.90941299062,10111.90941298162,749.999999991,False,True
312760,2025-08-06 04:40:00,58.771895611695506,711.7572066984447,643.3819,10791.356930012926,10799.999999991,8.643069978074342,True,False
312770,2025-08-06 04:50:00,45.07765972867284,694.9832264034397,649.9055666666666,10799.999999991,10799.999999991,0.0,True,False
312780,2025-08-06 05:00:00,14.440086009561446,678.2234193509951,663.7833333333333,10799.999999991,10799.999999991,0.0,True,False
312790,2025-08-06 05:10:00,19.39959952722686,689.4613328686604,670.0617333333332,10799.999999991,10799.999999991,0.0,True,False
312800,2025-08-06 05:20:00,16.601720087550767,695.2172867623177,678.6155666666666,10799.999999991,10799.999999991,0.0,True,False
312820,2025-08-06 05:40:00,723.0051894873583,1418.0930241362298,668.2042833333333,10775.804803807016,10799.999999991,24.195196183984454,True,False
313810,2025-08-06 22:10:00,39.86926443803895,1593.2487477613722,720.0461499999999,2457.9131244081846,3207.9131243991847,749.999999991,False,True
313850,2025-08-06 22:50:00,15.557074600421394,1590.5957579237547,741.70535,4668.761479579314,5418.761479570314,749.999999991,False,True
313860,2025-08-06 23:00:00,66.37130205446657,1611.2063020444666,711.5016666666667,5418.761479570314,6168.7614795613135,749.999999991,False,True
313940,2025-08-07 00:20:00,6.2423304741891945,1571.7522804641892,732.1766166666666,9061.799938288857,9811.799938278857,749.99999999,False,True
314260,2025-08-07 05:40:00,378.277889144414,1421.6911264053872,617.9888333333333,10417.118036456124,10799.999999991,382.88196353487587,True,False
315280,2025-08-07 22:40:00,6.058872491571711,1601.2623724815717,761.8701666666666,3756.870353082765,4506.870353073765,749.999999991,False,True
318200,2025-08-09 23:20:00,35.092271434635784,1434.3305714246358,565.9049666666666,6250.612187053441,7000.61218704444,749.999999991,False,True
318210,2025-08-09 23:30:00,64.83369701658499,1455.093697006585,556.9266666666666,7000.61218704444,7750.61218703544,749.999999991,False,True
318220,2025-08-09 23:40:00,31.351233842234926,1429.915383832235,565.2308166666667,7750.61218703544,8500.61218702644,749.999999991,False,True
318250,2025-08-10 00:10:00,38.354894106262,1628.1316774295954,756.44345,8582.952554096071,9332.95255408707,749.999999991,False,True
318510,2025-08-10 04:30:00,33.51035586093243,718.9973415010883,683.7116666666667,10798.40221291486,10799.999999991,1.5977870761402277,True,False
318520,2025-08-10 04:40:00,15.267946891106567,729.1861968992068,713.91825,10799.999999991,10799.999999991,0.0,True,False
318530,2025-08-10 04:50:00,29.042066149178183,723.7921494906119,694.7500833333334,10799.999999991,10799.999999991,0.0,True,False
318540,2025-08-10 05:00:00,44.30784924285738,696.1945159176244,651.8866666666667,10799.999999991,10799.999999991,0.0,True,False
318550,2025-08-10 05:10:00,6.470353778043181,676.9583537861434,670.4879999999999,10799.999999991,10799.999999991,0.0,True,False
318560,2025-08-10 05:20:00,9.791103882705816,668.1421872241393,658.3510833333332,10799.999999991,10799.999999991,0.0,True,False
318570,2025-08-10 05:30:00,25.64719601098973,638.2788626857567,612.6316666666667,10799.999999991,10799.999999991,0.0,True,False
318580,2025-08-10 05:40:00,781.5935220611324,1421.7262887358993,640.1327666666666,10799.999999991,10799.999999991,0.0,True,False
319560,2025-08-10 22:00:00,47.786560209357496,1602.4665601993574,721.3466666666666,2001.4510281643022,2751.451028154302,749.99999999,False,True
319570,2025-08-10 22:10:00,1.3396998870214167,1609.8908998770214,775.2178666666666,2751.451028154302,3501.451028144302,749.99999999,False,True
319590,2025-08-10 22:30:00,19.791863707247096,1636.511863697247,783.3866666666665,3481.7484970678624,4231.748497057863,749.99999999,False,True
319600,2025-08-10 22:40:00,73.25197853116934,1645.9569785211693,739.3716666666666,4231.748497057863,4981.748497047863,749.99999999,False,True
319610,2025-08-10 22:50:00,27.987468081731315,1625.7370680717313,764.4162666666666,4981.748497047863,5731.748497037863,749.99999999,False,True
319640,2025-08-10 23:20:00,16.475467940341325,1576.843734597008,727.0349333333334,6668.703360614133,7418.703360604133,749.99999999,False,True
321080,2025-08-11 23:20:00,58.583491492679734,1625.400474816013,733.4836499999999,5843.4524366527585,6593.452436643758,749.999999991,False,True
321090,2025-08-11 23:30:00,15.836633194623111,1598.391633184623,749.2216666666666,6593.452436643758,7343.452436634758,749.999999991,False,True
322440,2025-08-12 22:00:00,11.480201821085409,1599.631868477752,754.8183333333333,1703.7304682938664,2453.730468284866,749.999999991,False,True
322490,2025-08-12 22:50:00,15.52319409936296,1601.1877107560297,752.3311833333333,4672.765833695066,5422.765833685066,749.99999999,False,True
322500,2025-08-12 23:00:00,38.2064836065283,1601.2031502631949,729.6633333333332,5422.765833685066,6172.7658336750665,749.99999999,False,True
322520,2025-08-12 23:20:00,11.315800686550567,1597.721184009884,753.07205,6475.6631482594985,7225.663148249499,749.99999999,False,True
322530,2025-08-12 23:30:00,17.92976041446456,1625.9814270711313,774.7183333333334,7225.663148249499,7975.663148239499,749.99999999,False,True
322540,2025-08-12 23:40:00,36.687192410016216,1608.7114257333496,738.6909,7975.663148239499,8725.663148229498,749.99999999,False,True
323910,2025-08-13 22:30:00,48.78386654827545,1620.055533204942,737.9383333333333,3300.146342116663,4050.1463421066633,749.99999999,False,True
323920,2025-08-13 22:40:00,14.169023920173906,1607.4645405768406,759.9621833333333,4050.1463421066633,4800.146342096663,749.99999999,False,True
323960,2025-08-13 23:20:00,57.53291302778245,1592.309329684449,701.4430833333332,6582.372558167892,7332.372558157892,749.99999999,False,True
323970,2025-08-13 23:30:00,54.3293193059718,1597.6576526293052,709.995,7332.372558157892,8082.372558147892,749.99999999,False,True
323980,2025-08-13 23:40:00,67.77609362501083,1596.0834102816775,694.9739833333333,8082.372558147892,8832.372558137891,749.99999999,False,True
325320,2025-08-14 22:00:00,82.98978409468053,1646.3747840846806,730.0516666666667,1602.959056553175,2352.959056544175,749.999999991,False,True
325330,2025-08-14 22:10:00,107.228725993966,1652.046025983966,711.4839666666667,2352.959056544175,3102.959056535175,749.999999991,False,True
325350,2025-08-14 22:30:00,64.24676744551094,1608.7134341021776,711.1333333333333,3191.565497083789,3941.565497073789,749.99999999,False,True
325410,2025-08-14 23:30:00,47.215710849169106,1581.0773775058358,700.5283333333333,4833.647762982036,5583.647762973035,749.999999991,False,True
326760,2025-08-15 22:00:00,62.22126846295429,1449.6096017862876,554.055,1754.4257293147373,2504.425729305737,749.999999991,False,True
326790,2025-08-15 22:30:00,59.5452002800024,1457.1335336033358,564.255,3245.9750969593724,3995.9750969503725,749.999999991,False,True
326800,2025-08-15 22:40:00,49.85475492477712,1441.1051715814438,557.9170833333333,3995.9750969503725,4745.975096941373,749.999999991,False,True
328200,2025-08-16 22:00:00,1.794205904863012,1419.174205894863,584.0466666666666,1212.5479912809733,1962.5479912719734,749.999999991,False,True
328240,2025-08-16 22:40:00,6.252973967494078,1420.5281906241607,580.9418833333333,3390.637445269834,4140.637445260834,749.999999991,False,True
328250,2025-08-16 22:50:00,5.8634898517247995,1414.0913731750582,574.89455,4140.637445260834,4890.637445250834,749.99999999,False,True
328300,2025-08-16 23:40:00,28.601709979008994,1396.975159969009,535.0401166666666,7461.560664940416,8211.560664930415,749.99999999,False,True
328330,2025-08-17 00:10:00,17.807207877909597,1582.4021245345762,731.2615833333332,8302.350975260752,9052.35097525075,749.99999999,False,True
329650,2025-08-17 22:10:00,11.305951642820666,1600.3828182994873,755.7435333333333,2129.677670863516,2879.6776708545162,749.999999991,False,True
329670,2025-08-17 22:30:00,84.6015652886906,1619.744898612024,701.81,2946.597656669592,3696.5976566595923,749.99999999,False,True
329680,2025-08-17 22:40:00,27.929586053970517,1587.7501693773038,726.4872499999999,3696.5976566595923,4446.597656649592,749.99999999,False,True
329720,2025-08-17 23:20:00,33.01963437345693,1563.5793343634568,697.2263666666665,6303.732496260931,7053.732496250931,749.99999999,False,True
329730,2025-08-17 23:30:00,17.835548062417836,1596.6188813857511,745.4499999999999,7053.732496250931,7803.732496240931,749.99999999,False,True
331090,2025-08-18 22:10:00,74.66705182558256,1623.2986851489159,715.2982999999999,2331.8833650976076,3081.8833650886077,749.999999991,False,True
331110,2025-08-18 22:30:00,32.5017826073913,1614.8734492640579,749.0383333333332,3160.283387419781,3910.283387410781,749.999999991,False,True
331120,2025-08-18 22:40:00,36.77681677257214,1616.8674334292389,746.7572833333334,3910.283387410781,4660.283387401781,749.999999991,False,True
331130,2025-08-18 22:50:00,22.060705476126707,1607.1158721327934,751.7218333333333,4660.283387401781,5410.28338739278,749.999999991,False,True
331160,2025-08-18 23:20:00,28.203290786420432,1586.1465407764204,724.6099166666665,6468.930931573875,7218.930931564874,749.999999991,False,True
331170,2025-08-18 23:30:00,66.68156398751624,1591.4148973108495,691.3999999999999,7218.930931564874,7968.930931555874,749.999999991,False,True
331180,2025-08-18 23:40:00,43.11895986118292,1603.3540431845163,726.90175,7968.930931555874,8718.930931546874,749.999999991,False,True
331220,2025-08-19 00:20:00,39.27309864827304,1616.454298638273,743.8478666666666,9311.839262979116,10061.839262970116,749.999999991,False,True
332520,2025-08-19 22:00:00,18.239491985244733,1574.1311586419115,722.5583333333334,1200.000000011111,1950.000000002111,749.999999991,False,True
332550,2025-08-19 22:30:00,50.7621370754216,1629.260470398755,745.165,2711.1053603503146,3461.1053603413147,749.999999991,False,True
332580,2025-08-19 23:00:00,14.142618836821832,1558.4992854934885,711.0233333333333,4919.585874068607,5669.585874059607,749.999999991,False,True
332610,2025-08-19 23:30:00,31.918075676061783,1600.0414089993951,734.79,6763.602059856735,7513.602059847734,749.999999991,False,True
332650,2025-08-20 00:10:00,17.747771870413878,1563.6459218604139,712.5648166666666,8239.447261051522,8989.447261042522,749.999999991,False,True
332980,2025-08-20 05:40:00,306.3052124476085,1437.1830021041217,671.8585833333333,10386.882714300138,10799.999999991,413.1172856908619,True,False
333960,2025-08-20 22:00:00,30.72336066251102,1610.1700273191777,746.1133333333333,1857.9688414948766,2607.9688414848765,749.99999999,False,True
334000,2025-08-20 22:40:00,29.981044588778893,1589.7149279121122,726.40055,4082.6848985702677,4832.684898560267,749.99999999,False,True
334010,2025-08-20 22:50:00,22.52341369754742,1593.1234970208807,737.2667499999999,4832.684898560267,5582.6848985502675,749.99999999,False,True
335440,2025-08-21 22:40:00,24.719372327023613,1592.6967723170237,734.6440666666667,3336.322930994218,4086.322930985218,749.999999991,False,True
336930,2025-08-22 23:30:00,11.161298257708715,1410.939631581042,566.4449999999999,4838.025622921493,5588.0256229124925,749.999999991,False,True
338280,2025-08-23 22:00:00,12.666683122287047,1415.771683112287,569.7716666666666,1566.6590037931182,2316.6590037831184,749.99999999,False,True
338290,2025-08-23 22:10:00,85.17336520801187,1440.4493985313452,521.9427,2316.6590037831184,3066.6590037731185,749.99999999,False,True
338310,2025-08-23 22:30:00,4.8050846411138,1451.8467512977804,613.7083333333333,3132.378586617223,3882.378586607223,749.99999999,False,True
338360,2025-08-23 23:20:00,20.962527339062596,1415.346610662396,561.05075,6418.1176718985935,7168.117671889593,749.999999991,False,True
338370,2025-08-23 23:30:00,17.644672981871615,1419.8063396385382,568.8283333333333,7168.117671889593,7918.117671880593,749.999999991,False,True
338740,2025-08-24 05:40:00,371.7232473898562,1437.1332666425703,643.2189999999999,10420.028082663557,10799.999999991,379.97191732744284,True,False
339720,2025-08-24 22:00:00,19.71460175424874,1579.892935077582,726.8449999999999,1245.9590382152005,1995.9590382062006,749.999999991,False,True
339730,2025-08-24 22:10:00,40.81987599250282,1583.3351093158362,709.1819,1995.9590382062006,2745.9590381972007,749.999999991,False,True
339770,2025-08-24 22:50:00,52.6235499502743,1601.697316606941,715.7404333333334,4188.720433673405,4938.7204336644045,749.999999991,False,True
339780,2025-08-24 23:00:00,58.63208414221173,1607.9270841322118,715.9616666666667,4938.7204336644045,5688.720433655404,749.999999991,False,True
339820,2025-08-24 23:40:00,14.21601998509049,1591.5091199750905,743.9597666666666,7431.613904957993,8181.613904948993,749.999999991,False,True
339850,2025-08-25 00:10:00,60.13004856655345,1623.9608318898868,730.49745,8241.238780573432,8991.238780563432,749.99999999,False,True
339860,2025-08-25 00:20:00,53.42221419226927,1596.8666641822692,710.1111166666666,8991.238780563432,9741.238780554431,749.999999991,False,True
340180,2025-08-25 05:40:00,394.92203366200164,1436.8294769116958,641.7795166666666,10439.884866066275,10799.999999991,360.1151339247248,True,False
341170,2025-08-25 22:10:00,3.3177971191416793,1558.853680442475,722.20255,2040.7057844606395,2790.7057844516394,749.999999991,False,True
341190,2025-08-25 22:30:00,32.52818360862374,1582.5831835986237,716.7216666666666,2837.5631965313805,3587.5631965223806,749.999999991,False,True
341260,2025-08-25 23:40:00,21.100770113594187,1564.1828201035942,709.7487166666666,7566.813353864332,8316.813353855332,749.999999991,False,True
341290,2025-08-26 00:10:00,20.43130795588751,1591.0572079458875,737.2925666666666,8359.191179405227,9109.191179395226,749.99999999,False,True
341300,2025-08-26 00:20:00,19.788812201675675,1579.5683121916757,726.4461666666666,9109.191179395226,9859.191179386225,749.999999991,False,True
341620,2025-08-26 05:40:00,319.80142901558736,1464.1665503177087,591.9918333333333,10302.86404081809,10799.99999999,497.1359591719091,True,False
341630,2025-08-26 05:50:00,15.337079444281548,654.4598961199489,639.1228166666666,10799.99999999,10799.99999999,0.0,True,False
342630,2025-08-26 22:30:00,95.03891104973069,1595.917244373064,667.545,3750.4325749299164,4500.432574919916,749.99999999,False,True
342640,2025-08-26 22:40:00,69.15350988271688,1617.618309872717,715.1314666666667,4500.432574919916,5250.432574909916,749.99999999,False,True
342650,2025-08-26 22:50:00,14.234650576260826,1601.2009505662609,753.6329666666667,5250.432574909916,6000.432574899916,749.99999999,False,True
342680,2025-08-26 23:20:00,30.518331063381986,1585.0678143867153,721.21615,7144.852791293686,7894.852791283686,749.99999999,False,True
342700,2025-08-26 23:40:00,19.9309472293944,1579.5774472193943,726.3131666666666,8625.797009696793,9375.797009686792,749.99999999,False,True
344090,2025-08-27 22:50:00,2.4130236119975654,1563.037656935331,727.2913,4150.774882752523,4900.7748827435225,749.999999991,False,True
344100,2025-08-27 23:00:00,22.72343360459046,1573.2567669279238,717.1999999999999,4900.7748827435225,5650.774882734522,749.999999991,False,True
344170,2025-08-28 00:10:00,58.345104199911354,1594.6578875232447,702.9794499999999,8271.629913451448,9021.629913441448,749.99999999,False,True
344180,2025-08-28 00:20:00,76.15812166697354,1571.7782216569735,662.2867666666666,9021.629913441448,9771.629913432447,749.999999991,False,True
344500,2025-08-28 05:40:00,194.39737178309554,1444.6339245089125,593.8454333333333,10209.247992537765,10799.999999991,590.7520074532353,True,False
345490,2025-08-28 22:10:00,5.7611198035985955,1599.116503126932,760.02205,2235.389170090089,2985.389170080089,749.99999999,False,True
345510,2025-08-28 22:30:00,6.140536638869654,1565.663869962203,726.19,2978.1758490653106,3728.1758490553107,749.99999999,False,True
345520,2025-08-28 22:40:00,86.18157446132192,1576.8876411179886,657.3727333333333,3728.1758490553107,4478.17584904531,749.99999999,False,True
346950,2025-08-29 22:30:00,49.239939473905444,1462.051606130572,579.4783333333332,2953.3725565883847,3703.372556578385,749.99999999,False,True
348390,2025-08-30 22:30:00,5.788228008124398,1447.6115613314578,608.49,3064.244348294266,3814.244348284266,749.99999999,False,True
348420,2025-08-30 23:00:00,37.25599319038485,1450.1076598470515,579.5183333333333,5268.884266398214,6018.884266388214,749.99999999,False,True
348490,2025-08-31 00:10:00,38.96173016835177,1578.764913491685,706.46985,8536.128526009461,9286.12852599946,749.99999999,False,True
348500,2025-08-31 00:20:00,42.325268795209006,1556.8185854518756,681.1599833333332,9286.12852599946,10036.12852598946,749.99999999,False,True
348820,2025-08-31 05:40:00,498.5623406561597,1458.5354062100018,616.6446333333333,10491.004410992542,10799.999999991,308.99558899845795,True,False
349800,2025-08-31 22:00:00,41.09431566244893,1560.4509823191156,686.0233333333333,1609.3949538759916,2359.3949538669917,749.999999991,False,True
349810,2025-08-31 22:10:00,21.917010825042546,1553.5740108150426,698.3236666666667,2359.3949538669917,3109.394953857992,749.999999991,False,True
349830,2025-08-31 22:30:00,35.54163651794226,1594.9833031746089,726.1083333333332,3122.194103602308,3872.1941035933082,749.999999991,False,True
349840,2025-08-31 22:40:00,53.75968730878753,1578.0122539654542,690.9192333333333,3872.1941035933082,4622.194103583308,749.99999999,False,True
349850,2025-08-31 22:50:00,0.8572515576806757,1561.808434881014,727.6178499999999,4622.194103583308,5372.194103573308,749.99999999,False,True
349880,2025-08-31 23:20:00,22.257373913375993,1587.3555405700426,731.7648333333333,6434.386799458572,7184.386799448572,749.99999999,False,True
349900,2025-08-31 23:40:00,11.262581906646112,1579.3385318966461,734.7426166666667,7912.311074248785,8662.311074238785,749.99999999,False,True
349940,2025-09-01 00:20:00,71.22022541502325,1527.88124207169,623.3276833333333,9485.584408909937,10235.584408900937,749.999999991,False,True
350020,2025-09-01 01:40:00,113.73843822786696,700.8685261840499,582.68615,10796.000455830435,10799.999999991,3.999544160564616,True,False
350030,2025-09-01 01:50:00,114.3612873068831,688.9541206483167,574.5928333333333,10799.999999991,10799.999999991,0.0,True,False
350040,2025-09-01 02:00:00,73.44613305274888,648.5777997275159,575.1316666666667,10799.999999991,10799.999999991,0.0,True,False
350050,2025-09-01 02:10:00,64.24123138338402,658.691498058151,594.4502666666666,10799.999999991,10799.999999991,0.0,True,False
350060,2025-09-01 02:20:00,69.08577245981436,669.1317391345813,600.0459666666666,10799.999999991,10799.999999991,0.0,True,False
350070,2025-09-01 02:30:00,75.62821484132198,664.1182148494223,588.49,10799.999999991,10799.999999991,0.0,True,False
350080,2025-09-01 02:40:00,91.33366918227418,678.7801691903745,587.4465,10799.999999991,10799.999999991,0.0,True,False
350090,2025-09-01 02:50:00,92.8700052523262,682.5485385937598,589.6785333333332,10799.999999991,10799.999999991,0.0,True,False
350100,2025-09-01 03:00:00,80.3348314469392,671.1114981217062,590.7766666666666,10799.999999991,10799.999999991,0.0,True,False
350110,2025-09-01 03:10:00,74.56644762181324,672.6080309632468,598.0415833333333,10799.999999991,10799.999999991,0.0,True,False
350120,2025-09-01 03:20:00,55.072049584822345,671.7670662595892,616.6950166666666,10799.999999991,10799.999999991,0.0,True,False
350130,2025-09-01 03:30:00,23.586193579039993,653.2395269204736,629.6533333333333,10799.999999991,10799.999999991,0.0,True,False
350140,2025-09-01 03:40:00,14.04861023555768,625.116710243658,611.0681,10799.999999991,10799.999999991,0.0,True,False
350150,2025-09-01 03:50:00,54.991578313784636,640.8241616552183,585.8325833333333,10799.999999991,10799.999999991,0.0,True,False
350160,2025-09-01 04:00:00,113.95424227710268,687.1792422852029,573.2249999999999,10799.999999991,10799.999999991,0.0,True,False
350170,2025-09-01 04:10:00,120.07299497460903,695.4097616493759,575.3367666666666,10799.999999991,10799.999999991,0.0,True,False
350180,2025-09-01 04:20:00,85.96995605919601,684.3431394006296,598.3731833333333,10799.999999991,10799.999999991,0.0,True,False
350190,2025-09-01 04:30:00,45.105307109319575,665.4669737840866,620.3616666666667,10799.999999991,10799.999999991,0.0,True,False
350200,2025-09-01 04:40:00,27.37613159949658,634.4172316075968,607.0410999999999,10799.999999991,10799.999999991,0.0,True,False
350210,2025-09-01 04:50:00,48.90243252411908,640.2275158655527,591.3250833333333,10799.999999991,10799.999999991,0.0,True,False
350220,2025-09-01 05:00:00,68.89417505203969,662.29917506014,593.405,10799.999999991,10799.999999991,0.0,True,False
350230,2025-09-01 05:10:00,31.553652055706472,634.6398853971401,603.0862333333333,10799.999999991,10799.999999991,0.0,True,False
350240,2025-09-01 05:20:00,30.847723485190237,638.9375568266239,608.0898333333333,10799.999999991,10799.999999991,0.0,True,False
350250,2025-09-01 05:30:00,63.69057052857895,661.9772372033459,598.2866666666666,10799.999999991,10799.999999991,0.0,True,False
350260,2025-09-01 05:40:00,859.9449017848286,1446.5178351262623,586.5729333333334,10799.999999991,10799.999999991,0.0,True,False
351240,2025-09-01 22:00:00,73.40170039431096,1544.4150337176443,637.68,2769.913147908733,3519.9131478987333,749.99999999,False,True
351250,2025-09-01 22:10:00,1.4679746385295322,1497.1081246285296,662.3068166666667,3519.9131478987333,4269.913147888733,749.99999999,False,True
351270,2025-09-01 22:30:00,37.11985144663458,1501.433184769968,630.98,4311.374242738368,5061.374242728368,749.99999999,False,True
351280,2025-09-01 22:40:00,104.63095160525789,1537.6778515952578,599.7135666666666,5061.374242728368,5811.374242718368,749.99999999,False,True
351290,2025-09-01 22:50:00,132.87964946189754,1543.8733661185643,577.6603833333334,5811.374242718368,6561.374242708368,749.99999999,False,True
351300,2025-09-01 23:00:00,116.01475010942362,1529.7897500994236,580.4416666666666,6561.374242708368,7311.374242698368,749.99999999,False,True
351320,2025-09-01 23:20:00,74.41578978725668,1543.4056564439234,635.6565333333333,7813.199072205715,8563.199072195715,749.99999999,False,True
351330,2025-09-01 23:30:00,73.67550327602542,1501.7305032660254,594.7216666666666,8563.199072195715,9313.199072185715,749.99999999,False,True
351340,2025-09-01 23:40:00,62.747137054485385,1501.271853711152,605.1913833333333,9313.199072185715,10063.199072175714,749.99999999,False,True
352680,2025-09-02 22:00:00,85.09456423523214,1513.8862308918988,595.4583333333333,2831.516199813564,3581.516199803564,749.99999999,False,True
352690,2025-09-02 22:10:00,82.40319408835852,1527.0218440783585,611.2853166666666,3581.516199803564,4331.516199793564,749.99999999,False,True
352710,2025-09-02 22:30:00,13.038275744354785,1475.4166090676881,629.045,4428.032433516931,5178.032433506931,749.99999999,False,True
352720,2025-09-02 22:40:00,35.81815956235459,1512.2211095523546,643.0696166666667,5178.032433506931,5928.032433496931,749.99999999,False,True
352730,2025-09-02 22:50:00,68.30255142493887,1534.775751414939,633.1398666666666,5928.032433496931,6678.032433486931,749.99999999,False,True
352740,2025-09-02 23:00:00,67.65516127454224,1500.8634945978756,599.875,6678.032433486931,7428.032433476931,749.99999999,False,True
352760,2025-09-02 23:20:00,77.30848203703066,1512.593465360364,601.95165,7886.012690513993,8636.012690503992,749.99999999,False,True
352770,2025-09-02 23:30:00,116.48464870554083,1548.9313153622074,599.1133333333332,8636.012690503992,9386.012690493992,749.99999999,False,True
352780,2025-09-02 23:40:00,50.40299578479607,1517.8559124414628,634.1195833333334,9386.012690493992,10136.01269048399,749.99999999,False,True
353140,2025-09-03 05:40:00,97.04946970384695,1234.7369137196476,591.7377333333333,10308.64526037678,10799.999999991,491.35473961422065,True,False
354120,2025-09-03 22:00:00,85.71313500543089,1530.8014683287643,611.755,2907.9440331792575,3657.9440331692576,749.99999999,False,True
354130,2025-09-03 22:10:00,70.93476945137171,1532.275152774705,628.0070499999999,3657.9440331692576,4407.944033159258,749.99999999,False,True
354150,2025-09-03 22:30:00,76.08322462430964,1523.3998912809764,613.9833333333333,4512.290221047502,5262.290221037502,749.99999999,False,True
354160,2025-09-03 22:40:00,72.71950586415629,1519.941422520823,613.8885833333333,5262.290221037502,6012.290221027502,749.99999999,False,True
354170,2025-09-03 22:50:00,34.13041402531825,1519.041480681985,651.5777333333333,6012.290221027502,6762.2902210175025,749.99999999,False,True
354200,2025-09-03 23:20:00,79.45588950717284,1534.5108228305062,621.7216,7956.3594530223745,8706.359453012374,749.99999999,False,True
354210,2025-09-03 23:30:00,88.55590854813452,1536.6592418714679,614.77,8706.359453012374,9456.359453002373,749.99999999,False,True
354220,2025-09-03 23:40:00,91.22136957752592,1522.7904529008592,598.2357499999999,9456.359453002373,10206.359452992372,749.99999999,False,True
354370,2025-09-04 02:10:00,20.331225682654598,651.2781803333268,554.4699333333333,10731.170680805395,10799.999999991,68.82931918560496,True,False
354380,2025-09-04 02:20:00,86.69896192339465,656.8626619314949,570.1637,10799.999999991,10799.999999991,0.0,True,False
354410,2025-09-04 02:50:00,38.45869800071625,641.4671114019288,602.3331499999999,10799.392262929909,10799.999999991,0.6077370610913881,True,False
354420,2025-09-04 03:00:00,3.7910388547755702,612.7477055295425,608.9566666666666,10799.999999991,10799.999999991,0.0,True,False
354430,2025-09-04 03:10:00,28.24949602149227,627.8775793629259,599.6280833333333,10799.999999991,10799.999999991,0.0,True,False
354440,2025-09-04 03:20:00,51.11752383979897,642.2340405145659,591.1165166666666,10799.999999991,10799.999999991,0.0,True,False
354450,2025-09-04 03:30:00,41.66329460223344,632.231627943667,590.5683333333333,10799.999999991,10799.999999991,0.0,True,False
354460,2025-09-04 03:40:00,36.94818314395659,623.0707664853902,586.1225833333333,10799.999999991,10799.999999991,0.0,True,False
354470,2025-09-04 03:50:00,36.047932425148545,620.5293824332489,584.48145,10799.999999991,10799.999999991,0.0,True,False
354480,2025-09-04 04:00:00,21.15734423268382,610.8356775741174,589.6783333333333,10799.999999991,10799.999999991,0.0,True,False
354510,2025-09-04 04:30:00,2.426327099354899,637.5248828413867,610.4716666666666,10777.835799823171,10799.999999991,22.16420016782867,True,False
354520,2025-09-04 04:40:00,5.74024469878575,601.2961113735527,595.5558666666666,10799.999999991,10799.999999991,0.0,True,False
354580,2025-09-04 05:40:00,358.43234327910136,1045.5183877647244,603.3719,10724.65726995394,10799.999999991,75.34273003706072,True,False
355560,2025-09-04 22:00:00,118.5033238181238,1540.8699904747905,589.0333333333333,2700.65012435096,3450.6501243409602,749.99999999,False,True
355570,2025-09-04 22:10:00,55.42714654505698,1526.2736632017236,637.5131833333332,3450.6501243409602,4200.65012433096,749.99999999,False,True
355590,2025-09-04 22:30:00,89.82454231547887,1497.9128756388122,574.755,4295.025028149466,5045.0250281394665,749.99999999,False,True
355600,2025-09-04 22:40:00,77.37015999784272,1457.1786099878427,546.4751166666666,5045.0250281394665,5795.025028129467,749.99999999,False,True
355620,2025-09-04 23:00:00,95.548276443988,1572.898276433988,644.0166666666667,5917.016847323243,6667.0168473132435,749.99999999,False,True
355650,2025-09-04 23:30:00,51.86033191522824,1516.2669985718949,631.0733333333333,7388.456265331206,8138.456265321206,749.99999999,False,True
355660,2025-09-04 23:40:00,66.01355904705757,1540.807242370391,641.46035,8138.456265321206,8888.456265311206,749.99999999,False,True
357000,2025-09-05 22:00:00,54.51612561843091,1362.3544589417643,474.505,2396.855108248208,3146.8551082382082,749.99999999,False,True
357010,2025-09-05 22:10:00,78.57781403873831,1381.1085640287383,469.19741666666664,3146.8551082382082,3896.8551082282083,749.99999999,False,True
357030,2025-09-05 22:30:00,34.43766963817733,1364.5110029615107,496.74,4009.070045334286,4759.070045324286,749.99999999,False,True
357040,2025-09-05 22:40:00,79.53195551345492,1366.643855503455,453.7785666666667,4759.070045324286,5509.070045314286,749.99999999,False,True
357060,2025-09-05 23:00:00,90.55962034595437,1361.6946203359544,437.8016666666666,5660.879405082192,6410.879405072192,749.99999999,False,True
357090,2025-09-05 23:30:00,72.59982293380493,1356.939822923805,451.00666666666666,6902.947878396473,7652.947878386473,749.99999999,False,True
357100,2025-09-05 23:40:00,75.51257120616741,1366.5204711961674,457.67456666666664,7652.947878386473,8402.947878376473,749.99999999,False,True
358440,2025-09-06 22:00:00,69.49126370699172,1350.3579303636584,447.5333333333333,2705.1730953736433,3455.1730953636434,749.99999999,False,True
358450,2025-09-06 22:10:00,35.776701746500514,1323.6641517365006,454.5541166666667,3455.1730953636434,4205.1730953536435,749.99999999,False,True
358470,2025-09-06 22:30:00,118.63824615026691,1385.603246140267,433.63166666666666,4311.441453080428,5061.441453070428,749.99999999,False,True
358480,2025-09-06 22:40:00,125.24722693869249,1388.9439935953592,430.3634333333333,5061.441453070428,5811.441453060428,749.99999999,False,True
358490,2025-09-06 22:50:00,105.45472708770875,1381.1908937443754,442.4028333333333,5811.441453060428,6561.441453050428,749.99999999,False,True
358500,2025-09-06 23:00:00,74.29730131979305,1367.6656346431264,460.03499999999997,6561.441453050428,7311.441453040428,749.99999999,False,True
358520,2025-09-06 23:20:00,66.80553639431228,1367.9432197176457,467.80435,7772.345964533545,8522.345964523545,749.99999999,False,True
358530,2025-09-06 23:30:00,136.449058235341,1407.109058225341,437.32666666666665,8522.345964523545,9272.345964513544,749.99999999,False,True
358540,2025-09-06 23:40:00,98.68282793091633,1373.2121612542496,441.19599999999997,9272.345964513544,10022.345964503544,749.99999999,False,True
358900,2025-09-07 05:40:00,31.59449283260698,1321.6415559865916,588.4905,10168.599093152414,10799.999999991,631.4009068385861,True,False
358910,2025-09-07 05:50:00,9.873665180992079,664.431281855759,654.5576166666666,10799.999999991,10799.999999991,0.0,True,False
359880,2025-09-07 22:00:00,56.17177337638122,1465.8317733663812,576.3266666666666,2755.2556323228023,3505.2556323128024,749.99999999,False,True
359890,2025-09-07 22:10:00,47.32910032155518,1475.5324003115552,594.8699666666666,3505.2556323128024,4255.255632302802,749.99999999,False,True
359910,2025-09-07 22:30:00,106.57639304648693,1503.8030597031536,563.8933333333333,4385.844044887702,5135.844044877702,749.99999999,False,True
359920,2025-09-07 22:40:00,55.06477278076624,1477.4850727707662,589.0869666666666,5135.844044877702,5885.844044867702,749.99999999,False,True
359930,2025-09-07 22:50:00,72.68950902460027,1505.9619923479336,599.9391499999999,5885.844044867702,6635.844044857702,749.99999999,False,True
359940,2025-09-07 23:00:00,145.88763901658388,1551.6009723399172,572.38,6635.844044857702,7385.844044847702,749.99999999,False,True
359960,2025-09-07 23:20:00,76.58454244415155,1513.0802591008182,603.1623833333333,7968.262916099533,8718.262916089532,749.99999999,False,True
359970,2025-09-07 23:30:00,79.82181819037145,1540.3401515137048,627.185,8718.262916089532,9468.262916079531,749.99999999,False,True
359980,2025-09-07 23:40:00,70.54298752525288,1522.3436041819195,618.4672833333333,9468.262916079531,10218.26291606953,749.99999999,False,True
361320,2025-09-08 22:00:00,56.71361378036999,1510.1502804370366,620.1033333333332,2630.4142429314784,3380.4142429214785,749.99999999,False,True
361330,2025-09-08 22:10:00,44.02630114840348,1514.1363678050702,636.7767333333334,3380.4142429214785,4130.414242911478,749.99999999,False,True
361350,2025-09-08 22:30:00,76.17208919997368,1493.8020891899737,584.2966666666666,4171.385003099097,4921.385003089097,749.99999999,False,True
361360,2025-09-08 22:40:00,71.976649397365,1479.206699387365,573.8967166666666,4921.385003089097,5671.385003079097,749.99999999,False,True
361370,2025-09-08 22:50:00,25.340962027304833,1465.5391953506382,606.8649,5671.385003079097,6421.385003069097,749.99999999,False,True
361400,2025-09-08 23:20:00,63.68159901881949,1501.3178823421529,604.30295,7632.801082806344,8382.801082797345,749.999999991,False,True
361410,2025-09-08 23:30:00,45.88814508277073,1462.0731450727708,582.8516666666667,8382.801082797345,9132.801082787344,749.99999999,False,True
361420,2025-09-08 23:40:00,61.06674687026281,1472.3867301935961,577.9866499999999,9132.801082787344,9882.801082777343,749.99999999,False,True
361780,2025-09-09 05:40:00,785.5738774698677,1434.0789279853543,593.4416166666666,10750.442909526062,10799.99999999,49.55709046393793,True,False
361790,2025-09-09 05:50:00,31.02407455202737,671.2320078943615,640.2079333333334,10799.99999999,10799.99999999,0.0,True,False
362760,2025-09-09 22:00:00,15.959782619547916,1471.2864492762146,621.9933333333333,2398.2106751562796,3148.2106751462798,749.99999999,False,True
362770,2025-09-09 22:10:00,43.67015381490773,1486.4392038049077,609.4357166666666,3148.2106751462798,3898.21067513728,749.999999991,False,True
362790,2025-09-09 22:30:00,62.404796858947854,1488.2564635156145,592.5183333333333,3964.1708539651163,4714.170853956116,749.999999991,False,True
362800,2025-09-09 22:40:00,56.71613702487593,1508.0074036815427,617.9579333333334,4714.170853956116,5464.170853947116,749.999999991,False,True
362810,2025-09-09 22:50:00,36.22799412862377,1503.9103441186237,634.3490166666666,5464.170853947116,6214.170853937116,749.99999999,False,True
362820,2025-09-09 23:00:00,6.1940595430554515,1468.0657261997221,628.5383333333333,6214.170853937116,6964.170853928115,749.999999991,False,True
362840,2025-09-09 23:20:00,51.662703678522,1474.9514203351887,589.9553833333333,7460.720320384257,8210.720320375258,749.999999991,False,True
362850,2025-09-09 23:30:00,101.30999056304834,1479.5783238863817,544.935,8210.720320375258,8960.720320366258,749.999999991,False,True
362860,2025-09-09 23:40:00,89.82205877428395,1496.887208764284,573.7318166666666,8960.720320366258,9710.720320356257,749.99999999,False,True
363210,2025-09-10 05:30:00,40.44301108412241,634.5202914777708,579.0416666666666,10786.467947636716,10799.999999991,13.532052354283582,True,False
363220,2025-09-10 05:40:00,880.2150117432544,1443.0119284180214,562.7969166666667,10799.999999991,10799.999999991,0.0,True,False
364200,2025-09-10 22:00:00,50.296035500109376,1483.7910354901094,600.1616666666666,2396.02750611274,3146.02750610274,749.99999999,False,True
364210,2025-09-10 22:10:00,52.366162365615075,1495.140062355615,609.4405666666667,3146.02750610274,3896.02750609274,749.99999999,False,True
364230,2025-09-10 22:30:00,70.1487074467643,1481.345374103431,577.8633333333332,3947.5014252970345,4697.501425287034,749.99999999,False,True
364240,2025-09-10 22:40:00,76.15024232977906,1479.7963589864457,570.3127833333333,4697.501425287034,5447.501425277034,749.99999999,False,True
364250,2025-09-10 22:50:00,56.99084735450685,1507.2568640111735,616.9326833333333,5447.501425277034,6197.501425267034,749.99999999,False,True
364260,2025-09-10 23:00:00,31.706326313702213,1526.3429929703689,661.3033333333333,6197.501425267034,6947.5014252570345,749.99999999,False,True
364280,2025-09-10 23:20:00,62.20260604041788,1488.3154560304179,592.7795166666666,7473.727005015984,8223.727005005983,749.99999999,False,True
364290,2025-09-10 23:30:00,79.19957522717503,1484.2729085505084,571.74,8223.727005005983,8973.727004995982,749.99999999,False,True
364300,2025-09-10 23:40:00,66.33896862766072,1467.7432686176608,568.0709666666667,8973.727004995982,9723.727004985982,749.99999999,False,True
364660,2025-09-11 05:40:00,463.05831045584216,1432.8846161720087,609.0510333333333,10475.30225484545,10799.99999999,324.6977451445499,True,False
365640,2025-09-11 22:00:00,50.45241625582661,1475.26074957916,591.4749999999999,2463.49949063665,3213.49949062665,749.99999999,False,True
365650,2025-09-11 22:10:00,55.70962321293427,1504.3260232029343,615.2830666666666,3213.49949062665,3963.4994906166503,749.99999999,False,True
365670,2025-09-11 22:30:00,12.067079911888634,1451.7520799018887,606.3516666666667,4008.927492379894,4758.927492369894,749.99999999,False,True
365700,2025-09-11 23:00:00,119.89795711531904,1516.7212904386524,563.49,5518.74366505261,6268.743665043609,749.999999991,False,True
365730,2025-09-11 23:30:00,57.426170251434876,1493.1628369081016,602.4033333333333,7030.027210794535,7780.027210785534,749.999999991,False,True
365740,2025-09-11 23:40:00,79.31068010074146,1509.554746757408,596.9107333333333,7780.027210785534,8530.027210776534,749.999999991,False,True
367080,2025-09-12 22:00:00,30.955691156836444,1340.9323578135031,476.6433333333333,2622.7353773107798,3372.73537730078,749.99999999,False,True
367090,2025-09-12 22:10:00,25.296446958914196,1345.2548136155808,486.6250333333333,3372.73537730078,4122.73537729078,749.99999999,False,True
367110,2025-09-12 22:30:00,71.00803465664931,1361.909701313316,457.56833333333327,4164.712758492066,4914.712758482066,749.99999999,False,True
367120,2025-09-12 22:40:00,29.38930291030328,1328.1305362336366,465.4079,4914.712758482066,5664.7127584720665,749.99999999,False,True
367140,2025-09-12 23:00:00,32.31357797280247,1313.3519112961358,447.705,5672.681574811951,6422.68157480295,749.999999991,False,True
367170,2025-09-12 23:30:00,25.637495069644153,1321.3841617263108,462.4133333333333,7074.512049767804,7824.512049758803,749.999999991,False,True
367180,2025-09-12 23:40:00,67.54397307010593,1327.9313563934393,427.05405,7824.512049758803,8574.512049749803,749.999999991,False,True
368530,2025-09-13 22:10:00,6.81739055679133,1313.6685238801247,473.51779999999997,3299.9831728683666,4049.9831728593667,749.999999991,False,True
368550,2025-09-13 22:30:00,74.9993850502028,1317.9610517068695,409.62833333333333,4097.780640550885,4847.780640541885,749.999999991,False,True
368560,2025-09-13 22:40:00,15.353121743892409,1314.0116550672258,465.3252,4847.780640541885,5597.780640532885,749.999999991,False,True
368580,2025-09-13 23:00:00,54.160432522123976,1332.125432512124,444.63166666666666,6347.409181458111,7097.40918144911,749.999999991,False,True
368600,2025-09-13 23:20:00,66.58263899833513,1332.668338988335,432.75236666666666,7659.764874840819,8409.764874831819,749.999999991,False,True
368610,2025-09-13 23:30:00,56.94614619539265,1320.3128128520593,430.0333333333333,8409.764874831819,9159.764874822818,749.999999991,False,True
368620,2025-09-13 23:40:00,81.98195920232102,1314.7805925256544,399.46529999999996,9159.764874822818,9909.764874813818,749.999999991,False,True
368980,2025-09-14 05:40:00,721.5806959620498,1428.9189793413288,584.9460166666667,10689.846959948649,10799.99999999,110.15304004135113,True,False
368990,2025-09-14 05:50:00,24.820869921468105,663.3232865971355,638.5024166666667,10799.99999999,10799.99999999,0.0,True,False
369960,2025-09-14 22:00:00,1.5967253388519032,1449.5283919955186,614.5983333333334,2726.039729904825,3476.039729894825,749.99999999,False,True
369970,2025-09-14 22:10:00,2.741496318726255,1462.1905296420596,626.1157,3476.039729894825,4226.039729885825,749.999999991,False,True
370000,2025-09-14 22:40:00,52.403996579700895,1459.9623632363675,574.2250333333333,4947.846297039338,5697.846297030338,749.999999991,False,True
370010,2025-09-14 22:50:00,65.05971860491148,1472.0939185949114,573.7008666666666,5697.846297030338,6447.846297021338,749.999999991,False,True
370020,2025-09-14 23:00:00,9.412383689453911,1462.0690503461205,619.3233333333333,6447.846297021338,7197.846297012337,749.999999991,False,True
370050,2025-09-14 23:30:00,6.244117453061555,1498.0907841097282,658.5133333333333,8432.489101945313,9182.489101936313,749.999999991,False,True
370060,2025-09-14 23:40:00,46.12543321303655,1488.49766653637,609.0389,9182.489101936313,9932.489101927313,749.999999991,False,True
370270,2025-09-15 03:10:00,8.068000180277146,637.2943959295243,562.6837666666667,10740.111633816678,10799.999999991,59.88836617432243,True,False
370280,2025-09-15 03:20:00,56.85501572495898,644.4270323997259,587.5720166666666,10799.999999991,10799.999999991,0.0,True,False
370290,2025-09-15 03:30:00,18.034180865445343,633.1608475402123,615.1266666666667,10799.999999991,10799.999999991,0.0,True,False
370300,2025-09-15 03:40:00,18.25665769333407,630.9552577014343,612.6985999999999,10799.999999991,10799.999999991,0.0,True,False
370310,2025-09-15 03:50:00,30.92900505811597,628.9680550662163,598.03905,10799.999999991,10799.999999991,0.0,True,False
370320,2025-09-15 04:00:00,31.750048508976285,623.7633818504099,592.0133333333333,10799.999999991,10799.999999991,0.0,True,False
370330,2025-09-15 04:10:00,23.650675213531578,624.0388752216319,600.3882,10799.999999991,10799.999999991,0.0,True,False
370340,2025-09-15 04:20:00,19.70706288326948,627.8051795580363,608.0981166666666,10799.999999991,10799.999999991,0.0,True,False
370350,2025-09-15 04:30:00,31.741614739726153,639.7466147478265,608.005,10799.999999991,10799.999999991,0.0,True,False
370360,2025-09-15 04:40:00,55.77458856270571,662.1326719041393,606.3580833333333,10799.999999991,10799.999999991,0.0,True,False
370370,2025-09-15 04:50:00,42.82435436407885,652.6736710388458,609.8493166666666,10799.999999991,10799.999999991,0.0,True,False
370380,2025-09-15 05:00:00,25.71270529473427,628.2610386361679,602.5483333333333,10799.999999991,10799.999999991,0.0,True,False
370390,2025-09-15 05:10:00,78.85829129607984,646.7843913041801,567.9260999999999,10799.999999991,10799.999999991,0.0,True,False
370400,2025-09-15 05:20:00,78.7296122620744,651.8995122701747,573.1699,10799.999999991,10799.999999991,0.0,True,False
370410,2025-09-15 05:30:00,15.718692789042029,625.7020261304757,609.9833333333333,10799.999999991,10799.999999991,0.0,True,False
370420,2025-09-15 05:40:00,834.9388492989493,1453.0345159737162,618.0956666666666,10799.999999991,10799.999999991,0.0,True,False
371400,2025-09-15 22:00:00,70.48058077826077,1469.8922474349274,566.0783333333333,1584.3009571832038,2334.3009571742036,749.999999991,False,True
371410,2025-09-15 22:10:00,66.71416815841211,1476.2942848150788,576.2467833333333,2334.3009571742036,3084.3009571652037,749.999999991,False,True
371460,2025-09-15 23:00:00,34.67299212852969,1472.0679921185297,604.0616666666666,5331.920466568541,6081.920466558541,749.99999999,False,True
371480,2025-09-15 23:20:00,15.185865659352196,1457.2726989826856,608.7535,6625.319036976914,7375.319036966914,749.99999999,False,True
371500,2025-09-15 23:40:00,4.5586327743682125,1428.1458994310349,590.2539333333333,8102.483452571275,8852.483452561275,749.99999999,False,True
372850,2025-09-16 22:10:00,31.01162799886219,1464.0741779888622,599.7292166666666,2598.015242862359,3348.0152428533593,749.999999991,False,True
372880,2025-09-16 22:40:00,26.614100482683618,1472.5653171393503,612.6178833333333,4117.295070501244,4867.295070492243,749.999999991,False,True
372890,2025-09-16 22:50:00,35.12459016471927,1485.8228901547193,617.3649666666666,4867.295070492243,5617.295070483243,749.999999991,False,True
372900,2025-09-16 23:00:00,17.852029428467283,1470.2070294184673,619.0216666666666,5617.295070483243,6367.2950704742425,749.999999991,False,True
372940,2025-09-16 23:40:00,0.5458055203600828,1439.3734888436934,605.4943499999999,8337.718229397762,9087.718229388762,749.999999991,False,True
372980,2025-09-17 00:20:00,17.219156665327652,1450.3442566553276,599.7917666666666,9272.349662762761,10022.34966275276,749.99999999,False,True
373300,2025-09-17 05:40:00,584.7544282933156,1414.4738028512193,594.7523,10588.529632887887,10799.99999999,211.4703671021133,True,False
374280,2025-09-17 22:00:00,16.304198524072028,1454.3875318474054,604.75,1960.7572302792564,2710.7572302692565,749.99999999,False,True
374290,2025-09-17 22:10:00,39.154911891201316,1464.4456952145347,591.95745,2710.7572302692565,3460.7572302602566,749.999999991,False,True
374310,2025-09-17 22:30:00,30.023651896559834,1438.1903185532265,574.8333333333333,3515.657753492767,4265.657753482767,749.99999999,False,True
374340,2025-09-17 23:00:00,28.245349186633568,1505.4253491766335,643.8466666666666,5675.43964089646,6425.43964088746,749.999999991,False,True
374360,2025-09-17 23:20:00,32.781460086791064,1451.8315267434577,585.7167333333333,6977.459836620438,7727.459836610438,749.99999999,False,True
374420,2025-09-18 00:20:00,42.50063321638117,1438.7688998730478,562.9349333333332,9309.846014220679,10059.846014211678,749.999999991,False,True
374740,2025-09-18 05:40:00,454.55152722832975,1441.210967957305,580.7785833333332,10434.707228333922,10799.99999999,365.2927716560779,True,False
374750,2025-09-18 05:50:00,44.09707342338411,676.9716234323848,632.87455,10799.99999999,10799.99999999,0.0,True,False
375720,2025-09-18 22:00:00,59.69798973771946,1449.9213230610528,556.89,1552.4536141968124,2302.4536141878125,749.999999991,False,True
375730,2025-09-18 22:10:00,34.74906246328407,1471.470962453284,603.3885666666666,2302.4536141878125,3052.4536141788126,749.999999991,False,True
375750,2025-09-18 22:30:00,7.793804981847635,1450.742138305181,609.615,3047.6109239601265,3797.6109239511266,749.999999991,False,True
375760,2025-09-18 22:40:00,44.058438904980896,1445.6526222283142,568.2608499999999,3797.6109239511266,4547.610923942127,749.999999991,False,True
375780,2025-09-18 23:00:00,9.073441447228326,1440.390108103895,597.9833333333333,4587.084595048945,5337.084595038945,749.99999999,False,True
375810,2025-09-18 23:30:00,34.24022265466635,1458.341889311333,590.7683333333333,5799.817530014923,6549.817530005923,749.999999991,False,True
377160,2025-09-19 22:00:00,35.59748619192418,1324.8858195152575,455.955,2120.5622298379863,2870.5622298279864,749.99999999,False,True
377170,2025-09-19 22:10:00,69.80308026876638,1334.603796925433,431.46738333333326,2870.5622298279864,3620.5622298179865,749.99999999,False,True
377220,2025-09-19 23:00:00,17.260753412223714,1296.894086735557,446.3,5132.9062433778545,5882.906243367855,749.99999999,False,True
377250,2025-09-19 23:30:00,73.16341259873887,1308.8750792554056,402.37833333333333,6425.485013412287,7175.485013402287,749.99999999,False,True
377260,2025-09-19 23:40:00,49.57164855587859,1286.5339985458786,403.62901666666664,7175.485013402287,7925.485013392287,749.99999999,False,True
378600,2025-09-20 22:00:00,14.256315569178234,1327.0713155591782,479.4816666666666,2051.0227110599044,2801.0227110509045,749.999999991,False,True
378610,2025-09-20 22:10:00,21.51723118048573,1312.726964503819,457.8764,2801.0227110509045,3551.0227110409046,749.99999999,False,True
378640,2025-09-20 22:40:00,31.22570522834291,1314.6353885516762,450.07634999999993,4293.730879121128,5043.730879111128,749.99999999,False,True
378650,2025-09-20 22:50:00,72.84743393108702,1331.108433921087,424.9276666666666,5043.730879111128,5793.730879101128,749.99999999,False,True
378660,2025-09-20 23:00:00,54.15499208330379,1301.8116587399704,414.3233333333333,5793.730879101128,6543.730879091128,749.99999999,False,True
378680,2025-09-20 23:20:00,45.19241136654227,1292.953328023209,414.42758333333336,7127.438595335048,7877.4385953250485,749.99999999,False,True
378690,2025-09-20 23:30:00,70.23744908935247,1292.0824490793525,388.51166666666666,7877.4385953250485,8627.438595315049,749.99999999,False,True
378700,2025-09-20 23:40:00,28.245933645902134,1267.2903669692355,405.7111,8627.438595315049,9377.438595305048,749.99999999,False,True
380040,2025-09-21 22:00:00,13.704553499592741,1451.3895534895928,604.3516666666667,1576.696402986076,2326.696402977076,749.999999991,False,True
380050,2025-09-21 22:10:00,36.3385906958058,1462.6775073524725,593.0055833333333,2326.696402977076,3076.696402968076,749.999999991,False,True
380070,2025-09-21 22:30:00,58.8468079399422,1467.818474596609,575.6383333333333,3131.2634577529197,3881.26345774392,749.999999991,False,True
380080,2025-09-21 22:40:00,15.112396387502706,1427.1791963775026,578.7334666666666,3881.26345774392,4631.2634577339195,749.99999999,False,True
380100,2025-09-21 23:00:00,6.4529946538206024,1464.1696613104873,624.3833333333333,5368.859258797283,6118.859258787283,749.99999999,False,True
380120,2025-09-21 23:20:00,94.12062211866133,1485.374588775328,557.9206333333333,6730.761601912717,7480.761601903717,749.999999991,False,True
380130,2025-09-21 23:30:00,87.14476471627243,1499.3897647062724,578.9116666666666,7480.761601903717,8230.761601894717,749.999999991,False,True
380140,2025-09-21 23:40:00,40.823044330306395,1460.409210986973,586.2528333333332,8230.761601894717,8980.761601884717,749.99999999,False,True
380500,2025-09-22 05:40:00,3.5967876938823258,1442.8923710172157,605.9622499999999,9676.747413674426,10426.747413664425,749.99999999,False,True
381490,2025-09-22 22:10:00,39.239291261786995,1431.0709245851203,558.4983,2446.1020977728617,3196.102097763862,749.999999991,False,True
381510,2025-09-22 22:30:00,44.64217569973754,1444.5438423564042,566.5683333333333,3264.9309282958975,4014.9309282868976,749.999999991,False,True
381520,2025-09-22 22:40:00,47.56480341127257,1452.8267534012725,571.9286166666666,4014.9309282868976,4764.930928277898,749.999999991,False,True
381530,2025-09-22 22:50:00,9.138814950058638,1456.4528316067253,613.9806833333333,4764.930928277898,5514.930928268897,749.999999991,False,True
381620,2025-09-23 00:20:00,115.54319326100175,1509.1947099176684,560.3181833333333,9454.728545654687,10204.728545645687,749.999999991,False,True
381860,2025-09-23 04:20:00,20.7929475930613,649.236590386625,591.4709333333333,10766.724561476793,10799.999999991,33.275438514207416,True,False
381870,2025-09-23 04:30:00,21.443924099394373,637.5155907741613,616.0716666666666,10799.999999991,10799.999999991,0.0,True,False
381880,2025-09-23 04:40:00,37.158122465012255,642.0588891397792,604.9007666666666,10799.999999991,10799.999999991,0.0,True,False
381890,2025-09-23 04:50:00,32.71884968696802,633.134666361735,600.4158166666666,10799.999999991,10799.999999991,0.0,True,False
381930,2025-09-23 05:30:00,0.20800128704124804,632.1050529516359,592.9466666666666,10764.944653492865,10799.999999991,35.05534649813525,True,False
381940,2025-09-23 05:40:00,851.9087677472744,1436.7528344220414,584.8440666666667,10799.999999991,10799.999999991,0.0,True,False
382930,2025-09-23 22:10:00,55.998985394567164,1442.7738853845672,553.4415666666666,2085.2260030659827,2835.226003056983,749.999999991,False,True
382960,2025-09-23 22:40:00,24.117561646587994,1454.1507449699213,596.69985,3587.9664549067497,4337.96645489775,749.999999991,False,True
382970,2025-09-23 22:50:00,72.20000757725994,1460.8856242339266,555.3522833333333,4337.96645489775,5087.9664548887495,749.999999991,False,True
382980,2025-09-23 23:00:00,53.4794055283271,1456.1627388516604,569.3499999999999,5087.9664548887495,5837.966454879749,749.999999991,False,True
383000,2025-09-23 23:20:00,38.06641224213035,1447.9013122321303,576.5015666666666,6439.307844814557,7189.307844804557,749.99999999,False,True
383010,2025-09-23 23:30:00,12.444737304444395,1456.1030706277777,610.3249999999999,7189.307844804557,7939.307844794557,749.99999999,False,True
384360,2025-09-24 22:00:00,17.820897692194755,1444.9125643488615,593.7583333333333,1756.4250347280893,2506.425034718089,749.99999999,False,True
384370,2025-09-24 22:10:00,17.477041247888785,1439.3654412378887,588.5550666666666,2506.425034718089,3256.4250347080892,749.99999999,False,True
384390,2025-09-24 22:30:00,25.949825178787698,1420.3364918354544,561.0533333333333,3280.8391923604054,4030.8391923504055,749.99999999,False,True
384400,2025-09-24 22:40:00,28.22783336777797,1469.356133357778,607.7949666666666,4030.8391923504055,4780.839192340405,749.99999999,False,True
384410,2025-09-24 22:50:00,53.5252759010417,1508.8452425577084,621.9866333333333,4780.839192340405,5530.839192330405,749.99999999,False,True
384420,2025-09-24 23:00:00,62.41523292173644,1486.7568995784031,591.0083333333333,5530.839192330405,6280.839192320405,749.99999999,False,True
384440,2025-09-24 23:20:00,4.765386850551741,1431.4901868405518,593.3914666666667,6837.293721479216,7587.2937214692165,749.99999999,False,True
384450,2025-09-24 23:30:00,54.514949077493036,1453.9816157341597,566.1333333333333,7587.2937214692165,8337.293721459217,749.99999999,False,True
384460,2025-09-24 23:40:00,12.367710604778601,1441.1504772614453,595.4494333333333,8337.293721459217,9087.293721449216,749.99999999,False,True
384820,2025-09-25 05:40:00,49.272571357458666,1415.3614880141254,532.7555833333333,9709.228767145356,10459.228767135355,749.99999999,False,True
385810,2025-09-25 22:10:00,62.203508202122286,1447.788824858789,552.2519833333333,2426.9538982608715,3176.9538982508716,749.99999999,False,True
385830,2025-09-25 22:30:00,26.099525041865256,1442.946191698532,583.5133333333333,3270.630982650629,4020.630982640629,749.99999999,False,True
385900,2025-09-25 23:40:00,7.979202743786224,1471.9931527337862,630.6806166666667,6496.6893182369295,7246.689318227929,749.999999991,False,True
387250,2025-09-26 22:10:00,2.7545048244498878,1275.5848048144499,439.49696666666665,2112.4730550502045,2862.4730550412046,749.999999991,False,True
387270,2025-09-26 22:30:00,24.476539766951753,1318.259873090285,460.44999999999993,2887.0788599441,3637.0788599351,749.999999991,False,True
387280,2025-09-26 22:40:00,39.534872217551644,1323.5337888742183,450.6655833333333,3637.0788599351,4387.0788599260995,749.999999991,False,True
388680,2025-09-27 22:00:00,51.56422783247523,1315.290894489142,430.3933333333333,1276.1177534991205,2026.1177534901203,749.999999991,False,True
388690,2025-09-27 22:10:00,44.327993080911135,1297.1271764042444,419.46584999999993,2026.1177534901203,2776.1177534811204,749.999999991,False,True
388710,2025-09-27 22:30:00,59.10798058073191,1292.5213139040652,400.08,2816.166024609769,3566.166024599769,749.99999999,False,True
388740,2025-09-27 23:00:00,17.50397209658137,1264.480638753248,413.6433333333333,5049.894051117813,5799.8940511078135,749.99999999,False,True
388810,2025-09-28 00:10:00,21.720427395388576,1453.8720940520552,598.8183333333333,8478.595321480412,9228.595321471412,749.999999991,False,True
388820,2025-09-28 00:20:00,2.7393298509425597,1424.580963174276,588.5083,9228.595321471412,9978.595321462411,749.999999991,False,True
389140,2025-09-28 05:40:00,754.5914386437343,1452.7969012065118,576.46485,10690.4334486845,10799.999999991,109.56655130649997,True,False
389150,2025-09-28 05:50:00,25.564996278841797,686.640496286942,661.0754999999999,10799.999999991,10799.999999991,0.0,True,False
390160,2025-09-28 22:40:00,30.802695759549685,1415.0033457495497,550.8673166666666,3991.796868157369,4741.7968681473685,749.99999999,False,True
390170,2025-09-28 22:50:00,69.6508634281672,1440.3868800848338,537.4026833333332,4741.7968681473685,5491.796868137369,749.99999999,False,True
390180,2025-09-28 23:00:00,39.544430665693646,1457.002763989027,584.125,5491.796868137369,6241.796868127369,749.99999999,False,True
390210,2025-09-28 23:30:00,1.590408832702784,1435.7454088227028,600.8216666666666,7478.941734936175,8228.941734926175,749.99999999,False,True
390260,2025-09-29 00:20:00,19.654015976177327,1444.909482632844,591.9221333333332,9282.729975385091,10032.72997537509,749.99999999,False,True
390580,2025-09-29 05:40:00,8.662874505499637,1439.4027911621663,597.4065833333333,9949.262468874045,10699.262468864044,749.99999999,False,True
391560,2025-09-29 22:00:00,76.03094137743493,1454.935941367435,545.5716666666666,1275.5728057779838,2025.572805767984,749.99999999,False,True
391570,2025-09-29 22:10:00,36.97611502327219,1406.7495150132722,536.4400666666667,2025.572805767984,2775.572805757984,749.99999999,False,True
391620,2025-09-29 23:00:00,18.65540483281392,1477.5770714894807,625.5883333333334,4955.6712871140435,5705.671287104044,749.99999999,False,True
391640,2025-09-29 23:20:00,51.091333208708186,1452.9828331987082,568.5581666666667,6292.220802931944,7042.220802921944,749.99999999,False,True
391650,2025-09-29 23:30:00,28.961309632919203,1469.4996429562525,607.2049999999999,7042.220802921944,7792.220802911944,749.99999999,False,True
392020,2025-09-30 05:40:00,8.811532059167568,1411.3406320491677,569.1957666666666,9075.140497910614,9825.140497900613,749.99999999,False,True
393000,2025-09-30 22:00:00,11.92310093340108,1459.8831009234011,614.6266666666667,1344.091358095974,2094.091358085974,749.99999999,False,True
393030,2025-09-30 22:30:00,70.02806274071223,1460.9880627307123,557.6266666666667,2842.6077210282506,3592.6077210182507,749.99999999,False,True
393040,2025-09-30 22:40:00,14.872738374435464,1429.0053050311021,580.7992333333333,3592.6077210182507,4342.60772100825,749.99999999,False,True
393130,2025-10-01 00:10:00,26.197546575582457,1415.6107465655825,556.0798666666667,8466.226141374273,9216.226141364272,749.99999999,False,True
393140,2025-10-01 00:20:00,39.42752927119556,1440.3680125945289,567.6071499999999,9216.226141364272,9966.226141354271,749.99999999,False,True
393460,2025-10-01 05:40:00,118.41672507465192,1418.528308872986,564.3711333333333,10137.8335945725,10799.999999991,662.1664054185006,True,False
394440,2025-10-01 22:00:00,55.26369067390191,1407.788690663902,519.1916666666666,2552.45622275442,3302.4562227444203,749.99999999,False,True
394450,2025-10-01 22:10:00,46.032057834223785,1404.5841911575571,525.2188,3302.4562227444203,4052.4562227344204,749.99999999,False,True
394480,2025-10-01 22:40:00,58.68860513982394,1423.422905129824,531.4009666666666,4814.314023059316,5564.314023049316,749.99999999,False,True
394490,2025-10-01 22:50:00,72.19042218900312,1446.6475888456698,541.1238333333333,5564.314023049316,6314.314023039316,749.99999999,False,True
394500,2025-10-01 23:00:00,19.790607240458364,1424.6789405637917,571.555,6314.314023039316,7064.314023029317,749.99999999,False,True
394520,2025-10-01 23:20:00,31.883285287195797,1408.9188019438625,543.7021833333333,7652.937326901138,8402.937326891137,749.99999999,False,True
395880,2025-10-02 22:00:00,27.74816936643014,1408.5815026897635,547.5,2937.184957098597,3687.184957088597,749.99999999,False,True
395910,2025-10-02 22:30:00,20.82766025532998,1408.1993269119966,554.0383333333333,4442.962705204576,5192.962705194576,749.99999999,False,True
395920,2025-10-02 22:40:00,35.58399548938166,1418.2036954793816,549.2863666666666,5192.962705194576,5942.962705184576,749.99999999,False,True
395940,2025-10-02 23:00:00,73.00253415389874,1463.0775341438987,556.7416666666666,6005.747873632377,6755.7478736223775,749.99999999,False,True
395970,2025-10-02 23:30:00,64.93571264136948,1438.0007126313694,539.7316666666666,7541.524353574861,8291.52435356486,749.99999999,False,True
395980,2025-10-02 23:40:00,49.323114826619864,1450.8491314832866,568.1926833333333,8291.52435356486,9041.52435355486,749.99999999,False,True
397320,2025-10-03 22:00:00,131.08930300998884,1305.0426363333222,340.62,2742.388033353705,3492.388033343705,749.99999999,False,True
397330,2025-10-03 22:10:00,69.22183987975596,1267.6435732030893,365.0884,3492.388033343705,4242.388033333705,749.99999999,False,True
397350,2025-10-03 22:30:00,80.52368722145319,1291.0986872114531,377.2416666666666,4293.840706152894,5043.840706142894,749.99999999,False,True
397360,2025-10-03 22:40:00,63.39390637732105,1284.730006367321,388.0027666666666,5043.840706142894,5793.840706132894,749.99999999,False,True
397380,2025-10-03 23:00:00,40.9897411992357,1268.628074522569,394.30499999999995,5872.585082108636,6622.585082098636,749.99999999,False,True
397400,2025-10-03 23:20:00,10.745529114193339,1257.3625124375267,413.28364999999997,6657.971390757551,7407.971390747551,749.99999999,False,True
397420,2025-10-03 23:40:00,6.636853278806476,1271.1318532688065,431.16166666666663,8153.405074280631,8903.405074270631,749.99999999,False,True
398760,2025-10-04 22:00:00,54.30281316320076,1248.2728131532008,360.63666666666666,2195.221666684902,2945.2216666749023,749.99999999,False,True
398770,2025-10-04 22:10:00,17.121984121769053,1237.158284111769,386.7029666666666,2945.2216666749023,3695.2216666649024,749.99999999,False,True
398790,2025-10-04 22:30:00,5.899837137468459,1218.5631704608018,379.33,3711.2429934410916,4461.242993431091,749.99999999,False,True
398800,2025-10-04 22:40:00,32.578141084851715,1264.2949577415184,398.38348333333334,4461.242993431091,5211.242993421091,749.99999999,False,True
398810,2025-10-04 22:50:00,27.279247191818392,1265.6927805151518,405.0802,5211.242993421091,5961.242993411091,749.99999999,False,True
398840,2025-10-04 23:20:00,23.57967051347304,1275.1033371701396,418.1903333333333,7276.275888934095,8026.275888924095,749.99999999,False,True
398850,2025-10-04 23:30:00,31.787349530898716,1258.070682854232,392.94999999999993,8026.275888924095,8776.275888914095,749.99999999,False,True
398860,2025-10-04 23:40:00,6.8065269090898175,1255.8052435657564,415.6653833333333,8776.275888914095,9526.275888904094,749.99999999,False,True
400200,2025-10-05 22:00:00,40.571399395239716,1419.6180660519065,545.7133333333334,2342.6146948341675,3092.6146948241676,749.99999999,False,True
400210,2025-10-05 22:10:00,70.86147967028954,1415.1869963269562,510.99218333333334,3092.6146948241676,3842.6146948141677,749.99999999,False,True
400230,2025-10-05 22:30:00,9.123046731471383,1420.3330467214714,577.8766666666667,3922.540337554732,4672.540337544732,749.99999999,False,True
400260,2025-10-05 23:00:00,23.9839146957629,1408.3739146857629,551.0566666666666,6123.833072896712,6873.833072886712,749.99999999,False,True
400280,2025-10-05 23:20:00,52.29947295543183,1427.8888396120985,542.2560333333333,7485.960103160563,8235.960103150563,749.99999999,False,True
400290,2025-10-05 23:30:00,23.728739581370398,1421.3437395713704,564.2816666666666,8235.960103150563,8985.960103140562,749.99999999,False,True
400300,2025-10-05 23:40:00,35.318307409504875,1423.0508240661716,554.3991833333333,8985.960103140562,9735.960103130561,749.99999999,False,True
401640,2025-10-06 22:00:00,13.935908576790318,1376.137575233457,528.8683333333333,2336.6805233892624,3086.6805233792625,749.99999999,False,True
401670,2025-10-06 22:30:00,56.10714601029189,1407.5788126669586,518.1383333333333,3837.314575433602,4587.314575423602,749.99999999,False,True
401680,2025-10-06 22:40:00,50.234492452674424,1416.766409109341,533.1985833333333,4587.314575423602,5337.314575413602,749.99999999,False,True
401690,2025-10-06 22:50:00,45.44079130395152,1438.9101079606182,560.1359833333333,5337.314575413602,6087.314575403602,749.99999999,False,True
401700,2025-10-06 23:00:00,47.66634506334355,1444.014678386677,563.015,6087.314575403602,6837.314575393602,749.99999999,False,True
401730,2025-10-06 23:30:00,3.7233792940086152,1430.321712617342,593.265,8137.749638438481,8887.74963842848,749.99999999,False,True
402840,2025-10-07 18:00:00,1.021941892177387,744.5751166666665,688.305,10750.27664269396,10799.999999991,49.72335729704027,True,False
402850,2025-10-07 18:10:00,44.566261292747576,716.2838279675146,671.7175666666667,10799.999999991,10799.999999991,0.0,True,False
402860,2025-10-07 18:20:00,55.92728206371974,770.8286154051534,714.9013333333334,10799.999999991,10799.999999991,0.0,True,False
402870,2025-10-07 18:30:00,76.11615981985992,790.8244931612935,714.7083333333333,10799.999999991,10799.999999991,0.0,True,False
402880,2025-10-07 18:40:00,39.950223881563616,760.166073889664,720.21585,10799.999999991,10799.999999991,0.0,True,False
403080,2025-10-07 22:00:00,61.25733873129729,1434.1306720546306,539.54,2479.9988570675937,3229.998857057594,749.99999999,False,True
403090,2025-10-07 22:10:00,32.55788782014701,1395.271937810147,529.3807166666666,3229.998857057594,3979.998857047594,749.99999999,False,True
403110,2025-10-07 22:30:00,21.088224255524544,1392.9765575788579,538.555,4005.32713123773,4755.32713122773,749.99999999,False,True
403120,2025-10-07 22:40:00,34.6708913173777,1403.3433079740444,535.3390833333333,4755.32713122773,5505.32713121773,749.99999999,False,True
403130,2025-10-07 22:50:00,23.187746679848253,1406.0287466698483,549.5076666666666,5505.32713121773,6255.32713120773,749.99999999,False,True
403160,2025-10-07 23:20:00,32.623112233773774,1425.3985622237738,559.4421166666666,7558.231713387992,8308.231713377992,749.99999999,False,True
403170,2025-10-07 23:30:00,73.03127386699315,1428.3229405236598,521.9583333333333,8308.231713377992,9058.231713367992,749.99999999,False,True
403180,2025-10-07 23:40:00,73.90378972438405,1439.7453563810507,532.5082333333332,9058.231713367992,9808.23171335799,749.99999999,False,True
404520,2025-10-08 22:00:00,5.639792613785736,1374.7714592704524,535.7983333333333,1600.494594935804,2350.494594926804,749.999999991,False,True
404530,2025-10-08 22:10:00,13.467137122148635,1377.436920445482,530.63645,2350.494594926804,3100.494594917804,749.999999991,False,True
404560,2025-10-08 22:40:00,0.19169813764130256,1388.307614794308,554.7825833333333,3846.6742352734273,4596.674235264427,749.999999991,False,True
404570,2025-10-08 22:50:00,34.6825827308944,1403.739649387561,535.7237333333333,4596.674235264427,5346.6742352554265,749.999999991,False,True
404580,2025-10-08 23:00:00,57.91856864529699,1418.2169019686303,526.9649999999999,5346.6742352554265,6096.674235246426,749.999999991,False,True
404600,2025-10-08 23:20:00,8.868027206527806,1389.9087938631944,547.7074333333333,6676.992227537133,7426.992227528132,749.999999991,False,True
404610,2025-10-08 23:30:00,1.0064084816478873,1402.8197418049813,568.48,7426.992227528132,8176.992227519132,749.999999991,False,True
404620,2025-10-08 23:40:00,38.83673170985957,1419.1309816998596,546.9609166666667,8176.992227519132,8926.992227510133,749.999999991,False,True
404660,2025-10-09 00:20:00,18.76817068589343,1404.9253373425602,552.8238333333334,9349.704179158505,10099.704179149505,749.999999991,False,True
404980,2025-10-09 05:40:00,25.586569360376757,1406.973146791422,615.4890166666667,10110.69219530206,10799.99999999,689.3078046879408,True,False
404990,2025-10-09 05:50:00,8.717850729025674,674.5160340713597,665.7981833333333,10799.99999999,10799.99999999,0.0,True,False
405960,2025-10-09 22:00:00,32.87897543495841,1389.2189754249584,523.0066666666667,1630.5911668985366,2380.5911668895365,749.999999991,False,True
405970,2025-10-09 22:10:00,30.51144612057032,1396.4755294439037,532.63075,2380.5911668895365,3130.5911668805365,749.999999991,False,True
405990,2025-10-09 22:30:00,10.62214236667409,1397.7904756900075,553.835,3144.3453902622327,3894.345390253233,749.999999991,False,True
406000,2025-10-09 22:40:00,34.371245508240115,1394.3203621649068,526.6157833333333,3894.345390253233,4644.3453902442325,749.999999991,False,True
406020,2025-10-09 23:00:00,3.0085243419308574,1408.6135243319309,572.2716666666666,4703.240828816894,5453.240828807893,749.999999991,False,True
406040,2025-10-09 23:20:00,24.321071496847246,1402.4021048201805,544.7476999999999,5480.199927167002,6230.199927157002,749.99999999,False,True
406060,2025-10-09 23:40:00,7.6513317774589416,1417.816331767459,576.8316666666666,6972.173499276197,7722.173499266197,749.99999999,False,True
407400,2025-10-10 22:00:00,25.639292837225405,1214.4076261605587,355.435,1986.7057928589645,2736.7057928499644,749.999999991,False,True
407410,2025-10-10 22:10:00,2.544752509178344,1222.1446858325116,386.2666,2736.7057928499644,3486.7057928409645,749.999999991,False,True
407480,2025-10-10 23:20:00,18.222028223852128,1253.2033948805188,401.6480333333333,6068.447232435001,6818.4472324260005,749.999999991,False,True
407490,2025-10-10 23:30:00,0.5250204739414733,1265.0116871306082,431.1533333333333,6818.4472324260005,7568.447232417,749.999999991,False,True
407500,2025-10-10 23:40:00,28.728714814501124,1265.2271814711678,403.1651333333333,7568.447232417,8318.447232408,749.999999991,False,True
408840,2025-10-11 22:00:00,28.989562577712825,1222.5862292343795,360.2633333333333,2042.8068771686392,2792.806877159639,749.999999991,False,True
408850,2025-10-11 22:10:00,70.39183418518745,1236.3447675085208,332.6196,2792.806877159639,3542.806877149639,749.99999999,False,True
408880,2025-10-11 22:40:00,6.364477006416101,1249.3477103297494,409.64989999999995,4308.003085204861,5058.003085194861,749.99999999,False,True
408890,2025-10-11 22:50:00,27.752570559382995,1252.9879372160497,391.90203333333335,5058.003085194861,5808.003085184861,749.99999999,False,True
408900,2025-10-11 23:00:00,4.433839052059731,1235.1205057087263,397.3533333333333,5808.003085184861,6558.003085174862,749.99999999,False,True
408920,2025-10-11 23:20:00,48.87745316983227,1261.1917864931656,378.981,7132.276321383123,7882.276321373123,749.99999999,False,True
408930,2025-10-11 23:30:00,18.830712786166252,1238.227379442833,386.06333333333333,7882.276321373123,8632.276321363122,749.99999999,False,True
409300,2025-10-12 05:40:00,138.9033239580674,1402.8583959955752,573.4045333333333,10178.504515157243,10799.999999991,621.4954848337569,True,False
410280,2025-10-12 22:00:00,5.597475352480493,1396.8474753424805,557.9166666666666,1646.1995091539952,2396.1995091449953,749.999999991,False,True
410310,2025-10-12 22:30:00,42.151819222943224,1417.8901525462766,542.405,3137.521916683362,3887.5219166743623,749.999999991,False,True
410320,2025-10-12 22:40:00,5.392322798705428,1402.1185227887054,563.3928666666666,3887.5219166743623,4637.521916664362,749.99999999,False,True
410420,2025-10-13 00:20:00,32.45258377866639,1442.6159837686664,576.8300666666667,9341.424291817124,10091.424291808124,749.999999991,False,True
410740,2025-10-13 05:40:00,522.182873912208,1442.2877291866093,593.1124333333332,10505.706820244039,10799.999999991,294.29317974696124,True,False
411730,2025-10-13 22:10:00,15.898714555713006,1376.4601812123797,527.2281333333333,2241.746581802742,2991.7465817937423,749.999999991,False,True
411760,2025-10-13 22:40:00,9.160623443672982,1380.0883901003397,537.5944333333333,3735.2379818455106,4485.237981836511,749.999999991,False,True
411770,2025-10-13 22:50:00,40.556760851224446,1406.2618608412245,532.3717666666666,4485.237981836511,5235.23798182751,749.999999991,False,True
411780,2025-10-13 23:00:00,34.13399246184621,1411.5206591185129,544.0533333333333,5235.23798182751,5985.23798181851,749.999999991,False,True
411800,2025-10-13 23:20:00,16.81056531859962,1410.250798641933,560.1069,6546.59727278918,7296.59727278018,749.999999991,False,True
411810,2025-10-13 23:30:00,34.7128714039768,1430.4245380606435,562.3783333333333,7296.59727278018,8046.59727277118,749.999999991,False,True
411820,2025-10-13 23:40:00,32.158506560489506,1417.6922398838228,552.2004,8046.59727277118,8796.59727276218,749.999999991,False,True
411860,2025-10-14 00:20:00,18.104120898918374,1413.8254542222517,562.3879999999999,9340.780996573718,10090.780996564717,749.999999991,False,True
413160,2025-10-14 22:00:00,13.126274453606122,1396.536274443606,550.0766666666666,1577.3315967108865,2327.3315967018866,749.999999991,False,True
413200,2025-10-14 22:40:00,18.932256916672024,1383.2033735733387,530.9377833333333,3781.5272920800026,4531.527292071002,749.999999991,False,True
413210,2025-10-14 22:50:00,24.596658459918665,1390.8068751165854,532.8768833333334,4531.527292071002,5281.527292062002,749.999999991,False,True
413220,2025-10-14 23:00:00,16.799400263853833,1408.0844002538538,557.9516666666666,5281.527292062002,6031.5272920530015,749.999999991,False,True
413240,2025-10-14 23:20:00,15.957500710317952,1403.6296840336513,554.33885,6611.803151883697,7361.803151874697,749.999999991,False,True
413300,2025-10-15 00:20:00,20.900892176336576,1420.8126588330033,566.5784333333334,9316.595046712471,10066.59504670347,749.999999991,False,True
413620,2025-10-15 05:40:00,82.58997678433501,1415.033472995066,593.8761833333333,10135.289418401342,10799.999999991,664.7105815896579,True,False
413630,2025-10-15 05:50:00,0.7560092048245474,665.4125592129247,664.6565499999999,10799.999999991,10799.999999991,0.0,True,False
414630,2025-10-15 22:30:00,16.337810680348404,1396.8844773370151,547.2133333333334,2695.0252640755007,3445.0252640665008,749.999999991,False,True
414640,2025-10-15 22:40:00,39.54397867314969,1388.3216453298164,515.4443333333334,3445.0252640665008,4195.025264057501,749.999999991,False,True
414650,2025-10-15 22:50:00,33.98367635053591,1380.0919596738693,512.77495,4195.025264057501,4945.0252640485005,749.999999991,False,True
414660,2025-10-15 23:00:00,5.6111563155841315,1373.3761563055841,534.4316666666666,4945.0252640485005,5695.0252640395,749.999999991,False,True
414700,2025-10-15 23:40:00,11.331093444670834,1388.4646101013375,543.8001833333333,7719.439681829318,8469.439681820319,749.999999991,False,True
414730,2025-10-16 00:10:00,6.6404599637426065,1406.1160266204092,566.1422333333333,8504.265178167441,9254.26517815744,749.99999999,False,True
415060,2025-10-16 05:40:00,14.414469865637322,1435.402886522304,587.6550833333333,9930.141556644508,10680.141556634508,749.99999999,False,True
416050,2025-10-16 22:10:00,74.11263243684594,1375.2360990935126,467.7901333333333,2164.18143828744,2914.18143827844,749.999999991,False,True
416070,2025-10-16 22:30:00,5.899687305021522,1392.7413539616882,553.5083333333333,2984.3867699974726,3734.3867699884727,749.999999991,False,True
416100,2025-10-16 23:00:00,22.186739469466822,1413.5300727928002,558.01,4786.365417782634,5536.365417773633,749.999999991,False,True
416120,2025-10-16 23:20:00,29.86671669713018,1389.1002166871301,525.9001666666666,5572.107886769173,6322.107886759173,749.99999999,False,True
416130,2025-10-16 23:30:00,13.22892155515705,1403.328921545157,556.7666666666667,6322.107886759173,7072.107886749173,749.99999999,False,True
416140,2025-10-16 23:40:00,26.293216425951407,1417.2819164159514,557.6553666666666,7072.107886749173,7822.107886739173,749.99999999,False,True
417490,2025-10-17 22:10:00,22.71487500579655,1214.2869916624632,358.2387833333333,1931.7839024899486,2681.7839024809487,749.999999991,False,True
417510,2025-10-17 22:30:00,38.66303129770494,1260.493031287705,388.49666666666667,2737.3354003322193,3487.3354003232193,749.999999991,False,True
417520,2025-10-17 22:40:00,0.5783296609143839,1245.339046317581,411.4273833333333,3487.3354003232193,4237.335400314219,749.999999991,False,True
418970,2025-10-18 22:50:00,0.009483716106266254,1235.509400372773,402.1665833333333,4809.490412876552,5559.490412867552,749.999999991,False,True
418980,2025-10-18 23:00:00,18.119997852011004,1232.394997842011,380.94166666666666,5559.490412867552,6309.490412858551,749.999999991,False,True
419020,2025-10-18 23:40:00,11.287368546131795,1260.1201852027984,415.49948333333333,8342.537199982882,9092.537199973882,749.999999991,False,True
419060,2025-10-19 00:20:00,10.075287531316,1398.192837521316,554.7842166666667,9346.364920013599,10096.364920004598,749.999999991,False,True
419380,2025-10-19 05:40:00,94.80156692876413,1412.94163858954,579.8793166666667,10135.565320496302,10799.999999991,664.4346794946981,True,False
420360,2025-10-19 22:00:00,24.007805503781462,1395.294472160448,537.9533333333333,1457.5594141009678,2207.559414091968,749.999999991,False,True
420370,2025-10-19 22:10:00,43.931646573850564,1385.5759965638506,508.31101666666666,2207.559414091968,2957.559414082968,749.999999991,False,True
420400,2025-10-19 22:40:00,17.589208421507344,1396.120725078174,545.1981833333333,3724.1825727883593,4474.182572779359,749.999999991,False,True
420410,2025-10-19 22:50:00,37.912552057443115,1405.996852047443,534.7509666666666,4474.182572779359,5224.182572770359,749.999999991,False,True
420420,2025-10-19 23:00:00,19.44776258015633,1401.454429236823,548.6733333333333,5224.182572770359,5974.182572761359,749.999999991,False,True
420460,2025-10-19 23:40:00,26.21431819950896,1418.4833348561756,558.9356833333333,8004.0759995131,8754.0759995041,749.999999991,False,True
420500,2025-10-20 00:20:00,12.679968051649205,1404.3958513749826,558.38255,9268.739606485575,10018.739606475574,749.99999999,False,True
421830,2025-10-20 22:30:00,4.917996031744329,1385.7663293550777,547.515,3131.1370782055824,3881.1370781955825,749.99999999,False,True
421880,2025-10-20 23:20:00,8.802642995209219,1398.2022763185425,556.0663,6646.386240775755,7396.386240766755,749.999999991,False,True
421940,2025-10-21 00:20:00,38.05252536782063,1415.7889420244874,544.4030833333334,9289.512535768617,10039.512535758617,749.99999999,False,True
422260,2025-10-21 05:40:00,311.39718099131454,1442.7490668960904,638.8858666666666,10356.780582676702,10799.999999991,443.2194173142983,True,False
423240,2025-10-21 22:00:00,23.40743904209034,1392.2274390320904,535.4866666666667,1826.6626006112665,2576.6626006012666,749.99999999,False,True
423250,2025-10-21 22:10:00,14.915402705130866,1382.5144193617975,534.2656833333333,2576.6626006012666,3326.6626005912667,749.99999999,False,True
423270,2025-10-21 22:30:00,52.7535643618097,1398.276897685143,512.1899999999999,3361.254805597869,4111.254805587869,749.99999999,False,True
423300,2025-10-21 23:00:00,18.613061486218378,1396.4063948095518,544.46,5579.621727380363,6329.621727370363,749.99999999,False,True
423340,2025-10-21 23:40:00,1.5409917994338604,1422.2668751227673,587.39255,8320.038387704948,9070.038387694947,749.99999999,False,True
424690,2025-10-22 22:10:00,22.405125471952253,1372.6013254619522,516.8628666666666,1958.0468713697965,2708.0468713607966,749.999999991,False,True
424710,2025-10-22 22:30:00,10.82178999701977,1386.1284566536865,541.9733333333334,2736.369341103131,3486.369341093131,749.99999999,False,True
424720,2025-10-22 22:40:00,3.4471376877327122,1360.6786376777327,523.8981666666666,3486.369341093131,4236.369341083131,749.99999999,False,True
424810,2025-10-23 00:10:00,5.810873162357658,1411.4615231523576,572.3173166666666,8454.597089191953,9204.597089182953,749.999999991,False,True
424820,2025-10-23 00:20:00,10.413724024670493,1407.6366406813372,563.8895833333333,9204.597089182953,9954.597089173953,749.999999991,False,True
425140,2025-10-23 05:40:00,340.5200221895742,1425.6773453522292,596.5752,10360.27608914461,10799.999999991,439.72391084638946,True,False
425150,2025-10-23 05:50:00,7.931037180663429,675.5830371887637,667.6519999999999,10799.999999991,10799.999999991,0.0,True,False
426120,2025-10-23 22:00:00,12.9302563751612,1368.8302563651612,522.5666666666666,1466.9878379217894,2216.9878379117895,749.99999999,False,True
426150,2025-10-23 22:30:00,4.913079036632772,1385.471412359966,547.2249999999999,2867.6810162059,3617.6810161959,749.99999999,False,True
426160,2025-10-23 22:40:00,9.78404484638849,1383.9418448363886,540.8244666666667,3617.6810161959,4367.6810161859,749.99999999,False,True
426170,2025-10-23 22:50:00,6.95017308137698,1387.1162564047104,546.83275,4367.6810161859,5117.6810161759,749.99999999,False,True
426180,2025-10-23 23:00:00,6.633747358491852,1395.9170806818252,555.9499999999999,5117.6810161759,5867.6810161659005,749.99999999,False,True
426210,2025-10-23 23:30:00,21.33907943721919,1390.8440794272192,536.1716666666666,6568.519672429731,7318.519672419731,749.99999999,False,True
426220,2025-10-23 23:40:00,16.688467079058334,1396.1229004023917,546.1011,7318.519672419731,8068.519672409731,749.99999999,False,True
427560,2025-10-24 22:00:00,1.261829326493845,1214.4118293164938,379.81666666666666,1440.1621006837127,2190.1621006747127,749.999999991,False,True
427600,2025-10-24 22:40:00,34.71544031787743,1244.6798069745441,376.63103333333333,3640.811666093678,4390.811666084678,749.999999991,False,True
427610,2025-10-24 22:50:00,19.649659687509022,1250.0431763441757,397.0601833333333,4390.811666084678,5140.811666075678,749.999999991,False,True
427640,2025-10-24 23:20:00,29.02202397933808,1256.563623969338,394.20826666666665,5848.138061061361,6598.138061052361,749.999999991,False,True
427650,2025-10-24 23:30:00,23.91507596601752,1264.3234092893508,407.07499999999993,6598.138061052361,7348.138061042361,749.99999999,False,True
427660,2025-10-24 23:40:00,25.52627662361737,1267.0809766136174,408.22136666666665,7348.138061042361,8098.138061032361,749.99999999,False,True
429000,2025-10-25 22:00:00,4.900167883772716,1221.9851678737728,383.75166666666667,1200.000000011111,1950.000000002111,749.999999991,False,True
429030,2025-10-25 22:30:00,11.835808360329672,1250.329141683663,405.15999999999997,2682.667137743962,3432.667137734962,749.999999991,False,True
429040,2025-10-25 22:40:00,29.739907158204225,1254.1674738148708,391.0942333333333,3432.667137734962,4182.667137725962,749.999999991,False,True
429050,2025-10-25 22:50:00,12.969145284147082,1236.7235286074804,390.42105,4182.667137725962,4932.667137716961,749.999999991,False,True
429090,2025-10-25 23:30:00,7.510788823373779,1247.4591221467072,406.615,6887.958862187032,7637.958862178031,749.999999991,False,True
429100,2025-10-25 23:40:00,31.12412599474066,1252.252809318074,387.79535,7637.958862178031,8387.95886216903,749.999999991,False,True
430440,2025-10-26 22:00:00,13.174236294274571,1378.0975696176079,531.5899999999999,1669.6409428805705,2419.6409428705706,749.99999999,False,True
430450,2025-10-26 22:10:00,10.829833221286542,1352.8161332112866,508.65296666666666,2419.6409428705706,3169.6409428605707,749.99999999,False,True
430470,2025-10-26 22:30:00,30.370123429230937,1397.645123419231,533.9416666666666,3188.7093327843813,3938.7093327743814,749.99999999,False,True
430500,2025-10-26 23:00:00,5.037894842644042,1386.372894832644,548.0016666666667,5421.783200566019,6171.783200556019,749.99999999,False,True
430520,2025-10-26 23:20:00,14.88117036509879,1406.863053688432,558.6485499999999,6705.476725899041,7455.4767258890415,749.99999999,False,True
430530,2025-10-26 23:30:00,24.980659639048774,1421.008992962382,562.6949999999999,7455.4767258890415,8205.476725879042,749.99999999,False,True
430900,2025-10-27 05:40:00,2.7481084977871353,1452.2142084877871,616.1327666666666,9896.562787847459,10646.562787837458,749.99999999,False,True
431880,2025-10-27 22:00:00,43.08317489712976,1397.1731748871298,520.7566666666667,1563.2765562302347,2313.276556220235,749.99999999,False,True
431890,2025-10-27 22:10:00,1.583813083686656,1370.7138297403533,535.7966833333332,2313.276556220235,3063.276556210235,749.99999999,False,True
431940,2025-10-27 23:00:00,11.251903755666483,1398.7902370789998,554.2049999999999,5268.3941017768175,6018.394101766818,749.99999999,False,True
431970,2025-10-27 23:30:00,30.62738290338688,1412.1323828933869,548.1716666666666,7248.630452078551,7998.630452068551,749.99999999,False,True
431980,2025-10-27 23:40:00,21.952213161388492,1404.0348464847218,548.7493,7998.630452068551,8748.63045205855,749.99999999,False,True
432340,2025-10-28 05:40:00,54.449599157985396,1459.5080991479854,571.7251666666666,9926.115673423961,10676.11567341396,749.99999999,False,True
433320,2025-10-28 22:00:00,30.789925331386023,1371.939925321386,507.81666666666666,1587.9907161923115,2337.9907161833116,749.999999991,False,True
433330,2025-10-28 22:10:00,10.946244350338922,1368.4282776736723,524.1487,2337.9907161833116,3087.9907161743117,749.999999991,False,True
433400,2025-10-28 23:20:00,43.61103697220039,1421.097353628867,544.1529833333333,6560.631641147668,7310.631641138668,749.999999991,False,True
433410,2025-10-28 23:30:00,42.20883949698281,1421.0855061536495,545.5433333333333,7310.631641138668,8060.6316411296675,749.999999991,False,True
433420,2025-10-28 23:40:00,45.7662926655455,1415.6766426555455,536.5770166666666,8060.6316411296675,8810.631641119668,749.99999999,False,True
433460,2025-10-29 00:20:00,9.576573718369325,1389.485240375036,546.5753333333333,9279.311889901513,10029.311889891513,749.99999999,False,True
434760,2025-10-29 22:00:00,0.5520520160435957,1377.9670520060436,544.0816666666666,1336.8982617025158,2086.898261693516,749.999999991,False,True
434820,2025-10-29 23:00:00,14.450260311653999,1381.970260301654,534.1866666666666,5006.776059702688,5756.776059693688,749.999999991,False,True
434840,2025-10-29 23:20:00,23.1182163148112,1406.6524829714779,550.2009333333333,6304.544972882415,7054.544972873415,749.999999991,False,True
434850,2025-10-29 23:30:00,19.650719742669473,1405.1123863993362,552.1283333333333,7054.544972873415,7804.544972864414,749.999999991,False,True
434900,2025-10-30 00:20:00,4.783210232766797,1398.7507602227668,560.6342166666666,9288.346193242136,10038.346193233136,749.999999991,False,True
435220,2025-10-30 05:40:00,199.7211957707184,1430.402181227992,588.0637333333333,10221.644473079454,10799.999999991,578.3555269115462,True,False
435230,2025-10-30 05:50:00,7.9557258859224245,670.0141758940227,662.05845,10799.999999991,10799.999999991,0.0,True,False
436210,2025-10-30 22:10:00,2.9474817447828547,1359.6535150681161,523.3726999999999,2137.921834217998,2887.921834207998,749.99999999,False,True
436230,2025-10-30 22:30:00,23.502323769228944,1382.017323759229,525.1816666666666,2917.4468576180307,3667.4468576080308,749.99999999,False,True
437670,2025-10-31 22:30:00,6.7193529799916325,1236.4760196366583,396.4233333333333,2629.4026435862947,3379.402643577295,749.999999991,False,True
437690,2025-10-31 22:50:00,0.39603248318723333,1226.4604158065206,392.73105,4106.57883737563,4856.57883736663,749.999999991,False,True
437700,2025-10-31 23:00:00,66.94987931249419,1268.1265459691608,367.8433333333333,4856.57883736663,5606.57883735763,749.999999991,False,True
437720,2025-10-31 23:20:00,16.663109158684613,1226.561392482018,376.56495,5643.843344848441,6393.843344839441,749.999999991,False,True
437730,2025-10-31 23:30:00,39.931339821151816,1239.8280064778185,366.56333333333333,6393.843344839441,7143.84334483044,749.999999991,False,True
437740,2025-10-31 23:40:00,4.879734913750318,1239.2939849037502,401.0809166666666,7143.84334483044,7893.84334482144,749.999999991,False,True
438100,2025-11-01 05:40:00,10.679840771978654,1306.6717907619786,462.65861666666666,8131.223925339149,8881.223925329148,749.99999999,False,True
439110,2025-11-01 22:30:00,33.185814877289424,1237.1474815339561,370.62833333333333,2882.7158434501894,3632.7158434401895,749.99999999,False,True
439120,2025-11-01 22:40:00,9.91269175976344,1227.31170841643,384.0656833333333,3632.7158434401895,4382.715843430189,749.99999999,False,True
439180,2025-11-01 23:40:00,2.5525827607113944,1226.8676327507114,390.98171666666667,7874.823514690417,8624.823514680416,749.99999999,False,True
439220,2025-11-02 00:20:00,5.750841310468551,1396.5094413004686,557.4252666666666,9282.79037687228,10032.79037686228,749.99999999,False,True
439540,2025-11-02 05:40:00,6.0161243157092406,1415.590974305709,576.2415166666666,9734.97395369221,10484.973953682209,749.99999999,False,True
440550,2025-11-02 22:30:00,10.152584291121677,1374.4842509477883,530.9983333333332,2649.83296315584,3399.83296314684,749.999999991,False,True
440560,2025-11-02 22:40:00,29.46714942206585,1387.5113160787325,524.7108333333333,3399.83296314684,4149.83296313784,749.999999991,False,True
440570,2025-11-02 22:50:00,13.647124853341658,1390.2632748433416,543.2828166666666,4149.83296313784,4899.83296312884,749.999999991,False,True
440600,2025-11-02 23:20:00,25.49783690829235,1394.2484202316257,535.41725,6144.813794231184,6894.813794222184,749.999999991,False,True
440610,2025-11-02 23:30:00,27.454770594061294,1402.7747705840613,541.9866666666667,6894.813794222184,7644.813794213183,749.999999991,False,True
440620,2025-11-02 23:40:00,3.311024137900623,1407.6404741279007,570.9961166666667,7644.813794213183,8394.813794203183,749.99999999,False,True
440650,2025-11-03 00:10:00,4.277406373604655,1404.7282730302713,567.1175333333333,8422.500824029194,9172.500824019193,749.99999999,False,True
440980,2025-11-03 05:40:00,35.47904457800052,1446.6809945680006,577.8686166666666,9635.18737959048,10385.187379580479,749.99999999,False,True
441990,2025-11-03 22:30:00,2.0175401346666524,1385.5292067913333,550.1783333333333,2994.048435612463,3744.048435602463,749.99999999,False,True
442000,2025-11-03 22:40:00,12.655685732287672,1395.074819055621,549.0858,3744.048435602463,4494.048435592463,749.99999999,False,True
442040,2025-11-03 23:20:00,58.38622561114311,1409.1131922678098,517.3936333333334,6532.839884071496,7282.839884061496,749.99999999,False,True
442050,2025-11-03 23:30:00,1.444046338763875,1389.1307129954305,554.3533333333332,7282.839884061496,8032.8398840514965,749.99999999,False,True
442100,2025-11-04 00:20:00,0.16355670625556856,1411.4577066962556,577.9608166666667,9259.587251449148,10009.587251439147,749.99999999,False,True
443430,2025-11-04 22:30:00,6.828187288903329,1378.5115206122366,538.3499999999999,2683.6443855310204,3433.6443855220205,749.999999991,False,True
443440,2025-11-04 22:40:00,16.747815885620177,1387.3467158756202,537.2655666666667,3433.6443855220205,4183.64438551302,749.999999991,False,True
443450,2025-11-04 22:50:00,16.0051770920686,1393.9120770820687,544.5735666666667,4183.64438551302,4933.64438550402,749.999999991,False,True
443460,2025-11-04 23:00:00,10.756087887401911,1385.5577545440685,541.4683333333332,4933.64438550402,5683.644385495019,749.999999991,False,True
443530,2025-11-05 00:10:00,9.005680407056836,1407.0908970637236,564.7518833333334,8394.934537725232,9144.934537716232,749.999999991,False,True
443860,2025-11-05 05:40:00,12.604300533275925,1442.6129338566093,596.6753,9994.603412329709,10744.603412320708,749.999999991,False,True
444920,2025-11-05 23:20:00,14.10644506127391,1388.0841783846072,540.6443999999999,6393.686081676169,7143.686081666169,749.99999999,False,True
446280,2025-11-06 22:00:00,22.456378159993157,1372.1513781499932,516.3616666666667,1200.000000011111,1950.000000002111,749.999999991,False,True
446290,2025-11-06 22:10:00,2.4575037641850406,1351.3539704208517,515.5631333333333,1950.000000002111,2699.999999993111,749.999999991,False,True
446320,2025-11-06 22:40:00,7.599086346880305,1377.287053003547,536.3546333333334,3380.915969633059,4130.915969624059,749.999999991,False,True
446330,2025-11-06 22:50:00,13.915222277335594,1387.1447722673356,539.8962166666666,4130.915969624059,4880.915969615058,749.999999991,False,True
446420,2025-11-07 00:20:00,14.71437981842086,1257.7276631417542,409.67994999999996,8235.437292658708,8985.437292649707,749.999999991,False,True
446740,2025-11-07 05:40:00,29.88537396111189,1316.7401239511119,453.5214166666666,9087.323919974773,9837.323919965773,749.999999991,False,True
447720,2025-11-07 22:00:00,30.800343253013686,1213.2020099096803,349.06833333333327,1755.9543872500576,2505.9543872400577,749.99999999,False,True
447730,2025-11-07 22:10:00,19.810089355769826,1228.4961060124365,375.35268333333335,2505.9543872400577,3255.954387230058,749.99999999,False,True
447820,2025-11-07 23:40:00,20.21221779711947,1238.7267177871195,385.1811666666666,7617.560903691344,8367.560903682344,749.999999991,False,True
448180,2025-11-08 05:40:00,4.018529942904471,1294.2163299329045,456.86446666666666,8698.59223589462,9448.59223588462,749.99999999,False,True
449160,2025-11-08 22:00:00,15.807898895728833,1229.2962322190622,380.155,1350.1303522029061,2100.130352193906,749.999999991,False,True
449210,2025-11-08 22:50:00,3.7448305288826225,1230.7758471855493,393.6976833333333,4301.173111984006,5051.173111975006,749.999999991,False,True
449220,2025-11-08 23:00:00,6.34023228287355,1234.048565606207,394.375,5051.173111975006,5801.173111966005,749.999999991,False,True
449240,2025-11-08 23:20:00,18.05827908338744,1246.9467790733875,395.55516666666665,6298.76894223817,7048.76894222817,749.99999999,False,True
449260,2025-11-08 23:40:00,21.598222504937887,1227.2238891616046,372.2923333333333,7797.825039218787,8547.825039208787,749.99999999,False,True
449290,2025-11-09 00:10:00,25.728010321160802,1387.0375103111608,527.9761666666666,8556.90336279665,9306.903362787649,749.999999991,False,True
449300,2025-11-09 00:20:00,25.65382613286419,1383.9440427895308,524.9568833333333,9306.903362787649,10056.903362778648,749.999999991,False,True
449620,2025-11-09 05:40:00,13.738700822318826,1408.2386341456522,561.1666,9850.534204649322,10600.534204639322,749.99999999,False,True
450600,2025-11-09 22:00:00,18.498917853897403,1388.4389178438973,536.6066666666666,1558.717070212354,2308.717070202354,749.99999999,False,True
450610,2025-11-09 22:10:00,2.543556366114891,1365.1349230227815,529.2580333333333,2308.717070202354,3058.717070192354,749.99999999,False,True
450660,2025-11-09 23:00:00,8.26867771944648,1394.0653443761132,552.4633333333334,5241.043084237516,5991.043084228516,749.999999991,False,True
450680,2025-11-09 23:20:00,34.248287544419775,1377.388220867753,509.80659999999995,6496.435312075035,7246.435312065035,749.99999999,False,True
450690,2025-11-09 23:30:00,19.106176330295504,1385.2128429869622,532.7733333333333,7246.435312065035,7996.435312055035,749.99999999,False,True
450700,2025-11-09 23:40:00,23.692699888213376,1404.5307498782133,547.5047166666666,7996.435312055035,8746.435312045034,749.99999999,False,True
450740,2025-11-10 00:20:00,5.49943910614035,1413.627405762807,574.7946333333333,9261.718930991668,10011.718930981668,749.99999999,False,True
452050,2025-11-10 22:10:00,22.294821637005377,1375.683788293672,520.0556333333333,1930.9642923352494,2680.9642923262495,749.999999991,False,True
452070,2025-11-10 22:30:00,20.10387527799093,1384.3038752679909,530.8666666666666,2714.91006685199,3464.91006684299,749.999999991,False,True
452080,2025-11-10 22:40:00,16.206363595634905,1385.6227635856349,536.0830666666666,3464.91006684299,4214.91006683399,749.999999991,False,True
452090,2025-11-10 22:50:00,12.360000936580484,1395.8368009265805,550.1434666666667,4214.91006683399,4964.910066824989,749.999999991,False,True
452100,2025-11-10 23:00:00,2.097030957597318,1396.5103642809306,561.0799999999999,4964.910066824989,5714.910066815989,749.999999991,False,True
452140,2025-11-10 23:40:00,2.938965767320602,1418.8618824239873,582.5895833333333,7660.344583968104,8410.344583958104,749.99999999,False,True
452170,2025-11-11 00:10:00,0.8658138294040248,1410.4708471527374,576.2717,8448.805223396223,9198.805223386222,749.99999999,False,True
453530,2025-11-11 22:50:00,16.207967670151668,1382.4698843268184,532.9285833333333,4499.778842509807,5249.778842500807,749.999999991,False,True
453540,2025-11-11 23:00:00,14.520181174506313,1377.556847831173,529.7033333333333,5249.778842500807,5999.778842490807,749.99999999,False,True
453580,2025-11-11 23:40:00,24.79770850758802,1402.209458497588,544.0784166666666,7899.5372489466645,8649.537248937664,749.999999991,False,True
453620,2025-11-12 00:20:00,21.76536247678836,1405.316929133455,550.2182333333333,9293.346827813542,10043.346827803542,749.99999999,False,True
453940,2025-11-12 05:40:00,269.0936295244269,1434.8562548259133,577.5024833333333,10270.565872219662,10799.999999991,529.4341277713378,True,False
453950,2025-11-12 05:50:00,47.166831555348544,670.7224982301155,623.5556666666666,10799.999999991,10799.999999991,0.0,True,False
454920,2025-11-12 22:00:00,20.583184749782383,1400.6981847397824,546.7816666666666,1312.3609144546012,2062.3609144456013,749.999999991,False,True
454930,2025-11-12 22:10:00,7.811478283156695,1376.62351160649,535.4786999999999,2062.3609144456013,2812.3609144366014,749.999999991,False,True
454950,2025-11-12 22:30:00,16.042384124401444,1406.3073841144014,556.9316666666666,2817.268406267662,3567.2684062586623,749.999999991,False,True
454980,2025-11-12 23:00:00,21.115484548043803,1390.2804845380438,535.8316666666666,5046.824785177754,5796.824785168754,749.999999991,False,True
455010,2025-11-12 23:30:00,29.276513643697847,1403.4481803003646,540.8383333333334,7011.355729499582,7761.355729490581,749.999999991,False,True
455020,2025-11-12 23:40:00,24.586665320967192,1385.9629153109672,528.0429166666667,7761.355729490581,8511.355729480581,749.99999999,False,True
455380,2025-11-13 05:40:00,66.62990376793833,1457.3201870912717,557.35695,9854.332669885413,10604.332669875412,749.99999999,False,True
456390,2025-11-13 22:30:00,29.88735723830404,1391.3306905616373,528.1099999999999,3031.707320031926,3781.707320022926,749.999999991,False,True
456420,2025-11-13 23:00:00,23.57028629232058,1405.893619615654,548.99,5253.471838945143,6003.471838935143,749.99999999,False,True
456440,2025-11-13 23:20:00,3.8832651543393615,1411.760381811006,574.5437833333333,6141.226183544161,6891.2261835341615,749.99999999,False,True
456450,2025-11-13 23:30:00,53.4684578779952,1405.3517912013285,518.55,6891.2261835341615,7641.226183524162,749.99999999,False,True
456460,2025-11-13 23:40:00,44.215345780380055,1410.2323624370467,532.6836833333333,7641.226183524162,8391.226183514162,749.99999999,False,True
456820,2025-11-14 05:40:00,4.227727567274079,1290.4466108906074,452.88554999999997,8928.222948263634,9678.222948253633,749.99999999,False,True
457830,2025-11-14 22:30:00,62.283411812904426,1240.4684118029045,344.8516666666667,2829.917329700195,3579.917329691195,749.999999991,False,True
457840,2025-11-14 22:40:00,51.117582003135674,1240.4498819931357,355.99896666666666,3579.917329691195,4329.917329681195,749.99999999,False,True
457850,2025-11-14 22:50:00,40.991767968008155,1248.3480512913416,374.02295000000004,4329.917329681195,5079.917329671195,749.99999999,False,True
457860,2025-11-14 23:00:00,39.30931688845771,1254.1459835451244,381.50333333333333,5079.917329671195,5829.917329661195,749.99999999,False,True
457880,2025-11-14 23:20:00,5.800077592849553,1232.6430942495163,393.5096833333333,5876.611312781795,6626.611312771795,749.99999999,False,True
457890,2025-11-14 23:30:00,0.8407223814823431,1227.2157223714823,393.04166666666663,6626.611312771795,7376.6113127617955,749.99999999,False,True
457940,2025-11-15 00:20:00,5.053990114362242,1241.8130567710289,403.4257333333333,8479.195138045146,9229.195138036146,749.999999991,False,True
458260,2025-11-15 05:40:00,0.955461607975841,1292.4096782646425,458.1208833333333,8807.805260785673,9557.805260775673,749.99999999,False,True
459250,2025-11-15 22:10:00,16.770229213713257,1219.9872292037132,369.88366666666667,1949.198666927332,2699.198666918332,749.999999991,False,True
459270,2025-11-15 22:30:00,21.105736017078918,1231.3540693404123,376.91499999999996,2722.5408331897042,3472.5408331807043,749.999999991,False,True
459280,2025-11-15 22:40:00,8.654751869386239,1224.8399685260529,382.8518833333333,3472.5408331807043,4222.540833171704,749.999999991,False,True
459330,2025-11-15 23:30:00,6.846299686143758,1240.6729663428105,400.49333333333334,6867.340592710089,7617.340592701089,749.999999991,False,True
459340,2025-11-15 23:40:00,14.526751766640693,1209.976385089974,362.11629999999997,7617.340592701089,8367.34059269109,749.99999999,False,True
460730,2025-11-16 22:50:00,0.9155355574812268,1388.5741855474812,554.3253166666666,4462.366786120043,5212.366786110043,749.99999999,False,True
460780,2025-11-16 23:40:00,14.258558903382202,1387.7619422267155,540.17005,7847.765288177267,8597.765288168268,749.999999991,False,True
460820,2025-11-17 00:20:00,50.74562858850003,1410.2826785785,526.2037166666667,9278.888452285802,10028.888452275802,749.99999999,False,True
461140,2025-11-17 05:40:00,33.106776379190585,1435.0383263691906,568.5982166666666,9897.282943615377,10647.282943605376,749.99999999,False,True
462170,2025-11-17 22:50:00,13.405551922325905,1380.9509185789925,534.2120333333332,4279.8880778302555,5029.888077821255,749.999999991,False,True
462180,2025-11-17 23:00:00,11.856439430654625,1387.954772753988,542.765,5029.888077821255,5779.888077811255,749.99999999,False,True
462210,2025-11-17 23:30:00,11.649422654563743,1394.9494226445638,549.9666666666667,6956.283511024581,7706.28351101558,749.999999991,False,True
462220,2025-11-17 23:40:00,22.359461167400006,1408.1819111574,552.4891166666666,7706.28351101558,8456.28351100658,749.999999991,False,True
462580,2025-11-18 05:40:00,20.345154680660123,1421.89280467066,568.2143166666666,9651.15942203565,10401.159422025648,749.99999999,False,True
463570,2025-11-18 22:10:00,25.22468096290094,1386.3714142862343,527.8134,2196.7114913766304,2946.7114913666305,749.99999999,False,True
463640,2025-11-18 23:20:00,85.32365583717727,1421.280922493844,502.6239333333333,6349.12558001937,7099.12558001037,749.999999991,False,True
463650,2025-11-18 23:30:00,45.26252194527569,1410.430855268609,531.835,7099.12558001037,7849.12558000137,749.999999991,False,True
464020,2025-11-19 05:40:00,10.526224564049464,1420.9011745540495,577.0416166666666,9966.025658276729,10716.025658267728,749.999999991,False,True
465000,2025-11-19 22:00:00,40.012262836362645,1384.5772628263626,511.2316666666666,1299.1136745907081,2049.113674581708,749.999999991,False,True
465010,2025-11-19 22:10:00,19.2858618264629,1371.0899618164628,518.4707666666666,2049.113674581708,2799.113674571708,749.99999999,False,True
465140,2025-11-20 00:20:00,6.706853981708824,1410.8442873050421,570.8041,9113.905318015652,9863.90531800565,749.99999999,False,True
465460,2025-11-20 05:40:00,53.89034347365305,1411.4288556330284,603.4490499999999,10121.319484046562,10799.99999999,678.6805159434379,True,False
465470,2025-11-20 05:50:00,2.1070517272639537,667.6223684029313,665.5153166666666,10799.99999999,10799.99999999,0.0,True,False
466450,2025-11-20 22:10:00,14.722832107894185,1363.2617987645608,515.2056333333333,1950.8111375440249,2700.811137534025,749.99999999,False,True
466490,2025-11-20 22:50:00,13.551731688727834,1386.0725650120612,539.1875,4187.406447868059,4937.406447858059,749.99999999,False,True
466500,2025-11-20 23:00:00,39.82900215121003,1384.1506688078766,510.9883333333333,4937.406447858059,5687.4064478480595,749.99999999,False,True
466570,2025-11-21 00:10:00,9.689912515865664,1237.626545839199,394.6033,7847.856033647244,8597.856033637243,749.99999999,False,True
466580,2025-11-21 00:20:00,3.2521931761818825,1262.0316764995152,425.44615,8597.856033637243,9347.856033628243,749.999999991,False,True
467880,2025-11-21 22:00:00,4.412495001536732,1208.5041616582034,370.7583333333333,1465.1632456102698,2215.16324560027,749.99999999,False,True
467890,2025-11-21 22:10:00,13.06552100213343,1215.1173543254667,368.7185,2215.16324560027,2965.16324559027,749.99999999,False,True
468340,2025-11-22 05:40:00,29.728803742150596,1298.3167537321506,435.25461666666666,9637.872707596522,10387.872707587521,749.999999991,False,True
469330,2025-11-22 22:10:00,20.288712090325355,1208.0457120803253,354.42366666666663,2154.7816666064723,2904.7816665974724,749.999999991,False,True
469370,2025-11-22 22:50:00,15.958653686374639,1233.421237009708,384.12925,4367.074871986136,5117.074871977135,749.999999991,False,True
469410,2025-11-22 23:30:00,8.132617008401319,1235.159283665068,393.69333333333327,7044.375283524208,7794.375283515207,749.999999991,False,True
469420,2025-11-22 23:40:00,2.0690704909478574,1199.9890038142812,364.5866,7794.375283515207,8544.375283506208,749.999999991,False,True
469460,2025-11-23 00:20:00,0.6840370084994368,1396.5905369984994,562.5731666666666,9288.687581119273,10038.687581109272,749.99999999,False,True
470760,2025-11-23 22:00:00,2.3471929553422717,1368.0721929453423,532.3916666666667,1200.000000011111,1950.000000002111,749.999999991,False,True
470810,2025-11-23 22:50:00,12.715340231947032,1380.994140221947,534.9454666666666,4163.807222508313,4913.807222499313,749.999999991,False,True
470820,2025-11-23 23:00:00,18.520534576741845,1388.2305345667419,536.3766666666667,4913.807222499313,5663.807222490313,749.999999991,False,True
470850,2025-11-23 23:30:00,2.6787783750432856,1382.51544503171,546.5033333333333,6876.133271702443,7626.133271693443,749.999999991,False,True
471220,2025-11-24 05:40:00,6.247343539671411,1409.275310196338,569.6946333333333,9909.478397635296,10659.478397625295,749.99999999,False,True
472210,2025-11-24 22:10:00,16.5662215986191,1377.6489715886191,527.7494166666667,1941.1924700530717,2691.192470044072,749.999999991,False,True
472230,2025-11-24 22:30:00,11.63792201384512,1378.9562553371784,533.9849999999999,2722.3896741971744,3472.3896741881745,749.999999991,False,True
472330,2025-11-25 00:10:00,39.66741739534131,1428.9953507186747,555.9946,8191.768072293574,8941.768072283574,749.99999999,False,True
472340,2025-11-25 00:20:00,43.73208029945351,1444.3427469561202,567.2773333333333,8941.768072283574,9691.768072274574,749.999999991,False,True
472660,2025-11-25 05:40:00,1.1847222625783536,1413.5318222525784,579.0137666666667,10010.594664822696,10760.594664812696,749.99999999,False,True
473670,2025-11-25 22:30:00,12.721685921201917,1401.186685911202,555.1316666666667,2696.5283792351297,3446.52837922613,749.999999991,False,True
473680,2025-11-25 22:40:00,1.1000290802753545,1381.0227124036087,546.58935,3446.52837922613,4196.52837921613,749.99999999,False,True
473690,2025-11-25 22:50:00,0.8537342940810425,1386.1760676174144,551.989,4196.52837921613,4946.52837920613,749.99999999,False,True
473700,2025-11-25 23:00:00,8.8582465005154,1402.4615798238488,560.27,4946.52837920613,5696.52837919613,749.99999999,False,True
473770,2025-11-26 00:10:00,30.202411827516237,1402.3399451508496,538.8042,8309.286745250865,9059.286745240865,749.99999999,False,True
473780,2025-11-26 00:20:00,21.839255846072653,1402.3750225027393,547.2024333333333,9059.286745240865,9809.286745230864,749.99999999,False,True
474100,2025-11-26 05:40:00,288.36771794824597,1415.5456962369904,589.4022,10316.00179953113,10799.999999991,483.9982004598699,True,False
474110,2025-11-26 05:50:00,17.0004826398809,681.9329326479813,664.93245,10799.999999991,10799.999999991,0.0,True,False
475090,2025-11-26 22:10:00,5.938481242607728,1357.5512312326077,518.2794166666666,2449.9634187771776,3199.9634187671777,749.99999999,False,True
475110,2025-11-26 22:30:00,8.160411359546849,1404.4237446828802,562.93,3209.17671657636,3959.17671656636,749.99999999,False,True
475120,2025-11-26 22:40:00,32.049098697991205,1390.4686320213245,525.0862,3959.17671656636,4709.17671655636,749.99999999,False,True
475130,2025-11-26 22:50:00,51.97163862277272,1389.962821946106,504.65784999999994,4709.17671655636,5459.17671654636,749.99999999,False,True
475140,2025-11-26 23:00:00,37.66990665502134,1400.5532399783547,529.55,5459.17671654636,6209.17671653636,749.99999999,False,True
475220,2025-11-27 00:20:00,17.924034190670675,1398.9231841806707,547.6658166666666,9310.334136968631,10060.334136959631,749.999999991,False,True
475540,2025-11-27 05:40:00,3.982301728249687,1430.814835051583,593.4992,10013.15128976303,10763.151289754029,749.999999991,False,True
476520,2025-11-27 22:00:00,8.39952965542647,1368.6511963120931,526.9183333333333,1493.892235274804,2243.892235264804,749.99999999,False,True
476550,2025-11-27 22:30:00,33.01421769239732,1378.8842176823973,512.5366666666666,2971.7388619185317,3721.738861909532,749.999999991,False,True
476560,2025-11-27 22:40:00,2.7050139910280597,1391.091463981028,555.0531166666666,3721.738861909532,4471.738861900531,749.999999991,False,True
476580,2025-11-27 23:00:00,5.054666652259576,1358.5563333089262,520.1683333333333,5209.452652955489,5959.452652946488,749.999999991,False,True
476610,2025-11-27 23:30:00,16.255588784031254,1399.987255440698,550.3983333333333,6705.759335145981,7455.759335136981,749.999999991,False,True
476620,2025-11-27 23:40:00,15.830615816858419,1422.1084991401917,572.9445499999999,7455.759335136981,8205.75933512698,749.99999999,False,True
476980,2025-11-28 05:40:00,17.438248096657382,1299.9563980866574,449.1848166666667,8944.90920385313,9694.90920384313,749.99999999,False,True
477960,2025-11-28 22:00:00,17.195715556268162,1203.5057155462682,352.9766666666667,1417.1192484803003,2167.1192484713,749.999999991,False,True
477970,2025-11-28 22:10:00,7.691373608675341,1206.027040265342,365.00233333333335,2167.1192484713,2917.1192484623,749.999999991,False,True
477990,2025-11-28 22:30:00,42.38685629325516,1217.7885229499218,342.06833333333327,2937.0537239302494,3687.0537239212495,749.999999991,False,True
478000,2025-11-28 22:40:00,19.246329620670387,1237.1535296106704,384.5738666666667,3687.0537239212495,4437.053723911249,749.99999999,False,True
478010,2025-11-28 22:50:00,1.8851319719647028,1241.261065295298,406.0426,4437.053723911249,5187.053723901249,749.99999999,False,True
478020,2025-11-28 23:00:00,6.371284731554048,1227.5846180548874,387.88,5187.053723901249,5937.053723891249,749.99999999,False,True
478040,2025-11-28 23:20:00,7.778124515557912,1228.384424505558,387.27296666666666,5939.352561700862,6689.352561690862,749.99999999,False,True
478050,2025-11-28 23:30:00,25.14858100500657,1225.4385809950065,366.9566666666666,6689.352561690862,7439.352561680862,749.99999999,False,True
478060,2025-11-28 23:40:00,27.130383517076773,1251.3100001737434,390.8462833333333,7439.352561680862,8189.352561670862,749.99999999,False,True
478100,2025-11-29 00:20:00,5.9670506688881835,1239.3338673255548,400.03348333333327,8204.823118558728,8954.823118548728,749.99999999,False,True
479430,2025-11-29 22:30:00,44.427995764208724,1242.1679957542087,364.40666666666664,2962.318638466274,3712.318638456274,749.99999999,False,True
479480,2025-11-29 23:20:00,18.297995623846525,1254.0697789471799,402.43845,6353.012323791069,7103.012323781069,749.99999999,False,True
480870,2025-11-30 22:30:00,28.235783847719624,1394.3824505043863,532.8133333333333,2958.6447554046013,3708.6447553956014,749.999999991,False,True
482280,2025-12-01 22:00:00,14.323156295084566,1405.771489618418,558.115,1681.1927514087738,2431.192751399774,749.999999991,False,True
482310,2025-12-01 22:30:00,19.791542835360126,1370.71154282536,517.5866666666666,3134.260851778156,3884.260851769156,749.999999991,False,True
482360,2025-12-01 23:20:00,14.694703853358526,1421.3018205100252,573.2737833333333,6547.021928928875,7297.021928919875,749.999999991,False,True
482370,2025-12-01 23:30:00,2.362017743031621,1395.930351066365,560.2349999999999,7297.021928919875,8047.0219289108745,749.999999991,False,True
483770,2025-12-02 22:50:00,6.52475483837383,1384.8120714950405,544.9539833333333,4585.489498862419,5335.489498853419,749.999999991,False,True
483780,2025-12-02 23:00:00,12.523582026577166,1393.9019153499105,548.045,5335.489498853419,6085.489498844418,749.999999991,False,True
485190,2025-12-03 22:30:00,22.93651041321163,1398.7331770698784,542.4633333333334,3055.826414544246,3805.826414535246,749.999999991,False,True
486380,2025-12-04 18:20:00,19.33730233994593,748.696240922253,717.7806166666666,10789.579510266924,10799.999999991,10.420489724076463,True,False
486390,2025-12-04 18:30:00,26.591307005357386,752.9579736801243,726.3666666666666,10799.999999991,10799.999999991,0.0,True,False
486400,2025-12-04 18:40:00,31.760023922168422,743.5382239302687,711.7782,10799.999999991,10799.999999991,0.0,True,False
486630,2025-12-04 22:30:00,3.3974347383534598,1356.07410139502,519.3433333333332,3063.4111511687242,3813.4111511597243,749.999999991,False,True
486640,2025-12-04 22:40:00,20.08928159714832,1389.084198253815,535.6615833333333,3813.4111511597243,4563.411151150724,749.999999991,False,True
488050,2025-12-05 22:10:00,11.014068003740128,1201.4525513270735,357.10515,2149.701459308303,2899.7014592983032,749.99999999,False,True
488090,2025-12-05 22:50:00,14.700127443917147,1238.6313607672505,390.5979,4300.111076767903,5050.1110767589025,749.999999991,False,True
489510,2025-12-06 22:30:00,4.924343481950465,1209.8376768052838,371.58,2848.5487995898393,3598.5487995808394,749.999999991,False,True
489540,2025-12-06 23:00:00,19.161646620435242,1269.2249799437686,416.73,5084.173299407717,5834.173299398717,749.999999991,False,True
490960,2025-12-07 22:40:00,2.6763633751424925,1383.3905633651425,547.3808666666666,3819.4659283236647,4569.465928314665,749.999999991,False,True
490970,2025-12-07 22:50:00,14.902414846776644,1393.69114817011,545.4553999999999,4569.465928314665,5319.465928305664,749.999999991,False,True
491050,2025-12-08 00:10:00,62.566233027742776,1464.4152496844094,568.5156833333333,8495.593440521197,9245.593440511197,749.99999999,False,True
491060,2025-12-08 00:20:00,64.55810737793682,1463.5390907012702,565.64765,9245.593440511197,9995.593440502196,749.999999991,False,True
492360,2025-12-08 22:00:00,15.458027274551561,1393.341360597885,544.55,1386.7994025730789,2136.7994025630787,749.99999999,False,True
492370,2025-12-08 22:10:00,4.832957142652041,1381.052357132652,542.8860666666667,2136.7994025630787,2886.799402553079,749.99999999,False,True
492410,2025-12-08 22:50:00,30.793542537682008,1405.360942527682,541.2340666666666,4324.923916630273,5074.923916620273,749.99999999,False,True
492420,2025-12-08 23:00:00,32.08982392418715,1410.1614905808538,544.7383333333332,5074.923916620273,5824.923916610273,749.99999999,False,True
492440,2025-12-08 23:20:00,18.820204327907042,1407.2739709845737,555.1204333333333,6182.623665438367,6932.6236654283675,749.99999999,False,True
492490,2025-12-09 00:10:00,1.5225765285555246,1417.0401265185556,582.1842166666667,8423.814311815675,9173.814311805674,749.99999999,False,True
493830,2025-12-09 22:30:00,33.29853981798805,1404.2202064746548,537.5883333333334,2792.7397561617445,3542.7397561527446,749.999999991,False,True
493860,2025-12-09 23:00:00,18.115777110646142,1385.0224437673128,533.5733333333333,4993.66192325935,5743.66192324935,749.99999999,False,True
493880,2025-12-09 23:20:00,1.3010225876405377,1407.2342559109738,572.5998999999999,6081.125086859259,6831.125086849259,749.99999999,False,True
493890,2025-12-09 23:30:00,17.607633778916004,1414.4893004355827,563.5483333333333,6831.125086849259,7581.125086839259,749.99999999,False,True
493900,2025-12-09 23:40:00,12.828455566955078,1428.4488722236217,582.2870833333333,7581.125086839259,8331.125086829259,749.99999999,False,True
495320,2025-12-10 23:20:00,3.977738051274165,1419.6873547079408,582.3762833333333,6258.840607880136,7008.840607871136,749.999999991,False,True
495330,2025-12-10 23:30:00,3.1462548076265113,1410.7662547976265,574.2866666666666,7008.840607871136,7758.840607862136,749.999999991,False,True
495340,2025-12-10 23:40:00,19.77398882064744,1413.6695721439808,560.56225,7758.840607862136,8508.840607853135,749.999999991,False,True
496730,2025-12-11 22:50:00,18.97145381266818,1394.6247871360015,542.3199999999999,4239.92847965809,4989.928479649089,749.999999991,False,True
496760,2025-12-11 23:20:00,51.63743639853089,1423.984686388531,539.0139166666667,6075.6469469080475,6825.646946899047,749.999999991,False,True
496770,2025-12-11 23:30:00,19.11594389236881,1421.5042772157021,569.055,6825.646946899047,7575.646946890047,749.999999991,False,True
496780,2025-12-11 23:40:00,1.879391237717292,1425.073057894384,589.8603333333333,7575.646946890047,8325.646946881046,749.999999991,False,True
496810,2025-12-12 00:10:00,22.331509945583655,1236.9328099355837,381.26796666666667,8318.750129267282,9068.750129257282,749.99999999,False,True
496820,2025-12-12 00:20:00,44.261912390013315,1284.9400123800133,407.34476666666666,9068.750129257282,9818.750129248281,749.999999991,False,True
498150,2025-12-12 22:30:00,6.519334490693374,1240.96100114736,401.10833333333335,2950.3913068219567,3700.391306812957,749.999999991,False,True
498160,2025-12-12 22:40:00,25.99073034359116,1233.7007136669245,374.37665,3700.391306812957,4450.3913068039565,749.999999991,False,True
498170,2025-12-12 22:50:00,0.6997244038817519,1227.847407727215,393.81435,4450.3913068039565,5200.391306794956,749.999999991,False,True
498200,2025-12-12 23:20:00,14.447667372035532,1247.0106340287023,399.22963333333337,6218.0861376451085,6968.086137636108,749.999999991,False,True
498210,2025-12-12 23:30:00,61.13095496184905,1274.565954951849,380.1016666666667,6968.086137636108,7718.086137627108,749.999999991,False,True
498220,2025-12-12 23:40:00,54.387620266241804,1263.7405202562418,376.01956666666666,7718.086137627108,8468.086137618107,749.999999991,False,True
499560,2025-12-13 22:00:00,15.249462449024797,1250.0744624390247,401.4916666666666,1320.977965380074,2070.977965370074,749.99999999,False,True
499570,2025-12-13 22:10:00,12.377160858622567,1233.2452775152892,387.53478333333334,2070.977965370074,2820.977965360074,749.99999999,False,True
499600,2025-12-13 22:40:00,27.151501230579008,1230.8175845539124,370.33275000000003,3546.07369087114,4296.07369086214,749.999999991,False,True
499610,2025-12-13 22:50:00,29.805632619101054,1251.2134492757677,388.0744833333333,4296.07369086214,5046.07369085314,749.999999991,False,True
499620,2025-12-13 23:00:00,4.086000210097374,1253.8310002000974,416.41166666666663,5046.07369085314,5796.0736908441395,749.999999991,False,True
499640,2025-12-13 23:20:00,18.094697968555458,1249.514164625222,398.0861333333333,6154.967442492829,6904.967442483829,749.999999991,False,True
499660,2025-12-13 23:40:00,10.745119572776268,1254.4717528961096,410.3933,7630.859772295609,8380.859772286609,749.999999991,False,True
499700,2025-12-14 00:20:00,2.560443576930303,1397.1376769002636,561.2438999999999,9088.301975766104,9838.301975756103,749.99999999,False,True
501050,2025-12-14 22:50:00,4.225179628076481,1380.853346284743,543.2948333333333,4500.814715593679,5250.814715584678,749.999999991,False,True
501060,2025-12-14 23:00:00,3.8491278402437876,1395.507461163577,558.3249999999999,5250.814715584678,6000.814715574678,749.99999999,False,True
501080,2025-12-14 23:20:00,1.155819241917917,1422.4524858985847,587.9633333333334,6328.590473854257,7078.590473844257,749.99999999,False,True
501090,2025-12-14 23:30:00,15.553126459632146,1427.1847931162988,578.2983333333333,7078.590473844257,7828.590473834257,749.99999999,False,True
501100,2025-12-14 23:40:00,31.098647199675717,1421.534330523009,557.1023499999999,7828.590473834257,8578.590473824257,749.99999999,False,True
501140,2025-12-15 00:20:00,3.9811538309493164,1408.2492871542827,570.9348,9274.16543077203,10024.165430762028,749.99999999,False,True
501460,2025-12-15 05:40:00,0.37658570115626505,1495.8698356911564,662.1599166666666,9722.56736212347,10472.567362113468,749.99999999,False,True
502440,2025-12-15 22:00:00,15.469413560538662,1382.1360802172053,533.3333333333333,1782.201738051948,2532.201738041948,749.99999999,False,True
502450,2025-12-15 22:10:00,22.480362753272964,1375.3066460766063,519.49295,2532.201738041948,3282.201738031948,749.99999999,False,True
502580,2025-12-16 00:20:00,5.150025924639286,1442.4256759146392,603.9423166666666,9331.85483931223,10081.854839303229,749.999999991,False,True
503880,2025-12-16 22:00:00,11.869113139947551,1391.1041131299476,545.9016666666666,1449.266960094608,2199.266960084608,749.99999999,False,True
503910,2025-12-16 22:30:00,20.235484353970143,1379.2571510106368,525.6883333333333,2898.157705461926,3648.157705451926,749.99999999,False,True
503920,2025-12-16 22:40:00,18.825188157934683,1405.1134048146014,552.9548833333333,3648.157705451926,4398.157705441926,749.99999999,False,True
503930,2025-12-16 22:50:00,4.493810450548714,1400.3946604405487,562.5675166666666,4398.157705441926,5148.157705431926,749.99999999,False,True
503980,2025-12-16 23:40:00,3.0949315908487653,1418.4771649141821,582.0489,7659.7931011724495,8409.79310116345,749.999999991,False,True
504020,2025-12-17 00:20:00,4.529836967856332,1438.090253624523,600.2270833333333,9080.981746087356,9830.981746077356,749.99999999,False,True
505330,2025-12-17 22:10:00,4.162880599722931,1378.1293639230562,540.6331499999999,2082.2797020687212,2832.2797020587213,749.99999999,False,True
505350,2025-12-17 22:30:00,10.458013600326687,1404.5480135903267,560.7566666666667,2847.0495767013786,3597.0495766913787,749.99999999,False,True
505370,2025-12-17 22:50:00,9.061871297178406,1396.1291712871785,553.7339666666667,4343.362598735306,5093.362598725306,749.99999999,False,True
505380,2025-12-17 23:00:00,33.80603199792346,1408.6510319879235,541.5116666666667,5093.362598725306,5843.362598715306,749.99999999,False,True
505400,2025-12-17 23:20:00,2.581359988353703,1416.5980099783537,580.6833166666667,6188.532761176262,6938.532761166262,749.99999999,False,True
505450,2025-12-18 00:10:00,62.167947993839896,1452.0629313171733,556.56165,8402.193865995647,9152.193865985646,749.99999999,False,True
505460,2025-12-18 00:20:00,15.136801589011604,1434.5892182456782,586.1190833333333,9152.193865985646,9902.193865976646,749.999999991,False,True
506760,2025-12-18 22:00:00,5.315979923170395,1393.2309799131704,554.5816666666666,1395.3930415600669,2145.3930415500668,749.99999999,False,True
506790,2025-12-18 22:30:00,26.631763102935558,1400.570096426269,540.605,2848.4473069374953,3598.4473069284954,749.999999991,False,True
506860,2025-12-18 23:40:00,15.721258413345588,1421.5054084033457,572.4508166666667,7584.751694887566,8334.751694878567,749.999999991,False,True
507220,2025-12-19 05:40:00,17.71467494643013,1353.54037493643,502.49236666666667,9865.97088779084,10615.970887780839,749.99999999,False,True
508200,2025-12-19 22:00:00,23.94318193526089,1226.0348485919276,368.7583333333333,1342.4215323398848,2092.421532330885,749.999999991,False,True
508210,2025-12-19 22:10:00,31.659235996850377,1233.344952653517,368.35238333333336,2092.421532330885,2842.421532321885,749.999999991,False,True
508330,2025-12-20 00:10:00,15.018002670074104,1296.1558193267408,447.80448333333334,8246.497649773128,8996.497649764127,749.999999991,False,True
508340,2025-12-20 00:20:00,15.581290947403993,1296.6235242707373,447.70889999999997,8996.497649764127,9746.497649755127,749.999999991,False,True
508670,2025-12-20 05:50:00,17.499775377520596,544.3895579952809,524.8242499999999,10798.141020635016,10799.999999991,1.858979355984405,True,False
509720,2025-12-20 23:20:00,2.435836168868369,1235.210952825535,399.4417833333333,6389.491412526282,7139.491412517282,749.999999991,False,True
509730,2025-12-20 23:30:00,22.689842981431177,1263.8531763047645,407.83,7139.491412517282,7889.491412508281,749.999999991,False,True
509740,2025-12-20 23:40:00,12.719326321217856,1245.4414929778845,399.3888333333333,7889.491412508281,8639.491412499281,749.999999991,False,True
511110,2025-12-21 22:30:00,11.7566667081553,1387.6900000314886,542.5999999999999,2698.2266288762225,3448.2266288672226,749.999999991,False,True
511120,2025-12-21 22:40:00,13.650706100448694,1372.903039423782,525.919,3448.2266288672226,4198.226628857223,749.99999999,False,True
511160,2025-12-21 23:20:00,12.8797914482493,1412.1569247715827,565.9438,5976.596561682312,6726.596561672312,749.99999999,False,True
511170,2025-12-21 23:30:00,21.764770416094045,1406.029770406094,550.9316666666666,6726.596561672312,7476.5965616623125,749.99999999,False,True
511540,2025-12-22 05:40:00,7.0310622673648515,1489.5700955906982,649.2057,9376.35326913373,10126.353269123729,749.99999999,False,True
512550,2025-12-22 22:30:00,29.650534969058974,1388.520534959059,525.5366666666666,2668.4313618206456,3418.4313618116457,749.999999991,False,True
512560,2025-12-22 22:40:00,20.64244192514149,1393.0061085818081,539.0303333333333,3418.4313618116457,4168.431361802645,749.999999991,False,True
512570,2025-12-22 22:50:00,10.31002954687073,1399.264762870204,555.6214,4168.431361802645,4918.431361793645,749.999999991,False,True
512580,2025-12-22 23:00:00,9.829693779135248,1402.4480271024686,559.285,4918.431361793645,5668.431361784645,749.999999991,False,True
512600,2025-12-22 23:20:00,16.268231233887256,1403.6147145572206,554.01315,6010.728390403991,6760.728390394991,749.999999991,False,True
512610,2025-12-22 23:30:00,15.485912811643509,1414.2525794683102,565.4333333333333,6760.728390394991,7510.728390385991,749.999999991,False,True
512660,2025-12-23 00:20:00,14.973237147230286,1432.6569204705636,584.3503499999999,8944.727801331323,9694.727801321322,749.99999999,False,True
512980,2025-12-23 05:40:00,22.742494623761097,1482.7325779470946,626.65675,9907.342675254104,10657.342675244103,749.99999999,False,True
513960,2025-12-23 22:00:00,2.101231528439704,1381.5228981851064,546.0883333333334,1586.6762895727525,2336.6762895627526,749.99999999,False,True
513970,2025-12-23 22:10:00,39.87474061686168,1389.3531406068616,516.1450666666666,2336.6762895627526,3086.6762895527527,749.99999999,False,True
514040,2025-12-23 23:20:00,23.506785554627406,1425.3885688779608,568.54845,6364.04365026964,7114.04365026064,749.999999991,False,True
514420,2025-12-24 05:40:00,15.183892206277157,1540.4681088629438,691.9508833333332,10030.955188163914,10780.955188153914,749.99999999,False,True
514430,2025-12-24 05:50:00,26.387584667904097,789.0603700424443,741.5118833333332,10780.955188153914,10799.999999991,19.044811837086304,True,False
514440,2025-12-24 06:00:00,7.589094638479969,868.6790946465802,861.0899999999999,10799.999999991,10799.999999991,0.0,True,False
515400,2025-12-24 22:00:00,18.82637232678359,1387.3563723167836,535.1966666666666,1200.000000011111,1950.000000002111,749.999999991,False,True
515410,2025-12-24 22:10:00,33.48746177140287,1373.2881450947361,506.46734999999995,1950.000000002111,2699.999999993111,749.999999991,False,True
515480,2025-12-24 23:20:00,35.29757678676037,1415.0081101100936,546.3771999999999,5963.384748405221,6713.384748396221,749.999999991,False,True
515490,2025-12-24 23:30:00,10.78257811195828,1413.634244768625,569.5183333333333,6713.384748396221,7463.384748386221,749.99999999,False,True
515500,2025-12-24 23:40:00,9.705876800654544,1429.6961767906546,586.6569666666667,7463.384748386221,8213.38474837622,749.99999999,False,True
515860,2025-12-25 05:40:00,50.19409373583982,1525.535477059173,642.0080499999999,9717.072386064896,10467.072386054895,749.99999999,False,True
516840,2025-12-25 22:00:00,9.017745008896775,1387.7094116655635,545.3583333333333,1217.4745617843394,1967.4745617753392,749.999999991,False,True
516850,2025-12-25 22:10:00,47.05705438710867,1400.768587710442,520.3782,1967.4745617753392,2717.4745617663393,749.999999991,False,True
516880,2025-12-25 22:40:00,13.88382437194786,1381.3271076952813,534.10995,3505.273250192694,4255.273250183694,749.999999991,False,True
516890,2025-12-25 22:50:00,40.53170770814403,1403.9156910314773,530.0506499999999,4255.273250183694,5005.273250173694,749.99999999,False,True
516900,2025-12-25 23:00:00,44.19247053064827,1415.2408038539816,537.7149999999999,5005.273250173694,5755.273250163694,749.99999999,False,True
516920,2025-12-25 23:20:00,5.839929806580122,1404.9335464632468,565.7602833333333,6113.207222652975,6863.2072226429755,749.99999999,False,True
518310,2025-12-26 22:30:00,10.756448632608674,1242.5731152892754,398.48333333333335,2996.3803784837633,3746.3803784737634,749.99999999,False,True
518340,2025-12-26 23:00:00,37.69156922443596,1253.451569214436,382.4266666666666,5218.339059490511,5968.339059480511,749.99999999,False,True
518380,2025-12-26 23:40:00,25.682233792512527,1257.6001504491792,398.58458333333334,7805.789823877665,8555.789823868665,749.999999991,False,True
518410,2025-12-27 00:10:00,20.496635093499428,1243.5290017501661,389.6990333333333,8594.909032340613,9344.909032331612,749.999999991,False,True
518420,2025-12-27 00:20:00,54.04066468428288,1280.5617313409496,393.1877333333333,9344.909032331612,10094.909032322612,749.999999991,False,True
518740,2025-12-27 05:40:00,39.32588795658739,1369.9700847733916,512.3069833333333,10063.496507855876,10799.999999991,736.5034921351238,True,False
518750,2025-12-27 05:50:00,15.068799834211381,527.0716665089783,512.0028666666666,10799.999999991,10799.999999991,0.0,True,False
519720,2025-12-27 22:00:00,43.561773588076214,1254.8801069114095,377.98499999999996,1543.7837063800505,2293.7837063700504,749.99999999,False,True
519730,2025-12-27 22:10:00,44.09550016582852,1237.6948001558285,360.26596666666666,2293.7837063700504,3043.7837063600505,749.99999999,False,True
519770,2025-12-27 22:50:00,4.368995589853845,1258.8052455798538,421.1029166666666,4491.816040605975,5241.816040595975,749.99999999,False,True
519780,2025-12-27 23:00:00,52.041698848077765,1277.0283655047444,391.6533333333333,5241.816040595975,5991.816040585975,749.99999999,False,True
519820,2025-12-27 23:40:00,5.672660640131759,1238.5310106301317,399.5250166666666,7834.753622685029,8584.753622675029,749.99999999,False,True
520180,2025-12-28 05:40:00,35.01005124621121,1501.1641845695447,632.8208,9397.640471980669,10147.640471970668,749.99999999,False,True
521160,2025-12-28 22:00:00,26.629526346352115,1395.569526336352,535.6066666666666,1446.704289848474,2196.704289838474,749.99999999,False,True
521170,2025-12-28 22:10:00,14.918652279083396,1374.8748856024167,526.6229,2196.704289838474,2946.704289828474,749.99999999,False,True
521190,2025-12-28 22:30:00,19.67111218697493,1376.026112176975,523.0216666666666,2968.598646153916,3718.598646143916,749.99999999,False,True
521220,2025-12-28 23:00:00,34.72399677883333,1405.9639967688333,537.9066666666666,5162.690627347731,5912.69062733873,749.999999991,False,True
521240,2025-12-28 23:20:00,19.92438108794783,1401.4048477446145,548.1471333333333,6291.58263893879,7041.58263892979,749.999999991,False,True
521260,2025-12-28 23:40:00,10.585578167707233,1413.4930114910405,569.5740999999999,7784.266362907795,8534.266362898796,749.999999991,False,True
521290,2025-12-29 00:10:00,11.363984008795676,1424.5014006654624,579.8040833333333,8544.557617302793,9294.557617293793,749.999999991,False,True
522680,2025-12-29 23:20:00,0.4599157694320786,1384.999715759432,551.2064666666666,5903.185738945142,6653.185738936141,749.999999991,False,True
522700,2025-12-29 23:40:00,25.18523784648732,1421.7120211698207,563.19345,7392.788042365367,8142.7880423563665,749.999999991,False,True
524040,2025-12-30 22:00:00,15.904953496321234,1377.0682868196545,527.8299999999999,1224.5799367166212,1974.579936707621,749.999999991,False,True
524120,2025-12-30 23:20:00,20.617943664728834,1404.5441936547288,550.5929166666666,5977.057941860471,6727.057941851471,749.999999991,False,True
524130,2025-12-30 23:30:00,39.852429764878245,1413.084096421545,539.8983333333333,6727.057941851471,7477.05794184247,749.999999991,False,True
524140,2025-12-30 23:40:00,7.794315081562551,1417.440198404896,576.31255,7477.05794184247,8227.057941833471,749.999999991,False,True
524170,2025-12-31 00:10:00,10.72593598879984,1453.7235526454665,609.6642833333333,8253.978591394427,9003.978591384426,749.99999999,False,True
524180,2025-12-31 00:20:00,18.28801579227683,1462.2750991156101,610.65375,9003.978591384426,9753.978591375426,749.999999991,False,True
524500,2025-12-31 05:40:00,55.980867229877155,1528.2528172198772,638.9386166666666,10024.742747712105,10774.742747703105,749.999999991,False,True
525510,2025-12-31 22:30:00,49.37282773121603,1403.777827721216,521.0716666666666,2646.9709245760246,3396.9709245670247,749.999999991,False,True
525520,2025-12-31 22:40:00,24.613472650346004,1407.233022640346,549.2862166666666,3396.9709245670247,4146.970924558024,749.999999991,False,True
525530,2025-12-31 22:50:00,14.916743631629053,1410.225943621629,561.9758666666667,4146.970924558024,4896.970924549024,749.999999991,False,True
525540,2025-12-31 23:00:00,37.3702504963594,1411.3385838196928,540.635,4896.970924549024,5646.970924540024,749.999999991,False,True
525570,2025-12-31 23:30:00,12.070686053175443,1405.3190193765088,559.915,6730.014239511717,7480.014239502717,749.999999991,False,True
525580,2025-12-31 23:40:00,4.873616972360302,1420.4159502956936,582.209,7480.014239502717,8230.014239493717,749.999999991,False,True
