abs_minute,interval_start,spill_kwh,grid_paid_kwh,demand_kwh,soc_start_kwh,soc_end_kwh,charge_kwh,capacity_limited,power_limited
1330,2025-01-01 22:10:00,0.6057666766667956,1384.8989000000001,550.9598,6656.731474998833,7406.731474989832,749.999999991,False,True
1370,2025-01-01 22:50:00,2.40276667666648,1400.0807666666665,564.3446666666666,8848.834124242203,9598.834124233203,749.999999991,False,True
1380,2025-01-01 23:00:00,18.208766676666635,1399.8737666666666,548.3316666666666,9598.834124233203,10348.834124224202,749.999999991,False,True
1390,2025-01-01 23:10:00,104.15886581466928,1234.4968166666667,629.0425333333333,10348.834124224202,10799.999999991,451.16587576679774,True,False
1400,2025-01-01 23:20:00,755.4219666585665,1402.6919666666668,647.27,10799.999999991,10799.999999991,0.0,True,False
1410,2025-01-01 23:30:00,816.1401833252329,1403.6635166666665,587.5233333333333,10799.999999991,10799.999999991,0.0,True,False
1420,2025-01-01 23:40:00,812.6835666585665,1404.9487166666668,592.26515,10799.999999991,10799.999999991,0.0,True,False
1440,2025-01-02 00:00:00,216.59043323776152,885.8044455710957,616.1166666666666,10752.212388891,10799.999999991,47.78761110000086,True,False
2410,2025-01-02 16:10:00,21.860783324332694,1073.0826166666666,1051.2218333333333,10799.99999999,10799.99999999,0.0,True,False
2420,2025-01-02 16:20:00,13.4608499909991,1065.49705,1052.0362,10799.99999999,10799.99999999,0.0,True,False
2430,2025-01-02 16:30:00,7.732283324332689,1047.6122833333334,1039.8799999999999,10799.99999999,10799.99999999,0.0,True,False
2460,2025-01-02 17:00:00,11.884999990999221,1064.8433333333332,1052.9583333333333,10799.99999999,10799.99999999,0.0,True,False
2470,2025-01-02 17:10:00,18.242466657665865,1054.1972166666665,1035.9547499999999,10799.99999999,10799.99999999,0.0,True,False
2480,2025-01-02 17:20:00,5.396266657665798,1028.2455666666665,1022.8493,10799.99999999,10799.99999999,0.0,True,False
2490,2025-01-02 17:30:00,1.1266666576660556,1031.9983333333332,1030.8716666666664,10799.99999999,10799.99999999,0.0,True,False
2500,2025-01-02 17:40:00,31.418916657666024,1077.4177833333333,1045.9988666666666,10799.99999999,10799.99999999,0.0,True,False
2510,2025-01-02 17:50:00,2.4410666576659192,960.6718166666666,958.23075,10799.99999999,10799.99999999,0.0,True,False
2840,2025-01-02 23:20:00,40.44675001000018,1480.6033333333335,606.8232499999999,6217.649573343212,6967.649573333212,749.99999999,False,True
2890,2025-01-03 00:10:00,103.63155834333325,1429.3567083333332,492.3918166666666,8565.829673297212,9315.829673287211,749.99999999,False,True
2900,2025-01-03 00:20:00,109.2557833433335,1436.0241500000002,493.4350333333333,9315.829673287211,10065.829673278211,749.999999991,False,True
2950,2025-01-03 01:10:00,113.65310827222173,642.4682083333332,483.7801833333333,10759.468574936,10799.999999991,40.531425055000376,True,False
2960,2025-01-03 01:20:00,125.82151665856631,647.6633499999999,521.8418333333333,10799.999999991,10799.999999991,0.0,True,False
2970,2025-01-03 01:30:00,123.95166665856627,633.4216666666666,509.47,10799.999999991,10799.999999991,0.0,True,False
2980,2025-01-03 01:40:00,132.77634165856628,620.0332083333333,487.25686666666667,10799.999999991,10799.999999991,0.0,True,False
2990,2025-01-03 01:50:00,148.46587499189965,638.5750916666666,490.1092166666666,10799.999999991,10799.999999991,0.0,True,False
3000,2025-01-03 02:00:00,154.75666665856633,662.625,507.86833333333334,10799.999999991,10799.999999991,0.0,True,False
3010,2025-01-03 02:10:00,139.56780832523296,639.6717583333333,500.10395,10799.999999991,10799.999999991,0.0,True,False
3020,2025-01-03 02:20:00,171.29838332523295,648.0529666666666,476.75458333333336,10799.999999991,10799.999999991,0.0,True,False
3030,2025-01-03 02:30:00,224.19999999189972,690.8833333333333,466.6833333333333,10799.999999991,10799.999999991,0.0,True,False
3040,2025-01-03 02:40:00,197.36440832523303,689.5797916666667,492.2153833333333,10799.999999991,10799.999999991,0.0,True,False
3050,2025-01-03 02:50:00,145.192908325233,672.0272583333333,526.83435,10799.999999991,10799.999999991,0.0,True,False
3060,2025-01-03 03:00:00,119.4691666585662,668.4691666666665,549.0,10799.999999991,10799.999999991,0.0,True,False
3070,2025-01-03 03:10:00,121.74255832523292,679.5317249999999,557.7891666666667,10799.999999991,10799.999999991,0.0,True,False
3080,2025-01-03 03:20:00,124.42386665856631,689.52015,565.0962833333333,10799.999999991,10799.999999991,0.0,True,False
3090,2025-01-03 03:30:00,115.58833332523304,686.6916666666666,571.1033333333332,10799.999999991,10799.999999991,0.0,True,False
3100,2025-01-03 03:40:00,111.69284999189958,674.3395999999999,562.64675,10799.999999991,10799.999999991,0.0,True,False
3110,2025-01-03 03:50:00,148.8026249918996,682.8375583333333,534.0349333333334,10799.999999991,10799.999999991,0.0,True,False
3120,2025-01-03 04:00:00,176.6674999918998,702.5241666666667,525.8566666666666,10799.999999991,10799.999999991,0.0,True,False
3130,2025-01-03 04:10:00,117.36101665856617,695.7517333333332,578.3907166666667,10799.999999991,10799.999999991,0.0,True,False
3140,2025-01-03 04:20:00,135.67854999189976,697.5829833333333,561.9044333333333,10799.999999991,10799.999999991,0.0,True,False
3150,2025-01-03 04:30:00,220.248333325233,711.1783333333333,490.92999999999995,10799.999999991,10799.999999991,0.0,True,False
3160,2025-01-03 04:40:00,190.524633325233,703.02145,512.4968166666666,10799.999999991,10799.999999991,0.0,True,False
3170,2025-01-03 04:50:00,137.12662499189977,694.2704583333334,557.1438333333333,10799.999999991,10799.999999991,0.0,True,False
3180,2025-01-03 05:00:00,140.81249999189956,697.7374999999998,556.925,10799.999999991,10799.999999991,0.0,True,False
3190,2025-01-03 05:10:00,184.19194165856638,705.9313416666666,521.7393999999999,10799.999999991,10799.999999991,0.0,True,False
3200,2025-01-03 05:20:00,181.992208325233,719.3859916666667,537.3937833333333,10799.999999991,10799.999999991,0.0,True,False
3210,2025-01-03 05:30:00,115.83499999189982,717.1433333333334,601.3083333333333,10799.999999991,10799.999999991,0.0,True,False
3220,2025-01-03 05:40:00,900.9644499918999,1523.2476333333334,622.2831833333332,10799.999999991,10799.999999991,0.0,True,False
3230,2025-01-03 05:50:00,177.759858325233,761.6551583333332,583.8952999999999,10799.999999991,10799.999999991,0.0,True,False
3280,2025-01-03 06:40:00,263.8042654367888,907.389325,545.6809999999999,10711.88634638411,10799.999999991,88.11365360689014,True,False
3290,2025-01-03 06:50:00,331.94652499189965,908.9748416666665,577.0283166666666,10799.999999991,10799.999999991,0.0,True,False
3300,2025-01-03 07:00:00,26.03641665856651,657.2380833333334,631.2016666666666,10799.999999991,10799.999999991,0.0,True,False
3310,2025-01-03 07:10:00,17.20260832523309,666.3796416666667,649.1770333333333,10799.999999991,10799.999999991,0.0,True,False
3320,2025-01-03 07:20:00,28.499174991899714,679.3253916666666,650.8262166666666,10799.999999991,10799.999999991,0.0,True,False
3330,2025-01-03 07:30:00,15.56143332523296,667.8830999999999,652.3216666666666,10799.999999991,10799.999999991,0.0,True,False
3340,2025-01-03 07:40:00,794.097708325233,1443.6428250000001,649.5451166666667,10799.999999991,10799.999999991,0.0,True,False
3350,2025-01-03 07:50:00,74.78136665856627,727.8348333333332,653.0534666666666,10799.999999991,10799.999999991,0.0,True,False
3780,2025-01-03 15:00:00,177.66585000999987,1644.4558499999998,633.4566666666666,7040.428920055553,7790.428920045553,749.9999999899999,False,True
3790,2025-01-03 15:10:00,233.62380834333328,1675.3133583333333,608.3562166666666,7790.428920045553,8540.428920036553,749.9999999910001,False,True
3800,2025-01-03 15:20:00,222.83664167666632,1674.2383249999998,618.06835,8540.428920036553,9290.428920026552,749.9999999899999,False,True
3810,2025-01-03 15:30:00,162.51501667666673,1639.3366833333334,643.4883333333332,9290.428920026552,10040.428920016551,749.99999999,False,True
3820,2025-01-03 15:40:00,188.88887500999965,1644.913508333333,622.6913,10040.428920016551,10790.42892000655,749.9999999899999,False,True
3830,2025-01-03 15:50:00,198.86466668505605,826.1638166666667,616.6646166666667,10790.42892000655,10799.99999999,9.571079983449529,True,False
3840,2025-01-03 16:00:00,419.97218332433243,1056.1721833333331,636.1999999999999,10799.99999999,10799.99999999,0.0,True,False
3850,2025-01-03 16:10:00,435.6645833243326,1060.9899333333333,625.32535,10799.99999999,10799.99999999,0.0,True,False
3860,2025-01-03 16:20:00,468.7445999909993,1057.6043333333332,588.8597333333332,10799.99999999,10799.99999999,0.0,True,False
3870,2025-01-03 16:30:00,474.87384999099925,1042.58385,567.71,10799.99999999,10799.99999999,0.0,True,False
3880,2025-01-03 16:40:00,450.38799999099916,1041.0815999999998,590.6936,10799.99999999,10799.99999999,0.0,True,False
3890,2025-01-03 16:50:00,487.000041657666,1051.2553083333332,564.2552666666666,10799.99999999,10799.99999999,0.0,True,False
3900,2025-01-03 17:00:00,559.4774999909994,1058.9008333333334,499.4233333333333,10799.99999999,10799.99999999,0.0,True,False
3910,2025-01-03 17:10:00,545.9934999909991,1045.0759833333332,499.08248333333336,10799.99999999,10799.99999999,0.0,True,False
3920,2025-01-03 17:20:00,529.413266657666,1025.5474333333332,496.1341666666666,10799.99999999,10799.99999999,0.0,True,False
3930,2025-01-03 17:30:00,556.8983333243326,1031.435,474.53666666666663,10799.99999999,10799.99999999,0.0,True,False
3940,2025-01-03 17:40:00,573.2284583243326,1061.7083249999998,488.4798666666666,10799.99999999,10799.99999999,0.0,True,False
3950,2025-01-03 17:50:00,464.32741665766594,959.4512833333333,495.12386666666663,10799.99999999,10799.99999999,0.0,True,False
3960,2025-01-03 18:00:00,303.0566666576643,779.561666666665,476.505,10799.99999999,10799.99999999,0.0,True,False
3970,2025-01-03 18:10:00,284.793366657666,746.1044666666667,461.31109999999995,10799.99999999,10799.99999999,0.0,True,False
3980,2025-01-03 18:20:00,297.8495833243326,760.96805,463.1184666666666,10799.99999999,10799.99999999,0.0,True,False
3990,2025-01-03 18:30:00,281.7333333243327,750.0466666666667,468.31333333333333,10799.99999999,10799.99999999,0.0,True,False
4000,2025-01-03 18:40:00,289.98267499099927,741.9776416666666,451.99496666666664,10799.99999999,10799.99999999,0.0,True,False
4200,2025-01-03 22:00:00,174.63250000999983,1421.5391666666665,413.5733333333333,6683.913482652926,7433.913482642926,749.99999999,False,True
4210,2025-01-03 22:10:00,162.31530000999987,1404.6072833333333,408.95865000000003,7433.913482642926,8183.913482633926,749.999999991,False,True
4230,2025-01-03 22:30:00,177.04000001000009,1420.7166666666667,410.3433333333333,8337.411167624927,9087.411167615926,749.999999991,False,True
4240,2025-01-03 22:40:00,185.77765834333331,1428.2689416666667,409.15795,9087.411167615926,9837.411167605926,749.99999999,False,True
4250,2025-01-03 22:50:00,158.9576666766667,1405.3593333333333,413.06833333333327,9837.411167605926,10587.411167596925,749.999999991,False,True
4260,2025-01-03 23:00:00,726.3501862288059,1384.4666666666667,421.90666666666664,10587.411167596925,10799.999999991,212.58883239407473,True,False
4270,2025-01-03 23:10:00,834.5953916585664,1271.055125,436.45973333333336,10799.999999991,10799.999999991,0.0,True,False
4280,2025-01-03 23:20:00,1014.5618083252332,1460.3799583333334,445.81814999999995,10799.999999991,10799.999999991,0.0,True,False
4290,2025-01-03 23:30:00,987.3516666585663,1435.5083333333332,448.15666666666664,10799.999999991,10799.999999991,0.0,True,False
4300,2025-01-03 23:40:00,991.5468416585664,1443.6099916666667,452.06315,10799.999999991,10799.999999991,0.0,True,False
4310,2025-01-03 23:50:00,134.59020832523308,593.7763416666667,459.18613333333326,10799.999999991,10799.999999991,0.0,True,False
4320,2025-01-04 00:00:00,90.72833332523297,551.3183333333333,460.59,10799.999999991,10799.999999991,0.0,True,False
4330,2025-01-04 00:10:00,112.01380554745518,561.4795222222222,449.46571666666665,10799.999999991,10799.999999991,0.0,True,False
4340,2025-01-04 00:20:00,106.57427221412192,566.2722222222222,459.69795,10799.999999991,10799.999999991,0.0,True,False
4350,2025-01-04 00:30:00,91.71666665856625,566.1833333333333,474.4666666666667,10799.999999991,10799.999999991,0.0,True,False
4360,2025-01-04 00:40:00,110.98324999189967,554.78995,443.8067,10799.999999991,10799.999999991,0.0,True,False
4370,2025-01-04 00:50:00,119.25099443634414,545.9555777777778,426.7045833333333,10799.999999991,10799.999999991,0.0,True,False
4380,2025-01-04 01:00:00,100.09888888078851,556.3838888888888,456.28499999999997,10799.999999991,10799.999999991,0.0,True,False
4390,2025-01-04 01:10:00,87.78856665856622,589.5721999999998,501.7836333333333,10799.999999991,10799.999999991,0.0,True,False
4400,2025-01-04 01:20:00,109.43647776967745,605.7228444444444,496.2863666666666,10799.999999991,10799.999999991,0.0,True,False
4410,2025-01-04 01:30:00,129.23611110301076,592.1044444444444,462.86833333333334,10799.999999991,10799.999999991,0.0,True,False
4420,2025-01-04 01:40:00,91.73074443634411,575.7744277777778,484.0436833333333,10799.999999991,10799.999999991,0.0,True,False
4430,2025-01-04 01:50:00,98.41303332523304,589.0864666666666,490.67343333333326,10799.999999991,10799.999999991,0.0,True,False
4440,2025-01-04 02:00:00,137.8061111030107,611.0394444444444,473.23333333333335,10799.999999991,10799.999999991,0.0,True,False
4450,2025-01-04 02:10:00,99.55443888078852,593.1491555555555,493.5947166666666,10799.999999991,10799.999999991,0.0,True,False
4460,2025-01-04 02:20:00,83.53540554745516,590.9535055555555,507.4181,10799.999999991,10799.999999991,0.0,True,False
4470,2025-01-04 02:30:00,113.22999999189969,616.15,502.91999999999996,10799.999999991,10799.999999991,0.0,True,False
4480,2025-01-04 02:40:00,109.05547221412198,623.7916555555556,514.7361833333333,10799.999999991,10799.999999991,0.0,True,False
4490,2025-01-04 02:50:00,100.1468222141219,623.6296222222222,523.4828,10799.999999991,10799.999999991,0.0,True,False
4500,2025-01-04 03:00:00,108.63611110301073,628.646111111111,520.01,10799.999999991,10799.999999991,0.0,True,False
4510,2025-01-04 03:10:00,120.30057221412184,638.9508722222222,518.6503,10799.999999991,10799.999999991,0.0,True,False
4520,2025-01-04 03:20:00,118.96624443634411,648.0455277777777,529.0792833333333,10799.999999991,10799.999999991,0.0,True,False
4530,2025-01-04 03:30:00,111.02388888078846,648.1622222222221,537.1383333333333,10799.999999991,10799.999999991,0.0,True,False
4540,2025-01-04 03:40:00,113.65011665856625,637.1086499999999,523.4585333333333,10799.999999991,10799.999999991,0.0,True,False
4550,2025-01-04 03:50:00,99.31708332523303,633.2366833333333,533.9196,10799.999999991,10799.999999991,0.0,True,False
4560,2025-01-04 04:00:00,92.69833332523305,643.635,550.9366666666666,10799.999999991,10799.999999991,0.0,True,False
4570,2025-01-04 04:10:00,142.80287776967734,656.6313944444444,513.8285166666667,10799.999999991,10799.999999991,0.0,True,False
4580,2025-01-04 04:20:00,147.42041665856627,652.3567999999999,504.9363833333333,10799.999999991,10799.999999991,0.0,True,False
4590,2025-01-04 04:30:00,101.08722221412185,637.7622222222221,536.675,10799.999999991,10799.999999991,0.0,True,False
4600,2025-01-04 04:40:00,99.47830554745528,639.513238888889,540.0349333333334,10799.999999991,10799.999999991,0.0,True,False
4610,2025-01-04 04:50:00,103.80814999189974,648.5615833333334,544.7534333333333,10799.999999991,10799.999999991,0.0,True,False
4620,2025-01-04 05:00:00,85.3966666585662,650.7999999999998,565.4033333333333,10799.999999991,10799.999999991,0.0,True,False
4630,2025-01-04 05:10:00,67.04366110301073,644.5340277777777,577.4903666666667,10799.999999991,10799.999999991,0.0,True,False
4640,2025-01-04 05:20:00,93.09138888078868,658.7219222222222,565.6305333333332,10799.999999991,10799.999999991,0.0,True,False
4650,2025-01-04 05:30:00,132.00499999189978,678.5316666666668,546.5266666666666,10799.999999991,10799.999999991,0.0,True,False
4660,2025-01-04 05:40:00,115.18909443634416,667.3705944444445,552.1814999999999,10799.999999991,10799.999999991,0.0,True,False
4670,2025-01-04 05:50:00,143.03105554745522,702.4018722222222,559.3708166666667,10799.999999991,10799.999999991,0.0,True,False
5220,2025-01-04 15:00:00,41.200305565555816,1494.983638888889,620.4499999999999,7503.999818350654,8253.999818340653,749.9999999899999,False,True
5230,2025-01-04 15:10:00,52.95752778777739,1507.1884944444441,620.8976333333333,8253.999818340653,9003.999818330652,749.9999999899999,False,True
5240,2025-01-04 15:20:00,52.33703334333347,1509.7091833333334,624.0388166666667,9003.999818330652,9753.999818273986,749.9999999433338,False,True
5250,2025-01-04 15:30:00,46.66104427241145,1494.7593775957448,614.765,9753.999818273986,10503.999818264985,749.9999999910001,False,True
5260,2025-01-04 15:40:00,6.295423459439568,955.0837642661228,619.8992499999999,10503.999818264985,10799.999999991,296.00018172601483,True,False
5270,2025-01-04 15:50:00,45.22285448115813,690.9196544892584,645.6967999999999,10799.999999991,10799.999999991,0.0,True,False
5280,2025-01-04 16:00:00,256.54782776967807,915.0211611111117,658.4733333333334,10799.999999991,10799.999999991,0.0,True,False
5290,2025-01-04 16:10:00,295.14556110300856,914.6081111111089,619.46255,10799.999999991,10799.999999991,0.0,True,False
5300,2025-01-04 16:20:00,297.4785555474552,900.1958388888888,602.7172833333333,10799.999999991,10799.999999991,0.0,True,False
5310,2025-01-04 16:30:00,263.0372722141227,883.132272222223,620.095,10799.999999991,10799.999999991,0.0,True,False
5320,2025-01-04 16:40:00,285.39030554745443,889.7919722222214,604.4016666666666,10799.999999991,10799.999999991,0.0,True,False
5330,2025-01-04 16:50:00,349.9522166585688,887.761666666669,537.80945,10799.999999991,10799.999999991,0.0,True,False
5340,2025-01-04 17:00:00,400.4999999918998,872.4083333333334,471.9083333333333,10799.999999991,10799.999999991,0.0,True,False
5350,2025-01-04 17:10:00,383.87944999189966,863.0781499999999,479.1987,10799.999999991,10799.999999991,0.0,True,False
5360,2025-01-04 17:20:00,354.68727776967745,849.0763444444444,494.3890666666667,10799.999999991,10799.999999991,0.0,True,False
5370,2025-01-04 17:30:00,363.13722221412183,845.8022222222221,482.66499999999996,10799.999999991,10799.999999991,0.0,True,False
5380,2025-01-04 17:40:00,399.5991722141218,870.632172222222,471.03299999999996,10799.999999991,10799.999999991,0.0,True,False
5390,2025-01-04 17:50:00,333.65817776967737,804.6754777777776,471.0173,10799.999999991,10799.999999991,0.0,True,False
5400,2025-01-04 18:00:00,202.67444443634403,678.5427777777777,475.86833333333334,10799.999999991,10799.999999991,0.0,True,False
5640,2025-01-04 22:00:00,134.80000001000008,1363.3283333333334,395.195,5254.070778645802,6004.0707786358025,749.99999999,False,True
5650,2025-01-04 22:10:00,97.32028334333357,1350.5021833333335,419.8485666666666,6004.0707786358025,6754.070778626802,749.999999991,False,True
5670,2025-01-04 22:30:00,111.02333334333342,1361.7033333333334,417.34666666666664,6838.796438617802,7588.796438607802,749.99999999,False,True
5680,2025-01-04 22:40:00,101.67718889888896,1366.3430555555556,431.3325333333333,7588.796438607802,8338.796438597801,749.99999999,False,True
5690,2025-01-04 22:50:00,101.3594944544444,1352.3734444444444,417.68061666666665,8338.796438597801,9088.7964385888,749.999999991,False,True
5700,2025-01-04 23:00:00,114.56611112111112,1341.391111111111,393.4916666666666,9088.7964385888,9838.7964385788,749.99999999,False,True
5720,2025-01-04 23:20:00,623.8716760542449,1399.9704666666667,480.42425000000003,10533.89291343982,10799.999999991,266.1070865511796,True,False
5730,2025-01-04 23:30:00,928.0205555474553,1384.168888888889,456.1483333333333,10799.999999991,10799.999999991,0.0,True,False
5740,2025-01-04 23:40:00,974.214222214122,1390.8721555555555,416.6579333333333,10799.999999991,10799.999999991,0.0,True,False
5750,2025-01-04 23:50:00,71.10057221412191,548.9129388888889,477.81236666666666,10799.999999991,10799.999999991,0.0,True,False
11410,2025-01-08 22:10:00,11.13145953380944,1351.3789095238094,506.91411666666664,1942.45392857354,2692.45392856354,749.99999999,False,True
11480,2025-01-08 23:20:00,5.607192867142877,1404.6248261904761,565.6842999999999,6149.735910672508,6899.735910662508,749.99999999,False,True
11860,2025-01-09 05:40:00,22.144491676666682,1499.1377916666665,643.6599666666666,8449.267655311274,9199.267655301273,749.99999999,False,True
12920,2025-01-09 23:20:00,1.1032437599998195,1403.9239270833332,569.48735,6016.870300098111,6766.870300088111,749.99999999,False,True
12970,2025-01-10 00:10:00,147.82070741740745,1413.0443907407407,431.89034999999996,8283.709127552112,9033.709127542112,749.99999999,False,True
12980,2025-01-10 00:20:00,142.1694055655555,1418.0799555555554,442.57721666666663,9033.709127542112,9783.709127533111,749.999999991,False,True
13040,2025-01-10 01:20:00,90.11739344740424,612.7118129629629,480.72951666666665,10762.321587426997,10799.999999991,37.678412564002784,True,False
13050,2025-01-10 01:30:00,137.82018517708488,603.3251851851852,465.505,10799.999999991,10799.999999991,0.0,True,False
13060,2025-01-10 01:40:00,106.75216665856638,597.7965166666667,491.04434999999995,10799.999999991,10799.999999991,0.0,True,False
13070,2025-01-10 01:50:00,95.96966110301062,605.2607444444443,509.29108333333335,10799.999999991,10799.999999991,0.0,True,False
13080,2025-01-10 02:00:00,126.82814814004783,619.9248148148148,493.09666666666664,10799.999999991,10799.999999991,0.0,True,False
13090,2025-01-10 02:10:00,158.27769999189954,627.4979666666666,469.2202666666667,10799.999999991,10799.999999991,0.0,True,False
13100,2025-01-10 02:20:00,150.64224999189966,630.309,479.66675,10799.999999991,10799.999999991,0.0,True,False
13110,2025-01-10 02:30:00,121.94481480671456,633.3064814814816,511.3616666666667,10799.999999991,10799.999999991,0.0,True,False
13120,2025-01-10 02:40:00,126.81875369560348,638.1495370370371,511.33078333333333,10799.999999991,10799.999999991,0.0,True,False
13130,2025-01-10 02:50:00,140.3089611030109,640.3156944444445,500.0067333333333,10799.999999991,10799.999999991,0.0,True,False
13140,2025-01-10 03:00:00,131.9916666585663,640.0949999999999,508.1033333333333,10799.999999991,10799.999999991,0.0,True,False
13150,2025-01-10 03:10:00,101.63009073264035,643.2931074074073,541.6630166666666,10799.999999991,10799.999999991,0.0,True,False
13160,2025-01-10 03:20:00,106.50761110301093,651.9982944444446,545.4906833333333,10799.999999991,10799.999999991,0.0,True,False
13170,2025-01-10 03:30:00,149.34999999189958,657.7049999999999,508.355,10799.999999991,10799.999999991,0.0,True,False
13180,2025-01-10 03:40:00,172.44903147338104,650.5974314814814,478.14840000000004,10799.999999991,10799.999999991,0.0,True,False
13190,2025-01-10 03:50:00,153.27785369560345,652.7767037037038,499.49885,10799.999999991,10799.999999991,0.0,True,False
13200,2025-01-10 04:00:00,120.44537036227015,666.6403703703704,546.1949999999999,10799.999999991,10799.999999991,0.0,True,False
13210,2025-01-10 04:10:00,125.95147406597377,670.946024074074,544.9945499999999,10799.999999991,10799.999999991,0.0,True,False
13220,2025-01-10 04:20:00,148.8716888807887,661.6037222222222,512.7320333333332,10799.999999991,10799.999999991,0.0,True,False
13230,2025-01-10 04:30:00,146.19092591782564,651.8425925925926,505.65166666666664,10799.999999991,10799.999999991,0.0,True,False
13240,2025-01-10 04:40:00,97.98203147338117,659.7918481481481,561.8098166666666,10799.999999991,10799.999999991,0.0,True,False
13250,2025-01-10 04:50:00,85.65433702893674,672.615687037037,586.9613499999999,10799.999999991,10799.999999991,0.0,True,False
13260,2025-01-10 05:00:00,110.74648147338107,677.2598148148147,566.5133333333333,10799.999999991,10799.999999991,0.0,True,False
13270,2025-01-10 05:10:00,98.97966295486262,672.4209296296295,573.4412666666666,10799.999999991,10799.999999991,0.0,True,False
13280,2025-01-10 05:20:00,91.32123888078863,672.1281055555555,580.8068666666666,10799.999999991,10799.999999991,0.0,True,False
13290,2025-01-10 05:30:00,102.90148147338115,670.9248148148148,568.0233333333333,10799.999999991,10799.999999991,0.0,True,False
13300,2025-01-10 05:40:00,946.6306259178257,1496.6772925925925,550.0466666666666,10799.999999991,10799.999999991,0.0,True,False
13310,2025-01-10 05:50:00,178.18010369560326,730.5675870370369,552.3874833333333,10799.999999991,10799.999999991,0.0,True,False
13860,2025-01-10 15:00:00,18.04942963962946,1501.317762962963,649.935,7157.617849778602,7907.617849768602,749.99999999,False,True
13870,2025-01-10 15:10:00,56.361748158147854,1505.8505314814813,616.15545,7907.617849768602,8657.617849758602,749.99999999,False,True
13880,2025-01-10 15:20:00,50.832240750740645,1499.0798907407407,614.9143166666667,8657.617849758602,9407.617849748602,749.99999999,False,True
13910,2025-01-10 15:50:00,65.16196484444338,721.021651851852,629.7744666666666,10776.523301684332,10799.999999991,23.476698306667824,True,False
13920,2025-01-10 16:00:00,306.4318388807882,970.6135055555551,664.1816666666666,10799.999999991,10799.999999991,0.0,True,False
13930,2025-01-10 16:10:00,316.8035555474552,955.9057388888887,639.1021833333333,10799.999999991,10799.999999991,0.0,True,False
13940,2025-01-10 16:20:00,347.8762073993071,941.7061907407406,593.8299833333333,10799.999999991,10799.999999991,0.0,True,False
13950,2025-01-10 16:30:00,355.83498702893655,939.5866537037036,583.7516666666667,10799.999999991,10799.999999991,0.0,True,False
13960,2025-01-10 16:40:00,332.72497591782485,947.0118259259252,614.28685,10799.999999991,10799.999999991,0.0,True,False
13970,2025-01-10 16:50:00,367.4817629548626,936.4736962962961,568.9919333333332,10799.999999991,10799.999999991,0.0,True,False
13980,2025-01-10 17:00:00,449.50444443634416,923.9377777777778,474.4333333333333,10799.999999991,10799.999999991,0.0,True,False
13990,2025-01-10 17:10:00,450.5953018437516,924.6820351851852,474.0867333333333,10799.999999991,10799.999999991,0.0,True,False
14000,2025-01-10 17:20:00,430.02529258449226,919.8992759259258,489.8739833333333,10799.999999991,10799.999999991,0.0,True,False
14010,2025-01-10 17:30:00,440.98166665856627,917.0116666666665,476.03,10799.999999991,10799.999999991,0.0,True,False
14020,2025-01-10 17:40:00,464.1804907326405,934.0944240740741,469.9139333333333,10799.999999991,10799.999999991,0.0,True,False
14030,2025-01-10 17:50:00,358.13917406597375,839.8358574074074,481.69668333333334,10799.999999991,10799.999999991,0.0,True,False
14040,2025-01-10 18:00:00,198.13314814004778,683.1864814814815,485.05333333333334,10799.999999991,10799.999999991,0.0,True,False
14070,2025-01-10 18:30:00,93.89058802246397,689.4448148148149,449.57833333333326,10668.621695877884,10799.999999991,131.37830411311586,True,False
14080,2025-01-10 18:40:00,227.17535925115888,681.2139259259259,454.03856666666667,10799.999999991,10799.999999991,0.0,True,False
14280,2025-01-10 22:00:00,90.16407408407416,1361.8674074074074,438.36999999999995,5878.2018839502225,6628.201883940223,749.99999999,False,True
14290,2025-01-10 22:10:00,118.64916852851864,1350.567551851852,398.58504999999997,6628.201883940223,7378.201883931222,749.999999991,False,True
14310,2025-01-10 22:30:00,120.8325926025925,1366.8709259259258,412.705,7508.026398922222,8258.026398913222,749.999999991,False,True
14320,2025-01-10 22:40:00,120.24499260259243,1373.0231259259258,419.4448,8258.026398913222,9008.026398903221,749.99999999,False,True
14330,2025-01-10 22:50:00,128.4822296396295,1371.2025962962962,409.3870333333333,9008.026398903221,9758.02639889422,749.999999991,False,True
14340,2025-01-10 23:00:00,122.97000000999991,1368.1133333333332,411.81,9758.02639889422,10508.02639888522,749.999999991,False,True
14350,2025-01-10 23:10:00,448.1029209946893,1224.285,451.76696666666663,10508.02639888522,10799.99999999,291.97360110477973,True,False
14360,2025-01-10 23:20:00,951.3898444354439,1403.8013444444446,452.4115,10799.99999999,10799.99999999,0.0,True,False
14370,2025-01-10 23:30:00,989.3701851761847,1398.9201851851853,409.55,10799.99999999,10799.99999999,0.0,True,False
14380,2025-01-10 23:40:00,1004.8771370280361,1402.2853537037035,397.4082166666667,10799.99999999,10799.99999999,0.0,True,False
14390,2025-01-10 23:50:00,154.64876110211034,565.2232277777778,410.5744666666667,10799.99999999,10799.99999999,0.0,True,False
14400,2025-01-11 00:00:00,129.51740739840662,556.2224074074073,426.705,10799.99999999,10799.99999999,0.0,True,False
14410,2025-01-11 00:10:00,129.1663699909992,564.9289866666666,435.76261666666664,10799.99999999,10799.99999999,0.0,True,False
14420,2025-01-11 00:20:00,111.82076499099932,570.5296816666666,458.7089166666666,10799.99999999,10799.99999999,0.0,True,False
14430,2025-01-11 00:30:00,89.78099999099922,568.626,478.845,10799.99999999,10799.99999999,0.0,True,False
14440,2025-01-11 00:40:00,104.73560499099924,561.4762049999999,456.7406,10799.99999999,10799.99999999,0.0,True,False
14450,2025-01-11 00:50:00,120.4102983243325,561.8810149999999,441.4707166666667,10799.99999999,10799.99999999,0.0,True,False
14460,2025-01-11 01:00:00,117.0946666576659,575.603,458.5083333333333,10799.99999999,10799.99999999,0.0,True,False
14470,2025-01-11 01:10:00,110.08628832433268,595.1896883333334,485.10339999999997,10799.99999999,10799.99999999,0.0,True,False
14480,2025-01-11 01:20:00,107.47001665766581,599.5135833333331,492.0435666666666,10799.99999999,10799.99999999,0.0,True,False
14490,2025-01-11 01:30:00,105.89649999099933,589.5431666666667,483.64666666666665,10799.99999999,10799.99999999,0.0,True,False
14500,2025-01-11 01:40:00,96.8036999909992,587.1212999999999,490.31759999999997,10799.99999999,10799.99999999,0.0,True,False
14510,2025-01-11 01:50:00,87.71979499099925,595.6637783333333,507.94398333333334,10799.99999999,10799.99999999,0.0,True,False
14520,2025-01-11 02:00:00,91.003666657666,607.242,516.2383333333332,10799.99999999,10799.99999999,0.0,True,False
14530,2025-01-11 02:10:00,110.22432999099917,611.6701966666666,501.4458666666667,10799.99999999,10799.99999999,0.0,True,False
14540,2025-01-11 02:20:00,112.98345832433264,615.244775,502.26131666666663,10799.99999999,10799.99999999,0.0,True,False
14550,2025-01-11 02:30:00,103.82033332433261,621.112,517.2916666666666,10799.99999999,10799.99999999,0.0,True,False
14560,2025-01-11 02:40:00,114.97309499099933,625.4676616666667,510.4945666666666,10799.99999999,10799.99999999,0.0,True,False
14570,2025-01-11 02:50:00,108.53998165766595,626.2847983333332,517.7448166666666,10799.99999999,10799.99999999,0.0,True,False
14580,2025-01-11 03:00:00,92.57583332433259,626.8958333333333,534.3199999999999,10799.99999999,10799.99999999,0.0,True,False
14590,2025-01-11 03:10:00,111.17589832433268,633.1300983333333,521.9541999999999,10799.99999999,10799.99999999,0.0,True,False
14600,2025-01-11 03:20:00,101.06416665766594,641.3475333333333,540.2833666666667,10799.99999999,10799.99999999,0.0,True,False
14610,2025-01-11 03:30:00,72.71666665766597,642.77,570.0533333333333,10799.99999999,10799.99999999,0.0,True,False
14620,2025-01-11 03:40:00,103.65174499099939,633.3525283333333,529.7007833333332,10799.99999999,10799.99999999,0.0,True,False
14630,2025-01-11 03:50:00,136.84678499099923,637.4489183333333,500.6021333333333,10799.99999999,10799.99999999,0.0,True,False
14640,2025-01-11 04:00:00,136.99249999099933,654.5958333333333,517.6033333333332,10799.99999999,10799.99999999,0.0,True,False
14650,2025-01-11 04:10:00,123.78542665766585,658.3508766666665,534.5654499999999,10799.99999999,10799.99999999,0.0,True,False
14660,2025-01-11 04:20:00,111.1078033243327,646.7165533333334,535.60875,10799.99999999,10799.99999999,0.0,True,False
14670,2025-01-11 04:30:00,110.99183332433276,637.2235000000001,526.2316666666666,10799.99999999,10799.99999999,0.0,True,False
14680,2025-01-11 04:40:00,126.98542832433267,649.993645,523.0082166666666,10799.99999999,10799.99999999,0.0,True,False
14690,2025-01-11 04:50:00,129.61265332433263,664.0502533333333,534.4376,10799.99999999,10799.99999999,0.0,True,False
14700,2025-01-11 05:00:00,122.30849999099925,666.1851666666666,543.8766666666667,10799.99999999,10799.99999999,0.0,True,False
14710,2025-01-11 05:10:00,131.2572799909992,662.5229633333332,531.2656833333333,10799.99999999,10799.99999999,0.0,True,False
14720,2025-01-11 05:20:00,111.94858165766604,662.9959816666667,551.0473999999999,10799.99999999,10799.99999999,0.0,True,False
14730,2025-01-11 05:30:00,69.6713333243325,660.6346666666666,590.9633333333334,10799.99999999,10799.99999999,0.0,True,False
14740,2025-01-11 05:40:00,73.16494665766596,652.0142299999999,578.8492833333332,10799.99999999,10799.99999999,0.0,True,False
14750,2025-01-11 05:50:00,167.92442665766598,712.7495766666666,544.8251499999999,10799.99999999,10799.99999999,0.0,True,False
15300,2025-01-11 15:00:00,28.775050009999966,1503.09005,640.9816666666666,7646.365408499219,8396.365408489219,749.99999999,False,True
15310,2025-01-11 15:10:00,44.825103343333346,1503.7915866666665,625.6331499999999,8396.365408489219,9146.365408479218,749.99999999,False,True
15320,2025-01-11 15:20:00,21.333663343333562,1497.5738966666668,642.9069,9146.365408479218,9896.365408469217,749.99999999,False,True
15340,2025-01-11 15:40:00,13.577246693942378,821.7797817292575,637.4974333333332,10646.365408459216,10799.999999991,153.63459153178374,True,False
15350,2025-01-11 15:50:00,60.85817165856643,670.3611383333334,609.5029666666667,10799.999999991,10799.999999991,0.0,True,False
15360,2025-01-11 16:00:00,333.7461166585664,938.43445,604.6883333333333,10799.999999991,10799.999999991,0.0,True,False
15370,2025-01-11 16:10:00,341.8210449918995,922.6895116666665,580.8684666666666,10799.999999991,10799.999999991,0.0,True,False
15380,2025-01-11 16:20:00,328.5252316585663,905.3826983333332,576.8574666666666,10799.999999991,10799.999999991,0.0,True,False
15390,2025-01-11 16:30:00,302.0039499918998,902.4672833333334,600.4633333333334,10799.999999991,10799.999999991,0.0,True,False
15400,2025-01-11 16:40:00,306.24063999189974,912.2034566666666,605.9628166666666,10799.999999991,10799.999999991,0.0,True,False
15410,2025-01-11 16:50:00,352.1741649918996,898.1896483333333,546.0154833333333,10799.999999991,10799.999999991,0.0,True,False
15420,2025-01-11 17:00:00,416.65233332523286,878.9873333333333,462.33500000000004,10799.999999991,10799.999999991,0.0,True,False
15430,2025-01-11 17:10:00,427.3453716585664,879.622505,452.2771333333333,10799.999999991,10799.999999991,0.0,True,False
15440,2025-01-11 17:20:00,395.73144665856626,876.8967466666666,481.16529999999995,10799.999999991,10799.999999991,0.0,True,False
15450,2025-01-11 17:30:00,371.17183332523297,872.9134999999999,501.7416666666666,10799.999999991,10799.999999991,0.0,True,False
15460,2025-01-11 17:40:00,392.13975832523306,887.676375,495.53661666666665,10799.999999991,10799.999999991,0.0,True,False
15470,2025-01-11 17:50:00,330.0524899918997,804.0219399999999,473.96944999999994,10799.999999991,10799.999999991,0.0,True,False
15480,2025-01-11 18:00:00,199.71149999189967,663.3731666666666,463.66166666666663,10799.999999991,10799.999999991,0.0,True,False
15720,2025-01-11 22:00:00,134.33600001000013,1352.851,385.1816666666667,5514.651899545444,6264.651899536444,749.999999991,False,True
15730,2025-01-11 22:10:00,136.0047850100001,1338.702635,369.36451666666665,6264.651899536444,7014.651899527444,749.999999991,False,True
15750,2025-01-11 22:30:00,62.06933334333325,1354.7876666666666,459.385,7108.575418018444,7858.575418008444,749.99999999,False,True
15760,2025-01-11 22:40:00,99.86634334333313,1360.9986266666665,427.79895,7858.575418008444,8608.575417999444,749.999999991,False,True
15770,2025-01-11 22:50:00,110.95020667666664,1358.3543733333333,414.0708333333333,8608.575417999444,9358.575417990443,749.999999991,False,True
15780,2025-01-11 23:00:00,90.27633334333323,1355.8163333333332,432.2066666666666,9358.575417990443,10108.575417981443,749.999999991,False,True
15790,2025-01-11 23:10:00,34.28959443382552,1213.6998633333333,411.16073333333327,10108.575417981443,10799.999999991,691.424582009557,True,False
15800,2025-01-11 23:20:00,987.0461599918997,1391.9956933333333,404.9495333333333,10799.999999991,10799.999999991,0.0,True,False
15810,2025-01-11 23:30:00,957.3631666585663,1383.3165,425.95333333333326,10799.999999991,10799.999999991,0.0,True,False
15820,2025-01-11 23:40:00,946.6943899918997,1385.1309733333333,438.43658333333326,10799.999999991,10799.999999991,0.0,True,False
15830,2025-01-11 23:50:00,43.474101658566305,549.7583516666666,506.28425,10799.999999991,10799.999999991,0.0,True,False
21530,2025-01-15 22:50:00,0.8578226290476244,1367.3600892857144,533.1689333333334,3944.348637195217,4694.348637185217,749.99999999,False,True
22920,2025-01-16 22:00:00,0.7493333433335386,1355.4743333333336,521.3916666666667,1200.0000000111113,1950.0000000011114,749.99999999,False,True
23050,2025-01-17 00:10:00,196.3745895933332,1405.9206895833333,376.21276666666665,8133.60277731605,8883.60277730605,749.99999999,False,True
23060,2025-01-17 00:20:00,180.32445209333332,1413.2748854166666,399.6171,8883.60277730605,9633.60277729705,749.999999991,False,True
23120,2025-01-17 01:20:00,36.835581873333474,610.5874375,463.21574999999996,10700.517504927,10799.999999991,99.48249506399988,True,False
23130,2025-01-17 01:30:00,153.30041665856626,598.7604166666666,445.46000000000004,10799.999999991,10799.999999991,0.0,True,False
23140,2025-01-17 01:40:00,130.04990832523296,600.9611749999999,470.9112666666666,10799.999999991,10799.999999991,0.0,True,False
23150,2025-01-17 01:50:00,126.1909770752329,606.7015604166666,480.51058333333333,10799.999999991,10799.999999991,0.0,True,False
23160,2025-01-17 02:00:00,142.42854165856633,610.1352083333333,467.7066666666666,10799.999999991,10799.999999991,0.0,True,False
23170,2025-01-17 02:10:00,131.19244895023294,617.7686656249999,486.57621666666665,10799.999999991,10799.999999991,0.0,True,False
23180,2025-01-17 02:20:00,132.2589218668996,622.3390385416666,490.08011666666664,10799.999999991,10799.999999991,0.0,True,False
23190,2025-01-17 02:30:00,146.17937499189972,624.6910416666667,478.51166666666666,10799.999999991,10799.999999991,0.0,True,False
23200,2025-01-17 02:40:00,132.4300739502331,632.9875072916667,500.5574333333333,10799.999999991,10799.999999991,0.0,True,False
23210,2025-01-17 02:50:00,130.94155624189963,638.2192729166666,507.2777166666666,10799.999999991,10799.999999991,0.0,True,False
23220,2025-01-17 03:00:00,143.22156249189973,637.3148958333334,494.0933333333333,10799.999999991,10799.999999991,0.0,True,False
23230,2025-01-17 03:10:00,128.70433540856632,637.95146875,509.24713333333335,10799.999999991,10799.999999991,0.0,True,False
23240,2025-01-17 03:20:00,114.06398749189972,648.4534375,534.3894499999999,10799.999999991,10799.999999991,0.0,True,False
23250,2025-01-17 03:30:00,113.19687499189976,656.5235416666667,543.3266666666666,10799.999999991,10799.999999991,0.0,True,False
23260,2025-01-17 03:40:00,112.35918540856639,643.0486354166667,530.68945,10799.999999991,10799.999999991,0.0,True,False
23270,2025-01-17 03:50:00,108.05192499189977,642.4239916666667,534.3720666666666,10799.999999991,10799.999999991,0.0,True,False
23280,2025-01-17 04:00:00,96.29406249189978,659.2690625,562.9749999999999,10799.999999991,10799.999999991,0.0,True,False
23290,2025-01-17 04:10:00,79.13550936689964,662.6248927083333,583.4893833333333,10799.999999991,10799.999999991,0.0,True,False
23300,2025-01-17 04:20:00,93.35423228356635,653.0364322916666,559.6822,10799.999999991,10799.999999991,0.0,True,False
23310,2025-01-17 04:30:00,118.52687499189969,646.161875,527.635,10799.999999991,10799.999999991,0.0,True,False
23320,2025-01-17 04:40:00,96.49216665856633,656.8936666666666,560.4014999999999,10799.999999991,10799.999999991,0.0,True,False
23330,2025-01-17 04:50:00,79.310986450233,670.4556364583333,591.14465,10799.999999991,10799.999999991,0.0,True,False
23340,2025-01-17 05:00:00,90.27718749189964,674.5105208333333,584.2333333333333,10799.999999991,10799.999999991,0.0,True,False
23350,2025-01-17 05:10:00,103.79085311689968,670.526553125,566.7357,10799.999999991,10799.999999991,0.0,True,False
23360,2025-01-17 05:20:00,124.975333325233,674.1358166666666,549.1604833333333,10799.999999991,10799.999999991,0.0,True,False
23370,2025-01-17 05:30:00,124.27687499189958,673.9902083333333,549.7133333333334,10799.999999991,10799.999999991,0.0,True,False
23380,2025-01-17 05:40:00,910.8288739502331,1490.2719072916666,579.4430333333332,10799.999999991,10799.999999991,0.0,True,False
23390,2025-01-17 05:50:00,143.08403957523294,717.4443395833332,574.3602999999999,10799.999999991,10799.999999991,0.0,True,False
23940,2025-01-17 15:00:00,15.555491676666513,1488.8621583333334,639.9733333333334,7891.679429783524,8641.679429774524,749.9999999910001,False,True
23980,2025-01-17 15:40:00,60.64197712517813,681.4063895833333,584.6588666666667,10767.50500877866,10799.999999991,32.494991212339656,True,False
23990,2025-01-17 15:50:00,94.78980624189975,684.5855729166667,589.7957666666666,10799.999999991,10799.999999991,0.0,True,False
24000,2025-01-17 16:00:00,344.0197916585664,936.4631249999999,592.4433333333333,10799.999999991,10799.999999991,0.0,True,False
24010,2025-01-17 16:10:00,350.90328645023294,931.3671031249999,580.4638166666666,10799.999999991,10799.999999991,0.0,True,False
24020,2025-01-17 16:20:00,344.045067700233,922.9049010416667,578.8598333333333,10799.999999991,10799.999999991,0.0,True,False
24030,2025-01-17 16:30:00,317.05847499189963,915.8051416666666,598.7466666666667,10799.999999991,10799.999999991,0.0,True,False
24040,2025-01-17 16:40:00,305.2962802002329,918.3607468749999,613.0644666666667,10799.999999991,10799.999999991,0.0,True,False
24050,2025-01-17 16:50:00,365.836223950233,907.0418739583333,541.20565,10799.999999991,10799.999999991,0.0,True,False
24060,2025-01-17 17:00:00,466.53812499189974,907.3847916666666,440.84666666666664,10799.999999991,10799.999999991,0.0,True,False
24070,2025-01-17 17:10:00,446.83221978356636,901.8125197916667,454.9803,10799.999999991,10799.999999991,0.0,True,False
24080,2025-01-17 17:20:00,431.13345415856645,899.6155375000001,468.4820833333333,10799.999999991,10799.999999991,0.0,True,False
24090,2025-01-17 17:30:00,462.7813541585664,905.7996875,443.0183333333333,10799.999999991,10799.999999991,0.0,True,False
24100,2025-01-17 17:40:00,467.5279635335664,921.0819635416666,453.554,10799.999999991,10799.999999991,0.0,True,False
24110,2025-01-17 17:50:00,367.69146561689973,826.699865625,459.0084,10799.999999991,10799.999999991,0.0,True,False
24120,2025-01-17 18:00:00,225.2157291585663,674.2640624999999,449.0483333333333,10799.999999991,10799.999999991,0.0,True,False
24160,2025-01-17 18:40:00,160.0480212629208,670.1570072916667,436.72929999999997,10733.958282565129,10799.999999991,66.04171742587131,True,False
24360,2025-01-17 22:00:00,121.43916667666666,1355.4275,400.655,5743.5640904895745,6493.564090480574,749.999999991,False,True
24370,2025-01-17 22:10:00,112.82363751000001,1349.9281708333333,403.77119999999996,6493.564090480574,7243.564090471574,749.999999991,False,True
24390,2025-01-17 22:30:00,151.07083334333356,1363.7575000000002,379.3533333333333,7356.122760150074,8106.122760141074,749.999999991,False,True
24400,2025-01-17 22:40:00,148.90150000999984,1367.2819333333332,385.0471,8106.122760141074,8856.122760132073,749.999999991,False,True
24410,2025-01-17 22:50:00,103.10057188500012,1370.2858552083335,433.85195,8856.122760132073,9606.122760122073,749.99999999,False,True
24420,2025-01-17 23:00:00,68.84187500999995,1371.3835416666666,469.2083333333333,9606.122760122073,10356.122760113072,749.999999991,False,True
24430,2025-01-17 23:10:00,289.75385742730265,1216.5733406250001,433.62254999999993,10356.122760113072,10799.999999991,443.87723987792776,True,False
24440,2025-01-17 23:20:00,961.5036562418996,1391.9853729166666,430.48171666666667,10799.999999991,10799.999999991,0.0,True,False
24450,2025-01-17 23:30:00,929.8331249918997,1394.743125,464.90999999999997,10799.999999991,10799.999999991,0.0,True,False
24460,2025-01-17 23:40:00,957.5911979085665,1400.5273145833335,442.93611666666663,10799.999999991,10799.999999991,0.0,True,False
24470,2025-01-17 23:50:00,135.61524790856626,562.2712312499999,426.6559833333333,10799.999999991,10799.999999991,0.0,True,False
24480,2025-01-18 00:00:00,110.14354165856625,552.4268749999999,442.2833333333333,10799.999999991,10799.999999991,0.0,True,False
24490,2025-01-18 00:10:00,111.46477646248783,561.0359098039215,449.57113333333336,10799.999999991,10799.999999991,0.0,True,False
24500,2025-01-18 00:20:00,121.33316469778194,569.334231372549,448.0010666666667,10799.999999991,10799.999999991,0.0,True,False
24510,2025-01-18 00:30:00,125.799901952684,570.6232352941176,444.8233333333333,10799.999999991,10799.999999991,0.0,True,False
24520,2025-01-18 00:40:00,117.09091763895847,566.6393009803921,449.54838333333333,10799.999999991,10799.999999991,0.0,True,False
24530,2025-01-18 00:50:00,72.62934410954679,562.0482441176471,489.41889999999995,10799.999999991,10799.999999991,0.0,True,False
24540,2025-01-18 01:00:00,48.43127450170355,568.9896078431372,520.5583333333333,10799.999999991,10799.999999991,0.0,True,False
24550,2025-01-18 01:10:00,127.00038724680164,594.7732372549019,467.77284999999995,10799.999999991,10799.999999991,0.0,True,False
24560,2025-01-18 01:20:00,173.54338136444872,601.9185147058823,428.3751333333333,10799.999999991,10799.999999991,0.0,True,False
24570,2025-01-18 01:30:00,149.9827450899389,589.7427450980392,439.76,10799.999999991,10799.999999991,0.0,True,False
24580,2025-01-18 01:40:00,139.1324303840564,593.3111803921568,454.17875000000004,10799.999999991,10799.999999991,0.0,True,False
24590,2025-01-18 01:50:00,103.87262842327223,599.2785617647058,495.4059333333333,10799.999999991,10799.999999991,0.0,True,False
24600,2025-01-18 02:00:00,72.93039214876237,601.7570588235293,528.8266666666666,10799.999999991,10799.999999991,0.0,True,False
24610,2025-01-18 02:10:00,123.34404607033102,610.051462745098,486.70741666666663,10799.999999991,10799.999999991,0.0,True,False
24620,2025-01-18 02:20:00,141.72796861935055,614.5591019607842,472.83113333333336,10799.999999991,10799.999999991,0.0,True,False
24630,2025-01-18 02:30:00,110.0439215605272,616.0922549019608,506.0483333333333,10799.999999991,10799.999999991,0.0,True,False
24640,2025-01-18 02:40:00,119.91480293307617,625.1975029411765,505.2827,10799.999999991,10799.999999991,0.0,True,False
24650,2025-01-18 02:50:00,128.07077842327212,630.5168284313725,502.44605,10799.999999991,10799.999999991,0.0,True,False
24660,2025-01-18 03:00:00,114.22843136444871,628.8900980392157,514.6616666666666,10799.999999991,10799.999999991,0.0,True,False
24670,2025-01-18 03:10:00,112.72875881542913,630.380625490196,517.6518666666666,10799.999999991,10799.999999991,0.0,True,False
24680,2025-01-18 03:20:00,141.37860783503683,641.7437911764705,500.36518333333333,10799.999999991,10799.999999991,0.0,True,False
24690,2025-01-18 03:30:00,170.81990195268403,649.8649019607843,479.04499999999996,10799.999999991,10799.999999991,0.0,True,False
24700,2025-01-18 03:40:00,148.75868822719374,636.4392715686274,487.68058333333335,10799.999999991,10799.999999991,0.0,True,False
24710,2025-01-18 03:50:00,100.93027940366446,636.0679960784314,535.1377166666666,10799.999999991,10799.999999991,0.0,True,False
24720,2025-01-18 04:00:00,77.80470587425268,653.604705882353,575.8,10799.999999991,10799.999999991,0.0,True,False
24730,2025-01-18 04:10:00,110.07342940366433,657.969862745098,547.8964333333333,10799.999999991,10799.999999991,0.0,True,False
24740,2025-01-18 04:20:00,132.8100068546449,647.5450068627451,514.7349999999999,10799.999999991,10799.999999991,0.0,True,False
24750,2025-01-18 04:30:00,114.9813725409193,639.1897058823529,524.2083333333333,10799.999999991,10799.999999991,0.0,True,False
24760,2025-01-18 04:40:00,87.40279018797818,651.2176568627451,563.8148666666666,10799.999999991,10799.999999991,0.0,True,False
24770,2025-01-18 04:50:00,93.99083430562504,665.7902843137254,571.79945,10799.999999991,10799.999999991,0.0,True,False
24780,2025-01-18 05:00:00,115.521764697782,669.2000980392156,553.6783333333333,10799.999999991,10799.999999991,0.0,True,False
24790,2025-01-18 05:10:00,97.51825881542922,664.4212088235295,566.9029499999999,10799.999999991,10799.999999991,0.0,True,False
24800,2025-01-18 05:20:00,103.27377646248796,666.7843264705882,563.51055,10799.999999991,10799.999999991,0.0,True,False
24810,2025-01-18 05:30:00,127.63647058013495,666.6798039215686,539.0433333333333,10799.999999991,10799.999999991,0.0,True,False
24820,2025-01-18 05:40:00,109.49864607033098,652.3800127450979,542.8813666666666,10799.999999991,10799.999999991,0.0,True,False
24830,2025-01-18 05:50:00,151.53363136444878,709.027631372549,557.4939999999999,10799.999999991,10799.999999991,0.0,True,False
25380,2025-01-18 15:00:00,20.4204666766667,1470.5021333333334,616.7483333333332,7968.447636232244,8718.447636222243,749.99999999,False,True
25390,2025-01-18 15:10:00,13.451867657058862,1469.6125843137254,622.8273833333333,8718.447636222243,9468.447636155579,749.9999999333367,False,True
25400,2025-01-18 15:20:00,11.733343147254907,1464.6911098039216,619.6244333333333,9468.447636155579,10218.447636145578,749.99999999,False,True
25410,2025-01-18 15:30:00,6.045564693658426,1269.0331911885714,616.8183333333333,10218.447636145578,10799.99999999,581.5523638444218,True,False
25440,2025-01-18 16:00:00,277.16029508903847,915.2619617647059,638.1016666666667,10799.99999999,10799.99999999,0.0,True,False
25450,2025-01-18 16:10:00,305.2132117557053,909.7610284313726,604.5478166666667,10799.99999999,10799.99999999,0.0,True,False
25460,2025-01-18 16:20:00,297.012384304725,901.7022509803923,604.6898666666666,10799.99999999,10799.99999999,0.0,True,False
25470,2025-01-18 16:30:00,275.36480489296,897.4398049019608,622.0749999999999,10799.99999999,10799.99999999,0.0,True,False
25480,2025-01-18 16:40:00,295.2107205792346,900.6873039215686,605.4765833333333,10799.99999999,10799.99999999,0.0,True,False
25490,2025-01-18 16:50:00,342.6958578341367,885.8072578431374,543.1114,10799.99999999,10799.99999999,0.0,True,False
25500,2025-01-18 17:00:00,402.74470587335225,879.9413725490195,477.1966666666666,10799.99999999,10799.99999999,0.0,True,False
25510,2025-01-18 17:10:00,407.93465489295994,875.5282715686274,467.59361666666666,10799.99999999,10799.99999999,0.0,True,False
25520,2025-01-18 17:20:00,402.20061273609747,874.2547460784315,472.0541333333333,10799.99999999,10799.99999999,0.0,True,False
25530,2025-01-18 17:30:00,412.30225489296015,878.5772549019608,466.275,10799.99999999,10799.99999999,0.0,True,False
25540,2025-01-18 17:40:00,428.6290186184501,893.5803186274509,464.9513,10799.99999999,10799.99999999,0.0,True,False
25550,2025-01-18 17:50:00,341.327222540019,805.070955882353,463.7437333333333,10799.99999999,10799.99999999,0.0,True,False
25560,2025-01-18 18:00:00,190.18107842237177,661.0160784313725,470.83500000000004,10799.99999999,10799.99999999,0.0,True,False
25800,2025-01-18 22:00:00,94.3906862845099,1348.2840196078432,420.56,5682.933972887583,6432.933972878583,749.999999991,False,True
25810,2025-01-18 22:10:00,83.7119529511766,1343.29148627451,426.24619999999993,6432.933972878583,7182.933972869582,749.999999991,False,True
25830,2025-01-18 22:30:00,68.50098040215697,1354.870980392157,453.03666666666663,7255.487094331171,8005.48709432217,749.999999991,False,True
25840,2025-01-18 22:40:00,95.63462157862749,1358.5230215686274,429.5550666666666,8005.48709432217,8755.48709431317,749.999999991,False,True
25850,2025-01-18 22:50:00,129.83134902960785,1364.2211156862745,401.0564333333333,8755.48709431317,9505.48709430317,749.99999999,False,True
25860,2025-01-18 23:00:00,137.17068628450966,1367.334019607843,396.83,9505.48709430317,10255.487094294169,749.999999991,False,True
25870,2025-01-18 23:10:00,176.7358250427368,1209.7330980392157,427.9829333333333,10255.487094294169,10799.999999991,544.5129056968311,True,False
25880,2025-01-18 23:20:00,940.7576088154291,1384.4459421568627,443.68833333333333,10799.999999991,10799.999999991,0.0,True,False
25890,2025-01-18 23:30:00,963.2966666585663,1389.0666666666666,425.77,10799.999999991,10799.999999991,0.0,True,False
25900,2025-01-18 23:40:00,975.5745450899391,1393.2180284313727,417.64348333333334,10799.999999991,10799.999999991,0.0,True,False
25910,2025-01-18 23:50:00,44.894647050723144,554.2938637254902,509.3992166666667,10799.999999991,10799.999999991,0.0,True,False
33130,2025-01-24 00:10:00,156.09704928536235,1398.5730492753623,409.1426666666667,8201.82433057079,8951.824330560788,749.99999999,False,True
33140,2025-01-24 00:20:00,153.33203406797077,1403.8594007246375,417.1940333333333,8951.824330560788,9701.824330551788,749.999999991,False,True
33210,2025-01-24 01:30:00,101.24015400320498,595.675,462.925,10771.641138593885,10799.999999991,28.35886139711547,True,False
33220,2025-01-24 01:40:00,117.37038694842133,597.3045536231883,479.93416666666667,10799.999999991,10799.999999991,0.0,True,False
33230,2025-01-24 01:50:00,113.36135506436344,604.0662217391305,490.7048666666667,10799.999999991,10799.999999991,0.0,True,False
33240,2025-01-24 02:00:00,117.53652173103009,610.1548550724638,492.61833333333334,10799.999999991,10799.999999991,0.0,True,False
33250,2025-01-24 02:10:00,98.23262535421858,613.9893086956522,515.7566833333333,10799.999999991,10799.999999991,0.0,True,False
33260,2025-01-24 02:20:00,96.94237752813157,616.6487108695652,519.7063333333333,10799.999999991,10799.999999991,0.0,True,False
33270,2025-01-24 02:30:00,109.39521738320397,619.8252173913042,510.42999999999995,10799.999999991,10799.999999991,0.0,True,False
33280,2025-01-24 02:40:00,88.56949854262436,624.565581884058,535.9960833333333,10799.999999991,10799.999999991,0.0,True,False
33290,2025-01-24 02:50:00,72.97238115131992,629.3897644927536,556.4173833333333,10799.999999991,10799.999999991,0.0,True,False
33300,2025-01-24 03:00:00,83.0992753542184,632.2559420289854,549.1566666666666,10799.999999991,10799.999999991,0.0,True,False
33310,2025-01-24 03:10:00,103.13205361508798,633.641320289855,530.5092666666667,10799.999999991,10799.999999991,0.0,True,False
33320,2025-01-24 03:20:00,131.31495071653748,642.8582507246377,511.54329999999993,10799.999999991,10799.999999991,0.0,True,False
33330,2025-01-24 03:30:00,144.8792753542186,649.5442753623189,504.66499999999996,10799.999999991,10799.999999991,0.0,True,False
33340,2025-01-24 03:40:00,120.2901739049432,635.7937239130434,515.5035499999999,10799.999999991,10799.999999991,0.0,True,False
33350,2025-01-24 03:50:00,126.25706376001571,638.868213768116,512.61115,10799.999999991,10799.999999991,0.0,True,False
33360,2025-01-24 04:00:00,150.9015217310301,660.213188405797,509.3116666666666,10799.999999991,10799.999999991,0.0,True,False
33370,2025-01-24 04:10:00,118.00884057160974,662.4123239130433,544.4034833333333,10799.999999991,10799.999999991,0.0,True,False
33380,2025-01-24 04:20:00,104.95058549914594,651.9775688405796,547.0269833333333,10799.999999991,10799.999999991,0.0,True,False
33390,2025-01-24 04:30:00,120.31173912233461,646.5267391304349,526.2149999999999,10799.999999991,10799.999999991,0.0,True,False
33400,2025-01-24 04:40:00,98.02874057160997,656.5650739130435,558.5363333333332,10799.999999991,10799.999999991,0.0,True,False
33410,2025-01-24 04:50:00,102.38561810784174,666.4833847826087,564.0977666666666,10799.999999991,10799.999999991,0.0,True,False
33420,2025-01-24 05:00:00,132.2643478179867,668.704347826087,536.4399999999999,10799.999999991,10799.999999991,0.0,True,False
33430,2025-01-24 05:10:00,120.89486013682742,670.1871601449277,549.2923,10799.999999991,10799.999999991,0.0,True,False
33440,2025-01-24 05:20:00,130.61109274552282,676.9402094202899,546.3291166666667,10799.999999991,10799.999999991,0.0,True,False
33450,2025-01-24 05:30:00,143.24355071653744,674.696884057971,531.4533333333333,10799.999999991,10799.999999991,0.0,True,False
33460,2025-01-24 05:40:00,924.1772014411748,1489.4254181159417,565.2482166666666,10799.999999991,10799.999999991,0.0,True,False
33470,2025-01-24 05:50:00,149.63312390494326,714.2060072463769,564.5728833333333,10799.999999991,10799.999999991,0.0,True,False
34020,2025-01-24 15:00:00,31.22951160420336,1502.709511594203,638.1466666666666,7981.583832351671,8731.58383234167,749.99999999,False,True
34030,2025-01-24 15:10:00,76.96368914043488,1501.3235224637683,591.0264999999999,8731.58383234167,9481.583832275004,749.9999999333348,False,True
34040,2025-01-24 15:20:00,78.74408914043453,1495.504172463768,583.42675,9481.583832275004,10231.583832265003,749.99999999,False,True
34050,2025-01-24 15:30:00,14.450440567485309,1275.048960263037,629.025,10231.583832265003,10799.999999991,568.4161677259966,True,False
34060,2025-01-24 15:40:00,23.684108687551976,660.229925362319,636.5458166666666,10799.999999991,10799.999999991,0.0,True,False
34070,2025-01-24 15:50:00,45.77682245566783,661.6226724637681,615.8458499999999,10799.999999991,10799.999999991,0.0,True,False
34080,2025-01-24 16:00:00,312.48176303537764,913.2500963768114,600.7683333333333,10799.999999991,10799.999999991,0.0,True,False
34090,2025-01-24 16:10:00,301.17243622378385,907.8754528985507,606.7030166666666,10799.999999991,10799.999999991,0.0,True,False
34100,2025-01-24 16:20:00,315.54442680349393,905.0084101449276,589.4639833333333,10799.999999991,10799.999999991,0.0,True,False
34110,2025-01-24 16:30:00,338.2521978179867,903.9271978260869,565.675,10799.999999991,10799.999999991,0.0,True,False
34120,2025-01-24 16:40:00,319.57940433972595,902.7690376811595,583.1896333333333,10799.999999991,10799.999999991,0.0,True,False
34130,2025-01-24 16:50:00,365.66607100639254,886.8855376811596,521.2194666666667,10799.999999991,10799.999999991,0.0,True,False
34140,2025-01-24 17:00:00,474.2784782527692,898.0434782608695,423.765,10799.999999991,10799.999999991,0.0,True,False
34150,2025-01-24 17:10:00,432.90194999189964,894.07855,461.1766,10799.999999991,10799.999999991,0.0,True,False
34160,2025-01-24 17:20:00,405.05888332523307,891.16495,486.1060666666666,10799.999999991,10799.999999991,0.0,True,False
34170,2025-01-24 17:30:00,443.37724636871116,895.4572463768114,452.08,10799.999999991,10799.999999991,0.0,True,False
34180,2025-01-24 17:40:00,456.0950231803055,912.5114565217391,456.4164333333333,10799.999999991,10799.999999991,0.0,True,False
34190,2025-01-24 17:50:00,373.754254339726,819.351571014493,445.59731666666664,10799.999999991,10799.999999991,0.0,True,False
34200,2025-01-24 18:00:00,243.25869564407347,668.1253623188404,424.8666666666666,10799.999999991,10799.999999991,0.0,True,False
34240,2025-01-24 18:40:00,6.539620836862347,661.7040224637681,474.19926666666663,10637.131378526785,10799.999999991,162.86862146421518,True,False
34440,2025-01-24 22:00:00,152.90797102449278,1354.8563043478262,368.615,5989.477359376956,6739.477359366956,749.99999999,False,True
34450,2025-01-24 22:10:00,118.97124783608693,1347.2916644927536,394.9870833333333,6739.477359366956,7489.477359357956,749.999999991,False,True
34470,2025-01-24 22:30:00,86.2926811694201,1366.7876811594201,447.16166666666663,7577.216661088086,8327.216661078086,749.99999999,False,True
34480,2025-01-24 22:40:00,90.96489348826081,1365.5980934782608,441.2998666666666,8327.216661078086,9077.216661069086,749.999999991,False,True
34490,2025-01-24 22:50:00,105.58890073463793,1366.1104673913046,427.1882333333333,9077.216661069086,9827.216661059085,749.99999999,False,True
34500,2025-01-24 23:00:00,121.3318116042028,1369.4651449275361,414.8,9827.216661059085,10577.216661050084,749.999999991,False,True
34510,2025-01-24 23:10:00,553.6125603555046,1213.8855036231885,412.73589999999996,10577.216661050084,10799.999999991,222.7833389409156,True,False
34520,2025-01-24 23:20:00,992.963235499146,1387.051952173913,394.08871666666664,10799.999999991,10799.999999991,0.0,True,False
34530,2025-01-24 23:30:00,1006.1313768034938,1387.916376811594,381.78499999999997,10799.999999991,10799.999999991,0.0,True,False
34540,2025-01-24 23:40:00,966.5085188324794,1392.920002173913,426.4114833333333,10799.999999991,10799.999999991,0.0,True,False
34550,2025-01-24 23:50:00,102.28453404987053,559.7595007246375,457.47496666666666,10799.999999991,10799.999999991,0.0,True,False
34560,2025-01-25 00:00:00,102.66644926726187,555.4197826086955,452.75333333333333,10799.999999991,10799.999999991,0.0,True,False
34570,2025-01-25 00:10:00,104.41023888078846,558.7356722222221,454.3254333333333,10799.999999991,10799.999999991,0.0,True,False
34580,2025-01-25 00:20:00,117.4645492974553,564.1372326388889,446.6726833333333,10799.999999991,10799.999999991,0.0,True,False
34590,2025-01-25 00:30:00,124.7888888807885,568.0955555555555,443.3066666666667,10799.999999991,10799.999999991,0.0,True,False
34600,2025-01-25 00:40:00,89.77851179745514,566.7654284722221,476.9869166666666,10799.999999991,10799.999999991,0.0,True,False
34610,2025-01-25 00:50:00,83.10346249189965,567.3716125,484.26815,10799.999999991,10799.999999991,0.0,True,False
34620,2025-01-25 01:00:00,108.41388888078862,576.6222222222223,468.2083333333333,10799.999999991,10799.999999991,0.0,True,False
34630,2025-01-25 01:10:00,102.67346804745515,593.1124347222221,490.43896666666666,10799.999999991,10799.999999991,0.0,True,False
34640,2025-01-25 01:20:00,109.97689443634411,597.1882111111111,487.2113166666666,10799.999999991,10799.999999991,0.0,True,False
34650,2025-01-25 01:30:00,125.53874999189972,590.1437500000001,464.605,10799.999999991,10799.999999991,0.0,True,False
34660,2025-01-25 01:40:00,98.14172082523302,592.4141208333333,494.27239999999995,10799.999999991,10799.999999991,0.0,True,False
34670,2025-01-25 01:50:00,93.65338193634418,599.3428319444445,505.68944999999997,10799.999999991,10799.999999991,0.0,True,False
34680,2025-01-25 02:00:00,117.42083332523296,605.2574999999999,487.83666666666664,10799.999999991,10799.999999991,0.0,True,False
34690,2025-01-25 02:10:00,107.99051596412184,609.8962826388888,501.90576666666664,10799.999999991,10799.999999991,0.0,True,False
34700,2025-01-25 02:20:00,97.68251179745513,612.6094451388888,514.9269333333333,10799.999999991,10799.999999991,0.0,True,False
34710,2025-01-25 02:30:00,107.72374999189972,615.2670833333334,507.54333333333335,10799.999999991,10799.999999991,0.0,True,False
34720,2025-01-25 02:40:00,122.91583610301072,620.875186111111,497.95935,10799.999999991,10799.999999991,0.0,True,False
34730,2025-01-25 02:50:00,125.28789860301075,626.3492486111111,501.06135,10799.999999991,10799.999999991,0.0,True,False
34740,2025-01-25 03:00:00,114.73513888078864,628.7934722222222,514.0583333333333,10799.999999991,10799.999999991,0.0,True,False
34750,2025-01-25 03:10:00,108.29301804745532,629.3441513888889,521.0511333333333,10799.999999991,10799.999999991,0.0,True,False
34760,2025-01-25 03:20:00,117.89084443634405,637.3867944444444,519.49595,10799.999999991,10799.999999991,0.0,True,False
34770,2025-01-25 03:30:00,131.39763888078866,643.5076388888889,512.1099999999999,10799.999999991,10799.999999991,0.0,True,False
34780,2025-01-25 03:40:00,125.3326999918996,630.7816333333333,505.44893333333334,10799.999999991,10799.999999991,0.0,True,False
34790,2025-01-25 03:50:00,120.26356943634411,633.6075027777778,513.3439333333333,10799.999999991,10799.999999991,0.0,True,False
34800,2025-01-25 04:00:00,127.78895832523287,653.9256249999999,526.1366666666667,10799.999999991,10799.999999991,0.0,True,False
34810,2025-01-25 04:10:00,136.5655555474552,657.4952888888888,520.9297333333333,10799.999999991,10799.999999991,0.0,True,False
34820,2025-01-25 04:20:00,125.8574777696775,647.6046277777778,521.7471499999999,10799.999999991,10799.999999991,0.0,True,False
34830,2025-01-25 04:30:00,106.00874999189963,641.51375,535.505,10799.999999991,10799.999999991,0.0,True,False
34840,2025-01-25 04:40:00,107.45384304745525,652.4805430555555,545.0266999999999,10799.999999991,10799.999999991,0.0,True,False
34850,2025-01-25 04:50:00,109.59225068634419,662.2173173611111,552.6250666666666,10799.999999991,10799.999999991,0.0,True,False
34860,2025-01-25 05:00:00,111.13833332523299,663.1933333333333,552.055,10799.999999991,10799.999999991,0.0,True,False
34870,2025-01-25 05:10:00,130.56100763078845,665.1498743055554,534.5888666666666,10799.999999991,10799.999999991,0.0,True,False
34880,2025-01-25 05:20:00,136.6162138807885,671.4980805555555,534.8818666666666,10799.999999991,10799.999999991,0.0,True,False
34890,2025-01-25 05:30:00,108.5434027696775,668.7284027777778,560.185,10799.999999991,10799.999999991,0.0,True,False
34900,2025-01-25 05:40:00,72.7745236030108,652.3069236111111,579.5323999999999,10799.999999991,10799.999999991,0.0,True,False
34910,2025-01-25 05:50:00,143.03259374189975,707.97129375,564.9386999999999,10799.999999991,10799.999999991,0.0,True,False
35460,2025-01-25 15:00:00,31.078286121110857,1461.5266194444446,597.115,8472.06289974691,9222.06289973691,749.99999999,False,True
35490,2025-01-25 15:30:00,13.166688928392333,700.4234670096058,600.66,10722.062899716908,10799.99999999,77.93710027309216,True,False
35500,2025-01-25 15:40:00,31.154608324332777,619.361425,588.2068166666666,10799.99999999,10799.99999999,0.0,True,False
35510,2025-01-25 15:50:00,28.017425685443904,619.8336423611112,591.8162166666666,10799.99999999,10799.99999999,0.0,True,False
35520,2025-01-25 16:00:00,306.9135416576662,893.1718750000001,586.2583333333333,10799.99999999,10799.99999999,0.0,True,False
35530,2025-01-25 16:10:00,319.2804701298883,888.2684534722222,568.9879833333333,10799.99999999,10799.99999999,0.0,True,False
35540,2025-01-25 16:20:00,312.4643777687771,884.8025777777777,572.3381999999999,10799.99999999,10799.99999999,0.0,True,False
35550,2025-01-25 16:30:00,287.53020832433265,882.7752083333332,595.2449999999999,10799.99999999,10799.99999999,0.0,True,False
35560,2025-01-25 16:40:00,287.80396457433267,882.39508125,594.5911166666666,10799.99999999,10799.99999999,0.0,True,False
35570,2025-01-25 16:50:00,333.8399034632216,864.5913034722223,530.7514,10799.99999999,10799.99999999,0.0,True,False
35580,2025-01-25 17:00:00,425.66520832433287,878.2818750000001,452.6166666666666,10799.99999999,10799.99999999,0.0,True,False
35590,2025-01-25 17:10:00,422.52470207433265,876.04096875,453.51626666666664,10799.99999999,10799.99999999,0.0,True,False
35600,2025-01-25 17:20:00,414.5319131854436,874.2874965277776,459.75558333333333,10799.99999999,10799.99999999,0.0,True,False
35610,2025-01-25 17:30:00,432.2198611021105,876.9831944444445,444.7633333333333,10799.99999999,10799.99999999,0.0,True,False
35620,2025-01-25 17:40:00,440.2703972132215,893.5074972222221,453.23709999999994,10799.99999999,10799.99999999,0.0,True,False
35630,2025-01-25 17:50:00,346.48592707433266,803.7784770833333,457.29254999999995,10799.99999999,10799.99999999,0.0,True,False
35640,2025-01-25 18:00:00,209.58124999099923,657.9895833333333,448.4083333333333,10799.99999999,10799.99999999,0.0,True,False
35880,2025-01-25 22:00:00,93.96013889888876,1348.4851388888887,421.19166666666666,5627.703562289814,6377.703562279814,749.9999999899999,False,True
35890,2025-01-25 22:10:00,111.14344584333342,1342.3345291666667,397.85774999999995,6377.703562279814,7127.703562270814,749.999999991,False,True
35910,2025-01-25 22:30:00,88.66215278777769,1363.1921527777777,441.1966666666666,7233.800534761814,7983.800534752813,749.999999991,False,True
35920,2025-01-25 22:40:00,91.55717292666655,1361.8078895833332,436.9173833333333,7983.800534752813,8733.800534743814,749.999999991,False,True
35930,2025-01-25 22:50:00,114.5103632044446,1361.7109298611113,413.8672333333333,8733.800534743814,9483.800534733813,749.99999999,False,True
35940,2025-01-25 23:00:00,136.4279861211112,1364.4096527777779,394.6483333333333,9483.800534733813,10233.800534724813,749.999999991,False,True
35950,2025-01-25 23:10:00,185.4425109440017,1208.2650945730986,393.7120666666666,10233.800534724813,10799.999999991,566.1994652661873,True,False
35960,2025-01-25 23:20:00,971.7850395752331,1380.40070625,408.61566666666664,10799.999999991,10799.999999991,0.0,True,False
35970,2025-01-25 23:30:00,957.4747916585665,1380.7164583333333,423.2416666666666,10799.999999991,10799.999999991,0.0,True,False
35980,2025-01-25 23:40:00,957.6967194363442,1387.3710361111112,429.67431666666664,10799.999999991,10799.999999991,0.0,True,False
35990,2025-01-25 23:50:00,68.92811179745522,555.4976451388889,486.5695333333333,10799.999999991,10799.999999991,0.0,True,False
40230,2025-01-28 22:30:00,9.481913590246897,1362.8685802469136,520.0533333333333,2644.697699984111,3394.697699974111,749.99999999,False,True
41780,2025-01-30 00:20:00,0.28115655761904806,1396.9528898809524,563.3384,8826.674833397825,9576.674833387824,749.99999999,False,True
43210,2025-01-31 00:10:00,116.87227143857147,1391.2268714285715,441.02126666666663,8274.031621210519,9024.031621200518,749.99999999,False,True
43220,2025-01-31 00:20:00,86.24966429571417,1395.5080642857142,475.9250666666667,9024.031621200518,9774.031621191518,749.999999991,False,True
43290,2025-01-31 01:30:00,127.66123265698425,592.0135714285714,450.4366666666666,10787.475895096572,10799.999999991,12.524104894428453,True,False
43300,2025-01-31 01:40:00,99.14448987285195,594.8304732142856,495.6859833333333,10799.999999991,10799.999999991,0.0,True,False
43310,2025-01-31 01:50:00,97.678245825233,599.4668791666667,501.78863333333334,10799.999999991,10799.999999991,0.0,True,False
43320,2025-01-31 02:00:00,138.97767856332823,603.1710119047618,464.19333333333327,10799.999999991,10799.999999991,0.0,True,False
43330,2025-01-31 02:10:00,159.16024403951874,610.0463607142857,450.8861166666666,10799.999999991,10799.999999991,0.0,True,False
43340,2025-01-31 02:20:00,146.08240356332814,613.8561535714284,467.77374999999995,10799.999999991,10799.999999991,0.0,True,False
43350,2025-01-31 02:30:00,121.54309522999492,614.3347619047619,492.79166666666663,10799.999999991,10799.999999991,0.0,True,False
43360,2025-01-31 02:40:00,115.66399165856629,618.2462583333332,502.5822666666666,10799.999999991,10799.999999991,0.0,True,False
43370,2025-01-31 02:50:00,111.82985951570933,625.6307595238096,513.8009,10799.999999991,10799.999999991,0.0,True,False
43380,2025-01-31 03:00:00,94.18624999189964,630.2295833333333,536.0433333333333,10799.999999991,10799.999999991,0.0,True,False
43390,2025-01-31 03:10:00,70.05730475380446,627.1757214285715,557.1184166666667,10799.999999991,10799.999999991,0.0,True,False
43400,2025-01-31 03:20:00,85.80219701570931,633.9081636904763,548.1059666666666,10799.999999991,10799.999999991,0.0,True,False
43410,2025-01-31 03:30:00,128.83749999189965,642.7524999999999,513.915,10799.999999991,10799.999999991,0.0,True,False
43420,2025-01-31 03:40:00,137.66141487285208,630.5004648809523,492.83904999999993,10799.999999991,10799.999999991,0.0,True,False
43430,2025-01-31 03:50:00,128.24237261094729,632.6968726190476,504.45449999999994,10799.999999991,10799.999999991,0.0,True,False
43440,2025-01-31 04:00:00,111.52779761094732,652.8227976190476,541.295,10799.999999991,10799.999999991,0.0,True,False
43450,2025-01-31 04:10:00,85.15004820618546,656.8324482142857,571.6823999999999,10799.999999991,10799.999999991,0.0,True,False
43460,2025-01-31 04:20:00,91.4658357061854,648.9989690476191,557.5331333333334,10799.999999991,10799.999999991,0.0,True,False
43470,2025-01-31 04:30:00,125.52565475380445,645.218988095238,519.6933333333333,10799.999999991,10799.999999991,0.0,True,False
43480,2025-01-31 04:40:00,139.6324916585663,655.6493916666666,516.0169,10799.999999991,10799.999999991,0.0,True,False
43490,2025-01-31 04:50:00,148.76055237285203,662.297169047619,513.5366166666666,10799.999999991,10799.999999991,0.0,True,False
43500,2025-01-31 05:00:00,152.51327380142342,660.9116071428571,508.3983333333333,10799.999999991,10799.999999991,0.0,True,False
43510,2025-01-31 05:10:00,129.43511189666148,664.6705785714285,535.2354666666666,10799.999999991,10799.999999991,0.0,True,False
43520,2025-01-31 05:20:00,100.11699106332829,672.8141410714286,572.69715,10799.999999991,10799.999999991,0.0,True,False
43530,2025-01-31 05:30:00,85.65178570618522,670.2667857142856,584.615,10799.999999991,10799.999999991,0.0,True,False
43540,2025-01-31 05:40:00,936.010531539519,1487.9726815476192,551.96215,10799.999999991,10799.999999991,0.0,True,False
43550,2025-01-31 05:50:00,186.7628363014233,710.5808863095236,523.81805,10799.999999991,10799.999999991,0.0,True,False
44100,2025-01-31 15:00:00,1.5095523909523,1435.2428857142859,600.4,8531.0285754146,9281.0285754046,749.9999999899999,False,True
44150,2025-01-31 15:50:00,13.955484514808722,593.3943511904761,579.4388666666666,10799.99999999,10799.99999999,0.0,True,False
44160,2025-01-31 16:00:00,301.0624357052848,873.6691023809522,572.6066666666666,10799.99999999,10799.99999999,0.0,True,False
44170,2025-01-31 16:10:00,289.4969380862373,866.921838095238,577.4249,10799.99999999,10799.99999999,0.0,True,False
44180,2025-01-31 16:20:00,257.9554458243326,862.9448291666666,604.9893833333333,10799.99999999,10799.99999999,0.0,True,False
44190,2025-01-31 16:30:00,234.0450547529039,861.903388095238,627.8583333333333,10799.99999999,10799.99999999,0.0,True,False
44200,2025-01-31 16:40:00,265.3222714195706,861.734738095238,596.4124666666667,10799.99999999,10799.99999999,0.0,True,False
44210,2025-01-31 16:50:00,307.2905243957613,844.0424077380953,536.7518833333334,10799.99999999,10799.99999999,0.0,True,False
44220,2025-01-31 17:00:00,395.1662499909992,878.1329166666666,482.9666666666667,10799.99999999,10799.99999999,0.0,True,False
44230,2025-01-31 17:10:00,419.7734321338563,876.249132142857,456.4757,10799.99999999,10799.99999999,0.0,True,False
44240,2025-01-31 17:20:00,404.2802880862374,875.5061380952382,471.22585000000004,10799.99999999,10799.99999999,0.0,True,False
44250,2025-01-31 17:30:00,394.3549404671899,880.0999404761906,485.74499999999995,10799.99999999,10799.99999999,0.0,True,False
44260,2025-01-31 17:40:00,453.5090773719516,898.136144047619,444.6270666666667,10799.99999999,10799.99999999,0.0,True,False
44270,2025-01-31 17:50:00,360.2555351100468,805.5823184523808,445.3267833333333,10799.99999999,10799.99999999,0.0,True,False
44280,2025-01-31 18:00:00,170.33047618147552,655.4871428571429,485.15666666666664,10799.99999999,10799.99999999,0.0,True,False
44320,2025-01-31 18:40:00,19.447899160839533,654.3688166666666,392.3356166666666,10581.673229235756,10799.999999991,218.3267707552444,True,False
44520,2025-01-31 22:00:00,107.84291667666672,1352.1029166666667,410.9266666666666,5896.019506985937,6646.0195069759375,749.99999999,False,True
44530,2025-01-31 22:10:00,122.10197441476201,1342.6360910714286,387.2007833333333,6646.0195069759375,7396.019506966937,749.999999991,False,True
44550,2025-01-31 22:30:00,128.28821429571428,1359.264880952381,397.6433333333333,7523.177298029365,8273.177298019365,749.99999999,False,True
44560,2025-01-31 22:40:00,131.90887084333337,1361.2262375,395.9840333333333,8273.177298019365,9023.177298010365,749.999999991,False,True
44570,2025-01-31 22:50:00,138.79340417666663,1363.1947708333332,391.0680333333333,9023.177298010365,9773.177298000364,749.99999999,False,True
44580,2025-01-31 23:00:00,135.6457738195238,1364.0907738095239,395.1116666666667,9773.177298000364,10523.177297991364,749.999999991,False,True
44590,2025-01-31 23:10:00,488.209547976595,1204.661811309524,408.87148333333334,10523.177297991364,10799.999999991,276.822701999636,True,False
44600,2025-01-31 23:20:00,970.6731220157093,1377.7375220238096,407.0644,10799.999999991,10799.999999991,0.0,True,False
44610,2025-01-31 23:30:00,980.2932738014237,1381.4949404761905,401.20166666666665,10799.999999991,10799.999999991,0.0,True,False
44620,2025-01-31 23:40:00,961.5898226109474,1387.337405952381,425.7475833333333,10799.999999991,10799.999999991,0.0,True,False
44630,2025-01-31 23:50:00,120.31437737285208,556.7042773809524,436.38989999999995,10799.999999991,10799.999999991,0.0,True,False
44640,2025-02-01 00:00:00,131.52821427761396,555.4882142857143,423.96000000000004,10799.999999991,10799.999999991,0.0,True,False
44650,2025-02-01 00:10:00,134.02850892047107,556.0588755952381,422.0303666666667,10799.999999991,10799.999999991,0.0,True,False
44660,2025-02-01 00:20:00,146.1420583252328,561.5493749999998,415.4073166666667,10799.999999991,10799.999999991,0.0,True,False
44670,2025-02-01 00:30:00,156.84035713475666,567.5570238095237,410.7166666666667,10799.999999991,10799.999999991,0.0,True,False
44680,2025-02-01 00:40:00,136.82446784904258,567.1192678571429,430.29479999999995,10799.999999991,10799.999999991,0.0,True,False
44690,2025-02-01 00:50:00,145.48025594428074,569.8908392857144,424.4105833333333,10799.999999991,10799.999999991,0.0,True,False
44700,2025-02-01 01:00:00,174.44505951570918,580.4967261904761,406.0516666666666,10799.999999991,10799.999999991,0.0,True,False
44710,2025-02-01 01:10:00,155.90940594428056,592.6595892857142,436.7501833333333,10799.999999991,10799.999999991,0.0,True,False
44720,2025-02-01 01:20:00,142.51588868237585,594.3135720238095,451.7976833333333,10799.999999991,10799.999999991,0.0,True,False
44730,2025-02-01 01:30:00,143.8252380871377,589.905238095238,446.08,10799.999999991,10799.999999991,0.0,True,False
44740,2025-02-01 01:40:00,123.36517975380437,595.131513095238,471.7663333333333,10799.999999991,10799.999999991,0.0,True,False
44750,2025-02-01 01:50:00,151.8580345157092,599.8840011904762,448.02596666666665,10799.999999991,10799.999999991,0.0,True,False
44760,2025-02-01 02:00:00,204.20785713475672,601.6111904761904,397.4033333333333,10799.999999991,10799.999999991,0.0,True,False
44770,2025-02-01 02:10:00,174.1979476109473,608.2885809523809,434.0906333333333,10799.999999991,10799.999999991,0.0,True,False
44780,2025-02-01 02:20:00,122.97449284904249,613.5354095238094,490.5609166666666,10799.999999991,10799.999999991,0.0,True,False
44790,2025-02-01 02:30:00,112.04720237285196,615.2672023809523,503.22,10799.999999991,10799.999999991,0.0,True,False
44800,2025-02-01 02:40:00,144.5436874918996,618.6165041666666,474.07281666666665,10799.999999991,10799.999999991,0.0,True,False
44810,2025-02-01 02:50:00,163.78087915856648,625.1652791666668,461.38439999999997,10799.999999991,10799.999999991,0.0,True,False
44820,2025-02-01 03:00:00,152.82517856332825,629.7668452380952,476.94166666666666,10799.999999991,10799.999999991,0.0,True,False
44830,2025-02-01 03:10:00,143.75221606332818,627.1517660714285,483.39955,10799.999999991,10799.999999991,0.0,True,False
44840,2025-02-01 03:20:00,146.69944999189963,633.3013666666666,486.6019166666666,10799.999999991,10799.999999991,0.0,True,False
44850,2025-02-01 03:30:00,141.86172618237592,640.7100595238096,498.84833333333336,10799.999999991,10799.999999991,0.0,True,False
44860,2025-02-01 03:40:00,109.69759939666173,628.0073327380953,518.3097333333333,10799.999999991,10799.999999991,0.0,True,False
44870,2025-02-01 03:50:00,122.50696189666141,631.6404285714284,509.13346666666666,10799.999999991,10799.999999991,0.0,True,False
44880,2025-02-01 04:00:00,169.75749999189966,653.3741666666666,483.6166666666666,10799.999999991,10799.999999991,0.0,True,False
44890,2025-02-01 04:10:00,165.40606546809013,656.5928654761905,491.1868,10799.999999991,10799.999999991,0.0,True,False
44900,2025-02-01 04:20:00,144.19756784904249,648.8428511904762,504.64528333333334,10799.999999991,10799.999999991,0.0,True,False
44910,2025-02-01 04:30:00,140.66791665856633,646.2462499999999,505.57833333333326,10799.999999991,10799.999999991,0.0,True,False
44920,2025-02-01 04:40:00,152.54414225380444,655.7751089285714,503.23096666666663,10799.999999991,10799.999999991,0.0,True,False
44930,2025-02-01 04:50:00,157.89278511094727,660.739768452381,502.84698333333336,10799.999999991,10799.999999991,0.0,True,False
44940,2025-02-01 05:00:00,159.53684522999478,659.1785119047618,499.64166666666665,10799.999999991,10799.999999991,0.0,True,False
44950,2025-02-01 05:10:00,176.36899761094716,665.1525809523808,488.78358333333335,10799.999999991,10799.999999991,0.0,True,False
44960,2025-02-01 05:20:00,175.5562255871376,674.0749755952379,498.51875,10799.999999991,10799.999999991,0.0,True,False
44970,2025-02-01 05:30:00,140.4472618966615,669.6705952380952,529.2233333333334,10799.999999991,10799.999999991,0.0,True,False
44980,2025-02-01 05:40:00,104.71756606332823,652.1278827380952,547.4103166666666,10799.999999991,10799.999999991,0.0,True,False
44990,2025-02-01 05:50:00,177.2078702299949,708.4352702380952,531.2274,10799.999999991,10799.999999991,0.0,True,False
45540,2025-02-01 15:00:00,49.9341571528572,1462.1908238095239,578.9233333333333,8140.798289727306,8890.798289717306,749.99999999,False,True
45550,2025-02-01 15:10:00,29.750377986190976,1456.9057113095241,593.8219999999999,8890.798289717306,9640.798289707305,749.99999999,False,True
45560,2025-02-01 15:20:00,1.648008230394331,1438.351374887061,603.3700333333334,9640.798289707305,10390.798289698305,749.9999999909999,False,True
45570,2025-02-01 15:30:00,20.68090491434713,1084.0044719062307,608.655,10390.798289698305,10799.99999999,409.2017102916951,True,False
45580,2025-02-01 15:40:00,24.869314276713318,621.6579642857141,596.78865,10799.99999999,10799.99999999,0.0,True,False
45590,2025-02-01 15:50:00,50.082443443380136,620.1933934523809,570.11095,10799.99999999,10799.99999999,0.0,True,False
45600,2025-02-01 16:00:00,325.52932856242774,874.2793285714284,548.75,10799.99999999,10799.99999999,0.0,True,False
45610,2025-02-01 16:10:00,314.01012439576107,868.0925244047618,554.0824,10799.99999999,10799.99999999,0.0,True,False
45620,2025-02-01 16:20:00,307.3662380862377,866.4023047619049,559.0360666666666,10799.99999999,10799.99999999,0.0,True,False
45630,2025-02-01 16:30:00,303.8262928481423,866.9329595238096,563.1066666666666,10799.99999999,10799.99999999,0.0,True,False
45640,2025-02-01 16:40:00,284.5340999909991,864.8203999999998,580.2863,10799.99999999,10799.99999999,0.0,True,False
45650,2025-02-01 16:50:00,313.12354403861866,845.941560714286,532.8180166666666,10799.99999999,10799.99999999,0.0,True,False
45660,2025-02-01 17:00:00,430.76517856242793,877.5451785714287,446.78,10799.99999999,10799.99999999,0.0,True,False
45670,2025-02-01 17:10:00,441.18394463385636,874.7274613095237,433.5435166666667,10799.99999999,10799.99999999,0.0,True,False
45680,2025-02-01 17:20:00,434.83575534814224,874.6165553571429,439.7808,10799.99999999,10799.99999999,0.0,True,False
45690,2025-02-01 17:30:00,444.3635714195706,880.5002380952379,436.13666666666666,10799.99999999,10799.99999999,0.0,True,False
45700,2025-02-01 17:40:00,450.57480594338017,896.5699726190476,445.99516666666665,10799.99999999,10799.99999999,0.0,True,False
45710,2025-02-01 17:50:00,363.9112178481422,803.8038511904762,439.89263333333326,10799.99999999,10799.99999999,0.0,True,False
45720,2025-02-01 18:00:00,227.3261309433802,655.796130952381,428.47,10799.99999999,10799.99999999,0.0,True,False
45960,2025-02-01 22:00:00,126.5900595338096,1352.008392857143,392.08500000000004,6028.621773152908,6778.621773142908,749.99999999,False,True
45970,2025-02-01 22:10:00,136.75587441476182,1341.8590244047618,371.76981666666666,6778.621773142908,7528.6217731339075,749.999999991,False,True
45990,2025-02-01 22:30:00,166.32130953380954,1358.8113095238095,359.15666666666664,7676.196986160622,8426.196986150622,749.99999999,False,True
46000,2025-02-01 22:40:00,145.37169048619057,1360.7557404761906,382.05071666666663,8426.196986150622,9176.196986141622,749.999999991,False,True
46010,2025-02-01 22:50:00,111.90729584333347,1362.4090458333335,417.16841666666664,9176.196986141622,9926.196986131621,749.99999999,False,True
46020,2025-02-01 23:00:00,98.00380953380953,1363.1338095238095,431.7966666666667,9926.196986131621,10676.19698612262,749.999999991,False,True
46030,2025-02-01 23:10:00,659.6526623684675,1203.6765166666667,406.46494999999993,10676.19698612262,10799.999999991,123.80301386837927,True,False
46040,2025-02-01 23:20:00,975.3935928490426,1376.3534595238095,400.95986666666664,10799.999999991,10799.999999991,0.0,True,False
46050,2025-02-01 23:30:00,969.872976182376,1379.8179761904762,409.945,10799.999999991,10799.999999991,0.0,True,False
46060,2025-02-01 23:40:00,999.1608642776142,1386.3975642857145,387.2367,10799.999999991,10799.999999991,0.0,True,False
46070,2025-02-01 23:50:00,101.17997618237584,555.8901261904762,454.71015,10799.999999991,10799.999999991,0.0,True,False
47500,2025-02-02 23:40:00,14.865555962380988,1385.346805952381,537.1479166666666,7614.345613889635,8364.345613879635,749.99999999,False,True
47530,2025-02-03 00:10:00,0.9310988195236326,1387.477082142857,553.2126499999999,8312.550986256356,9062.550986246355,749.99999999,False,True
48930,2025-02-03 23:30:00,27.8550595338097,1376.8050595238096,515.6166666666666,6799.676241147313,7549.676241137313,749.99999999,False,True
48940,2025-02-03 23:40:00,16.086719652857248,1382.569836309524,533.1497833333333,7549.676241137313,8299.676241127312,749.99999999,False,True
52180,2025-02-06 05:40:00,17.849698819523944,1480.4855321428572,629.3025,9426.465367668969,10176.465367658968,749.99999999,False,True
53290,2025-02-07 00:10:00,161.65099822428556,1381.2354482142855,386.25111666666663,8324.205767275333,9074.205767265332,749.99999999,False,True
53300,2025-02-07 00:20:00,128.8251577480953,1387.4246077380953,425.2661166666667,9074.205767265332,9824.205767256331,749.999999991,False,True
53350,2025-02-07 01:10:00,103.742543986507,584.3274934523808,396.33161666666666,10724.172000471714,10799.999999991,75.82799951928646,True,False
53360,2025-02-07 01:20:00,164.59094880142354,585.0746154761905,420.48366666666664,10799.999999991,10799.999999991,0.0,True,False
53370,2025-02-07 01:30:00,128.7444642776139,581.0994642857142,452.355,10799.999999991,10799.999999991,0.0,True,False
53380,2025-02-07 01:40:00,133.79494225380435,590.6113922619047,456.81645000000003,10799.999999991,10799.999999991,0.0,True,False
53390,2025-02-07 01:50:00,149.44257439666157,595.4887577380952,446.04618333333326,10799.999999991,10799.999999991,0.0,True,False
53400,2025-02-07 02:00:00,149.09380951570913,591.8171428571428,442.72333333333336,10799.999999991,10799.999999991,0.0,True,False
53410,2025-02-07 02:10:00,134.7479577299949,594.9909910714285,460.2430333333333,10799.999999991,10799.999999991,0.0,True,False
53420,2025-02-07 02:20:00,121.49365118237588,603.4800678571429,481.9864166666667,10799.999999991,10799.999999991,0.0,True,False
53430,2025-02-07 02:30:00,119.00916665856633,609.3658333333333,490.3566666666666,10799.999999991,10799.999999991,0.0,True,False
53440,2025-02-07 02:40:00,127.87022320618539,608.1244232142857,480.25419999999997,10799.999999991,10799.999999991,0.0,True,False
53450,2025-02-07 02:50:00,145.47712022999488,615.2699202380952,469.7928,10799.999999991,10799.999999991,0.0,True,False
53460,2025-02-07 03:00:00,159.70583332523304,625.5125,465.8066666666667,10799.999999991,10799.999999991,0.0,True,False
53470,2025-02-07 03:10:00,154.60667201570905,619.4988053571427,464.89213333333333,10799.999999991,10799.999999991,0.0,True,False
53480,2025-02-07 03:20:00,134.3782910633282,623.1630244047618,488.7847333333333,10799.999999991,10799.999999991,0.0,True,False
53490,2025-02-07 03:30:00,111.98797618237583,633.2013095238095,521.2133333333334,10799.999999991,10799.999999991,0.0,True,False
53500,2025-02-07 03:40:00,105.74662796809022,621.7949613095238,516.0483333333333,10799.999999991,10799.999999991,0.0,True,False
53510,2025-02-07 03:50:00,137.7957577299949,624.3242577380952,486.52849999999995,10799.999999991,10799.999999991,0.0,True,False
53520,2025-02-07 04:00:00,162.818333325233,644.26,481.44166666666666,10799.999999991,10799.999999991,0.0,True,False
53530,2025-02-07 04:10:00,114.5034238014234,647.5161738095237,533.01275,10799.999999991,10799.999999991,0.0,True,False
53540,2025-02-07 04:20:00,109.29455594428063,642.1604059523809,532.8658499999999,10799.999999991,10799.999999991,0.0,True,False
53550,2025-02-07 04:30:00,155.9477976109474,641.6094642857144,485.66166666666663,10799.999999991,10799.999999991,0.0,True,False
53560,2025-02-07 04:40:00,148.19233332523308,649.0326333333334,500.84029999999996,10799.999999991,10799.999999991,0.0,True,False
53570,2025-02-07 04:50:00,133.50717261094732,650.343055952381,516.8358833333333,10799.999999991,10799.999999991,0.0,True,False
53580,2025-02-07 05:00:00,139.15761903951866,646.7642857142856,507.6066666666666,10799.999999991,10799.999999991,0.0,True,False
53590,2025-02-07 05:10:00,142.82936249189967,653.9256291666667,511.0962666666667,10799.999999991,10799.999999991,0.0,True,False
53600,2025-02-07 05:20:00,162.81591130142343,666.4651613095238,503.64925,10799.999999991,10799.999999991,0.0,True,False
53610,2025-02-07 05:30:00,172.42315475380437,665.1898214285713,492.76666666666665,10799.999999991,10799.999999991,0.0,True,False
53620,2025-02-07 05:40:00,968.1952321347569,1479.9727654761905,511.7775333333333,10799.999999991,10799.999999991,0.0,True,False
53630,2025-02-07 05:50:00,186.85900832523302,697.753275,510.8942666666667,10799.999999991,10799.999999991,0.0,True,False
54240,2025-02-07 16:00:00,264.5459880202328,839.1226547619044,574.5766666666666,10799.999999916661,10799.999999916661,0.0,True,False
54250,2025-02-07 16:10:00,275.5033856392815,837.2090690476198,561.7056833333334,10799.999999916661,10799.999999916661,0.0,True,False
54260,2025-02-07 16:20:00,256.3152868297561,839.0559869047611,582.7407,10799.999999916661,10799.999999916661,0.0,True,False
54270,2025-02-07 16:30:00,228.89973802023235,839.116404761904,610.2166666666667,10799.999999916661,10799.999999916661,0.0,True,False
54280,2025-02-07 16:40:00,236.35891361547115,834.2169303571427,597.8580166666666,10799.999999916661,10799.999999916661,0.0,True,False
54290,2025-02-07 16:50:00,290.1641237345189,815.9322071428571,525.7680833333333,10799.999999916661,10799.999999916661,0.0,True,False
54300,2025-02-07 17:00:00,430.71488087737595,872.5932142857142,441.87833333333333,10799.999999916661,10799.999999916661,0.0,True,False
54310,2025-02-07 17:10:00,442.7669082583284,867.6128249999999,424.84591666666665,10799.999999916661,10799.999999916661,0.0,True,False
54320,2025-02-07 17:20:00,433.1588207583283,866.8488041666666,433.6899833333333,10799.999999916661,10799.999999916661,0.0,True,False
54330,2025-02-07 17:30:00,448.5872618297568,875.1372619047618,426.55,10799.999999916661,10799.999999916661,0.0,True,False
54340,2025-02-07 17:40:00,487.1261642107094,891.897430952381,404.77126666666663,10799.999999916661,10799.999999916661,0.0,True,False
54350,2025-02-07 17:50:00,378.99838921070915,799.2584226190475,420.2600333333333,10799.999999916661,10799.999999916661,0.0,True,False
54360,2025-02-07 18:00:00,193.99619040118552,652.4395238095237,458.44333333333327,10799.999999916661,10799.999999916661,0.0,True,False
54600,2025-02-07 22:00:00,146.91476191476204,1351.5280952380954,371.28,5791.859193172163,6541.859193163163,749.999999991,False,True
54610,2025-02-07 22:10:00,154.04838810523802,1340.4878214285714,353.10609999999997,6541.859193163163,7291.859193154162,749.999999991,False,True
54630,2025-02-07 22:30:00,107.03363096238103,1357.3602976190477,416.99333333333334,7416.936287073734,8166.936287063734,749.99999999,False,True
54640,2025-02-07 22:40:00,132.9153238195238,1359.4212238095238,393.1725666666667,8166.936287063734,8916.936287054734,749.999999991,False,True
54650,2025-02-07 22:50:00,147.02648989095246,1360.1584898809524,379.79866666666663,8916.936287054734,9666.936287044733,749.99999999,False,True
54660,2025-02-07 23:00:00,129.86654762904766,1359.474880952381,396.275,9666.936287044733,10416.936287035733,749.999999991,False,True
54670,2025-02-07 23:10:00,372.2047117957349,1197.9685261904763,400.1374666666666,10416.936287035733,10799.999999991,383.0637129552673,True,False
54680,2025-02-07 23:20:00,963.1645845157094,1367.481717857143,404.3171333333333,10799.999999991,10799.999999991,0.0,True,False
54690,2025-02-07 23:30:00,955.7111904680901,1368.5161904761903,412.80499999999995,10799.999999991,10799.999999991,0.0,True,False
54700,2025-02-07 23:40:00,965.3021029680904,1376.4199696428573,411.1178666666666,10799.999999991,10799.999999991,0.0,True,False
54710,2025-02-07 23:50:00,144.06101903951864,549.0744523809523,405.0134333333333,10799.999999991,10799.999999991,0.0,True,False
54720,2025-02-08 00:00:00,150.93994046809,548.371607142857,397.4316666666667,10799.999999991,10799.999999991,0.0,True,False
54730,2025-02-08 00:10:00,155.98022558713777,546.2721422619047,390.2919166666666,10799.999999991,10799.999999991,0.0,True,False
54740,2025-02-08 00:20:00,141.73842082523296,553.4730208333333,411.7346,10799.999999991,10799.999999991,0.0,True,False
54750,2025-02-08 00:30:00,118.11928570618537,563.5542857142857,445.435,10799.999999991,10799.999999991,0.0,True,False
54760,2025-02-08 00:40:00,117.07629999189956,560.1546666666666,443.0783666666667,10799.999999991,10799.999999991,0.0,True,False
54770,2025-02-08 00:50:00,128.14586784904256,559.8785845238095,431.73271666666665,10799.999999991,10799.999999991,0.0,True,False
54780,2025-02-08 01:00:00,137.4350595157093,570.3617261904762,432.9266666666666,10799.999999991,10799.999999991,0.0,True,False
54790,2025-02-08 01:10:00,142.27304939666166,581.5397827380953,439.26673333333326,10799.999999991,10799.999999991,0.0,True,False
54800,2025-02-08 01:20:00,153.85971130142352,582.9229779761905,429.06326666666666,10799.999999991,10799.999999991,0.0,True,False
54810,2025-02-08 01:30:00,166.7914880871377,580.6298214285714,413.83833333333337,10799.999999991,10799.999999991,0.0,True,False
54820,2025-02-08 01:40:00,161.9479005871378,589.3889672619048,427.44106666666664,10799.999999991,10799.999999991,0.0,True,False
54830,2025-02-08 01:50:00,145.60124463475674,593.2300113095237,447.6287666666666,10799.999999991,10799.999999991,0.0,True,False
54840,2025-02-08 02:00:00,137.58476189666155,590.0180952380952,452.4333333333333,10799.999999991,10799.999999991,0.0,True,False
54850,2025-02-08 02:10:00,152.9323922538043,594.6703755952379,441.7379833333333,10799.999999991,10799.999999991,0.0,True,False
54860,2025-02-08 02:20:00,161.35416308713783,603.5629130952382,442.20875,10799.999999991,10799.999999991,0.0,True,False
54870,2025-02-08 02:30:00,163.13565475380446,608.6156547619048,445.48,10799.999999991,10799.999999991,0.0,True,False
54880,2025-02-08 02:40:00,183.11502856332825,607.0145452380953,423.89951666666667,10799.999999991,10799.999999991,0.0,True,False
54890,2025-02-08 02:50:00,178.68211784904244,614.1908511904761,435.50873333333334,10799.999999991,10799.999999991,0.0,True,False
54900,2025-02-08 03:00:00,141.65690475380447,624.0019047619048,482.345,10799.999999991,10799.999999991,0.0,True,False
54910,2025-02-08 03:10:00,114.59798808713762,616.756988095238,502.159,10799.999999991,10799.999999991,0.0,True,False
54920,2025-02-08 03:20:00,133.389495229995,621.137811904762,487.74831666666665,10799.999999991,10799.999999991,0.0,True,False
54930,2025-02-08 03:30:00,172.1922023728521,633.6605357142857,461.4683333333333,10799.999999991,10799.999999991,0.0,True,False
54940,2025-02-08 03:40:00,168.80186368237585,623.1485303571428,454.34666666666664,10799.999999991,10799.999999991,0.0,True,False
54950,2025-02-08 03:50:00,152.28744761094717,623.8610309523808,471.5735833333333,10799.999999991,10799.999999991,0.0,True,False
54960,2025-02-08 04:00:00,147.6423809442807,641.947380952381,494.30499999999995,10799.999999991,10799.999999991,0.0,True,False
54970,2025-02-08 04:10:00,148.14455237285196,647.0882523809523,498.94370000000004,10799.999999991,10799.999999991,0.0,True,False
54980,2025-02-08 04:20:00,132.2415374918996,642.8794708333332,510.6379333333333,10799.999999991,10799.999999991,0.0,True,False
54990,2025-02-08 04:30:00,116.88220237285199,640.8955357142856,524.0133333333333,10799.999999991,10799.999999991,0.0,True,False
55000,2025-02-08 04:40:00,138.826333920471,646.855150595238,508.02881666666667,10799.999999991,10799.999999991,0.0,True,False
55010,2025-02-08 04:50:00,149.16585832523296,647.838575,498.6727166666667,10799.999999991,10799.999999991,0.0,True,False
55020,2025-02-08 05:00:00,138.8354761823759,644.6604761904762,505.82499999999993,10799.999999991,10799.999999991,0.0,True,False
55030,2025-02-08 05:10:00,146.28367201570924,651.6990220238096,505.41535,10799.999999991,10799.999999991,0.0,True,False
55040,2025-02-08 05:20:00,153.75424880142353,663.7095321428571,509.9552833333333,10799.999999991,10799.999999991,0.0,True,False
55050,2025-02-08 05:30:00,142.8954166585664,662.5020833333333,519.6066666666666,10799.999999991,10799.999999991,0.0,True,False
55060,2025-02-08 05:40:00,126.78411070618536,645.2726773809524,518.4885666666667,10799.999999991,10799.999999991,0.0,True,False
55070,2025-02-08 05:50:00,182.4432077299949,696.2713744047619,513.8281666666667,10799.999999991,10799.999999991,0.0,True,False
55680,2025-02-08 16:00:00,270.8251428571428,826.9884761904761,556.1633333333333,10800.0,10800.0,0.0,True,False
55690,2025-02-08 16:10:00,242.88049166666684,825.5109083333334,582.6304166666666,10800.0,10800.0,0.0,True,False
55700,2025-02-08 16:20:00,240.23965773809516,829.7259410714285,589.4862833333333,10800.0,10800.0,0.0,True,False
55710,2025-02-08 16:30:00,250.90925,831.1275833333332,580.2183333333332,10800.0,10800.0,0.0,True,False
55720,2025-02-08 16:40:00,239.28078630952348,824.6961863095235,585.4154,10800.0,10800.0,0.0,True,False
55730,2025-02-08 16:50:00,258.11909821428566,805.4544982142856,547.3353999999999,10800.0,10800.0,0.0,True,False
55740,2025-02-08 17:00:00,407.2705357142855,871.4305357142855,464.15999999999997,10800.0,10800.0,0.0,True,False
55750,2025-02-08 17:10:00,459.429374404762,865.8542244047619,406.42485,10800.0,10800.0,0.0,True,False
55760,2025-02-08 17:20:00,448.1113994047618,864.8422327380952,416.73083333333335,10800.0,10800.0,0.0,True,False
55770,2025-02-08 17:30:00,414.63345238095235,873.370119047619,458.7366666666667,10800.0,10800.0,0.0,True,False
55780,2025-02-08 17:40:00,435.3131571428571,889.5709071428571,454.25775,10800.0,10800.0,0.0,True,False
55790,2025-02-08 17:50:00,356.5903732142856,797.0642565476189,440.47388333333333,10800.0,10800.0,0.0,True,False
55800,2025-02-08 18:00:00,204.6875000000001,651.4891666666667,446.8016666666666,10800.0,10800.0,0.0,True,False
56040,2025-02-08 22:00:00,136.0036904861903,1349.1320238095236,379.79499999999996,5926.327023136455,6676.327023126455,749.99999999,False,True
56050,2025-02-08 22:10:00,105.35595655761902,1338.8635732142857,400.17428333333334,6676.327023126455,7426.327023117455,749.999999991,False,True
56070,2025-02-08 22:30:00,145.36511905761915,1357.5134523809525,378.81499999999994,7530.894790072741,8280.89479006274,749.99999999,False,True
56080,2025-02-08 22:40:00,154.75037977190482,1358.4829297619049,370.3992166666667,8280.89479006274,9030.89479005374,749.999999991,False,True
56090,2025-02-08 22:50:00,137.3872958433335,1359.1017625000002,388.3811333333333,9030.89479005374,9780.89479004374,749.99999999,False,True
56100,2025-02-08 23:00:00,123.89839286714299,1358.9200595238096,401.68833333333333,9780.89479004374,10530.89479003474,749.999999991,False,True
56110,2025-02-08 23:10:00,515.7621766359009,1196.1246154761905,381.35665,10530.89479003474,10799.999999991,269.10520995626064,True,False
56120,2025-02-08 23:20:00,976.5054285633283,1365.764061904762,389.25863333333336,10799.999999991,10799.999999991,0.0,True,False
56130,2025-02-08 23:30:00,957.3607738014234,1368.6324404761904,411.27166666666665,10799.999999991,10799.999999991,0.0,True,False
56140,2025-02-08 23:40:00,993.9345499918996,1376.9096,382.97505,10799.999999991,10799.999999991,0.0,True,False
56150,2025-02-08 23:50:00,122.15194403951867,548.875844047619,426.7239,10799.999999991,10799.999999991,0.0,True,False
56160,2025-02-09 00:00:00,12.181130944280516,547.3261309523808,535.145,10799.999999991,10799.999999991,0.0,True,False
63370,2025-02-14 00:10:00,118.24665953380962,1369.4808761904762,417.9008833333333,8375.547826799142,9125.547826789141,749.99999999,False,True
63380,2025-02-14 00:20:00,124.71440774809513,1375.4489077380952,417.40116666666665,9125.547826789141,9875.54782678014,749.999999991,False,True
63430,2025-02-14 01:10:00,47.35587374841088,570.9482398809523,407.8019333333333,10695.788610471713,10799.999999991,104.21138951928731,True,False
63440,2025-02-14 01:20:00,160.21129403951883,570.7528773809524,410.5415833333333,10799.999999991,10799.999999991,0.0,True,False
63450,2025-02-14 01:30:00,148.68398808713786,569.7206547619048,421.03666666666663,10799.999999991,10799.999999991,0.0,True,False
63460,2025-02-14 01:40:00,164.92148153951868,578.9953982142856,414.0739166666666,10799.999999991,10799.999999991,0.0,True,False
63470,2025-02-14 01:50:00,166.37999820618538,583.417831547619,417.0378333333333,10799.999999991,10799.999999991,0.0,True,False
63480,2025-02-14 02:00:00,140.74589284904252,581.0475595238095,440.3016666666666,10799.999999991,10799.999999991,0.0,True,False
63490,2025-02-14 02:10:00,121.11338153951883,585.8160815476191,464.70269999999994,10799.999999991,10799.999999991,0.0,True,False
63500,2025-02-14 02:20:00,119.6980595157091,595.3380095238094,475.63995,10799.999999991,10799.999999991,0.0,True,False
63510,2025-02-14 02:30:00,121.30636903951873,600.1697023809523,478.8633333333333,10799.999999991,10799.999999991,0.0,True,False
63520,2025-02-14 02:40:00,104.74280892047105,594.9556589285713,490.21284999999995,10799.999999991,10799.999999991,0.0,True,False
63530,2025-02-14 02:50:00,108.5841666585662,600.3665833333332,491.7824166666667,10799.999999991,10799.999999991,0.0,True,False
63540,2025-02-14 03:00:00,123.72583332523308,612.5125,488.78666666666663,10799.999999991,10799.999999991,0.0,True,False
63550,2025-02-14 03:10:00,102.98728392047107,608.2271005952381,505.2398166666667,10799.999999991,10799.999999991,0.0,True,False
63560,2025-02-14 03:20:00,95.37437082523317,610.1545208333334,514.7801499999999,10799.999999991,10799.999999991,0.0,True,False
63570,2025-02-14 03:30:00,107.32005951570912,619.1900595238094,511.86999999999995,10799.999999991,10799.999999991,0.0,True,False
63580,2025-02-14 03:40:00,101.02030713475662,613.959057142857,512.93875,10799.999999991,10799.999999991,0.0,True,False
63590,2025-02-14 03:50:00,127.20103749189977,616.8843875000001,489.68335,10799.999999991,10799.999999991,0.0,True,False
63600,2025-02-14 04:00:00,173.8489880871376,632.2389880952379,458.39,10799.999999991,10799.999999991,0.0,True,False
63610,2025-02-14 04:10:00,170.5937446347568,639.5050946428571,468.91134999999997,10799.999999991,10799.999999991,0.0,True,False
63620,2025-02-14 04:20:00,154.27476249189962,637.1452458333333,482.87048333333337,10799.999999991,10799.999999991,0.0,True,False
63630,2025-02-14 04:30:00,148.37410713475683,634.8641071428572,486.49,10799.999999991,10799.999999991,0.0,True,False
63640,2025-02-14 04:40:00,138.78327558713775,641.7463589285713,502.9630833333333,10799.999999991,10799.999999991,0.0,True,False
63650,2025-02-14 04:50:00,126.14549582523293,640.8416624999999,514.6961666666666,10799.999999991,10799.999999991,0.0,True,False
63660,2025-02-14 05:00:00,131.4384523728522,634.5101190476191,503.0716666666666,10799.999999991,10799.999999991,0.0,True,False
63670,2025-02-14 05:10:00,172.21264582523304,642.6854458333333,470.4728,10799.999999991,10799.999999991,0.0,True,False
63680,2025-02-14 05:20:00,189.42301487285195,652.3236315476189,462.9006166666666,10799.999999991,10799.999999991,0.0,True,False
63690,2025-02-14 05:30:00,147.74904761094726,648.1273809523809,500.37833333333333,10799.999999991,10799.999999991,0.0,True,False
63700,2025-02-14 05:40:00,915.8410618966618,1471.030911904762,555.18985,10799.999999991,10799.999999991,0.0,True,False
63710,2025-02-14 05:50:00,130.37790237285205,690.1451523809524,559.76725,10799.999999991,10799.999999991,0.0,True,False
64310,2025-02-14 15:50:00,2.3846220138108745,551.2458904761905,546.0978,10797.512878373858,10799.99999999,2.487121616141743,True,False
64320,2025-02-14 16:00:00,248.10840713385616,815.1500738095235,567.0416666666666,10799.99999999,10799.99999999,0.0,True,False
64330,2025-02-14 16:10:00,219.88330356242804,811.8646035714286,591.9812999999999,10799.99999999,10799.99999999,0.0,True,False
64340,2025-02-14 16:20:00,232.27042201480842,815.691338690476,583.4209166666667,10799.99999999,10799.99999999,0.0,True,False
64350,2025-02-14 16:30:00,257.3909071338565,817.9925738095238,560.6016666666667,10799.99999999,10799.99999999,0.0,True,False
64360,2025-02-14 16:40:00,241.95374701480873,812.4693970238094,570.5156499999999,10799.99999999,10799.99999999,0.0,True,False
64370,2025-02-14 16:50:00,272.2883190386182,793.1971023809523,520.9087833333333,10799.99999999,10799.99999999,0.0,True,False
64380,2025-02-14 17:00:00,419.4079761814754,863.3029761904761,443.895,10799.99999999,10799.99999999,0.0,True,False
64390,2025-02-14 17:10:00,391.1244065386184,859.6251065476191,468.50069999999994,10799.99999999,10799.99999999,0.0,True,False
64400,2025-02-14 17:20:00,380.3881249909992,858.7685083333332,478.38038333333327,10799.99999999,10799.99999999,0.0,True,False
64410,2025-02-14 17:30:00,422.6414285624279,865.1380952380953,442.49666666666667,10799.99999999,10799.99999999,0.0,True,False
64420,2025-02-14 17:40:00,431.7963809433804,880.116880952381,448.3204999999999,10799.99999999,10799.99999999,0.0,True,False
64430,2025-02-14 17:50:00,323.3456232052851,788.6736232142857,465.328,10799.99999999,10799.99999999,0.0,True,False
64440,2025-02-14 18:00:00,177.86178570528497,646.2267857142857,468.365,10799.99999999,10799.99999999,0.0,True,False
64680,2025-02-14 22:00:00,158.4929166766667,1346.7279166666667,354.90166666666664,5805.713289396568,6555.713289387568,749.999999991,False,True
64690,2025-02-14 22:10:00,131.14896131952378,1331.9894279761904,367.50713333333334,6555.713289387568,7305.713289378567,749.999999991,False,True
64710,2025-02-14 22:30:00,154.4035119147618,1351.0818452380952,363.345,7431.2239106195675,8181.223910610567,749.999999991,False,True
64720,2025-02-14 22:40:00,128.17969048619034,1352.865257142857,391.35223333333334,8181.223910610567,8931.223910601568,749.999999991,False,True
64730,2025-02-14 22:50:00,116.95662262904783,1352.2220892857144,401.9321333333333,8931.223910601568,9681.223910591567,749.99999999,False,True
64740,2025-02-14 23:00:00,131.7416071528571,1351.2199404761905,386.145,9681.223910591567,10431.223910582567,749.999999991,False,True
64750,2025-02-14 23:10:00,383.9552954996773,1190.5282226190477,396.82171666666665,10431.223910582567,10799.99999999,368.77608940743346,True,False
64760,2025-02-14 23:20:00,950.6122089195707,1360.5610589285714,409.94885,10799.99999999,10799.99999999,0.0,True,False
64770,2025-02-14 23:30:00,949.7454761814756,1360.7604761904763,411.015,10799.99999999,10799.99999999,0.0,True,False
64780,2025-02-14 23:40:00,954.2371113005231,1366.7516613095238,412.51455,10799.99999999,10799.99999999,0.0,True,False
64790,2025-02-14 23:50:00,122.6171958243327,539.0083125000001,416.3911166666667,10799.99999999,10799.99999999,0.0,True,False
64800,2025-02-15 00:00:00,121.27101189576112,539.5310119047618,418.26,10799.99999999,10799.99999999,0.0,True,False
64810,2025-02-15 00:10:00,125.86520415766589,537.6364041666666,411.77119999999996,10799.99999999,10799.99999999,0.0,True,False
64820,2025-02-15 00:20:00,145.7420696338564,542.7507196428571,397.00865,10799.99999999,10799.99999999,0.0,True,False
64830,2025-02-15 00:30:00,156.65202380052293,551.3370238095237,394.685,10799.99999999,10799.99999999,0.0,True,False
64840,2025-02-15 00:40:00,124.26137380052305,551.3688238095237,427.10745,10799.99999999,10799.99999999,0.0,True,False
64850,2025-02-15 00:50:00,105.51404701480882,554.5945136904762,449.08046666666667,10799.99999999,10799.99999999,0.0,True,False
64860,2025-02-15 01:00:00,118.93452380052301,563.9495238095237,445.015,10799.99999999,10799.99999999,0.0,True,False
64870,2025-02-15 01:10:00,129.58496427671352,569.3863809523809,439.8014166666667,10799.99999999,10799.99999999,0.0,True,False
64880,2025-02-15 01:20:00,134.99170713385635,568.8716571428571,433.87995,10799.99999999,10799.99999999,0.0,True,False
64890,2025-02-15 01:30:00,138.78505951480886,568.8483928571429,430.06333333333333,10799.99999999,10799.99999999,0.0,True,False
64900,2025-02-15 01:40:00,142.9637595148088,576.9654928571429,434.00173333333333,10799.99999999,10799.99999999,0.0,True,False
64910,2025-02-15 01:50:00,152.83468094338022,581.1509476190475,428.3162666666666,10799.99999999,10799.99999999,0.0,True,False
64920,2025-02-15 02:00:00,153.57714284814202,580.0688095238094,426.4916666666666,10799.99999999,10799.99999999,0.0,True,False
64930,2025-02-15 02:10:00,125.80656784814212,585.0348845238095,459.2283166666667,10799.99999999,10799.99999999,0.0,True,False
64940,2025-02-15 02:20:00,113.52560594338027,594.8222892857143,481.2966833333333,10799.99999999,10799.99999999,0.0,True,False
64950,2025-02-15 02:30:00,124.62726189576094,600.1822619047616,475.55499999999995,10799.99999999,10799.99999999,0.0,True,False
64960,2025-02-15 02:40:00,126.47682618147539,594.5862095238094,468.1093833333333,10799.99999999,10799.99999999,0.0,True,False
64970,2025-02-15 02:50:00,131.95317975290394,599.8131797619046,467.85999999999996,10799.99999999,10799.99999999,0.0,True,False
64980,2025-02-15 03:00:00,140.30964284814203,612.3229761904761,472.0133333333333,10799.99999999,10799.99999999,0.0,True,False
64990,2025-02-15 03:10:00,136.9698154671897,608.083982142857,471.1141666666666,10799.99999999,10799.99999999,0.0,True,False
65000,2025-02-15 03:20:00,151.77300534814216,609.4541886904763,457.68118333333337,10799.99999999,10799.99999999,0.0,True,False
65010,2025-02-15 03:30:00,167.3566071338564,618.0666071428572,450.71000000000004,10799.99999999,10799.99999999,0.0,True,False
65020,2025-02-15 03:40:00,136.02983689576124,613.3251035714286,477.29526666666663,10799.99999999,10799.99999999,0.0,True,False
65030,2025-02-15 03:50:00,120.0745618957611,615.2883619047618,495.2138,10799.99999999,10799.99999999,0.0,True,False
65040,2025-02-15 04:00:00,140.2438095148087,628.5038095238094,488.26,10799.99999999,10799.99999999,0.0,True,False
65050,2025-02-15 04:10:00,156.45870534814216,635.4130220238095,478.9543166666666,10799.99999999,10799.99999999,0.0,True,False
65060,2025-02-15 04:20:00,163.85440356242773,634.4019702380951,470.5475666666667,10799.99999999,10799.99999999,0.0,True,False
65070,2025-02-15 04:30:00,164.37130951480876,633.3946428571428,469.0233333333333,10799.99999999,10799.99999999,0.0,True,False
65080,2025-02-15 04:40:00,155.2032535624278,639.6949869047619,484.49173333333334,10799.99999999,10799.99999999,0.0,True,False
65090,2025-02-15 04:50:00,127.42720951480871,638.1113595238094,510.68414999999993,10799.99999999,10799.99999999,0.0,True,False
65100,2025-02-15 05:00:00,111.90982141957065,631.611488095238,519.7016666666666,10799.99999999,10799.99999999,0.0,True,False
65110,2025-02-15 05:10:00,147.415335110047,639.2474851190477,491.83215,10799.99999999,10799.99999999,0.0,True,False
65120,2025-02-15 05:20:00,144.506455348142,649.2429220238093,504.7364666666666,10799.99999999,10799.99999999,0.0,True,False
65130,2025-02-15 05:30:00,103.23041665766593,646.3654166666666,543.135,10799.99999999,10799.99999999,0.0,True,False
65140,2025-02-15 05:40:00,118.2245101100468,636.8313934523808,518.6068833333333,10799.99999999,10799.99999999,0.0,True,False
65150,2025-02-15 05:50:00,174.5463553481421,689.6239720238095,515.0776166666667,10799.99999999,10799.99999999,0.0,True,False
65760,2025-02-15 16:00:00,225.15077136256704,797.5841047619045,572.4333333333333,10799.999999926662,10799.999999926662,0.0,True,False
65770,2025-02-15 16:10:00,220.34675886256727,795.6171755952381,575.2704166666666,10799.999999926662,10799.999999926662,0.0,True,False
65780,2025-02-15 16:20:00,239.0666011244717,799.1954678571427,560.1288666666667,10799.999999926662,10799.999999926662,0.0,True,False
65790,2025-02-15 16:30:00,246.5681523149482,799.9714857142858,553.4033333333333,10799.999999926662,10799.999999926662,0.0,True,False
65800,2025-02-15 16:40:00,216.19776302923387,794.2910297619047,578.0932666666666,10799.999999926662,10799.999999926662,0.0,True,False
65810,2025-02-15 16:50:00,229.27041421970992,775.8134476190476,546.5430333333334,10799.999999926662,10799.999999926662,0.0,True,False
65820,2025-02-15 17:00:00,398.93517850542423,863.4118452380951,464.4766666666667,10799.999999926662,10799.999999926662,0.0,True,False
65830,2025-02-15 17:10:00,428.388294576853,860.1079779761906,431.7196833333333,10799.999999926662,10799.999999926662,0.0,True,False
65840,2025-02-15 17:20:00,419.7067189816148,859.1220190476189,439.41529999999995,10799.999999926662,10799.999999926662,0.0,True,False
65850,2025-02-15 17:30:00,410.1177975530434,865.1194642857142,455.00166666666667,10799.999999926662,10799.999999926662,0.0,True,False
65860,2025-02-15 17:40:00,423.98845350542456,879.9299702380954,455.94151666666664,10799.999999926662,10799.999999926662,0.0,True,False
65870,2025-02-15 17:50:00,347.29212314828163,788.8993232142858,441.6072,10799.999999926662,10799.999999926662,0.0,True,False
65880,2025-02-15 18:00:00,207.2216666006623,646.9166666666665,439.695,10799.999999926662,10799.999999926662,0.0,True,False
66120,2025-02-15 22:00:00,150.95053572428583,1345.0938690476191,360.81,5638.256396780318,6388.256396770318,749.99999999,False,True
66130,2025-02-15 22:10:00,154.7890327480951,1330.6942827380951,342.57191666666665,6388.256396770318,7138.256396760318,749.99999999,False,True
66150,2025-02-15 22:30:00,83.76678572428555,1350.510119047619,433.40999999999997,7253.492948537033,8003.492948528033,749.999999991,False,True
66160,2025-02-15 22:40:00,96.93802381952376,1353.0904404761905,422.8190833333333,8003.492948528033,8753.492948518033,749.99999999,False,True
66170,2025-02-15 22:50:00,116.23946251000005,1351.0820958333334,401.5093,8753.492948518033,9503.492948508032,749.99999999,False,True
66180,2025-02-15 23:00:00,113.22005953380959,1348.253392857143,401.69999999999993,9503.492948508032,10253.492948499032,749.999999991,False,True
66190,2025-02-15 23:10:00,169.13946659733688,1189.2139071428574,412.8443833333333,10253.492948499032,10799.99999999,546.5070514909684,True,False
66200,2025-02-15 23:20:00,940.7771755862376,1359.8277422619049,419.0505666666666,10799.99999999,10799.99999999,0.0,True,False
66210,2025-02-15 23:30:00,952.1173214195709,1358.8356547619048,406.7183333333333,10799.99999999,10799.99999999,0.0,True,False
66220,2025-02-15 23:40:00,980.3301101100469,1365.6651767857143,385.33506666666665,10799.99999999,10799.99999999,0.0,True,False
66230,2025-02-15 23:50:00,99.9368767767136,538.6417101190476,438.7048333333333,10799.99999999,10799.99999999,0.0,True,False
70470,2025-02-18 22:30:00,4.121130962381122,1346.5527976190479,509.09833333333336,2591.696804144434,3341.696804134434,749.99999999,False,True
70480,2025-02-18 22:40:00,2.8997952480949527,1350.9406119047617,514.7074833333334,3341.696804134434,4091.696804124434,749.99999999,False,True
70900,2025-02-19 05:40:00,28.609408343333364,1465.1252416666666,603.1824999999999,8789.356392319945,9539.356392309945,749.99999999,False,True
73450,2025-02-21 00:10:00,130.35522203380947,1364.4168386904762,400.72828333333337,8241.574697017395,8991.574697007394,749.99999999,False,True
73460,2025-02-21 00:20:00,135.08295715285738,1369.5123404761907,401.09605,8991.574697007394,9741.574696998394,749.999999991,False,True
73520,2025-02-21 01:20:00,21.17309278602854,560.1816809523809,420.25515,10693.121905641283,10799.999999991,106.87809434971713,True,False
73530,2025-02-21 01:30:00,106.52999999189959,559.0249999999999,452.49499999999995,10799.999999991,10799.999999991,0.0,True,False
73540,2025-02-21 01:40:00,149.6939249918996,569.3018916666666,419.6079666666667,10799.999999991,10799.999999991,0.0,True,False
73550,2025-02-21 01:50:00,143.45213570618537,572.154719047619,428.7025833333333,10799.999999991,10799.999999991,0.0,True,False
73560,2025-02-21 02:00:00,83.92494046809006,567.6449404761904,483.72,10799.999999991,10799.999999991,0.0,True,False
73570,2025-02-21 02:10:00,97.72042082523282,575.5299041666665,477.80948333333333,10799.999999991,10799.999999991,0.0,True,False
73580,2025-02-21 02:20:00,119.72827439666148,588.2183244047618,468.49005,10799.999999991,10799.999999991,0.0,True,False
73590,2025-02-21 02:30:00,115.2049404680902,593.6866071428572,478.4816666666666,10799.999999991,10799.999999991,0.0,True,False
73600,2025-02-21 02:40:00,119.4464934442806,588.7937767857143,469.34728333333334,10799.999999991,10799.999999991,0.0,True,False
73610,2025-02-21 02:50:00,127.49635594428045,593.8058726190475,466.3095166666667,10799.999999991,10799.999999991,0.0,True,False
73620,2025-02-21 03:00:00,138.36547618237577,604.4054761904761,466.03999999999996,10799.999999991,10799.999999991,0.0,True,False
73630,2025-02-21 03:10:00,156.1873220157092,597.8748053571428,441.68748333333326,10799.999999991,10799.999999991,0.0,True,False
73640,2025-02-21 03:20:00,148.30755118237593,598.1028345238095,449.79528333333326,10799.999999991,10799.999999991,0.0,True,False
73650,2025-02-21 03:30:00,126.69619046809007,608.7945238095238,482.09833333333336,10799.999999991,10799.999999991,0.0,True,False
73660,2025-02-21 03:40:00,134.4959499918996,609.2466,474.75065,10799.999999991,10799.999999991,0.0,True,False
73670,2025-02-21 03:50:00,126.98887142047121,609.3319714285715,482.34309999999994,10799.999999991,10799.999999991,0.0,True,False
73680,2025-02-21 04:00:00,113.99494046809022,616.2249404761906,502.23,10799.999999991,10799.999999991,0.0,True,False
73690,2025-02-21 04:10:00,146.6509851109473,625.1099851190476,478.45899999999995,10799.999999991,10799.999999991,0.0,True,False
73700,2025-02-21 04:20:00,139.07044761094718,626.6181476190475,487.54769999999996,10799.999999991,10799.999999991,0.0,True,False
73710,2025-02-21 04:30:00,108.91613094428052,624.4911309523808,515.5749999999999,10799.999999991,10799.999999991,0.0,True,False
73720,2025-02-21 04:40:00,155.87932499189967,630.4389583333333,474.55963333333335,10799.999999991,10799.999999991,0.0,True,False
73730,2025-02-21 04:50:00,160.60722499189976,632.2009750000001,471.59375,10799.999999991,10799.999999991,0.0,True,False
73740,2025-02-21 05:00:00,116.97994046809012,626.8849404761904,509.905,10799.999999991,10799.999999991,0.0,True,False
73750,2025-02-21 05:10:00,138.47821665856623,625.6720666666665,487.19385,10799.999999991,10799.999999991,0.0,True,False
73760,2025-02-21 05:20:00,143.26022975380428,633.2559130952379,489.9956833333333,10799.999999991,10799.999999991,0.0,True,False
73770,2025-02-21 05:30:00,97.63755951570928,636.2475595238095,538.6099999999999,10799.999999991,10799.999999991,0.0,True,False
73780,2025-02-21 05:40:00,904.5600047538046,1460.3097714285714,555.7497666666666,10799.999999991,10799.999999991,0.0,True,False
73790,2025-02-21 05:50:00,145.3724172538043,680.4104172619046,535.038,10799.999999991,10799.999999991,0.0,True,False
74400,2025-02-21 16:00:00,175.65039522909458,752.332061904762,576.6816666666666,10799.99999999,10799.99999999,0.0,True,False
74410,2025-02-21 16:10:00,185.96595237195154,752.5514357142856,566.5854833333333,10799.99999999,10799.99999999,0.0,True,False
74420,2025-02-21 16:20:00,206.3978493957612,753.0606660714286,546.6628166666667,10799.99999999,10799.99999999,0.0,True,False
74430,2025-02-21 16:30:00,205.3240261814752,751.0223595238092,545.6983333333333,10799.99999999,10799.99999999,0.0,True,False
74440,2025-02-21 16:40:00,160.96192380052307,749.1773738095237,588.2154499999999,10799.99999999,10799.99999999,0.0,True,False
74450,2025-02-21 16:50:00,184.30780296718984,734.3283863095239,550.0205833333333,10799.99999999,10799.99999999,0.0,True,False
74460,2025-02-21 17:00:00,408.57148808623737,859.6831547619047,451.1116666666667,10799.99999999,10799.99999999,0.0,True,False
74470,2025-02-21 17:10:00,417.09005653861834,854.5516232142857,437.46156666666667,10799.99999999,10799.99999999,0.0,True,False
74480,2025-02-21 17:20:00,416.8246678481421,853.4810345238095,436.65636666666666,10799.99999999,10799.99999999,0.0,True,False
74490,2025-02-21 17:30:00,433.465535705285,860.7972023809523,427.3316666666666,10799.99999999,10799.99999999,0.0,True,False
74500,2025-02-21 17:40:00,410.60318451480885,875.3529845238095,464.74979999999994,10799.99999999,10799.99999999,0.0,True,False
74510,2025-02-21 17:50:00,299.5823130862374,783.078413095238,483.49609999999996,10799.99999999,10799.99999999,0.0,True,False
74520,2025-02-21 18:00:00,176.52797618147545,640.4629761904762,463.935,10799.99999999,10799.99999999,0.0,True,False
74760,2025-02-21 22:00:00,97.1117857242857,1338.5484523809523,408.1033333333333,5865.062637425663,6615.062637416662,749.999999991,False,True
74770,2025-02-21 22:10:00,114.93370239095246,1324.9014190476191,376.63438333333335,6615.062637416662,7365.062637407662,749.999999991,False,True
74790,2025-02-21 22:30:00,128.97720239095247,1342.1205357142858,379.81,7493.2470290058045,8243.247028996804,749.999999991,False,True
74800,2025-02-21 22:40:00,106.85940001000016,1347.4621000000002,407.26936666666666,8243.247028996804,8993.247028987804,749.999999991,False,True
74810,2025-02-21 22:50:00,101.23128870047616,1349.9382220238094,415.37359999999995,8993.247028987804,9743.247028977803,749.99999999,False,True
74820,2025-02-21 23:00:00,105.07136905761875,1348.2463690476188,409.8416666666667,9743.247028977803,10493.247028968803,749.999999991,False,True
74830,2025-02-21 23:10:00,423.0714286272412,1184.7439297619048,420.8358666666666,10493.247028968803,10799.99999999,306.75297102119737,True,False
74840,2025-02-21 23:20:00,948.3799732052851,1354.1341898809524,405.7542166666666,10799.99999999,10799.99999999,0.0,True,False
74850,2025-02-21 23:30:00,976.2623214195705,1356.138988095238,379.87666666666667,10799.99999999,10799.99999999,0.0,True,False
74860,2025-02-21 23:40:00,954.957516657666,1362.3552833333333,407.3977666666666,10799.99999999,10799.99999999,0.0,True,False
74870,2025-02-21 23:50:00,87.75777737195162,530.748494047619,442.9907166666667,10799.99999999,10799.99999999,0.0,True,False
74880,2025-02-22 00:00:00,91.80130951480871,528.1813095238094,436.38,10799.99999999,10799.99999999,0.0,True,False
74890,2025-02-22 00:10:00,146.31185832433246,530.7829916666665,384.4711333333333,10799.99999999,10799.99999999,0.0,True,False
74900,2025-02-22 00:20:00,160.39304582433263,535.6040791666667,375.2110333333333,10799.99999999,10799.99999999,0.0,True,False
74910,2025-02-22 00:30:00,124.75755951480878,539.3425595238095,414.58500000000004,10799.99999999,10799.99999999,0.0,True,False
74920,2025-02-22 00:40:00,114.32452618147565,542.3963595238097,428.0718333333333,10799.99999999,10799.99999999,0.0,True,False
74930,2025-02-22 00:50:00,112.68904284814212,548.1850095238095,435.4959666666667,10799.99999999,10799.99999999,0.0,True,False
74940,2025-02-22 01:00:00,108.13892856242794,555.5922619047619,447.45333333333326,10799.99999999,10799.99999999,0.0,True,False
74950,2025-02-22 01:10:00,112.4177726100468,559.2720892857142,446.85431666666665,10799.99999999,10799.99999999,0.0,True,False
74960,2025-02-22 01:20:00,117.11603332433262,558.25725,441.14121666666665,10799.99999999,10799.99999999,0.0,True,False
74970,2025-02-22 01:30:00,127.52583332433252,558.6524999999999,431.12666666666667,10799.99999999,10799.99999999,0.0,True,False
74980,2025-02-22 01:40:00,151.16768451480877,567.1473845238095,415.9797,10799.99999999,10799.99999999,0.0,True,False
74990,2025-02-22 01:50:00,132.18293511004688,569.9403517857143,437.75741666666664,10799.99999999,10799.99999999,0.0,True,False
75000,2025-02-22 02:00:00,88.04214284814222,567.3271428571429,479.28499999999997,10799.99999999,10799.99999999,0.0,True,False
75010,2025-02-22 02:10:00,97.92706368147535,574.1746470238094,476.2475833333333,10799.99999999,10799.99999999,0.0,True,False
75020,2025-02-22 02:20:00,131.10627141957073,586.3891714285714,455.2829,10799.99999999,10799.99999999,0.0,True,False
75030,2025-02-22 02:30:00,146.03392856242792,592.5455952380953,446.51166666666666,10799.99999999,10799.99999999,0.0,True,False
75040,2025-02-22 02:40:00,131.181979157666,586.4134625,455.2314833333333,10799.99999999,10799.99999999,0.0,True,False
75050,2025-02-22 02:50:00,122.55820118147537,590.5877345238094,468.02953333333335,10799.99999999,10799.99999999,0.0,True,False
75060,2025-02-22 03:00:00,123.47202380052309,601.4370238095238,477.965,10799.99999999,10799.99999999,0.0,True,False
75070,2025-02-22 03:10:00,106.57686546718966,594.7025988095237,488.1257333333333,10799.99999999,10799.99999999,0.0,True,False
75080,2025-02-22 03:20:00,98.06273153861841,595.8975482142857,497.8348166666666,10799.99999999,10799.99999999,0.0,True,False
75090,2025-02-22 03:30:00,106.3102380862372,607.9885714285713,501.67833333333334,10799.99999999,10799.99999999,0.0,True,False
75100,2025-02-22 03:40:00,112.13895594338018,607.7911392857143,495.65218333333337,10799.99999999,10799.99999999,0.0,True,False
75110,2025-02-22 03:50:00,113.01423630052304,608.2509696428571,495.2367333333333,10799.99999999,10799.99999999,0.0,True,False
75120,2025-02-22 04:00:00,114.6670238005232,615.9720238095239,501.30499999999995,10799.99999999,10799.99999999,0.0,True,False
75130,2025-02-22 04:10:00,124.19300832433262,622.754825,498.56181666666663,10799.99999999,10799.99999999,0.0,True,False
75140,2025-02-22 04:20:00,138.95525415766596,624.4938875,485.53863333333334,10799.99999999,10799.99999999,0.0,True,False
75150,2025-02-22 04:30:00,150.02613094338014,624.1111309523809,474.08500000000004,10799.99999999,10799.99999999,0.0,True,False
75160,2025-02-22 04:40:00,149.43552380052304,627.4397904761904,478.00426666666664,10799.99999999,10799.99999999,0.0,True,False
75170,2025-02-22 04:50:00,147.47737677671356,628.8972601190476,481.4198833333333,10799.99999999,10799.99999999,0.0,True,False
75180,2025-02-22 05:00:00,140.15226189576114,625.9372619047618,485.78499999999997,10799.99999999,10799.99999999,0.0,True,False
75190,2025-02-22 05:10:00,116.72404820528497,623.4542648809523,506.73021666666665,10799.99999999,10799.99999999,0.0,True,False
75200,2025-02-22 05:20:00,112.98568808623733,631.2440047619046,518.2583166666666,10799.99999999,10799.99999999,0.0,True,False
75210,2025-02-22 05:30:00,128.12982141957073,636.5031547619047,508.3733333333333,10799.99999999,10799.99999999,0.0,True,False
75220,2025-02-22 05:40:00,132.43435772909464,626.6372077380953,494.20284999999996,10799.99999999,10799.99999999,0.0,True,False
75230,2025-02-22 05:50:00,171.1736666576659,679.3556,508.18193333333335,10799.99999999,10799.99999999,0.0,True,False
75840,2025-02-22 16:00:00,101.12607384544991,767.3659071428572,582.3283333333333,10724.479650023333,10799.999999991,75.52034996766669,True,False
75850,2025-02-22 16:10:00,210.50868332523325,767.0127500000001,556.5040666666666,10799.999999991,10799.999999991,0.0,True,False
75860,2025-02-22 16:20:00,233.1588529680901,767.4261363095238,534.2672833333334,10799.999999991,10799.999999991,0.0,True,False
75870,2025-02-22 16:30:00,213.28632380142332,766.2029904761903,552.9166666666666,10799.999999991,10799.999999991,0.0,True,False
75880,2025-02-22 16:40:00,187.76538392047104,765.250950595238,577.4855666666666,10799.999999991,10799.999999991,0.0,True,False
75890,2025-02-22 16:50:00,227.7506642776141,751.251080952381,523.5004166666666,10799.999999991,10799.999999991,0.0,True,False
75900,2025-02-22 17:00:00,420.9198214204732,860.6598214285735,439.74,10799.999999991,10799.999999991,0.0,True,False
75910,2025-02-22 17:10:00,395.0668077299947,853.704657738095,458.63784999999996,10799.999999991,10799.999999991,0.0,True,False
75920,2025-02-22 17:20:00,378.33337380142353,851.7149738095238,473.3816,10799.999999991,10799.999999991,0.0,True,False
75930,2025-02-22 17:30:00,405.64333332523313,859.9133333333334,454.27,10799.999999991,10799.999999991,0.0,True,False
75940,2025-02-22 17:40:00,397.5356547538045,875.6506047619048,478.11494999999996,10799.999999991,10799.999999991,0.0,True,False
75950,2025-02-22 17:50:00,288.4117743966615,784.4319410714285,496.0201666666667,10799.999999991,10799.999999991,0.0,True,False
75960,2025-02-22 18:00:00,163.32494046809015,641.8582738095238,478.5333333333333,10799.999999991,10799.999999991,0.0,True,False
76200,2025-02-22 22:00:00,95.21041667666667,1339.95875,411.41499999999996,5760.003102883014,6510.0031028730145,749.99999999,False,True
76210,2025-02-22 22:10:00,112.8178154861905,1324.2459654761906,378.0948166666667,6510.0031028730145,7260.003102864014,749.999999991,False,True
76230,2025-02-22 22:30:00,114.76011905761901,1339.715119047619,391.62166666666667,7371.7830573193,8121.783057310299,749.999999991,False,True
76240,2025-02-22 22:40:00,153.7598916766667,1346.246725,359.15349999999995,8121.783057310299,8871.7830573013,749.999999991,False,True
76250,2025-02-22 22:50:00,145.2184708433333,1349.5162708333332,370.9644666666666,8871.7830573013,9621.783057291299,749.99999999,False,True
76260,2025-02-22 23:00:00,95.76595239095239,1348.0692857142858,418.97,9621.783057291299,10371.783057282299,749.999999991,False,True
76270,2025-02-22 23:10:00,303.9914732518996,1185.01885959379,405.2307833333333,10371.783057282299,10799.99999999,428.2169427077014,True,False
76280,2025-02-22 23:20:00,965.3680648719516,1354.5508148809522,389.18275,10799.99999999,10799.99999999,0.0,True,False
76290,2025-02-22 23:30:00,962.5124999909992,1356.0708333333332,393.5583333333333,10799.99999999,10799.99999999,0.0,True,False
76300,2025-02-22 23:40:00,969.4706720148089,1361.6762220238095,392.20554999999996,10799.99999999,10799.99999999,0.0,True,False
76310,2025-02-22 23:50:00,63.22383272909449,530.2311994047618,467.0073666666666,10799.99999999,10799.99999999,0.0,True,False
77680,2025-02-23 22:40:00,0.4062601290477153,1343.469443452381,509.72985,3246.944898235963,3996.9448982259632,749.99999999,False,True
77690,2025-02-23 22:50:00,5.987129176666705,1347.9840291666667,508.66356666666667,3996.9448982259632,4746.944898215963,749.99999999,False,True
83530,2025-02-28 00:10:00,142.50157739095255,1358.8437107142859,383.00879999999995,8329.131000714488,9079.131000704487,749.99999999,False,True
83540,2025-02-28 00:20:00,108.13208155761912,1361.6655315476191,420.20011666666664,9079.131000704487,9829.131000695486,749.999999991,False,True
83610,2025-02-28 01:30:00,93.21531241888768,549.2922023809523,432.4683333333333,10778.752299025142,10799.999999991,21.247700965858176,True,False
83620,2025-02-28 01:40:00,110.78332082523295,557.3362541666665,446.55293333333327,10799.999999991,10799.999999991,0.0,True,False
83630,2025-02-28 01:50:00,118.44816189666156,559.1939452380952,440.74578333333335,10799.999999991,10799.999999991,0.0,True,False
83640,2025-02-28 02:00:00,140.61440475380445,555.8377380952381,415.22333333333336,10799.999999991,10799.999999991,0.0,True,False
83650,2025-02-28 02:10:00,152.73274344428066,564.9299267857143,412.1971833333333,10799.999999991,10799.999999991,0.0,True,False
83660,2025-02-28 02:20:00,132.39560415856639,577.8405041666667,445.4449,10799.999999991,10799.999999991,0.0,True,False
83670,2025-02-28 02:30:00,97.95404761094713,582.2807142857141,484.32666666666665,10799.999999991,10799.999999991,0.0,True,False
83680,2025-02-28 02:40:00,98.52422261094725,575.4222392857142,476.89801666666665,10799.999999991,10799.999999991,0.0,True,False
83690,2025-02-28 02:50:00,144.07584880142352,578.3509154761905,434.27506666666665,10799.999999991,10799.999999991,0.0,True,False
83700,2025-02-28 03:00:00,179.01482142047095,589.7448214285713,410.73,10799.999999991,10799.999999991,0.0,True,False
83710,2025-02-28 03:10:00,134.91888511094734,589.069018452381,454.1501333333333,10799.999999991,10799.999999991,0.0,True,False
83720,2025-02-28 03:20:00,108.61563153951872,591.3966148809524,482.7809833333333,10799.999999991,10799.999999991,0.0,True,False
83730,2025-02-28 03:30:00,129.87065475380447,599.4989880952381,469.62833333333333,10799.999999991,10799.999999991,0.0,True,False
83740,2025-02-28 03:40:00,135.54010237285198,599.7660857142856,464.2259833333333,10799.999999991,10799.999999991,0.0,True,False
83750,2025-02-28 03:50:00,126.52279284904247,598.8918595238094,472.36906666666664,10799.999999991,10799.999999991,0.0,True,False
83760,2025-02-28 04:00:00,115.22964284904239,603.617976190476,488.3883333333333,10799.999999991,10799.999999991,0.0,True,False
83770,2025-02-28 04:10:00,110.19059761094715,612.6668809523808,502.4762833333333,10799.999999991,10799.999999991,0.0,True,False
83780,2025-02-28 04:20:00,125.49443511094736,614.4385851190477,488.94415000000004,10799.999999991,10799.999999991,0.0,True,False
83790,2025-02-28 04:30:00,137.9652380871378,610.6335714285715,472.66833333333335,10799.999999991,10799.999999991,0.0,True,False
83800,2025-02-28 04:40:00,109.05314880142336,613.8307988095237,504.77765,10799.999999991,10799.999999991,0.0,True,False
83810,2025-02-28 04:50:00,91.00225356332814,617.1457035714285,526.14345,10799.999999991,10799.999999991,0.0,True,False
83820,2025-02-28 05:00:00,100.51369046809018,615.8336904761904,515.3199999999999,10799.999999991,10799.999999991,0.0,True,False
83830,2025-02-28 05:10:00,106.79666725380443,613.9145672619047,507.11789999999996,10799.999999991,10799.999999991,0.0,True,False
83840,2025-02-28 05:20:00,121.79002677761385,620.7394267857142,498.94939999999997,10799.999999991,10799.999999991,0.0,True,False
83850,2025-02-28 05:30:00,123.94017856332809,623.991845238095,500.0516666666666,10799.999999991,10799.999999991,0.0,True,False
83860,2025-02-28 05:40:00,921.5850880871378,1446.0686714285714,524.4835833333333,10799.999999991,10799.999999991,0.0,True,False
84490,2025-02-28 16:10:00,167.76400363438606,766.265025,549.5917333333333,10755.981640761947,10799.999999991,44.018359229052656,True,False
84500,2025-02-28 16:20:00,221.93201963475687,767.7143363095239,545.7823166666667,10799.999999991,10799.999999991,0.0,True,False
84510,2025-02-28 16:30:00,211.53550951570932,764.9021761904762,553.3666666666666,10799.999999991,10799.999999991,0.0,True,False
84520,2025-02-28 16:40:00,158.2295993966612,761.7596660714282,603.5300666666667,10799.999999991,10799.999999991,0.0,True,False
84530,2025-02-28 16:50:00,182.70568213475673,748.5196988095238,565.8140166666667,10799.999999991,10799.999999991,0.0,True,False
84540,2025-02-28 17:00:00,402.3807738014233,857.3374404761903,454.9566666666666,10799.999999991,10799.999999991,0.0,True,False
84550,2025-02-28 17:10:00,425.79848868237593,851.3448553571429,425.5463666666667,10799.999999991,10799.999999991,0.0,True,False
84560,2025-02-28 17:20:00,401.5914767776139,848.8243934523808,447.23291666666665,10799.999999991,10799.999999991,0.0,True,False
84570,2025-02-28 17:30:00,401.7356547538045,856.3006547619048,454.56499999999994,10799.999999991,10799.999999991,0.0,True,False
84580,2025-02-28 17:40:00,448.51910892047124,871.8371089285715,423.318,10799.999999991,10799.999999991,0.0,True,False
84590,2025-02-28 17:50:00,345.25622975380463,781.0191964285716,435.76296666666667,10799.999999991,10799.999999991,0.0,True,False
84600,2025-02-28 18:00:00,167.50440475380455,638.6810714285715,471.1766666666666,10799.999999991,10799.999999991,0.0,True,False
84840,2025-02-28 22:00:00,107.51523810523825,1334.1785714285716,393.33,5623.874015191214,6373.874015182214,749.999999991,False,True
84850,2025-02-28 22:10:00,104.34533870047606,1319.7392720238095,382.0606,6373.874015182214,7123.874015172214,749.99999999,False,True
84870,2025-02-28 22:30:00,152.0486309623809,1337.0669642857142,351.685,7237.931281413214,7987.931281404213,749.999999991,False,True
84880,2025-02-28 22:40:00,149.76597739095223,1337.9257607142856,354.82645,7987.931281404213,8737.931281394212,749.99999999,False,True
84890,2025-02-28 22:50:00,132.39371370047638,1341.2678470238097,375.5408,8737.931281394212,9487.931281384212,749.99999999,False,True
84900,2025-02-28 23:00:00,113.16327381952395,1345.333273809524,398.83666666666664,9487.931281384212,10237.931281375211,749.999999991,False,True
84910,2025-02-28 23:10:00,138.82331880102834,1181.9850505952381,418.64093333333335,10237.931281375211,10799.99999999,562.0687186147887,True,False
84920,2025-02-28 23:20:00,926.9088982052853,1350.0163648809526,423.10746666666665,10799.99999999,10799.99999999,0.0,True,False
84930,2025-02-28 23:30:00,939.4342261814755,1351.1058928571429,411.6716666666667,10799.99999999,10799.99999999,0.0,True,False
84940,2025-02-28 23:40:00,955.6971988005233,1354.3262654761907,398.62906666666663,10799.99999999,10799.99999999,0.0,True,False
84950,2025-02-28 23:50:00,115.64448451480868,520.7875678571427,405.14308333333327,10799.99999999,10799.99999999,0.0,True,False
84960,2025-03-01 00:00:00,92.69755951480872,519.0858928571428,426.3883333333333,10799.99999999,10799.99999999,0.0,True,False
84970,2025-03-01 00:10:00,90.09982022909455,523.4385035714286,433.3386833333333,10799.99999999,10799.99999999,0.0,True,False
84980,2025-03-01 00:20:00,114.06687141957073,526.3420214285715,412.27515,10799.99999999,10799.99999999,0.0,True,False
84990,2025-03-01 00:30:00,131.887916657666,527.61625,395.7283333333333,10799.99999999,10799.99999999,0.0,True,False
85000,2025-03-01 00:40:00,106.70041308623738,534.6904630952381,427.99005,10799.99999999,10799.99999999,0.0,True,False
85010,2025-03-01 00:50:00,105.15748451480871,541.0403178571428,435.88283333333334,10799.99999999,10799.99999999,0.0,True,False
85020,2025-03-01 01:00:00,138.40988094338016,545.0198809523808,406.60999999999996,10799.99999999,10799.99999999,0.0,True,False
85030,2025-03-01 01:10:00,149.17106189576114,550.5625619047619,401.3915,10799.99999999,10799.99999999,0.0,True,False
85040,2025-03-01 01:20:00,133.80886784814217,550.5581178571429,416.74924999999996,10799.99999999,10799.99999999,0.0,True,False
85050,2025-03-01 01:30:00,114.80380951480882,548.6504761904762,433.84666666666664,10799.99999999,10799.99999999,0.0,True,False
85060,2025-03-01 01:40:00,117.05870237195157,555.5815023809523,438.5228,10799.99999999,10799.99999999,0.0,True,False
85070,2025-03-01 01:50:00,128.3076267767137,557.013843452381,428.7062166666666,10799.99999999,10799.99999999,0.0,True,False
85080,2025-03-01 02:00:00,134.74380951480882,554.0888095238096,419.345,10799.99999999,10799.99999999,0.0,True,False
85090,2025-03-01 02:10:00,132.3931458243326,563.5481791666666,431.1550333333333,10799.99999999,10799.99999999,0.0,True,False
85100,2025-03-01 02:20:00,125.3630118957611,577.0430452380951,451.6800333333333,10799.99999999,10799.99999999,0.0,True,False
85110,2025-03-01 02:30:00,125.95005951480877,581.9783928571428,456.0283333333333,10799.99999999,10799.99999999,0.0,True,False
85120,2025-03-01 02:40:00,144.70942796718978,574.5049446428571,429.79551666666663,10799.99999999,10799.99999999,0.0,True,False
85130,2025-03-01 02:50:00,161.20174046718964,575.510707142857,414.3089666666666,10799.99999999,10799.99999999,0.0,True,False
85140,2025-03-01 03:00:00,169.76434522909457,585.2693452380953,415.505,10799.99999999,10799.99999999,0.0,True,False
85150,2025-03-01 03:10:00,178.78626308623737,585.3915797619047,406.6053166666666,10799.99999999,10799.99999999,0.0,True,False
85160,2025-03-01 03:20:00,164.6910297529041,589.0635797619047,424.37254999999993,10799.99999999,10799.99999999,0.0,True,False
85170,2025-03-01 03:30:00,145.82065475290406,597.9173214285714,452.09666666666664,10799.99999999,10799.99999999,0.0,True,False
85180,2025-03-01 03:40:00,164.11782380052298,598.7441904761904,434.6263666666667,10799.99999999,10799.99999999,0.0,True,False
85190,2025-03-01 03:50:00,159.0148845148087,597.745951190476,438.7310666666666,10799.99999999,10799.99999999,0.0,True,False
85200,2025-03-01 04:00:00,128.391785705285,601.7284523809524,473.33666666666664,10799.99999999,10799.99999999,0.0,True,False
85210,2025-03-01 04:10:00,136.31356725290388,610.1952339285713,473.88166666666666,10799.99999999,10799.99999999,0.0,True,False
85220,2025-03-01 04:20:00,172.72902856242789,611.9889785714286,439.25994999999995,10799.99999999,10799.99999999,0.0,True,False
85230,2025-03-01 04:30:00,200.13577380052308,608.9541071428571,408.81833333333327,10799.99999999,10799.99999999,0.0,True,False
85240,2025-03-01 04:40:00,188.2869303481419,613.4293970238093,425.1424666666667,10799.99999999,10799.99999999,0.0,True,False
85250,2025-03-01 04:50:00,167.19183094338024,617.5959476190476,450.40411666666665,10799.99999999,10799.99999999,0.0,True,False
85260,2025-03-01 05:00:00,165.29589284814207,616.0808928571428,450.78499999999997,10799.99999999,10799.99999999,0.0,True,False
85270,2025-03-01 05:10:00,186.05183511004688,612.9103684523809,426.8585333333333,10799.99999999,10799.99999999,0.0,True,False
85280,2025-03-01 05:20:00,200.25816189576105,618.1055785714284,417.8474166666666,10799.99999999,10799.99999999,0.0,True,False
85290,2025-03-01 05:30:00,181.04505951480868,620.971726190476,439.9266666666666,10799.99999999,10799.99999999,0.0,True,False
85300,2025-03-01 05:40:00,139.54509403861826,611.7539607142857,472.20886666666667,10799.99999999,10799.99999999,0.0,True,False
85310,2025-03-01 05:50:00,189.7882017767137,667.3639684523811,477.57576666666665,10799.99999999,10799.99999999,0.0,True,False
85920,2025-03-01 16:00:00,109.28922849994522,729.5716952380949,562.6316666666667,10748.114279926665,10799.999999991,51.8857200643346,True,False
85930,2025-03-01 16:10:00,155.40103332523316,731.7862166666667,576.3851833333333,10799.999999991,10799.999999991,0.0,True,False
85940,2025-03-01 16:20:00,158.98529820618543,732.115031547619,573.1297333333333,10799.999999991,10799.999999991,0.0,True,False
85950,2025-03-01 16:30:00,177.51865951570934,728.7569928571429,551.2383333333332,10799.999999991,10799.999999991,0.0,True,False
85960,2025-03-01 16:40:00,171.64243272999485,728.5290994047618,556.8866666666667,10799.999999991,10799.999999991,0.0,True,False
85970,2025-03-01 16:50:00,190.43889880142322,716.0728654761903,525.6339666666667,10799.999999991,10799.999999991,0.0,True,False
85980,2025-03-01 17:00:00,384.39374999189954,856.3370833333331,471.94333333333327,10799.999999991,10799.999999991,0.0,True,False
85990,2025-03-01 17:10:00,372.9708196347569,850.2402363095239,477.26941666666664,10799.999999991,10799.999999991,0.0,True,False
86000,2025-03-01 17:20:00,381.6364363014234,847.9675029761903,466.33106666666663,10799.999999991,10799.999999991,0.0,True,False
86010,2025-03-01 17:30:00,420.2470833252334,855.1870833333337,434.93999999999994,10799.999999991,10799.999999991,0.0,True,False
86020,2025-03-01 17:40:00,418.62168749189965,871.0760708333332,452.4543833333333,10799.999999991,10799.999999991,0.0,True,False
86030,2025-03-01 17:50:00,338.8320648728521,780.6776315476191,441.8455666666667,10799.999999991,10799.999999991,0.0,True,False
86040,2025-03-01 18:00:00,230.36011903951882,638.1817857142858,407.8216666666666,10799.999999991,10799.999999991,0.0,True,False
86280,2025-03-01 22:00:00,87.18678572428574,1333.550119047619,413.03,5553.074561004706,6303.074560995706,749.999999991,False,True
86290,2025-03-01 22:10:00,113.85879405761897,1319.555694047619,372.36356666666666,6303.074560995706,7053.074560985706,749.9999999899999,False,True
86310,2025-03-01 22:30:00,101.9305952480954,1335.4255952380954,400.16166666666663,7169.202518833848,7919.202518824848,749.999999991,False,True
86320,2025-03-01 22:40:00,114.25416370047627,1336.4558470238096,388.86834999999996,7919.202518824848,8669.202518814847,749.99999999,False,True
86330,2025-03-01 22:50:00,133.21406965285723,1340.7133029761906,374.16589999999997,8669.202518814847,9419.202518804846,749.99999999,False,True
86340,2025-03-01 23:00:00,131.1363095338097,1345.4663095238097,380.99666666666667,9419.202518804846,10169.202518795846,749.999999991,False,True
86350,2025-03-01 23:10:00,82.7575390397062,1182.3197625898772,398.67613333333327,10169.202518795846,10799.999999991,630.7974811951539,True,False
86360,2025-03-01 23:20:00,938.6089982061856,1350.5893315476192,411.9803333333333,10799.999999991,10799.999999991,0.0,True,False
86370,2025-03-01 23:30:00,947.2748214204711,1351.4798214285713,404.205,10799.999999991,10799.999999991,0.0,True,False
86380,2025-03-01 23:40:00,972.1648636823761,1353.3577470238097,381.19288333333327,10799.999999991,10799.999999991,0.0,True,False
86390,2025-03-01 23:50:00,84.1264934442805,519.6716101190475,435.5451166666667,10799.999999991,10799.999999991,0.0,True,False
88180,2025-03-03 05:40:00,54.677430367142954,1441.486480357143,553.4757166666666,9307.10725107545,10057.107251065449,749.99999999,False,True
91060,2025-03-05 05:40:00,6.708783343333372,1436.0106,595.9684833333333,9264.701196492802,10014.701196482802,749.99999999,False,True
93610,2025-03-07 00:10:00,93.45252024809518,1355.4550702380952,428.66921666666667,8073.753805390412,8823.753805380411,749.99999999,False,True
93620,2025-03-07 00:20:00,94.6402309623811,1355.8708976190478,427.89733333333334,8823.753805380411,9573.75380537141,749.999999991,False,True
93690,2025-03-07 01:30:00,104.9139624188876,546.0876785714286,413.81833333333327,10775.380155453713,10799.999999991,24.61984453728692,True,False
93700,2025-03-07 01:40:00,141.54858451570928,549.5019178571429,407.95333333333326,10799.999999991,10799.999999991,0.0,True,False
93710,2025-03-07 01:50:00,133.57356070618542,550.8724773809524,417.2989166666667,10799.999999991,10799.999999991,0.0,True,False
93720,2025-03-07 02:00:00,122.11999999189956,551.5149999999999,429.395,10799.999999991,10799.999999991,0.0,True,False
93730,2025-03-07 02:10:00,130.21511725380432,560.036050595238,429.8209333333333,10799.999999991,10799.999999991,0.0,True,False
93740,2025-03-07 02:20:00,162.94912856332823,567.7512452380952,404.8021166666666,10799.999999991,10799.999999991,0.0,True,False
93750,2025-03-07 02:30:00,189.59559522999487,569.6855952380952,380.09,10799.999999991,10799.999999991,0.0,True,False
93760,2025-03-07 02:40:00,170.36337737285217,569.0235440476191,398.6601666666666,10799.999999991,10799.999999991,0.0,True,False
93770,2025-03-07 02:50:00,151.65783868237574,568.8633386904761,417.20550000000003,10799.999999991,10799.999999991,0.0,True,False
93780,2025-03-07 03:00:00,149.78184522999484,570.3518452380952,420.57,10799.999999991,10799.999999991,0.0,True,False
93790,2025-03-07 03:10:00,139.68973749189976,573.7366375,434.04689999999994,10799.999999991,10799.999999991,0.0,True,False
93800,2025-03-07 03:20:00,137.801026777614,582.567893452381,444.76686666666666,10799.999999991,10799.999999991,0.0,True,False
93810,2025-03-07 03:30:00,146.05291665856637,590.7579166666667,444.705,10799.999999991,10799.999999991,0.0,True,False
93820,2025-03-07 03:40:00,145.47442439666153,587.4994244047618,442.025,10799.999999991,10799.999999991,0.0,True,False
93830,2025-03-07 03:50:00,135.7414404680902,584.6610904761905,448.91964999999993,10799.999999991,10799.999999991,0.0,True,False
93840,2025-03-07 04:00:00,135.10410713475684,591.2357738095238,456.13166666666666,10799.999999991,10799.999999991,0.0,True,False
93850,2025-03-07 04:10:00,159.23523808713773,603.536638095238,444.30139999999994,10799.999999991,10799.999999991,0.0,True,False
93860,2025-03-07 04:20:00,161.6973178490426,602.9715845238095,441.2742666666666,10799.999999991,10799.999999991,0.0,True,False
93870,2025-03-07 04:30:00,142.50708332523286,594.0104166666665,451.50333333333333,10799.999999991,10799.999999991,0.0,True,False
93880,2025-03-07 04:40:00,147.446021420471,599.1220214285713,451.676,10799.999999991,10799.999999991,0.0,True,False
93890,2025-03-07 04:50:00,157.48501844428063,606.4548517857143,448.9698333333333,10799.999999991,10799.999999991,0.0,True,False
93900,2025-03-07 05:00:00,151.6658333252329,605.6491666666666,453.98333333333335,10799.999999991,10799.999999991,0.0,True,False
93910,2025-03-07 05:10:00,133.1829857061853,599.906619047619,466.72363333333334,10799.999999991,10799.999999991,0.0,True,False
93920,2025-03-07 05:20:00,139.76941368237598,604.0109303571429,464.2415166666666,10799.999999991,10799.999999991,0.0,True,False
93930,2025-03-07 05:30:00,166.49202380142353,608.1653571428571,441.6733333333333,10799.999999991,10799.999999991,0.0,True,False
93940,2025-03-07 05:40:00,1012.5492940395187,1432.8197607142856,420.27046666666666,10799.999999991,10799.999999991,0.0,True,False
93950,2025-03-07 05:50:00,227.87601665856639,656.3877,428.5116833333333,10799.999999991,10799.999999991,0.0,True,False
94560,2025-03-07 16:00:00,62.01223332110862,704.5935666666667,587.6683333333333,10750.578299979998,10799.999999991,49.421700011002386,True,False
94570,2025-03-07 16:10:00,132.0953535633282,708.6593869047618,576.5640333333333,10799.999999991,10799.999999991,0.0,True,False
94580,2025-03-07 16:20:00,142.73256725380438,708.5864339285712,565.8538666666666,10799.999999991,10799.999999991,0.0,True,False
94590,2025-03-07 16:30:00,139.76844761094745,702.2051142857143,562.4366666666666,10799.999999991,10799.999999991,0.0,True,False
94600,2025-03-07 16:40:00,142.09801427761388,703.0676642857142,560.96965,10799.999999991,10799.999999991,0.0,True,False
94610,2025-03-07 16:50:00,179.5761922538044,690.9344089285714,511.35821666666664,10799.999999991,10799.999999991,0.0,True,False
94620,2025-03-07 17:00:00,402.20964284904284,853.1663095238097,450.9566666666666,10799.999999991,10799.999999991,0.0,True,False
94630,2025-03-07 17:10:00,384.6769654680902,851.3642154761906,466.68725,10799.999999991,10799.999999991,0.0,True,False
94640,2025-03-07 17:20:00,393.9008988014233,849.5068321428569,455.6059333333333,10799.999999991,10799.999999991,0.0,True,False
94650,2025-03-07 17:30:00,442.0823809442805,854.1423809523808,412.06,10799.999999991,10799.999999991,0.0,True,False
94660,2025-03-07 17:40:00,439.0736684442806,873.1852017857142,434.1115333333333,10799.999999991,10799.999999991,0.0,True,False
94670,2025-03-07 17:50:00,326.9166999918995,781.8838499999998,454.96715,10799.999999991,10799.999999991,0.0,True,False
94680,2025-03-07 18:00:00,186.09190475380436,634.2119047619046,448.11999999999995,10799.999999991,10799.999999991,0.0,True,False
94920,2025-03-07 22:00:00,84.55160715285716,1331.3182738095238,413.4333333333333,5747.661590912116,6497.661590903115,749.999999991,False,True
94930,2025-03-07 22:10:00,108.16683274809508,1316.668082738095,375.16791666666666,6497.661590903115,7247.661590894115,749.999999991,False,True
94950,2025-03-07 22:30:00,81.08208334333322,1335.0720833333332,420.65666666666664,7345.1067289208295,8095.10672891083,749.99999999,False,True
94960,2025-03-07 22:40:00,116.15899703380965,1334.550480357143,385.05814999999996,8095.10672891083,8845.10672890083,749.99999999,False,True
94970,2025-03-07 22:50:00,150.90159405761904,1337.2541773809523,353.01924999999994,8845.10672890083,9595.10672889183,749.999999991,False,True
94980,2025-03-07 23:00:00,148.91023810523825,1342.8402380952382,360.59666666666664,9595.10672889183,10345.106728882829,749.999999991,False,True
94990,2025-03-07 23:10:00,295.6145178163179,1182.4880857142857,381.4366,10345.106728882829,10799.999999991,454.893271108171,True,False
95000,2025-03-07 23:20:00,945.3324446347568,1353.140544642857,407.80809999999997,10799.999999991,10799.999999991,0.0,True,False
95010,2025-03-07 23:30:00,933.6057738014235,1354.9074404761905,421.3016666666666,10799.999999991,10799.999999991,0.0,True,False
95020,2025-03-07 23:40:00,953.0237374918997,1356.4522041666667,403.4284666666666,10799.999999991,10799.999999991,0.0,True,False
95030,2025-03-07 23:50:00,123.35450892047115,520.8698755952381,397.51536666666664,10799.999999991,10799.999999991,0.0,True,False
95040,2025-03-08 00:00:00,105.25249999189973,518.6308333333334,413.37833333333333,10799.999999991,10799.999999991,0.0,True,False
95050,2025-03-08 00:10:00,104.20791903951871,523.6366690476191,419.42875000000004,10799.999999991,10799.999999991,0.0,True,False
95060,2025-03-08 00:20:00,107.67940296809027,522.6315363095239,414.9521333333333,10799.999999991,10799.999999991,0.0,True,False
95070,2025-03-08 00:30:00,114.12892856332823,519.9472619047618,405.81833333333327,10799.999999991,10799.999999991,0.0,True,False
95080,2025-03-08 00:40:00,134.7220374918995,533.0925041666665,398.37046666666663,10799.999999991,10799.999999991,0.0,True,False
95090,2025-03-08 00:50:00,135.80470892047109,542.136525595238,406.3318166666666,10799.999999991,10799.999999991,0.0,True,False
95100,2025-03-08 01:00:00,124.3849404680902,542.1499404761905,417.765,10799.999999991,10799.999999991,0.0,True,False
95110,2025-03-08 01:10:00,139.1726142776138,546.9894809523807,407.8168666666666,10799.999999991,10799.999999991,0.0,True,False
95120,2025-03-08 01:20:00,139.69742677761408,547.8551601190477,408.1577333333333,10799.999999991,10799.999999991,0.0,True,False
95130,2025-03-08 01:30:00,123.26803570618537,544.711369047619,421.44333333333327,10799.999999991,10799.999999991,0.0,True,False
95140,2025-03-08 01:40:00,126.72337320618536,547.756806547619,421.03343333333333,10799.999999991,10799.999999991,0.0,True,False
95150,2025-03-08 01:50:00,114.91018927761385,549.8457892857142,434.9356,10799.999999991,10799.999999991,0.0,True,False
95160,2025-03-08 02:00:00,90.34232142047094,551.0389880952379,460.6966666666666,10799.999999991,10799.999999991,0.0,True,False
95170,2025-03-08 02:10:00,97.36786368237571,558.9495470238094,461.58168333333333,10799.999999991,10799.999999991,0.0,True,False
95180,2025-03-08 02:20:00,122.34432975380437,564.994663095238,442.6503333333333,10799.999999991,10799.999999991,0.0,True,False
95190,2025-03-08 02:30:00,133.98249999189963,565.7475,431.765,10799.999999991,10799.999999991,0.0,True,False
95200,2025-03-08 02:40:00,115.0247047538044,566.1094714285714,451.08476666666667,10799.999999991,10799.999999991,0.0,True,False
95210,2025-03-08 02:50:00,112.07898749189971,566.9852208333333,454.90623333333326,10799.999999991,10799.999999991,0.0,True,False
95220,2025-03-08 03:00:00,133.55958332523298,568.7362499999999,435.1766666666666,10799.999999991,10799.999999991,0.0,True,False
95230,2025-03-08 03:10:00,142.75163868237584,572.6350220238095,429.8833833333333,10799.999999991,10799.999999991,0.0,True,False
95240,2025-03-08 03:20:00,139.28894344428048,580.9958267857141,441.70688333333334,10799.999999991,10799.999999991,0.0,True,False
95250,2025-03-08 03:30:00,135.0638095157092,588.0254761904762,452.96166666666664,10799.999999991,10799.999999991,0.0,True,False
95260,2025-03-08 03:40:00,138.63268392047107,584.8557339285713,446.22304999999994,10799.999999991,10799.999999991,0.0,True,False
95270,2025-03-08 03:50:00,135.94040058713776,583.3179172619048,447.3775166666667,10799.999999991,10799.999999991,0.0,True,False
95280,2025-03-08 04:00:00,130.80351189666155,590.3318452380952,459.5283333333333,10799.999999991,10799.999999991,0.0,True,False
95290,2025-03-08 04:10:00,140.8317255871378,600.3683755952381,459.53665,10799.999999991,10799.999999991,0.0,True,False
95300,2025-03-08 04:20:00,145.6385398728519,599.700456547619,454.06191666666666,10799.999999991,10799.999999991,0.0,True,False
95310,2025-03-08 04:30:00,138.80714284904238,592.790476190476,453.98333333333335,10799.999999991,10799.999999991,0.0,True,False
95320,2025-03-08 04:40:00,134.3593035633281,597.3661535714284,463.00685,10799.999999991,10799.999999991,0.0,True,False
95330,2025-03-08 04:50:00,133.2246309442805,604.0310642857141,470.8064333333333,10799.999999991,10799.999999991,0.0,True,False
95340,2025-03-08 05:00:00,134.26238094428052,603.7340476190475,469.47166666666664,10799.999999991,10799.999999991,0.0,True,False
95350,2025-03-08 05:10:00,138.85901546809006,598.321882142857,459.4628666666666,10799.999999991,10799.999999991,0.0,True,False
95360,2025-03-08 05:20:00,151.6682113014235,602.6035113095238,450.9353,10799.999999991,10799.999999991,0.0,True,False
95370,2025-03-08 05:30:00,155.67559522999485,606.3405952380951,450.66499999999996,10799.999999991,10799.999999991,0.0,True,False
95380,2025-03-08 05:40:00,141.47621784904257,596.2183178571429,454.7421,10799.999999991,10799.999999991,0.0,True,False
96000,2025-03-08 16:00:00,128.3722261814756,692.3722261904762,564.0,10799.99999999,10799.99999999,0.0,True,False
96010,2025-03-08 16:10:00,126.90247558623727,696.5011422619046,569.5986666666666,10799.99999999,10799.99999999,0.0,True,False
96020,2025-03-08 16:20:00,129.87874939576105,695.2944327380951,565.4156833333333,10799.99999999,10799.99999999,0.0,True,False
96030,2025-03-08 16:30:00,111.9647857052851,687.8097857142858,575.845,10799.99999999,10799.99999999,0.0,True,False
96040,2025-03-08 16:40:00,78.12638927671364,689.0613226190476,610.9349333333332,10799.99999999,10799.99999999,0.0,True,False
96050,2025-03-08 16:50:00,122.41982082433262,677.7308708333334,555.31105,10799.99999999,10799.99999999,0.0,True,False
96060,2025-03-08 17:00:00,410.02553570528505,853.4905357142857,443.465,10799.99999999,10799.99999999,0.0,True,False
96070,2025-03-08 17:10:00,421.40584880052296,852.8585488095237,431.45269999999994,10799.99999999,10799.99999999,0.0,True,False
96080,2025-03-08 17:20:00,410.10966130052304,850.2895446428571,440.1798833333333,10799.99999999,10799.99999999,0.0,True,False
96090,2025-03-08 17:30:00,425.6832142767135,853.6248809523809,427.94166666666666,10799.99999999,10799.99999999,0.0,True,False
96100,2025-03-08 17:40:00,437.4012351100468,874.2330684523808,436.8318333333333,10799.99999999,10799.99999999,0.0,True,False
96110,2025-03-08 17:50:00,331.097523205285,783.1233898809523,452.0258666666667,10799.99999999,10799.99999999,0.0,True,False
96120,2025-03-08 18:00:00,177.4882142767136,633.8432142857143,456.355,10799.99999999,10799.99999999,0.0,True,False
96360,2025-03-08 22:00:00,116.21375001,1332.82375,383.27666666666664,5719.089589522226,6469.089589513225,749.999999991,False,True
96370,2025-03-08 22:10:00,91.73950477190475,1317.4560047619048,392.3831666666666,6469.089589513225,7219.089589504225,749.999999991,False,True
96390,2025-03-08 22:30:00,118.22958334333326,1335.2029166666666,383.64,7311.205913245225,8061.205913235225,749.99999999,False,True
96400,2025-03-08 22:40:00,87.60856310523819,1334.2606797619048,413.3187833333333,8061.205913235225,8811.205913225225,749.99999999,False,True
96410,2025-03-08 22:50:00,93.37276965285717,1336.2977696428572,409.5916666666667,8811.205913225225,9561.205913216225,749.999999991,False,True
96420,2025-03-08 23:00:00,136.0343452480954,1341.566011904762,372.1983333333333,9561.205913216225,10311.205913207225,749.999999991,False,True
96430,2025-03-08 23:10:00,255.11054565111544,1181.8076198553103,383.5925333333333,10311.205913207225,10799.999999991,488.79408678377547,True,False
96440,2025-03-08 23:20:00,955.683938682376,1353.2652220238097,397.5812833333333,10799.999999991,10799.999999991,0.0,True,False
96450,2025-03-08 23:30:00,970.8058928490426,1355.2108928571429,384.405,10799.999999991,10799.999999991,0.0,True,False
96460,2025-03-08 23:40:00,980.8977160633283,1356.1775827380952,375.27986666666663,10799.999999991,10799.999999991,0.0,True,False
96470,2025-03-08 23:50:00,80.09353749189958,520.6020874999999,440.50855,10799.999999991,10799.999999991,0.0,True,False
98260,2025-03-10 05:40:00,10.52905120047614,1424.9217845238095,581.0594,8893.09429579362,9643.09429578362,749.99999999,False,True
103920,2025-03-14 04:00:00,50.42435682019826,579.2557738095237,450.6583333333333,10729.644224700607,10799.999999991,70.35577529039293,True,False
103930,2025-03-14 04:10:00,117.35365653951882,587.8320232142858,470.4783666666666,10799.999999991,10799.999999991,0.0,True,False
103940,2025-03-14 04:20:00,132.60730832523305,587.4431583333334,454.83585,10799.999999991,10799.999999991,0.0,True,False
103950,2025-03-14 04:30:00,146.19190475380438,581.2419047619047,435.05,10799.999999991,10799.999999991,0.0,True,False
103960,2025-03-14 04:40:00,113.2654833252331,584.1862166666667,470.92073333333326,10799.999999991,10799.999999991,0.0,True,False
103970,2025-03-14 04:50:00,105.95006368237588,592.1749136904762,486.22484999999995,10799.999999991,10799.999999991,0.0,True,False
103980,2025-03-14 05:00:00,137.14101189666164,594.6526785714286,457.51166666666666,10799.999999991,10799.999999991,0.0,True,False
103990,2025-03-14 05:10:00,148.9505464204709,586.7707464285712,437.8202,10799.999999991,10799.999999991,0.0,True,False
104000,2025-03-14 05:20:00,154.80489582523282,590.8109291666665,436.00603333333333,10799.999999991,10799.999999991,0.0,True,False
104010,2025-03-14 05:30:00,153.13845237285207,596.5967857142857,443.4583333333333,10799.999999991,10799.999999991,0.0,True,False
104020,2025-03-14 05:40:00,165.43677463629373,617.6896079777273,452.2528333333333,10799.999999991,10799.999999991,0.0,True,False
104640,2025-03-14 16:00:00,74.33542857142845,662.0437619047618,587.7083333333333,10800.0,10800.0,0.0,True,False
104650,2025-03-14 16:10:00,102.91312976190466,666.6636630952381,563.7505333333334,10800.0,10800.0,0.0,True,False
104660,2025-03-14 16:20:00,94.49732440476203,665.7985410714285,571.3012166666666,10800.0,10800.0,0.0,True,False
104670,2025-03-14 16:30:00,53.47691666666674,659.1569166666667,605.68,10800.0,10800.0,0.0,True,False
104680,2025-03-14 16:40:00,67.5187017857142,659.8461184523809,592.3274166666666,10800.0,10800.0,0.0,True,False
104690,2025-03-14 16:50:00,131.93683154761914,649.0832648809525,517.1464333333333,10800.0,10800.0,0.0,True,False
104700,2025-03-14 17:00:00,417.05684523809526,857.1651785714286,440.10833333333335,10800.0,10800.0,0.0,True,False
104710,2025-03-14 17:10:00,414.02970892857155,858.2084589285715,444.17875000000004,10800.0,10800.0,0.0,True,False
104720,2025-03-14 17:20:00,378.4812952380953,852.5022119047619,474.02091666666666,10800.0,10800.0,0.0,True,False
104730,2025-03-14 17:30:00,371.2052380952383,851.7535714285716,480.5483333333333,10800.0,10800.0,0.0,True,False
104740,2025-03-14 17:40:00,410.9384547619047,875.353238095238,464.4147833333333,10800.0,10800.0,0.0,True,False
104750,2025-03-14 17:50:00,328.7646928571428,786.3945595238094,457.62986666666666,10800.0,10800.0,0.0,True,False
104760,2025-03-14 18:00:00,174.8986904761905,634.6386904761905,459.74,10800.0,10800.0,0.0,True,False
105000,2025-03-14 22:00:00,121.71678572428571,1336.4067857142857,381.3566666666666,5811.814475649948,6561.814475640947,749.999999991,False,True
105010,2025-03-14 22:10:00,121.31576727190473,1321.001300595238,366.3521999999999,6561.814475640947,7311.814475631947,749.999999991,False,True
105030,2025-03-14 22:30:00,121.97398810523826,1338.3973214285716,383.09,7429.37711598009,8179.37711597109,749.999999991,False,True
105040,2025-03-14 22:40:00,117.21826727190476,1339.8818339285715,389.33023333333335,8179.37711597109,8929.37711596109,749.99999999,False,True
105050,2025-03-14 22:50:00,111.6530678671429,1338.9370511904763,393.95065,8929.37711596109,9679.37711595209,749.999999991,False,True
105060,2025-03-14 23:00:00,112.55446429571428,1338.881130952381,392.99333333333334,9679.37711595209,10429.377115943089,749.999999991,False,True
105070,2025-03-14 23:10:00,385.8060360283449,1181.5092405260239,383.9,10429.377115943089,10799.999999991,370.62288404791104,True,False
105080,2025-03-14 23:20:00,952.5303255871378,1354.5062922619047,401.97596666666664,10799.999999991,10799.999999991,0.0,True,False
105090,2025-03-14 23:30:00,922.0101785633282,1353.2501785714285,431.24,10799.999999991,10799.999999991,0.0,True,False
105100,2025-03-14 23:40:00,934.6548964204711,1351.5177297619048,416.86283333333336,10799.999999991,10799.999999991,0.0,True,False
105110,2025-03-14 23:50:00,126.28465118237577,517.5339845238094,391.2493333333333,10799.999999991,10799.999999991,0.0,True,False
105120,2025-03-15 00:00:00,127.8066666585664,519.6283333333333,391.8216666666666,10799.999999991,10799.999999991,0.0,True,False
105130,2025-03-15 00:10:00,100.7359523728521,524.9647523809524,424.2288,10799.999999991,10799.999999991,0.0,True,False
105140,2025-03-15 00:20:00,84.22133987285198,523.6070232142856,439.3856833333333,10799.999999991,10799.999999991,0.0,True,False
105150,2025-03-15 00:30:00,88.2670238014235,520.2953571428571,432.0283333333333,10799.999999991,10799.999999991,0.0,True,False
105160,2025-03-15 00:40:00,92.35166249189976,529.8636125,437.51194999999996,10799.999999991,10799.999999991,0.0,True,False
105170,2025-03-15 00:50:00,112.0926720157091,538.9414553571428,426.84878333333336,10799.999999991,10799.999999991,0.0,True,False
105180,2025-03-15 01:00:00,131.65017856332824,541.3018452380952,409.65166666666664,10799.999999991,10799.999999991,0.0,True,False
105190,2025-03-15 01:10:00,115.03781725380432,543.0143339285713,427.97651666666667,10799.999999991,10799.999999991,0.0,True,False
105200,2025-03-15 01:20:00,107.13892142047095,542.0844047619046,434.9454833333333,10799.999999991,10799.999999991,0.0,True,False
105210,2025-03-15 01:30:00,121.83410713475675,540.8824404761904,419.0483333333333,10799.999999991,10799.999999991,0.0,True,False
105220,2025-03-15 01:40:00,129.06658332523293,545.2334166666666,416.16683333333333,10799.999999991,10799.999999991,0.0,True,False
105230,2025-03-15 01:50:00,129.46956844428067,548.983018452381,419.51345,10799.999999991,10799.999999991,0.0,True,False
105240,2025-03-15 02:00:00,126.46315475380433,551.061488095238,424.59833333333336,10799.999999991,10799.999999991,0.0,True,False
105250,2025-03-15 02:10:00,119.67396130142342,556.0123946428571,436.33843333333334,10799.999999991,10799.999999991,0.0,True,False
105260,2025-03-15 02:20:00,114.67278868237585,558.5111886904762,443.8384,10799.999999991,10799.999999991,0.0,True,False
105270,2025-03-15 02:30:00,102.74482142047108,557.1298214285714,454.385,10799.999999991,10799.999999991,0.0,True,False
105280,2025-03-15 02:40:00,76.59044701570909,556.4867303571427,479.8962833333333,10799.999999991,10799.999999991,0.0,True,False
105290,2025-03-15 02:50:00,93.83748392047099,559.3559839285713,465.51849999999996,10799.999999991,10799.999999991,0.0,True,False
105300,2025-03-15 03:00:00,136.16624999189966,563.0245833333333,426.85833333333335,10799.999999991,10799.999999991,0.0,True,False
105310,2025-03-15 03:10:00,128.8215220157093,563.3051220238096,434.4836,10799.999999991,10799.999999991,0.0,True,False
105320,2025-03-15 03:20:00,136.59811725380447,569.2170005952381,432.6188833333333,10799.999999991,10799.999999991,0.0,True,False
105330,2025-03-15 03:30:00,166.43845237285197,576.8501190476189,410.41166666666663,10799.999999991,10799.999999991,0.0,True,False
105340,2025-03-15 03:40:00,155.23069463475682,572.9391946428572,417.7085,10799.999999991,10799.999999991,0.0,True,False
105350,2025-03-15 03:50:00,133.78257499189962,571.3318083333332,437.5492333333333,10799.999999991,10799.999999991,0.0,True,False
105360,2025-03-15 04:00:00,137.32964284904241,578.9796428571427,441.65,10799.999999991,10799.999999991,0.0,True,False
105370,2025-03-15 04:10:00,164.49180475380436,587.887988095238,423.39618333333334,10799.999999991,10799.999999991,0.0,True,False
105380,2025-03-15 04:20:00,151.77833808713788,586.4419214285715,434.6635833333333,10799.999999991,10799.999999991,0.0,True,False
105390,2025-03-15 04:30:00,111.89142856332828,579.4047619047619,467.5133333333333,10799.999999991,10799.999999991,0.0,True,False
105400,2025-03-15 04:40:00,122.4062470157091,583.0418470238094,460.63559999999995,10799.999999991,10799.999999991,0.0,True,False
105410,2025-03-15 04:50:00,154.660264277614,591.1580809523809,436.4978166666666,10799.999999991,10799.999999991,0.0,True,False
105420,2025-03-15 05:00:00,158.55720237285212,593.0255357142858,434.4683333333333,10799.999999991,10799.999999991,0.0,True,False
105430,2025-03-15 05:10:00,115.9277821347567,585.604582142857,469.6768,10799.999999991,10799.999999991,0.0,True,False
105440,2025-03-15 05:20:00,107.38842499189954,589.8504083333332,482.46198333333336,10799.999999991,10799.999999991,0.0,True,False
105450,2025-03-15 05:30:00,138.1222618966615,594.5639285714285,456.44166666666666,10799.999999991,10799.999999991,0.0,True,False
105460,2025-03-15 05:40:00,146.2252613014233,579.851994642857,433.62673333333333,10799.999999991,10799.999999991,0.0,True,False
105470,2025-03-15 05:50:00,196.64566249189969,636.9501791666667,440.30451666666664,10799.999999991,10799.999999991,0.0,True,False
106080,2025-03-15 16:00:00,65.1889571338564,663.3389571428571,598.15,10799.99999999,10799.99999999,0.0,True,False
106090,2025-03-15 16:10:00,51.02622141957065,666.2125214285714,615.1863,10799.99999999,10799.99999999,0.0,True,False
106100,2025-03-15 16:20:00,83.49237796718975,665.922794642857,582.4304166666666,10799.99999999,10799.99999999,0.0,True,False
106110,2025-03-15 16:30:00,123.8289571338565,661.3239571428572,537.4949999999999,10799.99999999,10799.99999999,0.0,True,False
106120,2025-03-15 16:40:00,105.08416011004684,661.1822101190476,556.09805,10799.99999999,10799.99999999,0.0,True,False
106130,2025-03-15 16:50:00,116.958878562428,649.5059952380954,532.5471166666666,10799.99999999,10799.99999999,0.0,True,False
106140,2025-03-15 17:00:00,395.5016071338564,857.0299404761904,461.5283333333333,10799.99999999,10799.99999999,0.0,True,False
106150,2025-03-15 17:10:00,408.28023451480885,857.3398178571429,449.0595833333333,10799.99999999,10799.99999999,0.0,True,False
106160,2025-03-15 17:20:00,391.1497999909993,852.3465166666667,461.19671666666665,10799.99999999,10799.99999999,0.0,True,False
106170,2025-03-15 17:30:00,394.4358928481424,853.1125595238096,458.6766666666666,10799.99999999,10799.99999999,0.0,True,False
106180,2025-03-15 17:40:00,434.99651725290397,875.9280339285713,440.93151666666665,10799.99999999,10799.99999999,0.0,True,False
106190,2025-03-15 17:50:00,350.35952618147513,786.1196261904759,435.76009999999997,10799.99999999,10799.99999999,0.0,True,False
106200,2025-03-15 18:00:00,185.7473214195708,634.3306547619048,448.5833333333333,10799.99999999,10799.99999999,0.0,True,False
106440,2025-03-15 22:00:00,119.59660715285712,1337.3516071428571,384.4216666666667,5406.601491426989,6156.601491417989,749.999999991,False,True
106450,2025-03-15 22:10:00,94.18753631952391,1320.9600529761906,393.4391833333333,6156.601491417989,6906.601491407989,749.99999999,False,True
106470,2025-03-15 22:30:00,128.66416667666658,1339.1025,377.105,7003.080135506131,7753.080135496131,749.99999999,False,True
106480,2025-03-15 22:40:00,96.97940298619072,1339.8096196428573,409.4968833333333,7753.080135496131,8503.08013548613,749.99999999,False,True
106490,2025-03-15 22:50:00,83.38956489095231,1338.6519982142856,421.92909999999995,8503.08013548613,9253.08013547713,749.999999991,False,True
106500,2025-03-15 23:00:00,109.51571429571435,1339.1257142857144,396.27666666666664,9253.08013547713,10003.08013546813,749.999999991,False,True
106520,2025-03-15 23:20:00,859.1825161979613,1354.2215464285714,400.5055,10714.91982278245,10799.99999999,85.08017720754914,True,False
106530,2025-03-15 23:30:00,943.6158333243328,1353.9725,410.3566666666666,10799.99999999,10799.99999999,0.0,True,False
106540,2025-03-15 23:40:00,931.4370089195706,1351.673025595238,420.2360166666666,10799.99999999,10799.99999999,0.0,True,False
106550,2025-03-15 23:50:00,28.070513681475383,516.6360636904761,488.56555000000003,10799.99999999,10799.99999999,0.0,True,False
109780,2025-03-18 05:40:00,21.327080367142678,1405.6622136904762,551.0018,8949.624337263233,9699.624337253232,749.99999999,False,True
114020,2025-03-21 04:20:00,129.4857660535939,574.0579011904762,435.381,10791.727978367806,10799.999999991,8.272021623194078,True,False
114030,2025-03-21 04:30:00,105.85166665856642,568.965,463.1133333333333,10799.999999991,10799.999999991,0.0,True,False
114040,2025-03-21 04:40:00,128.22089642047104,574.392963095238,446.17206666666664,10799.999999991,10799.999999991,0.0,True,False
114050,2025-03-21 04:50:00,144.49660653951864,578.8262732142856,434.32966666666664,10799.999999991,10799.999999991,0.0,True,False
114060,2025-03-21 05:00:00,126.11035713475692,576.1536904761906,450.04333333333335,10799.999999991,10799.999999991,0.0,True,False
114070,2025-03-21 05:10:00,110.07702380142342,573.0664904761904,462.98946666666666,10799.999999991,10799.999999991,0.0,True,False
114080,2025-03-21 05:20:00,36.8548493157496,498.00428265718324,461.1494333333333,10799.999999991,10799.999999991,0.0,True,False
114090,2025-03-21 05:30:00,124.78970237285202,580.401369047619,455.6116666666667,10799.999999991,10799.999999991,0.0,True,False
114100,2025-03-21 05:40:00,99.42179642047118,565.1761297619048,465.7543333333333,10799.999999991,10799.999999991,0.0,True,False
114720,2025-03-21 16:00:00,67.9242999909994,624.9676333333334,557.0433333333333,10799.99999999,10799.99999999,0.0,True,False
114730,2025-03-21 16:10:00,50.30225415766606,626.0126041666667,575.71035,10799.99999999,10799.99999999,0.0,True,False
114740,2025-03-21 16:20:00,56.42308213385636,625.182932142857,568.7598499999999,10799.99999999,10799.99999999,0.0,True,False
114750,2025-03-21 16:30:00,71.23668094338043,621.5200142857145,550.2833333333333,10799.99999999,10799.99999999,0.0,True,False
114760,2025-03-21 16:40:00,35.27119522909445,621.0948452380951,585.8236499999999,10799.99999999,10799.99999999,0.0,True,False
114770,2025-03-21 16:50:00,53.98779225290409,607.6454089285714,553.6576166666666,10799.99999999,10799.99999999,0.0,True,False
114780,2025-03-21 17:00:00,400.195654752904,854.3173214285714,454.12166666666667,10799.99999999,10799.99999999,0.0,True,False
114790,2025-03-21 17:10:00,438.14207201480866,857.3082220238094,419.16615,10799.99999999,10799.99999999,0.0,True,False
114800,2025-03-21 17:20:00,425.2596089195708,853.4732589285715,428.21365,10799.99999999,10799.99999999,0.0,True,False
114810,2025-03-21 17:30:00,411.5514285624278,853.2297619047619,441.67833333333334,10799.99999999,10799.99999999,0.0,True,False
114820,2025-03-21 17:40:00,431.35512082433263,876.8952041666666,445.5400833333333,10799.99999999,10799.99999999,0.0,True,False
114830,2025-03-21 17:50:00,343.42066368147556,787.4738136904763,444.05315,10799.99999999,10799.99999999,0.0,True,False
114840,2025-03-21 18:00:00,189.52369046718965,634.8120238095237,445.2883333333333,10799.99999999,10799.99999999,0.0,True,False
115080,2025-03-21 22:00:00,137.16904762904778,1340.9340476190478,370.4316666666667,5550.544468530166,6300.544468520166,749.99999999,False,True
115090,2025-03-21 22:10:00,110.66409703380963,1323.846080357143,379.84864999999996,6300.544468520166,7050.544468510167,749.99999999,False,True
115110,2025-03-21 22:30:00,75.20648810523811,1337.2281547619048,428.68833333333333,7125.36222010831,7875.36222009831,749.99999999,False,True
115120,2025-03-21 22:40:00,108.48550298619044,1339.0766529761904,397.2578166666666,7875.36222009831,8625.36222008931,749.999999991,False,True
115130,2025-03-21 22:50:00,112.69080596238108,1336.7850726190477,390.7609333333333,8625.36222008931,9375.36222008031,749.999999991,False,True
115140,2025-03-21 23:00:00,98.24803572428571,1334.5747023809524,402.99333333333334,9375.36222008031,10125.362220071309,749.999999991,False,True
115150,2025-03-21 23:10:00,51.98937839325412,1178.147528304022,376.56061666666665,10125.362220071309,10799.999999991,674.6377799196911,True,False
115160,2025-03-21 23:20:00,954.607726182376,1353.1012761904763,398.49354999999997,10799.999999991,10799.999999991,0.0,True,False
115170,2025-03-21 23:30:00,907.7319642776141,1352.9369642857143,445.205,10799.999999991,10799.999999991,0.0,True,False
115180,2025-03-21 23:40:00,948.8570839204712,1351.6477005952381,402.79061666666666,10799.999999991,10799.999999991,0.0,True,False
115190,2025-03-21 23:50:00,138.05460356332836,518.8746202380953,380.8200166666666,10799.999999991,10799.999999991,0.0,True,False
115200,2025-03-22 00:00:00,112.72220237285185,521.1538690476189,408.4316666666667,10799.999999991,10799.999999991,0.0,True,False
115210,2025-03-22 00:10:00,118.30579522999491,523.3578285714285,405.05203333333327,10799.999999991,10799.999999991,0.0,True,False
115220,2025-03-22 00:20:00,123.66258392047106,524.5468672619047,400.8842833333333,10799.999999991,10799.999999991,0.0,True,False
115230,2025-03-22 00:30:00,117.54958332523282,525.8929166666665,408.3433333333333,10799.999999991,10799.999999991,0.0,True,False
115240,2025-03-22 00:40:00,124.2535053490424,528.9867053571427,404.73319999999995,10799.999999991,10799.999999991,0.0,True,False
115250,2025-03-22 00:50:00,117.08204761094728,529.9431142857143,412.86106666666666,10799.999999991,10799.999999991,0.0,True,False
115260,2025-03-22 01:00:00,110.75589284904251,531.6542261904762,420.8983333333333,10799.999999991,10799.999999991,0.0,True,False
115270,2025-03-22 01:10:00,146.59985058713764,540.1675672619047,393.5677166666667,10799.999999991,10799.999999991,0.0,True,False
115280,2025-03-22 01:20:00,156.88364165856635,542.292925,385.4092833333333,10799.999999991,10799.999999991,0.0,True,False
115290,2025-03-22 01:30:00,121.25488094428076,538.3132142857144,417.0583333333333,10799.999999991,10799.999999991,0.0,True,False
115300,2025-03-22 01:40:00,90.58675594428061,541.6228392857142,451.0360833333333,10799.999999991,10799.999999991,0.0,True,False
115310,2025-03-22 01:50:00,98.00935475380444,545.0480380952381,447.0386833333333,10799.999999991,10799.999999991,0.0,True,False
115320,2025-03-22 02:00:00,133.27994046809008,546.8782738095238,413.59833333333336,10799.999999991,10799.999999991,0.0,True,False
115330,2025-03-22 02:10:00,155.2337249918996,552.3266583333333,397.09293333333335,10799.999999991,10799.999999991,0.0,True,False
115340,2025-03-22 02:20:00,151.922345825233,551.7523291666666,399.8299833333333,10799.999999991,10799.999999991,0.0,True,False
115350,2025-03-22 02:30:00,129.67749999189957,547.1541666666666,417.4766666666667,10799.999999991,10799.999999991,0.0,True,False
115360,2025-03-22 02:40:00,105.54753511094722,550.7944851190475,445.24694999999997,10799.999999991,10799.999999991,0.0,True,False
115370,2025-03-22 02:50:00,96.68065594428069,554.5391392857143,457.8584833333333,10799.999999991,10799.999999991,0.0,True,False
115380,2025-03-22 03:00:00,107.89761903951873,554.9459523809523,447.0483333333333,10799.999999991,10799.999999991,0.0,True,False
115390,2025-03-22 03:10:00,128.17610356332816,557.7124869047618,429.53638333333333,10799.999999991,10799.999999991,0.0,True,False
115400,2025-03-22 03:20:00,133.46292499189965,564.8930583333333,431.43013333333334,10799.999999991,10799.999999991,0.0,True,False
115410,2025-03-22 03:30:00,128.3363095157093,569.3813095238096,441.04499999999996,10799.999999991,10799.999999991,0.0,True,False
115420,2025-03-22 03:40:00,137.80159582523285,562.3224791666665,424.52088333333336,10799.999999991,10799.999999991,0.0,True,False
115430,2025-03-22 03:50:00,142.52965415856633,559.7022875,417.17263333333335,10799.999999991,10799.999999991,0.0,True,False
115440,2025-03-22 04:00:00,133.9603571347569,567.2586904761905,433.2983333333333,10799.999999991,10799.999999991,0.0,True,False
115450,2025-03-22 04:10:00,125.40897439666159,574.4168077380953,449.00783333333334,10799.999999991,10799.999999991,0.0,True,False
115460,2025-03-22 04:20:00,127.92690475380445,572.1948047619047,444.26789999999994,10799.999999991,10799.999999991,0.0,True,False
115470,2025-03-22 04:30:00,129.93136903951867,567.091369047619,437.15999999999997,10799.999999991,10799.999999991,0.0,True,False
115480,2025-03-22 04:40:00,111.63163808713769,573.3791214285714,461.7474833333333,10799.999999991,10799.999999991,0.0,True,False
115490,2025-03-22 04:50:00,105.68289642047105,577.4954130952381,471.8125166666667,10799.999999991,10799.999999991,0.0,True,False
115500,2025-03-22 05:00:00,112.15910713475685,574.0157738095238,461.8566666666666,10799.999999991,10799.999999991,0.0,True,False
115510,2025-03-22 05:10:00,101.88006487285202,572.2020482142857,470.3219833333333,10799.999999991,10799.999999991,0.0,True,False
115520,2025-03-22 05:20:00,100.18131481333066,568.7965814880977,468.6152666666667,10799.999999991,10799.999999991,0.0,True,False
115530,2025-03-22 05:30:00,121.76880951570914,577.4371428571428,455.66833333333335,10799.999999991,10799.999999991,0.0,True,False
115540,2025-03-22 05:40:00,99.65057380142346,561.9620071428571,462.3114333333333,10799.999999991,10799.999999991,0.0,True,False
116170,2025-03-22 16:10:00,35.65883981057572,628.8881755952381,590.8783833333333,10797.884142784804,10799.999999991,2.115857206196228,True,False
116180,2025-03-22 16:20:00,64.10482856332825,628.5217952380953,564.4169666666667,10799.999999991,10799.999999991,0.0,True,False
116190,2025-03-22 16:30:00,75.03178094428071,624.2334476190478,549.2016666666666,10799.999999991,10799.999999991,0.0,True,False
116200,2025-03-22 16:40:00,63.926157134756785,623.5591071428571,559.6329499999999,10799.999999991,10799.999999991,0.0,True,False
116210,2025-03-22 16:50:00,83.69860296809023,610.3249863095239,526.6263833333333,10799.999999991,10799.999999991,0.0,True,False
116220,2025-03-22 17:00:00,385.8881547538045,854.4248214285714,468.53666666666663,10799.999999991,10799.999999991,0.0,True,False
116230,2025-03-22 17:10:00,384.2910642776139,856.6548142857141,472.36375,10799.999999991,10799.999999991,0.0,True,False
116240,2025-03-22 17:20:00,383.26971665856644,853.1717333333333,469.90201666666667,10799.999999991,10799.999999991,0.0,True,False
116250,2025-03-22 17:30:00,415.87880951570935,853.742142857143,437.8633333333333,10799.999999991,10799.999999991,0.0,True,False
116260,2025-03-22 17:40:00,451.0427428490425,876.2091428571428,425.16639999999995,10799.999999991,10799.999999991,0.0,True,False
116270,2025-03-22 17:50:00,356.04883689666156,786.0651369047619,430.0163,10799.999999991,10799.999999991,0.0,True,False
116280,2025-03-22 18:00:00,194.8994047538043,634.1460714285713,439.24666666666667,10799.999999991,10799.999999991,0.0,True,False
116520,2025-03-22 22:00:00,119.58029762904765,1339.588630952381,386.675,5801.455154972963,6551.455154962963,749.99999999,False,True
116530,2025-03-22 22:10:00,126.2266589385715,1323.9608755952381,364.4008833333333,6551.455154962963,7301.455154953963,749.999999991,False,True
116550,2025-03-22 22:30:00,97.11380953380966,1338.9738095238097,408.52666666666664,7412.234080659248,8162.234080650248,749.999999991,False,True
116560,2025-03-22 22:40:00,106.00083096238107,1338.7190976190477,399.3849333333333,8162.234080650248,8912.234080641249,749.999999991,False,True
116570,2025-03-22 22:50:00,113.01549881952381,1335.9060488095238,389.55721666666665,8912.234080641249,9662.234080632248,749.999999991,False,True
116580,2025-03-22 23:00:00,107.0401190576191,1334.330119047619,393.9566666666666,9662.234080632248,10412.234080623248,749.999999991,False,True
116590,2025-03-22 23:10:00,348.0788856231326,1176.5779904761905,397.6480833333333,10412.234080623248,10799.999999991,387.7659193677522,True,False
116600,2025-03-22 23:20:00,929.5697333252332,1352.8419666666668,423.27223333333336,10799.999999991,10799.999999991,0.0,True,False
116610,2025-03-22 23:30:00,917.9517857061855,1355.2701190476191,437.31833333333327,10799.999999991,10799.999999991,0.0,True,False
116620,2025-03-22 23:40:00,957.2076761823761,1351.4831595238097,394.27548333333334,10799.999999991,10799.999999991,0.0,True,False
116630,2025-03-22 23:50:00,62.90162142047118,516.6542380952382,453.75261666666665,10799.999999991,10799.999999991,0.0,True,False
124110,2025-03-28 04:30:00,35.842786560455316,557.7869642857142,437.4683333333333,10723.971740038267,10799.999999991,76.02825995273305,True,False
124120,2025-03-28 04:40:00,123.48492856332834,565.315861904762,441.8309333333333,10799.999999991,10799.999999991,0.0,True,False
124130,2025-03-28 04:50:00,130.95722142047123,570.1421047619049,439.18488333333335,10799.999999991,10799.999999991,0.0,True,False
124140,2025-03-28 05:00:00,123.59835237285196,549.1083523809523,425.51,10799.999999991,10799.999999991,0.0,True,False
124150,2025-03-28 05:10:00,131.1353940395188,545.1707607142857,414.0353666666666,10799.999999991,10799.999999991,0.0,True,False
124160,2025-03-28 05:20:00,115.13459820618533,550.2576148809524,435.1230166666667,10799.999999991,10799.999999991,0.0,True,False
124170,2025-03-28 05:30:00,82.32484046809029,550.8465071428573,468.52166666666665,10799.999999991,10799.999999991,0.0,True,False
124180,2025-03-28 05:40:00,908.0167243966619,1370.5956744047621,462.57894999999996,10799.999999991,10799.999999991,0.0,True,False
124800,2025-03-28 16:00:00,27.987934778957893,627.940761904762,544.38,10749.984455577776,10799.999999991,50.01554441322369,True,False
124810,2025-03-28 16:10:00,77.99285356332845,630.3212535714288,552.3284,10799.999999991,10799.999999991,0.0,True,False
124820,2025-03-28 16:20:00,75.65576011094706,628.9938434523807,553.3380833333333,10799.999999991,10799.999999991,0.0,True,False
124830,2025-03-28 16:30:00,53.16769620001677,608.022696208117,554.855,10799.999999991,10799.999999991,0.0,True,False
124840,2025-03-28 16:40:00,31.960249396661744,611.138799404762,579.17855,10799.999999991,10799.999999991,0.0,True,False
124850,2025-03-28 16:50:00,63.107954753804485,595.8897214285714,532.7817666666666,10799.999999991,10799.999999991,0.0,True,False
124860,2025-03-28 17:00:00,402.73099284904265,836.535992857143,433.80499999999995,10799.999999991,10799.999999991,0.0,True,False
124870,2025-03-28 17:10:00,436.8285327299951,841.072899404762,404.2443666666666,10799.999999991,10799.999999991,0.0,True,False
124880,2025-03-28 17:20:00,421.26243451570906,839.5239178571427,418.26148333333333,10799.999999991,10799.999999991,0.0,True,False
124890,2025-03-28 17:30:00,397.80629046809014,837.3446238095238,439.5383333333333,10799.999999991,10799.999999991,0.0,True,False
124900,2025-03-28 17:40:00,398.13537499189977,857.2570083333334,459.1216333333333,10799.999999991,10799.999999991,0.0,True,False
124910,2025-03-28 17:50:00,301.2507672538043,767.2392339285713,465.9884666666667,10799.999999991,10799.999999991,0.0,True,False
124920,2025-03-28 18:00:00,171.48988094428054,633.2015476190475,461.71166666666664,10799.999999991,10799.999999991,0.0,True,False
125160,2025-03-28 22:00:00,158.39136905761916,1338.716369047619,346.9916666666666,5705.323467651534,6455.323467642534,749.999999991,False,True
125170,2025-03-28 22:10:00,133.7196154861905,1324.8554154761905,357.80246666666665,6455.323467642534,7205.323467633533,749.999999991,False,True
125190,2025-03-28 22:30:00,121.66773810523806,1341.2044047619047,386.20333333333326,7315.576906374533,8065.5769063655325,749.999999991,False,True
125200,2025-03-28 22:40:00,105.64141370047604,1343.9479303571427,404.97318333333334,8065.5769063655325,8815.576906356533,749.999999991,False,True
125210,2025-03-28 22:50:00,101.81571429571453,1340.5722642857145,405.42321666666663,8815.576906356533,9565.576906347533,749.999999991,False,True
125220,2025-03-28 23:00:00,120.358869057619,1335.253869047619,381.5616666666666,9565.576906347533,10315.576906338532,749.999999991,False,True
125230,2025-03-28 23:10:00,266.2218242176698,1176.870356053745,372.4006499999999,10315.576906338532,10799.999999991,484.4230936524676,True,False
125240,2025-03-28 23:20:00,955.3409517776141,1352.6462517857144,397.3053,10799.999999991,10799.999999991,0.0,True,False
125250,2025-03-28 23:30:00,925.6041666585664,1354.0558333333333,428.45166666666665,10799.999999991,10799.999999991,0.0,True,False
125260,2025-03-28 23:40:00,931.5301618966616,1351.755911904762,420.22574999999995,10799.999999991,10799.999999991,0.0,True,False
125270,2025-03-28 23:50:00,99.39856784904251,519.4644345238095,420.06586666666664,10799.999999991,10799.999999991,0.0,True,False
125280,2025-03-29 00:00:00,86.05041665856632,523.2420833333333,437.19166666666666,10799.999999991,10799.999999991,0.0,True,False
125290,2025-03-29 00:10:00,91.70960594428064,523.3188892857142,431.6092833333333,10799.999999991,10799.999999991,0.0,True,False
125300,2025-03-29 00:20:00,109.09205892047098,522.9620089285713,413.86995,10799.999999991,10799.999999991,0.0,True,False
125310,2025-03-29 00:30:00,124.6126785633281,524.2143452380951,399.6016666666667,10799.999999991,10799.999999991,0.0,True,False
125320,2025-03-29 00:40:00,128.02302261094732,525.6119892857143,397.5889666666667,10799.999999991,10799.999999991,0.0,True,False
125330,2025-03-29 00:50:00,106.35772201570919,526.6937386904762,420.33601666666664,10799.999999991,10799.999999991,0.0,True,False
125340,2025-03-29 01:00:00,89.87607142047099,528.7560714285713,438.88,10799.999999991,10799.999999991,0.0,True,False
125350,2025-03-29 01:10:00,120.62988153951878,532.9688315476191,412.33894999999995,10799.999999991,10799.999999991,0.0,True,False
125360,2025-03-29 01:20:00,117.28794403951869,534.4865107142857,417.1985666666667,10799.999999991,10799.999999991,0.0,True,False
125370,2025-03-29 01:30:00,86.86738094428048,535.0140476190475,448.14666666666665,10799.999999991,10799.999999991,0.0,True,False
125380,2025-03-29 01:40:00,115.84872915856633,541.0020958333333,425.15336666666667,10799.999999991,10799.999999991,0.0,True,False
125390,2025-03-29 01:50:00,133.6696416585663,545.9433416666666,412.27369999999996,10799.999999991,10799.999999991,0.0,True,False
125400,2025-03-29 02:00:00,115.90648808713766,547.7531547619046,431.84666666666664,10799.999999991,10799.999999991,0.0,True,False
125410,2025-03-29 02:10:00,111.00393213475675,549.7208988095238,438.7169666666667,10799.999999991,10799.999999991,0.0,True,False
125420,2025-03-29 02:20:00,112.60294999189958,546.1716833333332,433.56873333333334,10799.999999991,10799.999999991,0.0,True,False
125430,2025-03-29 02:30:00,112.92333332523296,541.4633333333333,428.53999999999996,10799.999999991,10799.999999991,0.0,True,False
125440,2025-03-29 02:40:00,113.75954522999493,546.8044785714286,433.04493333333335,10799.999999991,10799.999999991,0.0,True,False
125450,2025-03-29 02:50:00,103.61143927761404,551.822505952381,448.2110666666666,10799.999999991,10799.999999991,0.0,True,False
125460,2025-03-29 03:00:00,97.92529761094735,550.8819642857143,452.9566666666666,10799.999999991,10799.999999991,0.0,True,False
125480,2025-03-29 03:20:00,1.374360107432401,554.1319386904762,424.2208333333333,10684.31692926626,10799.999999991,115.68307072473944,True,False
125490,2025-03-29 03:30:00,112.78440475380441,559.6794047619047,446.895,10799.999999991,10799.999999991,0.0,True,False
125500,2025-03-29 03:40:00,115.75725772999485,553.7256577380952,437.9684,10799.999999991,10799.999999991,0.0,True,False
125510,2025-03-29 03:50:00,132.43198630142345,551.8136696428571,419.38168333333334,10799.999999991,10799.999999991,0.0,True,False
126240,2025-03-29 16:00:00,14.48728332433102,593.00395,578.5166666666667,10799.999999989997,10799.999999989997,0.0,True,False
126250,2025-03-29 16:10:00,2.3110749909978265,595.6031916666668,593.2921166666666,10799.999999989997,10799.999999989997,0.0,True,False
126260,2025-03-29 16:20:00,14.205392252902517,594.4478922619048,580.2425,10799.999999989997,10799.999999989997,0.0,True,False
126270,2025-03-29 16:30:00,38.74389046718845,590.9505571428574,552.2066666666666,10799.999999989997,10799.999999989997,0.0,True,False
126280,2025-03-29 16:40:00,30.39630237195006,593.7691357142858,563.3728333333333,10799.999999989997,10799.999999989997,0.0,True,False
126290,2025-03-29 16:50:00,54.3583148719499,578.2100315476189,523.8517166666666,10799.999999989997,10799.999999989997,0.0,True,False
126300,2025-03-29 17:00:00,376.3924261814739,829.3740928571428,452.9816666666666,10799.999999989997,10799.999999989997,0.0,True,False
126310,2025-03-29 17:10:00,368.86351368147376,833.9056303571429,465.04211666666663,10799.999999989997,10799.999999989997,0.0,True,False
126320,2025-03-29 17:20:00,357.88779046718975,832.0827404761919,474.19494999999995,10799.999999989997,10799.999999989997,0.0,True,False
126330,2025-03-29 17:30:00,383.28814046718816,830.4014738095238,447.1133333333333,10799.999999989997,10799.999999989997,0.0,True,False
126340,2025-03-29 17:40:00,415.9437261814741,852.1292261904764,436.18549999999993,10799.999999989997,10799.999999989997,0.0,True,False
126350,2025-03-29 17:50:00,339.5333160624264,761.9122327380953,422.3789166666666,10799.999999989997,10799.999999989997,0.0,True,False
126360,2025-03-29 18:00:00,212.7818452290929,632.8635119047618,420.0816666666666,10799.999999989997,10799.999999989997,0.0,True,False
126600,2025-03-29 22:00:00,103.92809524809535,1337.0614285714287,399.8,5609.033832557943,6359.033832548943,749.999999991,False,True
126610,2025-03-29 22:10:00,107.79963691476199,1323.9890535714287,382.85608333333334,6359.033832548943,7109.0338325399425,749.999999991,False,True
126630,2025-03-29 22:30:00,96.73720239095245,1342.4372023809524,412.3666666666666,7210.577491816657,7960.577491807657,749.999999991,False,True
126640,2025-03-29 22:40:00,107.83580179571423,1345.7388851190476,404.56975,7960.577491807657,8710.577491798656,749.999999991,False,True
126650,2025-03-29 22:50:00,106.71006012904762,1341.639493452381,401.5961,8710.577491798656,9460.577491789656,749.999999991,False,True
126660,2025-03-29 23:00:00,99.10690477190461,1334.6369047619046,402.1966666666666,9460.577491789656,10210.577491780656,749.999999991,False,True
126670,2025-03-29 23:10:00,142.16732877422078,1175.2300601190477,378.1488333333333,10210.577491780656,10799.999999991,589.4225082103443,True,False
126680,2025-03-29 23:20:00,969.6671958252331,1351.7247458333334,382.05755,10799.999999991,10799.999999991,0.0,True,False
126690,2025-03-29 23:30:00,953.2317857061857,1354.6551190476193,401.4233333333333,10799.999999991,10799.999999991,0.0,True,False
126700,2025-03-29 23:40:00,969.4830220157094,1352.5272220238096,383.04419999999993,10799.999999991,10799.999999991,0.0,True,False
126710,2025-03-29 23:50:00,73.8457577299948,519.9973910714284,446.1516333333333,10799.999999991,10799.999999991,0.0,True,False
134900,2025-04-04 16:20:00,10.038702371951763,556.9476190476191,546.9089166666666,10799.99999999,10799.99999999,0.0,True,False
134910,2025-04-04 16:30:00,1.064545229094597,555.8095452380953,554.7449999999999,10799.99999999,10799.99999999,0.0,True,False
134930,2025-04-04 16:50:00,26.18189761004684,543.1209976190476,516.9390999999999,10799.99999999,10799.99999999,0.0,True,False
134940,2025-04-04 17:00:00,390.3592214195706,805.735888095238,415.37666666666667,10799.99999999,10799.99999999,0.0,True,False
134950,2025-04-04 17:10:00,369.73909999099925,806.7866333333333,437.04753333333326,10799.99999999,10799.99999999,0.0,True,False
134960,2025-04-04 17:20:00,345.055854752904,803.7543880952379,458.69853333333333,10799.99999999,10799.99999999,0.0,True,False
134970,2025-04-04 17:30:00,360.26201903861823,804.1003523809524,443.83833333333337,10799.99999999,10799.99999999,0.0,True,False
134980,2025-04-04 17:40:00,352.4203749909991,826.3686249999998,473.94825,10799.99999999,10799.99999999,0.0,True,False
134990,2025-04-04 17:50:00,268.68086963385645,736.8185029761905,468.1376333333333,10799.99999999,10799.99999999,0.0,True,False
135000,2025-04-04 18:00:00,213.19303570528498,634.6680357142857,421.47499999999997,10799.99999999,10799.99999999,0.0,True,False
135240,2025-04-04 22:00:00,119.20648810523822,1337.7098214285716,385.16999999999996,5707.544910858211,6457.54491084921,749.999999991,False,True
135250,2025-04-04 22:10:00,131.00218215285713,1327.0799488095238,362.74443333333335,6457.54491084921,7207.54491084021,749.999999991,False,True
135270,2025-04-04 22:30:00,111.38238096238113,1339.042380952381,394.32666666666665,7329.390440652638,8079.390440643638,749.999999991,False,True
135280,2025-04-04 22:40:00,111.88703810523815,1343.0784714285714,397.8581,8079.390440643638,8829.390440633637,749.99999999,False,True
135290,2025-04-04 22:50:00,100.20279703380946,1342.1182803571428,408.58215,8829.390440633637,9579.390440624637,749.999999991,False,True
135300,2025-04-04 23:00:00,88.36934524809531,1335.7176785714287,414.015,9579.390440624637,10329.390440615636,749.999999991,False,True
135310,2025-04-04 23:10:00,270.11170386864353,1172.958830952381,379.94761666666665,10329.390440615636,10799.999999991,470.6095593753638,True,False
135320,2025-04-04 23:20:00,965.3827999918997,1349.2725333333333,383.8897333333333,10799.999999991,10799.999999991,0.0,True,False
135330,2025-04-04 23:30:00,938.516607134757,1355.3499404761906,416.8333333333333,10799.999999991,10799.999999991,0.0,True,False
135340,2025-04-04 23:40:00,957.3678059442806,1352.8518059523808,395.484,10799.999999991,10799.999999991,0.0,True,False
135350,2025-04-04 23:50:00,123.542795229995,517.9601285714286,394.4173333333333,10799.999999991,10799.999999991,0.0,True,False
135360,2025-04-05 00:00:00,106.56690475380432,521.4785714285713,414.91166666666663,10799.999999991,10799.999999991,0.0,True,False
135370,2025-04-05 00:10:00,139.97098213475678,525.4844154761904,385.5134333333333,10799.999999991,10799.999999991,0.0,True,False
135380,2025-04-05 00:20:00,132.42577499189977,526.6192583333334,394.1934833333333,10799.999999991,10799.999999991,0.0,True,False
135390,2025-04-05 00:30:00,85.87119046809013,524.8245238095237,438.95333333333326,10799.999999991,10799.999999991,0.0,True,False
135400,2025-04-05 00:40:00,99.12432618237594,523.2812761904762,424.15694999999994,10799.999999991,10799.999999991,0.0,True,False
135410,2025-04-05 00:50:00,124.66620237285221,526.2084023809525,401.5422,10799.999999991,10799.999999991,0.0,True,False
135420,2025-04-05 01:00:00,123.37053570618534,530.1322023809523,406.76166666666666,10799.999999991,10799.999999991,0.0,True,False
135430,2025-04-05 01:10:00,104.09049701570913,527.8988136904761,423.80831666666666,10799.999999991,10799.999999991,0.0,True,False
135440,2025-04-05 01:20:00,81.84179344428057,528.8480101190476,447.00621666666666,10799.999999991,10799.999999991,0.0,True,False
135450,2025-04-05 01:30:00,73.59684522999495,535.9118452380952,462.31499999999994,10799.999999991,10799.999999991,0.0,True,False
135460,2025-04-05 01:40:00,90.23414701570911,542.4284970238094,452.19435,10799.999999991,10799.999999991,0.0,True,False
135470,2025-04-05 01:50:00,114.76455832523285,545.9890583333332,431.22450000000003,10799.999999991,10799.999999991,0.0,True,False
135480,2025-04-05 02:00:00,128.080595229995,548.907261904762,420.82666666666665,10799.999999991,10799.999999991,0.0,True,False
135490,2025-04-05 02:10:00,119.7552488014235,553.8420154761905,434.0867666666666,10799.999999991,10799.999999991,0.0,True,False
135500,2025-04-05 02:20:00,95.6901404680901,551.3597738095237,455.6696333333333,10799.999999991,10799.999999991,0.0,True,False
136380,2025-04-05 17:00:00,336.8047878947728,806.1928238095239,447.09999999999997,10779.940767667724,10799.999999991,20.0592323232762,True,False
136390,2025-04-05 17:10:00,352.0084553490426,807.4557220238095,455.4472666666666,10799.999999991,10799.999999991,0.0,True,False
136400,2025-04-05 17:20:00,328.1454047538045,805.5924880952381,477.4470833333333,10799.999999991,10799.999999991,0.0,True,False
136410,2025-04-05 17:30:00,329.2296095157092,806.9629428571429,477.73333333333335,10799.999999991,10799.999999991,0.0,True,False
136420,2025-04-05 17:40:00,350.2848482061853,829.5190148809523,479.2341666666667,10799.999999991,10799.999999991,0.0,True,False
136430,2025-04-05 17:50:00,271.0769773728522,739.0165273809524,467.93954999999994,10799.999999991,10799.999999991,0.0,True,False
136440,2025-04-05 18:00:00,180.72476189666162,633.7164285714285,452.9916666666666,10799.999999991,10799.999999991,0.0,True,False
136680,2025-04-05 22:00:00,93.4770833433332,1336.7004166666666,409.89,5617.858483901533,6367.858483892533,749.999999991,False,True
136690,2025-04-05 22:10:00,97.60051965285719,1326.6362529761905,395.70239999999995,6367.858483892533,7117.858483883532,749.999999991,False,True
136710,2025-04-05 22:30:00,133.4286904861906,1338.1020238095239,371.34,7232.230211195961,7982.23021118696,749.999999991,False,True
136720,2025-04-05 22:40:00,106.6184791766667,1343.5356125,403.5838,7982.23021118696,8732.23021117696,749.99999999,False,True
136730,2025-04-05 22:50:00,102.40638631952378,1344.102669642857,408.36295,8732.23021117696,9482.23021116796,749.999999991,False,True
136740,2025-04-05 23:00:00,119.44047620047625,1337.6254761904763,384.8516666666667,9482.23021116796,10232.23021115896,749.999999991,False,True
136750,2025-04-05 23:10:00,139.54641538503483,1172.9056529761906,402.5039166666666,10232.23021115896,10799.999999991,567.7697888320403,True,False
136760,2025-04-05 23:20:00,916.6456726109476,1348.4183059523812,431.7726333333333,10799.999999991,10799.999999991,0.0,True,False
136770,2025-04-05 23:30:00,923.81369046809,1355.190357142857,431.37666666666667,10799.999999991,10799.999999991,0.0,True,False
136780,2025-04-05 23:40:00,950.406708325233,1352.568075,402.1613666666666,10799.999999991,10799.999999991,0.0,True,False
136790,2025-04-05 23:50:00,67.53636784904253,517.8494845238096,450.3131166666667,10799.999999991,10799.999999991,0.0,True,False
145020,2025-04-11 17:00:00,328.9965023719517,770.0081690476189,441.01166666666666,10799.99999999,10799.99999999,0.0,True,False
145030,2025-04-11 17:10:00,342.5586309433801,773.4319142857142,430.87328333333335,10799.99999999,10799.99999999,0.0,True,False
145040,2025-04-11 17:20:00,321.95321011004717,775.383343452381,453.43013333333334,10799.99999999,10799.99999999,0.0,True,False
145050,2025-04-11 17:30:00,320.2510261814755,778.5226928571428,458.27166666666665,10799.99999999,10799.99999999,0.0,True,False
145060,2025-04-11 17:40:00,339.0856488005232,799.3265988095238,460.24095,10799.99999999,10799.99999999,0.0,True,False
145070,2025-04-11 17:50:00,240.0120285624279,706.2141952380953,466.2021666666667,10799.99999999,10799.99999999,0.0,True,False
145080,2025-04-11 18:00:00,163.54190475290397,632.9219047619047,469.38,10799.99999999,10799.99999999,0.0,True,False
145320,2025-04-11 22:00:00,107.11107143857156,1335.7577380952382,395.31333333333333,5726.23290639392,6476.232906384919,749.999999991,False,True
145330,2025-04-11 22:10:00,109.28308334333325,1325.5926,382.9761833333333,6476.232906384919,7226.232906374919,749.99999999,False,True
145350,2025-04-11 22:30:00,56.5309523909525,1337.2059523809526,447.3416666666667,7314.9052692230625,8064.905269214062,749.999999991,False,True
145360,2025-04-11 22:40:00,83.46247620047619,1340.4895595238095,423.69374999999997,8064.905269214062,8814.905269205063,749.999999991,False,True
145370,2025-04-11 22:50:00,125.17019703380969,1341.9316636904764,383.42813333333334,8814.905269205063,9564.905269196062,749.999999991,False,True
145380,2025-04-11 23:00:00,128.58642858142855,1338.3730952380952,376.45333333333326,9564.905269196062,10314.905269187062,749.999999991,False,True
145400,2025-04-11 23:20:00,476.82118143800506,1350.3012583333334,430.88913333333335,10401.668150785204,10799.999999991,398.3318492057955,True,False
145410,2025-04-11 23:30:00,939.913988087138,1359.370654761905,419.4566666666666,10799.999999991,10799.999999991,0.0,True,False
145420,2025-04-11 23:40:00,948.0098684442806,1356.3407684523809,408.3309,10799.999999991,10799.999999991,0.0,True,False
145430,2025-04-11 23:50:00,105.9232999918996,519.91455,413.99125000000004,10799.999999991,10799.999999991,0.0,True,False
145440,2025-04-12 00:00:00,101.6736904680902,521.9903571428572,420.31666666666666,10799.999999991,10799.999999991,0.0,True,False
145450,2025-04-12 00:10:00,122.67783392047116,523.3441172619048,400.6662833333333,10799.999999991,10799.999999991,0.0,True,False
145460,2025-04-12 00:20:00,127.51819165856628,524.3861083333333,396.86791666666664,10799.999999991,10799.999999991,0.0,True,False
145470,2025-04-12 00:30:00,102.82749999189971,524.2991666666667,421.47166666666664,10799.999999991,10799.999999991,0.0,True,False
145480,2025-04-12 00:40:00,79.44603927761395,521.6646559523809,442.21861666666666,10799.999999991,10799.999999991,0.0,True,False
145490,2025-04-12 00:50:00,88.05774880142351,523.9173821428572,435.8596333333333,10799.999999991,10799.999999991,0.0,True,False
145500,2025-04-12 01:00:00,114.69095237285208,529.1126190476191,414.4216666666667,10799.999999991,10799.999999991,0.0,True,False
145510,2025-04-12 01:10:00,119.89603868237575,528.6785053571427,408.78246666666666,10799.999999991,10799.999999991,0.0,True,False
145520,2025-04-12 01:20:00,135.98566308713757,533.3109964285712,397.32533333333333,10799.999999991,10799.999999991,0.0,True,False
145530,2025-04-12 01:30:00,148.4452380871377,542.1669047619047,393.72166666666664,10799.999999991,10799.999999991,0.0,True,False
145540,2025-04-12 01:40:00,110.43741665856632,543.0478166666667,432.6104,10799.999999991,10799.999999991,0.0,True,False
145550,2025-04-12 01:50:00,102.39412499189964,543.8302083333333,441.43608333333333,10799.999999991,10799.999999991,0.0,True,False
145560,2025-04-12 02:00:00,136.0179166585663,547.5879166666666,411.57,10799.999999991,10799.999999991,0.0,True,False
145570,2025-04-12 02:10:00,141.84822558713776,548.5545589285714,406.7063333333333,10799.999999991,10799.999999991,0.0,True,False
145580,2025-04-12 02:20:00,130.23137677761392,545.8208101190476,415.5894333333333,10799.999999991,10799.999999991,0.0,True,False
145590,2025-04-12 02:30:00,119.03642856332826,544.5330952380953,425.49666666666667,10799.999999991,10799.999999991,0.0,True,False
145600,2025-04-12 02:40:00,113.361108325233,550.381125,437.02001666666666,10799.999999991,10799.999999991,0.0,True,False
145610,2025-04-12 02:50:00,120.45717022999483,552.8763035714285,432.4191333333333,10799.999999991,10799.999999991,0.0,True,False
145620,2025-04-12 03:00:00,127.1467857061854,550.510119047619,423.3633333333333,10799.999999991,10799.999999991,0.0,True,False
145630,2025-04-12 03:10:00,113.1516202299949,551.9782202380952,438.8266,10799.999999991,10799.999999991,0.0,True,False
145640,2025-04-12 03:20:00,111.81541368237592,554.6226636904762,442.80724999999995,10799.999999991,10799.999999991,0.0,True,False
145650,2025-04-12 03:30:00,114.5158928490425,555.9058928571428,441.39,10799.999999991,10799.999999991,0.0,True,False
145660,2025-04-12 03:40:00,84.72588749189961,556.5576874999999,471.8318,10799.999999991,10799.999999991,0.0,True,False
145670,2025-04-12 03:50:00,92.44359701570912,557.9113803571428,465.46778333333333,10799.999999991,10799.999999991,0.0,True,False
145680,2025-04-12 04:00:00,137.7919642776139,560.1469642857143,422.355,10799.999999991,10799.999999991,0.0,True,False
146460,2025-04-12 17:00:00,354.11941427671377,788.4827476190476,434.3633333333333,10799.99999999,10799.99999999,0.0,True,False
146470,2025-04-12 17:10:00,370.5435190386184,791.3990357142857,420.85551666666663,10799.99999999,10799.99999999,0.0,True,False
146480,2025-04-12 17:20:00,357.1417583243327,793.090275,435.94851666666665,10799.99999999,10799.99999999,0.0,True,False
146490,2025-04-12 17:30:00,363.7410809433801,796.1694142857142,432.42833333333334,10799.99999999,10799.99999999,0.0,True,False
146500,2025-04-12 17:40:00,363.5456833243328,817.6198500000002,454.07416666666666,10799.99999999,10799.99999999,0.0,True,False
146510,2025-04-12 17:50:00,239.24393213385645,724.9626654761904,485.71873333333326,10799.99999999,10799.99999999,0.0,True,False
146520,2025-04-12 18:00:00,139.15119046718954,633.2661904761903,494.115,10799.99999999,10799.99999999,0.0,True,False
146760,2025-04-12 22:00:00,104.65119048619054,1336.2561904761906,398.27166666666665,5782.4659710500055,6532.465971041005,749.999999991,False,True
146770,2025-04-12 22:10:00,99.77331370047624,1326.1863136904763,393.07966666666664,6532.465971041005,7282.465971032005,749.999999991,False,True
146790,2025-04-12 22:30:00,143.43898810523842,1339.500654761905,362.7283333333333,7401.385383344433,8151.385383335432,749.999999991,False,True
146800,2025-04-12 22:40:00,94.81977798619037,1341.7168279761904,413.56371666666666,8151.385383335432,8901.385383326433,749.999999991,False,True
146810,2025-04-12 22:50:00,76.07397037332724,1341.4176036966605,432.0103,8901.385383326433,9651.385383317433,749.999999991,False,True
146820,2025-04-12 23:00:00,101.92071429571443,1337.7823809523811,402.5283333333333,9651.385383317433,10401.385383308432,749.999999991,False,True
146840,2025-04-12 23:20:00,595.4260816522263,1351.3338714285715,415.30499999999995,10493.45748919229,10799.999999991,306.5425107987106,True,False
146850,2025-04-12 23:30:00,959.7414880871378,1358.9498214285713,399.2083333333333,10799.999999991,10799.999999991,0.0,True,False
146860,2025-04-12 23:40:00,982.8360065395187,1356.036056547619,373.20005,10799.999999991,10799.999999991,0.0,True,False
146870,2025-04-12 23:50:00,74.23306130142336,520.7267613095237,446.4937,10799.999999991,10799.999999991,0.0,True,False
148280,2025-04-13 23:20:00,1.8139416766666647,1351.862425,516.71515,5394.432014729754,6144.432014719754,749.99999999,False,True
155100,2025-04-18 17:00:00,319.48419284814213,758.4525261904762,438.9683333333333,10799.99999999,10799.99999999,0.0,True,False
155110,2025-04-18 17:10:00,338.5641761814755,760.3146928571429,421.7505166666666,10799.99999999,10799.99999999,0.0,True,False
155120,2025-04-18 17:20:00,321.2693243957613,761.3338577380953,440.0645333333333,10799.99999999,10799.99999999,0.0,True,False
155130,2025-04-18 17:30:00,309.39633570528497,764.169669047619,454.7733333333333,10799.99999999,10799.99999999,0.0,True,False
155140,2025-04-18 17:40:00,349.00278153861836,784.7894648809523,435.7866833333333,10799.99999999,10799.99999999,0.0,True,False
155150,2025-04-18 17:50:00,259.7241993957612,693.7657494047619,434.04155,10799.99999999,10799.99999999,0.0,True,False
155160,2025-04-18 18:00:00,181.20803570528497,635.6147023809523,454.40666666666664,10799.99999999,10799.99999999,0.0,True,False
155400,2025-04-18 22:00:00,115.7545238195239,1334.374523809524,385.28666666666663,5766.642764852914,6516.642764842914,749.99999999,False,True
155410,2025-04-18 22:10:00,123.31714405761896,1324.840194047619,368.18971666666664,6516.642764842914,7266.642764833914,749.999999991,False,True
155430,2025-04-18 22:30:00,136.06863096238112,1336.343630952381,366.94166666666666,7389.1186176820565,8139.118617672057,749.99999999,False,True
155440,2025-04-18 22:40:00,139.19322917666682,1340.6926625,368.1661,8139.118617672057,8889.118617662056,749.99999999,False,True
155460,2025-04-18 23:00:00,119.04755953380958,1341.680892857143,389.3,9562.81981687448,10312.81981686548,749.999999991,False,True
155480,2025-04-18 23:20:00,483.7237996918034,1349.785680357143,412.65024999999997,10391.929532392194,10799.999999991,408.07046759880575,True,False
155490,2025-04-18 23:30:00,984.750714277614,1358.0357142857142,373.28499999999997,10799.999999991,10799.999999991,0.0,True,False
155500,2025-04-18 23:40:00,986.7142601109474,1355.296193452381,368.58193333333327,10799.999999991,10799.999999991,0.0,True,False
155510,2025-04-18 23:50:00,137.4713035633283,517.9736035714286,380.5023,10799.999999991,10799.999999991,0.0,True,False
155520,2025-04-19 00:00:00,119.08005951570922,519.2717261904762,400.19166666666666,10799.999999991,10799.999999991,0.0,True,False
155530,2025-04-19 00:10:00,89.13647439666155,522.9269577380952,433.7904833333333,10799.999999991,10799.999999991,0.0,True,False
155540,2025-04-19 00:20:00,96.16054999189973,522.9762166666667,426.81566666666663,10799.999999991,10799.999999991,0.0,True,False
155550,2025-04-19 00:30:00,131.79565475380443,520.4106547619048,388.615,10799.999999991,10799.999999991,0.0,True,False
155560,2025-04-19 00:40:00,133.83543689666166,522.1302035714286,388.29476666666665,10799.999999991,10799.999999991,0.0,True,False
155570,2025-04-19 00:50:00,111.84966487285206,528.0058648809523,416.15619999999996,10799.999999991,10799.999999991,0.0,True,False
155580,2025-04-19 01:00:00,101.76517856332836,531.668511904762,429.9033333333333,10799.999999991,10799.999999991,0.0,True,False
155590,2025-04-19 01:10:00,128.2354053490425,527.6752720238095,399.43986666666666,10799.999999991,10799.999999991,0.0,True,False
155600,2025-04-19 01:20:00,142.7002851109472,531.0031351190476,388.30285000000003,10799.999999991,10799.999999991,0.0,True,False
155610,2025-04-19 01:30:00,132.3639880871377,541.718988095238,409.355,10799.999999991,10799.999999991,0.0,True,False
155620,2025-04-19 01:40:00,129.33978094428042,545.088464285714,415.7486833333333,10799.999999991,10799.999999991,0.0,True,False
155630,2025-04-19 01:50:00,128.5863422538046,546.9797589285715,418.3934166666666,10799.999999991,10799.999999991,0.0,True,False
155640,2025-04-19 02:00:00,110.95124999189974,548.4829166666667,437.53166666666664,10799.999999991,10799.999999991,0.0,True,False
155650,2025-04-19 02:10:00,70.68739701570902,544.3412970238094,473.6539,10799.999999991,10799.999999991,0.0,True,False
155660,2025-04-19 02:20:00,69.18944701570925,543.9881136904762,474.79866666666663,10799.999999991,10799.999999991,0.0,True,False
155670,2025-04-19 02:30:00,107.58869046809005,548.800357142857,441.21166666666664,10799.999999991,10799.999999991,0.0,True,False
155680,2025-04-19 02:40:00,126.20837439666158,550.5990077380952,424.3906333333333,10799.999999991,10799.999999991,0.0,True,False
155690,2025-04-19 02:50:00,129.89849761094726,550.3093142857142,420.4108166666666,10799.999999991,10799.999999991,0.0,True,False
155700,2025-04-19 03:00:00,126.33613094428065,550.521130952381,424.185,10799.999999991,10799.999999991,0.0,True,False
155720,2025-04-19 03:20:00,72.54687663639426,553.5672714285713,433.41495,10757.15509967804,10799.999999991,42.84490031295936,True,False
155730,2025-04-19 03:30:00,125.73827380142339,554.5549404761904,428.81666666666666,10799.999999991,10799.999999991,0.0,True,False
155740,2025-04-19 03:40:00,97.98600296809019,557.3836863095239,459.39768333333336,10799.999999991,10799.999999991,0.0,True,False
155750,2025-04-19 03:50:00,98.51321368237583,560.2529303571428,461.7397166666666,10799.999999991,10799.999999991,0.0,True,False
156540,2025-04-19 17:00:00,315.84365237195175,751.795319047619,435.95166666666665,10799.99999999,10799.99999999,0.0,True,False
156550,2025-04-19 17:10:00,366.0667249909991,754.2909749999998,388.22425,10799.99999999,10799.99999999,0.0,True,False
156560,2025-04-19 17:20:00,331.4265035624277,755.6410869047617,424.2145833333333,10799.99999999,10799.99999999,0.0,True,False
156570,2025-04-19 17:30:00,271.5779976100471,758.521330952381,486.94333333333327,10799.99999999,10799.99999999,0.0,True,False
156580,2025-04-19 17:40:00,306.5953458243325,778.3251124999999,471.72976666666665,10799.99999999,10799.99999999,0.0,True,False
156590,2025-04-19 17:50:00,238.20247558623723,687.292175595238,449.0897,10799.99999999,10799.99999999,0.0,True,False
156600,2025-04-19 18:00:00,183.46202380052299,635.940357142857,452.4783333333333,10799.99999999,10799.99999999,0.0,True,False
156840,2025-04-19 22:00:00,110.29839286714285,1334.9050595238095,391.2733333333333,5789.244054800003,6539.244054790003,749.99999999,False,True
156850,2025-04-19 22:10:00,68.95260358142853,1324.4238035714286,422.1378666666667,6539.244054790003,7289.244054781003,749.999999991,False,True
156870,2025-04-19 22:30:00,106.69172620047628,1334.138392857143,394.1133333333333,7356.84082941486,8106.84082940486,749.99999999,False,True
156880,2025-04-19 22:40:00,132.38738929571446,1339.6536726190477,373.93294999999995,8106.84082940486,8856.84082939486,749.99999999,False,True
156900,2025-04-19 23:00:00,112.538511914762,1341.1918452380953,395.32,9441.646892314786,10191.646892305786,749.999999991,False,True
156920,2025-04-19 23:20:00,413.885475181031,1350.2912767857142,379.2663333333333,10298.574478546785,10799.999999991,501.42552144421495,True,False
156930,2025-04-19 23:30:00,985.1488095157092,1355.4671428571428,370.31833333333327,10799.999999991,10799.999999991,0.0,True,False
156940,2025-04-19 23:40:00,973.6995880871377,1354.0744547619047,380.37486666666666,10799.999999991,10799.999999991,0.0,True,False
156950,2025-04-19 23:50:00,51.60293987285204,517.9622565476191,466.3593166666667,10799.999999991,10799.999999991,0.0,True,False
165180,2025-04-25 17:00:00,267.78299046718985,716.2246571428573,448.44166666666666,10799.99999999,10799.99999999,0.0,True,False
165190,2025-04-25 17:10:00,266.3415690386182,717.4300523809522,451.08848333333333,10799.99999999,10799.99999999,0.0,True,False
165200,2025-04-25 17:20:00,242.6065648719517,718.5961815476192,475.9896166666666,10799.99999999,10799.99999999,0.0,True,False
165210,2025-04-25 17:30:00,243.87406189576123,723.6357285714287,479.76166666666666,10799.99999999,10799.99999999,0.0,True,False
165220,2025-04-25 17:40:00,260.0674178481422,744.149667857143,484.08225,10799.99999999,10799.99999999,0.0,True,False
165230,2025-04-25 17:50:00,177.57100237195166,652.9142023809525,475.3432,10799.99999999,10799.99999999,0.0,True,False
165240,2025-04-25 18:00:00,182.669523800523,636.4411904761904,453.77166666666665,10799.99999999,10799.99999999,0.0,True,False
165480,2025-04-25 22:00:00,126.42125000999998,1331.9595833333333,372.205,5628.3162554084665,6378.316255398467,749.99999999,False,True
165490,2025-04-25 22:10:00,99.51113512904759,1324.2185517857142,391.37408333333326,6378.316255398467,7128.316255388467,749.99999999,False,True
165510,2025-04-25 22:30:00,146.63119048619046,1330.8628571428571,350.8983333333333,7234.304640736609,7984.304640726609,749.99999999,False,True
165520,2025-04-25 22:40:00,111.94654822428582,1337.6732982142858,392.3934166666666,7984.304640726609,8734.30464071661,749.99999999,False,True
165540,2025-04-25 23:00:00,94.32083334333343,1340.8341666666668,413.17999999999995,8809.78687945761,9559.78687944861,749.999999991,False,True
165560,2025-04-25 23:20:00,24.370009776312934,1249.685109766313,391.98176666666666,9657.351254082467,10407.351254073466,749.999999991,False,True
165570,2025-04-25 23:30:00,518.4876632662325,1351.7757142857142,397.01166666666666,10407.351254073466,10799.999999991,392.6487459175335,True,False
165580,2025-04-25 23:40:00,918.642706539519,1350.8914898809526,432.2487833333333,10799.999999991,10799.999999991,0.0,True,False
165590,2025-04-25 23:50:00,96.2756595157093,517.0748928571429,420.7992333333333,10799.999999991,10799.999999991,0.0,True,False
165600,2025-04-26 00:00:00,142.9749999918997,520.3516666666667,377.37666666666667,10799.999999991,10799.999999991,0.0,True,False
165610,2025-04-26 00:10:00,132.5902857061853,526.2563357142856,393.6660499999999,10799.999999991,10799.999999991,0.0,True,False
165620,2025-04-26 00:20:00,112.93951308713761,525.5366297619046,412.59711666666664,10799.999999991,10799.999999991,0.0,True,False
165630,2025-04-26 00:30:00,110.20970237285209,521.5180357142857,411.3083333333333,10799.999999991,10799.999999991,0.0,True,False
165640,2025-04-26 00:40:00,100.37046308713772,526.7490297619047,426.37856666666664,10799.999999991,10799.999999991,0.0,True,False
165650,2025-04-26 00:50:00,90.45227618237593,532.6513761904762,442.19909999999993,10799.999999991,10799.999999991,0.0,True,False
165660,2025-04-26 01:00:00,87.19089284904251,532.2875595238095,445.09666666666664,10799.999999991,10799.999999991,0.0,True,False
165670,2025-04-26 01:10:00,90.52414582523292,528.3034124999999,437.7792666666667,10799.999999991,10799.999999991,0.0,True,False
165680,2025-04-26 01:20:00,107.08797618237585,532.5941095238095,425.5061333333333,10799.999999991,10799.999999991,0.0,True,False
165690,2025-04-26 01:30:00,124.7401190395187,542.1467857142857,417.40666666666664,10799.999999991,10799.999999991,0.0,True,False
165700,2025-04-26 01:40:00,120.29389999189962,542.9293833333332,422.6354833333333,10799.999999991,10799.999999991,0.0,True,False
165710,2025-04-26 01:50:00,108.40537796809011,544.7611279761904,436.35575,10799.999999991,10799.999999991,0.0,True,False
165720,2025-04-26 02:00:00,109.47619046809027,549.0028571428572,439.52666666666664,10799.999999991,10799.999999991,0.0,True,False
165730,2025-04-26 02:10:00,130.19687558713767,546.7390089285714,416.54213333333337,10799.999999991,10799.999999991,0.0,True,False
165740,2025-04-26 02:20:00,139.3130309442806,545.9221476190476,406.60911666666664,10799.999999991,10799.999999991,0.0,True,False
166620,2025-04-26 17:00:00,295.1948285826663,730.7960952380953,425.34666666666664,10790.770860001114,10799.999999991,9.229139989886244,True,False
166630,2025-04-26 17:10:00,292.28913987285216,733.1517565476191,440.8626166666666,10799.999999991,10799.999999991,0.0,True,False
166640,2025-04-26 17:20:00,279.4976672538045,734.7066005952382,455.20893333333333,10799.999999991,10799.999999991,0.0,True,False
166650,2025-04-26 17:30:00,298.9576428490426,739.1209761904762,440.1633333333333,10799.999999991,10799.999999991,0.0,True,False
166660,2025-04-26 17:40:00,289.9018184442809,759.0898184523811,469.188,10799.999999991,10799.999999991,0.0,True,False
166670,2025-04-26 17:50:00,201.98664999189978,667.297,465.31034999999997,10799.999999991,10799.999999991,0.0,True,False
166680,2025-04-26 18:00:00,214.56928570618533,636.157619047619,421.58833333333337,10799.999999991,10799.999999991,0.0,True,False
166920,2025-04-26 22:00:00,93.25339286714278,1332.8600595238095,406.2733333333333,5608.040859073493,6358.040859063493,749.99999999,False,True
166930,2025-04-26 22:10:00,132.56632143857166,1325.4175380952383,359.5178833333333,6358.040859063493,7108.0408590534935,749.99999999,False,True
166950,2025-04-26 22:30:00,71.26363096238093,1329.6019642857143,425.005,7226.701234223065,7976.701234213065,749.99999999,False,True
166960,2025-04-26 22:40:00,79.88447084333323,1337.2240208333333,424.00621666666666,7976.701234213065,8726.701234203065,749.99999999,False,True
166980,2025-04-26 23:00:00,95.43339286714296,1341.963392857143,413.1966666666666,8813.969902408351,9563.96990239935,749.999999991,False,True
167010,2025-04-26 23:30:00,408.15829429321957,1350.652857142857,400.9983333333333,10312.653393426326,10799.999999991,487.34660656467383,True,False
167020,2025-04-26 23:40:00,949.1465505871379,1351.3208839285714,402.17433333333327,10799.999999991,10799.999999991,0.0,True,False
167030,2025-04-26 23:50:00,49.53411784904254,517.1010845238095,467.56696666666664,10799.999999991,10799.999999991,0.0,True,False
175260,2025-05-02 17:00:00,149.7791214274582,770.7558547619046,492.7783333333333,10684.621439989998,10799.999999991,115.37856000100182,True,False
175270,2025-05-02 17:10:00,291.52380058713754,772.7472172619046,481.2234166666666,10799.999999991,10799.999999991,0.0,True,False
175280,2025-05-02 17:20:00,257.38050237285194,775.2178690476189,517.8373666666666,10799.999999991,10799.999999991,0.0,True,False
175290,2025-05-02 17:30:00,265.41829522999495,779.3699619047619,513.9516666666666,10799.999999991,10799.999999991,0.0,True,False
175300,2025-05-02 17:40:00,322.6918547538045,794.6826714285714,471.99081666666666,10799.999999991,10799.999999991,0.0,True,False
175310,2025-05-02 17:50:00,222.27022856332812,704.5273119047617,482.2570833333333,10799.999999991,10799.999999991,0.0,True,False
175320,2025-05-02 18:00:00,106.92380951570915,641.8788095238094,534.9549999999999,10799.999999991,10799.999999991,0.0,True,False
175560,2025-05-02 22:00:00,71.1905357242856,1334.0305357142856,429.50666666666666,4260.461919953122,5010.461919943122,749.99999999,False,True
175570,2025-05-02 22:10:00,56.02200774809534,1326.5824577380954,437.2271166666667,5010.461919943122,5760.461919933122,749.99999999,False,True
175590,2025-05-02 22:30:00,30.687738105238047,1334.907738095238,470.88666666666666,5791.821585816979,6541.821585806979,749.99999999,False,True
175600,2025-05-02 22:40:00,68.7608779861905,1341.4294946428572,439.33528333333334,6541.821585806979,7291.821585796979,749.99999999,False,True
175620,2025-05-02 23:00:00,72.77440477190474,1345.8710714285714,439.7633333333333,7373.254697930836,8123.254697920836,749.99999999,False,True
175650,2025-05-02 23:30:00,120.20559524809526,1351.467261904762,397.92833333333334,8298.755734242928,9048.755734232927,749.99999999,False,True
175660,2025-05-02 23:40:00,66.43431727190465,1349.985200595238,450.21754999999996,9048.755734232927,9798.755734222927,749.99999999,False,True
175780,2025-05-03 01:40:00,20.317017687381735,542.1600261904762,465.28464999999994,10749.097477338215,10799.999999991,50.902522652785045,True,False
175790,2025-05-03 01:50:00,95.77300058713766,546.3214839285713,450.5484833333333,10799.999999991,10799.999999991,0.0,True,False
175800,2025-05-03 02:00:00,105.9501785633282,546.0951785714285,440.145,10799.999999991,10799.999999991,0.0,True,False
175810,2025-05-03 02:10:00,121.38395594428053,540.2527726190475,418.86881666666665,10799.999999991,10799.999999991,0.0,True,False
175820,2025-05-03 02:20:00,135.97329522999493,541.8001119047619,405.8268166666667,10799.999999991,10799.999999991,0.0,True,False
175830,2025-05-03 02:30:00,140.91383606215467,548.8371694035883,407.9233333333333,10799.999999991,10799.999999991,0.0,True,False
175840,2025-05-03 02:40:00,135.7925916585663,547.523525,411.7309333333333,10799.999999991,10799.999999991,0.0,True,False
175850,2025-05-03 02:50:00,138.85063987285204,546.392606547619,407.54196666666667,10799.999999991,10799.999999991,0.0,True,False
175860,2025-05-03 03:00:00,145.14535713475684,549.2103571428571,404.06499999999994,10799.999999991,10799.999999991,0.0,True,False
176700,2025-05-03 17:00:00,232.27349999099962,719.4951666666668,487.22166666666664,10799.99999999,10799.99999999,0.0,True,False
176710,2025-05-03 17:10:00,236.2696273719515,720.299894047619,484.03026666666665,10799.99999999,10799.99999999,0.0,True,False
176720,2025-05-03 17:20:00,207.32370356242777,723.3049369047617,515.9812333333333,10799.99999999,10799.99999999,0.0,True,False
176730,2025-05-03 17:30:00,186.7223095148086,727.848976190476,541.1266666666667,10799.99999999,10799.99999999,0.0,True,False
176740,2025-05-03 17:40:00,213.51537975290407,740.5877297619047,527.0723499999999,10799.99999999,10799.99999999,0.0,True,False
176750,2025-05-03 17:50:00,160.71624463385638,651.0065446428571,490.29029999999995,10799.99999999,10799.99999999,0.0,True,False
176760,2025-05-03 18:00:00,185.86333332433264,645.9316666666666,460.06833333333327,10799.99999999,10799.99999999,0.0,True,False
177000,2025-05-03 22:00:00,58.40065477190489,1335.6139880952383,443.88,3963.524024270907,4713.524024260907,749.99999999,False,True
177010,2025-05-03 22:10:00,99.09802024809538,1329.2425535714287,396.8112,4713.524024260907,5463.524024250907,749.99999999,False,True
177030,2025-05-03 22:30:00,41.15535715285716,1337.6420238095238,463.1533333333333,5544.03917709905,6294.03917708905,749.99999999,False,True
177040,2025-05-03 22:40:00,75.37898929571428,1342.9108226190476,434.19849999999997,6294.03917708905,7044.03917707905,749.99999999,False,True
177060,2025-05-03 23:00:00,90.99232143857147,1346.7906547619048,422.465,7138.691482784336,7888.691482774336,749.99999999,False,True
177090,2025-05-03 23:30:00,67.13541667666662,1350.7920833333333,450.3233333333333,8032.39024106983,8782.39024105983,749.99999999,False,True
177100,2025-05-03 23:40:00,104.62872024809518,1351.9399702380952,413.9779166666666,8782.39024105983,9532.390241049829,749.99999999,False,True
185340,2025-05-09 17:00:00,177.93311665766586,723.5947833333332,545.6616666666666,10799.99999999,10799.99999999,0.0,True,False
185350,2025-05-09 17:10:00,181.1562868957611,724.1511202380951,542.9948333333333,10799.99999999,10799.99999999,0.0,True,False
185360,2025-05-09 17:20:00,192.95252618147558,726.9087761904764,533.95625,10799.99999999,10799.99999999,0.0,True,False
185370,2025-05-09 17:30:00,226.02222380052305,732.3388904761904,506.31666666666666,10799.99999999,10799.99999999,0.0,True,False
185380,2025-05-09 17:40:00,276.1694624909992,750.3438291666666,474.1743666666667,10799.99999999,10799.99999999,0.0,True,False
185390,2025-05-09 17:50:00,198.30866070528472,661.5054607142855,463.1968,10799.99999999,10799.99999999,0.0,True,False
185400,2025-05-09 18:00:00,171.54017856242783,657.4668452380952,485.9266666666666,10799.99999999,10799.99999999,0.0,True,False
185640,2025-05-09 22:00:00,95.40803572428557,1352.116369047619,423.375,4516.564466783862,5266.5644667738625,749.99999999,False,True
185650,2025-05-09 22:10:00,87.66114405761924,1341.8110773809526,420.8166,5266.5644667738625,6016.564466763863,749.99999999,False,True
185670,2025-05-09 22:30:00,110.55625000999997,1350.8579166666666,406.9683333333333,6105.391751219148,6855.391751209148,749.99999999,False,True
185680,2025-05-09 22:40:00,115.002170248095,1354.8213369047617,406.4858333333333,6855.391751209148,7605.3917511991485,749.99999999,False,True
185700,2025-05-09 23:00:00,102.98475928612196,1356.8130926094552,420.49499999999995,7707.858579583006,8457.858579574005,749.999999991,False,True
185730,2025-05-09 23:30:00,126.1932738195237,1353.4382738095237,393.91166666666663,8612.130652948863,9362.130652938862,749.99999999,False,True
185820,2025-05-10 01:00:00,117.10461436313568,533.4685714285713,389.1866666666666,10775.540438632108,10799.999999991,24.459561358892103,True,False
185830,2025-05-10 01:10:00,127.17486368237584,536.6672136904762,409.49235,10799.999999991,10799.999999991,0.0,True,False
185840,2025-05-10 01:20:00,103.05852737285201,538.5748107142856,435.51628333333326,10799.999999991,10799.999999991,0.0,True,False
185850,2025-05-10 01:30:00,108.9089285633282,536.1639285714285,427.255,10799.999999991,10799.999999991,0.0,True,False
185860,2025-05-10 01:40:00,139.74160237285193,542.2615023809523,402.5199,10799.999999991,10799.999999991,0.0,True,False
185870,2025-05-10 01:50:00,126.98035058713779,547.1097839285715,420.12943333333334,10799.999999991,10799.999999991,0.0,True,False
185880,2025-05-10 02:00:00,97.80749999189956,545.0374999999999,447.23,10799.999999991,10799.999999991,0.0,True,False
185890,2025-05-10 02:10:00,140.3138785633282,541.3570285714285,401.04314999999997,10799.999999991,10799.999999991,0.0,True,False
185900,2025-05-10 02:20:00,147.0816547538045,544.8373047619048,397.75564999999995,10799.999999991,10799.999999991,0.0,True,False
185910,2025-05-10 02:30:00,105.9933333252329,551.4049999999999,445.41166666666663,10799.999999991,10799.999999991,0.0,True,False
185920,2025-05-10 02:40:00,114.56917320618535,548.7941398809523,434.22496666666666,10799.999999991,10799.999999991,0.0,True,False
185930,2025-05-10 02:50:00,129.32349999189964,545.9412833333333,416.61778333333336,10799.999999991,10799.999999991,0.0,True,False
185940,2025-05-10 03:00:00,116.52672618237577,547.8083928571427,431.28166666666664,10799.999999991,10799.999999991,0.0,True,False
185950,2025-05-10 03:10:00,92.79680415856629,550.3886875,457.5918833333333,10799.999999991,10799.999999991,0.0,True,False
185960,2025-05-10 03:20:00,88.76843868237589,551.6591220238095,462.8906833333333,10799.999999991,10799.999999991,0.0,True,False
185970,2025-05-10 03:30:00,116.42249999189974,553.8408333333334,437.41833333333335,10799.999999991,10799.999999991,0.0,True,False
185980,2025-05-10 03:40:00,156.89309165856625,560.0847249999999,403.19163333333336,10799.999999991,10799.999999991,0.0,True,False
185990,2025-05-10 03:50:00,157.1751368966617,563.0360035714286,405.86086666666665,10799.999999991,10799.999999991,0.0,True,False
186000,2025-05-10 04:00:00,116.57071427761409,560.7240476190477,444.1533333333333,10799.999999991,10799.999999991,0.0,True,False
186780,2025-05-10 17:00:00,220.88673334456763,714.5364999999999,478.00166666666667,10785.916710001111,10799.999999991,14.083289989889073,True,False
186790,2025-05-10 17:10:00,269.2968779680903,715.3596779761906,446.0628,10799.999999991,10799.999999991,0.0,True,False
186800,2025-05-10 17:20:00,251.42507558713768,716.988925595238,465.56385,10799.999999991,10799.999999991,0.0,True,False
186810,2025-05-10 17:30:00,242.0906666585664,721.259,479.16833333333335,10799.999999991,10799.999999991,0.0,True,False
186820,2025-05-10 17:40:00,248.73113451570924,738.0456678571429,489.3145333333333,10799.999999991,10799.999999991,0.0,True,False
186830,2025-05-10 17:50:00,157.12065951570932,648.602342857143,491.4816833333333,10799.999999991,10799.999999991,0.0,True,False
186840,2025-05-10 18:00:00,167.89946427761413,658.0577976190477,490.1583333333333,10799.999999991,10799.999999991,0.0,True,False
187080,2025-05-10 22:00:00,64.16523810523789,1353.1185714285712,455.61999999999995,4467.743154450207,5217.743154440207,749.99999999,False,True
187090,2025-05-10 22:10:00,76.26310417666683,1343.1625208333335,433.56608333333327,5217.743154440207,5967.743154430207,749.99999999,False,True
187110,2025-05-10 22:30:00,38.3893452480953,1349.416011904762,477.69333333333327,6030.612992992636,6780.612992982636,749.99999999,False,True
187120,2025-05-10 22:40:00,69.57188512904757,1354.2067684523809,451.30154999999996,6780.612992982636,7530.612992972636,749.99999999,False,True
187140,2025-05-10 23:00:00,49.52038014241372,1358.3953801324137,475.54166666666663,7601.37484849935,8351.37484849035,749.999999991,False,True
187170,2025-05-10 23:30:00,60.089285724285894,1352.5259523809525,459.1033333333333,8439.880831865206,9189.880831855206,749.99999999,False,True
195420,2025-05-16 17:00:00,203.00138808623737,687.2880547619046,484.28666666666663,10799.99999999,10799.99999999,0.0,True,False
195430,2025-05-16 17:10:00,195.84710534814215,692.8453386904761,496.9982333333333,10799.99999999,10799.99999999,0.0,True,False
195440,2025-05-16 17:20:00,190.3093464195707,698.5722964285713,508.26294999999993,10799.99999999,10799.99999999,0.0,True,False
195450,2025-05-16 17:30:00,201.44948332433248,702.6444833333333,501.195,10799.99999999,10799.99999999,0.0,True,False
195460,2025-05-16 17:40:00,189.3708559433804,719.075955952381,529.7050999999999,10799.99999999,10799.99999999,0.0,True,False
195470,2025-05-16 17:50:00,127.80846308623737,628.5419964285715,500.7335333333333,10799.99999999,10799.99999999,0.0,True,False
195480,2025-05-16 18:00:00,219.63624999099923,669.1229166666667,449.4866666666667,10799.99999999,10799.99999999,0.0,True,False
195520,2025-05-16 18:40:00,3.846114394526402,675.9443952380952,523.7420333333333,10666.479377231788,10799.999999991,133.52062275921196,True,False
195720,2025-05-16 22:00:00,79.38315477190461,1365.9181547619046,453.20166666666665,4858.629155478001,5608.629155468001,749.99999999,False,True
195730,2025-05-16 22:10:00,100.59742441476179,1352.5861577380952,418.6554,5608.629155468001,6358.629155458001,749.99999999,False,True
195750,2025-05-16 22:30:00,97.6995238195236,1366.372857142857,435.34,6458.276148841858,7208.276148831858,749.99999999,False,True
195760,2025-05-16 22:40:00,104.3366327480952,1365.1980327380952,427.52806666666663,7208.276148831858,7958.276148821858,749.99999999,False,True
195780,2025-05-16 23:00:00,56.262500769241335,1364.599167425908,475.00333333333333,8039.766267384287,8789.766267375287,749.999999991,False,True
195810,2025-05-16 23:30:00,106.14666667666664,1361.6516666666666,422.1716666666667,8917.72846878586,9667.728468775858,749.99999999,False,True
195920,2025-05-17 01:20:00,74.63165626355568,538.5037357142858,439.8233,10778.356098485343,10799.999999991,21.64390150565706,True,False
195930,2025-05-17 01:30:00,93.93255951570913,537.1658928571428,443.23333333333335,10799.999999991,10799.999999991,0.0,True,False
195940,2025-05-17 01:40:00,91.73780772999484,542.6162077380951,450.87839999999994,10799.999999991,10799.999999991,0.0,True,False
195950,2025-05-17 01:50:00,110.35153392047093,547.5943172619046,437.24278333333336,10799.999999991,10799.999999991,0.0,True,False
195960,2025-05-17 02:00:00,129.9076785633283,547.0226785714286,417.115,10799.999999991,10799.999999991,0.0,True,False
195970,2025-05-17 02:10:00,108.67606725380435,543.668600595238,434.9925333333333,10799.999999991,10799.999999991,0.0,True,False
195980,2025-05-17 02:20:00,103.49118213475683,544.8844654761905,441.39328333333333,10799.999999991,10799.999999991,0.0,True,False
195990,2025-05-17 02:30:00,123.63255951570918,549.5192261904762,425.88666666666666,10799.999999991,10799.999999991,0.0,True,False
196000,2025-05-17 02:40:00,121.31172915856635,549.2600791666666,427.94834999999995,10799.999999991,10799.999999991,0.0,True,False
196010,2025-05-17 02:50:00,110.9761553490425,545.5521553571429,434.576,10799.999999991,10799.999999991,0.0,True,False
196020,2025-05-17 03:00:00,115.3411904680901,544.5695238095237,429.2283333333333,10799.999999991,10799.999999991,0.0,True,False
196860,2025-05-17 17:00:00,161.89028332433261,687.1152833333333,525.2249999999999,10799.99999999,10799.99999999,0.0,True,False
196870,2025-05-17 17:10:00,212.0333904671895,693.7414738095235,481.7080833333333,10799.99999999,10799.99999999,0.0,True,False
196880,2025-05-17 17:20:00,224.7488374909992,699.2166708333332,474.46783333333326,10799.99999999,10799.99999999,0.0,True,False
196890,2025-05-17 17:30:00,223.90944999099938,702.5111166666668,478.6016666666667,10799.99999999,10799.99999999,0.0,True,False
196900,2025-05-17 17:40:00,225.93388511004687,720.6389017857143,494.70501666666667,10799.99999999,10799.99999999,0.0,True,False
196910,2025-05-17 17:50:00,156.10701963385625,629.132569642857,473.02554999999995,10799.99999999,10799.99999999,0.0,True,False
196920,2025-05-17 18:00:00,222.65386903861838,668.9472023809525,446.29333333333335,10799.99999999,10799.99999999,0.0,True,False
197160,2025-05-17 22:00:00,72.40535715285726,1368.3436904761907,462.605,4692.115557266663,5442.115557256663,749.99999999,False,True
197170,2025-05-17 22:10:00,70.73498691476196,1354.3885035714286,450.3201833333333,5442.115557256663,6192.115557246663,749.99999999,False,True
197190,2025-05-17 22:30:00,105.63065477190456,1368.8156547619046,429.8516666666667,6283.547509737663,7033.547509727663,749.99999999,False,True
197200,2025-05-17 22:40:00,68.79898631952368,1367.3181029761904,465.18578333333335,7033.547509727663,7783.547509717663,749.99999999,False,True
197220,2025-05-17 23:00:00,45.83412127391147,1367.6624545972447,488.49499999999995,7815.5982797086635,8565.598279699663,749.999999991,False,True
197250,2025-05-17 23:30:00,87.00761905761895,1363.397619047619,443.0566666666667,8751.81044557452,9501.810445564519,749.99999999,False,True
205500,2025-05-23 17:00:00,209.6785594668076,694.6885595238094,485.01,10799.999999936665,10799.999999936665,0.0,True,False
205510,2025-05-23 17:10:00,204.47478387156963,699.6428172619047,495.16803333333337,10799.999999936665,10799.999999936665,0.0,True,False
205520,2025-05-23 17:20:00,212.76906006204575,701.5649267857141,488.79586666666665,10799.999999936665,10799.999999936665,0.0,True,False
205530,2025-05-23 17:30:00,246.84159518109334,703.2415952380951,456.4,10799.999999936665,10799.999999936665,0.0,True,False
205540,2025-05-23 17:40:00,240.76261482395068,724.4162815476192,483.65366666666665,10799.999999936665,10799.999999936665,0.0,True,False
205550,2025-05-23 17:50:00,110.58254458585542,635.3308779761904,524.7483333333332,10799.999999936665,10799.999999936665,0.0,True,False
205560,2025-05-23 18:00:00,140.8245237525222,680.7678571428573,539.9433333333333,10799.999999936665,10799.999999936665,0.0,True,False
205580,2025-05-23 18:20:00,18.988485629513484,693.9190160714286,504.7247,10646.814752593276,10799.999999991,153.18524739772366,True,False
205590,2025-05-23 18:30:00,182.2336904680902,683.1853571428571,500.95166666666665,10799.999999991,10799.999999991,0.0,True,False
205600,2025-05-23 18:40:00,143.13107618237586,694.1849095238094,551.0538333333333,10799.999999991,10799.999999991,0.0,True,False
205800,2025-05-23 22:00:00,149.93345239095254,1380.781785714286,397.515,5000.081012085145,5750.081012075145,749.99999999,False,True
205810,2025-05-23 22:10:00,75.98930417666655,1365.7890541666666,456.46641666666665,5750.081012075145,6500.081012065145,749.99999999,False,True
205830,2025-05-23 22:30:00,144.6213095338096,1382.359642857143,404.405,6566.891575627574,7316.891575617574,749.99999999,False,True
205840,2025-05-23 22:40:00,126.13210179571443,1379.5661684523811,420.1007333333333,7316.891575617574,8066.891575607574,749.99999999,False,True
205890,2025-05-23 23:30:00,129.73630953380962,1374.1863095238095,411.1166666666666,8950.032423590572,9700.032423580571,749.99999999,False,True
206000,2025-05-24 01:20:00,16.698540091583176,539.813168452381,435.55115,10721.192869466282,10799.999999991,78.80713052471802,True,False
206010,2025-05-24 01:30:00,125.88613094428067,536.4644642857143,410.57833333333326,10799.999999991,10799.999999991,0.0,True,False
206020,2025-05-24 01:40:00,117.59304939666166,543.8657660714287,426.27271666666667,10799.999999991,10799.999999991,0.0,True,False
206030,2025-05-24 01:50:00,103.50527677761406,550.1118767857143,446.60659999999996,10799.999999991,10799.999999991,0.0,True,False
206040,2025-05-24 02:00:00,100.04589284904259,547.7892261904763,447.74333333333334,10799.999999991,10799.999999991,0.0,True,False
206050,2025-05-24 02:10:00,99.6074089204711,542.4083922619047,442.8009833333333,10799.999999991,10799.999999991,0.0,True,False
206060,2025-05-24 02:20:00,96.37208808713777,544.4937047619047,448.1216166666666,10799.999999991,10799.999999991,0.0,True,False
206940,2025-05-24 17:00:00,222.59023811758448,680.4960714285714,451.05333333333334,10793.832750011112,10799.999999991,6.167249979888208,True,False
206950,2025-05-24 17:10:00,246.60320356332826,685.7185869047619,439.11538333333334,10799.999999991,10799.999999991,0.0,True,False
206960,2025-05-24 17:20:00,190.5220595157093,686.5237928571428,496.00173333333333,10799.999999991,10799.999999991,0.0,True,False
206970,2025-05-24 17:30:00,141.71708332523284,686.9087499999998,545.1916666666666,10799.999999991,10799.999999991,0.0,True,False
206980,2025-05-24 17:40:00,200.2719749918996,708.9024749999999,508.6305,10799.999999991,10799.999999991,0.0,True,False
206990,2025-05-24 17:50:00,139.86134701570919,621.5968470238095,481.7355,10799.999999991,10799.999999991,0.0,True,False
207000,2025-05-24 18:00:00,183.0637499918998,683.8454166666668,500.78166666666664,10799.999999991,10799.999999991,0.0,True,False
207020,2025-05-24 18:20:00,91.25163410258727,696.862575595238,495.14816666666667,10700.583502647614,10799.999999991,99.41649734338571,True,False
207030,2025-05-24 18:30:00,195.97321427761403,685.9665476190477,489.99333333333334,10799.999999991,10799.999999991,0.0,True,False
207040,2025-05-24 18:40:00,169.95633213475693,697.4575321428572,527.5011999999999,10799.999999991,10799.999999991,0.0,True,False
207240,2025-05-24 22:00:00,155.68404762904765,1381.6857142857143,392.66833333333335,4799.266643659218,5549.266643649218,749.99999999,False,True
207250,2025-05-24 22:10:00,132.81006370047612,1368.1137803571428,401.9703833333333,5549.266643649218,6299.266643639218,749.99999999,False,True
207270,2025-05-24 22:30:00,107.64726191476187,1384.2705952380952,443.28999999999996,6404.703423273076,7154.703423263076,749.99999999,False,True
207280,2025-05-24 22:40:00,88.18636548619041,1380.5557154761905,459.0360166666667,7154.703423263076,7904.703423253076,749.99999999,False,True
207330,2025-05-24 23:30:00,93.07339286714272,1374.6900595238094,448.2833333333333,8767.978467006762,9517.978466996761,749.99999999,False,True
208770,2025-05-25 23:30:00,10.228809533809674,1376.3788095238097,532.8166666666666,4283.333041203239,5033.333041193239,749.99999999,False,True
214480,2025-05-29 22:40:00,15.437004176666498,1391.1814708333332,542.4111333333333,3327.972044790196,4077.972044780196,749.99999999,False,True
215580,2025-05-30 17:00:00,200.24060237195155,718.8956023809523,518.655,10799.99999999,10799.99999999,0.0,True,False
215590,2025-05-30 17:10:00,253.07084582433262,722.8578458333333,469.78700000000003,10799.99999999,10799.99999999,0.0,True,False
215600,2025-05-30 17:20:00,244.33477201480898,725.6689386904762,481.33416666666665,10799.99999999,10799.99999999,0.0,True,False
215610,2025-05-30 17:30:00,211.9703047529039,731.3503047619047,519.38,10799.99999999,10799.99999999,0.0,True,False
215620,2025-05-30 17:40:00,245.3565976100469,752.4451976190476,507.08859999999993,10799.99999999,10799.99999999,0.0,True,False
215630,2025-05-30 17:50:00,182.52942796718972,663.0957279761905,480.5663,10799.99999999,10799.99999999,0.0,True,False
215640,2025-05-30 18:00:00,222.0363690386184,693.5780357142858,471.54166666666663,10799.99999999,10799.99999999,0.0,True,False
215650,2025-05-30 18:10:00,104.87714880052212,581.6892321428562,476.8120833333333,10799.99999999,10799.99999999,0.0,True,False
215660,2025-05-30 18:20:00,219.51687975290398,706.658613095238,487.14173333333326,10799.99999999,10799.99999999,0.0,True,False
215670,2025-05-30 18:30:00,202.860297610047,697.1652976190477,494.30499999999995,10799.99999999,10799.99999999,0.0,True,False
215680,2025-05-30 18:40:00,214.15260772909448,710.5668410714285,496.4142333333333,10799.99999999,10799.99999999,0.0,True,False
215880,2025-05-30 22:00:00,95.9227976290474,1386.3611309523808,457.105,5183.040212117212,5933.040212107212,749.99999999,False,True
215890,2025-05-30 22:10:00,80.57337084333345,1374.5533875,460.64668333333327,5933.040212107212,6683.040212097212,749.99999999,False,True
215910,2025-05-30 22:30:00,120.84553572428591,1391.3688690476192,437.18999999999994,6779.466968516784,7529.466968506784,749.99999999,False,True
215920,2025-05-30 22:40:00,92.65451786714287,1388.1353178571428,462.1474666666666,7529.466968506784,8279.466968496783,749.99999999,False,True
215970,2025-05-30 23:30:00,171.64107143857154,1377.9160714285715,372.94166666666666,9090.427395292068,9840.427395282068,749.99999999,False,True
216060,2025-05-31 01:00:00,23.96099989883148,535.4295833333333,431.13,10727.695274899948,10799.999999991,72.30472509105164,True,False
216070,2025-05-31 01:10:00,129.74566070618536,536.7828107142857,407.03715,10799.999999991,10799.999999991,0.0,True,False
216080,2025-05-31 01:20:00,123.90358689666155,539.5633035714285,415.6597166666666,10799.999999991,10799.999999991,0.0,True,False
216090,2025-05-31 01:30:00,103.96267856332824,540.7260119047619,436.7633333333333,10799.999999991,10799.999999991,0.0,True,False
216100,2025-05-31 01:40:00,95.43430058713781,542.8928505952381,447.45854999999995,10799.999999991,10799.999999991,0.0,True,False
216110,2025-05-31 01:50:00,105.48770653951865,546.5717732142856,441.0840666666666,10799.999999991,10799.999999991,0.0,True,False
216120,2025-05-31 02:00:00,121.10845237285193,548.3451190476189,427.2366666666667,10799.999999991,10799.999999991,0.0,True,False
216130,2025-05-31 02:10:00,123.70784106332829,544.7699244047619,421.0620833333333,10799.999999991,10799.999999991,0.0,True,False
216140,2025-05-31 02:20:00,132.21577082523297,545.1123541666666,412.8965833333333,10799.999999991,10799.999999991,0.0,True,False
216150,2025-05-31 02:30:00,129.22470237285214,550.3080357142858,421.0833333333333,10799.999999991,10799.999999991,0.0,True,False
216160,2025-05-31 02:40:00,81.54257022999488,551.9086369047618,470.3660666666666,10799.999999991,10799.999999991,0.0,True,False
216170,2025-05-31 02:50:00,71.77341665856633,550.1982333333333,478.42481666666663,10799.999999991,10799.999999991,0.0,True,False
216180,2025-05-31 03:00:00,107.01630951570908,549.8329761904761,442.81666666666666,10799.999999991,10799.999999991,0.0,True,False
217020,2025-05-31 17:00:00,253.64030237195155,696.3053023809523,442.66499999999996,10799.99999999,10799.99999999,0.0,True,False
217030,2025-05-31 17:10:00,232.03583570528505,698.9349357142858,466.8991,10799.99999999,10799.99999999,0.0,True,False
217040,2025-05-31 17:20:00,211.63288630052276,700.8507863095235,489.2179,10799.99999999,10799.99999999,0.0,True,False
217050,2025-05-31 17:30:00,263.7630404671895,708.029707142857,444.26666666666665,10799.99999999,10799.99999999,0.0,True,False
217060,2025-05-31 17:40:00,304.5174065386184,730.1842232142856,425.66681666666665,10799.99999999,10799.99999999,0.0,True,False
217070,2025-05-31 17:50:00,169.38955951480878,639.5208761904762,470.13131666666663,10799.99999999,10799.99999999,0.0,True,False
217080,2025-05-31 18:00:00,162.22827380052294,691.3132738095237,529.085,10799.99999999,10799.99999999,0.0,True,False
217090,2025-05-31 18:10:00,57.67677915766499,580.8852791666657,523.2085,10799.99999999,10799.99999999,0.0,True,False
217100,2025-05-31 18:20:00,183.49946011004707,705.8735767857144,522.3741166666666,10799.99999999,10799.99999999,0.0,True,False
217110,2025-05-31 18:30:00,164.84613094338007,697.0861309523808,532.24,10799.99999999,10799.99999999,0.0,True,False
217120,2025-05-31 18:40:00,215.52001903861824,710.856319047619,495.3363,10799.99999999,10799.99999999,0.0,True,False
217320,2025-05-31 22:00:00,157.306785724286,1387.346785714286,396.7066666666666,5026.513227758747,5776.513227748747,749.99999999,False,True
217330,2025-05-31 22:10:00,142.51941727190479,1375.389800595238,399.53704999999997,5776.513227748747,6526.513227738747,749.99999999,False,True
217350,2025-05-31 22:30:00,138.59875001,1390.1654166666667,418.23333333333335,6650.195912551176,7400.195912541176,749.99999999,False,True
217360,2025-05-31 22:40:00,165.2405887004761,1388.950038690476,390.37611666666663,7400.195912541176,8150.195912531176,749.99999999,False,True
217410,2025-05-31 23:30:00,130.65035715285717,1377.0236904761905,413.03999999999996,8900.462694012902,9650.462694002901,749.99999999,False,True
224640,2025-06-06 00:00:00,6.639166676666711,1391.6441666666667,551.6716666666666,3712.8689873452067,4462.868987335207,749.99999999,False,True
224650,2025-06-06 00:10:00,49.757008343333375,1386.3777083333334,503.2873666666667,4462.868987335207,5212.868987325207,749.99999999,False,True
224660,2025-06-06 00:20:00,20.496964295714285,1384.1578976190476,530.3276,5212.868987325207,5962.868987315207,749.99999999,False,True
224680,2025-06-06 00:40:00,27.150286319523836,1391.8435529761905,531.3599333333333,6706.712237306207,7456.712237296207,749.99999999,False,True
224690,2025-06-06 00:50:00,32.99439167666673,1388.5218416666667,522.1941166666666,7456.712237296207,8206.712237286207,749.99999999,False,True
224730,2025-06-06 01:30:00,75.9371428671427,1392.2388095238093,482.9683333333333,8994.269289223492,9744.269289213491,749.99999999,False,True
224840,2025-06-06 03:20:00,61.44307227610095,563.4451839285714,460.644,10762.777699503777,10799.999999991,37.22230048722339,True,False
224850,2025-06-06 03:30:00,97.11267856332822,561.1026785714286,463.99,10799.999999991,10799.999999991,0.0,True,False
224860,2025-06-06 03:40:00,91.77397677761391,558.6156767857143,466.8417,10799.999999991,10799.999999991,0.0,True,False
224870,2025-06-06 03:50:00,105.19670892047108,561.5472922619048,456.35058333333336,10799.999999991,10799.999999991,0.0,True,False
224880,2025-06-06 04:00:00,117.18142856332818,566.2714285714285,449.09,10799.999999991,10799.999999991,0.0,True,False
224890,2025-06-06 04:10:00,95.25575296809015,563.3948029761905,468.13905,10799.999999991,10799.999999991,0.0,True,False
224900,2025-06-06 04:20:00,97.05445237285201,560.6174357142856,463.5629833333333,10799.999999991,10799.999999991,0.0,True,False
224910,2025-06-06 04:30:00,123.43107142047117,562.3677380952381,438.9366666666666,10799.999999991,10799.999999991,0.0,True,False
224920,2025-06-06 04:40:00,116.07514463475685,565.6551446428572,449.58,10799.999999991,10799.999999991,0.0,True,False
224930,2025-06-06 04:50:00,98.11767737285206,568.390894047619,470.2732166666666,10799.999999991,10799.999999991,0.0,True,False
224980,2025-06-06 05:40:00,546.1981785085691,1234.2644666666665,472.8244666666667,10606.282360647712,10799.99999999,193.71763934228773,True,False
225660,2025-06-06 17:00:00,43.91668570205689,760.2320523809524,640.4716666666666,10731.740669979994,10799.999999991,68.25933001100601,True,False
225670,2025-06-06 17:10:00,177.02690594428063,758.2658726190476,581.2389666666666,10799.999999991,10799.999999991,0.0,True,False
225680,2025-06-06 17:20:00,173.69286130142345,759.5023946428571,585.8095333333333,10799.999999991,10799.999999991,0.0,True,False
225690,2025-06-06 17:30:00,146.78955237285194,769.2462190476189,622.4566666666666,10799.999999991,10799.999999991,0.0,True,False
225700,2025-06-06 17:40:00,162.91667737285204,787.8347607142856,624.9180833333332,10799.999999991,10799.999999991,0.0,True,False
225710,2025-06-06 17:50:00,83.67761725380424,698.3687172619046,614.6911,10799.999999991,10799.999999991,0.0,True,False
225720,2025-06-06 18:00:00,96.56041665856665,709.6770833333335,613.1166666666666,10799.999999991,10799.999999991,0.0,True,False
225730,2025-06-06 18:10:00,81.67454403951885,699.0801940476191,617.4056499999999,10799.999999991,10799.999999991,0.0,True,False
225740,2025-06-06 18:20:00,101.79074463475673,721.3499113095237,619.5591666666667,10799.999999991,10799.999999991,0.0,True,False
225750,2025-06-06 18:30:00,97.12190475380442,717.4869047619047,620.365,10799.999999991,10799.999999991,0.0,True,False
225760,2025-06-06 18:40:00,100.59627856332834,726.1481952380952,625.5519166666666,10799.999999991,10799.999999991,0.0,True,False
225960,2025-06-06 22:00:00,24.030892867142704,1396.739226190476,539.375,3428.283098011066,4178.283098001066,749.99999999,False,True
225970,2025-06-06 22:10:00,7.935990486190568,1390.4668404761906,549.1975166666666,4178.283098001066,4928.283097991066,749.99999999,False,True
225990,2025-06-06 22:30:00,52.662380962381,1400.5307142857143,514.535,4949.450984410637,5699.450984400637,749.99999999,False,True
226000,2025-06-06 22:40:00,91.84961548619047,1400.0348821428572,474.85193333333336,5699.450984400637,6449.450984390637,749.99999999,False,True
226050,2025-06-06 23:30:00,30.41154762904761,1393.339880952381,529.595,7007.633008607281,7757.633008597281,749.99999999,False,True
226090,2025-06-07 00:10:00,51.61732203380961,1388.8802220238097,503.9295666666667,7886.678746248853,8636.678746238853,749.99999999,False,True
226100,2025-06-07 00:20:00,23.32831667666664,1387.92715,531.2655,8636.678746238853,9386.678746229853,749.999999991,False,True
226110,2025-06-07 00:30:00,10.270758136196484,1375.0674247928632,531.4633333333334,9386.678746229853,10136.678746220852,749.999999991,False,True
226240,2025-06-07 02:40:00,53.47335481792968,560.1924875,470.13365,10767.073065577137,10799.999999991,32.926934413863265,True,False
226250,2025-06-07 02:50:00,100.77088689666161,561.0764202380952,460.3055333333333,10799.999999991,10799.999999991,0.0,True,False
226260,2025-06-07 03:00:00,129.43107142047106,564.197738095238,434.76666666666665,10799.999999991,10799.999999991,0.0,True,False
226270,2025-06-07 03:10:00,102.40513808713766,565.1315047619047,462.72636666666665,10799.999999991,10799.999999991,0.0,True,False
226280,2025-06-07 03:20:00,90.22716725380431,564.4809672619047,474.2538,10799.999999991,10799.999999991,0.0,True,False
226290,2025-06-07 03:30:00,98.35214284904251,562.7254761904761,464.3733333333333,10799.999999991,10799.999999991,0.0,True,False
226300,2025-06-07 03:40:00,66.14513630142353,560.1935196428572,494.04838333333333,10799.999999991,10799.999999991,0.0,True,False
226310,2025-06-07 03:50:00,72.08656487285211,562.0365648809524,489.94999999999993,10799.999999991,10799.999999991,0.0,True,False
226320,2025-06-07 04:00:00,107.18124999189959,565.9262499999999,458.74499999999995,10799.999999991,10799.999999991,0.0,True,False
226330,2025-06-07 04:10:00,83.1245095157092,564.0167761904762,480.8922666666666,10799.999999991,10799.999999991,0.0,True,False
226340,2025-06-07 04:20:00,82.74601308713775,561.0519797619047,478.3059666666666,10799.999999991,10799.999999991,0.0,True,False
226350,2025-06-07 04:30:00,116.09089284904249,561.6775595238095,445.58666666666664,10799.999999991,10799.999999991,0.0,True,False
226360,2025-06-07 04:40:00,108.21332320618536,566.070506547619,457.8571833333333,10799.999999991,10799.999999991,0.0,True,False
226370,2025-06-07 04:50:00,108.47784939666153,569.9464327380952,461.4685833333333,10799.999999991,10799.999999991,0.0,True,False
226420,2025-06-07 05:40:00,497.44215118218324,1228.1314797619048,507.5450833333333,10599.170179268249,10799.999999989997,200.82982072174934,True,False
227100,2025-06-07 17:00:00,170.9177571428571,756.7377571428572,585.8199999999999,10800.0,10800.0,0.0,True,False
227110,2025-06-07 17:10:00,153.90408452380962,752.751367857143,598.8472833333333,10800.0,10800.0,0.0,True,False
227120,2025-06-07 17:20:00,140.2481309523808,754.4739309523807,614.2257999999999,10800.0,10800.0,0.0,True,False
227130,2025-06-07 17:30:00,162.4003761904762,766.5137095238094,604.1133333333332,10800.0,10800.0,0.0,True,False
227140,2025-06-07 17:40:00,175.58618154761893,786.3380982142855,610.7519166666666,10800.0,10800.0,0.0,True,False
227150,2025-06-07 17:50:00,88.17746130952384,696.8988613095238,608.7213999999999,10800.0,10800.0,0.0,True,False
227160,2025-06-07 18:00:00,122.61124999999998,714.2195833333333,591.6083333333333,10800.0,10800.0,0.0,True,False
227170,2025-06-07 18:10:00,117.52052500000008,702.3874416666667,584.8669166666666,10800.0,10800.0,0.0,True,False
227180,2025-06-07 18:20:00,131.220249404762,725.2737660714286,594.0535166666666,10800.0,10800.0,0.0,True,False
227190,2025-06-07 18:30:00,99.9403571428573,722.9770238095239,623.0366666666666,10800.0,10800.0,0.0,True,False
227200,2025-06-07 18:40:00,66.26575654761893,731.0546232142856,664.7888666666666,10800.0,10800.0,0.0,True,False
227400,2025-06-07 22:00:00,18.49041667666676,1400.8820833333334,549.0583333333333,3428.837853410279,4178.837853400279,749.99999999,False,True
227410,2025-06-07 22:10:00,31.438239890952666,1395.051873214286,530.2802999999999,4178.837853400279,4928.837853390279,749.99999999,False,True
227430,2025-06-07 22:30:00,59.160714295714335,1404.372380952381,511.87833333333333,4987.565079274136,5737.565079264136,749.99999999,False,True
227440,2025-06-07 22:40:00,41.324395248095236,1402.4765285714286,527.8188,5737.565079264136,6487.565079254136,749.99999999,False,True
227490,2025-06-07 23:30:00,8.190714295714308,1398.1857142857143,556.6616666666666,7203.25494087627,7953.25494086627,749.99999999,False,True
234730,2025-06-13 00:10:00,102.95431667666661,1414.1700666666666,477.88241666666664,6387.641395941539,7137.641395931539,749.99999999,False,True
234740,2025-06-13 00:20:00,68.89253036714295,1413.8629136904763,511.63704999999993,7137.641395931539,7887.641395921539,749.99999999,False,True
234750,2025-06-13 00:30:00,80.64589286714316,1417.7275595238098,503.7483333333333,7887.641395921539,8637.641395911538,749.99999999,False,True
234760,2025-06-13 00:40:00,101.81923274809513,1418.7729994047618,483.6204333333333,8637.641395911538,9387.641395901537,749.99999999,False,True
234770,2025-06-13 00:50:00,98.69602262904742,1410.638739285714,478.6093833333333,9387.641395901537,10137.641395892537,749.999999991,False,True
234860,2025-06-13 02:20:00,52.226918317933524,570.4664166666666,461.2491,10748.70864147714,10799.999999991,51.291358513859805,True,False
234870,2025-06-13 02:30:00,118.61738094428071,570.8990476190477,452.28166666666664,10799.999999991,10799.999999991,0.0,True,False
234880,2025-06-13 02:40:00,98.01721189666156,566.4966619047618,468.47944999999993,10799.999999991,10799.999999991,0.0,True,False
234890,2025-06-13 02:50:00,86.88030653951844,567.4194232142854,480.53911666666664,10799.999999991,10799.999999991,0.0,True,False
234900,2025-06-13 03:00:00,88.48630951570905,572.7129761904761,484.2266666666667,10799.999999991,10799.999999991,0.0,True,False
234910,2025-06-13 03:10:00,74.46242261094719,570.5325059523809,496.07008333333334,10799.999999991,10799.999999991,0.0,True,False
234920,2025-06-13 03:20:00,94.88711130142346,568.4935613095238,473.60645,10799.999999991,10799.999999991,0.0,True,False
234930,2025-06-13 03:30:00,131.62773808713794,569.7044047619049,438.07666666666665,10799.999999991,10799.999999991,0.0,True,False
234940,2025-06-13 03:40:00,112.54412915856629,569.5919958333333,457.04786666666666,10799.999999991,10799.999999991,0.0,True,False
234950,2025-06-13 03:50:00,99.95707499189965,570.7858916666667,470.8288166666667,10799.999999991,10799.999999991,0.0,True,False
234960,2025-06-13 04:00:00,119.92707856332831,571.6304119047619,451.70333333333326,10799.999999991,10799.999999991,0.0,True,False
234970,2025-06-13 04:10:00,133.21061487285206,567.655281547619,434.44466666666665,10799.999999991,10799.999999991,0.0,True,False
234980,2025-06-13 04:20:00,118.60646130142354,562.1786446428572,443.5721833333333,10799.999999991,10799.999999991,0.0,True,False
234990,2025-06-13 04:30:00,97.61059046809018,561.8472571428572,464.2366666666667,10799.999999991,10799.999999991,0.0,True,False
235000,2025-06-13 04:40:00,107.62735058713774,569.9268672619047,462.2995166666666,10799.999999991,10799.999999991,0.0,True,False
235010,2025-06-13 04:50:00,105.0638053490425,573.5765220238095,468.5127166666667,10799.999999991,10799.999999991,0.0,True,False
235060,2025-06-13 05:40:00,428.69977859987466,1208.2946672619048,463.86695,10515.844855194173,10799.99999999,284.15514479582714,True,False
235740,2025-06-13 17:00:00,165.2314880292323,755.4998214285715,590.2683333333333,10799.99999992666,10799.99999992666,0.0,True,False
235750,2025-06-13 17:10:00,167.70995648161346,750.7283732142857,583.0184166666666,10799.99999992666,10799.99999992666,0.0,True,False
235760,2025-06-13 17:20:00,126.30544160066107,752.7368416666668,626.4313999999999,10799.99999992666,10799.99999992666,0.0,True,False
235770,2025-06-13 17:30:00,101.50458326732779,767.2429166666668,665.7383333333332,10799.99999992666,10799.99999992666,0.0,True,False
235780,2025-06-13 17:40:00,128.69277791018436,786.2002446428569,657.5074666666667,10799.99999992666,10799.99999992666,0.0,True,False
235790,2025-06-13 17:50:00,81.42759219589873,695.5932589285712,614.1656666666667,10799.99999992666,10799.99999992666,0.0,True,False
235800,2025-06-13 18:00:00,156.9344070768512,734.0810738095237,577.1466666666666,10799.99999992666,10799.99999992666,0.0,True,False
235810,2025-06-13 18:10:00,135.68074100542276,719.5601577380952,583.8794166666667,10799.99999992666,10799.99999992666,0.0,True,False
235820,2025-06-13 18:20:00,145.2228576720894,742.7541577380952,597.5313,10799.99999992666,10799.99999992666,0.0,True,False
235830,2025-06-13 18:30:00,139.57309755304192,743.4797642857144,603.9066666666666,10799.99999992666,10799.99999992666,0.0,True,False
235840,2025-06-13 18:40:00,132.87790410066071,751.9111208333333,619.0332166666667,10799.99999992666,10799.99999992666,0.0,True,False
236040,2025-06-13 22:00:00,86.43351191476198,1420.128511904762,500.3616666666667,3898.1783508766234,4648.178350866623,749.99999999,False,True
236050,2025-06-13 22:10:00,58.82903810523839,1414.6594380952383,522.4970666666666,4648.178350866623,5398.178350856623,749.99999999,False,True
236070,2025-06-13 22:30:00,55.246607152857216,1422.6649404761906,534.085,5446.444449776194,6196.444449766194,749.99999999,False,True
236080,2025-06-13 22:40:00,61.78059167666685,1422.2986083333335,527.1846833333333,6196.444449766194,6946.444449756194,749.99999999,False,True
236100,2025-06-13 23:00:00,98.71916667666663,1422.4241666666667,490.37166666666667,7202.509642141376,7952.5096421313765,749.99999999,False,True
236120,2025-06-13 23:20:00,65.95630536714269,1425.6726720238094,526.3830333333333,8049.660725515234,8799.660725505233,749.99999999,False,True
236130,2025-06-13 23:30:00,26.388690486190733,1420.2903571428574,560.5683333333333,8799.660725505233,9549.660725495232,749.99999999,False,True
236140,2025-06-13 23:40:00,83.52726370047615,1424.2918303571428,507.4312333333333,9549.660725495232,10299.660725485232,749.99999999,False,True
236240,2025-06-14 01:20:00,38.01523101470159,578.5875571428571,496.38176666666664,10760.22849647566,10799.999999991,39.77150351534,True,False
236250,2025-06-14 01:30:00,99.75333332523289,576.4133333333332,476.65999999999997,10799.999999991,10799.999999991,0.0,True,False
236260,2025-06-14 01:40:00,76.7033827299949,575.2728660714286,498.5694833333333,10799.999999991,10799.999999991,0.0,True,False
236270,2025-06-14 01:50:00,97.5691720157092,578.6440053571429,481.07483333333334,10799.999999991,10799.999999991,0.0,True,False
236280,2025-06-14 02:00:00,133.77059522999488,581.2005952380952,447.42999999999995,10799.999999991,10799.999999991,0.0,True,False
236290,2025-06-14 02:10:00,77.98894225380442,574.9679422619047,496.9789999999999,10799.999999991,10799.999999991,0.0,True,False
236300,2025-06-14 02:20:00,64.73406606332819,571.4517494047618,506.7176833333333,10799.999999991,10799.999999991,0.0,True,False
236310,2025-06-14 02:30:00,108.16630951570923,571.9346428571429,463.7683333333333,10799.999999991,10799.999999991,0.0,True,False
236320,2025-06-14 02:40:00,90.73179939666144,567.6323660714285,476.9005666666667,10799.999999991,10799.999999991,0.0,True,False
236330,2025-06-14 02:50:00,92.2159505871376,569.4307505952379,477.21479999999997,10799.999999991,10799.999999991,0.0,True,False
236340,2025-06-14 03:00:00,124.59309522999482,575.7164285714284,451.1233333333333,10799.999999991,10799.999999991,0.0,True,False
236350,2025-06-14 03:10:00,111.71276903951888,572.9644523809525,461.2516833333333,10799.999999991,10799.999999991,0.0,True,False
236360,2025-06-14 03:20:00,98.79431844428049,569.8915684523809,471.09725000000003,10799.999999991,10799.999999991,0.0,True,False
236370,2025-06-14 03:30:00,100.5916071347568,570.8216071428571,470.23,10799.999999991,10799.999999991,0.0,True,False
236380,2025-06-14 03:40:00,83.99109106332827,571.2414244047619,487.2503333333333,10799.999999991,10799.999999991,0.0,True,False
236390,2025-06-14 03:50:00,72.30534999189953,571.7532999999999,499.44795,10799.999999991,10799.999999991,0.0,True,False
236400,2025-06-14 04:00:00,90.00526665856634,570.9719333333334,480.9666666666667,10799.999999991,10799.999999991,0.0,True,False
236410,2025-06-14 04:10:00,132.7921851109473,567.5711351190475,434.77894999999995,10799.999999991,10799.999999991,0.0,True,False
236420,2025-06-14 04:20:00,129.29620772999485,563.0051077380951,433.70889999999997,10799.999999991,10799.999999991,0.0,True,False
236430,2025-06-14 04:30:00,95.97758808713783,562.6259214285715,466.6483333333333,10799.999999991,10799.999999991,0.0,True,False
236440,2025-06-14 04:40:00,116.5494565395187,570.0238398809523,453.4743833333333,10799.999999991,10799.999999991,0.0,True,False
236450,2025-06-14 04:50:00,133.41072439666166,573.614024404762,440.20329999999996,10799.999999991,10799.999999991,0.0,True,False
236500,2025-06-14 05:40:00,71.10226862775843,798.8531558200609,478.58503333333334,10575.750731516928,10799.99999999,224.24926847307222,True,False
237180,2025-06-14 17:00:00,180.77308094337988,770.4997476190474,589.7266666666667,10799.99999999,10799.99999999,0.0,True,False
237190,2025-06-14 17:10:00,174.5359892767136,765.0153892857143,590.4793999999999,10799.99999999,10799.99999999,0.0,True,False
237200,2025-06-14 17:20:00,158.2862601100471,768.1720101190476,609.8857499999999,10799.99999999,10799.99999999,0.0,True,False
237210,2025-06-14 17:30:00,194.37433094338016,784.334330952381,589.96,10799.99999999,10799.99999999,0.0,True,False
237220,2025-06-14 17:40:00,220.45306487195248,801.9794815476198,581.5264166666666,10799.99999999,10799.99999999,0.0,True,False
237230,2025-06-14 17:50:00,130.51095653861856,710.8592732142858,580.3483166666666,10799.99999999,10799.99999999,0.0,True,False
237240,2025-06-14 18:00:00,155.5449761814754,738.4466428571428,582.9016666666666,10799.99999999,10799.99999999,0.0,True,False
237250,2025-06-14 18:10:00,126.45988749099914,722.0588541666665,595.5989666666667,10799.99999999,10799.99999999,0.0,True,False
237260,2025-06-14 18:20:00,142.25726249099924,744.5384124999999,602.28115,10799.99999999,10799.99999999,0.0,True,False
237270,2025-06-14 18:30:00,142.9756309433803,746.4606309523809,603.4849999999999,10799.99999999,10799.99999999,0.0,True,False
237280,2025-06-14 18:40:00,141.55454403861833,755.1206607142857,613.5661166666666,10799.99999999,10799.99999999,0.0,True,False
237480,2025-06-14 22:00:00,43.90613096238098,1421.8127976190476,544.5733333333333,3977.7799001198587,4727.779900109858,749.99999999,False,True
237490,2025-06-14 22:10:00,41.4849357242856,1418.368069047619,543.5498,4727.779900109858,5477.779900099858,749.99999999,False,True
237510,2025-06-14 22:30:00,61.15988096238106,1426.1915476190477,531.6983333333333,5538.166297948002,6288.166297938002,749.99999999,False,True
237520,2025-06-14 22:40:00,13.69712322428574,1425.8577732142858,578.8273166666667,6288.166297938002,7038.166297928002,749.99999999,False,True
237540,2025-06-14 23:00:00,12.434702390952445,1422.9730357142857,577.2049999999999,7754.116966893867,8504.116966883867,749.99999999,False,True
237560,2025-06-14 23:20:00,111.03244286714288,1428.6307595238095,484.2649833333333,8581.315835089152,9331.315835079151,749.99999999,False,True
237570,2025-06-14 23:30:00,79.90976191476192,1425.2330952380953,511.99,9331.315835079151,10081.31583506915,749.99999999,False,True
237580,2025-06-14 23:40:00,94.57188004826219,1425.3207577380954,532.2109166666667,10081.31583506915,10799.99999999,718.6841649208499,True,False
237590,2025-06-14 23:50:00,9.356277371951569,592.3264940476189,582.9702166666666,10799.99999999,10799.99999999,0.0,True,False
244810,2025-06-20 00:10:00,78.49891786714282,1436.6212345238096,524.7889833333334,7773.634404709469,8523.634404699469,749.99999999,False,True
244820,2025-06-20 00:20:00,134.6285577480951,1439.5890910714284,471.62719999999996,8523.634404699469,9273.634404690469,749.999999991,False,True
244970,2025-06-20 02:50:00,36.29216667457124,576.0919303571428,453.55685,10722.381377676686,10799.999999991,77.61862231431442,True,False
244980,2025-06-20 03:00:00,139.5642261823758,579.0575595238095,439.49333333333334,10799.999999991,10799.999999991,0.0,True,False
244990,2025-06-20 03:10:00,128.3689488014234,577.3733988095237,449.00444999999996,10799.999999991,10799.999999991,0.0,True,False
245000,2025-06-20 03:20:00,116.77786070618552,574.3096773809525,457.53181666666666,10799.999999991,10799.999999991,0.0,True,False
245010,2025-06-20 03:30:00,117.53172618237593,573.7533928571429,456.22166666666664,10799.999999991,10799.999999991,0.0,True,False
245020,2025-06-20 03:40:00,113.57583570618544,575.654619047619,462.07878333333326,10799.999999991,10799.999999991,0.0,True,False
245030,2025-06-20 03:50:00,106.92142677761379,574.7207934523808,467.7993666666667,10799.999999991,10799.999999991,0.0,True,False
245040,2025-06-20 04:00:00,103.87569999189961,568.9740333333333,465.09833333333336,10799.999999991,10799.999999991,0.0,True,False
245050,2025-06-20 04:10:00,110.5929851109474,565.4660351190477,454.87305,10799.999999991,10799.999999991,0.0,True,False
245060,2025-06-20 04:20:00,111.44521308713772,563.4908630952381,452.04565,10799.999999991,10799.999999991,0.0,True,False
245070,2025-06-20 04:30:00,110.49558094428059,564.6555809523809,454.15999999999997,10799.999999991,10799.999999991,0.0,True,False
245080,2025-06-20 04:40:00,125.26680475380465,570.5380380952382,445.27123333333327,10799.999999991,10799.999999991,0.0,True,False
245090,2025-06-20 04:50:00,137.0430053490426,574.9092886904763,437.86628333333334,10799.999999991,10799.999999991,0.0,True,False
245140,2025-06-20 05:40:00,502.3471954932388,1203.5575095238096,455.77841666666666,10579.111292363486,10799.999999991,220.88870762751358,True,False
245820,2025-06-20 17:00:00,100.45822865673289,788.9674952380951,621.8166666666666,10739.976660067774,10799.999999991,60.02333992322602,True,False
245830,2025-06-20 17:10:00,230.55975118237566,785.4308678571426,554.8711166666667,10799.999999991,10799.999999991,0.0,True,False
245840,2025-06-20 17:20:00,239.7924892776143,788.8774392857144,549.0849499999999,10799.999999991,10799.999999991,0.0,True,False
245850,2025-06-20 17:30:00,227.53267380142327,802.9843404761903,575.4516666666666,10799.999999991,10799.999999991,0.0,True,False
245860,2025-06-20 17:40:00,247.87703689666174,821.3862035714287,573.5091666666666,10799.999999991,10799.999999991,0.0,True,False
245870,2025-06-20 17:50:00,159.17977082523342,731.0687875000003,571.8890166666666,10799.999999991,10799.999999991,0.0,True,False
245880,2025-06-20 18:00:00,164.21771903951858,757.3243857142855,593.1066666666666,10799.999999991,10799.999999991,0.0,True,False
245890,2025-06-20 18:10:00,115.00257558713776,735.8688922619048,620.8663166666666,10799.999999991,10799.999999991,0.0,True,False
245900,2025-06-20 18:20:00,158.02735118237584,760.9934678571428,602.9661166666666,10799.999999991,10799.999999991,0.0,True,False
245910,2025-06-20 18:30:00,214.15563570618554,770.1589690476192,556.0033333333333,10799.999999991,10799.999999991,0.0,True,False
245920,2025-06-20 18:40:00,227.04948630142357,777.0589696428572,550.0094833333333,10799.999999991,10799.999999991,0.0,True,False
246120,2025-06-20 22:00:00,83.23654762904788,1440.4948809523812,523.925,4588.700870411863,5338.7008704018635,749.99999999,False,True
246130,2025-06-20 22:10:00,104.26863929571424,1432.3160226190475,494.71404999999993,5338.7008704018635,6088.700870391864,749.99999999,False,True
246150,2025-06-20 22:30:00,97.29577381952377,1442.8224404761904,512.1933333333333,6191.359092347149,6941.359092337149,749.99999999,False,True
246160,2025-06-20 22:40:00,102.04029584333306,1445.5390791666664,510.16544999999996,6941.359092337149,7691.3590923271495,749.99999999,False,True
246170,2025-06-20 22:50:00,83.31319405761882,1447.9687607142855,531.3222333333333,7691.3590923271495,8441.35909231815,749.999999991,False,True
246180,2025-06-20 23:00:00,60.668035724285794,1446.1430357142858,552.1416666666667,8441.35909231815,9191.359092309149,749.999999991,False,True
246200,2025-06-20 23:20:00,97.70098036714306,1446.5384970238097,515.5041833333332,9880.677996943006,10630.677996934006,749.999999991,False,True
246210,2025-06-20 23:30:00,699.6179529536576,1440.448511904762,552.6949999999999,10630.677996934006,10799.99999999,169.32200305599406,True,False
246220,2025-06-20 23:40:00,901.8754547529039,1441.3346714285713,539.4592166666666,10799.99999999,10799.99999999,0.0,True,False
246230,2025-06-20 23:50:00,77.12795118147537,608.9159511904761,531.788,10799.99999999,10799.99999999,0.0,True,False
246240,2025-06-21 00:00:00,68.77041665766589,607.2620833333332,538.4916666666666,10799.99999999,10799.99999999,0.0,True,False
246250,2025-06-21 00:10:00,92.99473808623745,607.6587047619048,514.6639666666666,10799.99999999,10799.99999999,0.0,True,False
246260,2025-06-21 00:20:00,74.50351546718977,607.8521654761904,533.3486499999999,10799.99999999,10799.99999999,0.0,True,False
246270,2025-06-21 00:30:00,40.21398808623733,607.123988095238,566.91,10799.99999999,10799.99999999,0.0,True,False
246280,2025-06-21 00:40:00,95.6749249909993,606.2626083333333,510.5876833333333,10799.99999999,10799.99999999,0.0,True,False
246290,2025-06-21 00:50:00,129.1980488005232,599.2409154761906,470.04286666666667,10799.99999999,10799.99999999,0.0,True,False
246300,2025-06-21 01:00:00,110.57029761004677,591.1336309523808,480.56333333333333,10799.99999999,10799.99999999,0.0,True,False
246310,2025-06-21 01:10:00,115.65933272909453,593.9892660714286,478.3299333333333,10799.99999999,10799.99999999,0.0,True,False
246320,2025-06-21 01:20:00,99.20566903861831,596.8437857142857,497.63811666666663,10799.99999999,10799.99999999,0.0,True,False
246330,2025-06-21 01:30:00,65.99958332433275,593.3629166666667,527.3633333333332,10799.99999999,10799.99999999,0.0,True,False
246340,2025-06-21 01:40:00,77.60112856242787,588.4087452380952,510.8076166666666,10799.99999999,10799.99999999,0.0,True,False
246350,2025-06-21 01:50:00,96.70626963385646,589.0472529761905,492.3409833333333,10799.99999999,10799.99999999,0.0,True,False
246360,2025-06-21 02:00:00,92.63047618147542,591.7338095238094,499.1033333333333,10799.99999999,10799.99999999,0.0,True,False
246370,2025-06-21 02:10:00,74.5730976100468,586.6399976190476,512.0669,10799.99999999,10799.99999999,0.0,True,False
246380,2025-06-21 02:20:00,80.30588034814204,582.4894636904761,502.18358333333333,10799.99999999,10799.99999999,0.0,True,False
246390,2025-06-21 02:30:00,108.343511895761,581.4685119047617,473.125,10799.99999999,10799.99999999,0.0,True,False
246400,2025-06-21 02:40:00,119.28111784814209,577.6011011904761,458.3199833333333,10799.99999999,10799.99999999,0.0,True,False
246410,2025-06-21 02:50:00,106.92457558623741,577.0220255952381,470.09745,10799.99999999,10799.99999999,0.0,True,False
246420,2025-06-21 03:00:00,89.93702380052312,579.3103571428571,489.3733333333333,10799.99999999,10799.99999999,0.0,True,False
246430,2025-06-21 03:10:00,90.20481956930368,576.9030529116378,486.69823333333335,10799.99999999,10799.99999999,0.0,True,False
246440,2025-06-21 03:20:00,81.84625713385648,573.6850571428572,491.8388,10799.99999999,10799.99999999,0.0,True,False
246450,2025-06-21 03:30:00,77.00779761004694,573.2594642857143,496.25166666666667,10799.99999999,10799.99999999,0.0,True,False
246460,2025-06-21 03:40:00,112.6655577290945,576.0485577380952,463.3829999999999,10799.99999999,10799.99999999,0.0,True,False
246470,2025-06-21 03:50:00,121.1241309433801,575.8417809523808,454.71764999999994,10799.99999999,10799.99999999,0.0,True,False
247260,2025-06-21 17:00:00,265.14668088437935,805.1966809523808,540.05,10799.999999924443,10799.999999924443,0.0,True,False
247270,2025-06-21 17:10:00,243.0718207653318,798.9063541666665,555.8345333333333,10799.999999924443,10799.999999924443,0.0,True,False
247280,2025-06-21 17:20:00,225.2697207653318,802.3738541666665,577.1041333333333,10799.999999924443,10799.999999924443,0.0,True,False
247290,2025-06-21 17:30:00,237.8677523129506,818.5794190476188,580.7116666666666,10799.999999924443,10799.999999924443,0.0,True,False
247300,2025-06-21 17:40:00,227.73721183676022,835.9385619047616,608.2013499999999,10799.999999924443,10799.999999924443,0.0,True,False
247310,2025-06-21 17:50:00,143.3701332653317,744.0956166666665,600.7254833333333,10799.999999924443,10799.999999924443,0.0,True,False
247320,2025-06-21 18:00:00,200.8269094558074,759.0785761904756,558.2516666666667,10799.999999924443,10799.999999924443,0.0,True,False
247330,2025-06-21 18:10:00,193.1909761224749,738.9381095238097,545.7471333333333,10799.999999924443,10799.999999924443,0.0,True,False
247340,2025-06-21 18:20:00,214.8570564796176,764.3575898809524,549.5005333333334,10799.999999924443,10799.999999924443,0.0,True,False
247350,2025-06-21 18:30:00,214.8489332653318,771.9806,557.1316666666667,10799.999999924443,10799.999999924443,0.0,True,False
247360,2025-06-21 18:40:00,200.7386046939033,776.8771714285714,576.1385666666666,10799.999999924443,10799.999999924443,0.0,True,False
247560,2025-06-21 22:00:00,83.39619048619032,1445.0095238095237,528.28,4751.388921072823,5501.388921062823,749.9999999899999,False,True
247570,2025-06-21 22:10:00,73.47494286714276,1433.6820095238095,526.8737333333333,5501.388921062823,6251.388921052823,749.99999999,False,True
247590,2025-06-21 22:30:00,60.473690486190655,1446.672023809524,552.865,6316.438537650966,7066.438537640966,749.99999999,False,True
247600,2025-06-21 22:40:00,68.58249286714282,1448.7556761904762,546.83985,7066.438537640966,7816.4385376309665,749.99999999,False,True
247610,2025-06-21 22:50:00,75.32817679571438,1450.4544101190477,541.7928999999999,7816.4385376309665,8566.438537620967,749.99999999,False,True
247620,2025-06-21 23:00:00,84.08934524809523,1449.1543452380952,531.7316666666666,8566.438537620967,9316.438537611966,749.999999991,False,True
247640,2025-06-21 23:20:00,129.65657500999998,1449.8189583333333,486.82904999999994,10022.744426352967,10772.744426343967,749.999999991,False,True
247650,2025-06-21 23:30:00,917.0042435667882,1445.504880952381,498.2166666666667,10772.744426343967,10799.999999991,27.25557364703346,True,False
247660,2025-06-21 23:40:00,942.4817220157092,1446.5768886904762,504.0951666666666,10799.999999991,10799.999999991,0.0,True,False
247670,2025-06-21 23:50:00,81.39591665856628,613.6149333333333,532.2190166666667,10799.999999991,10799.999999991,0.0,True,False
247680,2025-06-22 00:00:00,5.206130944280607,611.2294642857142,606.0233333333333,10799.999999991,10799.999999991,0.0,True,False
255120,2025-06-27 04:00:00,55.267254067270244,569.9963880952381,464.18999999999994,10754.514779365829,10799.999999991,45.485220625171124,True,False
255130,2025-06-27 04:10:00,153.77322796809017,568.5490779761905,414.77585,10799.999999991,10799.999999991,0.0,True,False
255140,2025-06-27 04:20:00,156.45447618237594,567.5768261904763,411.12235,10799.999999991,10799.999999991,0.0,True,False
255150,2025-06-27 04:30:00,109.02436427761401,566.146030952381,457.12166666666667,10799.999999991,10799.999999991,0.0,True,False
255160,2025-06-27 04:40:00,99.82861606332838,566.258399404762,466.4297833333333,10799.999999991,10799.999999991,0.0,True,False
255170,2025-06-27 04:50:00,104.9227547538043,570.1992547619046,465.2765,10799.999999991,10799.999999991,0.0,True,False
255220,2025-06-27 05:40:00,341.74504062278135,897.7012505087318,456.2464333333333,10710.261201093645,10799.999999991,89.73879889735542,True,False
255900,2025-06-27 17:00:00,219.20086427671342,808.1125309523808,588.9116666666666,10799.99999999,10799.99999999,0.0,True,False
255910,2025-06-27 17:10:00,246.6286690386183,807.1073857142857,560.4787166666666,10799.99999999,10799.99999999,0.0,True,False
255920,2025-06-27 17:20:00,274.05002618147546,812.9437761904761,538.89375,10799.99999999,10799.99999999,0.0,True,False
255930,2025-06-27 17:30:00,307.63318570528503,826.1981857142857,518.5649999999999,10799.99999999,10799.99999999,0.0,True,False
255940,2025-06-27 17:40:00,305.70874641957096,844.0153464285714,538.3065999999999,10799.99999999,10799.99999999,0.0,True,False
255950,2025-06-27 17:50:00,174.11991844338039,751.6490684523811,577.52915,10799.99999999,10799.99999999,0.0,True,False
255960,2025-06-27 18:00:00,186.84656427671342,774.7315642857142,587.885,10799.99999999,10799.99999999,0.0,True,False
255970,2025-06-27 18:10:00,210.31457677671364,754.606493452381,544.2919166666666,10799.99999999,10799.99999999,0.0,True,False
255980,2025-06-27 18:20:00,223.31478034814222,779.8720636904762,556.5572833333333,10799.99999999,10799.99999999,0.0,True,False
255990,2025-06-27 18:30:00,181.80567141957076,786.2823380952382,604.4766666666667,10799.99999999,10799.99999999,0.0,True,False
256000,2025-06-27 18:40:00,225.13737558623748,791.2348922619047,566.0975166666666,10799.99999999,10799.99999999,0.0,True,False
256200,2025-06-27 22:00:00,150.45416667666677,1468.2191666666668,484.4316666666667,5042.987729584143,5792.9877295741435,749.99999999,False,True
256210,2025-06-27 22:10:00,120.86208334333342,1454.7008,500.50538333333327,5792.9877295741435,6542.987729565143,749.999999991,False,True
256230,2025-06-27 22:30:00,138.24815477190475,1463.4131547619047,491.8316666666666,6656.438333663286,7406.4383336532865,749.99999999,False,True
256240,2025-06-27 22:40:00,108.64872977190463,1468.384413095238,526.40235,7406.4383336532865,8156.438333643287,749.99999999,False,True
256250,2025-06-27 22:50:00,109.13344822428563,1470.9020982142856,528.4353166666666,8156.438333643287,8906.438333634287,749.999999991,False,True
256260,2025-06-27 23:00:00,130.94952381952396,1468.2878571428573,504.005,8906.438333634287,9656.438333625287,749.999999991,False,True
256280,2025-06-27 23:20:00,426.8485409145855,1469.4771607142857,536.1095499999999,10344.13283717127,10799.999999991,455.86716281973025,True,False
256290,2025-06-27 23:30:00,973.096964277614,1463.553630952381,490.4566666666666,10799.999999991,10799.999999991,0.0,True,False
256300,2025-06-27 23:40:00,956.6334618966617,1464.9932785714286,508.35981666666663,10799.999999991,10799.999999991,0.0,True,False
256310,2025-06-27 23:50:00,110.98970892047109,632.0298755952381,521.0401666666667,10799.999999991,10799.999999991,0.0,True,False
256320,2025-06-28 00:00:00,136.19904761094742,630.1290476190477,493.92999999999995,10799.999999991,10799.999999991,0.0,True,False
256330,2025-06-28 00:10:00,163.39574522999467,633.0819119047617,469.6861666666667,10799.999999991,10799.999999991,0.0,True,False
256340,2025-06-28 00:20:00,151.6344196347567,632.2346029761903,480.6001833333333,10799.999999991,10799.999999991,0.0,True,False
256350,2025-06-28 00:30:00,121.00386903951878,626.9472023809524,505.94333333333327,10799.999999991,10799.999999991,0.0,True,False
256360,2025-06-28 00:40:00,124.2708827299949,624.7359994047619,500.46511666666663,10799.999999991,10799.999999991,0.0,True,False
256370,2025-06-28 00:50:00,102.7825422538044,617.994775595238,515.2122333333333,10799.999999991,10799.999999991,0.0,True,False
256380,2025-06-28 01:00:00,71.23940475380468,609.5827380952383,538.3433333333332,10799.999999991,10799.999999991,0.0,True,False
256390,2025-06-28 01:10:00,106.93081487285198,611.205231547619,504.27441666666664,10799.999999991,10799.999999991,0.0,True,False
256400,2025-06-28 01:20:00,133.93991308713768,612.9017797619047,478.96186666666665,10799.999999991,10799.999999991,0.0,True,False
256410,2025-06-28 01:30:00,127.53101189666157,609.7293452380952,482.1983333333333,10799.999999991,10799.999999991,0.0,True,False
256420,2025-06-28 01:40:00,133.89046011094726,606.7159267857143,472.82546666666667,10799.999999991,10799.999999991,0.0,True,False
256430,2025-06-28 01:50:00,122.97201427761397,606.171630952381,483.19961666666666,10799.999999991,10799.999999991,0.0,True,False
256440,2025-06-28 02:00:00,101.28892856332808,604.2755952380951,502.9866666666667,10799.999999991,10799.999999991,0.0,True,False
256450,2025-06-28 02:10:00,113.05224165856632,595.8415583333333,482.78931666666665,10799.999999991,10799.999999991,0.0,True,False
256460,2025-06-28 02:20:00,128.24818392047095,590.9799839285713,462.7318,10799.999999991,10799.999999991,0.0,True,False
256470,2025-06-28 02:30:00,130.3701190395188,590.4417857142857,460.0716666666666,10799.999999991,10799.999999991,0.0,True,False
256480,2025-06-28 02:40:00,136.12694165856638,585.8377916666667,449.71085,10799.999999991,10799.999999991,0.0,True,False
256490,2025-06-28 02:50:00,162.1779482061854,584.6798982142857,422.50194999999997,10799.999999991,10799.999999991,0.0,True,False
256500,2025-06-28 03:00:00,175.44767856332808,587.044345238095,411.59666666666664,10799.999999991,10799.999999991,0.0,True,False
256510,2025-06-28 03:10:00,127.47740594428058,584.5605559523809,457.08315,10799.999999991,10799.999999991,0.0,True,False
256520,2025-06-28 03:20:00,101.37094165856624,581.0940249999999,479.7230833333333,10799.999999991,10799.999999991,0.0,True,False
256530,2025-06-28 03:30:00,114.53827380142351,579.0899404761905,464.5516666666666,10799.999999991,10799.999999991,0.0,True,False
256540,2025-06-28 03:40:00,106.30136130142348,576.8325279761905,470.53116666666665,10799.999999991,10799.999999991,0.0,True,False
256550,2025-06-28 03:50:00,98.70937618237579,574.3749428571427,475.6655666666666,10799.999999991,10799.999999991,0.0,True,False
256560,2025-06-28 04:00:00,102.382433325233,571.2724333333333,468.89,10799.999999991,10799.999999991,0.0,True,False
257340,2025-06-28 17:00:00,143.8743476179366,828.1544309523808,571.0999999999999,10698.13792499,10799.999999991,101.8620750009999,True,False
257350,2025-06-28 17:10:00,285.5275755871379,827.8791089285714,542.3515333333332,10799.999999991,10799.999999991,0.0,True,False
257360,2025-06-28 17:20:00,265.90732558713756,832.5322089285712,566.6248833333333,10799.999999991,10799.999999991,0.0,True,False
257370,2025-06-28 17:30:00,253.55181189666186,843.701811904762,590.15,10799.999999991,10799.999999991,0.0,True,False
257380,2025-06-28 17:40:00,310.84815832523304,862.6630083333334,551.81485,10799.999999991,10799.999999991,0.0,True,False
257390,2025-06-28 17:50:00,225.83001070618528,750.008744047619,524.1787333333333,10799.999999991,10799.999999991,0.0,True,False
257400,2025-06-28 18:00:00,239.8461999918995,778.9811999999998,539.135,10799.999999991,10799.999999991,0.0,True,False
257410,2025-06-28 18:10:00,196.89875415856642,757.1110041666667,560.2122499999999,10799.999999991,10799.999999991,0.0,True,False
257420,2025-06-28 18:20:00,206.94414046809035,782.4457071428573,575.5015666666666,10799.999999991,10799.999999991,0.0,True,False
257430,2025-06-28 18:30:00,213.47155713475695,790.3115571428572,576.8399999999999,10799.999999991,10799.999999991,0.0,True,False
257440,2025-06-28 18:40:00,230.2178809442806,793.8180976190475,563.6002166666666,10799.999999991,10799.999999991,0.0,True,False
257640,2025-06-28 22:00:00,97.25845239095268,1469.1951190476193,538.6033333333332,5212.033809155246,5962.033809145246,749.99999999,False,True
257650,2025-06-28 22:10:00,80.50119167666683,1456.1243250000002,542.2898,5962.033809145246,6712.0338091362455,749.999999991,False,True
257670,2025-06-28 22:30:00,139.26297620047615,1465.3646428571428,492.7683333333333,6803.723628770103,7553.723628760103,749.99999999,False,True
257680,2025-06-28 22:40:00,158.97448036714286,1470.6792303571428,478.3714166666667,7553.723628760103,8303.723628750102,749.99999999,False,True
257690,2025-06-28 22:50:00,118.67142858142846,1473.1759785714285,521.1712166666666,8303.723628750102,9053.723628741101,749.999999991,False,True
257700,2025-06-28 23:00:00,84.27113096238098,1470.5827976190476,552.9783333333332,9053.723628741101,9803.723628732101,749.999999991,False,True
257720,2025-06-28 23:20:00,700.194044622969,1473.90505,490.40546666666665,10545.025015151672,10799.999999991,254.974984839328,True,False
257730,2025-06-28 23:30:00,913.925595229995,1467.7505952380952,553.8249999999999,10799.999999991,10799.999999991,0.0,True,False
257740,2025-06-28 23:40:00,968.6520243966614,1468.6805910714284,500.0285666666667,10799.999999991,10799.999999991,0.0,True,False
257750,2025-06-28 23:50:00,89.76669761094726,635.5134309523809,545.7467333333333,10799.999999991,10799.999999991,0.0,True,False
259130,2025-06-29 22:50:00,3.836892271904836,1477.410942261905,640.2407166666667,4084.2652060375403,4834.26520602754,749.99999999,False,True
259140,2025-06-29 23:00:00,51.68964286714287,1474.1796428571429,589.1566666666666,4834.26520602754,5584.265206017541,749.99999999,False,True
260600,2025-06-30 23:20:00,0.8960190576188928,1473.8710857142855,639.6417333333333,5905.717287723772,6655.717287713772,749.99999999,False,True
265980,2025-07-04 17:00:00,40.76965947578587,781.5818261904761,683.6366666666665,10748.542049947779,10799.999999991,51.457950043221345,True,False
265990,2025-07-04 17:10:00,105.71192320618533,783.5173232142857,677.8054,10799.999999991,10799.999999991,0.0,True,False
266000,2025-07-04 17:20:00,62.192961301423544,788.4594446428572,726.2664833333333,10799.999999991,10799.999999991,0.0,True,False
266010,2025-07-04 17:30:00,52.75569522999488,797.7106952380951,744.9549999999999,10799.999999991,10799.999999991,0.0,True,False
266020,2025-07-04 17:40:00,110.77134880142316,815.0568988095237,704.2855500000001,10799.999999991,10799.999999991,0.0,True,False
266030,2025-07-04 17:50:00,17.523896420471182,710.8099297619049,693.2860333333333,10799.999999991,10799.999999991,0.0,True,False
266040,2025-07-04 18:00:00,72.983809515709,787.8271428571427,714.8433333333334,10799.999999991,10799.999999991,0.0,True,False
266050,2025-07-04 18:10:00,81.18220415856644,769.6692875,688.4870833333332,10799.999999991,10799.999999991,0.0,True,False
266060,2025-07-04 18:20:00,135.58543094428063,796.4025976190476,660.8171666666666,10799.999999991,10799.999999991,0.0,True,False
266070,2025-07-04 18:30:00,128.67583332523293,802.7774999999999,674.1016666666667,10799.999999991,10799.999999991,0.0,True,False
266080,2025-07-04 18:40:00,86.18816784904229,808.2256511904759,722.0374833333333,10799.999999991,10799.999999991,0.0,True,False
266280,2025-07-04 22:00:00,42.4576785814288,1480.361011904762,604.5699999999999,2850.4449594197995,3600.4449594097996,749.99999999,False,True
266290,2025-07-04 22:10:00,40.56953512904783,1469.2321184523812,595.32925,3600.4449594097996,4350.4449593998,749.99999999,False,True
266320,2025-07-04 22:40:00,3.2616065576188396,1485.4932232142855,648.8982833333333,5078.8925956318,5828.8925956218,749.99999999,False,True
266330,2025-07-04 22:50:00,12.367305367142755,1489.1239053571428,643.4232666666667,5828.8925956218,6578.8925956118,749.99999999,False,True
266360,2025-07-04 23:20:00,25.66282739095231,1479.476694047619,620.4805333333334,7937.955068450942,8687.955068440942,749.99999999,False,True
266370,2025-07-04 23:30:00,1.8975000099999226,1480.4258333333332,645.1949999999999,8687.955068440942,9437.955068430942,749.99999999,False,True
266380,2025-07-04 23:40:00,10.72018155761895,1479.0886982142856,635.0351833333333,9437.955068430942,10187.95506842094,749.99999999,False,True
267430,2025-07-05 17:10:00,32.07742451710603,809.3698077380952,717.1860666666666,10745.90431509211,10799.999999991,54.09568489889025,True,False
267440,2025-07-05 17:20:00,68.85666427761421,815.8794476190478,747.0227833333333,10799.999999991,10799.999999991,0.0,True,False
267450,2025-07-05 17:30:00,110.19598570618555,824.4893190476191,714.2933333333333,10799.999999991,10799.999999991,0.0,True,False
267460,2025-07-05 17:40:00,171.19858451570903,840.2951345238093,669.09655,10799.999999991,10799.999999991,0.0,True,False
267470,2025-07-05 17:50:00,63.81880832523317,747.4556750000002,683.6368666666667,10799.999999991,10799.999999991,0.0,True,False
267480,2025-07-05 18:00:00,56.82023808713806,791.4602380952383,734.64,10799.999999991,10799.999999991,0.0,True,False
267490,2025-07-05 18:10:00,40.94194344428073,772.2079101190476,731.2659666666666,10799.999999991,10799.999999991,0.0,True,False
267500,2025-07-05 18:20:00,88.03579761094728,797.8760976190475,709.8403,10799.999999991,10799.999999991,0.0,True,False
267510,2025-07-05 18:30:00,103.6599999918998,804.6966666666667,701.0366666666666,10799.999999991,10799.999999991,0.0,True,False
267520,2025-07-05 18:40:00,114.30849761094719,811.6715642857141,697.3630666666666,10799.999999991,10799.999999991,0.0,True,False
267720,2025-07-05 22:00:00,57.236071438571564,1482.6894047619048,592.1199999999999,3267.906068196256,4017.906068186256,749.99999999,False,True
267730,2025-07-05 22:10:00,23.385897033809776,1470.8796803571431,614.16045,4017.906068186256,4767.906068176256,749.99999999,False,True
267750,2025-07-05 22:30:00,30.127142867142872,1485.337142857143,621.8766666666667,4771.706381381541,5521.706381371541,749.99999999,False,True
267760,2025-07-05 22:40:00,62.56551429571402,1491.709164285714,595.8103166666666,5521.706381371541,6271.706381361541,749.99999999,False,True
267770,2025-07-05 22:50:00,45.06138751000014,1494.2036708333335,615.80895,6271.706381361541,7021.7063813515415,749.99999999,False,True
267780,2025-07-05 23:00:00,5.56779762904761,1487.2377976190476,648.3366666666666,7021.7063813515415,7771.706381341542,749.99999999,False,True
267800,2025-07-05 23:20:00,12.963816081428597,1482.3919827380953,636.0948333333333,8390.208235261112,9140.208235251112,749.99999999,False,True
267820,2025-07-05 23:40:00,11.516697629047705,1482.5366642857143,637.6866333333332,9877.450199527826,10627.450199517825,749.99999999,False,True
276060,2025-07-11 17:00:00,167.41281665766573,824.1761499999998,656.7633333333333,10799.99999999,10799.99999999,0.0,True,False
276070,2025-07-11 17:10:00,187.61789284814202,828.7798928571428,641.162,10799.99999999,10799.99999999,0.0,True,False
276080,2025-07-11 17:20:00,169.7385553481424,831.232905357143,661.4943499999999,10799.99999999,10799.99999999,0.0,True,False
276090,2025-07-11 17:30:00,164.9344833243325,834.7178166666665,669.7833333333333,10799.99999999,10799.99999999,0.0,True,False
276100,2025-07-11 17:40:00,172.46374999100007,853.6895333333341,681.2257833333333,10799.99999999,10799.99999999,0.0,True,False
276110,2025-07-11 17:50:00,59.139054752904464,763.3635547619051,704.2244999999999,10799.99999999,10799.99999999,0.0,True,False
276120,2025-07-11 18:00:00,92.85005951480872,810.6200595238095,717.77,10799.99999999,10799.99999999,0.0,True,False
276130,2025-07-11 18:10:00,101.8386291576659,793.9065125,692.0678833333333,10799.99999999,10799.99999999,0.0,True,False
276140,2025-07-11 18:20:00,153.25504761004694,821.9022142857143,668.6471666666666,10799.99999999,10799.99999999,0.0,True,False
276150,2025-07-11 18:30:00,154.79440475290414,826.6177380952381,671.8233333333333,10799.99999999,10799.99999999,0.0,True,False
276160,2025-07-11 18:40:00,138.09568868147548,827.4939386904762,689.39825,10799.99999999,10799.99999999,0.0,True,False
276360,2025-07-11 22:00:00,48.9660119147619,1503.8643452380952,621.5649999999999,3619.294935424091,4369.294935414091,749.99999999,False,True
276370,2025-07-11 22:10:00,32.75421608142846,1497.0796327380951,630.9920833333333,4369.294935414091,5119.294935404091,749.99999999,False,True
276390,2025-07-11 22:30:00,56.89690477190481,1508.2752380952381,618.045,5161.639768787948,5911.639768777948,749.99999999,False,True
276400,2025-07-11 22:40:00,58.574219652856975,1515.5330863095237,623.6255333333334,5911.639768777948,6661.639768767948,749.99999999,False,True
276410,2025-07-11 22:50:00,42.864036319523386,1517.0831696428568,640.8858,6661.639768767948,7411.639768757948,749.99999999,False,True
276420,2025-07-11 23:00:00,29.554404771904835,1506.9327380952382,644.045,7411.639768757948,8161.639768747948,749.99999999,False,True
276440,2025-07-11 23:20:00,59.820244652857006,1502.670844642857,609.5172666666666,8806.481698765758,9556.481698755757,749.99999999,False,True
276450,2025-07-11 23:30:00,47.89607143857153,1500.8627380952382,619.6333333333333,9556.481698755757,10306.481698745756,749.99999999,False,True
276460,2025-07-11 23:40:00,326.17622956988794,1497.6011142857144,623.0712166666666,10306.481698745756,10799.99999999,493.51830124424384,True,False
276470,2025-07-11 23:50:00,18.740790467189846,665.3568904761905,646.6161,10799.99999999,10799.99999999,0.0,True,False
276480,2025-07-12 00:00:00,5.063809514808758,669.4888095238094,664.425,10799.99999999,10799.99999999,0.0,True,False
276490,2025-07-12 00:10:00,48.29254403861828,669.9159107142857,621.6233666666667,10799.99999999,10799.99999999,0.0,True,False
276500,2025-07-12 00:20:00,63.00198987195163,671.7621398809523,608.76015,10799.99999999,10799.99999999,0.0,True,False
276510,2025-07-12 00:30:00,32.46726189576109,671.7939285714284,639.3266666666666,10799.99999999,10799.99999999,0.0,True,False
276520,2025-07-12 00:40:00,23.341937490999364,661.3549208333334,638.0129833333333,10799.99999999,10799.99999999,0.0,True,False
276530,2025-07-12 00:50:00,26.255013681475454,655.0033970238095,628.7483833333333,10799.99999999,10799.99999999,0.0,True,False
276540,2025-07-12 01:00:00,42.82821427671352,655.6898809523809,612.8616666666667,10799.99999999,10799.99999999,0.0,True,False
276550,2025-07-12 01:10:00,81.46037796718971,652.1298279761904,570.66945,10799.99999999,10799.99999999,0.0,True,False
276560,2025-07-12 01:20:00,59.38897915766595,646.2655958333334,586.8766166666667,10799.99999999,10799.99999999,0.0,True,False
276570,2025-07-12 01:30:00,12.71017856242779,643.9835119047618,631.2733333333333,10799.99999999,10799.99999999,0.0,True,False
276580,2025-07-12 01:40:00,57.20469284814212,647.8240595238094,590.6193666666666,10799.99999999,10799.99999999,0.0,True,False
276590,2025-07-12 01:50:00,67.00502737195163,645.9030107142856,578.8979833333333,10799.99999999,10799.99999999,0.0,True,False
276600,2025-07-12 02:00:00,26.680654752904026,639.4873214285714,612.8066666666666,10799.99999999,10799.99999999,0.0,True,False
276610,2025-07-12 02:10:00,46.89384820528503,640.421431547619,593.5275833333333,10799.99999999,10799.99999999,0.0,True,False
276620,2025-07-12 02:20:00,57.09826011004689,636.5712267857142,579.4729666666666,10799.99999999,10799.99999999,0.0,True,False
277500,2025-07-12 17:00:00,189.7733713535715,837.2517047619048,647.4783333333332,10799.999999916667,10799.999999916667,0.0,True,False
277510,2025-07-12 17:10:00,126.08228266309513,841.5571827380952,715.4748999999999,10799.999999916667,10799.999999916667,0.0,True,False
277520,2025-07-12 17:20:00,121.66393682976158,843.1858869047617,721.52195,10799.999999916667,10799.999999916667,0.0,True,False
277530,2025-07-12 17:30:00,183.1063475440475,845.5630142857142,662.4566666666666,10799.999999916667,10799.999999916667,0.0,True,False
277540,2025-07-12 17:40:00,159.03011599642875,865.237349404762,706.2072333333333,10799.999999916667,10799.999999916667,0.0,True,False
277550,2025-07-12 17:50:00,52.692741591666795,777.2806750000002,724.5879333333334,10799.999999916667,10799.999999916667,0.0,True,False
277560,2025-07-12 18:00:00,133.22065468690477,815.6423214285714,682.4216666666666,10799.999999916667,10799.999999916667,0.0,True,False
277570,2025-07-12 18:10:00,116.97103623452392,797.7703863095239,680.79935,10799.999999916667,10799.999999916667,0.0,True,False
277580,2025-07-12 18:20:00,135.444799925,824.4420666666666,688.9972666666665,10799.999999916667,10799.999999916667,0.0,True,False
277590,2025-07-12 18:30:00,139.37999992500008,829.0433333333333,689.6633333333332,10799.999999916667,10799.999999916667,0.0,True,False
277600,2025-07-12 18:40:00,127.1524088535713,830.0069755952379,702.8545666666666,10799.999999916667,10799.999999916667,0.0,True,False
277810,2025-07-12 22:10:00,17.77412143857145,1500.9544547619048,649.847,4428.55651219361,5178.55651218361,749.99999999,False,True
277830,2025-07-12 22:30:00,43.103809533809674,1511.2738095238096,634.8366666666666,5226.664197174609,5976.6641971646095,749.99999999,False,True
277840,2025-07-12 22:40:00,83.42408572428563,1518.9774023809523,602.2199833333333,5976.6641971646095,6726.66419715461,749.99999999,False,True
277850,2025-07-12 22:50:00,79.89111548619029,1521.6572154761902,608.4327666666666,6726.66419715461,7476.66419714461,749.99999999,False,True
277860,2025-07-12 23:00:00,40.39273810523809,1512.4210714285714,638.6949999999999,7476.66419714461,8226.664197134609,749.99999999,False,True
277880,2025-07-12 23:20:00,55.26614108142871,1505.639924404762,617.04045,8888.999014089895,9638.999014079895,749.99999999,False,True
277890,2025-07-12 23:30:00,3.5338690576188503,1502.9722023809522,666.105,9638.999014079895,10388.999014069894,749.99999999,False,True
277900,2025-07-12 23:40:00,405.3830348903584,1501.7311136904764,639.6803166666666,10388.999014069894,10799.99999999,411.00098592010625,True,False
277910,2025-07-12 23:50:00,3.56815237195176,671.1944690476191,667.6263166666666,10799.99999999,10799.99999999,0.0,True,False
282150,2025-07-15 22:30:00,1.068690486190568,1522.6353571428572,688.2333333333332,2500.6831656457566,3250.6831656357567,749.99999999,False,True
286140,2025-07-18 17:00:00,202.34763094338015,857.7092976190476,655.3616666666667,10799.99999999,10799.99999999,0.0,True,False
286150,2025-07-18 17:10:00,188.81090237195147,863.7421023809521,674.9312,10799.99999999,10799.99999999,0.0,True,False
286160,2025-07-18 17:20:00,186.97343034814187,869.0019470238093,682.0285166666666,10799.99999999,10799.99999999,0.0,True,False
286170,2025-07-18 17:30:00,222.34447618147547,874.3411428571429,651.9966666666667,10799.99999999,10799.99999999,0.0,True,False
286180,2025-07-18 17:40:00,220.27956606242802,893.5046660714288,673.2251,10799.99999999,10799.99999999,0.0,True,False
286190,2025-07-18 17:50:00,96.13292082433256,803.7048708333333,707.57195,10799.99999999,10799.99999999,0.0,True,False
286200,2025-07-18 18:00:00,121.58113094337975,836.9944642857137,715.4133333333332,10799.99999999,10799.99999999,0.0,True,False
286210,2025-07-18 18:10:00,124.28128808623788,820.6459547619053,696.3646666666666,10799.99999999,10799.99999999,0.0,True,False
286220,2025-07-18 18:20:00,167.51564284814205,846.4365428571427,678.9209,10799.99999999,10799.99999999,0.0,True,False
286230,2025-07-18 18:30:00,174.13886903861837,847.563869047619,673.425,10799.99999999,10799.99999999,0.0,True,False
286240,2025-07-18 18:40:00,179.2859880862375,847.2778880952383,667.9919,10799.99999999,10799.99999999,0.0,True,False
286440,2025-07-18 22:00:00,83.25994048619042,1532.516607142857,615.9233333333333,4476.306148625151,5226.306148615151,749.99999999,False,True
286450,2025-07-18 22:10:00,49.78825239095237,1526.4197357142857,643.29815,5226.306148615151,5976.306148605151,749.99999999,False,True
286470,2025-07-18 22:30:00,61.70714286714291,1532.5838095238096,637.5433333333333,6015.932909667579,6765.932909657579,749.99999999,False,True
286480,2025-07-18 22:40:00,77.55250893857122,1535.5375422619045,624.6516999999999,6765.932909657579,7515.932909647579,749.99999999,False,True
286490,2025-07-18 22:50:00,59.46845893857152,1538.8174755952382,646.0156833333333,7515.932909647579,8265.932909638579,749.999999991,False,True
286500,2025-07-18 23:00:00,31.86565477190492,1532.540654761905,667.3416666666667,8265.932909638579,9015.932909628578,749.99999999,False,True
286520,2025-07-18 23:20:00,73.41663572428557,1523.0691023809522,616.3191333333333,9662.195729619578,10412.195729609577,749.99999999,False,True
286530,2025-07-18 23:30:00,468.94916386191096,1527.1027976190476,627.26,10412.195729609577,10799.999999991,387.80427038142295,True,False
286540,2025-07-18 23:40:00,881.9588059442805,1528.0790226190475,646.1202166666667,10799.999999991,10799.999999991,0.0,True,False
286550,2025-07-18 23:50:00,74.13916844428067,693.1973351190477,619.0581666666667,10799.999999991,10799.999999991,0.0,True,False
286560,2025-07-19 00:00:00,115.37196427761407,692.0269642857144,576.655,10799.999999991,10799.999999991,0.0,True,False
286570,2025-07-19 00:10:00,94.21562261094718,693.1654726190475,598.94985,10799.999999991,10799.999999991,0.0,True,False
286580,2025-07-19 00:20:00,88.58007082523292,694.6353708333332,606.0553,10799.999999991,10799.999999991,0.0,True,False
286590,2025-07-19 00:30:00,98.49708332523309,693.3887500000001,594.8916666666667,10799.999999991,10799.999999991,0.0,True,False
286600,2025-07-19 00:40:00,55.16157380142361,687.9598071428572,632.7982333333333,10799.999999991,10799.999999991,0.0,True,False
286610,2025-07-19 00:50:00,77.38196070618537,683.329244047619,605.9472833333333,10799.999999991,10799.999999991,0.0,True,False
286620,2025-07-19 01:00:00,137.4701785633283,680.2901785714286,542.8199999999999,10799.999999991,10799.999999991,0.0,True,False
286630,2025-07-19 01:10:00,82.69235713475686,675.2455738095239,592.5532166666667,10799.999999991,10799.999999991,0.0,True,False
286640,2025-07-19 01:20:00,33.50904165856637,670.238325,636.7292833333333,10799.999999991,10799.999999991,0.0,True,False
286650,2025-07-19 01:30:00,57.896904753804485,668.7752380952381,610.8783333333333,10799.999999991,10799.999999991,0.0,True,False
286660,2025-07-19 01:40:00,101.67601249189963,672.1533125,570.4773,10799.999999991,10799.999999991,0.0,True,False
286670,2025-07-19 01:50:00,116.30814106332818,673.1786577380951,556.8705166666666,10799.999999991,10799.999999991,0.0,True,False
286680,2025-07-19 02:00:00,114.70994046809014,669.566607142857,554.8566666666666,10799.999999991,10799.999999991,0.0,True,False
286690,2025-07-19 02:10:00,134.17103034904252,665.1903470238094,531.0193166666666,10799.999999991,10799.999999991,0.0,True,False
286700,2025-07-19 02:20:00,82.41218034904247,660.3894803571428,577.9773,10799.999999991,10799.999999991,0.0,True,False
286710,2025-07-19 02:30:00,9.608630944280753,653.6869642857143,644.0783333333333,10799.999999991,10799.999999991,0.0,True,False
286720,2025-07-19 02:40:00,62.40510118237601,645.5417011904763,583.1365999999999,10799.999999991,10799.999999991,0.0,True,False
286730,2025-07-19 02:50:00,80.9393047538043,646.7193047619046,565.78,10799.999999991,10799.999999991,0.0,True,False
286740,2025-07-19 03:00:00,44.79708332523294,650.9854166666665,606.1883333333333,10799.999999991,10799.999999991,0.0,True,False
286750,2025-07-19 03:10:00,89.44956130142347,641.6163779761904,552.1668166666666,10799.999999991,10799.999999991,0.0,True,False
286760,2025-07-19 03:20:00,107.84837975380455,637.1848797619048,529.3364999999999,10799.999999991,10799.999999991,0.0,True,False
286770,2025-07-19 03:30:00,65.3377380871377,640.4894047619047,575.1516666666666,10799.999999991,10799.999999991,0.0,True,False
286780,2025-07-19 03:40:00,48.04887380142344,635.4747238095238,587.42585,10799.999999991,10799.999999991,0.0,True,False
286790,2025-07-19 03:50:00,81.04647677761406,629.5573267857143,548.5108499999999,10799.999999991,10799.999999991,0.0,True,False
286800,2025-07-19 04:00:00,114.79642856332825,627.9330952380952,513.1366666666667,10799.999999991,10799.999999991,0.0,True,False
287580,2025-07-19 17:00:00,200.86936660066584,887.0760333333335,686.2066666666666,10799.999999926666,10799.999999926666,0.0,True,False
287590,2025-07-19 17:10:00,218.02719576733244,896.1986625,678.1714666666667,10799.999999926666,10799.999999926666,0.0,True,False
287600,2025-07-19 17:20:00,198.8119314816181,901.918631547619,703.1066999999999,10799.999999926666,10799.999999926666,0.0,True,False
287610,2025-07-19 17:30:00,175.12859279114195,905.2435928571429,730.1149999999999,10799.999999926666,10799.999999926666,0.0,True,False
287620,2025-07-19 17:40:00,203.96008267209436,925.234649404762,721.2745666666666,10799.999999926666,10799.999999926666,0.0,True,False
287630,2025-07-19 17:50:00,135.17775648161808,836.7193898809523,701.5416333333333,10799.999999926666,10799.999999926666,0.0,True,False
287640,2025-07-19 18:00:00,143.30922612447526,841.3625595238095,698.0533333333333,10799.999999926666,10799.999999926666,0.0,True,False
287650,2025-07-19 18:10:00,113.00000767209484,823.3423244047624,710.3423166666666,10799.999999926666,10799.999999926666,0.0,True,False
287660,2025-07-19 18:20:00,162.4518969578088,849.1492136904764,686.6973166666667,10799.999999926666,10799.999999926666,0.0,True,False
287670,2025-07-19 18:30:00,197.7108332673316,851.7574999999991,654.0466666666666,10799.999999926666,10799.999999926666,0.0,True,False
287680,2025-07-19 18:40:00,160.97756243399908,851.4915458333332,690.5139833333333,10799.999999926666,10799.999999926666,0.0,True,False
287880,2025-07-19 22:00:00,54.99392858142868,1535.802261904762,647.4749999999999,4190.533060539328,4940.533060529328,749.99999999,False,True
287890,2025-07-19 22:10:00,92.53001072428582,1531.7263107142858,605.8629666666666,4940.533060529328,5690.5330605193285,749.99999999,False,True
287910,2025-07-19 22:30:00,84.62392858142856,1537.0605952380952,619.1033333333332,5788.575573010328,6538.575573000328,749.99999999,False,True
287920,2025-07-19 22:40:00,97.25048691476194,1539.626336904762,609.0425166666666,6538.575573000328,7288.5755729903285,749.99999999,False,True
287930,2025-07-19 22:50:00,112.19675358142852,1542.9136702380952,597.3835833333333,7288.5755729903285,8038.575572980329,749.99999999,False,True
287940,2025-07-19 23:00:00,111.88494048619042,1536.6549404761904,591.4366666666666,8038.575572980329,8788.575572970329,749.99999999,False,True
287960,2025-07-19 23:20:00,88.92826965285722,1526.6696363095239,604.4080333333333,9490.623531478413,10240.623531468413,749.99999999,False,True
287970,2025-07-19 23:30:00,265.6247571971252,1529.7658333333334,642.6116666666667,10240.623531468413,10799.999999991,559.3764685225873,True,False
287980,2025-07-19 23:40:00,878.101594039519,1531.8883440476193,653.78675,10799.999999991,10799.999999991,0.0,True,False
296220,2025-07-25 17:00:00,282.13127613347274,924.4329428571428,642.3016666666666,10799.999999936663,10799.999999936663,0.0,True,False
296230,2025-07-25 17:10:00,283.2523023239492,929.6215023809526,646.3692,10799.999999936663,10799.999999936663,0.0,True,False
296240,2025-07-25 17:20:00,258.3868749429965,929.7068416666667,671.3199666666667,10799.999999936663,10799.999999936663,0.0,True,False
296250,2025-07-25 17:30:00,261.752407085854,931.444073809524,669.6916666666666,10799.999999936663,10799.999999936663,0.0,True,False
296260,2025-07-25 17:40:00,307.13741601442507,956.1821327380952,649.0447166666667,10799.999999936663,10799.999999936663,0.0,True,False
296270,2025-07-25 17:50:00,196.55896363347273,873.4669136904762,676.90795,10799.999999936663,10799.999999936663,0.0,True,False
296280,2025-07-25 18:00:00,144.87464280013924,869.6446428571427,724.77,10799.999999936663,10799.999999936663,0.0,True,False
296290,2025-07-25 18:10:00,148.17547970490128,848.4898464285714,700.3143666666666,10799.999999936663,10799.999999936663,0.0,True,False
296300,2025-07-25 18:20:00,178.35011899061533,871.5732857142855,693.2231666666667,10799.999999936663,10799.999999936663,0.0,True,False
296310,2025-07-25 18:30:00,151.0604166096631,872.5620833333332,721.5016666666667,10799.999999936663,10799.999999936663,0.0,True,False
296320,2025-07-25 18:40:00,160.2240291096632,868.6122458333334,708.3882166666667,10799.999999936663,10799.999999936663,0.0,True,False
296520,2025-07-25 22:00:00,103.8155357242856,1559.6155357142857,622.4666666666667,5023.460088333713,5773.460088324713,749.999999991,False,True
296530,2025-07-25 22:10:00,109.02395655761914,1550.0944398809525,607.7371499999999,5773.460088324713,6523.460088315713,749.999999991,False,True
296550,2025-07-25 22:30:00,123.29422620047602,1561.2325595238094,604.605,6638.208390628141,7388.2083906181415,749.99999999,False,True
296560,2025-07-25 22:40:00,107.57011786714314,1557.836567857143,616.9331166666666,7388.2083906181415,8138.208390609141,749.999999991,False,True
296570,2025-07-25 22:50:00,113.31512679571436,1557.6003101190477,610.9518499999999,8138.208390609141,8888.20839060014,749.999999991,False,True
296580,2025-07-25 23:00:00,123.77494048619018,1554.4732738095236,597.365,8888.20839060014,9638.20839059114,749.999999991,False,True
296600,2025-07-25 23:20:00,371.014556129972,1546.1495309523807,615.8928333333333,10296.682072650832,10799.999999991,503.31792734016784,True,False
296610,2025-07-25 23:30:00,956.2790476109475,1551.967380952381,595.6883333333333,10799.999999991,10799.999999991,0.0,True,False
296620,2025-07-25 23:40:00,935.4122422538045,1554.0077922619048,618.59555,10799.999999991,10799.999999991,0.0,True,False
296630,2025-07-25 23:50:00,81.35542618237591,719.8222595238095,638.4668333333333,10799.999999991,10799.999999991,0.0,True,False
296640,2025-07-26 00:00:00,96.30154761094738,717.464880952381,621.1633333333333,10799.999999991,10799.999999991,0.0,True,False
296650,2025-07-26 00:10:00,133.11675475380432,713.738588095238,580.6218333333334,10799.999999991,10799.999999991,0.0,True,False
296660,2025-07-26 00:20:00,151.85907677761392,713.4592434523809,561.6001666666666,10799.999999991,10799.999999991,0.0,True,False
296670,2025-07-26 00:30:00,147.15708332523306,715.9820833333333,568.8249999999999,10799.999999991,10799.999999991,0.0,True,False
296680,2025-07-26 00:40:00,141.36927022999484,715.3477535714285,573.9784833333333,10799.999999991,10799.999999991,0.0,True,False
296690,2025-07-26 00:50:00,107.92179582523303,711.0800624999999,603.1582666666666,10799.999999991,10799.999999991,0.0,True,False
296700,2025-07-26 01:00:00,69.22440475380446,706.6444047619048,637.42,10799.999999991,10799.999999991,0.0,True,False
296710,2025-07-26 01:10:00,79.8970154680903,704.8208488095239,624.9238333333333,10799.999999991,10799.999999991,0.0,True,False
296720,2025-07-26 01:20:00,80.87257558713767,696.4095255952379,615.5369499999999,10799.999999991,10799.999999991,0.0,True,False
296730,2025-07-26 01:30:00,77.83113094428049,686.2927976190474,608.4616666666666,10799.999999991,10799.999999991,0.0,True,False
296740,2025-07-26 01:40:00,132.42013511094737,689.6475017857143,557.2273666666666,10799.999999991,10799.999999991,0.0,True,False
296750,2025-07-26 01:50:00,159.01785415856634,694.8538874999999,535.8360333333333,10799.999999991,10799.999999991,0.0,True,False
296760,2025-07-26 02:00:00,130.7667261823759,693.5100595238096,562.7433333333333,10799.999999991,10799.999999991,0.0,True,False
296770,2025-07-26 02:10:00,107.43711487285199,688.3266482142856,580.8895333333332,10799.999999991,10799.999999991,0.0,True,False
296780,2025-07-26 02:20:00,107.41410594428052,685.5983059523808,578.1841999999999,10799.999999991,10799.999999991,0.0,True,False
296790,2025-07-26 02:30:00,104.77095237285207,682.252619047619,577.4816666666666,10799.999999991,10799.999999991,0.0,True,False
296800,2025-07-26 02:40:00,65.19901665856625,670.9878833333332,605.7888666666666,10799.999999991,10799.999999991,0.0,True,False
296810,2025-07-26 02:50:00,49.51560237285205,667.2412857142857,617.7256833333333,10799.999999991,10799.999999991,0.0,True,False
296820,2025-07-26 03:00:00,75.31107142047117,670.5877380952381,595.2766666666666,10799.999999991,10799.999999991,0.0,True,False
296830,2025-07-26 03:10:00,101.29197261094734,665.2961392857143,564.0041666666666,10799.999999991,10799.999999991,0.0,True,False
296840,2025-07-26 03:20:00,120.32531427761407,660.6204142857143,540.2950999999999,10799.999999991,10799.999999991,0.0,True,False
296850,2025-07-26 03:30:00,139.4635118966614,662.626845238095,523.1633333333333,10799.999999991,10799.999999991,0.0,True,False
296860,2025-07-26 03:40:00,156.30900118237568,665.7517178571427,509.4427166666667,10799.999999991,10799.999999991,0.0,True,False
296870,2025-07-26 03:50:00,115.82792915856643,657.5743625,541.7464333333332,10799.999999991,10799.999999991,0.0,True,False
296880,2025-07-26 04:00:00,58.59148808713767,646.256488095238,587.665,10799.999999991,10799.999999991,0.0,True,False
296890,2025-07-26 04:10:00,90.087101777614,651.6871351190476,561.6000333333333,10799.999999991,10799.999999991,0.0,True,False
296900,2025-07-26 04:20:00,142.54567022999484,653.1569202380952,510.61125,10799.999999991,10799.999999991,0.0,True,False
296910,2025-07-26 04:30:00,157.16684522999478,648.0801785714284,490.9133333333333,10799.999999991,10799.999999991,0.0,True,False
296920,2025-07-26 04:40:00,136.14653332523295,653.28,517.1334666666667,10799.999999991,10799.999999991,0.0,True,False
296930,2025-07-26 04:50:00,110.81361725380438,650.320050595238,539.5064333333332,10799.999999991,10799.999999991,0.0,True,False
297660,2025-07-26 17:00:00,236.73882856242815,907.7238285714287,670.9849999999999,10799.99999999,10799.99999999,0.0,True,False
297670,2025-07-26 17:10:00,244.3972363005232,914.0731196428573,669.6758833333333,10799.99999999,10799.99999999,0.0,True,False
297680,2025-07-26 17:20:00,241.36778272909467,915.8204494047619,674.4526666666666,10799.99999999,10799.99999999,0.0,True,False
297690,2025-07-26 17:30:00,263.39888808623766,918.2255547619048,654.8266666666666,10799.99999999,10799.99999999,0.0,True,False
297700,2025-07-26 17:40:00,301.5126654671898,941.5211654761903,640.0084999999999,10799.99999999,10799.99999999,0.0,True,False
297710,2025-07-26 17:50:00,188.66130653861848,858.400256547619,669.7389499999999,10799.99999999,10799.99999999,0.0,True,False
297720,2025-07-26 18:00:00,173.53672618147624,874.5333928571436,700.9966666666666,10799.99999999,10799.99999999,0.0,True,False
297730,2025-07-26 18:10:00,199.58269344338035,854.0620767857145,654.4793833333333,10799.99999999,10799.99999999,0.0,True,False
297740,2025-07-26 18:20:00,237.329310110047,876.4542101190477,639.1249,10799.99999999,10799.99999999,0.0,True,False
297750,2025-07-26 18:30:00,195.63488094338007,876.7415476190474,681.1066666666666,10799.99999999,10799.99999999,0.0,True,False
297760,2025-07-26 18:40:00,176.7301232052852,873.6940565476191,696.9639333333332,10799.99999999,10799.99999999,0.0,True,False
297960,2025-07-26 22:00:00,154.81702381952368,1564.545357142857,576.395,4827.260017943932,5577.260017933932,749.99999999,False,True
297970,2025-07-26 22:10:00,126.08971251000024,1553.9241458333336,594.5011,5577.260017933932,6327.2600179239325,749.99999999,False,True
297990,2025-07-26 22:30:00,145.1401785814287,1565.2601785714287,586.7866666666666,6449.474260593504,7199.4742605835045,749.99999999,False,True
298000,2025-07-26 22:40:00,87.7204095338095,1561.0698095238095,640.0160666666666,7199.4742605835045,7949.474260574504,749.999999991,False,True
298010,2025-07-26 22:50:00,87.29944584333337,1560.5473291666667,639.91455,7949.474260574504,8699.474260564504,749.99999999,False,True
298020,2025-07-26 23:00:00,134.61255953380964,1557.8075595238097,589.8616666666667,8699.474260564504,9449.474260555504,749.999999991,False,True
298040,2025-07-26 23:20:00,111.62548457949764,1548.9989339285712,638.31745,10080.849600576834,10799.999999991,719.1503994141661,True,False
298050,2025-07-26 23:30:00,959.3123214204713,1555.725654761905,596.4133333333333,10799.999999991,10799.999999991,0.0,True,False
298060,2025-07-26 23:40:00,1007.0178660633286,1557.9447827380955,550.9269166666666,10799.999999991,10799.999999991,0.0,True,False
298070,2025-07-26 23:50:00,90.64635237285219,724.0160690476191,633.3697166666666,10799.999999991,10799.999999991,0.0,True,False
300900,2025-07-28 23:00:00,31.703273819523922,1566.4149404761906,701.3783333333333,4784.466375340979,5534.466375330979,749.99999999,False,True
302280,2025-07-29 22:00:00,0.44398810523784166,1571.9806547619046,738.2033333333334,1200.000000011111,1950.000000001111,749.99999999,False,True
302290,2025-07-29 22:10:00,11.91961608142855,1562.9888494047618,717.7358999999999,1950.000000001111,2699.999999991111,749.99999999,False,True
303760,2025-07-30 22:40:00,0.3454375100000027,1572.0622875,738.3835166666665,3363.8330536790845,4113.833053669085,749.99999999,False,True
303800,2025-07-30 23:20:00,16.436817271904822,1562.0829005952382,712.31275,5913.885715189704,6663.885715179704,749.99999999,False,True
305190,2025-07-31 22:30:00,1.0664881052382418,1574.453154761905,740.0533333333333,2576.5750236351746,3326.5750236251747,749.99999999,False,True
305220,2025-07-31 23:00:00,31.74095239095231,1565.3409523809523,700.2666666666667,4741.69632039289,5491.69632038289,749.99999999,False,True
305240,2025-07-31 23:20:00,3.0573113195238113,1560.2078779761905,723.8172333333333,5941.766178812987,6691.766178802987,749.99999999,False,True
305250,2025-07-31 23:30:00,21.002023819523963,1565.5686904761906,711.2333333333332,6691.766178802987,7441.766178792987,749.99999999,False,True
306300,2025-08-01 17:00:00,206.42645476079576,911.1305214285712,653.5666666666666,10753.976339990002,10799.999999991,46.02366000099792,True,False
306310,2025-08-01 17:10:00,289.5647976109472,916.1604809523808,626.5956833333332,10799.999999991,10799.999999991,0.0,True,False
306320,2025-08-01 17:20:00,248.00860594428067,914.9957059523808,666.9870999999999,10799.999999991,10799.999999991,0.0,True,False
306330,2025-08-01 17:30:00,188.2355214204712,916.4755214285715,728.2399999999999,10799.999999991,10799.999999991,0.0,True,False
306340,2025-08-01 17:40:00,196.6457095157094,944.6478595238095,748.0021499999999,10799.999999991,10799.999999991,0.0,True,False
306350,2025-08-01 17:50:00,141.55912022999465,864.455620238095,722.8965,10799.999999991,10799.999999991,0.0,True,False
306360,2025-08-01 18:00:00,201.4247618966613,885.4497619047615,684.0249999999999,10799.999999991,10799.999999991,0.0,True,False
306370,2025-08-01 18:10:00,194.75034344428067,866.4231934523809,671.6728499999999,10799.999999991,10799.999999991,0.0,True,False
306380,2025-08-01 18:20:00,200.50212201570926,885.6543886904761,685.1522666666666,10799.999999991,10799.999999991,0.0,True,False
306390,2025-08-01 18:30:00,169.43035713475686,880.4603571428572,711.03,10799.999999991,10799.999999991,0.0,True,False
306400,2025-08-01 18:40:00,150.32915118237597,879.2493845238096,728.9202333333333,10799.999999991,10799.999999991,0.0,True,False
306600,2025-08-01 22:00:00,197.91154762904762,1569.9732142857142,538.7283333333332,5345.312278798106,6095.312278788106,749.99999999,False,True
306610,2025-08-01 22:10:00,152.45232679571427,1558.2025601190476,572.4168999999999,6095.312278788106,6845.312278779105,749.999999991,False,True
306630,2025-08-01 22:30:00,133.37351191476182,1572.6585119047618,605.9516666666666,6957.062565377248,7707.062565367248,749.99999999,False,True
306640,2025-08-01 22:40:00,158.88445239095256,1570.7186690476192,578.5008833333333,7707.062565367248,8457.062565358248,749.999999991,False,True
306650,2025-08-01 22:50:00,115.84182917666645,1567.7347624999998,618.5595999999999,8457.062565358248,9207.062565349248,749.999999991,False,True
306660,2025-08-01 23:00:00,42.24630953380949,1561.7129761904762,686.1333333333333,9207.062565349248,9957.062565340248,749.999999991,False,True
306680,2025-08-01 23:20:00,497.6660973013843,1558.0133125000002,576.9544666666666,10364.946526312246,10799.999999991,435.05347367875436,True,False
306690,2025-08-01 23:30:00,1029.6752380871376,1563.1019047619047,533.4266666666666,10799.999999991,10799.999999991,0.0,True,False
306700,2025-08-01 23:40:00,1009.354570825233,1566.5166875,557.1621166666666,10799.999999991,10799.999999991,0.0,True,False
306710,2025-08-01 23:50:00,153.19259463475666,731.572094642857,578.3795,10799.999999991,10799.999999991,0.0,True,False
306720,2025-08-02 00:00:00,150.35666665856635,724.1483333333333,573.7916666666666,10799.999999991,10799.999999991,0.0,True,False
306730,2025-08-02 00:10:00,133.29498987285214,714.3731898809524,581.0781999999999,10799.999999991,10799.999999991,0.0,True,False
306740,2025-08-02 00:20:00,120.91791963475654,714.4382029761902,593.5202833333333,10799.999999991,10799.999999991,0.0,True,False
306750,2025-08-02 00:30:00,131.93095237285192,721.8526190476189,589.9216666666666,10799.999999991,10799.999999991,0.0,True,False
306760,2025-08-02 00:40:00,164.23554284904262,721.865842857143,557.6303,10799.999999991,10799.999999991,0.0,True,False
306770,2025-08-02 00:50:00,190.4135428490425,717.9157095238095,527.5021666666667,10799.999999991,10799.999999991,0.0,True,False
306780,2025-08-02 01:00:00,196.53809522999492,714.7764285714285,518.2383333333332,10799.999999991,10799.999999991,0.0,True,False
306790,2025-08-02 01:10:00,180.19743927761394,712.4760559523809,532.2786166666666,10799.999999991,10799.999999991,0.0,True,False
306800,2025-08-02 01:20:00,111.15967439666164,705.9888744047619,594.8291999999999,10799.999999991,10799.999999991,0.0,True,False
306810,2025-08-02 01:30:00,60.710297610947215,696.9686309523809,636.2583333333333,10799.999999991,10799.999999991,0.0,True,False
306820,2025-08-02 01:40:00,135.84550356332838,693.1955035714286,557.3499999999999,10799.999999991,10799.999999991,0.0,True,False
306830,2025-08-02 01:50:00,161.18645058713784,695.2083005952381,534.02185,10799.999999991,10799.999999991,0.0,True,False
306840,2025-08-02 02:00:00,106.50559522999501,698.8105952380953,592.305,10799.999999991,10799.999999991,0.0,True,False
306850,2025-08-02 02:10:00,112.14999582523305,698.4288291666667,586.2788333333333,10799.999999991,10799.999999991,0.0,True,False
306860,2025-08-02 02:20:00,135.28187261094726,694.3008892857142,559.0190166666666,10799.999999991,10799.999999991,0.0,True,False
306870,2025-08-02 02:30:00,136.6269047538045,687.4169047619048,550.79,10799.999999991,10799.999999991,0.0,True,False
306880,2025-08-02 02:40:00,129.81568808713777,679.5767547619048,549.7610666666667,10799.999999991,10799.999999991,0.0,True,False
306890,2025-08-02 02:50:00,132.0093958252331,678.2125958333334,546.2031999999999,10799.999999991,10799.999999991,0.0,True,False
306900,2025-08-02 03:00:00,135.3235714204711,680.0269047619047,544.7033333333333,10799.999999991,10799.999999991,0.0,True,False
306910,2025-08-02 03:10:00,117.76912558713784,674.6035422619047,556.8344166666666,10799.999999991,10799.999999991,0.0,True,False
306920,2025-08-02 03:20:00,101.90246427761397,671.1383309523809,569.2358666666667,10799.999999991,10799.999999991,0.0,True,False
306930,2025-08-02 03:30:00,110.90190475380459,672.5635714285715,561.6616666666666,10799.999999991,10799.999999991,0.0,True,False
306940,2025-08-02 03:40:00,139.3091821347568,670.9588821428571,531.6496999999999,10799.999999991,10799.999999991,0.0,True,False
306950,2025-08-02 03:50:00,115.84675356332824,660.8206035714285,544.97385,10799.999999991,10799.999999991,0.0,True,False
306960,2025-08-02 04:00:00,79.25904761094725,651.6473809523809,572.3883333333333,10799.999999991,10799.999999991,0.0,True,False
306970,2025-08-02 04:10:00,137.37438153951868,658.0724148809524,520.6980333333333,10799.999999991,10799.999999991,0.0,True,False
306980,2025-08-02 04:20:00,174.59934939666152,659.4220160714285,484.8226666666667,10799.999999991,10799.999999991,0.0,True,False
306990,2025-08-02 04:30:00,147.21345237285206,654.4917857142857,507.2783333333333,10799.999999991,10799.999999991,0.0,True,False
307000,2025-08-02 04:40:00,127.20988511094728,660.5852851190475,533.3753999999999,10799.999999991,10799.999999991,0.0,True,False
307740,2025-08-02 17:00:00,283.5005261814756,917.6338595238096,634.1333333333333,10799.99999999,10799.99999999,0.0,True,False
307750,2025-08-02 17:10:00,284.5970458243324,921.9088291666665,637.3117833333333,10799.99999999,10799.99999999,0.0,True,False
307760,2025-08-02 17:20:00,253.30691844338017,920.4558517857142,667.1489333333333,10799.99999999,10799.99999999,0.0,True,False
307770,2025-08-02 17:30:00,246.5958238005231,923.4558238095237,676.8599999999999,10799.99999999,10799.99999999,0.0,True,False
307780,2025-08-02 17:40:00,275.0575499909994,953.7864333333334,678.7288833333333,10799.99999999,10799.99999999,0.0,True,False
307790,2025-08-02 17:50:00,194.0904535624275,873.0904035714282,678.9999499999999,10799.99999999,10799.99999999,0.0,True,False
307800,2025-08-02 18:00:00,204.53577380052408,884.349107142858,679.8133333333333,10799.99999999,10799.99999999,0.0,True,False
307810,2025-08-02 18:10:00,181.62546844338024,865.8226851190475,684.1972166666666,10799.99999999,10799.99999999,0.0,True,False
307820,2025-08-02 18:20:00,181.88754939576123,886.5234994047619,704.63595,10799.99999999,10799.99999999,0.0,True,False
307830,2025-08-02 18:30:00,167.0042261814756,881.7792261904762,714.7749999999999,10799.99999999,10799.99999999,0.0,True,False
307840,2025-08-02 18:40:00,201.1380136814755,879.4951970238095,678.3571833333333,10799.99999999,10799.99999999,0.0,True,False
308040,2025-08-02 22:00:00,199.77172620047622,1567.6217261904762,534.5166666666667,5348.457020271975,6098.457020261975,749.99999999,False,True
308050,2025-08-02 22:10:00,136.85412858142854,1557.3842619047618,587.1967999999999,6098.457020261975,6848.457020252975,749.999999991,False,True
308070,2025-08-02 22:30:00,168.14297620047614,1570.1746428571428,568.6983333333333,6968.628498636832,7718.628498626832,749.9999999899999,False,True
308080,2025-08-02 22:40:00,186.65040953380958,1568.2044761904763,548.2207333333333,7718.628498626832,8468.628498617833,749.999999991,False,True
308090,2025-08-02 22:50:00,171.53442441476204,1566.846774404762,561.9790166666667,8468.628498617833,9218.628498608832,749.999999991,False,True
308100,2025-08-02 23:00:00,148.3337500099999,1562.67375,581.0066666666667,9218.628498608832,9968.628498599832,749.999999991,False,True
308120,2025-08-02 23:20:00,392.52121815486953,1556.4588101190475,593.5407666666666,10286.64285722324,10799.999999991,513.3571427677601,True,False
308130,2025-08-02 23:30:00,935.9501785633283,1559.1101785714286,623.16,10799.999999991,10799.999999991,0.0,True,False
308140,2025-08-02 23:40:00,966.5643232061855,1563.735506547619,597.1711833333333,10799.999999991,10799.999999991,0.0,True,False
308150,2025-08-02 23:50:00,49.43514642047101,729.9226797619046,680.4875333333333,10799.999999991,10799.999999991,0.0,True,False
310980,2025-08-04 23:00:00,4.416904771904789,1559.9819047619048,722.2316666666667,4684.175944177392,5434.175944167392,749.99999999,False,True
313810,2025-08-06 22:10:00,2.0731559623809437,1555.4526392857142,720.0461499999999,1911.7050535735398,2661.70505356354,749.99999999,False,True
313860,2025-08-06 23:00:00,13.41125001000011,1558.2462500000001,711.5016666666667,4786.35977228084,5536.35977227084,749.99999999,False,True
316380,2025-08-08 17:00:00,254.120261895761,914.1552619047617,660.035,10799.99999999,10799.99999999,0.0,True,False
316390,2025-08-08 17:10:00,253.6372940386182,917.8603940476188,664.2230999999999,10799.99999999,10799.99999999,0.0,True,False
316400,2025-08-08 17:20:00,249.79001249099932,915.9155958333332,666.1255833333332,10799.99999999,10799.99999999,0.0,True,False
316410,2025-08-08 17:30:00,264.2034166576662,919.9017500000001,655.6983333333333,10799.99999999,10799.99999999,0.0,True,False
316420,2025-08-08 17:40:00,293.96402439576116,952.9185244047618,658.9544999999999,10799.99999999,10799.99999999,0.0,True,False
316430,2025-08-08 17:50:00,187.589811300523,874.9726113095236,687.3828,10799.99999999,10799.99999999,0.0,True,False
316440,2025-08-08 18:00:00,166.77982141957034,883.7481547619045,716.9683333333334,10799.99999999,10799.99999999,0.0,True,False
316450,2025-08-08 18:10:00,157.9597005862373,864.6596005952381,706.6999000000001,10799.99999999,10799.99999999,0.0,True,False
316460,2025-08-08 18:20:00,207.40838511004702,881.0625017857143,673.6541166666666,10799.99999999,10799.99999999,0.0,True,False
316470,2025-08-08 18:30:00,216.98202380052314,873.8586904761905,656.8766666666667,10799.99999999,10799.99999999,0.0,True,False
316480,2025-08-08 18:40:00,196.7807440386181,878.0054940476189,681.22475,10799.99999999,10799.99999999,0.0,True,False
316680,2025-08-08 22:00:00,92.36363096238118,1561.8069642857145,636.1099999999999,5402.214200576209,6152.214200566209,749.99999999,False,True
316690,2025-08-08 22:10:00,130.89541965285707,1553.186269642857,588.9575166666666,6152.214200566209,6902.214200556209,749.99999999,False,True
316710,2025-08-08 22:30:00,100.38446429571421,1566.8527976190476,633.135,7027.124387868637,7777.124387858637,749.99999999,False,True
316720,2025-08-08 22:40:00,114.70814286714266,1563.218076190476,615.1766,7777.124387858637,8527.124387848637,749.99999999,False,True
316730,2025-08-08 22:50:00,126.63447947645203,1560.420079466452,600.4522666666667,8527.124387848637,9277.124387839636,749.999999991,False,True
316740,2025-08-08 23:00:00,124.03452381952364,1556.1145238095237,598.7466666666667,9277.124387839636,10027.124387830636,749.999999991,False,True
316760,2025-08-08 23:20:00,298.17629183562724,1552.594242857143,548.69675,10164.850919071636,10799.999999991,635.1490809193641,True,False
316770,2025-08-08 23:30:00,994.7627380871379,1558.0844047619048,563.3216666666666,10799.999999991,10799.999999991,0.0,True,False
316780,2025-08-08 23:40:00,989.3610482061853,1561.0207982142856,571.65975,10799.999999991,10799.999999991,0.0,True,False
316790,2025-08-08 23:50:00,160.77932142047118,728.2303880952381,567.4510666666666,10799.999999991,10799.999999991,0.0,True,False
316800,2025-08-09 00:00:00,158.72928570618555,724.8326190476191,566.1033333333332,10799.999999991,10799.999999991,0.0,True,False
316810,2025-08-09 00:10:00,130.77648272999497,715.0375994047619,584.2611166666666,10799.999999991,10799.999999991,0.0,True,False
316820,2025-08-09 00:20:00,114.53912618237595,706.9026928571429,592.3635666666667,10799.999999991,10799.999999991,0.0,True,False
316830,2025-08-09 00:30:00,117.56142856332812,706.9097619047618,589.3483333333334,10799.999999991,10799.999999991,0.0,True,False
316840,2025-08-09 00:40:00,112.65628213475688,713.7668821428572,601.1106,10799.999999991,10799.999999991,0.0,True,False
316850,2025-08-09 00:50:00,111.26826070618526,712.8635940476189,601.5953333333333,10799.999999991,10799.999999991,0.0,True,False
316860,2025-08-09 01:00:00,130.48982142047097,704.5748214285713,574.085,10799.999999991,10799.999999991,0.0,True,False
316870,2025-08-09 01:10:00,166.5443285633282,702.4970285714285,535.9526999999999,10799.999999991,10799.999999991,0.0,True,False
316880,2025-08-09 01:20:00,154.91059463475673,700.333644642857,545.42305,10799.999999991,10799.999999991,0.0,True,False
316890,2025-08-09 01:30:00,123.71916665856642,693.3125,569.5933333333332,10799.999999991,10799.999999991,0.0,True,False
316900,2025-08-09 01:40:00,157.50737261094727,684.9003226190475,527.3929499999999,10799.999999991,10799.999999991,0.0,True,False
316910,2025-08-09 01:50:00,142.71996725380447,684.1394172619048,541.41945,10799.999999991,10799.999999991,0.0,True,False
316920,2025-08-09 02:00:00,84.23208332523322,688.0520833333335,603.8199999999999,10799.999999991,10799.999999991,0.0,True,False
316930,2025-08-09 02:10:00,105.6017863014234,685.3015529761904,579.6997666666666,10799.999999991,10799.999999991,0.0,True,False
316940,2025-08-09 02:20:00,132.10357082523305,683.9042708333334,551.8007,10799.999999991,10799.999999991,0.0,True,False
317820,2025-08-09 17:00:00,276.46435708585824,932.0760238095236,655.6116666666667,10799.999999936668,10799.999999936668,0.0,True,False
317830,2025-08-09 17:10:00,282.99952137157254,936.4879214285711,653.4884,10799.999999936668,10799.999999936668,0.0,True,False
317840,2025-08-09 17:20:00,258.16396363347747,933.884913690476,675.7209499999999,10799.999999936668,10799.999999936668,0.0,True,False
317850,2025-08-09 17:30:00,266.00763089538236,937.2026309523808,671.1949999999999,10799.999999936668,10799.999999936668,0.0,True,False
317860,2025-08-09 17:40:00,314.7216380382396,969.9270380952382,655.2053999999999,10799.999999936668,10799.999999936668,0.0,True,False
317870,2025-08-09 17:50:00,235.0681386334776,892.1750386904762,657.1069,10799.999999936668,10799.999999936668,0.0,True,False
317880,2025-08-09 18:00:00,214.48785708585876,883.7195238095238,669.2316666666666,10799.999999936668,10799.999999936668,0.0,True,False
317890,2025-08-09 18:10:00,205.1449225620491,865.1821726190476,660.03725,10799.999999936668,10799.999999936668,0.0,True,False
317900,2025-08-09 18:20:00,221.10892137157276,881.2413214285713,660.1324,10799.999999936668,10799.999999936668,0.0,True,False
317910,2025-08-09 18:30:00,197.16654756204906,873.3248809523809,676.1583333333333,10799.999999936668,10799.999999936668,0.0,True,False
317920,2025-08-09 18:40:00,195.55004994300123,877.7135833333332,682.1635333333334,10799.999999936668,10799.999999936668,0.0,True,False
318120,2025-08-09 22:00:00,117.5214285814286,1562.3264285714286,611.4716666666666,5287.2055648747255,6037.205564864726,749.99999999,False,True
318130,2025-08-09 22:10:00,116.92008512904782,1551.6850351190478,601.4316166666666,6037.205564864726,6787.205564854726,749.99999999,False,True
318150,2025-08-09 22:30:00,100.30505953380951,1567.3917261904762,633.7533333333333,6893.981196810011,7643.981196800011,749.99999999,False,True
318160,2025-08-09 22:40:00,127.31704524809514,1562.9163285714285,602.26595,7643.981196800011,8393.981196790011,749.99999999,False,True
318170,2025-08-09 22:50:00,135.11045579676852,1558.9798057867686,590.5360166666667,8393.981196790011,9143.981196781011,749.999999991,False,True
318180,2025-08-09 23:00:00,115.48172620047625,1554.4967261904762,605.6816666666666,9143.981196781011,9893.98119677201,749.999999991,False,True
318200,2025-08-09 23:20:00,151.18378155761923,1550.4220815476192,565.9049666666666,10009.099336941583,10759.099336932582,749.999999991,False,True
318210,2025-08-09 23:30:00,953.7014259679489,1556.073273809524,556.9266666666666,10759.099336932582,10799.99999999,40.90066305741755,True,False
318220,2025-08-09 23:40:00,993.9538577290947,1559.184674404762,565.2308166666667,10799.99999999,10799.99999999,0.0,True,False
318230,2025-08-09 23:50:00,70.82908213385642,725.4030654761905,654.5739833333333,10799.99999999,10799.99999999,0.0,True,False
319560,2025-08-10 22:00:00,4.405357152857042,1559.085357142857,721.3466666666666,1200.0000000111113,1950.0000000011114,749.99999999,False,True
323910,2025-08-13 22:30:00,1.4016666766665287,1572.6733333333332,737.9383333333333,2607.7938533375554,3357.7938533275556,749.99999999,False,True
323960,2025-08-13 23:20:00,11.281316676666954,1546.0577333333335,701.4430833333332,4922.624772137426,5672.624772127426,749.99999999,False,True
323970,2025-08-13 23:30:00,6.9859523909523125,1550.3142857142857,709.995,5672.624772127426,6422.624772117426,749.99999999,False,True
323980,2025-08-13 23:40:00,26.898007152856955,1555.2053238095236,694.9739833333333,6422.624772117426,7172.624772107426,749.99999999,False,True
325330,2025-08-14 22:10:00,4.748424414761977,1549.565724404762,711.4839666666667,1941.4935000021112,2691.493499992111,749.99999999,False,True
325350,2025-08-14 22:30:00,23.810059533809742,1568.2767261904764,711.1333333333333,2710.9220003402543,3460.9220003302544,749.99999999,False,True
325410,2025-08-14 23:30:00,14.36392858142846,1548.2255952380951,700.5283333333333,5555.281464127672,6305.281464117672,749.99999999,False,True
325780,2025-08-15 05:40:00,124.6038330626693,1301.9459142857145,514.10635,10203.08784189026,10799.999999991,596.9121581007406,True,False
326460,2025-08-15 17:00:00,268.38849284814216,921.4884928571428,653.0999999999999,10799.99999999,10799.99999999,0.0,True,False
326470,2025-08-15 17:10:00,310.4783767767136,923.5187267857143,613.04035,10799.99999999,10799.99999999,0.0,True,False
326480,2025-08-15 17:20:00,308.0802077290947,920.5787077380953,612.4984999999999,10799.99999999,10799.99999999,0.0,True,False
326490,2025-08-15 17:30:00,295.843552371952,926.4735523809527,630.63,10799.99999999,10799.99999999,0.0,True,False
326500,2025-08-15 17:40:00,319.4462946338566,960.5971113095238,641.1508166666666,10799.99999999,10799.99999999,0.0,True,False
326510,2025-08-15 17:50:00,216.55707618147522,883.2864428571427,666.7293666666667,10799.99999999,10799.99999999,0.0,True,False
326520,2025-08-15 18:00:00,198.2704166576658,879.4604166666664,681.1899999999999,10799.99999999,10799.99999999,0.0,True,False
326530,2025-08-15 18:10:00,223.48052856242768,858.1926952380951,634.7121666666667,10799.99999999,10799.99999999,0.0,True,False
326540,2025-08-15 18:20:00,250.56227975290392,873.2702797619046,622.708,10799.99999999,10799.99999999,0.0,True,False
326550,2025-08-15 18:30:00,210.0288690386182,866.4922023809523,656.4633333333334,10799.99999999,10799.99999999,0.0,True,False
326560,2025-08-15 18:40:00,215.74495118147559,871.0986511904762,655.3536999999999,10799.99999999,10799.99999999,0.0,True,False
326760,2025-08-15 22:00:00,166.2340476290475,1553.6223809523808,554.055,5191.0334223486925,5941.033422338693,749.99999999,False,True
326770,2025-08-15 22:10:00,125.29021548619026,1548.1653988095236,589.54185,5941.033422338693,6691.033422328693,749.99999999,False,True
326790,2025-08-15 22:30:00,167.85595239095244,1565.4442857142858,564.255,6801.9496183911215,7551.949618381122,749.99999999,False,True
326800,2025-08-15 22:40:00,169.71487620047606,1560.9652928571427,557.9170833333333,7551.949618381122,8301.949618371122,749.99999999,False,True
326820,2025-08-15 23:00:00,111.02386905761885,1547.9522023809523,603.595,8430.351658362122,9180.351658353122,749.999999991,False,True
326840,2025-08-15 23:20:00,71.22871004530633,1518.452076701973,613.8900333333333,9258.202570665551,10008.202570656551,749.999999991,False,True
326850,2025-08-15 23:30:00,126.44059524809539,1545.9989285714287,586.2249999999999,10008.202570656551,10758.20257064655,749.99999999,False,True
326860,2025-08-15 23:40:00,922.3691225548968,1548.8227773809522,580.0120666666667,10758.20257064655,10799.99999999,41.79742934344984,True,False
326870,2025-08-15 23:50:00,118.51741189576111,720.1903785714285,601.6729666666666,10799.99999999,10799.99999999,0.0,True,False
326880,2025-08-16 00:00:00,98.40226189576137,720.762261904762,622.3599999999999,10799.99999999,10799.99999999,0.0,True,False
326890,2025-08-16 00:10:00,103.32814403861832,708.481294047619,605.15315,10799.99999999,10799.99999999,0.0,True,False
326900,2025-08-16 00:20:00,117.16225891957069,702.306275595238,585.1440166666666,10799.99999999,10799.99999999,0.0,True,False
326910,2025-08-16 00:30:00,124.5590476100468,706.2240476190475,581.665,10799.99999999,10799.99999999,0.0,True,False
326920,2025-08-16 00:40:00,128.42970713385634,706.5647904761904,578.1350833333333,10799.99999999,10799.99999999,0.0,True,False
326930,2025-08-16 00:50:00,153.43492082433258,706.6574041666665,553.2224833333332,10799.99999999,10799.99999999,0.0,True,False
326940,2025-08-16 01:00:00,159.67482141957063,705.6881547619047,546.0133333333333,10799.99999999,10799.99999999,0.0,True,False
326950,2025-08-16 01:10:00,90.76830832433265,697.733675,606.9653666666666,10799.99999999,10799.99999999,0.0,True,False
326960,2025-08-16 01:20:00,94.70365058623733,690.5634839285714,595.8598333333333,10799.99999999,10799.99999999,0.0,True,False
326970,2025-08-16 01:30:00,162.7629761814754,686.2563095238095,523.4933333333333,10799.99999999,10799.99999999,0.0,True,False
326980,2025-08-16 01:40:00,138.86395356242778,679.9193869047618,541.0554333333333,10799.99999999,10799.99999999,0.0,True,False
326990,2025-08-16 01:50:00,107.35782022909447,675.4190202380952,568.0612,10799.99999999,10799.99999999,0.0,True,False
327000,2025-08-16 02:00:00,115.51113094338015,674.5777976190475,559.0666666666666,10799.99999999,10799.99999999,0.0,True,False
327010,2025-08-16 02:10:00,120.70439820528506,674.8833982142858,554.179,10799.99999999,10799.99999999,0.0,True,False
327020,2025-08-16 02:20:00,118.55225534814221,673.9915886904762,555.4393333333333,10799.99999999,10799.99999999,0.0,True,False
327030,2025-08-16 02:30:00,111.44812487787985,673.3014582202138,561.8533333333332,10799.99999999,10799.99999999,0.0,True,False
327040,2025-08-16 02:40:00,102.73686011004688,674.8801767857142,572.1433166666666,10799.99999999,10799.99999999,0.0,True,False
327050,2025-08-16 02:50:00,108.7031255862374,665.0122589285714,556.3091333333333,10799.99999999,10799.99999999,0.0,True,False
327060,2025-08-16 03:00:00,118.00124999099941,652.36125,534.3599999999999,10799.99999999,10799.99999999,0.0,True,False
327900,2025-08-16 17:00:00,336.5111690386182,936.031169047619,599.52,10799.99999999,10799.99999999,0.0,True,False
327910,2025-08-16 17:10:00,329.0185726100467,935.9317892857141,606.9132166666666,10799.99999999,10799.99999999,0.0,True,False
327920,2025-08-16 17:20:00,280.3912428481424,932.718942857143,652.3276999999999,10799.99999999,10799.99999999,0.0,True,False
327930,2025-08-16 17:30:00,294.65724046718964,940.333907142857,645.6766666666666,10799.99999999,10799.99999999,0.0,True,False
327940,2025-08-16 17:40:00,350.37150118147565,974.0750511904762,623.70355,10799.99999999,10799.99999999,0.0,True,False
327950,2025-08-16 17:50:00,260.1026624909994,896.4512291666667,636.3485666666666,10799.99999999,10799.99999999,0.0,True,False
327960,2025-08-16 18:00:00,210.633154752904,878.2381547619048,667.605,10799.99999999,10799.99999999,0.0,True,False
327970,2025-08-16 18:10:00,195.7945035624278,855.9908202380952,660.1963166666667,10799.99999999,10799.99999999,0.0,True,False
327980,2025-08-16 18:20:00,210.2464761814753,871.262676190476,661.0162,10799.99999999,10799.99999999,0.0,True,False
327990,2025-08-16 18:30:00,175.33142856242776,865.8864285714285,690.555,10799.99999999,10799.99999999,0.0,True,False
328000,2025-08-16 18:40:00,152.23840356242803,870.647286904762,718.4088833333333,10799.99999999,10799.99999999,0.0,True,False
328200,2025-08-16 22:00:00,134.03279762904754,1551.4127976190475,584.0466666666666,5118.486428962448,5868.4864289524485,749.99999999,False,True
328210,2025-08-16 22:10:00,100.29436429571409,1546.2455309523807,612.6178333333332,5868.4864289524485,6618.486428942449,749.99999999,False,True
328230,2025-08-16 22:30:00,104.3551785814286,1562.8268452380953,625.1383333333333,6699.936946433449,7449.936946423449,749.99999999,False,True
328240,2025-08-16 22:40:00,144.30669703380943,1558.581913690476,580.9418833333333,7449.936946423449,8199.936946413449,749.99999999,False,True
328260,2025-08-16 23:00:00,117.1905357242856,1545.6755357142856,595.1516666666666,8330.40408408302,9080.40408407402,749.999999991,False,True
328290,2025-08-16 23:30:00,123.91672620047596,1544.5333928571426,587.2833333333333,9668.132022276923,10418.132022266922,749.99999999,False,True
328300,2025-08-16 23:40:00,587.1239023315004,1546.4617720238093,535.0401166666666,10418.132022266922,10799.99999999,381.86797772307807,True,False
328310,2025-08-16 23:50:00,125.92242856242783,719.5694785714286,593.64705,10799.99999999,10799.99999999,0.0,True,False
329670,2025-08-17 22:30:00,27.899047629047566,1563.0423809523809,701.81,2606.409171221154,3356.409171211154,749.99999999,False,True
331170,2025-08-18 23:30:00,18.069226200476344,1542.8025595238096,691.3999999999999,4690.117653185376,5440.117653175376,749.99999999,False,True
332580,2025-08-19 23:00:00,2.4499438238039977,1546.8066104804707,711.0233333333333,3981.07255025527,4731.07255024627,749.999999991,False,True
336540,2025-08-22 17:00:00,279.7913737861873,921.1796738095236,617.77,10778.743529969997,10799.999999991,21.256470021002674,True,False
336550,2025-08-22 17:10:00,283.68151427761387,922.0046809523808,638.3231666666666,10799.999999991,10799.999999991,0.0,True,False
336560,2025-08-22 17:20:00,255.11664225380466,922.8034422619048,667.6868,10799.999999991,10799.999999991,0.0,True,False
336570,2025-08-22 17:30:00,276.2695547538045,932.8128880952381,656.5433333333333,10799.999999991,10799.999999991,0.0,True,False
336580,2025-08-22 17:40:00,310.7901416585663,966.418275,655.6281333333333,10799.999999991,10799.999999991,0.0,True,False
336590,2025-08-22 17:50:00,226.93186606332833,885.7561160714286,658.8242499999999,10799.999999991,10799.999999991,0.0,True,False
336600,2025-08-22 18:00:00,198.40482142047213,867.7181547619057,669.3133333333333,10799.999999991,10799.999999991,0.0,True,False
336610,2025-08-22 18:10:00,150.3241577299946,849.246607738095,698.92245,10799.999999991,10799.999999991,0.0,True,False
336620,2025-08-22 18:20:00,170.70013272999492,868.4112160714285,697.7110833333332,10799.999999991,10799.999999991,0.0,True,False
336630,2025-08-22 18:30:00,203.13351189666147,865.3118452380951,662.1783333333333,10799.999999991,10799.999999991,0.0,True,False
336640,2025-08-22 18:40:00,226.25031249189973,873.2305791666668,646.9802666666667,10799.999999991,10799.999999991,0.0,True,False
336840,2025-08-22 22:00:00,136.207619057619,1543.5842857142857,574.0433333333333,4883.7595380705925,5633.759538060593,749.99999999,False,True
336850,2025-08-22 22:10:00,95.03874405761893,1544.9552773809523,616.5832,5633.759538060593,6383.759538050593,749.99999999,False,True
336870,2025-08-22 22:30:00,61.157857152857325,1553.3611904761906,658.8699999999999,6437.850698398735,7187.8506983887355,749.99999999,False,True
336880,2025-08-22 22:40:00,116.18997441476209,1552.1173077380954,602.5939999999999,7187.8506983887355,7937.850698378736,749.99999999,False,True
336900,2025-08-22 23:00:00,154.84373194153363,1541.657065264867,553.48,8080.323584798307,8830.323584789307,749.999999991,False,True
336930,2025-08-22 23:30:00,136.74892858142857,1536.5272619047619,566.4449999999999,9064.938680664163,9814.938680654162,749.99999999,False,True
336960,2025-08-23 00:00:00,39.1249241351095,718.9319642857142,555.9816666666666,10688.557163855456,10799.999999991,111.44283613554434,True,False
336970,2025-08-23 00:10:00,126.77903927761403,705.310705952381,578.5316666666666,10799.999999991,10799.999999991,0.0,True,False
336980,2025-08-23 00:20:00,92.22337856332828,697.0286785714286,604.8053,10799.999999991,10799.999999991,0.0,True,False
336990,2025-08-23 00:30:00,92.12726189666168,699.9839285714286,607.8566666666666,10799.999999991,10799.999999991,0.0,True,False
337000,2025-08-23 00:40:00,111.50744225380433,696.8761422619046,585.3687,10799.999999991,10799.999999991,0.0,True,False
337010,2025-08-23 00:50:00,143.09658213475697,698.4349654761905,555.3383833333332,10799.999999991,10799.999999991,0.0,True,False
337020,2025-08-23 01:00:00,157.29244046809023,699.9024404761905,542.6099999999999,10799.999999991,10799.999999991,0.0,True,False
337030,2025-08-23 01:10:00,127.90052796809024,684.7512613095239,556.8507333333333,10799.999999991,10799.999999991,0.0,True,False
337040,2025-08-23 01:20:00,136.3108874918997,679.1617041666666,542.8508166666666,10799.999999991,10799.999999991,0.0,True,False
337050,2025-08-23 01:30:00,170.49440475380433,685.342738095238,514.8483333333334,10799.999999991,10799.999999991,0.0,True,False
337060,2025-08-23 01:40:00,138.8198363014237,679.2229696428573,540.4031333333332,10799.999999991,10799.999999991,0.0,True,False
337070,2025-08-23 01:50:00,110.37678272999491,670.8035827380952,560.4268,10799.999999991,10799.999999991,0.0,True,False
337080,2025-08-23 02:00:00,122.45714284904247,669.8338095238095,547.3766666666667,10799.999999991,10799.999999991,0.0,True,False
337090,2025-08-23 02:10:00,138.38771189666144,674.3026952380951,535.9149833333333,10799.999999991,10799.999999991,0.0,True,False
337100,2025-08-23 02:20:00,121.69714701570919,672.5278803571427,550.8307333333332,10799.999999991,10799.999999991,0.0,True,False
337110,2025-08-23 02:30:00,101.60773808713768,667.6844047619046,566.0766666666666,10799.999999991,10799.999999991,0.0,True,False
337120,2025-08-23 02:40:00,138.1108886823757,671.5909720238094,533.4800833333334,10799.999999991,10799.999999991,0.0,True,False
337130,2025-08-23 02:50:00,157.7355065395187,663.4920398809523,505.7565333333333,10799.999999991,10799.999999991,0.0,True,False
337140,2025-08-23 03:00:00,116.90303570618536,649.5597023809523,532.6566666666666,10799.999999991,10799.999999991,0.0,True,False
337980,2025-08-23 17:00:00,314.61364284813857,942.0936428571426,627.48,10799.999999989996,10799.999999989996,0.0,True,False
337990,2025-08-23 17:10:00,325.35558927671235,943.5074226190496,618.1518333333333,10799.999999989996,10799.999999989996,0.0,True,False
338000,2025-08-23 17:20:00,290.2765029671856,944.4637863095229,654.1872833333333,10799.999999989996,10799.999999989996,0.0,True,False
338010,2025-08-23 17:30:00,280.09840475290054,954.1334047619046,674.035,10799.999999989996,10799.999999989996,0.0,True,False
338020,2025-08-23 17:40:00,350.6598636814722,988.4434970238094,637.7836333333332,10799.999999989996,10799.999999989996,0.0,True,False
338030,2025-08-23 17:50:00,279.5316196338548,906.9003696428588,627.36875,10799.999999989996,10799.999999989996,0.0,True,False
338040,2025-08-23 18:00:00,211.34089284813896,865.7375595238096,654.3966666666666,10799.999999989996,10799.999999989996,0.0,True,False
338050,2025-08-23 18:10:00,195.9653797529006,849.1968964285712,653.2315166666666,10799.999999989996,10799.999999989996,0.0,True,False
338060,2025-08-23 18:20:00,217.39364880051966,868.5714988095237,651.17785,10799.999999989996,10799.999999989996,0.0,True,False
338070,2025-08-23 18:30:00,201.79982141956748,863.1931547619048,661.3933333333333,10799.999999989996,10799.999999989996,0.0,True,False
338080,2025-08-23 18:40:00,203.80380475290076,871.037438095238,667.2336333333333,10799.999999989996,10799.999999989996,0.0,True,False
338280,2025-08-23 22:00:00,138.74988096238087,1541.8548809523809,569.7716666666666,5011.095602659538,5761.095602649538,749.99999999,False,True
338290,2025-08-23 22:10:00,189.9951744147619,1545.2712077380952,521.9427,5761.095602649538,6511.095602639538,749.99999999,False,True
338310,2025-08-23 22:30:00,108.25755953380984,1555.2992261904765,613.7083333333333,6666.927193880538,7416.927193870538,749.99999999,False,True
338320,2025-08-23 22:40:00,121.9151631052383,1551.6051964285716,596.3566999999999,7416.927193870538,8166.927193860538,749.99999999,False,True
338340,2025-08-23 23:00:00,80.04092442983982,1540.1025910865064,626.7283333333332,8270.924010994395,9020.924010985394,749.999999991,False,True
338370,2025-08-23 23:30:00,133.3211904861904,1535.482857142857,568.8283333333333,9248.634747753109,9998.634747743108,749.99999999,False,True
339730,2025-08-24 22:10:00,0.16460298619062202,1542.679836309524,709.1819,1933.2960000021112,2683.2959999921113,749.99999999,False,True
339870,2025-08-25 00:30:00,6.40095239095239,1533.8259523809525,694.0916666666667,7738.566301580143,8488.566301570143,749.99999999,False,True
341190,2025-08-25 22:30:00,5.180000010000177,1555.2350000000001,716.7216666666666,2644.9786403412545,3394.9786403312546,749.99999999,False,True
342630,2025-08-26 22:30:00,53.1113095338095,1553.9896428571428,667.545,2609.578752914276,3359.578752904276,749.99999999,False,True
342640,2025-08-26 22:40:00,0.5742762004758709,1549.039076190476,715.1314666666667,3359.578752904276,4109.578752894276,749.99999999,False,True
345520,2025-08-28 22:40:00,55.18805893857154,1545.8941255952382,657.3727333333333,3284.8158592875498,4034.81585927755,749.99999999,False,True
345610,2025-08-29 00:10:00,140.35222441476162,1535.0116077380949,561.3260499999999,5967.994028855827,6717.994028845827,749.99999999,False,True
345620,2025-08-29 00:20:00,119.19472143857125,1527.5065047619046,574.97845,6717.994028845827,7467.9940288358275,749.99999999,False,True
345630,2025-08-29 00:30:00,170.50285715285725,1527.3878571428572,523.5516666666666,7467.9940288358275,8217.994028826828,749.999999991,False,True
345830,2025-08-29 03:50:00,85.58395238654124,643.9216232142858,517.7713,10763.49026624603,10799.999999991,36.50973374497008,True,False
345840,2025-08-29 04:00:00,80.03303570618547,638.4463690476191,558.4133333333333,10799.999999991,10799.999999991,0.0,True,False
345850,2025-08-29 04:10:00,80.03237677761396,631.5016601190476,551.4692833333334,10799.999999991,10799.999999991,0.0,True,False
345860,2025-08-29 04:20:00,111.07649701570912,632.6421636904761,521.5656666666666,10799.999999991,10799.999999991,0.0,True,False
345870,2025-08-29 04:30:00,124.27089284904238,637.1775595238094,512.9066666666666,10799.999999991,10799.999999991,0.0,True,False
345880,2025-08-29 04:40:00,90.00181784904252,630.5559845238095,540.5541666666666,10799.999999991,10799.999999991,0.0,True,False
345890,2025-08-29 04:50:00,99.14171308713762,622.9960797619046,523.8543666666667,10799.999999991,10799.999999991,0.0,True,False
345900,2025-08-29 05:00:00,81.86210237285215,547.1337690476191,465.27166666666665,10799.999999991,10799.999999991,0.0,True,False
345910,2025-08-29 05:10:00,88.59675356332804,541.4635369047617,452.8667833333333,10799.999999991,10799.999999991,0.0,True,False
345920,2025-08-29 05:20:00,58.400532729994985,546.029049404762,487.62851666666666,10799.999999991,10799.999999991,0.0,True,False
345930,2025-08-29 05:30:00,31.284185706185532,545.9858523809525,514.7016666666666,10799.999999991,10799.999999991,0.0,True,False
345940,2025-08-29 05:40:00,876.7281541585663,1358.6117375,481.8835833333333,10799.999999991,10799.999999991,0.0,True,False
346560,2025-08-29 16:00:00,2.022088086237409,720.6870880952381,718.665,10799.99999999,10799.99999999,0.0,True,False
346570,2025-08-29 16:10:00,12.687879157666066,719.3257791666667,706.6379,10799.99999999,10799.99999999,0.0,True,False
346600,2025-08-29 16:40:00,1.1569005862373616,731.9443505952379,730.7874499999999,10799.99999999,10799.99999999,0.0,True,False
346610,2025-08-29 16:50:00,28.424883324332576,711.93635,683.5114666666666,10799.99999999,10799.99999999,0.0,True,False
346620,2025-08-29 17:00:00,297.24785237195175,963.084519047619,665.8366666666666,10799.99999999,10799.99999999,0.0,True,False
346630,2025-08-29 17:10:00,332.0205493957612,969.4638827380951,637.4433333333333,10799.99999999,10799.99999999,0.0,True,False
346640,2025-08-29 17:20:00,363.26892082433284,973.1740375,609.9051166666666,10799.99999999,10799.99999999,0.0,True,False
346650,2025-08-29 17:30:00,368.6398166576661,980.4748166666669,611.835,10799.99999999,10799.99999999,0.0,True,False
346660,2025-08-29 17:40:00,361.11891546718994,1013.6296321428573,652.5107166666667,10799.99999999,10799.99999999,0.0,True,False
346670,2025-08-29 17:50:00,277.4438511814755,933.2996511904761,655.8557999999999,10799.99999999,10799.99999999,0.0,True,False
346680,2025-08-29 18:00:00,234.03916665766587,860.1374999999999,626.0983333333334,10799.99999999,10799.99999999,0.0,True,False
346690,2025-08-29 18:10:00,201.06660594338024,839.6988726190476,638.6322666666666,10799.99999999,10799.99999999,0.0,True,False
346700,2025-08-29 18:20:00,214.19138570528494,863.9325023809522,649.7411166666666,10799.99999999,10799.99999999,0.0,True,False
346710,2025-08-29 18:30:00,215.51053570528492,867.098869047619,651.5883333333334,10799.99999999,10799.99999999,0.0,True,False
346720,2025-08-29 18:40:00,189.9278898719518,869.1881898809525,679.2602999999999,10799.99999999,10799.99999999,0.0,True,False
346920,2025-08-29 22:00:00,105.12047620047632,1541.892142857143,603.4383333333333,5178.919368764038,5928.919368754038,749.99999999,False,True
346930,2025-08-29 22:10:00,90.72948334333363,1540.8650000000002,616.8021833333332,5928.919368754038,6678.919368744038,749.99999999,False,True
346950,2025-08-29 22:30:00,135.9010714385713,1548.712738095238,579.4783333333332,6786.214166235039,7536.214166225039,749.99999999,False,True
346960,2025-08-29 22:40:00,113.51642500999968,1541.2205249999997,594.3707666666667,7536.214166225039,8286.214166215039,749.99999999,False,True
346980,2025-08-29 23:00:00,120.39791161433912,1541.5962449376725,587.865,8381.404079420325,9131.404079411324,749.999999991,False,True
347010,2025-08-29 23:30:00,120.82565477190495,1531.015654761905,576.8566666666666,9341.278722786183,10091.278722776182,749.99999999,False,True
347030,2025-08-29 23:50:00,27.587653745151407,703.6591761904763,569.7518833333334,10704.312324790208,10799.999999991,95.68767520079236,True,False
347040,2025-08-30 00:00:00,155.94410713475676,708.9774404761904,553.0333333333333,10799.999999991,10799.999999991,0.0,True,False
347050,2025-08-30 00:10:00,95.76627558713776,700.7116922619048,604.9454166666667,10799.999999991,10799.999999991,0.0,True,False
347060,2025-08-30 00:20:00,83.5574220157092,692.5375220238095,608.9801,10799.999999991,10799.999999991,0.0,True,False
347070,2025-08-30 00:30:00,129.46678570618528,690.960119047619,561.4933333333333,10799.999999991,10799.999999991,0.0,True,False
347080,2025-08-30 00:40:00,113.8197184442806,690.1447184523809,576.3249999999999,10799.999999991,10799.999999991,0.0,True,False
347090,2025-08-30 00:50:00,90.67013749189968,691.0011374999999,600.3309999999999,10799.999999991,10799.999999991,0.0,True,False
347100,2025-08-30 01:00:00,100.17273808713762,690.6744047619046,590.5016666666667,10799.999999991,10799.999999991,0.0,True,False
347110,2025-08-30 01:10:00,121.02588511094743,683.360568452381,562.3346833333333,10799.999999991,10799.999999991,0.0,True,False
347120,2025-08-30 01:20:00,124.45386189666166,673.8618619047619,549.4079999999999,10799.999999991,10799.999999991,0.0,True,False
347130,2025-08-30 01:30:00,111.89482142047106,669.221488095238,557.3266666666666,10799.999999991,10799.999999991,0.0,True,False
347140,2025-08-30 01:40:00,106.37385772999502,671.187824404762,564.8139666666666,10799.999999991,10799.999999991,0.0,True,False
347150,2025-08-30 01:50:00,92.94616844428057,663.4302351190476,570.4840666666666,10799.999999991,10799.999999991,0.0,True,False
347160,2025-08-30 02:00:00,78.85535713475687,652.6653571428571,573.81,10799.999999991,10799.999999991,0.0,True,False
347170,2025-08-30 02:10:00,89.02644880142347,661.3724321428571,572.3459833333333,10799.999999991,10799.999999991,0.0,True,False
347180,2025-08-30 02:20:00,93.07608749189953,666.1383041666666,573.0622166666667,10799.999999991,10799.999999991,0.0,True,False
347220,2025-08-30 03:00:00,103.09219196031144,643.3202976190477,512.4833333333333,10775.029704898137,10799.999999991,24.97029509286259,True,False
348060,2025-08-30 17:00:00,367.92950008407473,964.5665,587.435,10791.718200066667,10799.999999991,8.281799924332859,True,False
348070,2025-08-30 17:10:00,375.7156321347568,970.8950654761903,595.1794333333332,10799.999999991,10799.999999991,0.0,True,False
348080,2025-08-30 17:20:00,333.2047785633282,972.1791619047618,638.9743833333333,10799.999999991,10799.999999991,0.0,True,False
348090,2025-08-30 17:30:00,319.64959522999544,977.3612619047623,657.7116666666666,10799.999999991,10799.999999991,0.0,True,False
348100,2025-08-30 17:40:00,341.2362238014237,1011.2629904761906,670.0267666666666,10799.999999991,10799.999999991,0.0,True,False
348110,2025-08-30 17:50:00,271.2436404680901,930.108707142857,658.8650666666666,10799.999999991,10799.999999991,0.0,True,False
348120,2025-08-30 18:00:00,213.7720238014234,858.0686904761903,644.2966666666666,10799.999999991,10799.999999991,0.0,True,False
348130,2025-08-30 18:10:00,167.94661844428055,838.5188517857142,670.5722333333333,10799.999999991,10799.999999991,0.0,True,False
348140,2025-08-30 18:20:00,170.83853511094725,862.6678184523809,691.8292833333333,10799.999999991,10799.999999991,0.0,True,False
348150,2025-08-30 18:30:00,196.83928570618556,864.9759523809525,668.1366666666667,10799.999999991,10799.999999991,0.0,True,False
348160,2025-08-30 18:40:00,256.8029374918997,867.4146208333333,610.6116833333333,10799.999999991,10799.999999991,0.0,True,False
348360,2025-08-30 22:00:00,128.41321429571428,1544.2032142857142,582.4566666666666,4995.250768963452,5745.250768953452,749.99999999,False,True
348370,2025-08-30 22:10:00,160.4588553671431,1542.4501886904764,548.6579999999999,5745.250768953452,6495.250768943452,749.99999999,False,True
348390,2025-08-30 22:30:00,105.94392858142827,1547.7672619047617,608.49,6635.7131019701665,7385.713101960167,749.99999999,False,True
348400,2025-08-30 22:40:00,85.25587322428542,1541.7873065476188,623.1981,7385.713101960167,8135.713101950167,749.99999999,False,True
348420,2025-08-30 23:00:00,125.49434524809509,1538.3460119047618,579.5183333333333,8223.236168012596,8973.236168002595,749.99999999,False,True
348450,2025-08-30 23:30:00,52.651726200475984,1532.566726190476,646.5816666666666,9195.035221556023,9945.035221546023,749.99999999,False,True
349800,2025-08-31 22:00:00,26.558690486190237,1545.915357142857,686.0233333333333,1200.000000011111,1950.000000001111,749.99999999,False,True
349810,2025-08-31 22:10:00,9.416802986190525,1541.0738029761906,698.3236666666667,1950.000000001111,2699.999999991111,749.99999999,False,True
349840,2025-08-31 22:40:00,20.212502986190422,1544.465069642857,690.9192333333333,3415.721775786873,4165.721775776873,749.99999999,False,True
349930,2025-09-01 00:10:00,86.48000596238101,1532.777305952381,612.9639666666667,6078.171643708329,6828.171643698329,749.99999999,False,True
349940,2025-09-01 00:20:00,69.83802441476188,1526.4990410714286,623.3276833333333,6828.171643698329,7578.171643688329,749.99999999,False,True
349950,2025-09-01 00:30:00,72.66101191476183,1524.4376785714285,618.4433333333333,7578.171643688329,8328.171643678328,749.99999999,False,True
349970,2025-09-01 00:50:00,113.3189107242856,1524.0499607142856,577.3977166666666,8826.738704813113,9576.738704804113,749.999999991,False,True
350260,2025-09-01 05:40:00,412.9283805026693,1355.6388416666666,586.5729333333334,10479.476224943402,10799.999999991,320.52377504759755,True,False
351000,2025-09-01 18:00:00,128.43363094338017,853.8719642857142,725.4383333333333,10799.99999999,10799.99999999,0.0,True,False
351010,2025-09-01 18:10:00,73.72644106242787,838.2789244047619,764.5524833333334,10799.99999999,10799.99999999,0.0,True,False
351020,2025-09-01 18:20:00,52.03405475290396,863.4461714285713,811.4121166666666,10799.99999999,10799.99999999,0.0,True,False
351030,2025-09-01 18:30:00,101.01976189576109,862.7097619047619,761.69,10799.99999999,10799.99999999,0.0,True,False
351040,2025-09-01 18:40:00,88.06724344338012,863.7518601190474,775.6846166666666,10799.99999999,10799.99999999,0.0,True,False
351240,2025-09-01 22:00:00,71.86964286714293,1542.8829761904763,637.68,2506.132979987582,3256.132979977582,749.99999999,False,True
351250,2025-09-01 22:10:00,41.994682748095094,1537.6348327380952,662.3068166666667,3256.132979977582,4006.1329799675823,749.99999999,False,True
351270,2025-09-01 22:30:00,81.80845239095218,1546.1217857142856,630.98,4049.0405008514394,4799.040500841439,749.99999999,False,True
351280,2025-09-01 22:40:00,106.51722739095247,1539.5641273809524,599.7135666666666,4799.040500841439,5549.040500831439,749.99999999,False,True
351300,2025-09-01 23:00:00,126.15598664693856,1539.9309866369385,580.4416666666666,5665.577924393868,6415.577924384867,749.999999991,False,True
351330,2025-09-01 23:30:00,105.35005953380958,1533.4050595238095,594.7216666666666,6529.80864472401,7279.80864471401,749.99999999,False,True
352440,2025-09-02 18:00:00,46.82452380052207,846.3345238095244,799.51,10799.999999989997,10799.999999989997,0.0,True,False
352450,2025-09-02 18:10:00,38.532457133854784,832.1956071428572,793.66315,10799.999999989997,10799.999999989997,0.0,True,False
352460,2025-09-02 18:20:00,55.7892434433787,858.3753934523809,802.5861499999999,10799.999999989997,10799.999999989997,0.0,True,False
352470,2025-09-02 18:30:00,84.74011903861667,857.3617857142856,772.6216666666666,10799.999999989997,10799.999999989997,0.0,True,False
352480,2025-09-02 18:40:00,56.10507856242617,857.5393619047618,801.4342833333333,10799.999999989997,10799.999999989997,0.0,True,False
352680,2025-09-02 22:00:00,109.78875001000004,1538.5804166666667,595.4583333333333,2318.283307183348,3068.283307173348,749.99999999,False,True
352690,2025-09-02 22:10:00,89.31483215285742,1533.9334821428574,611.2853166666666,3068.283307173348,3818.283307163348,749.99999999,False,True
352710,2025-09-02 22:30:00,77.73464286714294,1540.1129761904763,629.045,3886.706556618634,4636.706556608634,749.99999999,False,True
352720,2025-09-02 22:40:00,56.25219286714286,1532.655142857143,643.0696166666667,4636.706556608634,5386.706556598634,749.99999999,False,True
352740,2025-09-02 23:00:00,101.67580159925227,1534.8841349225856,599.875,5447.660992661063,6197.660992652062,749.999999991,False,True
352770,2025-09-02 23:30:00,94.53392858142864,1526.9805952380952,599.1133333333332,6357.833512634063,7107.833512624063,749.99999999,False,True
353880,2025-09-03 18:00:00,79.14726189575963,840.4939285714286,761.3466666666666,10799.999999989997,10799.999999989997,0.0,True,False
353890,2025-09-03 18:10:00,21.20321725290234,828.0874005952379,806.8841833333332,10799.999999989997,10799.999999989997,0.0,True,False
353900,2025-09-03 18:20:00,16.931967252902314,854.2674672619046,837.3354999999999,10799.999999989997,10799.999999989997,0.0,True,False
353910,2025-09-03 18:30:00,80.2407142767119,851.9707142857143,771.73,10799.999999989997,10799.999999989997,0.0,True,False
353920,2025-09-03 18:40:00,48.29518749099726,852.635870833333,804.3406833333333,10799.999999989997,10799.999999989997,0.0,True,False
354120,2025-09-03 22:00:00,87.3907738195238,1532.4791071428572,611.755,2174.3894081291146,2924.3894081191147,749.99999999,False,True
354130,2025-09-03 22:10:00,67.36849108142859,1528.708874404762,628.0070499999999,2924.3894081191147,3674.389408109115,749.99999999,False,True
354150,2025-09-03 22:30:00,86.26398810523823,1533.580654761905,613.9833333333333,3731.904237028686,4481.904237018686,749.99999999,False,True
354160,2025-09-03 22:40:00,80.5586625100003,1527.780579166667,613.8885833333333,4481.904237018686,5231.904237008686,749.99999999,False,True
354180,2025-09-03 23:00:00,16.04735318634402,1528.8090198430107,679.4283333333333,5271.9944037854,6021.9944037764,749.999999991,False,True
354210,2025-09-03 23:30:00,71.84464286714295,1519.9479761904763,614.77,6112.432483579828,6862.432483569828,749.99999999,False,True
355320,2025-09-04 18:00:00,33.30803570528508,833.6980357142858,800.39,10799.99999999,10799.99999999,0.0,True,False
355330,2025-09-04 18:10:00,12.478588681475468,822.8535053571428,810.3749166666666,10799.99999999,10799.99999999,0.0,True,False
355340,2025-09-04 18:20:00,24.856201181475377,848.7928845238094,823.9366833333333,10799.99999999,10799.99999999,0.0,True,False
355350,2025-09-04 18:30:00,77.01226189576127,845.0289285714287,768.0166666666667,10799.99999999,10799.99999999,0.0,True,False
355360,2025-09-04 18:40:00,60.0289970148088,846.6822470238095,786.65325,10799.99999999,10799.99999999,0.0,True,False
355560,2025-09-04 22:00:00,104.43250001,1526.7991666666667,589.0333333333333,2197.582113142346,2947.582113132346,749.99999999,False,True
355570,2025-09-04 22:10:00,54.57524703380977,1525.4217636904764,637.5131833333332,2947.582113132346,3697.582113122346,749.99999999,False,True
355590,2025-09-04 22:30:00,119.13339286714277,1527.2217261904761,574.755,3743.586819006203,4493.586818996203,749.99999999,False,True
355600,2025-09-04 22:40:00,141.81326608142865,1521.6217160714286,546.4751166666666,4493.586818996203,5243.586818986203,749.99999999,False,True
355620,2025-09-04 23:00:00,50.31392773135985,1527.6639277213599,644.0166666666667,5337.722036655775,6087.7220366467745,749.999999991,False,True
355650,2025-09-04 23:30:00,50.082023819523776,1514.4886904761904,631.0733333333333,6160.65425609306,6910.65425608306,749.99999999,False,True
355830,2025-09-05 02:30:00,107.50833017830139,646.165119047619,420.72166666666664,10693.858390008614,10799.999999991,106.14160998238586,True,False
355840,2025-09-05 02:40:00,223.17036963475672,643.1526863095237,419.98231666666663,10799.999999991,10799.999999991,0.0,True,False
355850,2025-09-05 02:50:00,205.10444880142362,637.4559654761906,432.35151666666667,10799.999999991,10799.999999991,0.0,True,False
355860,2025-09-05 03:00:00,186.32279761094733,632.9327976190476,446.60999999999996,10799.999999991,10799.999999991,0.0,True,False
355870,2025-09-05 03:10:00,180.61331546809024,636.8844488095239,456.2711333333333,10799.999999991,10799.999999991,0.0,True,False
355880,2025-09-05 03:20:00,177.51726665856634,634.6114833333334,457.0942166666667,10799.999999991,10799.999999991,0.0,True,False
355890,2025-09-05 03:30:00,183.98714284904256,624.7604761904762,440.7733333333333,10799.999999991,10799.999999991,0.0,True,False
355900,2025-09-05 03:40:00,213.50908570618535,621.2296023809523,407.72051666666664,10799.999999991,10799.999999991,0.0,True,False
355910,2025-09-05 03:50:00,214.19167261094728,623.0278726190476,408.83619999999996,10799.999999991,10799.999999991,0.0,True,False
355920,2025-09-05 04:00:00,176.70726189666172,622.762261904762,446.05499999999995,10799.999999991,10799.999999991,0.0,True,False
356640,2025-09-05 16:00:00,14.989778570317455,653.514111904762,609.2366666666667,10773.64109999,10799.999999991,26.35890000100007,True,False
356650,2025-09-05 16:10:00,47.96645296808979,651.1162196428569,603.1497666666667,10799.999999991,10799.999999991,0.0,True,False
356660,2025-09-05 16:20:00,29.658377372851852,638.1308940476188,608.4725166666666,10799.999999991,10799.999999991,0.0,True,False
356670,2025-09-05 16:30:00,27.539802372852115,645.2614690476189,617.7216666666666,10799.999999991,10799.999999991,0.0,True,False
356680,2025-09-05 16:40:00,33.57383511094722,648.1050017857142,614.5311666666666,10799.999999991,10799.999999991,0.0,True,False
356690,2025-09-05 16:50:00,49.42868927761399,628.9846726190476,579.5559833333333,10799.999999991,10799.999999991,0.0,True,False
356700,2025-09-05 17:00:00,428.95806665856674,952.0380666666669,523.0799999999999,10799.999999991,10799.999999991,0.0,True,False
356710,2025-09-05 17:10:00,474.5243101109472,955.6130101190475,481.0887,10799.999999991,10799.999999991,0.0,True,False
356720,2025-09-05 17:20:00,487.56769939666157,957.8959494047618,470.32825,10799.999999991,10799.999999991,0.0,True,False
356730,2025-09-05 17:30:00,483.538245229995,965.5865785714285,482.0483333333333,10799.999999991,10799.999999991,0.0,True,False
356740,2025-09-05 17:40:00,502.91301546808995,996.8858988095235,493.97288333333336,10799.999999991,10799.999999991,0.0,True,False
356750,2025-09-05 17:50:00,402.5499761823765,913.0459761904767,510.496,10799.999999991,10799.999999991,0.0,True,False
356760,2025-09-05 18:00:00,300.95160713475684,829.2399404761904,528.2883333333333,10799.999999991,10799.999999991,0.0,True,False
356770,2025-09-05 18:10:00,287.1662279680902,819.7358779761904,532.5696499999999,10799.999999991,10799.999999991,0.0,True,False
356780,2025-09-05 18:20:00,323.39845892047106,844.8391589285714,521.4407,10799.999999991,10799.999999991,0.0,True,False
356790,2025-09-05 18:30:00,337.00071427761395,838.5323809523809,501.53166666666664,10799.999999991,10799.999999991,0.0,True,False
356800,2025-09-05 18:40:00,349.59564463475664,840.1359613095235,490.5403166666666,10799.999999991,10799.999999991,0.0,True,False
357000,2025-09-05 22:00:00,210.2869047719048,1518.1252380952383,474.505,6986.457658189642,7736.457658179642,749.99999999,False,True
357010,2025-09-05 22:10:00,215.7942690576192,1518.3250190476192,469.19741666666664,7736.457658179642,8486.457658169642,749.99999999,False,True
357030,2025-09-05 22:30:00,189.82250000999966,1519.895833333333,496.74,8678.199645303499,9428.199645293498,749.99999999,False,True
357040,2025-09-05 22:40:00,226.8171357242859,1513.9290357142859,453.7785666666667,9428.199645293498,10178.199645284498,749.999999991,False,True
357060,2025-09-05 23:00:00,658.9525284229841,1523.3763858449706,437.8016666666666,10416.040028311212,10799.999999991,383.9599716797878,True,False
357070,2025-09-05 23:10:00,204.85343927761394,681.0604226190476,476.2069833333333,10799.999999991,10799.999999991,0.0,True,False
357080,2025-09-05 23:20:00,196.70807796809012,674.7601446428571,478.05206666666663,10799.999999991,10799.999999991,0.0,True,False
357090,2025-09-05 23:30:00,1059.1455357061852,1510.1522023809523,451.00666666666666,10799.999999991,10799.999999991,0.0,True,False
357100,2025-09-05 23:40:00,948.832989521709,1406.507556196476,457.67456666666664,10799.999999991,10799.999999991,0.0,True,False
357110,2025-09-05 23:50:00,197.79236189666173,675.6093285714287,477.81696666666664,10799.999999991,10799.999999991,0.0,True,False
357120,2025-09-06 00:00:00,205.2870238014235,673.3620238095237,468.07499999999993,10799.999999991,10799.999999991,0.0,True,False
357130,2025-09-06 00:10:00,261.5095297538043,673.8449297619046,412.3354,10799.999999991,10799.999999991,0.0,True,False
357140,2025-09-06 00:20:00,266.41413987285193,670.7758898809523,404.36175000000003,10799.999999991,10799.999999991,0.0,True,False
357150,2025-09-06 00:30:00,222.2256547538045,664.3573214285715,442.13166666666666,10799.999999991,10799.999999991,0.0,True,False
357160,2025-09-06 00:40:00,224.1140261823759,661.8746095238096,437.76058333333333,10799.999999991,10799.999999991,0.0,True,False
357170,2025-09-06 00:50:00,215.0272440395187,663.524494047619,448.49724999999995,10799.999999991,10799.999999991,0.0,True,False
357180,2025-09-06 01:00:00,196.36416665856623,663.0358333333332,466.6716666666667,10799.999999991,10799.999999991,0.0,True,False
357190,2025-09-06 01:10:00,229.94482201570904,653.7393720238093,423.79454999999996,10799.999999991,10799.999999991,0.0,True,False
357200,2025-09-06 01:20:00,232.6623755871378,645.4303922619048,412.76801666666665,10799.999999991,10799.999999991,0.0,True,False
357210,2025-09-06 01:30:00,202.85648808713776,644.3631547619048,441.50666666666666,10799.999999991,10799.999999991,0.0,True,False
357220,2025-09-06 01:40:00,221.21171903951878,646.7675357142857,425.5558166666666,10799.999999991,10799.999999991,0.0,True,False
357230,2025-09-06 01:50:00,226.87415356332818,640.5188035714285,413.64465,10799.999999991,10799.999999991,0.0,True,False
357240,2025-09-06 02:00:00,215.5810118966617,632.2376785714287,416.65666666666664,10799.999999991,10799.999999991,0.0,True,False
357250,2025-09-06 02:10:00,240.6651297538044,639.887813095238,399.2226833333333,10799.999999991,10799.999999991,0.0,True,False
357260,2025-09-06 02:20:00,218.68961308713776,644.781263095238,426.09164999999996,10799.999999991,10799.999999991,0.0,True,False
357280,2025-09-06 02:40:00,8.626546933274192,640.053369642857,449.76545,10636.504764552375,10799.999999991,163.49523543862452,True,False
357290,2025-09-06 02:50:00,207.38263927761406,635.0833726190477,427.70073333333335,10799.999999991,10799.999999991,0.0,True,False
357300,2025-09-06 03:00:00,189.83273808713776,629.3110714285714,439.4783333333333,10799.999999991,10799.999999991,0.0,True,False
358090,2025-09-06 16:10:00,35.66465535714099,655.0416386904759,611.5841166666667,10792.986419989998,10799.99999999,7.013580000001533,True,False
358100,2025-09-06 16:20:00,45.58061130052315,649.1016113095237,603.521,10799.99999999,10799.99999999,0.0,True,False
358110,2025-09-06 16:30:00,17.347040467189665,655.7320404761905,638.385,10799.99999999,10799.99999999,0.0,True,False
358120,2025-09-06 16:40:00,62.37646903861802,659.7124357142853,597.3359666666666,10799.99999999,10799.99999999,0.0,True,False
358130,2025-09-06 16:50:00,94.91842141957099,641.339854761905,546.4214333333333,10799.99999999,10799.99999999,0.0,True,False
358140,2025-09-06 17:00:00,439.8948666576667,960.8232000000007,520.9283333333333,10799.99999999,10799.99999999,0.0,True,False
358150,2025-09-06 17:10:00,466.64342915766485,962.7488791666656,496.10545,10799.99999999,10799.99999999,0.0,True,False
358160,2025-09-06 17:20:00,446.60270415766615,964.5795708333335,517.9768666666666,10799.99999999,10799.99999999,0.0,True,False
358170,2025-09-06 17:30:00,418.65284284814226,973.0611761904763,554.4083333333333,10799.99999999,10799.99999999,0.0,True,False
358180,2025-09-06 17:40:00,485.5530648719523,1004.6700815476197,519.1170166666666,10799.99999999,10799.99999999,0.0,True,False
358190,2025-09-06 17:50:00,427.520173800523,920.4049738095237,492.8847999999999,10799.99999999,10799.99999999,0.0,True,False
358200,2025-09-06 18:00:00,296.2713690386183,822.5013690476189,526.23,10799.99999999,10799.99999999,0.0,True,False
358210,2025-09-06 18:10:00,229.94965713385645,813.5169404761905,583.5672833333333,10799.99999999,10799.99999999,0.0,True,False
358220,2025-09-06 18:20:00,257.5856821338565,839.4029654761905,581.8172833333333,10799.99999999,10799.99999999,0.0,True,False
358230,2025-09-06 18:30:00,302.6343452290946,832.9843452380952,530.3499999999999,10799.99999999,10799.99999999,0.0,True,False
358240,2025-09-06 18:40:00,315.96593630052297,833.3258029761903,517.3598666666667,10799.99999999,10799.99999999,0.0,True,False
358440,2025-09-06 22:00:00,231.48696429571442,1512.353630952381,447.5333333333333,7205.343143750809,7955.343143740809,749.99999999,False,True
358450,2025-09-06 22:10:00,226.16042262904762,1514.0478726190477,454.5541166666667,7955.343143740809,8705.343143731809,749.999999991,False,True
358470,2025-09-06 22:30:00,248.05958334333332,1515.0245833333333,433.63166666666666,8922.316478187095,9672.316478177094,749.99999999,False,True
358480,2025-09-06 22:40:00,244.46805358142842,1508.1648202380952,430.3634333333333,9672.316478177094,10422.316478168093,749.999999991,False,True
358500,2025-09-06 23:00:00,875.8505430073507,1517.6349000031205,460.03499999999997,10636.425578694807,10799.999999991,163.57442129619298,True,False
358510,2025-09-06 23:10:00,199.19143451570923,677.8822345238095,478.69079999999997,10799.999999991,10799.999999991,0.0,True,False
358520,2025-09-06 23:20:00,204.43277022999482,672.2371202380951,467.80435,10799.999999991,10799.999999991,0.0,True,False
358530,2025-09-06 23:30:00,1068.8142857061853,1506.1409523809523,437.32666666666665,10799.999999991,10799.999999991,0.0,True,False
358540,2025-09-06 23:40:00,945.5156765760804,1386.7116765841806,441.19599999999997,10799.999999991,10799.999999991,0.0,True,False
358550,2025-09-06 23:50:00,155.6620940395189,672.4081107142858,516.7460166666666,10799.999999991,10799.999999991,0.0,True,False
358560,2025-09-07 00:00:00,63.18101189666161,669.8610119047619,606.68,10799.999999991,10799.999999991,0.0,True,False
358570,2025-09-07 00:10:00,59.02910892047098,667.704725595238,608.6756166666667,10799.999999991,10799.999999991,0.0,True,False
358580,2025-09-07 00:20:00,68.1453226109472,664.0615392857142,595.9162166666666,10799.999999991,10799.999999991,0.0,True,False
358590,2025-09-07 00:30:00,69.03124999189967,659.0995833333333,590.0683333333333,10799.999999991,10799.999999991,0.0,True,False
358600,2025-09-07 00:40:00,104.96568034904257,656.0406803571428,551.0749999999999,10799.999999991,10799.999999991,0.0,True,False
358610,2025-09-07 00:50:00,86.75980534904258,658.0567053571428,571.2968999999999,10799.999999991,10799.999999991,0.0,True,False
358620,2025-09-07 01:00:00,23.356309515709178,659.1996428571427,635.8433333333332,10799.999999991,10799.999999991,0.0,True,False
358630,2025-09-07 01:10:00,20.718340468090197,649.7337238095238,629.0153833333333,10799.999999991,10799.999999991,0.0,True,False
358640,2025-09-07 01:20:00,44.98362915856635,640.6927125,595.7090833333333,10799.999999991,10799.999999991,0.0,True,False
358650,2025-09-07 01:30:00,58.93196427761402,639.7886309523809,580.8566666666666,10799.999999991,10799.999999991,0.0,True,False
358660,2025-09-07 01:40:00,55.91656189666171,643.1304952380954,587.2139333333333,10799.999999991,10799.999999991,0.0,True,False
358670,2025-09-07 01:50:00,21.90450118237593,635.9554178571428,614.0509166666666,10799.999999991,10799.999999991,0.0,True,False
358690,2025-09-07 02:10:00,42.96486715667182,633.4422029761905,588.2982499999999,10798.038822753433,10799.999999991,1.9611772375668783,True,False
358700,2025-09-07 02:20:00,72.53148749189958,640.2916541666666,567.7601666666667,10799.999999991,10799.999999991,0.0,True,False
359640,2025-09-07 18:00:00,45.61083332433296,817.3941666666669,771.7833333333333,10799.99999999,10799.99999999,0.0,True,False
359650,2025-09-07 18:10:00,54.18230356242784,810.7858702380952,756.6035666666667,10799.99999999,10799.99999999,0.0,True,False
359660,2025-09-07 18:20:00,78.42341368147535,836.6059970238094,758.1825833333334,10799.99999999,10799.99999999,0.0,True,False
359670,2025-09-07 18:30:00,105.8485714195709,827.7769047619049,721.9283333333333,10799.99999999,10799.99999999,0.0,True,False
359680,2025-09-07 18:40:00,24.04700772909436,827.439957738095,803.3929499999999,10799.99999999,10799.99999999,0.0,True,False
359880,2025-09-07 22:00:00,96.83869048619043,1506.4986904761904,576.3266666666666,1855.7714374875834,2605.7714374775833,749.99999999,False,True
359890,2025-09-07 22:10:00,80.59894762904763,1508.8022476190476,594.8699666666666,2605.7714374775833,3355.7714374675834,749.99999999,False,True
359910,2025-09-07 22:30:00,110.65071429571422,1507.877380952381,563.8933333333333,3435.692494958583,4185.692494948583,749.99999999,False,True
359920,2025-09-07 22:40:00,79.6051446528571,1502.025444642857,589.0869666666666,4185.692494948583,4935.692494938583,749.99999999,False,True
359940,2025-09-07 23:00:00,106.7229119789432,1512.4362453022766,572.38,5003.257486715297,5753.257486706297,749.999999991,False,True
359970,2025-09-07 23:30:00,41.35119048619048,1501.8695238095238,627.185,5902.153717045439,6652.1537170354395,749.99999999,False,True
361090,2025-09-08 18:10:00,23.968125594121275,805.4932077380952,761.1530833333333,10781.665201061423,10799.999999991,18.334798929576568,True,False
361100,2025-09-08 18:20:00,24.636840468090192,830.3887904761905,805.75195,10799.999999991,10799.999999991,0.0,True,False
361110,2025-09-08 18:30:00,7.387678563328313,820.5960119047619,813.2083333333333,10799.999999991,10799.999999991,0.0,True,False
361120,2025-09-08 18:40:00,23.464664277613885,822.7856476190475,799.3209833333333,10799.999999991,10799.999999991,0.0,True,False
361320,2025-09-08 22:00:00,47.882738105238325,1501.319404761905,620.1033333333332,1989.711702126103,2739.711702116103,749.99999999,False,True
361330,2025-09-08 22:10:00,32.25118453380946,1502.3612511904762,636.7767333333334,2739.711702116103,3489.711702106103,749.99999999,False,True
361350,2025-09-08 22:30:00,82.40833334333341,1500.0383333333334,584.2966666666666,3527.646772811389,4277.646772801389,749.99999999,False,True
361360,2025-09-08 22:40:00,89.42808393857148,1496.6581339285715,573.8967166666666,4277.646772801389,5027.646772791389,749.99999999,False,True
361380,2025-09-08 23:00:00,32.99266470071745,1504.2093313573841,637.8833333333333,5083.691825103817,5833.6918250948165,749.999999991,False,True
361410,2025-09-08 23:30:00,80.5982142957141,1496.7832142857142,582.8516666666667,5921.916207576816,6671.916207566816,749.99999999,False,True
361420,2025-09-08 23:40:00,72.48457439923719,1483.8045577225705,577.9866499999999,6671.916207566816,7421.916207557816,749.999999991,False,True
362760,2025-09-09 22:00:00,40.583333343333145,1495.9099999999999,621.9933333333333,1779.892367292551,2529.892367282551,749.99999999,False,True
362770,2025-09-09 22:10:00,53.39580834333332,1496.1648583333333,609.4357166666666,2529.892367282551,3279.892367272551,749.99999999,False,True
362790,2025-09-09 22:30:00,66.92279762904751,1492.7744642857142,592.5183333333333,3346.7908051206937,4096.790805110693,749.99999999,False,True
362800,2025-09-09 22:40:00,37.842262510000175,1489.133529166667,617.9579333333334,4096.790805110693,4846.790805100693,749.99999999,False,True
362820,2025-09-09 23:00:00,38.22809524809542,1500.099761904762,628.5383333333333,4872.422420448836,5622.4224204388365,749.99999999,False,True
362850,2025-09-09 23:30:00,112.5730952480951,1490.8414285714284,544.935,5718.989681302617,6468.989681292617,749.99999999,False,True
362860,2025-09-09 23:40:00,82.8649958433334,1489.9301458333334,573.7318166666666,6468.989681292617,7218.989681282617,749.99999999,False,True
362890,2025-09-10 00:10:00,64.00831489095252,1484.835798214286,587.49415,7281.029035193188,8031.029035183188,749.99999999,False,True
362900,2025-09-10 00:20:00,69.07089048619058,1478.6336904761906,576.2294666666667,8031.029035183188,8781.029035174188,749.999999991,False,True
363960,2025-09-10 18:00:00,13.64672618147486,801.5800595238089,787.9333333333334,10799.99999999,10799.99999999,0.0,True,False
363970,2025-09-10 18:10:00,32.846774990999215,796.8636083333332,764.0168333333332,10799.99999999,10799.99999999,0.0,True,False
363980,2025-09-10 18:20:00,73.3764452290944,821.9279785714284,748.5515333333333,10799.99999999,10799.99999999,0.0,True,False
363990,2025-09-10 18:30:00,90.58369046718983,810.6103571428572,720.0266666666666,10799.99999999,10799.99999999,0.0,True,False
364000,2025-09-10 18:40:00,23.49599522909525,813.9018452380958,790.4058499999999,10799.99999999,10799.99999999,0.0,True,False
364200,2025-09-10 22:00:00,57.671250010000215,1491.1662500000002,600.1616666666666,1514.4129167143133,2264.4129167043134,749.99999999,False,True
364210,2025-09-10 22:10:00,48.233800605237995,1491.007700595238,609.4405666666667,2264.4129167043134,3014.4129166943135,749.99999999,False,True
364230,2025-09-10 22:30:00,73.6683333433334,1484.865,577.8633333333332,3054.9021038281708,3804.902103818171,749.99999999,False,True
364240,2025-09-10 22:40:00,79.43568750999997,1483.0818041666666,570.3127833333333,3804.902103818171,4554.902103808171,749.99999999,False,True
364260,2025-09-10 23:00:00,1.8514881052380963,1496.4881547619048,661.3033333333333,4592.416135227742,5342.4161352177425,749.99999999,False,True
364290,2025-09-10 23:30:00,77.5615476290477,1482.634880952381,571.74,5470.110554689749,6220.110554679749,749.99999999,False,True
364300,2025-09-10 23:40:00,82.6344500099999,1484.03875,568.0709666666667,6220.110554679749,6970.110554669749,749.99999999,False,True
365400,2025-09-11 18:00:00,35.897857133856476,797.1528571428571,761.2549999999999,10799.99999999,10799.99999999,0.0,True,False
365640,2025-09-11 22:00:00,59.61255953380964,1484.420892857143,591.4749999999999,1573.156510402668,2323.1565103926678,749.99999999,False,True
365650,2025-09-11 22:10:00,37.29632381952387,1485.9127238095239,615.2830666666666,2323.1565103926678,3073.156510382668,749.99999999,False,True
365670,2025-09-11 22:30:00,39.46303572428564,1479.1480357142857,606.3516666666667,3100.627169123668,3850.627169113668,749.99999999,False,True
365680,2025-09-11 22:40:00,28.20177798619033,1476.3086113095237,614.7735,3850.627169113668,4600.627169103668,749.99999999,False,True
365700,2025-09-11 23:00:00,96.69589286714289,1493.5192261904763,563.49,4650.650594094668,5400.650594084668,749.99999999,False,True
365730,2025-09-11 23:30:00,41.9605357242857,1477.6972023809524,602.4033333333333,5618.39352118307,6368.39352117307,749.99999999,False,True
365740,2025-09-11 23:40:00,49.262432748095414,1479.506499404762,596.9107333333333,6368.39352117307,7118.393521163071,749.99999999,False,True
365970,2025-09-12 03:30:00,27.371687987063858,599.8642261904763,433.1116666666667,10674.557215607929,10799.999999991,125.44278438307117,True,False
365980,2025-09-12 03:40:00,169.08248689666138,597.6113869047617,428.5289,10799.999999991,10799.999999991,0.0,True,False
365990,2025-09-12 03:50:00,145.45014106332823,600.4661744047619,455.0160333333333,10799.999999991,10799.999999991,0.0,True,False
366000,2025-09-12 04:00:00,111.13744046809015,601.9041071428571,490.76666666666665,10799.999999991,10799.999999991,0.0,True,False
366720,2025-09-12 16:00:00,120.5378999909992,699.8045666666666,579.2666666666667,10799.99999999,10799.99999999,0.0,True,False
366730,2025-09-12 16:10:00,105.64102499099917,696.5309916666665,590.8899666666666,10799.99999999,10799.99999999,0.0,True,False
366740,2025-09-12 16:20:00,87.5856523719518,700.6566357142858,613.0709833333333,10799.99999999,10799.99999999,0.0,True,False
366750,2025-09-12 16:30:00,84.67831665766582,711.0083166666666,626.3299999999999,10799.99999999,10799.99999999,0.0,True,False
366760,2025-09-12 16:40:00,84.2748118957613,711.5220952380953,627.2472833333334,10799.99999999,10799.99999999,0.0,True,False
366770,2025-09-12 16:50:00,122.45861070528494,692.0345607142857,569.5759499999999,10799.99999999,10799.99999999,0.0,True,False
366780,2025-09-12 17:00:00,461.00903808623764,957.8823714285716,496.8733333333333,10799.99999999,10799.99999999,0.0,True,False
366790,2025-09-12 17:10:00,450.5042529671897,956.476269642857,505.97201666666666,10799.99999999,10799.99999999,0.0,True,False
366800,2025-09-12 17:20:00,449.88811427671374,958.2629976190476,508.3748833333333,10799.99999999,10799.99999999,0.0,True,False
366810,2025-09-12 17:30:00,491.32421665766583,969.5508833333331,478.2266666666667,10799.99999999,10799.99999999,0.0,True,False
366820,2025-09-12 17:40:00,512.9191785624276,997.3160285714284,484.39685,10799.99999999,10799.99999999,0.0,True,False
366830,2025-09-12 17:50:00,377.82639403861833,910.1439607142856,532.3175666666666,10799.99999999,10799.99999999,0.0,True,False
366840,2025-09-12 18:00:00,225.10124999099926,789.7829166666667,564.6816666666666,10799.99999999,10799.99999999,0.0,True,False
366850,2025-09-12 18:10:00,265.4422708243326,787.8567874999999,522.4145166666666,10799.99999999,10799.99999999,0.0,True,False
366860,2025-09-12 18:20:00,296.04077499099935,811.5989083333334,515.5581333333333,10799.99999999,10799.99999999,0.0,True,False
366870,2025-09-12 18:30:00,248.81589284814217,797.9958928571428,549.18,10799.99999999,10799.99999999,0.0,True,False
366880,2025-09-12 18:40:00,278.096428562428,802.1098785714286,524.0134499999999,10799.99999999,10799.99999999,0.0,True,False
367080,2025-09-12 22:00:00,169.49505953380947,1479.4717261904761,476.6433333333333,6562.217629709803,7312.217629699803,749.99999999,False,True
367090,2025-09-12 22:10:00,162.5186107242855,1482.4769773809521,486.6250333333333,7312.217629699803,8062.217629689803,749.99999999,False,True
367110,2025-09-12 22:30:00,184.5041666766666,1475.4058333333332,457.56833333333327,8223.809659680803,8973.809659670802,749.99999999,False,True
367120,2025-09-12 22:40:00,171.84719405761916,1470.5884273809525,465.4079,8973.809659670802,9723.809659660801,749.99999999,False,True
367140,2025-09-12 23:00:00,205.11333334333335,1486.1516666666666,447.705,9889.410040544659,10639.410040535658,749.999999991,False,True
367160,2025-09-12 23:20:00,309.9406583224012,797.1399781637327,486.88811666666663,10799.719917133802,10799.999999991,0.2800828571984198,True,False
367170,2025-09-12 23:30:00,1011.7794047538043,1474.192738095238,462.4133333333333,10799.999999991,10799.999999991,0.0,True,False
367180,2025-09-12 23:40:00,1046.192396420471,1473.2464464285713,427.05405,10799.999999991,10799.999999991,0.0,True,False
367190,2025-09-12 23:50:00,238.88911665856628,641.4536999999999,402.5645833333333,10799.999999991,10799.999999991,0.0,True,False
367200,2025-09-13 00:00:00,230.00666665856627,641.4416666666666,411.435,10799.999999991,10799.999999991,0.0,True,False
367210,2025-09-13 00:10:00,179.23887677761397,636.4022101190476,457.1633333333333,10799.999999991,10799.999999991,0.0,True,False
367220,2025-09-13 00:20:00,168.72000296809026,629.7856196428572,461.06561666666664,10799.999999991,10799.999999991,0.0,True,False
367230,2025-09-13 00:30:00,202.65374999189973,624.4754166666667,421.8216666666666,10799.999999991,10799.999999991,0.0,True,False
367240,2025-09-13 00:40:00,207.10980237285182,621.5032523809522,414.39345000000003,10799.999999991,10799.999999991,0.0,True,False
367250,2025-09-13 00:50:00,196.23032142047109,623.4225880952381,427.1922666666667,10799.999999991,10799.999999991,0.0,True,False
367260,2025-09-13 01:00:00,198.44035713475685,626.0203571428572,427.58,10799.999999991,10799.999999991,0.0,True,False
367270,2025-09-13 01:10:00,218.22621784904263,621.2737345238096,403.04751666666664,10799.999999991,10799.999999991,0.0,True,False
367280,2025-09-13 01:20:00,203.30955058713786,614.4908172619048,411.1812666666666,10799.999999991,10799.999999991,0.0,True,False
367290,2025-09-13 01:30:00,170.20678570618557,611.6717857142859,441.465,10799.999999991,10799.999999991,0.0,True,False
367300,2025-09-13 01:40:00,185.87239582523316,613.4320958333335,427.5597,10799.999999991,10799.999999991,0.0,True,False
367310,2025-09-13 01:50:00,191.02220951570914,610.3898261904761,419.36761666666666,10799.999999991,10799.999999991,0.0,True,False
367320,2025-09-13 02:00:00,174.9863095157091,605.7896428571428,430.80333333333334,10799.999999991,10799.999999991,0.0,True,False
367330,2025-09-13 02:10:00,187.19586249189953,611.9727791666666,424.7769166666667,10799.999999991,10799.999999991,0.0,True,False
367340,2025-09-13 02:20:00,195.13554582523292,617.7342624999999,422.59871666666663,10799.999999991,10799.999999991,0.0,True,False
367350,2025-09-13 02:30:00,189.98736919275618,615.9273692008564,425.93999999999994,10799.999999991,10799.999999991,0.0,True,False
367360,2025-09-13 02:40:00,196.6682797538045,610.5399130952381,413.8716333333333,10799.999999991,10799.999999991,0.0,True,False
367370,2025-09-13 02:50:00,192.01978213475687,605.3520488095238,413.3322666666666,10799.999999991,10799.999999991,0.0,True,False
367380,2025-09-13 03:00:00,177.50535713475674,604.9886904761904,427.48333333333335,10799.999999991,10799.999999991,0.0,True,False
368160,2025-09-13 16:00:00,35.47015951480885,688.8284928571428,653.3583333333333,10799.99999999,10799.99999999,0.0,True,False
368170,2025-09-13 16:10:00,36.28707320528495,686.287306547619,650.0002333333333,10799.99999999,10799.99999999,0.0,True,False
368180,2025-09-13 16:20:00,91.05214999099937,690.1151166666667,599.0629666666666,10799.99999999,10799.99999999,0.0,True,False
368190,2025-09-13 16:30:00,132.8482547529039,699.776588095238,566.9283333333333,10799.99999999,10799.99999999,0.0,True,False
368200,2025-09-13 16:40:00,85.71340356242794,700.7464535714286,615.03305,10799.99999999,10799.99999999,0.0,True,False
368210,2025-09-13 16:50:00,79.66489165766595,681.2790083333332,601.6141166666666,10799.99999999,10799.99999999,0.0,True,False
368220,2025-09-13 17:00:00,417.29264761004674,951.4359809523809,534.1433333333333,10799.99999999,10799.99999999,0.0,True,False
368230,2025-09-13 17:10:00,397.38555058623734,951.7855339285713,554.3999833333332,10799.99999999,10799.99999999,0.0,True,False
368240,2025-09-13 17:20:00,407.4450636814755,953.6774303571428,546.2323666666666,10799.99999999,10799.99999999,0.0,True,False
368250,2025-09-13 17:30:00,475.1343738005228,963.2410404761902,488.1066666666666,10799.99999999,10799.99999999,0.0,True,False
368260,2025-09-13 17:40:00,503.3587059433802,990.8508059523808,487.4921,10799.99999999,10799.99999999,0.0,True,False
368270,2025-09-13 17:50:00,381.6384892767135,904.4766726190475,522.8381833333333,10799.99999999,10799.99999999,0.0,True,False
368280,2025-09-13 18:00:00,242.8135714195711,785.6219047619052,542.8083333333333,10799.99999999,10799.99999999,0.0,True,False
368290,2025-09-13 18:10:00,263.2887071338564,783.8461571428571,520.55745,10799.99999999,10799.99999999,0.0,True,False
368300,2025-09-13 18:20:00,299.85684403861893,807.772127380953,507.9152833333333,10799.99999999,10799.99999999,0.0,True,False
368310,2025-09-13 18:30:00,270.7426785624277,794.164345238095,523.4216666666666,10799.99999999,10799.99999999,0.0,True,False
368320,2025-09-13 18:40:00,262.8241553481421,797.4191553571428,534.595,10799.99999999,10799.99999999,0.0,True,False
368520,2025-09-13 22:00:00,156.05535715285725,1476.707023809524,487.31833333333327,6608.159273843404,7358.159273833404,749.99999999,False,True
368530,2025-09-13 22:10:00,171.95024346238085,1478.8013767857142,473.51779999999997,7358.159273833404,8108.159273823404,749.99999999,False,True
368550,2025-09-13 22:30:00,228.63392858142856,1471.5955952380953,409.62833333333333,8304.831763100117,9054.831763090117,749.99999999,False,True
368560,2025-09-13 22:40:00,168.62599465285712,1467.2845279761905,465.3252,9054.831763090117,9804.831763080116,749.99999999,False,True
368580,2025-09-13 23:00:00,202.6191666766665,1480.5841666666665,444.63166666666666,9943.420066821116,10693.420066812116,749.999999991,False,True
368590,2025-09-13 23:10:00,102.3686198806046,646.2935845238094,425.50281666666666,10693.420066812116,10799.999999991,106.5799331788843,True,False
368600,2025-09-13 23:20:00,418.5423807017756,851.2947473765425,432.75236666666666,10799.999999991,10799.999999991,0.0,True,False
368610,2025-09-13 23:30:00,1039.737559515709,1469.7708928571428,430.0333333333333,10799.999999991,10799.999999991,0.0,True,False
368620,2025-09-13 23:40:00,1068.3183601109472,1467.7836601190475,399.46529999999996,10799.999999991,10799.999999991,0.0,True,False
368630,2025-09-13 23:50:00,182.71705296808997,634.3426863095236,451.6256333333333,10799.999999991,10799.999999991,0.0,True,False
368640,2025-09-14 00:00:00,58.641964277613944,633.9086309523809,575.2666666666667,10799.999999991,10799.999999991,0.0,True,False
368660,2025-09-14 00:20:00,17.491796404173915,625.3542482142857,605.0722166666667,10797.4887883619,10799.999999991,2.511211629100576,True,False
368670,2025-09-14 00:30:00,56.01172618237579,618.7667261904761,562.755,10799.999999991,10799.999999991,0.0,True,False
368680,2025-09-14 00:40:00,23.82330356332816,615.6553369047618,591.8320333333334,10799.999999991,10799.999999991,0.0,True,False
368690,2025-09-14 00:50:00,32.68374225380453,618.9215089285715,586.2377666666666,10799.999999991,10799.999999991,0.0,True,False
368700,2025-09-14 01:00:00,76.71892856332826,621.7905952380952,545.0716666666666,10799.999999991,10799.999999991,0.0,True,False
368710,2025-09-14 01:10:00,42.82768749189959,613.9909541666666,571.1632666666667,10799.999999991,10799.999999991,0.0,True,False
368720,2025-09-14 01:20:00,34.46048749189956,607.8951541666665,573.4346666666667,10799.999999991,10799.999999991,0.0,True,False
368730,2025-09-14 01:30:00,60.348869039518696,608.7422023809523,548.3933333333333,10799.999999991,10799.999999991,0.0,True,False
368740,2025-09-14 01:40:00,23.53901011094738,609.3786767857143,585.8396666666666,10799.999999991,10799.999999991,0.0,True,False
368750,2025-09-14 01:50:00,2.534324396661509,605.0793410714285,602.5450166666667,10799.999999991,10799.999999991,0.0,True,False
368760,2025-09-14 02:00:00,21.375476182375998,601.2088095238096,579.8333333333333,10799.999999991,10799.999999991,0.0,True,False
368770,2025-09-14 02:10:00,22.423959515709136,607.3512761904761,584.9273166666667,10799.999999991,10799.999999991,0.0,True,False
368780,2025-09-14 02:20:00,20.47823808713779,612.9899547619048,592.5117166666666,10799.999999991,10799.999999991,0.0,True,False
368790,2025-09-14 02:30:00,31.88565475380458,611.2389880952381,579.3533333333332,10799.999999991,10799.999999991,0.0,True,False
368800,2025-09-14 02:40:00,47.992486301423675,604.8873529761906,556.8948666666666,10799.999999991,10799.999999991,0.0,True,False
368810,2025-09-14 02:50:00,33.2191821347569,600.2457321428572,567.0265499999999,10799.999999991,10799.999999991,0.0,True,False
368820,2025-09-14 03:00:00,0.9983333252328975,601.1716666666665,600.1733333333333,10799.999999991,10799.999999991,0.0,True,False
368830,2025-09-14 03:10:00,1.1956113014234462,605.7877113095237,604.5921,10799.999999991,10799.999999991,0.0,True,False
368840,2025-09-14 03:20:00,8.085335110947176,602.8841351190475,594.7988,10799.999999991,10799.999999991,0.0,True,False
369960,2025-09-14 22:00:00,25.320773819523986,1473.2524404761907,614.5983333333334,1264.5857382436257,2014.5857382336258,749.99999999,False,True
369970,2025-09-14 22:10:00,14.384485129047441,1473.8335184523808,626.1157,2014.5857382336258,2764.585738223626,749.99999999,False,True
370000,2025-09-14 22:40:00,55.596994057618865,1463.1553607142855,574.2250333333333,3505.7912964267953,4255.791296416795,749.99999999,False,True
370020,2025-09-14 23:00:00,22.55178572428553,1475.2084523809522,619.3233333333333,4314.237317836367,5064.237317826367,749.99999999,False,True
370060,2025-09-14 23:40:00,20.56946905761901,1462.9417023809524,609.0389,6069.190471528336,6819.190471518336,749.99999999,False,True
371400,2025-09-15 22:00:00,68.49613096238078,1467.9077976190474,566.0783333333333,1273.57203479654,2023.57203478654,749.99999999,False,True
371410,2025-09-15 22:10:00,59.623836319523654,1469.2039529761903,576.2467833333333,2023.57203478654,2773.57203477654,749.99999999,False,True
371430,2025-09-15 22:30:00,16.700595248095162,1461.3705952380951,611.3366666666666,2805.55797851754,3555.55797850754,749.99999999,False,True
371460,2025-09-15 23:00:00,31.82422620047611,1469.219226190476,604.0616666666666,4308.149983310968,5058.149983300968,749.99999999,False,True
371490,2025-09-15 23:30:00,6.411607152857065,1461.0499404761904,621.305,5447.58884355318,6197.58884354318,749.99999999,False,True
371500,2025-09-15 23:40:00,33.66789405761903,1457.2551607142857,590.2539333333333,6197.58884354318,6947.58884353318,749.99999999,False,True
372850,2025-09-16 22:10:00,31.175277390952253,1464.2378273809522,599.7292166666666,1939.1690892878253,2689.169089277825,749.99999999,False,True
372870,2025-09-16 22:30:00,9.871011914762214,1456.4526785714288,613.2483333333332,2722.313557483111,3472.313557473111,749.99999999,False,True
372880,2025-09-16 22:40:00,7.45774167666672,1453.4089583333334,612.6178833333333,3472.313557473111,4222.313557463111,749.99999999,False,True
372900,2025-09-16 23:00:00,10.979642867142609,1463.3346428571426,619.0216666666666,4230.819958882682,4980.819958872682,749.99999999,False,True
372940,2025-09-16 23:40:00,13.547198224285914,1452.3748815476192,605.4943499999999,6146.700698801957,6896.700698791957,749.99999999,False,True
374280,2025-09-17 22:00:00,19.512797629047547,1457.596130952381,604.75,1200.000000011111,1950.000000001111,749.99999999,False,True
374290,2025-09-17 22:10:00,33.74583036714295,1459.0366136904763,591.95745,1950.000000001111,2699.999999991111,749.99999999,False,True
374310,2025-09-17 22:30:00,43.574702390952545,1451.7413690476192,574.8333333333333,2744.405687124968,3494.4056871149683,749.99999999,False,True
374380,2025-09-17 23:40:00,4.948848819523724,1447.4243654761904,609.1421833333333,6154.667681772973,6904.667681762973,749.99999999,False,True
375720,2025-09-18 22:00:00,62.324107152856975,1452.5474404761903,556.89,1200.0000000111113,1950.0000000011114,749.99999999,False,True
375730,2025-09-18 22:10:00,16.607287509999985,1453.3291875,603.3885666666666,1950.0000000011114,2699.9999999911115,749.99999999,False,True
375750,2025-09-18 22:30:00,2.730535724285793,1445.6788690476192,609.615,2666.328250002223,3416.328249992223,749.99999999,False,True
375760,2025-09-18 22:40:00,42.775735724285816,1444.369919047619,568.2608499999999,3416.328249992223,4166.328249982223,749.99999999,False,True
375780,2025-09-18 23:00:00,24.602619057618988,1455.9192857142857,597.9833333333333,4210.298747473223,4960.298747463223,749.99999999,False,True
375810,2025-09-18 23:30:00,25.87011905761903,1449.9717857142857,590.7683333333333,5452.636223188892,6202.636223178892,749.99999999,False,True
376800,2025-09-19 16:00:00,27.32518809412489,737.6915214285716,635.0433333333333,10732.209299989998,10799.999999991,67.79070000100218,True,False
376810,2025-09-19 16:10:00,80.16041189666166,732.4048952380952,652.2444833333333,10799.999999991,10799.999999991,0.0,True,False
376820,2025-09-19 16:20:00,50.85376070618512,695.771177380952,644.9174166666667,10799.999999991,10799.999999991,0.0,True,False
376830,2025-09-19 16:30:00,87.54234284904211,705.8956761904756,618.3533333333332,10799.999999991,10799.999999991,0.0,True,False
376840,2025-09-19 16:40:00,122.02486189666101,706.9256952380947,584.9008333333334,10799.999999991,10799.999999991,0.0,True,False
376850,2025-09-19 16:50:00,124.37636665856698,691.1460000000006,566.7696333333333,10799.999999991,10799.999999991,0.0,True,False
376860,2025-09-19 17:00:00,401.082442849043,949.7524428571433,548.67,10799.999999991,10799.999999991,0.0,True,False
376870,2025-09-19 17:10:00,449.9032130871383,947.1270464285717,497.2238333333333,10799.999999991,10799.999999991,0.0,True,False
376880,2025-09-19 17:20:00,481.7071357061848,946.1729357142849,464.4658,10799.999999991,10799.999999991,0.0,True,False
376890,2025-09-19 17:30:00,474.6325618966613,955.4025619047617,480.77,10799.999999991,10799.999999991,0.0,True,False
376900,2025-09-19 17:40:00,458.0458404680904,980.6375071428574,522.5916666666667,10799.999999991,10799.999999991,0.0,True,False
376910,2025-09-19 17:50:00,365.17760296809,893.505919642857,528.3283166666666,10799.999999991,10799.999999991,0.0,True,False
376920,2025-09-19 18:00:00,240.54428570618336,754.5226190476169,513.9783333333332,10799.999999991,10799.999999991,0.0,True,False
376930,2025-09-19 18:10:00,208.33983749189971,753.5280041666666,545.1881666666666,10799.999999991,10799.999999991,0.0,True,False
376940,2025-09-19 18:20:00,233.17275772999474,777.8492744047618,544.6765166666667,10799.999999991,10799.999999991,0.0,True,False
376950,2025-09-19 18:30:00,250.8984523728536,763.8401190476205,512.9416666666666,10799.999999991,10799.999999991,0.0,True,False
376960,2025-09-19 18:40:00,235.4655886823759,764.9156386904762,529.4500499999999,10799.999999991,10799.999999991,0.0,True,False
377160,2025-09-19 22:00:00,155.23089286714298,1444.5192261904763,455.955,6107.793353731967,6857.793353721967,749.99999999,False,True
377170,2025-09-19 22:10:00,182.58717560523803,1447.3878922619047,431.46738333333326,6857.793353721967,7607.793353711967,749.99999999,False,True
377190,2025-09-19 22:30:00,111.35321429571421,1441.2632142857142,496.57666666666665,7769.8931588815385,8519.893158871539,749.99999999,False,True
377200,2025-09-19 22:40:00,97.97961131952376,1438.4276613095237,507.1147166666666,8519.893158871539,9269.893158862538,749.999999991,False,True
377220,2025-09-19 23:00:00,171.70208334333347,1451.3354166666668,446.3,9391.108177603539,10141.108177594539,749.999999991,False,True
377240,2025-09-19 23:20:00,234.25272272787856,1226.1213142895024,431.03863333333334,10295.253037585539,10799.999999991,504.74696240546143,True,False
377250,2025-09-19 23:30:00,1042.5569047538045,1444.9352380952382,402.37833333333333,10799.999999991,10799.999999991,0.0,True,False
377260,2025-09-19 23:40:00,1034.7133726109473,1438.3423892857143,403.62901666666664,10799.999999991,10799.999999991,0.0,True,False
377270,2025-09-19 23:50:00,185.91752380142347,600.7111571428571,414.79363333333333,10799.999999991,10799.999999991,0.0,True,False
377280,2025-09-20 00:00:00,168.85410713475673,601.609107142857,432.755,10799.999999991,10799.999999991,0.0,True,False
377290,2025-09-20 00:10:00,134.47270356332828,603.1077702380952,468.6350666666666,10799.999999991,10799.999999991,0.0,True,False
377300,2025-09-20 00:20:00,136.07667975380448,595.6931464285715,459.61646666666667,10799.999999991,10799.999999991,0.0,True,False
377310,2025-09-20 00:30:00,171.5509523728521,584.2892857142857,412.7383333333333,10799.999999991,10799.999999991,0.0,True,False
377320,2025-09-20 00:40:00,178.94872856332833,584.0235452380953,405.0748166666666,10799.999999991,10799.999999991,0.0,True,False
377330,2025-09-20 00:50:00,150.83248094428072,588.650080952381,437.81759999999997,10799.999999991,10799.999999991,0.0,True,False
377340,2025-09-20 01:00:00,125.88202380142346,591.3403571428571,465.4583333333333,10799.999999991,10799.999999991,0.0,True,False
377350,2025-09-20 01:10:00,148.2426113014234,590.058294642857,441.8156833333333,10799.999999991,10799.999999991,0.0,True,False
377360,2025-09-20 01:20:00,160.12291844428054,582.6284017857142,422.50548333333336,10799.999999991,10799.999999991,0.0,True,False
377370,2025-09-20 01:30:00,144.97369046809015,576.3170238095238,431.3433333333333,10799.999999991,10799.999999991,0.0,True,False
377380,2025-09-20 01:40:00,140.5842946347568,581.1564946428571,440.57219999999995,10799.999999991,10799.999999991,0.0,True,False
377390,2025-09-20 01:50:00,135.03047261094738,581.0833226190477,446.05285000000003,10799.999999991,10799.999999991,0.0,True,False
377400,2025-09-20 02:00:00,131.1861309442805,575.3311309523808,444.145,10799.999999991,10799.999999991,0.0,True,False
377410,2025-09-20 02:10:00,147.84935892047113,579.0980422619048,431.2486833333333,10799.999999991,10799.999999991,0.0,True,False
377420,2025-09-20 02:20:00,156.85779344428065,584.0717601190477,427.2139666666667,10799.999999991,10799.999999991,0.0,True,False
377430,2025-09-20 02:30:00,145.06540255727006,583.2754025653704,438.21000000000004,10799.999999991,10799.999999991,0.0,True,False
377440,2025-09-20 02:40:00,131.95235951570916,579.0077095238095,447.05535,10799.999999991,10799.999999991,0.0,True,False
377450,2025-09-20 02:50:00,151.91553808713778,576.4678047619047,424.55226666666664,10799.999999991,10799.999999991,0.0,True,False
377460,2025-09-20 03:00:00,172.01553570618532,577.7705357142856,405.755,10799.999999991,10799.999999991,0.0,True,False
378240,2025-09-20 16:00:00,40.49407613347589,671.5090761904761,631.015,10799.999999936666,10799.999999936666,0.0,True,False
378250,2025-09-20 16:10:00,62.56464696680914,666.3948803571428,603.8302333333334,10799.999999936666,10799.999999936666,0.0,True,False
378260,2025-09-20 16:20:00,67.78402613347563,665.7913428571426,598.0073166666666,10799.999999936666,10799.999999936666,0.0,True,False
378270,2025-09-20 16:30:00,42.802349942999605,673.6740166666666,630.8716666666667,10799.999999936666,10799.999999936666,0.0,True,False
378280,2025-09-20 16:40:00,7.747450538238104,673.7564339285716,666.0089833333333,10799.999999936666,10799.999999936666,0.0,True,False
378290,2025-09-20 16:50:00,49.16085946680935,660.4237928571429,611.2629333333333,10799.999999936666,10799.999999936666,0.0,True,False
378300,2025-09-20 17:00:00,436.7691523239523,949.7874857142858,513.0183333333333,10799.999999936666,10799.999999936666,0.0,True,False
378310,2025-09-20 17:10:00,431.87028446680944,944.5906845238095,512.7203999999999,10799.999999936666,10799.999999936666,0.0,True,False
378320,2025-09-20 17:20:00,413.6752761334759,941.4179428571426,527.7426666666667,10799.999999936666,10799.999999936666,0.0,True,False
378330,2025-09-20 17:30:00,444.744509466809,951.6278428571426,506.8833333333333,10799.999999936666,10799.999999936666,0.0,True,False
378340,2025-09-20 17:40:00,489.50322137157104,978.3891047619046,488.88588333333337,10799.999999936666,10799.999999936666,0.0,True,False
378350,2025-09-20 17:50:00,378.21351720490446,891.348250595238,513.1347333333333,10799.999999936666,10799.999999936666,0.0,True,False
378360,2025-09-20 18:00:00,191.8916070858568,748.9749404761903,557.0833333333333,10799.999999936666,10799.999999936666,0.0,True,False
378370,2025-09-20 18:10:00,192.16182732395222,748.037494047619,555.8756666666666,10799.999999936666,10799.999999936666,0.0,True,False
378380,2025-09-20 18:20:00,252.26923744299984,772.3837541666667,520.1145166666666,10799.999999936666,10799.999999936666,0.0,True,False
378390,2025-09-20 18:30:00,272.90690470490455,758.510238095238,485.6033333333333,10799.999999936666,10799.999999936666,0.0,True,False
378400,2025-09-20 18:40:00,275.89139756204725,760.7181309523808,484.8267333333333,10799.999999936666,10799.999999936666,0.0,True,False
378600,2025-09-20 22:00:00,127.48678572428592,1440.3017857142859,479.4816666666666,6018.1821731419195,6768.18217313192,749.99999999,False,True
378610,2025-09-20 22:10:00,149.56687977190484,1440.7766130952382,457.8764,6768.18217313192,7518.18217312192,749.99999999,False,True
378630,2025-09-20 22:30:00,138.48035715285744,1435.467023809524,463.6533333333333,7674.0594275772055,8424.059427567205,749.99999999,False,True
378640,2025-09-20 22:40:00,151.60800358142853,1435.0176869047618,450.07634999999993,8424.059427567205,9174.059427557204,749.99999999,False,True
378660,2025-09-20 23:00:00,199.85089286714287,1447.5075595238095,414.3233333333333,9341.315707726775,10091.315707717775,749.999999991,False,True
378680,2025-09-20 23:20:00,303.0173333474978,1317.7057533436205,414.42758333333336,10259.76524699449,10799.999999991,540.2347529965103,True,False
378690,2025-09-20 23:30:00,1050.564047610947,1439.0757142857142,388.51166666666666,10799.999999991,10799.999999991,0.0,True,False
378700,2025-09-20 23:40:00,1026.6086976109473,1432.3197976190477,405.7111,10799.999999991,10799.999999991,0.0,True,False
378710,2025-09-20 23:50:00,94.08578094428069,595.2955976190476,501.2098166666666,10799.999999991,10799.999999991,0.0,True,False
378730,2025-09-21 00:10:00,23.265216282187005,599.1828916666666,574.64585,10798.855357144968,10799.999999991,1.1446428460316318,True,False
378740,2025-09-21 00:20:00,46.950364277613836,590.5078309523808,543.5574666666666,10799.999999991,10799.999999991,0.0,True,False
378750,2025-09-21 00:30:00,9.742440468090171,577.3207738095238,567.5783333333333,10799.999999991,10799.999999991,0.0,True,False
378800,2025-09-21 01:20:00,4.223176658131268,578.3303541666667,557.6459666666666,10785.184910233318,10799.999999991,14.815089757681921,True,False
380050,2025-09-21 22:10:00,12.149614295714393,1438.488530952381,593.0055833333333,1949.4529285735398,2699.45292856354,749.99999999,False,True
380070,2025-09-21 22:30:00,21.136250010000133,1430.1079166666668,575.6383333333333,2711.8982458759683,3461.8982458659684,749.99999999,False,True
380080,2025-09-21 22:40:00,17.726588700476206,1429.7933886904761,578.7334666666666,3461.8982458659684,4211.8982458559685,749.99999999,False,True
380120,2025-09-21 23:20:00,36.207426325288786,1427.4613929819554,557.9206333333333,4962.22564132527,5712.2256413162695,749.999999991,False,True
380130,2025-09-21 23:30:00,20.39083334333349,1432.6358333333335,578.9116666666666,5712.2256413162695,6462.22564130627,749.99999999,False,True
380140,2025-09-21 23:40:00,6.467479176666521,1426.0536458333331,586.2528333333332,6462.22564130627,7212.22564129627,749.99999999,False,True
381490,2025-09-22 22:10:00,42.50774346238085,1434.3393767857142,558.4983,1919.1141428592541,2669.114142849254,749.99999999,False,True
381510,2025-09-22 22:30:00,23.01607143857165,1422.9177380952383,566.5683333333333,2723.71535355454,3473.71535354454,749.99999999,False,True
381520,2025-09-22 22:40:00,18.33220834333337,1423.5941583333333,571.9286166666666,3473.71535354454,4223.71535353454,749.99999999,False,True
382930,2025-09-23 22:10:00,41.717896438571636,1428.4927964285716,553.4415666666666,1909.1988750021108,2659.1988749921106,749.99999999,False,True
382980,2025-09-23 23:00:00,30.544761914761914,1433.2280952380952,569.3499999999999,4224.622101661612,4974.622101651612,749.99999999,False,True
383000,2025-09-23 23:20:00,13.86092262904753,1423.6958226190475,576.5015666666666,5000.653427892612,5750.653427882612,749.99999999,False,True
384390,2025-09-24 22:30:00,22.442083343333472,1416.8287500000001,561.0533333333333,2712.82413480554,3462.82413479554,749.99999999,False,True
384420,2025-09-24 23:00:00,3.522797629047651,1427.8644642857143,591.0083333333333,4293.924176498802,5043.924176488802,749.99999999,False,True
384450,2025-09-24 23:30:00,19.08970239095253,1418.5563690476192,566.1333333333333,5771.618908521336,6521.6189085113365,749.99999999,False,True
385810,2025-09-25 22:10:00,29.637327390952343,1415.222644047619,552.2519833333333,1937.7089464306828,2687.708946420683,749.99999999,False,True
385930,2025-09-26 00:10:00,170.2875113195239,1406.5066779761905,402.8858333333333,7197.604451045068,7947.604451035068,749.99999999,False,True
385940,2025-09-26 00:20:00,148.41305179571418,1400.416318452381,418.66993333333335,7947.604451035068,8697.604451025069,749.99999999,False,True
385950,2025-09-26 00:30:00,105.40035715285704,1388.1236904761904,449.39,8697.604451025069,9447.604451016068,749.999999991,False,True
386040,2025-09-26 02:00:00,39.468370397776724,557.6291071428573,466.84,10753.811336920427,10799.999999991,46.18866307057251,True,False
386050,2025-09-26 02:10:00,103.5283410633281,557.9363244047618,454.40798333333333,10799.999999991,10799.999999991,0.0,True,False
386060,2025-09-26 02:20:00,131.37401308713785,559.6879630952382,428.31395,10799.999999991,10799.999999991,0.0,True,False
386070,2025-09-26 02:30:00,136.2424404680901,559.4707738095237,423.2283333333333,10799.999999991,10799.999999991,0.0,True,False
386080,2025-09-26 02:40:00,124.09085713475682,555.3620571428571,431.27119999999996,10799.999999991,10799.999999991,0.0,True,False
386090,2025-09-26 02:50:00,103.29724344428061,554.187993452381,450.89075,10799.999999991,10799.999999991,0.0,True,False
386100,2025-09-26 03:00:00,101.84005951570916,557.8667261904761,456.02666666666664,10799.999999991,10799.999999991,0.0,True,False
386110,2025-09-26 03:10:00,140.70169522999484,561.6238119047619,420.9221166666667,10799.999999991,10799.999999991,0.0,True,False
386120,2025-09-26 03:20:00,140.13513868237575,562.4267553571427,422.29161666666664,10799.999999991,10799.999999991,0.0,True,False
386130,2025-09-26 03:30:00,112.26267856332831,559.9660119047619,447.70333333333326,10799.999999991,10799.999999991,0.0,True,False
386140,2025-09-26 03:40:00,144.45259463475688,556.8073946428572,412.35479999999995,10799.999999991,10799.999999991,0.0,True,False
386150,2025-09-26 03:50:00,159.79272261094727,557.9314059523809,398.13868333333335,10799.999999991,10799.999999991,0.0,True,False
386160,2025-09-26 04:00:00,125.43547618237582,563.2304761904761,437.79499999999996,10799.999999991,10799.999999991,0.0,True,False
386170,2025-09-26 04:10:00,94.06854046809019,567.9347071428572,473.8661666666667,10799.999999991,10799.999999991,0.0,True,False
386180,2025-09-26 04:20:00,111.43056427761385,571.2265142857142,459.79595,10799.999999991,10799.999999991,0.0,True,False
386190,2025-09-26 04:30:00,143.29077380142334,571.7874404761903,428.49666666666667,10799.999999991,10799.999999991,0.0,True,False
386200,2025-09-26 04:40:00,114.38079999189952,568.5507499999999,454.16995,10799.999999991,10799.999999991,0.0,True,False
386210,2025-09-26 04:50:00,91.15632261094734,567.320255952381,476.1639333333333,10799.999999991,10799.999999991,0.0,True,False
386220,2025-09-26 05:00:00,102.30101189666155,567.8710119047619,465.57,10799.999999991,10799.999999991,0.0,True,False
386230,2025-09-26 05:10:00,111.41406368237578,565.8852136904761,454.47114999999997,10799.999999991,10799.999999991,0.0,True,False
386240,2025-09-26 05:20:00,117.27973511094737,570.639768452381,453.36003333333326,10799.999999991,10799.999999991,0.0,True,False
386250,2025-09-26 05:30:00,112.67577380142339,570.1507738095237,457.47499999999997,10799.999999991,10799.999999991,0.0,True,False
386260,2025-09-26 05:40:00,932.6070196347569,1386.8623029761904,454.2552833333333,10799.999999991,10799.999999991,0.0,True,False
386880,2025-09-26 16:00:00,113.29994517772195,689.0246785714287,571.5083333333333,10796.205239936664,10799.999999991,3.794760054336075,True,False
386890,2025-09-26 16:10:00,73.67743570618549,681.9241190476191,608.2466833333333,10799.999999991,10799.999999991,0.0,True,False
386900,2025-09-26 16:20:00,53.05486427761392,680.3228142857142,627.2679499999999,10799.999999991,10799.999999991,0.0,True,False
386910,2025-09-26 16:30:00,75.50277380142333,689.821107142857,614.3183333333333,10799.999999991,10799.999999991,0.0,True,False
386920,2025-09-26 16:40:00,84.34080296808995,688.661419642857,604.3206166666666,10799.999999991,10799.999999991,0.0,True,False
386930,2025-09-26 16:50:00,102.45429522999493,674.3737952380952,571.9195,10799.999999991,10799.999999991,0.0,True,False
386940,2025-09-26 17:00:00,410.57642856332814,923.7047619047618,513.1283333333333,10799.999999991,10799.999999991,0.0,True,False
386950,2025-09-26 17:10:00,455.9352785633282,918.5937119047618,462.65843333333333,10799.999999991,10799.999999991,0.0,True,False
386960,2025-09-26 17:20:00,456.1544279680903,915.0254779761905,458.87104999999997,10799.999999991,10799.999999991,0.0,True,False
386970,2025-09-26 17:30:00,441.2377976109474,923.911130952381,482.6733333333333,10799.999999991,10799.999999991,0.0,True,False
386980,2025-09-26 17:40:00,473.4507374918995,947.8940374999999,474.44329999999997,10799.999999991,10799.999999991,0.0,True,False
386990,2025-09-26 17:50:00,415.08360475380425,860.1917880952379,445.10818333333333,10799.999999991,10799.999999991,0.0,True,False
387000,2025-09-26 18:00:00,276.12904761094734,718.9357142857143,442.8066666666667,10799.999999991,10799.999999991,0.0,True,False
387010,2025-09-26 18:10:00,220.4464243966615,719.5290077380952,499.08258333333333,10799.999999991,10799.999999991,0.0,True,False
387020,2025-09-26 18:20:00,232.82939761094718,742.3652309523809,509.53583333333336,10799.999999991,10799.999999991,0.0,True,False
387030,2025-09-26 18:30:00,250.29767856332828,726.5543452380953,476.25666666666666,10799.999999991,10799.999999991,0.0,True,False
387040,2025-09-26 18:40:00,230.58883630142336,731.247869642857,500.65903333333335,10799.999999991,10799.999999991,0.0,True,False
387240,2025-09-26 22:00:00,89.01744048619058,1411.4841071428573,489.1333333333333,5417.19629766054,6167.19629765054,749.99999999,False,True
387250,2025-09-26 22:10:00,134.97198453380952,1407.8022845238095,439.49696666666665,6167.19629765054,6917.19629764054,749.99999999,False,True
387270,2025-09-26 22:30:00,111.67839286714307,1405.4617261904764,460.44999999999993,7049.996051024397,7799.996051014397,749.99999999,False,True
387280,2025-09-26 22:40:00,122.18881905761906,1406.1877357142857,450.6655833333333,7799.996051014397,8549.996051004397,749.99999999,False,True
387300,2025-09-26 23:00:00,140.80005953380942,1417.7750595238094,443.64166666666665,8956.284691727842,9706.284691717841,749.99999999,False,True
387320,2025-09-26 23:20:00,154.6934839385715,1409.688500595238,421.6616833333333,9843.584694744555,10593.584694735555,749.999999991,False,True
387330,2025-09-26 23:30:00,740.7245417807751,1407.8765476190474,437.8016666666666,10593.584694735555,10799.99999999,206.41530525444512,True,False
387340,2025-09-26 23:40:00,946.6752720148089,1403.237155357143,456.5618833333333,10799.99999999,10799.99999999,0.0,True,False
387350,2025-09-26 23:50:00,116.90791070528488,565.9690107142856,449.06109999999995,10799.99999999,10799.99999999,0.0,True,False
387360,2025-09-27 00:00:00,142.5305357052849,565.7705357142856,423.24,10799.99999999,10799.99999999,0.0,True,False
387370,2025-09-27 00:10:00,152.97148213385637,567.5147654761904,414.5432833333333,10799.99999999,10799.99999999,0.0,True,False
387380,2025-09-27 00:20:00,147.49812141957065,561.5005380952381,414.0024166666667,10799.99999999,10799.99999999,0.0,True,False
387390,2025-09-27 00:30:00,127.04672618147535,552.1417261904761,425.095,10799.99999999,10799.99999999,0.0,True,False
387400,2025-09-27 00:40:00,97.13946963385635,554.0697696428571,456.9303,10799.99999999,10799.99999999,0.0,True,False
387410,2025-09-27 00:50:00,109.13838570528495,558.8037523809523,449.66536666666667,10799.99999999,10799.99999999,0.0,True,False
387420,2025-09-27 01:00:00,131.3148809433803,557.994880952381,426.67999999999995,10799.99999999,10799.99999999,0.0,True,False
387430,2025-09-27 01:10:00,84.9288583243326,551.5425749999999,466.6137166666666,10799.99999999,10799.99999999,0.0,True,False
387440,2025-09-27 01:20:00,75.92908808623721,547.6840880952379,471.755,10799.99999999,10799.99999999,0.0,True,False
387450,2025-09-27 01:30:00,125.17178570528492,549.665119047619,424.49333333333334,10799.99999999,10799.99999999,0.0,True,False
387460,2025-09-27 01:40:00,143.85627677671349,553.7283267857142,409.87205,10799.99999999,10799.99999999,0.0,True,False
387470,2025-09-27 01:50:00,133.7822017767136,556.2453017857143,422.4631,10799.99999999,10799.99999999,0.0,True,False
387480,2025-09-27 02:00:00,121.06482141957073,556.0764880952381,435.01166666666666,10799.99999999,10799.99999999,0.0,True,False
387490,2025-09-27 02:10:00,122.14213451480882,554.8904345238095,432.7483,10799.99999999,10799.99999999,0.0,True,False
387500,2025-09-27 02:20:00,115.57809701480889,555.8216803571429,440.2435833333333,10799.99999999,10799.99999999,0.0,True,False
387510,2025-09-27 02:30:00,108.71339284814215,556.7017261904762,447.9883333333333,10799.99999999,10799.99999999,0.0,True,False
387520,2025-09-27 02:40:00,129.87390475290394,552.8651547619047,422.99125000000004,10799.99999999,10799.99999999,0.0,True,False
387530,2025-09-27 02:50:00,139.8000779671897,551.8589446428571,412.05886666666663,10799.99999999,10799.99999999,0.0,True,False
387540,2025-09-27 03:00:00,115.2161309433802,555.8494642857142,440.6333333333333,10799.99999999,10799.99999999,0.0,True,False
388320,2025-09-27 16:00:00,72.96281666666681,707.5828166666666,634.6199999999999,10800.0,10800.0,0.0,True,False
388330,2025-09-27 16:10:00,59.31978035714269,702.2238803571428,642.9041,10800.0,10800.0,0.0,True,False
388340,2025-09-27 16:20:00,63.0336934523811,700.163043452381,637.1293499999999,10800.0,10800.0,0.0,True,False
388350,2025-09-27 16:30:00,55.88847142857139,707.9001380952382,652.0116666666667,10800.0,10800.0,0.0,True,False
388360,2025-09-27 16:40:00,64.3627803571427,707.9584803571427,643.5957,10800.0,10800.0,0.0,True,False
388370,2025-09-27 16:50:00,108.98811785714264,694.202101190476,585.2139833333333,10800.0,10800.0,0.0,True,False
388380,2025-09-27 17:00:00,405.0508928571427,918.2508928571426,513.1999999999999,10800.0,10800.0,0.0,True,False
388390,2025-09-27 17:10:00,420.8358273809523,912.3513940476189,491.5155666666667,10800.0,10800.0,0.0,True,False
388400,2025-09-27 17:20:00,441.8260208333332,909.6314041666666,467.80538333333334,10800.0,10800.0,0.0,True,False
388410,2025-09-27 17:30:00,462.25488095238086,919.2982142857143,457.04333333333335,10800.0,10800.0,0.0,True,False
388420,2025-09-27 17:40:00,419.91527023809516,941.5344869047618,521.6192166666666,10800.0,10800.0,0.0,True,False
388430,2025-09-27 17:50:00,319.4337541666667,852.6650875,533.2313333333333,10800.0,10800.0,0.0,True,False
388440,2025-09-27 18:00:00,219.70291666666662,712.3895833333332,492.6866666666666,10800.0,10800.0,0.0,True,False
388450,2025-09-27 18:10:00,188.09915714285705,714.5450904761904,526.4459333333333,10800.0,10800.0,0.0,True,False
388460,2025-09-27 18:20:00,181.09353273809518,737.3578994047618,556.2643666666667,10800.0,10800.0,0.0,True,False
388470,2025-09-27 18:30:00,176.89916666666625,720.2924999999996,543.3933333333333,10800.0,10800.0,0.0,True,False
388480,2025-09-27 18:40:00,191.4854863095237,724.8692529761903,533.3837666666666,10800.0,10800.0,0.0,True,False
388680,2025-09-27 22:00:00,143.6751190576191,1407.4017857142858,430.3933333333333,5148.203699316367,5898.2036993063675,749.99999999,False,True
388690,2025-09-27 22:10:00,148.67077203380938,1401.4699553571427,419.46584999999993,5898.2036993063675,6648.203699296368,749.99999999,False,True
388710,2025-09-27 22:30:00,167.7973809623811,1401.2107142857144,400.08,6802.697193573082,7552.697193563082,749.99999999,False,True
388720,2025-09-27 22:40:00,108.18225774809524,1401.0554077380953,459.53981666666664,7552.697193563082,8302.697193553082,749.99999999,False,True
388740,2025-09-27 23:00:00,165.6475595338096,1412.6242261904763,413.6433333333333,8722.068877555426,9472.068877545425,749.99999999,False,True
388760,2025-09-27 23:20:00,90.05522262904763,1404.039055952381,480.65049999999997,9584.224419143568,10334.224419133567,749.99999999,False,True
388770,2025-09-27 23:30:00,421.8652077774549,1402.9102976190475,463.51666666666665,10334.224419133567,10799.999999991,465.77558085743334,True,False
388780,2025-09-27 23:40:00,938.7686678490425,1398.558801190476,459.7901333333333,10799.999999991,10799.999999991,0.0,True,False
388790,2025-09-27 23:50:00,44.35030892047096,561.6586255952379,517.3083166666667,10799.999999991,10799.999999991,0.0,True,False
390160,2025-09-28 22:40:00,11.009819057618977,1395.210469047619,550.8673166666666,3266.537858804747,4016.537858794747,749.99999999,False,True
391560,2025-09-29 22:00:00,20.334821438571332,1399.2398214285713,545.5716666666666,1200.000000011111,1950.000000001111,749.99999999,False,True
391570,2025-09-29 22:10:00,23.63699822428577,1393.4103982142858,536.4400666666667,1950.000000001111,2699.999999991111,749.99999999,False,True
394440,2025-10-01 22:00:00,44.10982143857131,1396.6348214285713,519.1916666666666,1509.3434127443988,2259.343412734399,749.99999999,False,True
394450,2025-10-01 22:10:00,29.36174703380936,1387.9138803571427,525.2188,2259.343412734399,3009.343412724399,749.99999999,False,True
394480,2025-10-01 22:40:00,23.557048819523736,1388.2913488095237,531.4009666666666,3753.5040027063988,4503.504002696399,749.99999999,False,True
394490,2025-10-01 22:50:00,9.028580292150757,1383.4857469488175,541.1238333333333,4503.504002696399,5253.5040026873985,749.999999991,False,True
394520,2025-10-01 23:20:00,16.986198224285765,1394.0217148809525,543.7021833333333,6008.580572133684,6758.580572123684,749.99999999,False,True
395880,2025-10-02 22:00:00,12.495654771904576,1393.328988095238,547.5,1382.988327519527,2132.988327509527,749.99999999,False,True
395920,2025-10-02 22:40:00,2.7256625099999985,1385.3453625,549.2863666666666,3608.0382621587232,4358.038262148723,749.99999999,False,True
395930,2025-10-02 22:50:00,7.527790490858698,1393.3182571475254,552.4571333333333,4358.038262148723,5108.038262139723,749.999999991,False,True
395940,2025-10-02 23:00:00,6.613809533809664,1396.6888095238096,556.7416666666666,5108.038262139723,5858.038262129723,749.99999999,False,True
395960,2025-10-02 23:20:00,3.697740486190347,1391.235307142857,554.2042333333333,5850.391056453003,6600.391056443003,749.99999999,False,True
395970,2025-10-02 23:30:00,16.506904771904594,1389.5719047619045,539.7316666666666,6600.391056443003,7350.3910564330035,749.99999999,False,True
396230,2025-10-03 03:50:00,95.31055095539676,553.512519047619,435.7851333333333,10779.824848708,10799.999999991,20.17515128300002,True,False
396240,2025-10-03 04:00:00,89.66267856332811,558.3443452380951,468.6816666666667,10799.999999991,10799.999999991,0.0,True,False
396960,2025-10-03 16:00:00,131.31286189576164,686.8945285714289,555.5816666666666,10799.99999999,10799.99999999,0.0,True,False
396970,2025-10-03 16:10:00,144.6725464195707,684.4031964285714,539.73065,10799.99999999,10799.99999999,0.0,True,False
396980,2025-10-03 16:20:00,125.91201487195175,682.1671982142858,556.2551833333333,10799.99999999,10799.99999999,0.0,True,False
396990,2025-10-03 16:30:00,99.32101665766575,688.7926833333331,589.4716666666666,10799.99999999,10799.99999999,0.0,True,False
397000,2025-10-03 16:40:00,109.46341249099922,686.8301291666666,577.3667166666667,10799.99999999,10799.99999999,0.0,True,False
397010,2025-10-03 16:50:00,154.13892677671325,672.7344434523807,518.5955166666666,10799.99999999,10799.99999999,0.0,True,False
397020,2025-10-03 17:00:00,450.2659523719519,905.2609523809526,454.99499999999995,10799.99999999,10799.99999999,0.0,True,False
397030,2025-10-03 17:10:00,463.61201844338046,901.1204851190478,437.50846666666666,10799.99999999,10799.99999999,0.0,True,False
397040,2025-10-03 17:20:00,452.55272380052304,897.1740404761904,444.62131666666664,10799.99999999,10799.99999999,0.0,True,False
397050,2025-10-03 17:30:00,457.4023809433802,904.8340476190476,447.4316666666667,10799.99999999,10799.99999999,0.0,True,False
397060,2025-10-03 17:40:00,493.33023808623733,929.195238095238,435.865,10799.99999999,10799.99999999,0.0,True,False
397070,2025-10-03 17:50:00,411.80861725290407,841.7703172619047,429.96169999999995,10799.99999999,10799.99999999,0.0,True,False
397080,2025-10-03 18:00:00,264.2916071338565,696.8066071428572,432.515,10799.99999999,10799.99999999,0.0,True,False
397090,2025-10-03 18:10:00,218.80078213385548,647.2487154761895,428.44793333333337,10799.99999999,10799.99999999,0.0,True,False
397100,2025-10-03 18:20:00,285.37406784814203,714.5416011904761,429.1675333333333,10799.99999999,10799.99999999,0.0,True,False
397110,2025-10-03 18:30:00,270.2216666576659,708.3066666666666,438.08500000000004,10799.99999999,10799.99999999,0.0,True,False
397120,2025-10-03 18:40:00,263.5289791576658,710.0092291666665,446.48024999999996,10799.99999999,10799.99999999,0.0,True,False
397320,2025-10-03 22:00:00,217.89200947123368,1391.845342794567,340.62,6447.629676965095,7197.629676956095,749.999999991,False,True
397330,2025-10-03 22:10:00,183.027374414762,1381.4491077380953,365.0884,7197.629676956095,7947.629676946095,749.99999999,False,True
397350,2025-10-03 22:30:00,172.75071429571426,1383.3257142857142,377.2416666666666,8101.267131937095,8851.267131927094,749.99999999,False,True
397360,2025-10-03 22:40:00,164.1096642957142,1385.4457642857142,388.0027666666666,8851.267131927094,9601.267131918094,749.999999991,False,True
397370,2025-10-03 22:50:00,160.6807407324285,1392.0467407224285,398.0326666666666,9601.267131918094,10351.267131909093,749.999999991,False,True
397380,2025-10-03 23:00:00,500.67476959153214,1393.5718452380952,394.30499999999995,10351.267131909093,10799.999999991,448.73286808190676,True,False
397390,2025-10-03 23:10:00,161.60048034904239,557.9979803571428,396.39750000000004,10799.999999991,10799.999999991,0.0,True,False
397400,2025-10-03 23:20:00,975.1234113014234,1388.4070613095237,413.28364999999997,10799.999999991,10799.999999991,0.0,True,False
397410,2025-10-03 23:30:00,953.7780357061854,1386.3097023809523,432.53166666666664,10799.999999991,10799.999999991,0.0,True,False
397420,2025-10-03 23:40:00,954.258639277614,1385.4203059523809,431.16166666666663,10799.999999991,10799.999999991,0.0,True,False
397430,2025-10-03 23:50:00,136.9263636823758,554.3703970238095,417.4440333333333,10799.999999991,10799.999999991,0.0,True,False
397440,2025-10-04 00:00:00,149.5238095157092,556.4338095238095,406.90999999999997,10799.999999991,10799.999999991,0.0,True,False
397450,2025-10-04 00:10:00,141.77465356332826,551.5695202380953,409.7948666666667,10799.999999991,10799.999999991,0.0,True,False
397460,2025-10-04 00:20:00,124.7066630871378,542.9774630952381,418.2708,10799.999999991,10799.999999991,0.0,True,False
397470,2025-10-04 00:30:00,115.85869046809003,538.280357142857,422.4216666666667,10799.999999991,10799.999999991,0.0,True,False
397480,2025-10-04 00:40:00,123.58899880142357,542.9680154761905,419.37901666666664,10799.999999991,10799.999999991,0.0,True,False
397490,2025-10-04 00:50:00,123.25071189666156,546.8928619047618,423.64214999999996,10799.999999991,10799.999999991,0.0,True,False
397500,2025-10-04 01:00:00,117.67029761094724,545.6236309523808,427.95333333333326,10799.999999991,10799.999999991,0.0,True,False
397510,2025-10-04 01:10:00,131.63491963475687,543.2382863095238,411.6033666666666,10799.999999991,10799.999999991,0.0,True,False
397520,2025-10-04 01:20:00,136.3693434442806,539.4839934523809,403.11465,10799.999999991,10799.999999991,0.0,True,False
397530,2025-10-04 01:30:00,122.75761903951869,537.8709523809523,415.1133333333333,10799.999999991,10799.999999991,0.0,True,False
397540,2025-10-04 01:40:00,113.42392677761413,543.2485601190477,429.8246333333333,10799.999999991,10799.999999991,0.0,True,False
397550,2025-10-04 01:50:00,123.25421665856649,546.4802333333334,423.2260166666666,10799.999999991,10799.999999991,0.0,True,False
397560,2025-10-04 02:00:00,143.7039880871378,545.4389880952381,401.73499999999996,10799.999999991,10799.999999991,0.0,True,False
397570,2025-10-04 02:10:00,149.22155177761405,546.764018452381,397.54246666666666,10799.999999991,10799.999999991,0.0,True,False
397580,2025-10-04 02:20:00,131.59930058713778,549.8523505952381,418.25305000000003,10799.999999991,10799.999999991,0.0,True,False
397590,2025-10-04 02:30:00,106.75761903951869,550.6992857142857,443.94166666666666,10799.999999991,10799.999999991,0.0,True,False
397600,2025-10-04 02:40:00,102.41248570618538,546.5935023809524,444.18101666666666,10799.999999991,10799.999999991,0.0,True,False
397610,2025-10-04 02:50:00,114.84192261094731,545.5496892857143,430.70776666666666,10799.999999991,10799.999999991,0.0,True,False
397620,2025-10-04 03:00:00,123.56797618237582,550.3646428571428,426.7966666666667,10799.999999991,10799.999999991,0.0,True,False
397630,2025-10-04 03:10:00,112.7349422538044,555.9965589285714,443.26161666666667,10799.999999991,10799.999999991,0.0,True,False
397640,2025-10-04 03:20:00,117.48114284904258,557.8856595238095,440.4045166666666,10799.999999991,10799.999999991,0.0,True,False
397650,2025-10-04 03:30:00,135.26821427761385,555.6365476190475,420.36833333333334,10799.999999991,10799.999999991,0.0,True,False
397660,2025-10-04 03:40:00,127.3938618966616,553.0282952380952,425.6344333333333,10799.999999991,10799.999999991,0.0,True,False
397670,2025-10-04 03:50:00,112.06683094428055,554.4749809523809,442.40815,10799.999999991,10799.999999991,0.0,True,False
397680,2025-10-04 04:00:00,110.5341071347568,559.1524404761905,448.61833333333334,10799.999999991,10799.999999991,0.0,True,False
397690,2025-10-04 04:10:00,121.77007261094721,562.3487226190475,440.57865,10799.999999991,10799.999999991,0.0,True,False
397700,2025-10-04 04:20:00,105.69549999189974,565.0639333333334,459.3684333333333,10799.999999991,10799.999999991,0.0,True,False
397710,2025-10-04 04:30:00,82.17267856332839,566.356011904762,484.1833333333333,10799.999999991,10799.999999991,0.0,True,False
397720,2025-10-04 04:40:00,107.39371844428055,563.9594517857142,456.56573333333336,10799.999999991,10799.999999991,0.0,True,False
397730,2025-10-04 04:50:00,108.92698213475668,563.6495988095237,454.7226166666667,10799.999999991,10799.999999991,0.0,True,False
397740,2025-10-04 05:00:00,80.62178570618536,564.5717857142856,483.94999999999993,10799.999999991,10799.999999991,0.0,True,False
397750,2025-10-04 05:10:00,89.72975772999493,561.6269077380953,471.89715,10799.999999991,10799.999999991,0.0,True,False
397760,2025-10-04 05:20:00,102.30318987285213,566.2265232142857,463.9233333333333,10799.999999991,10799.999999991,0.0,True,False
397770,2025-10-04 05:30:00,103.45315475380445,566.1764880952381,462.72333333333336,10799.999999991,10799.999999991,0.0,True,False
397780,2025-10-04 05:40:00,119.28407261094733,548.599755952381,429.3156833333333,10799.999999991,10799.999999991,0.0,True,False
398400,2025-10-04 16:00:00,141.47204522909473,684.0153785714286,542.5433333333333,10799.99999999,10799.99999999,0.0,True,False
398410,2025-10-04 16:10:00,115.24504463385628,681.1753279761903,565.9302833333334,10799.99999999,10799.99999999,0.0,True,False
398420,2025-10-04 16:20:00,129.7774934433804,679.339393452381,549.5618999999999,10799.99999999,10799.99999999,0.0,True,False
398430,2025-10-04 16:30:00,166.2808547529041,686.8208547619047,520.54,10799.99999999,10799.99999999,0.0,True,False
398440,2025-10-04 16:40:00,105.9799107052851,684.5399273809525,578.5600166666666,10799.99999999,10799.99999999,0.0,True,False
398450,2025-10-04 16:50:00,125.34973391957041,669.5943839285711,544.24465,10799.99999999,10799.99999999,0.0,True,False
398460,2025-10-04 17:00:00,471.9343452290947,902.8293452380954,430.895,10799.99999999,10799.99999999,0.0,True,False
398470,2025-10-04 17:10:00,461.1068148719518,899.5640482142858,438.4572333333333,10799.99999999,10799.99999999,0.0,True,False
398480,2025-10-04 17:20:00,433.58378570528487,896.2559357142856,462.67215,10799.99999999,10799.99999999,0.0,True,False
398490,2025-10-04 17:30:00,460.74607141957085,903.5977380952382,442.8516666666667,10799.99999999,10799.99999999,0.0,True,False
398500,2025-10-04 17:40:00,498.2664565386183,927.119956547619,428.8535,10799.99999999,10799.99999999,0.0,True,False
398510,2025-10-04 17:50:00,415.7973089195707,838.8940922619047,423.0967833333333,10799.99999999,10799.99999999,0.0,True,False
398520,2025-10-04 18:00:00,267.80113094338026,693.386130952381,425.58500000000004,10799.99999999,10799.99999999,0.0,True,False
398530,2025-10-04 18:10:00,158.43740832433156,599.9621083333323,441.5247,10799.99999999,10799.99999999,0.0,True,False
398540,2025-10-04 18:20:00,256.5395809433803,711.246130952381,454.70655,10799.99999999,10799.99999999,0.0,True,False
398550,2025-10-04 18:30:00,241.354047610047,706.0407142857143,464.6866666666666,10799.99999999,10799.99999999,0.0,True,False
398560,2025-10-04 18:40:00,228.9073886814754,708.4356553571429,479.5282666666667,10799.99999999,10799.99999999,0.0,True,False
398760,2025-10-04 22:00:00,193.09404762904728,1387.0640476190474,360.63666666666666,6312.080945053719,7062.080945044719,749.999999991,False,True
398770,2025-10-04 22:10:00,157.69462858142867,1377.7309285714286,386.7029666666666,7062.080945044719,7812.080945034719,749.99999999,False,True
398790,2025-10-04 22:30:00,166.39458334333335,1379.0579166666666,379.33,7951.34079020429,8701.34079019529,749.999999991,False,True
398800,2025-10-04 22:40:00,151.37981191476183,1383.0966285714285,398.38348333333334,8701.34079019529,9451.34079018629,749.999999991,False,True
398810,2025-10-04 22:50:00,152.75371575307793,1391.1672490764113,405.0802,9451.34079018629,10201.34079017729,749.999999991,False,True
398820,2025-10-04 23:00:00,332.36649306413153,1392.0183928571428,394.47499999999997,10201.34079017729,10799.999999991,598.6592098137102,True,False
398830,2025-10-04 23:10:00,136.38540832523287,555.1476416666666,418.76223333333337,10799.999999991,10799.999999991,0.0,True,False
398840,2025-10-04 23:20:00,967.9035702299949,1386.0939035714284,418.1903333333333,10799.999999991,10799.999999991,0.0,True,False
398850,2025-10-04 23:30:00,992.6998809442807,1385.649880952381,392.94999999999993,10799.999999991,10799.999999991,0.0,True,False
398860,2025-10-04 23:40:00,968.8080333252332,1384.4734166666667,415.6653833333333,10799.999999991,10799.999999991,0.0,True,False
398870,2025-10-04 23:50:00,60.68130415856624,552.2142208333332,491.53291666666667,10799.999999991,10799.999999991,0.0,True,False
400200,2025-10-05 22:00:00,4.913928581428528,1383.9605952380953,545.7133333333334,1206.4321858949684,1956.4321858849685,749.99999999,False,True
400210,2025-10-05 22:10:00,30.982156557619184,1375.3076732142858,510.99218333333334,1956.4321858849685,2706.4321858749686,749.99999999,False,True
400260,2025-10-05 23:00:00,5.286964295714362,1389.6769642857143,551.0566666666666,4915.158001040288,5665.158001030288,749.99999999,False,True
400280,2025-10-05 23:20:00,8.732607748095226,1384.321974404762,542.2560333333333,5681.898438164145,6431.898438154145,749.99999999,False,True
401640,2025-10-06 22:00:00,20.665595248095308,1382.867261904762,528.8683333333333,1200.000000011111,1950.000000001111,749.99999999,False,True
401670,2025-10-06 22:30:00,26.146309533809237,1377.617976190476,518.1383333333333,2677.548252304809,3427.548252294809,749.99999999,False,True
401680,2025-10-06 22:40:00,14.819445843333362,1381.3513625,533.1985833333333,3427.548252294809,4177.548252284809,749.99999999,False,True
403080,2025-10-07 22:00:00,6.735535724285675,1379.608869047619,539.54,1200.0000000111113,1950.0000000011114,749.99999999,False,True
403090,2025-10-07 22:10:00,6.486972033809471,1369.2010220238094,529.3807166666666,1950.0000000011114,2699.9999999911115,749.99999999,False,True
403110,2025-10-07 22:30:00,3.3668452480952658,1375.2551785714286,538.555,2702.0796921249685,3452.0796921149686,749.99999999,False,True
403120,2025-10-07 22:40:00,11.225441081428691,1379.8978577380954,535.3390833333333,3452.0796921149686,4202.079692104969,749.99999999,False,True
403130,2025-10-07 22:50:00,3.862247850848454,1386.7032478408485,549.5076666666666,4202.079692104969,4952.079692095968,749.999999991,False,True
403170,2025-10-07 23:30:00,26.898690486190382,1382.190357142857,521.9583333333333,6383.025668563946,7133.025668553946,749.99999999,False,True
403180,2025-10-07 23:40:00,15.72500953380949,1381.566576190476,532.5082333333332,7133.025668553946,7883.025668543946,749.99999999,False,True
404520,2025-10-08 22:00:00,7.532440486190686,1376.6641071428573,535.7983333333333,1206.9116239306825,1956.9116239206824,749.99999999,False,True
404530,2025-10-08 22:10:00,2.3721315576190056,1366.3419148809523,530.63645,1956.9116239206824,2706.9116239106825,749.99999999,False,True
404570,2025-10-08 22:50:00,14.61588762425162,1383.6729542809182,535.7237333333333,4148.102104260936,4898.102104251936,749.999999991,False,True
404580,2025-10-08 23:00:00,23.970297629047757,1384.268630952381,526.9649999999999,4898.102104251936,5648.102104241936,749.99999999,False,True
405960,2025-10-09 22:00:00,18.025416676666502,1374.3654166666665,523.0066666666667,1200.000000011111,1950.000000001111,749.99999999,False,True
406000,2025-10-09 22:40:00,16.443417867142777,1376.3925345238094,526.6157833333333,3407.5975093196184,4157.5975093096185,749.99999999,False,True
406010,2025-10-09 22:50:00,6.738936474705716,1380.7645864647056,540.6923166666666,4157.5975093096185,4907.597509300618,749.999999991,False,True
406040,2025-10-09 23:20:00,0.41541786714309753,1378.4964511904764,544.7476999999999,5622.1888036148985,6372.188803604899,749.99999999,False,True
406360,2025-10-10 04:40:00,92.77807195940957,563.6827595238095,462.0700333333333,10792.04881118304,10799.999999991,7.951188807959985,True,False
406370,2025-10-10 04:50:00,92.90973570618539,565.0656190476191,472.15588333333335,10799.999999991,10799.999999991,0.0,True,False
406380,2025-10-10 05:00:00,120.60178570618544,568.6684523809524,448.06666666666666,10799.999999991,10799.999999991,0.0,True,False
406390,2025-10-10 05:10:00,95.91303808713778,561.0590214285714,465.14598333333333,10799.999999991,10799.999999991,0.0,True,False
406400,2025-10-10 05:20:00,105.43963094428062,563.7851142857143,458.34548333333333,10799.999999991,10799.999999991,0.0,True,False
406410,2025-10-10 05:30:00,142.46166665856626,566.2116666666666,423.75,10799.999999991,10799.999999991,0.0,True,False
406420,2025-10-10 05:40:00,811.3159004991145,1242.4057671738815,431.0898666666667,10799.999999991,10799.999999991,0.0,True,False
407040,2025-10-10 16:00:00,94.0157380862374,708.5774047619047,614.5616666666666,10799.99999999,10799.99999999,0.0,True,False
407050,2025-10-10 16:10:00,130.03463689575855,711.8801035714258,581.8454666666667,10799.99999999,10799.99999999,0.0,True,False
407060,2025-10-10 16:20:00,157.12705177671384,709.0874017857145,551.96035,10799.99999999,10799.99999999,0.0,True,False
407070,2025-10-10 16:30:00,142.02794046718972,708.8962738095238,566.8683333333333,10799.99999999,10799.99999999,0.0,True,False
407080,2025-10-10 16:40:00,123.24529225290402,708.384775595238,585.1394833333333,10799.99999999,10799.99999999,0.0,True,False
407090,2025-10-10 16:50:00,161.78580951480976,694.3836595238105,532.59785,10799.99999999,10799.99999999,0.0,True,False
407100,2025-10-10 17:00:00,440.29041665766596,889.2287499999999,448.93833333333333,10799.99999999,10799.99999999,0.0,True,False
407110,2025-10-10 17:10:00,442.09999701480876,891.2857636904761,449.1857666666666,10799.99999999,10799.99999999,0.0,True,False
407120,2025-10-10 17:20:00,419.3288398719517,887.307856547619,467.97901666666667,10799.99999999,10799.99999999,0.0,True,False
407130,2025-10-10 17:30:00,419.6216071338565,887.6899404761905,468.06833333333327,10799.99999999,10799.99999999,0.0,True,False
407140,2025-10-10 17:40:00,436.4081767767133,911.0413601190473,474.63318333333336,10799.99999999,10799.99999999,0.0,True,False
407150,2025-10-10 17:50:00,358.88124344338024,824.9214267857143,466.04018333333335,10799.99999999,10799.99999999,0.0,True,False
407160,2025-10-10 18:00:00,232.15434522909456,677.4143452380953,445.26,10799.99999999,10799.99999999,0.0,True,False
407180,2025-10-10 18:20:00,159.919499783428,690.899788690476,450.15228333333334,10727.254794974657,10799.999999991,72.74520501634323,True,False
407190,2025-10-10 18:30:00,239.74476189666163,692.6647619047619,452.91999999999996,10799.999999991,10799.999999991,0.0,True,False
407200,2025-10-10 18:40:00,246.41009106332822,691.3315244047618,444.9214333333333,10799.999999991,10799.999999991,0.0,True,False
407400,2025-10-10 22:00:00,183.1517857242859,1371.9201190476192,355.435,6335.349411542814,7085.349411532814,749.99999999,False,True
407410,2025-10-10 22:10:00,140.9756803671428,1360.575613690476,386.2666,7085.349411532814,7835.349411522814,749.99999999,False,True
407430,2025-10-10 22:30:00,96.67083334333323,1371.2808333333332,441.27666666666664,7934.837996335243,8684.837996326243,749.999999991,False,True
407440,2025-10-10 22:40:00,122.3033113195239,1373.2440446428573,417.6074,8684.837996326243,9434.837996316242,749.99999999,False,True
407450,2025-10-10 22:50:00,134.09987675848174,1378.7347434151484,411.30153333333334,9434.837996316242,10184.837996307242,749.999999991,False,True
407460,2025-10-10 23:00:00,279.51112685931673,1379.7844642857144,416.76,10184.837996307242,10799.999999991,615.1620036837579,True,False
407470,2025-10-10 23:10:00,150.31926665856625,542.3622666666665,392.04299999999995,10799.999999991,10799.999999991,0.0,True,False
407480,2025-10-10 23:20:00,974.2793791585666,1375.9274125000002,401.6480333333333,10799.999999991,10799.999999991,0.0,True,False
407490,2025-10-10 23:30:00,948.8574404680903,1380.010773809524,431.1533333333333,10799.999999991,10799.999999991,0.0,True,False
407500,2025-10-10 23:40:00,975.4581321347569,1378.6232654761905,403.1651333333333,10799.999999991,10799.999999991,0.0,True,False
407510,2025-10-10 23:50:00,134.32891546809,542.0101821428569,407.6812666666666,10799.999999991,10799.999999991,0.0,True,False
407520,2025-10-11 00:00:00,93.12744046809004,542.2424404761904,449.115,10799.999999991,10799.999999991,0.0,True,False
407530,2025-10-11 00:10:00,111.83513392047101,546.4132339285713,434.5781,10799.999999991,10799.999999991,0.0,True,False
407540,2025-10-11 00:20:00,146.39844939666156,542.0712327380952,395.6727833333333,10799.999999991,10799.999999991,0.0,True,False
407550,2025-10-11 00:30:00,153.5660118966617,534.1026785714287,380.53666666666663,10799.999999991,10799.999999991,0.0,True,False
407560,2025-10-11 00:40:00,135.44097082523305,539.6317708333333,404.19079999999997,10799.999999991,10799.999999991,0.0,True,False
407570,2025-10-11 00:50:00,127.76143630142357,543.3806363095239,415.6192,10799.999999991,10799.999999991,0.0,True,False
407580,2025-10-11 01:00:00,137.38541665856636,540.1004166666667,402.715,10799.999999991,10799.999999991,0.0,True,False
407590,2025-10-11 01:10:00,138.25821844428057,539.2437684523809,400.98555,10799.999999991,10799.999999991,0.0,True,False
407600,2025-10-11 01:20:00,121.0485047538044,536.1647547619048,415.11625000000004,10799.999999991,10799.999999991,0.0,True,False
407610,2025-10-11 01:30:00,99.77726189666149,534.2389285714285,434.46166666666664,10799.999999991,10799.999999991,0.0,True,False
407620,2025-10-11 01:40:00,101.13541308713755,542.2713464285712,441.1359333333333,10799.999999991,10799.999999991,0.0,True,False
407630,2025-10-11 01:50:00,126.31585296809013,544.7526696428571,418.43681666666663,10799.999999991,10799.999999991,0.0,True,False
407640,2025-10-11 02:00:00,144.59767856332817,541.7826785714285,397.185,10799.999999991,10799.999999991,0.0,True,False
407650,2025-10-11 02:10:00,121.28764880142339,548.2014654761904,426.91381666666666,10799.999999991,10799.999999991,0.0,True,False
407660,2025-10-11 02:20:00,104.7184392776139,551.2565392857142,446.5381,10799.999999991,10799.999999991,0.0,True,False
407670,2025-10-11 02:30:00,109.27178570618545,547.2867857142858,438.015,10799.999999991,10799.999999991,0.0,True,False
407680,2025-10-11 02:40:00,106.22192320618544,546.548906547619,440.32698333333326,10799.999999991,10799.999999991,0.0,True,False
407690,2025-10-11 02:50:00,112.8218940395187,549.9885773809524,437.16668333333337,10799.999999991,10799.999999991,0.0,True,False
407700,2025-10-11 03:00:00,123.51499999189971,554.565,431.05,10799.999999991,10799.999999991,0.0,True,False
407710,2025-10-11 03:10:00,113.60803034904248,556.8098803571428,443.20185,10799.999999991,10799.999999991,0.0,True,False
407720,2025-10-11 03:20:00,118.81800296809027,557.3867529761906,438.56874999999997,10799.999999991,10799.999999991,0.0,True,False
407730,2025-10-11 03:30:00,129.40702380142338,556.1936904761903,426.78666666666663,10799.999999991,10799.999999991,0.0,True,False
407740,2025-10-11 03:40:00,102.07281665856632,553.1008833333333,451.02806666666663,10799.999999991,10799.999999991,0.0,True,False
407750,2025-10-11 03:50:00,99.11069403951862,554.7077607142855,455.5970666666666,10799.999999991,10799.999999991,0.0,True,False
407760,2025-10-11 04:00:00,120.95779761094721,559.8077976190475,438.84999999999997,10799.999999991,10799.999999991,0.0,True,False
407770,2025-10-11 04:10:00,106.83233332523284,560.9323666666664,454.1000333333333,10799.999999991,10799.999999991,0.0,True,False
407780,2025-10-11 04:20:00,103.83687975380448,563.2048464285715,459.3679666666667,10799.999999991,10799.999999991,0.0,True,False
407790,2025-10-11 04:30:00,119.93755951570924,566.0758928571429,446.1383333333333,10799.999999991,10799.999999991,0.0,True,False
407800,2025-10-11 04:40:00,116.31438511094714,563.9259851190475,447.6116,10799.999999991,10799.999999991,0.0,True,False
407810,2025-10-11 04:50:00,132.0893880871377,565.8466547619047,433.7572666666666,10799.999999991,10799.999999991,0.0,True,False
407820,2025-10-11 05:00:00,152.6008928490426,568.5725595238096,415.97166666666664,10799.999999991,10799.999999991,0.0,True,False
407830,2025-10-11 05:10:00,120.19813511094728,561.0592351190476,440.86109999999996,10799.999999991,10799.999999991,0.0,True,False
408480,2025-10-11 16:00:00,150.2206404671901,729.3523071428591,579.1316666666667,10799.999999989997,10799.999999989997,0.0,True,False
408490,2025-10-11 16:10:00,143.8051190386164,731.0714523809521,587.2663333333333,10799.999999989997,10799.999999989997,0.0,True,False
408500,2025-10-11 16:20:00,156.8851458243313,726.4192458333335,569.5341,10799.999999989997,10799.999999989997,0.0,True,False
408510,2025-10-11 16:30:00,173.17200951480714,726.2870095238095,553.115,10799.999999989997,10799.999999989997,0.0,True,False
408520,2025-10-11 16:40:00,166.4127755862355,726.3952922619046,559.9825166666667,10799.999999989997,10799.999999989997,0.0,True,False
408530,2025-10-11 16:50:00,188.48537975290242,712.5773797619048,524.092,10799.999999989997,10799.999999989997,0.0,True,False
408540,2025-10-11 17:00:00,433.0717857052833,887.5167857142857,454.445,10799.999999989997,10799.999999989997,0.0,True,False
408550,2025-10-11 17:10:00,455.25158332433097,889.2576833333333,434.00609999999995,10799.999999989997,10799.999999989997,0.0,True,False
408560,2025-10-11 17:20:00,433.5626803481407,885.8651470238096,452.30246666666665,10799.999999989997,10799.999999989997,0.0,True,False
408570,2025-10-11 17:30:00,419.76380951480724,887.3271428571429,467.56333333333333,10799.999999989997,10799.999999989997,0.0,True,False
408580,2025-10-11 17:40:00,459.38219106242605,910.692657738095,451.3104666666666,10799.999999989997,10799.999999989997,0.0,True,False
408590,2025-10-11 17:50:00,370.02707737195004,822.5543773809524,452.52729999999997,10799.999999989997,10799.999999989997,0.0,True,False
408600,2025-10-11 18:00:00,206.03095237194992,673.1492857142856,467.11833333333334,10799.999999989997,10799.999999989997,0.0,True,False
408620,2025-10-11 18:20:00,106.61199726284654,688.5638654761906,450.14576666666665,10681.37450859899,10799.999999991,118.62549139200964,True,False
408630,2025-10-11 18:30:00,218.2769047538046,689.2269047619048,470.94999999999993,10799.999999991,10799.999999991,0.0,True,False
408640,2025-10-11 18:40:00,245.1276428490426,688.5068095238096,443.37916666666666,10799.999999991,10799.999999991,0.0,True,False
408840,2025-10-11 22:00:00,173.99458334333326,1367.59125,360.2633333333333,6123.298530497841,6873.298530487841,749.99999999,False,True
408850,2025-10-11 22:10:00,191.03845060523804,1356.9913839285714,332.6196,6873.298530487841,7623.298530477841,749.99999999,False,True
408870,2025-10-11 22:30:00,115.35898810523803,1370.698988095238,422.00666666666666,7783.095284397413,8533.095284387413,749.99999999,False,True
408880,2025-10-11 22:40:00,128.55365060523832,1371.5368839285716,409.64989999999995,8533.095284387413,9283.095284377412,749.99999999,False,True
408890,2025-10-11 22:50:00,151.7582717936191,1376.9936384502857,391.90203333333335,9283.095284377412,10033.095284368412,749.999999991,False,True
408900,2025-10-11 23:00:00,147.9926190576191,1378.6792857142857,397.3533333333333,10033.095284368412,10783.095284359411,749.999999991,False,True
408910,2025-10-11 23:10:00,131.13330048871103,539.4527345238095,389.53641666666664,10783.095284359411,10799.999999991,16.904715631588605,True,False
408920,2025-10-11 23:20:00,993.9021238014237,1372.883123809524,378.981,10799.999999991,10799.999999991,0.0,True,False
408930,2025-10-11 23:30:00,992.8310118966618,1378.8943452380954,386.06333333333333,10799.999999991,10799.999999991,0.0,True,False
408940,2025-10-11 23:40:00,951.3780732061856,1377.7700898809526,426.3920166666667,10799.999999991,10799.999999991,0.0,True,False
408950,2025-10-11 23:50:00,37.027954158566196,542.1929208333331,505.1649666666666,10799.999999991,10799.999999991,0.0,True,False
411770,2025-10-13 22:50:00,8.088657198274852,1373.7937571882749,532.3717666666666,4127.957005363205,4877.957005354205,749.999999991,False,True
413200,2025-10-14 22:40:00,1.728864890952301,1365.999981547619,530.9377833333333,3313.81582010981,4063.81582009981,749.99999999,False,True
413210,2025-10-14 22:50:00,4.302712509999984,1370.5129291666667,532.8768833333334,4063.81582009981,4813.81582008981,749.99999999,False,True
414640,2025-10-15 22:40:00,14.305168462380827,1363.0828351190476,515.4443333333334,3358.4074131235293,4108.407413113529,749.99999999,False,True
414650,2025-10-15 22:50:00,21.29627815228286,1367.4045614756162,512.77495,4108.407413113529,4858.407413104529,749.999999991,False,True
414660,2025-10-15 23:00:00,3.0478571528571967,1370.8128571428572,534.4316666666666,4858.407413104529,5608.407413094529,749.99999999,False,True
416050,2025-10-16 22:10:00,42.814551200476096,1343.9380178571428,467.7901333333333,1936.4996785735398,2686.49967856354,749.99999999,False,True
416120,2025-10-16 23:20:00,4.007911914761954,1363.241411904762,525.9001666666666,5623.807818452505,6373.807818442505,749.99999999,False,True
417120,2025-10-17 16:00:00,165.74920477301595,756.914488095238,569.8916666666667,10780.853744936661,10799.999999926662,19.14625498999995,True,False
417130,2025-10-17 16:10:00,146.74737076732922,738.3933208333333,591.64595,10799.999999926662,10799.999999926662,0.0,True,False
417140,2025-10-17 16:20:00,174.85855171971022,733.562768452381,558.7042166666666,10799.999999926662,10799.999999926662,0.0,True,False
417150,2025-10-17 16:30:00,208.5665856482818,731.6965857142859,523.13,10799.999999926662,10799.999999926662,0.0,True,False
417160,2025-10-17 16:40:00,150.22417552923397,732.7660922619046,582.5419166666666,10799.999999926662,10799.999999926662,0.0,True,False
417170,2025-10-17 16:50:00,165.88975350542424,718.3995702380952,552.5098166666667,10799.999999926662,10799.999999926662,0.0,True,False
417180,2025-10-17 17:00:00,436.15416660066234,874.7858333333331,438.63166666666666,10799.999999926662,10799.999999926662,0.0,True,False
417190,2025-10-17 17:10:00,444.6152582673291,877.6136583333333,432.9984,10799.999999926662,10799.999999926662,0.0,True,False
417200,2025-10-17 17:20:00,440.81396779113834,873.8157845238093,433.0018166666667,10799.999999926662,10799.999999926662,0.0,True,False
417210,2025-10-17 17:30:00,460.9139880292339,873.2539880952381,412.34,10799.999999926662,10799.999999926662,0.0,True,False
417220,2025-10-17 17:40:00,445.6237082673291,897.475975,451.85226666666665,10799.999999926662,10799.999999926662,0.0,True,False
417230,2025-10-17 17:50:00,353.8632612435195,809.6092279761904,455.7459666666667,10799.999999926662,10799.999999926662,0.0,True,False
417240,2025-10-17 18:00:00,234.44839279113862,658.7350595238095,424.28666666666663,10799.999999926662,10799.999999926662,0.0,True,False
417270,2025-10-17 18:30:00,101.23474785120139,671.384761904762,414.41833333333335,10659.841487342796,10799.999999991,140.15851264820446,True,False
417280,2025-10-17 18:40:00,203.09674939666152,668.7886327380952,465.6918833333333,10799.999999991,10799.999999991,0.0,True,False
417480,2025-10-17 22:00:00,135.2297023909524,1354.1997023809524,385.63666666666666,6022.93977292509,6772.9397729150905,749.99999999,False,True
417490,2025-10-17 22:10:00,147.52310001,1339.0952166666666,358.2387833333333,6772.9397729150905,7522.939772905091,749.99999999,False,True
417510,2025-10-17 22:30:00,139.4842262004761,1361.3142261904761,388.49666666666667,7665.97114414609,8415.97114413609,749.99999999,False,True
417520,2025-10-17 22:40:00,113.19128215285706,1357.9519988095237,411.4273833333333,8415.97114413609,9165.97114412609,749.99999999,False,True
417530,2025-10-17 22:50:00,107.7068932344299,1360.57459322443,419.53436666666664,9165.97114412609,9915.97114411709,749.999999991,False,True
417540,2025-10-17 23:00:00,114.23755953380974,1365.4775595238098,417.90666666666664,9915.97114411709,10665.971144108089,749.999999991,False,True
417560,2025-10-17 23:20:00,883.0408204375598,1360.6859476190475,430.1900333333333,10757.290415527661,10799.999999991,42.70958446333899,True,False
417570,2025-10-17 23:30:00,937.1872618966618,1368.2155952380954,431.0283333333333,10799.999999991,10799.999999991,0.0,True,False
417580,2025-10-17 23:40:00,931.1732059442807,1370.9727226190475,439.7995166666666,10799.999999991,10799.999999991,0.0,True,False
417590,2025-10-17 23:50:00,109.65239225380444,536.899125595238,427.2467333333333,10799.999999991,10799.999999991,0.0,True,False
417600,2025-10-18 00:00:00,140.75178570618547,535.9067857142858,395.155,10799.999999991,10799.999999991,0.0,True,False
417610,2025-10-18 00:10:00,153.10369582523313,535.1757625000001,382.0720666666667,10799.999999991,10799.999999991,0.0,True,False
417620,2025-10-18 00:20:00,125.12943213475691,531.2137988095238,406.0843666666666,10799.999999991,10799.999999991,0.0,True,False
417630,2025-10-18 00:30:00,88.65059522999499,529.2055952380953,440.55499999999995,10799.999999991,10799.999999991,0.0,True,False
417640,2025-10-18 00:40:00,96.93242856332816,537.6923785714284,440.75994999999995,10799.999999991,10799.999999991,0.0,True,False
417650,2025-10-18 00:50:00,97.21462558713782,540.8707255952381,443.6561,10799.999999991,10799.999999991,0.0,True,False
417660,2025-10-18 01:00:00,88.2407738014235,536.5657738095238,448.32499999999993,10799.999999991,10799.999999991,0.0,True,False
417670,2025-10-18 01:10:00,118.56626427761395,537.2732976190476,418.70703333333336,10799.999999991,10799.999999991,0.0,True,False
417680,2025-10-18 01:20:00,125.82950713475682,535.5271238095238,409.69761666666665,10799.999999991,10799.999999991,0.0,True,False
417690,2025-10-18 01:30:00,110.59565475380444,533.1923214285714,422.59666666666664,10799.999999991,10799.999999991,0.0,True,False
417700,2025-10-18 01:40:00,133.20219582523308,540.3529791666667,407.1507833333333,10799.999999991,10799.999999991,0.0,True,False
417710,2025-10-18 01:50:00,131.25485237285196,542.7465857142856,411.49173333333334,10799.999999991,10799.999999991,0.0,True,False
417720,2025-10-18 02:00:00,107.47059522999487,541.1455952380952,433.675,10799.999999991,10799.999999991,0.0,True,False
417730,2025-10-18 02:10:00,128.3566196347568,550.0513029761904,421.6946833333333,10799.999999991,10799.999999991,0.0,True,False
417740,2025-10-18 02:20:00,132.3905541585664,554.5610541666667,422.1705,10799.999999991,10799.999999991,0.0,True,False
417750,2025-10-18 02:30:00,116.20136903951877,550.5297023809524,434.32833333333326,10799.999999991,10799.999999991,0.0,True,False
417760,2025-10-18 02:40:00,133.81833332523289,549.2408999999999,415.4225666666667,10799.999999991,10799.999999991,0.0,True,False
417770,2025-10-18 02:50:00,109.9488970157091,550.4418636904761,440.4929666666667,10799.999999991,10799.999999991,0.0,True,False
417780,2025-10-18 03:00:00,71.70994046809014,553.4766071428571,481.76666666666665,10799.999999991,10799.999999991,0.0,True,False
417790,2025-10-18 03:10:00,122.68544820618538,558.528881547619,435.8434333333333,10799.999999991,10799.999999991,0.0,True,False
417800,2025-10-18 03:20:00,136.7778708252329,558.7895041666666,422.01163333333335,10799.999999991,10799.999999991,0.0,True,False
417810,2025-10-18 03:30:00,97.76053570618544,554.2705357142858,456.51,10799.999999991,10799.999999991,0.0,True,False
417820,2025-10-18 03:40:00,113.6013351109473,552.3428851190477,438.74155,10799.999999991,10799.999999991,0.0,True,False
417830,2025-10-18 03:50:00,118.1977779680901,555.2193613095237,437.0215833333333,10799.999999991,10799.999999991,0.0,True,False
417840,2025-10-18 04:00:00,97.50779761094722,559.2311309523809,461.72333333333336,10799.999999991,10799.999999991,0.0,True,False
417850,2025-10-18 04:10:00,76.2809878609497,522.8683045357167,446.58731666666665,10799.999999991,10799.999999991,0.0,True,False
417860,2025-10-18 04:20:00,135.25708927761391,560.3468059523809,425.0897166666667,10799.999999991,10799.999999991,0.0,True,False
417870,2025-10-18 04:30:00,140.22517856332829,563.8868452380952,423.66166666666663,10799.999999991,10799.999999991,0.0,True,False
417880,2025-10-18 04:40:00,127.82719880142346,564.8250154761904,436.9978166666666,10799.999999991,10799.999999991,0.0,True,False
418560,2025-10-18 16:00:00,173.05519284814292,756.9185261904768,583.8633333333332,10799.99999999,10799.99999999,0.0,True,False
418570,2025-10-18 16:10:00,192.87722082433217,759.8335874999993,566.9563666666666,10799.99999999,10799.99999999,0.0,True,False
418580,2025-10-18 16:20:00,195.72270891957047,754.0882255952379,558.3655166666666,10799.99999999,10799.99999999,0.0,True,False
418590,2025-10-18 16:30:00,172.94691903861846,751.9002523809525,578.9533333333333,10799.99999999,10799.99999999,0.0,True,False
418600,2025-10-18 16:40:00,154.01529522909456,756.2863452380952,602.27105,10799.99999999,10799.99999999,0.0,True,False
418610,2025-10-18 16:50:00,188.59802439576123,741.4947910714286,552.8967666666666,10799.99999999,10799.99999999,0.0,True,False
418620,2025-10-18 17:00:00,417.002559514809,870.8558928571429,453.8533333333333,10799.99999999,10799.99999999,0.0,True,False
418630,2025-10-18 17:10:00,464.23870951480876,875.3198928571428,411.0811833333333,10799.99999999,10799.99999999,0.0,True,False
418640,2025-10-18 17:20:00,451.96858749099897,872.692070833333,420.7234833333333,10799.99999999,10799.99999999,0.0,True,False
418650,2025-10-18 17:30:00,425.1767261814754,870.8100595238094,445.6333333333333,10799.99999999,10799.99999999,0.0,True,False
418660,2025-10-18 17:40:00,441.08840118147543,894.9495678571427,453.86116666666663,10799.99999999,10799.99999999,0.0,True,False
418670,2025-10-18 17:50:00,354.7650511814757,807.0170011904763,452.25194999999997,10799.99999999,10799.99999999,0.0,True,False
418680,2025-10-18 18:00:00,209.70011903861834,655.5317857142857,445.8316666666666,10799.99999999,10799.99999999,0.0,True,False
418710,2025-10-18 18:30:00,60.36669807589663,667.8660714285713,441.6816666666667,10650.764063973593,10799.999999991,149.23593601740723,True,False
418720,2025-10-18 18:40:00,243.2374720157093,666.5115553571429,423.2740833333333,10799.999999991,10799.999999991,0.0,True,False
418920,2025-10-18 22:00:00,121.7600000100001,1351.6883333333335,396.595,6245.9733533946655,6995.973353384666,749.99999999,False,True
418930,2025-10-18 22:10:00,134.13110953380954,1336.4799095238095,369.0154666666666,6995.973353384666,7745.973353375665,749.999999991,False,True
418950,2025-10-18 22:30:00,100.83755953380954,1357.4542261904762,423.2833333333333,7866.371003902379,8616.371003893379,749.999999991,False,True
418960,2025-10-18 22:40:00,96.77692739095242,1354.534594047619,424.42433333333327,8616.371003893379,9366.371003884378,749.999999991,False,True
418970,2025-10-18 22:50:00,122.94871437607036,1358.448631032737,402.1665833333333,9366.371003884378,10116.371003875378,749.999999991,False,True
418980,2025-10-18 23:00:00,223.9340717762932,1364.463511904762,380.94166666666666,10116.371003875378,10799.999999991,683.628996115622,True,False
418990,2025-10-18 23:10:00,145.81440118237592,526.6578511904762,380.84344999999996,10799.999999991,10799.999999991,0.0,True,False
419000,2025-10-18 23:20:00,958.1882404680902,1360.6556404761905,402.4674,10799.999999991,10799.999999991,0.0,True,False
419010,2025-10-18 23:30:00,948.9488095157093,1369.2388095238096,420.28999999999996,10799.999999991,10799.999999991,0.0,True,False
419020,2025-10-18 23:40:00,956.7650428490425,1372.264526190476,415.49948333333333,10799.999999991,10799.999999991,0.0,True,False
419030,2025-10-18 23:50:00,62.758429158566265,537.3438791666666,474.58545000000004,10799.999999991,10799.999999991,0.0,True,False
420510,2025-10-20 00:30:00,0.025357152857046712,1364.315357142857,530.9566666666666,9009.585839837193,9759.585839827192,749.99999999,False,True
423270,2025-10-21 22:30:00,9.40410715285713,1354.9274404761904,512.1899999999999,2621.573936326974,3371.573936316974,749.99999999,False,True
426260,2025-10-24 00:20:00,138.78711905761918,1358.2574023809525,386.13694999999996,8412.411289538877,9162.411289529877,749.999999991,False,True
426420,2025-10-24 03:00:00,47.29405013128727,555.4322023809523,441.945,10740.426162966301,10799.999999991,59.57383702469851,True,False
426430,2025-10-24 03:10:00,101.77524344428056,554.0478101190475,452.27256666666665,10799.999999991,10799.999999991,0.0,True,False
426440,2025-10-24 03:20:00,107.8875160633282,552.2036827380952,444.3161666666666,10799.999999991,10799.999999991,0.0,True,False
426450,2025-10-24 03:30:00,126.08589284904244,551.9442261904761,425.85833333333335,10799.999999991,10799.999999991,0.0,True,False
426460,2025-10-24 03:40:00,111.0334993966616,553.3046160714285,442.2711166666666,10799.999999991,10799.999999991,0.0,True,False
426470,2025-10-24 03:50:00,114.00055177761388,556.8253184523809,442.8247666666667,10799.999999991,10799.999999991,0.0,True,False
426480,2025-10-24 04:00:00,131.12773808713783,559.2310714285715,428.1033333333333,10799.999999991,10799.999999991,0.0,True,False
426490,2025-10-24 04:10:00,110.30266665856627,556.7293166666666,446.42665,10799.999999991,10799.999999991,0.0,True,False
426500,2025-10-24 04:20:00,121.47724284904248,558.7564428571428,437.2792,10799.999999991,10799.999999991,0.0,True,False
426510,2025-10-24 04:30:00,154.77648808713778,565.2281547619048,410.45166666666665,10799.999999991,10799.999999991,0.0,True,False
426520,2025-10-24 04:40:00,126.12921903951873,566.799169047619,440.66995,10799.999999991,10799.999999991,0.0,True,False
426530,2025-10-24 04:50:00,96.70888094428071,568.1774142857143,471.4685333333333,10799.999999991,10799.999999991,0.0,True,False
426540,2025-10-24 05:00:00,100.18791665856642,568.8779166666667,468.68999999999994,10799.999999991,10799.999999991,0.0,True,False
426550,2025-10-24 05:10:00,110.83332142047111,563.8662714285715,453.03295,10799.999999991,10799.999999991,0.0,True,False
426560,2025-10-24 05:20:00,124.13531725380435,564.2935339285714,440.1582166666667,10799.999999991,10799.999999991,0.0,True,False
426570,2025-10-24 05:30:00,112.19970237285199,562.5347023809524,450.33500000000004,10799.999999991,10799.999999991,0.0,True,False
426580,2025-10-24 05:40:00,891.3956958252329,1384.1776291666665,492.7819333333333,10799.999999991,10799.999999991,0.0,True,False
427200,2025-10-24 16:00:00,207.18831898161662,780.3866523809523,573.1983333333333,10799.999999926664,10799.999999926664,0.0,True,False
427210,2025-10-24 16:10:00,211.07685767209242,783.0707410714284,571.9938833333333,10799.999999926664,10799.999999926664,0.0,True,False
427220,2025-10-24 16:20:00,213.44503683875936,776.3064702380951,562.8614333333333,10799.999999926664,10799.999999926664,0.0,True,False
427230,2025-10-24 16:30:00,211.9111166006641,771.0927833333333,559.1816666666666,10799.999999926664,10799.999999926664,0.0,True,False
427240,2025-10-24 16:40:00,173.39043862447355,776.4064053571427,603.0159666666666,10799.999999926664,10799.999999926664,0.0,True,False
427250,2025-10-24 16:50:00,197.63246719590197,764.2395505952379,566.6070833333333,10799.999999926664,10799.999999926664,0.0,True,False
427260,2025-10-24 17:00:00,397.4177380292354,860.3044047619046,462.88666666666666,10799.999999926664,10799.999999926664,0.0,True,False
427270,2025-10-24 17:10:00,420.11923921971174,859.3776392857144,439.2584,10799.999999926664,10799.999999926664,0.0,True,False
427280,2025-10-24 17:20:00,408.27345350542583,855.9919869047617,447.7185333333333,10799.999999926664,10799.999999926664,0.0,True,False
427290,2025-10-24 17:30:00,413.0617261244737,859.2017261904763,446.14,10799.999999926664,10799.999999926664,0.0,True,False
427300,2025-10-24 17:40:00,440.342583862569,885.8933005952382,445.55071666666663,10799.999999926664,10799.999999926664,0.0,True,False
427310,2025-10-24 17:50:00,353.63788267209253,796.5633994047619,442.9255166666667,10799.999999926664,10799.999999926664,0.0,True,False
427320,2025-10-24 18:00:00,204.09053564828312,642.618869047619,438.5283333333333,10799.999999926664,10799.999999926664,0.0,True,False
427560,2025-10-24 22:00:00,123.05273810523816,1336.2027380952381,379.81666666666666,5757.188034035342,6507.1880340263415,749.999999991,False,True
427570,2025-10-24 22:10:00,116.65779643857148,1325.7379630952382,375.74683333333337,6507.1880340263415,7257.188034016342,749.99999999,False,True
427590,2025-10-24 22:30:00,98.8563095338095,1348.1279761904761,415.93833333333333,7355.792255793056,8105.792255784056,749.999999991,False,True
427600,2025-10-24 22:40:00,134.97544584333332,1344.9398125,376.63103333333333,8105.792255784056,8855.792255774055,749.99999999,False,True
427610,2025-10-24 22:50:00,116.48774048619042,1346.881257142857,397.0601833333333,8855.792255774055,9605.792255765055,749.999999991,False,True
427620,2025-10-24 23:00:00,61.75077381952371,1351.159107142857,456.07499999999993,9605.792255765055,10355.792255756054,749.999999991,False,True
427640,2025-10-24 23:20:00,878.1414894630738,1356.817630952381,394.20826666666665,10723.978912649623,10799.99999999,76.02108734037655,True,False
427650,2025-10-24 23:30:00,957.8194642767135,1364.894464285714,407.07499999999993,10799.99999999,10799.99999999,0.0,True,False
427660,2025-10-24 23:40:00,956.813048800523,1365.0344154761904,408.22136666666665,10799.99999999,10799.99999999,0.0,True,False
427670,2025-10-24 23:50:00,118.66552618147543,532.5879761904762,413.92245,10799.99999999,10799.99999999,0.0,True,False
427680,2025-10-25 00:00:00,120.86851189576109,534.6485119047618,413.78,10799.99999999,10799.99999999,0.0,True,False
427690,2025-10-25 00:10:00,149.95496427671353,529.1622809523809,379.20731666666666,10799.99999999,10799.99999999,0.0,True,False
427700,2025-10-25 00:20:00,137.54194344338023,523.7621767857142,386.2202333333333,10799.99999999,10799.99999999,0.0,True,False
427710,2025-10-25 00:30:00,94.91517856242777,525.2885119047618,430.3733333333333,10799.99999999,10799.99999999,0.0,True,False
427720,2025-10-25 00:40:00,102.73973272909447,532.8952494047619,430.1555166666667,10799.99999999,10799.99999999,0.0,True,False
427730,2025-10-25 00:50:00,113.76466665766586,535.7124166666665,421.9477499999999,10799.99999999,10799.99999999,0.0,True,False
427740,2025-10-25 01:00:00,113.76333332433259,534.3783333333333,420.615,10799.99999999,10799.99999999,0.0,True,False
427750,2025-10-25 01:10:00,130.9902422529041,538.0845589285715,407.09431666666666,10799.99999999,10799.99999999,0.0,True,False
427760,2025-10-25 01:20:00,103.76474106242776,535.3027410714285,431.538,10799.99999999,10799.99999999,0.0,True,False
427770,2025-10-25 01:30:00,52.772083324332506,529.7204166666666,476.9483333333333,10799.99999999,10799.99999999,0.0,True,False
427780,2025-10-25 01:40:00,67.89953272909455,537.1322827380952,469.23274999999995,10799.99999999,10799.99999999,0.0,True,False
427790,2025-10-25 01:50:00,96.36174761004688,540.6227809523809,444.26103333333333,10799.99999999,10799.99999999,0.0,True,False
427800,2025-10-25 02:00:00,112.81148808623729,538.9448214285713,426.1333333333333,10799.99999999,10799.99999999,0.0,True,False
427810,2025-10-25 02:10:00,138.5810583243326,547.5426749999999,408.9616166666666,10799.99999999,10799.99999999,0.0,True,False
427820,2025-10-25 02:20:00,128.06688213385635,553.0647488095237,424.99786666666665,10799.99999999,10799.99999999,0.0,True,False
427830,2025-10-25 02:30:00,95.83607141957074,551.2144047619048,455.37833333333333,10799.99999999,10799.99999999,0.0,True,False
427840,2025-10-25 02:40:00,109.66819761004692,551.6090976190476,441.94089999999994,10799.99999999,10799.99999999,0.0,True,False
427850,2025-10-25 02:50:00,140.52720118147553,553.5147845238096,412.9875833333333,10799.99999999,10799.99999999,0.0,True,False
427860,2025-10-25 03:00:00,152.024285705285,554.9292857142857,402.905,10799.99999999,10799.99999999,0.0,True,False
427870,2025-10-25 03:10:00,137.96943570528478,555.1674690476189,417.19803333333334,10799.99999999,10799.99999999,0.0,True,False
427880,2025-10-25 03:20:00,139.27145713385627,552.9902738095236,413.7188166666666,10799.99999999,10799.99999999,0.0,True,False
427890,2025-10-25 03:30:00,142.89738094338017,551.1640476190476,408.26666666666665,10799.99999999,10799.99999999,0.0,True,False
427900,2025-10-25 03:40:00,103.27348927671343,554.3730559523808,451.09956666666665,10799.99999999,10799.99999999,0.0,True,False
427910,2025-10-25 03:50:00,101.57211665766599,558.42125,456.84913333333327,10799.99999999,10799.99999999,0.0,True,False
427920,2025-10-25 04:00:00,133.55994046718976,558.8849404761904,425.32499999999993,10799.99999999,10799.99999999,0.0,True,False
427930,2025-10-25 04:10:00,115.28341725290406,555.7493339285714,440.46591666666666,10799.99999999,10799.99999999,0.0,True,False
427940,2025-10-25 04:20:00,111.26290653861835,557.9522732142857,446.6893666666666,10799.99999999,10799.99999999,0.0,True,False
427950,2025-10-25 04:30:00,135.84702380052303,564.5836904761904,428.7366666666667,10799.99999999,10799.99999999,0.0,True,False
427960,2025-10-25 04:40:00,132.15189284814213,566.3170261904761,434.1651333333333,10799.99999999,10799.99999999,0.0,True,False
427970,2025-10-25 04:50:00,112.55435475290395,568.0097214285713,455.45536666666663,10799.99999999,10799.99999999,0.0,True,False
427980,2025-10-25 05:00:00,104.3393452290945,568.9893452380952,464.65,10799.99999999,10799.99999999,0.0,True,False
427990,2025-10-25 05:10:00,121.28577380052313,563.8149071428571,442.5291333333333,10799.99999999,10799.99999999,0.0,True,False
428000,2025-10-25 05:20:00,136.73017380052303,563.8220404761904,427.09186666666665,10799.99999999,10799.99999999,0.0,True,False
428010,2025-10-25 05:30:00,115.29970237195161,562.2797023809524,446.98,10799.99999999,10799.99999999,0.0,True,False
428020,2025-10-25 05:40:00,61.55473094338012,552.2202476190475,490.6655166666667,10799.99999999,10799.99999999,0.0,True,False
428030,2025-10-25 05:50:00,124.56988451480882,609.4906678571429,484.9207833333333,10799.99999999,10799.99999999,0.0,True,False
428640,2025-10-25 16:00:00,218.01769284814216,776.5476928571429,558.53,10799.99999999,10799.99999999,0.0,True,False
428650,2025-10-25 16:10:00,209.63874820528488,777.876681547619,568.2379333333333,10799.99999999,10799.99999999,0.0,True,False
428660,2025-10-25 16:20:00,202.65363749099927,770.1069208333333,567.4532833333333,10799.99999999,10799.99999999,0.0,True,False
428670,2025-10-25 16:30:00,202.8276333243326,765.2243,562.3966666666666,10799.99999999,10799.99999999,0.0,True,False
428680,2025-10-25 16:40:00,191.4668607052849,772.4604940476189,580.9936333333333,10799.99999999,10799.99999999,0.0,True,False
428690,2025-10-25 16:50:00,242.25678808623715,760.1505047619045,517.8937166666666,10799.99999999,10799.99999999,0.0,True,False
428700,2025-10-25 17:00:00,436.43839284814226,858.5100595238096,422.0716666666666,10799.99999999,10799.99999999,0.0,True,False
428710,2025-10-25 17:10:00,405.4452238005233,858.541923809524,453.09669999999994,10799.99999999,10799.99999999,0.0,True,False
428720,2025-10-25 17:20:00,387.5739327290944,855.5936827380951,468.01975,10799.99999999,10799.99999999,0.0,True,False
428730,2025-10-25 17:30:00,425.37863094338024,857.8969642857143,432.5183333333333,10799.99999999,10799.99999999,0.0,True,False
428740,2025-10-25 17:40:00,430.10167261004693,884.8614226190476,454.75975,10799.99999999,10799.99999999,0.0,True,False
428750,2025-10-25 17:50:00,325.38631368147543,796.4854470238093,471.09913333333327,10799.99999999,10799.99999999,0.0,True,False
428760,2025-10-25 18:00:00,189.30107141957077,642.4660714285715,453.16499999999996,10799.99999999,10799.99999999,0.0,True,False
429000,2025-10-25 22:00:00,115.2135714385714,1332.2985714285714,383.75166666666667,5777.606449264023,6527.606449255022,749.999999991,False,True
429010,2025-10-25 22:10:00,116.60932262904781,1323.4611726190478,373.51851666666664,6527.606449255022,7277.606449246022,749.999999991,False,True
429030,2025-10-25 22:30:00,108.0449404861905,1346.5382738095238,405.15999999999997,7381.547978522736,8131.547978513736,749.999999991,False,True
429040,2025-10-25 22:40:00,117.86815477190497,1342.2957214285716,391.0942333333333,8131.547978513736,8881.547978503735,749.99999999,False,True
429050,2025-10-25 22:50:00,121.48797798619056,1345.2423613095239,390.42105,8881.547978503735,9631.547978494735,749.999999991,False,True
429060,2025-10-25 23:00:00,107.8448214385712,1351.6031547619045,410.425,9631.547978494735,10381.547978485734,749.999999991,False,True
429070,2025-10-25 23:10:00,10.248743107006355,900.987767001746,425.7923333333333,10381.547978485734,10799.999999991,418.45202150526563,True,False
429080,2025-10-25 23:20:00,930.4384851109471,1355.837151785714,425.3986666666666,10799.999999991,10799.999999991,0.0,True,False
429090,2025-10-25 23:30:00,957.1820833252331,1363.7970833333334,406.615,10799.999999991,10799.999999991,0.0,True,False
429100,2025-10-25 23:40:00,975.5126184442806,1363.307968452381,387.79535,10799.999999991,10799.999999991,0.0,True,False
429110,2025-10-25 23:50:00,83.76512439666155,531.3330244047619,447.5679,10799.999999991,10799.999999991,0.0,True,False
436330,2025-10-31 00:10:00,118.54688810523815,1357.5246047619048,405.64438333333334,8194.915272507289,8944.915272497288,749.99999999,False,True
436340,2025-10-31 00:20:00,106.64126905761917,1353.9201523809525,413.94554999999997,8944.915272497288,9694.915272488288,749.999999991,False,True
436410,2025-10-31 01:30:00,25.510741585553795,533.7291666666666,431.775,10731.200917417998,10799.999999991,68.79908257300156,True,False
436420,2025-10-31 01:40:00,103.72282082523313,540.3079875000001,436.5851666666666,10799.999999991,10799.999999991,0.0,True,False
436430,2025-10-31 01:50:00,118.39558689666157,542.7070202380952,424.3114333333333,10799.999999991,10799.999999991,0.0,True,False
436440,2025-10-31 02:00:00,131.65904761094723,540.4457142857142,408.78666666666663,10799.999999991,10799.999999991,0.0,True,False
436450,2025-10-31 02:10:00,137.24166249189952,542.3718791666665,405.1302166666667,10799.999999991,10799.999999991,0.0,True,False
436460,2025-10-31 02:20:00,132.7740505871378,545.9317339285715,413.15768333333335,10799.999999991,10799.999999991,0.0,True,False
436470,2025-10-31 02:30:00,124.60488094428067,549.6465476190476,425.04166666666663,10799.999999991,10799.999999991,0.0,True,False
436480,2025-10-31 02:40:00,123.27069880142344,554.4091321428571,431.1384333333333,10799.999999991,10799.999999991,0.0,True,False
436490,2025-10-31 02:50:00,124.67462915856638,554.7164625,430.04183333333333,10799.999999991,10799.999999991,0.0,True,False
436500,2025-10-31 03:00:00,118.68553570618545,551.5455357142857,432.85999999999996,10799.999999991,10799.999999991,0.0,True,False
436510,2025-10-31 03:10:00,101.20059999189957,551.3611333333332,450.1605333333333,10799.999999991,10799.999999991,0.0,True,False
436520,2025-10-31 03:20:00,99.9464059442806,550.4325392857143,450.4861333333333,10799.999999991,10799.999999991,0.0,True,False
436530,2025-10-31 03:30:00,117.79351189666144,550.3001785714284,432.50666666666666,10799.999999991,10799.999999991,0.0,True,False
436540,2025-10-31 03:40:00,127.866971420471,556.5296214285713,428.66265,10799.999999991,10799.999999991,0.0,True,False
436550,2025-10-31 03:50:00,116.76317618237593,559.6095761904762,442.84639999999996,10799.999999991,10799.999999991,0.0,True,False
436560,2025-10-31 04:00:00,99.81351189666154,556.6318452380951,456.81833333333327,10799.999999991,10799.999999991,0.0,True,False
436570,2025-10-31 04:10:00,107.3762303490424,554.4618636904761,447.08563333333336,10799.999999991,10799.999999991,0.0,True,False
436580,2025-10-31 04:20:00,129.30761487285204,556.995581547619,427.6879666666667,10799.999999991,10799.999999991,0.0,True,False
436590,2025-10-31 04:30:00,131.77279761094732,562.1044642857142,430.3316666666666,10799.999999991,10799.999999991,0.0,True,False
436600,2025-10-31 04:40:00,94.67022082523303,564.6033541666667,469.93313333333333,10799.999999991,10799.999999991,0.0,True,False
436610,2025-10-31 04:50:00,100.78737022999493,567.3934202380952,466.60605,10799.999999991,10799.999999991,0.0,True,False
436620,2025-10-31 05:00:00,140.3007738014234,567.3574404761904,427.0566666666667,10799.999999991,10799.999999991,0.0,True,False
436630,2025-10-31 05:10:00,121.10473272999472,559.3767660714284,438.2720333333333,10799.999999991,10799.999999991,0.0,True,False
436640,2025-10-31 05:20:00,93.18778034904253,561.3217803571429,468.134,10799.999999991,10799.999999991,0.0,True,False
436650,2025-10-31 05:30:00,82.07767856332836,565.2243452380953,483.14666666666665,10799.999999991,10799.999999991,0.0,True,False
436660,2025-10-31 05:40:00,907.8540315395188,1389.1350648809525,481.2810333333333,10799.999999991,10799.999999991,0.0,True,False
437280,2025-10-31 16:00:00,258.50765469590374,801.9176547619047,543.41,10799.999999926666,10799.999999926666,0.0,True,False
437290,2025-10-31 16:10:00,246.3805779101893,801.9305779761902,555.55,10799.999999926666,10799.999999926666,0.0,True,False
437300,2025-10-31 16:20:00,217.26635410066558,793.8756208333332,576.6092666666666,10799.999999926666,10799.999999926666,0.0,True,False
437310,2025-10-31 16:30:00,198.1486666006656,788.5653333333332,590.4166666666666,10799.999999926666,10799.999999926666,0.0,True,False
437320,2025-10-31 16:40:00,215.2737666006657,798.5963833333333,583.3226166666666,10799.999999926666,10799.999999926666,0.0,True,False
437330,2025-10-31 16:50:00,256.8014356482848,786.685869047619,529.8844333333333,10799.999999926666,10799.999999926666,0.0,True,False
437340,2025-10-31 17:00:00,402.5104166006658,851.5470833333334,449.03666666666663,10799.999999926666,10799.999999926666,0.0,True,False
437350,2025-10-31 17:10:00,449.7121701720942,851.0028369047618,401.29066666666665,10799.999999926666,10799.999999926666,0.0,True,False
437360,2025-10-31 17:20:00,428.2436546959038,848.8746047619047,420.63095,10799.999999926666,10799.999999926666,0.0,True,False
437370,2025-10-31 17:30:00,391.69940469590387,851.2327380952381,459.5333333333333,10799.999999926666,10799.999999926666,0.0,True,False
437380,2025-10-31 17:40:00,440.8349207673324,876.6580708333333,435.82315,10799.999999926666,10799.999999926666,0.0,True,False
437390,2025-10-31 17:50:00,366.44101541018955,789.1094821428571,422.66846666666663,10799.999999926666,10799.999999926666,0.0,True,False
437400,2025-10-31 18:00:00,183.5783332673322,637.2883333333332,453.71000000000004,10799.999999926666,10799.999999926666,0.0,True,False
437640,2025-10-31 22:00:00,108.49797620047603,1324.017976190476,382.1866666666666,5582.905438863653,6332.905438854653,749.999999991,False,True
437650,2025-10-31 22:10:00,76.10655358142866,1316.021136904762,406.58125,6332.905438854653,7082.905438844653,749.99999999,False,True
437670,2025-10-31 22:30:00,111.46470239095252,1341.2213690476192,396.4233333333333,7163.131756514224,7913.1317565042245,749.99999999,False,True
437680,2025-10-31 22:40:00,101.78529643857142,1337.970913095238,402.8522833333333,7913.1317565042245,8663.131756494224,749.99999999,False,True
437690,2025-10-31 22:50:00,114.075436914762,1340.1398202380954,392.73105,8663.131756494224,9413.131756485223,749.999999991,False,True
437700,2025-10-31 23:00:00,144.1364881052382,1345.3131547619048,367.8433333333333,9413.131756485223,10163.131756476223,749.999999991,False,True
437710,2025-10-31 23:10:00,93.65505819786698,1179.5610898809525,378.27464999999995,10163.131756476223,10799.999999991,636.868243514777,True,False
437720,2025-10-31 23:20:00,974.1973255871377,1350.762275595238,376.56495,10799.999999991,10799.999999991,0.0,True,False
437730,2025-10-31 23:30:00,990.0273214204711,1356.5906547619047,366.56333333333333,10799.999999991,10799.999999991,0.0,True,False
437740,2025-10-31 23:40:00,952.4966291585664,1353.5775458333333,401.0809166666666,10799.999999991,10799.999999991,0.0,True,False
437750,2025-10-31 23:50:00,97.23388392047113,522.4431839285714,425.2093,10799.999999991,10799.999999991,0.0,True,False
437760,2025-11-01 00:00:00,117.24273808713772,529.1610714285714,411.91833333333335,10799.999999991,10799.999999991,0.0,True,False
437770,2025-11-01 00:10:00,134.91680237285195,525.2910023809522,390.3742,10799.999999991,10799.999999991,0.0,True,False
437780,2025-11-01 00:20:00,130.9352559442806,521.3785559523809,390.44329999999997,10799.999999991,10799.999999991,0.0,True,False
437790,2025-11-01 00:30:00,115.8511309442807,523.5144642857143,407.6633333333333,10799.999999991,10799.999999991,0.0,True,False
437800,2025-11-01 00:40:00,114.69536546809016,527.4207988095238,412.72543333333334,10799.999999991,10799.999999991,0.0,True,False
437810,2025-11-01 00:50:00,119.72551308713784,531.6889964285715,411.96348333333333,10799.999999991,10799.999999991,0.0,True,False
437820,2025-11-01 01:00:00,125.92845237285186,534.6417857142856,408.71333333333337,10799.999999991,10799.999999991,0.0,True,False
437830,2025-11-01 01:10:00,134.6009529680903,534.3245196428572,399.7235666666666,10799.999999991,10799.999999991,0.0,True,False
437840,2025-11-01 01:20:00,128.77230475380438,532.2148047619047,403.4425,10799.999999991,10799.999999991,0.0,True,False
437850,2025-11-01 01:30:00,113.7549404680901,533.1566071428571,419.40166666666664,10799.999999991,10799.999999991,0.0,True,False
437860,2025-11-01 01:40:00,111.84335475380439,540.603988095238,428.7606333333333,10799.999999991,10799.999999991,0.0,True,False
437870,2025-11-01 01:50:00,106.50780356332834,543.1059702380953,436.59816666666666,10799.999999991,10799.999999991,0.0,True,False
437880,2025-11-01 02:00:00,97.12452380142341,539.9945238095237,442.86999999999995,10799.999999991,10799.999999991,0.0,True,False
437890,2025-11-01 02:10:00,102.89659522999486,541.8319285714285,438.93533333333335,10799.999999991,10799.999999991,0.0,True,False
437900,2025-11-01 02:20:00,118.31918272999494,546.1002660714286,427.7810833333333,10799.999999991,10799.999999991,0.0,True,False
437910,2025-11-01 02:30:00,122.76065475380446,550.1523214285714,427.39166666666665,10799.999999991,10799.999999991,0.0,True,False
437920,2025-11-01 02:40:00,100.56367856332824,553.8277952380952,453.2641166666666,10799.999999991,10799.999999991,0.0,True,False
437930,2025-11-01 02:50:00,88.84886606332819,553.9485827380952,465.09971666666667,10799.999999991,10799.999999991,0.0,True,False
437940,2025-11-01 03:00:00,97.54011903951877,551.9267857142858,454.38666666666666,10799.999999991,10799.999999991,0.0,True,False
437950,2025-11-01 03:10:00,98.53598153951864,552.2628648809523,453.7268833333333,10799.999999991,10799.999999991,0.0,True,False
437960,2025-11-01 03:20:00,75.31472856332832,550.689111904762,475.3743833333333,10799.999999991,10799.999999991,0.0,True,False
437970,2025-11-01 03:30:00,54.177619039518596,549.8326190476189,495.655,10799.999999991,10799.999999991,0.0,True,False
437980,2025-11-01 03:40:00,81.313133325233,556.7068666666667,475.39373333333333,10799.999999991,10799.999999991,0.0,True,False
437990,2025-11-01 03:50:00,125.18296427761393,559.8617642857142,434.67879999999997,10799.999999991,10799.999999991,0.0,True,False
438000,2025-11-01 04:00:00,149.32815475380445,556.2081547619048,406.88,10799.999999991,10799.999999991,0.0,True,False
438010,2025-11-01 04:10:00,141.2451083252329,554.1966916666665,412.9515833333333,10799.999999991,10799.999999991,0.0,True,False
438020,2025-11-01 04:20:00,123.76697439666165,556.0571244047619,432.2901499999999,10799.999999991,10799.999999991,0.0,True,False
438030,2025-11-01 04:30:00,112.35880951570917,560.7088095238095,448.34999999999997,10799.999999991,10799.999999991,0.0,True,False
438040,2025-11-01 04:40:00,109.72643630142355,565.6160529761905,455.88961666666665,10799.999999991,10799.999999991,0.0,True,False
438050,2025-11-01 04:50:00,129.7142190395186,568.8023857142856,439.08816666666667,10799.999999991,10799.999999991,0.0,True,False
438060,2025-11-01 05:00:00,144.15107142047097,566.9377380952379,422.78666666666663,10799.999999991,10799.999999991,0.0,True,False
438070,2025-11-01 05:10:00,108.92770177761388,559.6111684523809,450.6834666666667,10799.999999991,10799.999999991,0.0,True,False
438080,2025-11-01 05:20:00,92.22201011094731,562.823793452381,470.60178333333334,10799.999999991,10799.999999991,0.0,True,False
438090,2025-11-01 05:30:00,102.84446427761398,566.9177976190476,464.0733333333333,10799.999999991,10799.999999991,0.0,True,False
438100,2025-11-01 05:40:00,94.22574106332814,556.8843577380951,462.65861666666666,10799.999999991,10799.999999991,0.0,True,False
438720,2025-11-01 16:00:00,265.11395237195177,804.260619047619,539.1466666666666,10799.99999999,10799.99999999,0.0,True,False
438730,2025-11-01 16:10:00,201.7413880862375,805.2732214285713,603.5318333333332,10799.99999999,10799.99999999,0.0,True,False
438740,2025-11-01 16:20:00,193.3848523719515,797.3802190476188,603.9953666666667,10799.99999999,10799.99999999,0.0,True,False
438750,2025-11-01 16:30:00,245.49341665766585,791.3767499999999,545.8833333333333,10799.99999999,10799.99999999,0.0,True,False
438760,2025-11-01 16:40:00,250.5411107052849,801.5867607142857,551.04565,10799.99999999,10799.99999999,0.0,True,False
438770,2025-11-01 16:50:00,257.3281446338566,789.8667113095239,532.5385666666666,10799.99999999,10799.99999999,0.0,True,False
438780,2025-11-01 17:00:00,380.0909523719517,851.3342857142857,471.24333333333334,10799.99999999,10799.99999999,0.0,True,False
438790,2025-11-01 17:10:00,400.7517773719517,849.709344047619,448.9575666666666,10799.99999999,10799.99999999,0.0,True,False
438800,2025-11-01 17:20:00,385.253072610047,848.0178059523811,462.7647333333333,10799.99999999,10799.99999999,0.0,True,False
438810,2025-11-01 17:30:00,382.8882738005233,851.6649404761906,468.77666666666664,10799.99999999,10799.99999999,0.0,True,False
438820,2025-11-01 17:40:00,445.5713595148089,876.6565761904762,431.08521666666667,10799.99999999,10799.99999999,0.0,True,False
438830,2025-11-01 17:50:00,372.8345595148088,788.8490095238095,416.01444999999995,10799.99999999,10799.99999999,0.0,True,False
438840,2025-11-01 18:00:00,202.07196427671337,638.0452976190475,435.97333333333336,10799.99999999,10799.99999999,0.0,True,False
439080,2025-11-01 22:00:00,89.55416667666667,1325.5025,402.615,5913.5465594759335,6663.546559466933,749.999999991,False,True
439090,2025-11-01 22:10:00,84.62089108142844,1317.5030244047618,399.5488,6663.546559466933,7413.546559457933,749.999999991,False,True
439110,2025-11-01 22:30:00,137.94476191476178,1341.9064285714285,370.62833333333333,7518.597133556075,8268.597133547075,749.999999991,False,True
439120,2025-11-01 22:40:00,121.10223631952384,1338.5012529761905,384.0656833333333,8268.597133547075,9018.597133537074,749.99999999,False,True
439130,2025-11-01 22:50:00,106.57774346238101,1339.9504767857143,400.03939999999994,9018.597133537074,9768.597133528074,749.999999991,False,True
439140,2025-11-01 23:00:00,108.00142858142861,1344.3680952380953,403.0333333333333,9768.597133528074,10518.597133519073,749.999999991,False,True
439150,2025-11-01 23:10:00,457.0116546326645,1178.9022229348052,409.2207166666667,10518.597133519073,10799.999999991,281.4028664719266,True,False
439160,2025-11-01 23:20:00,933.0350601109475,1349.450893452381,416.4158333333333,10799.999999991,10799.999999991,0.0,True,False
439170,2025-11-01 23:30:00,944.6596428490425,1354.2346428571427,409.57499999999993,10799.999999991,10799.999999991,0.0,True,False
439180,2025-11-01 23:40:00,961.5215166585664,1352.5032333333334,390.98171666666667,10799.999999991,10799.999999991,0.0,True,False
439190,2025-11-01 23:50:00,65.98714820618537,522.7205148809524,456.73336666666665,10799.999999991,10799.999999991,0.0,True,False
446410,2025-11-07 00:10:00,135.0904131052382,1357.175629761905,388.75188333333335,8151.8461621629,8901.8461621529,749.99999999,False,True
446420,2025-11-07 00:20:00,109.72350417666665,1352.7367875,409.67994999999996,8901.8461621529,9651.8461621439,749.999999991,False,True
446490,2025-11-07 01:30:00,1.5948826569839474,534.4027976190475,443.57499999999993,10719.690376525143,10799.999999991,80.30962346585729,True,False
446500,2025-11-07 01:40:00,99.45786130142343,543.0030779761904,443.54521666666665,10799.999999991,10799.999999991,0.0,True,False
446510,2025-11-07 01:50:00,98.01284761094732,545.2956976190476,447.28284999999994,10799.999999991,10799.999999991,0.0,True,False
446520,2025-11-07 02:00:00,91.93874999189964,540.6637499999999,448.72499999999997,10799.999999991,10799.999999991,0.0,True,False
446530,2025-11-07 02:10:00,102.12764522999484,541.0390119047618,438.9113666666666,10799.999999991,10799.999999991,0.0,True,False
446540,2025-11-07 02:20:00,103.48894463475685,545.7840779761905,442.2951333333333,10799.999999991,10799.999999991,0.0,True,False
446550,2025-11-07 02:30:00,91.6956547538044,551.5906547619047,459.895,10799.999999991,10799.999999991,0.0,True,False
446560,2025-11-07 02:40:00,90.58631665856629,555.6519999999999,465.0656833333333,10799.999999991,10799.999999991,0.0,True,False
446570,2025-11-07 02:50:00,105.85011189666162,554.8680619047619,449.01795,10799.999999991,10799.999999991,0.0,True,False
446580,2025-11-07 03:00:00,125.21148808713778,552.3398214285714,427.12833333333333,10799.999999991,10799.999999991,0.0,True,False
446590,2025-11-07 03:10:00,129.29979106332829,553.9060910714286,424.6063,10799.999999991,10799.999999991,0.0,True,False
446600,2025-11-07 03:20:00,122.50636249189964,551.8729291666666,429.36656666666664,10799.999999991,10799.999999991,0.0,True,False
446610,2025-11-07 03:30:00,112.21416665856631,549.6908333333333,437.4766666666667,10799.999999991,10799.999999991,0.0,True,False
446620,2025-11-07 03:40:00,103.8402571347568,558.4024071428571,454.56215,10799.999999991,10799.999999991,0.0,True,False
446630,2025-11-07 03:50:00,106.66864761094737,561.865630952381,455.1969833333333,10799.999999991,10799.999999991,0.0,True,False
446640,2025-11-07 04:00:00,116.43291665856631,555.94625,439.5133333333333,10799.999999991,10799.999999991,0.0,True,False
446650,2025-11-07 04:10:00,120.00306844428056,552.7936184523809,432.79055,10799.999999991,10799.999999991,0.0,True,False
446660,2025-11-07 04:20:00,126.25579761094716,553.8588142857142,427.6030166666667,10799.999999991,10799.999999991,0.0,True,False
446670,2025-11-07 04:30:00,132.81523808713777,558.2685714285714,425.45333333333326,10799.999999991,10799.999999991,0.0,True,False
446680,2025-11-07 04:40:00,128.03086963475673,564.5510529761904,436.5201833333333,10799.999999991,10799.999999991,0.0,True,False
446690,2025-11-07 04:50:00,129.6454232061853,566.8581898809523,437.21276666666665,10799.999999991,10799.999999991,0.0,True,False
446700,2025-11-07 05:00:00,136.4454761823758,563.9871428571428,427.54166666666663,10799.999999991,10799.999999991,0.0,True,False
446710,2025-11-07 05:10:00,127.87547142047109,561.2640214285714,433.38854999999995,10799.999999991,10799.999999991,0.0,True,False
446720,2025-11-07 05:20:00,111.80232380142341,566.3137738095237,454.51144999999997,10799.999999991,10799.999999991,0.0,True,False
446730,2025-11-07 05:30:00,99.61398808713781,568.2706547619048,468.65666666666664,10799.999999991,10799.999999991,0.0,True,False
446740,2025-11-07 05:40:00,938.9542243966616,1392.4756410714285,453.5214166666666,10799.999999991,10799.999999991,0.0,True,False
446750,2025-11-07 05:50:00,167.67323272999502,613.0026660714286,445.3294333333333,10799.999999991,10799.999999991,0.0,True,False
447360,2025-11-07 16:00:00,234.26352380052296,824.5235238095238,590.26,10799.99999999,10799.99999999,0.0,True,False
447370,2025-11-07 16:10:00,259.9268916576659,823.116275,563.1893833333334,10799.99999999,10799.99999999,0.0,True,False
447380,2025-11-07 16:20:00,271.3552238005233,815.1330904761905,543.7778666666666,10799.99999999,10799.99999999,0.0,True,False
447390,2025-11-07 16:30:00,257.77608332433283,811.7744166666668,553.9983333333332,10799.99999999,10799.99999999,0.0,True,False
447400,2025-11-07 16:40:00,257.5658488005234,822.202798809524,564.63695,10799.99999999,10799.99999999,0.0,True,False
447410,2025-11-07 16:50:00,301.3831898719516,811.2345398809523,509.85134999999997,10799.99999999,10799.99999999,0.0,True,False
447420,2025-11-07 17:00:00,422.07970237195167,854.5430357142857,432.46333333333337,10799.99999999,10799.99999999,0.0,True,False
447430,2025-11-07 17:10:00,404.39502201480883,849.5231386904762,445.12811666666664,10799.99999999,10799.99999999,0.0,True,False
447440,2025-11-07 17:20:00,373.117561300523,846.954244642857,473.8366833333333,10799.99999999,10799.99999999,0.0,True,False
447450,2025-11-07 17:30:00,376.4180952290942,852.5914285714282,476.1733333333333,10799.99999999,10799.99999999,0.0,True,False
447460,2025-11-07 17:40:00,397.69901487195176,876.5384648809525,478.83945,10799.99999999,10799.99999999,0.0,True,False
447470,2025-11-07 17:50:00,320.3830095148088,788.6572428571428,468.2742333333333,10799.99999999,10799.99999999,0.0,True,False
447480,2025-11-07 18:00:00,186.94065475290395,640.2806547619047,453.34,10799.99999999,10799.99999999,0.0,True,False
447720,2025-11-07 22:00:00,146.53952381952388,1328.9411904761905,349.06833333333327,5716.329644178312,6466.329644169312,749.999999991,False,True
447730,2025-11-07 22:10:00,111.04686905761899,1319.7328857142857,375.35268333333335,6466.329644169312,7216.329644160312,749.999999991,False,True
447750,2025-11-07 22:30:00,97.92982143857135,1341.9031547619047,410.64,7305.13719772274,8055.13719771274,749.99999999,False,True
447760,2025-11-07 22:40:00,90.84876667666661,1337.3643,413.18219999999997,8055.13719771274,8805.13719770274,749.99999999,False,True
447770,2025-11-07 22:50:00,83.26576191476168,1339.705445238095,423.10635,8805.13719770274,9555.137197693739,749.999999991,False,True
447780,2025-11-07 23:00:00,84.06476191476189,1345.7764285714286,428.37833333333333,9555.137197693739,10305.137197684739,749.999999991,False,True
447790,2025-11-07 23:10:00,212.98408473907466,1178.6381261904762,415.80648333333335,10305.137197684739,10799.999999991,494.8628023062614,True,False
447800,2025-11-07 23:20:00,944.4284505871377,1348.123700595238,403.69525,10799.999999991,10799.999999991,0.0,True,False
447810,2025-11-07 23:30:00,958.3055952299949,1354.4655952380951,396.15999999999997,10799.999999991,10799.999999991,0.0,True,False
447820,2025-11-07 23:40:00,969.3741940395187,1354.5553607142856,385.1811666666666,10799.999999991,10799.999999991,0.0,True,False
447830,2025-11-07 23:50:00,122.78093153951872,523.6710482142857,400.8901166666667,10799.999999991,10799.999999991,0.0,True,False
447840,2025-11-08 00:00:00,89.0722618966615,527.4522619047618,438.38,10799.999999991,10799.999999991,0.0,True,False
447850,2025-11-08 00:10:00,69.47031130142344,522.3023779761904,452.83206666666666,10799.999999991,10799.999999991,0.0,True,False
447860,2025-11-08 00:20:00,96.63865951570912,518.2342928571428,421.59563333333335,10799.999999991,10799.999999991,0.0,True,False
447870,2025-11-08 00:30:00,136.3238690395186,522.1138690476189,385.78999999999996,10799.999999991,10799.999999991,0.0,True,False
447880,2025-11-08 00:40:00,121.35232022999483,530.5065202380952,409.1542,10799.999999991,10799.999999991,0.0,True,False
447890,2025-11-08 00:50:00,113.56255475380433,532.8353547619047,419.2728,10799.999999991,10799.999999991,0.0,True,False
447900,2025-11-08 01:00:00,122.5616666585664,529.6233333333333,407.0616666666666,10799.999999991,10799.999999991,0.0,True,False
447910,2025-11-08 01:10:00,97.69829761094732,530.7111142857143,433.01281666666665,10799.999999991,10799.999999991,0.0,True,False
447920,2025-11-08 01:20:00,85.43226368237592,532.3801803571429,446.94791666666663,10799.999999991,10799.999999991,0.0,True,False
447930,2025-11-08 01:30:00,96.02601189666146,535.1976785714285,439.1716666666667,10799.999999991,10799.999999991,0.0,True,False
447940,2025-11-08 01:40:00,96.24787439666156,543.4697577380952,447.22188333333327,10799.999999991,10799.999999991,0.0,True,False
447950,2025-11-08 01:50:00,121.30228034904249,545.8268970238095,424.52461666666665,10799.999999991,10799.999999991,0.0,True,False
447960,2025-11-08 02:00:00,150.61613094428057,541.2827976190475,390.66666666666663,10799.999999991,10799.999999991,0.0,True,False
447970,2025-11-08 02:10:00,121.17973689666152,540.8580369047619,419.67830000000004,10799.999999991,10799.999999991,0.0,True,False
447980,2025-11-08 02:20:00,92.0529124918996,545.9426458333332,453.8897333333333,10799.999999991,10799.999999991,0.0,True,False
447990,2025-11-08 02:30:00,98.3386904680901,552.9503571428571,454.6116666666667,10799.999999991,10799.999999991,0.0,True,False
448000,2025-11-08 02:40:00,118.20445177761403,556.686268452381,438.48181666666665,10799.999999991,10799.999999991,0.0,True,False
448010,2025-11-08 02:50:00,124.0622190395188,555.3611023809524,431.29888333333326,10799.999999991,10799.999999991,0.0,True,False
448020,2025-11-08 03:00:00,106.98446427761402,552.566130952381,445.5816666666666,10799.999999991,10799.999999991,0.0,True,False
448030,2025-11-08 03:10:00,85.83968332523298,553.3552999999999,467.51561666666663,10799.999999991,10799.999999991,0.0,True,False
448040,2025-11-08 03:20:00,109.25353511094724,551.1940017857142,441.9404666666667,10799.999999991,10799.999999991,0.0,True,False
448050,2025-11-08 03:30:00,154.37660713475682,549.5982738095238,395.22166666666664,10799.999999991,10799.999999991,0.0,True,False
448060,2025-11-08 03:40:00,148.84330832523287,558.4754249999999,409.63211666666666,10799.999999991,10799.999999991,0.0,True,False
448070,2025-11-08 03:50:00,134.91787201570915,562.1016220238095,427.18375,10799.999999991,10799.999999991,0.0,True,False
448080,2025-11-08 04:00:00,136.4632142776139,556.2398809523809,419.77666666666664,10799.999999991,10799.999999991,0.0,True,False
448090,2025-11-08 04:10:00,132.85349880142346,552.4998154761904,419.6463166666666,10799.999999991,10799.999999991,0.0,True,False
448100,2025-11-08 04:20:00,117.81245475380436,553.6547047619047,435.84225,10799.999999991,10799.999999991,0.0,True,False
448110,2025-11-08 04:30:00,103.06309522999479,558.4114285714285,455.34833333333336,10799.999999991,10799.999999991,0.0,True,False
448120,2025-11-08 04:40:00,107.7329249918997,563.6385583333333,455.9056333333333,10799.999999991,10799.999999991,0.0,True,False
448130,2025-11-08 04:50:00,124.88205475380431,565.6102214285713,440.72816666666665,10799.999999991,10799.999999991,0.0,True,False
448140,2025-11-08 05:00:00,137.61744046809005,563.254107142857,425.63666666666666,10799.999999991,10799.999999991,0.0,True,False
448150,2025-11-08 05:10:00,134.013977372852,560.1298273809523,426.11584999999997,10799.999999991,10799.999999991,0.0,True,False
448160,2025-11-08 05:20:00,133.5925773728521,566.176844047619,432.5842666666666,10799.999999991,10799.999999991,0.0,True,False
448170,2025-11-08 05:30:00,128.27613094428042,569.8744642857141,441.59833333333336,10799.999999991,10799.999999991,0.0,True,False
448180,2025-11-08 05:40:00,103.07896784904264,559.9434345238096,456.86446666666666,10799.999999991,10799.999999991,0.0,True,False
448190,2025-11-08 05:50:00,150.82017796809012,612.6449779761904,461.8248,10799.999999991,10799.999999991,0.0,True,False
448800,2025-11-08 16:00:00,285.14275713174334,839.0196238095239,548.9166666666666,10795.535819979998,10799.99999999,4.464180010002459,True,False
448810,2025-11-08 16:10:00,277.04811963385725,832.8538029761912,555.8056833333333,10799.99999999,10799.99999999,0.0,True,False
448820,2025-11-08 16:20:00,248.5118089195714,825.2446755952387,576.7328666666666,10799.99999999,10799.99999999,0.0,True,False
448830,2025-11-08 16:30:00,228.74192380052335,821.7185904761907,592.9766666666667,10799.99999999,10799.99999999,0.0,True,False
448840,2025-11-08 16:40:00,265.9950154671901,831.8743821428574,565.8793666666666,10799.99999999,10799.99999999,0.0,True,False
448850,2025-11-08 16:50:00,314.2779648719516,820.825981547619,506.5480166666667,10799.99999999,10799.99999999,0.0,True,False
448860,2025-11-08 17:00:00,400.07130951480906,853.9546428571431,453.8833333333333,10799.99999999,10799.99999999,0.0,True,False
448870,2025-11-08 17:10:00,404.1689059433802,849.3782226190475,445.20931666666667,10799.99999999,10799.99999999,0.0,True,False
448880,2025-11-08 17:20:00,394.61428034814196,847.1634470238093,452.5491666666667,10799.99999999,10799.99999999,0.0,True,False
448890,2025-11-08 17:30:00,398.70922618147534,852.8808928571427,454.1716666666667,10799.99999999,10799.99999999,0.0,True,False
448900,2025-11-08 17:40:00,426.71063868147564,876.6886886904763,449.97805,10799.99999999,10799.99999999,0.0,True,False
448910,2025-11-08 17:50:00,352.6410136814755,788.7370303571429,436.0960166666667,10799.99999999,10799.99999999,0.0,True,False
448920,2025-11-08 18:00:00,218.57422618147544,640.5692261904761,421.99499999999995,10799.99999999,10799.99999999,0.0,True,False
449160,2025-11-08 22:00:00,115.22547620047634,1328.7138095238097,380.155,5781.5196165989455,6531.519616589945,749.999999991,False,True
449170,2025-11-08 22:10:00,95.0144196528572,1319.3431029761905,390.99535,6531.519616589945,7281.519616580945,749.999999991,False,True
449190,2025-11-08 22:30:00,102.65565477190465,1340.808988095238,404.82,7369.201720679088,8119.2017206700875,749.999999991,False,True
449200,2025-11-08 22:40:00,109.41315715285712,1337.206257142857,394.45976666666667,8119.2017206700875,8869.201720661087,749.999999991,False,True
449210,2025-11-08 22:50:00,113.09602917666665,1340.1270458333333,393.6976833333333,8869.201720661087,9619.201720651086,749.99999999,False,True
449220,2025-11-08 23:00:00,118.48303572428561,1346.191369047619,394.375,9619.201720651086,10369.201720642086,749.999999991,False,True
449230,2025-11-08 23:10:00,318.91033979825886,1179.4743279626077,381.8992333333333,10369.201720642086,10799.99999999,430.798279347914,True,False
449240,2025-11-08 23:20:00,952.641648800523,1348.1968154761903,395.55516666666665,10799.99999999,10799.99999999,0.0,True,False
449250,2025-11-08 23:30:00,943.9991666576658,1353.2158333333332,409.2166666666667,10799.99999999,10799.99999999,0.0,True,False
449260,2025-11-08 23:40:00,981.6207428481422,1353.9130761904762,372.2923333333333,10799.99999999,10799.99999999,0.0,True,False
449270,2025-11-08 23:50:00,82.16875713385642,523.4285071428571,441.25975,10799.99999999,10799.99999999,0.0,True,False
450680,2025-11-09 23:20:00,5.648816676666903,1348.7887500000002,509.80659999999995,5993.498175615898,6743.498175605898,749.99999999,False,True
455380,2025-11-13 05:40:00,2.165129771904609,1392.855413095238,557.35695,8290.39490238558,9040.39490237558,749.99999999,False,True
456490,2025-11-14 00:10:00,123.6305791766665,1354.9347458333332,397.9708333333333,8267.087689233007,9017.087689223006,749.99999999,False,True
456500,2025-11-14 00:20:00,90.89135358142833,1352.5342035714284,428.3095166666667,9017.087689223006,9767.087689214006,749.999999991,False,True
456570,2025-11-14 01:30:00,21.190148133174993,539.2182738095237,434.5,10724.824686882286,10799.999999991,75.17531310871381,True,False
456580,2025-11-14 01:40:00,123.23080832523291,543.6681416666665,420.4373333333333,10799.999999991,10799.999999991,0.0,True,False
456590,2025-11-14 01:50:00,104.62446665856632,543.4005833333333,438.77611666666667,10799.999999991,10799.999999991,0.0,True,False
456600,2025-11-14 02:00:00,67.8048214204712,539.5364880952382,471.7316666666666,10799.999999991,10799.999999991,0.0,True,False
456610,2025-11-14 02:10:00,92.64283570618525,539.3893523809522,446.74651666666665,10799.999999991,10799.999999991,0.0,True,False
456620,2025-11-14 02:20:00,109.52537975380434,544.761513095238,435.2361333333333,10799.999999991,10799.999999991,0.0,True,False
456630,2025-11-14 02:30:00,100.9661309442807,552.1394642857143,451.1733333333333,10799.999999991,10799.999999991,0.0,True,False
456640,2025-11-14 02:40:00,117.86024403951885,555.7243940476192,437.86415,10799.999999991,10799.999999991,0.0,True,False
456650,2025-11-14 02:50:00,124.26002261094729,555.973905952381,431.71388333333334,10799.999999991,10799.999999991,0.0,True,False
456660,2025-11-14 03:00:00,106.75130951570927,554.4129761904762,447.66166666666663,10799.999999991,10799.999999991,0.0,True,False
456670,2025-11-14 03:10:00,94.4824470157092,551.9471136904762,457.46466666666663,10799.999999991,10799.999999991,0.0,True,False
456680,2025-11-14 03:20:00,104.8342767776139,549.2894101190475,444.45513333333326,10799.999999991,10799.999999991,0.0,True,False
456690,2025-11-14 03:30:00,127.66476189666147,550.0447619047618,422.38,10799.999999991,10799.999999991,0.0,True,False
456700,2025-11-14 03:40:00,134.95576606332835,557.4370827380953,422.48131666666666,10799.999999991,10799.999999991,0.0,True,False
456710,2025-11-14 03:50:00,124.40933272999499,561.790849404762,437.38151666666664,10799.999999991,10799.999999991,0.0,True,False
456720,2025-11-14 04:00:00,120.65577380142352,558.3741071428572,437.7183333333333,10799.999999991,10799.999999991,0.0,True,False
456730,2025-11-14 04:10:00,145.8556089204712,552.0083922619049,406.15278333333333,10799.999999991,10799.999999991,0.0,True,False
456740,2025-11-14 04:20:00,135.71167677761375,552.4287934523808,416.7171166666667,10799.999999991,10799.999999991,0.0,True,False
456750,2025-11-14 04:30:00,103.18482142047114,559.1848214285715,456.0,10799.999999991,10799.999999991,0.0,True,False
456760,2025-11-14 04:40:00,125.23582737285207,562.839094047619,437.6032666666666,10799.999999991,10799.999999991,0.0,True,False
456770,2025-11-14 04:50:00,141.3519934442807,563.237293452381,421.8853,10799.999999991,10799.999999991,0.0,True,False
456780,2025-11-14 05:00:00,121.6686309442807,561.1969642857143,439.5283333333333,10799.999999991,10799.999999991,0.0,True,False
456790,2025-11-14 05:10:00,99.62407142047098,558.4395880952379,458.8155166666666,10799.999999991,10799.999999991,0.0,True,False
456800,2025-11-14 05:20:00,96.32246189666164,565.1242285714286,468.8017666666666,10799.999999991,10799.999999991,0.0,True,False
456810,2025-11-14 05:30:00,103.45416665856649,569.1591666666668,465.705,10799.999999991,10799.999999991,0.0,True,False
456820,2025-11-14 05:40:00,938.8877868966616,1391.773336904762,452.88554999999997,10799.999999991,10799.999999991,0.0,True,False
456830,2025-11-14 05:50:00,157.1260291585664,612.5333458333334,455.4073166666667,10799.999999991,10799.999999991,0.0,True,False
457440,2025-11-14 16:00:00,292.91574278213795,849.4040761904761,556.4883333333332,10799.999999916661,10799.999999916661,0.0,True,False
457450,2025-11-14 16:10:00,300.9997171868999,849.0218505952381,548.0221333333333,10799.999999916661,10799.999999916661,0.0,True,False
457460,2025-11-14 16:20:00,277.095774329757,845.5640577380951,568.4682833333333,10799.999999916661,10799.999999916661,0.0,True,False
457470,2025-11-14 16:30:00,252.12854040118526,844.1885404761903,592.06,10799.999999916661,10799.999999916661,0.0,True,False
457480,2025-11-14 16:40:00,268.90290111547125,850.8799511904762,581.97705,10799.999999916661,10799.999999916661,0.0,True,False
457490,2025-11-14 16:50:00,319.45747552023306,837.6947089285713,518.2372333333333,10799.999999916661,10799.999999916661,0.0,True,False
457500,2025-11-14 17:00:00,409.18678563928074,855.4667857142856,446.28,10799.999999916661,10799.999999916661,0.0,True,False
457510,2025-11-14 17:10:00,412.373817782138,852.8435845238096,440.46976666666666,10799.999999916661,10799.999999916661,0.0,True,False
457520,2025-11-14 17:20:00,401.95458385356653,850.9573172619048,449.0027333333333,10799.999999916661,10799.999999916661,0.0,True,False
457530,2025-11-14 17:30:00,414.4213689726142,855.496369047619,441.07499999999993,10799.999999916661,10799.999999916661,0.0,True,False
457540,2025-11-14 17:40:00,441.90721599642364,877.8109327380953,435.9037166666667,10799.999999916661,10799.999999916661,0.0,True,False
457550,2025-11-14 17:50:00,348.7220564726142,788.4403065476191,439.71824999999995,10799.999999916661,10799.999999916661,0.0,True,False
457560,2025-11-14 18:00:00,189.64011897261406,639.5417857142857,449.90166666666664,10799.999999916661,10799.999999916661,0.0,True,False
457800,2025-11-14 22:00:00,113.73541667666665,1328.8770833333333,381.8083333333333,5654.516374442276,6404.516374432276,749.9999999899999,False,True
457810,2025-11-14 22:10:00,107.37523393857121,1323.0725672619046,382.36400000000003,6404.516374432276,7154.516374422276,749.99999999,False,True
457830,2025-11-14 22:30:00,160.65779762904754,1338.8427976190476,344.8516666666667,7278.5792010204195,8028.579201011419,749.999999991,False,True
457840,2025-11-14 22:40:00,148.92002620047617,1338.2523261904762,355.99896666666666,8028.579201011419,8778.57920100142,749.99999999,False,True
457850,2025-11-14 22:50:00,134.3342017957143,1341.6904851190477,374.02295000000004,8778.57920100142,9528.579200991418,749.99999999,False,True
457860,2025-11-14 23:00:00,130.0412500100001,1344.8779166666668,381.50333333333333,9528.579200991418,10278.579200982418,749.999999991,False,True
457870,2025-11-14 23:10:00,209.74964892014714,1180.792675595238,391.68658333333326,10278.579200982418,10799.99999999,521.4207990075819,True,False
457880,2025-11-14 23:20:00,955.9101738005231,1349.4198571428572,393.5096833333333,10799.99999999,10799.99999999,0.0,True,False
457890,2025-11-14 23:30:00,956.6359523719516,1349.677619047619,393.04166666666663,10799.99999999,10799.99999999,0.0,True,False
457900,2025-11-14 23:40:00,938.2151017767136,1348.313268452381,410.09816666666666,10799.99999999,10799.99999999,0.0,True,False
457910,2025-11-14 23:50:00,94.90174880052311,520.4495654761905,425.5478166666667,10799.99999999,10799.99999999,0.0,True,False
457920,2025-11-15 00:00:00,104.71892856242775,527.0639285714285,422.345,10799.99999999,10799.99999999,0.0,True,False
457930,2025-11-15 00:10:00,117.33695534814208,521.0143886904762,403.67743333333334,10799.99999999,10799.99999999,0.0,True,False
457940,2025-11-15 00:20:00,116.62821546718968,520.0539488095237,403.4257333333333,10799.99999999,10799.99999999,0.0,True,False
457950,2025-11-15 00:30:00,108.49958332433263,528.0179166666667,419.5183333333333,10799.99999999,10799.99999999,0.0,True,False
457960,2025-11-15 00:40:00,111.21017141957063,530.6917047619047,419.48153333333335,10799.99999999,10799.99999999,0.0,True,False
457970,2025-11-15 00:50:00,107.6649648719517,529.5477148809524,421.88275,10799.99999999,10799.99999999,0.0,True,False
457980,2025-11-15 01:00:00,100.37440475290398,528.852738095238,428.4783333333333,10799.99999999,10799.99999999,0.0,True,False
457990,2025-11-15 01:10:00,108.76917915766583,530.8285624999999,422.0593833333333,10799.99999999,10799.99999999,0.0,True,False
458000,2025-11-15 01:20:00,106.83986546718964,534.9718154761904,428.13195,10799.99999999,10799.99999999,0.0,True,False
458010,2025-11-15 01:30:00,93.30410713385638,539.6324404761904,446.32833333333326,10799.99999999,10799.99999999,0.0,True,False
458020,2025-11-15 01:40:00,96.07028332433262,542.8448333333333,446.77455,10799.99999999,10799.99999999,0.0,True,False
458030,2025-11-15 01:50:00,113.70082796718972,543.3681279761904,429.66729999999995,10799.99999999,10799.99999999,0.0,True,False
458040,2025-11-15 02:00:00,125.65910713385645,541.6307738095238,415.97166666666664,10799.99999999,10799.99999999,0.0,True,False
458050,2025-11-15 02:10:00,114.83630772909439,540.2734577380951,425.43715,10799.99999999,10799.99999999,0.0,True,False
458060,2025-11-15 02:20:00,120.77196249099936,544.5071625,423.73519999999996,10799.99999999,10799.99999999,0.0,True,False
458070,2025-11-15 02:30:00,140.10999999099917,552.2683333333332,412.1583333333333,10799.99999999,10799.99999999,0.0,True,False
458080,2025-11-15 02:40:00,129.19665475290415,555.8224047619049,426.62575,10799.99999999,10799.99999999,0.0,True,False
458090,2025-11-15 02:50:00,110.94421368147536,556.2811970238095,445.33698333333336,10799.99999999,10799.99999999,0.0,True,False
458100,2025-11-15 03:00:00,103.38059522909438,555.3972619047618,452.01666666666665,10799.99999999,10799.99999999,0.0,True,False
458110,2025-11-15 03:10:00,101.16945118147547,553.1093345238095,451.9398833333333,10799.99999999,10799.99999999,0.0,True,False
458120,2025-11-15 03:20:00,94.78746725290407,548.9866505952381,454.1991833333333,10799.99999999,10799.99999999,0.0,True,False
458130,2025-11-15 03:30:00,88.75053570528499,548.323869047619,459.5733333333333,10799.99999999,10799.99999999,0.0,True,False
458140,2025-11-15 03:40:00,96.89162201480886,557.2662886904762,460.37466666666666,10799.99999999,10799.99999999,0.0,True,False
458150,2025-11-15 03:50:00,110.5698690386183,562.6788023809523,452.1089333333333,10799.99999999,10799.99999999,0.0,True,False
458160,2025-11-15 04:00:00,106.9106547529041,558.2673214285714,451.3566666666666,10799.99999999,10799.99999999,0.0,True,False
458170,2025-11-15 04:10:00,75.73858868147553,550.8179053571429,475.0793166666666,10799.99999999,10799.99999999,0.0,True,False
458180,2025-11-15 04:20:00,86.85680415766595,551.9073708333333,465.0505666666666,10799.99999999,10799.99999999,0.0,True,False
458190,2025-11-15 04:30:00,124.87732141957056,559.8389880952379,434.96166666666664,10799.99999999,10799.99999999,0.0,True,False
458200,2025-11-15 04:40:00,108.00853808623745,562.3304380952382,454.32189999999997,10799.99999999,10799.99999999,0.0,True,False
458210,2025-11-15 04:50:00,105.61796606242766,561.9319827380951,456.3140166666667,10799.99999999,10799.99999999,0.0,True,False
458220,2025-11-15 05:00:00,127.26374999099923,560.6320833333333,433.36833333333334,10799.99999999,10799.99999999,0.0,True,False
458230,2025-11-15 05:10:00,111.40402380052299,558.6715238095237,447.2675,10799.99999999,10799.99999999,0.0,True,False
458240,2025-11-15 05:20:00,104.11747677671354,565.9220767857142,461.8046,10799.99999999,10799.99999999,0.0,True,False
458250,2025-11-15 05:30:00,111.14958332433267,569.9495833333334,458.8,10799.99999999,10799.99999999,0.0,True,False
458260,2025-11-15 05:40:00,100.3405493957612,558.4614327380953,458.1208833333333,10799.99999999,10799.99999999,0.0,True,False
458270,2025-11-15 05:50:00,155.36826368147558,612.8611136904763,457.49285,10799.99999999,10799.99999999,0.0,True,False
458880,2025-11-15 16:00:00,249.6517190296173,846.8400523809521,597.1883333333333,10799.999999979998,10799.999999979998,0.0,True,False
458890,2025-11-15 16:10:00,295.7941904581889,845.3785238095236,549.5843333333332,10799.999999979998,10799.999999979998,0.0,True,False
458900,2025-11-15 16:20:00,319.40412438676043,843.8274410714286,524.4233166666667,10799.999999979998,10799.999999979998,0.0,True,False
458910,2025-11-15 16:30:00,287.40999283914124,844.5649928571427,557.155,10799.999999979998,10799.999999979998,0.0,True,False
458920,2025-11-15 16:40:00,272.0937273629509,848.774444047619,576.6807166666666,10799.999999979998,10799.999999979998,0.0,True,False
458930,2025-11-15 16:50:00,320.96927141057,834.3853547619048,513.4160833333333,10799.999999979998,10799.999999979998,0.0,True,False
458940,2025-11-15 17:00:00,434.1932737915223,855.7399404761904,421.5466666666667,10799.999999979998,10799.999999979998,0.0,True,False
458950,2025-11-15 17:10:00,425.50443569628425,853.1104190476191,427.60598333333337,10799.999999979998,10799.999999979998,0.0,True,False
458960,2025-11-15 17:20:00,390.19041188676044,851.5287785714286,461.3383666666667,10799.999999979998,10799.999999979998,0.0,True,False
458970,2025-11-15 17:30:00,392.16095236295104,856.5226190476192,464.3616666666667,10799.999999979998,10799.999999979998,0.0,True,False
458980,2025-11-15 17:40:00,432.1675416486651,877.2413416666666,445.07379999999995,10799.999999979998,10799.999999979998,0.0,True,False
458990,2025-11-15 17:50:00,359.0780880772365,787.867888095238,428.7898,10799.999999979998,10799.999999979998,0.0,True,False
459000,2025-11-15 18:00:00,208.52827379152222,640.456607142857,431.92833333333334,10799.999999979998,10799.999999979998,0.0,True,False
459240,2025-11-15 22:00:00,112.6670238195238,1328.7403571428572,382.74,5624.3874219791605,6374.387421969161,749.9999999899999,False,True
459250,2025-11-15 22:10:00,120.71718215285703,1323.934182142857,369.88366666666667,6374.387421969161,7124.387421959161,749.99999999,False,True
459270,2025-11-15 22:30:00,127.03571429571433,1337.2840476190477,376.91499999999996,7242.435884450161,7992.435884441161,749.999999991,False,True
459280,2025-11-15 22:40:00,120.08752322428585,1336.2727398809525,382.8518833333333,7992.435884441161,8742.435884431161,749.99999999,False,True
459290,2025-11-15 22:50:00,102.6770940576191,1340.0650773809525,404.05465000000004,8742.435884431161,9492.43588442116,749.99999999,False,True
459300,2025-11-15 23:00:00,85.70113096238104,1343.5777976190477,424.54333333333335,9492.43588442116,10242.43588441216,749.999999991,False,True
459310,2025-11-15 23:10:00,139.19626581280488,1179.5580331215162,420.84608333333335,10242.43588441216,10799.99999999,557.5641155778402,True,False
459320,2025-11-15 23:20:00,932.73247796719,1348.1098446428573,415.37736666666666,10799.99999999,10799.99999999,0.0,True,False
459330,2025-11-15 23:30:00,947.8276190386183,1348.3209523809523,400.49333333333334,10799.99999999,10799.99999999,0.0,True,False
459340,2025-11-15 23:40:00,985.1362059433803,1347.252505952381,362.11629999999997,10799.99999999,10799.99999999,0.0,True,False
459350,2025-11-15 23:50:00,100.96103987195156,520.3888898809523,419.42785000000003,10799.99999999,10799.99999999,0.0,True,False
463640,2025-11-18 23:20:00,12.484009533809505,1348.4412761904762,502.6239333333333,5903.2704306867345,6653.270430676735,749.99999999,False,True
466500,2025-11-20 23:00:00,2.9523214385715084,1347.273988095238,510.9883333333333,4745.255646505,5495.255646495,749.99999999,False,True
466570,2025-11-21 00:10:00,127.12209286714277,1355.0587261904761,394.6033,8205.195079675395,8955.195079665395,749.99999999,False,True
466580,2025-11-21 00:20:00,96.32646786714257,1355.105951190476,425.44615,8955.195079665395,9705.195079656394,749.999999991,False,True
466650,2025-11-21 01:30:00,105.5198397998386,540.8777976190476,424.71333333333337,10790.419837953712,10799.999999991,9.580162037288023,True,False
466660,2025-11-21 01:40:00,86.73702618237596,541.9372928571429,455.2002666666666,10799.999999991,10799.999999991,0.0,True,False
466670,2025-11-21 01:50:00,86.26689046809017,543.7628238095239,457.49593333333337,10799.999999991,10799.999999991,0.0,True,False
466680,2025-11-21 02:00:00,99.22410713475685,545.2991071428571,446.07499999999993,10799.999999991,10799.999999991,0.0,True,False
466690,2025-11-21 02:10:00,84.30959403951877,540.900144047619,456.59054999999995,10799.999999991,10799.999999991,0.0,True,False
466700,2025-11-21 02:20:00,92.73120118237583,540.4727678571428,447.74156666666664,10799.999999991,10799.999999991,0.0,True,False
466710,2025-11-21 02:30:00,117.23726189666147,547.5755952380952,430.33833333333337,10799.999999991,10799.999999991,0.0,True,False
466720,2025-11-21 02:40:00,95.4953982061854,555.1861482142857,459.69075,10799.999999991,10799.999999991,0.0,True,False
466730,2025-11-21 02:50:00,71.85753034904266,555.7525970238096,483.8950666666666,10799.999999991,10799.999999991,0.0,True,False
466740,2025-11-21 03:00:00,83.5154761823758,552.4338095238095,468.91833333333335,10799.999999991,10799.999999991,0.0,True,False
466750,2025-11-21 03:10:00,117.30685356332813,554.6497202380951,437.3428666666667,10799.999999991,10799.999999991,0.0,True,False
466760,2025-11-21 03:20:00,102.12238094428054,554.4823642857142,452.35998333333333,10799.999999991,10799.999999991,0.0,True,False
466770,2025-11-21 03:30:00,55.90386903951882,551.7505357142858,495.84666666666664,10799.999999991,10799.999999991,0.0,True,False
466780,2025-11-21 03:40:00,65.27005653951866,555.1196398809523,489.84958333333327,10799.999999991,10799.999999991,0.0,True,False
466790,2025-11-21 03:50:00,81.84627201570927,559.9644553571429,478.1181833333333,10799.999999991,10799.999999991,0.0,True,False
466800,2025-11-21 04:00:00,88.89255951570917,560.0108928571428,471.11833333333334,10799.999999991,10799.999999991,0.0,True,False
466810,2025-11-21 04:10:00,119.3137880871378,553.8538714285714,434.5400833333333,10799.999999991,10799.999999991,0.0,True,False
466820,2025-11-21 04:20:00,139.76222320618538,551.9148898809524,412.1526666666667,10799.999999991,10799.999999991,0.0,True,False
466830,2025-11-21 04:30:00,127.68696427761395,558.0302976190476,430.3433333333333,10799.999999991,10799.999999991,0.0,True,False
466840,2025-11-21 04:40:00,98.0166357061855,565.3737857142858,467.35714999999993,10799.999999991,10799.999999991,0.0,True,False
466850,2025-11-21 04:50:00,100.29960296809017,563.2771029761905,462.97749999999996,10799.999999991,10799.999999991,0.0,True,False
466860,2025-11-21 05:00:00,125.67458332523304,556.6195833333334,430.945,10799.999999991,10799.999999991,0.0,True,False
466870,2025-11-21 05:10:00,120.45921844428071,561.0619517857143,440.6027333333333,10799.999999991,10799.999999991,0.0,True,False
466880,2025-11-21 05:20:00,116.21546546809019,569.6408988095238,453.42543333333333,10799.999999991,10799.999999991,0.0,True,False
466890,2025-11-21 05:30:00,109.77904761094717,566.4673809523808,456.68833333333333,10799.999999991,10799.999999991,0.0,True,False
466900,2025-11-21 05:40:00,910.969951777614,1386.8150017857142,475.84504999999996,10799.999999991,10799.999999991,0.0,True,False
466910,2025-11-21 05:50:00,133.88626844428066,610.4284351190477,476.5421666666667,10799.999999991,10799.999999991,0.0,True,False
467460,2025-11-21 15:00:00,3.804835724285673,1402.4531690476192,565.3149999999999,9065.521994092062,9815.52199408206,749.99999999,False,True
467470,2025-11-21 15:10:00,26.14731012904769,1402.7060101190477,543.2253666666666,9815.52199408206,10565.52199407206,749.99999999,False,True
467500,2025-11-21 15:40:00,4.075473836678035,563.7027642857142,554.7004833333333,10795.565873586867,10799.999999991,4.434126404132617,True,False
467510,2025-11-21 15:50:00,4.225724991899915,562.8868083333335,558.6610833333333,10799.999999991,10799.999999991,0.0,True,False
467520,2025-11-21 16:00:00,269.0925499918997,865.22255,596.13,10799.999999991,10799.999999991,0.0,True,False
467530,2025-11-21 16:10:00,299.3517428490426,864.3276595238096,564.9759166666666,10799.999999991,10799.999999991,0.0,True,False
467540,2025-11-21 16:20:00,332.87646368237597,864.5276970238095,531.6512333333333,10799.999999991,10799.999999991,0.0,True,False
467550,2025-11-21 16:30:00,324.1720738014237,866.9420738095239,542.77,10799.999999991,10799.999999991,0.0,True,False
467560,2025-11-21 16:40:00,302.30854820618543,869.4080815476191,567.0995333333333,10799.999999991,10799.999999991,0.0,True,False
467570,2025-11-21 16:50:00,333.5055339204713,855.3914505952382,521.8859166666666,10799.999999991,10799.999999991,0.0,True,False
467580,2025-11-21 17:00:00,416.931488087138,859.9698214285715,443.0383333333333,10799.999999991,10799.999999991,0.0,True,False
467590,2025-11-21 17:10:00,409.23277142047124,856.3839547619048,447.1511833333333,10799.999999991,10799.999999991,0.0,True,False
467600,2025-11-21 17:20:00,399.3824857061855,854.0557857142858,454.6733,10799.999999991,10799.999999991,0.0,True,False
467610,2025-11-21 17:30:00,420.79279761094745,858.6244642857143,437.8316666666666,10799.999999991,10799.999999991,0.0,True,False
467620,2025-11-21 17:40:00,424.8731499918998,876.0367666666667,451.1636166666666,10799.999999991,10799.999999991,0.0,True,False
467630,2025-11-21 17:50:00,316.8006982061853,787.0993982142855,470.29869999999994,10799.999999991,10799.999999991,0.0,True,False
467640,2025-11-21 18:00:00,172.83946427761393,642.4277976190476,469.58833333333337,10799.999999991,10799.999999991,0.0,True,False
467880,2025-11-21 22:00:00,123.74476191476207,1327.8364285714288,370.7583333333333,5835.75624634201,6585.75624633201,749.99999999,False,True
467890,2025-11-21 22:10:00,122.40090893857153,1324.4527422619049,368.7185,6585.75624633201,7335.75624632301,749.999999991,False,True
467910,2025-11-21 22:30:00,116.7899404861905,1339.3182738095238,389.195,7450.577978456867,8200.577978447867,749.999999991,False,True
467920,2025-11-21 22:40:00,89.63697381952373,1336.595257142857,413.62494999999996,8200.577978447867,8950.577978438867,749.999999991,False,True
467930,2025-11-21 22:50:00,92.37212262904755,1340.6186226190475,414.9131666666666,8950.577978438867,9700.577978428866,749.99999999,False,True
467940,2025-11-21 23:00:00,117.55988096238057,1345.668214285714,394.775,9700.577978428866,10450.577978419866,749.999999991,False,True
467950,2025-11-21 23:10:00,392.6084153188986,1179.8055226190477,398.9504166666666,10450.577978419866,10799.99999999,349.42202157013423,True,False
467960,2025-11-21 23:20:00,948.6399154671899,1344.8456821428572,396.2057666666666,10799.99999999,10799.99999999,0.0,True,False
467970,2025-11-21 23:30:00,949.8767261814754,1343.7450595238095,393.86833333333334,10799.99999999,10799.99999999,0.0,True,False
467980,2025-11-21 23:40:00,919.1287458243329,1345.3844625000002,426.2557166666666,10799.99999999,10799.99999999,0.0,True,False
467990,2025-11-21 23:50:00,109.99528213385642,517.9824988095238,407.98721666666665,10799.99999999,10799.99999999,0.0,True,False
468000,2025-11-22 00:00:00,155.40440475290396,523.3694047619047,367.965,10799.99999999,10799.99999999,0.0,True,False
468010,2025-11-22 00:10:00,102.63385951480879,521.5907928571428,418.95693333333327,10799.99999999,10799.99999999,0.0,True,False
468020,2025-11-22 00:20:00,86.02218451480891,523.1765178571429,437.1543333333333,10799.99999999,10799.99999999,0.0,True,False
468030,2025-11-22 00:30:00,123.17255951480885,528.6758928571429,405.50333333333333,10799.99999999,10799.99999999,0.0,True,False
468040,2025-11-22 00:40:00,99.61360713385639,528.6316571428571,429.01804999999996,10799.99999999,10799.99999999,0.0,True,False
468050,2025-11-22 00:50:00,95.06063570528497,530.4022857142857,435.34164999999996,10799.99999999,10799.99999999,0.0,True,False
468060,2025-11-22 01:00:00,130.00845237195162,534.2217857142857,404.21333333333337,10799.99999999,10799.99999999,0.0,True,False
468070,2025-11-22 01:10:00,134.4430035624279,532.9282535714286,398.48525,10799.99999999,10799.99999999,0.0,True,False
468080,2025-11-22 01:20:00,115.63640475290399,535.1897214285714,419.55331666666666,10799.99999999,10799.99999999,0.0,True,False
468090,2025-11-22 01:30:00,107.31208332433252,541.6937499999999,434.38166666666666,10799.99999999,10799.99999999,0.0,True,False
468100,2025-11-22 01:40:00,131.86496665766586,544.0170999999999,412.1521333333333,10799.99999999,10799.99999999,0.0,True,False
468110,2025-11-22 01:50:00,144.71752975290403,545.2831464285714,400.56561666666664,10799.99999999,10799.99999999,0.0,True,False
468120,2025-11-22 02:00:00,130.803392848142,545.5617261904761,414.7583333333333,10799.99999999,10799.99999999,0.0,True,False
468130,2025-11-22 02:10:00,113.95845118147545,541.6283178571429,427.6698666666667,10799.99999999,10799.99999999,0.0,True,False
468140,2025-11-22 02:20:00,90.12270653861819,541.0647065476189,450.942,10799.99999999,10799.99999999,0.0,True,False
468150,2025-11-22 02:30:00,88.07761903861828,547.2292857142857,459.15166666666664,10799.99999999,10799.99999999,0.0,True,False
468160,2025-11-22 02:40:00,139.45279106242774,555.3903744047618,415.93758333333335,10799.99999999,10799.99999999,0.0,True,False
468170,2025-11-22 02:50:00,132.59019761004694,556.9123476190476,424.32214999999997,10799.99999999,10799.99999999,0.0,True,False
468180,2025-11-22 03:00:00,70.11380951480871,553.3971428571427,483.2833333333333,10799.99999999,10799.99999999,0.0,True,False
468190,2025-11-22 03:10:00,69.02094999099907,554.1165166666665,485.0955666666667,10799.99999999,10799.99999999,0.0,True,False
468200,2025-11-22 03:20:00,102.1118434433802,554.7696434523809,452.6578,10799.99999999,10799.99999999,0.0,True,False
468210,2025-11-22 03:30:00,115.79178570528498,554.250119047619,438.4583333333333,10799.99999999,10799.99999999,0.0,True,False
468220,2025-11-22 03:40:00,88.92092082433246,556.8188708333332,467.89795000000004,10799.99999999,10799.99999999,0.0,True,False
468230,2025-11-22 03:50:00,81.63811784814217,561.2249345238096,479.58681666666666,10799.99999999,10799.99999999,0.0,True,False
468240,2025-11-22 04:00:00,99.07380951480886,561.547142857143,462.47333333333336,10799.99999999,10799.99999999,0.0,True,False
468250,2025-11-22 04:10:00,92.44003451480867,553.429351190476,460.98931666666664,10799.99999999,10799.99999999,0.0,True,False
468260,2025-11-22 04:20:00,95.6904136814754,551.0175136904761,455.3271,10799.99999999,10799.99999999,0.0,True,False
468270,2025-11-22 04:30:00,109.68238094338025,558.7407142857143,449.0583333333333,10799.99999999,10799.99999999,0.0,True,False
468280,2025-11-22 04:40:00,99.08138332433262,566.3269,467.2455166666667,10799.99999999,10799.99999999,0.0,True,False
468290,2025-11-22 04:50:00,99.82348511004702,562.9738517857144,463.1503666666666,10799.99999999,10799.99999999,0.0,True,False
468300,2025-11-22 05:00:00,111.80821427671353,555.2715476190476,443.46333333333337,10799.99999999,10799.99999999,0.0,True,False
468310,2025-11-22 05:10:00,98.52443213385638,560.6180154761904,462.0935833333333,10799.99999999,10799.99999999,0.0,True,False
468320,2025-11-22 05:20:00,93.75597796718971,570.1147279761905,476.35875,10799.99999999,10799.99999999,0.0,True,False
468330,2025-11-22 05:30:00,106.69761903861817,566.6942857142856,459.99666666666667,10799.99999999,10799.99999999,0.0,True,False
468340,2025-11-22 05:40:00,117.6221630862374,552.8767797619048,435.25461666666666,10799.99999999,10799.99999999,0.0,True,False
468350,2025-11-22 05:50:00,159.60037677671357,609.2680434523809,449.6676666666666,10799.99999999,10799.99999999,0.0,True,False
468960,2025-11-22 16:00:00,312.0627880202346,868.722788095238,556.66,10799.999999916663,10799.999999916663,0.0,True,False
468970,2025-11-22 16:10:00,284.1013011154729,866.7582678571429,582.6569666666667,10799.999999916663,10799.999999916663,0.0,True,False
468980,2025-11-22 16:20:00,267.80676361547285,866.0942970238094,598.2875333333333,10799.999999916663,10799.999999916663,0.0,True,False
468990,2025-11-22 16:30:00,278.78052611547287,869.0371928571428,590.2566666666667,10799.999999916663,10799.999999916663,0.0,True,False
469000,2025-11-22 16:40:00,283.47648504404424,870.8066017857142,587.3301166666666,10799.999999916663,10799.999999916663,0.0,True,False
469010,2025-11-22 16:50:00,318.1664159964251,856.4755160714284,538.3091,10799.999999916663,10799.999999916663,0.0,True,False
469020,2025-11-22 17:00:00,403.60095230594925,859.2609523809525,455.65999999999997,10799.999999916663,10799.999999916663,0.0,True,False
469030,2025-11-22 17:10:00,438.29658980594917,856.6658398809524,418.36924999999997,10799.999999916663,10799.999999916663,0.0,True,False
469040,2025-11-22 17:20:00,421.36262016309195,854.3041702380953,432.94155,10799.999999916663,10799.999999916663,0.0,True,False
469050,2025-11-22 17:30:00,398.07773802023485,858.3277380952381,460.25,10799.999999916663,10799.999999916663,0.0,True,False
469060,2025-11-22 17:40:00,422.17769397261577,876.2372273809524,454.0595333333333,10799.999999916663,10799.999999916663,0.0,True,False
469070,2025-11-22 17:50:00,343.5818118297585,788.0770119047618,444.49519999999995,10799.999999916663,10799.999999916663,0.0,True,False
469080,2025-11-22 18:00:00,197.6037499249968,643.5370833333334,445.9333333333333,10799.999999916663,10799.999999916663,0.0,True,False
469320,2025-11-22 22:00:00,101.42458334333342,1327.5129166666668,392.755,5659.854957471381,6409.85495746238,749.999999991,False,True
469330,2025-11-22 22:10:00,136.44473036714294,1324.2017303571429,354.42366666666663,6409.85495746238,7159.85495745238,749.99999999,False,True
469350,2025-11-22 22:30:00,84.87648810523807,1338.3631547619048,420.1533333333333,7277.846729050523,8027.846729041523,749.999999991,False,True
469360,2025-11-22 22:40:00,112.6006184623809,1337.916468452381,391.9825166666667,8027.846729041523,8777.846729031522,749.99999999,False,True
469370,2025-11-22 22:50:00,123.79364584333346,1341.2562291666668,384.12925,8777.846729031522,9527.846729021521,749.99999999,False,True
469380,2025-11-22 23:00:00,88.26226191476177,1343.4789285714285,421.8833333333333,9527.846729021521,10277.84672901252,749.999999991,False,True
469390,2025-11-22 23:10:00,160.0563537590417,1178.904338178463,438.67768333333333,10277.84672901252,10799.99999999,522.1532709774791,True,False
469400,2025-11-22 23:20:00,918.1025880862375,1344.9170214285714,426.8144333333333,10799.99999999,10799.99999999,0.0,True,False
469410,2025-11-22 23:30:00,949.5800595148089,1343.2733928571429,393.69333333333327,10799.99999999,10799.99999999,0.0,True,False
469420,2025-11-22 23:40:00,981.441946419571,1346.0285464285716,364.5866,10799.99999999,10799.99999999,0.0,True,False
469430,2025-11-22 23:50:00,85.18147618147552,517.7705261904762,432.58904999999993,10799.99999999,10799.99999999,0.0,True,False
475130,2025-11-26 22:50:00,1.5693934623808365,1339.5605767857141,504.65784999999994,4026.1441230814607,4776.144123071461,749.99999999,False,True
476650,2025-11-28 00:10:00,127.49514108142874,1353.9871577380954,393.15868333333333,8279.414446078243,9029.414446068242,749.99999999,False,True
476660,2025-11-28 00:20:00,83.92968274809549,1357.0585827380955,439.7955666666667,9029.414446068242,9779.414446059242,749.999999991,False,True
476740,2025-11-28 01:40:00,125.87871300412253,540.1304738095239,413.9489166666666,10799.727440266139,10799.999999991,0.27255972486128,True,False
476750,2025-11-28 01:50:00,143.8594720157092,541.3828886904762,397.52341666666666,10799.999999991,10799.999999991,0.0,True,False
476760,2025-11-28 02:00:00,136.1613690395187,544.2930357142857,408.13166666666666,10799.999999991,10799.999999991,0.0,True,False
476770,2025-11-28 02:10:00,134.18873987285198,543.7327565476189,409.5440166666666,10799.999999991,10799.999999991,0.0,True,False
476780,2025-11-28 02:20:00,122.05471546808994,543.6981821428569,421.64346666666665,10799.999999991,10799.999999991,0.0,True,False
476790,2025-11-28 02:30:00,103.3536309442807,547.5752976190477,444.22166666666664,10799.999999991,10799.999999991,0.0,True,False
476800,2025-11-28 02:40:00,106.28275177761398,554.3312351190476,448.0484833333333,10799.999999991,10799.999999991,0.0,True,False
476810,2025-11-28 02:50:00,129.0323696347568,557.5057863095237,428.4734166666666,10799.999999991,10799.999999991,0.0,True,False
476820,2025-11-28 03:00:00,138.66660713475696,556.3499404761906,417.6833333333333,10799.999999991,10799.999999991,0.0,True,False
476830,2025-11-28 03:10:00,105.73716725380442,555.8949839285714,450.15781666666663,10799.999999991,10799.999999991,0.0,True,False
476840,2025-11-28 03:20:00,103.34203272999488,556.1904660714285,452.84843333333333,10799.999999991,10799.999999991,0.0,True,False
476850,2025-11-28 03:30:00,128.0701785633283,556.828511904762,428.7583333333333,10799.999999991,10799.999999991,0.0,True,False
476860,2025-11-28 03:40:00,106.82970534904265,558.2935886904763,451.46388333333334,10799.999999991,10799.999999991,0.0,True,False
476870,2025-11-28 03:50:00,93.99986725380447,561.0036505952381,467.00378333333333,10799.999999991,10799.999999991,0.0,True,False
476880,2025-11-28 04:00:00,99.35053570618547,561.3772023809524,462.02666666666664,10799.999999991,10799.999999991,0.0,True,False
476890,2025-11-28 04:10:00,78.50033987285204,555.2326398809523,476.73229999999995,10799.999999991,10799.999999991,0.0,True,False
476900,2025-11-28 04:20:00,78.28167856332843,551.6087785714287,473.3271,10799.999999991,10799.999999991,0.0,True,False
476910,2025-11-28 04:30:00,110.2480952299949,556.6964285714286,446.4483333333333,10799.999999991,10799.999999991,0.0,True,False
476920,2025-11-28 04:40:00,129.63514284904235,567.0136595238093,437.37851666666666,10799.999999991,10799.999999991,0.0,True,False
476930,2025-11-28 04:50:00,105.25449880142352,566.2272821428571,460.97278333333327,10799.999999991,10799.999999991,0.0,True,False
476940,2025-11-28 05:00:00,80.65315475380439,558.8081547619047,478.155,10799.999999991,10799.999999991,0.0,True,False
476950,2025-11-28 05:10:00,127.57493392047101,565.2133172619046,437.6383833333333,10799.999999991,10799.999999991,0.0,True,False
476960,2025-11-28 05:20:00,152.2773404680901,574.1076071428571,421.83026666666666,10799.999999991,10799.999999991,0.0,True,False
476970,2025-11-28 05:30:00,121.27886903951864,567.268869047619,445.99,10799.999999991,10799.999999991,0.0,True,False
476980,2025-11-28 05:40:00,933.8143940395188,1382.9992107142857,449.1848166666667,10799.999999991,10799.999999991,0.0,True,False
476990,2025-11-28 05:50:00,140.42840356332826,607.4716869047619,467.0432833333333,10799.999999991,10799.999999991,0.0,True,False
477600,2025-11-28 16:00:00,306.68411908600604,878.8727190476191,568.24,10796.446260025548,10799.999999991,3.55373996545166,True,False
477610,2025-11-28 16:10:00,294.0697916585662,878.7142583333332,584.6444666666666,10799.999999991,10799.999999991,0.0,True,False
477620,2025-11-28 16:20:00,282.74177439666187,878.500474404762,595.7587,10799.999999991,10799.999999991,0.0,True,False
477630,2025-11-28 16:30:00,287.6595047538045,880.2878380952382,592.6283333333333,10799.999999991,10799.999999991,0.0,True,False
477640,2025-11-28 16:40:00,321.67089761094724,882.7170142857142,561.0461166666666,10799.999999991,10799.999999991,0.0,True,False
477650,2025-11-28 16:50:00,370.9295059442806,869.7404559523809,498.81094999999993,10799.999999991,10799.999999991,0.0,True,False
477660,2025-11-28 17:00:00,416.0890476109474,860.9390476190476,444.84999999999997,10799.999999991,10799.999999991,0.0,True,False
477670,2025-11-28 17:10:00,403.4554196347568,853.2834863095238,449.8280666666667,10799.999999991,10799.999999991,0.0,True,False
477680,2025-11-28 17:20:00,388.98743570618547,850.3969357142857,461.4095,10799.999999991,10799.999999991,0.0,True,False
477690,2025-11-28 17:30:00,406.64101189666167,858.041011904762,451.4,10799.999999991,10799.999999991,0.0,True,False
477700,2025-11-28 17:40:00,433.9236130871378,875.1343297619047,441.2107166666666,10799.999999991,10799.999999991,0.0,True,False
477710,2025-11-28 17:50:00,337.67871903951874,785.5702357142857,447.89151666666663,10799.999999991,10799.999999991,0.0,True,False
477720,2025-11-28 18:00:00,190.37922618237596,642.0625595238096,451.6833333333333,10799.999999991,10799.999999991,0.0,True,False
477960,2025-11-28 22:00:00,143.48107143857123,1329.7910714285713,352.9766666666667,5602.8745351912185,6352.874535181219,749.9999999899999,False,True
477970,2025-11-28 22:10:00,125.24165536714303,1323.5773220238098,365.00233333333335,6352.874535181219,7102.874535172218,749.999999991,False,True
477990,2025-11-28 22:30:00,163.54380953380962,1338.9454761904763,342.06833333333327,7233.936435163218,7983.936435154218,749.999999991,False,True
478000,2025-11-28 22:40:00,118.60551965285707,1336.512719642857,384.5738666666667,7983.936435154218,8733.936435145219,749.999999991,False,True
478010,2025-11-28 22:50:00,99.3517053671428,1338.7276386904762,406.0426,8733.936435145219,9483.936435135218,749.99999999,False,True
478020,2025-11-28 23:00:00,121.90607143857129,1343.1194047619047,387.88,9483.936435135218,10233.936435126217,749.999999991,False,True
478030,2025-11-28 23:10:00,156.5555257454796,1181.2668589285713,395.7518166666667,10233.936435126217,10799.999999991,566.0635648647825,True,False
478040,2025-11-28 23:20:00,960.1778249918997,1347.4507916666666,387.27296666666666,10799.999999991,10799.999999991,0.0,True,False
478050,2025-11-28 23:30:00,977.4239880871378,1344.3806547619047,366.9566666666666,10799.999999991,10799.999999991,0.0,True,False
478060,2025-11-28 23:40:00,956.5600118966616,1347.4062952380953,390.8462833333333,10799.999999991,10799.999999991,0.0,True,False
478070,2025-11-28 23:50:00,96.35171784904256,518.2195345238096,421.86781666666667,10799.999999991,10799.999999991,0.0,True,False
478080,2025-11-29 00:00:00,90.50029761094723,519.6819642857142,429.1816666666667,10799.999999991,10799.999999991,0.0,True,False
478090,2025-11-29 00:10:00,104.22853987285211,520.2079065476191,415.9793666666667,10799.999999991,10799.999999991,0.0,True,False
478100,2025-11-29 00:20:00,124.61498094428086,524.6484642857145,400.03348333333327,10799.999999991,10799.999999991,0.0,True,False
478110,2025-11-29 00:30:00,132.28601189666145,530.4943452380951,398.2083333333333,10799.999999991,10799.999999991,0.0,True,False
478120,2025-11-29 00:40:00,118.32965237285205,530.6802857142857,412.3506333333333,10799.999999991,10799.999999991,0.0,True,False
478130,2025-11-29 00:50:00,127.9515892776138,531.8256892857141,403.8741,10799.999999991,10799.999999991,0.0,True,False
478140,2025-11-29 01:00:00,147.41017856332823,534.2685119047619,386.85833333333335,10799.999999991,10799.999999991,0.0,True,False
478150,2025-11-29 01:10:00,120.86294284904247,532.2720761904761,411.40913333333333,10799.999999991,10799.999999991,0.0,True,False
478160,2025-11-29 01:20:00,110.7725624918996,534.3953958333333,423.62283333333335,10799.999999991,10799.999999991,0.0,True,False
478170,2025-11-29 01:30:00,133.3398214204711,539.8731547619047,406.5333333333333,10799.999999991,10799.999999991,0.0,True,False
478180,2025-11-29 01:40:00,137.54736963475668,539.3220363095237,401.7746666666667,10799.999999991,10799.999999991,0.0,True,False
478190,2025-11-29 01:50:00,111.60614046809005,540.4261738095237,428.8200333333333,10799.999999991,10799.999999991,0.0,True,False
478200,2025-11-29 02:00:00,89.87630951570915,544.2696428571428,454.3933333333333,10799.999999991,10799.999999991,0.0,True,False
478210,2025-11-29 02:10:00,113.03449225380436,543.8903922619047,430.8559,10799.999999991,10799.999999991,0.0,True,False
478220,2025-11-29 02:20:00,109.70351249189966,544.0012458333333,434.2977333333333,10799.999999991,10799.999999991,0.0,True,False
478230,2025-11-29 02:30:00,86.59363094428076,548.2602976190477,461.66666666666663,10799.999999991,10799.999999991,0.0,True,False
478240,2025-11-29 02:40:00,119.61011546809007,554.9351654761904,435.32505,10799.999999991,10799.999999991,0.0,True,False
478250,2025-11-29 02:50:00,139.39507142047117,557.4497714285715,418.05469999999997,10799.999999991,10799.999999991,0.0,True,False
478260,2025-11-29 03:00:00,128.30291665856643,555.8079166666668,427.505,10799.999999991,10799.999999991,0.0,True,False
478270,2025-11-29 03:10:00,137.53408689666153,555.8948869047618,418.3608,10799.999999991,10799.999999991,0.0,True,False
478280,2025-11-29 03:20:00,138.32350058713766,556.2748339285713,417.9513333333333,10799.999999991,10799.999999991,0.0,True,False
478290,2025-11-29 03:30:00,113.78130951570924,556.6946428571429,442.9133333333333,10799.999999991,10799.999999991,0.0,True,False
478300,2025-11-29 03:40:00,83.14296844428074,559.107918452381,475.96494999999993,10799.999999991,10799.999999991,0.0,True,False
478310,2025-11-29 03:50:00,77.71506427761389,561.8664142857142,484.15135,10799.999999991,10799.999999991,0.0,True,False
478320,2025-11-29 04:00:00,107.74154761094744,561.5632142857144,453.8216666666666,10799.999999991,10799.999999991,0.0,True,False
478330,2025-11-29 04:10:00,145.55874939666157,556.2914494047619,410.7327,10799.999999991,10799.999999991,0.0,True,False
478340,2025-11-29 04:20:00,112.70239761094726,553.2387476190476,440.53634999999997,10799.999999991,10799.999999991,0.0,True,False
478350,2025-11-29 04:30:00,53.6786904680902,557.2720238095238,503.5933333333333,10799.999999991,10799.999999991,0.0,True,False
478360,2025-11-29 04:40:00,92.62049463475685,565.8509946428571,473.23049999999995,10799.999999991,10799.999999991,0.0,True,False
478370,2025-11-29 04:50:00,134.9191440395186,566.0260940476189,431.10695,10799.999999991,10799.999999991,0.0,True,False
478380,2025-11-29 05:00:00,129.70976189666155,560.6330952380952,430.9233333333333,10799.999999991,10799.999999991,0.0,True,False
478390,2025-11-29 05:10:00,119.89063689666168,565.190686904762,445.30004999999994,10799.999999991,10799.999999991,0.0,True,False
478400,2025-11-29 05:20:00,122.51655237285209,572.4539023809524,449.93735,10799.999999991,10799.999999991,0.0,True,False
478410,2025-11-29 05:30:00,119.16351189666156,565.9418452380952,446.7783333333333,10799.999999991,10799.999999991,0.0,True,False
478420,2025-11-29 05:40:00,95.7558172538043,548.5195839285714,452.7637666666667,10799.999999991,10799.999999991,0.0,True,False
478430,2025-11-29 05:50:00,159.22441011094722,607.4394767857142,448.21506666666664,10799.999999991,10799.999999991,0.0,True,False
478990,2025-11-29 15:10:00,8.770441676666785,1436.1471416666668,594.0433666666667,8960.283525033165,9710.283525023164,749.99999999,False,True
479000,2025-11-29 15:20:00,18.006242867142753,1438.033292857143,586.6937166666667,9710.283525023164,10460.28352497761,749.9999999544478,False,True
479010,2025-11-29 15:30:00,0.2891928571411313,979.7436095375735,601.9916666666666,10460.28352497761,10799.99999999,339.7164750123892,True,False
479020,2025-11-29 15:40:00,4.105326181475652,597.7805095238097,593.6751833333333,10799.99999999,10799.99999999,0.0,True,False
479030,2025-11-29 15:50:00,27.333815467189744,596.2569654761904,568.92315,10799.99999999,10799.99999999,0.0,True,False
479040,2025-11-29 16:00:00,338.1159714195704,881.0009714285712,542.885,10799.99999999,10799.99999999,0.0,True,False
479050,2025-11-29 16:10:00,354.88801308623727,880.9948130952379,526.1068,10799.99999999,10799.99999999,0.0,True,False
479060,2025-11-29 16:20:00,346.36023272909443,880.4258494047617,534.0656166666666,10799.99999999,10799.99999999,0.0,True,False
479070,2025-11-29 16:30:00,325.3632928481422,881.6082928571427,556.2449999999999,10799.99999999,10799.99999999,0.0,True,False
479080,2025-11-29 16:40:00,329.1599916576657,883.1628916666664,554.0029,10799.99999999,10799.99999999,0.0,True,False
479090,2025-11-29 16:50:00,380.54018868147546,869.8721553571428,489.33196666666663,10799.99999999,10799.99999999,0.0,True,False
479100,2025-11-29 17:00:00,445.97452380052295,860.7895238095236,414.81499999999994,10799.99999999,10799.99999999,0.0,True,False
479110,2025-11-29 17:10:00,427.84053153861817,855.0169648809522,427.1764333333333,10799.99999999,10799.99999999,0.0,True,False
479120,2025-11-29 17:20:00,408.23822915766607,851.8533125000001,443.61508333333336,10799.99999999,10799.99999999,0.0,True,False
479130,2025-11-29 17:30:00,421.40720237195166,857.7505357142857,436.3433333333333,10799.99999999,10799.99999999,0.0,True,False
479140,2025-11-29 17:40:00,421.97629284814235,875.326742857143,453.35044999999997,10799.99999999,10799.99999999,0.0,True,False
479150,2025-11-29 17:50:00,340.8868755862375,786.4710589285714,445.58418333333327,10799.99999999,10799.99999999,0.0,True,False
479160,2025-11-29 18:00:00,226.20017856242802,641.9901785714287,415.78999999999996,10799.99999999,10799.99999999,0.0,True,False
479400,2025-11-29 22:00:00,105.24619048619046,1328.7478571428571,390.16833333333335,5752.505414991804,6502.505414981804,749.99999999,False,True
479410,2025-11-29 22:10:00,103.08931072428582,1322.0923607142859,385.66971666666666,6502.505414981804,7252.505414972804,749.999999991,False,True
479430,2025-11-29 22:30:00,139.26422620047617,1337.0042261904762,364.40666666666664,7371.778729785233,8121.778729775233,749.99999999,False,True
479440,2025-11-29 22:40:00,111.84966905761915,1335.859919047619,390.6769166666666,8121.778729775233,8871.778729766233,749.999999991,False,True
479450,2025-11-29 22:50:00,76.77811786714277,1339.2030511904761,429.09159999999997,8871.778729766233,9621.778729756232,749.99999999,False,True
479460,2025-11-29 23:00:00,67.63166667666677,1343.835,442.86999999999995,9621.778729756232,10371.778729747231,749.999999991,False,True
479470,2025-11-29 23:10:00,288.8291654037492,1181.891043452381,417.2604666666667,10371.778729747231,10799.999999991,428.2212702437686,True,False
479480,2025-11-29 23:20:00,945.3947708252331,1347.8332208333334,402.43845,10799.999999991,10799.999999991,0.0,True,False
479490,2025-11-29 23:30:00,931.8147023728521,1344.3947023809524,412.58,10799.999999991,10799.999999991,0.0,True,False
479500,2025-11-29 23:40:00,919.468389277614,1347.0407726190476,427.5723833333333,10799.999999991,10799.999999991,0.0,True,False
479510,2025-11-29 23:50:00,23.716962491899757,518.1001958333334,494.3832333333333,10799.999999991,10799.999999991,0.0,True,False
486730,2025-12-05 00:10:00,119.36400655761916,1360.4280565476192,407.7307166666667,8030.1668355623715,8780.16683555237,749.99999999,False,True
486740,2025-12-05 00:20:00,70.5721142957144,1363.645430952381,459.73998333333327,8780.16683555237,9530.16683554337,749.999999991,False,True
486820,2025-12-05 01:40:00,16.300310027933456,544.5983458333333,453.1771,10732.39115776614,10799.999999991,67.60884222485984,True,False
486830,2025-12-05 01:50:00,58.36887320618545,546.5400065476191,488.17113333333333,10799.999999991,10799.999999991,0.0,True,False
486840,2025-12-05 02:00:00,55.85011903951884,554.1234523809525,498.2733333333333,10799.999999991,10799.999999991,0.0,True,False
486850,2025-12-05 02:10:00,91.07938511094719,550.8670017857141,459.7876166666666,10799.999999991,10799.999999991,0.0,True,False
486860,2025-12-05 02:20:00,92.81907082523301,550.4031375,457.5840666666666,10799.999999991,10799.999999991,0.0,True,False
486870,2025-12-05 02:30:00,56.77398808713773,557.0706547619047,500.2966666666667,10799.999999991,10799.999999991,0.0,True,False
486880,2025-12-05 02:40:00,44.06972856332832,560.7581619047619,516.6884333333333,10799.999999991,10799.999999991,0.0,True,False
486890,2025-12-05 02:50:00,34.02127796809018,561.8208113095238,527.7995333333333,10799.999999991,10799.999999991,0.0,True,False
486900,2025-12-05 03:00:00,29.43708332523304,561.4020833333333,531.9649999999999,10799.999999991,10799.999999991,0.0,True,False
486910,2025-12-05 03:10:00,60.57846784904249,559.7912178571428,499.21274999999997,10799.999999991,10799.999999991,0.0,True,False
486920,2025-12-05 03:20:00,89.13138927761403,561.6796726190477,472.5482833333333,10799.999999991,10799.999999991,0.0,True,False
486930,2025-12-05 03:30:00,86.32309522999489,567.3030952380952,480.98,10799.999999991,10799.999999991,0.0,True,False
486940,2025-12-05 03:40:00,59.85193272999491,572.1598160714285,512.3078833333333,10799.999999991,10799.999999991,0.0,True,False
486950,2025-12-05 03:50:00,52.3394636823758,575.0741803571427,522.7347166666666,10799.999999991,10799.999999991,0.0,True,False
486960,2025-12-05 04:00:00,63.70244046809015,574.8807738095238,511.17833333333334,10799.999999991,10799.999999991,0.0,True,False
486970,2025-12-05 04:10:00,53.91536249189958,570.8994291666666,516.9840666666666,10799.999999991,10799.999999991,0.0,True,False
486980,2025-12-05 04:20:00,28.72051487285203,567.8954148809523,539.1749,10799.999999991,10799.999999991,0.0,True,False
486990,2025-12-05 04:30:00,28.370714277613935,571.4173809523809,543.0466666666666,10799.999999991,10799.999999991,0.0,True,False
487000,2025-12-05 04:40:00,78.02222380142368,581.4968904761906,503.4746666666666,10799.999999991,10799.999999991,0.0,True,False
487010,2025-12-05 04:50:00,60.32361308713778,579.6713297619048,519.3477166666667,10799.999999991,10799.999999991,0.0,True,False
487020,2025-12-05 05:00:00,1.8880357061854967,570.6963690476191,568.8083333333333,10799.999999991,10799.999999991,0.0,True,False
487030,2025-12-05 05:10:00,42.76726665856641,577.4623333333334,534.6950666666667,10799.999999991,10799.999999991,0.0,True,False
487040,2025-12-05 05:20:00,63.87854403951892,584.4157440476192,520.5372,10799.999999991,10799.999999991,0.0,True,False
487050,2025-12-05 05:30:00,26.49928570618531,574.2559523809523,547.7566666666667,10799.999999991,10799.999999991,0.0,True,False
487060,2025-12-05 05:40:00,859.6009904680901,1391.2089404761905,531.60795,10799.999999991,10799.999999991,0.0,True,False
487070,2025-12-05 05:50:00,103.79881546809028,619.964698809524,516.1658833333333,10799.999999991,10799.999999991,0.0,True,False
487620,2025-12-05 15:00:00,49.20458096238064,1459.2312476190473,576.6933333333333,8079.855614140907,8829.855614130907,749.99999999,False,True
487630,2025-12-05 15:10:00,33.44368631952408,1457.3270529761908,590.5500333333333,8829.855614130907,9579.855614121907,749.9999999910001,False,True
487640,2025-12-05 15:20:00,21.65883989095243,1457.959006547619,602.9668333333333,9579.855614121907,10329.855614075352,749.9999999534456,False,True
487650,2025-12-05 15:30:00,27.355949998889052,1146.963601016276,597.2249999999999,10329.855614075352,10799.99999999,470.1443859146483,True,False
487660,2025-12-05 15:40:00,8.73194582433266,618.9462958333334,610.21435,10799.99999999,10799.99999999,0.0,True,False
487680,2025-12-05 16:00:00,289.7491118957611,891.4491119047617,601.6999999999999,10799.99999999,10799.99999999,0.0,True,False
487690,2025-12-05 16:10:00,305.1935904671899,891.2369071428571,586.0433166666667,10799.99999999,10799.99999999,0.0,True,False
487700,2025-12-05 16:20:00,324.02787975290414,891.2933464285713,567.2654666666666,10799.99999999,10799.99999999,0.0,True,False
487710,2025-12-05 16:30:00,337.7266714195706,893.0150047619047,555.2883333333333,10799.99999999,10799.99999999,0.0,True,False
487720,2025-12-05 16:40:00,337.5425523719516,894.353869047619,556.8113166666667,10799.99999999,10799.99999999,0.0,True,False
487730,2025-12-05 16:50:00,372.14668451480884,879.7461845238096,507.59950000000003,10799.99999999,10799.99999999,0.0,True,False
487740,2025-12-05 17:00:00,413.4942857052852,861.0659523809525,447.5716666666666,10799.99999999,10799.99999999,0.0,True,False
487750,2025-12-05 17:10:00,371.9981154671897,855.2280154761903,483.22989999999993,10799.99999999,10799.99999999,0.0,True,False
487760,2025-12-05 17:20:00,346.2354880862375,850.9723714285715,504.7368833333333,10799.99999999,10799.99999999,0.0,True,False
487770,2025-12-05 17:30:00,382.33309522909445,855.9564285714284,473.6233333333333,10799.99999999,10799.99999999,0.0,True,False
487780,2025-12-05 17:40:00,415.0542029671895,876.3175696428568,461.2633666666666,10799.99999999,10799.99999999,0.0,True,False
487790,2025-12-05 17:50:00,318.1427636814755,788.9935636904762,470.8508,10799.99999999,10799.99999999,0.0,True,False
487800,2025-12-05 18:00:00,164.07374999099923,642.6404166666666,478.56666666666666,10799.99999999,10799.99999999,0.0,True,False
488040,2025-12-05 22:00:00,97.58023810523808,1329.2719047619048,398.35833333333335,5659.459646341011,6409.45964633201,749.999999991,False,True
488050,2025-12-05 22:10:00,132.4361654861906,1322.874648809524,357.10515,6409.45964633201,7159.45964632301,749.999999991,False,True
488070,2025-12-05 22:30:00,71.71916667666675,1333.8508333333334,428.7983333333333,7268.78570256401,8018.785702555009,749.999999991,False,True
488080,2025-12-05 22:40:00,99.5042041766669,1337.8693375000003,405.0318,8018.785702555009,8768.785702546009,749.999999991,False,True
488090,2025-12-05 22:50:00,119.18404941476182,1343.1152827380952,390.5979,8768.785702546009,9518.785702536008,749.99999999,False,True
488100,2025-12-05 23:00:00,108.22595239095243,1345.8226190476191,404.2633333333333,9518.785702536008,10268.785702527008,749.999999991,False,True
488110,2025-12-05 23:10:00,201.67412146857987,1187.0566964285713,395.14446666666663,10268.785702527008,10799.999999991,531.2142974639922,True,False
488120,2025-12-05 23:20:00,930.9516005871377,1354.227800595238,423.2762,10799.999999991,10799.999999991,0.0,True,False
488130,2025-12-05 23:30:00,880.9097618966617,1348.2714285714287,467.3616666666667,10799.999999991,10799.999999991,0.0,True,False
488140,2025-12-05 23:40:00,909.6718243966618,1350.604174404762,440.93234999999993,10799.999999991,10799.999999991,0.0,True,False
488150,2025-12-05 23:50:00,90.49991249189966,522.9382625,432.43834999999996,10799.999999991,10799.999999991,0.0,True,False
488160,2025-12-06 00:00:00,64.26297618237581,526.3646428571428,462.1016666666667,10799.999999991,10799.999999991,0.0,True,False
488170,2025-12-06 00:10:00,65.77042201570927,527.7725386904763,462.00211666666667,10799.999999991,10799.999999991,0.0,True,False
488180,2025-12-06 00:20:00,70.10773927761394,532.0999559523809,461.99221666666665,10799.999999991,10799.999999991,0.0,True,False
488190,2025-12-06 00:30:00,70.98815475380431,535.576488095238,464.58833333333337,10799.999999991,10799.999999991,0.0,True,False
488200,2025-12-06 00:40:00,90.5976327299949,530.5972994047619,439.99966666666666,10799.999999991,10799.999999991,0.0,True,False
488210,2025-12-06 00:50:00,94.33862677761394,532.5970101190476,438.2583833333333,10799.999999991,10799.999999991,0.0,True,False
488220,2025-12-06 01:00:00,79.95702380142333,540.7270238095236,460.77,10799.999999991,10799.999999991,0.0,True,False
488230,2025-12-06 01:10:00,79.802871420471,539.4054714285713,459.6026,10799.999999991,10799.999999991,0.0,True,False
488240,2025-12-06 01:20:00,77.72404701570915,541.8184803571428,464.0944333333333,10799.999999991,10799.999999991,0.0,True,False
488250,2025-12-06 01:30:00,70.78428570618533,548.0292857142856,477.24499999999995,10799.999999991,10799.999999991,0.0,True,False
488260,2025-12-06 01:40:00,74.63619165856633,544.9423416666666,470.30614999999995,10799.999999991,10799.999999991,0.0,True,False
488270,2025-12-06 01:50:00,76.03040237285208,548.0003023809523,471.96989999999994,10799.999999991,10799.999999991,0.0,True,False
488280,2025-12-06 02:00:00,58.18803570618551,555.8930357142858,497.705,10799.999999991,10799.999999991,0.0,True,False
488290,2025-12-06 02:10:00,26.391198801423435,551.612582142857,525.2213833333333,10799.999999991,10799.999999991,0.0,True,False
488300,2025-12-06 02:20:00,52.89600415856629,550.9491708333333,498.05316666666664,10799.999999991,10799.999999991,0.0,True,False
488310,2025-12-06 02:30:00,104.96690475380436,558.5135714285714,453.5466666666667,10799.999999991,10799.999999991,0.0,True,False
488320,2025-12-06 02:40:00,77.5782482061853,562.601831547619,485.02358333333336,10799.999999991,10799.999999991,0.0,True,False
488330,2025-12-06 02:50:00,58.578989277614006,564.6344392857143,506.05544999999995,10799.999999991,10799.999999991,0.0,True,False
488340,2025-12-06 03:00:00,77.74791665856637,565.14625,487.3983333333333,10799.999999991,10799.999999991,0.0,True,False
488350,2025-12-06 03:10:00,75.24663392047088,562.4557339285712,487.20910000000003,10799.999999991,10799.999999991,0.0,True,False
488360,2025-12-06 03:20:00,62.47747677761411,563.2218767857144,500.7443999999999,10799.999999991,10799.999999991,0.0,True,False
488370,2025-12-06 03:30:00,51.750119039518815,568.8567857142857,517.1066666666666,10799.999999991,10799.999999991,0.0,True,False
488380,2025-12-06 03:40:00,39.72961368237586,574.2221636904761,534.4925499999999,10799.999999991,10799.999999991,0.0,True,False
488390,2025-12-06 03:50:00,32.708258920471145,577.4862422619047,544.7779833333333,10799.999999991,10799.999999991,0.0,True,False
488400,2025-12-06 04:00:00,36.48690475380452,577.4402380952381,540.9533333333333,10799.999999991,10799.999999991,0.0,True,False
488410,2025-12-06 04:10:00,48.601707134756886,573.9063404761905,525.3046333333333,10799.999999991,10799.999999991,0.0,True,False
488420,2025-12-06 04:20:00,47.22575832523305,571.880125,524.6543666666666,10799.999999991,10799.999999991,0.0,True,False
488430,2025-12-06 04:30:00,35.47714284904257,575.6171428571429,540.14,10799.999999991,10799.999999991,0.0,True,False
488440,2025-12-06 04:40:00,34.676972015709204,583.8881220238095,549.21115,10799.999999991,10799.999999991,0.0,True,False
488450,2025-12-06 04:50:00,22.235004158566404,582.6047208333333,560.3697166666666,10799.999999991,10799.999999991,0.0,True,False
488460,2025-12-06 05:00:00,16.20660713475693,575.7416071428572,559.535,10799.999999991,10799.999999991,0.0,True,False
488470,2025-12-06 05:10:00,58.19972320618552,581.0804232142858,522.8806999999999,10799.999999991,10799.999999991,0.0,True,False
488480,2025-12-06 05:20:00,79.45573987285204,586.773806547619,507.3180666666666,10799.999999991,10799.999999991,0.0,True,False
488490,2025-12-06 05:30:00,56.40595237285195,577.0809523809522,520.675,10799.999999991,10799.999999991,0.0,True,False
488500,2025-12-06 05:40:00,40.3358118966616,560.6644119047619,520.3285999999999,10799.999999991,10799.999999991,0.0,True,False
488510,2025-12-06 05:50:00,85.0894053490425,622.4945720238095,537.4051666666667,10799.999999991,10799.999999991,0.0,True,False
489060,2025-12-06 15:00:00,74.8227476290475,1473.1077476190476,564.9516666666666,7959.844763247296,8709.844763237295,749.99999999,False,True
489070,2025-12-06 15:10:00,20.009315486190978,1472.5225321428575,619.1798833333332,8709.844763237295,9459.844763227295,749.99999999,False,True
489080,2025-12-06 15:20:00,6.159317271905016,1472.0625172619048,632.5698666666666,9459.844763227295,10209.844763170631,749.9999999433375,False,True
489090,2025-12-06 15:30:00,4.285278570316897,1250.431652815171,590.4183333333333,10209.844763170631,10799.999999991,590.1552368203687,True,False
489100,2025-12-06 15:40:00,67.47630892047127,652.1706922619048,584.6943833333332,10799.999999991,10799.999999991,0.0,True,False
489110,2025-12-06 15:50:00,73.70853332523276,648.802433333333,575.0939,10799.999999991,10799.999999991,0.0,True,False
489120,2025-12-06 16:00:00,327.54456665856713,892.9995666666673,565.4549999999999,10799.999999991,10799.999999991,0.0,True,False
489130,2025-12-06 16:10:00,289.137902372851,893.1950023809513,604.0571,10799.999999991,10799.999999991,0.0,True,False
489140,2025-12-06 16:20:00,285.6064392776142,893.2740726190477,607.6676333333332,10799.999999991,10799.999999991,0.0,True,False
489150,2025-12-06 16:30:00,304.18629284904216,894.2029595238091,590.0166666666667,10799.999999991,10799.999999991,0.0,True,False
489160,2025-12-06 16:40:00,265.4750488014237,895.2162654761905,629.7412166666666,10799.999999991,10799.999999991,0.0,True,False
489170,2025-12-06 16:50:00,326.0379446347565,880.8076446428568,554.7697,10799.999999991,10799.999999991,0.0,True,False
489180,2025-12-06 17:00:00,448.58720237285206,861.6055357142857,413.0183333333333,10799.999999991,10799.999999991,0.0,True,False
489190,2025-12-06 17:10:00,419.8898101109472,856.5887934523809,436.69898333333333,10799.999999991,10799.999999991,0.0,True,False
489200,2025-12-06 17:20:00,385.19676665856633,852.0759499999999,466.8791833333333,10799.999999991,10799.999999991,0.0,True,False
489210,2025-12-06 17:30:00,428.35869046809,855.865357142857,427.50666666666666,10799.999999991,10799.999999991,0.0,True,False
489220,2025-12-06 17:40:00,463.9508023728518,875.6898523809521,411.73904999999996,10799.999999991,10799.999999991,0.0,True,False
489230,2025-12-06 17:50:00,337.7409505871376,789.0855839285712,451.34463333333326,10799.999999991,10799.999999991,0.0,True,False
489240,2025-12-06 18:00:00,152.79803570618535,643.541369047619,490.74333333333334,10799.999999991,10799.999999991,0.0,True,False
489480,2025-12-06 22:00:00,67.62059524809534,1331.032261904762,430.07833333333326,5541.999825078784,6291.999825068784,749.99999999,False,True
489490,2025-12-06 22:10:00,75.54375120047631,1322.2229511904764,413.34586666666667,6291.999825068784,7041.999825059784,749.999999991,False,True
489510,2025-12-06 22:30:00,129.5860119147619,1334.4993452380952,371.58,7150.488633800784,7900.488633791783,749.999999991,False,True
489520,2025-12-06 22:40:00,101.87103512904774,1337.5782517857144,402.3738833333333,7900.488633791783,8650.488633782783,749.999999991,False,True
489530,2025-12-06 22:50:00,85.77823334333333,1341.9542666666666,422.8427,8650.488633782783,9400.488633772782,749.99999999,False,True
489540,2025-12-06 23:00:00,94.8980357242858,1344.9613690476192,416.73,9400.488633772782,10150.488633763782,749.999999991,False,True
489550,2025-12-06 23:10:00,47.00587145388476,1186.318767261905,417.63359999999994,10150.488633763782,10799.999999991,649.5113662272182,True,False
489560,2025-12-06 23:20:00,935.8316368966615,1354.927120238095,419.09548333333333,10799.999999991,10799.999999991,0.0,True,False
489570,2025-12-06 23:30:00,932.3610118966617,1350.8143452380953,418.45333333333326,10799.999999991,10799.999999991,0.0,True,False
489580,2025-12-06 23:40:00,919.1866880871379,1352.5952880952382,433.4086,10799.999999991,10799.999999991,0.0,True,False
489590,2025-12-06 23:50:00,22.497251777613975,524.0649851190476,501.5677333333333,10799.999999991,10799.999999991,0.0,True,False
496810,2025-12-12 00:10:00,152.5917994147618,1367.1930994047618,381.26796666666667,8121.983160760783,8871.983160750782,749.99999999,False,True
496820,2025-12-12 00:20:00,132.94492560523827,1373.6230255952382,407.34476666666666,8871.983160750782,9621.983160741782,749.999999991,False,True
496900,2025-12-12 01:40:00,0.07308740889147375,554.5115821428572,498.18354999999997,10749.37054973043,10799.999999991,50.629450260569136,True,False
496910,2025-12-12 01:50:00,69.12467320618535,556.8809232142856,487.75624999999997,10799.999999991,10799.999999991,0.0,True,False
496920,2025-12-12 02:00:00,81.49702380142341,565.275357142857,483.7783333333333,10799.999999991,10799.999999991,0.0,True,False
496930,2025-12-12 02:10:00,78.00289344428077,565.0629101190477,487.0600166666666,10799.999999991,10799.999999991,0.0,True,False
496940,2025-12-12 02:20:00,81.17094463475675,563.6748279761904,482.5038833333333,10799.999999991,10799.999999991,0.0,True,False
496950,2025-12-12 02:30:00,84.46089284904255,567.1058928571429,482.645,10799.999999991,10799.999999991,0.0,True,False
496960,2025-12-12 02:40:00,63.322344039518704,573.1184607142857,509.79611666666665,10799.999999991,10799.999999991,0.0,True,False
496970,2025-12-12 02:50:00,72.06526011094726,575.6116434523809,503.5463833333333,10799.999999991,10799.999999991,0.0,True,False
496980,2025-12-12 03:00:00,98.70285713475673,574.232857142857,475.53,10799.999999991,10799.999999991,0.0,True,False
496990,2025-12-12 03:10:00,77.42252618237578,574.4672428571428,497.04471666666666,10799.999999991,10799.999999991,0.0,True,False
497000,2025-12-12 03:20:00,69.42270772999493,578.5006744047619,509.0779666666666,10799.999999991,10799.999999991,0.0,True,False
497010,2025-12-12 03:30:00,90.50797618237587,585.1213095238095,494.6133333333333,10799.999999991,10799.999999991,0.0,True,False
497020,2025-12-12 03:40:00,94.91682796809008,590.8315613095237,495.91473333333334,10799.999999991,10799.999999991,0.0,True,False
497030,2025-12-12 03:50:00,101.19168451570906,593.0825845238094,491.8909,10799.999999991,10799.999999991,0.0,True,False
497040,2025-12-12 04:00:00,103.457559515709,591.6775595238094,488.22,10799.999999991,10799.999999991,0.0,True,False
497050,2025-12-12 04:10:00,71.50792856332836,588.7782952380953,517.2703666666666,10799.999999991,10799.999999991,0.0,True,False
497060,2025-12-12 04:20:00,41.87757558713779,587.6289255952381,545.75135,10799.999999991,10799.999999991,0.0,True,False
497070,2025-12-12 04:30:00,37.77309522999483,591.6597619047618,553.8866666666667,10799.999999991,10799.999999991,0.0,True,False
497080,2025-12-12 04:40:00,50.57481606332815,600.8113827380952,550.2365666666667,10799.999999991,10799.999999991,0.0,True,False
497090,2025-12-12 04:50:00,66.27998987285216,602.0969398809524,535.8169499999999,10799.999999991,10799.999999991,0.0,True,False
497100,2025-12-12 05:00:00,71.02589284904249,597.1725595238095,526.1466666666666,10799.999999991,10799.999999991,0.0,True,False
497110,2025-12-12 05:10:00,60.00553868237579,600.4474553571428,540.4419166666667,10799.999999991,10799.999999991,0.0,True,False
497120,2025-12-12 05:20:00,58.328058920471086,605.6577422619047,547.3296833333333,10799.999999991,10799.999999991,0.0,True,False
497130,2025-12-12 05:30:00,59.827916658566416,596.8795833333334,537.0516666666666,10799.999999991,10799.999999991,0.0,True,False
497140,2025-12-12 05:40:00,880.7850898728523,1411.249456547619,530.4643666666666,10799.999999991,10799.999999991,0.0,True,False
497150,2025-12-12 05:50:00,109.05292558713788,641.7414589285714,532.6885333333332,10799.999999991,10799.999999991,0.0,True,False
497700,2025-12-12 15:00:00,62.31558572428536,1488.1189190476189,592.47,8100.577563028512,8850.57756301851,749.9999999899999,False,True
497710,2025-12-12 15:10:00,37.317762509999845,1486.8984291666666,616.2473333333332,8850.57756301851,9600.57756300951,749.999999991,False,True
497720,2025-12-12 15:20:00,26.821339295714203,1483.6893226190477,623.5346499999999,9600.57756300951,10350.57756300051,749.9999999910001,False,True
497730,2025-12-12 15:30:00,32.753383373945034,1146.0216466967117,613.91,10350.57756300051,10799.99999999,449.42243698948994,True,False
497740,2025-12-12 15:40:00,19.391901776713645,642.4217851190476,623.0298833333333,10799.99999999,10799.99999999,0.0,True,False
497750,2025-12-12 15:50:00,14.185728562427675,637.9631952380951,623.7774666666667,10799.99999999,10799.99999999,0.0,True,False
497760,2025-12-12 16:00:00,298.9067261814756,898.4933928571429,599.5866666666666,10799.99999999,10799.99999999,0.0,True,False
497770,2025-12-12 16:10:00,334.8273952290946,901.6312952380952,566.8039,10799.99999999,10799.99999999,0.0,True,False
497780,2025-12-12 16:20:00,337.9719184433801,902.0552184523808,564.0833,10799.99999999,10799.99999999,0.0,True,False
497790,2025-12-12 16:30:00,312.7509523719516,900.8409523809523,588.0899999999999,10799.99999999,10799.99999999,0.0,True,False
497800,2025-12-12 16:40:00,312.81160058623726,903.2392339285713,590.4276333333332,10799.99999999,10799.99999999,0.0,True,False
497810,2025-12-12 16:50:00,352.11627677671356,887.2623601190476,535.1460833333333,10799.99999999,10799.99999999,0.0,True,False
497820,2025-12-12 17:00:00,388.79089284814205,860.779226190476,471.9883333333333,10799.99999999,10799.99999999,0.0,True,False
497830,2025-12-12 17:10:00,370.5450767767136,855.3004601190476,484.75538333333327,10799.99999999,10799.99999999,0.0,True,False
497840,2025-12-12 17:20:00,380.1448446338565,851.4333613095238,471.2885166666666,10799.99999999,10799.99999999,0.0,True,False
497850,2025-12-12 17:30:00,435.39148808623713,855.2198214285711,419.82833333333326,10799.99999999,10799.99999999,0.0,True,False
497860,2025-12-12 17:40:00,454.31463094338017,875.9459476190475,421.63131666666663,10799.99999999,10799.99999999,0.0,True,False
497870,2025-12-12 17:50:00,358.715022610047,790.5620892857143,431.8470666666666,10799.99999999,10799.99999999,0.0,True,False
497880,2025-12-12 18:00:00,207.85107141957067,646.0394047619047,438.18833333333333,10799.99999999,10799.99999999,0.0,True,False
498120,2025-12-12 22:00:00,97.69285715285717,1335.5078571428571,404.4816666666666,5627.553047551328,6377.5530475423275,749.999999991,False,True
498130,2025-12-12 22:10:00,69.897594057619,1325.265794047619,422.03486666666663,6377.5530475423275,7127.553047533327,749.999999991,False,True
498150,2025-12-12 22:30:00,102.9107142957141,1337.3523809523808,401.10833333333335,7199.506308060041,7949.506308051041,749.999999991,False,True
498160,2025-12-12 22:40:00,131.4761083433334,1339.1860916666667,374.37665,7949.506308051041,8699.50630804104,749.99999999,False,True
498170,2025-12-12 22:50:00,116.69547858142856,1343.843161904762,393.81435,8699.50630804104,9449.50630803104,749.99999999,False,True
498180,2025-12-12 23:00:00,80.20988096238078,1349.0215476190474,435.4783333333333,9449.50630803104,10199.506308021038,749.99999999,False,True
498190,2025-12-12 23:10:00,95.64934205718554,1190.2313220238095,427.36676666666665,10199.506308021038,10799.999999991,600.4936919699616,True,False
498200,2025-12-12 23:20:00,958.9064541585664,1358.1360875,399.22963333333337,10799.999999991,10799.999999991,0.0,True,False
498210,2025-12-12 23:30:00,975.5764880871378,1355.6781547619048,380.1016666666667,10799.999999991,10799.999999991,0.0,True,False
498220,2025-12-12 23:40:00,985.615376182376,1361.634942857143,376.01956666666666,10799.999999991,10799.999999991,0.0,True,False
498230,2025-12-12 23:50:00,124.41804225380437,531.194975595238,406.7769333333333,10799.999999991,10799.999999991,0.0,True,False
498240,2025-12-13 00:00:00,81.3535118966615,529.3168452380952,447.96333333333337,10799.999999991,10799.999999991,0.0,True,False
498250,2025-12-13 00:10:00,83.28150177761384,533.2632351190475,449.98173333333335,10799.999999991,10799.999999991,0.0,True,False
498260,2025-12-13 00:20:00,87.28501784904253,539.5409511904762,452.25593333333336,10799.999999991,10799.999999991,0.0,True,False
498270,2025-12-13 00:30:00,70.0220833252329,541.7237499999999,471.70166666666665,10799.999999991,10799.999999991,0.0,True,False
498280,2025-12-13 00:40:00,55.843484515709044,538.2956511904761,482.4521666666667,10799.999999991,10799.999999991,0.0,True,False
498290,2025-12-13 00:50:00,73.35038987285199,543.3359565476189,469.9855666666666,10799.999999991,10799.999999991,0.0,True,False
498300,2025-12-13 01:00:00,99.2091666585662,552.2291666666665,453.02,10799.999999991,10799.999999991,0.0,True,False
498310,2025-12-13 01:10:00,82.01583689666157,547.4828035714286,465.4669666666667,10799.999999991,10799.999999991,0.0,True,False
498320,2025-12-13 01:20:00,65.8904868966616,549.1896535714286,483.2991666666667,10799.999999991,10799.999999991,0.0,True,False
498330,2025-12-13 01:30:00,70.27345237285212,558.7001190476191,488.4266666666666,10799.999999991,10799.999999991,0.0,True,False
498340,2025-12-13 01:40:00,72.51864939666169,557.2882327380953,484.7695833333333,10799.999999991,10799.999999991,0.0,True,False
498350,2025-12-13 01:50:00,77.53586368237595,558.6302136904762,481.09434999999996,10799.999999991,10799.999999991,0.0,True,False
498360,2025-12-13 02:00:00,82.90726189666154,565.7055952380952,482.7983333333333,10799.999999991,10799.999999991,0.0,True,False
498370,2025-12-13 02:10:00,77.27641130142356,566.5026779761905,489.2262666666666,10799.999999991,10799.999999991,0.0,True,False
498380,2025-12-13 02:20:00,72.23894522999487,565.3629619047618,493.12401666666665,10799.999999991,10799.999999991,0.0,True,False
498390,2025-12-13 02:30:00,78.00321427761398,568.229880952381,490.2266666666667,10799.999999991,10799.999999991,0.0,True,False
498400,2025-12-13 02:40:00,90.61817618237583,575.6874595238095,485.0692833333333,10799.999999991,10799.999999991,0.0,True,False
498410,2025-12-13 02:50:00,80.98868987285206,578.1770898809524,497.1884,10799.999999991,10799.999999991,0.0,True,False
498420,2025-12-13 03:00:00,67.14648808713784,575.2281547619048,508.0816666666666,10799.999999991,10799.999999991,0.0,True,False
498430,2025-12-13 03:10:00,94.325032729995,575.8808160714286,481.5557833333333,10799.999999991,10799.999999991,0.0,True,False
498440,2025-12-13 03:20:00,106.3726160633282,580.8086327380952,474.43601666666666,10799.999999991,10799.999999991,0.0,True,False
498450,2025-12-13 03:30:00,92.616071420471,587.7010714285714,495.08500000000004,10799.999999991,10799.999999991,0.0,True,False
498460,2025-12-13 03:40:00,97.39403332523293,593.4541833333333,496.06015,10799.999999991,10799.999999991,0.0,True,False
498470,2025-12-13 03:50:00,100.56774820618531,595.0293482142856,494.4616,10799.999999991,10799.999999991,0.0,True,False
498480,2025-12-13 04:00:00,90.55952380142347,593.4811904761905,502.9216666666667,10799.999999991,10799.999999991,0.0,True,False
498490,2025-12-13 04:10:00,78.62384701570917,592.7467803571428,514.1229333333333,10799.999999991,10799.999999991,0.0,True,False
498500,2025-12-13 04:20:00,66.15662439666161,592.2372910714286,526.0806666666666,10799.999999991,10799.999999991,0.0,True,False
498510,2025-12-13 04:30:00,67.1273809442807,595.1557142857143,528.0283333333333,10799.999999991,10799.999999991,0.0,True,False
498520,2025-12-13 04:40:00,94.56780058713761,604.834000595238,510.2662,10799.999999991,10799.999999991,0.0,True,False
498530,2025-12-13 04:50:00,99.29044403951869,606.1659273809523,506.8754833333333,10799.999999991,10799.999999991,0.0,True,False
498540,2025-12-13 05:00:00,80.19773808713782,600.2660714285714,520.0683333333333,10799.999999991,10799.999999991,0.0,True,False
498550,2025-12-13 05:10:00,82.7858339204712,603.3626839285714,520.5768499999999,10799.999999991,10799.999999991,0.0,True,False
498560,2025-12-13 05:20:00,84.7004940395187,608.4623107142856,523.7618166666666,10799.999999991,10799.999999991,0.0,True,False
498570,2025-12-13 05:30:00,69.28434522999484,599.4276785714285,530.1433333333333,10799.999999991,10799.999999991,0.0,True,False
498580,2025-12-13 05:40:00,52.91681189666148,580.6867952380952,527.7699833333334,10799.999999991,10799.999999991,0.0,True,False
498590,2025-12-13 05:50:00,86.99325237285208,644.5015023809524,557.50825,10799.999999991,10799.999999991,0.0,True,False
499140,2025-12-13 15:00:00,28.46522620047596,1481.0185595238095,619.22,8069.821500716926,8819.821500706925,749.99999999,False,True
499150,2025-12-13 15:10:00,40.908723224285374,1480.605889880952,606.3638333333333,8819.821500706925,9569.821500696924,749.9999999899999,False,True
499160,2025-12-13 15:20:00,53.197807152857074,1477.9734238095239,591.4422833333333,9569.821500696924,10319.821500687924,749.9999999910001,False,True
499170,2025-12-13 15:30:00,56.05284527759715,1174.276177836571,584.6916666666666,10319.821500687924,10799.99999999,480.1784993020764,True,False
499180,2025-12-13 15:40:00,47.871033324332394,636.0287333333331,588.1577,10799.99999999,10799.99999999,0.0,True,False
499190,2025-12-13 15:50:00,54.37981308623714,631.7768630952379,577.39705,10799.99999999,10799.99999999,0.0,True,False
499200,2025-12-13 16:00:00,333.72595237195173,900.0326190476189,566.3066666666666,10799.99999999,10799.99999999,0.0,True,False
499210,2025-12-13 16:10:00,313.8299559433802,902.3020726190475,588.4721166666666,10799.99999999,10799.99999999,0.0,True,False
499220,2025-12-13 16:20:00,320.7680785624279,901.8986119047618,581.1305333333332,10799.99999999,10799.99999999,0.0,True,False
499230,2025-12-13 16:30:00,336.8324999909993,900.6991666666665,563.8666666666666,10799.99999999,10799.99999999,0.0,True,False
499240,2025-12-13 16:40:00,296.82062380052315,903.5410404761906,606.7204166666667,10799.99999999,10799.99999999,0.0,True,False
499250,2025-12-13 16:50:00,324.4227476100469,887.8662476190475,563.4435,10799.99999999,10799.99999999,0.0,True,False
499260,2025-12-13 17:00:00,410.6223809433801,861.6973809523807,451.07499999999993,10799.99999999,10799.99999999,0.0,True,False
499270,2025-12-13 17:10:00,416.2312392767136,856.8820892857143,440.65085,10799.99999999,10799.99999999,0.0,True,False
499280,2025-12-13 17:20:00,402.72288213385656,852.2292821428573,449.5064,10799.99999999,10799.99999999,0.0,True,False
499290,2025-12-13 17:30:00,424.07767856242776,854.4610119047618,430.3833333333333,10799.99999999,10799.99999999,0.0,True,False
499300,2025-12-13 17:40:00,450.8479690386183,875.436219047619,424.58825,10799.99999999,10799.99999999,0.0,True,False
499310,2025-12-13 17:50:00,366.0678922529042,790.2809755952381,424.2130833333333,10799.99999999,10799.99999999,0.0,True,False
499320,2025-12-13 18:00:00,204.53607141957067,645.6210714285714,441.08500000000004,10799.99999999,10799.99999999,0.0,True,False
499560,2025-12-13 22:00:00,101.49261905761908,1336.317619047619,401.4916666666666,5573.295852531486,6323.295852522486,749.999999991,False,True
499570,2025-12-13 22:10:00,105.81449405761894,1326.6826107142856,387.53478333333334,6323.295852522486,7073.295852513485,749.999999991,False,True
499590,2025-12-13 22:30:00,117.27321429571417,1339.3615476190475,388.755,7177.300108575914,7927.300108566914,749.999999991,False,True
499600,2025-12-13 22:40:00,136.1763541766668,1339.8424375000002,370.33275000000003,7927.300108566914,8677.300108556914,749.99999999,False,True
499610,2025-12-13 22:50:00,123.14218096238095,1344.5499976190476,388.0744833333333,8677.300108556914,9427.300108546913,749.99999999,False,True
499620,2025-12-13 23:00:00,101.2042262004761,1350.949226190476,416.41166666666663,9427.300108546913,10177.300108536912,749.99999999,False,True
499630,2025-12-13 23:10:00,113.45654600339468,1191.5056142857143,386.1603,10177.300108536912,10799.999999991,622.6998914540876,True,False
499640,2025-12-13 23:20:00,960.2542380871379,1358.3403714285714,398.0861333333333,10799.999999991,10799.999999991,0.0,True,False
499650,2025-12-13 23:30:00,915.2060118966616,1355.216011904762,440.01,10799.999999991,10799.999999991,0.0,True,False
499660,2025-12-13 23:40:00,950.0245499918996,1360.4178499999998,410.3933,10799.999999991,10799.999999991,0.0,True,False
499670,2025-12-13 23:50:00,65.16877022999492,530.5245869047619,465.35581666666667,10799.999999991,10799.999999991,0.0,True,False
506890,2025-12-19 00:10:00,125.04159703380945,1369.9762636904761,411.60133333333334,8126.63630772507,8876.636307715069,749.99999999,False,True
506900,2025-12-19 00:20:00,115.72637679571436,1377.6797267857144,428.62001666666663,8876.636307715069,9626.636307706069,749.999999991,False,True
506970,2025-12-19 01:30:00,50.651046942700425,568.6590476190474,474.0816666666666,10760.466299382288,10799.999999991,39.53370060871238,True,False
506980,2025-12-19 01:40:00,115.28982142047104,565.2537047619047,449.96388333333334,10799.999999991,10799.999999991,0.0,True,False
506990,2025-12-19 01:50:00,96.59403034904241,567.2172970238094,470.6232666666666,10799.999999991,10799.999999991,0.0,True,False
507000,2025-12-19 02:00:00,47.59291665856629,578.1645833333332,530.5716666666666,10799.999999991,10799.999999991,0.0,True,False
507010,2025-12-19 02:10:00,76.38666903951875,579.0338357142857,502.64716666666664,10799.999999991,10799.999999991,0.0,True,False
507020,2025-12-19 02:20:00,104.1144047538044,578.3631714285714,474.24876666666665,10799.999999991,10799.999999991,0.0,True,False
507030,2025-12-19 02:30:00,91.75101189666154,581.8460119047619,490.095,10799.999999991,10799.999999991,0.0,True,False
507040,2025-12-19 02:40:00,82.31202915856622,585.7364291666665,503.4244,10799.999999991,10799.999999991,0.0,True,False
507050,2025-12-19 02:50:00,92.95921130142332,588.7932279761903,495.8340166666667,10799.999999991,10799.999999991,0.0,True,False
507060,2025-12-19 03:00:00,104.67523808713784,590.0252380952381,485.34999999999997,10799.999999991,10799.999999991,0.0,True,False
507070,2025-12-19 03:10:00,87.24687142047114,589.1812047619048,501.93433333333337,10799.999999991,10799.999999991,0.0,True,False
507080,2025-12-19 03:20:00,78.87104582523293,590.7671291666666,511.8960833333333,10799.999999991,10799.999999991,0.0,True,False
507090,2025-12-19 03:30:00,94.38464284904259,597.0779761904762,502.69333333333327,10799.999999991,10799.999999991,0.0,True,False
507100,2025-12-19 03:40:00,109.56769225380444,605.6499089285714,496.0822166666667,10799.999999991,10799.999999991,0.0,True,False
507110,2025-12-19 03:50:00,107.84948630142352,608.9861029761905,501.13661666666667,10799.999999991,10799.999999991,0.0,True,False
507120,2025-12-19 04:00:00,92.36619046809014,606.9995238095238,514.6333333333333,10799.999999991,10799.999999991,0.0,True,False
507130,2025-12-19 04:10:00,83.1264124918998,606.6959791666667,523.5695666666666,10799.999999991,10799.999999991,0.0,True,False
507140,2025-12-19 04:20:00,96.71523749189973,608.9643708333333,512.2491333333332,10799.999999991,10799.999999991,0.0,True,False
507150,2025-12-19 04:30:00,113.92869046809002,613.8486904761903,499.91999999999996,10799.999999991,10799.999999991,0.0,True,False
507160,2025-12-19 04:40:00,99.12237856332817,620.2856785714284,521.1632999999999,10799.999999991,10799.999999991,0.0,True,False
507170,2025-12-19 04:50:00,87.69506844428062,620.2220351190475,532.5269666666666,10799.999999991,10799.999999991,0.0,True,False
507180,2025-12-19 05:00:00,83.92113094428075,616.4877976190477,532.5666666666666,10799.999999991,10799.999999991,0.0,True,False
507190,2025-12-19 05:10:00,64.49256963475663,620.296669642857,555.8041,10799.999999991,10799.999999991,0.0,True,False
507200,2025-12-19 05:20:00,88.13040356332837,625.6696202380953,537.5392166666666,10799.999999991,10799.999999991,0.0,True,False
507210,2025-12-19 05:30:00,127.46291665856629,618.3279166666666,490.865,10799.999999991,10799.999999991,0.0,True,False
507220,2025-12-19 05:40:00,933.5951196347569,1436.0874863095237,502.49236666666667,10799.999999991,10799.999999991,0.0,True,False
507230,2025-12-19 05:50:00,126.21978808713774,667.308338095238,541.0885499999999,10799.999999991,10799.999999991,0.0,True,False
507780,2025-12-19 15:00:00,5.553869057618946,1474.8555357142857,635.9683333333332,7753.2178800777765,8503.217880067776,749.99999999,False,True
507790,2025-12-19 15:10:00,17.48349703380938,1471.2089636904761,620.3921333333333,8503.217880067776,9253.21787999,749.9999999222244,False,True
507800,2025-12-19 15:20:00,33.805470248095496,1468.2014702380955,601.0626666666667,9253.21787999,10003.217879979999,749.99999999,False,True
507810,2025-12-19 15:30:00,19.3961309623811,1467.5744642857144,614.845,10003.217879979999,10753.217879970998,749.999999991,False,True
507830,2025-12-19 15:50:00,37.765132111744265,649.5438422619047,593.40275,10783.461635854856,10799.99999999,16.53836413514444,True,False
507840,2025-12-19 16:00:00,346.62940475290407,903.207738095238,556.5783333333333,10799.99999999,10799.99999999,0.0,True,False
507850,2025-12-19 16:10:00,333.91049106242804,904.2709077380953,570.3604166666667,10799.99999999,10799.99999999,0.0,True,False
507860,2025-12-19 16:20:00,315.6543702290944,901.5487869047618,585.8944166666666,10799.99999999,10799.99999999,0.0,True,False
507870,2025-12-19 16:30:00,307.55845237195183,899.5067857142858,591.9483333333333,10799.99999999,10799.99999999,0.0,True,False
507880,2025-12-19 16:40:00,295.5895083243326,907.6585916666666,612.0690833333333,10799.99999999,10799.99999999,0.0,True,False
507890,2025-12-19 16:50:00,335.3056089195707,890.9519589285715,555.64635,10799.99999999,10799.99999999,0.0,True,False
507900,2025-12-19 17:00:00,399.67380951480874,859.1121428571428,459.43833333333333,10799.99999999,10799.99999999,0.0,True,False
507910,2025-12-19 17:10:00,396.762078562428,857.987311904762,461.22523333333334,10799.99999999,10799.99999999,0.0,True,False
507920,2025-12-19 17:20:00,375.8124160624279,855.9308827380953,480.1184666666666,10799.99999999,10799.99999999,0.0,True,False
507930,2025-12-19 17:30:00,392.7717857052851,856.5484523809524,463.77666666666664,10799.99999999,10799.99999999,0.0,True,False
507940,2025-12-19 17:40:00,433.9876845148086,878.5965678571426,444.6088833333333,10799.99999999,10799.99999999,0.0,True,False
507950,2025-12-19 17:50:00,338.15470832433243,790.1756416666665,452.0209333333333,10799.99999999,10799.99999999,0.0,True,False
507960,2025-12-19 18:00:00,179.75904761004685,642.0090476190476,462.25,10799.99999999,10799.99999999,0.0,True,False
508200,2025-12-19 22:00:00,136.83982143857145,1338.9314880952381,368.7583333333333,5554.771016797362,6304.7710167883615,749.999999991,False,True
508210,2025-12-19 22:10:00,129.45191608142864,1331.1376327380954,368.35238333333336,6304.7710167883615,7054.771016779361,749.999999991,False,True
508230,2025-12-19 22:30:00,85.71202381952376,1337.8270238095238,418.78166666666664,7156.073551056075,7906.073551047075,749.999999991,False,True
508240,2025-12-19 22:40:00,96.71629227190486,1340.1611255952382,410.1115,7906.073551047075,8656.073551037074,749.99999999,False,True
508250,2025-12-19 22:50:00,105.04071727190488,1346.1829005952382,407.80884999999995,8656.073551037074,9406.073551027073,749.99999999,False,True
508260,2025-12-19 23:00:00,91.53053572428551,1351.5905357142856,426.7266666666667,9406.073551027073,10156.073551018073,749.999999991,False,True
508270,2025-12-19 23:10:00,33.67722852214478,1193.7533940476192,444.6023333333333,10156.073551018073,10799.999999991,643.926448972927,True,False
508280,2025-12-19 23:20:00,939.6618904680904,1363.232473809524,423.5705833333333,10799.999999991,10799.999999991,0.0,True,False
508290,2025-12-19 23:30:00,962.6162499919,1361.3179166666669,398.70166666666665,10799.999999991,10799.999999991,0.0,True,False
508300,2025-12-19 23:40:00,926.1492011823759,1365.5325345238095,439.3833333333333,10799.999999991,10799.999999991,0.0,True,False
508310,2025-12-19 23:50:00,83.25943153951866,535.182781547619,451.92335,10799.999999991,10799.999999991,0.0,True,False
508320,2025-12-20 00:00:00,106.9298809442806,534.7082142857142,427.7783333333333,10799.999999991,10799.999999991,0.0,True,False
508330,2025-12-20 00:10:00,89.44551963475678,537.2500029761904,447.80448333333334,10799.999999991,10799.999999991,0.0,True,False
508340,2025-12-20 00:20:00,96.75084582523297,544.4597458333333,447.70889999999997,10799.999999991,10799.999999991,0.0,True,False
508350,2025-12-20 00:30:00,127.75785713475696,550.8711904761906,423.1133333333333,10799.999999991,10799.999999991,0.0,True,False
508360,2025-12-20 00:40:00,108.89629522999488,549.8449785714286,440.94868333333335,10799.999999991,10799.999999991,0.0,True,False
508370,2025-12-20 00:50:00,87.90962856332825,552.4825785714286,464.57295,10799.999999991,10799.999999991,0.0,True,False
508380,2025-12-20 01:00:00,90.49124999189965,556.58125,466.09,10799.999999991,10799.999999991,0.0,True,False
508390,2025-12-20 01:10:00,95.40687796809001,550.807994642857,455.40111666666667,10799.999999991,10799.999999991,0.0,True,False
508400,2025-12-20 01:20:00,106.3950309442807,556.983480952381,450.58844999999997,10799.999999991,10799.999999991,0.0,True,False
508410,2025-12-20 01:30:00,102.72720237285196,570.4222023809523,467.695,10799.999999991,10799.999999991,0.0,True,False
508420,2025-12-20 01:40:00,59.55200772999488,565.0666910714285,505.5146833333333,10799.999999991,10799.999999991,0.0,True,False
508430,2025-12-20 01:50:00,55.97651368237596,567.6861303571429,511.70961666666665,10799.999999991,10799.999999991,0.0,True,False
508440,2025-12-20 02:00:00,89.52565475380433,581.1823214285713,491.65666666666664,10799.999999991,10799.999999991,0.0,True,False
508450,2025-12-20 02:10:00,81.20819820618541,580.6787148809524,499.47051666666664,10799.999999991,10799.999999991,0.0,True,False
508460,2025-12-20 02:20:00,75.41129046809007,579.309857142857,503.8985666666666,10799.999999991,10799.999999991,0.0,True,False
508470,2025-12-20 02:30:00,98.05351189666166,583.9801785714286,485.9266666666666,10799.999999991,10799.999999991,0.0,True,False
508480,2025-12-20 02:40:00,123.29289522999485,587.2983452380952,464.00545,10799.999999991,10799.999999991,0.0,True,False
508490,2025-12-20 02:50:00,121.98896903951865,589.219619047619,467.23064999999997,10799.999999991,10799.999999991,0.0,True,False
508500,2025-12-20 03:00:00,104.48541665856621,590.6120833333332,486.12666666666667,10799.999999991,10799.999999991,0.0,True,False
508510,2025-12-20 03:10:00,106.77227618237598,591.488042857143,484.7157666666667,10799.999999991,10799.999999991,0.0,True,False
508520,2025-12-20 03:20:00,109.85110177761393,592.893418452381,483.0423166666667,10799.999999991,10799.999999991,0.0,True,False
508530,2025-12-20 03:30:00,113.33916665856631,597.3225,483.98333333333335,10799.999999991,10799.999999991,0.0,True,False
508540,2025-12-20 03:40:00,131.42395296809022,605.8725029761905,474.44854999999995,10799.999999991,10799.999999991,0.0,True,False
508550,2025-12-20 03:50:00,109.42303987285206,609.8081898809523,500.38514999999995,10799.999999991,10799.999999991,0.0,True,False
508560,2025-12-20 04:00:00,67.16196427761392,608.5536309523809,541.3916666666667,10799.999999991,10799.999999991,0.0,True,False
508570,2025-12-20 04:10:00,80.24453689666174,609.8756035714287,529.6310666666666,10799.999999991,10799.999999991,0.0,True,False
508580,2025-12-20 04:20:00,83.02064463475685,612.5392446428572,529.5186,10799.999999991,10799.999999991,0.0,True,False
508590,2025-12-20 04:30:00,63.97357142047108,616.3335714285713,552.3599999999999,10799.999999991,10799.999999991,0.0,True,False
508600,2025-12-20 04:40:00,80.13102677761387,622.2073267857141,542.0763,10799.999999991,10799.999999991,0.0,True,False
508610,2025-12-20 04:50:00,101.8641446347568,622.705944642857,520.8417999999999,10799.999999991,10799.999999991,0.0,True,False
508620,2025-12-20 05:00:00,99.66047618237596,620.1171428571429,520.4566666666666,10799.999999991,10799.999999991,0.0,True,False
508630,2025-12-20 05:10:00,77.5291041585662,624.4110041666665,546.8819,10799.999999991,10799.999999991,0.0,True,False
508640,2025-12-20 05:20:00,79.27598392047102,628.6736839285713,549.3977,10799.999999991,10799.999999991,0.0,True,False
508650,2025-12-20 05:30:00,85.81684522999498,619.5485119047619,533.7316666666666,10799.999999991,10799.999999991,0.0,True,False
508660,2025-12-20 05:40:00,56.71947618237588,603.7058428571429,546.9863666666666,10799.999999991,10799.999999991,0.0,True,False
508670,2025-12-20 05:50:00,144.7893160633283,669.6135660714285,524.8242499999999,10799.999999991,10799.999999991,0.0,True,False
509220,2025-12-20 15:00:00,36.924552390952265,1482.5028857142856,612.2449999999999,7724.051640078889,8474.051640068888,749.9999999899999,False,True
509230,2025-12-20 15:10:00,4.77300298619081,1479.088936309524,640.9825999999999,8474.051640068888,9224.051639989997,749.9999999211094,False,True
509240,2025-12-20 15:20:00,33.264101200476595,1469.5054345238098,602.9079999999999,9224.051639989997,9974.051639980997,749.999999991,False,True
509250,2025-12-20 15:30:00,103.03976191476191,1468.5080952380954,532.135,9974.051639980997,10724.051639971996,749.999999991,False,True
509260,2025-12-20 15:40:00,52.67319521698004,684.9933452380952,547.9330833333333,10724.051639971996,10799.999999991,75.94836001900366,True,False
509270,2025-12-20 15:50:00,88.61608272999459,677.2361160714283,588.6200333333334,10799.999999991,10799.999999991,0.0,True,False
509280,2025-12-20 16:00:00,296.59851189666176,901.7951785714287,605.1966666666666,10799.999999991,10799.999999991,0.0,True,False
509290,2025-12-20 16:10:00,296.6177779680901,904.4632113095237,607.8454333333333,10799.999999991,10799.999999991,0.0,True,False
509300,2025-12-20 16:20:00,297.5608934442806,903.4860434523808,605.92515,10799.999999991,10799.999999991,0.0,True,False
509310,2025-12-20 16:30:00,295.74315475380433,901.2631547619046,605.52,10799.999999991,10799.999999991,0.0,True,False
509320,2025-12-20 16:40:00,312.61768034904236,909.2646470238094,596.6469666666667,10799.999999991,10799.999999991,0.0,True,False
509330,2025-12-20 16:50:00,371.94217201570945,892.1576886904763,520.2155166666666,10799.999999991,10799.999999991,0.0,True,False
509340,2025-12-20 17:00:00,429.787857134757,859.6978571428573,429.90999999999997,10799.999999991,10799.999999991,0.0,True,False
509350,2025-12-20 17:10:00,410.10062320618545,858.489956547619,448.3893333333333,10799.999999991,10799.999999991,0.0,True,False
509360,2025-12-20 17:20:00,378.2507886823758,856.8396386904761,478.58885,10799.999999991,10799.999999991,0.0,True,False
509370,2025-12-20 17:30:00,388.4417261823759,857.4750595238095,469.0333333333333,10799.999999991,10799.999999991,0.0,True,False
509380,2025-12-20 17:40:00,419.25107022999475,878.362470238095,459.1114,10799.999999991,10799.999999991,0.0,True,False
509390,2025-12-20 17:50:00,344.55674761094735,789.5228642857143,444.9661166666666,10799.999999991,10799.999999991,0.0,True,False
509400,2025-12-20 18:00:00,211.00529761094734,641.7469642857143,430.7416666666666,10799.999999991,10799.999999991,0.0,True,False
509640,2025-12-20 22:00:00,77.42839286714273,1338.8600595238095,428.09833333333336,5648.023646282489,6398.023646273488,749.999999991,False,True
509650,2025-12-20 22:10:00,88.57462381952381,1331.1245571428572,409.21659999999997,6398.023646273488,7148.023646264488,749.999999991,False,True
509670,2025-12-20 22:30:00,105.87702381952396,1338.8836904761906,399.6733333333333,7245.721929648345,7995.7219296383455,749.99999999,False,True
509680,2025-12-20 22:40:00,100.9101952480954,1340.0356452380954,405.79211666666663,7995.7219296383455,8745.721929628346,749.99999999,False,True
509690,2025-12-20 22:50:00,77.92132500999979,1345.9291749999998,434.6745166666666,8745.721929628346,9495.721929618345,749.99999999,False,True
509700,2025-12-20 23:00:00,64.9033333433333,1352.7316666666666,454.49499999999995,9495.721929618345,10245.721929609344,749.999999991,False,True
509710,2025-12-20 23:10:00,160.62363032990663,1195.3838196428571,418.8956666666666,10245.721929609344,10799.999999991,554.2780703816555,True,False
509720,2025-12-20 23:20:00,964.7680053490426,1364.2097886904762,399.4417833333333,10799.999999991,10799.999999991,0.0,True,False
509730,2025-12-20 23:30:00,953.6605357061854,1361.4905357142857,407.83,10799.999999991,10799.999999991,0.0,True,False
509740,2025-12-20 23:40:00,966.6125446347567,1366.0013779761903,399.3888333333333,10799.999999991,10799.999999991,0.0,True,False
509750,2025-12-20 23:50:00,79.37181249189959,536.7519291666665,457.3801166666666,10799.999999991,10799.999999991,0.0,True,False
516970,2025-12-26 00:10:00,133.5648964385714,1378.7003964285714,411.80216666666666,8304.98596720285,9054.98596719285,749.99999999,False,True
516980,2025-12-26 00:20:00,84.37077500999997,1385.1230916666666,467.4189833333333,9054.98596719285,9804.98596718385,749.999999991,False,True
517050,2025-12-26 01:30:00,68.33278325221904,578.1520238095237,461.3433333333333,10756.371683489426,10799.999999991,43.628316501574226,True,False
517060,2025-12-26 01:40:00,89.21494642047102,574.5926964285713,485.37775,10799.999999991,10799.999999991,0.0,True,False
517070,2025-12-26 01:50:00,88.78317737285218,578.8540773809525,490.0709,10799.999999991,10799.999999991,0.0,True,False
517080,2025-12-26 02:00:00,115.61952380142347,592.3861904761904,476.76666666666665,10799.999999991,10799.999999991,0.0,True,False
517090,2025-12-26 02:10:00,109.58792439666158,595.0738744047619,485.48595,10799.999999991,10799.999999991,0.0,True,False
517100,2025-12-26 02:20:00,90.6925660633282,591.5960494047619,500.9034833333333,10799.999999991,10799.999999991,0.0,True,False
517110,2025-12-26 02:30:00,82.57505951570911,591.5300595238094,508.955,10799.999999991,10799.999999991,0.0,True,False
517120,2025-12-26 02:40:00,89.86934642047115,598.6207964285715,508.75145,10799.999999991,10799.999999991,0.0,True,False
517130,2025-12-26 02:50:00,110.01697737285221,600.4681440476191,490.4511666666666,10799.999999991,10799.999999991,0.0,True,False
517140,2025-12-26 03:00:00,132.2696428490424,598.017976190476,465.7483333333333,10799.999999991,10799.999999991,0.0,True,False
517150,2025-12-26 03:10:00,136.92383927761395,603.848905952381,466.9250666666667,10799.999999991,10799.999999991,0.0,True,False
517160,2025-12-26 03:20:00,98.13118987285193,608.2185732142856,510.0873833333333,10799.999999991,10799.999999991,0.0,True,False
517170,2025-12-26 03:30:00,64.78470237285202,609.4097023809524,544.625,10799.999999991,10799.999999991,0.0,True,False
517180,2025-12-26 03:40:00,115.00843630142353,616.2634863095238,501.25505,10799.999999991,10799.999999991,0.0,True,False
517190,2025-12-26 03:50:00,143.8506803490425,624.7166136904762,480.8659333333333,10799.999999991,10799.999999991,0.0,True,False
517200,2025-12-26 04:00:00,109.44863094428067,628.378630952381,518.93,10799.999999991,10799.999999991,0.0,True,False
517210,2025-12-26 04:10:00,77.11904165856626,625.1598916666666,548.04085,10799.999999991,10799.999999991,0.0,True,False
517220,2025-12-26 04:20:00,98.51418213475674,625.5270488095238,527.0128666666667,10799.999999991,10799.999999991,0.0,True,False
517230,2025-12-26 04:30:00,138.72351189666156,632.9618452380952,494.2383333333333,10799.999999991,10799.999999991,0.0,True,False
517240,2025-12-26 04:40:00,118.01176487285201,640.233181547619,522.2214166666666,10799.999999991,10799.999999991,0.0,True,False
517250,2025-12-26 04:50:00,101.93107737285206,638.4144940476191,536.4834166666667,10799.999999991,10799.999999991,0.0,True,False
517260,2025-12-26 05:00:00,120.93238094428065,634.3307142857143,513.3983333333333,10799.999999991,10799.999999991,0.0,True,False
517270,2025-12-26 05:10:00,137.164270229995,642.9024535714286,505.73818333333327,10799.999999991,10799.999999991,0.0,True,False
517280,2025-12-26 05:20:00,129.6202357061854,647.649919047619,518.0296833333333,10799.999999991,10799.999999991,0.0,True,False
517290,2025-12-26 05:30:00,99.59547618237602,634.8438095238096,535.2483333333332,10799.999999991,10799.999999991,0.0,True,False
517300,2025-12-26 05:40:00,914.0125083252333,1453.447325,539.4348166666666,10799.999999991,10799.999999991,0.0,True,False
517310,2025-12-26 05:50:00,159.16151606332832,687.0441160714286,527.8825999999999,10799.999999991,10799.999999991,0.0,True,False
517860,2025-12-26 15:00:00,51.915647629047605,1512.7023142857142,627.4533333333333,7552.906495515124,8302.906495505124,749.99999999,False,True
517870,2025-12-26 15:10:00,81.96081846238108,1509.0108517857145,593.7167,8302.906495505124,9052.906495495123,749.99999999,False,True
517880,2025-12-26 15:20:00,82.81976310523838,1504.1980630952382,588.0449666666666,9052.906495495123,9802.906495485122,749.99999999,False,True
517890,2025-12-26 15:30:00,50.72665953380976,1503.0399928571433,618.98,9802.906495485122,10552.906495476122,749.9999999910001,False,True
517900,2025-12-26 15:40:00,43.634316045495204,932.0365043953602,613.85385,10552.906495476122,10799.999999991,247.09350451487842,True,False
517910,2025-12-26 15:50:00,83.34019403951865,666.9722773809523,583.6320833333333,10799.999999991,10799.999999991,0.0,True,False
517920,2025-12-26 16:00:00,337.1445833252329,906.3262499999998,569.1816666666666,10799.999999991,10799.999999991,0.0,True,False
517930,2025-12-26 16:10:00,311.370044634757,907.1386946428572,595.76865,10799.999999991,10799.999999991,0.0,True,False
517940,2025-12-26 16:20:00,306.00577618237594,904.8353928571429,598.8296166666667,10799.999999991,10799.999999991,0.0,True,False
517950,2025-12-26 16:30:00,318.8724404680902,902.5291071428571,583.6566666666666,10799.999999991,10799.999999991,0.0,True,False
517960,2025-12-26 16:40:00,306.77830713475703,909.6774571428573,602.89915,10799.999999991,10799.999999991,0.0,True,False
517970,2025-12-26 16:50:00,353.60561368237586,891.8480136904761,538.2424,10799.999999991,10799.999999991,0.0,True,False
517980,2025-12-26 17:00:00,424.0638095157093,861.0838095238096,437.02,10799.999999991,10799.999999991,0.0,True,False
517990,2025-12-26 17:10:00,395.52231368237597,864.8619803571429,469.33966666666663,10799.999999991,10799.999999991,0.0,True,False
518000,2025-12-26 17:20:00,395.71797022999493,864.5461535714286,468.8281833333333,10799.999999991,10799.999999991,0.0,True,False
518010,2025-12-26 17:30:00,450.35333332523294,861.4683333333332,411.115,10799.999999991,10799.999999991,0.0,True,False
518020,2025-12-26 17:40:00,440.0565678490427,879.041767857143,438.98519999999996,10799.999999991,10799.999999991,0.0,True,False
518030,2025-12-26 17:50:00,333.72074999189965,789.9587833333333,456.2380333333333,10799.999999991,10799.999999991,0.0,True,False
518040,2025-12-26 18:00:00,201.18553570618533,644.103869047619,442.91833333333335,10799.999999991,10799.999999991,0.0,True,False
518280,2025-12-26 22:00:00,121.59785715285715,1342.297857142857,387.3666666666666,5920.869973233546,6670.869973224546,749.999999991,False,True
518290,2025-12-26 22:10:00,99.38402679571423,1332.561893452381,399.8445333333333,6670.869973224546,7420.8699732155455,749.999999991,False,True
518310,2025-12-26 22:30:00,107.28321429571427,1339.099880952381,398.48333333333335,7515.5276103494025,8265.527610339403,749.99999999,False,True
518320,2025-12-26 22:40:00,88.86226072428586,1341.3717273809525,419.17613333333327,8265.527610339403,9015.527610330402,749.999999991,False,True
518330,2025-12-26 22:50:00,105.97426548619033,1350.371782142857,411.0641833333333,9015.527610330402,9765.527610321402,749.999999991,False,True
518340,2025-12-26 23:00:00,142.15101191476185,1357.9110119047618,382.4266666666666,9765.527610321402,10515.527610312402,749.999999991,False,True
518350,2025-12-26 23:10:00,473.77335273806534,1193.3467357142858,403.49294999999995,10515.527610312402,10799.999999991,284.47238967859846,True,False
518360,2025-12-26 23:20:00,938.0124523728521,1360.271869047619,422.25941666666665,10799.999999991,10799.999999991,0.0,True,False
518370,2025-12-26 23:30:00,952.786071420471,1363.9494047619046,411.1633333333333,10799.999999991,10799.999999991,0.0,True,False
518380,2025-12-26 23:40:00,974.1194624918998,1372.7040458333333,398.58458333333334,10799.999999991,10799.999999991,0.0,True,False
518390,2025-12-26 23:50:00,131.52937915856623,541.9360791666666,410.4067,10799.999999991,10799.999999991,0.0,True,False
518400,2025-12-27 00:00:00,118.19797618237592,539.9396428571429,421.7416666666666,10799.999999991,10799.999999991,0.0,True,False
518410,2025-12-27 00:10:00,156.33386844428045,546.0329017857141,389.6990333333333,10799.999999991,10799.999999991,0.0,True,False
518420,2025-12-27 00:20:00,159.58857558713768,552.7763089285713,393.1877333333333,10799.999999991,10799.999999991,0.0,True,False
518430,2025-12-27 00:30:00,110.57619046809018,554.4478571428572,443.87166666666667,10799.999999991,10799.999999991,0.0,True,False
518440,2025-12-27 00:40:00,85.4191595157092,553.4403261904762,468.02116666666666,10799.999999991,10799.999999991,0.0,True,False
518450,2025-12-27 00:50:00,110.7381208252331,556.5237375,445.7856166666666,10799.999999991,10799.999999991,0.0,True,False
518460,2025-12-27 01:00:00,133.45297618237575,562.1146428571427,428.66166666666663,10799.999999991,10799.999999991,0.0,True,False
518470,2025-12-27 01:10:00,83.73380475380443,563.4905047619047,479.75669999999997,10799.999999991,10799.999999991,0.0,True,False
518480,2025-12-27 01:20:00,82.11180653951882,570.1201565476191,488.00834999999995,10799.999999991,10799.999999991,0.0,True,False
518490,2025-12-27 01:30:00,130.94839284904245,578.8050595238094,447.8566666666666,10799.999999991,10799.999999991,0.0,True,False
518500,2025-12-27 01:40:00,116.15942618237577,577.1437261904761,460.98429999999996,10799.999999991,10799.999999991,0.0,True,False
518510,2025-12-27 01:50:00,118.59744463475684,582.1593446428571,463.5619,10799.999999991,10799.999999991,0.0,True,False
518520,2025-12-27 02:00:00,150.68577380142355,594.8374404761905,444.15166666666664,10799.999999991,10799.999999991,0.0,True,False
518530,2025-12-27 02:10:00,136.86486963475673,597.7860863095237,460.9212166666667,10799.999999991,10799.999999991,0.0,True,False
518540,2025-12-27 02:20:00,122.88786427761383,594.4267642857142,471.5389,10799.999999991,10799.999999991,0.0,True,False
518550,2025-12-27 02:30:00,124.09696427761381,593.8419642857141,469.74499999999995,10799.999999991,10799.999999991,0.0,True,False
518560,2025-12-27 02:40:00,109.91262618237576,600.7887595238094,490.8761333333333,10799.999999991,10799.999999991,0.0,True,False
518570,2025-12-27 02:50:00,112.30626844428068,602.6816351190477,490.37536666666665,10799.999999991,10799.999999991,0.0,True,False
518580,2025-12-27 03:00:00,135.22458332523306,599.7345833333334,464.51,10799.999999991,10799.999999991,0.0,True,False
518590,2025-12-27 03:10:00,142.3268529680902,604.4477363095239,462.1208833333333,10799.999999991,10799.999999991,0.0,True,False
518600,2025-12-27 03:20:00,115.05735475380433,610.2628214285713,495.20546666666667,10799.999999991,10799.999999991,0.0,True,False
518610,2025-12-27 03:30:00,75.23279761094724,613.5477976190475,538.3149999999999,10799.999999991,10799.999999991,0.0,True,False
518620,2025-12-27 03:40:00,68.11312558713777,618.0417422619047,549.9286166666666,10799.999999991,10799.999999991,0.0,True,False
518630,2025-12-27 03:50:00,90.6895738014235,625.2116904761905,534.5221166666666,10799.999999991,10799.999999991,0.0,True,False
518640,2025-12-27 04:00:00,120.9758928490426,630.4108928571429,509.435,10799.999999991,10799.999999991,0.0,True,False
518650,2025-12-27 04:10:00,133.20605892047107,627.706625595238,494.50056666666666,10799.999999991,10799.999999991,0.0,True,False
518660,2025-12-27 04:20:00,114.31173094428058,627.4443976190475,513.1326666666666,10799.999999991,10799.999999991,0.0,True,False
518670,2025-12-27 04:30:00,93.91363094428058,634.6686309523809,540.755,10799.999999991,10799.999999991,0.0,True,False
518680,2025-12-27 04:40:00,115.06411844428064,643.2632851190476,528.1991666666667,10799.999999991,10799.999999991,0.0,True,False
518690,2025-12-27 04:50:00,119.98540237285212,641.1113023809525,521.1259,10799.999999991,10799.999999991,0.0,True,False
518700,2025-12-27 05:00:00,98.40107142047097,635.5894047619046,537.1883333333333,10799.999999991,10799.999999991,0.0,True,False
518710,2025-12-27 05:10:00,98.99557261094733,645.3345892857142,546.3390166666666,10799.999999991,10799.999999991,0.0,True,False
518720,2025-12-27 05:20:00,113.67991249189967,651.0856125,537.4057,10799.999999991,10799.999999991,0.0,True,False
518730,2025-12-27 05:30:00,118.29994046809028,638.0316071428572,519.7316666666666,10799.999999991,10799.999999991,0.0,True,False
518740,2025-12-27 05:40:00,111.0302226109473,623.3372059523809,512.3069833333333,10799.999999991,10799.999999991,0.0,True,False
518750,2025-12-27 05:50:00,177.21408213475692,689.2169488095238,512.0028666666666,10799.999999991,10799.999999991,0.0,True,False
519300,2025-12-27 15:00:00,77.76754286714286,1513.6192095238098,602.5183333333333,7793.033189855184,8543.033189846185,749.9999999910001,False,True
519310,2025-12-27 15:10:00,42.92767500999991,1508.6375916666666,632.3765833333333,8543.033189846185,9293.033189836184,749.99999999,False,True
519320,2025-12-27 15:20:00,30.293832152857355,1503.5506654761907,639.9235,9293.033189836184,10043.033189827183,749.9999999910001,False,True
519330,2025-12-27 15:30:00,71.27297167355128,1503.6079716635516,599.0016666666667,10043.033189827183,10793.033189818183,749.9999999910001,False,True
519340,2025-12-27 15:40:00,91.40195576036214,671.8414726190476,572.6986166666666,10793.033189818183,10799.999999991,6.966810172816983,True,False
519350,2025-12-27 15:50:00,91.37165356332841,663.6529035714287,572.28125,10799.999999991,10799.999999991,0.0,True,False
519360,2025-12-27 16:00:00,319.3498809442805,906.3598809523808,587.01,10799.999999991,10799.999999991,0.0,True,False
519370,2025-12-27 16:10:00,310.26372022999516,907.535986904762,597.2722666666666,10799.999999991,10799.999999991,0.0,True,False
519380,2025-12-27 16:20:00,323.0425517776141,904.945068452381,581.9025166666667,10799.999999991,10799.999999991,0.0,True,False
519390,2025-12-27 16:30:00,332.21869046809024,902.2086904761906,569.99,10799.999999991,10799.999999991,0.0,True,False
519400,2025-12-27 16:40:00,311.0364416585665,911.1722083333334,600.1357666666667,10799.999999991,10799.999999991,0.0,True,False
519410,2025-12-27 16:50:00,338.47322975380416,893.2562797619045,554.78305,10799.999999991,10799.999999991,0.0,True,False
519420,2025-12-27 17:00:00,401.6124999918996,860.8041666666666,459.19166666666666,10799.999999991,10799.999999991,0.0,True,False
519430,2025-12-27 17:10:00,401.71202320618534,865.5588232142857,463.84680000000003,10799.999999991,10799.999999991,0.0,True,False
519440,2025-12-27 17:20:00,371.33753987285206,864.8111065476189,493.4735666666666,10799.999999991,10799.999999991,0.0,True,False
519450,2025-12-27 17:30:00,377.7662499918998,860.0295833333334,482.2633333333333,10799.999999991,10799.999999991,0.0,True,False
519460,2025-12-27 17:40:00,432.88905177761404,878.9622851190477,446.07323333333335,10799.999999991,10799.999999991,0.0,True,False
519470,2025-12-27 17:50:00,338.55282320618556,790.2568732142859,451.70404999999994,10799.999999991,10799.999999991,0.0,True,False
519480,2025-12-27 18:00:00,158.57249999189904,643.7908333333327,485.2183333333333,10799.999999991,10799.999999991,0.0,True,False
519720,2025-12-27 22:00:00,132.20773810523815,1343.5260714285714,377.98499999999996,5775.104356540424,6525.104356531424,749.999999991,False,True
519730,2025-12-27 22:10:00,140.2069577480952,1333.8062577380952,360.26596666666666,6525.104356531424,7275.104356522424,749.999999991,False,True
519750,2025-12-27 22:30:00,83.54803572428567,1341.1147023809524,424.23333333333335,7390.868944727709,8140.868944717709,749.99999999,False,True
519760,2025-12-27 22:40:00,70.6199392957145,1342.6075226190478,438.65424999999993,8140.868944717709,8890.868944708709,749.999999991,False,True
519770,2025-12-27 22:50:00,96.11487441476184,1350.5511244047618,421.1029166666666,8890.868944708709,9640.868944699709,749.999999991,False,True
519780,2025-12-27 23:00:00,132.72958334333327,1357.71625,391.6533333333333,9640.868944699709,10390.868944690708,749.999999991,False,True
519790,2025-12-27 23:10:00,355.24432665046965,1193.6232047619048,383.78881666666666,10390.868944690708,10799.999999991,409.1310553002917,True,False
519800,2025-12-27 23:20:00,955.8444517776143,1361.5213851190479,405.6769333333333,10799.999999991,10799.999999991,0.0,True,False
519810,2025-12-27 23:30:00,943.2015476109474,1365.5282142857143,422.32666666666665,10799.999999991,10799.999999991,0.0,True,False
519820,2025-12-27 23:40:00,973.4553970157094,1372.9804136904763,399.5250166666666,10799.999999991,10799.999999991,0.0,True,False
519830,2025-12-27 23:50:00,95.24972022999489,541.5267535714286,446.27703333333335,10799.999999991,10799.999999991,0.0,True,False
